"season","week","team","opponent","position","matchup_score","matchup_percentile","source","source_updated_at","data_version","freshness"
2025,1,"ARI","NO","QB",0.1613,0.580645161290323,"nflverse (nflreadr::load_player_stats fantasy_points_ppr allowed-by-position, percentile-normalized) + nflreadr::load_schedules","2026-09-04 19:52:15.600932","ri-schedule-weekly-2026.1","CURRENT"
2025,1,"ARI","NO","RB",0.2258,0.612903225806452,"nflverse (nflreadr::load_player_stats fantasy_points_ppr allowed-by-position, percentile-normalized) + nflreadr::load_schedules","2026-09-04 19:52:15.600932","ri-schedule-weekly-2026.1","CURRENT"
2025,1,"ARI","NO","TE",0.4839,0.741935483870968,"nflverse (nflreadr::load_player_stats fantasy_points_ppr allowed-by-position, percentile-normalized) + nflreadr::load_schedules","2026-09-04 19:52:15.600932","ri-schedule-weekly-2026.1","CURRENT"
2025,1,"ARI","NO","WR",-0.5484,0.225806451612903,"nflverse (nflreadr::load_player_stats fantasy_points_ppr allowed-by-position, percentile-normalized) + nflreadr::load_schedules","2026-09-04 19:52:15.600932","ri-schedule-weekly-2026.1","CURRENT"
2025,1,"ATL","TB","QB",0.4194,0.709677419354839,"nflverse (nflreadr::load_player_stats fantasy_points_ppr allowed-by-position, percentile-normalized) + nflreadr::load_schedules","2026-09-04 19:52:15.600932","ri-schedule-weekly-2026.1","CURRENT"
2025,1,"ATL","TB","RB",0.871,0.935483870967742,"nflverse (nflreadr::load_player_stats fantasy_points_ppr allowed-by-position, percentile-normalized) + nflreadr::load_schedules","2026-09-04 19:52:15.600932","ri-schedule-weekly-2026.1","CURRENT"
2025,1,"ATL","TB","TE",0.2258,0.612903225806452,"nflverse (nflreadr::load_player_stats fantasy_points_ppr allowed-by-position, percentile-normalized) + nflreadr::load_schedules","2026-09-04 19:52:15.600932","ri-schedule-weekly-2026.1","CURRENT"
2025,1,"ATL","TB","WR",-0.1613,0.419354838709677,"nflverse (nflreadr::load_player_stats fantasy_points_ppr allowed-by-position, percentile-normalized) + nflreadr::load_schedules","2026-09-04 19:52:15.600932","ri-schedule-weekly-2026.1","CURRENT"
2025,1,"BAL","BUF","QB",0.8065,0.903225806451613,"nflverse (nflreadr::load_player_stats fantasy_points_ppr allowed-by-position, percentile-normalized) + nflreadr::load_schedules","2026-09-04 19:52:15.600932","ri-schedule-weekly-2026.1","CURRENT"
2025,1,"BAL","BUF","RB",1,1,"nflverse (nflreadr::load_player_stats fantasy_points_ppr allowed-by-position, percentile-normalized) + nflreadr::load_schedules","2026-09-04 19:52:15.600932","ri-schedule-weekly-2026.1","CURRENT"
2025,1,"BAL","BUF","TE",-0.9355,0.032258064516129,"nflverse (nflreadr::load_player_stats fantasy_points_ppr allowed-by-position, percentile-normalized) + nflreadr::load_schedules","2026-09-04 19:52:15.600932","ri-schedule-weekly-2026.1","CURRENT"
2025,1,"BAL","BUF","WR",0.871,0.935483870967742,"nflverse (nflreadr::load_player_stats fantasy_points_ppr allowed-by-position, percentile-normalized) + nflreadr::load_schedules","2026-09-04 19:52:15.600932","ri-schedule-weekly-2026.1","CURRENT"
2025,1,"BUF","BAL","QB",1,1,"nflverse (nflreadr::load_player_stats fantasy_points_ppr allowed-by-position, percentile-normalized) + nflreadr::load_schedules","2026-09-04 19:52:15.600932","ri-schedule-weekly-2026.1","CURRENT"
2025,1,"BUF","BAL","RB",0.5484,0.774193548387097,"nflverse (nflreadr::load_player_stats fantasy_points_ppr allowed-by-position, percentile-normalized) + nflreadr::load_schedules","2026-09-04 19:52:15.600932","ri-schedule-weekly-2026.1","CURRENT"
2025,1,"BUF","BAL","TE",0.871,0.935483870967742,"nflverse (nflreadr::load_player_stats fantasy_points_ppr allowed-by-position, percentile-normalized) + nflreadr::load_schedules","2026-09-04 19:52:15.600932","ri-schedule-weekly-2026.1","CURRENT"
2025,1,"BUF","BAL","WR",0.9355,0.967741935483871,"nflverse (nflreadr::load_player_stats fantasy_points_ppr allowed-by-position, percentile-normalized) + nflreadr::load_schedules","2026-09-04 19:52:15.600932","ri-schedule-weekly-2026.1","CURRENT"
2025,1,"CAR","JAX","QB",-0.6774,0.161290322580645,"nflverse (nflreadr::load_player_stats fantasy_points_ppr allowed-by-position, percentile-normalized) + nflreadr::load_schedules","2026-09-04 19:52:15.600932","ri-schedule-weekly-2026.1","CURRENT"
2025,1,"CAR","JAX","RB",0.0968,0.548387096774194,"nflverse (nflreadr::load_player_stats fantasy_points_ppr allowed-by-position, percentile-normalized) + nflreadr::load_schedules","2026-09-04 19:52:15.600932","ri-schedule-weekly-2026.1","CURRENT"
2025,1,"CAR","JAX","TE",-0.7419,0.129032258064516,"nflverse (nflreadr::load_player_stats fantasy_points_ppr allowed-by-position, percentile-normalized) + nflreadr::load_schedules","2026-09-04 19:52:15.600932","ri-schedule-weekly-2026.1","CURRENT"
2025,1,"CAR","JAX","WR",-0.6774,0.161290322580645,"nflverse (nflreadr::load_player_stats fantasy_points_ppr allowed-by-position, percentile-normalized) + nflreadr::load_schedules","2026-09-04 19:52:15.600932","ri-schedule-weekly-2026.1","CURRENT"
2025,1,"CHI","MIN","QB",0.4839,0.741935483870968,"nflverse (nflreadr::load_player_stats fantasy_points_ppr allowed-by-position, percentile-normalized) + nflreadr::load_schedules","2026-09-04 19:52:15.600932","ri-schedule-weekly-2026.1","CURRENT"
2025,1,"CHI","MIN","RB",-0.6774,0.161290322580645,"nflverse (nflreadr::load_player_stats fantasy_points_ppr allowed-by-position, percentile-normalized) + nflreadr::load_schedules","2026-09-04 19:52:15.600932","ri-schedule-weekly-2026.1","CURRENT"
2025,1,"CHI","MIN","TE",-0.4839,0.258064516129032,"nflverse (nflreadr::load_player_stats fantasy_points_ppr allowed-by-position, percentile-normalized) + nflreadr::load_schedules","2026-09-04 19:52:15.600932","ri-schedule-weekly-2026.1","CURRENT"
2025,1,"CHI","MIN","WR",0.3548,0.67741935483871,"nflverse (nflreadr::load_player_stats fantasy_points_ppr allowed-by-position, percentile-normalized) + nflreadr::load_schedules","2026-09-04 19:52:15.600932","ri-schedule-weekly-2026.1","CURRENT"
2025,1,"CIN","CLE","QB",-0.5484,0.225806451612903,"nflverse (nflreadr::load_player_stats fantasy_points_ppr allowed-by-position, percentile-normalized) + nflreadr::load_schedules","2026-09-04 19:52:15.600932","ri-schedule-weekly-2026.1","CURRENT"
2025,1,"CIN","CLE","RB",-0.5484,0.225806451612903,"nflverse (nflreadr::load_player_stats fantasy_points_ppr allowed-by-position, percentile-normalized) + nflreadr::load_schedules","2026-09-04 19:52:15.600932","ri-schedule-weekly-2026.1","CURRENT"
2025,1,"CIN","CLE","TE",0.4194,0.709677419354839,"nflverse (nflreadr::load_player_stats fantasy_points_ppr allowed-by-position, percentile-normalized) + nflreadr::load_schedules","2026-09-04 19:52:15.600932","ri-schedule-weekly-2026.1","CURRENT"
2025,1,"CIN","CLE","WR",-1,0,"nflverse (nflreadr::load_player_stats fantasy_points_ppr allowed-by-position, percentile-normalized) + nflreadr::load_schedules","2026-09-04 19:52:15.600932","ri-schedule-weekly-2026.1","CURRENT"
2025,1,"CLE","CIN","QB",-0.2258,0.387096774193548,"nflverse (nflreadr::load_player_stats fantasy_points_ppr allowed-by-position, percentile-normalized) + nflreadr::load_schedules","2026-09-04 19:52:15.600932","ri-schedule-weekly-2026.1","CURRENT"
2025,1,"CLE","CIN","RB",0.6129,0.806451612903226,"nflverse (nflreadr::load_player_stats fantasy_points_ppr allowed-by-position, percentile-normalized) + nflreadr::load_schedules","2026-09-04 19:52:15.600932","ri-schedule-weekly-2026.1","CURRENT"
2025,1,"CLE","CIN","TE",0.8065,0.903225806451613,"nflverse (nflreadr::load_player_stats fantasy_points_ppr allowed-by-position, percentile-normalized) + nflreadr::load_schedules","2026-09-04 19:52:15.600932","ri-schedule-weekly-2026.1","CURRENT"
2025,1,"CLE","CIN","WR",0.0323,0.516129032258065,"nflverse (nflreadr::load_player_stats fantasy_points_ppr allowed-by-position, percentile-normalized) + nflreadr::load_schedules","2026-09-04 19:52:15.600932","ri-schedule-weekly-2026.1","CURRENT"
2025,1,"DAL","PHI","QB",-0.7419,0.129032258064516,"nflverse (nflreadr::load_player_stats fantasy_points_ppr allowed-by-position, percentile-normalized) + nflreadr::load_schedules","2026-09-04 19:52:15.600932","ri-schedule-weekly-2026.1","CURRENT"
2025,1,"DAL","PHI","RB",0.4839,0.741935483870968,"nflverse (nflreadr::load_player_stats fantasy_points_ppr allowed-by-position, percentile-normalized) + nflreadr::load_schedules","2026-09-04 19:52:15.600932","ri-schedule-weekly-2026.1","CURRENT"
2025,1,"DAL","PHI","TE",-0.4194,0.290322580645161,"nflverse (nflreadr::load_player_stats fantasy_points_ppr allowed-by-position, percentile-normalized) + nflreadr::load_schedules","2026-09-04 19:52:15.600932","ri-schedule-weekly-2026.1","CURRENT"
2025,1,"DAL","PHI","WR",-0.0323,0.483870967741935,"nflverse (nflreadr::load_player_stats fantasy_points_ppr allowed-by-position, percentile-normalized) + nflreadr::load_schedules","2026-09-04 19:52:15.600932","ri-schedule-weekly-2026.1","CURRENT"
2025,1,"DEN","TEN","QB",-0.871,0.0645161290322581,"nflverse (nflreadr::load_player_stats fantasy_points_ppr allowed-by-position, percentile-normalized) + nflreadr::load_schedules","2026-09-04 19:52:15.600932","ri-schedule-weekly-2026.1","CURRENT"
2025,1,"DEN","TEN","RB",0.8065,0.903225806451613,"nflverse (nflreadr::load_player_stats fantasy_points_ppr allowed-by-position, percentile-normalized) + nflreadr::load_schedules","2026-09-04 19:52:15.600932","ri-schedule-weekly-2026.1","CURRENT"
2025,1,"DEN","TEN","TE",-0.2258,0.387096774193548,"nflverse (nflreadr::load_player_stats fantasy_points_ppr allowed-by-position, percentile-normalized) + nflreadr::load_schedules","2026-09-04 19:52:15.600932","ri-schedule-weekly-2026.1","CURRENT"
2025,1,"DEN","TEN","WR",0.1613,0.580645161290323,"nflverse (nflreadr::load_player_stats fantasy_points_ppr allowed-by-position, percentile-normalized) + nflreadr::load_schedules","2026-09-04 19:52:15.600932","ri-schedule-weekly-2026.1","CURRENT"
2025,1,"DET","GB","QB",-0.4194,0.290322580645161,"nflverse (nflreadr::load_player_stats fantasy_points_ppr allowed-by-position, percentile-normalized) + nflreadr::load_schedules","2026-09-04 19:52:15.600932","ri-schedule-weekly-2026.1","CURRENT"
2025,1,"DET","GB","RB",0.3548,0.67741935483871,"nflverse (nflreadr::load_player_stats fantasy_points_ppr allowed-by-position, percentile-normalized) + nflreadr::load_schedules","2026-09-04 19:52:15.600932","ri-schedule-weekly-2026.1","CURRENT"
2025,1,"DET","GB","TE",0.2903,0.645161290322581,"nflverse (nflreadr::load_player_stats fantasy_points_ppr allowed-by-position, percentile-normalized) + nflreadr::load_schedules","2026-09-04 19:52:15.600932","ri-schedule-weekly-2026.1","CURRENT"
2025,1,"DET","GB","WR",-0.2258,0.387096774193548,"nflverse (nflreadr::load_player_stats fantasy_points_ppr allowed-by-position, percentile-normalized) + nflreadr::load_schedules","2026-09-04 19:52:15.600932","ri-schedule-weekly-2026.1","CURRENT"
2025,1,"GB","DET","QB",-0.0323,0.483870967741935,"nflverse (nflreadr::load_player_stats fantasy_points_ppr allowed-by-position, percentile-normalized) + nflreadr::load_schedules","2026-09-04 19:52:15.600932","ri-schedule-weekly-2026.1","CURRENT"
2025,1,"GB","DET","RB",-0.5484,0.225806451612903,"nflverse (nflreadr::load_player_stats fantasy_points_ppr allowed-by-position, percentile-normalized) + nflreadr::load_schedules","2026-09-04 19:52:15.600932","ri-schedule-weekly-2026.1","CURRENT"
2025,1,"GB","DET","TE",0.0323,0.516129032258065,"nflverse (nflreadr::load_player_stats fantasy_points_ppr allowed-by-position, percentile-normalized) + nflreadr::load_schedules","2026-09-04 19:52:15.600932","ri-schedule-weekly-2026.1","CURRENT"
2025,1,"GB","DET","WR",0.1613,0.580645161290323,"nflverse (nflreadr::load_player_stats fantasy_points_ppr allowed-by-position, percentile-normalized) + nflreadr::load_schedules","2026-09-04 19:52:15.600932","ri-schedule-weekly-2026.1","CURRENT"
2025,1,"HOU","LA","QB",-0.6129,0.193548387096774,"nflverse (nflreadr::load_player_stats fantasy_points_ppr allowed-by-position, percentile-normalized) + nflreadr::load_schedules","2026-09-04 19:52:15.600932","ri-schedule-weekly-2026.1","CURRENT"
2025,1,"HOU","LA","RB",-0.871,0.0645161290322581,"nflverse (nflreadr::load_player_stats fantasy_points_ppr allowed-by-position, percentile-normalized) + nflreadr::load_schedules","2026-09-04 19:52:15.600932","ri-schedule-weekly-2026.1","CURRENT"
2025,1,"HOU","LA","TE",-0.0323,0.483870967741935,"nflverse (nflreadr::load_player_stats fantasy_points_ppr allowed-by-position, percentile-normalized) + nflreadr::load_schedules","2026-09-04 19:52:15.600932","ri-schedule-weekly-2026.1","CURRENT"
2025,1,"HOU","LA","WR",-0.4839,0.258064516129032,"nflverse (nflreadr::load_player_stats fantasy_points_ppr allowed-by-position, percentile-normalized) + nflreadr::load_schedules","2026-09-04 19:52:15.600932","ri-schedule-weekly-2026.1","CURRENT"
2025,1,"IND","MIA","QB",0.871,0.935483870967742,"nflverse (nflreadr::load_player_stats fantasy_points_ppr allowed-by-position, percentile-normalized) + nflreadr::load_schedules","2026-09-04 19:52:15.600932","ri-schedule-weekly-2026.1","CURRENT"
2025,1,"IND","MIA","RB",-0.2258,0.387096774193548,"nflverse (nflreadr::load_player_stats fantasy_points_ppr allowed-by-position, percentile-normalized) + nflreadr::load_schedules","2026-09-04 19:52:15.600932","ri-schedule-weekly-2026.1","CURRENT"
2025,1,"IND","MIA","TE",0.6774,0.838709677419355,"nflverse (nflreadr::load_player_stats fantasy_points_ppr allowed-by-position, percentile-normalized) + nflreadr::load_schedules","2026-09-04 19:52:15.600932","ri-schedule-weekly-2026.1","CURRENT"
2025,1,"IND","MIA","WR",0.2903,0.645161290322581,"nflverse (nflreadr::load_player_stats fantasy_points_ppr allowed-by-position, percentile-normalized) + nflreadr::load_schedules","2026-09-04 19:52:15.600932","ri-schedule-weekly-2026.1","CURRENT"
2025,1,"JAX","CAR","QB",-0.4839,0.258064516129032,"nflverse (nflreadr::load_player_stats fantasy_points_ppr allowed-by-position, percentile-normalized) + nflreadr::load_schedules","2026-09-04 19:52:15.600932","ri-schedule-weekly-2026.1","CURRENT"
2025,1,"JAX","CAR","RB",0.2903,0.645161290322581,"nflverse (nflreadr::load_player_stats fantasy_points_ppr allowed-by-position, percentile-normalized) + nflreadr::load_schedules","2026-09-04 19:52:15.600932","ri-schedule-weekly-2026.1","CURRENT"
2025,1,"JAX","CAR","TE",0.6129,0.806451612903226,"nflverse (nflreadr::load_player_stats fantasy_points_ppr allowed-by-position, percentile-normalized) + nflreadr::load_schedules","2026-09-04 19:52:15.600932","ri-schedule-weekly-2026.1","CURRENT"
2025,1,"JAX","CAR","WR",-0.8065,0.0967741935483871,"nflverse (nflreadr::load_player_stats fantasy_points_ppr allowed-by-position, percentile-normalized) + nflreadr::load_schedules","2026-09-04 19:52:15.600932","ri-schedule-weekly-2026.1","CURRENT"
2025,1,"KC","LAC","QB",0.6774,0.838709677419355,"nflverse (nflreadr::load_player_stats fantasy_points_ppr allowed-by-position, percentile-normalized) + nflreadr::load_schedules","2026-09-04 19:52:15.600932","ri-schedule-weekly-2026.1","CURRENT"
2025,1,"KC","LAC","RB",-0.871,0.0645161290322581,"nflverse (nflreadr::load_player_stats fantasy_points_ppr allowed-by-position, percentile-normalized) + nflreadr::load_schedules","2026-09-04 19:52:15.600932","ri-schedule-weekly-2026.1","CURRENT"
2025,1,"KC","LAC","TE",0.3548,0.67741935483871,"nflverse (nflreadr::load_player_stats fantasy_points_ppr allowed-by-position, percentile-normalized) + nflreadr::load_schedules","2026-09-04 19:52:15.600932","ri-schedule-weekly-2026.1","CURRENT"
2025,1,"KC","LAC","WR",0.4194,0.709677419354839,"nflverse (nflreadr::load_player_stats fantasy_points_ppr allowed-by-position, percentile-normalized) + nflreadr::load_schedules","2026-09-04 19:52:15.600932","ri-schedule-weekly-2026.1","CURRENT"
2025,1,"LA","HOU","QB",-0.1613,0.419354838709677,"nflverse (nflreadr::load_player_stats fantasy_points_ppr allowed-by-position, percentile-normalized) + nflreadr::load_schedules","2026-09-04 19:52:15.600932","ri-schedule-weekly-2026.1","CURRENT"
2025,1,"LA","HOU","RB",-0.2903,0.354838709677419,"nflverse (nflreadr::load_player_stats fantasy_points_ppr allowed-by-position, percentile-normalized) + nflreadr::load_schedules","2026-09-04 19:52:15.600932","ri-schedule-weekly-2026.1","CURRENT"
2025,1,"LA","HOU","TE",-0.2903,0.354838709677419,"nflverse (nflreadr::load_player_stats fantasy_points_ppr allowed-by-position, percentile-normalized) + nflreadr::load_schedules","2026-09-04 19:52:15.600932","ri-schedule-weekly-2026.1","CURRENT"
2025,1,"LA","HOU","WR",0.6129,0.806451612903226,"nflverse (nflreadr::load_player_stats fantasy_points_ppr allowed-by-position, percentile-normalized) + nflreadr::load_schedules","2026-09-04 19:52:15.600932","ri-schedule-weekly-2026.1","CURRENT"
2025,1,"LAC","KC","QB",0.7419,0.870967741935484,"nflverse (nflreadr::load_player_stats fantasy_points_ppr allowed-by-position, percentile-normalized) + nflreadr::load_schedules","2026-09-04 19:52:15.600932","ri-schedule-weekly-2026.1","CURRENT"
2025,1,"LAC","KC","RB",-0.7419,0.129032258064516,"nflverse (nflreadr::load_player_stats fantasy_points_ppr allowed-by-position, percentile-normalized) + nflreadr::load_schedules","2026-09-04 19:52:15.600932","ri-schedule-weekly-2026.1","CURRENT"
2025,1,"LAC","KC","TE",-0.1613,0.419354838709677,"nflverse (nflreadr::load_player_stats fantasy_points_ppr allowed-by-position, percentile-normalized) + nflreadr::load_schedules","2026-09-04 19:52:15.600932","ri-schedule-weekly-2026.1","CURRENT"
2025,1,"LAC","KC","WR",1,1,"nflverse (nflreadr::load_player_stats fantasy_points_ppr allowed-by-position, percentile-normalized) + nflreadr::load_schedules","2026-09-04 19:52:15.600932","ri-schedule-weekly-2026.1","CURRENT"
2025,1,"LV","NE","QB",0.0968,0.548387096774194,"nflverse (nflreadr::load_player_stats fantasy_points_ppr allowed-by-position, percentile-normalized) + nflreadr::load_schedules","2026-09-04 19:52:15.600932","ri-schedule-weekly-2026.1","CURRENT"
2025,1,"LV","NE","RB",-0.6129,0.193548387096774,"nflverse (nflreadr::load_player_stats fantasy_points_ppr allowed-by-position, percentile-normalized) + nflreadr::load_schedules","2026-09-04 19:52:15.600932","ri-schedule-weekly-2026.1","CURRENT"
2025,1,"LV","NE","TE",0.9355,0.967741935483871,"nflverse (nflreadr::load_player_stats fantasy_points_ppr allowed-by-position, percentile-normalized) + nflreadr::load_schedules","2026-09-04 19:52:15.600932","ri-schedule-weekly-2026.1","CURRENT"
2025,1,"LV","NE","WR",0.8065,0.903225806451613,"nflverse (nflreadr::load_player_stats fantasy_points_ppr allowed-by-position, percentile-normalized) + nflreadr::load_schedules","2026-09-04 19:52:15.600932","ri-schedule-weekly-2026.1","CURRENT"
2025,1,"MIA","IND","QB",-0.8065,0.0967741935483871,"nflverse (nflreadr::load_player_stats fantasy_points_ppr allowed-by-position, percentile-normalized) + nflreadr::load_schedules","2026-09-04 19:52:15.600932","ri-schedule-weekly-2026.1","CURRENT"
2025,1,"MIA","IND","RB",-0.0323,0.483870967741935,"nflverse (nflreadr::load_player_stats fantasy_points_ppr allowed-by-position, percentile-normalized) + nflreadr::load_schedules","2026-09-04 19:52:15.600932","ri-schedule-weekly-2026.1","CURRENT"
2025,1,"MIA","IND","TE",-0.6774,0.161290322580645,"nflverse (nflreadr::load_player_stats fantasy_points_ppr allowed-by-position, percentile-normalized) + nflreadr::load_schedules","2026-09-04 19:52:15.600932","ri-schedule-weekly-2026.1","CURRENT"
2025,1,"MIA","IND","WR",-0.3548,0.32258064516129,"nflverse (nflreadr::load_player_stats fantasy_points_ppr allowed-by-position, percentile-normalized) + nflreadr::load_schedules","2026-09-04 19:52:15.600932","ri-schedule-weekly-2026.1","CURRENT"
2025,1,"MIN","CHI","QB",0.2903,0.645161290322581,"nflverse (nflreadr::load_player_stats fantasy_points_ppr allowed-by-position, percentile-normalized) + nflreadr::load_schedules","2026-09-04 19:52:15.600932","ri-schedule-weekly-2026.1","CURRENT"
2025,1,"MIN","CHI","RB",0.4194,0.709677419354839,"nflverse (nflreadr::load_player_stats fantasy_points_ppr allowed-by-position, percentile-normalized) + nflreadr::load_schedules","2026-09-04 19:52:15.600932","ri-schedule-weekly-2026.1","CURRENT"
2025,1,"MIN","CHI","TE",-0.6774,0.161290322580645,"nflverse (nflreadr::load_player_stats fantasy_points_ppr allowed-by-position, percentile-normalized) + nflreadr::load_schedules","2026-09-04 19:52:15.600932","ri-schedule-weekly-2026.1","CURRENT"
2025,1,"MIN","CHI","WR",-0.6129,0.193548387096774,"nflverse (nflreadr::load_player_stats fantasy_points_ppr allowed-by-position, percentile-normalized) + nflreadr::load_schedules","2026-09-04 19:52:15.600932","ri-schedule-weekly-2026.1","CURRENT"
2025,1,"NE","LV","QB",-0.0968,0.451612903225806,"nflverse (nflreadr::load_player_stats fantasy_points_ppr allowed-by-position, percentile-normalized) + nflreadr::load_schedules","2026-09-04 19:52:15.600932","ri-schedule-weekly-2026.1","CURRENT"
2025,1,"NE","LV","RB",-0.4194,0.290322580645161,"nflverse (nflreadr::load_player_stats fantasy_points_ppr allowed-by-position, percentile-normalized) + nflreadr::load_schedules","2026-09-04 19:52:15.600932","ri-schedule-weekly-2026.1","CURRENT"
2025,1,"NE","LV","TE",0.1613,0.580645161290323,"nflverse (nflreadr::load_player_stats fantasy_points_ppr allowed-by-position, percentile-normalized) + nflreadr::load_schedules","2026-09-04 19:52:15.600932","ri-schedule-weekly-2026.1","CURRENT"
2025,1,"NE","LV","WR",0.6774,0.838709677419355,"nflverse (nflreadr::load_player_stats fantasy_points_ppr allowed-by-position, percentile-normalized) + nflreadr::load_schedules","2026-09-04 19:52:15.600932","ri-schedule-weekly-2026.1","CURRENT"
2025,1,"NO","ARI","QB",-0.2903,0.354838709677419,"nflverse (nflreadr::load_player_stats fantasy_points_ppr allowed-by-position, percentile-normalized) + nflreadr::load_schedules","2026-09-04 19:52:15.600932","ri-schedule-weekly-2026.1","CURRENT"
2025,1,"NO","ARI","RB",-0.1613,0.419354838709677,"nflverse (nflreadr::load_player_stats fantasy_points_ppr allowed-by-position, percentile-normalized) + nflreadr::load_schedules","2026-09-04 19:52:15.600932","ri-schedule-weekly-2026.1","CURRENT"
2025,1,"NO","ARI","TE",0.5484,0.774193548387097,"nflverse (nflreadr::load_player_stats fantasy_points_ppr allowed-by-position, percentile-normalized) + nflreadr::load_schedules","2026-09-04 19:52:15.600932","ri-schedule-weekly-2026.1","CURRENT"
2025,1,"NO","ARI","WR",-0.0968,0.451612903225806,"nflverse (nflreadr::load_player_stats fantasy_points_ppr allowed-by-position, percentile-normalized) + nflreadr::load_schedules","2026-09-04 19:52:15.600932","ri-schedule-weekly-2026.1","CURRENT"
2025,1,"NYG","WAS","QB",-0.3548,0.32258064516129,"nflverse (nflreadr::load_player_stats fantasy_points_ppr allowed-by-position, percentile-normalized) + nflreadr::load_schedules","2026-09-04 19:52:15.600932","ri-schedule-weekly-2026.1","CURRENT"
2025,1,"NYG","WAS","RB",-0.9355,0.032258064516129,"nflverse (nflreadr::load_player_stats fantasy_points_ppr allowed-by-position, percentile-normalized) + nflreadr::load_schedules","2026-09-04 19:52:15.600932","ri-schedule-weekly-2026.1","CURRENT"
2025,1,"NYG","WAS","TE",-0.8065,0.0967741935483871,"nflverse (nflreadr::load_player_stats fantasy_points_ppr allowed-by-position, percentile-normalized) + nflreadr::load_schedules","2026-09-04 19:52:15.600932","ri-schedule-weekly-2026.1","CURRENT"
2025,1,"NYG","WAS","WR",-0.2903,0.354838709677419,"nflverse (nflreadr::load_player_stats fantasy_points_ppr allowed-by-position, percentile-normalized) + nflreadr::load_schedules","2026-09-04 19:52:15.600932","ri-schedule-weekly-2026.1","CURRENT"
2025,1,"NYJ","PIT","QB",0.9355,0.967741935483871,"nflverse (nflreadr::load_player_stats fantasy_points_ppr allowed-by-position, percentile-normalized) + nflreadr::load_schedules","2026-09-04 19:52:15.600932","ri-schedule-weekly-2026.1","CURRENT"
2025,1,"NYJ","PIT","RB",0.6774,0.838709677419355,"nflverse (nflreadr::load_player_stats fantasy_points_ppr allowed-by-position, percentile-normalized) + nflreadr::load_schedules","2026-09-04 19:52:15.600932","ri-schedule-weekly-2026.1","CURRENT"
2025,1,"NYJ","PIT","TE",-0.5484,0.225806451612903,"nflverse (nflreadr::load_player_stats fantasy_points_ppr allowed-by-position, percentile-normalized) + nflreadr::load_schedules","2026-09-04 19:52:15.600932","ri-schedule-weekly-2026.1","CURRENT"
2025,1,"NYJ","PIT","WR",0.0968,0.548387096774194,"nflverse (nflreadr::load_player_stats fantasy_points_ppr allowed-by-position, percentile-normalized) + nflreadr::load_schedules","2026-09-04 19:52:15.600932","ri-schedule-weekly-2026.1","CURRENT"
2025,1,"PHI","DAL","QB",0.5484,0.774193548387097,"nflverse (nflreadr::load_player_stats fantasy_points_ppr allowed-by-position, percentile-normalized) + nflreadr::load_schedules","2026-09-04 19:52:15.600932","ri-schedule-weekly-2026.1","CURRENT"
2025,1,"PHI","DAL","RB",0.1613,0.580645161290323,"nflverse (nflreadr::load_player_stats fantasy_points_ppr allowed-by-position, percentile-normalized) + nflreadr::load_schedules","2026-09-04 19:52:15.600932","ri-schedule-weekly-2026.1","CURRENT"
2025,1,"PHI","DAL","TE",0.0323,0.516129032258065,"nflverse (nflreadr::load_player_stats fantasy_points_ppr allowed-by-position, percentile-normalized) + nflreadr::load_schedules","2026-09-04 19:52:15.600932","ri-schedule-weekly-2026.1","CURRENT"
2025,1,"PHI","DAL","WR",-0.871,0.0645161290322581,"nflverse (nflreadr::load_player_stats fantasy_points_ppr allowed-by-position, percentile-normalized) + nflreadr::load_schedules","2026-09-04 19:52:15.600932","ri-schedule-weekly-2026.1","CURRENT"
2025,1,"PIT","NYJ","QB",0.6129,0.806451612903226,"nflverse (nflreadr::load_player_stats fantasy_points_ppr allowed-by-position, percentile-normalized) + nflreadr::load_schedules","2026-09-04 19:52:15.600932","ri-schedule-weekly-2026.1","CURRENT"
2025,1,"PIT","NYJ","RB",0.0323,0.516129032258065,"nflverse (nflreadr::load_player_stats fantasy_points_ppr allowed-by-position, percentile-normalized) + nflreadr::load_schedules","2026-09-04 19:52:15.600932","ri-schedule-weekly-2026.1","CURRENT"
2025,1,"PIT","NYJ","TE",0.7419,0.870967741935484,"nflverse (nflreadr::load_player_stats fantasy_points_ppr allowed-by-position, percentile-normalized) + nflreadr::load_schedules","2026-09-04 19:52:15.600932","ri-schedule-weekly-2026.1","CURRENT"
2025,1,"PIT","NYJ","WR",0.4839,0.741935483870968,"nflverse (nflreadr::load_player_stats fantasy_points_ppr allowed-by-position, percentile-normalized) + nflreadr::load_schedules","2026-09-04 19:52:15.600932","ri-schedule-weekly-2026.1","CURRENT"
2025,1,"SEA","SF","QB",-0.9355,0.032258064516129,"nflverse (nflreadr::load_player_stats fantasy_points_ppr allowed-by-position, percentile-normalized) + nflreadr::load_schedules","2026-09-04 19:52:15.600932","ri-schedule-weekly-2026.1","CURRENT"
2025,1,"SEA","SF","RB",-0.4194,0.290322580645161,"nflverse (nflreadr::load_player_stats fantasy_points_ppr allowed-by-position, percentile-normalized) + nflreadr::load_schedules","2026-09-04 19:52:15.600932","ri-schedule-weekly-2026.1","CURRENT"
2025,1,"SEA","SF","TE",-0.871,0.0645161290322581,"nflverse (nflreadr::load_player_stats fantasy_points_ppr allowed-by-position, percentile-normalized) + nflreadr::load_schedules","2026-09-04 19:52:15.600932","ri-schedule-weekly-2026.1","CURRENT"
2025,1,"SEA","SF","WR",-0.4194,0.290322580645161,"nflverse (nflreadr::load_player_stats fantasy_points_ppr allowed-by-position, percentile-normalized) + nflreadr::load_schedules","2026-09-04 19:52:15.600932","ri-schedule-weekly-2026.1","CURRENT"
2025,1,"SF","SEA","QB",0.0323,0.516129032258065,"nflverse (nflreadr::load_player_stats fantasy_points_ppr allowed-by-position, percentile-normalized) + nflreadr::load_schedules","2026-09-04 19:52:15.600932","ri-schedule-weekly-2026.1","CURRENT"
2025,1,"SF","SEA","RB",0.9355,0.967741935483871,"nflverse (nflreadr::load_player_stats fantasy_points_ppr allowed-by-position, percentile-normalized) + nflreadr::load_schedules","2026-09-04 19:52:15.600932","ri-schedule-weekly-2026.1","CURRENT"
2025,1,"SF","SEA","TE",1,1,"nflverse (nflreadr::load_player_stats fantasy_points_ppr allowed-by-position, percentile-normalized) + nflreadr::load_schedules","2026-09-04 19:52:15.600932","ri-schedule-weekly-2026.1","CURRENT"
2025,1,"SF","SEA","WR",-0.7419,0.129032258064516,"nflverse (nflreadr::load_player_stats fantasy_points_ppr allowed-by-position, percentile-normalized) + nflreadr::load_schedules","2026-09-04 19:52:15.600932","ri-schedule-weekly-2026.1","CURRENT"
2025,1,"TB","ATL","QB",0.3548,0.67741935483871,"nflverse (nflreadr::load_player_stats fantasy_points_ppr allowed-by-position, percentile-normalized) + nflreadr::load_schedules","2026-09-04 19:52:15.600932","ri-schedule-weekly-2026.1","CURRENT"
2025,1,"TB","ATL","RB",-0.0968,0.451612903225806,"nflverse (nflreadr::load_player_stats fantasy_points_ppr allowed-by-position, percentile-normalized) + nflreadr::load_schedules","2026-09-04 19:52:15.600932","ri-schedule-weekly-2026.1","CURRENT"
2025,1,"TB","ATL","TE",-1,0,"nflverse (nflreadr::load_player_stats fantasy_points_ppr allowed-by-position, percentile-normalized) + nflreadr::load_schedules","2026-09-04 19:52:15.600932","ri-schedule-weekly-2026.1","CURRENT"
2025,1,"TB","ATL","WR",0.7419,0.870967741935484,"nflverse (nflreadr::load_player_stats fantasy_points_ppr allowed-by-position, percentile-normalized) + nflreadr::load_schedules","2026-09-04 19:52:15.600932","ri-schedule-weekly-2026.1","CURRENT"
2025,1,"TEN","DEN","QB",-1,0,"nflverse (nflreadr::load_player_stats fantasy_points_ppr allowed-by-position, percentile-normalized) + nflreadr::load_schedules","2026-09-04 19:52:15.600932","ri-schedule-weekly-2026.1","CURRENT"
2025,1,"TEN","DEN","RB",-1,0,"nflverse (nflreadr::load_player_stats fantasy_points_ppr allowed-by-position, percentile-normalized) + nflreadr::load_schedules","2026-09-04 19:52:15.600932","ri-schedule-weekly-2026.1","CURRENT"
2025,1,"TEN","DEN","TE",-0.3548,0.32258064516129,"nflverse (nflreadr::load_player_stats fantasy_points_ppr allowed-by-position, percentile-normalized) + nflreadr::load_schedules","2026-09-04 19:52:15.600932","ri-schedule-weekly-2026.1","CURRENT"
2025,1,"TEN","DEN","WR",-0.9355,0.032258064516129,"nflverse (nflreadr::load_player_stats fantasy_points_ppr allowed-by-position, percentile-normalized) + nflreadr::load_schedules","2026-09-04 19:52:15.600932","ri-schedule-weekly-2026.1","CURRENT"
2025,1,"WAS","NYG","QB",0.2258,0.612903225806452,"nflverse (nflreadr::load_player_stats fantasy_points_ppr allowed-by-position, percentile-normalized) + nflreadr::load_schedules","2026-09-04 19:52:15.600932","ri-schedule-weekly-2026.1","CURRENT"
2025,1,"WAS","NYG","RB",0.7419,0.870967741935484,"nflverse (nflreadr::load_player_stats fantasy_points_ppr allowed-by-position, percentile-normalized) + nflreadr::load_schedules","2026-09-04 19:52:15.600932","ri-schedule-weekly-2026.1","CURRENT"
2025,1,"WAS","NYG","TE",-0.0968,0.451612903225806,"nflverse (nflreadr::load_player_stats fantasy_points_ppr allowed-by-position, percentile-normalized) + nflreadr::load_schedules","2026-09-04 19:52:15.600932","ri-schedule-weekly-2026.1","CURRENT"
2025,1,"WAS","NYG","WR",0.5484,0.774193548387097,"nflverse (nflreadr::load_player_stats fantasy_points_ppr allowed-by-position, percentile-normalized) + nflreadr::load_schedules","2026-09-04 19:52:15.600932","ri-schedule-weekly-2026.1","CURRENT"
2025,2,"ARI","CAR","QB",-0.4194,0.290322580645161,"nflverse (nflreadr::load_player_stats fantasy_points_ppr allowed-by-position, percentile-normalized) + nflreadr::load_schedules","2026-09-04 19:52:15.600932","ri-schedule-weekly-2026.1","CURRENT"
2025,2,"ARI","CAR","RB",-0.0968,0.451612903225806,"nflverse (nflreadr::load_player_stats fantasy_points_ppr allowed-by-position, percentile-normalized) + nflreadr::load_schedules","2026-09-04 19:52:15.600932","ri-schedule-weekly-2026.1","CURRENT"
2025,2,"ARI","CAR","TE",0.9333,0.966666666666667,"nflverse (nflreadr::load_player_stats fantasy_points_ppr allowed-by-position, percentile-normalized) + nflreadr::load_schedules","2026-09-04 19:52:15.600932","ri-schedule-weekly-2026.1","CURRENT"
2025,2,"ARI","CAR","WR",-0.871,0.0645161290322581,"nflverse (nflreadr::load_player_stats fantasy_points_ppr allowed-by-position, percentile-normalized) + nflreadr::load_schedules","2026-09-04 19:52:15.600932","ri-schedule-weekly-2026.1","CURRENT"
2025,2,"ATL","MIN","QB",-0.871,0.0645161290322581,"nflverse (nflreadr::load_player_stats fantasy_points_ppr allowed-by-position, percentile-normalized) + nflreadr::load_schedules","2026-09-04 19:52:15.600932","ri-schedule-weekly-2026.1","CURRENT"
2025,2,"ATL","MIN","RB",0.871,0.935483870967742,"nflverse (nflreadr::load_player_stats fantasy_points_ppr allowed-by-position, percentile-normalized) + nflreadr::load_schedules","2026-09-04 19:52:15.600932","ri-schedule-weekly-2026.1","CURRENT"
2025,2,"ATL","MIN","TE",-0.4,0.3,"nflverse (nflreadr::load_player_stats fantasy_points_ppr allowed-by-position, percentile-normalized) + nflreadr::load_schedules","2026-09-04 19:52:15.600932","ri-schedule-weekly-2026.1","CURRENT"
2025,2,"ATL","MIN","WR",-0.9355,0.032258064516129,"nflverse (nflreadr::load_player_stats fantasy_points_ppr allowed-by-position, percentile-normalized) + nflreadr::load_schedules","2026-09-04 19:52:15.600932","ri-schedule-weekly-2026.1","CURRENT"
2025,2,"BAL","CLE","QB",0.8065,0.903225806451613,"nflverse (nflreadr::load_player_stats fantasy_points_ppr allowed-by-position, percentile-normalized) + nflreadr::load_schedules","2026-09-04 19:52:15.600932","ri-schedule-weekly-2026.1","CURRENT"
2025,2,"BAL","CLE","RB",-0.9355,0.032258064516129,"nflverse (nflreadr::load_player_stats fantasy_points_ppr allowed-by-position, percentile-normalized) + nflreadr::load_schedules","2026-09-04 19:52:15.600932","ri-schedule-weekly-2026.1","CURRENT"
2025,2,"BAL","CLE","TE",-1,0,"nflverse (nflreadr::load_player_stats fantasy_points_ppr allowed-by-position, percentile-normalized) + nflreadr::load_schedules","2026-09-04 19:52:15.600932","ri-schedule-weekly-2026.1","CURRENT"
2025,2,"BAL","CLE","WR",0.8065,0.903225806451613,"nflverse (nflreadr::load_player_stats fantasy_points_ppr allowed-by-position, percentile-normalized) + nflreadr::load_schedules","2026-09-04 19:52:15.600932","ri-schedule-weekly-2026.1","CURRENT"
2025,2,"BUF","NYJ","QB",-0.5484,0.225806451612903,"nflverse (nflreadr::load_player_stats fantasy_points_ppr allowed-by-position, percentile-normalized) + nflreadr::load_schedules","2026-09-04 19:52:15.600932","ri-schedule-weekly-2026.1","CURRENT"
2025,2,"BUF","NYJ","RB",0.4839,0.741935483870968,"nflverse (nflreadr::load_player_stats fantasy_points_ppr allowed-by-position, percentile-normalized) + nflreadr::load_schedules","2026-09-04 19:52:15.600932","ri-schedule-weekly-2026.1","CURRENT"
2025,2,"BUF","NYJ","TE",0.1333,0.566666666666667,"nflverse (nflreadr::load_player_stats fantasy_points_ppr allowed-by-position, percentile-normalized) + nflreadr::load_schedules","2026-09-04 19:52:15.600932","ri-schedule-weekly-2026.1","CURRENT"
2025,2,"BUF","NYJ","WR",-0.4194,0.290322580645161,"nflverse (nflreadr::load_player_stats fantasy_points_ppr allowed-by-position, percentile-normalized) + nflreadr::load_schedules","2026-09-04 19:52:15.600932","ri-schedule-weekly-2026.1","CURRENT"
2025,2,"CAR","ARI","QB",0.3548,0.67741935483871,"nflverse (nflreadr::load_player_stats fantasy_points_ppr allowed-by-position, percentile-normalized) + nflreadr::load_schedules","2026-09-04 19:52:15.600932","ri-schedule-weekly-2026.1","CURRENT"
2025,2,"CAR","ARI","RB",0.0323,0.516129032258065,"nflverse (nflreadr::load_player_stats fantasy_points_ppr allowed-by-position, percentile-normalized) + nflreadr::load_schedules","2026-09-04 19:52:15.600932","ri-schedule-weekly-2026.1","CURRENT"
2025,2,"CAR","ARI","TE",0.8,0.9,"nflverse (nflreadr::load_player_stats fantasy_points_ppr allowed-by-position, percentile-normalized) + nflreadr::load_schedules","2026-09-04 19:52:15.600932","ri-schedule-weekly-2026.1","CURRENT"
2025,2,"CAR","ARI","WR",0.5484,0.774193548387097,"nflverse (nflreadr::load_player_stats fantasy_points_ppr allowed-by-position, percentile-normalized) + nflreadr::load_schedules","2026-09-04 19:52:15.600932","ri-schedule-weekly-2026.1","CURRENT"
2025,2,"CHI","DET","QB",-0.0968,0.451612903225806,"nflverse (nflreadr::load_player_stats fantasy_points_ppr allowed-by-position, percentile-normalized) + nflreadr::load_schedules","2026-09-04 19:52:15.600932","ri-schedule-weekly-2026.1","CURRENT"
2025,2,"CHI","DET","RB",-0.3548,0.32258064516129,"nflverse (nflreadr::load_player_stats fantasy_points_ppr allowed-by-position, percentile-normalized) + nflreadr::load_schedules","2026-09-04 19:52:15.600932","ri-schedule-weekly-2026.1","CURRENT"
2025,2,"CHI","DET","TE",-0.6667,0.166666666666667,"nflverse (nflreadr::load_player_stats fantasy_points_ppr allowed-by-position, percentile-normalized) + nflreadr::load_schedules","2026-09-04 19:52:15.600932","ri-schedule-weekly-2026.1","CURRENT"
2025,2,"CHI","DET","WR",0.4194,0.709677419354839,"nflverse (nflreadr::load_player_stats fantasy_points_ppr allowed-by-position, percentile-normalized) + nflreadr::load_schedules","2026-09-04 19:52:15.600932","ri-schedule-weekly-2026.1","CURRENT"
2025,2,"CIN","JAX","QB",0.7419,0.870967741935484,"nflverse (nflreadr::load_player_stats fantasy_points_ppr allowed-by-position, percentile-normalized) + nflreadr::load_schedules","2026-09-04 19:52:15.600932","ri-schedule-weekly-2026.1","CURRENT"
2025,2,"CIN","JAX","RB",-0.8065,0.0967741935483871,"nflverse (nflreadr::load_player_stats fantasy_points_ppr allowed-by-position, percentile-normalized) + nflreadr::load_schedules","2026-09-04 19:52:15.600932","ri-schedule-weekly-2026.1","CURRENT"
2025,2,"CIN","JAX","TE",0.0667,0.533333333333333,"nflverse (nflreadr::load_player_stats fantasy_points_ppr allowed-by-position, percentile-normalized) + nflreadr::load_schedules","2026-09-04 19:52:15.600932","ri-schedule-weekly-2026.1","CURRENT"
2025,2,"CIN","JAX","WR",0.871,0.935483870967742,"nflverse (nflreadr::load_player_stats fantasy_points_ppr allowed-by-position, percentile-normalized) + nflreadr::load_schedules","2026-09-04 19:52:15.600932","ri-schedule-weekly-2026.1","CURRENT"
2025,2,"CLE","BAL","QB",-0.4839,0.258064516129032,"nflverse (nflreadr::load_player_stats fantasy_points_ppr allowed-by-position, percentile-normalized) + nflreadr::load_schedules","2026-09-04 19:52:15.600932","ri-schedule-weekly-2026.1","CURRENT"
2025,2,"CLE","BAL","RB",0.6129,0.806451612903226,"nflverse (nflreadr::load_player_stats fantasy_points_ppr allowed-by-position, percentile-normalized) + nflreadr::load_schedules","2026-09-04 19:52:15.600932","ri-schedule-weekly-2026.1","CURRENT"
2025,2,"CLE","BAL","TE",0.6667,0.833333333333333,"nflverse (nflreadr::load_player_stats fantasy_points_ppr allowed-by-position, percentile-normalized) + nflreadr::load_schedules","2026-09-04 19:52:15.600932","ri-schedule-weekly-2026.1","CURRENT"
2025,2,"CLE","BAL","WR",-0.5484,0.225806451612903,"nflverse (nflreadr::load_player_stats fantasy_points_ppr allowed-by-position, percentile-normalized) + nflreadr::load_schedules","2026-09-04 19:52:15.600932","ri-schedule-weekly-2026.1","CURRENT"
2025,2,"DAL","NYG","QB",0.6129,0.806451612903226,"nflverse (nflreadr::load_player_stats fantasy_points_ppr allowed-by-position, percentile-normalized) + nflreadr::load_schedules","2026-09-04 19:52:15.600932","ri-schedule-weekly-2026.1","CURRENT"
2025,2,"DAL","NYG","RB",0.9355,0.967741935483871,"nflverse (nflreadr::load_player_stats fantasy_points_ppr allowed-by-position, percentile-normalized) + nflreadr::load_schedules","2026-09-04 19:52:15.600932","ri-schedule-weekly-2026.1","CURRENT"
2025,2,"DAL","NYG","TE",0.7333,0.866666666666667,"nflverse (nflreadr::load_player_stats fantasy_points_ppr allowed-by-position, percentile-normalized) + nflreadr::load_schedules","2026-09-04 19:52:15.600932","ri-schedule-weekly-2026.1","CURRENT"
2025,2,"DAL","NYG","WR",0.7419,0.870967741935484,"nflverse (nflreadr::load_player_stats fantasy_points_ppr allowed-by-position, percentile-normalized) + nflreadr::load_schedules","2026-09-04 19:52:15.600932","ri-schedule-weekly-2026.1","CURRENT"
2025,2,"DEN","IND","QB",0.2258,0.612903225806452,"nflverse (nflreadr::load_player_stats fantasy_points_ppr allowed-by-position, percentile-normalized) + nflreadr::load_schedules","2026-09-04 19:52:15.600932","ri-schedule-weekly-2026.1","CURRENT"
2025,2,"DEN","IND","RB",0.0968,0.548387096774194,"nflverse (nflreadr::load_player_stats fantasy_points_ppr allowed-by-position, percentile-normalized) + nflreadr::load_schedules","2026-09-04 19:52:15.600932","ri-schedule-weekly-2026.1","CURRENT"
2025,2,"DEN","IND","TE",0,0.5,"nflverse (nflreadr::load_player_stats fantasy_points_ppr allowed-by-position, percentile-normalized) + nflreadr::load_schedules","2026-09-04 19:52:15.600932","ri-schedule-weekly-2026.1","CURRENT"
2025,2,"DEN","IND","WR",0.2903,0.645161290322581,"nflverse (nflreadr::load_player_stats fantasy_points_ppr allowed-by-position, percentile-normalized) + nflreadr::load_schedules","2026-09-04 19:52:15.600932","ri-schedule-weekly-2026.1","CURRENT"
2025,2,"DET","CHI","QB",1,1,"nflverse (nflreadr::load_player_stats fantasy_points_ppr allowed-by-position, percentile-normalized) + nflreadr::load_schedules","2026-09-04 19:52:15.600932","ri-schedule-weekly-2026.1","CURRENT"
2025,2,"DET","CHI","RB",0.7419,0.870967741935484,"nflverse (nflreadr::load_player_stats fantasy_points_ppr allowed-by-position, percentile-normalized) + nflreadr::load_schedules","2026-09-04 19:52:15.600932","ri-schedule-weekly-2026.1","CURRENT"
2025,2,"DET","CHI","TE",0.6,0.8,"nflverse (nflreadr::load_player_stats fantasy_points_ppr allowed-by-position, percentile-normalized) + nflreadr::load_schedules","2026-09-04 19:52:15.600932","ri-schedule-weekly-2026.1","CURRENT"
2025,2,"DET","CHI","WR",0.9355,0.967741935483871,"nflverse (nflreadr::load_player_stats fantasy_points_ppr allowed-by-position, percentile-normalized) + nflreadr::load_schedules","2026-09-04 19:52:15.600932","ri-schedule-weekly-2026.1","CURRENT"
2025,2,"GB","WAS","QB",0.2903,0.645161290322581,"nflverse (nflreadr::load_player_stats fantasy_points_ppr allowed-by-position, percentile-normalized) + nflreadr::load_schedules","2026-09-04 19:52:15.600932","ri-schedule-weekly-2026.1","CURRENT"
2025,2,"GB","WAS","RB",-0.2258,0.387096774193548,"nflverse (nflreadr::load_player_stats fantasy_points_ppr allowed-by-position, percentile-normalized) + nflreadr::load_schedules","2026-09-04 19:52:15.600932","ri-schedule-weekly-2026.1","CURRENT"
2025,2,"GB","WAS","TE",1,1,"nflverse (nflreadr::load_player_stats fantasy_points_ppr allowed-by-position, percentile-normalized) + nflreadr::load_schedules","2026-09-04 19:52:15.600932","ri-schedule-weekly-2026.1","CURRENT"
2025,2,"GB","WAS","WR",-0.2258,0.387096774193548,"nflverse (nflreadr::load_player_stats fantasy_points_ppr allowed-by-position, percentile-normalized) + nflreadr::load_schedules","2026-09-04 19:52:15.600932","ri-schedule-weekly-2026.1","CURRENT"
2025,2,"HOU","TB","QB",-0.3548,0.32258064516129,"nflverse (nflreadr::load_player_stats fantasy_points_ppr allowed-by-position, percentile-normalized) + nflreadr::load_schedules","2026-09-04 19:52:15.600932","ri-schedule-weekly-2026.1","CURRENT"
2025,2,"HOU","TB","RB",-0.0323,0.483870967741935,"nflverse (nflreadr::load_player_stats fantasy_points_ppr allowed-by-position, percentile-normalized) + nflreadr::load_schedules","2026-09-04 19:52:15.600932","ri-schedule-weekly-2026.1","CURRENT"
2025,2,"HOU","TB","TE",-0.5333,0.233333333333333,"nflverse (nflreadr::load_player_stats fantasy_points_ppr allowed-by-position, percentile-normalized) + nflreadr::load_schedules","2026-09-04 19:52:15.600932","ri-schedule-weekly-2026.1","CURRENT"
2025,2,"HOU","TB","WR",-0.4839,0.258064516129032,"nflverse (nflreadr::load_player_stats fantasy_points_ppr allowed-by-position, percentile-normalized) + nflreadr::load_schedules","2026-09-04 19:52:15.600932","ri-schedule-weekly-2026.1","CURRENT"
2025,2,"IND","DEN","QB",0.6774,0.838709677419355,"nflverse (nflreadr::load_player_stats fantasy_points_ppr allowed-by-position, percentile-normalized) + nflreadr::load_schedules","2026-09-04 19:52:15.600932","ri-schedule-weekly-2026.1","CURRENT"
2025,2,"IND","DEN","RB",0.4839,0.741935483870968,"nflverse (nflreadr::load_player_stats fantasy_points_ppr allowed-by-position, percentile-normalized) + nflreadr::load_schedules","2026-09-04 19:52:15.600932","ri-schedule-weekly-2026.1","CURRENT"
2025,2,"IND","DEN","TE",0.2,0.6,"nflverse (nflreadr::load_player_stats fantasy_points_ppr allowed-by-position, percentile-normalized) + nflreadr::load_schedules","2026-09-04 19:52:15.600932","ri-schedule-weekly-2026.1","CURRENT"
2025,2,"IND","DEN","WR",-0.0968,0.451612903225806,"nflverse (nflreadr::load_player_stats fantasy_points_ppr allowed-by-position, percentile-normalized) + nflreadr::load_schedules","2026-09-04 19:52:15.600932","ri-schedule-weekly-2026.1","CURRENT"
2025,2,"JAX","CIN","QB",0.0323,0.516129032258065,"nflverse (nflreadr::load_player_stats fantasy_points_ppr allowed-by-position, percentile-normalized) + nflreadr::load_schedules","2026-09-04 19:52:15.600932","ri-schedule-weekly-2026.1","CURRENT"
2025,2,"JAX","CIN","RB",0.8065,0.903225806451613,"nflverse (nflreadr::load_player_stats fantasy_points_ppr allowed-by-position, percentile-normalized) + nflreadr::load_schedules","2026-09-04 19:52:15.600932","ri-schedule-weekly-2026.1","CURRENT"
2025,2,"JAX","CIN","TE",-0.7333,0.133333333333333,"nflverse (nflreadr::load_player_stats fantasy_points_ppr allowed-by-position, percentile-normalized) + nflreadr::load_schedules","2026-09-04 19:52:15.600932","ri-schedule-weekly-2026.1","CURRENT"
2025,2,"JAX","CIN","WR",0.1613,0.580645161290323,"nflverse (nflreadr::load_player_stats fantasy_points_ppr allowed-by-position, percentile-normalized) + nflreadr::load_schedules","2026-09-04 19:52:15.600932","ri-schedule-weekly-2026.1","CURRENT"
2025,2,"KC","PHI","QB",0.5484,0.774193548387097,"nflverse (nflreadr::load_player_stats fantasy_points_ppr allowed-by-position, percentile-normalized) + nflreadr::load_schedules","2026-09-04 19:52:15.600932","ri-schedule-weekly-2026.1","CURRENT"
2025,2,"KC","PHI","RB",-0.8065,0.0967741935483871,"nflverse (nflreadr::load_player_stats fantasy_points_ppr allowed-by-position, percentile-normalized) + nflreadr::load_schedules","2026-09-04 19:52:15.600932","ri-schedule-weekly-2026.1","CURRENT"
2025,2,"KC","PHI","TE",-0.1333,0.433333333333333,"nflverse (nflreadr::load_player_stats fantasy_points_ppr allowed-by-position, percentile-normalized) + nflreadr::load_schedules","2026-09-04 19:52:15.600932","ri-schedule-weekly-2026.1","CURRENT"
2025,2,"KC","PHI","WR",-0.2903,0.354838709677419,"nflverse (nflreadr::load_player_stats fantasy_points_ppr allowed-by-position, percentile-normalized) + nflreadr::load_schedules","2026-09-04 19:52:15.600932","ri-schedule-weekly-2026.1","CURRENT"
2025,2,"LA","TEN","QB",-0.2258,0.387096774193548,"nflverse (nflreadr::load_player_stats fantasy_points_ppr allowed-by-position, percentile-normalized) + nflreadr::load_schedules","2026-09-04 19:52:15.600932","ri-schedule-weekly-2026.1","CURRENT"
2025,2,"LA","TEN","RB",-0.1613,0.419354838709677,"nflverse (nflreadr::load_player_stats fantasy_points_ppr allowed-by-position, percentile-normalized) + nflreadr::load_schedules","2026-09-04 19:52:15.600932","ri-schedule-weekly-2026.1","CURRENT"
2025,2,"LA","TEN","TE",0.3333,0.666666666666667,"nflverse (nflreadr::load_player_stats fantasy_points_ppr allowed-by-position, percentile-normalized) + nflreadr::load_schedules","2026-09-04 19:52:15.600932","ri-schedule-weekly-2026.1","CURRENT"
2025,2,"LA","TEN","WR",0.6774,0.838709677419355,"nflverse (nflreadr::load_player_stats fantasy_points_ppr allowed-by-position, percentile-normalized) + nflreadr::load_schedules","2026-09-04 19:52:15.600932","ri-schedule-weekly-2026.1","CURRENT"
2025,2,"LAC","LV","QB",-0.0323,0.483870967741935,"nflverse (nflreadr::load_player_stats fantasy_points_ppr allowed-by-position, percentile-normalized) + nflreadr::load_schedules","2026-09-04 19:52:15.600932","ri-schedule-weekly-2026.1","CURRENT"
2025,2,"LAC","LV","RB",-0.5484,0.225806451612903,"nflverse (nflreadr::load_player_stats fantasy_points_ppr allowed-by-position, percentile-normalized) + nflreadr::load_schedules","2026-09-04 19:52:15.600932","ri-schedule-weekly-2026.1","CURRENT"
2025,2,"LAC","LV","TE",-0.9333,0.0333333333333333,"nflverse (nflreadr::load_player_stats fantasy_points_ppr allowed-by-position, percentile-normalized) + nflreadr::load_schedules","2026-09-04 19:52:15.600932","ri-schedule-weekly-2026.1","CURRENT"
2025,2,"LAC","LV","WR",0.4839,0.741935483870968,"nflverse (nflreadr::load_player_stats fantasy_points_ppr allowed-by-position, percentile-normalized) + nflreadr::load_schedules","2026-09-04 19:52:15.600932","ri-schedule-weekly-2026.1","CURRENT"
2025,2,"LV","LAC","QB",-0.9355,0.032258064516129,"nflverse (nflreadr::load_player_stats fantasy_points_ppr allowed-by-position, percentile-normalized) + nflreadr::load_schedules","2026-09-04 19:52:15.600932","ri-schedule-weekly-2026.1","CURRENT"
2025,2,"LV","LAC","RB",-0.4839,0.258064516129032,"nflverse (nflreadr::load_player_stats fantasy_points_ppr allowed-by-position, percentile-normalized) + nflreadr::load_schedules","2026-09-04 19:52:15.600932","ri-schedule-weekly-2026.1","CURRENT"
2025,2,"LV","LAC","TE",-0.0667,0.466666666666667,"nflverse (nflreadr::load_player_stats fantasy_points_ppr allowed-by-position, percentile-normalized) + nflreadr::load_schedules","2026-09-04 19:52:15.600932","ri-schedule-weekly-2026.1","CURRENT"
2025,2,"LV","LAC","WR",-0.6774,0.161290322580645,"nflverse (nflreadr::load_player_stats fantasy_points_ppr allowed-by-position, percentile-normalized) + nflreadr::load_schedules","2026-09-04 19:52:15.600932","ri-schedule-weekly-2026.1","CURRENT"
2025,2,"MIA","NE","QB",-0.1613,0.419354838709677,"nflverse (nflreadr::load_player_stats fantasy_points_ppr allowed-by-position, percentile-normalized) + nflreadr::load_schedules","2026-09-04 19:52:15.600932","ri-schedule-weekly-2026.1","CURRENT"
2025,2,"MIA","NE","RB",0.4194,0.709677419354839,"nflverse (nflreadr::load_player_stats fantasy_points_ppr allowed-by-position, percentile-normalized) + nflreadr::load_schedules","2026-09-04 19:52:15.600932","ri-schedule-weekly-2026.1","CURRENT"
2025,2,"MIA","NE","TE",,,"nflverse (nflreadr::load_player_stats fantasy_points_ppr allowed-by-position, percentile-normalized) + nflreadr::load_schedules","2026-09-04 19:52:15.600932","ri-schedule-weekly-2026.1","UNAVAILABLE"
2025,2,"MIA","NE","WR",0.6129,0.806451612903226,"nflverse (nflreadr::load_player_stats fantasy_points_ppr allowed-by-position, percentile-normalized) + nflreadr::load_schedules","2026-09-04 19:52:15.600932","ri-schedule-weekly-2026.1","CURRENT"
2025,2,"MIN","ATL","QB",-1,0,"nflverse (nflreadr::load_player_stats fantasy_points_ppr allowed-by-position, percentile-normalized) + nflreadr::load_schedules","2026-09-04 19:52:15.600932","ri-schedule-weekly-2026.1","CURRENT"
2025,2,"MIN","ATL","RB",-0.871,0.0645161290322581,"nflverse (nflreadr::load_player_stats fantasy_points_ppr allowed-by-position, percentile-normalized) + nflreadr::load_schedules","2026-09-04 19:52:15.600932","ri-schedule-weekly-2026.1","CURRENT"
2025,2,"MIN","ATL","TE",-0.8667,0.0666666666666667,"nflverse (nflreadr::load_player_stats fantasy_points_ppr allowed-by-position, percentile-normalized) + nflreadr::load_schedules","2026-09-04 19:52:15.600932","ri-schedule-weekly-2026.1","CURRENT"
2025,2,"MIN","ATL","WR",-0.6129,0.193548387096774,"nflverse (nflreadr::load_player_stats fantasy_points_ppr allowed-by-position, percentile-normalized) + nflreadr::load_schedules","2026-09-04 19:52:15.600932","ri-schedule-weekly-2026.1","CURRENT"
2025,2,"NE","MIA","QB",0.871,0.935483870967742,"nflverse (nflreadr::load_player_stats fantasy_points_ppr allowed-by-position, percentile-normalized) + nflreadr::load_schedules","2026-09-04 19:52:15.600932","ri-schedule-weekly-2026.1","CURRENT"
2025,2,"NE","MIA","RB",1,1,"nflverse (nflreadr::load_player_stats fantasy_points_ppr allowed-by-position, percentile-normalized) + nflreadr::load_schedules","2026-09-04 19:52:15.600932","ri-schedule-weekly-2026.1","CURRENT"
2025,2,"NE","MIA","TE",-0.3333,0.333333333333333,"nflverse (nflreadr::load_player_stats fantasy_points_ppr allowed-by-position, percentile-normalized) + nflreadr::load_schedules","2026-09-04 19:52:15.600932","ri-schedule-weekly-2026.1","CURRENT"
2025,2,"NE","MIA","WR",-0.3548,0.32258064516129,"nflverse (nflreadr::load_player_stats fantasy_points_ppr allowed-by-position, percentile-normalized) + nflreadr::load_schedules","2026-09-04 19:52:15.600932","ri-schedule-weekly-2026.1","CURRENT"
2025,2,"NO","SF","QB",0.4194,0.709677419354839,"nflverse (nflreadr::load_player_stats fantasy_points_ppr allowed-by-position, percentile-normalized) + nflreadr::load_schedules","2026-09-04 19:52:15.600932","ri-schedule-weekly-2026.1","CURRENT"
2025,2,"NO","SF","RB",-0.4194,0.290322580645161,"nflverse (nflreadr::load_player_stats fantasy_points_ppr allowed-by-position, percentile-normalized) + nflreadr::load_schedules","2026-09-04 19:52:15.600932","ri-schedule-weekly-2026.1","CURRENT"
2025,2,"NO","SF","TE",0.4,0.7,"nflverse (nflreadr::load_player_stats fantasy_points_ppr allowed-by-position, percentile-normalized) + nflreadr::load_schedules","2026-09-04 19:52:15.600932","ri-schedule-weekly-2026.1","CURRENT"
2025,2,"NO","SF","WR",0.0968,0.548387096774194,"nflverse (nflreadr::load_player_stats fantasy_points_ppr allowed-by-position, percentile-normalized) + nflreadr::load_schedules","2026-09-04 19:52:15.600932","ri-schedule-weekly-2026.1","CURRENT"
2025,2,"NYG","DAL","QB",0.9355,0.967741935483871,"nflverse (nflreadr::load_player_stats fantasy_points_ppr allowed-by-position, percentile-normalized) + nflreadr::load_schedules","2026-09-04 19:52:15.600932","ri-schedule-weekly-2026.1","CURRENT"
2025,2,"NYG","DAL","RB",0.1613,0.580645161290323,"nflverse (nflreadr::load_player_stats fantasy_points_ppr allowed-by-position, percentile-normalized) + nflreadr::load_schedules","2026-09-04 19:52:15.600932","ri-schedule-weekly-2026.1","CURRENT"
2025,2,"NYG","DAL","TE",-0.4667,0.266666666666667,"nflverse (nflreadr::load_player_stats fantasy_points_ppr allowed-by-position, percentile-normalized) + nflreadr::load_schedules","2026-09-04 19:52:15.600932","ri-schedule-weekly-2026.1","CURRENT"
2025,2,"NYG","DAL","WR",1,1,"nflverse (nflreadr::load_player_stats fantasy_points_ppr allowed-by-position, percentile-normalized) + nflreadr::load_schedules","2026-09-04 19:52:15.600932","ri-schedule-weekly-2026.1","CURRENT"
2025,2,"NYJ","BUF","QB",-0.6129,0.193548387096774,"nflverse (nflreadr::load_player_stats fantasy_points_ppr allowed-by-position, percentile-normalized) + nflreadr::load_schedules","2026-09-04 19:52:15.600932","ri-schedule-weekly-2026.1","CURRENT"
2025,2,"NYJ","BUF","RB",-0.8065,0.0967741935483871,"nflverse (nflreadr::load_player_stats fantasy_points_ppr allowed-by-position, percentile-normalized) + nflreadr::load_schedules","2026-09-04 19:52:15.600932","ri-schedule-weekly-2026.1","CURRENT"
2025,2,"NYJ","BUF","TE",-0.2667,0.366666666666667,"nflverse (nflreadr::load_player_stats fantasy_points_ppr allowed-by-position, percentile-normalized) + nflreadr::load_schedules","2026-09-04 19:52:15.600932","ri-schedule-weekly-2026.1","CURRENT"
2025,2,"NYJ","BUF","WR",-1,0,"nflverse (nflreadr::load_player_stats fantasy_points_ppr allowed-by-position, percentile-normalized) + nflreadr::load_schedules","2026-09-04 19:52:15.600932","ri-schedule-weekly-2026.1","CURRENT"
2025,2,"PHI","KC","QB",-0.6774,0.161290322580645,"nflverse (nflreadr::load_player_stats fantasy_points_ppr allowed-by-position, percentile-normalized) + nflreadr::load_schedules","2026-09-04 19:52:15.600932","ri-schedule-weekly-2026.1","CURRENT"
2025,2,"PHI","KC","RB",-0.2903,0.354838709677419,"nflverse (nflreadr::load_player_stats fantasy_points_ppr allowed-by-position, percentile-normalized) + nflreadr::load_schedules","2026-09-04 19:52:15.600932","ri-schedule-weekly-2026.1","CURRENT"
2025,2,"PHI","KC","TE",-0.8,0.1,"nflverse (nflreadr::load_player_stats fantasy_points_ppr allowed-by-position, percentile-normalized) + nflreadr::load_schedules","2026-09-04 19:52:15.600932","ri-schedule-weekly-2026.1","CURRENT"
2025,2,"PHI","KC","WR",-0.7419,0.129032258064516,"nflverse (nflreadr::load_player_stats fantasy_points_ppr allowed-by-position, percentile-normalized) + nflreadr::load_schedules","2026-09-04 19:52:15.600932","ri-schedule-weekly-2026.1","CURRENT"
2025,2,"PIT","SEA","QB",-0.7419,0.129032258064516,"nflverse (nflreadr::load_player_stats fantasy_points_ppr allowed-by-position, percentile-normalized) + nflreadr::load_schedules","2026-09-04 19:52:15.600932","ri-schedule-weekly-2026.1","CURRENT"
2025,2,"PIT","SEA","RB",0.2258,0.612903225806452,"nflverse (nflreadr::load_player_stats fantasy_points_ppr allowed-by-position, percentile-normalized) + nflreadr::load_schedules","2026-09-04 19:52:15.600932","ri-schedule-weekly-2026.1","CURRENT"
2025,2,"PIT","SEA","TE",0.2667,0.633333333333333,"nflverse (nflreadr::load_player_stats fantasy_points_ppr allowed-by-position, percentile-normalized) + nflreadr::load_schedules","2026-09-04 19:52:15.600932","ri-schedule-weekly-2026.1","CURRENT"
2025,2,"PIT","SEA","WR",-0.8065,0.0967741935483871,"nflverse (nflreadr::load_player_stats fantasy_points_ppr allowed-by-position, percentile-normalized) + nflreadr::load_schedules","2026-09-04 19:52:15.600932","ri-schedule-weekly-2026.1","CURRENT"
2025,2,"SEA","PIT","QB",-0.2903,0.354838709677419,"nflverse (nflreadr::load_player_stats fantasy_points_ppr allowed-by-position, percentile-normalized) + nflreadr::load_schedules","2026-09-04 19:52:15.600932","ri-schedule-weekly-2026.1","CURRENT"
2025,2,"SEA","PIT","RB",0.3548,0.67741935483871,"nflverse (nflreadr::load_player_stats fantasy_points_ppr allowed-by-position, percentile-normalized) + nflreadr::load_schedules","2026-09-04 19:52:15.600932","ri-schedule-weekly-2026.1","CURRENT"
2025,2,"SEA","PIT","TE",0.4,0.7,"nflverse (nflreadr::load_player_stats fantasy_points_ppr allowed-by-position, percentile-normalized) + nflreadr::load_schedules","2026-09-04 19:52:15.600932","ri-schedule-weekly-2026.1","CURRENT"
2025,2,"SEA","PIT","WR",0.3548,0.67741935483871,"nflverse (nflreadr::load_player_stats fantasy_points_ppr allowed-by-position, percentile-normalized) + nflreadr::load_schedules","2026-09-04 19:52:15.600932","ri-schedule-weekly-2026.1","CURRENT"
2025,2,"SF","NO","QB",0.4839,0.741935483870968,"nflverse (nflreadr::load_player_stats fantasy_points_ppr allowed-by-position, percentile-normalized) + nflreadr::load_schedules","2026-09-04 19:52:15.600932","ri-schedule-weekly-2026.1","CURRENT"
2025,2,"SF","NO","RB",0.2903,0.645161290322581,"nflverse (nflreadr::load_player_stats fantasy_points_ppr allowed-by-position, percentile-normalized) + nflreadr::load_schedules","2026-09-04 19:52:15.600932","ri-schedule-weekly-2026.1","CURRENT"
2025,2,"SF","NO","TE",0.5333,0.766666666666667,"nflverse (nflreadr::load_player_stats fantasy_points_ppr allowed-by-position, percentile-normalized) + nflreadr::load_schedules","2026-09-04 19:52:15.600932","ri-schedule-weekly-2026.1","CURRENT"
2025,2,"SF","NO","WR",0.0323,0.516129032258065,"nflverse (nflreadr::load_player_stats fantasy_points_ppr allowed-by-position, percentile-normalized) + nflreadr::load_schedules","2026-09-04 19:52:15.600932","ri-schedule-weekly-2026.1","CURRENT"
2025,2,"TB","HOU","QB",0.1613,0.580645161290323,"nflverse (nflreadr::load_player_stats fantasy_points_ppr allowed-by-position, percentile-normalized) + nflreadr::load_schedules","2026-09-04 19:52:15.600932","ri-schedule-weekly-2026.1","CURRENT"
2025,2,"TB","HOU","RB",0.6774,0.838709677419355,"nflverse (nflreadr::load_player_stats fantasy_points_ppr allowed-by-position, percentile-normalized) + nflreadr::load_schedules","2026-09-04 19:52:15.600932","ri-schedule-weekly-2026.1","CURRENT"
2025,2,"TB","HOU","TE",-0.6,0.2,"nflverse (nflreadr::load_player_stats fantasy_points_ppr allowed-by-position, percentile-normalized) + nflreadr::load_schedules","2026-09-04 19:52:15.600932","ri-schedule-weekly-2026.1","CURRENT"
2025,2,"TB","HOU","WR",0.2258,0.612903225806452,"nflverse (nflreadr::load_player_stats fantasy_points_ppr allowed-by-position, percentile-normalized) + nflreadr::load_schedules","2026-09-04 19:52:15.600932","ri-schedule-weekly-2026.1","CURRENT"
2025,2,"TEN","LA","QB",-0.8065,0.0967741935483871,"nflverse (nflreadr::load_player_stats fantasy_points_ppr allowed-by-position, percentile-normalized) + nflreadr::load_schedules","2026-09-04 19:52:15.600932","ri-schedule-weekly-2026.1","CURRENT"
2025,2,"TEN","LA","RB",-0.6129,0.193548387096774,"nflverse (nflreadr::load_player_stats fantasy_points_ppr allowed-by-position, percentile-normalized) + nflreadr::load_schedules","2026-09-04 19:52:15.600932","ri-schedule-weekly-2026.1","CURRENT"
2025,2,"TEN","LA","TE",-0.2,0.4,"nflverse (nflreadr::load_player_stats fantasy_points_ppr allowed-by-position, percentile-normalized) + nflreadr::load_schedules","2026-09-04 19:52:15.600932","ri-schedule-weekly-2026.1","CURRENT"
2025,2,"TEN","LA","WR",-0.1613,0.419354838709677,"nflverse (nflreadr::load_player_stats fantasy_points_ppr allowed-by-position, percentile-normalized) + nflreadr::load_schedules","2026-09-04 19:52:15.600932","ri-schedule-weekly-2026.1","CURRENT"
2025,2,"WAS","GB","QB",0.0968,0.548387096774194,"nflverse (nflreadr::load_player_stats fantasy_points_ppr allowed-by-position, percentile-normalized) + nflreadr::load_schedules","2026-09-04 19:52:15.600932","ri-schedule-weekly-2026.1","CURRENT"
2025,2,"WAS","GB","RB",-1,0,"nflverse (nflreadr::load_player_stats fantasy_points_ppr allowed-by-position, percentile-normalized) + nflreadr::load_schedules","2026-09-04 19:52:15.600932","ri-schedule-weekly-2026.1","CURRENT"
2025,2,"WAS","GB","TE",0.8667,0.933333333333333,"nflverse (nflreadr::load_player_stats fantasy_points_ppr allowed-by-position, percentile-normalized) + nflreadr::load_schedules","2026-09-04 19:52:15.600932","ri-schedule-weekly-2026.1","CURRENT"
2025,2,"WAS","GB","WR",-0.0323,0.483870967741935,"nflverse (nflreadr::load_player_stats fantasy_points_ppr allowed-by-position, percentile-normalized) + nflreadr::load_schedules","2026-09-04 19:52:15.600932","ri-schedule-weekly-2026.1","CURRENT"
2025,3,"ARI","SF","QB",0.1613,0.580645161290323,"nflverse (nflreadr::load_player_stats fantasy_points_ppr allowed-by-position, percentile-normalized) + nflreadr::load_schedules","2026-09-04 19:52:15.600932","ri-schedule-weekly-2026.1","CURRENT"
2025,3,"ARI","SF","RB",-0.5484,0.225806451612903,"nflverse (nflreadr::load_player_stats fantasy_points_ppr allowed-by-position, percentile-normalized) + nflreadr::load_schedules","2026-09-04 19:52:15.600932","ri-schedule-weekly-2026.1","CURRENT"
2025,3,"ARI","SF","TE",0.6129,0.806451612903226,"nflverse (nflreadr::load_player_stats fantasy_points_ppr allowed-by-position, percentile-normalized) + nflreadr::load_schedules","2026-09-04 19:52:15.600932","ri-schedule-weekly-2026.1","CURRENT"
2025,3,"ARI","SF","WR",-0.7419,0.129032258064516,"nflverse (nflreadr::load_player_stats fantasy_points_ppr allowed-by-position, percentile-normalized) + nflreadr::load_schedules","2026-09-04 19:52:15.600932","ri-schedule-weekly-2026.1","CURRENT"
2025,3,"ATL","CAR","QB",-0.9355,0.032258064516129,"nflverse (nflreadr::load_player_stats fantasy_points_ppr allowed-by-position, percentile-normalized) + nflreadr::load_schedules","2026-09-04 19:52:15.600932","ri-schedule-weekly-2026.1","CURRENT"
2025,3,"ATL","CAR","RB",-0.0323,0.483870967741935,"nflverse (nflreadr::load_player_stats fantasy_points_ppr allowed-by-position, percentile-normalized) + nflreadr::load_schedules","2026-09-04 19:52:15.600932","ri-schedule-weekly-2026.1","CURRENT"
2025,3,"ATL","CAR","TE",-0.2258,0.387096774193548,"nflverse (nflreadr::load_player_stats fantasy_points_ppr allowed-by-position, percentile-normalized) + nflreadr::load_schedules","2026-09-04 19:52:15.600932","ri-schedule-weekly-2026.1","CURRENT"
2025,3,"ATL","CAR","WR",-0.3548,0.32258064516129,"nflverse (nflreadr::load_player_stats fantasy_points_ppr allowed-by-position, percentile-normalized) + nflreadr::load_schedules","2026-09-04 19:52:15.600932","ri-schedule-weekly-2026.1","CURRENT"
2025,3,"BAL","DET","QB",0.871,0.935483870967742,"nflverse (nflreadr::load_player_stats fantasy_points_ppr allowed-by-position, percentile-normalized) + nflreadr::load_schedules","2026-09-04 19:52:15.600932","ri-schedule-weekly-2026.1","CURRENT"
2025,3,"BAL","DET","RB",-0.2258,0.387096774193548,"nflverse (nflreadr::load_player_stats fantasy_points_ppr allowed-by-position, percentile-normalized) + nflreadr::load_schedules","2026-09-04 19:52:15.600932","ri-schedule-weekly-2026.1","CURRENT"
2025,3,"BAL","DET","TE",0.9355,0.967741935483871,"nflverse (nflreadr::load_player_stats fantasy_points_ppr allowed-by-position, percentile-normalized) + nflreadr::load_schedules","2026-09-04 19:52:15.600932","ri-schedule-weekly-2026.1","CURRENT"
2025,3,"BAL","DET","WR",-0.2903,0.354838709677419,"nflverse (nflreadr::load_player_stats fantasy_points_ppr allowed-by-position, percentile-normalized) + nflreadr::load_schedules","2026-09-04 19:52:15.600932","ri-schedule-weekly-2026.1","CURRENT"
2025,3,"BUF","MIA","QB",0.7419,0.870967741935484,"nflverse (nflreadr::load_player_stats fantasy_points_ppr allowed-by-position, percentile-normalized) + nflreadr::load_schedules","2026-09-04 19:52:15.600932","ri-schedule-weekly-2026.1","CURRENT"
2025,3,"BUF","MIA","RB",0.3548,0.67741935483871,"nflverse (nflreadr::load_player_stats fantasy_points_ppr allowed-by-position, percentile-normalized) + nflreadr::load_schedules","2026-09-04 19:52:15.600932","ri-schedule-weekly-2026.1","CURRENT"
2025,3,"BUF","MIA","TE",0.871,0.935483870967742,"nflverse (nflreadr::load_player_stats fantasy_points_ppr allowed-by-position, percentile-normalized) + nflreadr::load_schedules","2026-09-04 19:52:15.600932","ri-schedule-weekly-2026.1","CURRENT"
2025,3,"BUF","MIA","WR",0.0968,0.548387096774194,"nflverse (nflreadr::load_player_stats fantasy_points_ppr allowed-by-position, percentile-normalized) + nflreadr::load_schedules","2026-09-04 19:52:15.600932","ri-schedule-weekly-2026.1","CURRENT"
2025,3,"CAR","ATL","QB",-0.5484,0.225806451612903,"nflverse (nflreadr::load_player_stats fantasy_points_ppr allowed-by-position, percentile-normalized) + nflreadr::load_schedules","2026-09-04 19:52:15.600932","ri-schedule-weekly-2026.1","CURRENT"
2025,3,"CAR","ATL","RB",0.0323,0.516129032258065,"nflverse (nflreadr::load_player_stats fantasy_points_ppr allowed-by-position, percentile-normalized) + nflreadr::load_schedules","2026-09-04 19:52:15.600932","ri-schedule-weekly-2026.1","CURRENT"
2025,3,"CAR","ATL","TE",-0.1613,0.419354838709677,"nflverse (nflreadr::load_player_stats fantasy_points_ppr allowed-by-position, percentile-normalized) + nflreadr::load_schedules","2026-09-04 19:52:15.600932","ri-schedule-weekly-2026.1","CURRENT"
2025,3,"CAR","ATL","WR",-0.8065,0.0967741935483871,"nflverse (nflreadr::load_player_stats fantasy_points_ppr allowed-by-position, percentile-normalized) + nflreadr::load_schedules","2026-09-04 19:52:15.600932","ri-schedule-weekly-2026.1","CURRENT"
2025,3,"CHI","DAL","QB",1,1,"nflverse (nflreadr::load_player_stats fantasy_points_ppr allowed-by-position, percentile-normalized) + nflreadr::load_schedules","2026-09-04 19:52:15.600932","ri-schedule-weekly-2026.1","CURRENT"
2025,3,"CHI","DAL","RB",-0.6129,0.193548387096774,"nflverse (nflreadr::load_player_stats fantasy_points_ppr allowed-by-position, percentile-normalized) + nflreadr::load_schedules","2026-09-04 19:52:15.600932","ri-schedule-weekly-2026.1","CURRENT"
2025,3,"CHI","DAL","TE",0.2258,0.612903225806452,"nflverse (nflreadr::load_player_stats fantasy_points_ppr allowed-by-position, percentile-normalized) + nflreadr::load_schedules","2026-09-04 19:52:15.600932","ri-schedule-weekly-2026.1","CURRENT"
2025,3,"CHI","DAL","WR",0.9355,0.967741935483871,"nflverse (nflreadr::load_player_stats fantasy_points_ppr allowed-by-position, percentile-normalized) + nflreadr::load_schedules","2026-09-04 19:52:15.600932","ri-schedule-weekly-2026.1","CURRENT"
2025,3,"CIN","MIN","QB",-0.8065,0.0967741935483871,"nflverse (nflreadr::load_player_stats fantasy_points_ppr allowed-by-position, percentile-normalized) + nflreadr::load_schedules","2026-09-04 19:52:15.600932","ri-schedule-weekly-2026.1","CURRENT"
2025,3,"CIN","MIN","RB",-1,0,"nflverse (nflreadr::load_player_stats fantasy_points_ppr allowed-by-position, percentile-normalized) + nflreadr::load_schedules","2026-09-04 19:52:15.600932","ri-schedule-weekly-2026.1","CURRENT"
2025,3,"CIN","MIN","TE",0.5484,0.774193548387097,"nflverse (nflreadr::load_player_stats fantasy_points_ppr allowed-by-position, percentile-normalized) + nflreadr::load_schedules","2026-09-04 19:52:15.600932","ri-schedule-weekly-2026.1","CURRENT"
2025,3,"CIN","MIN","WR",-1,0,"nflverse (nflreadr::load_player_stats fantasy_points_ppr allowed-by-position, percentile-normalized) + nflreadr::load_schedules","2026-09-04 19:52:15.600932","ri-schedule-weekly-2026.1","CURRENT"
2025,3,"CLE","GB","QB",-1,0,"nflverse (nflreadr::load_player_stats fantasy_points_ppr allowed-by-position, percentile-normalized) + nflreadr::load_schedules","2026-09-04 19:52:15.600932","ri-schedule-weekly-2026.1","CURRENT"
2025,3,"CLE","GB","RB",0.2258,0.612903225806452,"nflverse (nflreadr::load_player_stats fantasy_points_ppr allowed-by-position, percentile-normalized) + nflreadr::load_schedules","2026-09-04 19:52:15.600932","ri-schedule-weekly-2026.1","CURRENT"
2025,3,"CLE","GB","TE",0.2903,0.645161290322581,"nflverse (nflreadr::load_player_stats fantasy_points_ppr allowed-by-position, percentile-normalized) + nflreadr::load_schedules","2026-09-04 19:52:15.600932","ri-schedule-weekly-2026.1","CURRENT"
2025,3,"CLE","GB","WR",-0.871,0.0645161290322581,"nflverse (nflreadr::load_player_stats fantasy_points_ppr allowed-by-position, percentile-normalized) + nflreadr::load_schedules","2026-09-04 19:52:15.600932","ri-schedule-weekly-2026.1","CURRENT"
2025,3,"DAL","CHI","QB",-0.4194,0.290322580645161,"nflverse (nflreadr::load_player_stats fantasy_points_ppr allowed-by-position, percentile-normalized) + nflreadr::load_schedules","2026-09-04 19:52:15.600932","ri-schedule-weekly-2026.1","CURRENT"
2025,3,"DAL","CHI","RB",0.0968,0.548387096774194,"nflverse (nflreadr::load_player_stats fantasy_points_ppr allowed-by-position, percentile-normalized) + nflreadr::load_schedules","2026-09-04 19:52:15.600932","ri-schedule-weekly-2026.1","CURRENT"
2025,3,"DAL","CHI","TE",0.7419,0.870967741935484,"nflverse (nflreadr::load_player_stats fantasy_points_ppr allowed-by-position, percentile-normalized) + nflreadr::load_schedules","2026-09-04 19:52:15.600932","ri-schedule-weekly-2026.1","CURRENT"
2025,3,"DAL","CHI","WR",0.4194,0.709677419354839,"nflverse (nflreadr::load_player_stats fantasy_points_ppr allowed-by-position, percentile-normalized) + nflreadr::load_schedules","2026-09-04 19:52:15.600932","ri-schedule-weekly-2026.1","CURRENT"
2025,3,"DEN","LAC","QB",0.0323,0.516129032258065,"nflverse (nflreadr::load_player_stats fantasy_points_ppr allowed-by-position, percentile-normalized) + nflreadr::load_schedules","2026-09-04 19:52:15.600932","ri-schedule-weekly-2026.1","CURRENT"
2025,3,"DEN","LAC","RB",-0.0968,0.451612903225806,"nflverse (nflreadr::load_player_stats fantasy_points_ppr allowed-by-position, percentile-normalized) + nflreadr::load_schedules","2026-09-04 19:52:15.600932","ri-schedule-weekly-2026.1","CURRENT"
2025,3,"DEN","LAC","TE",-0.871,0.0645161290322581,"nflverse (nflreadr::load_player_stats fantasy_points_ppr allowed-by-position, percentile-normalized) + nflreadr::load_schedules","2026-09-04 19:52:15.600932","ri-schedule-weekly-2026.1","CURRENT"
2025,3,"DEN","LAC","WR",-0.2258,0.387096774193548,"nflverse (nflreadr::load_player_stats fantasy_points_ppr allowed-by-position, percentile-normalized) + nflreadr::load_schedules","2026-09-04 19:52:15.600932","ri-schedule-weekly-2026.1","CURRENT"
2025,3,"DET","BAL","QB",-0.2258,0.387096774193548,"nflverse (nflreadr::load_player_stats fantasy_points_ppr allowed-by-position, percentile-normalized) + nflreadr::load_schedules","2026-09-04 19:52:15.600932","ri-schedule-weekly-2026.1","CURRENT"
2025,3,"DET","BAL","RB",1,1,"nflverse (nflreadr::load_player_stats fantasy_points_ppr allowed-by-position, percentile-normalized) + nflreadr::load_schedules","2026-09-04 19:52:15.600932","ri-schedule-weekly-2026.1","CURRENT"
2025,3,"DET","BAL","TE",-0.2903,0.354838709677419,"nflverse (nflreadr::load_player_stats fantasy_points_ppr allowed-by-position, percentile-normalized) + nflreadr::load_schedules","2026-09-04 19:52:15.600932","ri-schedule-weekly-2026.1","CURRENT"
2025,3,"DET","BAL","WR",-0.1613,0.419354838709677,"nflverse (nflreadr::load_player_stats fantasy_points_ppr allowed-by-position, percentile-normalized) + nflreadr::load_schedules","2026-09-04 19:52:15.600932","ri-schedule-weekly-2026.1","CURRENT"
2025,3,"GB","CLE","QB",-0.6129,0.193548387096774,"nflverse (nflreadr::load_player_stats fantasy_points_ppr allowed-by-position, percentile-normalized) + nflreadr::load_schedules","2026-09-04 19:52:15.600932","ri-schedule-weekly-2026.1","CURRENT"
2025,3,"GB","CLE","RB",-0.4839,0.258064516129032,"nflverse (nflreadr::load_player_stats fantasy_points_ppr allowed-by-position, percentile-normalized) + nflreadr::load_schedules","2026-09-04 19:52:15.600932","ri-schedule-weekly-2026.1","CURRENT"
2025,3,"GB","CLE","TE",0.3548,0.67741935483871,"nflverse (nflreadr::load_player_stats fantasy_points_ppr allowed-by-position, percentile-normalized) + nflreadr::load_schedules","2026-09-04 19:52:15.600932","ri-schedule-weekly-2026.1","CURRENT"
2025,3,"GB","CLE","WR",-0.6774,0.161290322580645,"nflverse (nflreadr::load_player_stats fantasy_points_ppr allowed-by-position, percentile-normalized) + nflreadr::load_schedules","2026-09-04 19:52:15.600932","ri-schedule-weekly-2026.1","CURRENT"
2025,3,"HOU","JAX","QB",-0.6774,0.161290322580645,"nflverse (nflreadr::load_player_stats fantasy_points_ppr allowed-by-position, percentile-normalized) + nflreadr::load_schedules","2026-09-04 19:52:15.600932","ri-schedule-weekly-2026.1","CURRENT"
2025,3,"HOU","JAX","RB",-0.8065,0.0967741935483871,"nflverse (nflreadr::load_player_stats fantasy_points_ppr allowed-by-position, percentile-normalized) + nflreadr::load_schedules","2026-09-04 19:52:15.600932","ri-schedule-weekly-2026.1","CURRENT"
2025,3,"HOU","JAX","TE",-0.0968,0.451612903225806,"nflverse (nflreadr::load_player_stats fantasy_points_ppr allowed-by-position, percentile-normalized) + nflreadr::load_schedules","2026-09-04 19:52:15.600932","ri-schedule-weekly-2026.1","CURRENT"
2025,3,"HOU","JAX","WR",0.1613,0.580645161290323,"nflverse (nflreadr::load_player_stats fantasy_points_ppr allowed-by-position, percentile-normalized) + nflreadr::load_schedules","2026-09-04 19:52:15.600932","ri-schedule-weekly-2026.1","CURRENT"
2025,3,"IND","TEN","QB",0.2903,0.645161290322581,"nflverse (nflreadr::load_player_stats fantasy_points_ppr allowed-by-position, percentile-normalized) + nflreadr::load_schedules","2026-09-04 19:52:15.600932","ri-schedule-weekly-2026.1","CURRENT"
2025,3,"IND","TEN","RB",0.9355,0.967741935483871,"nflverse (nflreadr::load_player_stats fantasy_points_ppr allowed-by-position, percentile-normalized) + nflreadr::load_schedules","2026-09-04 19:52:15.600932","ri-schedule-weekly-2026.1","CURRENT"
2025,3,"IND","TEN","TE",-0.4839,0.258064516129032,"nflverse (nflreadr::load_player_stats fantasy_points_ppr allowed-by-position, percentile-normalized) + nflreadr::load_schedules","2026-09-04 19:52:15.600932","ri-schedule-weekly-2026.1","CURRENT"
2025,3,"IND","TEN","WR",0.1613,0.580645161290323,"nflverse (nflreadr::load_player_stats fantasy_points_ppr allowed-by-position, percentile-normalized) + nflreadr::load_schedules","2026-09-04 19:52:15.600932","ri-schedule-weekly-2026.1","CURRENT"
2025,3,"JAX","HOU","QB",-0.7419,0.129032258064516,"nflverse (nflreadr::load_player_stats fantasy_points_ppr allowed-by-position, percentile-normalized) + nflreadr::load_schedules","2026-09-04 19:52:15.600932","ri-schedule-weekly-2026.1","CURRENT"
2025,3,"JAX","HOU","RB",0.1613,0.580645161290323,"nflverse (nflreadr::load_player_stats fantasy_points_ppr allowed-by-position, percentile-normalized) + nflreadr::load_schedules","2026-09-04 19:52:15.600932","ri-schedule-weekly-2026.1","CURRENT"
2025,3,"JAX","HOU","TE",0.4194,0.709677419354839,"nflverse (nflreadr::load_player_stats fantasy_points_ppr allowed-by-position, percentile-normalized) + nflreadr::load_schedules","2026-09-04 19:52:15.600932","ri-schedule-weekly-2026.1","CURRENT"
2025,3,"JAX","HOU","WR",-0.6129,0.193548387096774,"nflverse (nflreadr::load_player_stats fantasy_points_ppr allowed-by-position, percentile-normalized) + nflreadr::load_schedules","2026-09-04 19:52:15.600932","ri-schedule-weekly-2026.1","CURRENT"
2025,3,"KC","NYG","QB",-0.0968,0.451612903225806,"nflverse (nflreadr::load_player_stats fantasy_points_ppr allowed-by-position, percentile-normalized) + nflreadr::load_schedules","2026-09-04 19:52:15.600932","ri-schedule-weekly-2026.1","CURRENT"
2025,3,"KC","NYG","RB",-0.1613,0.419354838709677,"nflverse (nflreadr::load_player_stats fantasy_points_ppr allowed-by-position, percentile-normalized) + nflreadr::load_schedules","2026-09-04 19:52:15.600932","ri-schedule-weekly-2026.1","CURRENT"
2025,3,"KC","NYG","TE",0.1613,0.580645161290323,"nflverse (nflreadr::load_player_stats fantasy_points_ppr allowed-by-position, percentile-normalized) + nflreadr::load_schedules","2026-09-04 19:52:15.600932","ri-schedule-weekly-2026.1","CURRENT"
2025,3,"KC","NYG","WR",0.2903,0.645161290322581,"nflverse (nflreadr::load_player_stats fantasy_points_ppr allowed-by-position, percentile-normalized) + nflreadr::load_schedules","2026-09-04 19:52:15.600932","ri-schedule-weekly-2026.1","CURRENT"
2025,3,"LA","PHI","QB",0.0968,0.548387096774194,"nflverse (nflreadr::load_player_stats fantasy_points_ppr allowed-by-position, percentile-normalized) + nflreadr::load_schedules","2026-09-04 19:52:15.600932","ri-schedule-weekly-2026.1","CURRENT"
2025,3,"LA","PHI","RB",0.4839,0.741935483870968,"nflverse (nflreadr::load_player_stats fantasy_points_ppr allowed-by-position, percentile-normalized) + nflreadr::load_schedules","2026-09-04 19:52:15.600932","ri-schedule-weekly-2026.1","CURRENT"
2025,3,"LA","PHI","TE",-0.9355,0.032258064516129,"nflverse (nflreadr::load_player_stats fantasy_points_ppr allowed-by-position, percentile-normalized) + nflreadr::load_schedules","2026-09-04 19:52:15.600932","ri-schedule-weekly-2026.1","CURRENT"
2025,3,"LA","PHI","WR",0.5484,0.774193548387097,"nflverse (nflreadr::load_player_stats fantasy_points_ppr allowed-by-position, percentile-normalized) + nflreadr::load_schedules","2026-09-04 19:52:15.600932","ri-schedule-weekly-2026.1","CURRENT"
2025,3,"LAC","DEN","QB",0.2258,0.612903225806452,"nflverse (nflreadr::load_player_stats fantasy_points_ppr allowed-by-position, percentile-normalized) + nflreadr::load_schedules","2026-09-04 19:52:15.600932","ri-schedule-weekly-2026.1","CURRENT"
2025,3,"LAC","DEN","RB",0.6774,0.838709677419355,"nflverse (nflreadr::load_player_stats fantasy_points_ppr allowed-by-position, percentile-normalized) + nflreadr::load_schedules","2026-09-04 19:52:15.600932","ri-schedule-weekly-2026.1","CURRENT"
2025,3,"LAC","DEN","TE",-0.0323,0.483870967741935,"nflverse (nflreadr::load_player_stats fantasy_points_ppr allowed-by-position, percentile-normalized) + nflreadr::load_schedules","2026-09-04 19:52:15.600932","ri-schedule-weekly-2026.1","CURRENT"
2025,3,"LAC","DEN","WR",0.7419,0.870967741935484,"nflverse (nflreadr::load_player_stats fantasy_points_ppr allowed-by-position, percentile-normalized) + nflreadr::load_schedules","2026-09-04 19:52:15.600932","ri-schedule-weekly-2026.1","CURRENT"
2025,3,"LV","WAS","QB",0.8065,0.903225806451613,"nflverse (nflreadr::load_player_stats fantasy_points_ppr allowed-by-position, percentile-normalized) + nflreadr::load_schedules","2026-09-04 19:52:15.600932","ri-schedule-weekly-2026.1","CURRENT"
2025,3,"LV","WAS","RB",-0.871,0.0645161290322581,"nflverse (nflreadr::load_player_stats fantasy_points_ppr allowed-by-position, percentile-normalized) + nflreadr::load_schedules","2026-09-04 19:52:15.600932","ri-schedule-weekly-2026.1","CURRENT"
2025,3,"LV","WAS","TE",0.0323,0.516129032258065,"nflverse (nflreadr::load_player_stats fantasy_points_ppr allowed-by-position, percentile-normalized) + nflreadr::load_schedules","2026-09-04 19:52:15.600932","ri-schedule-weekly-2026.1","CURRENT"
2025,3,"LV","WAS","WR",1,1,"nflverse (nflreadr::load_player_stats fantasy_points_ppr allowed-by-position, percentile-normalized) + nflreadr::load_schedules","2026-09-04 19:52:15.600932","ri-schedule-weekly-2026.1","CURRENT"
2025,3,"MIA","BUF","QB",-0.1613,0.419354838709677,"nflverse (nflreadr::load_player_stats fantasy_points_ppr allowed-by-position, percentile-normalized) + nflreadr::load_schedules","2026-09-04 19:52:15.600932","ri-schedule-weekly-2026.1","CURRENT"
2025,3,"MIA","BUF","RB",0.5484,0.774193548387097,"nflverse (nflreadr::load_player_stats fantasy_points_ppr allowed-by-position, percentile-normalized) + nflreadr::load_schedules","2026-09-04 19:52:15.600932","ri-schedule-weekly-2026.1","CURRENT"
2025,3,"MIA","BUF","TE",-0.8065,0.0967741935483871,"nflverse (nflreadr::load_player_stats fantasy_points_ppr allowed-by-position, percentile-normalized) + nflreadr::load_schedules","2026-09-04 19:52:15.600932","ri-schedule-weekly-2026.1","CURRENT"
2025,3,"MIA","BUF","WR",0.3548,0.67741935483871,"nflverse (nflreadr::load_player_stats fantasy_points_ppr allowed-by-position, percentile-normalized) + nflreadr::load_schedules","2026-09-04 19:52:15.600932","ri-schedule-weekly-2026.1","CURRENT"
2025,3,"MIN","CIN","QB",0.3548,0.67741935483871,"nflverse (nflreadr::load_player_stats fantasy_points_ppr allowed-by-position, percentile-normalized) + nflreadr::load_schedules","2026-09-04 19:52:15.600932","ri-schedule-weekly-2026.1","CURRENT"
2025,3,"MIN","CIN","RB",0.871,0.935483870967742,"nflverse (nflreadr::load_player_stats fantasy_points_ppr allowed-by-position, percentile-normalized) + nflreadr::load_schedules","2026-09-04 19:52:15.600932","ri-schedule-weekly-2026.1","CURRENT"
2025,3,"MIN","CIN","TE",0.8065,0.903225806451613,"nflverse (nflreadr::load_player_stats fantasy_points_ppr allowed-by-position, percentile-normalized) + nflreadr::load_schedules","2026-09-04 19:52:15.600932","ri-schedule-weekly-2026.1","CURRENT"
2025,3,"MIN","CIN","WR",-0.5484,0.225806451612903,"nflverse (nflreadr::load_player_stats fantasy_points_ppr allowed-by-position, percentile-normalized) + nflreadr::load_schedules","2026-09-04 19:52:15.600932","ri-schedule-weekly-2026.1","CURRENT"
2025,3,"NE","PIT","QB",0.6129,0.806451612903226,"nflverse (nflreadr::load_player_stats fantasy_points_ppr allowed-by-position, percentile-normalized) + nflreadr::load_schedules","2026-09-04 19:52:15.600932","ri-schedule-weekly-2026.1","CURRENT"
2025,3,"NE","PIT","RB",-0.6774,0.161290322580645,"nflverse (nflreadr::load_player_stats fantasy_points_ppr allowed-by-position, percentile-normalized) + nflreadr::load_schedules","2026-09-04 19:52:15.600932","ri-schedule-weekly-2026.1","CURRENT"
2025,3,"NE","PIT","TE",1,1,"nflverse (nflreadr::load_player_stats fantasy_points_ppr allowed-by-position, percentile-normalized) + nflreadr::load_schedules","2026-09-04 19:52:15.600932","ri-schedule-weekly-2026.1","CURRENT"
2025,3,"NE","PIT","WR",-0.4839,0.258064516129032,"nflverse (nflreadr::load_player_stats fantasy_points_ppr allowed-by-position, percentile-normalized) + nflreadr::load_schedules","2026-09-04 19:52:15.600932","ri-schedule-weekly-2026.1","CURRENT"
2025,3,"NO","SEA","QB",-0.3548,0.32258064516129,"nflverse (nflreadr::load_player_stats fantasy_points_ppr allowed-by-position, percentile-normalized) + nflreadr::load_schedules","2026-09-04 19:52:15.600932","ri-schedule-weekly-2026.1","CURRENT"
2025,3,"NO","SEA","RB",-0.7419,0.129032258064516,"nflverse (nflreadr::load_player_stats fantasy_points_ppr allowed-by-position, percentile-normalized) + nflreadr::load_schedules","2026-09-04 19:52:15.600932","ri-schedule-weekly-2026.1","CURRENT"
2025,3,"NO","SEA","TE",0.6774,0.838709677419355,"nflverse (nflreadr::load_player_stats fantasy_points_ppr allowed-by-position, percentile-normalized) + nflreadr::load_schedules","2026-09-04 19:52:15.600932","ri-schedule-weekly-2026.1","CURRENT"
2025,3,"NO","SEA","WR",-0.0968,0.451612903225806,"nflverse (nflreadr::load_player_stats fantasy_points_ppr allowed-by-position, percentile-normalized) + nflreadr::load_schedules","2026-09-04 19:52:15.600932","ri-schedule-weekly-2026.1","CURRENT"
2025,3,"NYG","KC","QB",-0.871,0.0645161290322581,"nflverse (nflreadr::load_player_stats fantasy_points_ppr allowed-by-position, percentile-normalized) + nflreadr::load_schedules","2026-09-04 19:52:15.600932","ri-schedule-weekly-2026.1","CURRENT"
2025,3,"NYG","KC","RB",0.8065,0.903225806451613,"nflverse (nflreadr::load_player_stats fantasy_points_ppr allowed-by-position, percentile-normalized) + nflreadr::load_schedules","2026-09-04 19:52:15.600932","ri-schedule-weekly-2026.1","CURRENT"
2025,3,"NYG","KC","TE",-0.6774,0.161290322580645,"nflverse (nflreadr::load_player_stats fantasy_points_ppr allowed-by-position, percentile-normalized) + nflreadr::load_schedules","2026-09-04 19:52:15.600932","ri-schedule-weekly-2026.1","CURRENT"
2025,3,"NYG","KC","WR",-0.9355,0.032258064516129,"nflverse (nflreadr::load_player_stats fantasy_points_ppr allowed-by-position, percentile-normalized) + nflreadr::load_schedules","2026-09-04 19:52:15.600932","ri-schedule-weekly-2026.1","CURRENT"
2025,3,"NYJ","TB","QB",0.4194,0.709677419354839,"nflverse (nflreadr::load_player_stats fantasy_points_ppr allowed-by-position, percentile-normalized) + nflreadr::load_schedules","2026-09-04 19:52:15.600932","ri-schedule-weekly-2026.1","CURRENT"
2025,3,"NYJ","TB","RB",-0.4194,0.290322580645161,"nflverse (nflreadr::load_player_stats fantasy_points_ppr allowed-by-position, percentile-normalized) + nflreadr::load_schedules","2026-09-04 19:52:15.600932","ri-schedule-weekly-2026.1","CURRENT"
2025,3,"NYJ","TB","TE",-0.5484,0.225806451612903,"nflverse (nflreadr::load_player_stats fantasy_points_ppr allowed-by-position, percentile-normalized) + nflreadr::load_schedules","2026-09-04 19:52:15.600932","ri-schedule-weekly-2026.1","CURRENT"
2025,3,"NYJ","TB","WR",0.6129,0.806451612903226,"nflverse (nflreadr::load_player_stats fantasy_points_ppr allowed-by-position, percentile-normalized) + nflreadr::load_schedules","2026-09-04 19:52:15.600932","ri-schedule-weekly-2026.1","CURRENT"
2025,3,"PHI","LA","QB",0.9355,0.967741935483871,"nflverse (nflreadr::load_player_stats fantasy_points_ppr allowed-by-position, percentile-normalized) + nflreadr::load_schedules","2026-09-04 19:52:15.600932","ri-schedule-weekly-2026.1","CURRENT"
2025,3,"PHI","LA","RB",-0.9355,0.032258064516129,"nflverse (nflreadr::load_player_stats fantasy_points_ppr allowed-by-position, percentile-normalized) + nflreadr::load_schedules","2026-09-04 19:52:15.600932","ri-schedule-weekly-2026.1","CURRENT"
2025,3,"PHI","LA","TE",0.0968,0.548387096774194,"nflverse (nflreadr::load_player_stats fantasy_points_ppr allowed-by-position, percentile-normalized) + nflreadr::load_schedules","2026-09-04 19:52:15.600932","ri-schedule-weekly-2026.1","CURRENT"
2025,3,"PHI","LA","WR",0.871,0.935483870967742,"nflverse (nflreadr::load_player_stats fantasy_points_ppr allowed-by-position, percentile-normalized) + nflreadr::load_schedules","2026-09-04 19:52:15.600932","ri-schedule-weekly-2026.1","CURRENT"
2025,3,"PIT","NE","QB",-0.4839,0.258064516129032,"nflverse (nflreadr::load_player_stats fantasy_points_ppr allowed-by-position, percentile-normalized) + nflreadr::load_schedules","2026-09-04 19:52:15.600932","ri-schedule-weekly-2026.1","CURRENT"
2025,3,"PIT","NE","RB",0.2903,0.645161290322581,"nflverse (nflreadr::load_player_stats fantasy_points_ppr allowed-by-position, percentile-normalized) + nflreadr::load_schedules","2026-09-04 19:52:15.600932","ri-schedule-weekly-2026.1","CURRENT"
2025,3,"PIT","NE","TE",-0.3548,0.32258064516129,"nflverse (nflreadr::load_player_stats fantasy_points_ppr allowed-by-position, percentile-normalized) + nflreadr::load_schedules","2026-09-04 19:52:15.600932","ri-schedule-weekly-2026.1","CURRENT"
2025,3,"PIT","NE","WR",-0.4194,0.290322580645161,"nflverse (nflreadr::load_player_stats fantasy_points_ppr allowed-by-position, percentile-normalized) + nflreadr::load_schedules","2026-09-04 19:52:15.600932","ri-schedule-weekly-2026.1","CURRENT"
2025,3,"SEA","NO","QB",0.4839,0.741935483870968,"nflverse (nflreadr::load_player_stats fantasy_points_ppr allowed-by-position, percentile-normalized) + nflreadr::load_schedules","2026-09-04 19:52:15.600932","ri-schedule-weekly-2026.1","CURRENT"
2025,3,"SEA","NO","RB",0.4194,0.709677419354839,"nflverse (nflreadr::load_player_stats fantasy_points_ppr allowed-by-position, percentile-normalized) + nflreadr::load_schedules","2026-09-04 19:52:15.600932","ri-schedule-weekly-2026.1","CURRENT"
2025,3,"SEA","NO","TE",-0.6129,0.193548387096774,"nflverse (nflreadr::load_player_stats fantasy_points_ppr allowed-by-position, percentile-normalized) + nflreadr::load_schedules","2026-09-04 19:52:15.600932","ri-schedule-weekly-2026.1","CURRENT"
2025,3,"SEA","NO","WR",0.8065,0.903225806451613,"nflverse (nflreadr::load_player_stats fantasy_points_ppr allowed-by-position, percentile-normalized) + nflreadr::load_schedules","2026-09-04 19:52:15.600932","ri-schedule-weekly-2026.1","CURRENT"
2025,3,"SF","ARI","QB",-0.0323,0.483870967741935,"nflverse (nflreadr::load_player_stats fantasy_points_ppr allowed-by-position, percentile-normalized) + nflreadr::load_schedules","2026-09-04 19:52:15.600932","ri-schedule-weekly-2026.1","CURRENT"
2025,3,"SF","ARI","RB",0.6129,0.806451612903226,"nflverse (nflreadr::load_player_stats fantasy_points_ppr allowed-by-position, percentile-normalized) + nflreadr::load_schedules","2026-09-04 19:52:15.600932","ri-schedule-weekly-2026.1","CURRENT"
2025,3,"SF","ARI","TE",-0.7419,0.129032258064516,"nflverse (nflreadr::load_player_stats fantasy_points_ppr allowed-by-position, percentile-normalized) + nflreadr::load_schedules","2026-09-04 19:52:15.600932","ri-schedule-weekly-2026.1","CURRENT"
2025,3,"SF","ARI","WR",0.0323,0.516129032258065,"nflverse (nflreadr::load_player_stats fantasy_points_ppr allowed-by-position, percentile-normalized) + nflreadr::load_schedules","2026-09-04 19:52:15.600932","ri-schedule-weekly-2026.1","CURRENT"
2025,3,"TB","NYJ","QB",0.5484,0.774193548387097,"nflverse (nflreadr::load_player_stats fantasy_points_ppr allowed-by-position, percentile-normalized) + nflreadr::load_schedules","2026-09-04 19:52:15.600932","ri-schedule-weekly-2026.1","CURRENT"
2025,3,"TB","NYJ","RB",-0.3548,0.32258064516129,"nflverse (nflreadr::load_player_stats fantasy_points_ppr allowed-by-position, percentile-normalized) + nflreadr::load_schedules","2026-09-04 19:52:15.600932","ri-schedule-weekly-2026.1","CURRENT"
2025,3,"TB","NYJ","TE",-1,0,"nflverse (nflreadr::load_player_stats fantasy_points_ppr allowed-by-position, percentile-normalized) + nflreadr::load_schedules","2026-09-04 19:52:15.600932","ri-schedule-weekly-2026.1","CURRENT"
2025,3,"TB","NYJ","WR",0.4839,0.741935483870968,"nflverse (nflreadr::load_player_stats fantasy_points_ppr allowed-by-position, percentile-normalized) + nflreadr::load_schedules","2026-09-04 19:52:15.600932","ri-schedule-weekly-2026.1","CURRENT"
2025,3,"TEN","IND","QB",-0.2903,0.354838709677419,"nflverse (nflreadr::load_player_stats fantasy_points_ppr allowed-by-position, percentile-normalized) + nflreadr::load_schedules","2026-09-04 19:52:15.600932","ri-schedule-weekly-2026.1","CURRENT"
2025,3,"TEN","IND","RB",-0.2903,0.354838709677419,"nflverse (nflreadr::load_player_stats fantasy_points_ppr allowed-by-position, percentile-normalized) + nflreadr::load_schedules","2026-09-04 19:52:15.600932","ri-schedule-weekly-2026.1","CURRENT"
2025,3,"TEN","IND","TE",0.4839,0.741935483870968,"nflverse (nflreadr::load_player_stats fantasy_points_ppr allowed-by-position, percentile-normalized) + nflreadr::load_schedules","2026-09-04 19:52:15.600932","ri-schedule-weekly-2026.1","CURRENT"
2025,3,"TEN","IND","WR",-0.0323,0.483870967741935,"nflverse (nflreadr::load_player_stats fantasy_points_ppr allowed-by-position, percentile-normalized) + nflreadr::load_schedules","2026-09-04 19:52:15.600932","ri-schedule-weekly-2026.1","CURRENT"
2025,3,"WAS","LV","QB",0.6774,0.838709677419355,"nflverse (nflreadr::load_player_stats fantasy_points_ppr allowed-by-position, percentile-normalized) + nflreadr::load_schedules","2026-09-04 19:52:15.600932","ri-schedule-weekly-2026.1","CURRENT"
2025,3,"WAS","LV","RB",0.7419,0.870967741935484,"nflverse (nflreadr::load_player_stats fantasy_points_ppr allowed-by-position, percentile-normalized) + nflreadr::load_schedules","2026-09-04 19:52:15.600932","ri-schedule-weekly-2026.1","CURRENT"
2025,3,"WAS","LV","TE",-0.4839,0.258064516129032,"nflverse (nflreadr::load_player_stats fantasy_points_ppr allowed-by-position, percentile-normalized) + nflreadr::load_schedules","2026-09-04 19:52:15.600932","ri-schedule-weekly-2026.1","CURRENT"
2025,3,"WAS","LV","WR",0.6774,0.838709677419355,"nflverse (nflreadr::load_player_stats fantasy_points_ppr allowed-by-position, percentile-normalized) + nflreadr::load_schedules","2026-09-04 19:52:15.600932","ri-schedule-weekly-2026.1","CURRENT"
2025,4,"ARI","SEA","QB",-0.0968,0.451612903225806,"nflverse (nflreadr::load_player_stats fantasy_points_ppr allowed-by-position, percentile-normalized) + nflreadr::load_schedules","2026-09-04 19:52:15.600932","ri-schedule-weekly-2026.1","CURRENT"
2025,4,"ARI","SEA","RB",-0.2903,0.354838709677419,"nflverse (nflreadr::load_player_stats fantasy_points_ppr allowed-by-position, percentile-normalized) + nflreadr::load_schedules","2026-09-04 19:52:15.600932","ri-schedule-weekly-2026.1","CURRENT"
2025,4,"ARI","SEA","TE",0.0323,0.516129032258065,"nflverse (nflreadr::load_player_stats fantasy_points_ppr allowed-by-position, percentile-normalized) + nflreadr::load_schedules","2026-09-04 19:52:15.600932","ri-schedule-weekly-2026.1","CURRENT"
2025,4,"ARI","SEA","WR",0.0968,0.548387096774194,"nflverse (nflreadr::load_player_stats fantasy_points_ppr allowed-by-position, percentile-normalized) + nflreadr::load_schedules","2026-09-04 19:52:15.600932","ri-schedule-weekly-2026.1","CURRENT"
2025,4,"ATL","WAS","QB",0.2258,0.612903225806452,"nflverse (nflreadr::load_player_stats fantasy_points_ppr allowed-by-position, percentile-normalized) + nflreadr::load_schedules","2026-09-04 19:52:15.600932","ri-schedule-weekly-2026.1","CURRENT"
2025,4,"ATL","WAS","RB",0.871,0.935483870967742,"nflverse (nflreadr::load_player_stats fantasy_points_ppr allowed-by-position, percentile-normalized) + nflreadr::load_schedules","2026-09-04 19:52:15.600932","ri-schedule-weekly-2026.1","CURRENT"
2025,4,"ATL","WAS","TE",0.5484,0.774193548387097,"nflverse (nflreadr::load_player_stats fantasy_points_ppr allowed-by-position, percentile-normalized) + nflreadr::load_schedules","2026-09-04 19:52:15.600932","ri-schedule-weekly-2026.1","CURRENT"
2025,4,"ATL","WAS","WR",0.0323,0.516129032258065,"nflverse (nflreadr::load_player_stats fantasy_points_ppr allowed-by-position, percentile-normalized) + nflreadr::load_schedules","2026-09-04 19:52:15.600932","ri-schedule-weekly-2026.1","CURRENT"
2025,4,"BAL","KC","QB",-0.4194,0.290322580645161,"nflverse (nflreadr::load_player_stats fantasy_points_ppr allowed-by-position, percentile-normalized) + nflreadr::load_schedules","2026-09-04 19:52:15.600932","ri-schedule-weekly-2026.1","CURRENT"
2025,4,"BAL","KC","RB",0.8065,0.903225806451613,"nflverse (nflreadr::load_player_stats fantasy_points_ppr allowed-by-position, percentile-normalized) + nflreadr::load_schedules","2026-09-04 19:52:15.600932","ri-schedule-weekly-2026.1","CURRENT"
2025,4,"BAL","KC","TE",-0.0968,0.451612903225806,"nflverse (nflreadr::load_player_stats fantasy_points_ppr allowed-by-position, percentile-normalized) + nflreadr::load_schedules","2026-09-04 19:52:15.600932","ri-schedule-weekly-2026.1","CURRENT"
2025,4,"BAL","KC","WR",-0.5484,0.225806451612903,"nflverse (nflreadr::load_player_stats fantasy_points_ppr allowed-by-position, percentile-normalized) + nflreadr::load_schedules","2026-09-04 19:52:15.600932","ri-schedule-weekly-2026.1","CURRENT"
2025,4,"BUF","NO","QB",0.6129,0.806451612903226,"nflverse (nflreadr::load_player_stats fantasy_points_ppr allowed-by-position, percentile-normalized) + nflreadr::load_schedules","2026-09-04 19:52:15.600932","ri-schedule-weekly-2026.1","CURRENT"
2025,4,"BUF","NO","RB",-0.0968,0.451612903225806,"nflverse (nflreadr::load_player_stats fantasy_points_ppr allowed-by-position, percentile-normalized) + nflreadr::load_schedules","2026-09-04 19:52:15.600932","ri-schedule-weekly-2026.1","CURRENT"
2025,4,"BUF","NO","TE",0.1613,0.580645161290323,"nflverse (nflreadr::load_player_stats fantasy_points_ppr allowed-by-position, percentile-normalized) + nflreadr::load_schedules","2026-09-04 19:52:15.600932","ri-schedule-weekly-2026.1","CURRENT"
2025,4,"BUF","NO","WR",0.2258,0.612903225806452,"nflverse (nflreadr::load_player_stats fantasy_points_ppr allowed-by-position, percentile-normalized) + nflreadr::load_schedules","2026-09-04 19:52:15.600932","ri-schedule-weekly-2026.1","CURRENT"
2025,4,"CAR","NE","QB",0.0323,0.516129032258065,"nflverse (nflreadr::load_player_stats fantasy_points_ppr allowed-by-position, percentile-normalized) + nflreadr::load_schedules","2026-09-04 19:52:15.600932","ri-schedule-weekly-2026.1","CURRENT"
2025,4,"CAR","NE","RB",-0.6129,0.193548387096774,"nflverse (nflreadr::load_player_stats fantasy_points_ppr allowed-by-position, percentile-normalized) + nflreadr::load_schedules","2026-09-04 19:52:15.600932","ri-schedule-weekly-2026.1","CURRENT"
2025,4,"CAR","NE","TE",1,1,"nflverse (nflreadr::load_player_stats fantasy_points_ppr allowed-by-position, percentile-normalized) + nflreadr::load_schedules","2026-09-04 19:52:15.600932","ri-schedule-weekly-2026.1","CURRENT"
2025,4,"CAR","NE","WR",-0.4194,0.290322580645161,"nflverse (nflreadr::load_player_stats fantasy_points_ppr allowed-by-position, percentile-normalized) + nflreadr::load_schedules","2026-09-04 19:52:15.600932","ri-schedule-weekly-2026.1","CURRENT"
2025,4,"CHI","LV","QB",-0.6129,0.193548387096774,"nflverse (nflreadr::load_player_stats fantasy_points_ppr allowed-by-position, percentile-normalized) + nflreadr::load_schedules","2026-09-04 19:52:15.600932","ri-schedule-weekly-2026.1","CURRENT"
2025,4,"CHI","LV","RB",-0.5484,0.225806451612903,"nflverse (nflreadr::load_player_stats fantasy_points_ppr allowed-by-position, percentile-normalized) + nflreadr::load_schedules","2026-09-04 19:52:15.600932","ri-schedule-weekly-2026.1","CURRENT"
2025,4,"CHI","LV","TE",-0.4194,0.290322580645161,"nflverse (nflreadr::load_player_stats fantasy_points_ppr allowed-by-position, percentile-normalized) + nflreadr::load_schedules","2026-09-04 19:52:15.600932","ri-schedule-weekly-2026.1","CURRENT"
2025,4,"CHI","LV","WR",0.4839,0.741935483870968,"nflverse (nflreadr::load_player_stats fantasy_points_ppr allowed-by-position, percentile-normalized) + nflreadr::load_schedules","2026-09-04 19:52:15.600932","ri-schedule-weekly-2026.1","CURRENT"
2025,4,"CIN","DEN","QB",-0.871,0.0645161290322581,"nflverse (nflreadr::load_player_stats fantasy_points_ppr allowed-by-position, percentile-normalized) + nflreadr::load_schedules","2026-09-04 19:52:15.600932","ri-schedule-weekly-2026.1","CURRENT"
2025,4,"CIN","DEN","RB",-1,0,"nflverse (nflreadr::load_player_stats fantasy_points_ppr allowed-by-position, percentile-normalized) + nflreadr::load_schedules","2026-09-04 19:52:15.600932","ri-schedule-weekly-2026.1","CURRENT"
2025,4,"CIN","DEN","TE",-1,0,"nflverse (nflreadr::load_player_stats fantasy_points_ppr allowed-by-position, percentile-normalized) + nflreadr::load_schedules","2026-09-04 19:52:15.600932","ri-schedule-weekly-2026.1","CURRENT"
2025,4,"CIN","DEN","WR",-0.6129,0.193548387096774,"nflverse (nflreadr::load_player_stats fantasy_points_ppr allowed-by-position, percentile-normalized) + nflreadr::load_schedules","2026-09-04 19:52:15.600932","ri-schedule-weekly-2026.1","CURRENT"
2025,4,"CLE","DET","QB",-1,0,"nflverse (nflreadr::load_player_stats fantasy_points_ppr allowed-by-position, percentile-normalized) + nflreadr::load_schedules","2026-09-04 19:52:15.600932","ri-schedule-weekly-2026.1","CURRENT"
2025,4,"CLE","DET","RB",-0.1613,0.419354838709677,"nflverse (nflreadr::load_player_stats fantasy_points_ppr allowed-by-position, percentile-normalized) + nflreadr::load_schedules","2026-09-04 19:52:15.600932","ri-schedule-weekly-2026.1","CURRENT"
2025,4,"CLE","DET","TE",-0.5484,0.225806451612903,"nflverse (nflreadr::load_player_stats fantasy_points_ppr allowed-by-position, percentile-normalized) + nflreadr::load_schedules","2026-09-04 19:52:15.600932","ri-schedule-weekly-2026.1","CURRENT"
2025,4,"CLE","DET","WR",-0.6774,0.161290322580645,"nflverse (nflreadr::load_player_stats fantasy_points_ppr allowed-by-position, percentile-normalized) + nflreadr::load_schedules","2026-09-04 19:52:15.600932","ri-schedule-weekly-2026.1","CURRENT"
2025,4,"DAL","GB","QB",1,1,"nflverse (nflreadr::load_player_stats fantasy_points_ppr allowed-by-position, percentile-normalized) + nflreadr::load_schedules","2026-09-04 19:52:15.600932","ri-schedule-weekly-2026.1","CURRENT"
2025,4,"DAL","GB","RB",0.0323,0.516129032258065,"nflverse (nflreadr::load_player_stats fantasy_points_ppr allowed-by-position, percentile-normalized) + nflreadr::load_schedules","2026-09-04 19:52:15.600932","ri-schedule-weekly-2026.1","CURRENT"
2025,4,"DAL","GB","TE",0.7419,0.870967741935484,"nflverse (nflreadr::load_player_stats fantasy_points_ppr allowed-by-position, percentile-normalized) + nflreadr::load_schedules","2026-09-04 19:52:15.600932","ri-schedule-weekly-2026.1","CURRENT"
2025,4,"DAL","GB","WR",0.9355,0.967741935483871,"nflverse (nflreadr::load_player_stats fantasy_points_ppr allowed-by-position, percentile-normalized) + nflreadr::load_schedules","2026-09-04 19:52:15.600932","ri-schedule-weekly-2026.1","CURRENT"
2025,4,"DEN","CIN","QB",0.6774,0.838709677419355,"nflverse (nflreadr::load_player_stats fantasy_points_ppr allowed-by-position, percentile-normalized) + nflreadr::load_schedules","2026-09-04 19:52:15.600932","ri-schedule-weekly-2026.1","CURRENT"
2025,4,"DEN","CIN","RB",0.5484,0.774193548387097,"nflverse (nflreadr::load_player_stats fantasy_points_ppr allowed-by-position, percentile-normalized) + nflreadr::load_schedules","2026-09-04 19:52:15.600932","ri-schedule-weekly-2026.1","CURRENT"
2025,4,"DEN","CIN","TE",0.2903,0.645161290322581,"nflverse (nflreadr::load_player_stats fantasy_points_ppr allowed-by-position, percentile-normalized) + nflreadr::load_schedules","2026-09-04 19:52:15.600932","ri-schedule-weekly-2026.1","CURRENT"
2025,4,"DEN","CIN","WR",0.6774,0.838709677419355,"nflverse (nflreadr::load_player_stats fantasy_points_ppr allowed-by-position, percentile-normalized) + nflreadr::load_schedules","2026-09-04 19:52:15.600932","ri-schedule-weekly-2026.1","CURRENT"
2025,4,"DET","CLE","QB",-0.5484,0.225806451612903,"nflverse (nflreadr::load_player_stats fantasy_points_ppr allowed-by-position, percentile-normalized) + nflreadr::load_schedules","2026-09-04 19:52:15.600932","ri-schedule-weekly-2026.1","CURRENT"
2025,4,"DET","CLE","RB",-0.3548,0.32258064516129,"nflverse (nflreadr::load_player_stats fantasy_points_ppr allowed-by-position, percentile-normalized) + nflreadr::load_schedules","2026-09-04 19:52:15.600932","ri-schedule-weekly-2026.1","CURRENT"
2025,4,"DET","CLE","TE",-0.6774,0.161290322580645,"nflverse (nflreadr::load_player_stats fantasy_points_ppr allowed-by-position, percentile-normalized) + nflreadr::load_schedules","2026-09-04 19:52:15.600932","ri-schedule-weekly-2026.1","CURRENT"
2025,4,"DET","CLE","WR",0.6129,0.806451612903226,"nflverse (nflreadr::load_player_stats fantasy_points_ppr allowed-by-position, percentile-normalized) + nflreadr::load_schedules","2026-09-04 19:52:15.600932","ri-schedule-weekly-2026.1","CURRENT"
2025,4,"GB","DAL","QB",0.7419,0.870967741935484,"nflverse (nflreadr::load_player_stats fantasy_points_ppr allowed-by-position, percentile-normalized) + nflreadr::load_schedules","2026-09-04 19:52:15.600932","ri-schedule-weekly-2026.1","CURRENT"
2025,4,"GB","DAL","RB",1,1,"nflverse (nflreadr::load_player_stats fantasy_points_ppr allowed-by-position, percentile-normalized) + nflreadr::load_schedules","2026-09-04 19:52:15.600932","ri-schedule-weekly-2026.1","CURRENT"
2025,4,"GB","DAL","TE",0.0968,0.548387096774194,"nflverse (nflreadr::load_player_stats fantasy_points_ppr allowed-by-position, percentile-normalized) + nflreadr::load_schedules","2026-09-04 19:52:15.600932","ri-schedule-weekly-2026.1","CURRENT"
2025,4,"GB","DAL","WR",0.871,0.935483870967742,"nflverse (nflreadr::load_player_stats fantasy_points_ppr allowed-by-position, percentile-normalized) + nflreadr::load_schedules","2026-09-04 19:52:15.600932","ri-schedule-weekly-2026.1","CURRENT"
2025,4,"HOU","TEN","QB",0.1613,0.580645161290323,"nflverse (nflreadr::load_player_stats fantasy_points_ppr allowed-by-position, percentile-normalized) + nflreadr::load_schedules","2026-09-04 19:52:15.600932","ri-schedule-weekly-2026.1","CURRENT"
2025,4,"HOU","TEN","RB",0.7419,0.870967741935484,"nflverse (nflreadr::load_player_stats fantasy_points_ppr allowed-by-position, percentile-normalized) + nflreadr::load_schedules","2026-09-04 19:52:15.600932","ri-schedule-weekly-2026.1","CURRENT"
2025,4,"HOU","TEN","TE",-0.2903,0.354838709677419,"nflverse (nflreadr::load_player_stats fantasy_points_ppr allowed-by-position, percentile-normalized) + nflreadr::load_schedules","2026-09-04 19:52:15.600932","ri-schedule-weekly-2026.1","CURRENT"
2025,4,"HOU","TEN","WR",0.0968,0.548387096774194,"nflverse (nflreadr::load_player_stats fantasy_points_ppr allowed-by-position, percentile-normalized) + nflreadr::load_schedules","2026-09-04 19:52:15.600932","ri-schedule-weekly-2026.1","CURRENT"
2025,4,"IND","LA","QB",-0.7419,0.129032258064516,"nflverse (nflreadr::load_player_stats fantasy_points_ppr allowed-by-position, percentile-normalized) + nflreadr::load_schedules","2026-09-04 19:52:15.600932","ri-schedule-weekly-2026.1","CURRENT"
2025,4,"IND","LA","RB",-0.7419,0.129032258064516,"nflverse (nflreadr::load_player_stats fantasy_points_ppr allowed-by-position, percentile-normalized) + nflreadr::load_schedules","2026-09-04 19:52:15.600932","ri-schedule-weekly-2026.1","CURRENT"
2025,4,"IND","LA","TE",0.6129,0.806451612903226,"nflverse (nflreadr::load_player_stats fantasy_points_ppr allowed-by-position, percentile-normalized) + nflreadr::load_schedules","2026-09-04 19:52:15.600932","ri-schedule-weekly-2026.1","CURRENT"
2025,4,"IND","LA","WR",0.4194,0.709677419354839,"nflverse (nflreadr::load_player_stats fantasy_points_ppr allowed-by-position, percentile-normalized) + nflreadr::load_schedules","2026-09-04 19:52:15.600932","ri-schedule-weekly-2026.1","CURRENT"
2025,4,"JAX","SF","QB",-0.6774,0.161290322580645,"nflverse (nflreadr::load_player_stats fantasy_points_ppr allowed-by-position, percentile-normalized) + nflreadr::load_schedules","2026-09-04 19:52:15.600932","ri-schedule-weekly-2026.1","CURRENT"
2025,4,"JAX","SF","RB",0.0968,0.548387096774194,"nflverse (nflreadr::load_player_stats fantasy_points_ppr allowed-by-position, percentile-normalized) + nflreadr::load_schedules","2026-09-04 19:52:15.600932","ri-schedule-weekly-2026.1","CURRENT"
2025,4,"JAX","SF","TE",0.871,0.935483870967742,"nflverse (nflreadr::load_player_stats fantasy_points_ppr allowed-by-position, percentile-normalized) + nflreadr::load_schedules","2026-09-04 19:52:15.600932","ri-schedule-weekly-2026.1","CURRENT"
2025,4,"JAX","SF","WR",-0.7419,0.129032258064516,"nflverse (nflreadr::load_player_stats fantasy_points_ppr allowed-by-position, percentile-normalized) + nflreadr::load_schedules","2026-09-04 19:52:15.600932","ri-schedule-weekly-2026.1","CURRENT"
2025,4,"KC","BAL","QB",0.8065,0.903225806451613,"nflverse (nflreadr::load_player_stats fantasy_points_ppr allowed-by-position, percentile-normalized) + nflreadr::load_schedules","2026-09-04 19:52:15.600932","ri-schedule-weekly-2026.1","CURRENT"
2025,4,"KC","BAL","RB",0.2258,0.612903225806452,"nflverse (nflreadr::load_player_stats fantasy_points_ppr allowed-by-position, percentile-normalized) + nflreadr::load_schedules","2026-09-04 19:52:15.600932","ri-schedule-weekly-2026.1","CURRENT"
2025,4,"KC","BAL","TE",-0.0323,0.483870967741935,"nflverse (nflreadr::load_player_stats fantasy_points_ppr allowed-by-position, percentile-normalized) + nflreadr::load_schedules","2026-09-04 19:52:15.600932","ri-schedule-weekly-2026.1","CURRENT"
2025,4,"KC","BAL","WR",0.8065,0.903225806451613,"nflverse (nflreadr::load_player_stats fantasy_points_ppr allowed-by-position, percentile-normalized) + nflreadr::load_schedules","2026-09-04 19:52:15.600932","ri-schedule-weekly-2026.1","CURRENT"
2025,4,"LA","IND","QB",0.9355,0.967741935483871,"nflverse (nflreadr::load_player_stats fantasy_points_ppr allowed-by-position, percentile-normalized) + nflreadr::load_schedules","2026-09-04 19:52:15.600932","ri-schedule-weekly-2026.1","CURRENT"
2025,4,"LA","IND","RB",-0.871,0.0645161290322581,"nflverse (nflreadr::load_player_stats fantasy_points_ppr allowed-by-position, percentile-normalized) + nflreadr::load_schedules","2026-09-04 19:52:15.600932","ri-schedule-weekly-2026.1","CURRENT"
2025,4,"LA","IND","TE",-0.2258,0.387096774193548,"nflverse (nflreadr::load_player_stats fantasy_points_ppr allowed-by-position, percentile-normalized) + nflreadr::load_schedules","2026-09-04 19:52:15.600932","ri-schedule-weekly-2026.1","CURRENT"
2025,4,"LA","IND","WR",1,1,"nflverse (nflreadr::load_player_stats fantasy_points_ppr allowed-by-position, percentile-normalized) + nflreadr::load_schedules","2026-09-04 19:52:15.600932","ri-schedule-weekly-2026.1","CURRENT"
2025,4,"LAC","NYG","QB",-0.4839,0.258064516129032,"nflverse (nflreadr::load_player_stats fantasy_points_ppr allowed-by-position, percentile-normalized) + nflreadr::load_schedules","2026-09-04 19:52:15.600932","ri-schedule-weekly-2026.1","CURRENT"
2025,4,"LAC","NYG","RB",0.4194,0.709677419354839,"nflverse (nflreadr::load_player_stats fantasy_points_ppr allowed-by-position, percentile-normalized) + nflreadr::load_schedules","2026-09-04 19:52:15.600932","ri-schedule-weekly-2026.1","CURRENT"
2025,4,"LAC","NYG","TE",-0.8065,0.0967741935483871,"nflverse (nflreadr::load_player_stats fantasy_points_ppr allowed-by-position, percentile-normalized) + nflreadr::load_schedules","2026-09-04 19:52:15.600932","ri-schedule-weekly-2026.1","CURRENT"
2025,4,"LAC","NYG","WR",0.3548,0.67741935483871,"nflverse (nflreadr::load_player_stats fantasy_points_ppr allowed-by-position, percentile-normalized) + nflreadr::load_schedules","2026-09-04 19:52:15.600932","ri-schedule-weekly-2026.1","CURRENT"
2025,4,"LV","CHI","QB",-0.8065,0.0967741935483871,"nflverse (nflreadr::load_player_stats fantasy_points_ppr allowed-by-position, percentile-normalized) + nflreadr::load_schedules","2026-09-04 19:52:15.600932","ri-schedule-weekly-2026.1","CURRENT"
2025,4,"LV","CHI","RB",0.9355,0.967741935483871,"nflverse (nflreadr::load_player_stats fantasy_points_ppr allowed-by-position, percentile-normalized) + nflreadr::load_schedules","2026-09-04 19:52:15.600932","ri-schedule-weekly-2026.1","CURRENT"
2025,4,"LV","CHI","TE",-0.1613,0.419354838709677,"nflverse (nflreadr::load_player_stats fantasy_points_ppr allowed-by-position, percentile-normalized) + nflreadr::load_schedules","2026-09-04 19:52:15.600932","ri-schedule-weekly-2026.1","CURRENT"
2025,4,"LV","CHI","WR",-0.9355,0.032258064516129,"nflverse (nflreadr::load_player_stats fantasy_points_ppr allowed-by-position, percentile-normalized) + nflreadr::load_schedules","2026-09-04 19:52:15.600932","ri-schedule-weekly-2026.1","CURRENT"
2025,4,"MIA","NYJ","QB",-0.2258,0.387096774193548,"nflverse (nflreadr::load_player_stats fantasy_points_ppr allowed-by-position, percentile-normalized) + nflreadr::load_schedules","2026-09-04 19:52:15.600932","ri-schedule-weekly-2026.1","CURRENT"
2025,4,"MIA","NYJ","RB",-0.4839,0.258064516129032,"nflverse (nflreadr::load_player_stats fantasy_points_ppr allowed-by-position, percentile-normalized) + nflreadr::load_schedules","2026-09-04 19:52:15.600932","ri-schedule-weekly-2026.1","CURRENT"
2025,4,"MIA","NYJ","TE",0.8065,0.903225806451613,"nflverse (nflreadr::load_player_stats fantasy_points_ppr allowed-by-position, percentile-normalized) + nflreadr::load_schedules","2026-09-04 19:52:15.600932","ri-schedule-weekly-2026.1","CURRENT"
2025,4,"MIA","NYJ","WR",-0.1613,0.419354838709677,"nflverse (nflreadr::load_player_stats fantasy_points_ppr allowed-by-position, percentile-normalized) + nflreadr::load_schedules","2026-09-04 19:52:15.600932","ri-schedule-weekly-2026.1","CURRENT"
2025,4,"MIN","PIT","QB",0.4839,0.741935483870968,"nflverse (nflreadr::load_player_stats fantasy_points_ppr allowed-by-position, percentile-normalized) + nflreadr::load_schedules","2026-09-04 19:52:15.600932","ri-schedule-weekly-2026.1","CURRENT"
2025,4,"MIN","PIT","RB",0.3548,0.67741935483871,"nflverse (nflreadr::load_player_stats fantasy_points_ppr allowed-by-position, percentile-normalized) + nflreadr::load_schedules","2026-09-04 19:52:15.600932","ri-schedule-weekly-2026.1","CURRENT"
2025,4,"MIN","PIT","TE",-0.3548,0.32258064516129,"nflverse (nflreadr::load_player_stats fantasy_points_ppr allowed-by-position, percentile-normalized) + nflreadr::load_schedules","2026-09-04 19:52:15.600932","ri-schedule-weekly-2026.1","CURRENT"
2025,4,"MIN","PIT","WR",0.7419,0.870967741935484,"nflverse (nflreadr::load_player_stats fantasy_points_ppr allowed-by-position, percentile-normalized) + nflreadr::load_schedules","2026-09-04 19:52:15.600932","ri-schedule-weekly-2026.1","CURRENT"
2025,4,"NE","CAR","QB",0.5484,0.774193548387097,"nflverse (nflreadr::load_player_stats fantasy_points_ppr allowed-by-position, percentile-normalized) + nflreadr::load_schedules","2026-09-04 19:52:15.600932","ri-schedule-weekly-2026.1","CURRENT"
2025,4,"NE","CAR","RB",0.2903,0.645161290322581,"nflverse (nflreadr::load_player_stats fantasy_points_ppr allowed-by-position, percentile-normalized) + nflreadr::load_schedules","2026-09-04 19:52:15.600932","ri-schedule-weekly-2026.1","CURRENT"
2025,4,"NE","CAR","TE",0.4194,0.709677419354839,"nflverse (nflreadr::load_player_stats fantasy_points_ppr allowed-by-position, percentile-normalized) + nflreadr::load_schedules","2026-09-04 19:52:15.600932","ri-schedule-weekly-2026.1","CURRENT"
2025,4,"NE","CAR","WR",-0.0968,0.451612903225806,"nflverse (nflreadr::load_player_stats fantasy_points_ppr allowed-by-position, percentile-normalized) + nflreadr::load_schedules","2026-09-04 19:52:15.600932","ri-schedule-weekly-2026.1","CURRENT"
2025,4,"NO","BUF","QB",-0.2903,0.354838709677419,"nflverse (nflreadr::load_player_stats fantasy_points_ppr allowed-by-position, percentile-normalized) + nflreadr::load_schedules","2026-09-04 19:52:15.600932","ri-schedule-weekly-2026.1","CURRENT"
2025,4,"NO","BUF","RB",-0.0323,0.483870967741935,"nflverse (nflreadr::load_player_stats fantasy_points_ppr allowed-by-position, percentile-normalized) + nflreadr::load_schedules","2026-09-04 19:52:15.600932","ri-schedule-weekly-2026.1","CURRENT"
2025,4,"NO","BUF","TE",-0.6129,0.193548387096774,"nflverse (nflreadr::load_player_stats fantasy_points_ppr allowed-by-position, percentile-normalized) + nflreadr::load_schedules","2026-09-04 19:52:15.600932","ri-schedule-weekly-2026.1","CURRENT"
2025,4,"NO","BUF","WR",-0.2903,0.354838709677419,"nflverse (nflreadr::load_player_stats fantasy_points_ppr allowed-by-position, percentile-normalized) + nflreadr::load_schedules","2026-09-04 19:52:15.600932","ri-schedule-weekly-2026.1","CURRENT"
2025,4,"NYG","LAC","QB",0.4194,0.709677419354839,"nflverse (nflreadr::load_player_stats fantasy_points_ppr allowed-by-position, percentile-normalized) + nflreadr::load_schedules","2026-09-04 19:52:15.600932","ri-schedule-weekly-2026.1","CURRENT"
2025,4,"NYG","LAC","RB",-0.6774,0.161290322580645,"nflverse (nflreadr::load_player_stats fantasy_points_ppr allowed-by-position, percentile-normalized) + nflreadr::load_schedules","2026-09-04 19:52:15.600932","ri-schedule-weekly-2026.1","CURRENT"
2025,4,"NYG","LAC","TE",0.2258,0.612903225806452,"nflverse (nflreadr::load_player_stats fantasy_points_ppr allowed-by-position, percentile-normalized) + nflreadr::load_schedules","2026-09-04 19:52:15.600932","ri-schedule-weekly-2026.1","CURRENT"
2025,4,"NYG","LAC","WR",-0.8065,0.0967741935483871,"nflverse (nflreadr::load_player_stats fantasy_points_ppr allowed-by-position, percentile-normalized) + nflreadr::load_schedules","2026-09-04 19:52:15.600932","ri-schedule-weekly-2026.1","CURRENT"
2025,4,"NYJ","MIA","QB",0.871,0.935483870967742,"nflverse (nflreadr::load_player_stats fantasy_points_ppr allowed-by-position, percentile-normalized) + nflreadr::load_schedules","2026-09-04 19:52:15.600932","ri-schedule-weekly-2026.1","CURRENT"
2025,4,"NYJ","MIA","RB",-0.2258,0.387096774193548,"nflverse (nflreadr::load_player_stats fantasy_points_ppr allowed-by-position, percentile-normalized) + nflreadr::load_schedules","2026-09-04 19:52:15.600932","ri-schedule-weekly-2026.1","CURRENT"
2025,4,"NYJ","MIA","TE",0.3548,0.67741935483871,"nflverse (nflreadr::load_player_stats fantasy_points_ppr allowed-by-position, percentile-normalized) + nflreadr::load_schedules","2026-09-04 19:52:15.600932","ri-schedule-weekly-2026.1","CURRENT"
2025,4,"NYJ","MIA","WR",-0.3548,0.32258064516129,"nflverse (nflreadr::load_player_stats fantasy_points_ppr allowed-by-position, percentile-normalized) + nflreadr::load_schedules","2026-09-04 19:52:15.600932","ri-schedule-weekly-2026.1","CURRENT"
2025,4,"PHI","TB","QB",0.3548,0.67741935483871,"nflverse (nflreadr::load_player_stats fantasy_points_ppr allowed-by-position, percentile-normalized) + nflreadr::load_schedules","2026-09-04 19:52:15.600932","ri-schedule-weekly-2026.1","CURRENT"
2025,4,"PHI","TB","RB",-0.4194,0.290322580645161,"nflverse (nflreadr::load_player_stats fantasy_points_ppr allowed-by-position, percentile-normalized) + nflreadr::load_schedules","2026-09-04 19:52:15.600932","ri-schedule-weekly-2026.1","CURRENT"
2025,4,"PHI","TB","TE",0.9355,0.967741935483871,"nflverse (nflreadr::load_player_stats fantasy_points_ppr allowed-by-position, percentile-normalized) + nflreadr::load_schedules","2026-09-04 19:52:15.600932","ri-schedule-weekly-2026.1","CURRENT"
2025,4,"PHI","TB","WR",-1,0,"nflverse (nflreadr::load_player_stats fantasy_points_ppr allowed-by-position, percentile-normalized) + nflreadr::load_schedules","2026-09-04 19:52:15.600932","ri-schedule-weekly-2026.1","CURRENT"
2025,4,"PIT","MIN","QB",-0.3548,0.32258064516129,"nflverse (nflreadr::load_player_stats fantasy_points_ppr allowed-by-position, percentile-normalized) + nflreadr::load_schedules","2026-09-04 19:52:15.600932","ri-schedule-weekly-2026.1","CURRENT"
2025,4,"PIT","MIN","RB",0.6129,0.806451612903226,"nflverse (nflreadr::load_player_stats fantasy_points_ppr allowed-by-position, percentile-normalized) + nflreadr::load_schedules","2026-09-04 19:52:15.600932","ri-schedule-weekly-2026.1","CURRENT"
2025,4,"PIT","MIN","TE",-0.5484,0.225806451612903,"nflverse (nflreadr::load_player_stats fantasy_points_ppr allowed-by-position, percentile-normalized) + nflreadr::load_schedules","2026-09-04 19:52:15.600932","ri-schedule-weekly-2026.1","CURRENT"
2025,4,"PIT","MIN","WR",-0.0323,0.483870967741935,"nflverse (nflreadr::load_player_stats fantasy_points_ppr allowed-by-position, percentile-normalized) + nflreadr::load_schedules","2026-09-04 19:52:15.600932","ri-schedule-weekly-2026.1","CURRENT"
2025,4,"SEA","ARI","QB",-0.1613,0.419354838709677,"nflverse (nflreadr::load_player_stats fantasy_points_ppr allowed-by-position, percentile-normalized) + nflreadr::load_schedules","2026-09-04 19:52:15.600932","ri-schedule-weekly-2026.1","CURRENT"
2025,4,"SEA","ARI","RB",0.0968,0.548387096774194,"nflverse (nflreadr::load_player_stats fantasy_points_ppr allowed-by-position, percentile-normalized) + nflreadr::load_schedules","2026-09-04 19:52:15.600932","ri-schedule-weekly-2026.1","CURRENT"
2025,4,"SEA","ARI","TE",0.6774,0.838709677419355,"nflverse (nflreadr::load_player_stats fantasy_points_ppr allowed-by-position, percentile-normalized) + nflreadr::load_schedules","2026-09-04 19:52:15.600932","ri-schedule-weekly-2026.1","CURRENT"
2025,4,"SEA","ARI","WR",-0.2258,0.387096774193548,"nflverse (nflreadr::load_player_stats fantasy_points_ppr allowed-by-position, percentile-normalized) + nflreadr::load_schedules","2026-09-04 19:52:15.600932","ri-schedule-weekly-2026.1","CURRENT"
2025,4,"SF","JAX","QB",0.0968,0.548387096774194,"nflverse (nflreadr::load_player_stats fantasy_points_ppr allowed-by-position, percentile-normalized) + nflreadr::load_schedules","2026-09-04 19:52:15.600932","ri-schedule-weekly-2026.1","CURRENT"
2025,4,"SF","JAX","RB",0.4839,0.741935483870968,"nflverse (nflreadr::load_player_stats fantasy_points_ppr allowed-by-position, percentile-normalized) + nflreadr::load_schedules","2026-09-04 19:52:15.600932","ri-schedule-weekly-2026.1","CURRENT"
2025,4,"SF","JAX","TE",0.4839,0.741935483870968,"nflverse (nflreadr::load_player_stats fantasy_points_ppr allowed-by-position, percentile-normalized) + nflreadr::load_schedules","2026-09-04 19:52:15.600932","ri-schedule-weekly-2026.1","CURRENT"
2025,4,"SF","JAX","WR",-0.4839,0.258064516129032,"nflverse (nflreadr::load_player_stats fantasy_points_ppr allowed-by-position, percentile-normalized) + nflreadr::load_schedules","2026-09-04 19:52:15.600932","ri-schedule-weekly-2026.1","CURRENT"
2025,4,"TB","PHI","QB",0.2903,0.645161290322581,"nflverse (nflreadr::load_player_stats fantasy_points_ppr allowed-by-position, percentile-normalized) + nflreadr::load_schedules","2026-09-04 19:52:15.600932","ri-schedule-weekly-2026.1","CURRENT"
2025,4,"TB","PHI","RB",0.6774,0.838709677419355,"nflverse (nflreadr::load_player_stats fantasy_points_ppr allowed-by-position, percentile-normalized) + nflreadr::load_schedules","2026-09-04 19:52:15.600932","ri-schedule-weekly-2026.1","CURRENT"
2025,4,"TB","PHI","TE",-0.871,0.0645161290322581,"nflverse (nflreadr::load_player_stats fantasy_points_ppr allowed-by-position, percentile-normalized) + nflreadr::load_schedules","2026-09-04 19:52:15.600932","ri-schedule-weekly-2026.1","CURRENT"
2025,4,"TB","PHI","WR",0.2903,0.645161290322581,"nflverse (nflreadr::load_player_stats fantasy_points_ppr allowed-by-position, percentile-normalized) + nflreadr::load_schedules","2026-09-04 19:52:15.600932","ri-schedule-weekly-2026.1","CURRENT"
2025,4,"TEN","HOU","QB",-0.9355,0.032258064516129,"nflverse (nflreadr::load_player_stats fantasy_points_ppr allowed-by-position, percentile-normalized) + nflreadr::load_schedules","2026-09-04 19:52:15.600932","ri-schedule-weekly-2026.1","CURRENT"
2025,4,"TEN","HOU","RB",-0.9355,0.032258064516129,"nflverse (nflreadr::load_player_stats fantasy_points_ppr allowed-by-position, percentile-normalized) + nflreadr::load_schedules","2026-09-04 19:52:15.600932","ri-schedule-weekly-2026.1","CURRENT"
2025,4,"TEN","HOU","TE",-0.9355,0.032258064516129,"nflverse (nflreadr::load_player_stats fantasy_points_ppr allowed-by-position, percentile-normalized) + nflreadr::load_schedules","2026-09-04 19:52:15.600932","ri-schedule-weekly-2026.1","CURRENT"
2025,4,"TEN","HOU","WR",-0.871,0.0645161290322581,"nflverse (nflreadr::load_player_stats fantasy_points_ppr allowed-by-position, percentile-normalized) + nflreadr::load_schedules","2026-09-04 19:52:15.600932","ri-schedule-weekly-2026.1","CURRENT"
2025,4,"WAS","ATL","QB",-0.0323,0.483870967741935,"nflverse (nflreadr::load_player_stats fantasy_points_ppr allowed-by-position, percentile-normalized) + nflreadr::load_schedules","2026-09-04 19:52:15.600932","ri-schedule-weekly-2026.1","CURRENT"
2025,4,"WAS","ATL","RB",-0.8065,0.0967741935483871,"nflverse (nflreadr::load_player_stats fantasy_points_ppr allowed-by-position, percentile-normalized) + nflreadr::load_schedules","2026-09-04 19:52:15.600932","ri-schedule-weekly-2026.1","CURRENT"
2025,4,"WAS","ATL","TE",-0.7419,0.129032258064516,"nflverse (nflreadr::load_player_stats fantasy_points_ppr allowed-by-position, percentile-normalized) + nflreadr::load_schedules","2026-09-04 19:52:15.600932","ri-schedule-weekly-2026.1","CURRENT"
2025,4,"WAS","ATL","WR",0.5484,0.774193548387097,"nflverse (nflreadr::load_player_stats fantasy_points_ppr allowed-by-position, percentile-normalized) + nflreadr::load_schedules","2026-09-04 19:52:15.600932","ri-schedule-weekly-2026.1","CURRENT"
2025,5,"ARI","TEN","QB",-0.5556,0.222222222222222,"nflverse (nflreadr::load_player_stats fantasy_points_ppr allowed-by-position, percentile-normalized) + nflreadr::load_schedules","2026-09-04 19:52:15.600932","ri-schedule-weekly-2026.1","CURRENT"
2025,5,"ARI","TEN","RB",0.7037,0.851851851851852,"nflverse (nflreadr::load_player_stats fantasy_points_ppr allowed-by-position, percentile-normalized) + nflreadr::load_schedules","2026-09-04 19:52:15.600932","ri-schedule-weekly-2026.1","CURRENT"
2025,5,"ARI","TEN","TE",-0.2593,0.37037037037037,"nflverse (nflreadr::load_player_stats fantasy_points_ppr allowed-by-position, percentile-normalized) + nflreadr::load_schedules","2026-09-04 19:52:15.600932","ri-schedule-weekly-2026.1","CURRENT"
2025,5,"ARI","TEN","WR",-0.7778,0.111111111111111,"nflverse (nflreadr::load_player_stats fantasy_points_ppr allowed-by-position, percentile-normalized) + nflreadr::load_schedules","2026-09-04 19:52:15.600932","ri-schedule-weekly-2026.1","CURRENT"
2025,5,"BAL","HOU","QB",-1,0,"nflverse (nflreadr::load_player_stats fantasy_points_ppr allowed-by-position, percentile-normalized) + nflreadr::load_schedules","2026-09-04 19:52:15.600932","ri-schedule-weekly-2026.1","CURRENT"
2025,5,"BAL","HOU","RB",-0.8519,0.0740740740740741,"nflverse (nflreadr::load_player_stats fantasy_points_ppr allowed-by-position, percentile-normalized) + nflreadr::load_schedules","2026-09-04 19:52:15.600932","ri-schedule-weekly-2026.1","CURRENT"
2025,5,"BAL","HOU","TE",-0.4815,0.259259259259259,"nflverse (nflreadr::load_player_stats fantasy_points_ppr allowed-by-position, percentile-normalized) + nflreadr::load_schedules","2026-09-04 19:52:15.600932","ri-schedule-weekly-2026.1","CURRENT"
2025,5,"BAL","HOU","WR",-0.8519,0.0740740740740741,"nflverse (nflreadr::load_player_stats fantasy_points_ppr allowed-by-position, percentile-normalized) + nflreadr::load_schedules","2026-09-04 19:52:15.600932","ri-schedule-weekly-2026.1","CURRENT"
2025,5,"BUF","NE","QB",0.1111,0.555555555555556,"nflverse (nflreadr::load_player_stats fantasy_points_ppr allowed-by-position, percentile-normalized) + nflreadr::load_schedules","2026-09-04 19:52:15.600932","ri-schedule-weekly-2026.1","CURRENT"
2025,5,"BUF","NE","RB",-1,0,"nflverse (nflreadr::load_player_stats fantasy_points_ppr allowed-by-position, percentile-normalized) + nflreadr::load_schedules","2026-09-04 19:52:15.600932","ri-schedule-weekly-2026.1","CURRENT"
2025,5,"BUF","NE","TE",0.4074,0.703703703703704,"nflverse (nflreadr::load_player_stats fantasy_points_ppr allowed-by-position, percentile-normalized) + nflreadr::load_schedules","2026-09-04 19:52:15.600932","ri-schedule-weekly-2026.1","CURRENT"
2025,5,"BUF","NE","WR",0.4815,0.740740740740741,"nflverse (nflreadr::load_player_stats fantasy_points_ppr allowed-by-position, percentile-normalized) + nflreadr::load_schedules","2026-09-04 19:52:15.600932","ri-schedule-weekly-2026.1","CURRENT"
2025,5,"CAR","MIA","QB",-0.7778,0.111111111111111,"nflverse (nflreadr::load_player_stats fantasy_points_ppr allowed-by-position, percentile-normalized) + nflreadr::load_schedules","2026-09-04 19:52:15.600932","ri-schedule-weekly-2026.1","CURRENT"
2025,5,"CAR","MIA","RB",0.9259,0.962962962962963,"nflverse (nflreadr::load_player_stats fantasy_points_ppr allowed-by-position, percentile-normalized) + nflreadr::load_schedules","2026-09-04 19:52:15.600932","ri-schedule-weekly-2026.1","CURRENT"
2025,5,"CAR","MIA","TE",-0.4074,0.296296296296296,"nflverse (nflreadr::load_player_stats fantasy_points_ppr allowed-by-position, percentile-normalized) + nflreadr::load_schedules","2026-09-04 19:52:15.600932","ri-schedule-weekly-2026.1","CURRENT"
2025,5,"CAR","MIA","WR",0.037,0.518518518518518,"nflverse (nflreadr::load_player_stats fantasy_points_ppr allowed-by-position, percentile-normalized) + nflreadr::load_schedules","2026-09-04 19:52:15.600932","ri-schedule-weekly-2026.1","CURRENT"
2025,5,"CIN","DET","QB",0.037,0.518518518518518,"nflverse (nflreadr::load_player_stats fantasy_points_ppr allowed-by-position, percentile-normalized) + nflreadr::load_schedules","2026-09-04 19:52:15.600932","ri-schedule-weekly-2026.1","CURRENT"
2025,5,"CIN","DET","RB",-0.5556,0.222222222222222,"nflverse (nflreadr::load_player_stats fantasy_points_ppr allowed-by-position, percentile-normalized) + nflreadr::load_schedules","2026-09-04 19:52:15.600932","ri-schedule-weekly-2026.1","CURRENT"
2025,5,"CIN","DET","TE",-0.8519,0.0740740740740741,"nflverse (nflreadr::load_player_stats fantasy_points_ppr allowed-by-position, percentile-normalized) + nflreadr::load_schedules","2026-09-04 19:52:15.600932","ri-schedule-weekly-2026.1","CURRENT"
2025,5,"CIN","DET","WR",0.7778,0.888888888888889,"nflverse (nflreadr::load_player_stats fantasy_points_ppr allowed-by-position, percentile-normalized) + nflreadr::load_schedules","2026-09-04 19:52:15.600932","ri-schedule-weekly-2026.1","CURRENT"
2025,5,"CLE","MIN","QB",-0.4074,0.296296296296296,"nflverse (nflreadr::load_player_stats fantasy_points_ppr allowed-by-position, percentile-normalized) + nflreadr::load_schedules","2026-09-04 19:52:15.600932","ri-schedule-weekly-2026.1","CURRENT"
2025,5,"CLE","MIN","RB",-0.037,0.481481481481481,"nflverse (nflreadr::load_player_stats fantasy_points_ppr allowed-by-position, percentile-normalized) + nflreadr::load_schedules","2026-09-04 19:52:15.600932","ri-schedule-weekly-2026.1","CURRENT"
2025,5,"CLE","MIN","TE",0.9259,0.962962962962963,"nflverse (nflreadr::load_player_stats fantasy_points_ppr allowed-by-position, percentile-normalized) + nflreadr::load_schedules","2026-09-04 19:52:15.600932","ri-schedule-weekly-2026.1","CURRENT"
2025,5,"CLE","MIN","WR",-1,0,"nflverse (nflreadr::load_player_stats fantasy_points_ppr allowed-by-position, percentile-normalized) + nflreadr::load_schedules","2026-09-04 19:52:15.600932","ri-schedule-weekly-2026.1","CURRENT"
2025,5,"DAL","NYJ","QB",0.9259,0.962962962962963,"nflverse (nflreadr::load_player_stats fantasy_points_ppr allowed-by-position, percentile-normalized) + nflreadr::load_schedules","2026-09-04 19:52:15.600932","ri-schedule-weekly-2026.1","CURRENT"
2025,5,"DAL","NYJ","RB",0.4815,0.740740740740741,"nflverse (nflreadr::load_player_stats fantasy_points_ppr allowed-by-position, percentile-normalized) + nflreadr::load_schedules","2026-09-04 19:52:15.600932","ri-schedule-weekly-2026.1","CURRENT"
2025,5,"DAL","NYJ","TE",0.6296,0.814814814814815,"nflverse (nflreadr::load_player_stats fantasy_points_ppr allowed-by-position, percentile-normalized) + nflreadr::load_schedules","2026-09-04 19:52:15.600932","ri-schedule-weekly-2026.1","CURRENT"
2025,5,"DAL","NYJ","WR",-0.2593,0.37037037037037,"nflverse (nflreadr::load_player_stats fantasy_points_ppr allowed-by-position, percentile-normalized) + nflreadr::load_schedules","2026-09-04 19:52:15.600932","ri-schedule-weekly-2026.1","CURRENT"
2025,5,"DEN","PHI","QB",-0.1111,0.444444444444444,"nflverse (nflreadr::load_player_stats fantasy_points_ppr allowed-by-position, percentile-normalized) + nflreadr::load_schedules","2026-09-04 19:52:15.600932","ri-schedule-weekly-2026.1","CURRENT"
2025,5,"DEN","PHI","RB",0.2593,0.62962962962963,"nflverse (nflreadr::load_player_stats fantasy_points_ppr allowed-by-position, percentile-normalized) + nflreadr::load_schedules","2026-09-04 19:52:15.600932","ri-schedule-weekly-2026.1","CURRENT"
2025,5,"DEN","PHI","TE",0.037,0.518518518518518,"nflverse (nflreadr::load_player_stats fantasy_points_ppr allowed-by-position, percentile-normalized) + nflreadr::load_schedules","2026-09-04 19:52:15.600932","ri-schedule-weekly-2026.1","CURRENT"
2025,5,"DEN","PHI","WR",-0.037,0.481481481481481,"nflverse (nflreadr::load_player_stats fantasy_points_ppr allowed-by-position, percentile-normalized) + nflreadr::load_schedules","2026-09-04 19:52:15.600932","ri-schedule-weekly-2026.1","CURRENT"
2025,5,"DET","CIN","QB",0.2593,0.62962962962963,"nflverse (nflreadr::load_player_stats fantasy_points_ppr allowed-by-position, percentile-normalized) + nflreadr::load_schedules","2026-09-04 19:52:15.600932","ri-schedule-weekly-2026.1","CURRENT"
2025,5,"DET","CIN","RB",0.8519,0.925925925925926,"nflverse (nflreadr::load_player_stats fantasy_points_ppr allowed-by-position, percentile-normalized) + nflreadr::load_schedules","2026-09-04 19:52:15.600932","ri-schedule-weekly-2026.1","CURRENT"
2025,5,"DET","CIN","TE",0.8519,0.925925925925926,"nflverse (nflreadr::load_player_stats fantasy_points_ppr allowed-by-position, percentile-normalized) + nflreadr::load_schedules","2026-09-04 19:52:15.600932","ri-schedule-weekly-2026.1","CURRENT"
2025,5,"DET","CIN","WR",-0.4074,0.296296296296296,"nflverse (nflreadr::load_player_stats fantasy_points_ppr allowed-by-position, percentile-normalized) + nflreadr::load_schedules","2026-09-04 19:52:15.600932","ri-schedule-weekly-2026.1","CURRENT"
2025,5,"HOU","BAL","QB",1,1,"nflverse (nflreadr::load_player_stats fantasy_points_ppr allowed-by-position, percentile-normalized) + nflreadr::load_schedules","2026-09-04 19:52:15.600932","ri-schedule-weekly-2026.1","CURRENT"
2025,5,"HOU","BAL","RB",-0.3333,0.333333333333333,"nflverse (nflreadr::load_player_stats fantasy_points_ppr allowed-by-position, percentile-normalized) + nflreadr::load_schedules","2026-09-04 19:52:15.600932","ri-schedule-weekly-2026.1","CURRENT"
2025,5,"HOU","BAL","TE",0.1852,0.592592592592593,"nflverse (nflreadr::load_player_stats fantasy_points_ppr allowed-by-position, percentile-normalized) + nflreadr::load_schedules","2026-09-04 19:52:15.600932","ri-schedule-weekly-2026.1","CURRENT"
2025,5,"HOU","BAL","WR",1,1,"nflverse (nflreadr::load_player_stats fantasy_points_ppr allowed-by-position, percentile-normalized) + nflreadr::load_schedules","2026-09-04 19:52:15.600932","ri-schedule-weekly-2026.1","CURRENT"
2025,5,"IND","LV","QB",-0.037,0.481481481481481,"nflverse (nflreadr::load_player_stats fantasy_points_ppr allowed-by-position, percentile-normalized) + nflreadr::load_schedules","2026-09-04 19:52:15.600932","ri-schedule-weekly-2026.1","CURRENT"
2025,5,"IND","LV","RB",1,1,"nflverse (nflreadr::load_player_stats fantasy_points_ppr allowed-by-position, percentile-normalized) + nflreadr::load_schedules","2026-09-04 19:52:15.600932","ri-schedule-weekly-2026.1","CURRENT"
2025,5,"IND","LV","TE",-0.1111,0.444444444444444,"nflverse (nflreadr::load_player_stats fantasy_points_ppr allowed-by-position, percentile-normalized) + nflreadr::load_schedules","2026-09-04 19:52:15.600932","ri-schedule-weekly-2026.1","CURRENT"
2025,5,"IND","LV","WR",0.1852,0.592592592592593,"nflverse (nflreadr::load_player_stats fantasy_points_ppr allowed-by-position, percentile-normalized) + nflreadr::load_schedules","2026-09-04 19:52:15.600932","ri-schedule-weekly-2026.1","CURRENT"
2025,5,"JAX","KC","QB",0.7037,0.851851851851852,"nflverse (nflreadr::load_player_stats fantasy_points_ppr allowed-by-position, percentile-normalized) + nflreadr::load_schedules","2026-09-04 19:52:15.600932","ri-schedule-weekly-2026.1","CURRENT"
2025,5,"JAX","KC","RB",-0.9259,0.037037037037037,"nflverse (nflreadr::load_player_stats fantasy_points_ppr allowed-by-position, percentile-normalized) + nflreadr::load_schedules","2026-09-04 19:52:15.600932","ri-schedule-weekly-2026.1","CURRENT"
2025,5,"JAX","KC","TE",-0.7778,0.111111111111111,"nflverse (nflreadr::load_player_stats fantasy_points_ppr allowed-by-position, percentile-normalized) + nflreadr::load_schedules","2026-09-04 19:52:15.600932","ri-schedule-weekly-2026.1","CURRENT"
2025,5,"JAX","KC","WR",-0.7037,0.148148148148148,"nflverse (nflreadr::load_player_stats fantasy_points_ppr allowed-by-position, percentile-normalized) + nflreadr::load_schedules","2026-09-04 19:52:15.600932","ri-schedule-weekly-2026.1","CURRENT"
2025,5,"KC","JAX","QB",0.8519,0.925925925925926,"nflverse (nflreadr::load_player_stats fantasy_points_ppr allowed-by-position, percentile-normalized) + nflreadr::load_schedules","2026-09-04 19:52:15.600932","ri-schedule-weekly-2026.1","CURRENT"
2025,5,"KC","JAX","RB",0.7778,0.888888888888889,"nflverse (nflreadr::load_player_stats fantasy_points_ppr allowed-by-position, percentile-normalized) + nflreadr::load_schedules","2026-09-04 19:52:15.600932","ri-schedule-weekly-2026.1","CURRENT"
2025,5,"KC","JAX","TE",0.3333,0.666666666666667,"nflverse (nflreadr::load_player_stats fantasy_points_ppr allowed-by-position, percentile-normalized) + nflreadr::load_schedules","2026-09-04 19:52:15.600932","ri-schedule-weekly-2026.1","CURRENT"
2025,5,"KC","JAX","WR",0.3333,0.666666666666667,"nflverse (nflreadr::load_player_stats fantasy_points_ppr allowed-by-position, percentile-normalized) + nflreadr::load_schedules","2026-09-04 19:52:15.600932","ri-schedule-weekly-2026.1","CURRENT"
2025,5,"LA","SF","QB",0.4815,0.740740740740741,"nflverse (nflreadr::load_player_stats fantasy_points_ppr allowed-by-position, percentile-normalized) + nflreadr::load_schedules","2026-09-04 19:52:15.600932","ri-schedule-weekly-2026.1","CURRENT"
2025,5,"LA","SF","RB",0.6296,0.814814814814815,"nflverse (nflreadr::load_player_stats fantasy_points_ppr allowed-by-position, percentile-normalized) + nflreadr::load_schedules","2026-09-04 19:52:15.600932","ri-schedule-weekly-2026.1","CURRENT"
2025,5,"LA","SF","TE",-0.5556,0.222222222222222,"nflverse (nflreadr::load_player_stats fantasy_points_ppr allowed-by-position, percentile-normalized) + nflreadr::load_schedules","2026-09-04 19:52:15.600932","ri-schedule-weekly-2026.1","CURRENT"
2025,5,"LA","SF","WR",0.7037,0.851851851851852,"nflverse (nflreadr::load_player_stats fantasy_points_ppr allowed-by-position, percentile-normalized) + nflreadr::load_schedules","2026-09-04 19:52:15.600932","ri-schedule-weekly-2026.1","CURRENT"
2025,5,"LAC","WAS","QB",-0.1852,0.407407407407407,"nflverse (nflreadr::load_player_stats fantasy_points_ppr allowed-by-position, percentile-normalized) + nflreadr::load_schedules","2026-09-04 19:52:15.600932","ri-schedule-weekly-2026.1","CURRENT"
2025,5,"LAC","WAS","RB",-0.1852,0.407407407407407,"nflverse (nflreadr::load_player_stats fantasy_points_ppr allowed-by-position, percentile-normalized) + nflreadr::load_schedules","2026-09-04 19:52:15.600932","ri-schedule-weekly-2026.1","CURRENT"
2025,5,"LAC","WAS","TE",-0.6296,0.185185185185185,"nflverse (nflreadr::load_player_stats fantasy_points_ppr allowed-by-position, percentile-normalized) + nflreadr::load_schedules","2026-09-04 19:52:15.600932","ri-schedule-weekly-2026.1","CURRENT"
2025,5,"LAC","WAS","WR",-0.1111,0.444444444444444,"nflverse (nflreadr::load_player_stats fantasy_points_ppr allowed-by-position, percentile-normalized) + nflreadr::load_schedules","2026-09-04 19:52:15.600932","ri-schedule-weekly-2026.1","CURRENT"
2025,5,"LV","IND","QB",-0.9259,0.037037037037037,"nflverse (nflreadr::load_player_stats fantasy_points_ppr allowed-by-position, percentile-normalized) + nflreadr::load_schedules","2026-09-04 19:52:15.600932","ri-schedule-weekly-2026.1","CURRENT"
2025,5,"LV","IND","RB",-0.3333,0.333333333333333,"nflverse (nflreadr::load_player_stats fantasy_points_ppr allowed-by-position, percentile-normalized) + nflreadr::load_schedules","2026-09-04 19:52:15.600932","ri-schedule-weekly-2026.1","CURRENT"
2025,5,"LV","IND","TE",-0.1852,0.407407407407407,"nflverse (nflreadr::load_player_stats fantasy_points_ppr allowed-by-position, percentile-normalized) + nflreadr::load_schedules","2026-09-04 19:52:15.600932","ri-schedule-weekly-2026.1","CURRENT"
2025,5,"LV","IND","WR",-0.6296,0.185185185185185,"nflverse (nflreadr::load_player_stats fantasy_points_ppr allowed-by-position, percentile-normalized) + nflreadr::load_schedules","2026-09-04 19:52:15.600932","ri-schedule-weekly-2026.1","CURRENT"
2025,5,"MIA","CAR","QB",0.4074,0.703703703703704,"nflverse (nflreadr::load_player_stats fantasy_points_ppr allowed-by-position, percentile-normalized) + nflreadr::load_schedules","2026-09-04 19:52:15.600932","ri-schedule-weekly-2026.1","CURRENT"
2025,5,"MIA","CAR","RB",-0.7037,0.148148148148148,"nflverse (nflreadr::load_player_stats fantasy_points_ppr allowed-by-position, percentile-normalized) + nflreadr::load_schedules","2026-09-04 19:52:15.600932","ri-schedule-weekly-2026.1","CURRENT"
2025,5,"MIA","CAR","TE",0.7778,0.888888888888889,"nflverse (nflreadr::load_player_stats fantasy_points_ppr allowed-by-position, percentile-normalized) + nflreadr::load_schedules","2026-09-04 19:52:15.600932","ri-schedule-weekly-2026.1","CURRENT"
2025,5,"MIA","CAR","WR",-0.5556,0.222222222222222,"nflverse (nflreadr::load_player_stats fantasy_points_ppr allowed-by-position, percentile-normalized) + nflreadr::load_schedules","2026-09-04 19:52:15.600932","ri-schedule-weekly-2026.1","CURRENT"
2025,5,"MIN","CLE","QB",-0.6296,0.185185185185185,"nflverse (nflreadr::load_player_stats fantasy_points_ppr allowed-by-position, percentile-normalized) + nflreadr::load_schedules","2026-09-04 19:52:15.600932","ri-schedule-weekly-2026.1","CURRENT"
2025,5,"MIN","CLE","RB",-0.4815,0.259259259259259,"nflverse (nflreadr::load_player_stats fantasy_points_ppr allowed-by-position, percentile-normalized) + nflreadr::load_schedules","2026-09-04 19:52:15.600932","ri-schedule-weekly-2026.1","CURRENT"
2025,5,"MIN","CLE","TE",0.4815,0.740740740740741,"nflverse (nflreadr::load_player_stats fantasy_points_ppr allowed-by-position, percentile-normalized) + nflreadr::load_schedules","2026-09-04 19:52:15.600932","ri-schedule-weekly-2026.1","CURRENT"
2025,5,"MIN","CLE","WR",0.6296,0.814814814814815,"nflverse (nflreadr::load_player_stats fantasy_points_ppr allowed-by-position, percentile-normalized) + nflreadr::load_schedules","2026-09-04 19:52:15.600932","ri-schedule-weekly-2026.1","CURRENT"
2025,5,"NE","BUF","QB",-0.7037,0.148148148148148,"nflverse (nflreadr::load_player_stats fantasy_points_ppr allowed-by-position, percentile-normalized) + nflreadr::load_schedules","2026-09-04 19:52:15.600932","ri-schedule-weekly-2026.1","CURRENT"
2025,5,"NE","BUF","RB",0.1111,0.555555555555556,"nflverse (nflreadr::load_player_stats fantasy_points_ppr allowed-by-position, percentile-normalized) + nflreadr::load_schedules","2026-09-04 19:52:15.600932","ri-schedule-weekly-2026.1","CURRENT"
2025,5,"NE","BUF","TE",-0.7037,0.148148148148148,"nflverse (nflreadr::load_player_stats fantasy_points_ppr allowed-by-position, percentile-normalized) + nflreadr::load_schedules","2026-09-04 19:52:15.600932","ri-schedule-weekly-2026.1","CURRENT"
2025,5,"NE","BUF","WR",0.3333,0.666666666666667,"nflverse (nflreadr::load_player_stats fantasy_points_ppr allowed-by-position, percentile-normalized) + nflreadr::load_schedules","2026-09-04 19:52:15.600932","ri-schedule-weekly-2026.1","CURRENT"
2025,5,"NO","NYG","QB",-0.4074,0.296296296296296,"nflverse (nflreadr::load_player_stats fantasy_points_ppr allowed-by-position, percentile-normalized) + nflreadr::load_schedules","2026-09-04 19:52:15.600932","ri-schedule-weekly-2026.1","CURRENT"
2025,5,"NO","NYG","RB",-0.7778,0.111111111111111,"nflverse (nflreadr::load_player_stats fantasy_points_ppr allowed-by-position, percentile-normalized) + nflreadr::load_schedules","2026-09-04 19:52:15.600932","ri-schedule-weekly-2026.1","CURRENT"
2025,5,"NO","NYG","TE",-0.9259,0.037037037037037,"nflverse (nflreadr::load_player_stats fantasy_points_ppr allowed-by-position, percentile-normalized) + nflreadr::load_schedules","2026-09-04 19:52:15.600932","ri-schedule-weekly-2026.1","CURRENT"
2025,5,"NO","NYG","WR",0.5556,0.777777777777778,"nflverse (nflreadr::load_player_stats fantasy_points_ppr allowed-by-position, percentile-normalized) + nflreadr::load_schedules","2026-09-04 19:52:15.600932","ri-schedule-weekly-2026.1","CURRENT"
2025,5,"NYG","NO","QB",-0.4815,0.259259259259259,"nflverse (nflreadr::load_player_stats fantasy_points_ppr allowed-by-position, percentile-normalized) + nflreadr::load_schedules","2026-09-04 19:52:15.600932","ri-schedule-weekly-2026.1","CURRENT"
2025,5,"NYG","NO","RB",-0.4074,0.296296296296296,"nflverse (nflreadr::load_player_stats fantasy_points_ppr allowed-by-position, percentile-normalized) + nflreadr::load_schedules","2026-09-04 19:52:15.600932","ri-schedule-weekly-2026.1","CURRENT"
2025,5,"NYG","NO","TE",1,1,"nflverse (nflreadr::load_player_stats fantasy_points_ppr allowed-by-position, percentile-normalized) + nflreadr::load_schedules","2026-09-04 19:52:15.600932","ri-schedule-weekly-2026.1","CURRENT"
2025,5,"NYG","NO","WR",-0.9259,0.037037037037037,"nflverse (nflreadr::load_player_stats fantasy_points_ppr allowed-by-position, percentile-normalized) + nflreadr::load_schedules","2026-09-04 19:52:15.600932","ri-schedule-weekly-2026.1","CURRENT"
2025,5,"NYJ","DAL","QB",0.6296,0.814814814814815,"nflverse (nflreadr::load_player_stats fantasy_points_ppr allowed-by-position, percentile-normalized) + nflreadr::load_schedules","2026-09-04 19:52:15.600932","ri-schedule-weekly-2026.1","CURRENT"
2025,5,"NYJ","DAL","RB",0.1852,0.592592592592593,"nflverse (nflreadr::load_player_stats fantasy_points_ppr allowed-by-position, percentile-normalized) + nflreadr::load_schedules","2026-09-04 19:52:15.600932","ri-schedule-weekly-2026.1","CURRENT"
2025,5,"NYJ","DAL","TE",0.5556,0.777777777777778,"nflverse (nflreadr::load_player_stats fantasy_points_ppr allowed-by-position, percentile-normalized) + nflreadr::load_schedules","2026-09-04 19:52:15.600932","ri-schedule-weekly-2026.1","CURRENT"
2025,5,"NYJ","DAL","WR",-0.3333,0.333333333333333,"nflverse (nflreadr::load_player_stats fantasy_points_ppr allowed-by-position, percentile-normalized) + nflreadr::load_schedules","2026-09-04 19:52:15.600932","ri-schedule-weekly-2026.1","CURRENT"
2025,5,"PHI","DEN","QB",0.1852,0.592592592592593,"nflverse (nflreadr::load_player_stats fantasy_points_ppr allowed-by-position, percentile-normalized) + nflreadr::load_schedules","2026-09-04 19:52:15.600932","ri-schedule-weekly-2026.1","CURRENT"
2025,5,"PHI","DEN","RB",-0.1111,0.444444444444444,"nflverse (nflreadr::load_player_stats fantasy_points_ppr allowed-by-position, percentile-normalized) + nflreadr::load_schedules","2026-09-04 19:52:15.600932","ri-schedule-weekly-2026.1","CURRENT"
2025,5,"PHI","DEN","TE",-0.037,0.481481481481481,"nflverse (nflreadr::load_player_stats fantasy_points_ppr allowed-by-position, percentile-normalized) + nflreadr::load_schedules","2026-09-04 19:52:15.600932","ri-schedule-weekly-2026.1","CURRENT"
2025,5,"PHI","DEN","WR",-0.1852,0.407407407407407,"nflverse (nflreadr::load_player_stats fantasy_points_ppr allowed-by-position, percentile-normalized) + nflreadr::load_schedules","2026-09-04 19:52:15.600932","ri-schedule-weekly-2026.1","CURRENT"
2025,5,"SEA","TB","QB",0.5556,0.777777777777778,"nflverse (nflreadr::load_player_stats fantasy_points_ppr allowed-by-position, percentile-normalized) + nflreadr::load_schedules","2026-09-04 19:52:15.600932","ri-schedule-weekly-2026.1","CURRENT"
2025,5,"SEA","TB","RB",0.037,0.518518518518518,"nflverse (nflreadr::load_player_stats fantasy_points_ppr allowed-by-position, percentile-normalized) + nflreadr::load_schedules","2026-09-04 19:52:15.600932","ri-schedule-weekly-2026.1","CURRENT"
2025,5,"SEA","TB","TE",0.7037,0.851851851851852,"nflverse (nflreadr::load_player_stats fantasy_points_ppr allowed-by-position, percentile-normalized) + nflreadr::load_schedules","2026-09-04 19:52:15.600932","ri-schedule-weekly-2026.1","CURRENT"
2025,5,"SEA","TB","WR",0.8519,0.925925925925926,"nflverse (nflreadr::load_player_stats fantasy_points_ppr allowed-by-position, percentile-normalized) + nflreadr::load_schedules","2026-09-04 19:52:15.600932","ri-schedule-weekly-2026.1","CURRENT"
2025,5,"SF","LA","QB",0.3333,0.666666666666667,"nflverse (nflreadr::load_player_stats fantasy_points_ppr allowed-by-position, percentile-normalized) + nflreadr::load_schedules","2026-09-04 19:52:15.600932","ri-schedule-weekly-2026.1","CURRENT"
2025,5,"SF","LA","RB",0.4074,0.703703703703704,"nflverse (nflreadr::load_player_stats fantasy_points_ppr allowed-by-position, percentile-normalized) + nflreadr::load_schedules","2026-09-04 19:52:15.600932","ri-schedule-weekly-2026.1","CURRENT"
2025,5,"SF","LA","TE",0.2593,0.62962962962963,"nflverse (nflreadr::load_player_stats fantasy_points_ppr allowed-by-position, percentile-normalized) + nflreadr::load_schedules","2026-09-04 19:52:15.600932","ri-schedule-weekly-2026.1","CURRENT"
2025,5,"SF","LA","WR",0.037,0.518518518518518,"nflverse (nflreadr::load_player_stats fantasy_points_ppr allowed-by-position, percentile-normalized) + nflreadr::load_schedules","2026-09-04 19:52:15.600932","ri-schedule-weekly-2026.1","CURRENT"
2025,5,"TB","SEA","QB",0.7778,0.888888888888889,"nflverse (nflreadr::load_player_stats fantasy_points_ppr allowed-by-position, percentile-normalized) + nflreadr::load_schedules","2026-09-04 19:52:15.600932","ri-schedule-weekly-2026.1","CURRENT"
2025,5,"TB","SEA","RB",0.3333,0.666666666666667,"nflverse (nflreadr::load_player_stats fantasy_points_ppr allowed-by-position, percentile-normalized) + nflreadr::load_schedules","2026-09-04 19:52:15.600932","ri-schedule-weekly-2026.1","CURRENT"
2025,5,"TB","SEA","TE",-0.3333,0.333333333333333,"nflverse (nflreadr::load_player_stats fantasy_points_ppr allowed-by-position, percentile-normalized) + nflreadr::load_schedules","2026-09-04 19:52:15.600932","ri-schedule-weekly-2026.1","CURRENT"
2025,5,"TB","SEA","WR",0.9259,0.962962962962963,"nflverse (nflreadr::load_player_stats fantasy_points_ppr allowed-by-position, percentile-normalized) + nflreadr::load_schedules","2026-09-04 19:52:15.600932","ri-schedule-weekly-2026.1","CURRENT"
2025,5,"TEN","ARI","QB",-0.8519,0.0740740740740741,"nflverse (nflreadr::load_player_stats fantasy_points_ppr allowed-by-position, percentile-normalized) + nflreadr::load_schedules","2026-09-04 19:52:15.600932","ri-schedule-weekly-2026.1","CURRENT"
2025,5,"TEN","ARI","RB",-0.6296,0.185185185185185,"nflverse (nflreadr::load_player_stats fantasy_points_ppr allowed-by-position, percentile-normalized) + nflreadr::load_schedules","2026-09-04 19:52:15.600932","ri-schedule-weekly-2026.1","CURRENT"
2025,5,"TEN","ARI","TE",0.1111,0.555555555555556,"nflverse (nflreadr::load_player_stats fantasy_points_ppr allowed-by-position, percentile-normalized) + nflreadr::load_schedules","2026-09-04 19:52:15.600932","ri-schedule-weekly-2026.1","CURRENT"
2025,5,"TEN","ARI","WR",-0.4815,0.259259259259259,"nflverse (nflreadr::load_player_stats fantasy_points_ppr allowed-by-position, percentile-normalized) + nflreadr::load_schedules","2026-09-04 19:52:15.600932","ri-schedule-weekly-2026.1","CURRENT"
2025,5,"WAS","LAC","QB",-0.2593,0.37037037037037,"nflverse (nflreadr::load_player_stats fantasy_points_ppr allowed-by-position, percentile-normalized) + nflreadr::load_schedules","2026-09-04 19:52:15.600932","ri-schedule-weekly-2026.1","CURRENT"
2025,5,"WAS","LAC","RB",0.5556,0.777777777777778,"nflverse (nflreadr::load_player_stats fantasy_points_ppr allowed-by-position, percentile-normalized) + nflreadr::load_schedules","2026-09-04 19:52:15.600932","ri-schedule-weekly-2026.1","CURRENT"
2025,5,"WAS","LAC","TE",-1,0,"nflverse (nflreadr::load_player_stats fantasy_points_ppr allowed-by-position, percentile-normalized) + nflreadr::load_schedules","2026-09-04 19:52:15.600932","ri-schedule-weekly-2026.1","CURRENT"
2025,5,"WAS","LAC","WR",0.2593,0.62962962962963,"nflverse (nflreadr::load_player_stats fantasy_points_ppr allowed-by-position, percentile-normalized) + nflreadr::load_schedules","2026-09-04 19:52:15.600932","ri-schedule-weekly-2026.1","CURRENT"
2025,6,"ARI","IND","QB",0.5862,0.793103448275862,"nflverse (nflreadr::load_player_stats fantasy_points_ppr allowed-by-position, percentile-normalized) + nflreadr::load_schedules","2026-09-04 19:52:15.600932","ri-schedule-weekly-2026.1","CURRENT"
2025,6,"ARI","IND","RB",0.1724,0.586206896551724,"nflverse (nflreadr::load_player_stats fantasy_points_ppr allowed-by-position, percentile-normalized) + nflreadr::load_schedules","2026-09-04 19:52:15.600932","ri-schedule-weekly-2026.1","CURRENT"
2025,6,"ARI","IND","TE",1,1,"nflverse (nflreadr::load_player_stats fantasy_points_ppr allowed-by-position, percentile-normalized) + nflreadr::load_schedules","2026-09-04 19:52:15.600932","ri-schedule-weekly-2026.1","CURRENT"
2025,6,"ARI","IND","WR",0.4483,0.724137931034483,"nflverse (nflreadr::load_player_stats fantasy_points_ppr allowed-by-position, percentile-normalized) + nflreadr::load_schedules","2026-09-04 19:52:15.600932","ri-schedule-weekly-2026.1","CURRENT"
2025,6,"ATL","BUF","QB",-0.3103,0.344827586206897,"nflverse (nflreadr::load_player_stats fantasy_points_ppr allowed-by-position, percentile-normalized) + nflreadr::load_schedules","2026-09-04 19:52:15.600932","ri-schedule-weekly-2026.1","CURRENT"
2025,6,"ATL","BUF","RB",1,1,"nflverse (nflreadr::load_player_stats fantasy_points_ppr allowed-by-position, percentile-normalized) + nflreadr::load_schedules","2026-09-04 19:52:15.600932","ri-schedule-weekly-2026.1","CURRENT"
2025,6,"ATL","BUF","TE",-0.7931,0.103448275862069,"nflverse (nflreadr::load_player_stats fantasy_points_ppr allowed-by-position, percentile-normalized) + nflreadr::load_schedules","2026-09-04 19:52:15.600932","ri-schedule-weekly-2026.1","CURRENT"
2025,6,"ATL","BUF","WR",0.1724,0.586206896551724,"nflverse (nflreadr::load_player_stats fantasy_points_ppr allowed-by-position, percentile-normalized) + nflreadr::load_schedules","2026-09-04 19:52:15.600932","ri-schedule-weekly-2026.1","CURRENT"
2025,6,"BAL","LA","QB",-0.931,0.0344827586206897,"nflverse (nflreadr::load_player_stats fantasy_points_ppr allowed-by-position, percentile-normalized) + nflreadr::load_schedules","2026-09-04 19:52:15.600932","ri-schedule-weekly-2026.1","CURRENT"
2025,6,"BAL","LA","RB",0.3103,0.655172413793103,"nflverse (nflreadr::load_player_stats fantasy_points_ppr allowed-by-position, percentile-normalized) + nflreadr::load_schedules","2026-09-04 19:52:15.600932","ri-schedule-weekly-2026.1","CURRENT"
2025,6,"BAL","LA","TE",-0.5172,0.241379310344828,"nflverse (nflreadr::load_player_stats fantasy_points_ppr allowed-by-position, percentile-normalized) + nflreadr::load_schedules","2026-09-04 19:52:15.600932","ri-schedule-weekly-2026.1","CURRENT"
2025,6,"BAL","LA","WR",-0.931,0.0344827586206897,"nflverse (nflreadr::load_player_stats fantasy_points_ppr allowed-by-position, percentile-normalized) + nflreadr::load_schedules","2026-09-04 19:52:15.600932","ri-schedule-weekly-2026.1","CURRENT"
2025,6,"BUF","ATL","QB",-0.1724,0.413793103448276,"nflverse (nflreadr::load_player_stats fantasy_points_ppr allowed-by-position, percentile-normalized) + nflreadr::load_schedules","2026-09-04 19:52:15.600932","ri-schedule-weekly-2026.1","CURRENT"
2025,6,"BUF","ATL","RB",0.2414,0.620689655172414,"nflverse (nflreadr::load_player_stats fantasy_points_ppr allowed-by-position, percentile-normalized) + nflreadr::load_schedules","2026-09-04 19:52:15.600932","ri-schedule-weekly-2026.1","CURRENT"
2025,6,"BUF","ATL","TE",-0.5862,0.206896551724138,"nflverse (nflreadr::load_player_stats fantasy_points_ppr allowed-by-position, percentile-normalized) + nflreadr::load_schedules","2026-09-04 19:52:15.600932","ri-schedule-weekly-2026.1","CURRENT"
2025,6,"BUF","ATL","WR",-0.3793,0.310344827586207,"nflverse (nflreadr::load_player_stats fantasy_points_ppr allowed-by-position, percentile-normalized) + nflreadr::load_schedules","2026-09-04 19:52:15.600932","ri-schedule-weekly-2026.1","CURRENT"
2025,6,"CAR","DAL","QB",0.0345,0.517241379310345,"nflverse (nflreadr::load_player_stats fantasy_points_ppr allowed-by-position, percentile-normalized) + nflreadr::load_schedules","2026-09-04 19:52:15.600932","ri-schedule-weekly-2026.1","CURRENT"
2025,6,"CAR","DAL","RB",0.931,0.96551724137931,"nflverse (nflreadr::load_player_stats fantasy_points_ppr allowed-by-position, percentile-normalized) + nflreadr::load_schedules","2026-09-04 19:52:15.600932","ri-schedule-weekly-2026.1","CURRENT"
2025,6,"CAR","DAL","TE",-0.3103,0.344827586206897,"nflverse (nflreadr::load_player_stats fantasy_points_ppr allowed-by-position, percentile-normalized) + nflreadr::load_schedules","2026-09-04 19:52:15.600932","ri-schedule-weekly-2026.1","CURRENT"
2025,6,"CAR","DAL","WR",0.0345,0.517241379310345,"nflverse (nflreadr::load_player_stats fantasy_points_ppr allowed-by-position, percentile-normalized) + nflreadr::load_schedules","2026-09-04 19:52:15.600932","ri-schedule-weekly-2026.1","CURRENT"
2025,6,"CHI","WAS","QB",0.4483,0.724137931034483,"nflverse (nflreadr::load_player_stats fantasy_points_ppr allowed-by-position, percentile-normalized) + nflreadr::load_schedules","2026-09-04 19:52:15.600932","ri-schedule-weekly-2026.1","CURRENT"
2025,6,"CHI","WAS","RB",0.6552,0.827586206896552,"nflverse (nflreadr::load_player_stats fantasy_points_ppr allowed-by-position, percentile-normalized) + nflreadr::load_schedules","2026-09-04 19:52:15.600932","ri-schedule-weekly-2026.1","CURRENT"
2025,6,"CHI","WAS","TE",-0.931,0.0344827586206897,"nflverse (nflreadr::load_player_stats fantasy_points_ppr allowed-by-position, percentile-normalized) + nflreadr::load_schedules","2026-09-04 19:52:15.600932","ri-schedule-weekly-2026.1","CURRENT"
2025,6,"CHI","WAS","WR",-0.1034,0.448275862068966,"nflverse (nflreadr::load_player_stats fantasy_points_ppr allowed-by-position, percentile-normalized) + nflreadr::load_schedules","2026-09-04 19:52:15.600932","ri-schedule-weekly-2026.1","CURRENT"
2025,6,"CIN","GB","QB",0.1034,0.551724137931034,"nflverse (nflreadr::load_player_stats fantasy_points_ppr allowed-by-position, percentile-normalized) + nflreadr::load_schedules","2026-09-04 19:52:15.600932","ri-schedule-weekly-2026.1","CURRENT"
2025,6,"CIN","GB","RB",-0.5862,0.206896551724138,"nflverse (nflreadr::load_player_stats fantasy_points_ppr allowed-by-position, percentile-normalized) + nflreadr::load_schedules","2026-09-04 19:52:15.600932","ri-schedule-weekly-2026.1","CURRENT"
2025,6,"CIN","GB","TE",0.5862,0.793103448275862,"nflverse (nflreadr::load_player_stats fantasy_points_ppr allowed-by-position, percentile-normalized) + nflreadr::load_schedules","2026-09-04 19:52:15.600932","ri-schedule-weekly-2026.1","CURRENT"
2025,6,"CIN","GB","WR",0.5862,0.793103448275862,"nflverse (nflreadr::load_player_stats fantasy_points_ppr allowed-by-position, percentile-normalized) + nflreadr::load_schedules","2026-09-04 19:52:15.600932","ri-schedule-weekly-2026.1","CURRENT"
2025,6,"CLE","PIT","QB",-0.6552,0.172413793103448,"nflverse (nflreadr::load_player_stats fantasy_points_ppr allowed-by-position, percentile-normalized) + nflreadr::load_schedules","2026-09-04 19:52:15.600932","ri-schedule-weekly-2026.1","CURRENT"
2025,6,"CLE","PIT","RB",-0.3103,0.344827586206897,"nflverse (nflreadr::load_player_stats fantasy_points_ppr allowed-by-position, percentile-normalized) + nflreadr::load_schedules","2026-09-04 19:52:15.600932","ri-schedule-weekly-2026.1","CURRENT"
2025,6,"CLE","PIT","TE",0.8621,0.931034482758621,"nflverse (nflreadr::load_player_stats fantasy_points_ppr allowed-by-position, percentile-normalized) + nflreadr::load_schedules","2026-09-04 19:52:15.600932","ri-schedule-weekly-2026.1","CURRENT"
2025,6,"CLE","PIT","WR",-0.7931,0.103448275862069,"nflverse (nflreadr::load_player_stats fantasy_points_ppr allowed-by-position, percentile-normalized) + nflreadr::load_schedules","2026-09-04 19:52:15.600932","ri-schedule-weekly-2026.1","CURRENT"
2025,6,"DAL","CAR","QB",0.7241,0.862068965517241,"nflverse (nflreadr::load_player_stats fantasy_points_ppr allowed-by-position, percentile-normalized) + nflreadr::load_schedules","2026-09-04 19:52:15.600932","ri-schedule-weekly-2026.1","CURRENT"
2025,6,"DAL","CAR","RB",-0.0345,0.482758620689655,"nflverse (nflreadr::load_player_stats fantasy_points_ppr allowed-by-position, percentile-normalized) + nflreadr::load_schedules","2026-09-04 19:52:15.600932","ri-schedule-weekly-2026.1","CURRENT"
2025,6,"DAL","CAR","TE",-0.0345,0.482758620689655,"nflverse (nflreadr::load_player_stats fantasy_points_ppr allowed-by-position, percentile-normalized) + nflreadr::load_schedules","2026-09-04 19:52:15.600932","ri-schedule-weekly-2026.1","CURRENT"
2025,6,"DAL","CAR","WR",0.7931,0.896551724137931,"nflverse (nflreadr::load_player_stats fantasy_points_ppr allowed-by-position, percentile-normalized) + nflreadr::load_schedules","2026-09-04 19:52:15.600932","ri-schedule-weekly-2026.1","CURRENT"
2025,6,"DEN","NYJ","QB",-0.3793,0.310344827586207,"nflverse (nflreadr::load_player_stats fantasy_points_ppr allowed-by-position, percentile-normalized) + nflreadr::load_schedules","2026-09-04 19:52:15.600932","ri-schedule-weekly-2026.1","CURRENT"
2025,6,"DEN","NYJ","RB",-0.7931,0.103448275862069,"nflverse (nflreadr::load_player_stats fantasy_points_ppr allowed-by-position, percentile-normalized) + nflreadr::load_schedules","2026-09-04 19:52:15.600932","ri-schedule-weekly-2026.1","CURRENT"
2025,6,"DEN","NYJ","TE",0.6552,0.827586206896552,"nflverse (nflreadr::load_player_stats fantasy_points_ppr allowed-by-position, percentile-normalized) + nflreadr::load_schedules","2026-09-04 19:52:15.600932","ri-schedule-weekly-2026.1","CURRENT"
2025,6,"DEN","NYJ","WR",-0.8621,0.0689655172413793,"nflverse (nflreadr::load_player_stats fantasy_points_ppr allowed-by-position, percentile-normalized) + nflreadr::load_schedules","2026-09-04 19:52:15.600932","ri-schedule-weekly-2026.1","CURRENT"
2025,6,"DET","KC","QB",-0.1034,0.448275862068966,"nflverse (nflreadr::load_player_stats fantasy_points_ppr allowed-by-position, percentile-normalized) + nflreadr::load_schedules","2026-09-04 19:52:15.600932","ri-schedule-weekly-2026.1","CURRENT"
2025,6,"DET","KC","RB",-0.4483,0.275862068965517,"nflverse (nflreadr::load_player_stats fantasy_points_ppr allowed-by-position, percentile-normalized) + nflreadr::load_schedules","2026-09-04 19:52:15.600932","ri-schedule-weekly-2026.1","CURRENT"
2025,6,"DET","KC","TE",0.2414,0.620689655172414,"nflverse (nflreadr::load_player_stats fantasy_points_ppr allowed-by-position, percentile-normalized) + nflreadr::load_schedules","2026-09-04 19:52:15.600932","ri-schedule-weekly-2026.1","CURRENT"
2025,6,"DET","KC","WR",0.2414,0.620689655172414,"nflverse (nflreadr::load_player_stats fantasy_points_ppr allowed-by-position, percentile-normalized) + nflreadr::load_schedules","2026-09-04 19:52:15.600932","ri-schedule-weekly-2026.1","CURRENT"
2025,6,"GB","CIN","QB",-0.2414,0.379310344827586,"nflverse (nflreadr::load_player_stats fantasy_points_ppr allowed-by-position, percentile-normalized) + nflreadr::load_schedules","2026-09-04 19:52:15.600932","ri-schedule-weekly-2026.1","CURRENT"
2025,6,"GB","CIN","RB",0.8621,0.931034482758621,"nflverse (nflreadr::load_player_stats fantasy_points_ppr allowed-by-position, percentile-normalized) + nflreadr::load_schedules","2026-09-04 19:52:15.600932","ri-schedule-weekly-2026.1","CURRENT"
2025,6,"GB","CIN","TE",-0.1034,0.448275862068966,"nflverse (nflreadr::load_player_stats fantasy_points_ppr allowed-by-position, percentile-normalized) + nflreadr::load_schedules","2026-09-04 19:52:15.600932","ri-schedule-weekly-2026.1","CURRENT"
2025,6,"GB","CIN","WR",-0.0345,0.482758620689655,"nflverse (nflreadr::load_player_stats fantasy_points_ppr allowed-by-position, percentile-normalized) + nflreadr::load_schedules","2026-09-04 19:52:15.600932","ri-schedule-weekly-2026.1","CURRENT"
2025,6,"IND","ARI","QB",0.7931,0.896551724137931,"nflverse (nflreadr::load_player_stats fantasy_points_ppr allowed-by-position, percentile-normalized) + nflreadr::load_schedules","2026-09-04 19:52:15.600932","ri-schedule-weekly-2026.1","CURRENT"
2025,6,"IND","ARI","RB",0.5172,0.758620689655172,"nflverse (nflreadr::load_player_stats fantasy_points_ppr allowed-by-position, percentile-normalized) + nflreadr::load_schedules","2026-09-04 19:52:15.600932","ri-schedule-weekly-2026.1","CURRENT"
2025,6,"IND","ARI","TE",0.7241,0.862068965517241,"nflverse (nflreadr::load_player_stats fantasy_points_ppr allowed-by-position, percentile-normalized) + nflreadr::load_schedules","2026-09-04 19:52:15.600932","ri-schedule-weekly-2026.1","CURRENT"
2025,6,"IND","ARI","WR",-0.1724,0.413793103448276,"nflverse (nflreadr::load_player_stats fantasy_points_ppr allowed-by-position, percentile-normalized) + nflreadr::load_schedules","2026-09-04 19:52:15.600932","ri-schedule-weekly-2026.1","CURRENT"
2025,6,"JAX","SEA","QB",0.2414,0.620689655172414,"nflverse (nflreadr::load_player_stats fantasy_points_ppr allowed-by-position, percentile-normalized) + nflreadr::load_schedules","2026-09-04 19:52:15.600932","ri-schedule-weekly-2026.1","CURRENT"
2025,6,"JAX","SEA","RB",-0.1724,0.413793103448276,"nflverse (nflreadr::load_player_stats fantasy_points_ppr allowed-by-position, percentile-normalized) + nflreadr::load_schedules","2026-09-04 19:52:15.600932","ri-schedule-weekly-2026.1","CURRENT"
2025,6,"JAX","SEA","TE",-0.7241,0.137931034482759,"nflverse (nflreadr::load_player_stats fantasy_points_ppr allowed-by-position, percentile-normalized) + nflreadr::load_schedules","2026-09-04 19:52:15.600932","ri-schedule-weekly-2026.1","CURRENT"
2025,6,"JAX","SEA","WR",0.8621,0.931034482758621,"nflverse (nflreadr::load_player_stats fantasy_points_ppr allowed-by-position, percentile-normalized) + nflreadr::load_schedules","2026-09-04 19:52:15.600932","ri-schedule-weekly-2026.1","CURRENT"
2025,6,"KC","DET","QB",1,1,"nflverse (nflreadr::load_player_stats fantasy_points_ppr allowed-by-position, percentile-normalized) + nflreadr::load_schedules","2026-09-04 19:52:15.600932","ri-schedule-weekly-2026.1","CURRENT"
2025,6,"KC","DET","RB",-0.5172,0.241379310344828,"nflverse (nflreadr::load_player_stats fantasy_points_ppr allowed-by-position, percentile-normalized) + nflreadr::load_schedules","2026-09-04 19:52:15.600932","ri-schedule-weekly-2026.1","CURRENT"
2025,6,"KC","DET","TE",0.5172,0.758620689655172,"nflverse (nflreadr::load_player_stats fantasy_points_ppr allowed-by-position, percentile-normalized) + nflreadr::load_schedules","2026-09-04 19:52:15.600932","ri-schedule-weekly-2026.1","CURRENT"
2025,6,"KC","DET","WR",0.7241,0.862068965517241,"nflverse (nflreadr::load_player_stats fantasy_points_ppr allowed-by-position, percentile-normalized) + nflreadr::load_schedules","2026-09-04 19:52:15.600932","ri-schedule-weekly-2026.1","CURRENT"
2025,6,"LA","BAL","QB",-0.5862,0.206896551724138,"nflverse (nflreadr::load_player_stats fantasy_points_ppr allowed-by-position, percentile-normalized) + nflreadr::load_schedules","2026-09-04 19:52:15.600932","ri-schedule-weekly-2026.1","CURRENT"
2025,6,"LA","BAL","RB",0.0345,0.517241379310345,"nflverse (nflreadr::load_player_stats fantasy_points_ppr allowed-by-position, percentile-normalized) + nflreadr::load_schedules","2026-09-04 19:52:15.600932","ri-schedule-weekly-2026.1","CURRENT"
2025,6,"LA","BAL","TE",0.1034,0.551724137931034,"nflverse (nflreadr::load_player_stats fantasy_points_ppr allowed-by-position, percentile-normalized) + nflreadr::load_schedules","2026-09-04 19:52:15.600932","ri-schedule-weekly-2026.1","CURRENT"
2025,6,"LA","BAL","WR",-0.7931,0.103448275862069,"nflverse (nflreadr::load_player_stats fantasy_points_ppr allowed-by-position, percentile-normalized) + nflreadr::load_schedules","2026-09-04 19:52:15.600932","ri-schedule-weekly-2026.1","CURRENT"
2025,6,"LAC","MIA","QB",0.1724,0.586206896551724,"nflverse (nflreadr::load_player_stats fantasy_points_ppr allowed-by-position, percentile-normalized) + nflreadr::load_schedules","2026-09-04 19:52:15.600932","ri-schedule-weekly-2026.1","CURRENT"
2025,6,"LAC","MIA","RB",0.3793,0.689655172413793,"nflverse (nflreadr::load_player_stats fantasy_points_ppr allowed-by-position, percentile-normalized) + nflreadr::load_schedules","2026-09-04 19:52:15.600932","ri-schedule-weekly-2026.1","CURRENT"
2025,6,"LAC","MIA","TE",0.0345,0.517241379310345,"nflverse (nflreadr::load_player_stats fantasy_points_ppr allowed-by-position, percentile-normalized) + nflreadr::load_schedules","2026-09-04 19:52:15.600932","ri-schedule-weekly-2026.1","CURRENT"
2025,6,"LAC","MIA","WR",0.5172,0.758620689655172,"nflverse (nflreadr::load_player_stats fantasy_points_ppr allowed-by-position, percentile-normalized) + nflreadr::load_schedules","2026-09-04 19:52:15.600932","ri-schedule-weekly-2026.1","CURRENT"
2025,6,"LV","TEN","QB",-0.7241,0.137931034482759,"nflverse (nflreadr::load_player_stats fantasy_points_ppr allowed-by-position, percentile-normalized) + nflreadr::load_schedules","2026-09-04 19:52:15.600932","ri-schedule-weekly-2026.1","CURRENT"
2025,6,"LV","TEN","RB",-0.2414,0.379310344827586,"nflverse (nflreadr::load_player_stats fantasy_points_ppr allowed-by-position, percentile-normalized) + nflreadr::load_schedules","2026-09-04 19:52:15.600932","ri-schedule-weekly-2026.1","CURRENT"
2025,6,"LV","TEN","TE",0.4483,0.724137931034483,"nflverse (nflreadr::load_player_stats fantasy_points_ppr allowed-by-position, percentile-normalized) + nflreadr::load_schedules","2026-09-04 19:52:15.600932","ri-schedule-weekly-2026.1","CURRENT"
2025,6,"LV","TEN","WR",-0.6552,0.172413793103448,"nflverse (nflreadr::load_player_stats fantasy_points_ppr allowed-by-position, percentile-normalized) + nflreadr::load_schedules","2026-09-04 19:52:15.600932","ri-schedule-weekly-2026.1","CURRENT"
2025,6,"MIA","LAC","QB",-0.8621,0.0689655172413793,"nflverse (nflreadr::load_player_stats fantasy_points_ppr allowed-by-position, percentile-normalized) + nflreadr::load_schedules","2026-09-04 19:52:15.600932","ri-schedule-weekly-2026.1","CURRENT"
2025,6,"MIA","LAC","RB",0.7241,0.862068965517241,"nflverse (nflreadr::load_player_stats fantasy_points_ppr allowed-by-position, percentile-normalized) + nflreadr::load_schedules","2026-09-04 19:52:15.600932","ri-schedule-weekly-2026.1","CURRENT"
2025,6,"MIA","LAC","TE",0.3103,0.655172413793103,"nflverse (nflreadr::load_player_stats fantasy_points_ppr allowed-by-position, percentile-normalized) + nflreadr::load_schedules","2026-09-04 19:52:15.600932","ri-schedule-weekly-2026.1","CURRENT"
2025,6,"MIA","LAC","WR",-0.5172,0.241379310344828,"nflverse (nflreadr::load_player_stats fantasy_points_ppr allowed-by-position, percentile-normalized) + nflreadr::load_schedules","2026-09-04 19:52:15.600932","ri-schedule-weekly-2026.1","CURRENT"
2025,6,"NE","NO","QB",0.931,0.96551724137931,"nflverse (nflreadr::load_player_stats fantasy_points_ppr allowed-by-position, percentile-normalized) + nflreadr::load_schedules","2026-09-04 19:52:15.600932","ri-schedule-weekly-2026.1","CURRENT"
2025,6,"NE","NO","RB",-1,0,"nflverse (nflreadr::load_player_stats fantasy_points_ppr allowed-by-position, percentile-normalized) + nflreadr::load_schedules","2026-09-04 19:52:15.600932","ri-schedule-weekly-2026.1","CURRENT"
2025,6,"NE","NO","TE",-0.6552,0.172413793103448,"nflverse (nflreadr::load_player_stats fantasy_points_ppr allowed-by-position, percentile-normalized) + nflreadr::load_schedules","2026-09-04 19:52:15.600932","ri-schedule-weekly-2026.1","CURRENT"
2025,6,"NE","NO","WR",1,1,"nflverse (nflreadr::load_player_stats fantasy_points_ppr allowed-by-position, percentile-normalized) + nflreadr::load_schedules","2026-09-04 19:52:15.600932","ri-schedule-weekly-2026.1","CURRENT"
2025,6,"NO","NE","QB",-0.5172,0.241379310344828,"nflverse (nflreadr::load_player_stats fantasy_points_ppr allowed-by-position, percentile-normalized) + nflreadr::load_schedules","2026-09-04 19:52:15.600932","ri-schedule-weekly-2026.1","CURRENT"
2025,6,"NO","NE","RB",-0.1034,0.448275862068966,"nflverse (nflreadr::load_player_stats fantasy_points_ppr allowed-by-position, percentile-normalized) + nflreadr::load_schedules","2026-09-04 19:52:15.600932","ri-schedule-weekly-2026.1","CURRENT"
2025,6,"NO","NE","TE",-0.4483,0.275862068965517,"nflverse (nflreadr::load_player_stats fantasy_points_ppr allowed-by-position, percentile-normalized) + nflreadr::load_schedules","2026-09-04 19:52:15.600932","ri-schedule-weekly-2026.1","CURRENT"
2025,6,"NO","NE","WR",-0.2414,0.379310344827586,"nflverse (nflreadr::load_player_stats fantasy_points_ppr allowed-by-position, percentile-normalized) + nflreadr::load_schedules","2026-09-04 19:52:15.600932","ri-schedule-weekly-2026.1","CURRENT"
2025,6,"NYG","PHI","QB",0.8621,0.931034482758621,"nflverse (nflreadr::load_player_stats fantasy_points_ppr allowed-by-position, percentile-normalized) + nflreadr::load_schedules","2026-09-04 19:52:15.600932","ri-schedule-weekly-2026.1","CURRENT"
2025,6,"NYG","PHI","RB",0.7931,0.896551724137931,"nflverse (nflreadr::load_player_stats fantasy_points_ppr allowed-by-position, percentile-normalized) + nflreadr::load_schedules","2026-09-04 19:52:15.600932","ri-schedule-weekly-2026.1","CURRENT"
2025,6,"NYG","PHI","TE",-0.8621,0.0689655172413793,"nflverse (nflreadr::load_player_stats fantasy_points_ppr allowed-by-position, percentile-normalized) + nflreadr::load_schedules","2026-09-04 19:52:15.600932","ri-schedule-weekly-2026.1","CURRENT"
2025,6,"NYG","PHI","WR",0.3103,0.655172413793103,"nflverse (nflreadr::load_player_stats fantasy_points_ppr allowed-by-position, percentile-normalized) + nflreadr::load_schedules","2026-09-04 19:52:15.600932","ri-schedule-weekly-2026.1","CURRENT"
2025,6,"NYJ","DEN","QB",-1,0,"nflverse (nflreadr::load_player_stats fantasy_points_ppr allowed-by-position, percentile-normalized) + nflreadr::load_schedules","2026-09-04 19:52:15.600932","ri-schedule-weekly-2026.1","CURRENT"
2025,6,"NYJ","DEN","RB",-0.931,0.0344827586206897,"nflverse (nflreadr::load_player_stats fantasy_points_ppr allowed-by-position, percentile-normalized) + nflreadr::load_schedules","2026-09-04 19:52:15.600932","ri-schedule-weekly-2026.1","CURRENT"
2025,6,"NYJ","DEN","TE",-1,0,"nflverse (nflreadr::load_player_stats fantasy_points_ppr allowed-by-position, percentile-normalized) + nflreadr::load_schedules","2026-09-04 19:52:15.600932","ri-schedule-weekly-2026.1","CURRENT"
2025,6,"NYJ","DEN","WR",-1,0,"nflverse (nflreadr::load_player_stats fantasy_points_ppr allowed-by-position, percentile-normalized) + nflreadr::load_schedules","2026-09-04 19:52:15.600932","ri-schedule-weekly-2026.1","CURRENT"
2025,6,"PHI","NYG","QB",0.5172,0.758620689655172,"nflverse (nflreadr::load_player_stats fantasy_points_ppr allowed-by-position, percentile-normalized) + nflreadr::load_schedules","2026-09-04 19:52:15.600932","ri-schedule-weekly-2026.1","CURRENT"
2025,6,"PHI","NYG","RB",-0.7241,0.137931034482759,"nflverse (nflreadr::load_player_stats fantasy_points_ppr allowed-by-position, percentile-normalized) + nflreadr::load_schedules","2026-09-04 19:52:15.600932","ri-schedule-weekly-2026.1","CURRENT"
2025,6,"PHI","NYG","TE",0.931,0.96551724137931,"nflverse (nflreadr::load_player_stats fantasy_points_ppr allowed-by-position, percentile-normalized) + nflreadr::load_schedules","2026-09-04 19:52:15.600932","ri-schedule-weekly-2026.1","CURRENT"
2025,6,"PHI","NYG","WR",-0.3103,0.344827586206897,"nflverse (nflreadr::load_player_stats fantasy_points_ppr allowed-by-position, percentile-normalized) + nflreadr::load_schedules","2026-09-04 19:52:15.600932","ri-schedule-weekly-2026.1","CURRENT"
2025,6,"PIT","CLE","QB",-0.0345,0.482758620689655,"nflverse (nflreadr::load_player_stats fantasy_points_ppr allowed-by-position, percentile-normalized) + nflreadr::load_schedules","2026-09-04 19:52:15.600932","ri-schedule-weekly-2026.1","CURRENT"
2025,6,"PIT","CLE","RB",0.1034,0.551724137931034,"nflverse (nflreadr::load_player_stats fantasy_points_ppr allowed-by-position, percentile-normalized) + nflreadr::load_schedules","2026-09-04 19:52:15.600932","ri-schedule-weekly-2026.1","CURRENT"
2025,6,"PIT","CLE","TE",0.3103,0.655172413793103,"nflverse (nflreadr::load_player_stats fantasy_points_ppr allowed-by-position, percentile-normalized) + nflreadr::load_schedules","2026-09-04 19:52:15.600932","ri-schedule-weekly-2026.1","CURRENT"
2025,6,"PIT","CLE","WR",-0.5862,0.206896551724138,"nflverse (nflreadr::load_player_stats fantasy_points_ppr allowed-by-position, percentile-normalized) + nflreadr::load_schedules","2026-09-04 19:52:15.600932","ri-schedule-weekly-2026.1","CURRENT"
2025,6,"SEA","JAX","QB",0.3793,0.689655172413793,"nflverse (nflreadr::load_player_stats fantasy_points_ppr allowed-by-position, percentile-normalized) + nflreadr::load_schedules","2026-09-04 19:52:15.600932","ri-schedule-weekly-2026.1","CURRENT"
2025,6,"SEA","JAX","RB",-0.8621,0.0689655172413793,"nflverse (nflreadr::load_player_stats fantasy_points_ppr allowed-by-position, percentile-normalized) + nflreadr::load_schedules","2026-09-04 19:52:15.600932","ri-schedule-weekly-2026.1","CURRENT"
2025,6,"SEA","JAX","TE",-0.2414,0.379310344827586,"nflverse (nflreadr::load_player_stats fantasy_points_ppr allowed-by-position, percentile-normalized) + nflreadr::load_schedules","2026-09-04 19:52:15.600932","ri-schedule-weekly-2026.1","CURRENT"
2025,6,"SEA","JAX","WR",0.931,0.96551724137931,"nflverse (nflreadr::load_player_stats fantasy_points_ppr allowed-by-position, percentile-normalized) + nflreadr::load_schedules","2026-09-04 19:52:15.600932","ri-schedule-weekly-2026.1","CURRENT"
2025,6,"SF","TB","QB",-0.4483,0.275862068965517,"nflverse (nflreadr::load_player_stats fantasy_points_ppr allowed-by-position, percentile-normalized) + nflreadr::load_schedules","2026-09-04 19:52:15.600932","ri-schedule-weekly-2026.1","CURRENT"
2025,6,"SF","TB","RB",0.5862,0.793103448275862,"nflverse (nflreadr::load_player_stats fantasy_points_ppr allowed-by-position, percentile-normalized) + nflreadr::load_schedules","2026-09-04 19:52:15.600932","ri-schedule-weekly-2026.1","CURRENT"
2025,6,"SF","TB","TE",-0.1724,0.413793103448276,"nflverse (nflreadr::load_player_stats fantasy_points_ppr allowed-by-position, percentile-normalized) + nflreadr::load_schedules","2026-09-04 19:52:15.600932","ri-schedule-weekly-2026.1","CURRENT"
2025,6,"SF","TB","WR",0.1034,0.551724137931034,"nflverse (nflreadr::load_player_stats fantasy_points_ppr allowed-by-position, percentile-normalized) + nflreadr::load_schedules","2026-09-04 19:52:15.600932","ri-schedule-weekly-2026.1","CURRENT"
2025,6,"TB","SF","QB",0.3103,0.655172413793103,"nflverse (nflreadr::load_player_stats fantasy_points_ppr allowed-by-position, percentile-normalized) + nflreadr::load_schedules","2026-09-04 19:52:15.600932","ri-schedule-weekly-2026.1","CURRENT"
2025,6,"TB","SF","RB",0.3793,0.689655172413793,"nflverse (nflreadr::load_player_stats fantasy_points_ppr allowed-by-position, percentile-normalized) + nflreadr::load_schedules","2026-09-04 19:52:15.600932","ri-schedule-weekly-2026.1","CURRENT"
2025,6,"TB","SF","TE",-0.3793,0.310344827586207,"nflverse (nflreadr::load_player_stats fantasy_points_ppr allowed-by-position, percentile-normalized) + nflreadr::load_schedules","2026-09-04 19:52:15.600932","ri-schedule-weekly-2026.1","CURRENT"
2025,6,"TB","SF","WR",0.6552,0.827586206896552,"nflverse (nflreadr::load_player_stats fantasy_points_ppr allowed-by-position, percentile-normalized) + nflreadr::load_schedules","2026-09-04 19:52:15.600932","ri-schedule-weekly-2026.1","CURRENT"
2025,6,"TEN","LV","QB",-0.7931,0.103448275862069,"nflverse (nflreadr::load_player_stats fantasy_points_ppr allowed-by-position, percentile-normalized) + nflreadr::load_schedules","2026-09-04 19:52:15.600932","ri-schedule-weekly-2026.1","CURRENT"
2025,6,"TEN","LV","RB",-0.3793,0.310344827586207,"nflverse (nflreadr::load_player_stats fantasy_points_ppr allowed-by-position, percentile-normalized) + nflreadr::load_schedules","2026-09-04 19:52:15.600932","ri-schedule-weekly-2026.1","CURRENT"
2025,6,"TEN","LV","TE",0.7931,0.896551724137931,"nflverse (nflreadr::load_player_stats fantasy_points_ppr allowed-by-position, percentile-normalized) + nflreadr::load_schedules","2026-09-04 19:52:15.600932","ri-schedule-weekly-2026.1","CURRENT"
2025,6,"TEN","LV","WR",-0.4483,0.275862068965517,"nflverse (nflreadr::load_player_stats fantasy_points_ppr allowed-by-position, percentile-normalized) + nflreadr::load_schedules","2026-09-04 19:52:15.600932","ri-schedule-weekly-2026.1","CURRENT"
2025,6,"WAS","CHI","QB",0.6552,0.827586206896552,"nflverse (nflreadr::load_player_stats fantasy_points_ppr allowed-by-position, percentile-normalized) + nflreadr::load_schedules","2026-09-04 19:52:15.600932","ri-schedule-weekly-2026.1","CURRENT"
2025,6,"WAS","CHI","RB",-0.6552,0.172413793103448,"nflverse (nflreadr::load_player_stats fantasy_points_ppr allowed-by-position, percentile-normalized) + nflreadr::load_schedules","2026-09-04 19:52:15.600932","ri-schedule-weekly-2026.1","CURRENT"
2025,6,"WAS","CHI","TE",0.1724,0.586206896551724,"nflverse (nflreadr::load_player_stats fantasy_points_ppr allowed-by-position, percentile-normalized) + nflreadr::load_schedules","2026-09-04 19:52:15.600932","ri-schedule-weekly-2026.1","CURRENT"
2025,6,"WAS","CHI","WR",0.3793,0.689655172413793,"nflverse (nflreadr::load_player_stats fantasy_points_ppr allowed-by-position, percentile-normalized) + nflreadr::load_schedules","2026-09-04 19:52:15.600932","ri-schedule-weekly-2026.1","CURRENT"
2025,7,"ARI","GB","QB",0.1724,0.586206896551724,"nflverse (nflreadr::load_player_stats fantasy_points_ppr allowed-by-position, percentile-normalized) + nflreadr::load_schedules","2026-09-04 19:52:15.600932","ri-schedule-weekly-2026.1","CURRENT"
2025,7,"ARI","GB","RB",-0.3103,0.344827586206897,"nflverse (nflreadr::load_player_stats fantasy_points_ppr allowed-by-position, percentile-normalized) + nflreadr::load_schedules","2026-09-04 19:52:15.600932","ri-schedule-weekly-2026.1","CURRENT"
2025,7,"ARI","GB","TE",0.8621,0.931034482758621,"nflverse (nflreadr::load_player_stats fantasy_points_ppr allowed-by-position, percentile-normalized) + nflreadr::load_schedules","2026-09-04 19:52:15.600932","ri-schedule-weekly-2026.1","CURRENT"
2025,7,"ARI","GB","WR",-0.1034,0.448275862068966,"nflverse (nflreadr::load_player_stats fantasy_points_ppr allowed-by-position, percentile-normalized) + nflreadr::load_schedules","2026-09-04 19:52:15.600932","ri-schedule-weekly-2026.1","CURRENT"
2025,7,"ATL","SF","QB",-0.1724,0.413793103448276,"nflverse (nflreadr::load_player_stats fantasy_points_ppr allowed-by-position, percentile-normalized) + nflreadr::load_schedules","2026-09-04 19:52:15.600932","ri-schedule-weekly-2026.1","CURRENT"
2025,7,"ATL","SF","RB",0.3103,0.655172413793103,"nflverse (nflreadr::load_player_stats fantasy_points_ppr allowed-by-position, percentile-normalized) + nflreadr::load_schedules","2026-09-04 19:52:15.600932","ri-schedule-weekly-2026.1","CURRENT"
2025,7,"ATL","SF","TE",-0.0345,0.482758620689655,"nflverse (nflreadr::load_player_stats fantasy_points_ppr allowed-by-position, percentile-normalized) + nflreadr::load_schedules","2026-09-04 19:52:15.600932","ri-schedule-weekly-2026.1","CURRENT"
2025,7,"ATL","SF","WR",-0.5172,0.241379310344828,"nflverse (nflreadr::load_player_stats fantasy_points_ppr allowed-by-position, percentile-normalized) + nflreadr::load_schedules","2026-09-04 19:52:15.600932","ri-schedule-weekly-2026.1","CURRENT"
2025,7,"CAR","NYJ","QB",-0.1034,0.448275862068966,"nflverse (nflreadr::load_player_stats fantasy_points_ppr allowed-by-position, percentile-normalized) + nflreadr::load_schedules","2026-09-04 19:52:15.600932","ri-schedule-weekly-2026.1","CURRENT"
2025,7,"CAR","NYJ","RB",-0.0345,0.482758620689655,"nflverse (nflreadr::load_player_stats fantasy_points_ppr allowed-by-position, percentile-normalized) + nflreadr::load_schedules","2026-09-04 19:52:15.600932","ri-schedule-weekly-2026.1","CURRENT"
2025,7,"CAR","NYJ","TE",-0.7241,0.137931034482759,"nflverse (nflreadr::load_player_stats fantasy_points_ppr allowed-by-position, percentile-normalized) + nflreadr::load_schedules","2026-09-04 19:52:15.600932","ri-schedule-weekly-2026.1","CURRENT"
2025,7,"CAR","NYJ","WR",0.1034,0.551724137931034,"nflverse (nflreadr::load_player_stats fantasy_points_ppr allowed-by-position, percentile-normalized) + nflreadr::load_schedules","2026-09-04 19:52:15.600932","ri-schedule-weekly-2026.1","CURRENT"
2025,7,"CHI","NO","QB",-0.8621,0.0689655172413793,"nflverse (nflreadr::load_player_stats fantasy_points_ppr allowed-by-position, percentile-normalized) + nflreadr::load_schedules","2026-09-04 19:52:15.600932","ri-schedule-weekly-2026.1","CURRENT"
2025,7,"CHI","NO","RB",0.8621,0.931034482758621,"nflverse (nflreadr::load_player_stats fantasy_points_ppr allowed-by-position, percentile-normalized) + nflreadr::load_schedules","2026-09-04 19:52:15.600932","ri-schedule-weekly-2026.1","CURRENT"
2025,7,"CHI","NO","TE",-0.4483,0.275862068965517,"nflverse (nflreadr::load_player_stats fantasy_points_ppr allowed-by-position, percentile-normalized) + nflreadr::load_schedules","2026-09-04 19:52:15.600932","ri-schedule-weekly-2026.1","CURRENT"
2025,7,"CHI","NO","WR",-0.6552,0.172413793103448,"nflverse (nflreadr::load_player_stats fantasy_points_ppr allowed-by-position, percentile-normalized) + nflreadr::load_schedules","2026-09-04 19:52:15.600932","ri-schedule-weekly-2026.1","CURRENT"
2025,7,"CIN","PIT","QB",0.7241,0.862068965517241,"nflverse (nflreadr::load_player_stats fantasy_points_ppr allowed-by-position, percentile-normalized) + nflreadr::load_schedules","2026-09-04 19:52:15.600932","ri-schedule-weekly-2026.1","CURRENT"
2025,7,"CIN","PIT","RB",-0.2414,0.379310344827586,"nflverse (nflreadr::load_player_stats fantasy_points_ppr allowed-by-position, percentile-normalized) + nflreadr::load_schedules","2026-09-04 19:52:15.600932","ri-schedule-weekly-2026.1","CURRENT"
2025,7,"CIN","PIT","TE",0.2414,0.620689655172414,"nflverse (nflreadr::load_player_stats fantasy_points_ppr allowed-by-position, percentile-normalized) + nflreadr::load_schedules","2026-09-04 19:52:15.600932","ri-schedule-weekly-2026.1","CURRENT"
2025,7,"CIN","PIT","WR",1,1,"nflverse (nflreadr::load_player_stats fantasy_points_ppr allowed-by-position, percentile-normalized) + nflreadr::load_schedules","2026-09-04 19:52:15.600932","ri-schedule-weekly-2026.1","CURRENT"
2025,7,"CLE","MIA","QB",-0.7241,0.137931034482759,"nflverse (nflreadr::load_player_stats fantasy_points_ppr allowed-by-position, percentile-normalized) + nflreadr::load_schedules","2026-09-04 19:52:15.600932","ri-schedule-weekly-2026.1","CURRENT"
2025,7,"CLE","MIA","RB",0.7241,0.862068965517241,"nflverse (nflreadr::load_player_stats fantasy_points_ppr allowed-by-position, percentile-normalized) + nflreadr::load_schedules","2026-09-04 19:52:15.600932","ri-schedule-weekly-2026.1","CURRENT"
2025,7,"CLE","MIA","TE",-0.3103,0.344827586206897,"nflverse (nflreadr::load_player_stats fantasy_points_ppr allowed-by-position, percentile-normalized) + nflreadr::load_schedules","2026-09-04 19:52:15.600932","ri-schedule-weekly-2026.1","CURRENT"
2025,7,"CLE","MIA","WR",-1,0,"nflverse (nflreadr::load_player_stats fantasy_points_ppr allowed-by-position, percentile-normalized) + nflreadr::load_schedules","2026-09-04 19:52:15.600932","ri-schedule-weekly-2026.1","CURRENT"
2025,7,"DAL","WAS","QB",0.4483,0.724137931034483,"nflverse (nflreadr::load_player_stats fantasy_points_ppr allowed-by-position, percentile-normalized) + nflreadr::load_schedules","2026-09-04 19:52:15.600932","ri-schedule-weekly-2026.1","CURRENT"
2025,7,"DAL","WAS","RB",0.4483,0.724137931034483,"nflverse (nflreadr::load_player_stats fantasy_points_ppr allowed-by-position, percentile-normalized) + nflreadr::load_schedules","2026-09-04 19:52:15.600932","ri-schedule-weekly-2026.1","CURRENT"
2025,7,"DAL","WAS","TE",0.6552,0.827586206896552,"nflverse (nflreadr::load_player_stats fantasy_points_ppr allowed-by-position, percentile-normalized) + nflreadr::load_schedules","2026-09-04 19:52:15.600932","ri-schedule-weekly-2026.1","CURRENT"
2025,7,"DAL","WAS","WR",0.5172,0.758620689655172,"nflverse (nflreadr::load_player_stats fantasy_points_ppr allowed-by-position, percentile-normalized) + nflreadr::load_schedules","2026-09-04 19:52:15.600932","ri-schedule-weekly-2026.1","CURRENT"
2025,7,"DEN","NYG","QB",1,1,"nflverse (nflreadr::load_player_stats fantasy_points_ppr allowed-by-position, percentile-normalized) + nflreadr::load_schedules","2026-09-04 19:52:15.600932","ri-schedule-weekly-2026.1","CURRENT"
2025,7,"DEN","NYG","RB",0.1724,0.586206896551724,"nflverse (nflreadr::load_player_stats fantasy_points_ppr allowed-by-position, percentile-normalized) + nflreadr::load_schedules","2026-09-04 19:52:15.600932","ri-schedule-weekly-2026.1","CURRENT"
2025,7,"DEN","NYG","TE",-0.0345,0.482758620689655,"nflverse (nflreadr::load_player_stats fantasy_points_ppr allowed-by-position, percentile-normalized) + nflreadr::load_schedules","2026-09-04 19:52:15.600932","ri-schedule-weekly-2026.1","CURRENT"
2025,7,"DEN","NYG","WR",0.7241,0.862068965517241,"nflverse (nflreadr::load_player_stats fantasy_points_ppr allowed-by-position, percentile-normalized) + nflreadr::load_schedules","2026-09-04 19:52:15.600932","ri-schedule-weekly-2026.1","CURRENT"
2025,7,"DET","TB","QB",-0.4483,0.275862068965517,"nflverse (nflreadr::load_player_stats fantasy_points_ppr allowed-by-position, percentile-normalized) + nflreadr::load_schedules","2026-09-04 19:52:15.600932","ri-schedule-weekly-2026.1","CURRENT"
2025,7,"DET","TB","RB",0.931,0.96551724137931,"nflverse (nflreadr::load_player_stats fantasy_points_ppr allowed-by-position, percentile-normalized) + nflreadr::load_schedules","2026-09-04 19:52:15.600932","ri-schedule-weekly-2026.1","CURRENT"
2025,7,"DET","TB","TE",-0.2414,0.379310344827586,"nflverse (nflreadr::load_player_stats fantasy_points_ppr allowed-by-position, percentile-normalized) + nflreadr::load_schedules","2026-09-04 19:52:15.600932","ri-schedule-weekly-2026.1","CURRENT"
2025,7,"DET","TB","WR",-0.1724,0.413793103448276,"nflverse (nflreadr::load_player_stats fantasy_points_ppr allowed-by-position, percentile-normalized) + nflreadr::load_schedules","2026-09-04 19:52:15.600932","ri-schedule-weekly-2026.1","CURRENT"
2025,7,"GB","ARI","QB",-0.0345,0.482758620689655,"nflverse (nflreadr::load_player_stats fantasy_points_ppr allowed-by-position, percentile-normalized) + nflreadr::load_schedules","2026-09-04 19:52:15.600932","ri-schedule-weekly-2026.1","CURRENT"
2025,7,"GB","ARI","RB",0.2414,0.620689655172414,"nflverse (nflreadr::load_player_stats fantasy_points_ppr allowed-by-position, percentile-normalized) + nflreadr::load_schedules","2026-09-04 19:52:15.600932","ri-schedule-weekly-2026.1","CURRENT"
2025,7,"GB","ARI","TE",0.4483,0.724137931034483,"nflverse (nflreadr::load_player_stats fantasy_points_ppr allowed-by-position, percentile-normalized) + nflreadr::load_schedules","2026-09-04 19:52:15.600932","ri-schedule-weekly-2026.1","CURRENT"
2025,7,"GB","ARI","WR",-0.3103,0.344827586206897,"nflverse (nflreadr::load_player_stats fantasy_points_ppr allowed-by-position, percentile-normalized) + nflreadr::load_schedules","2026-09-04 19:52:15.600932","ri-schedule-weekly-2026.1","CURRENT"
2025,7,"HOU","SEA","QB",0.0345,0.517241379310345,"nflverse (nflreadr::load_player_stats fantasy_points_ppr allowed-by-position, percentile-normalized) + nflreadr::load_schedules","2026-09-04 19:52:15.600932","ri-schedule-weekly-2026.1","CURRENT"
2025,7,"HOU","SEA","RB",-0.3793,0.310344827586207,"nflverse (nflreadr::load_player_stats fantasy_points_ppr allowed-by-position, percentile-normalized) + nflreadr::load_schedules","2026-09-04 19:52:15.600932","ri-schedule-weekly-2026.1","CURRENT"
2025,7,"HOU","SEA","TE",0.5862,0.793103448275862,"nflverse (nflreadr::load_player_stats fantasy_points_ppr allowed-by-position, percentile-normalized) + nflreadr::load_schedules","2026-09-04 19:52:15.600932","ri-schedule-weekly-2026.1","CURRENT"
2025,7,"HOU","SEA","WR",-0.4483,0.275862068965517,"nflverse (nflreadr::load_player_stats fantasy_points_ppr allowed-by-position, percentile-normalized) + nflreadr::load_schedules","2026-09-04 19:52:15.600932","ri-schedule-weekly-2026.1","CURRENT"
2025,7,"IND","LAC","QB",0.3103,0.655172413793103,"nflverse (nflreadr::load_player_stats fantasy_points_ppr allowed-by-position, percentile-normalized) + nflreadr::load_schedules","2026-09-04 19:52:15.600932","ri-schedule-weekly-2026.1","CURRENT"
2025,7,"IND","LAC","RB",0.7931,0.896551724137931,"nflverse (nflreadr::load_player_stats fantasy_points_ppr allowed-by-position, percentile-normalized) + nflreadr::load_schedules","2026-09-04 19:52:15.600932","ri-schedule-weekly-2026.1","CURRENT"
2025,7,"IND","LAC","TE",0.5172,0.758620689655172,"nflverse (nflreadr::load_player_stats fantasy_points_ppr allowed-by-position, percentile-normalized) + nflreadr::load_schedules","2026-09-04 19:52:15.600932","ri-schedule-weekly-2026.1","CURRENT"
2025,7,"IND","LAC","WR",0.3793,0.689655172413793,"nflverse (nflreadr::load_player_stats fantasy_points_ppr allowed-by-position, percentile-normalized) + nflreadr::load_schedules","2026-09-04 19:52:15.600932","ri-schedule-weekly-2026.1","CURRENT"
2025,7,"JAX","LA","QB",0.1034,0.551724137931034,"nflverse (nflreadr::load_player_stats fantasy_points_ppr allowed-by-position, percentile-normalized) + nflreadr::load_schedules","2026-09-04 19:52:15.600932","ri-schedule-weekly-2026.1","CURRENT"
2025,7,"JAX","LA","RB",-0.6552,0.172413793103448,"nflverse (nflreadr::load_player_stats fantasy_points_ppr allowed-by-position, percentile-normalized) + nflreadr::load_schedules","2026-09-04 19:52:15.600932","ri-schedule-weekly-2026.1","CURRENT"
2025,7,"JAX","LA","TE",-0.6552,0.172413793103448,"nflverse (nflreadr::load_player_stats fantasy_points_ppr allowed-by-position, percentile-normalized) + nflreadr::load_schedules","2026-09-04 19:52:15.600932","ri-schedule-weekly-2026.1","CURRENT"
2025,7,"JAX","LA","WR",-0.0345,0.482758620689655,"nflverse (nflreadr::load_player_stats fantasy_points_ppr allowed-by-position, percentile-normalized) + nflreadr::load_schedules","2026-09-04 19:52:15.600932","ri-schedule-weekly-2026.1","CURRENT"
2025,7,"KC","LV","QB",0.6552,0.827586206896552,"nflverse (nflreadr::load_player_stats fantasy_points_ppr allowed-by-position, percentile-normalized) + nflreadr::load_schedules","2026-09-04 19:52:15.600932","ri-schedule-weekly-2026.1","CURRENT"
2025,7,"KC","LV","RB",0.5862,0.793103448275862,"nflverse (nflreadr::load_player_stats fantasy_points_ppr allowed-by-position, percentile-normalized) + nflreadr::load_schedules","2026-09-04 19:52:15.600932","ri-schedule-weekly-2026.1","CURRENT"
2025,7,"KC","LV","TE",-0.1724,0.413793103448276,"nflverse (nflreadr::load_player_stats fantasy_points_ppr allowed-by-position, percentile-normalized) + nflreadr::load_schedules","2026-09-04 19:52:15.600932","ri-schedule-weekly-2026.1","CURRENT"
2025,7,"KC","LV","WR",0.7931,0.896551724137931,"nflverse (nflreadr::load_player_stats fantasy_points_ppr allowed-by-position, percentile-normalized) + nflreadr::load_schedules","2026-09-04 19:52:15.600932","ri-schedule-weekly-2026.1","CURRENT"
2025,7,"LA","JAX","QB",0.7931,0.896551724137931,"nflverse (nflreadr::load_player_stats fantasy_points_ppr allowed-by-position, percentile-normalized) + nflreadr::load_schedules","2026-09-04 19:52:15.600932","ri-schedule-weekly-2026.1","CURRENT"
2025,7,"LA","JAX","RB",-0.4483,0.275862068965517,"nflverse (nflreadr::load_player_stats fantasy_points_ppr allowed-by-position, percentile-normalized) + nflreadr::load_schedules","2026-09-04 19:52:15.600932","ri-schedule-weekly-2026.1","CURRENT"
2025,7,"LA","JAX","TE",0.7241,0.862068965517241,"nflverse (nflreadr::load_player_stats fantasy_points_ppr allowed-by-position, percentile-normalized) + nflreadr::load_schedules","2026-09-04 19:52:15.600932","ri-schedule-weekly-2026.1","CURRENT"
2025,7,"LA","JAX","WR",0.5862,0.793103448275862,"nflverse (nflreadr::load_player_stats fantasy_points_ppr allowed-by-position, percentile-normalized) + nflreadr::load_schedules","2026-09-04 19:52:15.600932","ri-schedule-weekly-2026.1","CURRENT"
2025,7,"LAC","IND","QB",0.8621,0.931034482758621,"nflverse (nflreadr::load_player_stats fantasy_points_ppr allowed-by-position, percentile-normalized) + nflreadr::load_schedules","2026-09-04 19:52:15.600932","ri-schedule-weekly-2026.1","CURRENT"
2025,7,"LAC","IND","RB",-0.7931,0.103448275862069,"nflverse (nflreadr::load_player_stats fantasy_points_ppr allowed-by-position, percentile-normalized) + nflreadr::load_schedules","2026-09-04 19:52:15.600932","ri-schedule-weekly-2026.1","CURRENT"
2025,7,"LAC","IND","TE",0.7931,0.896551724137931,"nflverse (nflreadr::load_player_stats fantasy_points_ppr allowed-by-position, percentile-normalized) + nflreadr::load_schedules","2026-09-04 19:52:15.600932","ri-schedule-weekly-2026.1","CURRENT"
2025,7,"LAC","IND","WR",0.8621,0.931034482758621,"nflverse (nflreadr::load_player_stats fantasy_points_ppr allowed-by-position, percentile-normalized) + nflreadr::load_schedules","2026-09-04 19:52:15.600932","ri-schedule-weekly-2026.1","CURRENT"
2025,7,"LV","KC","QB",-0.931,0.0344827586206897,"nflverse (nflreadr::load_player_stats fantasy_points_ppr allowed-by-position, percentile-normalized) + nflreadr::load_schedules","2026-09-04 19:52:15.600932","ri-schedule-weekly-2026.1","CURRENT"
2025,7,"LV","KC","RB",-0.931,0.0344827586206897,"nflverse (nflreadr::load_player_stats fantasy_points_ppr allowed-by-position, percentile-normalized) + nflreadr::load_schedules","2026-09-04 19:52:15.600932","ri-schedule-weekly-2026.1","CURRENT"
2025,7,"LV","KC","TE",-0.931,0.0344827586206897,"nflverse (nflreadr::load_player_stats fantasy_points_ppr allowed-by-position, percentile-normalized) + nflreadr::load_schedules","2026-09-04 19:52:15.600932","ri-schedule-weekly-2026.1","CURRENT"
2025,7,"LV","KC","WR",-0.931,0.0344827586206897,"nflverse (nflreadr::load_player_stats fantasy_points_ppr allowed-by-position, percentile-normalized) + nflreadr::load_schedules","2026-09-04 19:52:15.600932","ri-schedule-weekly-2026.1","CURRENT"
2025,7,"MIA","CLE","QB",-1,0,"nflverse (nflreadr::load_player_stats fantasy_points_ppr allowed-by-position, percentile-normalized) + nflreadr::load_schedules","2026-09-04 19:52:15.600932","ri-schedule-weekly-2026.1","CURRENT"
2025,7,"MIA","CLE","RB",-0.1724,0.413793103448276,"nflverse (nflreadr::load_player_stats fantasy_points_ppr allowed-by-position, percentile-normalized) + nflreadr::load_schedules","2026-09-04 19:52:15.600932","ri-schedule-weekly-2026.1","CURRENT"
2025,7,"MIA","CLE","TE",-0.7931,0.103448275862069,"nflverse (nflreadr::load_player_stats fantasy_points_ppr allowed-by-position, percentile-normalized) + nflreadr::load_schedules","2026-09-04 19:52:15.600932","ri-schedule-weekly-2026.1","CURRENT"
2025,7,"MIA","CLE","WR",-0.4483,0.275862068965517,"nflverse (nflreadr::load_player_stats fantasy_points_ppr allowed-by-position, percentile-normalized) + nflreadr::load_schedules","2026-09-04 19:52:15.600932","ri-schedule-weekly-2026.1","CURRENT"
2025,7,"MIN","PHI","QB",-0.2414,0.379310344827586,"nflverse (nflreadr::load_player_stats fantasy_points_ppr allowed-by-position, percentile-normalized) + nflreadr::load_schedules","2026-09-04 19:52:15.600932","ri-schedule-weekly-2026.1","CURRENT"
2025,7,"MIN","PHI","RB",-0.5172,0.241379310344828,"nflverse (nflreadr::load_player_stats fantasy_points_ppr allowed-by-position, percentile-normalized) + nflreadr::load_schedules","2026-09-04 19:52:15.600932","ri-schedule-weekly-2026.1","CURRENT"
2025,7,"MIN","PHI","TE",-0.1724,0.413793103448276,"nflverse (nflreadr::load_player_stats fantasy_points_ppr allowed-by-position, percentile-normalized) + nflreadr::load_schedules","2026-09-04 19:52:15.600932","ri-schedule-weekly-2026.1","CURRENT"
2025,7,"MIN","PHI","WR",0.6552,0.827586206896552,"nflverse (nflreadr::load_player_stats fantasy_points_ppr allowed-by-position, percentile-normalized) + nflreadr::load_schedules","2026-09-04 19:52:15.600932","ri-schedule-weekly-2026.1","CURRENT"
2025,7,"NE","TEN","QB",0.5172,0.758620689655172,"nflverse (nflreadr::load_player_stats fantasy_points_ppr allowed-by-position, percentile-normalized) + nflreadr::load_schedules","2026-09-04 19:52:15.600932","ri-schedule-weekly-2026.1","CURRENT"
2025,7,"NE","TEN","RB",0.0345,0.517241379310345,"nflverse (nflreadr::load_player_stats fantasy_points_ppr allowed-by-position, percentile-normalized) + nflreadr::load_schedules","2026-09-04 19:52:15.600932","ri-schedule-weekly-2026.1","CURRENT"
2025,7,"NE","TEN","TE",0.3793,0.689655172413793,"nflverse (nflreadr::load_player_stats fantasy_points_ppr allowed-by-position, percentile-normalized) + nflreadr::load_schedules","2026-09-04 19:52:15.600932","ri-schedule-weekly-2026.1","CURRENT"
2025,7,"NE","TEN","WR",0.4483,0.724137931034483,"nflverse (nflreadr::load_player_stats fantasy_points_ppr allowed-by-position, percentile-normalized) + nflreadr::load_schedules","2026-09-04 19:52:15.600932","ri-schedule-weekly-2026.1","CURRENT"
2025,7,"NO","CHI","QB",-0.3793,0.310344827586207,"nflverse (nflreadr::load_player_stats fantasy_points_ppr allowed-by-position, percentile-normalized) + nflreadr::load_schedules","2026-09-04 19:52:15.600932","ri-schedule-weekly-2026.1","CURRENT"
2025,7,"NO","CHI","RB",-1,0,"nflverse (nflreadr::load_player_stats fantasy_points_ppr allowed-by-position, percentile-normalized) + nflreadr::load_schedules","2026-09-04 19:52:15.600932","ri-schedule-weekly-2026.1","CURRENT"
2025,7,"NO","CHI","TE",0.3103,0.655172413793103,"nflverse (nflreadr::load_player_stats fantasy_points_ppr allowed-by-position, percentile-normalized) + nflreadr::load_schedules","2026-09-04 19:52:15.600932","ri-schedule-weekly-2026.1","CURRENT"
2025,7,"NO","CHI","WR",0.3103,0.655172413793103,"nflverse (nflreadr::load_player_stats fantasy_points_ppr allowed-by-position, percentile-normalized) + nflreadr::load_schedules","2026-09-04 19:52:15.600932","ri-schedule-weekly-2026.1","CURRENT"
2025,7,"NYG","DEN","QB",0.931,0.96551724137931,"nflverse (nflreadr::load_player_stats fantasy_points_ppr allowed-by-position, percentile-normalized) + nflreadr::load_schedules","2026-09-04 19:52:15.600932","ri-schedule-weekly-2026.1","CURRENT"
2025,7,"NYG","DEN","RB",0.6552,0.827586206896552,"nflverse (nflreadr::load_player_stats fantasy_points_ppr allowed-by-position, percentile-normalized) + nflreadr::load_schedules","2026-09-04 19:52:15.600932","ri-schedule-weekly-2026.1","CURRENT"
2025,7,"NYG","DEN","TE",0.931,0.96551724137931,"nflverse (nflreadr::load_player_stats fantasy_points_ppr allowed-by-position, percentile-normalized) + nflreadr::load_schedules","2026-09-04 19:52:15.600932","ri-schedule-weekly-2026.1","CURRENT"
2025,7,"NYG","DEN","WR",-0.7241,0.137931034482759,"nflverse (nflreadr::load_player_stats fantasy_points_ppr allowed-by-position, percentile-normalized) + nflreadr::load_schedules","2026-09-04 19:52:15.600932","ri-schedule-weekly-2026.1","CURRENT"
2025,7,"NYJ","CAR","QB",-0.6552,0.172413793103448,"nflverse (nflreadr::load_player_stats fantasy_points_ppr allowed-by-position, percentile-normalized) + nflreadr::load_schedules","2026-09-04 19:52:15.600932","ri-schedule-weekly-2026.1","CURRENT"
2025,7,"NYJ","CAR","RB",-0.5862,0.206896551724138,"nflverse (nflreadr::load_player_stats fantasy_points_ppr allowed-by-position, percentile-normalized) + nflreadr::load_schedules","2026-09-04 19:52:15.600932","ri-schedule-weekly-2026.1","CURRENT"
2025,7,"NYJ","CAR","TE",-0.5862,0.206896551724138,"nflverse (nflreadr::load_player_stats fantasy_points_ppr allowed-by-position, percentile-normalized) + nflreadr::load_schedules","2026-09-04 19:52:15.600932","ri-schedule-weekly-2026.1","CURRENT"
2025,7,"NYJ","CAR","WR",-0.5862,0.206896551724138,"nflverse (nflreadr::load_player_stats fantasy_points_ppr allowed-by-position, percentile-normalized) + nflreadr::load_schedules","2026-09-04 19:52:15.600932","ri-schedule-weekly-2026.1","CURRENT"
2025,7,"PHI","MIN","QB",0.5862,0.793103448275862,"nflverse (nflreadr::load_player_stats fantasy_points_ppr allowed-by-position, percentile-normalized) + nflreadr::load_schedules","2026-09-04 19:52:15.600932","ri-schedule-weekly-2026.1","CURRENT"
2025,7,"PHI","MIN","RB",-0.8621,0.0689655172413793,"nflverse (nflreadr::load_player_stats fantasy_points_ppr allowed-by-position, percentile-normalized) + nflreadr::load_schedules","2026-09-04 19:52:15.600932","ri-schedule-weekly-2026.1","CURRENT"
2025,7,"PHI","MIN","TE",-0.8621,0.0689655172413793,"nflverse (nflreadr::load_player_stats fantasy_points_ppr allowed-by-position, percentile-normalized) + nflreadr::load_schedules","2026-09-04 19:52:15.600932","ri-schedule-weekly-2026.1","CURRENT"
2025,7,"PHI","MIN","WR",0.931,0.96551724137931,"nflverse (nflreadr::load_player_stats fantasy_points_ppr allowed-by-position, percentile-normalized) + nflreadr::load_schedules","2026-09-04 19:52:15.600932","ri-schedule-weekly-2026.1","CURRENT"
2025,7,"PIT","CIN","QB",0.3793,0.689655172413793,"nflverse (nflreadr::load_player_stats fantasy_points_ppr allowed-by-position, percentile-normalized) + nflreadr::load_schedules","2026-09-04 19:52:15.600932","ri-schedule-weekly-2026.1","CURRENT"
2025,7,"PIT","CIN","RB",0.3793,0.689655172413793,"nflverse (nflreadr::load_player_stats fantasy_points_ppr allowed-by-position, percentile-normalized) + nflreadr::load_schedules","2026-09-04 19:52:15.600932","ri-schedule-weekly-2026.1","CURRENT"
2025,7,"PIT","CIN","TE",1,1,"nflverse (nflreadr::load_player_stats fantasy_points_ppr allowed-by-position, percentile-normalized) + nflreadr::load_schedules","2026-09-04 19:52:15.600932","ri-schedule-weekly-2026.1","CURRENT"
2025,7,"PIT","CIN","WR",-0.7931,0.103448275862069,"nflverse (nflreadr::load_player_stats fantasy_points_ppr allowed-by-position, percentile-normalized) + nflreadr::load_schedules","2026-09-04 19:52:15.600932","ri-schedule-weekly-2026.1","CURRENT"
2025,7,"SEA","HOU","QB",-0.5862,0.206896551724138,"nflverse (nflreadr::load_player_stats fantasy_points_ppr allowed-by-position, percentile-normalized) + nflreadr::load_schedules","2026-09-04 19:52:15.600932","ri-schedule-weekly-2026.1","CURRENT"
2025,7,"SEA","HOU","RB",0.5172,0.758620689655172,"nflverse (nflreadr::load_player_stats fantasy_points_ppr allowed-by-position, percentile-normalized) + nflreadr::load_schedules","2026-09-04 19:52:15.600932","ri-schedule-weekly-2026.1","CURRENT"
2025,7,"SEA","HOU","TE",-0.3793,0.310344827586207,"nflverse (nflreadr::load_player_stats fantasy_points_ppr allowed-by-position, percentile-normalized) + nflreadr::load_schedules","2026-09-04 19:52:15.600932","ri-schedule-weekly-2026.1","CURRENT"
2025,7,"SEA","HOU","WR",0.0345,0.517241379310345,"nflverse (nflreadr::load_player_stats fantasy_points_ppr allowed-by-position, percentile-normalized) + nflreadr::load_schedules","2026-09-04 19:52:15.600932","ri-schedule-weekly-2026.1","CURRENT"
2025,7,"SF","ATL","QB",-0.7931,0.103448275862069,"nflverse (nflreadr::load_player_stats fantasy_points_ppr allowed-by-position, percentile-normalized) + nflreadr::load_schedules","2026-09-04 19:52:15.600932","ri-schedule-weekly-2026.1","CURRENT"
2025,7,"SF","ATL","RB",1,1,"nflverse (nflreadr::load_player_stats fantasy_points_ppr allowed-by-position, percentile-normalized) + nflreadr::load_schedules","2026-09-04 19:52:15.600932","ri-schedule-weekly-2026.1","CURRENT"
2025,7,"SF","ATL","TE",-1,0,"nflverse (nflreadr::load_player_stats fantasy_points_ppr allowed-by-position, percentile-normalized) + nflreadr::load_schedules","2026-09-04 19:52:15.600932","ri-schedule-weekly-2026.1","CURRENT"
2025,7,"SF","ATL","WR",-0.8621,0.0689655172413793,"nflverse (nflreadr::load_player_stats fantasy_points_ppr allowed-by-position, percentile-normalized) + nflreadr::load_schedules","2026-09-04 19:52:15.600932","ri-schedule-weekly-2026.1","CURRENT"
2025,7,"TB","DET","QB",-0.3103,0.344827586206897,"nflverse (nflreadr::load_player_stats fantasy_points_ppr allowed-by-position, percentile-normalized) + nflreadr::load_schedules","2026-09-04 19:52:15.600932","ri-schedule-weekly-2026.1","CURRENT"
2025,7,"TB","DET","RB",-0.7931,0.103448275862069,"nflverse (nflreadr::load_player_stats fantasy_points_ppr allowed-by-position, percentile-normalized) + nflreadr::load_schedules","2026-09-04 19:52:15.600932","ri-schedule-weekly-2026.1","CURRENT"
2025,7,"TB","DET","TE",0.1034,0.551724137931034,"nflverse (nflreadr::load_player_stats fantasy_points_ppr allowed-by-position, percentile-normalized) + nflreadr::load_schedules","2026-09-04 19:52:15.600932","ri-schedule-weekly-2026.1","CURRENT"
2025,7,"TB","DET","WR",0.2414,0.620689655172414,"nflverse (nflreadr::load_player_stats fantasy_points_ppr allowed-by-position, percentile-normalized) + nflreadr::load_schedules","2026-09-04 19:52:15.600932","ri-schedule-weekly-2026.1","CURRENT"
2025,7,"TEN","NE","QB",-0.5172,0.241379310344828,"nflverse (nflreadr::load_player_stats fantasy_points_ppr allowed-by-position, percentile-normalized) + nflreadr::load_schedules","2026-09-04 19:52:15.600932","ri-schedule-weekly-2026.1","CURRENT"
2025,7,"TEN","NE","RB",0.0345,0.517241379310345,"nflverse (nflreadr::load_player_stats fantasy_points_ppr allowed-by-position, percentile-normalized) + nflreadr::load_schedules","2026-09-04 19:52:15.600932","ri-schedule-weekly-2026.1","CURRENT"
2025,7,"TEN","NE","TE",-0.5172,0.241379310344828,"nflverse (nflreadr::load_player_stats fantasy_points_ppr allowed-by-position, percentile-normalized) + nflreadr::load_schedules","2026-09-04 19:52:15.600932","ri-schedule-weekly-2026.1","CURRENT"
2025,7,"TEN","NE","WR",0.1724,0.586206896551724,"nflverse (nflreadr::load_player_stats fantasy_points_ppr allowed-by-position, percentile-normalized) + nflreadr::load_schedules","2026-09-04 19:52:15.600932","ri-schedule-weekly-2026.1","CURRENT"
2025,7,"WAS","DAL","QB",0.2414,0.620689655172414,"nflverse (nflreadr::load_player_stats fantasy_points_ppr allowed-by-position, percentile-normalized) + nflreadr::load_schedules","2026-09-04 19:52:15.600932","ri-schedule-weekly-2026.1","CURRENT"
2025,7,"WAS","DAL","RB",-0.1034,0.448275862068966,"nflverse (nflreadr::load_player_stats fantasy_points_ppr allowed-by-position, percentile-normalized) + nflreadr::load_schedules","2026-09-04 19:52:15.600932","ri-schedule-weekly-2026.1","CURRENT"
2025,7,"WAS","DAL","TE",0.1724,0.586206896551724,"nflverse (nflreadr::load_player_stats fantasy_points_ppr allowed-by-position, percentile-normalized) + nflreadr::load_schedules","2026-09-04 19:52:15.600932","ri-schedule-weekly-2026.1","CURRENT"
2025,7,"WAS","DAL","WR",-0.2414,0.379310344827586,"nflverse (nflreadr::load_player_stats fantasy_points_ppr allowed-by-position, percentile-normalized) + nflreadr::load_schedules","2026-09-04 19:52:15.600932","ri-schedule-weekly-2026.1","CURRENT"
2025,8,"ATL","MIA","QB",-0.76,0.12,"nflverse (nflreadr::load_player_stats fantasy_points_ppr allowed-by-position, percentile-normalized) + nflreadr::load_schedules","2026-09-04 19:52:15.600932","ri-schedule-weekly-2026.1","CURRENT"
2025,8,"ATL","MIA","RB",-0.36,0.32,"nflverse (nflreadr::load_player_stats fantasy_points_ppr allowed-by-position, percentile-normalized) + nflreadr::load_schedules","2026-09-04 19:52:15.600932","ri-schedule-weekly-2026.1","CURRENT"
2025,8,"ATL","MIA","TE",0.28,0.64,"nflverse (nflreadr::load_player_stats fantasy_points_ppr allowed-by-position, percentile-normalized) + nflreadr::load_schedules","2026-09-04 19:52:15.600932","ri-schedule-weekly-2026.1","CURRENT"
2025,8,"ATL","MIA","WR",-0.92,0.04,"nflverse (nflreadr::load_player_stats fantasy_points_ppr allowed-by-position, percentile-normalized) + nflreadr::load_schedules","2026-09-04 19:52:15.600932","ri-schedule-weekly-2026.1","CURRENT"
2025,8,"BAL","CHI","QB",-0.2,0.4,"nflverse (nflreadr::load_player_stats fantasy_points_ppr allowed-by-position, percentile-normalized) + nflreadr::load_schedules","2026-09-04 19:52:15.600932","ri-schedule-weekly-2026.1","CURRENT"
2025,8,"BAL","CHI","RB",0.12,0.56,"nflverse (nflreadr::load_player_stats fantasy_points_ppr allowed-by-position, percentile-normalized) + nflreadr::load_schedules","2026-09-04 19:52:15.600932","ri-schedule-weekly-2026.1","CURRENT"
2025,8,"BAL","CHI","TE",0.36,0.68,"nflverse (nflreadr::load_player_stats fantasy_points_ppr allowed-by-position, percentile-normalized) + nflreadr::load_schedules","2026-09-04 19:52:15.600932","ri-schedule-weekly-2026.1","CURRENT"
2025,8,"BAL","CHI","WR",-0.52,0.24,"nflverse (nflreadr::load_player_stats fantasy_points_ppr allowed-by-position, percentile-normalized) + nflreadr::load_schedules","2026-09-04 19:52:15.600932","ri-schedule-weekly-2026.1","CURRENT"
2025,8,"BUF","CAR","QB",0.52,0.76,"nflverse (nflreadr::load_player_stats fantasy_points_ppr allowed-by-position, percentile-normalized) + nflreadr::load_schedules","2026-09-04 19:52:15.600932","ri-schedule-weekly-2026.1","CURRENT"
2025,8,"BUF","CAR","RB",0.52,0.76,"nflverse (nflreadr::load_player_stats fantasy_points_ppr allowed-by-position, percentile-normalized) + nflreadr::load_schedules","2026-09-04 19:52:15.600932","ri-schedule-weekly-2026.1","CURRENT"
2025,8,"BUF","CAR","TE",-0.12,0.44,"nflverse (nflreadr::load_player_stats fantasy_points_ppr allowed-by-position, percentile-normalized) + nflreadr::load_schedules","2026-09-04 19:52:15.600932","ri-schedule-weekly-2026.1","CURRENT"
2025,8,"BUF","CAR","WR",-0.04,0.48,"nflverse (nflreadr::load_player_stats fantasy_points_ppr allowed-by-position, percentile-normalized) + nflreadr::load_schedules","2026-09-04 19:52:15.600932","ri-schedule-weekly-2026.1","CURRENT"
2025,8,"CAR","BUF","QB",-1,0,"nflverse (nflreadr::load_player_stats fantasy_points_ppr allowed-by-position, percentile-normalized) + nflreadr::load_schedules","2026-09-04 19:52:15.600932","ri-schedule-weekly-2026.1","CURRENT"
2025,8,"CAR","BUF","RB",-0.44,0.28,"nflverse (nflreadr::load_player_stats fantasy_points_ppr allowed-by-position, percentile-normalized) + nflreadr::load_schedules","2026-09-04 19:52:15.600932","ri-schedule-weekly-2026.1","CURRENT"
2025,8,"CAR","BUF","TE",-0.76,0.12,"nflverse (nflreadr::load_player_stats fantasy_points_ppr allowed-by-position, percentile-normalized) + nflreadr::load_schedules","2026-09-04 19:52:15.600932","ri-schedule-weekly-2026.1","CURRENT"
2025,8,"CAR","BUF","WR",-0.2,0.4,"nflverse (nflreadr::load_player_stats fantasy_points_ppr allowed-by-position, percentile-normalized) + nflreadr::load_schedules","2026-09-04 19:52:15.600932","ri-schedule-weekly-2026.1","CURRENT"
2025,8,"CHI","BAL","QB",-0.44,0.28,"nflverse (nflreadr::load_player_stats fantasy_points_ppr allowed-by-position, percentile-normalized) + nflreadr::load_schedules","2026-09-04 19:52:15.600932","ri-schedule-weekly-2026.1","CURRENT"
2025,8,"CHI","BAL","RB",-0.28,0.36,"nflverse (nflreadr::load_player_stats fantasy_points_ppr allowed-by-position, percentile-normalized) + nflreadr::load_schedules","2026-09-04 19:52:15.600932","ri-schedule-weekly-2026.1","CURRENT"
2025,8,"CHI","BAL","TE",-0.6,0.2,"nflverse (nflreadr::load_player_stats fantasy_points_ppr allowed-by-position, percentile-normalized) + nflreadr::load_schedules","2026-09-04 19:52:15.600932","ri-schedule-weekly-2026.1","CURRENT"
2025,8,"CHI","BAL","WR",0.52,0.76,"nflverse (nflreadr::load_player_stats fantasy_points_ppr allowed-by-position, percentile-normalized) + nflreadr::load_schedules","2026-09-04 19:52:15.600932","ri-schedule-weekly-2026.1","CURRENT"
2025,8,"CIN","NYJ","QB",0.68,0.84,"nflverse (nflreadr::load_player_stats fantasy_points_ppr allowed-by-position, percentile-normalized) + nflreadr::load_schedules","2026-09-04 19:52:15.600932","ri-schedule-weekly-2026.1","CURRENT"
2025,8,"CIN","NYJ","RB",0.84,0.92,"nflverse (nflreadr::load_player_stats fantasy_points_ppr allowed-by-position, percentile-normalized) + nflreadr::load_schedules","2026-09-04 19:52:15.600932","ri-schedule-weekly-2026.1","CURRENT"
2025,8,"CIN","NYJ","TE",-0.2,0.4,"nflverse (nflreadr::load_player_stats fantasy_points_ppr allowed-by-position, percentile-normalized) + nflreadr::load_schedules","2026-09-04 19:52:15.600932","ri-schedule-weekly-2026.1","CURRENT"
2025,8,"CIN","NYJ","WR",0.04,0.52,"nflverse (nflreadr::load_player_stats fantasy_points_ppr allowed-by-position, percentile-normalized) + nflreadr::load_schedules","2026-09-04 19:52:15.600932","ri-schedule-weekly-2026.1","CURRENT"
2025,8,"CLE","NE","QB",-0.52,0.24,"nflverse (nflreadr::load_player_stats fantasy_points_ppr allowed-by-position, percentile-normalized) + nflreadr::load_schedules","2026-09-04 19:52:15.600932","ri-schedule-weekly-2026.1","CURRENT"
2025,8,"CLE","NE","RB",-0.6,0.2,"nflverse (nflreadr::load_player_stats fantasy_points_ppr allowed-by-position, percentile-normalized) + nflreadr::load_schedules","2026-09-04 19:52:15.600932","ri-schedule-weekly-2026.1","CURRENT"
2025,8,"CLE","NE","TE",0.92,0.96,"nflverse (nflreadr::load_player_stats fantasy_points_ppr allowed-by-position, percentile-normalized) + nflreadr::load_schedules","2026-09-04 19:52:15.600932","ri-schedule-weekly-2026.1","CURRENT"
2025,8,"CLE","NE","WR",-1,0,"nflverse (nflreadr::load_player_stats fantasy_points_ppr allowed-by-position, percentile-normalized) + nflreadr::load_schedules","2026-09-04 19:52:15.600932","ri-schedule-weekly-2026.1","CURRENT"
2025,8,"DAL","DEN","QB",-0.28,0.36,"nflverse (nflreadr::load_player_stats fantasy_points_ppr allowed-by-position, percentile-normalized) + nflreadr::load_schedules","2026-09-04 19:52:15.600932","ri-schedule-weekly-2026.1","CURRENT"
2025,8,"DAL","DEN","RB",-0.04,0.48,"nflverse (nflreadr::load_player_stats fantasy_points_ppr allowed-by-position, percentile-normalized) + nflreadr::load_schedules","2026-09-04 19:52:15.600932","ri-schedule-weekly-2026.1","CURRENT"
2025,8,"DAL","DEN","TE",-0.68,0.16,"nflverse (nflreadr::load_player_stats fantasy_points_ppr allowed-by-position, percentile-normalized) + nflreadr::load_schedules","2026-09-04 19:52:15.600932","ri-schedule-weekly-2026.1","CURRENT"
2025,8,"DAL","DEN","WR",0.68,0.84,"nflverse (nflreadr::load_player_stats fantasy_points_ppr allowed-by-position, percentile-normalized) + nflreadr::load_schedules","2026-09-04 19:52:15.600932","ri-schedule-weekly-2026.1","CURRENT"
2025,8,"DEN","DAL","QB",0.44,0.72,"nflverse (nflreadr::load_player_stats fantasy_points_ppr allowed-by-position, percentile-normalized) + nflreadr::load_schedules","2026-09-04 19:52:15.600932","ri-schedule-weekly-2026.1","CURRENT"
2025,8,"DEN","DAL","RB",0.68,0.84,"nflverse (nflreadr::load_player_stats fantasy_points_ppr allowed-by-position, percentile-normalized) + nflreadr::load_schedules","2026-09-04 19:52:15.600932","ri-schedule-weekly-2026.1","CURRENT"
2025,8,"DEN","DAL","TE",-0.52,0.24,"nflverse (nflreadr::load_player_stats fantasy_points_ppr allowed-by-position, percentile-normalized) + nflreadr::load_schedules","2026-09-04 19:52:15.600932","ri-schedule-weekly-2026.1","CURRENT"
2025,8,"DEN","DAL","WR",0.92,0.96,"nflverse (nflreadr::load_player_stats fantasy_points_ppr allowed-by-position, percentile-normalized) + nflreadr::load_schedules","2026-09-04 19:52:15.600932","ri-schedule-weekly-2026.1","CURRENT"
2025,8,"GB","PIT","QB",1,1,"nflverse (nflreadr::load_player_stats fantasy_points_ppr allowed-by-position, percentile-normalized) + nflreadr::load_schedules","2026-09-04 19:52:15.600932","ri-schedule-weekly-2026.1","CURRENT"
2025,8,"GB","PIT","RB",0.36,0.68,"nflverse (nflreadr::load_player_stats fantasy_points_ppr allowed-by-position, percentile-normalized) + nflreadr::load_schedules","2026-09-04 19:52:15.600932","ri-schedule-weekly-2026.1","CURRENT"
2025,8,"GB","PIT","TE",1,1,"nflverse (nflreadr::load_player_stats fantasy_points_ppr allowed-by-position, percentile-normalized) + nflreadr::load_schedules","2026-09-04 19:52:15.600932","ri-schedule-weekly-2026.1","CURRENT"
2025,8,"GB","PIT","WR",0.36,0.68,"nflverse (nflreadr::load_player_stats fantasy_points_ppr allowed-by-position, percentile-normalized) + nflreadr::load_schedules","2026-09-04 19:52:15.600932","ri-schedule-weekly-2026.1","CURRENT"
2025,8,"HOU","SF","QB",0.2,0.6,"nflverse (nflreadr::load_player_stats fantasy_points_ppr allowed-by-position, percentile-normalized) + nflreadr::load_schedules","2026-09-04 19:52:15.600932","ri-schedule-weekly-2026.1","CURRENT"
2025,8,"HOU","SF","RB",0.44,0.72,"nflverse (nflreadr::load_player_stats fantasy_points_ppr allowed-by-position, percentile-normalized) + nflreadr::load_schedules","2026-09-04 19:52:15.600932","ri-schedule-weekly-2026.1","CURRENT"
2025,8,"HOU","SF","TE",-0.92,0.04,"nflverse (nflreadr::load_player_stats fantasy_points_ppr allowed-by-position, percentile-normalized) + nflreadr::load_schedules","2026-09-04 19:52:15.600932","ri-schedule-weekly-2026.1","CURRENT"
2025,8,"HOU","SF","WR",1,1,"nflverse (nflreadr::load_player_stats fantasy_points_ppr allowed-by-position, percentile-normalized) + nflreadr::load_schedules","2026-09-04 19:52:15.600932","ri-schedule-weekly-2026.1","CURRENT"
2025,8,"IND","TEN","QB",0.36,0.68,"nflverse (nflreadr::load_player_stats fantasy_points_ppr allowed-by-position, percentile-normalized) + nflreadr::load_schedules","2026-09-04 19:52:15.600932","ri-schedule-weekly-2026.1","CURRENT"
2025,8,"IND","TEN","RB",0.76,0.88,"nflverse (nflreadr::load_player_stats fantasy_points_ppr allowed-by-position, percentile-normalized) + nflreadr::load_schedules","2026-09-04 19:52:15.600932","ri-schedule-weekly-2026.1","CURRENT"
2025,8,"IND","TEN","TE",-0.12,0.44,"nflverse (nflreadr::load_player_stats fantasy_points_ppr allowed-by-position, percentile-normalized) + nflreadr::load_schedules","2026-09-04 19:52:15.600932","ri-schedule-weekly-2026.1","CURRENT"
2025,8,"IND","TEN","WR",0.76,0.88,"nflverse (nflreadr::load_player_stats fantasy_points_ppr allowed-by-position, percentile-normalized) + nflreadr::load_schedules","2026-09-04 19:52:15.600932","ri-schedule-weekly-2026.1","CURRENT"
2025,8,"KC","WAS","QB",0.28,0.64,"nflverse (nflreadr::load_player_stats fantasy_points_ppr allowed-by-position, percentile-normalized) + nflreadr::load_schedules","2026-09-04 19:52:15.600932","ri-schedule-weekly-2026.1","CURRENT"
2025,8,"KC","WAS","RB",0.2,0.6,"nflverse (nflreadr::load_player_stats fantasy_points_ppr allowed-by-position, percentile-normalized) + nflreadr::load_schedules","2026-09-04 19:52:15.600932","ri-schedule-weekly-2026.1","CURRENT"
2025,8,"KC","WAS","TE",0.84,0.92,"nflverse (nflreadr::load_player_stats fantasy_points_ppr allowed-by-position, percentile-normalized) + nflreadr::load_schedules","2026-09-04 19:52:15.600932","ri-schedule-weekly-2026.1","CURRENT"
2025,8,"KC","WAS","WR",0.44,0.72,"nflverse (nflreadr::load_player_stats fantasy_points_ppr allowed-by-position, percentile-normalized) + nflreadr::load_schedules","2026-09-04 19:52:15.600932","ri-schedule-weekly-2026.1","CURRENT"
2025,8,"LAC","MIN","QB",0.84,0.92,"nflverse (nflreadr::load_player_stats fantasy_points_ppr allowed-by-position, percentile-normalized) + nflreadr::load_schedules","2026-09-04 19:52:15.600932","ri-schedule-weekly-2026.1","CURRENT"
2025,8,"LAC","MIN","RB",0.04,0.52,"nflverse (nflreadr::load_player_stats fantasy_points_ppr allowed-by-position, percentile-normalized) + nflreadr::load_schedules","2026-09-04 19:52:15.600932","ri-schedule-weekly-2026.1","CURRENT"
2025,8,"LAC","MIN","TE",0.6,0.8,"nflverse (nflreadr::load_player_stats fantasy_points_ppr allowed-by-position, percentile-normalized) + nflreadr::load_schedules","2026-09-04 19:52:15.600932","ri-schedule-weekly-2026.1","CURRENT"
2025,8,"LAC","MIN","WR",0.2,0.6,"nflverse (nflreadr::load_player_stats fantasy_points_ppr allowed-by-position, percentile-normalized) + nflreadr::load_schedules","2026-09-04 19:52:15.600932","ri-schedule-weekly-2026.1","CURRENT"
2025,8,"MIA","ATL","QB",0.6,0.8,"nflverse (nflreadr::load_player_stats fantasy_points_ppr allowed-by-position, percentile-normalized) + nflreadr::load_schedules","2026-09-04 19:52:15.600932","ri-schedule-weekly-2026.1","CURRENT"
2025,8,"MIA","ATL","RB",0.6,0.8,"nflverse (nflreadr::load_player_stats fantasy_points_ppr allowed-by-position, percentile-normalized) + nflreadr::load_schedules","2026-09-04 19:52:15.600932","ri-schedule-weekly-2026.1","CURRENT"
2025,8,"MIA","ATL","TE",-1,0,"nflverse (nflreadr::load_player_stats fantasy_points_ppr allowed-by-position, percentile-normalized) + nflreadr::load_schedules","2026-09-04 19:52:15.600932","ri-schedule-weekly-2026.1","CURRENT"
2025,8,"MIA","ATL","WR",0.28,0.64,"nflverse (nflreadr::load_player_stats fantasy_points_ppr allowed-by-position, percentile-normalized) + nflreadr::load_schedules","2026-09-04 19:52:15.600932","ri-schedule-weekly-2026.1","CURRENT"
2025,8,"MIN","LAC","QB",-0.68,0.16,"nflverse (nflreadr::load_player_stats fantasy_points_ppr allowed-by-position, percentile-normalized) + nflreadr::load_schedules","2026-09-04 19:52:15.600932","ri-schedule-weekly-2026.1","CURRENT"
2025,8,"MIN","LAC","RB",-0.84,0.08,"nflverse (nflreadr::load_player_stats fantasy_points_ppr allowed-by-position, percentile-normalized) + nflreadr::load_schedules","2026-09-04 19:52:15.600932","ri-schedule-weekly-2026.1","CURRENT"
2025,8,"MIN","LAC","TE",-0.84,0.08,"nflverse (nflreadr::load_player_stats fantasy_points_ppr allowed-by-position, percentile-normalized) + nflreadr::load_schedules","2026-09-04 19:52:15.600932","ri-schedule-weekly-2026.1","CURRENT"
2025,8,"MIN","LAC","WR",-0.44,0.28,"nflverse (nflreadr::load_player_stats fantasy_points_ppr allowed-by-position, percentile-normalized) + nflreadr::load_schedules","2026-09-04 19:52:15.600932","ri-schedule-weekly-2026.1","CURRENT"
2025,8,"NE","CLE","QB",0.92,0.96,"nflverse (nflreadr::load_player_stats fantasy_points_ppr allowed-by-position, percentile-normalized) + nflreadr::load_schedules","2026-09-04 19:52:15.600932","ri-schedule-weekly-2026.1","CURRENT"
2025,8,"NE","CLE","RB",-0.68,0.16,"nflverse (nflreadr::load_player_stats fantasy_points_ppr allowed-by-position, percentile-normalized) + nflreadr::load_schedules","2026-09-04 19:52:15.600932","ri-schedule-weekly-2026.1","CURRENT"
2025,8,"NE","CLE","TE",0.2,0.6,"nflverse (nflreadr::load_player_stats fantasy_points_ppr allowed-by-position, percentile-normalized) + nflreadr::load_schedules","2026-09-04 19:52:15.600932","ri-schedule-weekly-2026.1","CURRENT"
2025,8,"NE","CLE","WR",0.84,0.92,"nflverse (nflreadr::load_player_stats fantasy_points_ppr allowed-by-position, percentile-normalized) + nflreadr::load_schedules","2026-09-04 19:52:15.600932","ri-schedule-weekly-2026.1","CURRENT"
2025,8,"NO","TB","QB",-0.84,0.08,"nflverse (nflreadr::load_player_stats fantasy_points_ppr allowed-by-position, percentile-normalized) + nflreadr::load_schedules","2026-09-04 19:52:15.600932","ri-schedule-weekly-2026.1","CURRENT"
2025,8,"NO","TB","RB",-0.92,0.04,"nflverse (nflreadr::load_player_stats fantasy_points_ppr allowed-by-position, percentile-normalized) + nflreadr::load_schedules","2026-09-04 19:52:15.600932","ri-schedule-weekly-2026.1","CURRENT"
2025,8,"NO","TB","TE",0.12,0.56,"nflverse (nflreadr::load_player_stats fantasy_points_ppr allowed-by-position, percentile-normalized) + nflreadr::load_schedules","2026-09-04 19:52:15.600932","ri-schedule-weekly-2026.1","CURRENT"
2025,8,"NO","TB","WR",0.12,0.56,"nflverse (nflreadr::load_player_stats fantasy_points_ppr allowed-by-position, percentile-normalized) + nflreadr::load_schedules","2026-09-04 19:52:15.600932","ri-schedule-weekly-2026.1","CURRENT"
2025,8,"NYG","PHI","QB",0.04,0.52,"nflverse (nflreadr::load_player_stats fantasy_points_ppr allowed-by-position, percentile-normalized) + nflreadr::load_schedules","2026-09-04 19:52:15.600932","ri-schedule-weekly-2026.1","CURRENT"
2025,8,"NYG","PHI","RB",-0.12,0.44,"nflverse (nflreadr::load_player_stats fantasy_points_ppr allowed-by-position, percentile-normalized) + nflreadr::load_schedules","2026-09-04 19:52:15.600932","ri-schedule-weekly-2026.1","CURRENT"
2025,8,"NYG","PHI","TE",-0.28,0.36,"nflverse (nflreadr::load_player_stats fantasy_points_ppr allowed-by-position, percentile-normalized) + nflreadr::load_schedules","2026-09-04 19:52:15.600932","ri-schedule-weekly-2026.1","CURRENT"
2025,8,"NYG","PHI","WR",-0.84,0.08,"nflverse (nflreadr::load_player_stats fantasy_points_ppr allowed-by-position, percentile-normalized) + nflreadr::load_schedules","2026-09-04 19:52:15.600932","ri-schedule-weekly-2026.1","CURRENT"
2025,8,"NYJ","CIN","QB",0.12,0.56,"nflverse (nflreadr::load_player_stats fantasy_points_ppr allowed-by-position, percentile-normalized) + nflreadr::load_schedules","2026-09-04 19:52:15.600932","ri-schedule-weekly-2026.1","CURRENT"
2025,8,"NYJ","CIN","RB",1,1,"nflverse (nflreadr::load_player_stats fantasy_points_ppr allowed-by-position, percentile-normalized) + nflreadr::load_schedules","2026-09-04 19:52:15.600932","ri-schedule-weekly-2026.1","CURRENT"
2025,8,"NYJ","CIN","TE",0.44,0.72,"nflverse (nflreadr::load_player_stats fantasy_points_ppr allowed-by-position, percentile-normalized) + nflreadr::load_schedules","2026-09-04 19:52:15.600932","ri-schedule-weekly-2026.1","CURRENT"
2025,8,"NYJ","CIN","WR",-0.12,0.44,"nflverse (nflreadr::load_player_stats fantasy_points_ppr allowed-by-position, percentile-normalized) + nflreadr::load_schedules","2026-09-04 19:52:15.600932","ri-schedule-weekly-2026.1","CURRENT"
2025,8,"PHI","NYG","QB",0.76,0.88,"nflverse (nflreadr::load_player_stats fantasy_points_ppr allowed-by-position, percentile-normalized) + nflreadr::load_schedules","2026-09-04 19:52:15.600932","ri-schedule-weekly-2026.1","CURRENT"
2025,8,"PHI","NYG","RB",0.92,0.96,"nflverse (nflreadr::load_player_stats fantasy_points_ppr allowed-by-position, percentile-normalized) + nflreadr::load_schedules","2026-09-04 19:52:15.600932","ri-schedule-weekly-2026.1","CURRENT"
2025,8,"PHI","NYG","TE",0.44,0.72,"nflverse (nflreadr::load_player_stats fantasy_points_ppr allowed-by-position, percentile-normalized) + nflreadr::load_schedules","2026-09-04 19:52:15.600932","ri-schedule-weekly-2026.1","CURRENT"
2025,8,"PHI","NYG","WR",-0.36,0.32,"nflverse (nflreadr::load_player_stats fantasy_points_ppr allowed-by-position, percentile-normalized) + nflreadr::load_schedules","2026-09-04 19:52:15.600932","ri-schedule-weekly-2026.1","CURRENT"
2025,8,"PIT","GB","QB",-0.12,0.44,"nflverse (nflreadr::load_player_stats fantasy_points_ppr allowed-by-position, percentile-normalized) + nflreadr::load_schedules","2026-09-04 19:52:15.600932","ri-schedule-weekly-2026.1","CURRENT"
2025,8,"PIT","GB","RB",-0.76,0.12,"nflverse (nflreadr::load_player_stats fantasy_points_ppr allowed-by-position, percentile-normalized) + nflreadr::load_schedules","2026-09-04 19:52:15.600932","ri-schedule-weekly-2026.1","CURRENT"
2025,8,"PIT","GB","TE",-0.44,0.28,"nflverse (nflreadr::load_player_stats fantasy_points_ppr allowed-by-position, percentile-normalized) + nflreadr::load_schedules","2026-09-04 19:52:15.600932","ri-schedule-weekly-2026.1","CURRENT"
2025,8,"PIT","GB","WR",0.6,0.8,"nflverse (nflreadr::load_player_stats fantasy_points_ppr allowed-by-position, percentile-normalized) + nflreadr::load_schedules","2026-09-04 19:52:15.600932","ri-schedule-weekly-2026.1","CURRENT"
2025,8,"SF","HOU","QB",-0.04,0.48,"nflverse (nflreadr::load_player_stats fantasy_points_ppr allowed-by-position, percentile-normalized) + nflreadr::load_schedules","2026-09-04 19:52:15.600932","ri-schedule-weekly-2026.1","CURRENT"
2025,8,"SF","HOU","RB",-1,0,"nflverse (nflreadr::load_player_stats fantasy_points_ppr allowed-by-position, percentile-normalized) + nflreadr::load_schedules","2026-09-04 19:52:15.600932","ri-schedule-weekly-2026.1","CURRENT"
2025,8,"SF","HOU","TE",0.76,0.88,"nflverse (nflreadr::load_player_stats fantasy_points_ppr allowed-by-position, percentile-normalized) + nflreadr::load_schedules","2026-09-04 19:52:15.600932","ri-schedule-weekly-2026.1","CURRENT"
2025,8,"SF","HOU","WR",-0.68,0.16,"nflverse (nflreadr::load_player_stats fantasy_points_ppr allowed-by-position, percentile-normalized) + nflreadr::load_schedules","2026-09-04 19:52:15.600932","ri-schedule-weekly-2026.1","CURRENT"
2025,8,"TB","NO","QB",-0.92,0.04,"nflverse (nflreadr::load_player_stats fantasy_points_ppr allowed-by-position, percentile-normalized) + nflreadr::load_schedules","2026-09-04 19:52:15.600932","ri-schedule-weekly-2026.1","CURRENT"
2025,8,"TB","NO","RB",-0.2,0.4,"nflverse (nflreadr::load_player_stats fantasy_points_ppr allowed-by-position, percentile-normalized) + nflreadr::load_schedules","2026-09-04 19:52:15.600932","ri-schedule-weekly-2026.1","CURRENT"
2025,8,"TB","NO","TE",-0.44,0.28,"nflverse (nflreadr::load_player_stats fantasy_points_ppr allowed-by-position, percentile-normalized) + nflreadr::load_schedules","2026-09-04 19:52:15.600932","ri-schedule-weekly-2026.1","CURRENT"
2025,8,"TB","NO","WR",-0.76,0.12,"nflverse (nflreadr::load_player_stats fantasy_points_ppr allowed-by-position, percentile-normalized) + nflreadr::load_schedules","2026-09-04 19:52:15.600932","ri-schedule-weekly-2026.1","CURRENT"
2025,8,"TEN","IND","QB",-0.36,0.32,"nflverse (nflreadr::load_player_stats fantasy_points_ppr allowed-by-position, percentile-normalized) + nflreadr::load_schedules","2026-09-04 19:52:15.600932","ri-schedule-weekly-2026.1","CURRENT"
2025,8,"TEN","IND","RB",0.28,0.64,"nflverse (nflreadr::load_player_stats fantasy_points_ppr allowed-by-position, percentile-normalized) + nflreadr::load_schedules","2026-09-04 19:52:15.600932","ri-schedule-weekly-2026.1","CURRENT"
2025,8,"TEN","IND","TE",0.68,0.84,"nflverse (nflreadr::load_player_stats fantasy_points_ppr allowed-by-position, percentile-normalized) + nflreadr::load_schedules","2026-09-04 19:52:15.600932","ri-schedule-weekly-2026.1","CURRENT"
2025,8,"TEN","IND","WR",-0.28,0.36,"nflverse (nflreadr::load_player_stats fantasy_points_ppr allowed-by-position, percentile-normalized) + nflreadr::load_schedules","2026-09-04 19:52:15.600932","ri-schedule-weekly-2026.1","CURRENT"
2025,8,"WAS","KC","QB",-0.6,0.2,"nflverse (nflreadr::load_player_stats fantasy_points_ppr allowed-by-position, percentile-normalized) + nflreadr::load_schedules","2026-09-04 19:52:15.600932","ri-schedule-weekly-2026.1","CURRENT"
2025,8,"WAS","KC","RB",-0.52,0.24,"nflverse (nflreadr::load_player_stats fantasy_points_ppr allowed-by-position, percentile-normalized) + nflreadr::load_schedules","2026-09-04 19:52:15.600932","ri-schedule-weekly-2026.1","CURRENT"
2025,8,"WAS","KC","TE",0.04,0.52,"nflverse (nflreadr::load_player_stats fantasy_points_ppr allowed-by-position, percentile-normalized) + nflreadr::load_schedules","2026-09-04 19:52:15.600932","ri-schedule-weekly-2026.1","CURRENT"
2025,8,"WAS","KC","WR",-0.6,0.2,"nflverse (nflreadr::load_player_stats fantasy_points_ppr allowed-by-position, percentile-normalized) + nflreadr::load_schedules","2026-09-04 19:52:15.600932","ri-schedule-weekly-2026.1","CURRENT"
2025,9,"ARI","DAL","QB",0.3333,0.666666666666667,"nflverse (nflreadr::load_player_stats fantasy_points_ppr allowed-by-position, percentile-normalized) + nflreadr::load_schedules","2026-09-04 19:52:15.600932","ri-schedule-weekly-2026.1","CURRENT"
2025,9,"ARI","DAL","RB",-0.4074,0.296296296296296,"nflverse (nflreadr::load_player_stats fantasy_points_ppr allowed-by-position, percentile-normalized) + nflreadr::load_schedules","2026-09-04 19:52:15.600932","ri-schedule-weekly-2026.1","CURRENT"
2025,9,"ARI","DAL","TE",0.4815,0.740740740740741,"nflverse (nflreadr::load_player_stats fantasy_points_ppr allowed-by-position, percentile-normalized) + nflreadr::load_schedules","2026-09-04 19:52:15.600932","ri-schedule-weekly-2026.1","CURRENT"
2025,9,"ARI","DAL","WR",0.037,0.518518518518518,"nflverse (nflreadr::load_player_stats fantasy_points_ppr allowed-by-position, percentile-normalized) + nflreadr::load_schedules","2026-09-04 19:52:15.600932","ri-schedule-weekly-2026.1","CURRENT"
2025,9,"ATL","NE","QB",0.2593,0.62962962962963,"nflverse (nflreadr::load_player_stats fantasy_points_ppr allowed-by-position, percentile-normalized) + nflreadr::load_schedules","2026-09-04 19:52:15.600932","ri-schedule-weekly-2026.1","CURRENT"
2025,9,"ATL","NE","RB",-0.037,0.481481481481481,"nflverse (nflreadr::load_player_stats fantasy_points_ppr allowed-by-position, percentile-normalized) + nflreadr::load_schedules","2026-09-04 19:52:15.600932","ri-schedule-weekly-2026.1","CURRENT"
2025,9,"ATL","NE","TE",-0.6296,0.185185185185185,"nflverse (nflreadr::load_player_stats fantasy_points_ppr allowed-by-position, percentile-normalized) + nflreadr::load_schedules","2026-09-04 19:52:15.600932","ri-schedule-weekly-2026.1","CURRENT"
2025,9,"ATL","NE","WR",0.6296,0.814814814814815,"nflverse (nflreadr::load_player_stats fantasy_points_ppr allowed-by-position, percentile-normalized) + nflreadr::load_schedules","2026-09-04 19:52:15.600932","ri-schedule-weekly-2026.1","CURRENT"
2025,9,"BAL","MIA","QB",0.4074,0.703703703703704,"nflverse (nflreadr::load_player_stats fantasy_points_ppr allowed-by-position, percentile-normalized) + nflreadr::load_schedules","2026-09-04 19:52:15.600932","ri-schedule-weekly-2026.1","CURRENT"
2025,9,"BAL","MIA","RB",0.1111,0.555555555555556,"nflverse (nflreadr::load_player_stats fantasy_points_ppr allowed-by-position, percentile-normalized) + nflreadr::load_schedules","2026-09-04 19:52:15.600932","ri-schedule-weekly-2026.1","CURRENT"
2025,9,"BAL","MIA","TE",0.9259,0.962962962962963,"nflverse (nflreadr::load_player_stats fantasy_points_ppr allowed-by-position, percentile-normalized) + nflreadr::load_schedules","2026-09-04 19:52:15.600932","ri-schedule-weekly-2026.1","CURRENT"
2025,9,"BAL","MIA","WR",-0.6296,0.185185185185185,"nflverse (nflreadr::load_player_stats fantasy_points_ppr allowed-by-position, percentile-normalized) + nflreadr::load_schedules","2026-09-04 19:52:15.600932","ri-schedule-weekly-2026.1","CURRENT"
2025,9,"BUF","KC","QB",0.8519,0.925925925925926,"nflverse (nflreadr::load_player_stats fantasy_points_ppr allowed-by-position, percentile-normalized) + nflreadr::load_schedules","2026-09-04 19:52:15.600932","ri-schedule-weekly-2026.1","CURRENT"
2025,9,"BUF","KC","RB",0.4074,0.703703703703704,"nflverse (nflreadr::load_player_stats fantasy_points_ppr allowed-by-position, percentile-normalized) + nflreadr::load_schedules","2026-09-04 19:52:15.600932","ri-schedule-weekly-2026.1","CURRENT"
2025,9,"BUF","KC","TE",0.7778,0.888888888888889,"nflverse (nflreadr::load_player_stats fantasy_points_ppr allowed-by-position, percentile-normalized) + nflreadr::load_schedules","2026-09-04 19:52:15.600932","ri-schedule-weekly-2026.1","CURRENT"
2025,9,"BUF","KC","WR",-0.5556,0.222222222222222,"nflverse (nflreadr::load_player_stats fantasy_points_ppr allowed-by-position, percentile-normalized) + nflreadr::load_schedules","2026-09-04 19:52:15.600932","ri-schedule-weekly-2026.1","CURRENT"
2025,9,"CAR","GB","QB",-1,0,"nflverse (nflreadr::load_player_stats fantasy_points_ppr allowed-by-position, percentile-normalized) + nflreadr::load_schedules","2026-09-04 19:52:15.600932","ri-schedule-weekly-2026.1","CURRENT"
2025,9,"CAR","GB","RB",0.8519,0.925925925925926,"nflverse (nflreadr::load_player_stats fantasy_points_ppr allowed-by-position, percentile-normalized) + nflreadr::load_schedules","2026-09-04 19:52:15.600932","ri-schedule-weekly-2026.1","CURRENT"
2025,9,"CAR","GB","TE",-1,0,"nflverse (nflreadr::load_player_stats fantasy_points_ppr allowed-by-position, percentile-normalized) + nflreadr::load_schedules","2026-09-04 19:52:15.600932","ri-schedule-weekly-2026.1","CURRENT"
2025,9,"CAR","GB","WR",-0.8519,0.0740740740740741,"nflverse (nflreadr::load_player_stats fantasy_points_ppr allowed-by-position, percentile-normalized) + nflreadr::load_schedules","2026-09-04 19:52:15.600932","ri-schedule-weekly-2026.1","CURRENT"
2025,9,"CHI","CIN","QB",1,1,"nflverse (nflreadr::load_player_stats fantasy_points_ppr allowed-by-position, percentile-normalized) + nflreadr::load_schedules","2026-09-04 19:52:15.600932","ri-schedule-weekly-2026.1","CURRENT"
2025,9,"CHI","CIN","RB",0.9259,0.962962962962963,"nflverse (nflreadr::load_player_stats fantasy_points_ppr allowed-by-position, percentile-normalized) + nflreadr::load_schedules","2026-09-04 19:52:15.600932","ri-schedule-weekly-2026.1","CURRENT"
2025,9,"CHI","CIN","TE",0.8519,0.925925925925926,"nflverse (nflreadr::load_player_stats fantasy_points_ppr allowed-by-position, percentile-normalized) + nflreadr::load_schedules","2026-09-04 19:52:15.600932","ri-schedule-weekly-2026.1","CURRENT"
2025,9,"CHI","CIN","WR",0.5556,0.777777777777778,"nflverse (nflreadr::load_player_stats fantasy_points_ppr allowed-by-position, percentile-normalized) + nflreadr::load_schedules","2026-09-04 19:52:15.600932","ri-schedule-weekly-2026.1","CURRENT"
2025,9,"CIN","CHI","QB",0.9259,0.962962962962963,"nflverse (nflreadr::load_player_stats fantasy_points_ppr allowed-by-position, percentile-normalized) + nflreadr::load_schedules","2026-09-04 19:52:15.600932","ri-schedule-weekly-2026.1","CURRENT"
2025,9,"CIN","CHI","RB",0.1852,0.592592592592593,"nflverse (nflreadr::load_player_stats fantasy_points_ppr allowed-by-position, percentile-normalized) + nflreadr::load_schedules","2026-09-04 19:52:15.600932","ri-schedule-weekly-2026.1","CURRENT"
2025,9,"CIN","CHI","TE",0.3333,0.666666666666667,"nflverse (nflreadr::load_player_stats fantasy_points_ppr allowed-by-position, percentile-normalized) + nflreadr::load_schedules","2026-09-04 19:52:15.600932","ri-schedule-weekly-2026.1","CURRENT"
2025,9,"CIN","CHI","WR",1,1,"nflverse (nflreadr::load_player_stats fantasy_points_ppr allowed-by-position, percentile-normalized) + nflreadr::load_schedules","2026-09-04 19:52:15.600932","ri-schedule-weekly-2026.1","CURRENT"
2025,9,"DAL","ARI","QB",-0.2593,0.37037037037037,"nflverse (nflreadr::load_player_stats fantasy_points_ppr allowed-by-position, percentile-normalized) + nflreadr::load_schedules","2026-09-04 19:52:15.600932","ri-schedule-weekly-2026.1","CURRENT"
2025,9,"DAL","ARI","RB",-0.7778,0.111111111111111,"nflverse (nflreadr::load_player_stats fantasy_points_ppr allowed-by-position, percentile-normalized) + nflreadr::load_schedules","2026-09-04 19:52:15.600932","ri-schedule-weekly-2026.1","CURRENT"
2025,9,"DAL","ARI","TE",-0.3333,0.333333333333333,"nflverse (nflreadr::load_player_stats fantasy_points_ppr allowed-by-position, percentile-normalized) + nflreadr::load_schedules","2026-09-04 19:52:15.600932","ri-schedule-weekly-2026.1","CURRENT"
2025,9,"DAL","ARI","WR",0.7037,0.851851851851852,"nflverse (nflreadr::load_player_stats fantasy_points_ppr allowed-by-position, percentile-normalized) + nflreadr::load_schedules","2026-09-04 19:52:15.600932","ri-schedule-weekly-2026.1","CURRENT"
2025,9,"DEN","HOU","QB",-0.037,0.481481481481481,"nflverse (nflreadr::load_player_stats fantasy_points_ppr allowed-by-position, percentile-normalized) + nflreadr::load_schedules","2026-09-04 19:52:15.600932","ri-schedule-weekly-2026.1","CURRENT"
2025,9,"DEN","HOU","RB",0.5556,0.777777777777778,"nflverse (nflreadr::load_player_stats fantasy_points_ppr allowed-by-position, percentile-normalized) + nflreadr::load_schedules","2026-09-04 19:52:15.600932","ri-schedule-weekly-2026.1","CURRENT"
2025,9,"DEN","HOU","TE",-0.8519,0.0740740740740741,"nflverse (nflreadr::load_player_stats fantasy_points_ppr allowed-by-position, percentile-normalized) + nflreadr::load_schedules","2026-09-04 19:52:15.600932","ri-schedule-weekly-2026.1","CURRENT"
2025,9,"DEN","HOU","WR",-0.4074,0.296296296296296,"nflverse (nflreadr::load_player_stats fantasy_points_ppr allowed-by-position, percentile-normalized) + nflreadr::load_schedules","2026-09-04 19:52:15.600932","ri-schedule-weekly-2026.1","CURRENT"
2025,9,"DET","MIN","QB",0.1111,0.555555555555556,"nflverse (nflreadr::load_player_stats fantasy_points_ppr allowed-by-position, percentile-normalized) + nflreadr::load_schedules","2026-09-04 19:52:15.600932","ri-schedule-weekly-2026.1","CURRENT"
2025,9,"DET","MIN","RB",-0.2593,0.37037037037037,"nflverse (nflreadr::load_player_stats fantasy_points_ppr allowed-by-position, percentile-normalized) + nflreadr::load_schedules","2026-09-04 19:52:15.600932","ri-schedule-weekly-2026.1","CURRENT"
2025,9,"DET","MIN","TE",0.5556,0.777777777777778,"nflverse (nflreadr::load_player_stats fantasy_points_ppr allowed-by-position, percentile-normalized) + nflreadr::load_schedules","2026-09-04 19:52:15.600932","ri-schedule-weekly-2026.1","CURRENT"
2025,9,"DET","MIN","WR",0.3333,0.666666666666667,"nflverse (nflreadr::load_player_stats fantasy_points_ppr allowed-by-position, percentile-normalized) + nflreadr::load_schedules","2026-09-04 19:52:15.600932","ri-schedule-weekly-2026.1","CURRENT"
2025,9,"GB","CAR","QB",-0.7778,0.111111111111111,"nflverse (nflreadr::load_player_stats fantasy_points_ppr allowed-by-position, percentile-normalized) + nflreadr::load_schedules","2026-09-04 19:52:15.600932","ri-schedule-weekly-2026.1","CURRENT"
2025,9,"GB","CAR","RB",0.7037,0.851851851851852,"nflverse (nflreadr::load_player_stats fantasy_points_ppr allowed-by-position, percentile-normalized) + nflreadr::load_schedules","2026-09-04 19:52:15.600932","ri-schedule-weekly-2026.1","CURRENT"
2025,9,"GB","CAR","TE",-0.3333,0.333333333333333,"nflverse (nflreadr::load_player_stats fantasy_points_ppr allowed-by-position, percentile-normalized) + nflreadr::load_schedules","2026-09-04 19:52:15.600932","ri-schedule-weekly-2026.1","CURRENT"
2025,9,"GB","CAR","WR",-0.037,0.481481481481481,"nflverse (nflreadr::load_player_stats fantasy_points_ppr allowed-by-position, percentile-normalized) + nflreadr::load_schedules","2026-09-04 19:52:15.600932","ri-schedule-weekly-2026.1","CURRENT"
2025,9,"HOU","DEN","QB",-0.5556,0.222222222222222,"nflverse (nflreadr::load_player_stats fantasy_points_ppr allowed-by-position, percentile-normalized) + nflreadr::load_schedules","2026-09-04 19:52:15.600932","ri-schedule-weekly-2026.1","CURRENT"
2025,9,"HOU","DEN","RB",-0.9259,0.037037037037037,"nflverse (nflreadr::load_player_stats fantasy_points_ppr allowed-by-position, percentile-normalized) + nflreadr::load_schedules","2026-09-04 19:52:15.600932","ri-schedule-weekly-2026.1","CURRENT"
2025,9,"HOU","DEN","TE",0.1852,0.592592592592593,"nflverse (nflreadr::load_player_stats fantasy_points_ppr allowed-by-position, percentile-normalized) + nflreadr::load_schedules","2026-09-04 19:52:15.600932","ri-schedule-weekly-2026.1","CURRENT"
2025,9,"HOU","DEN","WR",-0.1111,0.444444444444444,"nflverse (nflreadr::load_player_stats fantasy_points_ppr allowed-by-position, percentile-normalized) + nflreadr::load_schedules","2026-09-04 19:52:15.600932","ri-schedule-weekly-2026.1","CURRENT"
2025,9,"IND","PIT","QB",-0.4074,0.296296296296296,"nflverse (nflreadr::load_player_stats fantasy_points_ppr allowed-by-position, percentile-normalized) + nflreadr::load_schedules","2026-09-04 19:52:15.600932","ri-schedule-weekly-2026.1","CURRENT"
2025,9,"IND","PIT","RB",-0.7037,0.148148148148148,"nflverse (nflreadr::load_player_stats fantasy_points_ppr allowed-by-position, percentile-normalized) + nflreadr::load_schedules","2026-09-04 19:52:15.600932","ri-schedule-weekly-2026.1","CURRENT"
2025,9,"IND","PIT","TE",-0.7037,0.148148148148148,"nflverse (nflreadr::load_player_stats fantasy_points_ppr allowed-by-position, percentile-normalized) + nflreadr::load_schedules","2026-09-04 19:52:15.600932","ri-schedule-weekly-2026.1","CURRENT"
2025,9,"IND","PIT","WR",0.9259,0.962962962962963,"nflverse (nflreadr::load_player_stats fantasy_points_ppr allowed-by-position, percentile-normalized) + nflreadr::load_schedules","2026-09-04 19:52:15.600932","ri-schedule-weekly-2026.1","CURRENT"
2025,9,"JAX","LV","QB",0.1852,0.592592592592593,"nflverse (nflreadr::load_player_stats fantasy_points_ppr allowed-by-position, percentile-normalized) + nflreadr::load_schedules","2026-09-04 19:52:15.600932","ri-schedule-weekly-2026.1","CURRENT"
2025,9,"JAX","LV","RB",0.7778,0.888888888888889,"nflverse (nflreadr::load_player_stats fantasy_points_ppr allowed-by-position, percentile-normalized) + nflreadr::load_schedules","2026-09-04 19:52:15.600932","ri-schedule-weekly-2026.1","CURRENT"
2025,9,"JAX","LV","TE",-0.9259,0.037037037037037,"nflverse (nflreadr::load_player_stats fantasy_points_ppr allowed-by-position, percentile-normalized) + nflreadr::load_schedules","2026-09-04 19:52:15.600932","ri-schedule-weekly-2026.1","CURRENT"
2025,9,"JAX","LV","WR",0.1111,0.555555555555556,"nflverse (nflreadr::load_player_stats fantasy_points_ppr allowed-by-position, percentile-normalized) + nflreadr::load_schedules","2026-09-04 19:52:15.600932","ri-schedule-weekly-2026.1","CURRENT"
2025,9,"KC","BUF","QB",-0.6296,0.185185185185185,"nflverse (nflreadr::load_player_stats fantasy_points_ppr allowed-by-position, percentile-normalized) + nflreadr::load_schedules","2026-09-04 19:52:15.600932","ri-schedule-weekly-2026.1","CURRENT"
2025,9,"KC","BUF","RB",-0.6296,0.185185185185185,"nflverse (nflreadr::load_player_stats fantasy_points_ppr allowed-by-position, percentile-normalized) + nflreadr::load_schedules","2026-09-04 19:52:15.600932","ri-schedule-weekly-2026.1","CURRENT"
2025,9,"KC","BUF","TE",-0.037,0.481481481481481,"nflverse (nflreadr::load_player_stats fantasy_points_ppr allowed-by-position, percentile-normalized) + nflreadr::load_schedules","2026-09-04 19:52:15.600932","ri-schedule-weekly-2026.1","CURRENT"
2025,9,"KC","BUF","WR",0.2593,0.62962962962963,"nflverse (nflreadr::load_player_stats fantasy_points_ppr allowed-by-position, percentile-normalized) + nflreadr::load_schedules","2026-09-04 19:52:15.600932","ri-schedule-weekly-2026.1","CURRENT"
2025,9,"LA","NO","QB",0.5556,0.777777777777778,"nflverse (nflreadr::load_player_stats fantasy_points_ppr allowed-by-position, percentile-normalized) + nflreadr::load_schedules","2026-09-04 19:52:15.600932","ri-schedule-weekly-2026.1","CURRENT"
2025,9,"LA","NO","RB",0.3333,0.666666666666667,"nflverse (nflreadr::load_player_stats fantasy_points_ppr allowed-by-position, percentile-normalized) + nflreadr::load_schedules","2026-09-04 19:52:15.600932","ri-schedule-weekly-2026.1","CURRENT"
2025,9,"LA","NO","TE",0.7037,0.851851851851852,"nflverse (nflreadr::load_player_stats fantasy_points_ppr allowed-by-position, percentile-normalized) + nflreadr::load_schedules","2026-09-04 19:52:15.600932","ri-schedule-weekly-2026.1","CURRENT"
2025,9,"LA","NO","WR",0.7778,0.888888888888889,"nflverse (nflreadr::load_player_stats fantasy_points_ppr allowed-by-position, percentile-normalized) + nflreadr::load_schedules","2026-09-04 19:52:15.600932","ri-schedule-weekly-2026.1","CURRENT"
2025,9,"LAC","TEN","QB",0.7778,0.888888888888889,"nflverse (nflreadr::load_player_stats fantasy_points_ppr allowed-by-position, percentile-normalized) + nflreadr::load_schedules","2026-09-04 19:52:15.600932","ri-schedule-weekly-2026.1","CURRENT"
2025,9,"LAC","TEN","RB",-0.8519,0.0740740740740741,"nflverse (nflreadr::load_player_stats fantasy_points_ppr allowed-by-position, percentile-normalized) + nflreadr::load_schedules","2026-09-04 19:52:15.600932","ri-schedule-weekly-2026.1","CURRENT"
2025,9,"LAC","TEN","TE",0.1111,0.555555555555556,"nflverse (nflreadr::load_player_stats fantasy_points_ppr allowed-by-position, percentile-normalized) + nflreadr::load_schedules","2026-09-04 19:52:15.600932","ri-schedule-weekly-2026.1","CURRENT"
2025,9,"LAC","TEN","WR",0.1852,0.592592592592593,"nflverse (nflreadr::load_player_stats fantasy_points_ppr allowed-by-position, percentile-normalized) + nflreadr::load_schedules","2026-09-04 19:52:15.600932","ri-schedule-weekly-2026.1","CURRENT"
2025,9,"LV","JAX","QB",0.4815,0.740740740740741,"nflverse (nflreadr::load_player_stats fantasy_points_ppr allowed-by-position, percentile-normalized) + nflreadr::load_schedules","2026-09-04 19:52:15.600932","ri-schedule-weekly-2026.1","CURRENT"
2025,9,"LV","JAX","RB",0.2593,0.62962962962963,"nflverse (nflreadr::load_player_stats fantasy_points_ppr allowed-by-position, percentile-normalized) + nflreadr::load_schedules","2026-09-04 19:52:15.600932","ri-schedule-weekly-2026.1","CURRENT"
2025,9,"LV","JAX","TE",1,1,"nflverse (nflreadr::load_player_stats fantasy_points_ppr allowed-by-position, percentile-normalized) + nflreadr::load_schedules","2026-09-04 19:52:15.600932","ri-schedule-weekly-2026.1","CURRENT"
2025,9,"LV","JAX","WR",-0.9259,0.037037037037037,"nflverse (nflreadr::load_player_stats fantasy_points_ppr allowed-by-position, percentile-normalized) + nflreadr::load_schedules","2026-09-04 19:52:15.600932","ri-schedule-weekly-2026.1","CURRENT"
2025,9,"MIA","BAL","QB",-0.8519,0.0740740740740741,"nflverse (nflreadr::load_player_stats fantasy_points_ppr allowed-by-position, percentile-normalized) + nflreadr::load_schedules","2026-09-04 19:52:15.600932","ri-schedule-weekly-2026.1","CURRENT"
2025,9,"MIA","BAL","RB",0.037,0.518518518518518,"nflverse (nflreadr::load_player_stats fantasy_points_ppr allowed-by-position, percentile-normalized) + nflreadr::load_schedules","2026-09-04 19:52:15.600932","ri-schedule-weekly-2026.1","CURRENT"
2025,9,"MIA","BAL","TE",-0.4074,0.296296296296296,"nflverse (nflreadr::load_player_stats fantasy_points_ppr allowed-by-position, percentile-normalized) + nflreadr::load_schedules","2026-09-04 19:52:15.600932","ri-schedule-weekly-2026.1","CURRENT"
2025,9,"MIA","BAL","WR",-0.2593,0.37037037037037,"nflverse (nflreadr::load_player_stats fantasy_points_ppr allowed-by-position, percentile-normalized) + nflreadr::load_schedules","2026-09-04 19:52:15.600932","ri-schedule-weekly-2026.1","CURRENT"
2025,9,"MIN","DET","QB",0.037,0.518518518518518,"nflverse (nflreadr::load_player_stats fantasy_points_ppr allowed-by-position, percentile-normalized) + nflreadr::load_schedules","2026-09-04 19:52:15.600932","ri-schedule-weekly-2026.1","CURRENT"
2025,9,"MIN","DET","RB",-0.3333,0.333333333333333,"nflverse (nflreadr::load_player_stats fantasy_points_ppr allowed-by-position, percentile-normalized) + nflreadr::load_schedules","2026-09-04 19:52:15.600932","ri-schedule-weekly-2026.1","CURRENT"
2025,9,"MIN","DET","TE",-0.4815,0.259259259259259,"nflverse (nflreadr::load_player_stats fantasy_points_ppr allowed-by-position, percentile-normalized) + nflreadr::load_schedules","2026-09-04 19:52:15.600932","ri-schedule-weekly-2026.1","CURRENT"
2025,9,"MIN","DET","WR",-0.1852,0.407407407407407,"nflverse (nflreadr::load_player_stats fantasy_points_ppr allowed-by-position, percentile-normalized) + nflreadr::load_schedules","2026-09-04 19:52:15.600932","ri-schedule-weekly-2026.1","CURRENT"
2025,9,"NE","ATL","QB",-0.1111,0.444444444444444,"nflverse (nflreadr::load_player_stats fantasy_points_ppr allowed-by-position, percentile-normalized) + nflreadr::load_schedules","2026-09-04 19:52:15.600932","ri-schedule-weekly-2026.1","CURRENT"
2025,9,"NE","ATL","RB",0.4815,0.740740740740741,"nflverse (nflreadr::load_player_stats fantasy_points_ppr allowed-by-position, percentile-normalized) + nflreadr::load_schedules","2026-09-04 19:52:15.600932","ri-schedule-weekly-2026.1","CURRENT"
2025,9,"NE","ATL","TE",-0.1111,0.444444444444444,"nflverse (nflreadr::load_player_stats fantasy_points_ppr allowed-by-position, percentile-normalized) + nflreadr::load_schedules","2026-09-04 19:52:15.600932","ri-schedule-weekly-2026.1","CURRENT"
2025,9,"NE","ATL","WR",0.4074,0.703703703703704,"nflverse (nflreadr::load_player_stats fantasy_points_ppr allowed-by-position, percentile-normalized) + nflreadr::load_schedules","2026-09-04 19:52:15.600932","ri-schedule-weekly-2026.1","CURRENT"
2025,9,"NO","LA","QB",-0.7037,0.148148148148148,"nflverse (nflreadr::load_player_stats fantasy_points_ppr allowed-by-position, percentile-normalized) + nflreadr::load_schedules","2026-09-04 19:52:15.600932","ri-schedule-weekly-2026.1","CURRENT"
2025,9,"NO","LA","RB",-1,0,"nflverse (nflreadr::load_player_stats fantasy_points_ppr allowed-by-position, percentile-normalized) + nflreadr::load_schedules","2026-09-04 19:52:15.600932","ri-schedule-weekly-2026.1","CURRENT"
2025,9,"NO","LA","TE",0.2593,0.62962962962963,"nflverse (nflreadr::load_player_stats fantasy_points_ppr allowed-by-position, percentile-normalized) + nflreadr::load_schedules","2026-09-04 19:52:15.600932","ri-schedule-weekly-2026.1","CURRENT"
2025,9,"NO","LA","WR",-0.4815,0.259259259259259,"nflverse (nflreadr::load_player_stats fantasy_points_ppr allowed-by-position, percentile-normalized) + nflreadr::load_schedules","2026-09-04 19:52:15.600932","ri-schedule-weekly-2026.1","CURRENT"
2025,9,"NYG","SF","QB",0.7037,0.851851851851852,"nflverse (nflreadr::load_player_stats fantasy_points_ppr allowed-by-position, percentile-normalized) + nflreadr::load_schedules","2026-09-04 19:52:15.600932","ri-schedule-weekly-2026.1","CURRENT"
2025,9,"NYG","SF","RB",-0.5556,0.222222222222222,"nflverse (nflreadr::load_player_stats fantasy_points_ppr allowed-by-position, percentile-normalized) + nflreadr::load_schedules","2026-09-04 19:52:15.600932","ri-schedule-weekly-2026.1","CURRENT"
2025,9,"NYG","SF","TE",-0.1852,0.407407407407407,"nflverse (nflreadr::load_player_stats fantasy_points_ppr allowed-by-position, percentile-normalized) + nflreadr::load_schedules","2026-09-04 19:52:15.600932","ri-schedule-weekly-2026.1","CURRENT"
2025,9,"NYG","SF","WR",0.4074,0.703703703703704,"nflverse (nflreadr::load_player_stats fantasy_points_ppr allowed-by-position, percentile-normalized) + nflreadr::load_schedules","2026-09-04 19:52:15.600932","ri-schedule-weekly-2026.1","CURRENT"
2025,9,"PIT","IND","QB",-0.4815,0.259259259259259,"nflverse (nflreadr::load_player_stats fantasy_points_ppr allowed-by-position, percentile-normalized) + nflreadr::load_schedules","2026-09-04 19:52:15.600932","ri-schedule-weekly-2026.1","CURRENT"
2025,9,"PIT","IND","RB",0.6296,0.814814814814815,"nflverse (nflreadr::load_player_stats fantasy_points_ppr allowed-by-position, percentile-normalized) + nflreadr::load_schedules","2026-09-04 19:52:15.600932","ri-schedule-weekly-2026.1","CURRENT"
2025,9,"PIT","IND","TE",0.6296,0.814814814814815,"nflverse (nflreadr::load_player_stats fantasy_points_ppr allowed-by-position, percentile-normalized) + nflreadr::load_schedules","2026-09-04 19:52:15.600932","ri-schedule-weekly-2026.1","CURRENT"
2025,9,"PIT","IND","WR",-1,0,"nflverse (nflreadr::load_player_stats fantasy_points_ppr allowed-by-position, percentile-normalized) + nflreadr::load_schedules","2026-09-04 19:52:15.600932","ri-schedule-weekly-2026.1","CURRENT"
2025,9,"SEA","WAS","QB",0.6296,0.814814814814815,"nflverse (nflreadr::load_player_stats fantasy_points_ppr allowed-by-position, percentile-normalized) + nflreadr::load_schedules","2026-09-04 19:52:15.600932","ri-schedule-weekly-2026.1","CURRENT"
2025,9,"SEA","WAS","RB",-0.4815,0.259259259259259,"nflverse (nflreadr::load_player_stats fantasy_points_ppr allowed-by-position, percentile-normalized) + nflreadr::load_schedules","2026-09-04 19:52:15.600932","ri-schedule-weekly-2026.1","CURRENT"
2025,9,"SEA","WAS","TE",0.4074,0.703703703703704,"nflverse (nflreadr::load_player_stats fantasy_points_ppr allowed-by-position, percentile-normalized) + nflreadr::load_schedules","2026-09-04 19:52:15.600932","ri-schedule-weekly-2026.1","CURRENT"
2025,9,"SEA","WAS","WR",0.8519,0.925925925925926,"nflverse (nflreadr::load_player_stats fantasy_points_ppr allowed-by-position, percentile-normalized) + nflreadr::load_schedules","2026-09-04 19:52:15.600932","ri-schedule-weekly-2026.1","CURRENT"
2025,9,"SF","NYG","QB",-0.1852,0.407407407407407,"nflverse (nflreadr::load_player_stats fantasy_points_ppr allowed-by-position, percentile-normalized) + nflreadr::load_schedules","2026-09-04 19:52:15.600932","ri-schedule-weekly-2026.1","CURRENT"
2025,9,"SF","NYG","RB",1,1,"nflverse (nflreadr::load_player_stats fantasy_points_ppr allowed-by-position, percentile-normalized) + nflreadr::load_schedules","2026-09-04 19:52:15.600932","ri-schedule-weekly-2026.1","CURRENT"
2025,9,"SF","NYG","TE",-0.5556,0.222222222222222,"nflverse (nflreadr::load_player_stats fantasy_points_ppr allowed-by-position, percentile-normalized) + nflreadr::load_schedules","2026-09-04 19:52:15.600932","ri-schedule-weekly-2026.1","CURRENT"
2025,9,"SF","NYG","WR",-0.3333,0.333333333333333,"nflverse (nflreadr::load_player_stats fantasy_points_ppr allowed-by-position, percentile-normalized) + nflreadr::load_schedules","2026-09-04 19:52:15.600932","ri-schedule-weekly-2026.1","CURRENT"
2025,9,"TEN","LAC","QB",-0.9259,0.037037037037037,"nflverse (nflreadr::load_player_stats fantasy_points_ppr allowed-by-position, percentile-normalized) + nflreadr::load_schedules","2026-09-04 19:52:15.600932","ri-schedule-weekly-2026.1","CURRENT"
2025,9,"TEN","LAC","RB",-0.1852,0.407407407407407,"nflverse (nflreadr::load_player_stats fantasy_points_ppr allowed-by-position, percentile-normalized) + nflreadr::load_schedules","2026-09-04 19:52:15.600932","ri-schedule-weekly-2026.1","CURRENT"
2025,9,"TEN","LAC","TE",-0.7778,0.111111111111111,"nflverse (nflreadr::load_player_stats fantasy_points_ppr allowed-by-position, percentile-normalized) + nflreadr::load_schedules","2026-09-04 19:52:15.600932","ri-schedule-weekly-2026.1","CURRENT"
2025,9,"TEN","LAC","WR",-0.7037,0.148148148148148,"nflverse (nflreadr::load_player_stats fantasy_points_ppr allowed-by-position, percentile-normalized) + nflreadr::load_schedules","2026-09-04 19:52:15.600932","ri-schedule-weekly-2026.1","CURRENT"
2025,9,"WAS","SEA","QB",-0.3333,0.333333333333333,"nflverse (nflreadr::load_player_stats fantasy_points_ppr allowed-by-position, percentile-normalized) + nflreadr::load_schedules","2026-09-04 19:52:15.600932","ri-schedule-weekly-2026.1","CURRENT"
2025,9,"WAS","SEA","RB",-0.1111,0.444444444444444,"nflverse (nflreadr::load_player_stats fantasy_points_ppr allowed-by-position, percentile-normalized) + nflreadr::load_schedules","2026-09-04 19:52:15.600932","ri-schedule-weekly-2026.1","CURRENT"
2025,9,"WAS","SEA","TE",-0.037,0.481481481481481,"nflverse (nflreadr::load_player_stats fantasy_points_ppr allowed-by-position, percentile-normalized) + nflreadr::load_schedules","2026-09-04 19:52:15.600932","ri-schedule-weekly-2026.1","CURRENT"
2025,9,"WAS","SEA","WR",-0.7778,0.111111111111111,"nflverse (nflreadr::load_player_stats fantasy_points_ppr allowed-by-position, percentile-normalized) + nflreadr::load_schedules","2026-09-04 19:52:15.600932","ri-schedule-weekly-2026.1","CURRENT"
2025,10,"ARI","SEA","QB",0.3333,0.666666666666667,"nflverse (nflreadr::load_player_stats fantasy_points_ppr allowed-by-position, percentile-normalized) + nflreadr::load_schedules","2026-09-04 19:52:15.600932","ri-schedule-weekly-2026.1","CURRENT"
2025,10,"ARI","SEA","RB",-0.3333,0.333333333333333,"nflverse (nflreadr::load_player_stats fantasy_points_ppr allowed-by-position, percentile-normalized) + nflreadr::load_schedules","2026-09-04 19:52:15.600932","ri-schedule-weekly-2026.1","CURRENT"
2025,10,"ARI","SEA","TE",0.8519,0.925925925925926,"nflverse (nflreadr::load_player_stats fantasy_points_ppr allowed-by-position, percentile-normalized) + nflreadr::load_schedules","2026-09-04 19:52:15.600932","ri-schedule-weekly-2026.1","CURRENT"
2025,10,"ARI","SEA","WR",-0.037,0.481481481481481,"nflverse (nflreadr::load_player_stats fantasy_points_ppr allowed-by-position, percentile-normalized) + nflreadr::load_schedules","2026-09-04 19:52:15.600932","ri-schedule-weekly-2026.1","CURRENT"
2025,10,"ATL","IND","QB",-0.3333,0.333333333333333,"nflverse (nflreadr::load_player_stats fantasy_points_ppr allowed-by-position, percentile-normalized) + nflreadr::load_schedules","2026-09-04 19:52:15.600932","ri-schedule-weekly-2026.1","CURRENT"
2025,10,"ATL","IND","RB",0.5556,0.777777777777778,"nflverse (nflreadr::load_player_stats fantasy_points_ppr allowed-by-position, percentile-normalized) + nflreadr::load_schedules","2026-09-04 19:52:15.600932","ri-schedule-weekly-2026.1","CURRENT"
2025,10,"ATL","IND","TE",-0.2593,0.37037037037037,"nflverse (nflreadr::load_player_stats fantasy_points_ppr allowed-by-position, percentile-normalized) + nflreadr::load_schedules","2026-09-04 19:52:15.600932","ri-schedule-weekly-2026.1","CURRENT"
2025,10,"ATL","IND","WR",-0.1111,0.444444444444444,"nflverse (nflreadr::load_player_stats fantasy_points_ppr allowed-by-position, percentile-normalized) + nflreadr::load_schedules","2026-09-04 19:52:15.600932","ri-schedule-weekly-2026.1","CURRENT"
2025,10,"BAL","MIN","QB",0.037,0.518518518518518,"nflverse (nflreadr::load_player_stats fantasy_points_ppr allowed-by-position, percentile-normalized) + nflreadr::load_schedules","2026-09-04 19:52:15.600932","ri-schedule-weekly-2026.1","CURRENT"
2025,10,"BAL","MIN","RB",0.2593,0.62962962962963,"nflverse (nflreadr::load_player_stats fantasy_points_ppr allowed-by-position, percentile-normalized) + nflreadr::load_schedules","2026-09-04 19:52:15.600932","ri-schedule-weekly-2026.1","CURRENT"
2025,10,"BAL","MIN","TE",0.3333,0.666666666666667,"nflverse (nflreadr::load_player_stats fantasy_points_ppr allowed-by-position, percentile-normalized) + nflreadr::load_schedules","2026-09-04 19:52:15.600932","ri-schedule-weekly-2026.1","CURRENT"
2025,10,"BAL","MIN","WR",-0.7778,0.111111111111111,"nflverse (nflreadr::load_player_stats fantasy_points_ppr allowed-by-position, percentile-normalized) + nflreadr::load_schedules","2026-09-04 19:52:15.600932","ri-schedule-weekly-2026.1","CURRENT"
2025,10,"BUF","MIA","QB",0.4074,0.703703703703704,"nflverse (nflreadr::load_player_stats fantasy_points_ppr allowed-by-position, percentile-normalized) + nflreadr::load_schedules","2026-09-04 19:52:15.600932","ri-schedule-weekly-2026.1","CURRENT"
2025,10,"BUF","MIA","RB",-0.7037,0.148148148148148,"nflverse (nflreadr::load_player_stats fantasy_points_ppr allowed-by-position, percentile-normalized) + nflreadr::load_schedules","2026-09-04 19:52:15.600932","ri-schedule-weekly-2026.1","CURRENT"
2025,10,"BUF","MIA","TE",0.7037,0.851851851851852,"nflverse (nflreadr::load_player_stats fantasy_points_ppr allowed-by-position, percentile-normalized) + nflreadr::load_schedules","2026-09-04 19:52:15.600932","ri-schedule-weekly-2026.1","CURRENT"
2025,10,"BUF","MIA","WR",0.4815,0.740740740740741,"nflverse (nflreadr::load_player_stats fantasy_points_ppr allowed-by-position, percentile-normalized) + nflreadr::load_schedules","2026-09-04 19:52:15.600932","ri-schedule-weekly-2026.1","CURRENT"
2025,10,"CAR","NO","QB",-1,0,"nflverse (nflreadr::load_player_stats fantasy_points_ppr allowed-by-position, percentile-normalized) + nflreadr::load_schedules","2026-09-04 19:52:15.600932","ri-schedule-weekly-2026.1","CURRENT"
2025,10,"CAR","NO","RB",-0.5556,0.222222222222222,"nflverse (nflreadr::load_player_stats fantasy_points_ppr allowed-by-position, percentile-normalized) + nflreadr::load_schedules","2026-09-04 19:52:15.600932","ri-schedule-weekly-2026.1","CURRENT"
2025,10,"CAR","NO","TE",-0.4074,0.296296296296296,"nflverse (nflreadr::load_player_stats fantasy_points_ppr allowed-by-position, percentile-normalized) + nflreadr::load_schedules","2026-09-04 19:52:15.600932","ri-schedule-weekly-2026.1","CURRENT"
2025,10,"CAR","NO","WR",-0.9259,0.037037037037037,"nflverse (nflreadr::load_player_stats fantasy_points_ppr allowed-by-position, percentile-normalized) + nflreadr::load_schedules","2026-09-04 19:52:15.600932","ri-schedule-weekly-2026.1","CURRENT"
2025,10,"CHI","NYG","QB",0.7778,0.888888888888889,"nflverse (nflreadr::load_player_stats fantasy_points_ppr allowed-by-position, percentile-normalized) + nflreadr::load_schedules","2026-09-04 19:52:15.600932","ri-schedule-weekly-2026.1","CURRENT"
2025,10,"CHI","NYG","RB",0.3333,0.666666666666667,"nflverse (nflreadr::load_player_stats fantasy_points_ppr allowed-by-position, percentile-normalized) + nflreadr::load_schedules","2026-09-04 19:52:15.600932","ri-schedule-weekly-2026.1","CURRENT"
2025,10,"CHI","NYG","TE",0.1111,0.555555555555556,"nflverse (nflreadr::load_player_stats fantasy_points_ppr allowed-by-position, percentile-normalized) + nflreadr::load_schedules","2026-09-04 19:52:15.600932","ri-schedule-weekly-2026.1","CURRENT"
2025,10,"CHI","NYG","WR",0.1852,0.592592592592593,"nflverse (nflreadr::load_player_stats fantasy_points_ppr allowed-by-position, percentile-normalized) + nflreadr::load_schedules","2026-09-04 19:52:15.600932","ri-schedule-weekly-2026.1","CURRENT"
2025,10,"CLE","NYJ","QB",0.4815,0.740740740740741,"nflverse (nflreadr::load_player_stats fantasy_points_ppr allowed-by-position, percentile-normalized) + nflreadr::load_schedules","2026-09-04 19:52:15.600932","ri-schedule-weekly-2026.1","CURRENT"
2025,10,"CLE","NYJ","RB",-1,0,"nflverse (nflreadr::load_player_stats fantasy_points_ppr allowed-by-position, percentile-normalized) + nflreadr::load_schedules","2026-09-04 19:52:15.600932","ri-schedule-weekly-2026.1","CURRENT"
2025,10,"CLE","NYJ","TE",0.6296,0.814814814814815,"nflverse (nflreadr::load_player_stats fantasy_points_ppr allowed-by-position, percentile-normalized) + nflreadr::load_schedules","2026-09-04 19:52:15.600932","ri-schedule-weekly-2026.1","CURRENT"
2025,10,"CLE","NYJ","WR",-0.1852,0.407407407407407,"nflverse (nflreadr::load_player_stats fantasy_points_ppr allowed-by-position, percentile-normalized) + nflreadr::load_schedules","2026-09-04 19:52:15.600932","ri-schedule-weekly-2026.1","CURRENT"
2025,10,"DEN","LV","QB",-0.7778,0.111111111111111,"nflverse (nflreadr::load_player_stats fantasy_points_ppr allowed-by-position, percentile-normalized) + nflreadr::load_schedules","2026-09-04 19:52:15.600932","ri-schedule-weekly-2026.1","CURRENT"
2025,10,"DEN","LV","RB",-0.9259,0.037037037037037,"nflverse (nflreadr::load_player_stats fantasy_points_ppr allowed-by-position, percentile-normalized) + nflreadr::load_schedules","2026-09-04 19:52:15.600932","ri-schedule-weekly-2026.1","CURRENT"
2025,10,"DEN","LV","TE",-0.5556,0.222222222222222,"nflverse (nflreadr::load_player_stats fantasy_points_ppr allowed-by-position, percentile-normalized) + nflreadr::load_schedules","2026-09-04 19:52:15.600932","ri-schedule-weekly-2026.1","CURRENT"
2025,10,"DEN","LV","WR",-0.3333,0.333333333333333,"nflverse (nflreadr::load_player_stats fantasy_points_ppr allowed-by-position, percentile-normalized) + nflreadr::load_schedules","2026-09-04 19:52:15.600932","ri-schedule-weekly-2026.1","CURRENT"
2025,10,"DET","WAS","QB",0.7037,0.851851851851852,"nflverse (nflreadr::load_player_stats fantasy_points_ppr allowed-by-position, percentile-normalized) + nflreadr::load_schedules","2026-09-04 19:52:15.600932","ri-schedule-weekly-2026.1","CURRENT"
2025,10,"DET","WAS","RB",0.9259,0.962962962962963,"nflverse (nflreadr::load_player_stats fantasy_points_ppr allowed-by-position, percentile-normalized) + nflreadr::load_schedules","2026-09-04 19:52:15.600932","ri-schedule-weekly-2026.1","CURRENT"
2025,10,"DET","WAS","TE",0.037,0.518518518518518,"nflverse (nflreadr::load_player_stats fantasy_points_ppr allowed-by-position, percentile-normalized) + nflreadr::load_schedules","2026-09-04 19:52:15.600932","ri-schedule-weekly-2026.1","CURRENT"
2025,10,"DET","WAS","WR",1,1,"nflverse (nflreadr::load_player_stats fantasy_points_ppr allowed-by-position, percentile-normalized) + nflreadr::load_schedules","2026-09-04 19:52:15.600932","ri-schedule-weekly-2026.1","CURRENT"
2025,10,"GB","PHI","QB",-0.5556,0.222222222222222,"nflverse (nflreadr::load_player_stats fantasy_points_ppr allowed-by-position, percentile-normalized) + nflreadr::load_schedules","2026-09-04 19:52:15.600932","ri-schedule-weekly-2026.1","CURRENT"
2025,10,"GB","PHI","RB",0.1111,0.555555555555556,"nflverse (nflreadr::load_player_stats fantasy_points_ppr allowed-by-position, percentile-normalized) + nflreadr::load_schedules","2026-09-04 19:52:15.600932","ri-schedule-weekly-2026.1","CURRENT"
2025,10,"GB","PHI","TE",-0.4815,0.259259259259259,"nflverse (nflreadr::load_player_stats fantasy_points_ppr allowed-by-position, percentile-normalized) + nflreadr::load_schedules","2026-09-04 19:52:15.600932","ri-schedule-weekly-2026.1","CURRENT"
2025,10,"GB","PHI","WR",-0.5556,0.222222222222222,"nflverse (nflreadr::load_player_stats fantasy_points_ppr allowed-by-position, percentile-normalized) + nflreadr::load_schedules","2026-09-04 19:52:15.600932","ri-schedule-weekly-2026.1","CURRENT"
2025,10,"HOU","JAX","QB",0.9259,0.962962962962963,"nflverse (nflreadr::load_player_stats fantasy_points_ppr allowed-by-position, percentile-normalized) + nflreadr::load_schedules","2026-09-04 19:52:15.600932","ri-schedule-weekly-2026.1","CURRENT"
2025,10,"HOU","JAX","RB",0.1852,0.592592592592593,"nflverse (nflreadr::load_player_stats fantasy_points_ppr allowed-by-position, percentile-normalized) + nflreadr::load_schedules","2026-09-04 19:52:15.600932","ri-schedule-weekly-2026.1","CURRENT"
2025,10,"HOU","JAX","TE",0.4815,0.740740740740741,"nflverse (nflreadr::load_player_stats fantasy_points_ppr allowed-by-position, percentile-normalized) + nflreadr::load_schedules","2026-09-04 19:52:15.600932","ri-schedule-weekly-2026.1","CURRENT"
2025,10,"HOU","JAX","WR",0.7778,0.888888888888889,"nflverse (nflreadr::load_player_stats fantasy_points_ppr allowed-by-position, percentile-normalized) + nflreadr::load_schedules","2026-09-04 19:52:15.600932","ri-schedule-weekly-2026.1","CURRENT"
2025,10,"IND","ATL","QB",-0.037,0.481481481481481,"nflverse (nflreadr::load_player_stats fantasy_points_ppr allowed-by-position, percentile-normalized) + nflreadr::load_schedules","2026-09-04 19:52:15.600932","ri-schedule-weekly-2026.1","CURRENT"
2025,10,"IND","ATL","RB",1,1,"nflverse (nflreadr::load_player_stats fantasy_points_ppr allowed-by-position, percentile-normalized) + nflreadr::load_schedules","2026-09-04 19:52:15.600932","ri-schedule-weekly-2026.1","CURRENT"
2025,10,"IND","ATL","TE",0.4074,0.703703703703704,"nflverse (nflreadr::load_player_stats fantasy_points_ppr allowed-by-position, percentile-normalized) + nflreadr::load_schedules","2026-09-04 19:52:15.600932","ri-schedule-weekly-2026.1","CURRENT"
2025,10,"IND","ATL","WR",-0.2593,0.37037037037037,"nflverse (nflreadr::load_player_stats fantasy_points_ppr allowed-by-position, percentile-normalized) + nflreadr::load_schedules","2026-09-04 19:52:15.600932","ri-schedule-weekly-2026.1","CURRENT"
2025,10,"JAX","HOU","QB",-0.4815,0.259259259259259,"nflverse (nflreadr::load_player_stats fantasy_points_ppr allowed-by-position, percentile-normalized) + nflreadr::load_schedules","2026-09-04 19:52:15.600932","ri-schedule-weekly-2026.1","CURRENT"
2025,10,"JAX","HOU","RB",-0.1111,0.444444444444444,"nflverse (nflreadr::load_player_stats fantasy_points_ppr allowed-by-position, percentile-normalized) + nflreadr::load_schedules","2026-09-04 19:52:15.600932","ri-schedule-weekly-2026.1","CURRENT"
2025,10,"JAX","HOU","TE",-0.7037,0.148148148148148,"nflverse (nflreadr::load_player_stats fantasy_points_ppr allowed-by-position, percentile-normalized) + nflreadr::load_schedules","2026-09-04 19:52:15.600932","ri-schedule-weekly-2026.1","CURRENT"
2025,10,"JAX","HOU","WR",0.2593,0.62962962962963,"nflverse (nflreadr::load_player_stats fantasy_points_ppr allowed-by-position, percentile-normalized) + nflreadr::load_schedules","2026-09-04 19:52:15.600932","ri-schedule-weekly-2026.1","CURRENT"
2025,10,"LA","SF","QB",0.8519,0.925925925925926,"nflverse (nflreadr::load_player_stats fantasy_points_ppr allowed-by-position, percentile-normalized) + nflreadr::load_schedules","2026-09-04 19:52:15.600932","ri-schedule-weekly-2026.1","CURRENT"
2025,10,"LA","SF","RB",0.4815,0.740740740740741,"nflverse (nflreadr::load_player_stats fantasy_points_ppr allowed-by-position, percentile-normalized) + nflreadr::load_schedules","2026-09-04 19:52:15.600932","ri-schedule-weekly-2026.1","CURRENT"
2025,10,"LA","SF","TE",1,1,"nflverse (nflreadr::load_player_stats fantasy_points_ppr allowed-by-position, percentile-normalized) + nflreadr::load_schedules","2026-09-04 19:52:15.600932","ri-schedule-weekly-2026.1","CURRENT"
2025,10,"LA","SF","WR",0.6296,0.814814814814815,"nflverse (nflreadr::load_player_stats fantasy_points_ppr allowed-by-position, percentile-normalized) + nflreadr::load_schedules","2026-09-04 19:52:15.600932","ri-schedule-weekly-2026.1","CURRENT"
2025,10,"LAC","PIT","QB",-0.1852,0.407407407407407,"nflverse (nflreadr::load_player_stats fantasy_points_ppr allowed-by-position, percentile-normalized) + nflreadr::load_schedules","2026-09-04 19:52:15.600932","ri-schedule-weekly-2026.1","CURRENT"
2025,10,"LAC","PIT","RB",-0.4074,0.296296296296296,"nflverse (nflreadr::load_player_stats fantasy_points_ppr allowed-by-position, percentile-normalized) + nflreadr::load_schedules","2026-09-04 19:52:15.600932","ri-schedule-weekly-2026.1","CURRENT"
2025,10,"LAC","PIT","TE",-0.4074,0.296296296296296,"nflverse (nflreadr::load_player_stats fantasy_points_ppr allowed-by-position, percentile-normalized) + nflreadr::load_schedules","2026-09-04 19:52:15.600932","ri-schedule-weekly-2026.1","CURRENT"
2025,10,"LAC","PIT","WR",0.5556,0.777777777777778,"nflverse (nflreadr::load_player_stats fantasy_points_ppr allowed-by-position, percentile-normalized) + nflreadr::load_schedules","2026-09-04 19:52:15.600932","ri-schedule-weekly-2026.1","CURRENT"
2025,10,"LV","DEN","QB",-0.9259,0.037037037037037,"nflverse (nflreadr::load_player_stats fantasy_points_ppr allowed-by-position, percentile-normalized) + nflreadr::load_schedules","2026-09-04 19:52:15.600932","ri-schedule-weekly-2026.1","CURRENT"
2025,10,"LV","DEN","RB",-0.5556,0.222222222222222,"nflverse (nflreadr::load_player_stats fantasy_points_ppr allowed-by-position, percentile-normalized) + nflreadr::load_schedules","2026-09-04 19:52:15.600932","ri-schedule-weekly-2026.1","CURRENT"
2025,10,"LV","DEN","TE",-0.1111,0.444444444444444,"nflverse (nflreadr::load_player_stats fantasy_points_ppr allowed-by-position, percentile-normalized) + nflreadr::load_schedules","2026-09-04 19:52:15.600932","ri-schedule-weekly-2026.1","CURRENT"
2025,10,"LV","DEN","WR",-0.8519,0.0740740740740741,"nflverse (nflreadr::load_player_stats fantasy_points_ppr allowed-by-position, percentile-normalized) + nflreadr::load_schedules","2026-09-04 19:52:15.600932","ri-schedule-weekly-2026.1","CURRENT"
2025,10,"MIA","BUF","QB",-0.4074,0.296296296296296,"nflverse (nflreadr::load_player_stats fantasy_points_ppr allowed-by-position, percentile-normalized) + nflreadr::load_schedules","2026-09-04 19:52:15.600932","ri-schedule-weekly-2026.1","CURRENT"
2025,10,"MIA","BUF","RB",0.8519,0.925925925925926,"nflverse (nflreadr::load_player_stats fantasy_points_ppr allowed-by-position, percentile-normalized) + nflreadr::load_schedules","2026-09-04 19:52:15.600932","ri-schedule-weekly-2026.1","CURRENT"
2025,10,"MIA","BUF","TE",-0.6296,0.185185185185185,"nflverse (nflreadr::load_player_stats fantasy_points_ppr allowed-by-position, percentile-normalized) + nflreadr::load_schedules","2026-09-04 19:52:15.600932","ri-schedule-weekly-2026.1","CURRENT"
2025,10,"MIA","BUF","WR",0.3333,0.666666666666667,"nflverse (nflreadr::load_player_stats fantasy_points_ppr allowed-by-position, percentile-normalized) + nflreadr::load_schedules","2026-09-04 19:52:15.600932","ri-schedule-weekly-2026.1","CURRENT"
2025,10,"MIN","BAL","QB",-0.1111,0.444444444444444,"nflverse (nflreadr::load_player_stats fantasy_points_ppr allowed-by-position, percentile-normalized) + nflreadr::load_schedules","2026-09-04 19:52:15.600932","ri-schedule-weekly-2026.1","CURRENT"
2025,10,"MIN","BAL","RB",-0.037,0.481481481481481,"nflverse (nflreadr::load_player_stats fantasy_points_ppr allowed-by-position, percentile-normalized) + nflreadr::load_schedules","2026-09-04 19:52:15.600932","ri-schedule-weekly-2026.1","CURRENT"
2025,10,"MIN","BAL","TE",-0.7778,0.111111111111111,"nflverse (nflreadr::load_player_stats fantasy_points_ppr allowed-by-position, percentile-normalized) + nflreadr::load_schedules","2026-09-04 19:52:15.600932","ri-schedule-weekly-2026.1","CURRENT"
2025,10,"MIN","BAL","WR",0.7037,0.851851851851852,"nflverse (nflreadr::load_player_stats fantasy_points_ppr allowed-by-position, percentile-normalized) + nflreadr::load_schedules","2026-09-04 19:52:15.600932","ri-schedule-weekly-2026.1","CURRENT"
2025,10,"NE","TB","QB",0.1111,0.555555555555556,"nflverse (nflreadr::load_player_stats fantasy_points_ppr allowed-by-position, percentile-normalized) + nflreadr::load_schedules","2026-09-04 19:52:15.600932","ri-schedule-weekly-2026.1","CURRENT"
2025,10,"NE","TB","RB",0.6296,0.814814814814815,"nflverse (nflreadr::load_player_stats fantasy_points_ppr allowed-by-position, percentile-normalized) + nflreadr::load_schedules","2026-09-04 19:52:15.600932","ri-schedule-weekly-2026.1","CURRENT"
2025,10,"NE","TB","TE",-0.9259,0.037037037037037,"nflverse (nflreadr::load_player_stats fantasy_points_ppr allowed-by-position, percentile-normalized) + nflreadr::load_schedules","2026-09-04 19:52:15.600932","ri-schedule-weekly-2026.1","CURRENT"
2025,10,"NE","TB","WR",0.9259,0.962962962962963,"nflverse (nflreadr::load_player_stats fantasy_points_ppr allowed-by-position, percentile-normalized) + nflreadr::load_schedules","2026-09-04 19:52:15.600932","ri-schedule-weekly-2026.1","CURRENT"
2025,10,"NO","CAR","QB",0.2593,0.62962962962963,"nflverse (nflreadr::load_player_stats fantasy_points_ppr allowed-by-position, percentile-normalized) + nflreadr::load_schedules","2026-09-04 19:52:15.600932","ri-schedule-weekly-2026.1","CURRENT"
2025,10,"NO","CAR","RB",0.037,0.518518518518518,"nflverse (nflreadr::load_player_stats fantasy_points_ppr allowed-by-position, percentile-normalized) + nflreadr::load_schedules","2026-09-04 19:52:15.600932","ri-schedule-weekly-2026.1","CURRENT"
2025,10,"NO","CAR","TE",0.7778,0.888888888888889,"nflverse (nflreadr::load_player_stats fantasy_points_ppr allowed-by-position, percentile-normalized) + nflreadr::load_schedules","2026-09-04 19:52:15.600932","ri-schedule-weekly-2026.1","CURRENT"
2025,10,"NO","CAR","WR",-0.4815,0.259259259259259,"nflverse (nflreadr::load_player_stats fantasy_points_ppr allowed-by-position, percentile-normalized) + nflreadr::load_schedules","2026-09-04 19:52:15.600932","ri-schedule-weekly-2026.1","CURRENT"
2025,10,"NYG","CHI","QB",1,1,"nflverse (nflreadr::load_player_stats fantasy_points_ppr allowed-by-position, percentile-normalized) + nflreadr::load_schedules","2026-09-04 19:52:15.600932","ri-schedule-weekly-2026.1","CURRENT"
2025,10,"NYG","CHI","RB",-0.2593,0.37037037037037,"nflverse (nflreadr::load_player_stats fantasy_points_ppr allowed-by-position, percentile-normalized) + nflreadr::load_schedules","2026-09-04 19:52:15.600932","ri-schedule-weekly-2026.1","CURRENT"
2025,10,"NYG","CHI","TE",0.1852,0.592592592592593,"nflverse (nflreadr::load_player_stats fantasy_points_ppr allowed-by-position, percentile-normalized) + nflreadr::load_schedules","2026-09-04 19:52:15.600932","ri-schedule-weekly-2026.1","CURRENT"
2025,10,"NYG","CHI","WR",-0.4074,0.296296296296296,"nflverse (nflreadr::load_player_stats fantasy_points_ppr allowed-by-position, percentile-normalized) + nflreadr::load_schedules","2026-09-04 19:52:15.600932","ri-schedule-weekly-2026.1","CURRENT"
2025,10,"NYJ","CLE","QB",-0.6296,0.185185185185185,"nflverse (nflreadr::load_player_stats fantasy_points_ppr allowed-by-position, percentile-normalized) + nflreadr::load_schedules","2026-09-04 19:52:15.600932","ri-schedule-weekly-2026.1","CURRENT"
2025,10,"NYJ","CLE","RB",0.4074,0.703703703703704,"nflverse (nflreadr::load_player_stats fantasy_points_ppr allowed-by-position, percentile-normalized) + nflreadr::load_schedules","2026-09-04 19:52:15.600932","ri-schedule-weekly-2026.1","CURRENT"
2025,10,"NYJ","CLE","TE",-0.8519,0.0740740740740741,"nflverse (nflreadr::load_player_stats fantasy_points_ppr allowed-by-position, percentile-normalized) + nflreadr::load_schedules","2026-09-04 19:52:15.600932","ri-schedule-weekly-2026.1","CURRENT"
2025,10,"NYJ","CLE","WR",-1,0,"nflverse (nflreadr::load_player_stats fantasy_points_ppr allowed-by-position, percentile-normalized) + nflreadr::load_schedules","2026-09-04 19:52:15.600932","ri-schedule-weekly-2026.1","CURRENT"
2025,10,"PHI","GB","QB",-0.2593,0.37037037037037,"nflverse (nflreadr::load_player_stats fantasy_points_ppr allowed-by-position, percentile-normalized) + nflreadr::load_schedules","2026-09-04 19:52:15.600932","ri-schedule-weekly-2026.1","CURRENT"
2025,10,"PHI","GB","RB",-0.1852,0.407407407407407,"nflverse (nflreadr::load_player_stats fantasy_points_ppr allowed-by-position, percentile-normalized) + nflreadr::load_schedules","2026-09-04 19:52:15.600932","ri-schedule-weekly-2026.1","CURRENT"
2025,10,"PHI","GB","TE",-0.1852,0.407407407407407,"nflverse (nflreadr::load_player_stats fantasy_points_ppr allowed-by-position, percentile-normalized) + nflreadr::load_schedules","2026-09-04 19:52:15.600932","ri-schedule-weekly-2026.1","CURRENT"
2025,10,"PHI","GB","WR",-0.7037,0.148148148148148,"nflverse (nflreadr::load_player_stats fantasy_points_ppr allowed-by-position, percentile-normalized) + nflreadr::load_schedules","2026-09-04 19:52:15.600932","ri-schedule-weekly-2026.1","CURRENT"
2025,10,"PIT","LAC","QB",-0.7037,0.148148148148148,"nflverse (nflreadr::load_player_stats fantasy_points_ppr allowed-by-position, percentile-normalized) + nflreadr::load_schedules","2026-09-04 19:52:15.600932","ri-schedule-weekly-2026.1","CURRENT"
2025,10,"PIT","LAC","RB",-0.8519,0.0740740740740741,"nflverse (nflreadr::load_player_stats fantasy_points_ppr allowed-by-position, percentile-normalized) + nflreadr::load_schedules","2026-09-04 19:52:15.600932","ri-schedule-weekly-2026.1","CURRENT"
2025,10,"PIT","LAC","TE",-0.037,0.481481481481481,"nflverse (nflreadr::load_player_stats fantasy_points_ppr allowed-by-position, percentile-normalized) + nflreadr::load_schedules","2026-09-04 19:52:15.600932","ri-schedule-weekly-2026.1","CURRENT"
2025,10,"PIT","LAC","WR",-0.6296,0.185185185185185,"nflverse (nflreadr::load_player_stats fantasy_points_ppr allowed-by-position, percentile-normalized) + nflreadr::load_schedules","2026-09-04 19:52:15.600932","ri-schedule-weekly-2026.1","CURRENT"
2025,10,"SEA","ARI","QB",-0.8519,0.0740740740740741,"nflverse (nflreadr::load_player_stats fantasy_points_ppr allowed-by-position, percentile-normalized) + nflreadr::load_schedules","2026-09-04 19:52:15.600932","ri-schedule-weekly-2026.1","CURRENT"
2025,10,"SEA","ARI","RB",0.7778,0.888888888888889,"nflverse (nflreadr::load_player_stats fantasy_points_ppr allowed-by-position, percentile-normalized) + nflreadr::load_schedules","2026-09-04 19:52:15.600932","ri-schedule-weekly-2026.1","CURRENT"
2025,10,"SEA","ARI","TE",-1,0,"nflverse (nflreadr::load_player_stats fantasy_points_ppr allowed-by-position, percentile-normalized) + nflreadr::load_schedules","2026-09-04 19:52:15.600932","ri-schedule-weekly-2026.1","CURRENT"
2025,10,"SEA","ARI","WR",0.4074,0.703703703703704,"nflverse (nflreadr::load_player_stats fantasy_points_ppr allowed-by-position, percentile-normalized) + nflreadr::load_schedules","2026-09-04 19:52:15.600932","ri-schedule-weekly-2026.1","CURRENT"
2025,10,"SF","LA","QB",0.6296,0.814814814814815,"nflverse (nflreadr::load_player_stats fantasy_points_ppr allowed-by-position, percentile-normalized) + nflreadr::load_schedules","2026-09-04 19:52:15.600932","ri-schedule-weekly-2026.1","CURRENT"
2025,10,"SF","LA","RB",0.7037,0.851851851851852,"nflverse (nflreadr::load_player_stats fantasy_points_ppr allowed-by-position, percentile-normalized) + nflreadr::load_schedules","2026-09-04 19:52:15.600932","ri-schedule-weekly-2026.1","CURRENT"
2025,10,"SF","LA","TE",0.9259,0.962962962962963,"nflverse (nflreadr::load_player_stats fantasy_points_ppr allowed-by-position, percentile-normalized) + nflreadr::load_schedules","2026-09-04 19:52:15.600932","ri-schedule-weekly-2026.1","CURRENT"
2025,10,"SF","LA","WR",0.037,0.518518518518518,"nflverse (nflreadr::load_player_stats fantasy_points_ppr allowed-by-position, percentile-normalized) + nflreadr::load_schedules","2026-09-04 19:52:15.600932","ri-schedule-weekly-2026.1","CURRENT"
2025,10,"TB","NE","QB",0.5556,0.777777777777778,"nflverse (nflreadr::load_player_stats fantasy_points_ppr allowed-by-position, percentile-normalized) + nflreadr::load_schedules","2026-09-04 19:52:15.600932","ri-schedule-weekly-2026.1","CURRENT"
2025,10,"TB","NE","RB",-0.6296,0.185185185185185,"nflverse (nflreadr::load_player_stats fantasy_points_ppr allowed-by-position, percentile-normalized) + nflreadr::load_schedules","2026-09-04 19:52:15.600932","ri-schedule-weekly-2026.1","CURRENT"
2025,10,"TB","NE","TE",0.2593,0.62962962962963,"nflverse (nflreadr::load_player_stats fantasy_points_ppr allowed-by-position, percentile-normalized) + nflreadr::load_schedules","2026-09-04 19:52:15.600932","ri-schedule-weekly-2026.1","CURRENT"
2025,10,"TB","NE","WR",0.8519,0.925925925925926,"nflverse (nflreadr::load_player_stats fantasy_points_ppr allowed-by-position, percentile-normalized) + nflreadr::load_schedules","2026-09-04 19:52:15.600932","ri-schedule-weekly-2026.1","CURRENT"
2025,10,"WAS","DET","QB",0.1852,0.592592592592593,"nflverse (nflreadr::load_player_stats fantasy_points_ppr allowed-by-position, percentile-normalized) + nflreadr::load_schedules","2026-09-04 19:52:15.600932","ri-schedule-weekly-2026.1","CURRENT"
2025,10,"WAS","DET","RB",-0.7778,0.111111111111111,"nflverse (nflreadr::load_player_stats fantasy_points_ppr allowed-by-position, percentile-normalized) + nflreadr::load_schedules","2026-09-04 19:52:15.600932","ri-schedule-weekly-2026.1","CURRENT"
2025,10,"WAS","DET","TE",0.5556,0.777777777777778,"nflverse (nflreadr::load_player_stats fantasy_points_ppr allowed-by-position, percentile-normalized) + nflreadr::load_schedules","2026-09-04 19:52:15.600932","ri-schedule-weekly-2026.1","CURRENT"
2025,10,"WAS","DET","WR",0.1111,0.555555555555556,"nflverse (nflreadr::load_player_stats fantasy_points_ppr allowed-by-position, percentile-normalized) + nflreadr::load_schedules","2026-09-04 19:52:15.600932","ri-schedule-weekly-2026.1","CURRENT"
2025,11,"ARI","SF","QB",0.7241,0.862068965517241,"nflverse (nflreadr::load_player_stats fantasy_points_ppr allowed-by-position, percentile-normalized) + nflreadr::load_schedules","2026-09-04 19:52:15.600932","ri-schedule-weekly-2026.1","CURRENT"
2025,11,"ARI","SF","RB",0.2414,0.620689655172414,"nflverse (nflreadr::load_player_stats fantasy_points_ppr allowed-by-position, percentile-normalized) + nflreadr::load_schedules","2026-09-04 19:52:15.600932","ri-schedule-weekly-2026.1","CURRENT"
2025,11,"ARI","SF","TE",1,1,"nflverse (nflreadr::load_player_stats fantasy_points_ppr allowed-by-position, percentile-normalized) + nflreadr::load_schedules","2026-09-04 19:52:15.600932","ri-schedule-weekly-2026.1","CURRENT"
2025,11,"ARI","SF","WR",0.931,0.96551724137931,"nflverse (nflreadr::load_player_stats fantasy_points_ppr allowed-by-position, percentile-normalized) + nflreadr::load_schedules","2026-09-04 19:52:15.600932","ri-schedule-weekly-2026.1","CURRENT"
2025,11,"ATL","CAR","QB",-0.5172,0.241379310344828,"nflverse (nflreadr::load_player_stats fantasy_points_ppr allowed-by-position, percentile-normalized) + nflreadr::load_schedules","2026-09-04 19:52:15.600932","ri-schedule-weekly-2026.1","CURRENT"
2025,11,"ATL","CAR","RB",0.931,0.96551724137931,"nflverse (nflreadr::load_player_stats fantasy_points_ppr allowed-by-position, percentile-normalized) + nflreadr::load_schedules","2026-09-04 19:52:15.600932","ri-schedule-weekly-2026.1","CURRENT"
2025,11,"ATL","CAR","TE",-0.931,0.0344827586206897,"nflverse (nflreadr::load_player_stats fantasy_points_ppr allowed-by-position, percentile-normalized) + nflreadr::load_schedules","2026-09-04 19:52:15.600932","ri-schedule-weekly-2026.1","CURRENT"
2025,11,"ATL","CAR","WR",0.1724,0.586206896551724,"nflverse (nflreadr::load_player_stats fantasy_points_ppr allowed-by-position, percentile-normalized) + nflreadr::load_schedules","2026-09-04 19:52:15.600932","ri-schedule-weekly-2026.1","CURRENT"
2025,11,"BAL","CLE","QB",-0.8621,0.0689655172413793,"nflverse (nflreadr::load_player_stats fantasy_points_ppr allowed-by-position, percentile-normalized) + nflreadr::load_schedules","2026-09-04 19:52:15.600932","ri-schedule-weekly-2026.1","CURRENT"
2025,11,"BAL","CLE","RB",0.3793,0.689655172413793,"nflverse (nflreadr::load_player_stats fantasy_points_ppr allowed-by-position, percentile-normalized) + nflreadr::load_schedules","2026-09-04 19:52:15.600932","ri-schedule-weekly-2026.1","CURRENT"
2025,11,"BAL","CLE","TE",0.7241,0.862068965517241,"nflverse (nflreadr::load_player_stats fantasy_points_ppr allowed-by-position, percentile-normalized) + nflreadr::load_schedules","2026-09-04 19:52:15.600932","ri-schedule-weekly-2026.1","CURRENT"
2025,11,"BAL","CLE","WR",-0.931,0.0344827586206897,"nflverse (nflreadr::load_player_stats fantasy_points_ppr allowed-by-position, percentile-normalized) + nflreadr::load_schedules","2026-09-04 19:52:15.600932","ri-schedule-weekly-2026.1","CURRENT"
2025,11,"BUF","TB","QB",1,1,"nflverse (nflreadr::load_player_stats fantasy_points_ppr allowed-by-position, percentile-normalized) + nflreadr::load_schedules","2026-09-04 19:52:15.600932","ri-schedule-weekly-2026.1","CURRENT"
2025,11,"BUF","TB","RB",0.5862,0.793103448275862,"nflverse (nflreadr::load_player_stats fantasy_points_ppr allowed-by-position, percentile-normalized) + nflreadr::load_schedules","2026-09-04 19:52:15.600932","ri-schedule-weekly-2026.1","CURRENT"
2025,11,"BUF","TB","TE",-0.8621,0.0689655172413793,"nflverse (nflreadr::load_player_stats fantasy_points_ppr allowed-by-position, percentile-normalized) + nflreadr::load_schedules","2026-09-04 19:52:15.600932","ri-schedule-weekly-2026.1","CURRENT"
2025,11,"BUF","TB","WR",0.5172,0.758620689655172,"nflverse (nflreadr::load_player_stats fantasy_points_ppr allowed-by-position, percentile-normalized) + nflreadr::load_schedules","2026-09-04 19:52:15.600932","ri-schedule-weekly-2026.1","CURRENT"
2025,11,"CAR","ATL","QB",0.931,0.96551724137931,"nflverse (nflreadr::load_player_stats fantasy_points_ppr allowed-by-position, percentile-normalized) + nflreadr::load_schedules","2026-09-04 19:52:15.600932","ri-schedule-weekly-2026.1","CURRENT"
2025,11,"CAR","ATL","RB",-0.1724,0.413793103448276,"nflverse (nflreadr::load_player_stats fantasy_points_ppr allowed-by-position, percentile-normalized) + nflreadr::load_schedules","2026-09-04 19:52:15.600932","ri-schedule-weekly-2026.1","CURRENT"
2025,11,"CAR","ATL","TE",0.5862,0.793103448275862,"nflverse (nflreadr::load_player_stats fantasy_points_ppr allowed-by-position, percentile-normalized) + nflreadr::load_schedules","2026-09-04 19:52:15.600932","ri-schedule-weekly-2026.1","CURRENT"
2025,11,"CAR","ATL","WR",1,1,"nflverse (nflreadr::load_player_stats fantasy_points_ppr allowed-by-position, percentile-normalized) + nflreadr::load_schedules","2026-09-04 19:52:15.600932","ri-schedule-weekly-2026.1","CURRENT"
2025,11,"CHI","MIN","QB",-0.4483,0.275862068965517,"nflverse (nflreadr::load_player_stats fantasy_points_ppr allowed-by-position, percentile-normalized) + nflreadr::load_schedules","2026-09-04 19:52:15.600932","ri-schedule-weekly-2026.1","CURRENT"
2025,11,"CHI","MIN","RB",0.0345,0.517241379310345,"nflverse (nflreadr::load_player_stats fantasy_points_ppr allowed-by-position, percentile-normalized) + nflreadr::load_schedules","2026-09-04 19:52:15.600932","ri-schedule-weekly-2026.1","CURRENT"
2025,11,"CHI","MIN","TE",0.6552,0.827586206896552,"nflverse (nflreadr::load_player_stats fantasy_points_ppr allowed-by-position, percentile-normalized) + nflreadr::load_schedules","2026-09-04 19:52:15.600932","ri-schedule-weekly-2026.1","CURRENT"
2025,11,"CHI","MIN","WR",-0.7931,0.103448275862069,"nflverse (nflreadr::load_player_stats fantasy_points_ppr allowed-by-position, percentile-normalized) + nflreadr::load_schedules","2026-09-04 19:52:15.600932","ri-schedule-weekly-2026.1","CURRENT"
2025,11,"CIN","PIT","QB",-0.5862,0.206896551724138,"nflverse (nflreadr::load_player_stats fantasy_points_ppr allowed-by-position, percentile-normalized) + nflreadr::load_schedules","2026-09-04 19:52:15.600932","ri-schedule-weekly-2026.1","CURRENT"
2025,11,"CIN","PIT","RB",-0.1034,0.448275862068966,"nflverse (nflreadr::load_player_stats fantasy_points_ppr allowed-by-position, percentile-normalized) + nflreadr::load_schedules","2026-09-04 19:52:15.600932","ri-schedule-weekly-2026.1","CURRENT"
2025,11,"CIN","PIT","TE",0.1034,0.551724137931034,"nflverse (nflreadr::load_player_stats fantasy_points_ppr allowed-by-position, percentile-normalized) + nflreadr::load_schedules","2026-09-04 19:52:15.600932","ri-schedule-weekly-2026.1","CURRENT"
2025,11,"CIN","PIT","WR",0.1034,0.551724137931034,"nflverse (nflreadr::load_player_stats fantasy_points_ppr allowed-by-position, percentile-normalized) + nflreadr::load_schedules","2026-09-04 19:52:15.600932","ri-schedule-weekly-2026.1","CURRENT"
2025,11,"CLE","BAL","QB",-0.931,0.0344827586206897,"nflverse (nflreadr::load_player_stats fantasy_points_ppr allowed-by-position, percentile-normalized) + nflreadr::load_schedules","2026-09-04 19:52:15.600932","ri-schedule-weekly-2026.1","CURRENT"
2025,11,"CLE","BAL","RB",-0.931,0.0344827586206897,"nflverse (nflreadr::load_player_stats fantasy_points_ppr allowed-by-position, percentile-normalized) + nflreadr::load_schedules","2026-09-04 19:52:15.600932","ri-schedule-weekly-2026.1","CURRENT"
2025,11,"CLE","BAL","TE",-0.5172,0.241379310344828,"nflverse (nflreadr::load_player_stats fantasy_points_ppr allowed-by-position, percentile-normalized) + nflreadr::load_schedules","2026-09-04 19:52:15.600932","ri-schedule-weekly-2026.1","CURRENT"
2025,11,"CLE","BAL","WR",-0.5862,0.206896551724138,"nflverse (nflreadr::load_player_stats fantasy_points_ppr allowed-by-position, percentile-normalized) + nflreadr::load_schedules","2026-09-04 19:52:15.600932","ri-schedule-weekly-2026.1","CURRENT"
2025,11,"DAL","LV","QB",0.8621,0.931034482758621,"nflverse (nflreadr::load_player_stats fantasy_points_ppr allowed-by-position, percentile-normalized) + nflreadr::load_schedules","2026-09-04 19:52:15.600932","ri-schedule-weekly-2026.1","CURRENT"
2025,11,"DAL","LV","RB",-0.1034,0.448275862068966,"nflverse (nflreadr::load_player_stats fantasy_points_ppr allowed-by-position, percentile-normalized) + nflreadr::load_schedules","2026-09-04 19:52:15.600932","ri-schedule-weekly-2026.1","CURRENT"
2025,11,"DAL","LV","TE",0.2414,0.620689655172414,"nflverse (nflreadr::load_player_stats fantasy_points_ppr allowed-by-position, percentile-normalized) + nflreadr::load_schedules","2026-09-04 19:52:15.600932","ri-schedule-weekly-2026.1","CURRENT"
2025,11,"DAL","LV","WR",0.8621,0.931034482758621,"nflverse (nflreadr::load_player_stats fantasy_points_ppr allowed-by-position, percentile-normalized) + nflreadr::load_schedules","2026-09-04 19:52:15.600932","ri-schedule-weekly-2026.1","CURRENT"
2025,11,"DEN","KC","QB",-0.2414,0.379310344827586,"nflverse (nflreadr::load_player_stats fantasy_points_ppr allowed-by-position, percentile-normalized) + nflreadr::load_schedules","2026-09-04 19:52:15.600932","ri-schedule-weekly-2026.1","CURRENT"
2025,11,"DEN","KC","RB",-0.4483,0.275862068965517,"nflverse (nflreadr::load_player_stats fantasy_points_ppr allowed-by-position, percentile-normalized) + nflreadr::load_schedules","2026-09-04 19:52:15.600932","ri-schedule-weekly-2026.1","CURRENT"
2025,11,"DEN","KC","TE",-0.1724,0.413793103448276,"nflverse (nflreadr::load_player_stats fantasy_points_ppr allowed-by-position, percentile-normalized) + nflreadr::load_schedules","2026-09-04 19:52:15.600932","ri-schedule-weekly-2026.1","CURRENT"
2025,11,"DEN","KC","WR",0.5862,0.793103448275862,"nflverse (nflreadr::load_player_stats fantasy_points_ppr allowed-by-position, percentile-normalized) + nflreadr::load_schedules","2026-09-04 19:52:15.600932","ri-schedule-weekly-2026.1","CURRENT"
2025,11,"DET","PHI","QB",-0.3103,0.344827586206897,"nflverse (nflreadr::load_player_stats fantasy_points_ppr allowed-by-position, percentile-normalized) + nflreadr::load_schedules","2026-09-04 19:52:15.600932","ri-schedule-weekly-2026.1","CURRENT"
2025,11,"DET","PHI","RB",0.1724,0.586206896551724,"nflverse (nflreadr::load_player_stats fantasy_points_ppr allowed-by-position, percentile-normalized) + nflreadr::load_schedules","2026-09-04 19:52:15.600932","ri-schedule-weekly-2026.1","CURRENT"
2025,11,"DET","PHI","TE",-1,0,"nflverse (nflreadr::load_player_stats fantasy_points_ppr allowed-by-position, percentile-normalized) + nflreadr::load_schedules","2026-09-04 19:52:15.600932","ri-schedule-weekly-2026.1","CURRENT"
2025,11,"DET","PHI","WR",0.0345,0.517241379310345,"nflverse (nflreadr::load_player_stats fantasy_points_ppr allowed-by-position, percentile-normalized) + nflreadr::load_schedules","2026-09-04 19:52:15.600932","ri-schedule-weekly-2026.1","CURRENT"
2025,11,"GB","NYG","QB",0.7931,0.896551724137931,"nflverse (nflreadr::load_player_stats fantasy_points_ppr allowed-by-position, percentile-normalized) + nflreadr::load_schedules","2026-09-04 19:52:15.600932","ri-schedule-weekly-2026.1","CURRENT"
2025,11,"GB","NYG","RB",-0.3103,0.344827586206897,"nflverse (nflreadr::load_player_stats fantasy_points_ppr allowed-by-position, percentile-normalized) + nflreadr::load_schedules","2026-09-04 19:52:15.600932","ri-schedule-weekly-2026.1","CURRENT"
2025,11,"GB","NYG","TE",-0.1034,0.448275862068966,"nflverse (nflreadr::load_player_stats fantasy_points_ppr allowed-by-position, percentile-normalized) + nflreadr::load_schedules","2026-09-04 19:52:15.600932","ri-schedule-weekly-2026.1","CURRENT"
2025,11,"GB","NYG","WR",0.7241,0.862068965517241,"nflverse (nflreadr::load_player_stats fantasy_points_ppr allowed-by-position, percentile-normalized) + nflreadr::load_schedules","2026-09-04 19:52:15.600932","ri-schedule-weekly-2026.1","CURRENT"
2025,11,"HOU","TEN","QB",0.3793,0.689655172413793,"nflverse (nflreadr::load_player_stats fantasy_points_ppr allowed-by-position, percentile-normalized) + nflreadr::load_schedules","2026-09-04 19:52:15.600932","ri-schedule-weekly-2026.1","CURRENT"
2025,11,"HOU","TEN","RB",-0.7931,0.103448275862069,"nflverse (nflreadr::load_player_stats fantasy_points_ppr allowed-by-position, percentile-normalized) + nflreadr::load_schedules","2026-09-04 19:52:15.600932","ri-schedule-weekly-2026.1","CURRENT"
2025,11,"HOU","TEN","TE",0.0345,0.517241379310345,"nflverse (nflreadr::load_player_stats fantasy_points_ppr allowed-by-position, percentile-normalized) + nflreadr::load_schedules","2026-09-04 19:52:15.600932","ri-schedule-weekly-2026.1","CURRENT"
2025,11,"HOU","TEN","WR",0.7931,0.896551724137931,"nflverse (nflreadr::load_player_stats fantasy_points_ppr allowed-by-position, percentile-normalized) + nflreadr::load_schedules","2026-09-04 19:52:15.600932","ri-schedule-weekly-2026.1","CURRENT"
2025,11,"JAX","LAC","QB",0.1724,0.586206896551724,"nflverse (nflreadr::load_player_stats fantasy_points_ppr allowed-by-position, percentile-normalized) + nflreadr::load_schedules","2026-09-04 19:52:15.600932","ri-schedule-weekly-2026.1","CURRENT"
2025,11,"JAX","LAC","RB",0.7241,0.862068965517241,"nflverse (nflreadr::load_player_stats fantasy_points_ppr allowed-by-position, percentile-normalized) + nflreadr::load_schedules","2026-09-04 19:52:15.600932","ri-schedule-weekly-2026.1","CURRENT"
2025,11,"JAX","LAC","TE",-0.4483,0.275862068965517,"nflverse (nflreadr::load_player_stats fantasy_points_ppr allowed-by-position, percentile-normalized) + nflreadr::load_schedules","2026-09-04 19:52:15.600932","ri-schedule-weekly-2026.1","CURRENT"
2025,11,"JAX","LAC","WR",0.2414,0.620689655172414,"nflverse (nflreadr::load_player_stats fantasy_points_ppr allowed-by-position, percentile-normalized) + nflreadr::load_schedules","2026-09-04 19:52:15.600932","ri-schedule-weekly-2026.1","CURRENT"
2025,11,"KC","DEN","QB",0.0345,0.517241379310345,"nflverse (nflreadr::load_player_stats fantasy_points_ppr allowed-by-position, percentile-normalized) + nflreadr::load_schedules","2026-09-04 19:52:15.600932","ri-schedule-weekly-2026.1","CURRENT"
2025,11,"KC","DEN","RB",-0.5172,0.241379310344828,"nflverse (nflreadr::load_player_stats fantasy_points_ppr allowed-by-position, percentile-normalized) + nflreadr::load_schedules","2026-09-04 19:52:15.600932","ri-schedule-weekly-2026.1","CURRENT"
2025,11,"KC","DEN","TE",0.931,0.96551724137931,"nflverse (nflreadr::load_player_stats fantasy_points_ppr allowed-by-position, percentile-normalized) + nflreadr::load_schedules","2026-09-04 19:52:15.600932","ri-schedule-weekly-2026.1","CURRENT"
2025,11,"KC","DEN","WR",0.3103,0.655172413793103,"nflverse (nflreadr::load_player_stats fantasy_points_ppr allowed-by-position, percentile-normalized) + nflreadr::load_schedules","2026-09-04 19:52:15.600932","ri-schedule-weekly-2026.1","CURRENT"
2025,11,"LA","SEA","QB",-0.0345,0.482758620689655,"nflverse (nflreadr::load_player_stats fantasy_points_ppr allowed-by-position, percentile-normalized) + nflreadr::load_schedules","2026-09-04 19:52:15.600932","ri-schedule-weekly-2026.1","CURRENT"
2025,11,"LA","SEA","RB",-0.3793,0.310344827586207,"nflverse (nflreadr::load_player_stats fantasy_points_ppr allowed-by-position, percentile-normalized) + nflreadr::load_schedules","2026-09-04 19:52:15.600932","ri-schedule-weekly-2026.1","CURRENT"
2025,11,"LA","SEA","TE",0.1724,0.586206896551724,"nflverse (nflreadr::load_player_stats fantasy_points_ppr allowed-by-position, percentile-normalized) + nflreadr::load_schedules","2026-09-04 19:52:15.600932","ri-schedule-weekly-2026.1","CURRENT"
2025,11,"LA","SEA","WR",-0.1034,0.448275862068966,"nflverse (nflreadr::load_player_stats fantasy_points_ppr allowed-by-position, percentile-normalized) + nflreadr::load_schedules","2026-09-04 19:52:15.600932","ri-schedule-weekly-2026.1","CURRENT"
2025,11,"LAC","JAX","QB",-0.7931,0.103448275862069,"nflverse (nflreadr::load_player_stats fantasy_points_ppr allowed-by-position, percentile-normalized) + nflreadr::load_schedules","2026-09-04 19:52:15.600932","ri-schedule-weekly-2026.1","CURRENT"
2025,11,"LAC","JAX","RB",-1,0,"nflverse (nflreadr::load_player_stats fantasy_points_ppr allowed-by-position, percentile-normalized) + nflreadr::load_schedules","2026-09-04 19:52:15.600932","ri-schedule-weekly-2026.1","CURRENT"
2025,11,"LAC","JAX","TE",-0.6552,0.172413793103448,"nflverse (nflreadr::load_player_stats fantasy_points_ppr allowed-by-position, percentile-normalized) + nflreadr::load_schedules","2026-09-04 19:52:15.600932","ri-schedule-weekly-2026.1","CURRENT"
2025,11,"LAC","JAX","WR",-0.6552,0.172413793103448,"nflverse (nflreadr::load_player_stats fantasy_points_ppr allowed-by-position, percentile-normalized) + nflreadr::load_schedules","2026-09-04 19:52:15.600932","ri-schedule-weekly-2026.1","CURRENT"
2025,11,"LV","DAL","QB",-0.1724,0.413793103448276,"nflverse (nflreadr::load_player_stats fantasy_points_ppr allowed-by-position, percentile-normalized) + nflreadr::load_schedules","2026-09-04 19:52:15.600932","ri-schedule-weekly-2026.1","CURRENT"
2025,11,"LV","DAL","RB",-0.7241,0.137931034482759,"nflverse (nflreadr::load_player_stats fantasy_points_ppr allowed-by-position, percentile-normalized) + nflreadr::load_schedules","2026-09-04 19:52:15.600932","ri-schedule-weekly-2026.1","CURRENT"
2025,11,"LV","DAL","TE",0.7931,0.896551724137931,"nflverse (nflreadr::load_player_stats fantasy_points_ppr allowed-by-position, percentile-normalized) + nflreadr::load_schedules","2026-09-04 19:52:15.600932","ri-schedule-weekly-2026.1","CURRENT"
2025,11,"LV","DAL","WR",-0.1724,0.413793103448276,"nflverse (nflreadr::load_player_stats fantasy_points_ppr allowed-by-position, percentile-normalized) + nflreadr::load_schedules","2026-09-04 19:52:15.600932","ri-schedule-weekly-2026.1","CURRENT"
2025,11,"MIA","WAS","QB",-0.6552,0.172413793103448,"nflverse (nflreadr::load_player_stats fantasy_points_ppr allowed-by-position, percentile-normalized) + nflreadr::load_schedules","2026-09-04 19:52:15.600932","ri-schedule-weekly-2026.1","CURRENT"
2025,11,"MIA","WAS","RB",0.4483,0.724137931034483,"nflverse (nflreadr::load_player_stats fantasy_points_ppr allowed-by-position, percentile-normalized) + nflreadr::load_schedules","2026-09-04 19:52:15.600932","ri-schedule-weekly-2026.1","CURRENT"
2025,11,"MIA","WAS","TE",-0.5862,0.206896551724138,"nflverse (nflreadr::load_player_stats fantasy_points_ppr allowed-by-position, percentile-normalized) + nflreadr::load_schedules","2026-09-04 19:52:15.600932","ri-schedule-weekly-2026.1","CURRENT"
2025,11,"MIA","WAS","WR",-0.7241,0.137931034482759,"nflverse (nflreadr::load_player_stats fantasy_points_ppr allowed-by-position, percentile-normalized) + nflreadr::load_schedules","2026-09-04 19:52:15.600932","ri-schedule-weekly-2026.1","CURRENT"
2025,11,"MIN","CHI","QB",-0.7241,0.137931034482759,"nflverse (nflreadr::load_player_stats fantasy_points_ppr allowed-by-position, percentile-normalized) + nflreadr::load_schedules","2026-09-04 19:52:15.600932","ri-schedule-weekly-2026.1","CURRENT"
2025,11,"MIN","CHI","RB",0.1034,0.551724137931034,"nflverse (nflreadr::load_player_stats fantasy_points_ppr allowed-by-position, percentile-normalized) + nflreadr::load_schedules","2026-09-04 19:52:15.600932","ri-schedule-weekly-2026.1","CURRENT"
2025,11,"MIN","CHI","TE",-0.3103,0.344827586206897,"nflverse (nflreadr::load_player_stats fantasy_points_ppr allowed-by-position, percentile-normalized) + nflreadr::load_schedules","2026-09-04 19:52:15.600932","ri-schedule-weekly-2026.1","CURRENT"
2025,11,"MIN","CHI","WR",-0.0345,0.482758620689655,"nflverse (nflreadr::load_player_stats fantasy_points_ppr allowed-by-position, percentile-normalized) + nflreadr::load_schedules","2026-09-04 19:52:15.600932","ri-schedule-weekly-2026.1","CURRENT"
2025,11,"NE","NYJ","QB",0.3103,0.655172413793103,"nflverse (nflreadr::load_player_stats fantasy_points_ppr allowed-by-position, percentile-normalized) + nflreadr::load_schedules","2026-09-04 19:52:15.600932","ri-schedule-weekly-2026.1","CURRENT"
2025,11,"NE","NYJ","RB",0.5172,0.758620689655172,"nflverse (nflreadr::load_player_stats fantasy_points_ppr allowed-by-position, percentile-normalized) + nflreadr::load_schedules","2026-09-04 19:52:15.600932","ri-schedule-weekly-2026.1","CURRENT"
2025,11,"NE","NYJ","TE",-0.2414,0.379310344827586,"nflverse (nflreadr::load_player_stats fantasy_points_ppr allowed-by-position, percentile-normalized) + nflreadr::load_schedules","2026-09-04 19:52:15.600932","ri-schedule-weekly-2026.1","CURRENT"
2025,11,"NE","NYJ","WR",0.6552,0.827586206896552,"nflverse (nflreadr::load_player_stats fantasy_points_ppr allowed-by-position, percentile-normalized) + nflreadr::load_schedules","2026-09-04 19:52:15.600932","ri-schedule-weekly-2026.1","CURRENT"
2025,11,"NYG","GB","QB",-0.3793,0.310344827586207,"nflverse (nflreadr::load_player_stats fantasy_points_ppr allowed-by-position, percentile-normalized) + nflreadr::load_schedules","2026-09-04 19:52:15.600932","ri-schedule-weekly-2026.1","CURRENT"
2025,11,"NYG","GB","RB",0.6552,0.827586206896552,"nflverse (nflreadr::load_player_stats fantasy_points_ppr allowed-by-position, percentile-normalized) + nflreadr::load_schedules","2026-09-04 19:52:15.600932","ri-schedule-weekly-2026.1","CURRENT"
2025,11,"NYG","GB","TE",-0.4483,0.275862068965517,"nflverse (nflreadr::load_player_stats fantasy_points_ppr allowed-by-position, percentile-normalized) + nflreadr::load_schedules","2026-09-04 19:52:15.600932","ri-schedule-weekly-2026.1","CURRENT"
2025,11,"NYG","GB","WR",-0.3103,0.344827586206897,"nflverse (nflreadr::load_player_stats fantasy_points_ppr allowed-by-position, percentile-normalized) + nflreadr::load_schedules","2026-09-04 19:52:15.600932","ri-schedule-weekly-2026.1","CURRENT"
2025,11,"NYJ","NE","QB",0.6552,0.827586206896552,"nflverse (nflreadr::load_player_stats fantasy_points_ppr allowed-by-position, percentile-normalized) + nflreadr::load_schedules","2026-09-04 19:52:15.600932","ri-schedule-weekly-2026.1","CURRENT"
2025,11,"NYJ","NE","RB",-0.8621,0.0689655172413793,"nflverse (nflreadr::load_player_stats fantasy_points_ppr allowed-by-position, percentile-normalized) + nflreadr::load_schedules","2026-09-04 19:52:15.600932","ri-schedule-weekly-2026.1","CURRENT"
2025,11,"NYJ","NE","TE",0.3103,0.655172413793103,"nflverse (nflreadr::load_player_stats fantasy_points_ppr allowed-by-position, percentile-normalized) + nflreadr::load_schedules","2026-09-04 19:52:15.600932","ri-schedule-weekly-2026.1","CURRENT"
2025,11,"NYJ","NE","WR",-0.5172,0.241379310344828,"nflverse (nflreadr::load_player_stats fantasy_points_ppr allowed-by-position, percentile-normalized) + nflreadr::load_schedules","2026-09-04 19:52:15.600932","ri-schedule-weekly-2026.1","CURRENT"
2025,11,"PHI","DET","QB",0.1034,0.551724137931034,"nflverse (nflreadr::load_player_stats fantasy_points_ppr allowed-by-position, percentile-normalized) + nflreadr::load_schedules","2026-09-04 19:52:15.600932","ri-schedule-weekly-2026.1","CURRENT"
2025,11,"PHI","DET","RB",-0.6552,0.172413793103448,"nflverse (nflreadr::load_player_stats fantasy_points_ppr allowed-by-position, percentile-normalized) + nflreadr::load_schedules","2026-09-04 19:52:15.600932","ri-schedule-weekly-2026.1","CURRENT"
2025,11,"PHI","DET","TE",-0.7241,0.137931034482759,"nflverse (nflreadr::load_player_stats fantasy_points_ppr allowed-by-position, percentile-normalized) + nflreadr::load_schedules","2026-09-04 19:52:15.600932","ri-schedule-weekly-2026.1","CURRENT"
2025,11,"PHI","DET","WR",-0.4483,0.275862068965517,"nflverse (nflreadr::load_player_stats fantasy_points_ppr allowed-by-position, percentile-normalized) + nflreadr::load_schedules","2026-09-04 19:52:15.600932","ri-schedule-weekly-2026.1","CURRENT"
2025,11,"PIT","CIN","QB",0.5172,0.758620689655172,"nflverse (nflreadr::load_player_stats fantasy_points_ppr allowed-by-position, percentile-normalized) + nflreadr::load_schedules","2026-09-04 19:52:15.600932","ri-schedule-weekly-2026.1","CURRENT"
2025,11,"PIT","CIN","RB",0.8621,0.931034482758621,"nflverse (nflreadr::load_player_stats fantasy_points_ppr allowed-by-position, percentile-normalized) + nflreadr::load_schedules","2026-09-04 19:52:15.600932","ri-schedule-weekly-2026.1","CURRENT"
2025,11,"PIT","CIN","TE",0.3793,0.689655172413793,"nflverse (nflreadr::load_player_stats fantasy_points_ppr allowed-by-position, percentile-normalized) + nflreadr::load_schedules","2026-09-04 19:52:15.600932","ri-schedule-weekly-2026.1","CURRENT"
2025,11,"PIT","CIN","WR",-0.8621,0.0689655172413793,"nflverse (nflreadr::load_player_stats fantasy_points_ppr allowed-by-position, percentile-normalized) + nflreadr::load_schedules","2026-09-04 19:52:15.600932","ri-schedule-weekly-2026.1","CURRENT"
2025,11,"SEA","LA","QB",-1,0,"nflverse (nflreadr::load_player_stats fantasy_points_ppr allowed-by-position, percentile-normalized) + nflreadr::load_schedules","2026-09-04 19:52:15.600932","ri-schedule-weekly-2026.1","CURRENT"
2025,11,"SEA","LA","RB",0.3103,0.655172413793103,"nflverse (nflreadr::load_player_stats fantasy_points_ppr allowed-by-position, percentile-normalized) + nflreadr::load_schedules","2026-09-04 19:52:15.600932","ri-schedule-weekly-2026.1","CURRENT"
2025,11,"SEA","LA","TE",0.5172,0.758620689655172,"nflverse (nflreadr::load_player_stats fantasy_points_ppr allowed-by-position, percentile-normalized) + nflreadr::load_schedules","2026-09-04 19:52:15.600932","ri-schedule-weekly-2026.1","CURRENT"
2025,11,"SEA","LA","WR",0.3793,0.689655172413793,"nflverse (nflreadr::load_player_stats fantasy_points_ppr allowed-by-position, percentile-normalized) + nflreadr::load_schedules","2026-09-04 19:52:15.600932","ri-schedule-weekly-2026.1","CURRENT"
2025,11,"SF","ARI","QB",0.5862,0.793103448275862,"nflverse (nflreadr::load_player_stats fantasy_points_ppr allowed-by-position, percentile-normalized) + nflreadr::load_schedules","2026-09-04 19:52:15.600932","ri-schedule-weekly-2026.1","CURRENT"
2025,11,"SF","ARI","RB",0.7931,0.896551724137931,"nflverse (nflreadr::load_player_stats fantasy_points_ppr allowed-by-position, percentile-normalized) + nflreadr::load_schedules","2026-09-04 19:52:15.600932","ri-schedule-weekly-2026.1","CURRENT"
2025,11,"SF","ARI","TE",0.8621,0.931034482758621,"nflverse (nflreadr::load_player_stats fantasy_points_ppr allowed-by-position, percentile-normalized) + nflreadr::load_schedules","2026-09-04 19:52:15.600932","ri-schedule-weekly-2026.1","CURRENT"
2025,11,"SF","ARI","WR",-1,0,"nflverse (nflreadr::load_player_stats fantasy_points_ppr allowed-by-position, percentile-normalized) + nflreadr::load_schedules","2026-09-04 19:52:15.600932","ri-schedule-weekly-2026.1","CURRENT"
2025,11,"TB","BUF","QB",0.4483,0.724137931034483,"nflverse (nflreadr::load_player_stats fantasy_points_ppr allowed-by-position, percentile-normalized) + nflreadr::load_schedules","2026-09-04 19:52:15.600932","ri-schedule-weekly-2026.1","CURRENT"
2025,11,"TB","BUF","RB",1,1,"nflverse (nflreadr::load_player_stats fantasy_points_ppr allowed-by-position, percentile-normalized) + nflreadr::load_schedules","2026-09-04 19:52:15.600932","ri-schedule-weekly-2026.1","CURRENT"
2025,11,"TB","BUF","TE",-0.7931,0.103448275862069,"nflverse (nflreadr::load_player_stats fantasy_points_ppr allowed-by-position, percentile-normalized) + nflreadr::load_schedules","2026-09-04 19:52:15.600932","ri-schedule-weekly-2026.1","CURRENT"
2025,11,"TB","BUF","WR",-0.3793,0.310344827586207,"nflverse (nflreadr::load_player_stats fantasy_points_ppr allowed-by-position, percentile-normalized) + nflreadr::load_schedules","2026-09-04 19:52:15.600932","ri-schedule-weekly-2026.1","CURRENT"
2025,11,"TEN","HOU","QB",-0.1034,0.448275862068966,"nflverse (nflreadr::load_player_stats fantasy_points_ppr allowed-by-position, percentile-normalized) + nflreadr::load_schedules","2026-09-04 19:52:15.600932","ri-schedule-weekly-2026.1","CURRENT"
2025,11,"TEN","HOU","RB",-0.5862,0.206896551724138,"nflverse (nflreadr::load_player_stats fantasy_points_ppr allowed-by-position, percentile-normalized) + nflreadr::load_schedules","2026-09-04 19:52:15.600932","ri-schedule-weekly-2026.1","CURRENT"
2025,11,"TEN","HOU","TE",0.4483,0.724137931034483,"nflverse (nflreadr::load_player_stats fantasy_points_ppr allowed-by-position, percentile-normalized) + nflreadr::load_schedules","2026-09-04 19:52:15.600932","ri-schedule-weekly-2026.1","CURRENT"
2025,11,"TEN","HOU","WR",-0.2414,0.379310344827586,"nflverse (nflreadr::load_player_stats fantasy_points_ppr allowed-by-position, percentile-normalized) + nflreadr::load_schedules","2026-09-04 19:52:15.600932","ri-schedule-weekly-2026.1","CURRENT"
2025,11,"WAS","MIA","QB",0.2414,0.620689655172414,"nflverse (nflreadr::load_player_stats fantasy_points_ppr allowed-by-position, percentile-normalized) + nflreadr::load_schedules","2026-09-04 19:52:15.600932","ri-schedule-weekly-2026.1","CURRENT"
2025,11,"WAS","MIA","RB",-0.2414,0.379310344827586,"nflverse (nflreadr::load_player_stats fantasy_points_ppr allowed-by-position, percentile-normalized) + nflreadr::load_schedules","2026-09-04 19:52:15.600932","ri-schedule-weekly-2026.1","CURRENT"
2025,11,"WAS","MIA","TE",-0.1034,0.448275862068966,"nflverse (nflreadr::load_player_stats fantasy_points_ppr allowed-by-position, percentile-normalized) + nflreadr::load_schedules","2026-09-04 19:52:15.600932","ri-schedule-weekly-2026.1","CURRENT"
2025,11,"WAS","MIA","WR",0.4483,0.724137931034483,"nflverse (nflreadr::load_player_stats fantasy_points_ppr allowed-by-position, percentile-normalized) + nflreadr::load_schedules","2026-09-04 19:52:15.600932","ri-schedule-weekly-2026.1","CURRENT"
2025,12,"ARI","JAX","QB",0.5556,0.777777777777778,"nflverse (nflreadr::load_player_stats fantasy_points_ppr allowed-by-position, percentile-normalized) + nflreadr::load_schedules","2026-09-04 19:52:15.600932","ri-schedule-weekly-2026.1","CURRENT"
2025,12,"ARI","JAX","RB",0.1852,0.592592592592593,"nflverse (nflreadr::load_player_stats fantasy_points_ppr allowed-by-position, percentile-normalized) + nflreadr::load_schedules","2026-09-04 19:52:15.600932","ri-schedule-weekly-2026.1","CURRENT"
2025,12,"ARI","JAX","TE",0.5556,0.777777777777778,"nflverse (nflreadr::load_player_stats fantasy_points_ppr allowed-by-position, percentile-normalized) + nflreadr::load_schedules","2026-09-04 19:52:15.600932","ri-schedule-weekly-2026.1","CURRENT"
2025,12,"ARI","JAX","WR",0.4815,0.740740740740741,"nflverse (nflreadr::load_player_stats fantasy_points_ppr allowed-by-position, percentile-normalized) + nflreadr::load_schedules","2026-09-04 19:52:15.600932","ri-schedule-weekly-2026.1","CURRENT"
2025,12,"ATL","NO","QB",-0.037,0.481481481481481,"nflverse (nflreadr::load_player_stats fantasy_points_ppr allowed-by-position, percentile-normalized) + nflreadr::load_schedules","2026-09-04 19:52:15.600932","ri-schedule-weekly-2026.1","CURRENT"
2025,12,"ATL","NO","RB",0.037,0.518518518518518,"nflverse (nflreadr::load_player_stats fantasy_points_ppr allowed-by-position, percentile-normalized) + nflreadr::load_schedules","2026-09-04 19:52:15.600932","ri-schedule-weekly-2026.1","CURRENT"
2025,12,"ATL","NO","TE",-0.1111,0.444444444444444,"nflverse (nflreadr::load_player_stats fantasy_points_ppr allowed-by-position, percentile-normalized) + nflreadr::load_schedules","2026-09-04 19:52:15.600932","ri-schedule-weekly-2026.1","CURRENT"
2025,12,"ATL","NO","WR",0.037,0.518518518518518,"nflverse (nflreadr::load_player_stats fantasy_points_ppr allowed-by-position, percentile-normalized) + nflreadr::load_schedules","2026-09-04 19:52:15.600932","ri-schedule-weekly-2026.1","CURRENT"
2025,12,"BAL","NYJ","QB",-0.8519,0.0740740740740741,"nflverse (nflreadr::load_player_stats fantasy_points_ppr allowed-by-position, percentile-normalized) + nflreadr::load_schedules","2026-09-04 19:52:15.600932","ri-schedule-weekly-2026.1","CURRENT"
2025,12,"BAL","NYJ","RB",0.4074,0.703703703703704,"nflverse (nflreadr::load_player_stats fantasy_points_ppr allowed-by-position, percentile-normalized) + nflreadr::load_schedules","2026-09-04 19:52:15.600932","ri-schedule-weekly-2026.1","CURRENT"
2025,12,"BAL","NYJ","TE",-0.8519,0.0740740740740741,"nflverse (nflreadr::load_player_stats fantasy_points_ppr allowed-by-position, percentile-normalized) + nflreadr::load_schedules","2026-09-04 19:52:15.600932","ri-schedule-weekly-2026.1","CURRENT"
2025,12,"BAL","NYJ","WR",-0.7778,0.111111111111111,"nflverse (nflreadr::load_player_stats fantasy_points_ppr allowed-by-position, percentile-normalized) + nflreadr::load_schedules","2026-09-04 19:52:15.600932","ri-schedule-weekly-2026.1","CURRENT"
2025,12,"BUF","HOU","QB",-0.4815,0.259259259259259,"nflverse (nflreadr::load_player_stats fantasy_points_ppr allowed-by-position, percentile-normalized) + nflreadr::load_schedules","2026-09-04 19:52:15.600932","ri-schedule-weekly-2026.1","CURRENT"
2025,12,"BUF","HOU","RB",0.9259,0.962962962962963,"nflverse (nflreadr::load_player_stats fantasy_points_ppr allowed-by-position, percentile-normalized) + nflreadr::load_schedules","2026-09-04 19:52:15.600932","ri-schedule-weekly-2026.1","CURRENT"
2025,12,"BUF","HOU","TE",-0.1852,0.407407407407407,"nflverse (nflreadr::load_player_stats fantasy_points_ppr allowed-by-position, percentile-normalized) + nflreadr::load_schedules","2026-09-04 19:52:15.600932","ri-schedule-weekly-2026.1","CURRENT"
2025,12,"BUF","HOU","WR",-0.4815,0.259259259259259,"nflverse (nflreadr::load_player_stats fantasy_points_ppr allowed-by-position, percentile-normalized) + nflreadr::load_schedules","2026-09-04 19:52:15.600932","ri-schedule-weekly-2026.1","CURRENT"
2025,12,"CAR","SF","QB",-0.4074,0.296296296296296,"nflverse (nflreadr::load_player_stats fantasy_points_ppr allowed-by-position, percentile-normalized) + nflreadr::load_schedules","2026-09-04 19:52:15.600932","ri-schedule-weekly-2026.1","CURRENT"
2025,12,"CAR","SF","RB",-0.037,0.481481481481481,"nflverse (nflreadr::load_player_stats fantasy_points_ppr allowed-by-position, percentile-normalized) + nflreadr::load_schedules","2026-09-04 19:52:15.600932","ri-schedule-weekly-2026.1","CURRENT"
2025,12,"CAR","SF","TE",-1,0,"nflverse (nflreadr::load_player_stats fantasy_points_ppr allowed-by-position, percentile-normalized) + nflreadr::load_schedules","2026-09-04 19:52:15.600932","ri-schedule-weekly-2026.1","CURRENT"
2025,12,"CAR","SF","WR",-0.4815,0.259259259259259,"nflverse (nflreadr::load_player_stats fantasy_points_ppr allowed-by-position, percentile-normalized) + nflreadr::load_schedules","2026-09-04 19:52:15.600932","ri-schedule-weekly-2026.1","CURRENT"
2025,12,"CHI","PIT","QB",0.6296,0.814814814814815,"nflverse (nflreadr::load_player_stats fantasy_points_ppr allowed-by-position, percentile-normalized) + nflreadr::load_schedules","2026-09-04 19:52:15.600932","ri-schedule-weekly-2026.1","CURRENT"
2025,12,"CHI","PIT","RB",-0.7037,0.148148148148148,"nflverse (nflreadr::load_player_stats fantasy_points_ppr allowed-by-position, percentile-normalized) + nflreadr::load_schedules","2026-09-04 19:52:15.600932","ri-schedule-weekly-2026.1","CURRENT"
2025,12,"CHI","PIT","TE",0.4074,0.703703703703704,"nflverse (nflreadr::load_player_stats fantasy_points_ppr allowed-by-position, percentile-normalized) + nflreadr::load_schedules","2026-09-04 19:52:15.600932","ri-schedule-weekly-2026.1","CURRENT"
2025,12,"CHI","PIT","WR",0.7037,0.851851851851852,"nflverse (nflreadr::load_player_stats fantasy_points_ppr allowed-by-position, percentile-normalized) + nflreadr::load_schedules","2026-09-04 19:52:15.600932","ri-schedule-weekly-2026.1","CURRENT"
2025,12,"CIN","NE","QB",-0.3333,0.333333333333333,"nflverse (nflreadr::load_player_stats fantasy_points_ppr allowed-by-position, percentile-normalized) + nflreadr::load_schedules","2026-09-04 19:52:15.600932","ri-schedule-weekly-2026.1","CURRENT"
2025,12,"CIN","NE","RB",-0.1852,0.407407407407407,"nflverse (nflreadr::load_player_stats fantasy_points_ppr allowed-by-position, percentile-normalized) + nflreadr::load_schedules","2026-09-04 19:52:15.600932","ri-schedule-weekly-2026.1","CURRENT"
2025,12,"CIN","NE","TE",0.037,0.518518518518518,"nflverse (nflreadr::load_player_stats fantasy_points_ppr allowed-by-position, percentile-normalized) + nflreadr::load_schedules","2026-09-04 19:52:15.600932","ri-schedule-weekly-2026.1","CURRENT"
2025,12,"CIN","NE","WR",-0.037,0.481481481481481,"nflverse (nflreadr::load_player_stats fantasy_points_ppr allowed-by-position, percentile-normalized) + nflreadr::load_schedules","2026-09-04 19:52:15.600932","ri-schedule-weekly-2026.1","CURRENT"
2025,12,"CLE","LV","QB",-0.2593,0.37037037037037,"nflverse (nflreadr::load_player_stats fantasy_points_ppr allowed-by-position, percentile-normalized) + nflreadr::load_schedules","2026-09-04 19:52:15.600932","ri-schedule-weekly-2026.1","CURRENT"
2025,12,"CLE","LV","RB",0.7778,0.888888888888889,"nflverse (nflreadr::load_player_stats fantasy_points_ppr allowed-by-position, percentile-normalized) + nflreadr::load_schedules","2026-09-04 19:52:15.600932","ri-schedule-weekly-2026.1","CURRENT"
2025,12,"CLE","LV","TE",-0.2593,0.37037037037037,"nflverse (nflreadr::load_player_stats fantasy_points_ppr allowed-by-position, percentile-normalized) + nflreadr::load_schedules","2026-09-04 19:52:15.600932","ri-schedule-weekly-2026.1","CURRENT"
2025,12,"CLE","LV","WR",-0.9259,0.037037037037037,"nflverse (nflreadr::load_player_stats fantasy_points_ppr allowed-by-position, percentile-normalized) + nflreadr::load_schedules","2026-09-04 19:52:15.600932","ri-schedule-weekly-2026.1","CURRENT"
2025,12,"DAL","PHI","QB",0.8519,0.925925925925926,"nflverse (nflreadr::load_player_stats fantasy_points_ppr allowed-by-position, percentile-normalized) + nflreadr::load_schedules","2026-09-04 19:52:15.600932","ri-schedule-weekly-2026.1","CURRENT"
2025,12,"DAL","PHI","RB",-0.1111,0.444444444444444,"nflverse (nflreadr::load_player_stats fantasy_points_ppr allowed-by-position, percentile-normalized) + nflreadr::load_schedules","2026-09-04 19:52:15.600932","ri-schedule-weekly-2026.1","CURRENT"
2025,12,"DAL","PHI","TE",0.5556,0.777777777777778,"nflverse (nflreadr::load_player_stats fantasy_points_ppr allowed-by-position, percentile-normalized) + nflreadr::load_schedules","2026-09-04 19:52:15.600932","ri-schedule-weekly-2026.1","CURRENT"
2025,12,"DAL","PHI","WR",0.8519,0.925925925925926,"nflverse (nflreadr::load_player_stats fantasy_points_ppr allowed-by-position, percentile-normalized) + nflreadr::load_schedules","2026-09-04 19:52:15.600932","ri-schedule-weekly-2026.1","CURRENT"
2025,12,"DET","NYG","QB",0.4074,0.703703703703704,"nflverse (nflreadr::load_player_stats fantasy_points_ppr allowed-by-position, percentile-normalized) + nflreadr::load_schedules","2026-09-04 19:52:15.600932","ri-schedule-weekly-2026.1","CURRENT"
2025,12,"DET","NYG","RB",1,1,"nflverse (nflreadr::load_player_stats fantasy_points_ppr allowed-by-position, percentile-normalized) + nflreadr::load_schedules","2026-09-04 19:52:15.600932","ri-schedule-weekly-2026.1","CURRENT"
2025,12,"DET","NYG","TE",-0.4815,0.259259259259259,"nflverse (nflreadr::load_player_stats fantasy_points_ppr allowed-by-position, percentile-normalized) + nflreadr::load_schedules","2026-09-04 19:52:15.600932","ri-schedule-weekly-2026.1","CURRENT"
2025,12,"DET","NYG","WR",0.3333,0.666666666666667,"nflverse (nflreadr::load_player_stats fantasy_points_ppr allowed-by-position, percentile-normalized) + nflreadr::load_schedules","2026-09-04 19:52:15.600932","ri-schedule-weekly-2026.1","CURRENT"
2025,12,"GB","MIN","QB",-0.6296,0.185185185185185,"nflverse (nflreadr::load_player_stats fantasy_points_ppr allowed-by-position, percentile-normalized) + nflreadr::load_schedules","2026-09-04 19:52:15.600932","ri-schedule-weekly-2026.1","CURRENT"
2025,12,"GB","MIN","RB",0.5556,0.777777777777778,"nflverse (nflreadr::load_player_stats fantasy_points_ppr allowed-by-position, percentile-normalized) + nflreadr::load_schedules","2026-09-04 19:52:15.600932","ri-schedule-weekly-2026.1","CURRENT"
2025,12,"GB","MIN","TE",-0.7778,0.111111111111111,"nflverse (nflreadr::load_player_stats fantasy_points_ppr allowed-by-position, percentile-normalized) + nflreadr::load_schedules","2026-09-04 19:52:15.600932","ri-schedule-weekly-2026.1","CURRENT"
2025,12,"GB","MIN","WR",-0.7037,0.148148148148148,"nflverse (nflreadr::load_player_stats fantasy_points_ppr allowed-by-position, percentile-normalized) + nflreadr::load_schedules","2026-09-04 19:52:15.600932","ri-schedule-weekly-2026.1","CURRENT"
2025,12,"HOU","BUF","QB",0.037,0.518518518518518,"nflverse (nflreadr::load_player_stats fantasy_points_ppr allowed-by-position, percentile-normalized) + nflreadr::load_schedules","2026-09-04 19:52:15.600932","ri-schedule-weekly-2026.1","CURRENT"
2025,12,"HOU","BUF","RB",-0.8519,0.0740740740740741,"nflverse (nflreadr::load_player_stats fantasy_points_ppr allowed-by-position, percentile-normalized) + nflreadr::load_schedules","2026-09-04 19:52:15.600932","ri-schedule-weekly-2026.1","CURRENT"
2025,12,"HOU","BUF","TE",-0.9259,0.037037037037037,"nflverse (nflreadr::load_player_stats fantasy_points_ppr allowed-by-position, percentile-normalized) + nflreadr::load_schedules","2026-09-04 19:52:15.600932","ri-schedule-weekly-2026.1","CURRENT"
2025,12,"HOU","BUF","WR",0.5556,0.777777777777778,"nflverse (nflreadr::load_player_stats fantasy_points_ppr allowed-by-position, percentile-normalized) + nflreadr::load_schedules","2026-09-04 19:52:15.600932","ri-schedule-weekly-2026.1","CURRENT"
2025,12,"IND","KC","QB",0.1852,0.592592592592593,"nflverse (nflreadr::load_player_stats fantasy_points_ppr allowed-by-position, percentile-normalized) + nflreadr::load_schedules","2026-09-04 19:52:15.600932","ri-schedule-weekly-2026.1","CURRENT"
2025,12,"IND","KC","RB",-0.9259,0.037037037037037,"nflverse (nflreadr::load_player_stats fantasy_points_ppr allowed-by-position, percentile-normalized) + nflreadr::load_schedules","2026-09-04 19:52:15.600932","ri-schedule-weekly-2026.1","CURRENT"
2025,12,"IND","KC","TE",0.7778,0.888888888888889,"nflverse (nflreadr::load_player_stats fantasy_points_ppr allowed-by-position, percentile-normalized) + nflreadr::load_schedules","2026-09-04 19:52:15.600932","ri-schedule-weekly-2026.1","CURRENT"
2025,12,"IND","KC","WR",-0.1852,0.407407407407407,"nflverse (nflreadr::load_player_stats fantasy_points_ppr allowed-by-position, percentile-normalized) + nflreadr::load_schedules","2026-09-04 19:52:15.600932","ri-schedule-weekly-2026.1","CURRENT"
2025,12,"JAX","ARI","QB",0.3333,0.666666666666667,"nflverse (nflreadr::load_player_stats fantasy_points_ppr allowed-by-position, percentile-normalized) + nflreadr::load_schedules","2026-09-04 19:52:15.600932","ri-schedule-weekly-2026.1","CURRENT"
2025,12,"JAX","ARI","RB",0.2593,0.62962962962963,"nflverse (nflreadr::load_player_stats fantasy_points_ppr allowed-by-position, percentile-normalized) + nflreadr::load_schedules","2026-09-04 19:52:15.600932","ri-schedule-weekly-2026.1","CURRENT"
2025,12,"JAX","ARI","TE",0.3333,0.666666666666667,"nflverse (nflreadr::load_player_stats fantasy_points_ppr allowed-by-position, percentile-normalized) + nflreadr::load_schedules","2026-09-04 19:52:15.600932","ri-schedule-weekly-2026.1","CURRENT"
2025,12,"JAX","ARI","WR",0.1852,0.592592592592593,"nflverse (nflreadr::load_player_stats fantasy_points_ppr allowed-by-position, percentile-normalized) + nflreadr::load_schedules","2026-09-04 19:52:15.600932","ri-schedule-weekly-2026.1","CURRENT"
2025,12,"KC","IND","QB",0.2593,0.62962962962963,"nflverse (nflreadr::load_player_stats fantasy_points_ppr allowed-by-position, percentile-normalized) + nflreadr::load_schedules","2026-09-04 19:52:15.600932","ri-schedule-weekly-2026.1","CURRENT"
2025,12,"KC","IND","RB",0.6296,0.814814814814815,"nflverse (nflreadr::load_player_stats fantasy_points_ppr allowed-by-position, percentile-normalized) + nflreadr::load_schedules","2026-09-04 19:52:15.600932","ri-schedule-weekly-2026.1","CURRENT"
2025,12,"KC","IND","TE",0.1111,0.555555555555556,"nflverse (nflreadr::load_player_stats fantasy_points_ppr allowed-by-position, percentile-normalized) + nflreadr::load_schedules","2026-09-04 19:52:15.600932","ri-schedule-weekly-2026.1","CURRENT"
2025,12,"KC","IND","WR",0.4074,0.703703703703704,"nflverse (nflreadr::load_player_stats fantasy_points_ppr allowed-by-position, percentile-normalized) + nflreadr::load_schedules","2026-09-04 19:52:15.600932","ri-schedule-weekly-2026.1","CURRENT"
2025,12,"LA","TB","QB",0.7037,0.851851851851852,"nflverse (nflreadr::load_player_stats fantasy_points_ppr allowed-by-position, percentile-normalized) + nflreadr::load_schedules","2026-09-04 19:52:15.600932","ri-schedule-weekly-2026.1","CURRENT"
2025,12,"LA","TB","RB",-1,0,"nflverse (nflreadr::load_player_stats fantasy_points_ppr allowed-by-position, percentile-normalized) + nflreadr::load_schedules","2026-09-04 19:52:15.600932","ri-schedule-weekly-2026.1","CURRENT"
2025,12,"LA","TB","TE",0.7037,0.851851851851852,"nflverse (nflreadr::load_player_stats fantasy_points_ppr allowed-by-position, percentile-normalized) + nflreadr::load_schedules","2026-09-04 19:52:15.600932","ri-schedule-weekly-2026.1","CURRENT"
2025,12,"LA","TB","WR",0.9259,0.962962962962963,"nflverse (nflreadr::load_player_stats fantasy_points_ppr allowed-by-position, percentile-normalized) + nflreadr::load_schedules","2026-09-04 19:52:15.600932","ri-schedule-weekly-2026.1","CURRENT"
2025,12,"LV","CLE","QB",-0.1111,0.444444444444444,"nflverse (nflreadr::load_player_stats fantasy_points_ppr allowed-by-position, percentile-normalized) + nflreadr::load_schedules","2026-09-04 19:52:15.600932","ri-schedule-weekly-2026.1","CURRENT"
2025,12,"LV","CLE","RB",0.4815,0.740740740740741,"nflverse (nflreadr::load_player_stats fantasy_points_ppr allowed-by-position, percentile-normalized) + nflreadr::load_schedules","2026-09-04 19:52:15.600932","ri-schedule-weekly-2026.1","CURRENT"
2025,12,"LV","CLE","TE",0.9259,0.962962962962963,"nflverse (nflreadr::load_player_stats fantasy_points_ppr allowed-by-position, percentile-normalized) + nflreadr::load_schedules","2026-09-04 19:52:15.600932","ri-schedule-weekly-2026.1","CURRENT"
2025,12,"LV","CLE","WR",-0.8519,0.0740740740740741,"nflverse (nflreadr::load_player_stats fantasy_points_ppr allowed-by-position, percentile-normalized) + nflreadr::load_schedules","2026-09-04 19:52:15.600932","ri-schedule-weekly-2026.1","CURRENT"
2025,12,"MIN","GB","QB",-1,0,"nflverse (nflreadr::load_player_stats fantasy_points_ppr allowed-by-position, percentile-normalized) + nflreadr::load_schedules","2026-09-04 19:52:15.600932","ri-schedule-weekly-2026.1","CURRENT"
2025,12,"MIN","GB","RB",-0.6296,0.185185185185185,"nflverse (nflreadr::load_player_stats fantasy_points_ppr allowed-by-position, percentile-normalized) + nflreadr::load_schedules","2026-09-04 19:52:15.600932","ri-schedule-weekly-2026.1","CURRENT"
2025,12,"MIN","GB","TE",-0.3333,0.333333333333333,"nflverse (nflreadr::load_player_stats fantasy_points_ppr allowed-by-position, percentile-normalized) + nflreadr::load_schedules","2026-09-04 19:52:15.600932","ri-schedule-weekly-2026.1","CURRENT"
2025,12,"MIN","GB","WR",-1,0,"nflverse (nflreadr::load_player_stats fantasy_points_ppr allowed-by-position, percentile-normalized) + nflreadr::load_schedules","2026-09-04 19:52:15.600932","ri-schedule-weekly-2026.1","CURRENT"
2025,12,"NE","CIN","QB",0.1111,0.555555555555556,"nflverse (nflreadr::load_player_stats fantasy_points_ppr allowed-by-position, percentile-normalized) + nflreadr::load_schedules","2026-09-04 19:52:15.600932","ri-schedule-weekly-2026.1","CURRENT"
2025,12,"NE","CIN","RB",-0.5556,0.222222222222222,"nflverse (nflreadr::load_player_stats fantasy_points_ppr allowed-by-position, percentile-normalized) + nflreadr::load_schedules","2026-09-04 19:52:15.600932","ri-schedule-weekly-2026.1","CURRENT"
2025,12,"NE","CIN","TE",1,1,"nflverse (nflreadr::load_player_stats fantasy_points_ppr allowed-by-position, percentile-normalized) + nflreadr::load_schedules","2026-09-04 19:52:15.600932","ri-schedule-weekly-2026.1","CURRENT"
2025,12,"NE","CIN","WR",-0.5556,0.222222222222222,"nflverse (nflreadr::load_player_stats fantasy_points_ppr allowed-by-position, percentile-normalized) + nflreadr::load_schedules","2026-09-04 19:52:15.600932","ri-schedule-weekly-2026.1","CURRENT"
2025,12,"NO","ATL","QB",-0.5556,0.222222222222222,"nflverse (nflreadr::load_player_stats fantasy_points_ppr allowed-by-position, percentile-normalized) + nflreadr::load_schedules","2026-09-04 19:52:15.600932","ri-schedule-weekly-2026.1","CURRENT"
2025,12,"NO","ATL","RB",-0.3333,0.333333333333333,"nflverse (nflreadr::load_player_stats fantasy_points_ppr allowed-by-position, percentile-normalized) + nflreadr::load_schedules","2026-09-04 19:52:15.600932","ri-schedule-weekly-2026.1","CURRENT"
2025,12,"NO","ATL","TE",0.1852,0.592592592592593,"nflverse (nflreadr::load_player_stats fantasy_points_ppr allowed-by-position, percentile-normalized) + nflreadr::load_schedules","2026-09-04 19:52:15.600932","ri-schedule-weekly-2026.1","CURRENT"
2025,12,"NO","ATL","WR",0.1111,0.555555555555556,"nflverse (nflreadr::load_player_stats fantasy_points_ppr allowed-by-position, percentile-normalized) + nflreadr::load_schedules","2026-09-04 19:52:15.600932","ri-schedule-weekly-2026.1","CURRENT"
2025,12,"NYG","DET","QB",1,1,"nflverse (nflreadr::load_player_stats fantasy_points_ppr allowed-by-position, percentile-normalized) + nflreadr::load_schedules","2026-09-04 19:52:15.600932","ri-schedule-weekly-2026.1","CURRENT"
2025,12,"NYG","DET","RB",0.1111,0.555555555555556,"nflverse (nflreadr::load_player_stats fantasy_points_ppr allowed-by-position, percentile-normalized) + nflreadr::load_schedules","2026-09-04 19:52:15.600932","ri-schedule-weekly-2026.1","CURRENT"
2025,12,"NYG","DET","TE",-0.037,0.481481481481481,"nflverse (nflreadr::load_player_stats fantasy_points_ppr allowed-by-position, percentile-normalized) + nflreadr::load_schedules","2026-09-04 19:52:15.600932","ri-schedule-weekly-2026.1","CURRENT"
2025,12,"NYG","DET","WR",1,1,"nflverse (nflreadr::load_player_stats fantasy_points_ppr allowed-by-position, percentile-normalized) + nflreadr::load_schedules","2026-09-04 19:52:15.600932","ri-schedule-weekly-2026.1","CURRENT"
2025,12,"NYJ","BAL","QB",-0.1852,0.407407407407407,"nflverse (nflreadr::load_player_stats fantasy_points_ppr allowed-by-position, percentile-normalized) + nflreadr::load_schedules","2026-09-04 19:52:15.600932","ri-schedule-weekly-2026.1","CURRENT"
2025,12,"NYJ","BAL","RB",-0.4074,0.296296296296296,"nflverse (nflreadr::load_player_stats fantasy_points_ppr allowed-by-position, percentile-normalized) + nflreadr::load_schedules","2026-09-04 19:52:15.600932","ri-schedule-weekly-2026.1","CURRENT"
2025,12,"NYJ","BAL","TE",-0.7037,0.148148148148148,"nflverse (nflreadr::load_player_stats fantasy_points_ppr allowed-by-position, percentile-normalized) + nflreadr::load_schedules","2026-09-04 19:52:15.600932","ri-schedule-weekly-2026.1","CURRENT"
2025,12,"NYJ","BAL","WR",-0.1111,0.444444444444444,"nflverse (nflreadr::load_player_stats fantasy_points_ppr allowed-by-position, percentile-normalized) + nflreadr::load_schedules","2026-09-04 19:52:15.600932","ri-schedule-weekly-2026.1","CURRENT"
2025,12,"PHI","DAL","QB",0.9259,0.962962962962963,"nflverse (nflreadr::load_player_stats fantasy_points_ppr allowed-by-position, percentile-normalized) + nflreadr::load_schedules","2026-09-04 19:52:15.600932","ri-schedule-weekly-2026.1","CURRENT"
2025,12,"PHI","DAL","RB",-0.4815,0.259259259259259,"nflverse (nflreadr::load_player_stats fantasy_points_ppr allowed-by-position, percentile-normalized) + nflreadr::load_schedules","2026-09-04 19:52:15.600932","ri-schedule-weekly-2026.1","CURRENT"
2025,12,"PHI","DAL","TE",-0.5556,0.222222222222222,"nflverse (nflreadr::load_player_stats fantasy_points_ppr allowed-by-position, percentile-normalized) + nflreadr::load_schedules","2026-09-04 19:52:15.600932","ri-schedule-weekly-2026.1","CURRENT"
2025,12,"PHI","DAL","WR",0.7778,0.888888888888889,"nflverse (nflreadr::load_player_stats fantasy_points_ppr allowed-by-position, percentile-normalized) + nflreadr::load_schedules","2026-09-04 19:52:15.600932","ri-schedule-weekly-2026.1","CURRENT"
2025,12,"PIT","CHI","QB",-0.7037,0.148148148148148,"nflverse (nflreadr::load_player_stats fantasy_points_ppr allowed-by-position, percentile-normalized) + nflreadr::load_schedules","2026-09-04 19:52:15.600932","ri-schedule-weekly-2026.1","CURRENT"
2025,12,"PIT","CHI","RB",0.7037,0.851851851851852,"nflverse (nflreadr::load_player_stats fantasy_points_ppr allowed-by-position, percentile-normalized) + nflreadr::load_schedules","2026-09-04 19:52:15.600932","ri-schedule-weekly-2026.1","CURRENT"
2025,12,"PIT","CHI","TE",0.8519,0.925925925925926,"nflverse (nflreadr::load_player_stats fantasy_points_ppr allowed-by-position, percentile-normalized) + nflreadr::load_schedules","2026-09-04 19:52:15.600932","ri-schedule-weekly-2026.1","CURRENT"
2025,12,"PIT","CHI","WR",-0.3333,0.333333333333333,"nflverse (nflreadr::load_player_stats fantasy_points_ppr allowed-by-position, percentile-normalized) + nflreadr::load_schedules","2026-09-04 19:52:15.600932","ri-schedule-weekly-2026.1","CURRENT"
2025,12,"SEA","TEN","QB",0.4815,0.740740740740741,"nflverse (nflreadr::load_player_stats fantasy_points_ppr allowed-by-position, percentile-normalized) + nflreadr::load_schedules","2026-09-04 19:52:15.600932","ri-schedule-weekly-2026.1","CURRENT"
2025,12,"SEA","TEN","RB",0.3333,0.666666666666667,"nflverse (nflreadr::load_player_stats fantasy_points_ppr allowed-by-position, percentile-normalized) + nflreadr::load_schedules","2026-09-04 19:52:15.600932","ri-schedule-weekly-2026.1","CURRENT"
2025,12,"SEA","TEN","TE",-0.6296,0.185185185185185,"nflverse (nflreadr::load_player_stats fantasy_points_ppr allowed-by-position, percentile-normalized) + nflreadr::load_schedules","2026-09-04 19:52:15.600932","ri-schedule-weekly-2026.1","CURRENT"
2025,12,"SEA","TEN","WR",0.6296,0.814814814814815,"nflverse (nflreadr::load_player_stats fantasy_points_ppr allowed-by-position, percentile-normalized) + nflreadr::load_schedules","2026-09-04 19:52:15.600932","ri-schedule-weekly-2026.1","CURRENT"
2025,12,"SF","CAR","QB",-0.7778,0.111111111111111,"nflverse (nflreadr::load_player_stats fantasy_points_ppr allowed-by-position, percentile-normalized) + nflreadr::load_schedules","2026-09-04 19:52:15.600932","ri-schedule-weekly-2026.1","CURRENT"
2025,12,"SF","CAR","RB",0.7778,0.888888888888889,"nflverse (nflreadr::load_player_stats fantasy_points_ppr allowed-by-position, percentile-normalized) + nflreadr::load_schedules","2026-09-04 19:52:15.600932","ri-schedule-weekly-2026.1","CURRENT"
2025,12,"SF","CAR","TE",0.2593,0.62962962962963,"nflverse (nflreadr::load_player_stats fantasy_points_ppr allowed-by-position, percentile-normalized) + nflreadr::load_schedules","2026-09-04 19:52:15.600932","ri-schedule-weekly-2026.1","CURRENT"
2025,12,"SF","CAR","WR",-0.6296,0.185185185185185,"nflverse (nflreadr::load_player_stats fantasy_points_ppr allowed-by-position, percentile-normalized) + nflreadr::load_schedules","2026-09-04 19:52:15.600932","ri-schedule-weekly-2026.1","CURRENT"
2025,12,"TB","LA","QB",-0.9259,0.037037037037037,"nflverse (nflreadr::load_player_stats fantasy_points_ppr allowed-by-position, percentile-normalized) + nflreadr::load_schedules","2026-09-04 19:52:15.600932","ri-schedule-weekly-2026.1","CURRENT"
2025,12,"TB","LA","RB",-0.7778,0.111111111111111,"nflverse (nflreadr::load_player_stats fantasy_points_ppr allowed-by-position, percentile-normalized) + nflreadr::load_schedules","2026-09-04 19:52:15.600932","ri-schedule-weekly-2026.1","CURRENT"
2025,12,"TB","LA","TE",-0.4074,0.296296296296296,"nflverse (nflreadr::load_player_stats fantasy_points_ppr allowed-by-position, percentile-normalized) + nflreadr::load_schedules","2026-09-04 19:52:15.600932","ri-schedule-weekly-2026.1","CURRENT"
2025,12,"TB","LA","WR",-0.2593,0.37037037037037,"nflverse (nflreadr::load_player_stats fantasy_points_ppr allowed-by-position, percentile-normalized) + nflreadr::load_schedules","2026-09-04 19:52:15.600932","ri-schedule-weekly-2026.1","CURRENT"
2025,12,"TEN","SEA","QB",0.7778,0.888888888888889,"nflverse (nflreadr::load_player_stats fantasy_points_ppr allowed-by-position, percentile-normalized) + nflreadr::load_schedules","2026-09-04 19:52:15.600932","ri-schedule-weekly-2026.1","CURRENT"
2025,12,"TEN","SEA","RB",-0.2593,0.37037037037037,"nflverse (nflreadr::load_player_stats fantasy_points_ppr allowed-by-position, percentile-normalized) + nflreadr::load_schedules","2026-09-04 19:52:15.600932","ri-schedule-weekly-2026.1","CURRENT"
2025,12,"TEN","SEA","TE",0.4815,0.740740740740741,"nflverse (nflreadr::load_player_stats fantasy_points_ppr allowed-by-position, percentile-normalized) + nflreadr::load_schedules","2026-09-04 19:52:15.600932","ri-schedule-weekly-2026.1","CURRENT"
2025,12,"TEN","SEA","WR",0.2593,0.62962962962963,"nflverse (nflreadr::load_player_stats fantasy_points_ppr allowed-by-position, percentile-normalized) + nflreadr::load_schedules","2026-09-04 19:52:15.600932","ri-schedule-weekly-2026.1","CURRENT"
2025,13,"ARI","TB","QB",0.4194,0.709677419354839,"nflverse (nflreadr::load_player_stats fantasy_points_ppr allowed-by-position, percentile-normalized) + nflreadr::load_schedules","2026-09-04 19:52:15.600932","ri-schedule-weekly-2026.1","CURRENT"
2025,13,"ARI","TB","RB",0.5484,0.774193548387097,"nflverse (nflreadr::load_player_stats fantasy_points_ppr allowed-by-position, percentile-normalized) + nflreadr::load_schedules","2026-09-04 19:52:15.600932","ri-schedule-weekly-2026.1","CURRENT"
2025,13,"ARI","TB","TE",1,1,"nflverse (nflreadr::load_player_stats fantasy_points_ppr allowed-by-position, percentile-normalized) + nflreadr::load_schedules","2026-09-04 19:52:15.600932","ri-schedule-weekly-2026.1","CURRENT"
2025,13,"ARI","TB","WR",-0.1613,0.419354838709677,"nflverse (nflreadr::load_player_stats fantasy_points_ppr allowed-by-position, percentile-normalized) + nflreadr::load_schedules","2026-09-04 19:52:15.600932","ri-schedule-weekly-2026.1","CURRENT"
2025,13,"ATL","NYJ","QB",-0.2903,0.354838709677419,"nflverse (nflreadr::load_player_stats fantasy_points_ppr allowed-by-position, percentile-normalized) + nflreadr::load_schedules","2026-09-04 19:52:15.600932","ri-schedule-weekly-2026.1","CURRENT"
2025,13,"ATL","NYJ","RB",1,1,"nflverse (nflreadr::load_player_stats fantasy_points_ppr allowed-by-position, percentile-normalized) + nflreadr::load_schedules","2026-09-04 19:52:15.600932","ri-schedule-weekly-2026.1","CURRENT"
2025,13,"ATL","NYJ","TE",0.2903,0.645161290322581,"nflverse (nflreadr::load_player_stats fantasy_points_ppr allowed-by-position, percentile-normalized) + nflreadr::load_schedules","2026-09-04 19:52:15.600932","ri-schedule-weekly-2026.1","CURRENT"
2025,13,"ATL","NYJ","WR",-0.2903,0.354838709677419,"nflverse (nflreadr::load_player_stats fantasy_points_ppr allowed-by-position, percentile-normalized) + nflreadr::load_schedules","2026-09-04 19:52:15.600932","ri-schedule-weekly-2026.1","CURRENT"
2025,13,"BAL","CIN","QB",-0.6774,0.161290322580645,"nflverse (nflreadr::load_player_stats fantasy_points_ppr allowed-by-position, percentile-normalized) + nflreadr::load_schedules","2026-09-04 19:52:15.600932","ri-schedule-weekly-2026.1","CURRENT"
2025,13,"BAL","CIN","RB",0.6774,0.838709677419355,"nflverse (nflreadr::load_player_stats fantasy_points_ppr allowed-by-position, percentile-normalized) + nflreadr::load_schedules","2026-09-04 19:52:15.600932","ri-schedule-weekly-2026.1","CURRENT"
2025,13,"BAL","CIN","TE",0.8065,0.903225806451613,"nflverse (nflreadr::load_player_stats fantasy_points_ppr allowed-by-position, percentile-normalized) + nflreadr::load_schedules","2026-09-04 19:52:15.600932","ri-schedule-weekly-2026.1","CURRENT"
2025,13,"BAL","CIN","WR",-1,0,"nflverse (nflreadr::load_player_stats fantasy_points_ppr allowed-by-position, percentile-normalized) + nflreadr::load_schedules","2026-09-04 19:52:15.600932","ri-schedule-weekly-2026.1","CURRENT"
2025,13,"BUF","PIT","QB",0.1613,0.580645161290323,"nflverse (nflreadr::load_player_stats fantasy_points_ppr allowed-by-position, percentile-normalized) + nflreadr::load_schedules","2026-09-04 19:52:15.600932","ri-schedule-weekly-2026.1","CURRENT"
2025,13,"BUF","PIT","RB",0.7419,0.870967741935484,"nflverse (nflreadr::load_player_stats fantasy_points_ppr allowed-by-position, percentile-normalized) + nflreadr::load_schedules","2026-09-04 19:52:15.600932","ri-schedule-weekly-2026.1","CURRENT"
2025,13,"BUF","PIT","TE",-0.4194,0.290322580645161,"nflverse (nflreadr::load_player_stats fantasy_points_ppr allowed-by-position, percentile-normalized) + nflreadr::load_schedules","2026-09-04 19:52:15.600932","ri-schedule-weekly-2026.1","CURRENT"
2025,13,"BUF","PIT","WR",-0.6774,0.161290322580645,"nflverse (nflreadr::load_player_stats fantasy_points_ppr allowed-by-position, percentile-normalized) + nflreadr::load_schedules","2026-09-04 19:52:15.600932","ri-schedule-weekly-2026.1","CURRENT"
2025,13,"CAR","LA","QB",0.8065,0.903225806451613,"nflverse (nflreadr::load_player_stats fantasy_points_ppr allowed-by-position, percentile-normalized) + nflreadr::load_schedules","2026-09-04 19:52:15.600932","ri-schedule-weekly-2026.1","CURRENT"
2025,13,"CAR","LA","RB",0.8065,0.903225806451613,"nflverse (nflreadr::load_player_stats fantasy_points_ppr allowed-by-position, percentile-normalized) + nflreadr::load_schedules","2026-09-04 19:52:15.600932","ri-schedule-weekly-2026.1","CURRENT"
2025,13,"CAR","LA","TE",-0.6129,0.193548387096774,"nflverse (nflreadr::load_player_stats fantasy_points_ppr allowed-by-position, percentile-normalized) + nflreadr::load_schedules","2026-09-04 19:52:15.600932","ri-schedule-weekly-2026.1","CURRENT"
2025,13,"CAR","LA","WR",0.0323,0.516129032258065,"nflverse (nflreadr::load_player_stats fantasy_points_ppr allowed-by-position, percentile-normalized) + nflreadr::load_schedules","2026-09-04 19:52:15.600932","ri-schedule-weekly-2026.1","CURRENT"
2025,13,"CHI","PHI","QB",-0.5484,0.225806451612903,"nflverse (nflreadr::load_player_stats fantasy_points_ppr allowed-by-position, percentile-normalized) + nflreadr::load_schedules","2026-09-04 19:52:15.600932","ri-schedule-weekly-2026.1","CURRENT"
2025,13,"CHI","PHI","RB",0.9355,0.967741935483871,"nflverse (nflreadr::load_player_stats fantasy_points_ppr allowed-by-position, percentile-normalized) + nflreadr::load_schedules","2026-09-04 19:52:15.600932","ri-schedule-weekly-2026.1","CURRENT"
2025,13,"CHI","PHI","TE",0.6774,0.838709677419355,"nflverse (nflreadr::load_player_stats fantasy_points_ppr allowed-by-position, percentile-normalized) + nflreadr::load_schedules","2026-09-04 19:52:15.600932","ri-schedule-weekly-2026.1","CURRENT"
2025,13,"CHI","PHI","WR",-0.3548,0.32258064516129,"nflverse (nflreadr::load_player_stats fantasy_points_ppr allowed-by-position, percentile-normalized) + nflreadr::load_schedules","2026-09-04 19:52:15.600932","ri-schedule-weekly-2026.1","CURRENT"
2025,13,"CIN","BAL","QB",0.3548,0.67741935483871,"nflverse (nflreadr::load_player_stats fantasy_points_ppr allowed-by-position, percentile-normalized) + nflreadr::load_schedules","2026-09-04 19:52:15.600932","ri-schedule-weekly-2026.1","CURRENT"
2025,13,"CIN","BAL","RB",0.2903,0.645161290322581,"nflverse (nflreadr::load_player_stats fantasy_points_ppr allowed-by-position, percentile-normalized) + nflreadr::load_schedules","2026-09-04 19:52:15.600932","ri-schedule-weekly-2026.1","CURRENT"
2025,13,"CIN","BAL","TE",0.4839,0.741935483870968,"nflverse (nflreadr::load_player_stats fantasy_points_ppr allowed-by-position, percentile-normalized) + nflreadr::load_schedules","2026-09-04 19:52:15.600932","ri-schedule-weekly-2026.1","CURRENT"
2025,13,"CIN","BAL","WR",0.2258,0.612903225806452,"nflverse (nflreadr::load_player_stats fantasy_points_ppr allowed-by-position, percentile-normalized) + nflreadr::load_schedules","2026-09-04 19:52:15.600932","ri-schedule-weekly-2026.1","CURRENT"
2025,13,"CLE","SF","QB",-0.4839,0.258064516129032,"nflverse (nflreadr::load_player_stats fantasy_points_ppr allowed-by-position, percentile-normalized) + nflreadr::load_schedules","2026-09-04 19:52:15.600932","ri-schedule-weekly-2026.1","CURRENT"
2025,13,"CLE","SF","RB",0.1613,0.580645161290323,"nflverse (nflreadr::load_player_stats fantasy_points_ppr allowed-by-position, percentile-normalized) + nflreadr::load_schedules","2026-09-04 19:52:15.600932","ri-schedule-weekly-2026.1","CURRENT"
2025,13,"CLE","SF","TE",0.1613,0.580645161290323,"nflverse (nflreadr::load_player_stats fantasy_points_ppr allowed-by-position, percentile-normalized) + nflreadr::load_schedules","2026-09-04 19:52:15.600932","ri-schedule-weekly-2026.1","CURRENT"
2025,13,"CLE","SF","WR",-0.6129,0.193548387096774,"nflverse (nflreadr::load_player_stats fantasy_points_ppr allowed-by-position, percentile-normalized) + nflreadr::load_schedules","2026-09-04 19:52:15.600932","ri-schedule-weekly-2026.1","CURRENT"
2025,13,"DAL","KC","QB",0.5484,0.774193548387097,"nflverse (nflreadr::load_player_stats fantasy_points_ppr allowed-by-position, percentile-normalized) + nflreadr::load_schedules","2026-09-04 19:52:15.600932","ri-schedule-weekly-2026.1","CURRENT"
2025,13,"DAL","KC","RB",0.4839,0.741935483870968,"nflverse (nflreadr::load_player_stats fantasy_points_ppr allowed-by-position, percentile-normalized) + nflreadr::load_schedules","2026-09-04 19:52:15.600932","ri-schedule-weekly-2026.1","CURRENT"
2025,13,"DAL","KC","TE",-0.2258,0.387096774193548,"nflverse (nflreadr::load_player_stats fantasy_points_ppr allowed-by-position, percentile-normalized) + nflreadr::load_schedules","2026-09-04 19:52:15.600932","ri-schedule-weekly-2026.1","CURRENT"
2025,13,"DAL","KC","WR",0.9355,0.967741935483871,"nflverse (nflreadr::load_player_stats fantasy_points_ppr allowed-by-position, percentile-normalized) + nflreadr::load_schedules","2026-09-04 19:52:15.600932","ri-schedule-weekly-2026.1","CURRENT"
2025,13,"DEN","WAS","QB",0.0968,0.548387096774194,"nflverse (nflreadr::load_player_stats fantasy_points_ppr allowed-by-position, percentile-normalized) + nflreadr::load_schedules","2026-09-04 19:52:15.600932","ri-schedule-weekly-2026.1","CURRENT"
2025,13,"DEN","WAS","RB",0.6129,0.806451612903226,"nflverse (nflreadr::load_player_stats fantasy_points_ppr allowed-by-position, percentile-normalized) + nflreadr::load_schedules","2026-09-04 19:52:15.600932","ri-schedule-weekly-2026.1","CURRENT"
2025,13,"DEN","WAS","TE",0.7419,0.870967741935484,"nflverse (nflreadr::load_player_stats fantasy_points_ppr allowed-by-position, percentile-normalized) + nflreadr::load_schedules","2026-09-04 19:52:15.600932","ri-schedule-weekly-2026.1","CURRENT"
2025,13,"DEN","WAS","WR",0.2903,0.645161290322581,"nflverse (nflreadr::load_player_stats fantasy_points_ppr allowed-by-position, percentile-normalized) + nflreadr::load_schedules","2026-09-04 19:52:15.600932","ri-schedule-weekly-2026.1","CURRENT"
2025,13,"DET","GB","QB",0.6129,0.806451612903226,"nflverse (nflreadr::load_player_stats fantasy_points_ppr allowed-by-position, percentile-normalized) + nflreadr::load_schedules","2026-09-04 19:52:15.600932","ri-schedule-weekly-2026.1","CURRENT"
2025,13,"DET","GB","RB",0.3548,0.67741935483871,"nflverse (nflreadr::load_player_stats fantasy_points_ppr allowed-by-position, percentile-normalized) + nflreadr::load_schedules","2026-09-04 19:52:15.600932","ri-schedule-weekly-2026.1","CURRENT"
2025,13,"DET","GB","TE",-1,0,"nflverse (nflreadr::load_player_stats fantasy_points_ppr allowed-by-position, percentile-normalized) + nflreadr::load_schedules","2026-09-04 19:52:15.600932","ri-schedule-weekly-2026.1","CURRENT"
2025,13,"DET","GB","WR",0.6774,0.838709677419355,"nflverse (nflreadr::load_player_stats fantasy_points_ppr allowed-by-position, percentile-normalized) + nflreadr::load_schedules","2026-09-04 19:52:15.600932","ri-schedule-weekly-2026.1","CURRENT"
2025,13,"GB","DET","QB",0.9355,0.967741935483871,"nflverse (nflreadr::load_player_stats fantasy_points_ppr allowed-by-position, percentile-normalized) + nflreadr::load_schedules","2026-09-04 19:52:15.600932","ri-schedule-weekly-2026.1","CURRENT"
2025,13,"GB","DET","RB",-0.5484,0.225806451612903,"nflverse (nflreadr::load_player_stats fantasy_points_ppr allowed-by-position, percentile-normalized) + nflreadr::load_schedules","2026-09-04 19:52:15.600932","ri-schedule-weekly-2026.1","CURRENT"
2025,13,"GB","DET","TE",-0.9355,0.032258064516129,"nflverse (nflreadr::load_player_stats fantasy_points_ppr allowed-by-position, percentile-normalized) + nflreadr::load_schedules","2026-09-04 19:52:15.600932","ri-schedule-weekly-2026.1","CURRENT"
2025,13,"GB","DET","WR",1,1,"nflverse (nflreadr::load_player_stats fantasy_points_ppr allowed-by-position, percentile-normalized) + nflreadr::load_schedules","2026-09-04 19:52:15.600932","ri-schedule-weekly-2026.1","CURRENT"
2025,13,"HOU","IND","QB",-0.6129,0.193548387096774,"nflverse (nflreadr::load_player_stats fantasy_points_ppr allowed-by-position, percentile-normalized) + nflreadr::load_schedules","2026-09-04 19:52:15.600932","ri-schedule-weekly-2026.1","CURRENT"
2025,13,"HOU","IND","RB",-0.3548,0.32258064516129,"nflverse (nflreadr::load_player_stats fantasy_points_ppr allowed-by-position, percentile-normalized) + nflreadr::load_schedules","2026-09-04 19:52:15.600932","ri-schedule-weekly-2026.1","CURRENT"
2025,13,"HOU","IND","TE",0.5484,0.774193548387097,"nflverse (nflreadr::load_player_stats fantasy_points_ppr allowed-by-position, percentile-normalized) + nflreadr::load_schedules","2026-09-04 19:52:15.600932","ri-schedule-weekly-2026.1","CURRENT"
2025,13,"HOU","IND","WR",0.4194,0.709677419354839,"nflverse (nflreadr::load_player_stats fantasy_points_ppr allowed-by-position, percentile-normalized) + nflreadr::load_schedules","2026-09-04 19:52:15.600932","ri-schedule-weekly-2026.1","CURRENT"
2025,13,"IND","HOU","QB",-0.0323,0.483870967741935,"nflverse (nflreadr::load_player_stats fantasy_points_ppr allowed-by-position, percentile-normalized) + nflreadr::load_schedules","2026-09-04 19:52:15.600932","ri-schedule-weekly-2026.1","CURRENT"
2025,13,"IND","HOU","RB",-0.4839,0.258064516129032,"nflverse (nflreadr::load_player_stats fantasy_points_ppr allowed-by-position, percentile-normalized) + nflreadr::load_schedules","2026-09-04 19:52:15.600932","ri-schedule-weekly-2026.1","CURRENT"
2025,13,"IND","HOU","TE",0.0968,0.548387096774194,"nflverse (nflreadr::load_player_stats fantasy_points_ppr allowed-by-position, percentile-normalized) + nflreadr::load_schedules","2026-09-04 19:52:15.600932","ri-schedule-weekly-2026.1","CURRENT"
2025,13,"IND","HOU","WR",-0.0323,0.483870967741935,"nflverse (nflreadr::load_player_stats fantasy_points_ppr allowed-by-position, percentile-normalized) + nflreadr::load_schedules","2026-09-04 19:52:15.600932","ri-schedule-weekly-2026.1","CURRENT"
2025,13,"JAX","TEN","QB",0.7419,0.870967741935484,"nflverse (nflreadr::load_player_stats fantasy_points_ppr allowed-by-position, percentile-normalized) + nflreadr::load_schedules","2026-09-04 19:52:15.600932","ri-schedule-weekly-2026.1","CURRENT"
2025,13,"JAX","TEN","RB",-0.6774,0.161290322580645,"nflverse (nflreadr::load_player_stats fantasy_points_ppr allowed-by-position, percentile-normalized) + nflreadr::load_schedules","2026-09-04 19:52:15.600932","ri-schedule-weekly-2026.1","CURRENT"
2025,13,"JAX","TEN","TE",0.4194,0.709677419354839,"nflverse (nflreadr::load_player_stats fantasy_points_ppr allowed-by-position, percentile-normalized) + nflreadr::load_schedules","2026-09-04 19:52:15.600932","ri-schedule-weekly-2026.1","CURRENT"
2025,13,"JAX","TEN","WR",0.0968,0.548387096774194,"nflverse (nflreadr::load_player_stats fantasy_points_ppr allowed-by-position, percentile-normalized) + nflreadr::load_schedules","2026-09-04 19:52:15.600932","ri-schedule-weekly-2026.1","CURRENT"
2025,13,"KC","DAL","QB",1,1,"nflverse (nflreadr::load_player_stats fantasy_points_ppr allowed-by-position, percentile-normalized) + nflreadr::load_schedules","2026-09-04 19:52:15.600932","ri-schedule-weekly-2026.1","CURRENT"
2025,13,"KC","DAL","RB",-0.6129,0.193548387096774,"nflverse (nflreadr::load_player_stats fantasy_points_ppr allowed-by-position, percentile-normalized) + nflreadr::load_schedules","2026-09-04 19:52:15.600932","ri-schedule-weekly-2026.1","CURRENT"
2025,13,"KC","DAL","TE",0.6129,0.806451612903226,"nflverse (nflreadr::load_player_stats fantasy_points_ppr allowed-by-position, percentile-normalized) + nflreadr::load_schedules","2026-09-04 19:52:15.600932","ri-schedule-weekly-2026.1","CURRENT"
2025,13,"KC","DAL","WR",0.871,0.935483870967742,"nflverse (nflreadr::load_player_stats fantasy_points_ppr allowed-by-position, percentile-normalized) + nflreadr::load_schedules","2026-09-04 19:52:15.600932","ri-schedule-weekly-2026.1","CURRENT"
2025,13,"LA","CAR","QB",-0.4194,0.290322580645161,"nflverse (nflreadr::load_player_stats fantasy_points_ppr allowed-by-position, percentile-normalized) + nflreadr::load_schedules","2026-09-04 19:52:15.600932","ri-schedule-weekly-2026.1","CURRENT"
2025,13,"LA","CAR","RB",0.4194,0.709677419354839,"nflverse (nflreadr::load_player_stats fantasy_points_ppr allowed-by-position, percentile-normalized) + nflreadr::load_schedules","2026-09-04 19:52:15.600932","ri-schedule-weekly-2026.1","CURRENT"
2025,13,"LA","CAR","TE",-0.3548,0.32258064516129,"nflverse (nflreadr::load_player_stats fantasy_points_ppr allowed-by-position, percentile-normalized) + nflreadr::load_schedules","2026-09-04 19:52:15.600932","ri-schedule-weekly-2026.1","CURRENT"
2025,13,"LA","CAR","WR",0.7419,0.870967741935484,"nflverse (nflreadr::load_player_stats fantasy_points_ppr allowed-by-position, percentile-normalized) + nflreadr::load_schedules","2026-09-04 19:52:15.600932","ri-schedule-weekly-2026.1","CURRENT"
2025,13,"LAC","LV","QB",-0.1613,0.419354838709677,"nflverse (nflreadr::load_player_stats fantasy_points_ppr allowed-by-position, percentile-normalized) + nflreadr::load_schedules","2026-09-04 19:52:15.600932","ri-schedule-weekly-2026.1","CURRENT"
2025,13,"LAC","LV","RB",0.871,0.935483870967742,"nflverse (nflreadr::load_player_stats fantasy_points_ppr allowed-by-position, percentile-normalized) + nflreadr::load_schedules","2026-09-04 19:52:15.600932","ri-schedule-weekly-2026.1","CURRENT"
2025,13,"LAC","LV","TE",-0.871,0.0645161290322581,"nflverse (nflreadr::load_player_stats fantasy_points_ppr allowed-by-position, percentile-normalized) + nflreadr::load_schedules","2026-09-04 19:52:15.600932","ri-schedule-weekly-2026.1","CURRENT"
2025,13,"LAC","LV","WR",0.3548,0.67741935483871,"nflverse (nflreadr::load_player_stats fantasy_points_ppr allowed-by-position, percentile-normalized) + nflreadr::load_schedules","2026-09-04 19:52:15.600932","ri-schedule-weekly-2026.1","CURRENT"
2025,13,"LV","LAC","QB",-0.3548,0.32258064516129,"nflverse (nflreadr::load_player_stats fantasy_points_ppr allowed-by-position, percentile-normalized) + nflreadr::load_schedules","2026-09-04 19:52:15.600932","ri-schedule-weekly-2026.1","CURRENT"
2025,13,"LV","LAC","RB",-0.871,0.0645161290322581,"nflverse (nflreadr::load_player_stats fantasy_points_ppr allowed-by-position, percentile-normalized) + nflreadr::load_schedules","2026-09-04 19:52:15.600932","ri-schedule-weekly-2026.1","CURRENT"
2025,13,"LV","LAC","TE",0.871,0.935483870967742,"nflverse (nflreadr::load_player_stats fantasy_points_ppr allowed-by-position, percentile-normalized) + nflreadr::load_schedules","2026-09-04 19:52:15.600932","ri-schedule-weekly-2026.1","CURRENT"
2025,13,"LV","LAC","WR",-0.7419,0.129032258064516,"nflverse (nflreadr::load_player_stats fantasy_points_ppr allowed-by-position, percentile-normalized) + nflreadr::load_schedules","2026-09-04 19:52:15.600932","ri-schedule-weekly-2026.1","CURRENT"
2025,13,"MIA","NO","QB",-0.8065,0.0967741935483871,"nflverse (nflreadr::load_player_stats fantasy_points_ppr allowed-by-position, percentile-normalized) + nflreadr::load_schedules","2026-09-04 19:52:15.600932","ri-schedule-weekly-2026.1","CURRENT"
2025,13,"MIA","NO","RB",-0.0968,0.451612903225806,"nflverse (nflreadr::load_player_stats fantasy_points_ppr allowed-by-position, percentile-normalized) + nflreadr::load_schedules","2026-09-04 19:52:15.600932","ri-schedule-weekly-2026.1","CURRENT"
2025,13,"MIA","NO","TE",-0.0968,0.451612903225806,"nflverse (nflreadr::load_player_stats fantasy_points_ppr allowed-by-position, percentile-normalized) + nflreadr::load_schedules","2026-09-04 19:52:15.600932","ri-schedule-weekly-2026.1","CURRENT"
2025,13,"MIA","NO","WR",-0.4839,0.258064516129032,"nflverse (nflreadr::load_player_stats fantasy_points_ppr allowed-by-position, percentile-normalized) + nflreadr::load_schedules","2026-09-04 19:52:15.600932","ri-schedule-weekly-2026.1","CURRENT"
2025,13,"MIN","SEA","QB",-1,0,"nflverse (nflreadr::load_player_stats fantasy_points_ppr allowed-by-position, percentile-normalized) + nflreadr::load_schedules","2026-09-04 19:52:15.600932","ri-schedule-weekly-2026.1","CURRENT"
2025,13,"MIN","SEA","RB",-0.8065,0.0967741935483871,"nflverse (nflreadr::load_player_stats fantasy_points_ppr allowed-by-position, percentile-normalized) + nflreadr::load_schedules","2026-09-04 19:52:15.600932","ri-schedule-weekly-2026.1","CURRENT"
2025,13,"MIN","SEA","TE",0.0323,0.516129032258065,"nflverse (nflreadr::load_player_stats fantasy_points_ppr allowed-by-position, percentile-normalized) + nflreadr::load_schedules","2026-09-04 19:52:15.600932","ri-schedule-weekly-2026.1","CURRENT"
2025,13,"MIN","SEA","WR",-0.871,0.0645161290322581,"nflverse (nflreadr::load_player_stats fantasy_points_ppr allowed-by-position, percentile-normalized) + nflreadr::load_schedules","2026-09-04 19:52:15.600932","ri-schedule-weekly-2026.1","CURRENT"
2025,13,"NE","NYG","QB",0.4839,0.741935483870968,"nflverse (nflreadr::load_player_stats fantasy_points_ppr allowed-by-position, percentile-normalized) + nflreadr::load_schedules","2026-09-04 19:52:15.600932","ri-schedule-weekly-2026.1","CURRENT"
2025,13,"NE","NYG","RB",0.0968,0.548387096774194,"nflverse (nflreadr::load_player_stats fantasy_points_ppr allowed-by-position, percentile-normalized) + nflreadr::load_schedules","2026-09-04 19:52:15.600932","ri-schedule-weekly-2026.1","CURRENT"
2025,13,"NE","NYG","TE",-0.0323,0.483870967741935,"nflverse (nflreadr::load_player_stats fantasy_points_ppr allowed-by-position, percentile-normalized) + nflreadr::load_schedules","2026-09-04 19:52:15.600932","ri-schedule-weekly-2026.1","CURRENT"
2025,13,"NE","NYG","WR",0.4839,0.741935483870968,"nflverse (nflreadr::load_player_stats fantasy_points_ppr allowed-by-position, percentile-normalized) + nflreadr::load_schedules","2026-09-04 19:52:15.600932","ri-schedule-weekly-2026.1","CURRENT"
2025,13,"NO","MIA","QB",0.2903,0.645161290322581,"nflverse (nflreadr::load_player_stats fantasy_points_ppr allowed-by-position, percentile-normalized) + nflreadr::load_schedules","2026-09-04 19:52:15.600932","ri-schedule-weekly-2026.1","CURRENT"
2025,13,"NO","MIA","RB",-0.9355,0.032258064516129,"nflverse (nflreadr::load_player_stats fantasy_points_ppr allowed-by-position, percentile-normalized) + nflreadr::load_schedules","2026-09-04 19:52:15.600932","ri-schedule-weekly-2026.1","CURRENT"
2025,13,"NO","MIA","TE",0.2258,0.612903225806452,"nflverse (nflreadr::load_player_stats fantasy_points_ppr allowed-by-position, percentile-normalized) + nflreadr::load_schedules","2026-09-04 19:52:15.600932","ri-schedule-weekly-2026.1","CURRENT"
2025,13,"NO","MIA","WR",0.6129,0.806451612903226,"nflverse (nflreadr::load_player_stats fantasy_points_ppr allowed-by-position, percentile-normalized) + nflreadr::load_schedules","2026-09-04 19:52:15.600932","ri-schedule-weekly-2026.1","CURRENT"
2025,13,"NYG","NE","QB",-0.2258,0.387096774193548,"nflverse (nflreadr::load_player_stats fantasy_points_ppr allowed-by-position, percentile-normalized) + nflreadr::load_schedules","2026-09-04 19:52:15.600932","ri-schedule-weekly-2026.1","CURRENT"
2025,13,"NYG","NE","RB",0.2258,0.612903225806452,"nflverse (nflreadr::load_player_stats fantasy_points_ppr allowed-by-position, percentile-normalized) + nflreadr::load_schedules","2026-09-04 19:52:15.600932","ri-schedule-weekly-2026.1","CURRENT"
2025,13,"NYG","NE","TE",-0.6774,0.161290322580645,"nflverse (nflreadr::load_player_stats fantasy_points_ppr allowed-by-position, percentile-normalized) + nflreadr::load_schedules","2026-09-04 19:52:15.600932","ri-schedule-weekly-2026.1","CURRENT"
2025,13,"NYG","NE","WR",-0.0968,0.451612903225806,"nflverse (nflreadr::load_player_stats fantasy_points_ppr allowed-by-position, percentile-normalized) + nflreadr::load_schedules","2026-09-04 19:52:15.600932","ri-schedule-weekly-2026.1","CURRENT"
2025,13,"NYJ","ATL","QB",0.6774,0.838709677419355,"nflverse (nflreadr::load_player_stats fantasy_points_ppr allowed-by-position, percentile-normalized) + nflreadr::load_schedules","2026-09-04 19:52:15.600932","ri-schedule-weekly-2026.1","CURRENT"
2025,13,"NYJ","ATL","RB",-0.4194,0.290322580645161,"nflverse (nflreadr::load_player_stats fantasy_points_ppr allowed-by-position, percentile-normalized) + nflreadr::load_schedules","2026-09-04 19:52:15.600932","ri-schedule-weekly-2026.1","CURRENT"
2025,13,"NYJ","ATL","TE",-0.5484,0.225806451612903,"nflverse (nflreadr::load_player_stats fantasy_points_ppr allowed-by-position, percentile-normalized) + nflreadr::load_schedules","2026-09-04 19:52:15.600932","ri-schedule-weekly-2026.1","CURRENT"
2025,13,"NYJ","ATL","WR",0.1613,0.580645161290323,"nflverse (nflreadr::load_player_stats fantasy_points_ppr allowed-by-position, percentile-normalized) + nflreadr::load_schedules","2026-09-04 19:52:15.600932","ri-schedule-weekly-2026.1","CURRENT"
2025,13,"PHI","CHI","QB",0.0323,0.516129032258065,"nflverse (nflreadr::load_player_stats fantasy_points_ppr allowed-by-position, percentile-normalized) + nflreadr::load_schedules","2026-09-04 19:52:15.600932","ri-schedule-weekly-2026.1","CURRENT"
2025,13,"PHI","CHI","RB",-1,0,"nflverse (nflreadr::load_player_stats fantasy_points_ppr allowed-by-position, percentile-normalized) + nflreadr::load_schedules","2026-09-04 19:52:15.600932","ri-schedule-weekly-2026.1","CURRENT"
2025,13,"PHI","CHI","TE",-0.8065,0.0967741935483871,"nflverse (nflreadr::load_player_stats fantasy_points_ppr allowed-by-position, percentile-normalized) + nflreadr::load_schedules","2026-09-04 19:52:15.600932","ri-schedule-weekly-2026.1","CURRENT"
2025,13,"PHI","CHI","WR",0.8065,0.903225806451613,"nflverse (nflreadr::load_player_stats fantasy_points_ppr allowed-by-position, percentile-normalized) + nflreadr::load_schedules","2026-09-04 19:52:15.600932","ri-schedule-weekly-2026.1","CURRENT"
2025,13,"PIT","BUF","QB",-0.9355,0.032258064516129,"nflverse (nflreadr::load_player_stats fantasy_points_ppr allowed-by-position, percentile-normalized) + nflreadr::load_schedules","2026-09-04 19:52:15.600932","ri-schedule-weekly-2026.1","CURRENT"
2025,13,"PIT","BUF","RB",-0.2258,0.387096774193548,"nflverse (nflreadr::load_player_stats fantasy_points_ppr allowed-by-position, percentile-normalized) + nflreadr::load_schedules","2026-09-04 19:52:15.600932","ri-schedule-weekly-2026.1","CURRENT"
2025,13,"PIT","BUF","TE",-0.3548,0.32258064516129,"nflverse (nflreadr::load_player_stats fantasy_points_ppr allowed-by-position, percentile-normalized) + nflreadr::load_schedules","2026-09-04 19:52:15.600932","ri-schedule-weekly-2026.1","CURRENT"
2025,13,"PIT","BUF","WR",-0.9355,0.032258064516129,"nflverse (nflreadr::load_player_stats fantasy_points_ppr allowed-by-position, percentile-normalized) + nflreadr::load_schedules","2026-09-04 19:52:15.600932","ri-schedule-weekly-2026.1","CURRENT"
2025,13,"SEA","MIN","QB",-0.871,0.0645161290322581,"nflverse (nflreadr::load_player_stats fantasy_points_ppr allowed-by-position, percentile-normalized) + nflreadr::load_schedules","2026-09-04 19:52:15.600932","ri-schedule-weekly-2026.1","CURRENT"
2025,13,"SEA","MIN","RB",0.0323,0.516129032258065,"nflverse (nflreadr::load_player_stats fantasy_points_ppr allowed-by-position, percentile-normalized) + nflreadr::load_schedules","2026-09-04 19:52:15.600932","ri-schedule-weekly-2026.1","CURRENT"
2025,13,"SEA","MIN","TE",-0.4839,0.258064516129032,"nflverse (nflreadr::load_player_stats fantasy_points_ppr allowed-by-position, percentile-normalized) + nflreadr::load_schedules","2026-09-04 19:52:15.600932","ri-schedule-weekly-2026.1","CURRENT"
2025,13,"SEA","MIN","WR",-0.5484,0.225806451612903,"nflverse (nflreadr::load_player_stats fantasy_points_ppr allowed-by-position, percentile-normalized) + nflreadr::load_schedules","2026-09-04 19:52:15.600932","ri-schedule-weekly-2026.1","CURRENT"
2025,13,"SF","CLE","QB",0.2258,0.612903225806452,"nflverse (nflreadr::load_player_stats fantasy_points_ppr allowed-by-position, percentile-normalized) + nflreadr::load_schedules","2026-09-04 19:52:15.600932","ri-schedule-weekly-2026.1","CURRENT"
2025,13,"SF","CLE","RB",-0.1613,0.419354838709677,"nflverse (nflreadr::load_player_stats fantasy_points_ppr allowed-by-position, percentile-normalized) + nflreadr::load_schedules","2026-09-04 19:52:15.600932","ri-schedule-weekly-2026.1","CURRENT"
2025,13,"SF","CLE","TE",-0.1613,0.419354838709677,"nflverse (nflreadr::load_player_stats fantasy_points_ppr allowed-by-position, percentile-normalized) + nflreadr::load_schedules","2026-09-04 19:52:15.600932","ri-schedule-weekly-2026.1","CURRENT"
2025,13,"SF","CLE","WR",-0.4194,0.290322580645161,"nflverse (nflreadr::load_player_stats fantasy_points_ppr allowed-by-position, percentile-normalized) + nflreadr::load_schedules","2026-09-04 19:52:15.600932","ri-schedule-weekly-2026.1","CURRENT"
2025,13,"TB","ARI","QB",-0.0968,0.451612903225806,"nflverse (nflreadr::load_player_stats fantasy_points_ppr allowed-by-position, percentile-normalized) + nflreadr::load_schedules","2026-09-04 19:52:15.600932","ri-schedule-weekly-2026.1","CURRENT"
2025,13,"TB","ARI","RB",-0.0968,0.451612903225806,"nflverse (nflreadr::load_player_stats fantasy_points_ppr allowed-by-position, percentile-normalized) + nflreadr::load_schedules","2026-09-04 19:52:15.600932","ri-schedule-weekly-2026.1","CURRENT"
2025,13,"TB","ARI","TE",-0.7419,0.129032258064516,"nflverse (nflreadr::load_player_stats fantasy_points_ppr allowed-by-position, percentile-normalized) + nflreadr::load_schedules","2026-09-04 19:52:15.600932","ri-schedule-weekly-2026.1","CURRENT"
2025,13,"TB","ARI","WR",-0.2258,0.387096774193548,"nflverse (nflreadr::load_player_stats fantasy_points_ppr allowed-by-position, percentile-normalized) + nflreadr::load_schedules","2026-09-04 19:52:15.600932","ri-schedule-weekly-2026.1","CURRENT"
2025,13,"TEN","JAX","QB",-0.7419,0.129032258064516,"nflverse (nflreadr::load_player_stats fantasy_points_ppr allowed-by-position, percentile-normalized) + nflreadr::load_schedules","2026-09-04 19:52:15.600932","ri-schedule-weekly-2026.1","CURRENT"
2025,13,"TEN","JAX","RB",-0.7419,0.129032258064516,"nflverse (nflreadr::load_player_stats fantasy_points_ppr allowed-by-position, percentile-normalized) + nflreadr::load_schedules","2026-09-04 19:52:15.600932","ri-schedule-weekly-2026.1","CURRENT"
2025,13,"TEN","JAX","TE",0.2903,0.645161290322581,"nflverse (nflreadr::load_player_stats fantasy_points_ppr allowed-by-position, percentile-normalized) + nflreadr::load_schedules","2026-09-04 19:52:15.600932","ri-schedule-weekly-2026.1","CURRENT"
2025,13,"TEN","JAX","WR",-0.8065,0.0967741935483871,"nflverse (nflreadr::load_player_stats fantasy_points_ppr allowed-by-position, percentile-normalized) + nflreadr::load_schedules","2026-09-04 19:52:15.600932","ri-schedule-weekly-2026.1","CURRENT"
2025,13,"WAS","DEN","QB",0.871,0.935483870967742,"nflverse (nflreadr::load_player_stats fantasy_points_ppr allowed-by-position, percentile-normalized) + nflreadr::load_schedules","2026-09-04 19:52:15.600932","ri-schedule-weekly-2026.1","CURRENT"
2025,13,"WAS","DEN","RB",-0.3548,0.32258064516129,"nflverse (nflreadr::load_player_stats fantasy_points_ppr allowed-by-position, percentile-normalized) + nflreadr::load_schedules","2026-09-04 19:52:15.600932","ri-schedule-weekly-2026.1","CURRENT"
2025,13,"WAS","DEN","TE",0.9355,0.967741935483871,"nflverse (nflreadr::load_player_stats fantasy_points_ppr allowed-by-position, percentile-normalized) + nflreadr::load_schedules","2026-09-04 19:52:15.600932","ri-schedule-weekly-2026.1","CURRENT"
2025,13,"WAS","DEN","WR",0.5484,0.774193548387097,"nflverse (nflreadr::load_player_stats fantasy_points_ppr allowed-by-position, percentile-normalized) + nflreadr::load_schedules","2026-09-04 19:52:15.600932","ri-schedule-weekly-2026.1","CURRENT"
2025,14,"ARI","LA","QB",0.1852,0.592592592592593,"nflverse (nflreadr::load_player_stats fantasy_points_ppr allowed-by-position, percentile-normalized) + nflreadr::load_schedules","2026-09-04 19:52:15.600932","ri-schedule-weekly-2026.1","CURRENT"
2025,14,"ARI","LA","RB",-0.7778,0.111111111111111,"nflverse (nflreadr::load_player_stats fantasy_points_ppr allowed-by-position, percentile-normalized) + nflreadr::load_schedules","2026-09-04 19:52:15.600932","ri-schedule-weekly-2026.1","CURRENT"
2025,14,"ARI","LA","TE",0.1111,0.555555555555556,"nflverse (nflreadr::load_player_stats fantasy_points_ppr allowed-by-position, percentile-normalized) + nflreadr::load_schedules","2026-09-04 19:52:15.600932","ri-schedule-weekly-2026.1","CURRENT"
2025,14,"ARI","LA","WR",0.6296,0.814814814814815,"nflverse (nflreadr::load_player_stats fantasy_points_ppr allowed-by-position, percentile-normalized) + nflreadr::load_schedules","2026-09-04 19:52:15.600932","ri-schedule-weekly-2026.1","CURRENT"
2025,14,"ATL","SEA","QB",-0.7778,0.111111111111111,"nflverse (nflreadr::load_player_stats fantasy_points_ppr allowed-by-position, percentile-normalized) + nflreadr::load_schedules","2026-09-04 19:52:15.600932","ri-schedule-weekly-2026.1","CURRENT"
2025,14,"ATL","SEA","RB",-0.3333,0.333333333333333,"nflverse (nflreadr::load_player_stats fantasy_points_ppr allowed-by-position, percentile-normalized) + nflreadr::load_schedules","2026-09-04 19:52:15.600932","ri-schedule-weekly-2026.1","CURRENT"
2025,14,"ATL","SEA","TE",0.3333,0.666666666666667,"nflverse (nflreadr::load_player_stats fantasy_points_ppr allowed-by-position, percentile-normalized) + nflreadr::load_schedules","2026-09-04 19:52:15.600932","ri-schedule-weekly-2026.1","CURRENT"
2025,14,"ATL","SEA","WR",-1,0,"nflverse (nflreadr::load_player_stats fantasy_points_ppr allowed-by-position, percentile-normalized) + nflreadr::load_schedules","2026-09-04 19:52:15.600932","ri-schedule-weekly-2026.1","CURRENT"
2025,14,"BAL","PIT","QB",0.4815,0.740740740740741,"nflverse (nflreadr::load_player_stats fantasy_points_ppr allowed-by-position, percentile-normalized) + nflreadr::load_schedules","2026-09-04 19:52:15.600932","ri-schedule-weekly-2026.1","CURRENT"
2025,14,"BAL","PIT","RB",0.1111,0.555555555555556,"nflverse (nflreadr::load_player_stats fantasy_points_ppr allowed-by-position, percentile-normalized) + nflreadr::load_schedules","2026-09-04 19:52:15.600932","ri-schedule-weekly-2026.1","CURRENT"
2025,14,"BAL","PIT","TE",0.5556,0.777777777777778,"nflverse (nflreadr::load_player_stats fantasy_points_ppr allowed-by-position, percentile-normalized) + nflreadr::load_schedules","2026-09-04 19:52:15.600932","ri-schedule-weekly-2026.1","CURRENT"
2025,14,"BAL","PIT","WR",-0.1852,0.407407407407407,"nflverse (nflreadr::load_player_stats fantasy_points_ppr allowed-by-position, percentile-normalized) + nflreadr::load_schedules","2026-09-04 19:52:15.600932","ri-schedule-weekly-2026.1","CURRENT"
2025,14,"BUF","CIN","QB",1,1,"nflverse (nflreadr::load_player_stats fantasy_points_ppr allowed-by-position, percentile-normalized) + nflreadr::load_schedules","2026-09-04 19:52:15.600932","ri-schedule-weekly-2026.1","CURRENT"
2025,14,"BUF","CIN","RB",-0.4074,0.296296296296296,"nflverse (nflreadr::load_player_stats fantasy_points_ppr allowed-by-position, percentile-normalized) + nflreadr::load_schedules","2026-09-04 19:52:15.600932","ri-schedule-weekly-2026.1","CURRENT"
2025,14,"BUF","CIN","TE",1,1,"nflverse (nflreadr::load_player_stats fantasy_points_ppr allowed-by-position, percentile-normalized) + nflreadr::load_schedules","2026-09-04 19:52:15.600932","ri-schedule-weekly-2026.1","CURRENT"
2025,14,"BUF","CIN","WR",-0.6296,0.185185185185185,"nflverse (nflreadr::load_player_stats fantasy_points_ppr allowed-by-position, percentile-normalized) + nflreadr::load_schedules","2026-09-04 19:52:15.600932","ri-schedule-weekly-2026.1","CURRENT"
2025,14,"CHI","GB","QB",-0.1852,0.407407407407407,"nflverse (nflreadr::load_player_stats fantasy_points_ppr allowed-by-position, percentile-normalized) + nflreadr::load_schedules","2026-09-04 19:52:15.600932","ri-schedule-weekly-2026.1","CURRENT"
2025,14,"CHI","GB","RB",-0.1111,0.444444444444444,"nflverse (nflreadr::load_player_stats fantasy_points_ppr allowed-by-position, percentile-normalized) + nflreadr::load_schedules","2026-09-04 19:52:15.600932","ri-schedule-weekly-2026.1","CURRENT"
2025,14,"CHI","GB","TE",0.7037,0.851851851851852,"nflverse (nflreadr::load_player_stats fantasy_points_ppr allowed-by-position, percentile-normalized) + nflreadr::load_schedules","2026-09-04 19:52:15.600932","ri-schedule-weekly-2026.1","CURRENT"
2025,14,"CHI","GB","WR",-0.3333,0.333333333333333,"nflverse (nflreadr::load_player_stats fantasy_points_ppr allowed-by-position, percentile-normalized) + nflreadr::load_schedules","2026-09-04 19:52:15.600932","ri-schedule-weekly-2026.1","CURRENT"
2025,14,"CIN","BUF","QB",0.8519,0.925925925925926,"nflverse (nflreadr::load_player_stats fantasy_points_ppr allowed-by-position, percentile-normalized) + nflreadr::load_schedules","2026-09-04 19:52:15.600932","ri-schedule-weekly-2026.1","CURRENT"
2025,14,"CIN","BUF","RB",0.4074,0.703703703703704,"nflverse (nflreadr::load_player_stats fantasy_points_ppr allowed-by-position, percentile-normalized) + nflreadr::load_schedules","2026-09-04 19:52:15.600932","ri-schedule-weekly-2026.1","CURRENT"
2025,14,"CIN","BUF","TE",0.7778,0.888888888888889,"nflverse (nflreadr::load_player_stats fantasy_points_ppr allowed-by-position, percentile-normalized) + nflreadr::load_schedules","2026-09-04 19:52:15.600932","ri-schedule-weekly-2026.1","CURRENT"
2025,14,"CIN","BUF","WR",0.4815,0.740740740740741,"nflverse (nflreadr::load_player_stats fantasy_points_ppr allowed-by-position, percentile-normalized) + nflreadr::load_schedules","2026-09-04 19:52:15.600932","ri-schedule-weekly-2026.1","CURRENT"
2025,14,"CLE","TEN","QB",0.9259,0.962962962962963,"nflverse (nflreadr::load_player_stats fantasy_points_ppr allowed-by-position, percentile-normalized) + nflreadr::load_schedules","2026-09-04 19:52:15.600932","ri-schedule-weekly-2026.1","CURRENT"
2025,14,"CLE","TEN","RB",0.1852,0.592592592592593,"nflverse (nflreadr::load_player_stats fantasy_points_ppr allowed-by-position, percentile-normalized) + nflreadr::load_schedules","2026-09-04 19:52:15.600932","ri-schedule-weekly-2026.1","CURRENT"
2025,14,"CLE","TEN","TE",0.9259,0.962962962962963,"nflverse (nflreadr::load_player_stats fantasy_points_ppr allowed-by-position, percentile-normalized) + nflreadr::load_schedules","2026-09-04 19:52:15.600932","ri-schedule-weekly-2026.1","CURRENT"
2025,14,"CLE","TEN","WR",-0.2593,0.37037037037037,"nflverse (nflreadr::load_player_stats fantasy_points_ppr allowed-by-position, percentile-normalized) + nflreadr::load_schedules","2026-09-04 19:52:15.600932","ri-schedule-weekly-2026.1","CURRENT"
2025,14,"DAL","DET","QB",0.1111,0.555555555555556,"nflverse (nflreadr::load_player_stats fantasy_points_ppr allowed-by-position, percentile-normalized) + nflreadr::load_schedules","2026-09-04 19:52:15.600932","ri-schedule-weekly-2026.1","CURRENT"
2025,14,"DAL","DET","RB",-0.4815,0.259259259259259,"nflverse (nflreadr::load_player_stats fantasy_points_ppr allowed-by-position, percentile-normalized) + nflreadr::load_schedules","2026-09-04 19:52:15.600932","ri-schedule-weekly-2026.1","CURRENT"
2025,14,"DAL","DET","TE",0.2593,0.62962962962963,"nflverse (nflreadr::load_player_stats fantasy_points_ppr allowed-by-position, percentile-normalized) + nflreadr::load_schedules","2026-09-04 19:52:15.600932","ri-schedule-weekly-2026.1","CURRENT"
2025,14,"DAL","DET","WR",0.9259,0.962962962962963,"nflverse (nflreadr::load_player_stats fantasy_points_ppr allowed-by-position, percentile-normalized) + nflreadr::load_schedules","2026-09-04 19:52:15.600932","ri-schedule-weekly-2026.1","CURRENT"
2025,14,"DEN","LV","QB",-0.1111,0.444444444444444,"nflverse (nflreadr::load_player_stats fantasy_points_ppr allowed-by-position, percentile-normalized) + nflreadr::load_schedules","2026-09-04 19:52:15.600932","ri-schedule-weekly-2026.1","CURRENT"
2025,14,"DEN","LV","RB",0.5556,0.777777777777778,"nflverse (nflreadr::load_player_stats fantasy_points_ppr allowed-by-position, percentile-normalized) + nflreadr::load_schedules","2026-09-04 19:52:15.600932","ri-schedule-weekly-2026.1","CURRENT"
2025,14,"DEN","LV","TE",-0.2593,0.37037037037037,"nflverse (nflreadr::load_player_stats fantasy_points_ppr allowed-by-position, percentile-normalized) + nflreadr::load_schedules","2026-09-04 19:52:15.600932","ri-schedule-weekly-2026.1","CURRENT"
2025,14,"DEN","LV","WR",0.3333,0.666666666666667,"nflverse (nflreadr::load_player_stats fantasy_points_ppr allowed-by-position, percentile-normalized) + nflreadr::load_schedules","2026-09-04 19:52:15.600932","ri-schedule-weekly-2026.1","CURRENT"
2025,14,"DET","DAL","QB",-0.037,0.481481481481481,"nflverse (nflreadr::load_player_stats fantasy_points_ppr allowed-by-position, percentile-normalized) + nflreadr::load_schedules","2026-09-04 19:52:15.600932","ri-schedule-weekly-2026.1","CURRENT"
2025,14,"DET","DAL","RB",1,1,"nflverse (nflreadr::load_player_stats fantasy_points_ppr allowed-by-position, percentile-normalized) + nflreadr::load_schedules","2026-09-04 19:52:15.600932","ri-schedule-weekly-2026.1","CURRENT"
2025,14,"DET","DAL","TE",-0.9259,0.037037037037037,"nflverse (nflreadr::load_player_stats fantasy_points_ppr allowed-by-position, percentile-normalized) + nflreadr::load_schedules","2026-09-04 19:52:15.600932","ri-schedule-weekly-2026.1","CURRENT"
2025,14,"DET","DAL","WR",0.5556,0.777777777777778,"nflverse (nflreadr::load_player_stats fantasy_points_ppr allowed-by-position, percentile-normalized) + nflreadr::load_schedules","2026-09-04 19:52:15.600932","ri-schedule-weekly-2026.1","CURRENT"
2025,14,"GB","CHI","QB",0.2593,0.62962962962963,"nflverse (nflreadr::load_player_stats fantasy_points_ppr allowed-by-position, percentile-normalized) + nflreadr::load_schedules","2026-09-04 19:52:15.600932","ri-schedule-weekly-2026.1","CURRENT"
2025,14,"GB","CHI","RB",-0.1852,0.407407407407407,"nflverse (nflreadr::load_player_stats fantasy_points_ppr allowed-by-position, percentile-normalized) + nflreadr::load_schedules","2026-09-04 19:52:15.600932","ri-schedule-weekly-2026.1","CURRENT"
2025,14,"GB","CHI","TE",0.037,0.518518518518518,"nflverse (nflreadr::load_player_stats fantasy_points_ppr allowed-by-position, percentile-normalized) + nflreadr::load_schedules","2026-09-04 19:52:15.600932","ri-schedule-weekly-2026.1","CURRENT"
2025,14,"GB","CHI","WR",0.7778,0.888888888888889,"nflverse (nflreadr::load_player_stats fantasy_points_ppr allowed-by-position, percentile-normalized) + nflreadr::load_schedules","2026-09-04 19:52:15.600932","ri-schedule-weekly-2026.1","CURRENT"
2025,14,"HOU","KC","QB",-0.2593,0.37037037037037,"nflverse (nflreadr::load_player_stats fantasy_points_ppr allowed-by-position, percentile-normalized) + nflreadr::load_schedules","2026-09-04 19:52:15.600932","ri-schedule-weekly-2026.1","CURRENT"
2025,14,"HOU","KC","RB",0.2593,0.62962962962963,"nflverse (nflreadr::load_player_stats fantasy_points_ppr allowed-by-position, percentile-normalized) + nflreadr::load_schedules","2026-09-04 19:52:15.600932","ri-schedule-weekly-2026.1","CURRENT"
2025,14,"HOU","KC","TE",-0.4815,0.259259259259259,"nflverse (nflreadr::load_player_stats fantasy_points_ppr allowed-by-position, percentile-normalized) + nflreadr::load_schedules","2026-09-04 19:52:15.600932","ri-schedule-weekly-2026.1","CURRENT"
2025,14,"HOU","KC","WR",0.037,0.518518518518518,"nflverse (nflreadr::load_player_stats fantasy_points_ppr allowed-by-position, percentile-normalized) + nflreadr::load_schedules","2026-09-04 19:52:15.600932","ri-schedule-weekly-2026.1","CURRENT"
2025,14,"IND","JAX","QB",-0.4074,0.296296296296296,"nflverse (nflreadr::load_player_stats fantasy_points_ppr allowed-by-position, percentile-normalized) + nflreadr::load_schedules","2026-09-04 19:52:15.600932","ri-schedule-weekly-2026.1","CURRENT"
2025,14,"IND","JAX","RB",-0.5556,0.222222222222222,"nflverse (nflreadr::load_player_stats fantasy_points_ppr allowed-by-position, percentile-normalized) + nflreadr::load_schedules","2026-09-04 19:52:15.600932","ri-schedule-weekly-2026.1","CURRENT"
2025,14,"IND","JAX","TE",-0.8519,0.0740740740740741,"nflverse (nflreadr::load_player_stats fantasy_points_ppr allowed-by-position, percentile-normalized) + nflreadr::load_schedules","2026-09-04 19:52:15.600932","ri-schedule-weekly-2026.1","CURRENT"
2025,14,"IND","JAX","WR",0.4074,0.703703703703704,"nflverse (nflreadr::load_player_stats fantasy_points_ppr allowed-by-position, percentile-normalized) + nflreadr::load_schedules","2026-09-04 19:52:15.600932","ri-schedule-weekly-2026.1","CURRENT"
2025,14,"JAX","IND","QB",0.3333,0.666666666666667,"nflverse (nflreadr::load_player_stats fantasy_points_ppr allowed-by-position, percentile-normalized) + nflreadr::load_schedules","2026-09-04 19:52:15.600932","ri-schedule-weekly-2026.1","CURRENT"
2025,14,"JAX","IND","RB",0.3333,0.666666666666667,"nflverse (nflreadr::load_player_stats fantasy_points_ppr allowed-by-position, percentile-normalized) + nflreadr::load_schedules","2026-09-04 19:52:15.600932","ri-schedule-weekly-2026.1","CURRENT"
2025,14,"JAX","IND","TE",-0.4074,0.296296296296296,"nflverse (nflreadr::load_player_stats fantasy_points_ppr allowed-by-position, percentile-normalized) + nflreadr::load_schedules","2026-09-04 19:52:15.600932","ri-schedule-weekly-2026.1","CURRENT"
2025,14,"JAX","IND","WR",0.7037,0.851851851851852,"nflverse (nflreadr::load_player_stats fantasy_points_ppr allowed-by-position, percentile-normalized) + nflreadr::load_schedules","2026-09-04 19:52:15.600932","ri-schedule-weekly-2026.1","CURRENT"
2025,14,"KC","HOU","QB",-0.7037,0.148148148148148,"nflverse (nflreadr::load_player_stats fantasy_points_ppr allowed-by-position, percentile-normalized) + nflreadr::load_schedules","2026-09-04 19:52:15.600932","ri-schedule-weekly-2026.1","CURRENT"
2025,14,"KC","HOU","RB",-0.6296,0.185185185185185,"nflverse (nflreadr::load_player_stats fantasy_points_ppr allowed-by-position, percentile-normalized) + nflreadr::load_schedules","2026-09-04 19:52:15.600932","ri-schedule-weekly-2026.1","CURRENT"
2025,14,"KC","HOU","TE",-0.7037,0.148148148148148,"nflverse (nflreadr::load_player_stats fantasy_points_ppr allowed-by-position, percentile-normalized) + nflreadr::load_schedules","2026-09-04 19:52:15.600932","ri-schedule-weekly-2026.1","CURRENT"
2025,14,"KC","HOU","WR",-0.037,0.481481481481481,"nflverse (nflreadr::load_player_stats fantasy_points_ppr allowed-by-position, percentile-normalized) + nflreadr::load_schedules","2026-09-04 19:52:15.600932","ri-schedule-weekly-2026.1","CURRENT"
2025,14,"LA","ARI","QB",0.7778,0.888888888888889,"nflverse (nflreadr::load_player_stats fantasy_points_ppr allowed-by-position, percentile-normalized) + nflreadr::load_schedules","2026-09-04 19:52:15.600932","ri-schedule-weekly-2026.1","CURRENT"
2025,14,"LA","ARI","RB",0.9259,0.962962962962963,"nflverse (nflreadr::load_player_stats fantasy_points_ppr allowed-by-position, percentile-normalized) + nflreadr::load_schedules","2026-09-04 19:52:15.600932","ri-schedule-weekly-2026.1","CURRENT"
2025,14,"LA","ARI","TE",0.4815,0.740740740740741,"nflverse (nflreadr::load_player_stats fantasy_points_ppr allowed-by-position, percentile-normalized) + nflreadr::load_schedules","2026-09-04 19:52:15.600932","ri-schedule-weekly-2026.1","CURRENT"
2025,14,"LA","ARI","WR",0.8519,0.925925925925926,"nflverse (nflreadr::load_player_stats fantasy_points_ppr allowed-by-position, percentile-normalized) + nflreadr::load_schedules","2026-09-04 19:52:15.600932","ri-schedule-weekly-2026.1","CURRENT"
2025,14,"LAC","PHI","QB",-0.3333,0.333333333333333,"nflverse (nflreadr::load_player_stats fantasy_points_ppr allowed-by-position, percentile-normalized) + nflreadr::load_schedules","2026-09-04 19:52:15.600932","ri-schedule-weekly-2026.1","CURRENT"
2025,14,"LAC","PHI","RB",0.4815,0.740740740740741,"nflverse (nflreadr::load_player_stats fantasy_points_ppr allowed-by-position, percentile-normalized) + nflreadr::load_schedules","2026-09-04 19:52:15.600932","ri-schedule-weekly-2026.1","CURRENT"
2025,14,"LAC","PHI","TE",-1,0,"nflverse (nflreadr::load_player_stats fantasy_points_ppr allowed-by-position, percentile-normalized) + nflreadr::load_schedules","2026-09-04 19:52:15.600932","ri-schedule-weekly-2026.1","CURRENT"
2025,14,"LAC","PHI","WR",-0.8519,0.0740740740740741,"nflverse (nflreadr::load_player_stats fantasy_points_ppr allowed-by-position, percentile-normalized) + nflreadr::load_schedules","2026-09-04 19:52:15.600932","ri-schedule-weekly-2026.1","CURRENT"
2025,14,"LV","DEN","QB",0.037,0.518518518518518,"nflverse (nflreadr::load_player_stats fantasy_points_ppr allowed-by-position, percentile-normalized) + nflreadr::load_schedules","2026-09-04 19:52:15.600932","ri-schedule-weekly-2026.1","CURRENT"
2025,14,"LV","DEN","RB",-0.9259,0.037037037037037,"nflverse (nflreadr::load_player_stats fantasy_points_ppr allowed-by-position, percentile-normalized) + nflreadr::load_schedules","2026-09-04 19:52:15.600932","ri-schedule-weekly-2026.1","CURRENT"
2025,14,"LV","DEN","TE",0.6296,0.814814814814815,"nflverse (nflreadr::load_player_stats fantasy_points_ppr allowed-by-position, percentile-normalized) + nflreadr::load_schedules","2026-09-04 19:52:15.600932","ri-schedule-weekly-2026.1","CURRENT"
2025,14,"LV","DEN","WR",0.2593,0.62962962962963,"nflverse (nflreadr::load_player_stats fantasy_points_ppr allowed-by-position, percentile-normalized) + nflreadr::load_schedules","2026-09-04 19:52:15.600932","ri-schedule-weekly-2026.1","CURRENT"
2025,14,"MIA","NYJ","QB",-0.6296,0.185185185185185,"nflverse (nflreadr::load_player_stats fantasy_points_ppr allowed-by-position, percentile-normalized) + nflreadr::load_schedules","2026-09-04 19:52:15.600932","ri-schedule-weekly-2026.1","CURRENT"
2025,14,"MIA","NYJ","RB",0.8519,0.925925925925926,"nflverse (nflreadr::load_player_stats fantasy_points_ppr allowed-by-position, percentile-normalized) + nflreadr::load_schedules","2026-09-04 19:52:15.600932","ri-schedule-weekly-2026.1","CURRENT"
2025,14,"MIA","NYJ","TE",-0.1111,0.444444444444444,"nflverse (nflreadr::load_player_stats fantasy_points_ppr allowed-by-position, percentile-normalized) + nflreadr::load_schedules","2026-09-04 19:52:15.600932","ri-schedule-weekly-2026.1","CURRENT"
2025,14,"MIA","NYJ","WR",-0.4074,0.296296296296296,"nflverse (nflreadr::load_player_stats fantasy_points_ppr allowed-by-position, percentile-normalized) + nflreadr::load_schedules","2026-09-04 19:52:15.600932","ri-schedule-weekly-2026.1","CURRENT"
2025,14,"MIN","WAS","QB",0.4074,0.703703703703704,"nflverse (nflreadr::load_player_stats fantasy_points_ppr allowed-by-position, percentile-normalized) + nflreadr::load_schedules","2026-09-04 19:52:15.600932","ri-schedule-weekly-2026.1","CURRENT"
2025,14,"MIN","WAS","RB",0.037,0.518518518518518,"nflverse (nflreadr::load_player_stats fantasy_points_ppr allowed-by-position, percentile-normalized) + nflreadr::load_schedules","2026-09-04 19:52:15.600932","ri-schedule-weekly-2026.1","CURRENT"
2025,14,"MIN","WAS","TE",0.8519,0.925925925925926,"nflverse (nflreadr::load_player_stats fantasy_points_ppr allowed-by-position, percentile-normalized) + nflreadr::load_schedules","2026-09-04 19:52:15.600932","ri-schedule-weekly-2026.1","CURRENT"
2025,14,"MIN","WAS","WR",-0.4815,0.259259259259259,"nflverse (nflreadr::load_player_stats fantasy_points_ppr allowed-by-position, percentile-normalized) + nflreadr::load_schedules","2026-09-04 19:52:15.600932","ri-schedule-weekly-2026.1","CURRENT"
2025,14,"NO","TB","QB",0.5556,0.777777777777778,"nflverse (nflreadr::load_player_stats fantasy_points_ppr allowed-by-position, percentile-normalized) + nflreadr::load_schedules","2026-09-04 19:52:15.600932","ri-schedule-weekly-2026.1","CURRENT"
2025,14,"NO","TB","RB",-0.2593,0.37037037037037,"nflverse (nflreadr::load_player_stats fantasy_points_ppr allowed-by-position, percentile-normalized) + nflreadr::load_schedules","2026-09-04 19:52:15.600932","ri-schedule-weekly-2026.1","CURRENT"
2025,14,"NO","TB","TE",-0.037,0.481481481481481,"nflverse (nflreadr::load_player_stats fantasy_points_ppr allowed-by-position, percentile-normalized) + nflreadr::load_schedules","2026-09-04 19:52:15.600932","ri-schedule-weekly-2026.1","CURRENT"
2025,14,"NO","TB","WR",-0.9259,0.037037037037037,"nflverse (nflreadr::load_player_stats fantasy_points_ppr allowed-by-position, percentile-normalized) + nflreadr::load_schedules","2026-09-04 19:52:15.600932","ri-schedule-weekly-2026.1","CURRENT"
2025,14,"NYJ","MIA","QB",-0.9259,0.037037037037037,"nflverse (nflreadr::load_player_stats fantasy_points_ppr allowed-by-position, percentile-normalized) + nflreadr::load_schedules","2026-09-04 19:52:15.600932","ri-schedule-weekly-2026.1","CURRENT"
2025,14,"NYJ","MIA","RB",-1,0,"nflverse (nflreadr::load_player_stats fantasy_points_ppr allowed-by-position, percentile-normalized) + nflreadr::load_schedules","2026-09-04 19:52:15.600932","ri-schedule-weekly-2026.1","CURRENT"
2025,14,"NYJ","MIA","TE",0.1852,0.592592592592593,"nflverse (nflreadr::load_player_stats fantasy_points_ppr allowed-by-position, percentile-normalized) + nflreadr::load_schedules","2026-09-04 19:52:15.600932","ri-schedule-weekly-2026.1","CURRENT"
2025,14,"NYJ","MIA","WR",-0.5556,0.222222222222222,"nflverse (nflreadr::load_player_stats fantasy_points_ppr allowed-by-position, percentile-normalized) + nflreadr::load_schedules","2026-09-04 19:52:15.600932","ri-schedule-weekly-2026.1","CURRENT"
2025,14,"PHI","LAC","QB",-0.8519,0.0740740740740741,"nflverse (nflreadr::load_player_stats fantasy_points_ppr allowed-by-position, percentile-normalized) + nflreadr::load_schedules","2026-09-04 19:52:15.600932","ri-schedule-weekly-2026.1","CURRENT"
2025,14,"PHI","LAC","RB",-0.037,0.481481481481481,"nflverse (nflreadr::load_player_stats fantasy_points_ppr allowed-by-position, percentile-normalized) + nflreadr::load_schedules","2026-09-04 19:52:15.600932","ri-schedule-weekly-2026.1","CURRENT"
2025,14,"PHI","LAC","TE",0.4074,0.703703703703704,"nflverse (nflreadr::load_player_stats fantasy_points_ppr allowed-by-position, percentile-normalized) + nflreadr::load_schedules","2026-09-04 19:52:15.600932","ri-schedule-weekly-2026.1","CURRENT"
2025,14,"PHI","LAC","WR",0.1111,0.555555555555556,"nflverse (nflreadr::load_player_stats fantasy_points_ppr allowed-by-position, percentile-normalized) + nflreadr::load_schedules","2026-09-04 19:52:15.600932","ri-schedule-weekly-2026.1","CURRENT"
2025,14,"PIT","BAL","QB",0.6296,0.814814814814815,"nflverse (nflreadr::load_player_stats fantasy_points_ppr allowed-by-position, percentile-normalized) + nflreadr::load_schedules","2026-09-04 19:52:15.600932","ri-schedule-weekly-2026.1","CURRENT"
2025,14,"PIT","BAL","RB",0.7037,0.851851851851852,"nflverse (nflreadr::load_player_stats fantasy_points_ppr allowed-by-position, percentile-normalized) + nflreadr::load_schedules","2026-09-04 19:52:15.600932","ri-schedule-weekly-2026.1","CURRENT"
2025,14,"PIT","BAL","TE",-0.5556,0.222222222222222,"nflverse (nflreadr::load_player_stats fantasy_points_ppr allowed-by-position, percentile-normalized) + nflreadr::load_schedules","2026-09-04 19:52:15.600932","ri-schedule-weekly-2026.1","CURRENT"
2025,14,"PIT","BAL","WR",0.1852,0.592592592592593,"nflverse (nflreadr::load_player_stats fantasy_points_ppr allowed-by-position, percentile-normalized) + nflreadr::load_schedules","2026-09-04 19:52:15.600932","ri-schedule-weekly-2026.1","CURRENT"
2025,14,"SEA","ATL","QB",0.7037,0.851851851851852,"nflverse (nflreadr::load_player_stats fantasy_points_ppr allowed-by-position, percentile-normalized) + nflreadr::load_schedules","2026-09-04 19:52:15.600932","ri-schedule-weekly-2026.1","CURRENT"
2025,14,"SEA","ATL","RB",-0.7037,0.148148148148148,"nflverse (nflreadr::load_player_stats fantasy_points_ppr allowed-by-position, percentile-normalized) + nflreadr::load_schedules","2026-09-04 19:52:15.600932","ri-schedule-weekly-2026.1","CURRENT"
2025,14,"SEA","ATL","TE",-0.4074,0.296296296296296,"nflverse (nflreadr::load_player_stats fantasy_points_ppr allowed-by-position, percentile-normalized) + nflreadr::load_schedules","2026-09-04 19:52:15.600932","ri-schedule-weekly-2026.1","CURRENT"
2025,14,"SEA","ATL","WR",1,1,"nflverse (nflreadr::load_player_stats fantasy_points_ppr allowed-by-position, percentile-normalized) + nflreadr::load_schedules","2026-09-04 19:52:15.600932","ri-schedule-weekly-2026.1","CURRENT"
2025,14,"TB","NO","QB",-0.5556,0.222222222222222,"nflverse (nflreadr::load_player_stats fantasy_points_ppr allowed-by-position, percentile-normalized) + nflreadr::load_schedules","2026-09-04 19:52:15.600932","ri-schedule-weekly-2026.1","CURRENT"
2025,14,"TB","NO","RB",0.6296,0.814814814814815,"nflverse (nflreadr::load_player_stats fantasy_points_ppr allowed-by-position, percentile-normalized) + nflreadr::load_schedules","2026-09-04 19:52:15.600932","ri-schedule-weekly-2026.1","CURRENT"
2025,14,"TB","NO","TE",-0.6296,0.185185185185185,"nflverse (nflreadr::load_player_stats fantasy_points_ppr allowed-by-position, percentile-normalized) + nflreadr::load_schedules","2026-09-04 19:52:15.600932","ri-schedule-weekly-2026.1","CURRENT"
2025,14,"TB","NO","WR",-0.7778,0.111111111111111,"nflverse (nflreadr::load_player_stats fantasy_points_ppr allowed-by-position, percentile-normalized) + nflreadr::load_schedules","2026-09-04 19:52:15.600932","ri-schedule-weekly-2026.1","CURRENT"
2025,14,"TEN","CLE","QB",-0.4815,0.259259259259259,"nflverse (nflreadr::load_player_stats fantasy_points_ppr allowed-by-position, percentile-normalized) + nflreadr::load_schedules","2026-09-04 19:52:15.600932","ri-schedule-weekly-2026.1","CURRENT"
2025,14,"TEN","CLE","RB",0.7778,0.888888888888889,"nflverse (nflreadr::load_player_stats fantasy_points_ppr allowed-by-position, percentile-normalized) + nflreadr::load_schedules","2026-09-04 19:52:15.600932","ri-schedule-weekly-2026.1","CURRENT"
2025,14,"TEN","CLE","TE",-0.1852,0.407407407407407,"nflverse (nflreadr::load_player_stats fantasy_points_ppr allowed-by-position, percentile-normalized) + nflreadr::load_schedules","2026-09-04 19:52:15.600932","ri-schedule-weekly-2026.1","CURRENT"
2025,14,"TEN","CLE","WR",-0.1111,0.444444444444444,"nflverse (nflreadr::load_player_stats fantasy_points_ppr allowed-by-position, percentile-normalized) + nflreadr::load_schedules","2026-09-04 19:52:15.600932","ri-schedule-weekly-2026.1","CURRENT"
2025,14,"WAS","MIN","QB",-1,0,"nflverse (nflreadr::load_player_stats fantasy_points_ppr allowed-by-position, percentile-normalized) + nflreadr::load_schedules","2026-09-04 19:52:15.600932","ri-schedule-weekly-2026.1","CURRENT"
2025,14,"WAS","MIN","RB",-0.8519,0.0740740740740741,"nflverse (nflreadr::load_player_stats fantasy_points_ppr allowed-by-position, percentile-normalized) + nflreadr::load_schedules","2026-09-04 19:52:15.600932","ri-schedule-weekly-2026.1","CURRENT"
2025,14,"WAS","MIN","TE",-0.7778,0.111111111111111,"nflverse (nflreadr::load_player_stats fantasy_points_ppr allowed-by-position, percentile-normalized) + nflreadr::load_schedules","2026-09-04 19:52:15.600932","ri-schedule-weekly-2026.1","CURRENT"
2025,14,"WAS","MIN","WR",-0.7037,0.148148148148148,"nflverse (nflreadr::load_player_stats fantasy_points_ppr allowed-by-position, percentile-normalized) + nflreadr::load_schedules","2026-09-04 19:52:15.600932","ri-schedule-weekly-2026.1","CURRENT"
2025,15,"ARI","HOU","QB",0.2903,0.645161290322581,"nflverse (nflreadr::load_player_stats fantasy_points_ppr allowed-by-position, percentile-normalized) + nflreadr::load_schedules","2026-09-04 19:52:15.600932","ri-schedule-weekly-2026.1","CURRENT"
2025,15,"ARI","HOU","RB",-0.5484,0.225806451612903,"nflverse (nflreadr::load_player_stats fantasy_points_ppr allowed-by-position, percentile-normalized) + nflreadr::load_schedules","2026-09-04 19:52:15.600932","ri-schedule-weekly-2026.1","CURRENT"
2025,15,"ARI","HOU","TE",0.9355,0.967741935483871,"nflverse (nflreadr::load_player_stats fantasy_points_ppr allowed-by-position, percentile-normalized) + nflreadr::load_schedules","2026-09-04 19:52:15.600932","ri-schedule-weekly-2026.1","CURRENT"
2025,15,"ARI","HOU","WR",-0.5484,0.225806451612903,"nflverse (nflreadr::load_player_stats fantasy_points_ppr allowed-by-position, percentile-normalized) + nflreadr::load_schedules","2026-09-04 19:52:15.600932","ri-schedule-weekly-2026.1","CURRENT"
2025,15,"ATL","TB","QB",0.871,0.935483870967742,"nflverse (nflreadr::load_player_stats fantasy_points_ppr allowed-by-position, percentile-normalized) + nflreadr::load_schedules","2026-09-04 19:52:15.600932","ri-schedule-weekly-2026.1","CURRENT"
2025,15,"ATL","TB","RB",0.6774,0.838709677419355,"nflverse (nflreadr::load_player_stats fantasy_points_ppr allowed-by-position, percentile-normalized) + nflreadr::load_schedules","2026-09-04 19:52:15.600932","ri-schedule-weekly-2026.1","CURRENT"
2025,15,"ATL","TB","TE",1,1,"nflverse (nflreadr::load_player_stats fantasy_points_ppr allowed-by-position, percentile-normalized) + nflreadr::load_schedules","2026-09-04 19:52:15.600932","ri-schedule-weekly-2026.1","CURRENT"
2025,15,"ATL","TB","WR",-0.4194,0.290322580645161,"nflverse (nflreadr::load_player_stats fantasy_points_ppr allowed-by-position, percentile-normalized) + nflreadr::load_schedules","2026-09-04 19:52:15.600932","ri-schedule-weekly-2026.1","CURRENT"
2025,15,"BAL","CIN","QB",-0.3548,0.32258064516129,"nflverse (nflreadr::load_player_stats fantasy_points_ppr allowed-by-position, percentile-normalized) + nflreadr::load_schedules","2026-09-04 19:52:15.600932","ri-schedule-weekly-2026.1","CURRENT"
2025,15,"BAL","CIN","RB",0.5484,0.774193548387097,"nflverse (nflreadr::load_player_stats fantasy_points_ppr allowed-by-position, percentile-normalized) + nflreadr::load_schedules","2026-09-04 19:52:15.600932","ri-schedule-weekly-2026.1","CURRENT"
2025,15,"BAL","CIN","TE",-0.7419,0.129032258064516,"nflverse (nflreadr::load_player_stats fantasy_points_ppr allowed-by-position, percentile-normalized) + nflreadr::load_schedules","2026-09-04 19:52:15.600932","ri-schedule-weekly-2026.1","CURRENT"
2025,15,"BAL","CIN","WR",-0.4839,0.258064516129032,"nflverse (nflreadr::load_player_stats fantasy_points_ppr allowed-by-position, percentile-normalized) + nflreadr::load_schedules","2026-09-04 19:52:15.600932","ri-schedule-weekly-2026.1","CURRENT"
2025,15,"BUF","NE","QB",0.6129,0.806451612903226,"nflverse (nflreadr::load_player_stats fantasy_points_ppr allowed-by-position, percentile-normalized) + nflreadr::load_schedules","2026-09-04 19:52:15.600932","ri-schedule-weekly-2026.1","CURRENT"
2025,15,"BUF","NE","RB",0.871,0.935483870967742,"nflverse (nflreadr::load_player_stats fantasy_points_ppr allowed-by-position, percentile-normalized) + nflreadr::load_schedules","2026-09-04 19:52:15.600932","ri-schedule-weekly-2026.1","CURRENT"
2025,15,"BUF","NE","TE",0.7419,0.870967741935484,"nflverse (nflreadr::load_player_stats fantasy_points_ppr allowed-by-position, percentile-normalized) + nflreadr::load_schedules","2026-09-04 19:52:15.600932","ri-schedule-weekly-2026.1","CURRENT"
2025,15,"BUF","NE","WR",-0.8065,0.0967741935483871,"nflverse (nflreadr::load_player_stats fantasy_points_ppr allowed-by-position, percentile-normalized) + nflreadr::load_schedules","2026-09-04 19:52:15.600932","ri-schedule-weekly-2026.1","CURRENT"
2025,15,"CAR","NO","QB",-0.1613,0.419354838709677,"nflverse (nflreadr::load_player_stats fantasy_points_ppr allowed-by-position, percentile-normalized) + nflreadr::load_schedules","2026-09-04 19:52:15.600932","ri-schedule-weekly-2026.1","CURRENT"
2025,15,"CAR","NO","RB",-0.4194,0.290322580645161,"nflverse (nflreadr::load_player_stats fantasy_points_ppr allowed-by-position, percentile-normalized) + nflreadr::load_schedules","2026-09-04 19:52:15.600932","ri-schedule-weekly-2026.1","CURRENT"
2025,15,"CAR","NO","TE",-0.6129,0.193548387096774,"nflverse (nflreadr::load_player_stats fantasy_points_ppr allowed-by-position, percentile-normalized) + nflreadr::load_schedules","2026-09-04 19:52:15.600932","ri-schedule-weekly-2026.1","CURRENT"
2025,15,"CAR","NO","WR",-0.0968,0.451612903225806,"nflverse (nflreadr::load_player_stats fantasy_points_ppr allowed-by-position, percentile-normalized) + nflreadr::load_schedules","2026-09-04 19:52:15.600932","ri-schedule-weekly-2026.1","CURRENT"
2025,15,"CHI","CLE","QB",0.0968,0.548387096774194,"nflverse (nflreadr::load_player_stats fantasy_points_ppr allowed-by-position, percentile-normalized) + nflreadr::load_schedules","2026-09-04 19:52:15.600932","ri-schedule-weekly-2026.1","CURRENT"
2025,15,"CHI","CLE","RB",0.3548,0.67741935483871,"nflverse (nflreadr::load_player_stats fantasy_points_ppr allowed-by-position, percentile-normalized) + nflreadr::load_schedules","2026-09-04 19:52:15.600932","ri-schedule-weekly-2026.1","CURRENT"
2025,15,"CHI","CLE","TE",0.2903,0.645161290322581,"nflverse (nflreadr::load_player_stats fantasy_points_ppr allowed-by-position, percentile-normalized) + nflreadr::load_schedules","2026-09-04 19:52:15.600932","ri-schedule-weekly-2026.1","CURRENT"
2025,15,"CHI","CLE","WR",0.4839,0.741935483870968,"nflverse (nflreadr::load_player_stats fantasy_points_ppr allowed-by-position, percentile-normalized) + nflreadr::load_schedules","2026-09-04 19:52:15.600932","ri-schedule-weekly-2026.1","CURRENT"
2025,15,"CIN","BAL","QB",-0.871,0.0645161290322581,"nflverse (nflreadr::load_player_stats fantasy_points_ppr allowed-by-position, percentile-normalized) + nflreadr::load_schedules","2026-09-04 19:52:15.600932","ri-schedule-weekly-2026.1","CURRENT"
2025,15,"CIN","BAL","RB",0.0323,0.516129032258065,"nflverse (nflreadr::load_player_stats fantasy_points_ppr allowed-by-position, percentile-normalized) + nflreadr::load_schedules","2026-09-04 19:52:15.600932","ri-schedule-weekly-2026.1","CURRENT"
2025,15,"CIN","BAL","TE",-0.0968,0.451612903225806,"nflverse (nflreadr::load_player_stats fantasy_points_ppr allowed-by-position, percentile-normalized) + nflreadr::load_schedules","2026-09-04 19:52:15.600932","ri-schedule-weekly-2026.1","CURRENT"
2025,15,"CIN","BAL","WR",-0.1613,0.419354838709677,"nflverse (nflreadr::load_player_stats fantasy_points_ppr allowed-by-position, percentile-normalized) + nflreadr::load_schedules","2026-09-04 19:52:15.600932","ri-schedule-weekly-2026.1","CURRENT"
2025,15,"CLE","CHI","QB",-0.9355,0.032258064516129,"nflverse (nflreadr::load_player_stats fantasy_points_ppr allowed-by-position, percentile-normalized) + nflreadr::load_schedules","2026-09-04 19:52:15.600932","ri-schedule-weekly-2026.1","CURRENT"
2025,15,"CLE","CHI","RB",-0.871,0.0645161290322581,"nflverse (nflreadr::load_player_stats fantasy_points_ppr allowed-by-position, percentile-normalized) + nflreadr::load_schedules","2026-09-04 19:52:15.600932","ri-schedule-weekly-2026.1","CURRENT"
2025,15,"CLE","CHI","TE",0.0323,0.516129032258065,"nflverse (nflreadr::load_player_stats fantasy_points_ppr allowed-by-position, percentile-normalized) + nflreadr::load_schedules","2026-09-04 19:52:15.600932","ri-schedule-weekly-2026.1","CURRENT"
2025,15,"CLE","CHI","WR",-0.6129,0.193548387096774,"nflverse (nflreadr::load_player_stats fantasy_points_ppr allowed-by-position, percentile-normalized) + nflreadr::load_schedules","2026-09-04 19:52:15.600932","ri-schedule-weekly-2026.1","CURRENT"
2025,15,"DAL","MIN","QB",-0.4839,0.258064516129032,"nflverse (nflreadr::load_player_stats fantasy_points_ppr allowed-by-position, percentile-normalized) + nflreadr::load_schedules","2026-09-04 19:52:15.600932","ri-schedule-weekly-2026.1","CURRENT"
2025,15,"DAL","MIN","RB",0.7419,0.870967741935484,"nflverse (nflreadr::load_player_stats fantasy_points_ppr allowed-by-position, percentile-normalized) + nflreadr::load_schedules","2026-09-04 19:52:15.600932","ri-schedule-weekly-2026.1","CURRENT"
2025,15,"DAL","MIN","TE",-0.5484,0.225806451612903,"nflverse (nflreadr::load_player_stats fantasy_points_ppr allowed-by-position, percentile-normalized) + nflreadr::load_schedules","2026-09-04 19:52:15.600932","ri-schedule-weekly-2026.1","CURRENT"
2025,15,"DAL","MIN","WR",0.5484,0.774193548387097,"nflverse (nflreadr::load_player_stats fantasy_points_ppr allowed-by-position, percentile-normalized) + nflreadr::load_schedules","2026-09-04 19:52:15.600932","ri-schedule-weekly-2026.1","CURRENT"
2025,15,"DEN","GB","QB",0.9355,0.967741935483871,"nflverse (nflreadr::load_player_stats fantasy_points_ppr allowed-by-position, percentile-normalized) + nflreadr::load_schedules","2026-09-04 19:52:15.600932","ri-schedule-weekly-2026.1","CURRENT"
2025,15,"DEN","GB","RB",-0.7419,0.129032258064516,"nflverse (nflreadr::load_player_stats fantasy_points_ppr allowed-by-position, percentile-normalized) + nflreadr::load_schedules","2026-09-04 19:52:15.600932","ri-schedule-weekly-2026.1","CURRENT"
2025,15,"DEN","GB","TE",-0.9355,0.032258064516129,"nflverse (nflreadr::load_player_stats fantasy_points_ppr allowed-by-position, percentile-normalized) + nflreadr::load_schedules","2026-09-04 19:52:15.600932","ri-schedule-weekly-2026.1","CURRENT"
2025,15,"DEN","GB","WR",1,1,"nflverse (nflreadr::load_player_stats fantasy_points_ppr allowed-by-position, percentile-normalized) + nflreadr::load_schedules","2026-09-04 19:52:15.600932","ri-schedule-weekly-2026.1","CURRENT"
2025,15,"DET","LA","QB",0.7419,0.870967741935484,"nflverse (nflreadr::load_player_stats fantasy_points_ppr allowed-by-position, percentile-normalized) + nflreadr::load_schedules","2026-09-04 19:52:15.600932","ri-schedule-weekly-2026.1","CURRENT"
2025,15,"DET","LA","RB",-0.2258,0.387096774193548,"nflverse (nflreadr::load_player_stats fantasy_points_ppr allowed-by-position, percentile-normalized) + nflreadr::load_schedules","2026-09-04 19:52:15.600932","ri-schedule-weekly-2026.1","CURRENT"
2025,15,"DET","LA","TE",-1,0,"nflverse (nflreadr::load_player_stats fantasy_points_ppr allowed-by-position, percentile-normalized) + nflreadr::load_schedules","2026-09-04 19:52:15.600932","ri-schedule-weekly-2026.1","CURRENT"
2025,15,"DET","LA","WR",0.9355,0.967741935483871,"nflverse (nflreadr::load_player_stats fantasy_points_ppr allowed-by-position, percentile-normalized) + nflreadr::load_schedules","2026-09-04 19:52:15.600932","ri-schedule-weekly-2026.1","CURRENT"
2025,15,"GB","DEN","QB",-0.4194,0.290322580645161,"nflverse (nflreadr::load_player_stats fantasy_points_ppr allowed-by-position, percentile-normalized) + nflreadr::load_schedules","2026-09-04 19:52:15.600932","ri-schedule-weekly-2026.1","CURRENT"
2025,15,"GB","DEN","RB",0.4194,0.709677419354839,"nflverse (nflreadr::load_player_stats fantasy_points_ppr allowed-by-position, percentile-normalized) + nflreadr::load_schedules","2026-09-04 19:52:15.600932","ri-schedule-weekly-2026.1","CURRENT"
2025,15,"GB","DEN","TE",0.1613,0.580645161290323,"nflverse (nflreadr::load_player_stats fantasy_points_ppr allowed-by-position, percentile-normalized) + nflreadr::load_schedules","2026-09-04 19:52:15.600932","ri-schedule-weekly-2026.1","CURRENT"
2025,15,"GB","DEN","WR",0.1613,0.580645161290323,"nflverse (nflreadr::load_player_stats fantasy_points_ppr allowed-by-position, percentile-normalized) + nflreadr::load_schedules","2026-09-04 19:52:15.600932","ri-schedule-weekly-2026.1","CURRENT"
2025,15,"HOU","ARI","QB",0.4839,0.741935483870968,"nflverse (nflreadr::load_player_stats fantasy_points_ppr allowed-by-position, percentile-normalized) + nflreadr::load_schedules","2026-09-04 19:52:15.600932","ri-schedule-weekly-2026.1","CURRENT"
2025,15,"HOU","ARI","RB",0.2903,0.645161290322581,"nflverse (nflreadr::load_player_stats fantasy_points_ppr allowed-by-position, percentile-normalized) + nflreadr::load_schedules","2026-09-04 19:52:15.600932","ri-schedule-weekly-2026.1","CURRENT"
2025,15,"HOU","ARI","TE",0.6774,0.838709677419355,"nflverse (nflreadr::load_player_stats fantasy_points_ppr allowed-by-position, percentile-normalized) + nflreadr::load_schedules","2026-09-04 19:52:15.600932","ri-schedule-weekly-2026.1","CURRENT"
2025,15,"HOU","ARI","WR",0.0323,0.516129032258065,"nflverse (nflreadr::load_player_stats fantasy_points_ppr allowed-by-position, percentile-normalized) + nflreadr::load_schedules","2026-09-04 19:52:15.600932","ri-schedule-weekly-2026.1","CURRENT"
2025,15,"IND","SEA","QB",-0.8065,0.0967741935483871,"nflverse (nflreadr::load_player_stats fantasy_points_ppr allowed-by-position, percentile-normalized) + nflreadr::load_schedules","2026-09-04 19:52:15.600932","ri-schedule-weekly-2026.1","CURRENT"
2025,15,"IND","SEA","RB",0.0968,0.548387096774194,"nflverse (nflreadr::load_player_stats fantasy_points_ppr allowed-by-position, percentile-normalized) + nflreadr::load_schedules","2026-09-04 19:52:15.600932","ri-schedule-weekly-2026.1","CURRENT"
2025,15,"IND","SEA","TE",-0.6774,0.161290322580645,"nflverse (nflreadr::load_player_stats fantasy_points_ppr allowed-by-position, percentile-normalized) + nflreadr::load_schedules","2026-09-04 19:52:15.600932","ri-schedule-weekly-2026.1","CURRENT"
2025,15,"IND","SEA","WR",-0.6774,0.161290322580645,"nflverse (nflreadr::load_player_stats fantasy_points_ppr allowed-by-position, percentile-normalized) + nflreadr::load_schedules","2026-09-04 19:52:15.600932","ri-schedule-weekly-2026.1","CURRENT"
2025,15,"JAX","NYJ","QB",1,1,"nflverse (nflreadr::load_player_stats fantasy_points_ppr allowed-by-position, percentile-normalized) + nflreadr::load_schedules","2026-09-04 19:52:15.600932","ri-schedule-weekly-2026.1","CURRENT"
2025,15,"JAX","NYJ","RB",1,1,"nflverse (nflreadr::load_player_stats fantasy_points_ppr allowed-by-position, percentile-normalized) + nflreadr::load_schedules","2026-09-04 19:52:15.600932","ri-schedule-weekly-2026.1","CURRENT"
2025,15,"JAX","NYJ","TE",-0.4194,0.290322580645161,"nflverse (nflreadr::load_player_stats fantasy_points_ppr allowed-by-position, percentile-normalized) + nflreadr::load_schedules","2026-09-04 19:52:15.600932","ri-schedule-weekly-2026.1","CURRENT"
2025,15,"JAX","NYJ","WR",0.3548,0.67741935483871,"nflverse (nflreadr::load_player_stats fantasy_points_ppr allowed-by-position, percentile-normalized) + nflreadr::load_schedules","2026-09-04 19:52:15.600932","ri-schedule-weekly-2026.1","CURRENT"
2025,15,"KC","LAC","QB",-0.5484,0.225806451612903,"nflverse (nflreadr::load_player_stats fantasy_points_ppr allowed-by-position, percentile-normalized) + nflreadr::load_schedules","2026-09-04 19:52:15.600932","ri-schedule-weekly-2026.1","CURRENT"
2025,15,"KC","LAC","RB",-1,0,"nflverse (nflreadr::load_player_stats fantasy_points_ppr allowed-by-position, percentile-normalized) + nflreadr::load_schedules","2026-09-04 19:52:15.600932","ri-schedule-weekly-2026.1","CURRENT"
2025,15,"KC","LAC","TE",0.1613,0.580645161290323,"nflverse (nflreadr::load_player_stats fantasy_points_ppr allowed-by-position, percentile-normalized) + nflreadr::load_schedules","2026-09-04 19:52:15.600932","ri-schedule-weekly-2026.1","CURRENT"
2025,15,"KC","LAC","WR",-0.2903,0.354838709677419,"nflverse (nflreadr::load_player_stats fantasy_points_ppr allowed-by-position, percentile-normalized) + nflreadr::load_schedules","2026-09-04 19:52:15.600932","ri-schedule-weekly-2026.1","CURRENT"
2025,15,"LA","DET","QB",0.3548,0.67741935483871,"nflverse (nflreadr::load_player_stats fantasy_points_ppr allowed-by-position, percentile-normalized) + nflreadr::load_schedules","2026-09-04 19:52:15.600932","ri-schedule-weekly-2026.1","CURRENT"
2025,15,"LA","DET","RB",0.8065,0.903225806451613,"nflverse (nflreadr::load_player_stats fantasy_points_ppr allowed-by-position, percentile-normalized) + nflreadr::load_schedules","2026-09-04 19:52:15.600932","ri-schedule-weekly-2026.1","CURRENT"
2025,15,"LA","DET","TE",0.8065,0.903225806451613,"nflverse (nflreadr::load_player_stats fantasy_points_ppr allowed-by-position, percentile-normalized) + nflreadr::load_schedules","2026-09-04 19:52:15.600932","ri-schedule-weekly-2026.1","CURRENT"
2025,15,"LA","DET","WR",0.7419,0.870967741935484,"nflverse (nflreadr::load_player_stats fantasy_points_ppr allowed-by-position, percentile-normalized) + nflreadr::load_schedules","2026-09-04 19:52:15.600932","ri-schedule-weekly-2026.1","CURRENT"
2025,15,"LAC","KC","QB",-0.6774,0.161290322580645,"nflverse (nflreadr::load_player_stats fantasy_points_ppr allowed-by-position, percentile-normalized) + nflreadr::load_schedules","2026-09-04 19:52:15.600932","ri-schedule-weekly-2026.1","CURRENT"
2025,15,"LAC","KC","RB",-0.6129,0.193548387096774,"nflverse (nflreadr::load_player_stats fantasy_points_ppr allowed-by-position, percentile-normalized) + nflreadr::load_schedules","2026-09-04 19:52:15.600932","ri-schedule-weekly-2026.1","CURRENT"
2025,15,"LAC","KC","TE",-0.0323,0.483870967741935,"nflverse (nflreadr::load_player_stats fantasy_points_ppr allowed-by-position, percentile-normalized) + nflreadr::load_schedules","2026-09-04 19:52:15.600932","ri-schedule-weekly-2026.1","CURRENT"
2025,15,"LAC","KC","WR",0.0968,0.548387096774194,"nflverse (nflreadr::load_player_stats fantasy_points_ppr allowed-by-position, percentile-normalized) + nflreadr::load_schedules","2026-09-04 19:52:15.600932","ri-schedule-weekly-2026.1","CURRENT"
2025,15,"LV","PHI","QB",-1,0,"nflverse (nflreadr::load_player_stats fantasy_points_ppr allowed-by-position, percentile-normalized) + nflreadr::load_schedules","2026-09-04 19:52:15.600932","ri-schedule-weekly-2026.1","CURRENT"
2025,15,"LV","PHI","RB",-0.8065,0.0967741935483871,"nflverse (nflreadr::load_player_stats fantasy_points_ppr allowed-by-position, percentile-normalized) + nflreadr::load_schedules","2026-09-04 19:52:15.600932","ri-schedule-weekly-2026.1","CURRENT"
2025,15,"LV","PHI","TE",-0.2258,0.387096774193548,"nflverse (nflreadr::load_player_stats fantasy_points_ppr allowed-by-position, percentile-normalized) + nflreadr::load_schedules","2026-09-04 19:52:15.600932","ri-schedule-weekly-2026.1","CURRENT"
2025,15,"LV","PHI","WR",-0.9355,0.032258064516129,"nflverse (nflreadr::load_player_stats fantasy_points_ppr allowed-by-position, percentile-normalized) + nflreadr::load_schedules","2026-09-04 19:52:15.600932","ri-schedule-weekly-2026.1","CURRENT"
2025,15,"MIA","PIT","QB",-0.0968,0.451612903225806,"nflverse (nflreadr::load_player_stats fantasy_points_ppr allowed-by-position, percentile-normalized) + nflreadr::load_schedules","2026-09-04 19:52:15.600932","ri-schedule-weekly-2026.1","CURRENT"
2025,15,"MIA","PIT","RB",-0.0323,0.483870967741935,"nflverse (nflreadr::load_player_stats fantasy_points_ppr allowed-by-position, percentile-normalized) + nflreadr::load_schedules","2026-09-04 19:52:15.600932","ri-schedule-weekly-2026.1","CURRENT"
2025,15,"MIA","PIT","TE",0.871,0.935483870967742,"nflverse (nflreadr::load_player_stats fantasy_points_ppr allowed-by-position, percentile-normalized) + nflreadr::load_schedules","2026-09-04 19:52:15.600932","ri-schedule-weekly-2026.1","CURRENT"
2025,15,"MIA","PIT","WR",-1,0,"nflverse (nflreadr::load_player_stats fantasy_points_ppr allowed-by-position, percentile-normalized) + nflreadr::load_schedules","2026-09-04 19:52:15.600932","ri-schedule-weekly-2026.1","CURRENT"
2025,15,"MIN","DAL","QB",0.5484,0.774193548387097,"nflverse (nflreadr::load_player_stats fantasy_points_ppr allowed-by-position, percentile-normalized) + nflreadr::load_schedules","2026-09-04 19:52:15.600932","ri-schedule-weekly-2026.1","CURRENT"
2025,15,"MIN","DAL","RB",-0.6774,0.161290322580645,"nflverse (nflreadr::load_player_stats fantasy_points_ppr allowed-by-position, percentile-normalized) + nflreadr::load_schedules","2026-09-04 19:52:15.600932","ri-schedule-weekly-2026.1","CURRENT"
2025,15,"MIN","DAL","TE",0.0968,0.548387096774194,"nflverse (nflreadr::load_player_stats fantasy_points_ppr allowed-by-position, percentile-normalized) + nflreadr::load_schedules","2026-09-04 19:52:15.600932","ri-schedule-weekly-2026.1","CURRENT"
2025,15,"MIN","DAL","WR",0.2258,0.612903225806452,"nflverse (nflreadr::load_player_stats fantasy_points_ppr allowed-by-position, percentile-normalized) + nflreadr::load_schedules","2026-09-04 19:52:15.600932","ri-schedule-weekly-2026.1","CURRENT"
2025,15,"NE","BUF","QB",0.2258,0.612903225806452,"nflverse (nflreadr::load_player_stats fantasy_points_ppr allowed-by-position, percentile-normalized) + nflreadr::load_schedules","2026-09-04 19:52:15.600932","ri-schedule-weekly-2026.1","CURRENT"
2025,15,"NE","BUF","RB",0.9355,0.967741935483871,"nflverse (nflreadr::load_player_stats fantasy_points_ppr allowed-by-position, percentile-normalized) + nflreadr::load_schedules","2026-09-04 19:52:15.600932","ri-schedule-weekly-2026.1","CURRENT"
2025,15,"NE","BUF","TE",-0.871,0.0645161290322581,"nflverse (nflreadr::load_player_stats fantasy_points_ppr allowed-by-position, percentile-normalized) + nflreadr::load_schedules","2026-09-04 19:52:15.600932","ri-schedule-weekly-2026.1","CURRENT"
2025,15,"NE","BUF","WR",-0.7419,0.129032258064516,"nflverse (nflreadr::load_player_stats fantasy_points_ppr allowed-by-position, percentile-normalized) + nflreadr::load_schedules","2026-09-04 19:52:15.600932","ri-schedule-weekly-2026.1","CURRENT"
2025,15,"NO","CAR","QB",0.0323,0.516129032258065,"nflverse (nflreadr::load_player_stats fantasy_points_ppr allowed-by-position, percentile-normalized) + nflreadr::load_schedules","2026-09-04 19:52:15.600932","ri-schedule-weekly-2026.1","CURRENT"
2025,15,"NO","CAR","RB",-0.1613,0.419354838709677,"nflverse (nflreadr::load_player_stats fantasy_points_ppr allowed-by-position, percentile-normalized) + nflreadr::load_schedules","2026-09-04 19:52:15.600932","ri-schedule-weekly-2026.1","CURRENT"
2025,15,"NO","CAR","TE",-0.1613,0.419354838709677,"nflverse (nflreadr::load_player_stats fantasy_points_ppr allowed-by-position, percentile-normalized) + nflreadr::load_schedules","2026-09-04 19:52:15.600932","ri-schedule-weekly-2026.1","CURRENT"
2025,15,"NO","CAR","WR",0.6129,0.806451612903226,"nflverse (nflreadr::load_player_stats fantasy_points_ppr allowed-by-position, percentile-normalized) + nflreadr::load_schedules","2026-09-04 19:52:15.600932","ri-schedule-weekly-2026.1","CURRENT"
2025,15,"NYG","WAS","QB",0.4194,0.709677419354839,"nflverse (nflreadr::load_player_stats fantasy_points_ppr allowed-by-position, percentile-normalized) + nflreadr::load_schedules","2026-09-04 19:52:15.600932","ri-schedule-weekly-2026.1","CURRENT"
2025,15,"NYG","WAS","RB",0.4839,0.741935483870968,"nflverse (nflreadr::load_player_stats fantasy_points_ppr allowed-by-position, percentile-normalized) + nflreadr::load_schedules","2026-09-04 19:52:15.600932","ri-schedule-weekly-2026.1","CURRENT"
2025,15,"NYG","WAS","TE",0.3548,0.67741935483871,"nflverse (nflreadr::load_player_stats fantasy_points_ppr allowed-by-position, percentile-normalized) + nflreadr::load_schedules","2026-09-04 19:52:15.600932","ri-schedule-weekly-2026.1","CURRENT"
2025,15,"NYG","WAS","WR",-0.0323,0.483870967741935,"nflverse (nflreadr::load_player_stats fantasy_points_ppr allowed-by-position, percentile-normalized) + nflreadr::load_schedules","2026-09-04 19:52:15.600932","ri-schedule-weekly-2026.1","CURRENT"
2025,15,"NYJ","JAX","QB",-0.7419,0.129032258064516,"nflverse (nflreadr::load_player_stats fantasy_points_ppr allowed-by-position, percentile-normalized) + nflreadr::load_schedules","2026-09-04 19:52:15.600932","ri-schedule-weekly-2026.1","CURRENT"
2025,15,"NYJ","JAX","RB",-0.0968,0.451612903225806,"nflverse (nflreadr::load_player_stats fantasy_points_ppr allowed-by-position, percentile-normalized) + nflreadr::load_schedules","2026-09-04 19:52:15.600932","ri-schedule-weekly-2026.1","CURRENT"
2025,15,"NYJ","JAX","TE",-0.8065,0.0967741935483871,"nflverse (nflreadr::load_player_stats fantasy_points_ppr allowed-by-position, percentile-normalized) + nflreadr::load_schedules","2026-09-04 19:52:15.600932","ri-schedule-weekly-2026.1","CURRENT"
2025,15,"NYJ","JAX","WR",0.4194,0.709677419354839,"nflverse (nflreadr::load_player_stats fantasy_points_ppr allowed-by-position, percentile-normalized) + nflreadr::load_schedules","2026-09-04 19:52:15.600932","ri-schedule-weekly-2026.1","CURRENT"
2025,15,"PHI","LV","QB",0.6774,0.838709677419355,"nflverse (nflreadr::load_player_stats fantasy_points_ppr allowed-by-position, percentile-normalized) + nflreadr::load_schedules","2026-09-04 19:52:15.600932","ri-schedule-weekly-2026.1","CURRENT"
2025,15,"PHI","LV","RB",0.1613,0.580645161290323,"nflverse (nflreadr::load_player_stats fantasy_points_ppr allowed-by-position, percentile-normalized) + nflreadr::load_schedules","2026-09-04 19:52:15.600932","ri-schedule-weekly-2026.1","CURRENT"
2025,15,"PHI","LV","TE",0.6129,0.806451612903226,"nflverse (nflreadr::load_player_stats fantasy_points_ppr allowed-by-position, percentile-normalized) + nflreadr::load_schedules","2026-09-04 19:52:15.600932","ri-schedule-weekly-2026.1","CURRENT"
2025,15,"PHI","LV","WR",-0.3548,0.32258064516129,"nflverse (nflreadr::load_player_stats fantasy_points_ppr allowed-by-position, percentile-normalized) + nflreadr::load_schedules","2026-09-04 19:52:15.600932","ri-schedule-weekly-2026.1","CURRENT"
2025,15,"PIT","MIA","QB",-0.0323,0.483870967741935,"nflverse (nflreadr::load_player_stats fantasy_points_ppr allowed-by-position, percentile-normalized) + nflreadr::load_schedules","2026-09-04 19:52:15.600932","ri-schedule-weekly-2026.1","CURRENT"
2025,15,"PIT","MIA","RB",0.5484,0.774193548387097,"nflverse (nflreadr::load_player_stats fantasy_points_ppr allowed-by-position, percentile-normalized) + nflreadr::load_schedules","2026-09-04 19:52:15.600932","ri-schedule-weekly-2026.1","CURRENT"
2025,15,"PIT","MIA","TE",0.5484,0.774193548387097,"nflverse (nflreadr::load_player_stats fantasy_points_ppr allowed-by-position, percentile-normalized) + nflreadr::load_schedules","2026-09-04 19:52:15.600932","ri-schedule-weekly-2026.1","CURRENT"
2025,15,"PIT","MIA","WR",-0.2258,0.387096774193548,"nflverse (nflreadr::load_player_stats fantasy_points_ppr allowed-by-position, percentile-normalized) + nflreadr::load_schedules","2026-09-04 19:52:15.600932","ri-schedule-weekly-2026.1","CURRENT"
2025,15,"SEA","IND","QB",-0.6129,0.193548387096774,"nflverse (nflreadr::load_player_stats fantasy_points_ppr allowed-by-position, percentile-normalized) + nflreadr::load_schedules","2026-09-04 19:52:15.600932","ri-schedule-weekly-2026.1","CURRENT"
2025,15,"SEA","IND","RB",-0.9355,0.032258064516129,"nflverse (nflreadr::load_player_stats fantasy_points_ppr allowed-by-position, percentile-normalized) + nflreadr::load_schedules","2026-09-04 19:52:15.600932","ri-schedule-weekly-2026.1","CURRENT"
2025,15,"SEA","IND","TE",-0.4194,0.290322580645161,"nflverse (nflreadr::load_player_stats fantasy_points_ppr allowed-by-position, percentile-normalized) + nflreadr::load_schedules","2026-09-04 19:52:15.600932","ri-schedule-weekly-2026.1","CURRENT"
2025,15,"SEA","IND","WR",0.6774,0.838709677419355,"nflverse (nflreadr::load_player_stats fantasy_points_ppr allowed-by-position, percentile-normalized) + nflreadr::load_schedules","2026-09-04 19:52:15.600932","ri-schedule-weekly-2026.1","CURRENT"
2025,15,"SF","TEN","QB",0.8065,0.903225806451613,"nflverse (nflreadr::load_player_stats fantasy_points_ppr allowed-by-position, percentile-normalized) + nflreadr::load_schedules","2026-09-04 19:52:15.600932","ri-schedule-weekly-2026.1","CURRENT"
2025,15,"SF","TEN","RB",-0.3548,0.32258064516129,"nflverse (nflreadr::load_player_stats fantasy_points_ppr allowed-by-position, percentile-normalized) + nflreadr::load_schedules","2026-09-04 19:52:15.600932","ri-schedule-weekly-2026.1","CURRENT"
2025,15,"SF","TEN","TE",0.4839,0.741935483870968,"nflverse (nflreadr::load_player_stats fantasy_points_ppr allowed-by-position, percentile-normalized) + nflreadr::load_schedules","2026-09-04 19:52:15.600932","ri-schedule-weekly-2026.1","CURRENT"
2025,15,"SF","TEN","WR",0.8065,0.903225806451613,"nflverse (nflreadr::load_player_stats fantasy_points_ppr allowed-by-position, percentile-normalized) + nflreadr::load_schedules","2026-09-04 19:52:15.600932","ri-schedule-weekly-2026.1","CURRENT"
2025,15,"TB","ATL","QB",0.1613,0.580645161290323,"nflverse (nflreadr::load_player_stats fantasy_points_ppr allowed-by-position, percentile-normalized) + nflreadr::load_schedules","2026-09-04 19:52:15.600932","ri-schedule-weekly-2026.1","CURRENT"
2025,15,"TB","ATL","RB",-0.2903,0.354838709677419,"nflverse (nflreadr::load_player_stats fantasy_points_ppr allowed-by-position, percentile-normalized) + nflreadr::load_schedules","2026-09-04 19:52:15.600932","ri-schedule-weekly-2026.1","CURRENT"
2025,15,"TB","ATL","TE",-0.4194,0.290322580645161,"nflverse (nflreadr::load_player_stats fantasy_points_ppr allowed-by-position, percentile-normalized) + nflreadr::load_schedules","2026-09-04 19:52:15.600932","ri-schedule-weekly-2026.1","CURRENT"
2025,15,"TB","ATL","WR",0.871,0.935483870967742,"nflverse (nflreadr::load_player_stats fantasy_points_ppr allowed-by-position, percentile-normalized) + nflreadr::load_schedules","2026-09-04 19:52:15.600932","ri-schedule-weekly-2026.1","CURRENT"
2025,15,"TEN","SF","QB",-0.2258,0.387096774193548,"nflverse (nflreadr::load_player_stats fantasy_points_ppr allowed-by-position, percentile-normalized) + nflreadr::load_schedules","2026-09-04 19:52:15.600932","ri-schedule-weekly-2026.1","CURRENT"
2025,15,"TEN","SF","RB",0.2258,0.612903225806452,"nflverse (nflreadr::load_player_stats fantasy_points_ppr allowed-by-position, percentile-normalized) + nflreadr::load_schedules","2026-09-04 19:52:15.600932","ri-schedule-weekly-2026.1","CURRENT"
2025,15,"TEN","SF","TE",0.4194,0.709677419354839,"nflverse (nflreadr::load_player_stats fantasy_points_ppr allowed-by-position, percentile-normalized) + nflreadr::load_schedules","2026-09-04 19:52:15.600932","ri-schedule-weekly-2026.1","CURRENT"
2025,15,"TEN","SF","WR",-0.871,0.0645161290322581,"nflverse (nflreadr::load_player_stats fantasy_points_ppr allowed-by-position, percentile-normalized) + nflreadr::load_schedules","2026-09-04 19:52:15.600932","ri-schedule-weekly-2026.1","CURRENT"
2025,15,"WAS","NYG","QB",-0.2903,0.354838709677419,"nflverse (nflreadr::load_player_stats fantasy_points_ppr allowed-by-position, percentile-normalized) + nflreadr::load_schedules","2026-09-04 19:52:15.600932","ri-schedule-weekly-2026.1","CURRENT"
2025,15,"WAS","NYG","RB",-0.4839,0.258064516129032,"nflverse (nflreadr::load_player_stats fantasy_points_ppr allowed-by-position, percentile-normalized) + nflreadr::load_schedules","2026-09-04 19:52:15.600932","ri-schedule-weekly-2026.1","CURRENT"
2025,15,"WAS","NYG","TE",-0.5484,0.225806451612903,"nflverse (nflreadr::load_player_stats fantasy_points_ppr allowed-by-position, percentile-normalized) + nflreadr::load_schedules","2026-09-04 19:52:15.600932","ri-schedule-weekly-2026.1","CURRENT"
2025,15,"WAS","NYG","WR",0.2903,0.645161290322581,"nflverse (nflreadr::load_player_stats fantasy_points_ppr allowed-by-position, percentile-normalized) + nflreadr::load_schedules","2026-09-04 19:52:15.600932","ri-schedule-weekly-2026.1","CURRENT"
2025,16,"ARI","ATL","QB",-0.4839,0.258064516129032,"nflverse (nflreadr::load_player_stats fantasy_points_ppr allowed-by-position, percentile-normalized) + nflreadr::load_schedules","2026-09-04 19:52:15.600932","ri-schedule-weekly-2026.1","CURRENT"
2025,16,"ARI","ATL","RB",-0.871,0.0645161290322581,"nflverse (nflreadr::load_player_stats fantasy_points_ppr allowed-by-position, percentile-normalized) + nflreadr::load_schedules","2026-09-04 19:52:15.600932","ri-schedule-weekly-2026.1","CURRENT"
2025,16,"ARI","ATL","TE",0.871,0.935483870967742,"nflverse (nflreadr::load_player_stats fantasy_points_ppr allowed-by-position, percentile-normalized) + nflreadr::load_schedules","2026-09-04 19:52:15.600932","ri-schedule-weekly-2026.1","CURRENT"
2025,16,"ARI","ATL","WR",-0.5484,0.225806451612903,"nflverse (nflreadr::load_player_stats fantasy_points_ppr allowed-by-position, percentile-normalized) + nflreadr::load_schedules","2026-09-04 19:52:15.600932","ri-schedule-weekly-2026.1","CURRENT"
2025,16,"ATL","ARI","QB",0.1613,0.580645161290323,"nflverse (nflreadr::load_player_stats fantasy_points_ppr allowed-by-position, percentile-normalized) + nflreadr::load_schedules","2026-09-04 19:52:15.600932","ri-schedule-weekly-2026.1","CURRENT"
2025,16,"ATL","ARI","RB",0.7419,0.870967741935484,"nflverse (nflreadr::load_player_stats fantasy_points_ppr allowed-by-position, percentile-normalized) + nflreadr::load_schedules","2026-09-04 19:52:15.600932","ri-schedule-weekly-2026.1","CURRENT"
2025,16,"ATL","ARI","TE",0.6129,0.806451612903226,"nflverse (nflreadr::load_player_stats fantasy_points_ppr allowed-by-position, percentile-normalized) + nflreadr::load_schedules","2026-09-04 19:52:15.600932","ri-schedule-weekly-2026.1","CURRENT"
2025,16,"ATL","ARI","WR",-0.9355,0.032258064516129,"nflverse (nflreadr::load_player_stats fantasy_points_ppr allowed-by-position, percentile-normalized) + nflreadr::load_schedules","2026-09-04 19:52:15.600932","ri-schedule-weekly-2026.1","CURRENT"
2025,16,"BAL","NE","QB",-0.6129,0.193548387096774,"nflverse (nflreadr::load_player_stats fantasy_points_ppr allowed-by-position, percentile-normalized) + nflreadr::load_schedules","2026-09-04 19:52:15.600932","ri-schedule-weekly-2026.1","CURRENT"
2025,16,"BAL","NE","RB",0.2258,0.612903225806452,"nflverse (nflreadr::load_player_stats fantasy_points_ppr allowed-by-position, percentile-normalized) + nflreadr::load_schedules","2026-09-04 19:52:15.600932","ri-schedule-weekly-2026.1","CURRENT"
2025,16,"BAL","NE","TE",-0.4839,0.258064516129032,"nflverse (nflreadr::load_player_stats fantasy_points_ppr allowed-by-position, percentile-normalized) + nflreadr::load_schedules","2026-09-04 19:52:15.600932","ri-schedule-weekly-2026.1","CURRENT"
2025,16,"BAL","NE","WR",-0.1613,0.419354838709677,"nflverse (nflreadr::load_player_stats fantasy_points_ppr allowed-by-position, percentile-normalized) + nflreadr::load_schedules","2026-09-04 19:52:15.600932","ri-schedule-weekly-2026.1","CURRENT"
2025,16,"BUF","CLE","QB",-0.7419,0.129032258064516,"nflverse (nflreadr::load_player_stats fantasy_points_ppr allowed-by-position, percentile-normalized) + nflreadr::load_schedules","2026-09-04 19:52:15.600932","ri-schedule-weekly-2026.1","CURRENT"
2025,16,"BUF","CLE","RB",0.8065,0.903225806451613,"nflverse (nflreadr::load_player_stats fantasy_points_ppr allowed-by-position, percentile-normalized) + nflreadr::load_schedules","2026-09-04 19:52:15.600932","ri-schedule-weekly-2026.1","CURRENT"
2025,16,"BUF","CLE","TE",-0.6129,0.193548387096774,"nflverse (nflreadr::load_player_stats fantasy_points_ppr allowed-by-position, percentile-normalized) + nflreadr::load_schedules","2026-09-04 19:52:15.600932","ri-schedule-weekly-2026.1","CURRENT"
2025,16,"BUF","CLE","WR",-0.871,0.0645161290322581,"nflverse (nflreadr::load_player_stats fantasy_points_ppr allowed-by-position, percentile-normalized) + nflreadr::load_schedules","2026-09-04 19:52:15.600932","ri-schedule-weekly-2026.1","CURRENT"
2025,16,"CAR","TB","QB",0.2258,0.612903225806452,"nflverse (nflreadr::load_player_stats fantasy_points_ppr allowed-by-position, percentile-normalized) + nflreadr::load_schedules","2026-09-04 19:52:15.600932","ri-schedule-weekly-2026.1","CURRENT"
2025,16,"CAR","TB","RB",-0.8065,0.0967741935483871,"nflverse (nflreadr::load_player_stats fantasy_points_ppr allowed-by-position, percentile-normalized) + nflreadr::load_schedules","2026-09-04 19:52:15.600932","ri-schedule-weekly-2026.1","CURRENT"
2025,16,"CAR","TB","TE",0.1613,0.580645161290323,"nflverse (nflreadr::load_player_stats fantasy_points_ppr allowed-by-position, percentile-normalized) + nflreadr::load_schedules","2026-09-04 19:52:15.600932","ri-schedule-weekly-2026.1","CURRENT"
2025,16,"CAR","TB","WR",0.0323,0.516129032258065,"nflverse (nflreadr::load_player_stats fantasy_points_ppr allowed-by-position, percentile-normalized) + nflreadr::load_schedules","2026-09-04 19:52:15.600932","ri-schedule-weekly-2026.1","CURRENT"
2025,16,"CHI","GB","QB",0.5484,0.774193548387097,"nflverse (nflreadr::load_player_stats fantasy_points_ppr allowed-by-position, percentile-normalized) + nflreadr::load_schedules","2026-09-04 19:52:15.600932","ri-schedule-weekly-2026.1","CURRENT"
2025,16,"CHI","GB","RB",-0.0968,0.451612903225806,"nflverse (nflreadr::load_player_stats fantasy_points_ppr allowed-by-position, percentile-normalized) + nflreadr::load_schedules","2026-09-04 19:52:15.600932","ri-schedule-weekly-2026.1","CURRENT"
2025,16,"CHI","GB","TE",-0.2903,0.354838709677419,"nflverse (nflreadr::load_player_stats fantasy_points_ppr allowed-by-position, percentile-normalized) + nflreadr::load_schedules","2026-09-04 19:52:15.600932","ri-schedule-weekly-2026.1","CURRENT"
2025,16,"CHI","GB","WR",0.1613,0.580645161290323,"nflverse (nflreadr::load_player_stats fantasy_points_ppr allowed-by-position, percentile-normalized) + nflreadr::load_schedules","2026-09-04 19:52:15.600932","ri-schedule-weekly-2026.1","CURRENT"
2025,16,"CIN","MIA","QB",0.7419,0.870967741935484,"nflverse (nflreadr::load_player_stats fantasy_points_ppr allowed-by-position, percentile-normalized) + nflreadr::load_schedules","2026-09-04 19:52:15.600932","ri-schedule-weekly-2026.1","CURRENT"
2025,16,"CIN","MIA","RB",0.9355,0.967741935483871,"nflverse (nflreadr::load_player_stats fantasy_points_ppr allowed-by-position, percentile-normalized) + nflreadr::load_schedules","2026-09-04 19:52:15.600932","ri-schedule-weekly-2026.1","CURRENT"
2025,16,"CIN","MIA","TE",0.6774,0.838709677419355,"nflverse (nflreadr::load_player_stats fantasy_points_ppr allowed-by-position, percentile-normalized) + nflreadr::load_schedules","2026-09-04 19:52:15.600932","ri-schedule-weekly-2026.1","CURRENT"
2025,16,"CIN","MIA","WR",0.2903,0.645161290322581,"nflverse (nflreadr::load_player_stats fantasy_points_ppr allowed-by-position, percentile-normalized) + nflreadr::load_schedules","2026-09-04 19:52:15.600932","ri-schedule-weekly-2026.1","CURRENT"
2025,16,"CLE","BUF","QB",-0.4194,0.290322580645161,"nflverse (nflreadr::load_player_stats fantasy_points_ppr allowed-by-position, percentile-normalized) + nflreadr::load_schedules","2026-09-04 19:52:15.600932","ri-schedule-weekly-2026.1","CURRENT"
2025,16,"CLE","BUF","RB",0.1613,0.580645161290323,"nflverse (nflreadr::load_player_stats fantasy_points_ppr allowed-by-position, percentile-normalized) + nflreadr::load_schedules","2026-09-04 19:52:15.600932","ri-schedule-weekly-2026.1","CURRENT"
2025,16,"CLE","BUF","TE",0.5484,0.774193548387097,"nflverse (nflreadr::load_player_stats fantasy_points_ppr allowed-by-position, percentile-normalized) + nflreadr::load_schedules","2026-09-04 19:52:15.600932","ri-schedule-weekly-2026.1","CURRENT"
2025,16,"CLE","BUF","WR",-0.7419,0.129032258064516,"nflverse (nflreadr::load_player_stats fantasy_points_ppr allowed-by-position, percentile-normalized) + nflreadr::load_schedules","2026-09-04 19:52:15.600932","ri-schedule-weekly-2026.1","CURRENT"
2025,16,"DAL","LAC","QB",0.3548,0.67741935483871,"nflverse (nflreadr::load_player_stats fantasy_points_ppr allowed-by-position, percentile-normalized) + nflreadr::load_schedules","2026-09-04 19:52:15.600932","ri-schedule-weekly-2026.1","CURRENT"
2025,16,"DAL","LAC","RB",-0.9355,0.032258064516129,"nflverse (nflreadr::load_player_stats fantasy_points_ppr allowed-by-position, percentile-normalized) + nflreadr::load_schedules","2026-09-04 19:52:15.600932","ri-schedule-weekly-2026.1","CURRENT"
2025,16,"DAL","LAC","TE",-0.7419,0.129032258064516,"nflverse (nflreadr::load_player_stats fantasy_points_ppr allowed-by-position, percentile-normalized) + nflreadr::load_schedules","2026-09-04 19:52:15.600932","ri-schedule-weekly-2026.1","CURRENT"
2025,16,"DAL","LAC","WR",0.7419,0.870967741935484,"nflverse (nflreadr::load_player_stats fantasy_points_ppr allowed-by-position, percentile-normalized) + nflreadr::load_schedules","2026-09-04 19:52:15.600932","ri-schedule-weekly-2026.1","CURRENT"
2025,16,"DEN","JAX","QB",-0.1613,0.419354838709677,"nflverse (nflreadr::load_player_stats fantasy_points_ppr allowed-by-position, percentile-normalized) + nflreadr::load_schedules","2026-09-04 19:52:15.600932","ri-schedule-weekly-2026.1","CURRENT"
2025,16,"DEN","JAX","RB",0.2903,0.645161290322581,"nflverse (nflreadr::load_player_stats fantasy_points_ppr allowed-by-position, percentile-normalized) + nflreadr::load_schedules","2026-09-04 19:52:15.600932","ri-schedule-weekly-2026.1","CURRENT"
2025,16,"DEN","JAX","TE",-0.3548,0.32258064516129,"nflverse (nflreadr::load_player_stats fantasy_points_ppr allowed-by-position, percentile-normalized) + nflreadr::load_schedules","2026-09-04 19:52:15.600932","ri-schedule-weekly-2026.1","CURRENT"
2025,16,"DEN","JAX","WR",0.6129,0.806451612903226,"nflverse (nflreadr::load_player_stats fantasy_points_ppr allowed-by-position, percentile-normalized) + nflreadr::load_schedules","2026-09-04 19:52:15.600932","ri-schedule-weekly-2026.1","CURRENT"
2025,16,"DET","PIT","QB",0.6774,0.838709677419355,"nflverse (nflreadr::load_player_stats fantasy_points_ppr allowed-by-position, percentile-normalized) + nflreadr::load_schedules","2026-09-04 19:52:15.600932","ri-schedule-weekly-2026.1","CURRENT"
2025,16,"DET","PIT","RB",0.0323,0.516129032258065,"nflverse (nflreadr::load_player_stats fantasy_points_ppr allowed-by-position, percentile-normalized) + nflreadr::load_schedules","2026-09-04 19:52:15.600932","ri-schedule-weekly-2026.1","CURRENT"
2025,16,"DET","PIT","TE",0.0323,0.516129032258065,"nflverse (nflreadr::load_player_stats fantasy_points_ppr allowed-by-position, percentile-normalized) + nflreadr::load_schedules","2026-09-04 19:52:15.600932","ri-schedule-weekly-2026.1","CURRENT"
2025,16,"DET","PIT","WR",0.8065,0.903225806451613,"nflverse (nflreadr::load_player_stats fantasy_points_ppr allowed-by-position, percentile-normalized) + nflreadr::load_schedules","2026-09-04 19:52:15.600932","ri-schedule-weekly-2026.1","CURRENT"
2025,16,"GB","CHI","QB",-0.0323,0.483870967741935,"nflverse (nflreadr::load_player_stats fantasy_points_ppr allowed-by-position, percentile-normalized) + nflreadr::load_schedules","2026-09-04 19:52:15.600932","ri-schedule-weekly-2026.1","CURRENT"
2025,16,"GB","CHI","RB",-0.7419,0.129032258064516,"nflverse (nflreadr::load_player_stats fantasy_points_ppr allowed-by-position, percentile-normalized) + nflreadr::load_schedules","2026-09-04 19:52:15.600932","ri-schedule-weekly-2026.1","CURRENT"
2025,16,"GB","CHI","TE",-0.5484,0.225806451612903,"nflverse (nflreadr::load_player_stats fantasy_points_ppr allowed-by-position, percentile-normalized) + nflreadr::load_schedules","2026-09-04 19:52:15.600932","ri-schedule-weekly-2026.1","CURRENT"
2025,16,"GB","CHI","WR",0.0968,0.548387096774194,"nflverse (nflreadr::load_player_stats fantasy_points_ppr allowed-by-position, percentile-normalized) + nflreadr::load_schedules","2026-09-04 19:52:15.600932","ri-schedule-weekly-2026.1","CURRENT"
2025,16,"HOU","LV","QB",-0.3548,0.32258064516129,"nflverse (nflreadr::load_player_stats fantasy_points_ppr allowed-by-position, percentile-normalized) + nflreadr::load_schedules","2026-09-04 19:52:15.600932","ri-schedule-weekly-2026.1","CURRENT"
2025,16,"HOU","LV","RB",-0.4194,0.290322580645161,"nflverse (nflreadr::load_player_stats fantasy_points_ppr allowed-by-position, percentile-normalized) + nflreadr::load_schedules","2026-09-04 19:52:15.600932","ri-schedule-weekly-2026.1","CURRENT"
2025,16,"HOU","LV","TE",0.4194,0.709677419354839,"nflverse (nflreadr::load_player_stats fantasy_points_ppr allowed-by-position, percentile-normalized) + nflreadr::load_schedules","2026-09-04 19:52:15.600932","ri-schedule-weekly-2026.1","CURRENT"
2025,16,"HOU","LV","WR",-0.4194,0.290322580645161,"nflverse (nflreadr::load_player_stats fantasy_points_ppr allowed-by-position, percentile-normalized) + nflreadr::load_schedules","2026-09-04 19:52:15.600932","ri-schedule-weekly-2026.1","CURRENT"
2025,16,"IND","SF","QB",0.0323,0.516129032258065,"nflverse (nflreadr::load_player_stats fantasy_points_ppr allowed-by-position, percentile-normalized) + nflreadr::load_schedules","2026-09-04 19:52:15.600932","ri-schedule-weekly-2026.1","CURRENT"
2025,16,"IND","SF","RB",-0.2258,0.387096774193548,"nflverse (nflreadr::load_player_stats fantasy_points_ppr allowed-by-position, percentile-normalized) + nflreadr::load_schedules","2026-09-04 19:52:15.600932","ri-schedule-weekly-2026.1","CURRENT"
2025,16,"IND","SF","TE",-0.2258,0.387096774193548,"nflverse (nflreadr::load_player_stats fantasy_points_ppr allowed-by-position, percentile-normalized) + nflreadr::load_schedules","2026-09-04 19:52:15.600932","ri-schedule-weekly-2026.1","CURRENT"
2025,16,"IND","SF","WR",0.5484,0.774193548387097,"nflverse (nflreadr::load_player_stats fantasy_points_ppr allowed-by-position, percentile-normalized) + nflreadr::load_schedules","2026-09-04 19:52:15.600932","ri-schedule-weekly-2026.1","CURRENT"
2025,16,"JAX","DEN","QB",1,1,"nflverse (nflreadr::load_player_stats fantasy_points_ppr allowed-by-position, percentile-normalized) + nflreadr::load_schedules","2026-09-04 19:52:15.600932","ri-schedule-weekly-2026.1","CURRENT"
2025,16,"JAX","DEN","RB",-0.4839,0.258064516129032,"nflverse (nflreadr::load_player_stats fantasy_points_ppr allowed-by-position, percentile-normalized) + nflreadr::load_schedules","2026-09-04 19:52:15.600932","ri-schedule-weekly-2026.1","CURRENT"
2025,16,"JAX","DEN","TE",0.2903,0.645161290322581,"nflverse (nflreadr::load_player_stats fantasy_points_ppr allowed-by-position, percentile-normalized) + nflreadr::load_schedules","2026-09-04 19:52:15.600932","ri-schedule-weekly-2026.1","CURRENT"
2025,16,"JAX","DEN","WR",0.4839,0.741935483870968,"nflverse (nflreadr::load_player_stats fantasy_points_ppr allowed-by-position, percentile-normalized) + nflreadr::load_schedules","2026-09-04 19:52:15.600932","ri-schedule-weekly-2026.1","CURRENT"
2025,16,"KC","TEN","QB",-0.8065,0.0967741935483871,"nflverse (nflreadr::load_player_stats fantasy_points_ppr allowed-by-position, percentile-normalized) + nflreadr::load_schedules","2026-09-04 19:52:15.600932","ri-schedule-weekly-2026.1","CURRENT"
2025,16,"KC","TEN","RB",-0.6774,0.161290322580645,"nflverse (nflreadr::load_player_stats fantasy_points_ppr allowed-by-position, percentile-normalized) + nflreadr::load_schedules","2026-09-04 19:52:15.600932","ri-schedule-weekly-2026.1","CURRENT"
2025,16,"KC","TEN","TE",-0.871,0.0645161290322581,"nflverse (nflreadr::load_player_stats fantasy_points_ppr allowed-by-position, percentile-normalized) + nflreadr::load_schedules","2026-09-04 19:52:15.600932","ri-schedule-weekly-2026.1","CURRENT"
2025,16,"KC","TEN","WR",-0.8065,0.0967741935483871,"nflverse (nflreadr::load_player_stats fantasy_points_ppr allowed-by-position, percentile-normalized) + nflreadr::load_schedules","2026-09-04 19:52:15.600932","ri-schedule-weekly-2026.1","CURRENT"
2025,16,"LA","SEA","QB",0.9355,0.967741935483871,"nflverse (nflreadr::load_player_stats fantasy_points_ppr allowed-by-position, percentile-normalized) + nflreadr::load_schedules","2026-09-04 19:52:15.600932","ri-schedule-weekly-2026.1","CURRENT"
2025,16,"LA","SEA","RB",0.0968,0.548387096774194,"nflverse (nflreadr::load_player_stats fantasy_points_ppr allowed-by-position, percentile-normalized) + nflreadr::load_schedules","2026-09-04 19:52:15.600932","ri-schedule-weekly-2026.1","CURRENT"
2025,16,"LA","SEA","TE",0.8065,0.903225806451613,"nflverse (nflreadr::load_player_stats fantasy_points_ppr allowed-by-position, percentile-normalized) + nflreadr::load_schedules","2026-09-04 19:52:15.600932","ri-schedule-weekly-2026.1","CURRENT"
2025,16,"LA","SEA","WR",1,1,"nflverse (nflreadr::load_player_stats fantasy_points_ppr allowed-by-position, percentile-normalized) + nflreadr::load_schedules","2026-09-04 19:52:15.600932","ri-schedule-weekly-2026.1","CURRENT"
2025,16,"LAC","DAL","QB",0.8065,0.903225806451613,"nflverse (nflreadr::load_player_stats fantasy_points_ppr allowed-by-position, percentile-normalized) + nflreadr::load_schedules","2026-09-04 19:52:15.600932","ri-schedule-weekly-2026.1","CURRENT"
2025,16,"LAC","DAL","RB",-0.2903,0.354838709677419,"nflverse (nflreadr::load_player_stats fantasy_points_ppr allowed-by-position, percentile-normalized) + nflreadr::load_schedules","2026-09-04 19:52:15.600932","ri-schedule-weekly-2026.1","CURRENT"
2025,16,"LAC","DAL","TE",-0.4194,0.290322580645161,"nflverse (nflreadr::load_player_stats fantasy_points_ppr allowed-by-position, percentile-normalized) + nflreadr::load_schedules","2026-09-04 19:52:15.600932","ri-schedule-weekly-2026.1","CURRENT"
2025,16,"LAC","DAL","WR",0.9355,0.967741935483871,"nflverse (nflreadr::load_player_stats fantasy_points_ppr allowed-by-position, percentile-normalized) + nflreadr::load_schedules","2026-09-04 19:52:15.600932","ri-schedule-weekly-2026.1","CURRENT"
2025,16,"LV","HOU","QB",-0.2258,0.387096774193548,"nflverse (nflreadr::load_player_stats fantasy_points_ppr allowed-by-position, percentile-normalized) + nflreadr::load_schedules","2026-09-04 19:52:15.600932","ri-schedule-weekly-2026.1","CURRENT"
2025,16,"LV","HOU","RB",0.6129,0.806451612903226,"nflverse (nflreadr::load_player_stats fantasy_points_ppr allowed-by-position, percentile-normalized) + nflreadr::load_schedules","2026-09-04 19:52:15.600932","ri-schedule-weekly-2026.1","CURRENT"
2025,16,"LV","HOU","TE",0.2258,0.612903225806452,"nflverse (nflreadr::load_player_stats fantasy_points_ppr allowed-by-position, percentile-normalized) + nflreadr::load_schedules","2026-09-04 19:52:15.600932","ri-schedule-weekly-2026.1","CURRENT"
2025,16,"LV","HOU","WR",-0.6129,0.193548387096774,"nflverse (nflreadr::load_player_stats fantasy_points_ppr allowed-by-position, percentile-normalized) + nflreadr::load_schedules","2026-09-04 19:52:15.600932","ri-schedule-weekly-2026.1","CURRENT"
2025,16,"MIA","CIN","QB",-0.7419,0.129032258064516,"nflverse (nflreadr::load_player_stats fantasy_points_ppr allowed-by-position, percentile-normalized) + nflreadr::load_schedules","2026-09-04 19:52:15.600932","ri-schedule-weekly-2026.1","CURRENT"
2025,16,"MIA","CIN","RB",0.4194,0.709677419354839,"nflverse (nflreadr::load_player_stats fantasy_points_ppr allowed-by-position, percentile-normalized) + nflreadr::load_schedules","2026-09-04 19:52:15.600932","ri-schedule-weekly-2026.1","CURRENT"
2025,16,"MIA","CIN","TE",-0.0323,0.483870967741935,"nflverse (nflreadr::load_player_stats fantasy_points_ppr allowed-by-position, percentile-normalized) + nflreadr::load_schedules","2026-09-04 19:52:15.600932","ri-schedule-weekly-2026.1","CURRENT"
2025,16,"MIA","CIN","WR",-0.0968,0.451612903225806,"nflverse (nflreadr::load_player_stats fantasy_points_ppr allowed-by-position, percentile-normalized) + nflreadr::load_schedules","2026-09-04 19:52:15.600932","ri-schedule-weekly-2026.1","CURRENT"
2025,16,"MIN","NYG","QB",-0.5484,0.225806451612903,"nflverse (nflreadr::load_player_stats fantasy_points_ppr allowed-by-position, percentile-normalized) + nflreadr::load_schedules","2026-09-04 19:52:15.600932","ri-schedule-weekly-2026.1","CURRENT"
2025,16,"MIN","NYG","RB",-0.5484,0.225806451612903,"nflverse (nflreadr::load_player_stats fantasy_points_ppr allowed-by-position, percentile-normalized) + nflreadr::load_schedules","2026-09-04 19:52:15.600932","ri-schedule-weekly-2026.1","CURRENT"
2025,16,"MIN","NYG","TE",-0.6774,0.161290322580645,"nflverse (nflreadr::load_player_stats fantasy_points_ppr allowed-by-position, percentile-normalized) + nflreadr::load_schedules","2026-09-04 19:52:15.600932","ri-schedule-weekly-2026.1","CURRENT"
2025,16,"MIN","NYG","WR",-0.3548,0.32258064516129,"nflverse (nflreadr::load_player_stats fantasy_points_ppr allowed-by-position, percentile-normalized) + nflreadr::load_schedules","2026-09-04 19:52:15.600932","ri-schedule-weekly-2026.1","CURRENT"
2025,16,"NE","BAL","QB",0.6129,0.806451612903226,"nflverse (nflreadr::load_player_stats fantasy_points_ppr allowed-by-position, percentile-normalized) + nflreadr::load_schedules","2026-09-04 19:52:15.600932","ri-schedule-weekly-2026.1","CURRENT"
2025,16,"NE","BAL","RB",-0.1613,0.419354838709677,"nflverse (nflreadr::load_player_stats fantasy_points_ppr allowed-by-position, percentile-normalized) + nflreadr::load_schedules","2026-09-04 19:52:15.600932","ri-schedule-weekly-2026.1","CURRENT"
2025,16,"NE","BAL","TE",0.7419,0.870967741935484,"nflverse (nflreadr::load_player_stats fantasy_points_ppr allowed-by-position, percentile-normalized) + nflreadr::load_schedules","2026-09-04 19:52:15.600932","ri-schedule-weekly-2026.1","CURRENT"
2025,16,"NE","BAL","WR",0.871,0.935483870967742,"nflverse (nflreadr::load_player_stats fantasy_points_ppr allowed-by-position, percentile-normalized) + nflreadr::load_schedules","2026-09-04 19:52:15.600932","ri-schedule-weekly-2026.1","CURRENT"
2025,16,"NO","NYJ","QB",0.0968,0.548387096774194,"nflverse (nflreadr::load_player_stats fantasy_points_ppr allowed-by-position, percentile-normalized) + nflreadr::load_schedules","2026-09-04 19:52:15.600932","ri-schedule-weekly-2026.1","CURRENT"
2025,16,"NO","NYJ","RB",-1,0,"nflverse (nflreadr::load_player_stats fantasy_points_ppr allowed-by-position, percentile-normalized) + nflreadr::load_schedules","2026-09-04 19:52:15.600932","ri-schedule-weekly-2026.1","CURRENT"
2025,16,"NO","NYJ","TE",1,1,"nflverse (nflreadr::load_player_stats fantasy_points_ppr allowed-by-position, percentile-normalized) + nflreadr::load_schedules","2026-09-04 19:52:15.600932","ri-schedule-weekly-2026.1","CURRENT"
2025,16,"NO","NYJ","WR",0.6774,0.838709677419355,"nflverse (nflreadr::load_player_stats fantasy_points_ppr allowed-by-position, percentile-normalized) + nflreadr::load_schedules","2026-09-04 19:52:15.600932","ri-schedule-weekly-2026.1","CURRENT"
2025,16,"NYG","MIN","QB",-1,0,"nflverse (nflreadr::load_player_stats fantasy_points_ppr allowed-by-position, percentile-normalized) + nflreadr::load_schedules","2026-09-04 19:52:15.600932","ri-schedule-weekly-2026.1","CURRENT"
2025,16,"NYG","MIN","RB",-0.6129,0.193548387096774,"nflverse (nflreadr::load_player_stats fantasy_points_ppr allowed-by-position, percentile-normalized) + nflreadr::load_schedules","2026-09-04 19:52:15.600932","ri-schedule-weekly-2026.1","CURRENT"
2025,16,"NYG","MIN","TE",-1,0,"nflverse (nflreadr::load_player_stats fantasy_points_ppr allowed-by-position, percentile-normalized) + nflreadr::load_schedules","2026-09-04 19:52:15.600932","ri-schedule-weekly-2026.1","CURRENT"
2025,16,"NYG","MIN","WR",-1,0,"nflverse (nflreadr::load_player_stats fantasy_points_ppr allowed-by-position, percentile-normalized) + nflreadr::load_schedules","2026-09-04 19:52:15.600932","ri-schedule-weekly-2026.1","CURRENT"
2025,16,"NYJ","NO","QB",-0.871,0.0645161290322581,"nflverse (nflreadr::load_player_stats fantasy_points_ppr allowed-by-position, percentile-normalized) + nflreadr::load_schedules","2026-09-04 19:52:15.600932","ri-schedule-weekly-2026.1","CURRENT"
2025,16,"NYJ","NO","RB",-0.3548,0.32258064516129,"nflverse (nflreadr::load_player_stats fantasy_points_ppr allowed-by-position, percentile-normalized) + nflreadr::load_schedules","2026-09-04 19:52:15.600932","ri-schedule-weekly-2026.1","CURRENT"
2025,16,"NYJ","NO","TE",-0.1613,0.419354838709677,"nflverse (nflreadr::load_player_stats fantasy_points_ppr allowed-by-position, percentile-normalized) + nflreadr::load_schedules","2026-09-04 19:52:15.600932","ri-schedule-weekly-2026.1","CURRENT"
2025,16,"NYJ","NO","WR",-0.6774,0.161290322580645,"nflverse (nflreadr::load_player_stats fantasy_points_ppr allowed-by-position, percentile-normalized) + nflreadr::load_schedules","2026-09-04 19:52:15.600932","ri-schedule-weekly-2026.1","CURRENT"
2025,16,"PHI","WAS","QB",0.4194,0.709677419354839,"nflverse (nflreadr::load_player_stats fantasy_points_ppr allowed-by-position, percentile-normalized) + nflreadr::load_schedules","2026-09-04 19:52:15.600932","ri-schedule-weekly-2026.1","CURRENT"
2025,16,"PHI","WAS","RB",0.5484,0.774193548387097,"nflverse (nflreadr::load_player_stats fantasy_points_ppr allowed-by-position, percentile-normalized) + nflreadr::load_schedules","2026-09-04 19:52:15.600932","ri-schedule-weekly-2026.1","CURRENT"
2025,16,"PHI","WAS","TE",-0.0968,0.451612903225806,"nflverse (nflreadr::load_player_stats fantasy_points_ppr allowed-by-position, percentile-normalized) + nflreadr::load_schedules","2026-09-04 19:52:15.600932","ri-schedule-weekly-2026.1","CURRENT"
2025,16,"PHI","WAS","WR",0.3548,0.67741935483871,"nflverse (nflreadr::load_player_stats fantasy_points_ppr allowed-by-position, percentile-normalized) + nflreadr::load_schedules","2026-09-04 19:52:15.600932","ri-schedule-weekly-2026.1","CURRENT"
2025,16,"PIT","DET","QB",-0.0968,0.451612903225806,"nflverse (nflreadr::load_player_stats fantasy_points_ppr allowed-by-position, percentile-normalized) + nflreadr::load_schedules","2026-09-04 19:52:15.600932","ri-schedule-weekly-2026.1","CURRENT"
2025,16,"PIT","DET","RB",1,1,"nflverse (nflreadr::load_player_stats fantasy_points_ppr allowed-by-position, percentile-normalized) + nflreadr::load_schedules","2026-09-04 19:52:15.600932","ri-schedule-weekly-2026.1","CURRENT"
2025,16,"PIT","DET","TE",0.0968,0.548387096774194,"nflverse (nflreadr::load_player_stats fantasy_points_ppr allowed-by-position, percentile-normalized) + nflreadr::load_schedules","2026-09-04 19:52:15.600932","ri-schedule-weekly-2026.1","CURRENT"
2025,16,"PIT","DET","WR",-0.2903,0.354838709677419,"nflverse (nflreadr::load_player_stats fantasy_points_ppr allowed-by-position, percentile-normalized) + nflreadr::load_schedules","2026-09-04 19:52:15.600932","ri-schedule-weekly-2026.1","CURRENT"
2025,16,"SEA","LA","QB",0.4839,0.741935483870968,"nflverse (nflreadr::load_player_stats fantasy_points_ppr allowed-by-position, percentile-normalized) + nflreadr::load_schedules","2026-09-04 19:52:15.600932","ri-schedule-weekly-2026.1","CURRENT"
2025,16,"SEA","LA","RB",0.871,0.935483870967742,"nflverse (nflreadr::load_player_stats fantasy_points_ppr allowed-by-position, percentile-normalized) + nflreadr::load_schedules","2026-09-04 19:52:15.600932","ri-schedule-weekly-2026.1","CURRENT"
2025,16,"SEA","LA","TE",0.3548,0.67741935483871,"nflverse (nflreadr::load_player_stats fantasy_points_ppr allowed-by-position, percentile-normalized) + nflreadr::load_schedules","2026-09-04 19:52:15.600932","ri-schedule-weekly-2026.1","CURRENT"
2025,16,"SEA","LA","WR",0.4194,0.709677419354839,"nflverse (nflreadr::load_player_stats fantasy_points_ppr allowed-by-position, percentile-normalized) + nflreadr::load_schedules","2026-09-04 19:52:15.600932","ri-schedule-weekly-2026.1","CURRENT"
2025,16,"SF","IND","QB",0.871,0.935483870967742,"nflverse (nflreadr::load_player_stats fantasy_points_ppr allowed-by-position, percentile-normalized) + nflreadr::load_schedules","2026-09-04 19:52:15.600932","ri-schedule-weekly-2026.1","CURRENT"
2025,16,"SF","IND","RB",0.6774,0.838709677419355,"nflverse (nflreadr::load_player_stats fantasy_points_ppr allowed-by-position, percentile-normalized) + nflreadr::load_schedules","2026-09-04 19:52:15.600932","ri-schedule-weekly-2026.1","CURRENT"
2025,16,"SF","IND","TE",0.9355,0.967741935483871,"nflverse (nflreadr::load_player_stats fantasy_points_ppr allowed-by-position, percentile-normalized) + nflreadr::load_schedules","2026-09-04 19:52:15.600932","ri-schedule-weekly-2026.1","CURRENT"
2025,16,"SF","IND","WR",0.2258,0.612903225806452,"nflverse (nflreadr::load_player_stats fantasy_points_ppr allowed-by-position, percentile-normalized) + nflreadr::load_schedules","2026-09-04 19:52:15.600932","ri-schedule-weekly-2026.1","CURRENT"
2025,16,"TB","CAR","QB",-0.2903,0.354838709677419,"nflverse (nflreadr::load_player_stats fantasy_points_ppr allowed-by-position, percentile-normalized) + nflreadr::load_schedules","2026-09-04 19:52:15.600932","ri-schedule-weekly-2026.1","CURRENT"
2025,16,"TB","CAR","RB",-0.0323,0.483870967741935,"nflverse (nflreadr::load_player_stats fantasy_points_ppr allowed-by-position, percentile-normalized) + nflreadr::load_schedules","2026-09-04 19:52:15.600932","ri-schedule-weekly-2026.1","CURRENT"
2025,16,"TB","CAR","TE",-0.8065,0.0967741935483871,"nflverse (nflreadr::load_player_stats fantasy_points_ppr allowed-by-position, percentile-normalized) + nflreadr::load_schedules","2026-09-04 19:52:15.600932","ri-schedule-weekly-2026.1","CURRENT"
2025,16,"TB","CAR","WR",-0.0323,0.483870967741935,"nflverse (nflreadr::load_player_stats fantasy_points_ppr allowed-by-position, percentile-normalized) + nflreadr::load_schedules","2026-09-04 19:52:15.600932","ri-schedule-weekly-2026.1","CURRENT"
2025,16,"TEN","KC","QB",0.2903,0.645161290322581,"nflverse (nflreadr::load_player_stats fantasy_points_ppr allowed-by-position, percentile-normalized) + nflreadr::load_schedules","2026-09-04 19:52:15.600932","ri-schedule-weekly-2026.1","CURRENT"
2025,16,"TEN","KC","RB",0.4839,0.741935483870968,"nflverse (nflreadr::load_player_stats fantasy_points_ppr allowed-by-position, percentile-normalized) + nflreadr::load_schedules","2026-09-04 19:52:15.600932","ri-schedule-weekly-2026.1","CURRENT"
2025,16,"TEN","KC","TE",0.4839,0.741935483870968,"nflverse (nflreadr::load_player_stats fantasy_points_ppr allowed-by-position, percentile-normalized) + nflreadr::load_schedules","2026-09-04 19:52:15.600932","ri-schedule-weekly-2026.1","CURRENT"
2025,16,"TEN","KC","WR",-0.2258,0.387096774193548,"nflverse (nflreadr::load_player_stats fantasy_points_ppr allowed-by-position, percentile-normalized) + nflreadr::load_schedules","2026-09-04 19:52:15.600932","ri-schedule-weekly-2026.1","CURRENT"
2025,16,"WAS","PHI","QB",-0.9355,0.032258064516129,"nflverse (nflreadr::load_player_stats fantasy_points_ppr allowed-by-position, percentile-normalized) + nflreadr::load_schedules","2026-09-04 19:52:15.600932","ri-schedule-weekly-2026.1","CURRENT"
2025,16,"WAS","PHI","RB",0.3548,0.67741935483871,"nflverse (nflreadr::load_player_stats fantasy_points_ppr allowed-by-position, percentile-normalized) + nflreadr::load_schedules","2026-09-04 19:52:15.600932","ri-schedule-weekly-2026.1","CURRENT"
2025,16,"WAS","PHI","TE",-0.9355,0.032258064516129,"nflverse (nflreadr::load_player_stats fantasy_points_ppr allowed-by-position, percentile-normalized) + nflreadr::load_schedules","2026-09-04 19:52:15.600932","ri-schedule-weekly-2026.1","CURRENT"
2025,16,"WAS","PHI","WR",-0.4839,0.258064516129032,"nflverse (nflreadr::load_player_stats fantasy_points_ppr allowed-by-position, percentile-normalized) + nflreadr::load_schedules","2026-09-04 19:52:15.600932","ri-schedule-weekly-2026.1","CURRENT"
2025,17,"ARI","CIN","QB",0.1613,0.580645161290323,"nflverse (nflreadr::load_player_stats fantasy_points_ppr allowed-by-position, percentile-normalized) + nflreadr::load_schedules","2026-09-04 19:52:15.600932","ri-schedule-weekly-2026.1","CURRENT"
2025,17,"ARI","CIN","RB",-0.8065,0.0967741935483871,"nflverse (nflreadr::load_player_stats fantasy_points_ppr allowed-by-position, percentile-normalized) + nflreadr::load_schedules","2026-09-04 19:52:15.600932","ri-schedule-weekly-2026.1","CURRENT"
2025,17,"ARI","CIN","TE",0.871,0.935483870967742,"nflverse (nflreadr::load_player_stats fantasy_points_ppr allowed-by-position, percentile-normalized) + nflreadr::load_schedules","2026-09-04 19:52:15.600932","ri-schedule-weekly-2026.1","CURRENT"
2025,17,"ARI","CIN","WR",-0.1613,0.419354838709677,"nflverse (nflreadr::load_player_stats fantasy_points_ppr allowed-by-position, percentile-normalized) + nflreadr::load_schedules","2026-09-04 19:52:15.600932","ri-schedule-weekly-2026.1","CURRENT"
2025,17,"ATL","LA","QB",-0.2903,0.354838709677419,"nflverse (nflreadr::load_player_stats fantasy_points_ppr allowed-by-position, percentile-normalized) + nflreadr::load_schedules","2026-09-04 19:52:15.600932","ri-schedule-weekly-2026.1","CURRENT"
2025,17,"ATL","LA","RB",0.9355,0.967741935483871,"nflverse (nflreadr::load_player_stats fantasy_points_ppr allowed-by-position, percentile-normalized) + nflreadr::load_schedules","2026-09-04 19:52:15.600932","ri-schedule-weekly-2026.1","CURRENT"
2025,17,"ATL","LA","TE",-0.6774,0.161290322580645,"nflverse (nflreadr::load_player_stats fantasy_points_ppr allowed-by-position, percentile-normalized) + nflreadr::load_schedules","2026-09-04 19:52:15.600932","ri-schedule-weekly-2026.1","CURRENT"
2025,17,"ATL","LA","WR",-0.8065,0.0967741935483871,"nflverse (nflreadr::load_player_stats fantasy_points_ppr allowed-by-position, percentile-normalized) + nflreadr::load_schedules","2026-09-04 19:52:15.600932","ri-schedule-weekly-2026.1","CURRENT"
2025,17,"BAL","GB","QB",-0.0323,0.483870967741935,"nflverse (nflreadr::load_player_stats fantasy_points_ppr allowed-by-position, percentile-normalized) + nflreadr::load_schedules","2026-09-04 19:52:15.600932","ri-schedule-weekly-2026.1","CURRENT"
2025,17,"BAL","GB","RB",1,1,"nflverse (nflreadr::load_player_stats fantasy_points_ppr allowed-by-position, percentile-normalized) + nflreadr::load_schedules","2026-09-04 19:52:15.600932","ri-schedule-weekly-2026.1","CURRENT"
2025,17,"BAL","GB","TE",-0.0323,0.483870967741935,"nflverse (nflreadr::load_player_stats fantasy_points_ppr allowed-by-position, percentile-normalized) + nflreadr::load_schedules","2026-09-04 19:52:15.600932","ri-schedule-weekly-2026.1","CURRENT"
2025,17,"BAL","GB","WR",-0.6774,0.161290322580645,"nflverse (nflreadr::load_player_stats fantasy_points_ppr allowed-by-position, percentile-normalized) + nflreadr::load_schedules","2026-09-04 19:52:15.600932","ri-schedule-weekly-2026.1","CURRENT"
2025,17,"BUF","PHI","QB",0.7419,0.870967741935484,"nflverse (nflreadr::load_player_stats fantasy_points_ppr allowed-by-position, percentile-normalized) + nflreadr::load_schedules","2026-09-04 19:52:15.600932","ri-schedule-weekly-2026.1","CURRENT"
2025,17,"BUF","PHI","RB",0.0968,0.548387096774194,"nflverse (nflreadr::load_player_stats fantasy_points_ppr allowed-by-position, percentile-normalized) + nflreadr::load_schedules","2026-09-04 19:52:15.600932","ri-schedule-weekly-2026.1","CURRENT"
2025,17,"BUF","PHI","TE",-0.3548,0.32258064516129,"nflverse (nflreadr::load_player_stats fantasy_points_ppr allowed-by-position, percentile-normalized) + nflreadr::load_schedules","2026-09-04 19:52:15.600932","ri-schedule-weekly-2026.1","CURRENT"
2025,17,"BUF","PHI","WR",0.1613,0.580645161290323,"nflverse (nflreadr::load_player_stats fantasy_points_ppr allowed-by-position, percentile-normalized) + nflreadr::load_schedules","2026-09-04 19:52:15.600932","ri-schedule-weekly-2026.1","CURRENT"
2025,17,"CAR","SEA","QB",-0.4839,0.258064516129032,"nflverse (nflreadr::load_player_stats fantasy_points_ppr allowed-by-position, percentile-normalized) + nflreadr::load_schedules","2026-09-04 19:52:15.600932","ri-schedule-weekly-2026.1","CURRENT"
2025,17,"CAR","SEA","RB",-0.6774,0.161290322580645,"nflverse (nflreadr::load_player_stats fantasy_points_ppr allowed-by-position, percentile-normalized) + nflreadr::load_schedules","2026-09-04 19:52:15.600932","ri-schedule-weekly-2026.1","CURRENT"
2025,17,"CAR","SEA","TE",-0.7419,0.129032258064516,"nflverse (nflreadr::load_player_stats fantasy_points_ppr allowed-by-position, percentile-normalized) + nflreadr::load_schedules","2026-09-04 19:52:15.600932","ri-schedule-weekly-2026.1","CURRENT"
2025,17,"CAR","SEA","WR",-0.871,0.0645161290322581,"nflverse (nflreadr::load_player_stats fantasy_points_ppr allowed-by-position, percentile-normalized) + nflreadr::load_schedules","2026-09-04 19:52:15.600932","ri-schedule-weekly-2026.1","CURRENT"
2025,17,"CHI","SF","QB",0.6129,0.806451612903226,"nflverse (nflreadr::load_player_stats fantasy_points_ppr allowed-by-position, percentile-normalized) + nflreadr::load_schedules","2026-09-04 19:52:15.600932","ri-schedule-weekly-2026.1","CURRENT"
2025,17,"CHI","SF","RB",0.6129,0.806451612903226,"nflverse (nflreadr::load_player_stats fantasy_points_ppr allowed-by-position, percentile-normalized) + nflreadr::load_schedules","2026-09-04 19:52:15.600932","ri-schedule-weekly-2026.1","CURRENT"
2025,17,"CHI","SF","TE",1,1,"nflverse (nflreadr::load_player_stats fantasy_points_ppr allowed-by-position, percentile-normalized) + nflreadr::load_schedules","2026-09-04 19:52:15.600932","ri-schedule-weekly-2026.1","CURRENT"
2025,17,"CHI","SF","WR",0.2903,0.645161290322581,"nflverse (nflreadr::load_player_stats fantasy_points_ppr allowed-by-position, percentile-normalized) + nflreadr::load_schedules","2026-09-04 19:52:15.600932","ri-schedule-weekly-2026.1","CURRENT"
2025,17,"CIN","ARI","QB",0.4194,0.709677419354839,"nflverse (nflreadr::load_player_stats fantasy_points_ppr allowed-by-position, percentile-normalized) + nflreadr::load_schedules","2026-09-04 19:52:15.600932","ri-schedule-weekly-2026.1","CURRENT"
2025,17,"CIN","ARI","RB",0.871,0.935483870967742,"nflverse (nflreadr::load_player_stats fantasy_points_ppr allowed-by-position, percentile-normalized) + nflreadr::load_schedules","2026-09-04 19:52:15.600932","ri-schedule-weekly-2026.1","CURRENT"
2025,17,"CIN","ARI","TE",0.0968,0.548387096774194,"nflverse (nflreadr::load_player_stats fantasy_points_ppr allowed-by-position, percentile-normalized) + nflreadr::load_schedules","2026-09-04 19:52:15.600932","ri-schedule-weekly-2026.1","CURRENT"
2025,17,"CIN","ARI","WR",0.7419,0.870967741935484,"nflverse (nflreadr::load_player_stats fantasy_points_ppr allowed-by-position, percentile-normalized) + nflreadr::load_schedules","2026-09-04 19:52:15.600932","ri-schedule-weekly-2026.1","CURRENT"
2025,17,"CLE","PIT","QB",-0.2258,0.387096774193548,"nflverse (nflreadr::load_player_stats fantasy_points_ppr allowed-by-position, percentile-normalized) + nflreadr::load_schedules","2026-09-04 19:52:15.600932","ri-schedule-weekly-2026.1","CURRENT"
2025,17,"CLE","PIT","RB",-0.7419,0.129032258064516,"nflverse (nflreadr::load_player_stats fantasy_points_ppr allowed-by-position, percentile-normalized) + nflreadr::load_schedules","2026-09-04 19:52:15.600932","ri-schedule-weekly-2026.1","CURRENT"
2025,17,"CLE","PIT","TE",0.3548,0.67741935483871,"nflverse (nflreadr::load_player_stats fantasy_points_ppr allowed-by-position, percentile-normalized) + nflreadr::load_schedules","2026-09-04 19:52:15.600932","ri-schedule-weekly-2026.1","CURRENT"
2025,17,"CLE","PIT","WR",-0.4194,0.290322580645161,"nflverse (nflreadr::load_player_stats fantasy_points_ppr allowed-by-position, percentile-normalized) + nflreadr::load_schedules","2026-09-04 19:52:15.600932","ri-schedule-weekly-2026.1","CURRENT"
2025,17,"DAL","WAS","QB",0.5484,0.774193548387097,"nflverse (nflreadr::load_player_stats fantasy_points_ppr allowed-by-position, percentile-normalized) + nflreadr::load_schedules","2026-09-04 19:52:15.600932","ri-schedule-weekly-2026.1","CURRENT"
2025,17,"DAL","WAS","RB",0.4839,0.741935483870968,"nflverse (nflreadr::load_player_stats fantasy_points_ppr allowed-by-position, percentile-normalized) + nflreadr::load_schedules","2026-09-04 19:52:15.600932","ri-schedule-weekly-2026.1","CURRENT"
2025,17,"DAL","WAS","TE",0.1613,0.580645161290323,"nflverse (nflreadr::load_player_stats fantasy_points_ppr allowed-by-position, percentile-normalized) + nflreadr::load_schedules","2026-09-04 19:52:15.600932","ri-schedule-weekly-2026.1","CURRENT"
2025,17,"DAL","WAS","WR",0.6774,0.838709677419355,"nflverse (nflreadr::load_player_stats fantasy_points_ppr allowed-by-position, percentile-normalized) + nflreadr::load_schedules","2026-09-04 19:52:15.600932","ri-schedule-weekly-2026.1","CURRENT"
2025,17,"DEN","KC","QB",0.3548,0.67741935483871,"nflverse (nflreadr::load_player_stats fantasy_points_ppr allowed-by-position, percentile-normalized) + nflreadr::load_schedules","2026-09-04 19:52:15.600932","ri-schedule-weekly-2026.1","CURRENT"
2025,17,"DEN","KC","RB",0.2903,0.645161290322581,"nflverse (nflreadr::load_player_stats fantasy_points_ppr allowed-by-position, percentile-normalized) + nflreadr::load_schedules","2026-09-04 19:52:15.600932","ri-schedule-weekly-2026.1","CURRENT"
2025,17,"DEN","KC","TE",-0.1613,0.419354838709677,"nflverse (nflreadr::load_player_stats fantasy_points_ppr allowed-by-position, percentile-normalized) + nflreadr::load_schedules","2026-09-04 19:52:15.600932","ri-schedule-weekly-2026.1","CURRENT"
2025,17,"DEN","KC","WR",-0.0968,0.451612903225806,"nflverse (nflreadr::load_player_stats fantasy_points_ppr allowed-by-position, percentile-normalized) + nflreadr::load_schedules","2026-09-04 19:52:15.600932","ri-schedule-weekly-2026.1","CURRENT"
2025,17,"DET","MIN","QB",-1,0,"nflverse (nflreadr::load_player_stats fantasy_points_ppr allowed-by-position, percentile-normalized) + nflreadr::load_schedules","2026-09-04 19:52:15.600932","ri-schedule-weekly-2026.1","CURRENT"
2025,17,"DET","MIN","RB",-0.5484,0.225806451612903,"nflverse (nflreadr::load_player_stats fantasy_points_ppr allowed-by-position, percentile-normalized) + nflreadr::load_schedules","2026-09-04 19:52:15.600932","ri-schedule-weekly-2026.1","CURRENT"
2025,17,"DET","MIN","TE",-1,0,"nflverse (nflreadr::load_player_stats fantasy_points_ppr allowed-by-position, percentile-normalized) + nflreadr::load_schedules","2026-09-04 19:52:15.600932","ri-schedule-weekly-2026.1","CURRENT"
2025,17,"DET","MIN","WR",0.4839,0.741935483870968,"nflverse (nflreadr::load_player_stats fantasy_points_ppr allowed-by-position, percentile-normalized) + nflreadr::load_schedules","2026-09-04 19:52:15.600932","ri-schedule-weekly-2026.1","CURRENT"
2025,17,"GB","BAL","QB",0.871,0.935483870967742,"nflverse (nflreadr::load_player_stats fantasy_points_ppr allowed-by-position, percentile-normalized) + nflreadr::load_schedules","2026-09-04 19:52:15.600932","ri-schedule-weekly-2026.1","CURRENT"
2025,17,"GB","BAL","RB",-1,0,"nflverse (nflreadr::load_player_stats fantasy_points_ppr allowed-by-position, percentile-normalized) + nflreadr::load_schedules","2026-09-04 19:52:15.600932","ri-schedule-weekly-2026.1","CURRENT"
2025,17,"GB","BAL","TE",-0.9355,0.032258064516129,"nflverse (nflreadr::load_player_stats fantasy_points_ppr allowed-by-position, percentile-normalized) + nflreadr::load_schedules","2026-09-04 19:52:15.600932","ri-schedule-weekly-2026.1","CURRENT"
2025,17,"GB","BAL","WR",0.9355,0.967741935483871,"nflverse (nflreadr::load_player_stats fantasy_points_ppr allowed-by-position, percentile-normalized) + nflreadr::load_schedules","2026-09-04 19:52:15.600932","ri-schedule-weekly-2026.1","CURRENT"
2025,17,"HOU","LAC","QB",-0.0968,0.451612903225806,"nflverse (nflreadr::load_player_stats fantasy_points_ppr allowed-by-position, percentile-normalized) + nflreadr::load_schedules","2026-09-04 19:52:15.600932","ri-schedule-weekly-2026.1","CURRENT"
2025,17,"HOU","LAC","RB",-0.6129,0.193548387096774,"nflverse (nflreadr::load_player_stats fantasy_points_ppr allowed-by-position, percentile-normalized) + nflreadr::load_schedules","2026-09-04 19:52:15.600932","ri-schedule-weekly-2026.1","CURRENT"
2025,17,"HOU","LAC","TE",-0.6129,0.193548387096774,"nflverse (nflreadr::load_player_stats fantasy_points_ppr allowed-by-position, percentile-normalized) + nflreadr::load_schedules","2026-09-04 19:52:15.600932","ri-schedule-weekly-2026.1","CURRENT"
2025,17,"HOU","LAC","WR",0.8065,0.903225806451613,"nflverse (nflreadr::load_player_stats fantasy_points_ppr allowed-by-position, percentile-normalized) + nflreadr::load_schedules","2026-09-04 19:52:15.600932","ri-schedule-weekly-2026.1","CURRENT"
2025,17,"IND","JAX","QB",-0.8065,0.0967741935483871,"nflverse (nflreadr::load_player_stats fantasy_points_ppr allowed-by-position, percentile-normalized) + nflreadr::load_schedules","2026-09-04 19:52:15.600932","ri-schedule-weekly-2026.1","CURRENT"
2025,17,"IND","JAX","RB",0.0323,0.516129032258065,"nflverse (nflreadr::load_player_stats fantasy_points_ppr allowed-by-position, percentile-normalized) + nflreadr::load_schedules","2026-09-04 19:52:15.600932","ri-schedule-weekly-2026.1","CURRENT"
2025,17,"IND","JAX","TE",0.7419,0.870967741935484,"nflverse (nflreadr::load_player_stats fantasy_points_ppr allowed-by-position, percentile-normalized) + nflreadr::load_schedules","2026-09-04 19:52:15.600932","ri-schedule-weekly-2026.1","CURRENT"
2025,17,"IND","JAX","WR",-0.9355,0.032258064516129,"nflverse (nflreadr::load_player_stats fantasy_points_ppr allowed-by-position, percentile-normalized) + nflreadr::load_schedules","2026-09-04 19:52:15.600932","ri-schedule-weekly-2026.1","CURRENT"
2025,17,"JAX","IND","QB",0.6774,0.838709677419355,"nflverse (nflreadr::load_player_stats fantasy_points_ppr allowed-by-position, percentile-normalized) + nflreadr::load_schedules","2026-09-04 19:52:15.600932","ri-schedule-weekly-2026.1","CURRENT"
2025,17,"JAX","IND","RB",-0.2903,0.354838709677419,"nflverse (nflreadr::load_player_stats fantasy_points_ppr allowed-by-position, percentile-normalized) + nflreadr::load_schedules","2026-09-04 19:52:15.600932","ri-schedule-weekly-2026.1","CURRENT"
2025,17,"JAX","IND","TE",-0.2903,0.354838709677419,"nflverse (nflreadr::load_player_stats fantasy_points_ppr allowed-by-position, percentile-normalized) + nflreadr::load_schedules","2026-09-04 19:52:15.600932","ri-schedule-weekly-2026.1","CURRENT"
2025,17,"JAX","IND","WR",0.3548,0.67741935483871,"nflverse (nflreadr::load_player_stats fantasy_points_ppr allowed-by-position, percentile-normalized) + nflreadr::load_schedules","2026-09-04 19:52:15.600932","ri-schedule-weekly-2026.1","CURRENT"
2025,17,"KC","DEN","QB",-0.6129,0.193548387096774,"nflverse (nflreadr::load_player_stats fantasy_points_ppr allowed-by-position, percentile-normalized) + nflreadr::load_schedules","2026-09-04 19:52:15.600932","ri-schedule-weekly-2026.1","CURRENT"
2025,17,"KC","DEN","RB",-0.2258,0.387096774193548,"nflverse (nflreadr::load_player_stats fantasy_points_ppr allowed-by-position, percentile-normalized) + nflreadr::load_schedules","2026-09-04 19:52:15.600932","ri-schedule-weekly-2026.1","CURRENT"
2025,17,"KC","DEN","TE",-0.2258,0.387096774193548,"nflverse (nflreadr::load_player_stats fantasy_points_ppr allowed-by-position, percentile-normalized) + nflreadr::load_schedules","2026-09-04 19:52:15.600932","ri-schedule-weekly-2026.1","CURRENT"
2025,17,"KC","DEN","WR",-1,0,"nflverse (nflreadr::load_player_stats fantasy_points_ppr allowed-by-position, percentile-normalized) + nflreadr::load_schedules","2026-09-04 19:52:15.600932","ri-schedule-weekly-2026.1","CURRENT"
2025,17,"LA","ATL","QB",-0.1613,0.419354838709677,"nflverse (nflreadr::load_player_stats fantasy_points_ppr allowed-by-position, percentile-normalized) + nflreadr::load_schedules","2026-09-04 19:52:15.600932","ri-schedule-weekly-2026.1","CURRENT"
2025,17,"LA","ATL","RB",-0.0323,0.483870967741935,"nflverse (nflreadr::load_player_stats fantasy_points_ppr allowed-by-position, percentile-normalized) + nflreadr::load_schedules","2026-09-04 19:52:15.600932","ri-schedule-weekly-2026.1","CURRENT"
2025,17,"LA","ATL","TE",0.9355,0.967741935483871,"nflverse (nflreadr::load_player_stats fantasy_points_ppr allowed-by-position, percentile-normalized) + nflreadr::load_schedules","2026-09-04 19:52:15.600932","ri-schedule-weekly-2026.1","CURRENT"
2025,17,"LA","ATL","WR",0.0968,0.548387096774194,"nflverse (nflreadr::load_player_stats fantasy_points_ppr allowed-by-position, percentile-normalized) + nflreadr::load_schedules","2026-09-04 19:52:15.600932","ri-schedule-weekly-2026.1","CURRENT"
2025,17,"LAC","HOU","QB",0.0323,0.516129032258065,"nflverse (nflreadr::load_player_stats fantasy_points_ppr allowed-by-position, percentile-normalized) + nflreadr::load_schedules","2026-09-04 19:52:15.600932","ri-schedule-weekly-2026.1","CURRENT"
2025,17,"LAC","HOU","RB",0.2258,0.612903225806452,"nflverse (nflreadr::load_player_stats fantasy_points_ppr allowed-by-position, percentile-normalized) + nflreadr::load_schedules","2026-09-04 19:52:15.600932","ri-schedule-weekly-2026.1","CURRENT"
2025,17,"LAC","HOU","TE",0.2258,0.612903225806452,"nflverse (nflreadr::load_player_stats fantasy_points_ppr allowed-by-position, percentile-normalized) + nflreadr::load_schedules","2026-09-04 19:52:15.600932","ri-schedule-weekly-2026.1","CURRENT"
2025,17,"LAC","HOU","WR",-0.2258,0.387096774193548,"nflverse (nflreadr::load_player_stats fantasy_points_ppr allowed-by-position, percentile-normalized) + nflreadr::load_schedules","2026-09-04 19:52:15.600932","ri-schedule-weekly-2026.1","CURRENT"
2025,17,"LV","NYG","QB",-0.5484,0.225806451612903,"nflverse (nflreadr::load_player_stats fantasy_points_ppr allowed-by-position, percentile-normalized) + nflreadr::load_schedules","2026-09-04 19:52:15.600932","ri-schedule-weekly-2026.1","CURRENT"
2025,17,"LV","NYG","RB",-0.871,0.0645161290322581,"nflverse (nflreadr::load_player_stats fantasy_points_ppr allowed-by-position, percentile-normalized) + nflreadr::load_schedules","2026-09-04 19:52:15.600932","ri-schedule-weekly-2026.1","CURRENT"
2025,17,"LV","NYG","TE",0.4839,0.741935483870968,"nflverse (nflreadr::load_player_stats fantasy_points_ppr allowed-by-position, percentile-normalized) + nflreadr::load_schedules","2026-09-04 19:52:15.600932","ri-schedule-weekly-2026.1","CURRENT"
2025,17,"LV","NYG","WR",-0.0323,0.483870967741935,"nflverse (nflreadr::load_player_stats fantasy_points_ppr allowed-by-position, percentile-normalized) + nflreadr::load_schedules","2026-09-04 19:52:15.600932","ri-schedule-weekly-2026.1","CURRENT"
2025,17,"MIA","TB","QB",0.0968,0.548387096774194,"nflverse (nflreadr::load_player_stats fantasy_points_ppr allowed-by-position, percentile-normalized) + nflreadr::load_schedules","2026-09-04 19:52:15.600932","ri-schedule-weekly-2026.1","CURRENT"
2025,17,"MIA","TB","RB",0.1613,0.580645161290323,"nflverse (nflreadr::load_player_stats fantasy_points_ppr allowed-by-position, percentile-normalized) + nflreadr::load_schedules","2026-09-04 19:52:15.600932","ri-schedule-weekly-2026.1","CURRENT"
2025,17,"MIA","TB","TE",0.6129,0.806451612903226,"nflverse (nflreadr::load_player_stats fantasy_points_ppr allowed-by-position, percentile-normalized) + nflreadr::load_schedules","2026-09-04 19:52:15.600932","ri-schedule-weekly-2026.1","CURRENT"
2025,17,"MIA","TB","WR",-0.6129,0.193548387096774,"nflverse (nflreadr::load_player_stats fantasy_points_ppr allowed-by-position, percentile-normalized) + nflreadr::load_schedules","2026-09-04 19:52:15.600932","ri-schedule-weekly-2026.1","CURRENT"
2025,17,"MIN","DET","QB",-0.9355,0.032258064516129,"nflverse (nflreadr::load_player_stats fantasy_points_ppr allowed-by-position, percentile-normalized) + nflreadr::load_schedules","2026-09-04 19:52:15.600932","ri-schedule-weekly-2026.1","CURRENT"
2025,17,"MIN","DET","RB",-0.0968,0.451612903225806,"nflverse (nflreadr::load_player_stats fantasy_points_ppr allowed-by-position, percentile-normalized) + nflreadr::load_schedules","2026-09-04 19:52:15.600932","ri-schedule-weekly-2026.1","CURRENT"
2025,17,"MIN","DET","TE",-0.871,0.0645161290322581,"nflverse (nflreadr::load_player_stats fantasy_points_ppr allowed-by-position, percentile-normalized) + nflreadr::load_schedules","2026-09-04 19:52:15.600932","ri-schedule-weekly-2026.1","CURRENT"
2025,17,"MIN","DET","WR",-0.4839,0.258064516129032,"nflverse (nflreadr::load_player_stats fantasy_points_ppr allowed-by-position, percentile-normalized) + nflreadr::load_schedules","2026-09-04 19:52:15.600932","ri-schedule-weekly-2026.1","CURRENT"
2025,17,"NE","NYJ","QB",0.9355,0.967741935483871,"nflverse (nflreadr::load_player_stats fantasy_points_ppr allowed-by-position, percentile-normalized) + nflreadr::load_schedules","2026-09-04 19:52:15.600932","ri-schedule-weekly-2026.1","CURRENT"
2025,17,"NE","NYJ","RB",0.8065,0.903225806451613,"nflverse (nflreadr::load_player_stats fantasy_points_ppr allowed-by-position, percentile-normalized) + nflreadr::load_schedules","2026-09-04 19:52:15.600932","ri-schedule-weekly-2026.1","CURRENT"
2025,17,"NE","NYJ","TE",0.8065,0.903225806451613,"nflverse (nflreadr::load_player_stats fantasy_points_ppr allowed-by-position, percentile-normalized) + nflreadr::load_schedules","2026-09-04 19:52:15.600932","ri-schedule-weekly-2026.1","CURRENT"
2025,17,"NE","NYJ","WR",0.6129,0.806451612903226,"nflverse (nflreadr::load_player_stats fantasy_points_ppr allowed-by-position, percentile-normalized) + nflreadr::load_schedules","2026-09-04 19:52:15.600932","ri-schedule-weekly-2026.1","CURRENT"
2025,17,"NO","TEN","QB",0.4839,0.741935483870968,"nflverse (nflreadr::load_player_stats fantasy_points_ppr allowed-by-position, percentile-normalized) + nflreadr::load_schedules","2026-09-04 19:52:15.600932","ri-schedule-weekly-2026.1","CURRENT"
2025,17,"NO","TEN","RB",-0.1613,0.419354838709677,"nflverse (nflreadr::load_player_stats fantasy_points_ppr allowed-by-position, percentile-normalized) + nflreadr::load_schedules","2026-09-04 19:52:15.600932","ri-schedule-weekly-2026.1","CURRENT"
2025,17,"NO","TEN","TE",0.2903,0.645161290322581,"nflverse (nflreadr::load_player_stats fantasy_points_ppr allowed-by-position, percentile-normalized) + nflreadr::load_schedules","2026-09-04 19:52:15.600932","ri-schedule-weekly-2026.1","CURRENT"
2025,17,"NO","TEN","WR",0.871,0.935483870967742,"nflverse (nflreadr::load_player_stats fantasy_points_ppr allowed-by-position, percentile-normalized) + nflreadr::load_schedules","2026-09-04 19:52:15.600932","ri-schedule-weekly-2026.1","CURRENT"
2025,17,"NYG","LV","QB",0.8065,0.903225806451613,"nflverse (nflreadr::load_player_stats fantasy_points_ppr allowed-by-position, percentile-normalized) + nflreadr::load_schedules","2026-09-04 19:52:15.600932","ri-schedule-weekly-2026.1","CURRENT"
2025,17,"NYG","LV","RB",0.3548,0.67741935483871,"nflverse (nflreadr::load_player_stats fantasy_points_ppr allowed-by-position, percentile-normalized) + nflreadr::load_schedules","2026-09-04 19:52:15.600932","ri-schedule-weekly-2026.1","CURRENT"
2025,17,"NYG","LV","TE",-0.871,0.0645161290322581,"nflverse (nflreadr::load_player_stats fantasy_points_ppr allowed-by-position, percentile-normalized) + nflreadr::load_schedules","2026-09-04 19:52:15.600932","ri-schedule-weekly-2026.1","CURRENT"
2025,17,"NYG","LV","WR",0.2258,0.612903225806452,"nflverse (nflreadr::load_player_stats fantasy_points_ppr allowed-by-position, percentile-normalized) + nflreadr::load_schedules","2026-09-04 19:52:15.600932","ri-schedule-weekly-2026.1","CURRENT"
2025,17,"NYJ","NE","QB",-0.871,0.0645161290322581,"nflverse (nflreadr::load_player_stats fantasy_points_ppr allowed-by-position, percentile-normalized) + nflreadr::load_schedules","2026-09-04 19:52:15.600932","ri-schedule-weekly-2026.1","CURRENT"
2025,17,"NYJ","NE","RB",0.5484,0.774193548387097,"nflverse (nflreadr::load_player_stats fantasy_points_ppr allowed-by-position, percentile-normalized) + nflreadr::load_schedules","2026-09-04 19:52:15.600932","ri-schedule-weekly-2026.1","CURRENT"
2025,17,"NYJ","NE","TE",-0.4839,0.258064516129032,"nflverse (nflreadr::load_player_stats fantasy_points_ppr allowed-by-position, percentile-normalized) + nflreadr::load_schedules","2026-09-04 19:52:15.600932","ri-schedule-weekly-2026.1","CURRENT"
2025,17,"NYJ","NE","WR",-0.2903,0.354838709677419,"nflverse (nflreadr::load_player_stats fantasy_points_ppr allowed-by-position, percentile-normalized) + nflreadr::load_schedules","2026-09-04 19:52:15.600932","ri-schedule-weekly-2026.1","CURRENT"
2025,17,"PHI","BUF","QB",-0.4194,0.290322580645161,"nflverse (nflreadr::load_player_stats fantasy_points_ppr allowed-by-position, percentile-normalized) + nflreadr::load_schedules","2026-09-04 19:52:15.600932","ri-schedule-weekly-2026.1","CURRENT"
2025,17,"PHI","BUF","RB",-0.9355,0.032258064516129,"nflverse (nflreadr::load_player_stats fantasy_points_ppr allowed-by-position, percentile-normalized) + nflreadr::load_schedules","2026-09-04 19:52:15.600932","ri-schedule-weekly-2026.1","CURRENT"
2025,17,"PHI","BUF","TE",-0.0968,0.451612903225806,"nflverse (nflreadr::load_player_stats fantasy_points_ppr allowed-by-position, percentile-normalized) + nflreadr::load_schedules","2026-09-04 19:52:15.600932","ri-schedule-weekly-2026.1","CURRENT"
2025,17,"PHI","BUF","WR",-0.5484,0.225806451612903,"nflverse (nflreadr::load_player_stats fantasy_points_ppr allowed-by-position, percentile-normalized) + nflreadr::load_schedules","2026-09-04 19:52:15.600932","ri-schedule-weekly-2026.1","CURRENT"
2025,17,"PIT","CLE","QB",-0.6774,0.161290322580645,"nflverse (nflreadr::load_player_stats fantasy_points_ppr allowed-by-position, percentile-normalized) + nflreadr::load_schedules","2026-09-04 19:52:15.600932","ri-schedule-weekly-2026.1","CURRENT"
2025,17,"PIT","CLE","RB",-0.3548,0.32258064516129,"nflverse (nflreadr::load_player_stats fantasy_points_ppr allowed-by-position, percentile-normalized) + nflreadr::load_schedules","2026-09-04 19:52:15.600932","ri-schedule-weekly-2026.1","CURRENT"
2025,17,"PIT","CLE","TE",0.6774,0.838709677419355,"nflverse (nflreadr::load_player_stats fantasy_points_ppr allowed-by-position, percentile-normalized) + nflreadr::load_schedules","2026-09-04 19:52:15.600932","ri-schedule-weekly-2026.1","CURRENT"
2025,17,"PIT","CLE","WR",-0.7419,0.129032258064516,"nflverse (nflreadr::load_player_stats fantasy_points_ppr allowed-by-position, percentile-normalized) + nflreadr::load_schedules","2026-09-04 19:52:15.600932","ri-schedule-weekly-2026.1","CURRENT"
2025,17,"SEA","CAR","QB",-0.7419,0.129032258064516,"nflverse (nflreadr::load_player_stats fantasy_points_ppr allowed-by-position, percentile-normalized) + nflreadr::load_schedules","2026-09-04 19:52:15.600932","ri-schedule-weekly-2026.1","CURRENT"
2025,17,"SEA","CAR","RB",0.7419,0.870967741935484,"nflverse (nflreadr::load_player_stats fantasy_points_ppr allowed-by-position, percentile-normalized) + nflreadr::load_schedules","2026-09-04 19:52:15.600932","ri-schedule-weekly-2026.1","CURRENT"
2025,17,"SEA","CAR","TE",0.0323,0.516129032258065,"nflverse (nflreadr::load_player_stats fantasy_points_ppr allowed-by-position, percentile-normalized) + nflreadr::load_schedules","2026-09-04 19:52:15.600932","ri-schedule-weekly-2026.1","CURRENT"
2025,17,"SEA","CAR","WR",-0.4194,0.290322580645161,"nflverse (nflreadr::load_player_stats fantasy_points_ppr allowed-by-position, percentile-normalized) + nflreadr::load_schedules","2026-09-04 19:52:15.600932","ri-schedule-weekly-2026.1","CURRENT"
2025,17,"SF","CHI","QB",1,1,"nflverse (nflreadr::load_player_stats fantasy_points_ppr allowed-by-position, percentile-normalized) + nflreadr::load_schedules","2026-09-04 19:52:15.600932","ri-schedule-weekly-2026.1","CURRENT"
2025,17,"SF","CHI","RB",0.6774,0.838709677419355,"nflverse (nflreadr::load_player_stats fantasy_points_ppr allowed-by-position, percentile-normalized) + nflreadr::load_schedules","2026-09-04 19:52:15.600932","ri-schedule-weekly-2026.1","CURRENT"
2025,17,"SF","CHI","TE",0.5484,0.774193548387097,"nflverse (nflreadr::load_player_stats fantasy_points_ppr allowed-by-position, percentile-normalized) + nflreadr::load_schedules","2026-09-04 19:52:15.600932","ri-schedule-weekly-2026.1","CURRENT"
2025,17,"SF","CHI","WR",0.4194,0.709677419354839,"nflverse (nflreadr::load_player_stats fantasy_points_ppr allowed-by-position, percentile-normalized) + nflreadr::load_schedules","2026-09-04 19:52:15.600932","ri-schedule-weekly-2026.1","CURRENT"
2025,17,"TB","MIA","QB",0.2903,0.645161290322581,"nflverse (nflreadr::load_player_stats fantasy_points_ppr allowed-by-position, percentile-normalized) + nflreadr::load_schedules","2026-09-04 19:52:15.600932","ri-schedule-weekly-2026.1","CURRENT"
2025,17,"TB","MIA","RB",-0.4839,0.258064516129032,"nflverse (nflreadr::load_player_stats fantasy_points_ppr allowed-by-position, percentile-normalized) + nflreadr::load_schedules","2026-09-04 19:52:15.600932","ri-schedule-weekly-2026.1","CURRENT"
2025,17,"TB","MIA","TE",-0.4194,0.290322580645161,"nflverse (nflreadr::load_player_stats fantasy_points_ppr allowed-by-position, percentile-normalized) + nflreadr::load_schedules","2026-09-04 19:52:15.600932","ri-schedule-weekly-2026.1","CURRENT"
2025,17,"TB","MIA","WR",1,1,"nflverse (nflreadr::load_player_stats fantasy_points_ppr allowed-by-position, percentile-normalized) + nflreadr::load_schedules","2026-09-04 19:52:15.600932","ri-schedule-weekly-2026.1","CURRENT"
2025,17,"TEN","NO","QB",0.2258,0.612903225806452,"nflverse (nflreadr::load_player_stats fantasy_points_ppr allowed-by-position, percentile-normalized) + nflreadr::load_schedules","2026-09-04 19:52:15.600932","ri-schedule-weekly-2026.1","CURRENT"
2025,17,"TEN","NO","RB",-0.4194,0.290322580645161,"nflverse (nflreadr::load_player_stats fantasy_points_ppr allowed-by-position, percentile-normalized) + nflreadr::load_schedules","2026-09-04 19:52:15.600932","ri-schedule-weekly-2026.1","CURRENT"
2025,17,"TEN","NO","TE",0.4194,0.709677419354839,"nflverse (nflreadr::load_player_stats fantasy_points_ppr allowed-by-position, percentile-normalized) + nflreadr::load_schedules","2026-09-04 19:52:15.600932","ri-schedule-weekly-2026.1","CURRENT"
2025,17,"TEN","NO","WR",0.5484,0.774193548387097,"nflverse (nflreadr::load_player_stats fantasy_points_ppr allowed-by-position, percentile-normalized) + nflreadr::load_schedules","2026-09-04 19:52:15.600932","ri-schedule-weekly-2026.1","CURRENT"
2025,17,"WAS","DAL","QB",-0.3548,0.32258064516129,"nflverse (nflreadr::load_player_stats fantasy_points_ppr allowed-by-position, percentile-normalized) + nflreadr::load_schedules","2026-09-04 19:52:15.600932","ri-schedule-weekly-2026.1","CURRENT"
2025,17,"WAS","DAL","RB",0.4194,0.709677419354839,"nflverse (nflreadr::load_player_stats fantasy_points_ppr allowed-by-position, percentile-normalized) + nflreadr::load_schedules","2026-09-04 19:52:15.600932","ri-schedule-weekly-2026.1","CURRENT"
2025,17,"WAS","DAL","TE",-0.5484,0.225806451612903,"nflverse (nflreadr::load_player_stats fantasy_points_ppr allowed-by-position, percentile-normalized) + nflreadr::load_schedules","2026-09-04 19:52:15.600932","ri-schedule-weekly-2026.1","CURRENT"
2025,17,"WAS","DAL","WR",0.0323,0.516129032258065,"nflverse (nflreadr::load_player_stats fantasy_points_ppr allowed-by-position, percentile-normalized) + nflreadr::load_schedules","2026-09-04 19:52:15.600932","ri-schedule-weekly-2026.1","CURRENT"
2025,18,"ARI","LA","QB",0.0968,0.548387096774194,"nflverse (nflreadr::load_player_stats fantasy_points_ppr allowed-by-position, percentile-normalized) + nflreadr::load_schedules","2026-09-04 19:52:15.600932","ri-schedule-weekly-2026.1","CURRENT"
2025,18,"ARI","LA","RB",0.1613,0.580645161290323,"nflverse (nflreadr::load_player_stats fantasy_points_ppr allowed-by-position, percentile-normalized) + nflreadr::load_schedules","2026-09-04 19:52:15.600932","ri-schedule-weekly-2026.1","CURRENT"
2025,18,"ARI","LA","TE",0.8667,0.933333333333333,"nflverse (nflreadr::load_player_stats fantasy_points_ppr allowed-by-position, percentile-normalized) + nflreadr::load_schedules","2026-09-04 19:52:15.600932","ri-schedule-weekly-2026.1","CURRENT"
2025,18,"ARI","LA","WR",-0.2258,0.387096774193548,"nflverse (nflreadr::load_player_stats fantasy_points_ppr allowed-by-position, percentile-normalized) + nflreadr::load_schedules","2026-09-04 19:52:15.600932","ri-schedule-weekly-2026.1","CURRENT"
2025,18,"ATL","NO","QB",-0.2903,0.354838709677419,"nflverse (nflreadr::load_player_stats fantasy_points_ppr allowed-by-position, percentile-normalized) + nflreadr::load_schedules","2026-09-04 19:52:15.600932","ri-schedule-weekly-2026.1","CURRENT"
2025,18,"ATL","NO","RB",-0.7419,0.129032258064516,"nflverse (nflreadr::load_player_stats fantasy_points_ppr allowed-by-position, percentile-normalized) + nflreadr::load_schedules","2026-09-04 19:52:15.600932","ri-schedule-weekly-2026.1","CURRENT"
2025,18,"ATL","NO","TE",0.1333,0.566666666666667,"nflverse (nflreadr::load_player_stats fantasy_points_ppr allowed-by-position, percentile-normalized) + nflreadr::load_schedules","2026-09-04 19:52:15.600932","ri-schedule-weekly-2026.1","CURRENT"
2025,18,"ATL","NO","WR",0.0968,0.548387096774194,"nflverse (nflreadr::load_player_stats fantasy_points_ppr allowed-by-position, percentile-normalized) + nflreadr::load_schedules","2026-09-04 19:52:15.600932","ri-schedule-weekly-2026.1","CURRENT"
2025,18,"BAL","PIT","QB",0.6129,0.806451612903226,"nflverse (nflreadr::load_player_stats fantasy_points_ppr allowed-by-position, percentile-normalized) + nflreadr::load_schedules","2026-09-04 19:52:15.600932","ri-schedule-weekly-2026.1","CURRENT"
2025,18,"BAL","PIT","RB",-0.2258,0.387096774193548,"nflverse (nflreadr::load_player_stats fantasy_points_ppr allowed-by-position, percentile-normalized) + nflreadr::load_schedules","2026-09-04 19:52:15.600932","ri-schedule-weekly-2026.1","CURRENT"
2025,18,"BAL","PIT","TE",-0.2667,0.366666666666667,"nflverse (nflreadr::load_player_stats fantasy_points_ppr allowed-by-position, percentile-normalized) + nflreadr::load_schedules","2026-09-04 19:52:15.600932","ri-schedule-weekly-2026.1","CURRENT"
2025,18,"BAL","PIT","WR",0.871,0.935483870967742,"nflverse (nflreadr::load_player_stats fantasy_points_ppr allowed-by-position, percentile-normalized) + nflreadr::load_schedules","2026-09-04 19:52:15.600932","ri-schedule-weekly-2026.1","CURRENT"
2025,18,"BUF","NYJ","QB",1,1,"nflverse (nflreadr::load_player_stats fantasy_points_ppr allowed-by-position, percentile-normalized) + nflreadr::load_schedules","2026-09-04 19:52:15.600932","ri-schedule-weekly-2026.1","CURRENT"
2025,18,"BUF","NYJ","RB",0.9355,0.967741935483871,"nflverse (nflreadr::load_player_stats fantasy_points_ppr allowed-by-position, percentile-normalized) + nflreadr::load_schedules","2026-09-04 19:52:15.600932","ri-schedule-weekly-2026.1","CURRENT"
2025,18,"BUF","NYJ","TE",0.7333,0.866666666666667,"nflverse (nflreadr::load_player_stats fantasy_points_ppr allowed-by-position, percentile-normalized) + nflreadr::load_schedules","2026-09-04 19:52:15.600932","ri-schedule-weekly-2026.1","CURRENT"
2025,18,"BUF","NYJ","WR",0.1613,0.580645161290323,"nflverse (nflreadr::load_player_stats fantasy_points_ppr allowed-by-position, percentile-normalized) + nflreadr::load_schedules","2026-09-04 19:52:15.600932","ri-schedule-weekly-2026.1","CURRENT"
2025,18,"CAR","TB","QB",0.2258,0.612903225806452,"nflverse (nflreadr::load_player_stats fantasy_points_ppr allowed-by-position, percentile-normalized) + nflreadr::load_schedules","2026-09-04 19:52:15.600932","ri-schedule-weekly-2026.1","CURRENT"
2025,18,"CAR","TB","RB",-0.9355,0.032258064516129,"nflverse (nflreadr::load_player_stats fantasy_points_ppr allowed-by-position, percentile-normalized) + nflreadr::load_schedules","2026-09-04 19:52:15.600932","ri-schedule-weekly-2026.1","CURRENT"
2025,18,"CAR","TB","TE",0.5333,0.766666666666667,"nflverse (nflreadr::load_player_stats fantasy_points_ppr allowed-by-position, percentile-normalized) + nflreadr::load_schedules","2026-09-04 19:52:15.600932","ri-schedule-weekly-2026.1","CURRENT"
2025,18,"CAR","TB","WR",0.7419,0.870967741935484,"nflverse (nflreadr::load_player_stats fantasy_points_ppr allowed-by-position, percentile-normalized) + nflreadr::load_schedules","2026-09-04 19:52:15.600932","ri-schedule-weekly-2026.1","CURRENT"
2025,18,"CHI","DET","QB",0.2903,0.645161290322581,"nflverse (nflreadr::load_player_stats fantasy_points_ppr allowed-by-position, percentile-normalized) + nflreadr::load_schedules","2026-09-04 19:52:15.600932","ri-schedule-weekly-2026.1","CURRENT"
2025,18,"CHI","DET","RB",-0.6774,0.161290322580645,"nflverse (nflreadr::load_player_stats fantasy_points_ppr allowed-by-position, percentile-normalized) + nflreadr::load_schedules","2026-09-04 19:52:15.600932","ri-schedule-weekly-2026.1","CURRENT"
2025,18,"CHI","DET","TE",0.9333,0.966666666666667,"nflverse (nflreadr::load_player_stats fantasy_points_ppr allowed-by-position, percentile-normalized) + nflreadr::load_schedules","2026-09-04 19:52:15.600932","ri-schedule-weekly-2026.1","CURRENT"
2025,18,"CHI","DET","WR",-0.1613,0.419354838709677,"nflverse (nflreadr::load_player_stats fantasy_points_ppr allowed-by-position, percentile-normalized) + nflreadr::load_schedules","2026-09-04 19:52:15.600932","ri-schedule-weekly-2026.1","CURRENT"
2025,18,"CIN","CLE","QB",0.6774,0.838709677419355,"nflverse (nflreadr::load_player_stats fantasy_points_ppr allowed-by-position, percentile-normalized) + nflreadr::load_schedules","2026-09-04 19:52:15.600932","ri-schedule-weekly-2026.1","CURRENT"
2025,18,"CIN","CLE","RB",0.6774,0.838709677419355,"nflverse (nflreadr::load_player_stats fantasy_points_ppr allowed-by-position, percentile-normalized) + nflreadr::load_schedules","2026-09-04 19:52:15.600932","ri-schedule-weekly-2026.1","CURRENT"
2025,18,"CIN","CLE","TE",-0.6667,0.166666666666667,"nflverse (nflreadr::load_player_stats fantasy_points_ppr allowed-by-position, percentile-normalized) + nflreadr::load_schedules","2026-09-04 19:52:15.600932","ri-schedule-weekly-2026.1","CURRENT"
2025,18,"CIN","CLE","WR",0.9355,0.967741935483871,"nflverse (nflreadr::load_player_stats fantasy_points_ppr allowed-by-position, percentile-normalized) + nflreadr::load_schedules","2026-09-04 19:52:15.600932","ri-schedule-weekly-2026.1","CURRENT"
2025,18,"CLE","CIN","QB",-0.8065,0.0967741935483871,"nflverse (nflreadr::load_player_stats fantasy_points_ppr allowed-by-position, percentile-normalized) + nflreadr::load_schedules","2026-09-04 19:52:15.600932","ri-schedule-weekly-2026.1","CURRENT"
2025,18,"CLE","CIN","RB",-0.4194,0.290322580645161,"nflverse (nflreadr::load_player_stats fantasy_points_ppr allowed-by-position, percentile-normalized) + nflreadr::load_schedules","2026-09-04 19:52:15.600932","ri-schedule-weekly-2026.1","CURRENT"
2025,18,"CLE","CIN","TE",-1,0,"nflverse (nflreadr::load_player_stats fantasy_points_ppr allowed-by-position, percentile-normalized) + nflreadr::load_schedules","2026-09-04 19:52:15.600932","ri-schedule-weekly-2026.1","CURRENT"
2025,18,"CLE","CIN","WR",-0.4839,0.258064516129032,"nflverse (nflreadr::load_player_stats fantasy_points_ppr allowed-by-position, percentile-normalized) + nflreadr::load_schedules","2026-09-04 19:52:15.600932","ri-schedule-weekly-2026.1","CURRENT"
2025,18,"DAL","NYG","QB",-0.6774,0.161290322580645,"nflverse (nflreadr::load_player_stats fantasy_points_ppr allowed-by-position, percentile-normalized) + nflreadr::load_schedules","2026-09-04 19:52:15.600932","ri-schedule-weekly-2026.1","CURRENT"
2025,18,"DAL","NYG","RB",0.5484,0.774193548387097,"nflverse (nflreadr::load_player_stats fantasy_points_ppr allowed-by-position, percentile-normalized) + nflreadr::load_schedules","2026-09-04 19:52:15.600932","ri-schedule-weekly-2026.1","CURRENT"
2025,18,"DAL","NYG","TE",-0.2,0.4,"nflverse (nflreadr::load_player_stats fantasy_points_ppr allowed-by-position, percentile-normalized) + nflreadr::load_schedules","2026-09-04 19:52:15.600932","ri-schedule-weekly-2026.1","CURRENT"
2025,18,"DAL","NYG","WR",-0.5484,0.225806451612903,"nflverse (nflreadr::load_player_stats fantasy_points_ppr allowed-by-position, percentile-normalized) + nflreadr::load_schedules","2026-09-04 19:52:15.600932","ri-schedule-weekly-2026.1","CURRENT"
2025,18,"DEN","LAC","QB",-0.1613,0.419354838709677,"nflverse (nflreadr::load_player_stats fantasy_points_ppr allowed-by-position, percentile-normalized) + nflreadr::load_schedules","2026-09-04 19:52:15.600932","ri-schedule-weekly-2026.1","CURRENT"
2025,18,"DEN","LAC","RB",-0.0323,0.483870967741935,"nflverse (nflreadr::load_player_stats fantasy_points_ppr allowed-by-position, percentile-normalized) + nflreadr::load_schedules","2026-09-04 19:52:15.600932","ri-schedule-weekly-2026.1","CURRENT"
2025,18,"DEN","LAC","TE",-0.6667,0.166666666666667,"nflverse (nflreadr::load_player_stats fantasy_points_ppr allowed-by-position, percentile-normalized) + nflreadr::load_schedules","2026-09-04 19:52:15.600932","ri-schedule-weekly-2026.1","CURRENT"
2025,18,"DEN","LAC","WR",-0.871,0.0645161290322581,"nflverse (nflreadr::load_player_stats fantasy_points_ppr allowed-by-position, percentile-normalized) + nflreadr::load_schedules","2026-09-04 19:52:15.600932","ri-schedule-weekly-2026.1","CURRENT"
2025,18,"DET","CHI","QB",0.0323,0.516129032258065,"nflverse (nflreadr::load_player_stats fantasy_points_ppr allowed-by-position, percentile-normalized) + nflreadr::load_schedules","2026-09-04 19:52:15.600932","ri-schedule-weekly-2026.1","CURRENT"
2025,18,"DET","CHI","RB",0.6129,0.806451612903226,"nflverse (nflreadr::load_player_stats fantasy_points_ppr allowed-by-position, percentile-normalized) + nflreadr::load_schedules","2026-09-04 19:52:15.600932","ri-schedule-weekly-2026.1","CURRENT"
2025,18,"DET","CHI","TE",-0.9333,0.0333333333333333,"nflverse (nflreadr::load_player_stats fantasy_points_ppr allowed-by-position, percentile-normalized) + nflreadr::load_schedules","2026-09-04 19:52:15.600932","ri-schedule-weekly-2026.1","CURRENT"
2025,18,"DET","CHI","WR",1,1,"nflverse (nflreadr::load_player_stats fantasy_points_ppr allowed-by-position, percentile-normalized) + nflreadr::load_schedules","2026-09-04 19:52:15.600932","ri-schedule-weekly-2026.1","CURRENT"
2025,18,"GB","MIN","QB",-0.9355,0.032258064516129,"nflverse (nflreadr::load_player_stats fantasy_points_ppr allowed-by-position, percentile-normalized) + nflreadr::load_schedules","2026-09-04 19:52:15.600932","ri-schedule-weekly-2026.1","CURRENT"
2025,18,"GB","MIN","RB",-0.6129,0.193548387096774,"nflverse (nflreadr::load_player_stats fantasy_points_ppr allowed-by-position, percentile-normalized) + nflreadr::load_schedules","2026-09-04 19:52:15.600932","ri-schedule-weekly-2026.1","CURRENT"
2025,18,"GB","MIN","TE",-0.8667,0.0666666666666667,"nflverse (nflreadr::load_player_stats fantasy_points_ppr allowed-by-position, percentile-normalized) + nflreadr::load_schedules","2026-09-04 19:52:15.600932","ri-schedule-weekly-2026.1","CURRENT"
2025,18,"GB","MIN","WR",-1,0,"nflverse (nflreadr::load_player_stats fantasy_points_ppr allowed-by-position, percentile-normalized) + nflreadr::load_schedules","2026-09-04 19:52:15.600932","ri-schedule-weekly-2026.1","CURRENT"
2025,18,"HOU","IND","QB",0.4839,0.741935483870968,"nflverse (nflreadr::load_player_stats fantasy_points_ppr allowed-by-position, percentile-normalized) + nflreadr::load_schedules","2026-09-04 19:52:15.600932","ri-schedule-weekly-2026.1","CURRENT"
2025,18,"HOU","IND","RB",-0.1613,0.419354838709677,"nflverse (nflreadr::load_player_stats fantasy_points_ppr allowed-by-position, percentile-normalized) + nflreadr::load_schedules","2026-09-04 19:52:15.600932","ri-schedule-weekly-2026.1","CURRENT"
2025,18,"HOU","IND","TE",0.4,0.7,"nflverse (nflreadr::load_player_stats fantasy_points_ppr allowed-by-position, percentile-normalized) + nflreadr::load_schedules","2026-09-04 19:52:15.600932","ri-schedule-weekly-2026.1","CURRENT"
2025,18,"HOU","IND","WR",0.2903,0.645161290322581,"nflverse (nflreadr::load_player_stats fantasy_points_ppr allowed-by-position, percentile-normalized) + nflreadr::load_schedules","2026-09-04 19:52:15.600932","ri-schedule-weekly-2026.1","CURRENT"
2025,18,"IND","HOU","QB",0.8065,0.903225806451613,"nflverse (nflreadr::load_player_stats fantasy_points_ppr allowed-by-position, percentile-normalized) + nflreadr::load_schedules","2026-09-04 19:52:15.600932","ri-schedule-weekly-2026.1","CURRENT"
2025,18,"IND","HOU","RB",-0.4194,0.290322580645161,"nflverse (nflreadr::load_player_stats fantasy_points_ppr allowed-by-position, percentile-normalized) + nflreadr::load_schedules","2026-09-04 19:52:15.600932","ri-schedule-weekly-2026.1","CURRENT"
2025,18,"IND","HOU","TE",0.2667,0.633333333333333,"nflverse (nflreadr::load_player_stats fantasy_points_ppr allowed-by-position, percentile-normalized) + nflreadr::load_schedules","2026-09-04 19:52:15.600932","ri-schedule-weekly-2026.1","CURRENT"
2025,18,"IND","HOU","WR",0.8065,0.903225806451613,"nflverse (nflreadr::load_player_stats fantasy_points_ppr allowed-by-position, percentile-normalized) + nflreadr::load_schedules","2026-09-04 19:52:15.600932","ri-schedule-weekly-2026.1","CURRENT"
2025,18,"JAX","TEN","QB",0.871,0.935483870967742,"nflverse (nflreadr::load_player_stats fantasy_points_ppr allowed-by-position, percentile-normalized) + nflreadr::load_schedules","2026-09-04 19:52:15.600932","ri-schedule-weekly-2026.1","CURRENT"
2025,18,"JAX","TEN","RB",-0.4839,0.258064516129032,"nflverse (nflreadr::load_player_stats fantasy_points_ppr allowed-by-position, percentile-normalized) + nflreadr::load_schedules","2026-09-04 19:52:15.600932","ri-schedule-weekly-2026.1","CURRENT"
2025,18,"JAX","TEN","TE",0.8,0.9,"nflverse (nflreadr::load_player_stats fantasy_points_ppr allowed-by-position, percentile-normalized) + nflreadr::load_schedules","2026-09-04 19:52:15.600932","ri-schedule-weekly-2026.1","CURRENT"
2025,18,"JAX","TEN","WR",0.6774,0.838709677419355,"nflverse (nflreadr::load_player_stats fantasy_points_ppr allowed-by-position, percentile-normalized) + nflreadr::load_schedules","2026-09-04 19:52:15.600932","ri-schedule-weekly-2026.1","CURRENT"
2025,18,"KC","LV","QB",-1,0,"nflverse (nflreadr::load_player_stats fantasy_points_ppr allowed-by-position, percentile-normalized) + nflreadr::load_schedules","2026-09-04 19:52:15.600932","ri-schedule-weekly-2026.1","CURRENT"
2025,18,"KC","LV","RB",-0.1613,0.419354838709677,"nflverse (nflreadr::load_player_stats fantasy_points_ppr allowed-by-position, percentile-normalized) + nflreadr::load_schedules","2026-09-04 19:52:15.600932","ri-schedule-weekly-2026.1","CURRENT"
2025,18,"KC","LV","TE",0,0.5,"nflverse (nflreadr::load_player_stats fantasy_points_ppr allowed-by-position, percentile-normalized) + nflreadr::load_schedules","2026-09-04 19:52:15.600932","ri-schedule-weekly-2026.1","CURRENT"
2025,18,"KC","LV","WR",-0.6774,0.161290322580645,"nflverse (nflreadr::load_player_stats fantasy_points_ppr allowed-by-position, percentile-normalized) + nflreadr::load_schedules","2026-09-04 19:52:15.600932","ri-schedule-weekly-2026.1","CURRENT"
2025,18,"LA","ARI","QB",0.9355,0.967741935483871,"nflverse (nflreadr::load_player_stats fantasy_points_ppr allowed-by-position, percentile-normalized) + nflreadr::load_schedules","2026-09-04 19:52:15.600932","ri-schedule-weekly-2026.1","CURRENT"
2025,18,"LA","ARI","RB",0.2903,0.645161290322581,"nflverse (nflreadr::load_player_stats fantasy_points_ppr allowed-by-position, percentile-normalized) + nflreadr::load_schedules","2026-09-04 19:52:15.600932","ri-schedule-weekly-2026.1","CURRENT"
2025,18,"LA","ARI","TE",1,1,"nflverse (nflreadr::load_player_stats fantasy_points_ppr allowed-by-position, percentile-normalized) + nflreadr::load_schedules","2026-09-04 19:52:15.600932","ri-schedule-weekly-2026.1","CURRENT"
2025,18,"LA","ARI","WR",0.5484,0.774193548387097,"nflverse (nflreadr::load_player_stats fantasy_points_ppr allowed-by-position, percentile-normalized) + nflreadr::load_schedules","2026-09-04 19:52:15.600932","ri-schedule-weekly-2026.1","CURRENT"
2025,18,"LAC","DEN","QB",-0.5484,0.225806451612903,"nflverse (nflreadr::load_player_stats fantasy_points_ppr allowed-by-position, percentile-normalized) + nflreadr::load_schedules","2026-09-04 19:52:15.600932","ri-schedule-weekly-2026.1","CURRENT"
2025,18,"LAC","DEN","RB",-0.8065,0.0967741935483871,"nflverse (nflreadr::load_player_stats fantasy_points_ppr allowed-by-position, percentile-normalized) + nflreadr::load_schedules","2026-09-04 19:52:15.600932","ri-schedule-weekly-2026.1","CURRENT"
2025,18,"LAC","DEN","TE",-0.5333,0.233333333333333,"nflverse (nflreadr::load_player_stats fantasy_points_ppr allowed-by-position, percentile-normalized) + nflreadr::load_schedules","2026-09-04 19:52:15.600932","ri-schedule-weekly-2026.1","CURRENT"
2025,18,"LAC","DEN","WR",-0.0968,0.451612903225806,"nflverse (nflreadr::load_player_stats fantasy_points_ppr allowed-by-position, percentile-normalized) + nflreadr::load_schedules","2026-09-04 19:52:15.600932","ri-schedule-weekly-2026.1","CURRENT"
2025,18,"LV","KC","QB",-0.871,0.0645161290322581,"nflverse (nflreadr::load_player_stats fantasy_points_ppr allowed-by-position, percentile-normalized) + nflreadr::load_schedules","2026-09-04 19:52:15.600932","ri-schedule-weekly-2026.1","CURRENT"
2025,18,"LV","KC","RB",-0.2903,0.354838709677419,"nflverse (nflreadr::load_player_stats fantasy_points_ppr allowed-by-position, percentile-normalized) + nflreadr::load_schedules","2026-09-04 19:52:15.600932","ri-schedule-weekly-2026.1","CURRENT"
2025,18,"LV","KC","TE",-0.4667,0.266666666666667,"nflverse (nflreadr::load_player_stats fantasy_points_ppr allowed-by-position, percentile-normalized) + nflreadr::load_schedules","2026-09-04 19:52:15.600932","ri-schedule-weekly-2026.1","CURRENT"
2025,18,"LV","KC","WR",-0.9355,0.032258064516129,"nflverse (nflreadr::load_player_stats fantasy_points_ppr allowed-by-position, percentile-normalized) + nflreadr::load_schedules","2026-09-04 19:52:15.600932","ri-schedule-weekly-2026.1","CURRENT"
2025,18,"MIA","NE","QB",-0.4839,0.258064516129032,"nflverse (nflreadr::load_player_stats fantasy_points_ppr allowed-by-position, percentile-normalized) + nflreadr::load_schedules","2026-09-04 19:52:15.600932","ri-schedule-weekly-2026.1","CURRENT"
2025,18,"MIA","NE","RB",-1,0,"nflverse (nflreadr::load_player_stats fantasy_points_ppr allowed-by-position, percentile-normalized) + nflreadr::load_schedules","2026-09-04 19:52:15.600932","ri-schedule-weekly-2026.1","CURRENT"
2025,18,"MIA","NE","TE",-0.4,0.3,"nflverse (nflreadr::load_player_stats fantasy_points_ppr allowed-by-position, percentile-normalized) + nflreadr::load_schedules","2026-09-04 19:52:15.600932","ri-schedule-weekly-2026.1","CURRENT"
2025,18,"MIA","NE","WR",0.0323,0.516129032258065,"nflverse (nflreadr::load_player_stats fantasy_points_ppr allowed-by-position, percentile-normalized) + nflreadr::load_schedules","2026-09-04 19:52:15.600932","ri-schedule-weekly-2026.1","CURRENT"
2025,18,"MIN","GB","QB",-0.6129,0.193548387096774,"nflverse (nflreadr::load_player_stats fantasy_points_ppr allowed-by-position, percentile-normalized) + nflreadr::load_schedules","2026-09-04 19:52:15.600932","ri-schedule-weekly-2026.1","CURRENT"
2025,18,"MIN","GB","RB",0.2258,0.612903225806452,"nflverse (nflreadr::load_player_stats fantasy_points_ppr allowed-by-position, percentile-normalized) + nflreadr::load_schedules","2026-09-04 19:52:15.600932","ri-schedule-weekly-2026.1","CURRENT"
2025,18,"MIN","GB","TE",-0.0667,0.466666666666667,"nflverse (nflreadr::load_player_stats fantasy_points_ppr allowed-by-position, percentile-normalized) + nflreadr::load_schedules","2026-09-04 19:52:15.600932","ri-schedule-weekly-2026.1","CURRENT"
2025,18,"MIN","GB","WR",0.4194,0.709677419354839,"nflverse (nflreadr::load_player_stats fantasy_points_ppr allowed-by-position, percentile-normalized) + nflreadr::load_schedules","2026-09-04 19:52:15.600932","ri-schedule-weekly-2026.1","CURRENT"
2025,18,"NE","MIA","QB",0.3548,0.67741935483871,"nflverse (nflreadr::load_player_stats fantasy_points_ppr allowed-by-position, percentile-normalized) + nflreadr::load_schedules","2026-09-04 19:52:15.600932","ri-schedule-weekly-2026.1","CURRENT"
2025,18,"NE","MIA","RB",1,1,"nflverse (nflreadr::load_player_stats fantasy_points_ppr allowed-by-position, percentile-normalized) + nflreadr::load_schedules","2026-09-04 19:52:15.600932","ri-schedule-weekly-2026.1","CURRENT"
2025,18,"NE","MIA","TE",0.3333,0.666666666666667,"nflverse (nflreadr::load_player_stats fantasy_points_ppr allowed-by-position, percentile-normalized) + nflreadr::load_schedules","2026-09-04 19:52:15.600932","ri-schedule-weekly-2026.1","CURRENT"
2025,18,"NE","MIA","WR",-0.0323,0.483870967741935,"nflverse (nflreadr::load_player_stats fantasy_points_ppr allowed-by-position, percentile-normalized) + nflreadr::load_schedules","2026-09-04 19:52:15.600932","ri-schedule-weekly-2026.1","CURRENT"
2025,18,"NO","ATL","QB",0.7419,0.870967741935484,"nflverse (nflreadr::load_player_stats fantasy_points_ppr allowed-by-position, percentile-normalized) + nflreadr::load_schedules","2026-09-04 19:52:15.600932","ri-schedule-weekly-2026.1","CURRENT"
2025,18,"NO","ATL","RB",0.0968,0.548387096774194,"nflverse (nflreadr::load_player_stats fantasy_points_ppr allowed-by-position, percentile-normalized) + nflreadr::load_schedules","2026-09-04 19:52:15.600932","ri-schedule-weekly-2026.1","CURRENT"
2025,18,"NO","ATL","TE",0.4667,0.733333333333333,"nflverse (nflreadr::load_player_stats fantasy_points_ppr allowed-by-position, percentile-normalized) + nflreadr::load_schedules","2026-09-04 19:52:15.600932","ri-schedule-weekly-2026.1","CURRENT"
2025,18,"NO","ATL","WR",0.4839,0.741935483870968,"nflverse (nflreadr::load_player_stats fantasy_points_ppr allowed-by-position, percentile-normalized) + nflreadr::load_schedules","2026-09-04 19:52:15.600932","ri-schedule-weekly-2026.1","CURRENT"
2025,18,"NYG","DAL","QB",0.5484,0.774193548387097,"nflverse (nflreadr::load_player_stats fantasy_points_ppr allowed-by-position, percentile-normalized) + nflreadr::load_schedules","2026-09-04 19:52:15.600932","ri-schedule-weekly-2026.1","CURRENT"
2025,18,"NYG","DAL","RB",0.871,0.935483870967742,"nflverse (nflreadr::load_player_stats fantasy_points_ppr allowed-by-position, percentile-normalized) + nflreadr::load_schedules","2026-09-04 19:52:15.600932","ri-schedule-weekly-2026.1","CURRENT"
2025,18,"NYG","DAL","TE",0.1333,0.566666666666667,"nflverse (nflreadr::load_player_stats fantasy_points_ppr allowed-by-position, percentile-normalized) + nflreadr::load_schedules","2026-09-04 19:52:15.600932","ri-schedule-weekly-2026.1","CURRENT"
2025,18,"NYG","DAL","WR",0.3548,0.67741935483871,"nflverse (nflreadr::load_player_stats fantasy_points_ppr allowed-by-position, percentile-normalized) + nflreadr::load_schedules","2026-09-04 19:52:15.600932","ri-schedule-weekly-2026.1","CURRENT"
2025,18,"NYJ","BUF","QB",-0.3548,0.32258064516129,"nflverse (nflreadr::load_player_stats fantasy_points_ppr allowed-by-position, percentile-normalized) + nflreadr::load_schedules","2026-09-04 19:52:15.600932","ri-schedule-weekly-2026.1","CURRENT"
2025,18,"NYJ","BUF","RB",-0.871,0.0645161290322581,"nflverse (nflreadr::load_player_stats fantasy_points_ppr allowed-by-position, percentile-normalized) + nflreadr::load_schedules","2026-09-04 19:52:15.600932","ri-schedule-weekly-2026.1","CURRENT"
2025,18,"NYJ","BUF","TE",,,"nflverse (nflreadr::load_player_stats fantasy_points_ppr allowed-by-position, percentile-normalized) + nflreadr::load_schedules","2026-09-04 19:52:15.600932","ri-schedule-weekly-2026.1","UNAVAILABLE"
2025,18,"NYJ","BUF","WR",-0.4194,0.290322580645161,"nflverse (nflreadr::load_player_stats fantasy_points_ppr allowed-by-position, percentile-normalized) + nflreadr::load_schedules","2026-09-04 19:52:15.600932","ri-schedule-weekly-2026.1","CURRENT"
2025,18,"PHI","WAS","QB",-0.0968,0.451612903225806,"nflverse (nflreadr::load_player_stats fantasy_points_ppr allowed-by-position, percentile-normalized) + nflreadr::load_schedules","2026-09-04 19:52:15.600932","ri-schedule-weekly-2026.1","CURRENT"
2025,18,"PHI","WAS","RB",0.4839,0.741935483870968,"nflverse (nflreadr::load_player_stats fantasy_points_ppr allowed-by-position, percentile-normalized) + nflreadr::load_schedules","2026-09-04 19:52:15.600932","ri-schedule-weekly-2026.1","CURRENT"
2025,18,"PHI","WAS","TE",0.6,0.8,"nflverse (nflreadr::load_player_stats fantasy_points_ppr allowed-by-position, percentile-normalized) + nflreadr::load_schedules","2026-09-04 19:52:15.600932","ri-schedule-weekly-2026.1","CURRENT"
2025,18,"PHI","WAS","WR",0.2258,0.612903225806452,"nflverse (nflreadr::load_player_stats fantasy_points_ppr allowed-by-position, percentile-normalized) + nflreadr::load_schedules","2026-09-04 19:52:15.600932","ri-schedule-weekly-2026.1","CURRENT"
2025,18,"PIT","BAL","QB",0.4194,0.709677419354839,"nflverse (nflreadr::load_player_stats fantasy_points_ppr allowed-by-position, percentile-normalized) + nflreadr::load_schedules","2026-09-04 19:52:15.600932","ri-schedule-weekly-2026.1","CURRENT"
2025,18,"PIT","BAL","RB",0.8065,0.903225806451613,"nflverse (nflreadr::load_player_stats fantasy_points_ppr allowed-by-position, percentile-normalized) + nflreadr::load_schedules","2026-09-04 19:52:15.600932","ri-schedule-weekly-2026.1","CURRENT"
2025,18,"PIT","BAL","TE",-0.1333,0.433333333333333,"nflverse (nflreadr::load_player_stats fantasy_points_ppr allowed-by-position, percentile-normalized) + nflreadr::load_schedules","2026-09-04 19:52:15.600932","ri-schedule-weekly-2026.1","CURRENT"
2025,18,"PIT","BAL","WR",0.6129,0.806451612903226,"nflverse (nflreadr::load_player_stats fantasy_points_ppr allowed-by-position, percentile-normalized) + nflreadr::load_schedules","2026-09-04 19:52:15.600932","ri-schedule-weekly-2026.1","CURRENT"
2025,18,"SEA","SF","QB",-0.4194,0.290322580645161,"nflverse (nflreadr::load_player_stats fantasy_points_ppr allowed-by-position, percentile-normalized) + nflreadr::load_schedules","2026-09-04 19:52:15.600932","ri-schedule-weekly-2026.1","CURRENT"
2025,18,"SEA","SF","RB",0.7419,0.870967741935484,"nflverse (nflreadr::load_player_stats fantasy_points_ppr allowed-by-position, percentile-normalized) + nflreadr::load_schedules","2026-09-04 19:52:15.600932","ri-schedule-weekly-2026.1","CURRENT"
2025,18,"SEA","SF","TE",-0.7333,0.133333333333333,"nflverse (nflreadr::load_player_stats fantasy_points_ppr allowed-by-position, percentile-normalized) + nflreadr::load_schedules","2026-09-04 19:52:15.600932","ri-schedule-weekly-2026.1","CURRENT"
2025,18,"SEA","SF","WR",-0.2903,0.354838709677419,"nflverse (nflreadr::load_player_stats fantasy_points_ppr allowed-by-position, percentile-normalized) + nflreadr::load_schedules","2026-09-04 19:52:15.600932","ri-schedule-weekly-2026.1","CURRENT"
2025,18,"SF","SEA","QB",-0.7419,0.129032258064516,"nflverse (nflreadr::load_player_stats fantasy_points_ppr allowed-by-position, percentile-normalized) + nflreadr::load_schedules","2026-09-04 19:52:15.600932","ri-schedule-weekly-2026.1","CURRENT"
2025,18,"SF","SEA","RB",-0.5484,0.225806451612903,"nflverse (nflreadr::load_player_stats fantasy_points_ppr allowed-by-position, percentile-normalized) + nflreadr::load_schedules","2026-09-04 19:52:15.600932","ri-schedule-weekly-2026.1","CURRENT"
2025,18,"SF","SEA","TE",-0.3333,0.333333333333333,"nflverse (nflreadr::load_player_stats fantasy_points_ppr allowed-by-position, percentile-normalized) + nflreadr::load_schedules","2026-09-04 19:52:15.600932","ri-schedule-weekly-2026.1","CURRENT"
2025,18,"SF","SEA","WR",-0.8065,0.0967741935483871,"nflverse (nflreadr::load_player_stats fantasy_points_ppr allowed-by-position, percentile-normalized) + nflreadr::load_schedules","2026-09-04 19:52:15.600932","ri-schedule-weekly-2026.1","CURRENT"
2025,18,"TB","CAR","QB",-0.0323,0.483870967741935,"nflverse (nflreadr::load_player_stats fantasy_points_ppr allowed-by-position, percentile-normalized) + nflreadr::load_schedules","2026-09-04 19:52:15.600932","ri-schedule-weekly-2026.1","CURRENT"
2025,18,"TB","CAR","RB",0.0323,0.516129032258065,"nflverse (nflreadr::load_player_stats fantasy_points_ppr allowed-by-position, percentile-normalized) + nflreadr::load_schedules","2026-09-04 19:52:15.600932","ri-schedule-weekly-2026.1","CURRENT"
2025,18,"TB","CAR","TE",0.6667,0.833333333333333,"nflverse (nflreadr::load_player_stats fantasy_points_ppr allowed-by-position, percentile-normalized) + nflreadr::load_schedules","2026-09-04 19:52:15.600932","ri-schedule-weekly-2026.1","CURRENT"
2025,18,"TB","CAR","WR",-0.7419,0.129032258064516,"nflverse (nflreadr::load_player_stats fantasy_points_ppr allowed-by-position, percentile-normalized) + nflreadr::load_schedules","2026-09-04 19:52:15.600932","ri-schedule-weekly-2026.1","CURRENT"
2025,18,"TEN","JAX","QB",-0.2258,0.387096774193548,"nflverse (nflreadr::load_player_stats fantasy_points_ppr allowed-by-position, percentile-normalized) + nflreadr::load_schedules","2026-09-04 19:52:15.600932","ri-schedule-weekly-2026.1","CURRENT"
2025,18,"TEN","JAX","RB",0.3548,0.67741935483871,"nflverse (nflreadr::load_player_stats fantasy_points_ppr allowed-by-position, percentile-normalized) + nflreadr::load_schedules","2026-09-04 19:52:15.600932","ri-schedule-weekly-2026.1","CURRENT"
2025,18,"TEN","JAX","TE",-0.8,0.1,"nflverse (nflreadr::load_player_stats fantasy_points_ppr allowed-by-position, percentile-normalized) + nflreadr::load_schedules","2026-09-04 19:52:15.600932","ri-schedule-weekly-2026.1","CURRENT"
2025,18,"TEN","JAX","WR",-0.6129,0.193548387096774,"nflverse (nflreadr::load_player_stats fantasy_points_ppr allowed-by-position, percentile-normalized) + nflreadr::load_schedules","2026-09-04 19:52:15.600932","ri-schedule-weekly-2026.1","CURRENT"
2025,18,"WAS","PHI","QB",0.1613,0.580645161290323,"nflverse (nflreadr::load_player_stats fantasy_points_ppr allowed-by-position, percentile-normalized) + nflreadr::load_schedules","2026-09-04 19:52:15.600932","ri-schedule-weekly-2026.1","CURRENT"
2025,18,"WAS","PHI","RB",0.4194,0.709677419354839,"nflverse (nflreadr::load_player_stats fantasy_points_ppr allowed-by-position, percentile-normalized) + nflreadr::load_schedules","2026-09-04 19:52:15.600932","ri-schedule-weekly-2026.1","CURRENT"
2025,18,"WAS","PHI","TE",0.0667,0.533333333333333,"nflverse (nflreadr::load_player_stats fantasy_points_ppr allowed-by-position, percentile-normalized) + nflreadr::load_schedules","2026-09-04 19:52:15.600932","ri-schedule-weekly-2026.1","CURRENT"
2025,18,"WAS","PHI","WR",-0.3548,0.32258064516129,"nflverse (nflreadr::load_player_stats fantasy_points_ppr allowed-by-position, percentile-normalized) + nflreadr::load_schedules","2026-09-04 19:52:15.600932","ri-schedule-weekly-2026.1","CURRENT"
