"season","week","gsis_id","team","position","report_status","practice_status","report_primary_injury","practice_primary_injury"
2025,1,"00-0035228","ARI","QB",,,"Illness",
2025,1,"00-0034407","ATL","WR",,"Limited Participation in Practice",,"Not injury related - resting player"
2025,1,"00-0036309","ATL","WR","Questionable","Limited Participation in Practice","Shoulder","Shoulder"
2025,1,"00-0037838","BAL","TE","Out","Did Not Participate In Practice","Foot","Foot"
2025,1,"00-0036980","BUF","WR",,"Full Participation in Practice",,"Not injury related - personal matter"
2025,1,"00-0037261","BUF","WR",,"Full Participation in Practice",,"Ankle"
2025,1,"00-0039901","BUF","WR",,"Full Participation in Practice",,"Groin"
2025,1,"00-0036331","CHI","WR",,"Full Participation in Practice",,"Hamstring"
2025,1,"00-0039021","CHI","RB","Questionable","Limited Participation in Practice","Foot","Foot"
2025,1,"00-0040236","CHI","RB",,"Full Participation in Practice",,"Hamstring"
2025,1,"00-0038710","CLE","TE",,"Full Participation in Practice",,"Knee"
2025,1,"00-0038979","CLE","WR",,"Full Participation in Practice",,"Thumb"
2025,1,"00-0039530","DAL","TE",,"Full Participation in Practice",,"Ankle"
2025,1,"00-0038783","DEN","TE","Out","Did Not Participate In Practice","Ankle","Ankle"
2025,1,"00-0038976","DEN","WR",,"Full Participation in Practice",,"Thigh"
2025,1,"00-0039364","DET","RB","Out","Did Not Participate In Practice","Hamstring","Hamstring"
2025,1,"00-0040669","DET","WR",,"Full Participation in Practice",,"Illness"
2025,1,"00-0036264","GB","QB",,"Full Participation in Practice",,"Thumb"
2025,1,"00-0038393","GB","WR","Questionable","Limited Participation in Practice","Calf","Calf"
2025,1,"00-0039146","GB","WR","Questionable","Limited Participation in Practice","Foot","Foot"
2025,1,"00-0040009","GB","WR","Questionable","Limited Participation in Practice","Hamstring","Hamstring"
2025,1,"00-0034419","HOU","WR","Out","Did Not Participate In Practice","Hamstring","Hamstring"
2025,1,"00-0034775","HOU","WR","Out","Did Not Participate In Practice","Hamstring","Hamstring"
2025,1,"00-0037120","IND","RB","Questionable","Limited Participation in Practice","Elbow","Elbow"
2025,1,"00-0035662","KC","WR",,"Full Participation in Practice",,"Ankle"
2025,1,"00-0039824","KC","TE",,"Full Participation in Practice",,"Knee"
2025,1,"00-0040646","KC","WR","Out","Did Not Participate In Practice","Knee","Knee"
2025,1,"00-0036893","LAC","RB",,"Full Participation in Practice",,"Eye"
2025,1,"00-0038102","LV","QB",,"Full Participation in Practice",,"Hamstring"
2025,1,"00-0031610","MIA","TE","Out","Did Not Participate In Practice","Hip","Hip"
2025,1,"00-0033040","MIA","WR",,"Full Participation in Practice",,"Oblique"
2025,1,"00-0036620","MIA","WR","Questionable","Full Participation in Practice","Concussion","Concussion"
2025,1,"00-0038720","MIA","TE",,"Full Participation in Practice",,"Shoulder"
2025,1,"00-0039040","MIA","RB",,"Full Participation in Practice",,"Calf"
2025,1,"00-0039874","MIA","RB","Out","Did Not Participate In Practice","Knee","Knee"
2025,1,"00-0037291","MIN","WR",,"Full Participation in Practice",,"Hand"
2025,1,"00-0038440","MIN","RB","Out","Did Not Participate In Practice","Ankle","Ankle"
2025,1,"00-0040563","NE","WR",,"Full Participation in Practice",,"Knee"
2025,1,"00-0039337","NYG","WR",,"Did Not Participate In Practice",,"Back"
2025,1,"00-0028118","NYJ","QB",,"Full Participation in Practice",,"Knee"
2025,1,"00-0038400","PHI","QB","Out","Did Not Participate In Practice","Thumb","Thumb"
2025,1,"00-0037327","PIT","QB","Questionable","Limited Participation in Practice","Hamstring","Hamstring"
2025,1,"00-0035891","SEA","WR",,"Full Participation in Practice",,"Shoulder"
2025,1,"00-0037093","SEA","WR","Out","Did Not Participate In Practice","Hamstring","Hamstring"
2025,1,"00-0038752","SEA","WR","Out","Limited Participation in Practice","Concussion","Concussion"
2025,1,"00-0040648","SEA","WR",,"Full Participation in Practice",,"Ankle"
2025,1,"00-0033280","SF","RB","Questionable","Did Not Participate In Practice","Calf","Calf"
2025,1,"00-0036259","SF","WR",,"Full Participation in Practice",,"Calf"
2025,1,"00-0036972","SF","QB",,"Full Participation in Practice",,"Knee"
2025,1,"00-0039363","SF","RB",,"Full Participation in Practice",,"Shoulder"
2025,1,"00-0040172","SF","WR","Doubtful","Limited Participation in Practice","Ankle","Ankle"
2025,1,"00-0040177","SF","RB","Doubtful","Limited Participation in Practice","Finger","Finger"
2025,1,"00-0031408","TB","WR",,"Full Participation in Practice",,"Not injury related - resting player"
2025,1,"00-0033921","TB","WR","Out","Did Not Participate In Practice","Ankle","Ankle"
2025,1,"00-0038129","TB","TE",,"Full Participation in Practice",,"Groin"
2025,1,"00-0038951","TB","RB",,"Full Participation in Practice",,"Hand"
2025,1,"00-0040205","TEN","RB","Questionable","Limited Participation in Practice","Ankle","Ankle"
2025,1,"00-0030061","WAS","TE",,"Did Not Participate In Practice",,"Not injury related - resting player"
2025,1,"00-0032268","WAS","QB",,"Full Participation in Practice",,"Achilles"
2025,1,"00-0033591","WAS","WR",,"Did Not Participate In Practice",,"Knee"
2025,2,"00-0039737","ARI","TE","Out","Did Not Participate In Practice","Foot","Foot"
2025,2,"00-0033572","ATL","WR","Out","Did Not Participate In Practice","Groin","Groin"
2025,2,"00-0036309","ATL","WR",,"Full Participation in Practice",,"Shoulder"
2025,2,"00-0037238","ATL","WR",,"Full Participation in Practice",,"Shoulder"
2025,2,"00-0039394","ATL","WR","Out","Did Not Participate In Practice","Concussion","Concussion"
2025,2,"00-0036550","BAL","WR",,"Did Not Participate In Practice",,"Not injury related - personal matter"
2025,2,"00-0037838","BAL","TE","Out","Limited Participation in Practice","Foot","Foot"
2025,2,"00-0035689","BUF","TE",,"Full Participation in Practice",,"Hip"
2025,2,"00-0037248","BUF","RB",,"Full Participation in Practice",,"Hamstring"
2025,2,"00-0039901","BUF","WR",,"Full Participation in Practice",,"Groin"
2025,2,"00-0034983","CAR","WR",,"Full Participation in Practice",,"Ribs"
2025,2,"00-0034827","CHI","WR",,"Full Participation in Practice",,"Abdomen"
2025,2,"00-0039021","CHI","RB",,"Full Participation in Practice",,"Foot"
2025,2,"00-0040277","CHI","WR","Doubtful","Did Not Participate In Practice","Ankle","Ankle"
2025,2,"00-0040784","CLE","RB","Questionable","Full Participation in Practice","Not injury related - personal matter","Not injury related - personal matter"
2025,2,"00-0033881","DEN","TE",,"Full Participation in Practice",,"Calf"
2025,2,"00-0038783","DEN","TE","Out","Limited Participation in Practice","Ankle","Ankle"
2025,2,"00-0039364","DET","RB","Doubtful","Limited Participation in Practice","Hamstring","Hamstring"
2025,2,"00-0036264","GB","QB",,"Full Participation in Practice",,"Thumb"
2025,2,"00-0038393","GB","WR",,"Limited Participation in Practice",,"Calf"
2025,2,"00-0039146","GB","WR",,"Limited Participation in Practice",,"Foot"
2025,2,"00-0040667","GB","WR",,"Full Participation in Practice",,"Ankle"
2025,2,"00-0034419","HOU","WR","Out","Did Not Participate In Practice","Hamstring","Hamstring"
2025,2,"00-0034775","HOU","WR","Out","Did Not Participate In Practice","Hamstring","Hamstring"
2025,2,"00-0036252","IND","WR",,"Full Participation in Practice",,"Glute"
2025,2,"00-0037120","IND","RB","Questionable","Full Participation in Practice","Elbow","Elbow"
2025,2,"00-0037664","IND","WR",,"Full Participation in Practice",,"Knee"
2025,2,"00-0035662","KC","WR",,"Full Participation in Practice",,"Ankle"
2025,2,"00-0039894","KC","WR","Doubtful","Limited Participation in Practice","Shoulder","Shoulder"
2025,2,"00-0040646","KC","WR","Out","Did Not Participate In Practice","Knee","Knee"
2025,2,"00-0031381","LA","WR",,"Full Participation in Practice",,"Not injury related - resting player"
2025,2,"00-0033110","LA","TE",,"Did Not Participate In Practice",,"Not injury related - resting player"
2025,2,"00-0036244","LA","TE","Doubtful","Did Not Participate In Practice","Shoulder","Shoulder"
2025,2,"00-0039074","LA","TE",,"Full Participation in Practice",,"Knee"
2025,2,"00-0039338","LV","TE","Questionable","Limited Participation in Practice","Knee","Knee"
2025,2,"00-0031610","MIA","TE","Out","Did Not Participate In Practice","Hip","Hip"
2025,2,"00-0036613","MIA","WR",,"Full Participation in Practice",,"Shoulder"
2025,2,"00-0039874","MIA","RB","Doubtful","Limited Participation in Practice","Knee","Knee"
2025,2,"00-0035249","MIN","TE",,"Full Participation in Practice",,"Ankle"
2025,2,"00-0037276","MIN","RB",,"Did Not Participate In Practice",,"Knee"
2025,2,"00-0037291","MIN","WR",,"Full Participation in Practice",,"Hand"
2025,2,"00-0038440","MIN","RB",,"Full Participation in Practice",,"Ankle"
2025,2,"00-0039923","MIN","QB",,"Did Not Participate In Practice",,"Not injury related - personal matter"
2025,2,"00-0040506","MIN","WR",,"Full Participation in Practice",,"Knee"
2025,2,"00-0038608","NE","WR",,"Full Participation in Practice",,"Shoulder"
2025,2,"00-0037745","NO","RB",,"Full Participation in Practice",,"Knee"
2025,2,"00-0035535","NYG","WR",,"Limited Participation in Practice",,"Groin"
2025,2,"00-0038117","NYG","WR","Questionable","Limited Participation in Practice","Ankle","Ankle"
2025,2,"00-0039337","NYG","WR",,"Full Participation in Practice",,"Back"
2025,2,"00-0033943","NYJ","WR","Out","Did Not Participate In Practice","Hamstring","Hamstring"
2025,2,"00-0036842","NYJ","RB","Out","Did Not Participate In Practice","Hamstring","Hamstring"
2025,2,"00-0040736","NYJ","TE","Questionable","Full Participation in Practice","Ankle","Ankle"
2025,2,"00-0034351","PHI","TE","Out","Did Not Participate In Practice","Knee","Knee"
2025,2,"00-0038400","PHI","QB","Questionable","Limited Participation in Practice","Thumb","Thumb"
2025,2,"00-0039746","PHI","RB","Out","Did Not Participate In Practice","Oblique","Oblique"
2025,2,"00-0037093","SEA","WR",,"Full Participation in Practice",,"Hamstring"
2025,2,"00-0038752","SEA","WR",,"Full Participation in Practice",,"Concussion"
2025,2,"00-0033280","SF","RB",,"Full Participation in Practice",,"Calf"
2025,2,"00-0036259","SF","WR","Questionable","Limited Participation in Practice","Shoulder","Shoulder"
2025,2,"00-0036972","SF","QB",,"Full Participation in Practice",,"Knee"
2025,2,"00-0037834","SF","QB","Out","Did Not Participate In Practice","Shoulder","Shoulder"
2025,2,"00-0040172","SF","WR",,"Full Participation in Practice",,"Ankle"
2025,2,"00-0040177","SF","RB",,"Full Participation in Practice",,"Finger"
2025,2,"00-0031408","TB","WR",,"Full Participation in Practice",,"Not injury related - resting player"
2025,2,"00-0033921","TB","WR","Out","Limited Participation in Practice","Ankle","Ankle"
2025,2,"00-0037311","TB","TE",,"Full Participation in Practice",,"Head"
2025,2,"00-0040205","TEN","RB","Doubtful","Limited Participation in Practice","Ankle","Ankle"
2025,2,"00-0030061","WAS","TE",,"Did Not Participate In Practice",,"Not injury related - resting player"
2025,2,"00-0033591","WAS","WR",,"Did Not Participate In Practice",,"Knee"
2025,2,"00-0033699","WAS","RB",,"Limited Participation in Practice",,"Shoulder"
2025,2,"00-0036628","WAS","TE",,"Full Participation in Practice",,"Shoulder"
2025,2,"00-0039910","WAS","QB",,"Full Participation in Practice",,"Wrist"
2025,3,"00-0039737","ARI","TE","Questionable","Limited Participation in Practice","Foot","Foot"
2025,3,"00-0033572","ATL","WR","Out","Did Not Participate In Practice","Groin","Groin"
2025,3,"00-0036309","ATL","WR",,"Full Participation in Practice",,"Shoulder"
2025,3,"00-0036429","ATL","TE",,"Full Participation in Practice",,"Ankle"
2025,3,"00-0036970","ATL","TE",,"Full Participation in Practice",,"Toe"
2025,3,"00-0039394","ATL","WR","Out","Limited Participation in Practice","Concussion","Concussion"
2025,3,"00-0040547","ATL","RB",,"Did Not Participate In Practice",,"Not injury related - personal matter"
2025,3,"00-0037838","BAL","TE","Out","Limited Participation in Practice","Foot","Foot"
2025,3,"00-0039796","BAL","RB",,"Full Participation in Practice",,"Concussion"
2025,3,"00-0034983","CAR","WR",,"Full Participation in Practice",,"Not injury related - resting player"
2025,3,"00-0036139","CAR","RB",,"Limited Participation in Practice",,"Knee"
2025,3,"00-0038840","CAR","WR",,"Full Participation in Practice",,"Quadricep"
2025,3,"00-0039342","CAR","WR","Questionable","Limited Participation in Practice","Hamstring","Hamstring"
2025,3,"00-0036275","CHI","RB","Questionable","Limited Participation in Practice","Quadricep","Quadricep"
2025,3,"00-0040277","CHI","WR",,"Full Participation in Practice",,"Ankle"
2025,3,"00-0031763","CLE","WR",,"Limited Participation in Practice",,"Concussion"
2025,3,"00-0037801","DAL","WR",,"Full Participation in Practice",,"Neck"
2025,3,"00-0033881","DEN","TE","Out","Did Not Participate In Practice","Back","Back"
2025,3,"00-0038783","DEN","TE",,"Full Participation in Practice",,"Ankle"
2025,3,"00-0039364","DET","RB",,"Full Participation in Practice",,"Hamstring"
2025,3,"00-0035700","GB","RB",,"Limited Participation in Practice",,"Ankle"
2025,3,"00-0036264","GB","QB",,"Full Participation in Practice",,"Thumb"
2025,3,"00-0038996","GB","TE","Questionable","Did Not Participate In Practice","Knee","Knee"
2025,3,"00-0039146","GB","WR","Out","Did Not Participate In Practice","Foot","Foot"
2025,3,"00-0034419","HOU","WR",,"Full Participation in Practice",,"Hamstring"
2025,3,"00-0034775","HOU","WR",,"Full Participation in Practice",,"Hamstring"
2025,3,"00-0037120","IND","RB",,"Full Participation in Practice",,"Elbow"
2025,3,"00-0038997","IND","WR",,"Full Participation in Practice",,"Ankle"
2025,3,"00-0040128","IND","TE","Questionable","Limited Participation in Practice","Toe","Toe"
2025,3,"00-0037004","JAX","TE",,"Full Participation in Practice",,"Ankle"
2025,3,"00-0039893","JAX","WR",,"Full Participation in Practice",,"Wrist"
2025,3,"00-0040719","JAX","RB",,"Limited Participation in Practice",,"Shoulder"
2025,3,"00-0033873","KC","QB",,"Full Participation in Practice",,"Wrist"
2025,3,"00-0035662","KC","WR",,"Full Participation in Practice",,"Ankle"
2025,3,"00-0039894","KC","WR","Questionable","Limited Participation in Practice","Shoulder","Shoulder"
2025,3,"00-0040646","KC","WR","Questionable","Full Participation in Practice","Knee","Knee"
2025,3,"00-0031381","LA","WR",,"Full Participation in Practice",,"Not injury related - resting player"
2025,3,"00-0036244","LA","TE","Questionable","Limited Participation in Practice","Shoulder","Shoulder"
2025,3,"00-0034159","LAC","TE","Out","Did Not Participate In Practice","Knee","Knee"
2025,3,"00-0039915","LAC","WR",,"Full Participation in Practice",,"Biceps"
2025,3,"00-0038590","LV","WR",,"Full Participation in Practice",,"Knee"
2025,3,"00-0039338","LV","TE",,"Limited Participation in Practice",,"Knee"
2025,3,"00-0031610","MIA","TE","Out","Limited Participation in Practice","Hip","Hip"
2025,3,"00-0036613","MIA","WR","Questionable","Limited Participation in Practice","Shoulder","Shoulder"
2025,3,"00-0039874","MIA","RB",,"Full Participation in Practice",,"Knee"
2025,3,"00-0039880","MIA","WR",,"Full Participation in Practice",,"Thumb"
2025,3,"00-0035249","MIN","TE",,"Full Participation in Practice",,"Ankle"
2025,3,"00-0039923","MIN","QB","Out","Did Not Participate In Practice","Ankle","Ankle"
2025,3,"00-0039052","NO","WR","Questionable","Did Not Participate In Practice","Hamstring","Hamstring"
2025,3,"00-0039424","NO","WR","Questionable","Limited Participation in Practice","Hip","Hip"
2025,3,"00-0035535","NYG","WR",,"Limited Participation in Practice",,"Groin"
2025,3,"00-0035645","NYG","WR","Questionable","Did Not Participate In Practice","Back","Back"
2025,3,"00-0038117","NYG","WR",,"Limited Participation in Practice",,"Foot"
2025,3,"00-0039384","NYG","RB",,"Limited Participation in Practice",,"Calf"
2025,3,"00-0040715","NYG","RB",,"Full Participation in Practice",,"Ankle"
2025,3,"00-0033943","NYJ","WR","Out","Did Not Participate In Practice","Hamstring","Hamstring"
2025,3,"00-0036842","NYJ","RB","Out","Did Not Participate In Practice","Hamstring","Hamstring"
2025,3,"00-0036945","NYJ","QB","Out","Did Not Participate In Practice","Concussion","Concussion"
2025,3,"00-0034351","PHI","TE",,"Full Participation in Practice",,"Knee"
2025,3,"00-0038400","PHI","QB","Questionable","Limited Participation in Practice","Thumb","Thumb"
2025,3,"00-0039746","PHI","RB","Out","Limited Participation in Practice","Oblique","Oblique"
2025,3,"00-0035640","PIT","WR",,"Full Participation in Practice",,"Not injury related - resting player"
2025,3,"00-0038543","SEA","WR","Questionable",,"Illness",
2025,3,"00-0039165","SEA","RB","Doubtful","Did Not Participate In Practice","Foot","Foot"
2025,3,"00-0040648","SEA","WR",,"Full Participation in Practice",,"Groin"
2025,3,"00-0033280","SF","RB",,"Full Participation in Practice",,"Calf"
2025,3,"00-0036259","SF","WR","Questionable","Did Not Participate In Practice","Ankle","Ankle"
2025,3,"00-0037834","SF","QB","Questionable","Limited Participation in Practice","Shoulder","Shoulder"
2025,3,"00-0040172","SF","WR","Out","Did Not Participate In Practice","Calf","Calf"
2025,3,"00-0040177","SF","RB",,"Full Participation in Practice",,"Finger"
2025,3,"00-0033921","TB","WR","Out","Limited Participation in Practice","Ankle","Ankle"
2025,3,"00-0034855","TB","QB",,"Full Participation in Practice",,"Foot"
2025,3,"00-0040129","TB","WR","Questionable","Limited Participation in Practice","Hip","Hip"
2025,3,"00-0039650","TEN","WR","Questionable","Did Not Participate In Practice","Knee","Knee"
2025,3,"00-0040205","TEN","RB","Questionable","Limited Participation in Practice","Ankle","Ankle"
2025,3,"00-0030061","WAS","TE",,"Did Not Participate In Practice",,"Not injury related - resting player"
2025,3,"00-0033591","WAS","WR","Out","Did Not Participate In Practice","Groin","Groin"
2025,3,"00-0033955","WAS","RB",,"Full Participation in Practice",,"Hamstring"
2025,3,"00-0035719","WAS","WR",,"Did Not Participate In Practice",,"Not injury related - personal matter"
2025,3,"00-0036628","WAS","TE","Out","Did Not Participate In Practice","Groin","Groin"
2025,3,"00-0039686","WAS","TE",,"Full Participation in Practice",,"Hip"
2025,3,"00-0039910","WAS","QB","Out","Limited Participation in Practice","Knee","Knee"
2025,4,"00-0033553","ARI","RB",,"Did Not Participate In Practice",,"Foot"
2025,4,"00-0033891","ARI","WR","Out","Did Not Participate In Practice","Concussion","Concussion"
2025,4,"00-0033572","ATL","WR",,"Full Participation in Practice",,"Groin"
2025,4,"00-0034854","ATL","WR","Out","Did Not Participate In Practice","Groin","Groin"
2025,4,"00-0036309","ATL","WR",,"Did Not Participate In Practice",,"Not injury related - resting player"
2025,4,"00-0036970","ATL","TE",,"Full Participation in Practice",,"Toe"
2025,4,"00-0039394","ATL","WR",,"Full Participation in Practice",,"Concussion"
2025,4,"00-0040547","ATL","RB","Out","Did Not Participate In Practice","Hamstring","Hamstring"
2025,4,"00-0037838","BAL","TE","Questionable","Full Participation in Practice","Foot","Foot"
2025,4,"00-0034983","CAR","WR",,"Full Participation in Practice",,"Not injury related - personal matter"
2025,4,"00-0036139","CAR","RB",,"Full Participation in Practice",,"Not injury related - resting player"
2025,4,"00-0036555","CAR","RB","Questionable","Limited Participation in Practice","Calf","Calf"
2025,4,"00-0039342","CAR","WR","Out","Did Not Participate In Practice","Hamstring","Hamstring"
2025,4,"00-0039356","CAR","TE","Out","Did Not Participate In Practice","Ankle","Ankle"
2025,4,"00-0040124","CAR","WR","Questionable","Limited Participation in Practice","Calf","Calf"
2025,4,"00-0036275","CHI","RB","Questionable","Limited Participation in Practice","Hip","Hip"
2025,4,"00-0036290","CHI","TE",,"Full Participation in Practice",,"Groin"
2025,4,"00-0040126","CHI","TE","Questionable","Limited Participation in Practice","Hip","Hip"
2025,4,"00-0033526","CIN","RB",,"Full Participation in Practice",,"Finger"
2025,4,"00-0035644","CIN","TE","Out","Did Not Participate In Practice","Concussion","Concussion"
2025,4,"00-0033885","CLE","TE",,"Full Participation in Practice",,"Knee"
2025,4,"00-0038979","CLE","WR",,"Full Participation in Practice",,"Hand"
2025,4,"00-0036358","DAL","WR","Out","Did Not Participate In Practice","Ankle","Ankle"
2025,4,"00-0033881","DEN","TE",,"Full Participation in Practice",,"Back"
2025,4,"00-0038783","DEN","TE",,"Full Participation in Practice",,"Foot"
2025,4,"00-0038976","DEN","WR","Questionable","Limited Participation in Practice","Hip","Hip"
2025,4,"00-0039364","DET","RB","Out","Did Not Participate In Practice","Groin","Groin"
2025,4,"00-0035700","GB","RB",,"Limited Participation in Practice",,"Ankle"
2025,4,"00-0036264","GB","QB",,"Full Participation in Practice",,"Thumb"
2025,4,"00-0037306","GB","TE",,"Limited Participation in Practice",,"Groin"
2025,4,"00-0038996","GB","TE",,"Full Participation in Practice",,"Knee"
2025,4,"00-0036554","HOU","WR",,"Full Participation in Practice",,"Knee"
2025,4,"00-0037664","IND","WR","Out","Did Not Participate In Practice","Concussion","Concussion"
2025,4,"00-0039816","IND","WR",,"Limited Participation in Practice",,"Illness"
2025,4,"00-0036626","JAX","WR","Questionable","Limited Participation in Practice","Shoulder","Shoulder"
2025,4,"00-0039893","JAX","WR",,"Full Participation in Practice",,"Wrist"
2025,4,"00-0040719","JAX","RB",,"Full Participation in Practice",,"Shoulder"
2025,4,"00-0033873","KC","QB",,"Full Participation in Practice",,"Wrist"
2025,4,"00-0035662","KC","WR",,"Full Participation in Practice",,"Ankle"
2025,4,"00-0039894","KC","WR",,"Full Participation in Practice",,"Shoulder"
2025,4,"00-0040646","KC","WR",,"Full Participation in Practice",,"Knee"
2025,4,"00-0031381","LA","WR","Questionable","Limited Participation in Practice","Hamstring","Hamstring"
2025,4,"00-0033110","LA","TE","Questionable","Did Not Participate In Practice","Hip","Hip"
2025,4,"00-0036244","LA","TE","Questionable","Limited Participation in Practice","Shoulder","Shoulder"
2025,4,"00-0039075","LA","WR",,"Did Not Participate In Practice",,"Not injury related - resting player"
2025,4,"00-0034159","LAC","TE","Out","Did Not Participate In Practice","Knee","Knee"
2025,4,"00-0038573","LAC","WR","Out","Did Not Participate In Practice","Knee","Knee"
2025,4,"00-0039066","LV","TE","Out","Did Not Participate In Practice","Concussion","Concussion"
2025,4,"00-0039338","LV","TE",,"Full Participation in Practice",,"Knee"
2025,4,"00-0031610","MIA","TE",,"Limited Participation in Practice",,"Hip"
2025,4,"00-0033040","MIA","WR",,"Did Not Participate In Practice",,"Not injury related - personal matter"
2025,4,"00-0036613","MIA","WR",,"Full Participation in Practice",,"Shoulder"
2025,4,"00-0039923","MIN","QB","Out","Did Not Participate In Practice","Ankle","Ankle"
2025,4,"00-0040509","MIN","TE","Out","Did Not Participate In Practice","Knee","Knee"
2025,4,"00-0033090","NE","TE",,"Full Participation in Practice",,"Knee"
2025,4,"00-0033555","NE","WR",,"Full Participation in Practice",,"Hand"
2025,4,"00-0039052","NO","WR",,"Full Participation in Practice",,"Hamstring"
2025,4,"00-0039424","NO","WR","Questionable","Limited Participation in Practice","Hip","Hip"
2025,4,"00-0035535","NYG","WR",,"Limited Participation in Practice",,"Calf"
2025,4,"00-0039337","NYG","WR",,"Limited Participation in Practice",,"Shoulder"
2025,4,"00-0039384","NYG","RB","Out","Did Not Participate In Practice","Shoulder","Shoulder"
2025,4,"00-0039847","NYG","TE",,"Limited Participation in Practice",,"Toe"
2025,4,"00-0040432","NYG","WR",,"Limited Participation in Practice",,"Hamstring"
2025,4,"00-0033943","NYJ","WR",,"Full Participation in Practice",,"Hamstring"
2025,4,"00-0036842","NYJ","RB","Doubtful","Did Not Participate In Practice","Hamstring","Hamstring"
2025,4,"00-0036945","NYJ","QB",,"Full Participation in Practice",,"Concussion"
2025,4,"00-0038400","PHI","QB",,"Full Participation in Practice",,"Thumb"
2025,4,"00-0039746","PHI","RB",,"Full Participation in Practice",,"Oblique"
2025,4,"00-0033858","PIT","TE","Questionable","Limited Participation in Practice","Not injury related - resting player","Not injury related - resting player"
2025,4,"00-0035640","PIT","WR",,"Full Participation in Practice",,"Not injury related - resting player"
2025,4,"00-0037228","PIT","RB","Questionable","Limited Participation in Practice","Not injury related - resting player","Not injury related - resting player"
2025,4,"00-0039165","SEA","RB","Questionable","Full Participation in Practice","Foot","Foot"
2025,4,"00-0040739","SEA","TE",,"Full Participation in Practice",,"Groin"
2025,4,"00-0033280","SF","RB",,"Full Participation in Practice",,"Not injury related - resting player"
2025,4,"00-0036259","SF","WR","Questionable","Limited Participation in Practice","Ankle","Ankle"
2025,4,"00-0036972","SF","QB","Questionable","Limited Participation in Practice","Knee","Knee"
2025,4,"00-0037834","SF","QB",,"Full Participation in Practice",,"Shoulder"
2025,4,"00-0039916","SF","WR","Questionable","Limited Participation in Practice","Knee","Knee"
2025,4,"00-0040172","SF","WR","Out","Did Not Participate In Practice","Calf","Calf"
2025,4,"00-0031408","TB","WR","Out","Did Not Participate In Practice","Hamstring","Hamstring"
2025,4,"00-0033921","TB","WR","Questionable","Full Participation in Practice","Ankle","Ankle"
2025,4,"00-0034855","TB","QB","Questionable","Limited Participation in Practice","Biceps","Biceps"
2025,4,"00-0039650","TEN","WR","Out","Did Not Participate In Practice","Knee","Knee"
2025,4,"00-0040205","TEN","RB",,"Did Not Participate In Practice",,"Ankle"
2025,4,"00-0040676","TEN","QB",,"Full Participation in Practice",,"Ankle"
2025,4,"00-0030061","WAS","TE",,"Did Not Participate In Practice",,"Not injury related - resting player"
2025,4,"00-0033591","WAS","WR","Out","Did Not Participate In Practice","Groin","Groin"
2025,4,"00-0035659","WAS","WR","Out","Did Not Participate In Practice","Quadricep","Quadricep"
2025,4,"00-0036628","WAS","TE","Out","Did Not Participate In Practice","Calf","Calf"
2025,4,"00-0039686","WAS","TE",,"Full Participation in Practice",,"Ankle"
2025,4,"00-0039910","WAS","QB","Out","Did Not Participate In Practice","Knee","Knee"
2025,4,"00-0040242","WAS","RB","Questionable","Full Participation in Practice","Knee","Knee"
2025,5,"00-0033891","ARI","WR",,"Full Participation in Practice",,"Concussion"
2025,5,"00-0035500","ARI","WR","Questionable","Limited Participation in Practice","Collarbone","Collarbone"
2025,5,"00-0036646","ARI","WR",,"Full Participation in Practice",,"Concussion"
2025,5,"00-0034796","BAL","QB","Out","Did Not Participate In Practice","Hamstring","Hamstring"
2025,5,"00-0039792","BAL","WR","Questionable","Full Participation in Practice","Oblique","Oblique"
2025,5,"00-0040194","BUF","TE",,"Full Participation in Practice",,"Ankle"
2025,5,"00-0036555","CAR","RB","Out","Did Not Participate In Practice","Calf","Calf"
2025,5,"00-0039342","CAR","WR",,"Full Participation in Practice",,"Hamstring"
2025,5,"00-0039356","CAR","TE","Out","Did Not Participate In Practice","Ankle","Ankle"
2025,5,"00-0040124","CAR","WR",,"Full Participation in Practice",,"Calf"
2025,5,"00-0035644","CIN","TE",,"Full Participation in Practice",,"Concussion"
2025,5,"00-0038576","CIN","WR","Questionable","Did Not Participate In Practice","Achilles","Achilles"
2025,5,"00-0033885","CLE","TE",,"Full Participation in Practice",,"Knee"
2025,5,"00-0035243","DAL","RB","Questionable","Did Not Participate In Practice","Knee","Knee"
2025,5,"00-0036358","DAL","WR","Out","Did Not Participate In Practice","Ankle","Ankle"
2025,5,"00-0037801","DAL","WR","Out","Did Not Participate In Practice","Foot","Foot"
2025,5,"00-0039062","DAL","WR","Questionable","Limited Participation in Practice","Knee","Knee"
2025,5,"00-0037539","DEN","TE","Out","Did Not Participate In Practice","Foot","Foot"
2025,5,"00-0038783","DEN","TE",,"Full Participation in Practice",,"Concussion"
2025,5,"00-0038976","DEN","WR",,"Full Participation in Practice",,"Hip"
2025,5,"00-0039364","DET","RB","Out","Did Not Participate In Practice","Groin","Groin"
2025,5,"00-0036232","HOU","TE",,"Full Participation in Practice",,"Shoulder"
2025,5,"00-0036554","HOU","WR",,"Full Participation in Practice",,"Knee"
2025,5,"00-0036252","IND","WR",,"Full Participation in Practice",,"Hamstring"
2025,5,"00-0037120","IND","RB","Out","Did Not Participate In Practice","Groin","Groin"
2025,5,"00-0037664","IND","WR","Out","Did Not Participate In Practice","Concussion","Concussion"
2025,5,"00-0036626","JAX","WR",,"Limited Participation in Practice",,"Shoulder"
2025,5,"00-0040719","JAX","RB",,"Limited Participation in Practice",,"Shoulder"
2025,5,"00-0033857","KC","WR",,"Full Participation in Practice",,"Knee"
2025,5,"00-0033873","KC","QB",,"Full Participation in Practice",,"Groin"
2025,5,"00-0035662","KC","WR",,"Full Participation in Practice",,"Ankle"
2025,5,"00-0039894","KC","WR",,"Full Participation in Practice",,"Shoulder"
2025,5,"00-0033110","LA","TE","Doubtful","Did Not Participate In Practice","Hip","Hip"
2025,5,"00-0036244","LA","TE",,"Full Participation in Practice",,"Shoulder"
2025,5,"00-0030279","LAC","WR",,"Full Participation in Practice",,"Not injury related - resting player"
2025,5,"00-0034159","LAC","TE","Questionable","Full Participation in Practice","Knee","Knee"
2025,5,"00-0037654","LAC","TE","Questionable","Full Participation in Practice","Toe","Toe"
2025,5,"00-0038573","LAC","WR","Out","Did Not Participate In Practice","Knee","Knee"
2025,5,"00-0038590","LV","WR",,"Full Participation in Practice",,"Illness"
2025,5,"00-0039066","LV","TE","Questionable","Limited Participation in Practice","Concussion","Concussion"
2025,5,"00-0039338","LV","TE","Questionable","Did Not Participate In Practice","Knee","Knee"
2025,5,"00-0031610","MIA","TE",,"Limited Participation in Practice",,"Hip"
2025,5,"00-0034418","MIA","WR","Out","Did Not Participate In Practice","Knee","Knee"
2025,5,"00-0038440","MIN","RB",,"Full Participation in Practice",,"Knee"
2025,5,"00-0039923","MIN","QB","Out","Did Not Participate In Practice","Ankle","Ankle"
2025,5,"00-0040509","MIN","TE","Questionable","Did Not Participate In Practice","Knee","Knee"
2025,5,"00-0033357","NO","QB","Questionable","Limited Participation in Practice","Knee","Knee"
2025,5,"00-0034981","NO","TE","Questionable","Limited Participation in Practice","Knee","Knee"
2025,5,"00-0036040","NO","TE","Questionable","Limited Participation in Practice","Ankle","Ankle"
2025,5,"00-0039052","NO","WR","Out","Did Not Participate In Practice","Ankle","Ankle"
2025,5,"00-0029263","NYG","QB",,"Full Participation in Practice",,"Ankle"
2025,5,"00-0039384","NYG","RB","Doubtful","Limited Participation in Practice","Shoulder","Shoulder"
2025,5,"00-0040691","NYG","QB",,"Full Participation in Practice",,"Hamstring"
2025,5,"00-0040715","NYG","RB",,"Full Participation in Practice",,"Knee"
2025,5,"00-0036842","NYJ","RB","Out","Did Not Participate In Practice","Hamstring","Hamstring"
2025,5,"00-0039794","NYJ","RB",,"Did Not Participate In Practice",,"Knee"
2025,5,"00-0040736","NYJ","TE",,"Full Participation in Practice",,"Ankle"
2025,5,"00-0034351","PHI","TE",,"Full Participation in Practice",,"Knee"
2025,5,"00-0037086","PHI","TE",,"Full Participation in Practice",,"Illness"
2025,5,"00-0035891","SEA","WR",,"Full Participation in Practice",,"Shoulder"
2025,5,"00-0036259","SF","WR","Out","Did Not Participate In Practice","Ankle","Ankle"
2025,5,"00-0036972","SF","QB",,"Full Participation in Practice",,"Knee"
2025,5,"00-0037834","SF","QB","Out","Did Not Participate In Practice","Toe","Toe"
2025,5,"00-0039916","SF","WR","Out","Did Not Participate In Practice","Knee","Knee"
2025,5,"00-0040172","SF","WR","Out","Did Not Participate In Practice","Calf","Calf"
2025,5,"00-0031408","TB","WR","Out","Did Not Participate In Practice","Hamstring","Hamstring"
2025,5,"00-0032385","TB","WR",,"Full Participation in Practice",,"Foot"
2025,5,"00-0033921","TB","WR",,"Full Participation in Practice",,"Ankle"
2025,5,"00-0034855","TB","QB",,"Full Participation in Practice",,"Knee"
2025,5,"00-0039361","TB","RB","Out","Did Not Participate In Practice","Foot","Foot"
2025,5,"00-0034837","TEN","WR","Questionable","Limited Participation in Practice","Knee","Knee"
2025,5,"00-0035261","TEN","RB",,"Full Participation in Practice",,"Not injury related - resting player"
2025,5,"00-0039032","TEN","RB","Questionable","Limited Participation in Practice","Ankle","Ankle"
2025,5,"00-0039650","TEN","WR","Out","Did Not Participate In Practice","Knee","Knee"
2025,5,"00-0030061","WAS","TE",,"Did Not Participate In Practice",,"Not injury related - resting player"
2025,5,"00-0033591","WAS","WR","Out","Did Not Participate In Practice","Groin","Groin"
2025,5,"00-0035659","WAS","WR","Out","Did Not Participate In Practice","Quadricep","Quadricep"
2025,5,"00-0035719","WAS","WR",,"Full Participation in Practice",,"Heel"
2025,5,"00-0036628","WAS","TE",,"Full Participation in Practice",,"Calf"
2025,5,"00-0039686","WAS","TE",,"Full Participation in Practice",,"Ankle"
2025,5,"00-0039910","WAS","QB",,"Full Participation in Practice",,"Knee"
2025,6,"00-0033891","ARI","WR","Questionable","Limited Participation in Practice","Knee","Knee"
2025,6,"00-0035228","ARI","QB","Questionable","Limited Participation in Practice","Foot","Foot"
2025,6,"00-0034854","ATL","WR",,"Full Participation in Practice",,"Groin"
2025,6,"00-0036309","ATL","WR","Out","Did Not Participate In Practice","Hamstring","Hamstring"
2025,6,"00-0040547","ATL","RB",,"Full Participation in Practice",,"Hamstring"
2025,6,"00-0034796","BAL","QB","Out","Did Not Participate In Practice","Hamstring","Hamstring"
2025,6,"00-0039064","BAL","WR","Questionable","Limited Participation in Practice","Shoulder","Shoulder"
2025,6,"00-0039792","BAL","WR","Out","Did Not Participate In Practice","Oblique","Oblique"
2025,6,"00-0033282","BUF","WR","Questionable","Limited Participation in Practice","Neck","Neck"
2025,6,"00-0038933","BUF","TE","Questionable","Limited Participation in Practice","Oblique","Oblique"
2025,6,"00-0036555","CAR","RB","Out","Did Not Participate In Practice","Calf","Calf"
2025,6,"00-0039356","CAR","TE","Questionable","Limited Participation in Practice","Ankle","Ankle"
2025,6,"00-0039491","CAR","WR","Questionable","Full Participation in Practice","Quadricep","Quadricep"
2025,6,"00-0035594","CHI","RB","Questionable","Full Participation in Practice","Calf","Calf"
2025,6,"00-0040126","CHI","TE","Questionable","Full Participation in Practice","Hip","Hip"
2025,6,"00-0040236","CHI","RB",,"Full Participation in Practice",,"Thigh"
2025,6,"00-0035631","CIN","TE",,"Full Participation in Practice",,"Ankle"
2025,6,"00-0036900","CIN","WR","Questionable","Did Not Participate In Practice","Illness","Not injury related - resting player"
2025,6,"00-0038576","CIN","WR",,"Full Participation in Practice",,"Achilles"
2025,6,"00-0033885","CLE","TE",,"Full Participation in Practice",,"Knee"
2025,6,"00-0039920","CLE","WR",,"Full Participation in Practice",,"Groin"
2025,6,"00-0040466","CLE","RB",,"Full Participation in Practice",,"Ankle"
2025,6,"00-0035243","DAL","RB","Out","Did Not Participate In Practice","Knee","Knee"
2025,6,"00-0036358","DAL","WR","Out","Did Not Participate In Practice","Ankle","Ankle"
2025,6,"00-0037801","DAL","WR","Out","Did Not Participate In Practice","Foot","Foot"
2025,6,"00-0039062","DAL","WR","Questionable","Did Not Participate In Practice","Knee","Knee"
2025,6,"00-0039398","DAL","QB",,"Full Participation in Practice",,"Not injury related - personal matter"
2025,6,"00-0037085","DEN","RB",,"Full Participation in Practice",,"Shoulder"
2025,6,"00-0032464","DET","WR","Questionable","Limited Participation in Practice","Neck","Neck"
2025,6,"00-0036963","DET","WR",,"Full Participation in Practice",,"Wrist"
2025,6,"00-0039364","DET","RB","Out","Did Not Participate In Practice","Groin","Groin"
2025,6,"00-0036264","GB","QB",,"Full Participation in Practice",,"Thumb"
2025,6,"00-0038124","GB","WR","Out","Limited Participation in Practice","Knee","Knee"
2025,6,"00-0038996","GB","TE",,"Full Participation in Practice",,"Elbow"
2025,6,"00-0040009","GB","WR",,"Limited Participation in Practice",,"Groin"
2025,6,"00-0037120","IND","RB","Out","Did Not Participate In Practice","Groin","Groin"
2025,6,"00-0037664","IND","WR",,"Full Participation in Practice",,"Concussion"
2025,6,"00-0036626","JAX","WR",,"Limited Participation in Practice",,"Shoulder"
2025,6,"00-0040719","JAX","RB",,"Limited Participation in Practice",,"Shoulder"
2025,6,"00-0033857","KC","WR",,"Full Participation in Practice",,"Knee"
2025,6,"00-0033873","KC","QB",,"Full Participation in Practice",,"Groin"
2025,6,"00-0033923","KC","RB",,"Full Participation in Practice",,"Calf"
2025,6,"00-0035662","KC","WR",,"Full Participation in Practice",,"Ankle"
2025,6,"00-0039894","KC","WR",,"Full Participation in Practice",,"Shoulder"
2025,6,"00-0033110","LA","TE",,"Full Participation in Practice",,"Hip"
2025,6,"00-0036244","LA","TE","Questionable","Limited Participation in Practice","Concussion","Concussion"
2025,6,"00-0036849","LA","WR","Questionable","Limited Participation in Practice","Hamstring","Hamstring"
2025,6,"00-0039075","LA","WR",,"Did Not Participate In Practice",,"Not injury related - resting player"
2025,6,"00-0030279","LAC","WR",,"Full Participation in Practice",,"Not injury related - resting player"
2025,6,"00-0038544","LAC","WR","Questionable","Limited Participation in Practice","Hamstring","Hamstring"
2025,6,"00-0038573","LAC","WR","Out","Did Not Participate In Practice","Knee","Knee"
2025,6,"00-0039066","LV","TE",,"Full Participation in Practice",,"Concussion"
2025,6,"00-0039338","LV","TE","Out","Did Not Participate In Practice","Knee","Knee"
2025,6,"00-0031610","MIA","TE",,"Limited Participation in Practice",,"Hip"
2025,6,"00-0034418","MIA","WR",,"Full Participation in Practice",,"Knee"
2025,6,"00-0036212","MIA","QB",,"Full Participation in Practice",,"Hip"
2025,6,"00-0036328","NE","RB","Out","Did Not Participate In Practice","Knee","Knee"
2025,6,"00-0033906","NO","RB","Questionable","Limited Participation in Practice","Ankle","Ankle"
2025,6,"00-0036040","NO","TE",,"Full Participation in Practice",,"Ankle"
2025,6,"00-0035535","NYG","WR","Out","Did Not Participate In Practice","Hamstring","Hamstring"
2025,6,"00-0039384","NYG","RB",,"Limited Participation in Practice",,"Shoulder"
2025,6,"00-0040691","NYG","QB",,"Full Participation in Practice",,"Hamstring"
2025,6,"00-0034521","NYJ","WR","Out","Did Not Participate In Practice","Not injury related - personal matter","Not injury related - personal matter"
2025,6,"00-0036842","NYJ","RB",,"Full Participation in Practice",,"Hamstring"
2025,6,"00-0036945","NYJ","QB",,"Full Participation in Practice",,"Knee"
2025,6,"00-0034844","PHI","RB",,"Full Participation in Practice",,"Knee"
2025,6,"00-0037086","PHI","TE","Out","Did Not Participate In Practice","Oblique","Oblique"
2025,6,"00-0035640","PIT","WR",,"Full Participation in Practice",,"Not injury related - resting player"
2025,6,"00-0036862","PIT","WR",,"Full Participation in Practice",,"Illness"
2025,6,"00-0037228","PIT","RB",,"Full Participation in Practice",,"Knee"
2025,6,"00-0037837","PIT","WR","Out","Did Not Participate In Practice","Shoulder","Shoulder"
2025,6,"00-0033280","SF","RB",,"Full Participation in Practice",,"Not injury related - resting player"
2025,6,"00-0033307","SF","WR",,"Full Participation in Practice",,"Rib"
2025,6,"00-0036259","SF","WR","Questionable","Limited Participation in Practice","Ankle","Ankle"
2025,6,"00-0036972","SF","QB","Questionable","Limited Participation in Practice","Knee","Knee"
2025,6,"00-0037834","SF","QB","Out","Did Not Participate In Practice","Toe","Toe"
2025,6,"00-0039916","SF","WR","Out","Did Not Participate In Practice","Knee","Knee"
2025,6,"00-0040172","SF","WR","Out","Did Not Participate In Practice","Calf","Calf"
2025,6,"00-0031237","TB","QB",,"Limited Participation in Practice",,"Shoulder"
2025,6,"00-0031408","TB","WR","Out","Did Not Participate In Practice","Hamstring","Hamstring"
2025,6,"00-0033921","TB","WR","Out","Did Not Participate In Practice","Fibula","Fibula"
2025,6,"00-0039361","TB","RB","Out","Did Not Participate In Practice","Foot","Foot"
2025,6,"00-0040429","TB","RB","Out","Did Not Participate In Practice","Concussion","Concussion"
2025,6,"00-0032211","TEN","WR",,"Full Participation in Practice",,"Not injury related - resting player"
2025,6,"00-0035261","TEN","RB",,"Full Participation in Practice",,"Not injury related - resting player"
2025,6,"00-0036415","TEN","WR","Questionable","Full Participation in Practice","Ankle","Ankle"
2025,6,"00-0039032","TEN","RB",,"Full Participation in Practice",,"Ankle"
2025,6,"00-0039650","TEN","WR","Out","Limited Participation in Practice","Knee","Knee"
2025,6,"00-0033591","WAS","WR","Out","Did Not Participate In Practice","Groin","Groin"
2025,6,"00-0035659","WAS","WR","Out","Did Not Participate In Practice","Quadricep","Quadricep"
2025,6,"00-0035719","WAS","WR","Questionable","Did Not Participate In Practice","Heel","Heel"
2025,6,"00-0036628","WAS","TE",,"Full Participation in Practice",,"Shoulder"
2025,6,"00-0038611","WAS","RB","Questionable","Did Not Participate In Practice","Calf","Calf"
2025,6,"00-0039910","WAS","QB",,"Full Participation in Practice",,"Knee"
2025,7,"00-0033891","ARI","WR","Questionable","Limited Participation in Practice","Knee","Knee"
2025,7,"00-0035228","ARI","QB","Questionable","Limited Participation in Practice","Foot","Foot"
2025,7,"00-0037157","ARI","RB",,"Full Participation in Practice",,"Knee"
2025,7,"00-0038559","ARI","WR",,"Full Participation in Practice",,"Foot"
2025,7,"00-0038705","ARI","RB","Out","Did Not Participate In Practice","Ankle","Ankle"
2025,7,"00-0039849","ARI","WR",,"Full Participation in Practice",,"Concussion"
2025,7,"00-0034407","ATL","WR","Out","Did Not Participate In Practice","Not injury related - other","Not injury related - other"
2025,7,"00-0036309","ATL","WR","Questionable","Did Not Participate In Practice","Hamstring","Hamstring"
2025,7,"00-0036825","ATL","TE","Questionable","Limited Participation in Practice","Calf","Calf"
2025,7,"00-0036555","CAR","RB",,"Full Participation in Practice",,"Calf"
2025,7,"00-0039356","CAR","TE",,"Full Participation in Practice",,"Ankle"
2025,7,"00-0039491","CAR","WR","Questionable","Full Participation in Practice","Quadricep","Quadricep"
2025,7,"00-0034827","CHI","WR",,"Full Participation in Practice",,"Hip"
2025,7,"00-0035594","CHI","RB","Questionable","Full Participation in Practice","Calf","Calf"
2025,7,"00-0036275","CHI","RB","Questionable","Limited Participation in Practice","Groin","Groin"
2025,7,"00-0034613","CIN","TE","Out","Did Not Participate In Practice","Concussion","Concussion"
2025,7,"00-0034829","CIN","TE","Out","Did Not Participate In Practice","Pectoral","Pectoral"
2025,7,"00-0038576","CIN","WR","Questionable","Limited Participation in Practice","Ribs","Ribs"
2025,7,"00-0033885","CLE","TE","Out","Did Not Participate In Practice","Knee","Knee"
2025,7,"00-0036407","CLE","WR",,"Full Participation in Practice",,"Knee"
2025,7,"00-0038710","CLE","TE",,"Full Participation in Practice",,"Shoulder"
2025,7,"00-0040259","CLE","WR","Questionable","Limited Participation in Practice","Concussion","Concussion"
2025,7,"00-0036358","DAL","WR",,"Full Participation in Practice",,"Ankle"
2025,7,"00-0037801","DAL","WR",,"Full Participation in Practice",,"Foot"
2025,7,"00-0039062","DAL","WR","Questionable","Full Participation in Practice","Knee","Knee"
2025,7,"00-0032464","DET","WR",,"Did Not Participate In Practice",,"Not injury related - personal matter"
2025,7,"00-0039364","DET","RB","Out","Did Not Participate In Practice","Groin","Groin"
2025,7,"00-0035700","GB","RB","Questionable","Full Participation in Practice","Illness","Illness"
2025,7,"00-0038124","GB","WR","Out","Limited Participation in Practice","Knee","Knee"
2025,7,"00-0038393","GB","WR","Questionable","Limited Participation in Practice","Ankle","Ankle"
2025,7,"00-0040667","GB","WR",,"Full Participation in Practice",,"Shoulder"
2025,7,"00-0034775","HOU","WR","Out","Did Not Participate In Practice","Hamstring","Hamstring"
2025,7,"00-0035021","IND","WR","Out","Did Not Participate In Practice","Chest","Chest"
2025,7,"00-0037120","IND","RB","Out","Limited Participation in Practice","Groin","Groin"
2025,7,"00-0037664","IND","WR",,"Full Participation in Practice",,"Ankle"
2025,7,"00-0038997","IND","WR","Out","Did Not Participate In Practice","Concussion","Concussion"
2025,7,"00-0036590","JAX","TE","Out","Did Not Participate In Practice","Groin","Groin"
2025,7,"00-0036626","JAX","WR",,"Limited Participation in Practice",,"Shoulder"
2025,7,"00-0035662","KC","WR",,"Full Participation in Practice",,"Achilles"
2025,7,"00-0038519","KC","WR",,"Full Participation in Practice",,"Thumb"
2025,7,"00-0039067","KC","WR",,"Full Participation in Practice",,"Not injury related - other"
2025,7,"00-0039894","KC","WR",,"Full Participation in Practice",,"Shoulder"
2025,7,"00-0040078","KC","RB",,"Full Participation in Practice",,"Illness"
2025,7,"00-0033110","LA","TE",,"Did Not Participate In Practice",,"Not injury related - resting player"
2025,7,"00-0036244","LA","TE",,"Full Participation in Practice",,"Concussion"
2025,7,"00-0036849","LA","WR",,"Full Participation in Practice",,"Hamstring"
2025,7,"00-0039075","LA","WR","Out","Did Not Participate In Practice","Ankle","Ankle"
2025,7,"00-0039738","LA","RB",,"Full Participation in Practice",,"Ankle"
2025,7,"00-0030279","LAC","WR",,"Full Participation in Practice",,"Not injury related - resting player"
2025,7,"00-0037617","LAC","RB","Questionable","Full Participation in Practice","Chest","Chest"
2025,7,"00-0038544","LAC","WR",,"Full Participation in Practice",,"Hamstring"
2025,7,"00-0038573","LAC","WR","Questionable","Full Participation in Practice","Knee","Knee"
2025,7,"00-0034960","LV","WR","Questionable","Limited Participation in Practice","Knee","Knee"
2025,7,"00-0035602","LV","WR","Questionable","Limited Participation in Practice","Ankle","Ankle"
2025,7,"00-0038590","LV","WR",,"Full Participation in Practice",,"Illness"
2025,7,"00-0039338","LV","TE","Doubtful","Limited Participation in Practice","Knee","Knee"
2025,7,"00-0039407","LV","RB",,"Limited Participation in Practice",,"Hamstring"
2025,7,"00-0031610","MIA","TE",,"Limited Participation in Practice",,"Hip"
2025,7,"00-0034418","MIA","WR",,"Full Participation in Practice",,"Knee"
2025,7,"00-0036212","MIA","QB",,"Full Participation in Practice",,"Thumb"
2025,7,"00-0032950","MIN","QB",,"Full Participation in Practice",,"Shoulder"
2025,7,"00-0039923","MIN","QB","Questionable","Limited Participation in Practice","Ankle","Ankle"
2025,7,"00-0031588","NE","WR","Questionable","Full Participation in Practice","Chest","Chest"
2025,7,"00-0033906","NO","RB",,"Full Participation in Practice",,"Ankle"
2025,7,"00-0037239","NO","WR",,"Full Participation in Practice",,"Hip"
2025,7,"00-0035535","NYG","WR","Doubtful","Did Not Participate In Practice","Hamstring","Hamstring"
2025,7,"00-0038938","NYG","WR",,"Limited Participation in Practice",,"Ankle"
2025,7,"00-0033943","NYJ","WR",,"Full Participation in Practice",,"Hip"
2025,7,"00-0037740","NYJ","WR","Doubtful","Did Not Participate In Practice","Knee","Knee"
2025,7,"00-0037086","PHI","TE","Out","Did Not Participate In Practice","Oblique","Oblique"
2025,7,"00-0023459","PIT","QB",,"Full Participation in Practice",,"Not injury related - resting player"
2025,7,"00-0035640","PIT","WR",,"Full Participation in Practice",,"Not injury related - resting player"
2025,7,"00-0037837","PIT","WR","Out","Did Not Participate In Practice","Shoulder","Shoulder"
2025,7,"00-0033280","SF","RB",,"Full Participation in Practice",,"Not injury related - resting player"
2025,7,"00-0033288","SF","TE",,"Full Participation in Practice",,"Hamstring"
2025,7,"00-0034272","SF","WR",,"Did Not Participate In Practice",,"Calf"
2025,7,"00-0036259","SF","WR",,"Full Participation in Practice",,"Ankle"
2025,7,"00-0036972","SF","QB",,"Full Participation in Practice",,"Knee"
2025,7,"00-0037834","SF","QB","Out","Limited Participation in Practice","Toe","Toe"
2025,7,"00-0038090","SF","WR",,"Full Participation in Practice",,"Ankle"
2025,7,"00-0039916","SF","WR","Out","Did Not Participate In Practice","Knee","Knee"
2025,7,"00-0040172","SF","WR",,"Full Participation in Practice",,"Calf"
2025,7,"00-0031237","TB","QB","Questionable","Did Not Participate In Practice","Illness","Illness"
2025,7,"00-0031408","TB","WR","Questionable","Full Participation in Practice","Hamstring","Hamstring"
2025,7,"00-0033921","TB","WR","Out","Did Not Participate In Practice","Fibula","Fibula"
2025,7,"00-0039361","TB","RB","Out","Did Not Participate In Practice","Foot","Foot"
2025,7,"00-0040129","TB","WR","Questionable","Limited Participation in Practice","Hamstring","Hamstring"
2025,7,"00-0040429","TB","RB","Out","Limited Participation in Practice","Concussion","Concussion"
2025,7,"00-0032211","TEN","WR",,"Full Participation in Practice",,"Not injury related - resting player"
2025,7,"00-0034837","TEN","WR","Out","Did Not Participate In Practice","Hamstring","Hamstring"
2025,7,"00-0036415","TEN","WR",,"Full Participation in Practice",,"Ankle"
2025,7,"00-0039650","TEN","WR","Out","Limited Participation in Practice","Knee","Knee"
2025,7,"00-0030061","WAS","TE","Questionable","Limited Participation in Practice","Shoulder","Shoulder"
2025,7,"00-0035659","WAS","WR","Out","Did Not Participate In Practice","Quadricep","Quadricep"
2025,7,"00-0035719","WAS","WR","Out","Limited Participation in Practice","Heel","Heel"
2025,7,"00-0036628","WAS","TE",,"Did Not Participate In Practice",,"Not injury related - resting player"
2025,7,"00-0038611","WAS","RB",,"Full Participation in Practice",,"Calf"
2025,7,"00-0039910","WAS","QB",,"Full Participation in Practice",,"Knee"
2025,8,"00-0034854","ATL","WR",,"Full Participation in Practice",,"Pectoral"
2025,8,"00-0036309","ATL","WR",,"Limited Participation in Practice",,"Hamstring"
2025,8,"00-0036825","ATL","TE",,"Limited Participation in Practice",,"Calf"
2025,8,"00-0037238","ATL","WR","Questionable","Limited Participation in Practice","Hip","Hip"
2025,8,"00-0037263","ATL","RB","Questionable","Limited Participation in Practice","Hip","Hip"
2025,8,"00-0039917","ATL","QB","Questionable","Limited Participation in Practice","Knee","Knee"
2025,8,"00-0030564","BAL","WR",,"Full Participation in Practice",,"Illness"
2025,8,"00-0034796","BAL","QB","Out","Limited Participation in Practice","Hamstring","Hamstring"
2025,8,"00-0039064","BAL","WR",,"Full Participation in Practice",,"Shoulder"
2025,8,"00-0039792","BAL","WR",,"Full Participation in Practice",,"Oblique"
2025,8,"00-0033282","BUF","WR",,"Full Participation in Practice",,"Ribs"
2025,8,"00-0036988","BUF","WR","Out","Did Not Participate In Practice","Knee","Knee"
2025,8,"00-0038933","BUF","TE","Questionable","Limited Participation in Practice","Oblique","Oblique"
2025,8,"00-0039150","CAR","QB","Doubtful","Did Not Participate In Practice","Ankle","Ankle"
2025,8,"00-0034827","CHI","WR",,"Full Participation in Practice",,"Hip"
2025,8,"00-0036275","CHI","RB","Questionable","Limited Participation in Practice","Groin","Groin"
2025,8,"00-0036290","CHI","TE","Out","Did Not Participate In Practice","Back","Back"
2025,8,"00-0039021","CHI","RB","Out","Did Not Participate In Practice","Back","Back"
2025,8,"00-0034613","CIN","TE",,"Full Participation in Practice",,"Concussion"
2025,8,"00-0038576","CIN","WR",,"Full Participation in Practice",,"Ribs"
2025,8,"00-0033885","CLE","TE","Questionable","Limited Participation in Practice","Knee","Knee"
2025,8,"00-0036407","CLE","WR",,"Limited Participation in Practice",,"Knee"
2025,8,"00-0038710","CLE","TE",,"Full Participation in Practice",,"Shoulder"
2025,8,"00-0040668","CLE","QB","Questionable",,"Back",
2025,8,"00-0039062","DAL","WR",,"Full Participation in Practice",,"Knee"
2025,8,"00-0035700","GB","RB",,"Limited Participation in Practice",,"Calf"
2025,8,"00-0038124","GB","WR","Questionable","Limited Participation in Practice","Knee","Knee"
2025,8,"00-0038393","GB","WR","Out","Did Not Participate In Practice","Calf","Calf"
2025,8,"00-0040667","GB","WR","Questionable","Limited Participation in Practice","Hip","Hip"
2025,8,"00-0034383","HOU","TE",,"Full Participation in Practice",,"Back"
2025,8,"00-0034775","HOU","WR","Out","Did Not Participate In Practice","Hamstring","Hamstring"
2025,8,"00-0036554","HOU","WR","Out","Did Not Participate In Practice","Concussion","Concussion"
2025,8,"00-0039458","HOU","TE",,"Full Participation in Practice",,"Wrist"
2025,8,"00-0035021","IND","WR",,"Full Participation in Practice",,"Chest"
2025,8,"00-0037120","IND","RB",,"Full Participation in Practice",,"Groin"
2025,8,"00-0038997","IND","WR",,"Full Participation in Practice",,"Concussion"
2025,8,"00-0033923","KC","RB",,"Full Participation in Practice",,"Ankle"
2025,8,"00-0039894","KC","WR",,"Full Participation in Practice",,"Shoulder"
2025,8,"00-0040078","KC","RB",,"Full Participation in Practice",,"Toe"
2025,8,"00-0037617","LAC","RB","Out","Did Not Participate In Practice","Hamstring","Hamstring"
2025,8,"00-0036212","MIA","QB",,"Full Participation in Practice",,"Thumb"
2025,8,"00-0036613","MIA","WR",,"Full Participation in Practice",,"Hamstring"
2025,8,"00-0038720","MIA","TE","Out","Did Not Participate In Practice","Ankle","Ankle"
2025,8,"00-0032950","MIN","QB",,"Full Participation in Practice",,"Shoulder"
2025,8,"00-0033293","MIN","RB","Questionable","Limited Participation in Practice","Hamstring","Hamstring"
2025,8,"00-0038440","MIN","RB","Questionable","Limited Participation in Practice","Wrist","Wrist"
2025,8,"00-0039923","MIN","QB","Questionable","Limited Participation in Practice","Ankle","Ankle"
2025,8,"00-0031588","NE","WR",,"Full Participation in Practice",,"Chest"
2025,8,"00-0033906","NO","RB",,"Limited Participation in Practice",,"Ankle"
2025,8,"00-0036040","NO","TE",,"Full Participation in Practice",,"Neck"
2025,8,"00-0037239","NO","WR",,"Full Participation in Practice",,"Ankle"
2025,8,"00-0035535","NYG","WR",,"Limited Participation in Practice",,"Hamstring"
2025,8,"00-0038115","NYG","TE",,"Limited Participation in Practice",,"Neck"
2025,8,"00-0040691","NYG","QB",,"Full Participation in Practice",,"Ankle"
2025,8,"00-0028118","NYJ","QB","Out","Limited Participation in Practice","Knee","Knee"
2025,8,"00-0033943","NYJ","WR","Out","Did Not Participate In Practice","Hip","Hip"
2025,8,"00-0036842","NYJ","RB","Out","Did Not Participate In Practice","Concussion","Concussion"
2025,8,"00-0037475","NYJ","TE","Out","Did Not Participate In Practice","Quadricep","Quadricep"
2025,8,"00-0037740","NYJ","WR","Out","Did Not Participate In Practice","Knee","Knee"
2025,8,"00-0038120","NYJ","RB","Questionable","Full Participation in Practice","Knee","Knee"
2025,8,"00-0040736","NYJ","TE","Questionable","Limited Participation in Practice","Quadricep","Quadricep"
2025,8,"00-0034351","PHI","TE",,"Full Participation in Practice",,"Calf"
2025,8,"00-0035676","PHI","WR","Out","Did Not Participate In Practice","Hamstring","Hamstring"
2025,8,"00-0037086","PHI","TE",,"Full Participation in Practice",,"Oblique"
2025,8,"00-0040024","PHI","WR","Questionable","Full Participation in Practice","Shoulder","Shoulder"
2025,8,"00-0035298","PIT","WR","Out","Did Not Participate In Practice","Finger","Finger"
2025,8,"00-0035640","PIT","WR",,"Full Participation in Practice",,"Not injury related - resting player"
2025,8,"00-0037837","PIT","WR",,"Full Participation in Practice",,"Shoulder"
2025,8,"00-0040203","PIT","QB","Questionable","Full Participation in Practice","Hand","Hand"
2025,8,"00-0033280","SF","RB",,"Full Participation in Practice",,"Not injury related - resting player"
2025,8,"00-0036259","SF","WR",,"Full Participation in Practice",,"Ankle"
2025,8,"00-0036972","SF","QB",,"Full Participation in Practice",,"Knee"
2025,8,"00-0037834","SF","QB","Out","Limited Participation in Practice","Toe","Toe"
2025,8,"00-0039916","SF","WR","Out","Did Not Participate In Practice","Knee","Knee"
2025,8,"00-0031237","TB","QB",,"Full Participation in Practice",,"Teeth"
2025,8,"00-0033921","TB","WR","Out","Did Not Participate In Practice","Fibula","Fibula"
2025,8,"00-0034855","TB","QB",,"Limited Participation in Practice",,"Knee"
2025,8,"00-0039361","TB","RB","Out","Did Not Participate In Practice","Foot","Foot"
2025,8,"00-0039754","TB","TE",,"Full Participation in Practice",,"Knee"
2025,8,"00-0040129","TB","WR",,"Full Participation in Practice",,"Hamstring"
2025,8,"00-0040429","TB","RB",,"Full Participation in Practice",,"Concussion"
2025,8,"00-0034837","TEN","WR","Out","Did Not Participate In Practice","Hamstring","Hamstring"
2025,8,"00-0035261","TEN","RB",,"Full Participation in Practice",,"Not injury related - resting player"
2025,8,"00-0039650","TEN","WR","Out","Did Not Participate In Practice","Knee","Knee"
2025,8,"00-0030061","WAS","TE",,"Did Not Participate In Practice",,"Not injury related - resting player"
2025,8,"00-0035659","WAS","WR",,"Full Participation in Practice",,"Quadricep"
2025,8,"00-0035719","WAS","WR",,"Full Participation in Practice",,"Heel"
2025,8,"00-0039686","WAS","TE","Out","Did Not Participate In Practice","Hamstring","Hamstring"
2025,8,"00-0039910","WAS","QB","Out","Did Not Participate In Practice","Hamstring","Hamstring"
2025,9,"00-0033891","ARI","WR",,"Full Participation in Practice",,"Knee"
2025,9,"00-0035228","ARI","QB","Questionable","Limited Participation in Practice","Foot","Foot"
2025,9,"00-0038705","ARI","RB",,"Full Participation in Practice",,"Ankle"
2025,9,"00-0036309","ATL","WR",,"Full Participation in Practice",,"Hamstring"
2025,9,"00-0036970","ATL","TE",,"Full Participation in Practice",,"Ankle"
2025,9,"00-0037238","ATL","WR",,"Full Participation in Practice",,"Hip"
2025,9,"00-0037263","ATL","RB",,"Full Participation in Practice",,"Knee"
2025,9,"00-0039394","ATL","WR","Out","Did Not Participate In Practice","Back","Back"
2025,9,"00-0039917","ATL","QB",,"Full Participation in Practice",,"Knee"
2025,9,"00-0034796","BAL","QB",,"Full Participation in Practice",,"Hamstring"
2025,9,"00-0036988","BUF","WR","Out","Limited Participation in Practice","Knee","Knee"
2025,9,"00-0039875","BUF","RB",,"Full Participation in Practice",,"Illness"
2025,9,"00-0027973","CAR","QB","Questionable","Limited Participation in Practice","Thumb","Thumb"
2025,9,"00-0039150","CAR","QB",,"Full Participation in Practice",,"Ankle"
2025,9,"00-0039342","CAR","WR",,"Full Participation in Practice",,"Illness"
2025,9,"00-0040218","CAR","WR",,"Full Participation in Practice",,"Shoulder"
2025,9,"00-0034827","CHI","WR",,"Full Participation in Practice",,"Hip"
2025,9,"00-0035208","CHI","WR",,"Full Participation in Practice",,"Knee"
2025,9,"00-0036275","CHI","RB","Out","Did Not Participate In Practice","Groin","Groin"
2025,9,"00-0036290","CHI","TE",,"Full Participation in Practice",,"Back"
2025,9,"00-0039021","CHI","RB","Out","Did Not Participate In Practice","Back","Back"
2025,9,"00-0039919","CHI","WR",,"Full Participation in Practice",,"Heel"
2025,9,"00-0040735","CHI","WR","Out","Did Not Participate In Practice","Concussion","Concussion"
2025,9,"00-0026158","CIN","QB","Questionable","Did Not Participate In Practice","Shoulder","Shoulder"
2025,9,"00-0038783","DEN","TE","Out","Did Not Participate In Practice","Knee","Knee"
2025,9,"00-0038976","DEN","WR","Out","Did Not Participate In Practice","Concussion","Concussion"
2025,9,"00-0035567","DET","RB","Out","Did Not Participate In Practice","Hamstring","Hamstring"
2025,9,"00-0039364","DET","RB","Questionable","Limited Participation in Practice","Groin","Groin"
2025,9,"00-0035700","GB","RB",,"Limited Participation in Practice",,"Calf"
2025,9,"00-0038124","GB","WR",,"Limited Participation in Practice",,"Knee"
2025,9,"00-0038128","GB","QB",,"Limited Participation in Practice",,"Ankle"
2025,9,"00-0038393","GB","WR","Out","Did Not Participate In Practice","Calf","Calf"
2025,9,"00-0034383","HOU","TE","Questionable","Full Participation in Practice","Knee","Knee"
2025,9,"00-0034419","HOU","WR",,"Full Participation in Practice",,"Chest"
2025,9,"00-0034775","HOU","WR",,"Full Participation in Practice",,"Hamstring"
2025,9,"00-0036554","HOU","WR",,"Full Participation in Practice",,"Concussion"
2025,9,"00-0040583","HOU","RB",,"Full Participation in Practice",,"Calf"
2025,9,"00-0038997","IND","WR",,"Full Participation in Practice",,"Hip"
2025,9,"00-0039816","IND","WR","Out","Did Not Participate In Practice","Knee","Knee"
2025,9,"00-0033375","JAX","WR","Out","Limited Participation in Practice","Groin","Groin"
2025,9,"00-0036590","JAX","TE","Out","Limited Participation in Practice","Groin","Groin"
2025,9,"00-0036626","JAX","WR",,"Full Participation in Practice",,"Shoulder"
2025,9,"00-0039893","JAX","WR",,"Limited Participation in Practice",,"Shoulder"
2025,9,"00-0040718","JAX","WR","Out","Did Not Participate In Practice","Knee","Knee"
2025,9,"00-0033923","KC","RB",,"Full Participation in Practice",,"Ankle"
2025,9,"00-0035662","KC","WR",,"Full Participation in Practice",,"Illness"
2025,9,"00-0037197","KC","RB","Out","Did Not Participate In Practice","Knee","Knee"
2025,9,"00-0040078","KC","RB",,"Full Participation in Practice",,"Toe"
2025,9,"00-0033110","LA","TE",,"Did Not Participate In Practice",,"Not injury related - resting player"
2025,9,"00-0039075","LA","WR",,"Full Participation in Practice",,"Ankle"
2025,9,"00-0034159","LAC","TE","Questionable","Limited Participation in Practice","Illness","Illness"
2025,9,"00-0037617","LAC","RB","Out","Did Not Participate In Practice","Hamstring","Hamstring"
2025,9,"00-0039915","LAC","WR",,"Full Participation in Practice",,"Calf"
2025,9,"00-0034960","LV","WR",,"Full Participation in Practice",,"Knee"
2025,9,"00-0038579","LV","QB","Out","Full Participation in Practice","Wrist","Wrist"
2025,9,"00-0039338","LV","TE",,"Full Participation in Practice",,"Knee"
2025,9,"00-0036212","MIA","QB",,"Full Participation in Practice",,"Thumb"
2025,9,"00-0036620","MIA","WR","Questionable","Full Participation in Practice","Shoulder","Shoulder"
2025,9,"00-0038720","MIA","TE","Out","Did Not Participate In Practice","Ankle","Ankle"
2025,9,"00-0039880","MIA","WR",,"Full Participation in Practice",,"Knee"
2025,9,"00-0035249","MIN","TE","Out","Did Not Participate In Practice","Foot","Foot"
2025,9,"00-0039923","MIN","QB",,"Full Participation in Practice",,"Ankle"
2025,9,"00-0031588","NE","WR",,"Full Participation in Practice",,"Ankle"
2025,9,"00-0036875","NE","RB","Out","Did Not Participate In Practice","Toe","Toe"
2025,9,"00-0033906","NO","RB","Questionable","Limited Participation in Practice","Ankle","Ankle"
2025,9,"00-0036040","NO","TE",,"Full Participation in Practice",,"Neck"
2025,9,"00-0037239","NO","WR",,"Full Participation in Practice",,"Ankle"
2025,9,"00-0037545","NO","WR","Questionable","Limited Participation in Practice","Hip","Hip"
2025,9,"00-0040202","NO","RB",,"Full Participation in Practice",,"Ankle"
2025,9,"00-0031484","NYG","TE",,"Full Participation in Practice",,"Illness"
2025,9,"00-0038115","NYG","TE","Doubtful","Did Not Participate In Practice","Neck","Neck"
2025,9,"00-0038938","NYG","WR",,"Full Participation in Practice",,"Tooth"
2025,9,"00-0040432","NYG","WR",,"Limited Participation in Practice",,"Quadricep"
2025,9,"00-0033858","PIT","TE",,"Full Participation in Practice",,"Not injury related - resting player"
2025,9,"00-0035298","PIT","WR","Out","Did Not Participate In Practice","Finger","Finger"
2025,9,"00-0035640","PIT","WR",,"Full Participation in Practice",,"Not injury related - resting player"
2025,9,"00-0036862","PIT","WR",,"Full Participation in Practice",,"Neck"
2025,9,"00-0036894","PIT","TE",,"Full Participation in Practice",,"Quadricep"
2025,9,"00-0040203","PIT","QB","Questionable","Full Participation in Practice","Hand","Hand"
2025,9,"00-0033576","SEA","TE","Out","Did Not Participate In Practice","Calf","Calf"
2025,9,"00-0033908","SEA","WR","Questionable","Did Not Participate In Practice","Heel","Heel"
2025,9,"00-0034869","SEA","QB",,"Full Participation in Practice",,"Chest"
2025,9,"00-0037093","SEA","WR","Out","Did Not Participate In Practice","Quadricep","Quadricep"
2025,9,"00-0038752","SEA","WR","Out","Did Not Participate In Practice","Achilles","Achilles"
2025,9,"00-0033280","SF","RB",,"Full Participation in Practice",,"Not injury related - resting player"
2025,9,"00-0033288","SF","TE",,"Full Participation in Practice",,"Oblique"
2025,9,"00-0036259","SF","WR",,"Full Participation in Practice",,"Ankle"
2025,9,"00-0036972","SF","QB",,"Full Participation in Practice",,"Knee"
2025,9,"00-0037834","SF","QB","Questionable","Limited Participation in Practice","Toe","Toe"
2025,9,"00-0039916","SF","WR","Out","Did Not Participate In Practice","Knee","Knee"
2025,9,"00-0034837","TEN","WR","Out","Did Not Participate In Practice","Hamstring","Hamstring"
2025,9,"00-0035261","TEN","RB",,"Full Participation in Practice",,"Neck"
2025,9,"00-0037809","TEN","TE",,"Full Participation in Practice",,"Foot"
2025,9,"00-0039650","TEN","WR","Questionable","Limited Participation in Practice","Knee","Knee"
2025,9,"00-0030061","WAS","TE",,"Did Not Participate In Practice",,"Not injury related - resting player"
2025,9,"00-0035659","WAS","WR","Out","Did Not Participate In Practice","Quadricep","Quadricep"
2025,9,"00-0036628","WAS","TE","Questionable","Limited Participation in Practice","Ankle","Ankle"
2025,9,"00-0039686","WAS","TE","Out","Did Not Participate In Practice","Hamstring","Hamstring"
2025,9,"00-0039910","WAS","QB",,"Full Participation in Practice",,"Hamstring"
2025,10,"00-0033891","ARI","WR",,"Full Participation in Practice",,"Knee"
2025,10,"00-0039521","ARI","WR","Questionable","Limited Participation in Practice","Ankle","Ankle"
2025,10,"00-0039394","ATL","WR",,"Full Participation in Practice",,"Back"
2025,10,"00-0036988","BUF","WR","Questionable","Limited Participation in Practice","Knee","Knee"
2025,10,"00-0037248","BUF","RB",,"Full Participation in Practice",,"Ankle"
2025,10,"00-0036139","CAR","RB",,"Full Participation in Practice",,"Quadricep"
2025,10,"00-0038840","CAR","WR","Questionable","Full Participation in Practice","Hip","Hip"
2025,10,"00-0040124","CAR","WR","Questionable","Limited Participation in Practice","Hamstring","Hamstring"
2025,10,"00-0034798","CHI","TE","Questionable","Limited Participation in Practice","Calf","Calf"
2025,10,"00-0034827","CHI","WR",,"Full Participation in Practice",,"Hip"
2025,10,"00-0036275","CHI","RB","Questionable","Did Not Participate In Practice","Groin","Groin"
2025,10,"00-0036290","CHI","TE",,"Full Participation in Practice",,"Concussion"
2025,10,"00-0039021","CHI","RB",,"Full Participation in Practice",,"Back"
2025,10,"00-0039919","CHI","WR",,"Full Participation in Practice",,"Ankle"
2025,10,"00-0040236","CHI","RB",,"Full Participation in Practice",,"Ankle"
2025,10,"00-0040277","CHI","WR","Out",,"Concussion",
2025,10,"00-0040735","CHI","WR",,"Full Participation in Practice",,"Concussion"
2025,10,"00-0038979","CLE","WR",,"Full Participation in Practice","Hamstring","Hamstring"
2025,10,"00-0040663","CLE","TE","Questionable","Limited Participation in Practice","Hamstring","Hamstring"
2025,10,"00-0040668","CLE","QB",,"Full Participation in Practice",,"Back"
2025,10,"00-0040782","CLE","WR","Out","Did Not Participate In Practice","Foot","Foot"
2025,10,"00-0038783","DEN","TE","Out","Did Not Participate In Practice","Knee","Knee"
2025,10,"00-0038976","DEN","WR","Out","Limited Participation in Practice","Concussion","Concussion"
2025,10,"00-0035567","DET","RB","Questionable","Limited Participation in Practice","Hamstring","Hamstring"
2025,10,"00-0038896","DET","RB","Out","Did Not Participate In Practice","Back","Back"
2025,10,"00-0035700","GB","RB",,"Full Participation in Practice",,"Not injury related - resting player"
2025,10,"00-0038124","GB","WR",,"Limited Participation in Practice",,"Knee"
2025,10,"00-0038128","GB","QB",,"Full Participation in Practice",,"Calf"
2025,10,"00-0038393","GB","WR","Questionable","Limited Participation in Practice","Calf","Calf"
2025,10,"00-0038465","GB","WR",,"Limited Participation in Practice",,"Hip"
2025,10,"00-0040009","GB","WR","Questionable","Limited Participation in Practice","Foot","Foot"
2025,10,"00-0040667","GB","WR","Questionable","Did Not Participate In Practice","Shoulder","Shoulder"
2025,10,"00-0034383","HOU","TE",,"Full Participation in Practice",,"Knee"
2025,10,"00-0034419","HOU","WR",,"Full Participation in Practice",,"Chest"
2025,10,"00-0034791","HOU","RB",,"Full Participation in Practice",,"Foot"
2025,10,"00-0036232","HOU","TE","Questionable","Did Not Participate In Practice","Shoulder","Shoulder"
2025,10,"00-0037258","HOU","RB",,"Full Participation in Practice",,"Not injury related - personal matter"
2025,10,"00-0039163","HOU","QB","Out","Did Not Participate In Practice","Concussion","Concussion"
2025,10,"00-0036252","IND","WR",,"Full Participation in Practice",,"Glute"
2025,10,"00-0039816","IND","WR","Out","Did Not Participate In Practice","Knee","Knee"
2025,10,"00-0033375","JAX","WR",,"Full Participation in Practice",,"Groin"
2025,10,"00-0036590","JAX","TE",,"Full Participation in Practice",,"Groin"
2025,10,"00-0036626","JAX","WR",,"Full Participation in Practice",,"Concussion"
2025,10,"00-0037004","JAX","TE","Out","Did Not Participate In Practice","Hip","Hip"
2025,10,"00-0039893","JAX","WR","Out","Did Not Participate In Practice","Ankle","Ankle"
2025,10,"00-0033110","LA","TE",,"Did Not Participate In Practice",,"Not injury related - resting player"
2025,10,"00-0039075","LA","WR",,"Full Participation in Practice",,"Chest"
2025,10,"00-0039751","LA","WR","Questionable","Limited Participation in Practice","Back","Back"
2025,10,"00-0030279","LAC","WR",,"Full Participation in Practice",,"Not injury related - resting player"
2025,10,"00-0040184","LAC","WR","Questionable","Limited Participation in Practice","Hamstring","Hamstring"
2025,10,"00-0038579","LV","QB","Out","Full Participation in Practice","Wrist","Wrist"
2025,10,"00-0039338","LV","TE",,"Full Participation in Practice",,"Toe"
2025,10,"00-0036613","MIA","WR",,"Full Participation in Practice",,"Foot"
2025,10,"00-0036620","MIA","WR","Out","Did Not Participate In Practice","Shoulder","Shoulder"
2025,10,"00-0038720","MIA","TE","Questionable","Limited Participation in Practice","Ankle","Ankle"
2025,10,"00-0040198","MIA","RB","Questionable","Limited Participation in Practice","Ankle","Ankle"
2025,10,"00-0033293","MIN","RB","Questionable","Limited Participation in Practice","Shoulder","Shoulder"
2025,10,"00-0035249","MIN","TE","Out","Did Not Participate In Practice","Foot","Foot"
2025,10,"00-0036875","NE","RB","Questionable","Did Not Participate In Practice","Toe","Toe"
2025,10,"00-0038608","NE","WR","Questionable","Did Not Participate In Practice","Hamstring","Hamstring"
2025,10,"00-0033357","NO","QB",,"Full Participation in Practice",,"Knee"
2025,10,"00-0033906","NO","RB","Questionable","Limited Participation in Practice","Ankle","Ankle"
2025,10,"00-0036741","NO","TE","Questionable","Limited Participation in Practice","Ankle","Ankle"
2025,10,"00-0038115","NYG","TE",,"Full Participation in Practice",,"Neck"
2025,10,"00-0039847","NYG","TE",,"Full Participation in Practice",,"Shoulder"
2025,10,"00-0040225","NYG","TE",,"Full Participation in Practice",,"Foot"
2025,10,"00-0040432","NYG","WR","Out","Did Not Participate In Practice","Neck","Neck"
2025,10,"00-0028118","NYJ","QB",,"Full Participation in Practice",,"Knee"
2025,10,"00-0036842","NYJ","RB",,"Full Participation in Practice",,"Concussion"
2025,10,"00-0036906","NYJ","RB","Questionable","Limited Participation in Practice","Groin","Groin"
2025,10,"00-0037475","NYJ","TE",,"Full Participation in Practice",,"Quadricep"
2025,10,"00-0037740","NYJ","WR","Questionable","Full Participation in Practice","Knee","Knee"
2025,10,"00-0040736","NYJ","TE",,"Full Participation in Practice",,"Quadricep"
2025,10,"00-0034844","PHI","RB",,"Full Participation in Practice",,"Groin"
2025,10,"00-0035676","PHI","WR",,"Full Participation in Practice",,"Hamstring"
2025,10,"00-0036876","PHI","TE",,"Full Participation in Practice",,"Abdomen"
2025,10,"00-0033858","PIT","TE",,"Full Participation in Practice",,"Not injury related - resting player"
2025,10,"00-0035298","PIT","WR","Out","Did Not Participate In Practice","Finger","Finger"
2025,10,"00-0037304","PIT","TE",,"Full Participation in Practice",,"Knee"
2025,10,"00-0038558","PIT","TE",,"Full Participation in Practice",,"Foot"
2025,10,"00-0040203","PIT","QB","Questionable","Full Participation in Practice","Hand","Hand"
2025,10,"00-0033908","SEA","WR","Questionable","Full Participation in Practice","Hamstring","Hamstring"
2025,10,"00-0037093","SEA","WR","Out","Did Not Participate In Practice","Quadricep","Quadricep"
2025,10,"00-0038752","SEA","WR","Out","Did Not Participate In Practice","Calf","Calf"
2025,10,"00-0039793","SEA","TE","Questionable","Full Participation in Practice","Calf","Calf"
2025,10,"00-0040648","SEA","WR","Doubtful","Did Not Participate In Practice","Groin","Groin"
2025,10,"00-0040739","SEA","TE",,"Full Participation in Practice",,"Elbow"
2025,10,"00-0033280","SF","RB",,"Full Participation in Practice",,"Not injury related - resting player"
2025,10,"00-0036259","SF","WR",,"Full Participation in Practice",,"Ankle"
2025,10,"00-0036972","SF","QB",,"Full Participation in Practice",,"Knee"
2025,10,"00-0037834","SF","QB","Questionable","Limited Participation in Practice","Toe","Toe"
2025,10,"00-0039916","SF","WR","Out","Did Not Participate In Practice","Knee","Knee"
2025,10,"00-0033921","TB","WR","Out","Did Not Participate In Practice","Fibula","Fibula"
2025,10,"00-0034855","TB","QB",,"Full Participation in Practice",,"Knee"
2025,10,"00-0038951","TB","RB",,"Limited Participation in Practice",,"Groin"
2025,10,"00-0039361","TB","RB","Out","Did Not Participate In Practice","Foot","Foot"
2025,10,"00-0030061","WAS","TE",,"Did Not Participate In Practice",,"Not injury related - resting player"
2025,10,"00-0035659","WAS","WR","Out","Did Not Participate In Practice","Quadricep","Quadricep"
2025,10,"00-0039686","WAS","TE",,"Full Participation in Practice",,"Hamstring"
2025,10,"00-0039910","WAS","QB","Out","Did Not Participate In Practice","Elbow","Elbow"
2025,10,"00-0040242","WAS","RB",,"Full Participation in Practice",,"Tooth"
2025,11,"00-0037157","ARI","RB","Questionable","Limited Participation in Practice","Ankle","Ankle"
2025,11,"00-0039521","ARI","WR",,"Full Participation in Practice",,"Ankle"
2025,11,"00-0039849","ARI","WR","Out","Did Not Participate In Practice","Illness","Illness"
2025,11,"00-0033572","ATL","WR","Questionable","Limited Participation in Practice","Foot","Foot"
2025,11,"00-0036825","ATL","TE","Questionable","Limited Participation in Practice","Foot","Foot"
2025,11,"00-0037238","ATL","WR","Questionable","Limited Participation in Practice","Illness","Illness"
2025,11,"00-0034796","BAL","QB",,"Full Participation in Practice",,"Knee"
2025,11,"00-0034975","BAL","RB","Out","Limited Participation in Practice","Toe","Toe"
2025,11,"00-0036550","BAL","WR","Out","Did Not Participate In Practice","Ankle","Ankle"
2025,11,"00-0037838","BAL","TE",,"Full Participation in Practice",,"Hip"
2025,11,"00-0038454","BAL","RB",,"Full Participation in Practice",,"Knee"
2025,11,"00-0036988","BUF","WR",,"Full Participation in Practice",,"Knee"
2025,11,"00-0037261","BUF","WR",,"Full Participation in Practice",,"Ankle"
2025,11,"00-0038933","BUF","TE","Out","Did Not Participate In Practice","Hamstring","Hamstring"
2025,11,"00-0036139","CAR","RB",,"Full Participation in Practice",,"Quadricep"
2025,11,"00-0038840","CAR","WR",,"Full Participation in Practice",,"Hip"
2025,11,"00-0034827","CHI","WR",,"Full Participation in Practice",,"Shoulder"
2025,11,"00-0036275","CHI","RB",,"Full Participation in Practice",,"Hip"
2025,11,"00-0036290","CHI","TE",,"Full Participation in Practice",,"Back"
2025,11,"00-0039919","CHI","WR",,"Full Participation in Practice",,"Ankle"
2025,11,"00-0040277","CHI","WR","Out","Limited Participation in Practice","Concussion","Concussion"
2025,11,"00-0026158","CIN","QB",,"Did Not Participate In Practice",,"Shoulder"
2025,11,"00-0033526","CIN","RB","Out","Did Not Participate In Practice","Ankle","Ankle"
2025,11,"00-0036442","CIN","QB","Out","Limited Participation in Practice","Toe","Toe"
2025,11,"00-0039810","CIN","WR","Out","Full Participation in Practice","Illness","Illness"
2025,11,"00-0033885","CLE","TE",,"Full Participation in Practice",,"Not injury related - resting player"
2025,11,"00-0038979","CLE","WR",,"Full Participation in Practice",,"Glute"
2025,11,"00-0040663","CLE","TE",,"Full Participation in Practice",,"Hamstring"
2025,11,"00-0040782","CLE","WR",,"Full Participation in Practice",,"Foot"
2025,11,"00-0034487","DEN","WR",,"Full Participation in Practice",,"Toe"
2025,11,"00-0036158","DEN","RB","Out","Did Not Participate In Practice","Foot","Foot"
2025,11,"00-0038783","DEN","TE","Out","Did Not Participate In Practice","Knee","Knee"
2025,11,"00-0038976","DEN","WR",,"Full Participation in Practice",,"Concussion"
2025,11,"00-0036754","DET","TE","Questionable","Limited Participation in Practice","Ankle","Ankle"
2025,11,"00-0038896","DET","RB","Questionable","Limited Participation in Practice","Back","Back"
2025,11,"00-0039065","DET","TE","Out","Did Not Participate In Practice","Back","Back"
2025,11,"00-0039364","DET","RB","Questionable","Limited Participation in Practice","Ankle","Ankle"
2025,11,"00-0040669","DET","WR","Questionable",,"Oblique",
2025,11,"00-0037816","GB","WR",,"Full Participation in Practice",,"Chest"
2025,11,"00-0038124","GB","WR",,"Limited Participation in Practice",,"Knee"
2025,11,"00-0038393","GB","WR",,"Limited Participation in Practice",,"Calf"
2025,11,"00-0040009","GB","WR","Questionable","Limited Participation in Practice","Foot","Foot"
2025,11,"00-0040667","GB","WR","Questionable","Limited Participation in Practice","Shoulder","Shoulder"
2025,11,"00-0034383","HOU","TE",,"Full Participation in Practice",,"Shoulder"
2025,11,"00-0034419","HOU","WR",,"Full Participation in Practice",,"Quadricep"
2025,11,"00-0036232","HOU","TE","Out","Did Not Participate In Practice","Neck","Neck"
2025,11,"00-0036898","HOU","QB",,"Full Participation in Practice",,"Elbow"
2025,11,"00-0039163","HOU","QB","Out","Did Not Participate In Practice","Concussion","Concussion"
2025,11,"00-0039359","HOU","TE","Questionable","Full Participation in Practice","Foot","Foot"
2025,11,"00-0037004","JAX","TE","Out","Limited Participation in Practice","Hip","Hip"
2025,11,"00-0038606","JAX","WR",,"Limited Participation in Practice",,"Hamstring"
2025,11,"00-0038935","JAX","TE","Out","Did Not Participate In Practice","Hip","Hip"
2025,11,"00-0039893","JAX","WR","Questionable","Limited Participation in Practice","Ankle","Ankle"
2025,11,"00-0037197","KC","RB","Out","Did Not Participate In Practice","Knee","Knee"
2025,11,"00-0039894","KC","WR",,"Full Participation in Practice",,"Ankle"
2025,11,"00-0031381","LA","WR","Questionable","Limited Participation in Practice","Oblique","Oblique"
2025,11,"00-0033110","LA","TE",,"Did Not Participate In Practice",,"Not injury related - resting player"
2025,11,"00-0039751","LA","WR",,"Full Participation in Practice",,"Back"
2025,11,"00-0030279","LAC","WR",,"Full Participation in Practice",,"Not injury related - resting player"
2025,11,"00-0038544","LAC","WR","Questionable","Full Participation in Practice","Shin","Shin"
2025,11,"00-0039915","LAC","WR",,"Full Participation in Practice",,"Ankle"
2025,11,"00-0040189","LAC","TE",,"Full Participation in Practice",,"Knee"
2025,11,"00-0032211","LV","WR",,"Full Participation in Practice",,"Knee"
2025,11,"00-0038579","LV","QB","Out","Full Participation in Practice","Wrist","Wrist"
2025,11,"00-0039407","LV","RB",,"Full Participation in Practice",,"Foot"
2025,11,"00-0036620","MIA","WR","Questionable","Limited Participation in Practice","Shoulder","Shoulder"
2025,11,"00-0038720","MIA","TE",,"Full Participation in Practice",,"Ankle"
2025,11,"00-0040198","MIA","RB",,"Full Participation in Practice",,"Ankle"
2025,11,"00-0033293","MIN","RB",,"Full Participation in Practice",,"Shoulder"
2025,11,"00-0035249","MIN","TE",,"Full Participation in Practice",,"Foot"
2025,11,"00-0039923","MIN","QB",,"Full Participation in Practice",,"Hand"
2025,11,"00-0032392","NE","TE","Out","Did Not Participate In Practice","Concussion","Concussion"
2025,11,"00-0036875","NE","RB","Out","Did Not Participate In Practice","Toe","Toe"
2025,11,"00-0038608","NE","WR","Out","Limited Participation in Practice","Hamstring","Hamstring"
2025,11,"00-0039757","NE","RB","Questionable","Limited Participation in Practice","Knee","Knee"
2025,11,"00-0040734","NE","RB",,"Full Participation in Practice",,"Knee"
2025,11,"00-0035535","NYG","WR","Out","Did Not Participate In Practice","Hamstring","Hamstring"
2025,11,"00-0038115","NYG","TE",,"Full Participation in Practice",,"Groin"
2025,11,"00-0040225","NYG","TE",,"Full Participation in Practice",,"Foot"
2025,11,"00-0040691","NYG","QB","Out","Did Not Participate In Practice","Concussion","Concussion"
2025,11,"00-0036906","NYJ","RB","Questionable","Full Participation in Practice","Groin","Groin"
2025,11,"00-0037740","NYJ","WR","Out","Did Not Participate In Practice","Knee","Knee"
2025,11,"00-0040024","PHI","WR",,"Full Participation in Practice",,"Shoulder"
2025,11,"00-0033858","PIT","TE",,"Full Participation in Practice",,"Not injury related - resting player"
2025,11,"00-0035298","PIT","WR",,"Full Participation in Practice",,"Finger"
2025,11,"00-0035640","PIT","WR",,"Limited Participation in Practice",,"Not injury related - resting player"
2025,11,"00-0033908","SEA","WR",,"Full Participation in Practice",,"Hamstring"
2025,11,"00-0035891","SEA","WR",,"Full Participation in Practice",,"Abdomen"
2025,11,"00-0038543","SEA","WR",,"Full Participation in Practice",,"Not injury related - resting player"
2025,11,"00-0038752","SEA","WR",,"Full Participation in Practice",,"Calf"
2025,11,"00-0039793","SEA","TE",,"Full Participation in Practice",,"Calf"
2025,11,"00-0040648","SEA","WR","Out","Did Not Participate In Practice","Groin","Groin"
2025,11,"00-0033280","SF","RB",,"Full Participation in Practice",,"Not injury related - resting player"
2025,11,"00-0036972","SF","QB",,"Full Participation in Practice",,"Knee"
2025,11,"00-0037834","SF","QB",,"Full Participation in Practice",,"Toe"
2025,11,"00-0039916","SF","WR",,"Full Participation in Practice",,"Knee"
2025,11,"00-0033921","TB","WR","Out","Limited Participation in Practice","Fibula","Fibula"
2025,11,"00-0039361","TB","RB","Out","Limited Participation in Practice","Shoulder","Shoulder"
2025,11,"00-0034837","TEN","WR","Questionable","Limited Participation in Practice","Hamstring","Hamstring"
2025,11,"00-0037809","TEN","TE",,"Limited Participation in Practice",,"Foot"
2025,11,"00-0039650","TEN","WR","Out","Limited Participation in Practice","Knee","Knee"
2025,11,"00-0040205","TEN","RB","Out","Limited Participation in Practice","Ankle","Ankle"
2025,11,"00-0030061","WAS","TE",,"Did Not Participate In Practice",,"Not injury related - resting player"
2025,11,"00-0035659","WAS","WR","Out","Did Not Participate In Practice","Quadricep","Quadricep"
2025,11,"00-0037742","WAS","WR","Out","Did Not Participate In Practice","Finger","Finger"
2025,11,"00-0038611","WAS","RB",,"Full Participation in Practice",,"Shoulder"
2025,11,"00-0039910","WAS","QB","Out","Did Not Participate In Practice","Elbow","Elbow"
2025,11,"00-0039912","WAS","TE","Out","Did Not Participate In Practice","Ankle","Ankle"
2025,12,"00-0037157","ARI","RB",,"Full Participation in Practice",,"Ankle"
2025,12,"00-0038705","ARI","RB","Out","Did Not Participate In Practice","Ankle","Ankle"
2025,12,"00-0039849","ARI","WR","Out","Did Not Participate In Practice","Illness","Illness"
2025,12,"00-0039921","ARI","RB","Out","Limited Participation in Practice","Knee","Knee"
2025,12,"00-0037238","ATL","WR","Out","Did Not Participate In Practice","Knee","Knee"
2025,12,"00-0039917","ATL","QB",,"Did Not Participate In Practice",,"Knee"
2025,12,"00-0034796","BAL","QB",,"Full Participation in Practice",,"Ankle"
2025,12,"00-0034975","BAL","RB",,"Full Participation in Practice",,"Toe"
2025,12,"00-0036550","BAL","WR","Out","Did Not Participate In Practice","Ankle","Ankle"
2025,12,"00-0037838","BAL","TE",,"Full Participation in Practice",,"Calf"
2025,12,"00-0033282","BUF","WR","Out","Did Not Participate In Practice","Elbow","Elbow"
2025,12,"00-0035140","BUF","WR","Out","Did Not Participate In Practice","Calf","Calf"
2025,12,"00-0036988","BUF","WR",,"Full Participation in Practice",,"Knee"
2025,12,"00-0037261","BUF","WR",,"Did Not Participate In Practice",,"Not injury related - personal matter"
2025,12,"00-0038933","BUF","TE","Out","Did Not Participate In Practice","Hamstring","Hamstring"
2025,12,"00-0039150","CAR","QB",,"Full Participation in Practice",,"Ankle"
2025,12,"00-0039342","CAR","WR",,"Full Participation in Practice",,"Hip"
2025,12,"00-0040124","CAR","WR",,"Full Participation in Practice",,"Ankle"
2025,12,"00-0035594","CHI","RB","Out","Did Not Participate In Practice","Hamstring","Hamstring"
2025,12,"00-0036275","CHI","RB",,"Full Participation in Practice",,"Hip"
2025,12,"00-0039021","CHI","RB","Out","Did Not Participate In Practice","Thumb","Thumb"
2025,12,"00-0026158","CIN","QB",,"Full Participation in Practice",,"Shoulder"
2025,12,"00-0033526","CIN","RB","Doubtful","Did Not Participate In Practice","Ankle","Ankle"
2025,12,"00-0034829","CIN","TE",,"Full Participation in Practice",,"Pectoral"
2025,12,"00-0036442","CIN","QB","Out","Limited Participation in Practice","Toe","Toe"
2025,12,"00-0039810","CIN","WR",,"Full Participation in Practice",,"Illness"
2025,12,"00-0033885","CLE","TE",,"Full Participation in Practice",,"Knee"
2025,12,"00-0039379","CLE","WR","Out","Did Not Participate In Practice","Foot","Foot"
2025,12,"00-0040704","CLE","QB","Out","Limited Participation in Practice","Concussion","Concussion"
2025,12,"00-0033077","DAL","QB",,"Full Participation in Practice",,"Hip"
2025,12,"00-0032464","DET","WR",,"Full Participation in Practice",,"Cramps"
2025,12,"00-0036754","DET","TE",,"Full Participation in Practice",,"Ankle"
2025,12,"00-0038896","DET","RB",,"Full Participation in Practice",,"Back"
2025,12,"00-0039364","DET","RB","Questionable","Limited Participation in Practice","Ankle","Ankle"
2025,12,"00-0040669","DET","WR","Questionable","Limited Participation in Practice","Oblique","Oblique"
2025,12,"00-0035700","GB","RB","Questionable","Limited Participation in Practice","Knee","Knee"
2025,12,"00-0036264","GB","QB",,"Full Participation in Practice",,"Shoulder"
2025,12,"00-0037816","GB","WR",,"Full Participation in Practice",,"Wrist"
2025,12,"00-0038124","GB","WR",,"Full Participation in Practice",,"Knee"
2025,12,"00-0038393","GB","WR","Questionable","Limited Participation in Practice","Calf","Calf"
2025,12,"00-0039146","GB","WR","Out","Limited Participation in Practice","Foot","Foot"
2025,12,"00-0040009","GB","WR","Questionable","Did Not Participate In Practice","Foot","Foot"
2025,12,"00-0040667","GB","WR","Questionable","Limited Participation in Practice","Shoulder","Shoulder"
2025,12,"00-0034383","HOU","TE",,"Full Participation in Practice",,"Shoulder"
2025,12,"00-0034419","HOU","WR",,"Full Participation in Practice",,"Quadricep"
2025,12,"00-0036554","HOU","WR",,"Full Participation in Practice",,"Ankle"
2025,12,"00-0036898","HOU","QB",,"Full Participation in Practice",,"Elbow"
2025,12,"00-0039163","HOU","QB","Out","Did Not Participate In Practice","Concussion","Concussion"
2025,12,"00-0039359","HOU","TE",,"Full Participation in Practice",,"Foot"
2025,12,"00-0035710","IND","QB",,"Full Participation in Practice",,"Fibula"
2025,12,"00-0039816","IND","WR",,"Full Participation in Practice",,"Knee"
2025,12,"00-0036973","JAX","RB",,"Limited Participation in Practice",,"Shoulder"
2025,12,"00-0037004","JAX","TE","Out","Limited Participation in Practice","Hip","Hip"
2025,12,"00-0038935","JAX","TE","Questionable","Limited Participation in Practice","Hip","Hip"
2025,12,"00-0039893","JAX","WR","Out","Limited Participation in Practice","Ankle","Ankle"
2025,12,"00-0040719","JAX","RB",,"Limited Participation in Practice",,"Ankle"
2025,12,"00-0037197","KC","RB","Out","Limited Participation in Practice","Knee","Knee"
2025,12,"00-0039894","KC","WR","Questionable","Full Participation in Practice","Ankle","Ankle"
2025,12,"00-0038359","LA","WR","Questionable","Limited Participation in Practice","Concussion","Concussion"
2025,12,"00-0033293","MIN","RB",,"Full Participation in Practice",,"Shoulder"
2025,12,"00-0031588","NE","WR",,"Limited Participation in Practice",,"Not injury related - personal matter"
2025,12,"00-0032392","NE","TE",,"Full Participation in Practice",,"Concussion"
2025,12,"00-0036875","NE","RB","Questionable","Full Participation in Practice","Toe","Toe"
2025,12,"00-0038608","NE","WR",,"Full Participation in Practice",,"Hamstring"
2025,12,"00-0039757","NE","RB",,"Full Participation in Practice",,"Knee"
2025,12,"00-0031236","NO","WR","Out","Did Not Participate In Practice","Not injury related - personal matter","Not injury related - personal matter"
2025,12,"00-0033906","NO","RB","Questionable","Limited Participation in Practice","Ankle","Ankle"
2025,12,"00-0036741","NO","TE",,"Full Participation in Practice",,"Ankle"
2025,12,"00-0037239","NO","WR",,"Full Participation in Practice",,"Ankle"
2025,12,"00-0035535","NYG","WR",,"Limited Participation in Practice",,"Hamstring"
2025,12,"00-0038396","NYG","RB","Questionable","Full Participation in Practice","Knee","Knee"
2025,12,"00-0040225","NYG","TE","Out","Did Not Participate In Practice","Foot","Foot"
2025,12,"00-0040691","NYG","QB","Out","Limited Participation in Practice","Concussion","Concussion"
2025,12,"00-0036842","NYJ","RB","Questionable","Limited Participation in Practice","Hamstring","Hamstring"
2025,12,"00-0023459","PIT","QB","Questionable","Limited Participation in Practice","Wrist","Wrist"
2025,12,"00-0033858","PIT","TE",,"Full Participation in Practice",,"Not injury related - resting player"
2025,12,"00-0035640","PIT","WR",,"Did Not Participate In Practice",,"Not injury related - resting player"
2025,12,"00-0037228","PIT","RB",,"Full Participation in Practice",,"Ankle"
2025,12,"00-0040534","PIT","WR",,"Full Participation in Practice",,"Concussion"
2025,12,"00-0035891","SEA","WR",,"Full Participation in Practice",,"Abdomen"
2025,12,"00-0038134","SEA","RB","Questionable","Limited Participation in Practice","Glute","Glute"
2025,12,"00-0038543","SEA","WR",,"Full Participation in Practice",,"Not injury related - resting player"
2025,12,"00-0040648","SEA","WR","Out","Did Not Participate In Practice","Shin","Shin"
2025,12,"00-0033280","SF","RB",,"Full Participation in Practice",,"Not injury related - resting player"
2025,12,"00-0037834","SF","QB",,"Full Participation in Practice",,"Toe"
2025,12,"00-0039916","SF","WR",,"Full Participation in Practice",,"Knee"
2025,12,"00-0031237","TB","QB",,"Did Not Participate In Practice",,"Not injury related - personal matter"
2025,12,"00-0032385","TB","WR",,"Full Participation in Practice",,"Shoulder"
2025,12,"00-0033921","TB","WR","Questionable","Limited Participation in Practice","Fibula","Fibula"
2025,12,"00-0034855","TB","QB",,"Full Participation in Practice",,"Illness"
2025,12,"00-0039361","TB","RB","Out","Limited Participation in Practice","Shoulder","Shoulder"
2025,12,"00-0040129","TB","WR",,"Full Participation in Practice",,"Illness"
2025,12,"00-0037809","TEN","TE",,"Limited Participation in Practice",,"Foot"
2025,12,"00-0039032","TEN","RB",,"Full Participation in Practice",,"Not injury related - resting player"
2025,12,"00-0040170","TEN","WR","Out","Did Not Participate In Practice","Hamstring","Hamstring"
2025,12,"00-0040205","TEN","RB","Questionable","Full Participation in Practice","Ankle","Ankle"
2025,12,"00-0040705","TEN","WR",,"Full Participation in Practice",,"Chest"
2025,13,"00-0037157","ARI","RB","Questionable","Limited Participation in Practice","Knee","Knee"
2025,13,"00-0038705","ARI","RB","Out","Did Not Participate In Practice","Ankle","Ankle"
2025,13,"00-0039521","ARI","WR",,"Full Participation in Practice",,"Shoulder"
2025,13,"00-0039849","ARI","WR","Questionable","Limited Participation in Practice","Illness","Illness"
2025,13,"00-0039921","ARI","RB","Out","Did Not Participate In Practice","Knee","Knee"
2025,13,"00-0034854","ATL","WR",,"Full Participation in Practice",,"Shoulder"
2025,13,"00-0036429","ATL","TE",,"Did Not Participate In Practice",,"Not injury related - resting player"
2025,13,"00-0037238","ATL","WR","Out","Did Not Participate In Practice","Knee","Knee"
2025,13,"00-0034796","BAL","QB",,"Full Participation in Practice",,"Toe"
2025,13,"00-0034975","BAL","RB","Out","Did Not Participate In Practice","Neck","Neck"
2025,13,"00-0036550","BAL","WR",,"Full Participation in Practice",,"Ankle"
2025,13,"00-0033282","BUF","WR","Out","Did Not Participate In Practice","Elbow","Elbow"
2025,13,"00-0034857","BUF","QB",,"Full Participation in Practice",,"Elbow"
2025,13,"00-0036988","BUF","WR","Questionable","Limited Participation in Practice","Ankle","Ankle"
2025,13,"00-0038933","BUF","TE","Questionable","Limited Participation in Practice","Hamstring","Hamstring"
2025,13,"00-0040218","CAR","WR",,"Did Not Participate In Practice",,"Not injury related - personal matter"
2025,13,"00-0035594","CHI","RB",,"Full Participation in Practice",,"Hamstring"
2025,13,"00-0040236","CHI","RB",,"Full Participation in Practice",,"Knee"
2025,13,"00-0026158","CIN","QB",,"Full Participation in Practice",,"Shoulder"
2025,13,"00-0033526","CIN","RB",,"Full Participation in Practice",,"Ankle"
2025,13,"00-0036410","CIN","WR","Out","Did Not Participate In Practice","Concussion","Concussion"
2025,13,"00-0036442","CIN","QB",,"Full Participation in Practice",,"Toe"
2025,13,"00-0039810","CIN","WR","Out","Did Not Participate In Practice","Ankle","Ankle"
2025,13,"00-0040208","CIN","RB","Out","Did Not Participate In Practice","Concussion","Concussion"
2025,13,"00-0033885","CLE","TE",,"Full Participation in Practice",,"Knee"
2025,13,"00-0037267","CLE","RB","Questionable","Limited Participation in Practice","Hamstring","Hamstring"
2025,13,"00-0039379","CLE","WR",,"Full Participation in Practice",,"Foot"
2025,13,"00-0039458","CLE","TE","Out","Did Not Participate In Practice","Ankle","Ankle"
2025,13,"00-0040704","CLE","QB",,"Full Participation in Practice",,"Concussion"
2025,13,"00-0037247","DAL","WR",,"Full Participation in Practice",,"Knee"
2025,13,"00-0037801","DAL","WR",,"Full Participation in Practice",,"Shoulder"
2025,13,"00-0038783","DEN","TE","Out","Did Not Participate In Practice","Knee","Knee"
2025,13,"00-0040134","DEN","WR",,"Full Participation in Practice",,"Shoulder"
2025,13,"00-0032464","DET","WR","Out","Did Not Participate In Practice","Ankle","Ankle"
2025,13,"00-0036754","DET","TE","Out","Did Not Participate In Practice","Neck","Neck"
2025,13,"00-0038896","DET","RB",,"Limited Participation in Practice",,"Back"
2025,13,"00-0039364","DET","RB","Questionable","Limited Participation in Practice","Ankle","Ankle"
2025,13,"00-0040669","DET","WR","Questionable","Limited Participation in Practice","Hand","Hand"
2025,13,"00-0035700","GB","RB",,"Limited Participation in Practice",,"Knee"
2025,13,"00-0036264","GB","QB",,"Full Participation in Practice",,"Shoulder"
2025,13,"00-0037816","GB","WR",,"Full Participation in Practice",,"Wrist"
2025,13,"00-0038124","GB","WR",,"Full Participation in Practice",,"Knee"
2025,13,"00-0038393","GB","WR",,"Full Participation in Practice",,"Calf"
2025,13,"00-0039146","GB","WR","Out","Limited Participation in Practice","Foot","Foot"
2025,13,"00-0040009","GB","WR","Out","Did Not Participate In Practice","Foot","Foot"
2025,13,"00-0040667","GB","WR","Questionable","Limited Participation in Practice","Wrist","Wrist"
2025,13,"00-0039163","HOU","QB",,"Full Participation in Practice",,"Concussion"
2025,13,"00-0035710","IND","QB",,"Full Participation in Practice",,"Fibula"
2025,13,"00-0040128","IND","TE","Questionable",,"Illness",
2025,13,"00-0037004","JAX","TE",,"Full Participation in Practice",,"Knee"
2025,13,"00-0039893","JAX","WR",,"Full Participation in Practice",,"Ankle"
2025,13,"00-0033873","KC","QB",,"Full Participation in Practice",,"Groin"
2025,13,"00-0036637","KC","TE","Out","Did Not Participate In Practice","Concussion","Concussion"
2025,13,"00-0037197","KC","RB",,"Full Participation in Practice",,"Knee"
2025,13,"00-0039067","KC","WR",,"Full Participation in Practice",,"Hamstring"
2025,13,"00-0039894","KC","WR",,"Full Participation in Practice",,"Ankle"
2025,13,"00-0036849","LA","WR",,"Full Participation in Practice",,"Hamstring"
2025,13,"00-0038359","LA","WR",,"Full Participation in Practice",,"Concussion"
2025,13,"00-0040590","LA","WR",,"Full Participation in Practice",,"Calf"
2025,13,"00-0040666","LAC","RB","Out","Limited Participation in Practice","Ankle","Ankle"
2025,13,"00-0040727","LAC","WR",,"Full Participation in Practice",,"Jaw"
2025,13,"00-0032211","LV","WR",,"Limited Participation in Practice",,"Ankle"
2025,13,"00-0038040","LV","RB","Questionable","Did Not Participate In Practice","Illness","Illness"
2025,13,"00-0038563","LV","WR",,"Full Participation in Practice",,"Knee"
2025,13,"00-0039066","LV","TE","Out","Did Not Participate In Practice","Ankle","Ankle"
2025,13,"00-0031610","MIA","TE","Questionable","Limited Participation in Practice","Pectoral","Pectoral"
2025,13,"00-0036613","MIA","WR",,"Full Participation in Practice",,"Foot"
2025,13,"00-0036620","MIA","WR",,"Full Participation in Practice",,"Shoulder"
2025,13,"00-0036322","MIN","WR",,"Full Participation in Practice",,"Not injury related - resting player"
2025,13,"00-0039923","MIN","QB","Out","Limited Participation in Practice","Concussion","Concussion"
2025,13,"00-0033090","NE","TE",,"Full Participation in Practice",,"Toe"
2025,13,"00-0040566","NE","TE",,"Full Participation in Practice",,"Back"
2025,13,"00-0033906","NO","RB","Out","Did Not Participate In Practice","Knee","Knee"
2025,13,"00-0037239","NO","WR","Questionable","Limited Participation in Practice","Back","Back"
2025,13,"00-0040202","NO","RB",,"Full Participation in Practice",,"Ankle"
2025,13,"00-0035535","NYG","WR",,"Full Participation in Practice",,"Hamstring"
2025,13,"00-0038117","NYG","WR",,"Full Participation in Practice",,"Ankle"
2025,13,"00-0040691","NYG","QB",,"Full Participation in Practice",,"Concussion"
2025,13,"00-0034521","NYJ","WR","Questionable",,"Neck",
2025,13,"00-0034844","PHI","RB",,"Full Participation in Practice",,"Groin"
2025,13,"00-0036912","PHI","WR",,"Full Participation in Practice",,"Shoulder"
2025,13,"00-0038496","PHI","WR","Out","Did Not Participate In Practice","Shoulder","Shoulder"
2025,13,"00-0023459","PIT","QB",,"Full Participation in Practice",,"Wrist"
2025,13,"00-0033858","PIT","TE",,"Full Participation in Practice",,"Not injury related - resting player"
2025,13,"00-0035640","PIT","WR",,"Full Participation in Practice",,"Ankle"
2025,13,"00-0036862","PIT","WR",,"Full Participation in Practice",,"Shoulder"
2025,13,"00-0033908","SEA","WR",,"Limited Participation in Practice",,"Not injury related - resting player"
2025,13,"00-0035891","SEA","WR",,"Full Participation in Practice",,"Abdomen"
2025,13,"00-0038134","SEA","RB",,"Full Participation in Practice",,"Glute"
2025,13,"00-0038543","SEA","WR",,"Full Participation in Practice",,"Not injury related - resting player"
2025,13,"00-0039299","SEA","RB","Out","Did Not Participate In Practice","Hamstring","Hamstring"
2025,13,"00-0033280","SF","RB",,"Full Participation in Practice",,"Not injury related - resting player"
2025,13,"00-0037834","SF","QB",,"Full Participation in Practice",,"Toe"
2025,13,"00-0039916","SF","WR",,"Full Participation in Practice",,"Knee"
2025,13,"00-0032385","TB","WR",,"Full Participation in Practice",,"Shoulder"
2025,13,"00-0033921","TB","WR",,"Limited Participation in Practice",,"Fibula"
2025,13,"00-0034855","TB","QB","Questionable","Full Participation in Practice","Shoulder","Shoulder"
2025,13,"00-0039361","TB","RB","Questionable","Full Participation in Practice","Shoulder","Shoulder"
2025,13,"00-0035261","TEN","RB",,"Full Participation in Practice",,"Not injury related - resting player"
2025,13,"00-0037809","TEN","TE","Questionable","Limited Participation in Practice","Foot","Foot"
2025,13,"00-0040170","TEN","WR","Questionable","Limited Participation in Practice","Hamstring","Hamstring"
2025,13,"00-0030061","WAS","TE",,"Did Not Participate In Practice",,"Not injury related - resting player"
2025,13,"00-0032398","WAS","WR","Questionable","Full Participation in Practice","Illness","Shoulder"
2025,13,"00-0033591","WAS","WR","Out","Did Not Participate In Practice","Groin","Groin"
2025,13,"00-0035659","WAS","WR",,"Did Not Participate In Practice",,"Quadricep"
2025,13,"00-0037742","WAS","WR",,"Full Participation in Practice",,"Finger"
2025,13,"00-0038611","WAS","RB",,"Full Participation in Practice",,"Illness"
2025,13,"00-0039910","WAS","QB","Out","Limited Participation in Practice","Elbow","Elbow"
2025,13,"00-0039912","WAS","TE",,"Full Participation in Practice",,"Ankle"
2025,13,"00-0040164","WAS","WR",,"Full Participation in Practice",,"Hip"
2025,14,"00-0035500","ARI","WR","Out","Did Not Participate In Practice","Chest","Chest"
2025,14,"00-0038705","ARI","RB","Out","Did Not Participate In Practice","Ankle","Ankle"
2025,14,"00-0039521","ARI","WR","Questionable","Did Not Participate In Practice","Hamstring","Hamstring"
2025,14,"00-0039849","ARI","WR","Out","Did Not Participate In Practice","Heel","Heel"
2025,14,"00-0039921","ARI","RB","Out","Did Not Participate In Practice","Knee","Knee"
2025,14,"00-0036825","ATL","TE",,"Full Participation in Practice",,"Calf"
2025,14,"00-0037238","ATL","WR","Out","Did Not Participate In Practice","Knee","Knee"
2025,14,"00-0034796","BAL","QB",,"Full Participation in Practice",,"Ankle"
2025,14,"00-0036550","BAL","WR",,"Full Participation in Practice",,"Ankle"
2025,14,"00-0039792","BAL","WR",,"Full Participation in Practice",,"Groin"
2025,14,"00-0036988","BUF","WR","Doubtful","Did Not Participate In Practice","Knee","Knee"
2025,14,"00-0038933","BUF","TE","Questionable","Limited Participation in Practice","Hamstring","Hamstring"
2025,14,"00-0040194","BUF","TE",,"Full Participation in Practice",,"Back"
2025,14,"00-0039919","CHI","WR","Out","Did Not Participate In Practice","Foot","Foot"
2025,14,"00-0040236","CHI","RB",,"Full Participation in Practice",,"Ankle"
2025,14,"00-0036410","CIN","WR",,"Full Participation in Practice",,"Concussion"
2025,14,"00-0038597","CIN","RB",,"Full Participation in Practice",,"Calf"
2025,14,"00-0039810","CIN","WR","Out","Full Participation in Practice","Not injury related - other","Ankle"
2025,14,"00-0040208","CIN","RB",,"Full Participation in Practice",,"Concussion"
2025,14,"00-0033537","CLE","QB","Out","Limited Participation in Practice","Achilles","Achilles"
2025,14,"00-0033885","CLE","TE",,"Full Participation in Practice",,"Knee"
2025,14,"00-0039458","CLE","TE","Out","Did Not Participate In Practice","Ankle","Ankle"
2025,14,"00-0040162","CLE","RB","Questionable","Limited Participation in Practice","Calf","Calf"
2025,14,"00-0037247","DAL","WR",,"Full Participation in Practice",,"Calf"
2025,14,"00-0037801","DAL","WR",,"Full Participation in Practice",,"Shoulder"
2025,14,"00-0038783","DEN","TE","Out","Did Not Participate In Practice","Knee","Knee"
2025,14,"00-0040134","DEN","WR",,"Limited Participation in Practice",,"Hamstring"
2025,14,"00-0032464","DET","WR","Out","Did Not Participate In Practice","Ankle","Ankle"
2025,14,"00-0036534","DET","TE","Out","Did Not Participate In Practice","Knee","Knee"
2025,14,"00-0036754","DET","TE","Out","Did Not Participate In Practice","Neck","Neck"
2025,14,"00-0036963","DET","WR","Questionable","Did Not Participate In Practice","Ankle","Ankle"
2025,14,"00-0039364","DET","RB","Questionable","Limited Participation in Practice","Thumb","Thumb"
2025,14,"00-0035700","GB","RB",,"Full Participation in Practice",,"Knee"
2025,14,"00-0036264","GB","QB",,"Full Participation in Practice",,"Shoulder"
2025,14,"00-0038393","GB","WR",,"Limited Participation in Practice",,"Ankle"
2025,14,"00-0039146","GB","WR","Questionable","Limited Participation in Practice","Foot","Foot"
2025,14,"00-0039811","GB","RB","Out","Limited Participation in Practice","Calf","Calf"
2025,14,"00-0040009","GB","WR","Out","Did Not Participate In Practice","Foot","Foot"
2025,14,"00-0040667","GB","WR","Questionable","Limited Participation in Practice","Wrist","Wrist"
2025,14,"00-0040583","HOU","RB",,"Full Participation in Practice",,"Ankle"
2025,14,"00-0035710","IND","QB",,"Full Participation in Practice",,"Fibula"
2025,14,"00-0038997","IND","WR",,"Full Participation in Practice",,"Hip"
2025,14,"00-0038606","JAX","WR","Questionable","Limited Participation in Practice","Hip","Hip"
2025,14,"00-0033873","KC","QB",,"Full Participation in Practice",,"Knee"
2025,14,"00-0036637","KC","TE",,"Full Participation in Practice",,"Concussion"
2025,14,"00-0037197","KC","RB",,"Full Participation in Practice",,"Knee"
2025,14,"00-0038519","KC","WR","Out","Limited Participation in Practice","Shoulder","Shoulder"
2025,14,"00-0039067","KC","WR",,"Full Participation in Practice",,"Hamstring"
2025,14,"00-0031381","LA","WR",,"Full Participation in Practice",,"Hamstring"
2025,14,"00-0036849","LA","WR","Questionable","Full Participation in Practice","Hamstring","Hamstring"
2025,14,"00-0037840","LA","RB",,"Full Participation in Practice",,"Ankle"
2025,14,"00-0036355","LAC","QB","Questionable","Limited Participation in Practice","Hand","Hand"
2025,14,"00-0037617","LAC","RB","Questionable","Full Participation in Practice","Hamstring","Hamstring"
2025,14,"00-0037654","LAC","TE","Out","Did Not Participate In Practice","Ankle","Ankle"
2025,14,"00-0038544","LAC","WR",,"Full Participation in Practice",,"Shoulder"
2025,14,"00-0040666","LAC","RB","Questionable","Full Participation in Practice","Ankle","Ankle"
2025,14,"00-0030565","LV","QB",,"Full Participation in Practice",,"Foot"
2025,14,"00-0035602","LV","WR","Out","Did Not Participate In Practice","Thumb","Thumb"
2025,14,"00-0039066","LV","TE","Out","Did Not Participate In Practice","Ankle","Ankle"
2025,14,"00-0040581","LV","WR","Out","Did Not Participate In Practice","Concussion","Concussion"
2025,14,"00-0031610","MIA","TE",,"Full Participation in Practice",,"Not injury related - resting player"
2025,14,"00-0037013","MIA","QB","Questionable",,"Illness",
2025,14,"00-0033293","MIN","RB",,"Limited Participation in Practice",,"Shoulder"
2025,14,"00-0037276","MIN","RB","Questionable","Full Participation in Practice","Knee","Knee"
2025,14,"00-0039923","MIN","QB",,"Full Participation in Practice",,"Concussion"
2025,14,"00-0033906","NO","RB","Out","Did Not Participate In Practice","Knee","Knee"
2025,14,"00-0037239","NO","WR","Questionable","Limited Participation in Practice","Back","Back"
2025,14,"00-0036945","NYJ","QB","Out","Did Not Participate In Practice","Knee","Knee"
2025,14,"00-0037741","PHI","WR",,"Full Participation in Practice",,"Toe"
2025,14,"00-0038496","PHI","WR",,"Full Participation in Practice",,"Shoulder"
2025,14,"00-0023459","PIT","QB",,"Full Participation in Practice",,"Wrist"
2025,14,"00-0035640","PIT","WR",,"Full Participation in Practice",,"Not injury related - resting player"
2025,14,"00-0036862","PIT","WR",,"Full Participation in Practice",,"Shoulder"
2025,14,"00-0033908","SEA","WR",,"Limited Participation in Practice",,"Not injury related - resting player"
2025,14,"00-0035704","SEA","QB",,"Full Participation in Practice",,"Not injury related - personal matter"
2025,14,"00-0035891","SEA","WR",,"Full Participation in Practice",,"Abdomen"
2025,14,"00-0037093","SEA","WR","Out","Full Participation in Practice","Quadricep","Quadricep"
2025,14,"00-0038134","SEA","RB",,"Full Participation in Practice",,"Glute"
2025,14,"00-0038543","SEA","WR",,"Full Participation in Practice",,"Not injury related - resting player"
2025,14,"00-0039793","SEA","TE",,"Full Participation in Practice",,"Knee"
2025,14,"00-0031408","TB","WR","Out","Limited Participation in Practice","Collarbone","Collarbone"
2025,14,"00-0033921","TB","WR",,"Limited Participation in Practice",,"Fibula"
2025,14,"00-0034855","TB","QB",,"Full Participation in Practice",,"Shoulder"
2025,14,"00-0039361","TB","RB",,"Full Participation in Practice",,"Shoulder"
2025,14,"00-0039855","TB","WR","Out","Limited Participation in Practice","Neck","Neck"
2025,14,"00-0035261","TEN","RB",,"Full Participation in Practice",,"Not injury related - resting player"
2025,14,"00-0037809","TEN","TE",,"Full Participation in Practice",,"Not injury related - resting player"
2025,14,"00-0040705","TEN","WR",,"Full Participation in Practice",,"Quadricep"
2025,14,"00-0030061","WAS","TE",,"Did Not Participate In Practice",,"Not injury related - resting player"
2025,14,"00-0033591","WAS","WR","Questionable","Did Not Participate In Practice","Groin","Groin"
2025,14,"00-0039910","WAS","QB",,"Full Participation in Practice",,"Elbow"
2025,15,"00-0038705","ARI","RB","Questionable","Limited Participation in Practice","Ankle","Ankle"
2025,15,"00-0039041","ARI","TE","Questionable","Did Not Participate In Practice","Illness","Illness"
2025,15,"00-0039521","ARI","WR","Out","Did Not Participate In Practice","Hamstring","Hamstring"
2025,15,"00-0039849","ARI","WR","Out","Did Not Participate In Practice","Heel","Heel"
2025,15,"00-0034854","ATL","WR",,"Full Participation in Practice",,"Shoulder"
2025,15,"00-0036970","ATL","TE","Questionable","Limited Participation in Practice","Knee","Knee"
2025,15,"00-0037238","ATL","WR","Out","Did Not Participate In Practice","Knee","Knee"
2025,15,"00-0034753","BAL","TE",,"Full Participation in Practice",,"Glute"
2025,15,"00-0034796","BAL","QB",,"Full Participation in Practice",,"Not injury related - resting player"
2025,15,"00-0036550","BAL","WR","Questionable","Did Not Participate In Practice","Ankle","Ankle"
2025,15,"00-0038454","BAL","RB",,"Full Participation in Practice",,"Knee"
2025,15,"00-0033869","BUF","QB",,"Full Participation in Practice",,"Illness"
2025,15,"00-0035689","BUF","TE",,"Full Participation in Practice",,"Not injury related - personal matter"
2025,15,"00-0036988","BUF","WR","Questionable","Limited Participation in Practice","Ankle","Ankle"
2025,15,"00-0038933","BUF","TE",,"Full Participation in Practice",,"Knee"
2025,15,"00-0035208","CHI","WR",,"Full Participation in Practice",,"Hamstring"
2025,15,"00-0035594","CHI","RB","Out","Limited Participation in Practice","Ankle","Ankle"
2025,15,"00-0039919","CHI","WR","Questionable","Limited Participation in Practice","Foot","Foot"
2025,15,"00-0036410","CIN","WR","Out","Did Not Participate In Practice","Concussion","Concussion"
2025,15,"00-0033537","CLE","QB","Out","Limited Participation in Practice","Achilles","Achilles"
2025,15,"00-0033885","CLE","TE","Out","Did Not Participate In Practice","Knee","Knee"
2025,15,"00-0038979","CLE","WR","Questionable","Did Not Participate In Practice","Concussion","Concussion"
2025,15,"00-0039458","CLE","TE",,"Full Participation in Practice",,"Ankle"
2025,15,"00-0039920","CLE","WR","Questionable","Limited Participation in Practice","Concussion","Concussion"
2025,15,"00-0040162","CLE","RB","Out","Did Not Participate In Practice","Calf","Calf"
2025,15,"00-0036358","DAL","WR",,"Full Participation in Practice",,"Concussion"
2025,15,"00-0038041","DAL","TE","Questionable","Limited Participation in Practice","Calf","Calf"
2025,15,"00-0038783","DEN","TE",,"Full Participation in Practice",,"Knee"
2025,15,"00-0040134","DEN","WR","Out","Did Not Participate In Practice","Hamstring","Hamstring"
2025,15,"00-0032464","DET","WR","Questionable","Limited Participation in Practice","Ankle","Ankle"
2025,15,"00-0036534","DET","TE","Questionable","Limited Participation in Practice","Knee","Knee"
2025,15,"00-0039364","DET","RB","Questionable","Limited Participation in Practice","Thumb","Thumb"
2025,15,"00-0035700","GB","RB","Questionable","Limited Participation in Practice","Knee","Knee"
2025,15,"00-0036264","GB","QB",,"Full Participation in Practice",,"Shoulder"
2025,15,"00-0038393","GB","WR",,"Full Participation in Practice",,"Ankle"
2025,15,"00-0038797","GB","RB","Questionable",,"Illness",
2025,15,"00-0039146","GB","WR",,"Full Participation in Practice",,"Shoulder"
2025,15,"00-0039811","GB","RB","Out","Did Not Participate In Practice","Calf","Calf"
2025,15,"00-0040009","GB","WR","Questionable","Limited Participation in Practice","Foot","Foot"
2025,15,"00-0040667","GB","WR",,"Full Participation in Practice",,"Wrist"
2025,15,"00-0034386","HOU","WR","Questionable","Full Participation in Practice","Calf","Calf"
2025,15,"00-0034791","HOU","RB","Questionable","Limited Participation in Practice","Ribs","Ribs"
2025,15,"00-0036232","HOU","TE","Questionable","Full Participation in Practice","Neck","Neck"
2025,15,"00-0040583","HOU","RB",,"Full Participation in Practice",,"Knee"
2025,15,"00-0037664","IND","WR",,"Full Participation in Practice",,"Rib"
2025,15,"00-0038997","IND","WR",,"Full Participation in Practice",,"Ankle"
2025,15,"00-0039816","IND","WR","Out","Did Not Participate In Practice","Foot","Foot"
2025,15,"00-0040206","IND","QB",,"Full Participation in Practice",,"Knee"
2025,15,"00-0036590","JAX","TE",,"Full Participation in Practice",,"Ankle"
2025,15,"00-0036971","JAX","QB",,"Full Participation in Practice",,"Ankle"
2025,15,"00-0038606","JAX","WR","Questionable","Full Participation in Practice","Hip","Hip"
2025,15,"00-0033857","KC","WR",,"Full Participation in Practice",,"Rib"
2025,15,"00-0033873","KC","QB",,"Full Participation in Practice",,"Knee"
2025,15,"00-0035662","KC","WR","Out","Did Not Participate In Practice","Not injury related - personal matter","Not injury related - personal matter"
2025,15,"00-0036637","KC","TE",,"Full Participation in Practice",,"Shoulder"
2025,15,"00-0038519","KC","WR",,"Full Participation in Practice",,"Concussion"
2025,15,"00-0039067","KC","WR",,"Full Participation in Practice",,"Hamstring"
2025,15,"00-0031381","LA","WR","Questionable","Limited Participation in Practice","Hamstring","Hamstring"
2025,15,"00-0036849","LA","WR",,"Full Participation in Practice",,"Hamstring"
2025,15,"00-0030279","LAC","WR",,"Full Participation in Practice",,"Not injury related - resting player"
2025,15,"00-0034159","LAC","TE",,"Full Participation in Practice",,"Shoulder"
2025,15,"00-0036355","LAC","QB",,"Limited Participation in Practice",,"Hand"
2025,15,"00-0038544","LAC","WR","Questionable","Limited Participation in Practice","Groin","Groin"
2025,15,"00-0038573","LAC","WR","Out","Did Not Participate In Practice","Ankle","Ankle"
2025,15,"00-0039915","LAC","WR",,"Limited Participation in Practice",,"Foot"
2025,15,"00-0030565","LV","QB","Out","Did Not Participate In Practice","Shoulder","Shoulder"
2025,15,"00-0031687","LV","RB",,"Limited Participation in Practice",,"Knee"
2025,15,"00-0034365","LV","TE","Questionable","Full Participation in Practice","Calf","Calf"
2025,15,"00-0035602","LV","WR","Out","Limited Participation in Practice","Thumb","Thumb"
2025,15,"00-0039066","LV","TE",,"Full Participation in Practice",,"Ankle"
2025,15,"00-0040581","LV","WR",,"Full Participation in Practice",,"Concussion"
2025,15,"00-0031610","MIA","TE",,"Full Participation in Practice",,"Not injury related - resting player"
2025,15,"00-0039040","MIA","RB",,"Full Participation in Practice",,"Ribs"
2025,15,"00-0033293","MIN","RB",,"Full Participation in Practice",,"Shoulder"
2025,15,"00-0035229","MIN","TE",,"Full Participation in Practice",,"Shin"
2025,15,"00-0036322","MIN","WR",,"Limited Participation in Practice",,"Not injury related - resting player"
2025,15,"00-0037276","MIN","RB","Questionable","Full Participation in Practice","Knee","Knee"
2025,15,"00-0038994","MIN","WR",,"Limited Participation in Practice",,"Achilles"
2025,15,"00-0039757","NE","RB","Out","Did Not Participate In Practice","Concussion","Concussion"
2025,15,"00-0033906","NO","RB","Out","Did Not Participate In Practice","Knee","Knee"
2025,15,"00-0040202","NO","RB",,"Full Participation in Practice",,"Abdomen"
2025,15,"00-0035645","NYG","WR","Questionable","Full Participation in Practice","Concussion","Concussion"
2025,15,"00-0039384","NYG","RB",,"Full Participation in Practice",,"Hip"
2025,15,"00-0039847","NYG","TE",,"Full Participation in Practice",,"Toe"
2025,15,"00-0040432","NYG","WR","Out","Did Not Participate In Practice","Neck","Neck"
2025,15,"00-0028118","NYJ","QB","Out","Did Not Participate In Practice","Groin","Groin"
2025,15,"00-0036945","NYJ","QB","Out","Did Not Participate In Practice","Knee","Knee"
2025,15,"00-0037475","NYJ","TE",,"Full Participation in Practice",,"Concussion"
2025,15,"00-0038120","NYJ","RB",,"Full Participation in Practice",,"Knee"
2025,15,"00-0040398","NYJ","QB",,"Full Participation in Practice",,"Ankle"
2025,15,"00-0040736","NYJ","TE","Out","Did Not Participate In Practice","Neck","Neck"
2025,15,"00-0023459","PIT","QB",,"Full Participation in Practice",,"Wrist"
2025,15,"00-0035640","PIT","WR",,"Limited Participation in Practice",,"Abdomen"
2025,15,"00-0036862","PIT","WR",,"Limited Participation in Practice",,"Hand"
2025,15,"00-0037837","PIT","WR",,"Full Participation in Practice",,"Calf"
2025,15,"00-0038558","PIT","TE","Questionable","Limited Participation in Practice","Concussion","Concussion"
2025,15,"00-0033576","SEA","TE","Questionable","Limited Participation in Practice","Calf","Calf"
2025,15,"00-0033908","SEA","WR",,"Limited Participation in Practice",,"Not injury related - resting player"
2025,15,"00-0035891","SEA","WR",,"Full Participation in Practice",,"Abdomen"
2025,15,"00-0037093","SEA","WR","Out","Full Participation in Practice","Quadricep","Quadricep"
2025,15,"00-0038543","SEA","WR",,"Full Participation in Practice",,"Not injury related - resting player"
2025,15,"00-0039793","SEA","TE",,"Full Participation in Practice",,"Ankle"
2025,15,"00-0040739","SEA","TE","Out","Did Not Participate In Practice","Knee","Knee"
2025,15,"00-0033280","SF","RB",,"Full Participation in Practice",,"Illness"
2025,15,"00-0040589","SF","QB","Out","Full Participation in Practice","Knee","Knee"
2025,15,"00-0031408","TB","WR","Questionable","Limited Participation in Practice","Collarbone","Collarbone"
2025,15,"00-0033921","TB","WR",,"Limited Participation in Practice",,"Fibula"
2025,15,"00-0034855","TB","QB",,"Full Participation in Practice",,"Shoulder"
2025,15,"00-0038129","TB","TE","Doubtful","Limited Participation in Practice","Knee","Knee"
2025,15,"00-0039361","TB","RB",,"Full Participation in Practice",,"Shoulder"
2025,15,"00-0039855","TB","WR","Questionable","Limited Participation in Practice","Neck","Neck"
2025,15,"00-0035261","TEN","RB",,"Full Participation in Practice",,"Not injury related - resting player"
2025,15,"00-0037809","TEN","TE",,"Full Participation in Practice",,"Not injury related - resting player"
2025,15,"00-0033591","WAS","WR",,"Did Not Participate In Practice",,"Groin"
2025,15,"00-0035659","WAS","WR",,"Did Not Participate In Practice",,"Not injury related - resting player"
2025,15,"00-0035719","WAS","WR","Questionable","Did Not Participate In Practice","Illness","Illness"
2025,15,"00-0038611","WAS","RB","Questionable","Limited Participation in Practice","Groin","Groin"
2025,15,"00-0039910","WAS","QB","Out","Limited Participation in Practice","Elbow","Elbow"
2025,16,"00-0039521","ARI","WR","Questionable","Limited Participation in Practice","Hamstring","Hamstring"
2025,16,"00-0039849","ARI","WR","Questionable","Limited Participation in Practice","Heel","Heel"
2025,16,"00-0034854","ATL","WR","Out","Did Not Participate In Practice","Shoulder","Shoulder"
2025,16,"00-0035282","ATL","QB",,"Did Not Participate In Practice",,"Not injury related - personal matter"
2025,16,"00-0036429","ATL","TE",,"Did Not Participate In Practice",,"Not injury related - resting player"
2025,16,"00-0036970","ATL","TE",,"Limited Participation in Practice",,"Knee"
2025,16,"00-0037238","ATL","WR","Questionable","Did Not Participate In Practice","Knee","Knee"
2025,16,"00-0038465","ATL","WR","Out",,"Not injury related - personal matter",
2025,16,"00-0038542","ATL","RB",,"Full Participation in Practice",,"Illness"
2025,16,"00-0034796","BAL","QB",,"Full Participation in Practice",,"Illness"
2025,16,"00-0036550","BAL","WR",,"Full Participation in Practice",,"Ankle"
2025,16,"00-0039064","BAL","WR",,"Full Participation in Practice",,"Neck"
2025,16,"00-0035140","BUF","WR","Questionable","Full Participation in Practice","Calf","Calf"
2025,16,"00-0038933","BUF","TE",,"Full Participation in Practice",,"Knee"
2025,16,"00-0033589","CAR","WR","Questionable","Full Participation in Practice","Elbow","Elbow"
2025,16,"00-0040124","CAR","WR",,"Full Participation in Practice",,"Foot"
2025,16,"00-0035594","CHI","RB",,"Full Participation in Practice",,"Ankle"
2025,16,"00-0036275","CHI","RB","Questionable","Limited Participation in Practice","Groin","Groin"
2025,16,"00-0036290","CHI","TE","Questionable","Full Participation in Practice","Ankle","Ankle"
2025,16,"00-0038416","CHI","QB",,"Full Participation in Practice",,"Illness"
2025,16,"00-0039919","CHI","WR","Out","Did Not Participate In Practice","Foot","Foot"
2025,16,"00-0040735","CHI","WR","Out","Did Not Participate In Practice","Ankle","Ankle"
2025,16,"00-0033526","CIN","RB",,"Full Participation in Practice",,"Ankle"
2025,16,"00-0035631","CIN","TE",,"Full Participation in Practice",,"Neck"
2025,16,"00-0035644","CIN","TE","Out","Did Not Participate In Practice","Ankle","Ankle"
2025,16,"00-0036410","CIN","WR","Questionable","Full Participation in Practice","Concussion","Concussion"
2025,16,"00-0036442","CIN","QB",,"Full Participation in Practice",,"Knee"
2025,16,"00-0038576","CIN","WR","Out","Did Not Participate In Practice","Ankle","Ankle"
2025,16,"00-0033537","CLE","QB","Out","Limited Participation in Practice","Achilles","Achilles"
2025,16,"00-0033885","CLE","TE","Out","Did Not Participate In Practice","Knee","Knee"
2025,16,"00-0039458","CLE","TE",,"Full Participation in Practice",,"Ankle"
2025,16,"00-0040162","CLE","RB","Out","Did Not Participate In Practice","Hand","Hand"
2025,16,"00-0036358","DAL","WR",,"Full Participation in Practice",,"Illness"
2025,16,"00-0036997","DAL","RB",,"Full Participation in Practice",,"Neck"
2025,16,"00-0038041","DAL","TE",,"Full Participation in Practice",,"Calf"
2025,16,"00-0040021","DAL","RB","Questionable","Limited Participation in Practice","Shoulder","Shoulder"
2025,16,"00-0038976","DEN","WR",,"Full Participation in Practice",,"Biceps"
2025,16,"00-0040134","DEN","WR",,"Full Participation in Practice",,"Hamstring"
2025,16,"00-0040730","DEN","RB",,"Full Participation in Practice",,"Ribs"
2025,16,"00-0039364","DET","RB",,"Full Participation in Practice",,"Thumb"
2025,16,"00-0035700","GB","RB","Questionable","Did Not Participate In Practice","Knee","Knee"
2025,16,"00-0036264","GB","QB",,"Full Participation in Practice",,"Shoulder"
2025,16,"00-0038124","GB","WR","Questionable","Limited Participation in Practice","Chest","Chest"
2025,16,"00-0038393","GB","WR","Questionable","Limited Participation in Practice","Ankle","Ankle"
2025,16,"00-0038589","GB","TE","Out","Did Not Participate In Practice","Concussion","Concussion"
2025,16,"00-0038685","GB","RB","Questionable","Limited Participation in Practice","Chest","Chest"
2025,16,"00-0039146","GB","WR",,"Full Participation in Practice",,"Not injury related - personal matter"
2025,16,"00-0039811","GB","RB","Out","Did Not Participate In Practice","Calf","Calf"
2025,16,"00-0040009","GB","WR",,"Full Participation in Practice",,"Foot"
2025,16,"00-0040667","GB","WR",,"Full Participation in Practice",,"Wrist"
2025,16,"00-0034386","HOU","WR","Questionable","Full Participation in Practice","Calf","Calf"
2025,16,"00-0034775","HOU","WR","Questionable","Did Not Participate In Practice","Illness","Illness"
2025,16,"00-0034791","HOU","RB","Questionable","Full Participation in Practice","Ribs","Ribs"
2025,16,"00-0040583","HOU","RB","Questionable","Limited Participation in Practice","Ankle","Ankle"
2025,16,"00-0032104","IND","RB",,"Full Participation in Practice",,"Knee"
2025,16,"00-0037664","IND","WR",,"Full Participation in Practice",,"Achilles"
2025,16,"00-0038997","IND","WR",,"Full Participation in Practice",,"Not injury related - personal matter"
2025,16,"00-0039164","IND","QB","Out","Limited Participation in Practice","Eye","Eye"
2025,16,"00-0039816","IND","WR","Out","Did Not Participate In Practice","Foot","Foot"
2025,16,"00-0040719","JAX","RB","Out","Did Not Participate In Practice","Finger","Finger"
2025,16,"00-0033857","KC","WR",,"Full Participation in Practice",,"Rib"
2025,16,"00-0035662","KC","WR",,"Full Participation in Practice",,"Not injury related - personal matter"
2025,16,"00-0036637","KC","TE",,"Full Participation in Practice",,"Shoulder"
2025,16,"00-0038104","KC","WR","Out","Did Not Participate In Practice","Concussion","Concussion"
2025,16,"00-0038519","KC","WR",,"Full Participation in Practice",,"Knee"
2025,16,"00-0039067","KC","WR","Out","Did Not Participate In Practice","Concussion","Concussion"
2025,16,"00-0040081","KC","TE","Out","Full Participation in Practice","Hamstring","Hamstring"
2025,16,"00-0031381","LA","WR","Doubtful","Did Not Participate In Practice","Knee","Knee"
2025,16,"00-0032394","LA","TE",,"Full Participation in Practice",,"Oblique"
2025,16,"00-0039751","LA","WR",,"Full Participation in Practice",,"Back"
2025,16,"00-0030279","LAC","WR",,"Full Participation in Practice",,"Not injury related - resting player"
2025,16,"00-0036355","LAC","QB",,"Full Participation in Practice",,"Hand"
2025,16,"00-0038544","LAC","WR","Questionable","Limited Participation in Practice","Groin","Groin"
2025,16,"00-0038573","LAC","WR","Out","Did Not Participate In Practice","Ankle","Ankle"
2025,16,"00-0040727","LAC","WR",,"Full Participation in Practice",,"Hip"
2025,16,"00-0030565","LV","QB",,"Full Participation in Practice",,"Shoulder"
2025,16,"00-0032211","LV","WR",,"Full Participation in Practice",,"Knee"
2025,16,"00-0034365","LV","TE",,"Full Participation in Practice",,"Calf"
2025,16,"00-0035602","LV","WR",,"Full Participation in Practice",,"Thumb"
2025,16,"00-0031610","MIA","TE",,"Full Participation in Practice",,"Not injury related - resting player"
2025,16,"00-0039040","MIA","RB",,"Full Participation in Practice",,"Rib"
2025,16,"00-0040198","MIA","RB",,"Full Participation in Practice",,"Ankle"
2025,16,"00-0037276","MIN","RB","Out","Full Participation in Practice","Knee","Knee"
2025,16,"00-0037291","MIN","WR",,"Full Participation in Practice",,"Back"
2025,16,"00-0040215","MIN","TE","Out","Full Participation in Practice","Back","Back"
2025,16,"00-0033906","NO","RB","Out","Did Not Participate In Practice","Knee","Knee"
2025,16,"00-0037340","NO","TE","Questionable","Limited Participation in Practice","Knee","Knee"
2025,16,"00-0039424","NO","WR",,"Did Not Participate In Practice",,"Shoulder"
2025,16,"00-0039623","NO","WR","Questionable","Did Not Participate In Practice","Illness","Illness"
2025,16,"00-0040202","NO","RB",,"Did Not Participate In Practice",,"Hamstring"
2025,16,"00-0040743","NO","QB",,"Full Participation in Practice",,"Hip"
2025,16,"00-0035645","NYG","WR",,"Full Participation in Practice",,"Concussion"
2025,16,"00-0040432","NYG","WR","Out","Did Not Participate In Practice","Concussion","Concussion"
2025,16,"00-0028118","NYJ","QB","Questionable","Full Participation in Practice","Groin","Groin"
2025,16,"00-0036945","NYJ","QB","Questionable","Limited Participation in Practice","Knee","Knee"
2025,16,"00-0038120","NYJ","RB",,"Full Participation in Practice",,"Knee"
2025,16,"00-0040736","NYJ","TE","Out","Did Not Participate In Practice","Neck","Neck"
2025,16,"00-0034844","PHI","RB",,"Full Participation in Practice",,"Neck"
2025,16,"00-0038555","PHI","RB",,"Full Participation in Practice",,"Illness"
2025,16,"00-0038564","PHI","TE","Questionable","Full Participation in Practice","Neck","Neck"
2025,16,"00-0023459","PIT","QB",,"Full Participation in Practice",,"Wrist"
2025,16,"00-0036862","PIT","WR",,"Full Participation in Practice",,"Illness"
2025,16,"00-0035891","SEA","WR",,"Full Participation in Practice",,"Abdomen"
2025,16,"00-0037093","SEA","WR",,"Full Participation in Practice",,"Quadricep"
2025,16,"00-0033280","SF","RB",,"Full Participation in Practice",,"Not injury related - resting player"
2025,16,"00-0039916","SF","WR","Out","Did Not Participate In Practice","Knee","Knee"
2025,16,"00-0040589","SF","QB","Out","Full Participation in Practice","Knee","Knee"
2025,16,"00-0031408","TB","WR",,"Full Participation in Practice",,"Collarbone"
2025,16,"00-0033921","TB","WR",,"Full Participation in Practice",,"Fibula"
2025,16,"00-0038129","TB","TE",,"Full Participation in Practice",,"Knee"
2025,16,"00-0036415","TEN","WR","Questionable","Full Participation in Practice","Back","Back"
2025,16,"00-0037809","TEN","TE",,"Full Participation in Practice",,"Not injury related - resting player"
2025,16,"00-0039650","TEN","WR","Out","Limited Participation in Practice","Knee","Knee"
2025,16,"00-0040584","TEN","TE","Questionable","Full Participation in Practice","Toe","Toe"
2025,16,"00-0038611","WAS","RB",,"Full Participation in Practice",,"Groin"
2025,16,"00-0039686","WAS","TE","Out","Did Not Participate In Practice","Ankle","Ankle"
2025,16,"00-0039910","WAS","QB","Out","Limited Participation in Practice","Elbow","Elbow"
2025,17,"00-0039849","ARI","WR","Questionable","Limited Participation in Practice","Heel","Heel"
2025,17,"00-0036429","ATL","TE",,"Did Not Participate In Practice",,"Not injury related - resting player"
2025,17,"00-0036970","ATL","TE",,"Limited Participation in Practice",,"Knee"
2025,17,"00-0037238","ATL","WR","Questionable","Limited Participation in Practice","Knee","Knee"
2025,17,"00-0037277","ATL","TE",,"Full Participation in Practice",,"Hamstring"
2025,17,"00-0030564","BAL","WR",,"Did Not Participate In Practice",,"Not injury related - resting player"
2025,17,"00-0034796","BAL","QB","Doubtful","Did Not Participate In Practice","Back","Back"
2025,17,"00-0038454","BAL","RB",,"Full Participation in Practice",,"Calf"
2025,17,"00-0034857","BUF","QB",,"Full Participation in Practice",,"Foot"
2025,17,"00-0035689","BUF","TE","Questionable","Limited Participation in Practice","Knee","Knee"
2025,17,"00-0038933","BUF","TE","Questionable","Limited Participation in Practice","Knee","Knee"
2025,17,"00-0039875","BUF","RB",,"Full Participation in Practice",,"Knee"
2025,17,"00-0033589","CAR","WR","Questionable","Full Participation in Practice","Elbow","Elbow"
2025,17,"00-0040124","CAR","WR","Questionable","Full Participation in Practice","Illness","Not injury related - resting player"
2025,17,"00-0034827","CHI","WR","Questionable",,"Illness",
2025,17,"00-0035208","CHI","WR","Questionable",,"Illness",
2025,17,"00-0035594","CHI","RB",,"Full Participation in Practice",,"Ankle"
2025,17,"00-0036331","CHI","WR",,"Full Participation in Practice",,"Illness"
2025,17,"00-0039919","CHI","WR","Out","Did Not Participate In Practice","Foot","Foot"
2025,17,"00-0040735","CHI","WR",,"Full Participation in Practice",,"Ankle"
2025,17,"00-0035644","CIN","TE","Questionable","Full Participation in Practice","Ankle","Ankle"
2025,17,"00-0038576","CIN","WR","Out","Did Not Participate In Practice","Ankle","Ankle"
2025,17,"00-0039631","CIN","TE","Out","Did Not Participate In Practice","Chest","Chest"
2025,17,"00-0033885","CLE","TE","Out","Did Not Participate In Practice","Knee","Knee"
2025,17,"00-0039458","CLE","TE",,"Full Participation in Practice",,"Ankle"
2025,17,"00-0040162","CLE","RB","Questionable","Limited Participation in Practice","Hand","Hand"
2025,17,"00-0040663","CLE","TE","Questionable","Limited Participation in Practice","Groin","Groin"
2025,17,"00-0040668","CLE","QB",,"Full Participation in Practice",,"Finger"
2025,17,"00-0040704","CLE","QB","Questionable","Limited Participation in Practice","Shoulder","Shoulder"
2025,17,"00-0036997","DAL","RB",,"Full Participation in Practice",,"Neck"
2025,17,"00-0037563","DAL","RB",,"Full Participation in Practice",,"Toe"
2025,17,"00-0037801","DAL","WR",,"Full Participation in Practice",,"Shoulder"
2025,17,"00-0039410","DAL","WR","Questionable","Did Not Participate In Practice","Knee","Knee"
2025,17,"00-0040021","DAL","RB","Out","Limited Participation in Practice","Shoulder","Shoulder"
2025,17,"00-0036422","DEN","TE",,"Did Not Participate In Practice",,"Illness"
2025,17,"00-0038783","DEN","TE","Out","Did Not Participate In Practice","Knee","Knee"
2025,17,"00-0040134","DEN","WR","Out","Did Not Participate In Practice","Concussion","Concussion"
2025,17,"00-0035544","DET","WR","Questionable","Limited Participation in Practice","Abdomen","Abdomen"
2025,17,"00-0035685","DET","RB","Questionable","Limited Participation in Practice","Illness","Illness"
2025,17,"00-0036963","DET","WR","Questionable","Limited Participation in Practice","Knee","Knee"
2025,17,"00-0035700","GB","RB",,"Limited Participation in Practice",,"Knee"
2025,17,"00-0036264","GB","QB","Out","Limited Participation in Practice","Shoulder","Shoulder"
2025,17,"00-0037816","GB","WR",,"Full Participation in Practice",,"Wrist"
2025,17,"00-0038124","GB","WR","Questionable","Did Not Participate In Practice","Shoulder","Shoulder"
2025,17,"00-0038128","GB","QB","Questionable","Limited Participation in Practice","Shoulder","Shoulder"
2025,17,"00-0038393","GB","WR",,"Full Participation in Practice",,"Ankle"
2025,17,"00-0038589","GB","TE",,"Full Participation in Practice",,"Concussion"
2025,17,"00-0040009","GB","WR","Questionable","Full Participation in Practice","Foot","Foot"
2025,17,"00-0034383","HOU","TE",,"Full Participation in Practice",,"Knee"
2025,17,"00-0034386","HOU","WR","Out","Full Participation in Practice","Calf","Calf"
2025,17,"00-0040583","HOU","RB",,"Full Participation in Practice",,"Ankle"
2025,17,"00-0035021","IND","WR",,"Full Participation in Practice",,"Hamstring"
2025,17,"00-0037120","IND","RB","Questionable","Full Participation in Practice","Ankle","Ankle"
2025,17,"00-0037292","IND","TE","Out","Did Not Participate In Practice","Neck","Neck"
2025,17,"00-0039164","IND","QB","Out","Limited Participation in Practice","Eye","Eye"
2025,17,"00-0039816","IND","WR","Out","Did Not Participate In Practice","Foot","Foot"
2025,17,"00-0033375","JAX","WR",,"Full Participation in Practice",,"Foot"
2025,17,"00-0040719","JAX","RB","Questionable","Limited Participation in Practice","Finger","Finger"
2025,17,"00-0036637","KC","TE",,"Full Participation in Practice",,"Shoulder"
2025,17,"00-0038104","KC","WR",,"Did Not Participate In Practice",,"Concussion"
2025,17,"00-0038519","KC","WR","Questionable","Did Not Participate In Practice","Knee","Knee"
2025,17,"00-0039067","KC","WR",,"Did Not Participate In Practice",,"Concussion"
2025,17,"00-0040081","KC","TE","Out","Full Participation in Practice","Hamstring","Hamstring"
2025,17,"00-0031381","LA","WR","Doubtful","Did Not Participate In Practice","Hamstring","Hamstring"
2025,17,"00-0030279","LAC","WR",,"Full Participation in Practice",,"Not injury related - resting player"
2025,17,"00-0036355","LAC","QB",,"Full Participation in Practice",,"Hand"
2025,17,"00-0038573","LAC","WR","Out","Did Not Participate In Practice","Ankle","Ankle"
2025,17,"00-0039391","LAC","RB","Questionable","Limited Participation in Practice","Neck","Neck"
2025,17,"00-0031687","LV","RB","Questionable","Limited Participation in Practice","Ankle","Ankle"
2025,17,"00-0032211","LV","WR",,"Full Participation in Practice",,"Wrist"
2025,17,"00-0040729","LV","WR","Questionable","Limited Participation in Practice","Back","Back"
2025,17,"00-0031610","MIA","TE",,"Limited Participation in Practice",,"Not injury related - resting player"
2025,17,"00-0036613","MIA","WR",,"Full Participation in Practice",,"Wrist"
2025,17,"00-0036620","MIA","WR","Doubtful","Did Not Participate In Practice","Toe","Toe"
2025,17,"00-0033293","MIN","RB",,"Limited Participation in Practice",,"Ankle"
2025,17,"00-0035229","MIN","TE","Out","Did Not Participate In Practice","Shoulder","Shoulder"
2025,17,"00-0037276","MIN","RB",,"Full Participation in Practice",,"Knee"
2025,17,"00-0037525","MIN","RB","Out","Did Not Participate In Practice","Ankle","Ankle"
2025,17,"00-0039923","MIN","QB","Out","Did Not Participate In Practice","Hand","Hand"
2025,17,"00-0040215","MIN","TE","Out","Full Participation in Practice","Back","Back"
2025,17,"00-0033555","NE","WR","Out","Did Not Participate In Practice","Abdomen","Abdomen"
2025,17,"00-0038608","NE","WR","Out","Did Not Participate In Practice","Concussion","Concussion"
2025,17,"00-0038621","NE","WR","Questionable","Limited Participation in Practice","Hamstring","Hamstring"
2025,17,"00-0040566","NE","TE",,"Full Participation in Practice",,"Illness"
2025,17,"00-0040734","NE","RB",,"Full Participation in Practice",,"Concussion"
2025,17,"00-0033906","NO","RB","Out","Did Not Participate In Practice","Knee","Knee"
2025,17,"00-0034981","NO","TE",,"Did Not Participate In Practice",,"Ankle"
2025,17,"00-0037239","NO","WR","Questionable","Limited Participation in Practice","Back","Back"
2025,17,"00-0037340","NO","TE","Out","Did Not Participate In Practice","Knee","Knee"
2025,17,"00-0039623","NO","WR","Questionable","Limited Participation in Practice","Groin","Groin"
2025,17,"00-0040743","NO","QB",,"Full Participation in Practice",,"Hip"
2025,17,"00-0039847","NYG","TE","Out","Did Not Participate In Practice","Illness","Illness"
2025,17,"00-0040432","NYG","WR","Out","Did Not Participate In Practice","Neck","Neck"
2025,17,"00-0028118","NYJ","QB",,"Did Not Participate In Practice",,"Knee"
2025,17,"00-0036945","NYJ","QB",,"Did Not Participate In Practice",,"Knee"
2025,17,"00-0040736","NYJ","TE","Out","Did Not Participate In Practice","Neck","Neck"
2025,17,"00-0035676","PHI","WR",,"Full Participation in Practice",,"Teeth"
2025,17,"00-0036912","PHI","WR",,"Full Participation in Practice",,"Illness"
2025,17,"00-0038564","PHI","TE",,"Full Participation in Practice",,"Neck"
2025,17,"00-0023459","PIT","QB",,"Full Participation in Practice",,"Wrist"
2025,17,"00-0036862","PIT","WR",,"Full Participation in Practice",,"Hand"
2025,17,"00-0037228","PIT","RB",,"Full Participation in Practice",,"Hip"
2025,17,"00-0037837","PIT","WR","Out","Did Not Participate In Practice","Hamstring","Hamstring"
2025,17,"00-0033908","SEA","WR",,"Limited Participation in Practice",,"Not injury related - resting player"
2025,17,"00-0035891","SEA","WR",,"Full Participation in Practice",,"Abdomen"
2025,17,"00-0039793","SEA","TE",,"Full Participation in Practice",,"Elbow"
2025,17,"00-0033280","SF","RB",,"Full Participation in Practice",,"Not injury related - resting player"
2025,17,"00-0033288","SF","TE","Questionable","Did Not Participate In Practice","Ankle","Ankle"
2025,17,"00-0039916","SF","WR","Questionable","Limited Participation in Practice","Knee","Knee"
2025,17,"00-0040589","SF","QB","Out","Full Participation in Practice","Knee","Knee"
2025,17,"00-0031408","TB","WR",,"Full Participation in Practice",,"Not injury related - resting player"
2025,17,"00-0033921","TB","WR",,"Full Participation in Practice",,"Fibula"
2025,17,"00-0039589","TB","WR",,"Full Participation in Practice",,"Knee"
2025,17,"00-0039754","TB","TE",,"Full Participation in Practice",,"Illness"
2025,17,"00-0037594","TEN","RB",,"Full Participation in Practice",,"Back"
2025,17,"00-0039650","TEN","WR","Out","Full Participation in Practice","Knee","Knee"
2025,17,"00-0040584","TEN","TE",,"Limited Participation in Practice",,"Toe"
2025,17,"00-0032268","WAS","QB","Out","Did Not Participate In Practice","Hand","Hand"
2025,17,"00-0038611","WAS","RB","Questionable",,"Illness",
2025,17,"00-0039686","WAS","TE",,"Full Participation in Practice",,"Ankle"
2025,17,"00-0039910","WAS","QB","Out","Limited Participation in Practice","Elbow","Elbow"
2025,17,"00-0040164","WAS","WR",,"Did Not Participate In Practice",,"Ankle"
2025,18,"00-0039849","ARI","WR",,"Did Not Participate In Practice",,"Foot"
2025,18,"00-0036309","ATL","WR","Questionable","Limited Participation in Practice","Knee","Knee"
2025,18,"00-0036429","ATL","TE",,"Did Not Participate In Practice",,"Not injury related - resting player"
2025,18,"00-0036970","ATL","TE","Questionable","Limited Participation in Practice","Knee","Knee"
2025,18,"00-0037238","ATL","WR","Questionable","Limited Participation in Practice","Knee","Knee"
2025,18,"00-0030564","BAL","WR",,"Full Participation in Practice",,"Not injury related - resting player"
2025,18,"00-0034796","BAL","QB",,"Full Participation in Practice",,"Back"
2025,18,"00-0036550","BAL","WR","Questionable","Did Not Participate In Practice","Illness","Illness"
2025,18,"00-0038046","BAL","TE",,"Full Participation in Practice",,"Nose"
2025,18,"00-0034857","BUF","QB",,"Limited Participation in Practice",,"Foot"
2025,18,"00-0035689","BUF","TE",,"Full Participation in Practice",,"Knee"
2025,18,"00-0037248","BUF","RB",,"Full Participation in Practice",,"Not injury related - resting player"
2025,18,"00-0038933","BUF","TE","Questionable","Limited Participation in Practice","Knee","Knee"
2025,18,"00-0033589","CAR","WR","Questionable","Limited Participation in Practice","Elbow","Elbow"
2025,18,"00-0036139","CAR","RB",,"Full Participation in Practice",,"Toe"
2025,18,"00-0039356","CAR","TE",,"Did Not Participate In Practice",,"Fibula"
2025,18,"00-0035208","CHI","WR",,"Full Participation in Practice",,"Illness"
2025,18,"00-0039919","CHI","WR","Questionable","Limited Participation in Practice","Foot","Foot"
2025,18,"00-0040735","CHI","WR",,"Full Participation in Practice",,"Quadricep"
2025,18,"00-0038576","CIN","WR","Out","Did Not Participate In Practice","Ankle","Ankle"
2025,18,"00-0038597","CIN","RB",,"Full Participation in Practice",,"Illness"
2025,18,"00-0039631","CIN","TE","Questionable","Full Participation in Practice","Chest","Chest"
2025,18,"00-0033885","CLE","TE","Out","Did Not Participate In Practice","Knee","Knee"
2025,18,"00-0039458","CLE","TE",,"Full Participation in Practice",,"Shoulder"
2025,18,"00-0040162","CLE","RB",,"Full Participation in Practice",,"Hand"
2025,18,"00-0040663","CLE","TE","Out","Did Not Participate In Practice","Groin","Groin"
2025,18,"00-0040668","CLE","QB",,"Full Participation in Practice",,"Back"
2025,18,"00-0040704","CLE","QB",,"Full Participation in Practice",,"Shoulder"
2025,18,"00-0036997","DAL","RB","Out","Did Not Participate In Practice","Shoulder","Shoulder"
2025,18,"00-0037563","DAL","RB","Out","Did Not Participate In Practice","Calf","Calf"
2025,18,"00-0037801","DAL","WR",,"Full Participation in Practice",,"Shoulder"
2025,18,"00-0038041","DAL","TE",,"Full Participation in Practice",,"Calf"
2025,18,"00-0039410","DAL","WR",,"Full Participation in Practice",,"Knee"
2025,18,"00-0040021","DAL","RB","Questionable","Full Participation in Practice","Shoulder","Shoulder"
2025,18,"00-0038783","DEN","TE",,"Full Participation in Practice",,"Knee"
2025,18,"00-0040134","DEN","WR",,"Full Participation in Practice",,"Concussion"
2025,18,"00-0036963","DET","WR","Questionable","Limited Participation in Practice","Knee","Knee"
2025,18,"00-0035700","GB","RB",,"Full Participation in Practice",,"Knee"
2025,18,"00-0036264","GB","QB",,"Full Participation in Practice",,"Shoulder"
2025,18,"00-0038128","GB","QB","Questionable","Limited Participation in Practice","Shoulder","Shoulder"
2025,18,"00-0038393","GB","WR","Doubtful","Did Not Participate In Practice","Concussion","Concussion"
2025,18,"00-0039146","GB","WR",,"Full Participation in Practice",,"Illness"
2025,18,"00-0040009","GB","WR","Out","Did Not Participate In Practice","Foot","Foot"
2025,18,"00-0034383","HOU","TE",,"Did Not Participate In Practice",,"Not injury related - personal matter"
2025,18,"00-0036554","HOU","WR",,"Full Participation in Practice",,"Not injury related - resting player"
2025,18,"00-0038394","IND","TE","Out","Did Not Participate In Practice","Lung","Lung"
2025,18,"00-0039164","IND","QB","Out","Full Participation in Practice","Eye","Eye"
2025,18,"00-0040719","JAX","RB",,"Full Participation in Practice",,"Finger"
2025,18,"00-0033923","KC","RB",,"Full Participation in Practice",,"Illness"
2025,18,"00-0037197","KC","RB","Questionable","Limited Participation in Practice","Not injury related - resting player","Not injury related - resting player"
2025,18,"00-0039894","KC","WR","Doubtful","Did Not Participate In Practice","Illness","Illness"
2025,18,"00-0040081","KC","TE","Out","Full Participation in Practice","Hamstring","Hamstring"
2025,18,"00-0031381","LA","WR","Questionable","Limited Participation in Practice","Hamstring","Hamstring"
2025,18,"00-0033110","LA","TE","Questionable","Full Participation in Practice","Ankle","Ankle"
2025,18,"00-0037840","LA","RB","Questionable","Limited Participation in Practice","Ankle","Ankle"
2025,18,"00-0038359","LA","WR",,"Full Participation in Practice",,"Chest"
2025,18,"00-0039738","LA","RB","Questionable","Limited Participation in Practice","Ankle","Ankle"
2025,18,"00-0040737","LA","TE","Doubtful",,"Hamstring",
2025,18,"00-0030279","LAC","WR",,"Full Participation in Practice",,"Not injury related - resting player"
2025,18,"00-0036355","LAC","QB",,"Did Not Participate In Practice",,"Hand"
2025,18,"00-0037617","LAC","RB","Questionable","Full Participation in Practice","Concussion","Concussion"
2025,18,"00-0038573","LAC","WR",,"Full Participation in Practice",,"Ankle"
2025,18,"00-0039391","LAC","RB","Questionable","Full Participation in Practice","Neck","Neck"
2025,18,"00-0040666","LAC","RB","Out","Did Not Participate In Practice","Ankle","Ankle"
2025,18,"00-0030565","LV","QB","Out","Did Not Participate In Practice","Ankle","Ankle"
2025,18,"00-0031687","LV","RB","Questionable","Limited Participation in Practice","Knee","Knee"
2025,18,"00-0032211","LV","WR",,"Full Participation in Practice",,"Shoulder"
2025,18,"00-0040729","LV","WR",,"Full Participation in Practice",,"Back"
2025,18,"00-0031610","MIA","TE",,,,
2025,18,"00-0036613","MIA","WR","Questionable","Limited Participation in Practice","Ribs","Ribs"
2025,18,"00-0039040","MIA","RB","Doubtful","Did Not Participate In Practice","Shoulder","Shoulder"
2025,18,"00-0033293","MIN","RB","Out","Did Not Participate In Practice","Hip","Hip"
2025,18,"00-0035229","MIN","TE","Out","Did Not Participate In Practice","Shoulder","Shoulder"
2025,18,"00-0037525","MIN","RB",,"Full Participation in Practice",,"Ankle"
2025,18,"00-0039923","MIN","QB",,"Full Participation in Practice",,"Hand"
2025,18,"00-0040215","MIN","TE","Out","Full Participation in Practice","Back","Back"
2025,18,"00-0040506","MIN","WR","Out","Did Not Participate In Practice","Ankle","Ankle"
2025,18,"00-0031588","NE","WR",,"Limited Participation in Practice",,"Not injury related - resting player"
2025,18,"00-0033090","NE","TE",,"Limited Participation in Practice",,"Knee"
2025,18,"00-0038608","NE","WR",,"Full Participation in Practice",,"Concussion"
2025,18,"00-0038621","NE","WR",,"Full Participation in Practice",,"Hamstring"
2025,18,"00-0033906","NO","RB","Out","Did Not Participate In Practice","Knee","Knee"
2025,18,"00-0036741","NO","TE",,"Did Not Participate In Practice",,"Knee"
2025,18,"00-0037239","NO","WR","Out","Did Not Participate In Practice","Illness","Illness"
2025,18,"00-0037340","NO","TE",,"Did Not Participate In Practice",,"Ankle"
2025,18,"00-0039376","NO","QB","Questionable","Did Not Participate In Practice","Finger","Finger"
2025,18,"00-0039623","NO","WR",,"Did Not Participate In Practice",,"Groin"
2025,18,"00-0040743","NO","QB",,"Full Participation in Practice",,"Hip"
2025,18,"00-0038117","NYG","WR","Out","Did Not Participate In Practice","Rib","Rib"
2025,18,"00-0038938","NYG","WR","Questionable","Limited Participation in Practice","Illness","Illness"
2025,18,"00-0039847","NYG","TE","Out","Did Not Participate In Practice","Illness","Illness"
2025,18,"00-0040432","NYG","WR",,"Did Not Participate In Practice",,"Neck"
2025,18,"00-0028118","NYJ","QB","Questionable","Limited Participation in Practice","Knee","Knee"
2025,18,"00-0036842","NYJ","RB",,"Full Participation in Practice",,"Quadricep"
2025,18,"00-0037755","NYJ","TE","Out","Did Not Participate In Practice","Hamstring","Hamstring"
2025,18,"00-0038120","NYJ","RB","Out","Limited Participation in Practice","Knee","Knee"
2025,18,"00-0039798","NYJ","RB","Out","Did Not Participate In Practice","Concussion","Concussion"
2025,18,"00-0040736","NYJ","TE","Out","Did Not Participate In Practice","Neck","Neck"
2025,18,"00-0034351","PHI","TE","Out","Did Not Participate In Practice","Knee","Knee"
2025,18,"00-0023459","PIT","QB",,"Full Participation in Practice",,"Wrist"
2025,18,"00-0036862","PIT","WR",,"Full Participation in Practice",,"Hand"
2025,18,"00-0037837","PIT","WR",,"Full Participation in Practice",,"Hamstring"
2025,18,"00-0033908","SEA","WR",,"Limited Participation in Practice",,"Not injury related - resting player"
2025,18,"00-0037545","SEA","WR",,"Full Participation in Practice",,"Concussion"
2025,18,"00-0038543","SEA","WR",,"Full Participation in Practice",,"Not injury related - resting player"
2025,18,"00-0039793","SEA","TE",,"Full Participation in Practice",,"Elbow"
2025,18,"00-0033280","SF","RB",,"Full Participation in Practice",,"Back"
2025,18,"00-0033288","SF","TE","Questionable","Limited Participation in Practice","Ankle","Ankle"
2025,18,"00-0039916","SF","WR","Questionable","Limited Participation in Practice","Knee","Knee"
2025,18,"00-0031408","TB","WR",,"Did Not Participate In Practice",,"Not injury related - resting player"
2025,18,"00-0034855","TB","QB",,"Full Participation in Practice",,"Shoulder"
2025,18,"00-0039754","TB","TE",,"Full Participation in Practice",,"Knee"
2025,18,"00-0036415","TEN","WR","Out","Did Not Participate In Practice","Forearm","Forearm"
2025,18,"00-0039650","TEN","WR","Questionable","Full Participation in Practice","Knee","Knee"
2025,18,"00-0040584","TEN","TE","Out","Did Not Participate In Practice","Toe","Toe"
2025,18,"00-0032268","WAS","QB","Out","Did Not Participate In Practice","Hand","Hand"
2025,18,"00-0037742","WAS","WR",,"Full Participation in Practice",,"Illness"
2025,18,"00-0039910","WAS","QB","Out","Limited Participation in Practice","Elbow","Elbow"
2025,18,"00-0040242","WAS","RB",,"Full Participation in Practice",,"Illness"
2025,19,"00-0034857","BUF","QB",,"Full Participation in Practice",,"Foot"
2025,19,"00-0035537","BUF","RB","Questionable","Limited Participation in Practice","Ankle","Ankle"
2025,19,"00-0036988","BUF","WR","Out","Did Not Participate In Practice","Ankle","Ankle"
2025,19,"00-0038933","BUF","TE",,"Full Participation in Practice",,"Knee"
2025,19,"00-0034827","CHI","WR",,"Full Participation in Practice",,"Knee"
2025,19,"00-0039919","CHI","WR",,"Full Participation in Practice",,"Foot"
2025,19,"00-0040277","CHI","WR",,"Full Participation in Practice",,"Illness"
2025,19,"00-0038128","GB","QB","Questionable","Limited Participation in Practice","Shoulder","Shoulder"
2025,19,"00-0038393","GB","WR","Out","Limited Participation in Practice","Concussion","Concussion"
2025,19,"00-0040667","GB","WR",,"Full Participation in Practice",,"Achilles"
2025,19,"00-0036898","HOU","QB","Questionable",,"Not injury related - personal matter",
2025,19,"00-0039405","HOU","RB","Out","Did Not Participate In Practice","Ankle","Ankle"
2025,19,"00-0031381","LA","WR",,"Full Participation in Practice",,"Hamstring"
2025,19,"00-0033110","LA","TE",,"Full Participation in Practice",,"Ankle"
2025,19,"00-0039751","LA","WR","Out","Did Not Participate In Practice","Knee","Knee"
2025,19,"00-0040737","LA","TE","Questionable","Limited Participation in Practice","Hamstring","Hamstring"
2025,19,"00-0030279","LAC","WR",,"Full Participation in Practice",,"Not injury related - resting player"
2025,19,"00-0036355","LAC","QB",,"Full Participation in Practice",,"Hand"
2025,19,"00-0037654","LAC","TE","Questionable","Full Participation in Practice","Ankle","Ankle"
2025,19,"00-0040184","LAC","WR","Out","Did Not Participate In Practice","Hamstring","Hamstring"
2025,19,"00-0040666","LAC","RB","Questionable","Limited Participation in Practice","Ankle","Ankle"
2025,19,"00-0033090","NE","TE",,"Full Participation in Practice",,"Not injury related - resting player"
2025,19,"00-0038608","NE","WR","Questionable","Limited Participation in Practice","Hamstring","Hamstring"
2025,19,"00-0040734","NE","RB",,"Did Not Participate In Practice",,"Not injury related - personal matter"
2025,19,"00-0034351","PHI","TE",,"Full Participation in Practice",,"Knee"
2025,19,"00-0037086","PHI","TE",,"Full Participation in Practice",,"Ankle"
2025,19,"00-0023459","PIT","QB",,"Full Participation in Practice",,"Wrist"
2025,19,"00-0033858","PIT","TE",,"Full Participation in Practice",,"Glute"
2025,19,"00-0036862","PIT","WR",,"Full Participation in Practice",,"Hand"
2025,19,"00-0037228","PIT","RB",,"Full Participation in Practice",,"Illness"
2025,19,"00-0033280","SF","RB",,"Full Participation in Practice",,"Not injury related - resting player"
2025,19,"00-0033288","SF","TE",,"Full Participation in Practice",,"Ankle"
2025,19,"00-0039365","SF","WR","Questionable","Full Participation in Practice","Hamstring","Hamstring"
2025,19,"00-0039916","SF","WR","Questionable","Did Not Participate In Practice","Knee","Knee"
2025,20,"00-0033282","BUF","WR","Questionable","Full Participation in Practice","Elbow","Elbow"
2025,20,"00-0034857","BUF","QB",,"Full Participation in Practice",,"Foot"
2025,20,"00-0035537","BUF","RB","Questionable","Limited Participation in Practice","Ankle","Ankle"
2025,20,"00-0038679","BUF","WR","Out","Did Not Participate In Practice","Knee","Knee"
2025,20,"00-0038933","BUF","TE",,"Limited Participation in Practice",,"Knee"
2025,20,"00-0034827","CHI","WR",,"Full Participation in Practice",,"Knee"
2025,20,"00-0039919","CHI","WR","Questionable","Full Participation in Practice","Foot","Foot"
2025,20,"00-0037539","DEN","TE","Out","Limited Participation in Practice","Foot","Foot"
2025,20,"00-0034386","HOU","WR","Out","Did Not Participate In Practice","Concussion","Concussion"
2025,20,"00-0036554","HOU","WR","Out","Did Not Participate In Practice","Concussion","Concussion"
2025,20,"00-0039405","HOU","RB",,"Full Participation in Practice",,"Ankle"
2025,20,"00-0026498","LA","QB",,"Full Participation in Practice",,"Finger"
2025,20,"00-0031345","LA","QB","Questionable","Did Not Participate In Practice","Back","Back"
2025,20,"00-0038359","LA","WR",,"Full Participation in Practice",,"Wrist"
2025,20,"00-0039751","LA","WR",,"Full Participation in Practice",,"Knee"
2025,20,"00-0040737","LA","TE",,"Full Participation in Practice",,"Hamstring"
2025,20,"00-0033090","NE","TE",,"Full Participation in Practice",,"Knee"
2025,20,"00-0039757","NE","RB","Questionable","Full Participation in Practice","Concussion","Concussion"
2025,20,"00-0033908","SEA","WR",,"Limited Participation in Practice",,"Not injury related - resting player"
2025,20,"00-0034869","SEA","QB","Questionable","Limited Participation in Practice","Oblique","Oblique"
2025,20,"00-0038543","SEA","WR",,"Full Participation in Practice",,"Not injury related - resting player"
2025,20,"00-0039793","SEA","TE",,"Full Participation in Practice",,"Hip"
2025,20,"00-0040739","SEA","TE","Out","Full Participation in Practice","Knee","Knee"
2025,20,"00-0039365","SF","WR","Questionable","Full Participation in Practice","Hamstring","Hamstring"
2025,20,"00-0039916","SF","WR","Questionable","Limited Participation in Practice","Knee","Knee"
2025,21,"00-0036158","DEN","RB","Out","Limited Participation in Practice","Foot","Foot"
2025,21,"00-0037539","DEN","TE","Out","Full Participation in Practice","Foot","Foot"
2025,21,"00-0039732","DEN","QB","Out","Did Not Participate In Practice","Ankle","Ankle"
2025,21,"00-0039868","DEN","WR","Questionable","Limited Participation in Practice","Hamstring","Hamstring"
2025,21,"00-0040134","DEN","WR",,"Full Participation in Practice",,"Concussion"
2025,21,"00-0033090","NE","TE",,"Full Participation in Practice",,"Knee"
2025,21,"00-0033555","NE","WR","Questionable","Full Participation in Practice","Abdomen","Abdomen"
2025,21,"00-0039757","NE","RB","Out","Full Participation in Practice","Concussion","Not injury related - other"
2025,21,"00-0040734","NE","RB",,"Full Participation in Practice",,"Shoulder"
2025,21,"00-0033908","SEA","WR",,"Limited Participation in Practice",,"Not injury related - resting player"
2025,21,"00-0034869","SEA","QB",,"Limited Participation in Practice",,"Oblique"
2025,21,"00-0038543","SEA","WR",,"Full Participation in Practice",,"Not injury related - resting player"
2025,21,"00-0039299","SEA","RB",,"Full Participation in Practice",,"Hamstring"
2025,21,"00-0040739","SEA","TE",,"Full Participation in Practice",,"Knee"
2025,22,"00-0039851","NE","QB",,"Full Participation in Practice",,"Shoulder"
2025,22,"00-0033576","SEA","TE",,"Full Participation in Practice",,"Hamstring"
2025,22,"00-0034869","SEA","QB",,"Full Participation in Practice",,"Oblique"
2025,22,"00-0038543","SEA","WR",,"Full Participation in Practice",,"Not injury related - resting player"
2025,22,"00-0038752","SEA","WR",,"Full Participation in Practice",,"Hand"
2026,1,"00-0041027","ARI","RB","Questionable","Limited Participation in Practice","Ankle","Ankle"
2026,1,"00-0036212","ATL","QB","Out","Did Not Participate In Practice","Oblique","Oblique"
2026,1,"00-0039917","ATL","QB","Out","Full Participation in Practice","Knee","Knee"
2026,1,"00-0041044","ATL","WR",,"Full Participation in Practice",,"Hamstring"
2026,1,"00-0039064","BAL","WR",,"Full Participation in Practice",,"Hamstring"
2026,1,"00-0039792","BAL","WR","Questionable","Limited Participation in Practice","Groin","Groin"
2026,1,"00-0035537","BUF","RB","Questionable","Limited Participation in Practice","Hamstring","Hamstring"
2026,1,"00-0039344","CAR","RB",,"Full Participation in Practice",,"Groin"
2026,1,"00-0038416","CHI","QB","Questionable","Did Not Participate In Practice","Back","Back"
2026,1,"00-0039919","CHI","WR","Questionable","Limited Participation in Practice","Calf","Calf"
2026,1,"00-0036410","CIN","WR",,"Full Participation in Practice",,"Foot"
2026,1,"00-0036900","CIN","WR",,"Did Not Participate In Practice",,"Knee"
2026,1,"00-0037563","DAL","RB","Out","Limited Participation in Practice","Hip","Hip"
2026,1,"00-0038547","DAL","TE",,"Did Not Participate In Practice",,"Not injury related - personal matter"
2026,1,"00-0038976","DEN","WR",,"Full Participation in Practice",,"Foot"
2026,1,"00-0037292","IND","TE",,"Full Participation in Practice",,"Neck"
2026,1,"00-0037664","IND","WR",,"Limited Participation in Practice",,"Heel"
2026,1,"00-0039164","IND","QB",,"Full Participation in Practice",,"Illness"
2026,1,"00-0034960","JAX","WR",,"Limited Participation in Practice",,"Thumb"
2026,1,"00-0040238","JAX","RB","Questionable","Limited Participation in Practice","Hip","Hip"
2026,1,"00-0033873","KC","QB",,"Full Participation in Practice",,"Knee"
2026,1,"00-0039067","KC","WR",,"Full Participation in Practice",,"Knee"
2026,1,"00-0039894","KC","WR",,"Full Participation in Practice",,"Shoulder"
2026,1,"00-0033110","LA","TE",,"Full Participation in Practice",,"Not injury related - resting player"
2026,1,"00-0038454","LAC","RB",,"Full Participation in Practice",,"Hamstring"
2026,1,"00-0041550","LAC","WR",,"Full Participation in Practice",,"Hip"
2026,1,"00-0039338","LV","TE","Out","Did Not Participate In Practice","Knee","Knee"
2026,1,"00-0040122","LV","RB",,"Full Participation in Practice",,"Ankle"
2026,1,"00-0041524","MIA","TE",,"Full Participation in Practice",,"Calf"
2026,1,"00-0041579","MIA","TE",,"Full Participation in Practice",,"Thumb"
2026,1,"00-0040734","NE","RB","Out","Did Not Participate In Practice","Ankle","Ankle"
2026,1,"00-0033906","NO","RB","Questionable","Full Participation in Practice","Knee","Knee"
2026,1,"00-0039373","NO","RB","Out","Did Not Participate In Practice","Thigh","Thigh"
2026,1,"00-0041041","NO","TE","Out","Did Not Participate In Practice","Hamstring","Hamstring"
2026,1,"00-0039337","NYG","WR","Questionable","Full Participation in Practice","Knee","Knee"
2026,1,"00-0039847","NYG","TE",,"Full Participation in Practice",,"Shoulder"
2026,1,"00-0033375","NYJ","WR","Out","Did Not Participate In Practice","Groin","Groin"
2026,1,"00-0036842","NYJ","RB","Doubtful","Did Not Participate In Practice","Back","Back"
2026,1,"00-0038120","NYJ","RB",,"Full Participation in Practice",,"Groin"
2026,1,"00-0039798","NYJ","RB",,"Full Participation in Practice",,"Knee"
2026,1,"00-0041032","NYJ","TE",,"Full Participation in Practice",,"Groin"
2026,1,"00-0041483","PHI","TE","Out","Limited Participation in Practice","Hamstring","Hamstring"
2026,1,"00-0038797","SEA","RB",,"Full Participation in Practice",,"Hamstring"
2026,1,"00-0039793","SEA","TE",,"Full Participation in Practice",,"Oblique"
2026,1,"00-0040648","SEA","WR","Questionable","Limited Participation in Practice","Hamstring","Hamstring"
2026,1,"00-0033288","SF","TE",,"Limited Participation in Practice",,"Achilles"
2026,1,"00-0038951","TB","RB","Doubtful","Limited Participation in Practice","Hamstring","Hamstring"
2026,1,"00-0039855","TB","WR","Doubtful","Limited Participation in Practice","Knee","Knee"
2026,1,"00-0040129","TB","WR",,"Full Participation in Practice",,"Toe"
2026,1,"00-0032268","WAS","QB",,"Full Participation in Practice",,"Knee"
2026,1,"00-0039912","WAS","TE",,"Full Participation in Practice",,"Oblique"
2026,1,"00-0040242","WAS","RB",,"Limited Participation in Practice",,"Groin"
2026,2,"00-0037744","ARI","TE",,"Full Participation in Practice",,"Not injury related - resting player"
2026,2,"00-0033662","ATL","QB",,"Full Participation in Practice",,"Back"
2026,2,"00-0036212","ATL","QB","Doubtful","Did Not Participate In Practice","Oblique","Oblique"
2026,2,"00-0039917","ATL","QB","Out","Full Participation in Practice","Knee","Knee"
2026,2,"00-0039064","BAL","WR","Doubtful","Limited Participation in Practice","Hamstring","Hamstring"
2026,2,"00-0039792","BAL","WR",,"Full Participation in Practice",,"Groin"
2026,2,"00-0035537","BUF","RB","Questionable","Limited Participation in Practice","Hamstring","Hamstring"
2026,2,"00-0031610","CAR","TE",,"Full Participation in Practice",,"Not injury related - resting player"
2026,2,"00-0039491","CAR","WR",,"Full Participation in Practice",,"Ankle"
2026,2,"00-0036275","CHI","RB",,"Full Participation in Practice",,"Ankle"
2026,2,"00-0040236","CHI","RB",,"Full Participation in Practice",,"Hamstring"
2026,2,"00-0033526","CIN","RB",,"Did Not Participate In Practice",,"Illness"
2026,2,"00-0036442","CIN","QB","Questionable","Full Participation in Practice","Back","Back"
2026,2,"00-0036407","CLE","WR",,"Full Participation in Practice",,"Wrist"
2026,2,"00-0038976","DEN","WR","Out","Did Not Participate In Practice","Foot","Foot"
2026,2,"00-0039868","DEN","WR",,"Full Participation in Practice",,"Knee"
2026,2,"00-0040730","DEN","RB","Questionable","Limited Participation in Practice","Hamstring","Hamstring"
2026,2,"00-0034383","HOU","TE",,"Did Not Participate In Practice",,"Not injury related - resting player"
2026,2,"00-0036554","HOU","WR","Out","Did Not Participate In Practice","Hamstring","Hamstring"
2026,2,"00-0030279","IND","WR",,"Full Participation in Practice",,"Not injury related - resting player"
2026,2,"00-0035021","IND","WR","Out","Did Not Participate In Practice","Ankle","Ankle"
2026,2,"00-0037664","IND","WR",,"Full Participation in Practice",,"Heel"
2026,2,"00-0039164","IND","QB",,"Full Participation in Practice",,"Groin"
2026,2,"00-0040179","IND","RB","Questionable","Full Participation in Practice","Knee","Knee"
2026,2,"00-0034960","JAX","WR",,"Limited Participation in Practice",,"Thumb"
2026,2,"00-0039893","JAX","WR",,"Limited Participation in Practice",,"Shoulder"
2026,2,"00-0040238","JAX","RB",,"Limited Participation in Practice",,"Hip"
2026,2,"00-0033873","KC","QB",,"Full Participation in Practice",,"Knee"
2026,2,"00-0039067","KC","WR",,"Full Participation in Practice",,"Knee"
2026,2,"00-0031381","LA","WR",,"Full Participation in Practice",,"Not injury related - resting player"
2026,2,"00-0033110","LA","TE",,"Did Not Participate In Practice",,"Not injury related - resting player"
2026,2,"00-0039075","LA","WR","Questionable","Did Not Participate In Practice","Hip","Hip"
2026,2,"00-0039751","LA","WR","Doubtful","Did Not Participate In Practice","Quadricep","Quadricep"
2026,2,"00-0038573","LAC","WR",,"Full Participation in Practice",,"Calf"
2026,2,"00-0039915","LAC","WR","Questionable","Limited Participation in Practice","Rib","Rib"
2026,2,"00-0038579","LV","QB","Questionable","Did Not Participate In Practice","Not injury related - personal matter","Not injury related - personal matter"
2026,2,"00-0039338","LV","TE","Doubtful","Limited Participation in Practice","Knee","Knee"
2026,2,"00-0040122","LV","RB",,"Full Participation in Practice",,"Ankle"
2026,2,"00-0038128","MIA","QB",,"Full Participation in Practice",,"Toe"
2026,2,"00-0041579","MIA","TE",,"Limited Participation in Practice",,"Thumb"
2026,2,"00-0035228","MIN","QB","Out","Limited Participation in Practice","Concussion","Concussion"
2026,2,"00-0036259","MIN","WR","Out","Did Not Participate In Practice","Not injury related - personal matter","Not injury related - personal matter"
2026,2,"00-0040734","NE","RB",,"Full Participation in Practice",,"Ankle"
2026,2,"00-0033906","NO","RB",,"Full Participation in Practice",,"Knee"
2026,2,"00-0036040","NO","TE",,"Full Participation in Practice",,"Illness"
2026,2,"00-0037239","NO","WR","Questionable","Limited Participation in Practice","Hamstring","Hamstring"
2026,2,"00-0041041","NO","TE",,"Full Participation in Practice",,"Hamstring"
2026,2,"00-0036842","NYJ","RB","Out","Did Not Participate In Practice","Back","Back"
2026,2,"00-0041511","NYJ","WR","Out","Did Not Participate In Practice","Ankle","Ankle"
2026,2,"00-0035662","PHI","WR",,"Full Participation in Practice",,"Hamstring"
2026,2,"00-0036980","PHI","WR",,"Full Participation in Practice",,"Neck"
2026,2,"00-0036252","PIT","WR","Questionable","Did Not Participate In Practice","Foot","Foot"
2026,2,"00-0038558","PIT","TE",,"Full Participation in Practice",,"Not injury related - personal matter"
2026,2,"00-0033908","SEA","WR",,"Full Participation in Practice",,"Back"
2026,2,"00-0034869","SEA","QB","Out","Did Not Participate In Practice","Glute","Glute"
2026,2,"00-0040648","SEA","WR",,"Full Participation in Practice",,"Hamstring"
2026,2,"00-0033280","SF","RB",,"Full Participation in Practice",,"Not injury related - resting player"
2026,2,"00-0033288","SF","TE",,"Full Participation in Practice",,"Achilles"
2026,2,"00-0041035","SF","WR","Out","Did Not Participate In Practice","Ankle","Ankle"
2026,2,"00-0041052","SF","RB","Questionable","Limited Participation in Practice","Groin","Groin"
2026,2,"00-0038951","TB","RB",,"Full Participation in Practice",,"Hamstring"
2026,2,"00-0039855","TB","WR","Questionable","Full Participation in Practice","Knee","Knee"
2026,2,"00-0037809","WAS","TE","Out","Did Not Participate In Practice","Hamstring","Hamstring"
2026,2,"00-0040164","WAS","WR",,"Limited Participation in Practice",,"Groin"
2026,2,"00-0041096","WAS","RB",,"Full Participation in Practice",,"Ankle"
2026,3,"00-0033119","ARI","QB",,"Full Participation in Practice",,"Hip"
2026,3,"00-0036212","ATL","QB",,"Full Participation in Practice",,"Oblique"
2026,3,"00-0037317","ATL","TE",,"Full Participation in Practice",,"Shoulder"
2026,3,"00-0037746","ATL","RB",,"Full Participation in Practice",,"Ankle"
2026,3,"00-0039917","ATL","QB",,"Full Participation in Practice",,"Knee"
2026,3,"00-0032398","BAL","WR",,"Full Participation in Practice",,"Ankle"
2026,3,"00-0039064","BAL","WR","Questionable","Limited Participation in Practice","Hamstring","Hamstring"
2026,3,"00-0034827","BUF","WR","Questionable","Limited Participation in Practice","Shoulder","Shoulder"
2026,3,"00-0035537","BUF","RB",,"Full Participation in Practice",,"Hamstring"
2026,3,"00-0039901","BUF","WR","Questionable","Limited Participation in Practice","Ankle","Ankle"
2026,3,"00-0031610","CAR","TE",,"Full Participation in Practice",,"Not injury related - resting player"
2026,3,"00-0039342","CAR","WR","Questionable","Limited Participation in Practice","Knee","Knee"
2026,3,"00-0039491","CAR","WR","Questionable","Limited Participation in Practice","Ankle","Ankle"
2026,3,"00-0038416","CHI","QB","Questionable","Full Participation in Practice","Concussion","Concussion"
2026,3,"00-0039918","CHI","QB","Out","Did Not Participate In Practice","Hamstring","Hamstring"
2026,3,"00-0040236","CHI","RB",,"Full Participation in Practice",,"Knee"
2026,3,"00-0038619","CIN","WR","Out","Did Not Participate In Practice","Thumb","Thumb"
2026,3,"00-0040784","CLE","RB",,"Full Participation in Practice",,"Not injury related - personal matter"
2026,3,"00-0036158","DEN","RB",,"Full Participation in Practice",,"Hip"
2026,3,"00-0038976","DEN","WR","Questionable","Limited Participation in Practice","Foot","Foot"
2026,3,"00-0040730","DEN","RB",,"Full Participation in Practice",,"Hamstring"
2026,3,"00-0041496","DEN","RB","Out","Did Not Participate In Practice","Ankle","Ankle"
2026,3,"00-0037091","GB","WR",,"Full Participation in Practice",,"Neck"
2026,3,"00-0039146","GB","WR","Out","Did Not Participate In Practice","Neck","Neck"
2026,3,"00-0034383","HOU","TE",,"Did Not Participate In Practice",,"Not injury related - resting player"
2026,3,"00-0036554","HOU","WR","Out","Did Not Participate In Practice","Hamstring","Hamstring"
2026,3,"00-0030279","IND","WR",,"Full Participation in Practice",,"Not injury related - resting player"
2026,3,"00-0032951","IND","WR",,"Full Participation in Practice",,"Shoulder"
2026,3,"00-0035021","IND","WR","Out","Did Not Participate In Practice","Ankle","Ankle"
2026,3,"00-0036223","IND","RB",,"Full Participation in Practice",,"Not injury related - resting player"
2026,3,"00-0037664","IND","WR","Out","Did Not Participate In Practice","Heel","Heel"
2026,3,"00-0034960","JAX","WR",,"Full Participation in Practice",,"Thumb"
2026,3,"00-0040238","JAX","RB",,"Limited Participation in Practice",,"Hip"
2026,3,"00-0033873","KC","QB",,"Full Participation in Practice",,"Knee"
2026,3,"00-0039067","KC","WR",,"Full Participation in Practice",,"Knee"
2026,3,"00-0036244","LA","TE","Questionable","Did Not Participate In Practice","Knee","Knee"
2026,3,"00-0039075","LA","WR","Doubtful","Did Not Participate In Practice","Hip","Hip"
2026,3,"00-0039751","LA","WR",,"Full Participation in Practice",,"Quadricep"
2026,3,"00-0040737","LA","TE",,"Full Participation in Practice",,"Ankle"
2026,3,"00-0037012","LAC","QB","Questionable","Limited Participation in Practice","Groin","Groin"
2026,3,"00-0038046","LAC","TE","Out","Did Not Participate In Practice","Forearm","Forearm"
2026,3,"00-0039915","LAC","WR",,"Full Participation in Practice",,"Rib"
2026,3,"00-0041550","LAC","WR","Out","Did Not Participate In Practice","Quadricep","Quadricep"
2026,3,"00-0037093","LV","WR",,"Full Participation in Practice",,"Hamstring"
2026,3,"00-0038579","LV","QB","Questionable","Did Not Participate In Practice","Not injury related - personal matter","Not injury related - personal matter"
2026,3,"00-0039338","LV","TE","Questionable","Did Not Participate In Practice","Knee","Knee"
2026,3,"00-0038824","MIA","WR","Questionable","Full Participation in Practice","Hip","Hip"
2026,3,"00-0039874","MIA","RB","Doubtful","Did Not Participate In Practice","Stinger","Stinger"
2026,3,"00-0041523","MIA","WR","Out","Did Not Participate In Practice","Ankle","Ankle"
2026,3,"00-0041525","MIA","WR",,"Full Participation in Practice",,"Knee"
2026,3,"00-0041579","MIA","TE",,"Full Participation in Practice",,"Thumb"
2026,3,"00-0033293","MIN","RB",,"Full Participation in Practice",,"Knee"
2026,3,"00-0036425","MIN","RB",,"Full Participation in Practice",,"Toe"
2026,3,"00-0041395","NE","TE","Questionable","Did Not Participate In Practice","Thigh","Thigh"
2026,3,"00-0036973","NO","RB",,"Full Participation in Practice",,"Hamstring"
2026,3,"00-0038551","NO","RB",,"Full Participation in Practice",,"Illness"
2026,3,"00-0041099","NO","WR","Out","Did Not Participate In Practice","Hamstring","Hamstring"
2026,3,"00-0039337","NYG","WR",,"Full Participation in Practice",,"Shoulder"
2026,3,"00-0040691","NYG","QB",,"Did Not Participate In Practice",,"Knee"
2026,3,"00-0036842","NYJ","RB","Doubtful","Did Not Participate In Practice","Back","Back"
2026,3,"00-0039890","NYJ","WR","Questionable","Limited Participation in Practice","Finger","Finger"
2026,3,"00-0040736","NYJ","TE","Out","Did Not Participate In Practice","Thumb","Thumb"
2026,3,"00-0034351","PHI","TE","Out","Did Not Participate In Practice","Knee","Knee"
2026,3,"00-0034844","PHI","RB",,"Full Participation in Practice",,"Neck"
2026,3,"00-0035662","PHI","WR","Out","Did Not Participate In Practice","Ankle","Ankle"
2026,3,"00-0036912","PHI","WR",,"Full Participation in Practice",,"Hamstring"
2026,3,"00-0038555","PHI","RB",,"Full Participation in Practice",,"Abdomen"
2026,3,"00-0039746","PHI","RB",,"Limited Participation in Practice",,"Foot"
2026,3,"00-0036139","PIT","RB","Out","Did Not Participate In Practice","Toe","Toe"
2026,3,"00-0036252","PIT","WR","Questionable","Limited Participation in Practice","Foot","Foot"
2026,3,"00-0037228","PIT","RB","Questionable","Limited Participation in Practice","Shoulder","Shoulder"
2026,3,"00-0033908","SEA","WR",,"Limited Participation in Practice",,"Back"
2026,3,"00-0034869","SEA","QB",,"Full Participation in Practice",,"Glute"
2026,3,"00-0039299","SEA","RB",,"Full Participation in Practice",,"Knee"
2026,3,"00-0041512","SEA","RB",,"Full Participation in Practice",,"Chest"
2026,3,"00-0031408","SF","WR","Questionable","Limited Participation in Practice","Hip","Hip"
2026,3,"00-0032775","SF","WR","Out","Did Not Participate In Practice","Ankle","Ankle"
2026,3,"00-0033280","SF","RB",,"Full Participation in Practice",,"Not injury related - resting player"
2026,3,"00-0034855","TB","QB",,"Full Participation in Practice",,"Illness"
2026,3,"00-0039855","TB","WR",,"Full Participation in Practice",,"Knee"
2026,3,"00-0035261","TEN","RB",,"Limited Participation in Practice",,"Ankle"
2026,3,"00-0038115","TEN","TE",,"Limited Participation in Practice",,"Illness"
2026,3,"00-0039032","TEN","RB","Questionable","Limited Participation in Practice","Ankle","Ankle"
2026,3,"00-0037809","WAS","TE","Out","Did Not Participate In Practice","Hamstring","Hamstring"
2026,3,"00-0039910","WAS","QB","Out","Did Not Participate In Practice","Elbow","Elbow"
2026,3,"00-0040164","WAS","WR",,"Full Participation in Practice",,"Groin"
2026,3,"00-0041096","WAS","RB",,"Full Participation in Practice",,"Hip"
2026,4,"00-0032398","BAL","WR",,"Limited Participation in Practice",,"Ankle"
2026,4,"00-0034753","BAL","TE",,"Full Participation in Practice",,"Hand"
2026,4,"00-0034796","BAL","QB",,"Full Participation in Practice",,"Back"
2026,4,"00-0034798","BAL","TE",,"Full Participation in Practice",,"Heel"
2026,4,"00-0039064","BAL","WR",,"Full Participation in Practice",,"Hamstring"
2026,4,"00-0034827","BUF","WR",,"Limited Participation in Practice",,"Shoulder"
2026,4,"00-0039875","BUF","RB",,"Full Participation in Practice",,"Hamstring"
2026,4,"00-0039901","BUF","WR",,"Limited Participation in Practice",,"Ankle"
2026,4,"00-0031610","CAR","TE",,"Full Participation in Practice",,"Not injury related - resting player"
2026,4,"00-0036555","CAR","RB",,"Full Participation in Practice",,"Not injury related - resting player"
2026,4,"00-0039150","CAR","QB",,"Full Participation in Practice",,"Knee"
2026,4,"00-0039342","CAR","WR",,"Did Not Participate In Practice",,"Knee"
2026,4,"00-0039491","CAR","WR",,"Limited Participation in Practice",,"Quadricep"
2026,4,"00-0036275","CHI","RB",,"Did Not Participate In Practice",,"Knee"
2026,4,"00-0039918","CHI","QB",,"Did Not Participate In Practice",,"Hamstring"
2026,4,"00-0041069","CIN","WR",,"Did Not Participate In Practice",,"Knee"
2026,4,"00-0036630","CLE","WR","Out","Did Not Participate In Practice","Knee","Knee"
2026,4,"00-0036158","DEN","RB",,"Full Participation in Practice",,"Hip"
2026,4,"00-0036613","DEN","WR",,"Full Participation in Practice",,"Foot"
2026,4,"00-0038976","DEN","WR",,"Full Participation in Practice",,"Foot"
2026,4,"00-0034383","HOU","TE",,"Limited Participation in Practice",,"Not injury related - resting player"
2026,4,"00-0036554","HOU","WR",,"Limited Participation in Practice",,"Hamstring"
2026,4,"00-0039603","HOU","RB",,"Did Not Participate In Practice",,"Hamstring"
2026,4,"00-0030279","IND","WR",,"Limited Participation in Practice",,"Not injury related - resting player"
2026,4,"00-0033217","IND","TE",,"Did Not Participate In Practice",,"Illness"
2026,4,"00-0035021","IND","WR",,"Full Participation in Practice",,"Ankle"
2026,4,"00-0036223","IND","RB",,"Full Participation in Practice",,"Not injury related - resting player"
2026,4,"00-0034960","JAX","WR",,"Limited Participation in Practice",,"Thumb"
2026,4,"00-0040238","JAX","RB",,"Limited Participation in Practice",,"Hip"
2026,4,"00-0041503","JAX","TE",,"Did Not Participate In Practice",,"Illness"
2026,4,"00-0033873","KC","QB",,"Full Participation in Practice",,"Knee"
2026,4,"00-0039067","KC","WR",,"Full Participation in Practice",,"Knee"
2026,4,"00-0031381","LA","WR",,"Did Not Participate In Practice",,"Not injury related - resting player"
2026,4,"00-0036244","LA","TE",,"Did Not Participate In Practice",,"Knee"
2026,4,"00-0039075","LA","WR",,"Limited Participation in Practice",,"Hip"
2026,4,"00-0040737","LA","TE",,"Did Not Participate In Practice",,"Ankle"
2026,4,"00-0037012","LAC","QB",,"Limited Participation in Practice",,"Groin"
2026,4,"00-0038046","LAC","TE",,"Did Not Participate In Practice",,"Forearm"
2026,4,"00-0038454","LAC","RB",,"Limited Participation in Practice",,"Ankle"
2026,4,"00-0039915","LAC","WR",,"Limited Participation in Practice",,"Foot"
2026,4,"00-0041550","LAC","WR",,"Did Not Participate In Practice",,"Quadricep"
2026,4,"00-0035891","LV","WR",,"Full Participation in Practice",,"Ankle"
2026,4,"00-0038579","LV","QB",,"Did Not Participate In Practice",,"Not injury related - personal matter"
2026,4,"00-0040122","LV","RB",,"Full Participation in Practice",,"Ankle"
2026,4,"00-0040894","LV","WR",,"Full Participation in Practice",,"Knee"
2026,4,"00-0039874","MIA","RB",,"Full Participation in Practice",,"Foot"
2026,4,"00-0041523","MIA","WR",,"Did Not Participate In Practice",,"Ankle"
2026,4,"00-0041525","MIA","WR",,"Limited Participation in Practice",,"Knee"
2026,4,"00-0041579","MIA","TE",,"Full Participation in Practice",,"Thumb"
2026,4,"00-0033293","MIN","RB",,"Limited Participation in Practice",,"Not injury related - resting player"
2026,4,"00-0036322","MIN","WR",,"Did Not Participate In Practice",,"Ankle"
2026,4,"00-0039851","NE","QB",,"Full Participation in Practice",,"Shoulder"
2026,4,"00-0041395","NE","TE",,"Limited Participation in Practice",,"Thigh"
2026,4,"00-0035644","NO","TE",,"Limited Participation in Practice",,"Abdomen"
2026,4,"00-0041099","NO","WR",,"Limited Participation in Practice",,"Hamstring"
2026,4,"00-0039384","NYG","RB",,"Limited Participation in Practice",,"Knee"
2026,4,"00-0036842","NYJ","RB",,"Full Participation in Practice",,"Back"
2026,4,"00-0037805","NYJ","TE",,"Limited Participation in Practice",,"Knee"
2026,4,"00-0038120","NYJ","RB",,"Did Not Participate In Practice",,"Quadricep"
2026,4,"00-0039890","NYJ","WR",,"Did Not Participate In Practice",,"Finger"
2026,4,"00-0040736","NYJ","TE",,"Did Not Participate In Practice",,"Thumb"
2026,4,"00-0041032","NYJ","TE",,"Limited Participation in Practice",,"Back"
2026,4,"00-0034351","PHI","TE",,"Did Not Participate In Practice",,"Knee"
2026,4,"00-0035662","PHI","WR",,"Did Not Participate In Practice",,"Ankle"
2026,4,"00-0036912","PHI","WR",,"Did Not Participate In Practice",,"Hamstring"
2026,4,"00-0038555","PHI","RB",,"Full Participation in Practice",,"Abdomen"
2026,4,"00-0039746","PHI","RB",,"Limited Participation in Practice",,"Foot"
2026,4,"00-0040024","PHI","WR",,"Full Participation in Practice",,"Knee"
2026,4,"00-0036139","PIT","RB","Out","Did Not Participate In Practice","Toe","Toe"
2026,4,"00-0037545","SEA","WR",,"Full Participation in Practice",,"Hip"
2026,4,"00-0039299","SEA","RB",,"Limited Participation in Practice",,"Rib"
2026,4,"00-0041512","SEA","RB",,"Limited Participation in Practice",,"Chest"
2026,4,"00-0031408","SF","WR",,"Did Not Participate In Practice",,"Ribs"
2026,4,"00-0033280","SF","RB",,"Did Not Participate In Practice",,"Not injury related - resting player"
2026,4,"00-0034854","SF","WR",,"Did Not Participate In Practice",,"Knee"
2026,4,"00-0033921","TB","WR",,"Full Participation in Practice",,"Ankle"
2026,4,"00-0034855","TB","QB",,"Did Not Participate In Practice",,"Thumb"
2026,4,"00-0037311","TB","TE",,"Did Not Participate In Practice",,"Elbow"
2026,4,"00-0039361","TB","RB",,"Limited Participation in Practice",,"Glute"
2026,4,"00-0035261","TEN","RB",,"Full Participation in Practice",,"Foot"
2026,4,"00-0039032","TEN","RB",,"Limited Participation in Practice",,"Ankle"
2026,4,"00-0037256","WAS","RB",,"Did Not Participate In Practice",,"Shoulder"
2026,4,"00-0037809","WAS","TE",,"Limited Participation in Practice",,"Hamstring"
2026,4,"00-0039910","WAS","QB",,"Limited Participation in Practice",,"Elbow"
2026,4,"00-0039912","WAS","TE",,"Limited Participation in Practice",,"Rib"
