"target_week","gsis_id","sleeper_id","full_name","position","team","last_game_season","last_game_week","last_game_team","games_before_target_season","roster_team_source","snap_share_recent","snap_share_season","snap_share_prior","snap_share_prior_conf","snap_share_discontinuity","snap_share_n_games","snap_share_opp_total","snap_share_conf","target_share_recent","target_share_season","target_share_prior","target_share_prior_conf","target_share_discontinuity","target_share_n_games","target_share_opp_total","target_share_conf","air_yards_share_recent","air_yards_share_season","air_yards_share_prior","air_yards_share_prior_conf","air_yards_share_discontinuity","air_yards_share_n_games","air_yards_share_opp_total","air_yards_share_conf","route_participation_recent","route_participation_season","route_participation_prior","route_participation_prior_conf","route_participation_discontinuity","route_participation_n_games","route_participation_opp_total","route_participation_conf","position_group_target_share_recent","position_group_target_share_season","position_group_target_share_prior","position_group_target_share_prior_conf","position_group_target_share_discontinuity","position_group_target_share_n_games","position_group_target_share_opp_total","position_group_target_share_conf","rush_share_recent","rush_share_season","rush_share_prior","rush_share_prior_conf","rush_share_discontinuity","rush_share_n_games","rush_share_opp_total","rush_share_conf","position_group_rush_share_recent","position_group_rush_share_season","position_group_rush_share_prior","position_group_rush_share_prior_conf","position_group_rush_share_discontinuity","position_group_rush_share_n_games","position_group_rush_share_opp_total","position_group_rush_share_conf","rz_target_share_recent","rz_target_share_season","rz_target_share_prior","rz_target_share_prior_conf","rz_target_share_discontinuity","rz_target_share_n_games","rz_target_share_opp_total","rz_target_share_conf","rz_carry_share_recent","rz_carry_share_season","rz_carry_share_prior","rz_carry_share_prior_conf","rz_carry_share_discontinuity","rz_carry_share_n_games","rz_carry_share_opp_total","rz_carry_share_conf"
4,"00-0023459","96","Aaron Rodgers","QB","PIT",2026,3,"PIT",3,"rosters_weekly",0.995703645292906,1.01291984851307,0.958179840268886,"MEDIUM","NONE",3,196,"LOW",,,,,,,,,,,,,,,,,,,,,,,,,,,,,,,,,0.000719326960968777,0,0.00203961437822738,"MEDIUM","NONE",3,0,"INSUFFICIENT_SAMPLE",,,,,,,,,,,,,,,,,1.1022284858646e-10,0,0,"MEDIUM","NONE",2,0,"INSUFFICIENT_SAMPLE"
4,"00-0026158","19","Joe Flacco","QB","CIN",2026,1,"CIN",1,"rosters_weekly",0.29176105849917,0,0.406910483380107,"MEDIUM","NONE",1,0,"INSUFFICIENT_SAMPLE",,,,,,,,,,,,,,,,,,,,,,,,,,,,,,,,,0.0152320878232556,0,0.0215934343434307,"MEDIUM","NONE",1,0,"INSUFFICIENT_SAMPLE",,,,,,,,,,,,,,,,,0.0141940342961282,0,0.0200434568826439,"MEDIUM","NONE",1,0,"INSUFFICIENT_SAMPLE"
4,"00-0026300","260","Josh Johnson","QB","CIN",2025,18,"WAS",0,"rosters_weekly",0.600887167181133,,0.698744222677273,"LOW","TEAM_CHANGE",0,0,"INSUFFICIENT_SAMPLE",,,,,,,,,,,,,,,,,,,,,,,,,,,,,,,,,0.0254983349530935,,0.0277708060996598,"LOW","TEAM_CHANGE",0,0,"INSUFFICIENT_SAMPLE",,,,,,,,,,,,,,,,,0.000747726428800137,,0,"LOW","TEAM_CHANGE",0,0,"INSUFFICIENT_SAMPLE"
4,"00-0026498","421","Matthew Stafford","QB","LAR",2026,3,"LAR",3,"rosters_weekly",1.00238937129157,0.980925013683634,1.00875539578213,"MEDIUM","NONE",3,199,"LOW",,,,,,,,,,,,,,,,,,,,,,,,,,,,,,,,,0.0200635752111156,0.0268384326355341,0.0053406197400425,"MEDIUM","NONE",3,2,"LOW",,,,,,,,,,,,,,,,,0.0313249555106467,0.0476190476190476,0.0293854361683542,"MEDIUM","NONE",3,1,"LOW"
4,"00-0027973","829","Andy Dalton","QB","PHI",2026,3,"PHI",1,"rosters_weekly",0.449993553219618,0.08,0.517780508423615,"LOW","TEAM_CHANGE",1,4,"LOW",,,,,,,,,,,,,,,,,,,,,,,,,,,,,,,,,0.0101028223198819,0,0.0144638626574544,"LOW","TEAM_CHANGE",1,0,"INSUFFICIENT_SAMPLE",,,,,,,,,,,,,,,,,0.00184345806899442,0,0,"LOW","TEAM_CHANGE",1,0,"INSUFFICIENT_SAMPLE"
4,"00-0028118","827","Tyrod Taylor","QB","GB",2025,14,"NYJ",0,"rosters_weekly",0.601745951436809,,0.614610896234693,"LOW","TEAM_CHANGE",0,0,"INSUFFICIENT_SAMPLE",,,,,,,,,,,,,,,,,,,,,,,,,,,,,,,,,0.0278888903200032,,0.0247060899618465,"LOW","TEAM_CHANGE",0,0,"INSUFFICIENT_SAMPLE",,,,,,,,,,,,,,,,,0.0414288538846358,,0.0473386928426394,"LOW","TEAM_CHANGE",0,0,"INSUFFICIENT_SAMPLE"
4,"00-0028986","1737","Case Keenum","QB","CHI",2026,3,"CHI",1,"rosters_weekly",0.666796115846392,1.02857142857143,,"INSUFFICIENT_SAMPLE","ROOKIE_OR_NO_PRIOR_SEASON",1,72,"MEDIUM",,,,,,,,,,,,,,,,,,,,,,,,,,,,,,,,,0.0248356151670537,0.03125,,"INSUFFICIENT_SAMPLE","ROOKIE_OR_NO_PRIOR_SEASON",1,1,"LOW",,,,,,,,,,,,,,,,,0.0599993724096632,0.0909090909090909,,"INSUFFICIENT_SAMPLE","ROOKIE_OR_NO_PRIOR_SEASON",1,1,"LOW"
4,"00-0029604","1166","Kirk Cousins","QB","LV",2026,3,"LV",3,"rosters_weekly",1.02451412385029,1.04185520361991,0.997106121631911,"LOW","TEAM_CHANGE",3,201,"LOW",,,,,,,,,,,,,,,,,,,,,,,,,,,,,,,,,0.0118853653934033,0.0101010101010101,0.0207785647507207,"LOW","TEAM_CHANGE",3,1,"LOW",,,,,,,,,,,,,,,,,0.0103951503360363,0,0.0306435900255298,"LOW","TEAM_CHANGE",3,0,"INSUFFICIENT_SAMPLE"
4,"00-0029892","1379","Kyle Juszczyk","RB","SF",2026,3,"SF",3,"rosters_weekly",0.515174077751132,0.511243347847121,0.508555297809495,"MEDIUM","NONE",3,86,"LOW",0.0523198461667869,0.0461967343687774,0.0511501075531066,"MEDIUM","NONE",3,4,"LOW",0.0475471357360031,0.0510582010582011,0.0331762823403573,"MEDIUM","NONE",3,4,"LOW",0.328299215106586,,0.328260506240501,"MEDIUM","NONE",0,0,"INSUFFICIENT_SAMPLE",,,,,,,,,0.00478218062818395,0,0.0135284759156941,"MEDIUM","NONE",3,0,"INSUFFICIENT_SAMPLE",0.00501725600640801,0,0.0141832082093475,"MEDIUM","NONE",3,0,"INSUFFICIENT_SAMPLE",0.124169615568278,0.122222222222222,0.088006928138855,"MEDIUM","NONE",3,2,"LOW",0.000203174584558849,0,0.000540396037016432,"MEDIUM","NONE",3,0,"INSUFFICIENT_SAMPLE"
4,"00-0030035","1689","Adam Thielen","WR","MIN",2025,19,"PIT",0,"rosters_weekly",0.488143346593277,,0.487398129979947,"LOW","TEAM_CHANGE",0,0,"INSUFFICIENT_SAMPLE",0.0747852732182391,,0.0745410070695922,"LOW","TEAM_CHANGE",0,0,"INSUFFICIENT_SAMPLE",0.111030551698623,,0.110630222336091,"LOW","TEAM_CHANGE",0,0,"INSUFFICIENT_SAMPLE",0.471188046744763,,0.470648986868878,"LOW","TEAM_CHANGE",0,0,"INSUFFICIENT_SAMPLE",0.171767387588682,,0.171357087696127,"LOW","TEAM_CHANGE",0,0,"INSUFFICIENT_SAMPLE",,,,,,,,,,,,,,,,,0.133195585059986,,0.132484599604716,"LOW","TEAM_CHANGE",0,0,"INSUFFICIENT_SAMPLE",,,,,,,,
4,"00-0030061","1339","Zach Ertz","TE","PHI",2026,3,"PHI",1,"rosters_weekly",0.603821513207007,0.38,0.696173719228325,"LOW","TEAM_CHANGE",1,19,"MEDIUM",0.122338980821864,0.0606060606060606,0.147768305109578,"LOW","TEAM_CHANGE",1,2,"LOW",0.172194551291319,0.0258064516129032,0.233294135079375,"LOW","TEAM_CHANGE",1,2,"LOW",0.643034977375503,,0.642717864802696,"LOW","TEAM_CHANGE",0,0,"INSUFFICIENT_SAMPLE",0.682963511382183,0.666666666666667,0.688612339280965,"LOW","TEAM_CHANGE",1,2,"LOW",,,,,,,,,,,,,,,,,0.125927797409244,0.166666666666667,0.108224060527765,"LOW","TEAM_CHANGE",1,1,"LOW",,,,,,,,
4,"00-0030279","1479","Keenan Allen","WR","IND",2026,3,"IND",3,"rosters_weekly",0.614701457643737,0.635584446852053,0.557679014237353,"LOW","TEAM_CHANGE",3,121,"LOW",0.178335504614795,0.177932636469222,0.167835704906114,"LOW","TEAM_CHANGE",3,20,"LOW",0.203291911874172,0.184493266718558,0.208134697472633,"LOW","TEAM_CHANGE",3,20,"LOW",0.486195363047507,,0.485739389989107,"LOW","TEAM_CHANGE",0,0,"INSUFFICIENT_SAMPLE",0.357089608894833,0.346560846560847,0.354220428824395,"LOW","TEAM_CHANGE",3,20,"LOW",,,,,,,,,,,,,,,,,0.176580086538985,0.206349206349206,0.124597636403189,"LOW","TEAM_CHANGE",3,3,"LOW",,,,,,,,
4,"00-0030506","1466","Travis Kelce","TE","KC",2026,3,"KC",3,"rosters_weekly",0.824698975710803,0.793628593628594,0.873883750857931,"MEDIUM","NONE",3,158,"LOW",0.145028423523838,0.143341952165482,0.166184456630242,"MEDIUM","NONE",3,18,"LOW",0.22161740128598,0.212251504965534,0.241621145872494,"MEDIUM","NONE",3,18,"LOW",0.71368007596229,,0.713597986761956,"MEDIUM","NONE",0,0,"INSUFFICIENT_SAMPLE",0.663568204353407,0.654761904761905,0.767678290516441,"MEDIUM","NONE",3,18,"LOW",,,,,,,,,,,,,,,,,0.0747094851289942,0.0636363636363636,0.0749800295246517,"MEDIUM","NONE",3,2,"LOW",,,,,,,,
4,"00-0030565","1373","Geno Smith","QB","NYJ",2026,3,"NYJ",3,"rosters_weekly",0.987299341124418,1.02019121004566,0.936440126199949,"LOW","TEAM_CHANGE",3,207,"LOW",,,,,,,,,,,,,,,,,,,,,,,,,,,,,,,,,0.0197684908934873,0.0231481481481481,0.0199887768742687,"LOW","TEAM_CHANGE",3,2,"LOW",,,,,,,,,,,,,,,,,0.0138880998781488,0,0.0395310135292237,"LOW","TEAM_CHANGE",3,0,"INSUFFICIENT_SAMPLE"
4,"00-0031235","2078","Odell Beckham","WR","NYG",2026,3,"NYG",3,"rosters_weekly",0.138206066882324,0.104542966611932,,"INSUFFICIENT_SAMPLE","ROOKIE_OR_NO_PRIOR_SEASON",3,20,"LOW",0.0283622434845021,0.0123456790123457,,"INSUFFICIENT_SAMPLE","ROOKIE_OR_NO_PRIOR_SEASON",3,1,"LOW",0.0650165317116028,0.0416666666666667,,"INSUFFICIENT_SAMPLE","ROOKIE_OR_NO_PRIOR_SEASON",3,1,"LOW",0.264057543991401,,,"INSUFFICIENT_SAMPLE","ROOKIE_OR_NO_PRIOR_SEASON",0,0,"INSUFFICIENT_SAMPLE",0.0659477025025793,0.0277777777777778,,"INSUFFICIENT_SAMPLE","ROOKIE_OR_NO_PRIOR_SEASON",3,1,"LOW",,,,,,,,,,,,,,,,,0.0155857066088202,0,,"INSUFFICIENT_SAMPLE","ROOKIE_OR_NO_PRIOR_SEASON",3,0,"INSUFFICIENT_SAMPLE",,,,,,,,
4,"00-0031236","2197","Brandin Cooks","WR","SF",2025,20,"BUF",0,"rosters_weekly",0.480181672441274,,0.479580465814974,"LOW","TEAM_CHANGE",0,0,"INSUFFICIENT_SAMPLE",0.101009315439581,,0.100803355701335,"LOW","TEAM_CHANGE",0,0,"INSUFFICIENT_SAMPLE",0.356570147908154,,0.35679298488821,"LOW","TEAM_CHANGE",0,0,"INSUFFICIENT_SAMPLE",0.415448105107287,,0.414679583385806,"LOW","TEAM_CHANGE",0,0,"INSUFFICIENT_SAMPLE",0.211024407142141,,0.210811975599309,"LOW","TEAM_CHANGE",0,0,"INSUFFICIENT_SAMPLE",,,,,,,,,,,,,,,,,0.0252596966469413,,0.0249389449108947,"LOW","TEAM_CHANGE",0,0,"INSUFFICIENT_SAMPLE",,,,,,,,
4,"00-0031237","2152","Teddy Bridgewater","QB","DET",2025,12,"TB",0,"rosters_weekly",0.213152092763608,,0.185654999214568,"LOW","TEAM_CHANGE",0,0,"INSUFFICIENT_SAMPLE",,,,,,,,,,,,,,,,,,,,,,,,,,,,,,,,,0.000670010311006691,,0,"LOW","TEAM_CHANGE",0,0,"INSUFFICIENT_SAMPLE",,,,,,,,,,,,,,,,,0.000549780474292391,,0,"LOW","TEAM_CHANGE",0,0,"INSUFFICIENT_SAMPLE"
4,"00-0031381","2133","Davante Adams","WR","LAR",2026,3,"LAR",3,"rosters_weekly",0.706065157774855,0.69496442255063,0.664390033602675,"MEDIUM","NONE",3,144,"LOW",0.217210346556372,0.232654412982282,0.184781808551191,"MEDIUM","NONE",3,29,"LOW",0.396936548320246,0.44289627561767,0.285527362756922,"MEDIUM","NONE",3,29,"LOW",0.707529939112958,,0.707269669263998,"MEDIUM","NONE",0,0,"INSUFFICIENT_SAMPLE",0.485682061743742,0.546218487394958,0.323630465078518,"MEDIUM","NONE",3,29,"LOW",,,,,,,,,,,,,,,,,0.139727227327738,0.113636363636364,0.173031746147573,"MEDIUM","NONE",3,2,"LOW",,,,,,,,
4,"00-0031408","2216","Mike Evans","WR","SF",2026,3,"SF",3,"rosters_weekly",0.566376107241495,0.551156265118529,0.673518443781594,"LOW","TEAM_CHANGE",3,95,"LOW",0.164005346869677,0.164616229132358,0.153623664763885,"LOW","TEAM_CHANGE",3,16,"LOW",0.29517825162023,0.28781952751272,0.318554474410515,"LOW","TEAM_CHANGE",3,16,"LOW",0.628749677968203,,0.622974736127063,"LOW","TEAM_CHANGE",0,0,"INSUFFICIENT_SAMPLE",0.403804958983852,0.428163992869875,0.300892631116988,"LOW","TEAM_CHANGE",3,16,"LOW",,,,,,,,,,,,,,,,,0.0878436726827958,0.0833333333333333,0.139145605671461,"LOW","TEAM_CHANGE",3,2,"LOW",,,,,,,,
4,"00-0031484","3048","Chris Manhertz","TE","NYG",2026,3,"NYG",3,"rosters_weekly",0.336406760638441,0.372808545222338,0.250519808247579,"MEDIUM","NONE",3,70,"LOW",0.0023388734732712,0,0.00658139853831586,"MEDIUM","NONE",3,0,"INSUFFICIENT_SAMPLE",0.00564439432677121,0,0.015970278940144,"MEDIUM","NONE",3,0,"INSUFFICIENT_SAMPLE",0.0924513286207707,,0.0913224698782645,"MEDIUM","NONE",0,0,"INSUFFICIENT_SAMPLE",0.0350227724314531,0,0.0984751316987908,"MEDIUM","NONE",3,0,"INSUFFICIENT_SAMPLE",,,,,,,,,,,,,,,,,0.0115095085217247,0,0.0326338300516381,"MEDIUM","NONE",3,0,"INSUFFICIENT_SAMPLE",,,,,,,,
4,"00-0031503","2306","Jameis Winston","QB","NYG",2026,3,"NYG",2,"rosters_weekly",0.813570925781853,0.947591680350301,0.567390088887454,"LOW","NONE",2,115,"LOW",,,,,,,,,,,,,,,,,,,,,,,,,,,,,,,,,0.0397525638562562,0.0434782608695652,0.0287851663514751,"LOW","NONE",2,2,"LOW",,,,,,,,,,,,,,,,,0.0617273275387747,0,0.0663628063482384,"LOW","NONE",2,0,"INSUFFICIENT_SAMPLE"
4,"00-0031588","2449","Stefon Diggs","WR","WAS",2026,3,"WAS",3,"rosters_weekly",0.579305507075572,0.582517993533339,0.574078548370181,"LOW","TEAM_CHANGE",3,121,"LOW",0.160274716006791,0.178052501348812,0.133340795473641,"LOW","TEAM_CHANGE",3,22,"LOW",0.157976060520022,0.198483757396648,0.110495678555168,"LOW","TEAM_CHANGE",3,22,"LOW",0.584420452391745,,0.584335692779398,"LOW","TEAM_CHANGE",0,0,"INSUFFICIENT_SAMPLE",0.305235105520799,0.327222222222222,0.294619023645292,"LOW","TEAM_CHANGE",3,22,"LOW",,,,,,,,,,,,,,,,,0.161872005095681,0.17989417989418,0.160834917421574,"LOW","TEAM_CHANGE",3,4,"LOW",,,,,,,,
4,"00-0031595","2471","Michael Burton","RB","CLE",2026,3,"CLE",3,"rosters_weekly",0.177669127858915,0.172268907563025,,"INSUFFICIENT_SAMPLE","ROOKIE_OR_NO_PRIOR_SEASON",3,31,"LOW",0.00979756756597612,0.00757575757575758,,"INSUFFICIENT_SAMPLE","ROOKIE_OR_NO_PRIOR_SEASON",3,1,"LOW",0.00438411145937763,0.00387596899224806,,"INSUFFICIENT_SAMPLE","ROOKIE_OR_NO_PRIOR_SEASON",3,1,"LOW",0.0823251855991798,,,"INSUFFICIENT_SAMPLE","ROOKIE_OR_NO_PRIOR_SEASON",0,0,"INSUFFICIENT_SAMPLE",,,,,,,,,0.00438365346212124,0,,"INSUFFICIENT_SAMPLE","ROOKIE_OR_NO_PRIOR_SEASON",3,0,"INSUFFICIENT_SAMPLE",0.00493028381154897,0,,"INSUFFICIENT_SAMPLE","ROOKIE_OR_NO_PRIOR_SEASON",3,0,"INSUFFICIENT_SAMPLE",0.00825447617742141,0,,"INSUFFICIENT_SAMPLE","ROOKIE_OR_NO_PRIOR_SEASON",3,0,"INSUFFICIENT_SAMPLE",0.0201106022165579,0,,"INSUFFICIENT_SAMPLE","ROOKIE_OR_NO_PRIOR_SEASON",3,0,"INSUFFICIENT_SAMPLE"
4,"00-0031610","2505","Darren Waller","TE","CAR",2026,3,"CAR",3,"rosters_weekly",0.455542849174597,0.437417639120426,0.449295485183068,"LOW","TEAM_CHANGE",3,92,"LOW",0.116295306321144,0.0907748049052397,0.139765827505141,"LOW","TEAM_CHANGE",3,13,"LOW",0.138692106610566,0.0772900149617827,0.23118944616119,"LOW","TEAM_CHANGE",3,13,"LOW",0.474494758763848,,0.473879060195389,"LOW","TEAM_CHANGE",0,0,"INSUFFICIENT_SAMPLE",0.456542947846525,0.418518518518519,0.45044264803468,"LOW","TEAM_CHANGE",3,13,"LOW",,,,,,,,,,,,,,,,,0.0849480596462993,0.037037037037037,0.183453622758847,"LOW","TEAM_CHANGE",3,2,"LOW",,,,,,,,
4,"00-0032104","2359","Ameer Abdullah","RB","JAX",2026,3,"JAX",3,"rosters_weekly",0.111059413144462,0.102448896984416,0.117639676536305,"LOW","TEAM_CHANGE",3,18,"LOW",0.0382882240963883,0.0330092592592593,0.0490013914592128,"LOW","TEAM_CHANGE",3,3,"LOW",-0.0121554459247702,-0.0163103035168056,-0.00424700594243629,"LOW","TEAM_CHANGE",3,3,"LOW",0.158542516735287,,0.154281932972614,"LOW","TEAM_CHANGE",0,0,"INSUFFICIENT_SAMPLE",,,,,,,,,0.0886945701939101,0.122126436781609,0.0317106868863422,"LOW","TEAM_CHANGE",3,10,"LOW",0.0990317103435877,0.137249417249417,0.0347146919961002,"LOW","TEAM_CHANGE",3,10,"LOW",0.0306083983265058,0.0333333333333333,0.00132216703247449,"LOW","TEAM_CHANGE",3,1,"LOW",0.007570770373976,0,0.0155202068581237,"LOW","TEAM_CHANGE",3,0,"INSUFFICIENT_SAMPLE"
4,"00-0032208","2334","Phillip Dorsett","WR","LV",2023,17,"DEN",0,"rosters_weekly",0.457461564772617,,,"INSUFFICIENT_SAMPLE","ROOKIE_OR_NO_PRIOR_SEASON",0,0,"INSUFFICIENT_SAMPLE",0.0616432875547867,,,"INSUFFICIENT_SAMPLE","ROOKIE_OR_NO_PRIOR_SEASON",0,0,"INSUFFICIENT_SAMPLE",0.149255610511291,,,"INSUFFICIENT_SAMPLE","ROOKIE_OR_NO_PRIOR_SEASON",0,0,"INSUFFICIENT_SAMPLE",0.408579264976647,,,"INSUFFICIENT_SAMPLE","ROOKIE_OR_NO_PRIOR_SEASON",0,0,"INSUFFICIENT_SAMPLE",0.143546760246062,,,"INSUFFICIENT_SAMPLE","ROOKIE_OR_NO_PRIOR_SEASON",0,0,"INSUFFICIENT_SAMPLE",,,,,,,,,,,,,,,,,0.0373349927854243,,,"INSUFFICIENT_SAMPLE","ROOKIE_OR_NO_PRIOR_SEASON",0,0,"INSUFFICIENT_SAMPLE",,,,,,,,
4,"00-0032268","2307","Marcus Mariota","QB","WAS",2026,3,"WAS",2,"rosters_weekly",0.755507552466516,0.740277485810385,0.732843731247684,"MEDIUM","NONE",2,101,"LOW",,,,,,,,,,,,,,,,,,,,,,,,,,,,,,,,,0.0391348961190787,0.0172413793103448,0.0579923158587873,"MEDIUM","NONE",2,1,"LOW",,,,,,,,,,,,,,,,,0.0388301713295104,0,0.0767720236273679,"MEDIUM","NONE",2,0,"INSUFFICIENT_SAMPLE"
4,"00-0032385","3200","Sterling Shepard","WR","NYJ",2026,3,"NYJ",1,"rosters_weekly",0.49956578919026,0.454545454545455,0.51806034315983,"LOW","TEAM_CHANGE",1,30,"MEDIUM",0.0662902645090605,0.0408163265306122,0.0770600472612396,"LOW","TEAM_CHANGE",1,2,"LOW",0.0868946387880916,0.0062111801242236,0.12076258081324,"LOW","TEAM_CHANGE",1,2,"LOW",0.526793599021538,,0.526428731590622,"LOW","TEAM_CHANGE",0,0,"INSUFFICIENT_SAMPLE",0.140786516914564,0.111111111111111,0.153483967200968,"LOW","TEAM_CHANGE",1,2,"LOW",,,,,,,,,,,,,,,,,0.103580793623684,0.125,0.0953910866998014,"LOW","TEAM_CHANGE",1,1,"LOW",,,,,,,,
4,"00-0032392","3202","Austin Hooper","TE","ATL",2026,3,"ATL",3,"rosters_weekly",0.347244526357196,0.3,0.43857539289765,"LOW","TEAM_CHANGE",3,60,"LOW",0.0545452976924084,0.0555088309503785,0.039922777023517,"LOW","TEAM_CHANGE",3,6,"LOW",0.0546356028258595,0.0496250334163466,0.0509738847216656,"LOW","TEAM_CHANGE",3,6,"LOW",0.252365934635043,,0.252119029521203,"LOW","TEAM_CHANGE",0,0,"INSUFFICIENT_SAMPLE",0.341606145767555,0.333333333333333,0.258808511932934,"LOW","TEAM_CHANGE",3,6,"LOW",,,,,,,,,,,,,,,,,0.114838064896563,0.333333333333333,0.0242464498793579,"LOW","TEAM_CHANGE",1,1,"LOW",,,,,,,,
4,"00-0032394","3258","Nick Vannett","TE","BAL",2025,19,"LAR",0,"rosters_weekly",0.0703419862833105,,0.0646098105876967,"LOW","TEAM_CHANGE",0,0,"INSUFFICIENT_SAMPLE",0.000759738483356503,,0,"LOW","TEAM_CHANGE",0,0,"INSUFFICIENT_SAMPLE",5.69103310423676e-05,,0,"LOW","TEAM_CHANGE",0,0,"INSUFFICIENT_SAMPLE",0.132698209138999,,0.127763161986061,"LOW","TEAM_CHANGE",0,0,"INSUFFICIENT_SAMPLE",0.00309001908790552,,0,"LOW","TEAM_CHANGE",0,0,"INSUFFICIENT_SAMPLE",,,,,,,,,,,,,,,,,0.00105627454148014,,0,"LOW","TEAM_CHANGE",0,0,"INSUFFICIENT_SAMPLE",,,,,,,,
4,"00-0032398","3269","Chris Moore","WR","BAL",2026,3,"BAL",3,"rosters_weekly",0.447989770726996,0.48921783625731,0.350499302797934,"LOW","TEAM_CHANGE",3,90,"LOW",0.0437772810739221,0.0583791208791209,0.0233800349434104,"LOW","TEAM_CHANGE",3,6,"LOW",0.120569471604645,0.187890308511296,0.0488512522858513,"LOW","TEAM_CHANGE",3,6,"LOW",0.262212565070109,,0.263281360236616,"LOW","TEAM_CHANGE",0,0,"INSUFFICIENT_SAMPLE",0.104338459741523,0.140422077922078,0.0510041940426249,"LOW","TEAM_CHANGE",3,6,"LOW",,,,,,,,,,,,,,,,,0.0476671624097704,0.0476190476190476,0.0166049698854871,"LOW","TEAM_CHANGE",3,1,"LOW",,,,,,,,
4,"00-0032464","3634","Kalif Raymond","WR","CHI",2026,3,"CHI",3,"rosters_weekly",0.531230820293446,0.667188519243314,0.245686185856435,"LOW","TEAM_CHANGE",3,145,"LOW",0.130503981293773,0.174282296650718,0.0567952310956751,"LOW","TEAM_CHANGE",3,21,"LOW",0.135229264022301,0.172640977289356,0.0467043672530696,"LOW","TEAM_CHANGE",3,21,"LOW",0.250736567210837,,0.250478849808182,"LOW","TEAM_CHANGE",0,0,"INSUFFICIENT_SAMPLE",0.255969615481441,0.364166666666667,0.101887666308339,"LOW","TEAM_CHANGE",3,21,"LOW",,,,,,,,,,,,,,,,,0.072779213097804,0.114285714285714,0.00498311067500359,"LOW","TEAM_CHANGE",3,3,"LOW",,,,,,,,
4,"00-0032764","3198","Derrick Henry","RB","BAL",2026,3,"BAL",3,"rosters_weekly",0.600813958543179,0.597953216374269,0.584583204507056,"MEDIUM","NONE",3,111,"LOW",0.0394906487136627,0.0479624542124542,0.0240363712622276,"MEDIUM","NONE",3,5,"LOW",-0.0210951939519631,-0.02394215182119,-0.0116134674152963,"MEDIUM","NONE",3,5,"LOW",0.317120908791121,,0.316875243918558,"MEDIUM","NONE",0,0,"INSUFFICIENT_SAMPLE",,,,,,,,,0.746166390530691,0.787037037037037,0.680964789820631,"MEDIUM","NONE",3,66,"LOW",0.819112942323139,0.842532855436081,0.769901181716491,"MEDIUM","NONE",3,66,"LOW",0.00707180688313612,0,0.0196346819057038,"MEDIUM","NONE",3,0,"INSUFFICIENT_SAMPLE",0.75868785974864,0.869047619047619,0.583113874978365,"MEDIUM","NONE",3,20,"LOW"
4,"00-0032775","3286","Demarcus Robinson","WR","SF",2026,2,"SF",2,"rosters_weekly",0.494723785351574,0.475384615384615,0.539602395321866,"MEDIUM","NONE",2,57,"LOW",0.0909689725454696,0.0960960960960961,0.0832068285457941,"MEDIUM","NONE",2,6,"LOW",0.173587372011437,0.226006711409396,0.133770294070836,"MEDIUM","NONE",2,6,"LOW",0.468199272235519,,0.466831544687671,"MEDIUM","NONE",0,0,"INSUFFICIENT_SAMPLE",0.241795625801549,0.224598930481283,0.251027350849889,"MEDIUM","NONE",2,6,"LOW",,,,,,,,,,,,,,,,,0.0862814674230979,0.125,0.0689756196667776,"MEDIUM","NONE",2,2,"LOW",,,,,,,,
4,"00-0032918","3832","C.J. Ham","RB","MIN",2025,18,"MIN",0,"rosters_weekly",0.349168194685172,,0.35208877273294,"MEDIUM","NONE",0,0,"INSUFFICIENT_SAMPLE",0.00873780371242415,,0.00859552918835177,"MEDIUM","NONE",0,0,"INSUFFICIENT_SAMPLE",-0.00275450705737861,,-0.00289960516462797,"MEDIUM","NONE",0,0,"INSUFFICIENT_SAMPLE",0.228977958208242,,0.230780290524033,"MEDIUM","NONE",0,0,"INSUFFICIENT_SAMPLE",,,,,,,,,0.0188601744868379,,0.0192809933462149,"MEDIUM","NONE",0,0,"INSUFFICIENT_SAMPLE",0.0206012032634136,,0.0210607362502353,"MEDIUM","NONE",0,0,"INSUFFICIENT_SAMPLE",2.83201426286546e-09,,0,"MEDIUM","NONE",0,0,"INSUFFICIENT_SAMPLE",0.0845344322348551,,0.0863756414676052,"MEDIUM","NONE",0,0,"INSUFFICIENT_SAMPLE"
4,"00-0032950","3161","Carson Wentz","QB","MIN",2026,2,"MIN",2,"rosters_weekly",0.907454623937997,0.935483870967742,0.940321873107232,"MEDIUM","NONE",2,106,"LOW",,,,,,,,,,,,,,,,,,,,,,,,,,,,,,,,,0.043163467774048,0.0548941798941799,0.0239600303324833,"MEDIUM","NONE",2,3,"LOW",,,,,,,,,,,,,,,,,0.0393959060915237,0,0.0419300530818459,"MEDIUM","NONE",1,0,"INSUFFICIENT_SAMPLE"
4,"00-0032951","3155","Laquon Treadwell","WR","IND",2026,3,"IND",3,"rosters_weekly",0.460521749495929,0.626348594893196,0.066879926159163,"MEDIUM","NONE",3,123,"LOW",0.0292440750142414,0.0462253193960511,0,"MEDIUM","NONE",3,5,"LOW",0.0910995730491454,0.139096923449184,0,"MEDIUM","NONE",3,5,"LOW",0.129972125528035,,0.0878488467442819,"MEDIUM","NONE",0,0,"INSUFFICIENT_SAMPLE",0.0571691533466006,0.0899470899470899,0,"MEDIUM","NONE",3,5,"LOW",,,,,,,,,,,,,,,,,2.97053703213516e-05,0,0,"MEDIUM","NONE",3,0,"INSUFFICIENT_SAMPLE",,,,,,,,
4,"00-0033077","3294","Dak Prescott","QB","DAL",2026,3,"DAL",3,"rosters_weekly",0.946764574863937,1,0.849419376459451,"MEDIUM","NONE",3,187,"LOW",,,,,,,,,,,,,,,,,,,,,,,,,,,,,,,,,0.0217120849058493,0.0185185185185185,0.0288719454597466,"MEDIUM","NONE",3,1,"LOW",,,,,,,,,,,,,,,,,0.011932698454011,0,0.0336801717062045,"MEDIUM","NONE",3,0,"INSUFFICIENT_SAMPLE"
4,"00-0033090","3214","Hunter Henry","TE","NE",2026,3,"NE",3,"rosters_weekly",0.776582999965725,0.800790768369828,0.750260415912644,"MEDIUM","NONE",3,148,"LOW",0.0985026428608519,0.0968652037617555,0.107929537764268,"MEDIUM","NONE",3,10,"LOW",0.113378250105362,0.128850477717649,0.0934502507487682,"MEDIUM","NONE",3,10,"LOW",0.571683518744259,,0.571647508663633,"MEDIUM","NONE",0,0,"INSUFFICIENT_SAMPLE",0.838197846101743,0.861111111111111,0.743665574221754,"MEDIUM","NONE",3,10,"LOW",,,,,,,,,,,,,,,,,0.143149197587444,0.111111111111111,0.209660201473958,"MEDIUM","NONE",3,1,"LOW",,,,,,,,
4,"00-0033106","3163","Jared Goff","QB","DET",2026,3,"DET",3,"rosters_weekly",1.01032327069589,1.01058201058201,1.00288907901088,"MEDIUM","NONE",3,207,"LOW",,,,,,,,,,,,,,,,,,,,,,,,,,,,,,,,,0.0224448988730025,0.0268031189083821,0.0211881459320278,"MEDIUM","NONE",3,2,"LOW",,,,,,,,,,,,,,,,,7.98280790808878e-05,0,0.000191213847958817,"MEDIUM","NONE",3,0,"INSUFFICIENT_SAMPLE"
4,"00-0033110","3271","Tyler Higbee","TE","LAR",2026,3,"LAR",3,"rosters_weekly",0.424112670209172,0.400684181718664,0.351492981074697,"MEDIUM","NONE",3,89,"LOW",0.0843826089511793,0.0803113098195065,0.063248027647372,"MEDIUM","NONE",3,13,"LOW",0.0720375164908033,0.0626453321054449,0.0624864071061583,"MEDIUM","NONE",3,13,"LOW",0.32934971297312,,0.326902195046151,"MEDIUM","NONE",0,0,"INSUFFICIENT_SAMPLE",0.346659656744967,0.326797385620915,0.301834232147472,"MEDIUM","NONE",3,13,"LOW",,,,,,,,,,,,,,,,,0.0881262380551887,0.0606060606060606,0.0972940753739553,"MEDIUM","NONE",3,2,"LOW",,,,,,,,
4,"00-0033119","3257","Jacoby Brissett","QB","ARI",2026,3,"ARI",3,"rosters_weekly",1.00685342582329,1.02173202614379,0.98678275624122,"MEDIUM","NONE",3,212,"LOW",,,,,,,,,,,,,,,,,,,,,,,,,,,,,,,,,0.0674869366553205,0.0681992337164751,0.0492711423083555,"MEDIUM","NONE",3,6,"LOW",,,,,,,,,,,,,,,,,0.0952966808897465,0.0952380952380952,0.0327590759562869,"MEDIUM","NONE",3,2,"LOW"
4,"00-0033217","4054","Mo Alie-Cox","TE","IND",2026,3,"IND",3,"rosters_weekly",0.355957535194772,0.34138544467183,0.358907458183097,"MEDIUM","NONE",3,66,"LOW",0.0288512456450438,0.00813008130081301,0.0614463300732797,"MEDIUM","NONE",3,1,"LOW",0.0115573306088949,0,0.0326476068949144,"MEDIUM","NONE",3,1,"LOW",0.249358063634441,,0.249186185888829,"MEDIUM","NONE",0,0,"INSUFFICIENT_SAMPLE",0.103894229454178,0.0303030303030303,0.218483646158733,"MEDIUM","NONE",3,1,"LOW",,,,,,,,,,,,,,,,,0.0518191920032505,0,0.146733967508381,"MEDIUM","NONE",3,0,"INSUFFICIENT_SAMPLE",,,,,,,,
4,"00-0033246","4314","Johnny Mundt","TE","PHI",2026,3,"PHI",3,"rosters_weekly",0.445074546414557,0.5140317775571,0.294363386959376,"LOW","TEAM_CHANGE",3,95,"LOW",0.0289502718392274,0.0333568240544985,0.0158827022161001,"LOW","TEAM_CHANGE",3,4,"LOW",0.000245082206017063,-0.00377080571512741,0.0167311195260738,"LOW","TEAM_CHANGE",3,4,"LOW",0.162107274719243,,0.162230633976691,"LOW","TEAM_CHANGE",0,0,"INSUFFICIENT_SAMPLE",0.25812750218132,0.311111111111111,0.102326676706616,"LOW","TEAM_CHANGE",3,4,"LOW",,,,,,,,,,,,,,,,,0.00184428624717239,0,0.00519797411605453,"LOW","TEAM_CHANGE",3,0,"INSUFFICIENT_SAMPLE",,,,,,,,
4,"00-0033280","4034","Christian McCaffrey","RB","SF",2026,3,"SF",3,"rosters_weekly",0.711979864300742,0.647634252539913,0.764749670292934,"MEDIUM","NONE",3,108,"LOW",0.172755619725988,0.17521822898167,0.178710812070454,"MEDIUM","NONE",3,17,"LOW",0.0758249822322938,0.0499401401127192,0.0969221491489806,"MEDIUM","NONE",3,17,"LOW",0.672626411230931,,0.672749519562537,"MEDIUM","NONE",0,0,"INSUFFICIENT_SAMPLE",,,,,,,,,0.581887517007581,0.49124788255223,0.678494548264504,"MEDIUM","NONE",3,35,"LOW",0.657360821548128,0.56077694235589,0.753852753744867,"MEDIUM","NONE",3,35,"LOW",0.266336273986835,0.177777777777778,0.392434022238914,"MEDIUM","NONE",3,3,"LOW",0.710318270988751,0.688888888888889,0.873538183524453,"MEDIUM","NONE",3,8,"LOW"
4,"00-0033288","4217","George Kittle","TE","SF",2026,3,"SF",3,"rosters_weekly",0.665613114565362,0.609820996613449,0.678252942780967,"MEDIUM","NONE",3,101,"LOW",0.1743390479956,0.169696578298729,0.163576155589596,"MEDIUM","NONE",3,16,"LOW",0.209880651530834,0.238828268070838,0.173127373229534,"MEDIUM","NONE",3,16,"LOW",0.597728982686487,,0.597179443020437,"MEDIUM","NONE",0,0,"INSUFFICIENT_SAMPLE",0.828926305969058,0.863095238095238,0.737625560890781,"MEDIUM","NONE",3,16,"LOW",,,,,,,,,,,,,,,,,0.228348855498764,0.286111111111111,0.0664727387797214,"MEDIUM","NONE",3,5,"LOW",,,,,,,,
4,"00-0033293","4199","Aaron Jones","RB","MIN",2026,3,"MIN",3,"rosters_weekly",0.684631165506659,0.696057814975256,0.601899066312331,"MEDIUM","NONE",3,119,"LOW",0.0915328656816936,0.0638579756226815,0.112489387818013,"MEDIUM","NONE",3,7,"LOW",-0.0196370610928982,-0.00697450697450697,-0.0290186535054424,"MEDIUM","NONE",3,7,"LOW",0.491936207724724,,0.491216805618628,"MEDIUM","NONE",0,0,"INSUFFICIENT_SAMPLE",,,,,,,,,0.678804537019305,0.684383517716851,0.602776351305447,"MEDIUM","NONE",3,52,"LOW",0.718397546375653,0.724656084656085,0.637633137674803,"MEDIUM","NONE",3,52,"LOW",0.0503171693041435,0,0.100488114051511,"MEDIUM","NONE",2,0,"INSUFFICIENT_SAMPLE",0.630553218593708,0.5,0.686456723185017,"MEDIUM","NONE",1,4,"LOW"
4,"00-0033307","4454","Kendrick Bourne","WR","ARI",2026,3,"ARI",3,"rosters_weekly",0.54381941731906,0.619716775599129,0.430933047023319,"LOW","TEAM_CHANGE",3,128,"LOW",0.076388849289717,0.110760971055089,0.0410248291692478,"LOW","TEAM_CHANGE",3,14,"LOW",0.0754620210536136,0.0839648842930892,0.0854987600341019,"LOW","TEAM_CHANGE",3,14,"LOW",0.381762242341903,,0.381529343361487,"LOW","TEAM_CHANGE",0,0,"INSUFFICIENT_SAMPLE",0.199933781376246,0.277518777518778,0.125916092001919,"LOW","TEAM_CHANGE",3,14,"LOW",,,,,,,,,,,,,,,,,0.0433201165243949,0.0694444444444444,0.00168811752194672,"LOW","TEAM_CHANGE",3,2,"LOW",,,,,,,,
4,"00-0033319","4464","Nick Mullens","QB","JAX",2026,1,"JAX",1,"rosters_weekly",0.143234172502152,0.12962962962963,0.135399175361868,"MEDIUM","NONE",1,7,"LOW",,,,,,,,,,,,,,,,,,,,,,,,,,,,,,,,,0.00101303956257414,0,0,"MEDIUM","NONE",1,0,"INSUFFICIENT_SAMPLE",,,,,,,,,,,,,,,,,0.000431404639378012,0,0,"MEDIUM","NONE",1,0,"INSUFFICIENT_SAMPLE"
4,"00-0033375","4351","Tim Patrick","WR","NYJ",2025,19,"JAX",0,"rosters_weekly",0.321960394233292,,0.321235732880127,"LOW","TEAM_CHANGE",0,0,"INSUFFICIENT_SAMPLE",0.0362860077915923,,0.0361842565347951,"LOW","TEAM_CHANGE",0,0,"INSUFFICIENT_SAMPLE",0.0519977950040595,,0.0518316849829506,"LOW","TEAM_CHANGE",0,0,"INSUFFICIENT_SAMPLE",0.227558064948119,,0.226358499831987,"LOW","TEAM_CHANGE",0,0,"INSUFFICIENT_SAMPLE",0.0637446388953729,,0.0635105614521962,"LOW","TEAM_CHANGE",0,0,"INSUFFICIENT_SAMPLE",,,,,,,,,,,,,,,,,0.0841114884678873,,0.0840443582905297,"LOW","TEAM_CHANGE",0,0,"INSUFFICIENT_SAMPLE",,,,,,,,
4,"00-0033376","4353","Patrick Ricard","RB","NYG",2026,3,"NYG",3,"rosters_weekly",0.460228332891726,0.449047121460915,0.494339583007726,"LOW","TEAM_CHANGE",3,85,"LOW",0.00939277289936627,0.0101010101010101,0.0142209942135819,"LOW","TEAM_CHANGE",3,1,"LOW",0.00112598725576216,-0.0054421768707483,0.0101529339525538,"LOW","TEAM_CHANGE",3,1,"LOW",0.209299166700679,,0.209696857985819,"LOW","TEAM_CHANGE",0,0,"INSUFFICIENT_SAMPLE",,,,,,,,,0.000202252799243913,0,0.000584983499219408,"LOW","TEAM_CHANGE",3,0,"INSUFFICIENT_SAMPLE",0.000248926522542724,0,0.000719979691346964,"LOW","TEAM_CHANGE",3,0,"INSUFFICIENT_SAMPLE",0.000417869272547861,0,0,"LOW","TEAM_CHANGE",3,0,"INSUFFICIENT_SAMPLE",7.85310500868974e-10,0,0,"LOW","TEAM_CHANGE",3,0,"INSUFFICIENT_SAMPLE"
4,"00-0033439","4443","Pharaoh Brown","TE","IND",2025,18,"ARI",0,"rosters_weekly",0.158554040301891,,0.149391544370242,"LOW","TEAM_CHANGE",0,0,"INSUFFICIENT_SAMPLE",0.00804248409706737,,0.00698460125078854,"LOW","TEAM_CHANGE",0,0,"INSUFFICIENT_SAMPLE",0.00142763967177793,,0.000627522768625533,"LOW","TEAM_CHANGE",0,0,"INSUFFICIENT_SAMPLE",0.116101975789475,,0.112445817649327,"LOW","TEAM_CHANGE",0,0,"INSUFFICIENT_SAMPLE",0.0256513818508856,,0.0188995092668396,"LOW","TEAM_CHANGE",0,0,"INSUFFICIENT_SAMPLE",,,,,,,,,,,,,,,,,0.0225390045952949,,0.0229494041097338,"LOW","TEAM_CHANGE",0,0,"INSUFFICIENT_SAMPLE",,,,,,,,
4,"00-0033526","4147","Samaje Perine","RB","CIN",2026,3,"CIN",3,"rosters_weekly",0.358915887553212,0.336094473471815,0.397588986147459,"MEDIUM","NONE",3,60,"LOW",0.05739653791567,0.0599652926353825,0.0528683216646909,"MEDIUM","NONE",3,7,"LOW",0.0110554749873062,0.0256342623982912,-0.0172277143810598,"MEDIUM","NONE",3,7,"LOW",0.371468045731468,,0.372417040557652,"MEDIUM","NONE",0,0,"INSUFFICIENT_SAMPLE",,,,,,,,,0.201312055806292,0.158152173913043,0.281488707565031,"MEDIUM","NONE",3,10,"LOW",0.219139207661584,0.17216810966811,0.313982071871831,"MEDIUM","NONE",3,10,"LOW",0.000678832086750001,0,0.00184075142865974,"MEDIUM","NONE",3,0,"INSUFFICIENT_SAMPLE",0.47963525954056,0.375,0.479945776034015,"MEDIUM","NONE",3,2,"LOW"
4,"00-0033537","4017","Deshaun Watson","QB","CLE",2026,3,"CLE",3,"rosters_weekly",0.938271586667737,1.01680672268908,,"INSUFFICIENT_SAMPLE","ROOKIE_OR_NO_PRIOR_SEASON",3,178,"LOW",,,,,,,,,,,,,,,,,,,,,,,,,,,,,,,,,0.115518394512813,0.141520467836257,,"INSUFFICIENT_SAMPLE","ROOKIE_OR_NO_PRIOR_SEASON",3,9,"LOW",,,,,,,,,,,,,,,,,0.228516607274179,0.244444444444444,,"INSUFFICIENT_SAMPLE","ROOKIE_OR_NO_PRIOR_SEASON",3,3,"LOW"
4,"00-0033553","4137","James Conner","RB","ARI",2025,3,"ARI",0,"rosters_weekly",0.4688145385839,,0.462879724785152,"LOW","NONE",0,0,"INSUFFICIENT_SAMPLE",0.0798404948880899,,0.0757275194428846,"LOW","NONE",0,0,"INSUFFICIENT_SAMPLE",-0.0128733754645919,,-0.00511185861191321,"LOW","NONE",0,0,"INSUFFICIENT_SAMPLE",0.335738638028694,,0.313616215136786,"LOW","NONE",0,0,"INSUFFICIENT_SAMPLE",,,,,,,,,0.462053449683104,,0.448056586152556,"LOW","NONE",0,0,"INSUFFICIENT_SAMPLE",0.580216917422296,,0.581827458019398,"LOW","NONE",0,0,"INSUFFICIENT_SAMPLE",0.0709461338290873,,0.0377568199434977,"LOW","NONE",0,0,"INSUFFICIENT_SAMPLE",0.378552254486605,,0.282842712474619,"LOW","NONE",0,0,"INSUFFICIENT_SAMPLE"
4,"00-0033555","4177","Mack Hollins","WR","NE",2026,3,"NE",3,"rosters_weekly",0.734600014908664,0.733993056873737,0.723969291233794,"MEDIUM","NONE",3,137,"LOW",0.145983085369753,0.135867293625914,0.139185760125969,"MEDIUM","NONE",3,16,"LOW",0.254573769967387,0.224419729642813,0.293612551599257,"MEDIUM","NONE",3,16,"LOW",0.513733655397489,,0.513690888599523,"MEDIUM","NONE",0,0,"INSUFFICIENT_SAMPLE",0.299299167582589,0.27876014146037,0.30727252301892,"MEDIUM","NONE",3,16,"LOW",,,,,,,,,,,,,,,,,0.236616996470744,0.30952380952381,0.10715808722446,"MEDIUM","NONE",3,4,"LOW",,,,,,,,
4,"00-0033576","4189","Eric Saubert","TE","SEA",2026,3,"SEA",3,"rosters_weekly",0.334176113676078,0.238531830642705,0.496854871260444,"MEDIUM","NONE",3,45,"LOW",0.0249317897830503,0.0248275862068966,0.0170135350101518,"MEDIUM","NONE",3,3,"LOW",0.000598202566248252,-0.00778773608790319,0.0102639317630701,"MEDIUM","NONE",3,3,"LOW",0.289591642270303,,0.289701614647762,"MEDIUM","NONE",0,0,"INSUFFICIENT_SAMPLE",0.171017523143872,0.171717171717172,0.137067167382342,"MEDIUM","NONE",3,3,"LOW",,,,,,,,,,,,,,,,,0.0781819979891797,0.0888888888888889,0.0394793453027365,"MEDIUM","NONE",3,2,"LOW",,,,,,,,
4,"00-0033589","4274","David Moore","WR","CAR",2026,3,"CAR",1,"rosters_weekly",0.306311489062988,0.0657894736842105,0.331151410260341,"MEDIUM","NONE",1,5,"LOW",0.031123550511548,0.0384615384615385,0.00952215085915161,"MEDIUM","NONE",1,2,"LOW",0.0720835217716269,0.133182844243792,0.0103812922900525,"MEDIUM","NONE",1,2,"LOW",0.455969186724841,,0.446503043707571,"LOW","NONE",0,0,"INSUFFICIENT_SAMPLE",0.0655117619634387,0.0909090909090909,0.0184094916610264,"MEDIUM","NONE",1,2,"LOW",,,,,,,,,,,,,,,,,0.0157624788460795,0,0,"MEDIUM","NONE",1,0,"INSUFFICIENT_SAMPLE",,,,,,,,
4,"00-0033662","4574","Cooper Rush","QB","ATL",2026,2,"ATL",2,"rosters_weekly",0.724476366921579,0.789855072463768,0.610615610360712,"LOW","TEAM_CHANGE",2,100,"LOW",,,,,,,,,,,,,,,,,,,,,,,,,,,,,,,,,0.00924451507365889,0,0.0108478969930908,"LOW","TEAM_CHANGE",2,0,"INSUFFICIENT_SAMPLE",,,,,,,,,,,,,,,,,0.0216619235234961,,0,"LOW","TEAM_CHANGE",0,0,"INSUFFICIENT_SAMPLE"
4,"00-0033699","4663","Austin Ekeler","RB","WAS",2025,2,"WAS",0,"rosters_weekly",0.523389440850812,,0.514137866883521,"LOW","NONE",0,0,"INSUFFICIENT_SAMPLE",0.089622994640131,,0.0729109594511632,"LOW","NONE",0,0,"INSUFFICIENT_SAMPLE",0.0179960003099326,,0.0294998113917546,"LOW","NONE",0,0,"INSUFFICIENT_SAMPLE",0.439578355143987,,0.415616539014035,"LOW","NONE",0,0,"INSUFFICIENT_SAMPLE",,,,,,,,,0.373054299345397,,0.456071706779579,"LOW","NONE",0,0,"INSUFFICIENT_SAMPLE",0.444795595639674,,0.514788360463199,"LOW","NONE",0,0,"INSUFFICIENT_SAMPLE",0.0986968156942384,,0,"LOW","NONE",0,0,"INSUFFICIENT_SAMPLE",0.159829471233114,,0.333333333333333,"LOW","NONE",0,0,"INSUFFICIENT_SAMPLE"
4,"00-0033757","4602","Robert Tonyan","TE","PIT",2026,3,"PIT",3,"rosters_weekly",0.0475945436542482,0.042379089836717,0.0488167220811917,"LOW","TEAM_CHANGE",3,8,"LOW",0.00768080604047,0.00854700854700855,0.000463572372166125,"LOW","TEAM_CHANGE",3,1,"LOW",4.14664061532418e-05,0,8.01236198805648e-05,"LOW","TEAM_CHANGE",3,1,"LOW",0.0478810343100396,,0.0474503120793527,"LOW","TEAM_CHANGE",0,0,"INSUFFICIENT_SAMPLE",0.0331365057861126,0.037037037037037,0.00152706193184135,"LOW","TEAM_CHANGE",3,1,"LOW",,,,,,,,,,,,,,,,,0.0488345274653912,0.0555555555555556,0,"LOW","TEAM_CHANGE",3,1,"LOW",,,,,,,,
4,"00-0033854","4718","Dare Ogunbowale","RB","HOU",2025,20,"HOU",0,"rosters_weekly",0.0619663869510025,,0.0617044170011987,"MEDIUM","NONE",0,0,"INSUFFICIENT_SAMPLE",0.0168710743898354,,0.0168551091051105,"MEDIUM","NONE",0,0,"INSUFFICIENT_SAMPLE",0.00654964928183936,,0.00655568721139375,"MEDIUM","NONE",0,0,"INSUFFICIENT_SAMPLE",0.16443618983278,,0.163882698168545,"MEDIUM","NONE",0,0,"INSUFFICIENT_SAMPLE",,,,,,,,,0.0176886510480817,,0.0176445415872503,"MEDIUM","NONE",0,0,"INSUFFICIENT_SAMPLE",0.0195575765672031,,0.0195132906861876,"MEDIUM","NONE",0,0,"INSUFFICIENT_SAMPLE",0.0169751192909346,,0.0169307535788598,"MEDIUM","NONE",0,0,"INSUFFICIENT_SAMPLE",0.0334690586504527,,0.0334878667088023,"MEDIUM","NONE",0,0,"INSUFFICIENT_SAMPLE"
4,"00-0033858","4144","Jonnu Smith","TE","GB",2026,3,"GB",3,"rosters_weekly",0.37595643575583,0.341420183892766,0.462968555269673,"LOW","TEAM_CHANGE",3,67,"LOW",0.0489819102765697,0.0395962732919255,0.0669223537726793,"LOW","TEAM_CHANGE",3,6,"LOW",0.0395664892157678,0.0332140318814093,0.050376155688631,"LOW","TEAM_CHANGE",3,6,"LOW",0.328691632931982,,0.32803668709087,"LOW","TEAM_CHANGE",0,0,"INSUFFICIENT_SAMPLE",0.248469333579168,0.202020202020202,0.337777993200108,"LOW","TEAM_CHANGE",3,6,"LOW",,,,,,,,,,,,,,,,,0.0541745524801945,0.0416666666666667,0.049269759044033,"LOW","TEAM_CHANGE",3,1,"LOW",,,,,,,,
4,"00-0033869","3976","Mitchell Trubisky","QB","TEN",2025,18,"BUF",0,"rosters_weekly",0.418442379578297,,0.472748106668315,"LOW","TEAM_CHANGE",0,0,"INSUFFICIENT_SAMPLE",,,,,,,,,,,,,,,,,,,,,,,,,,,,,,,,,0.00583660372305385,,0,"LOW","TEAM_CHANGE",0,0,"INSUFFICIENT_SAMPLE",,,,,,,,,,,,,,,,,0.00698797851129272,,0,"LOW","TEAM_CHANGE",0,0,"INSUFFICIENT_SAMPLE"
4,"00-0033873","4046","Patrick Mahomes","QB","KC",2026,3,"KC",3,"rosters_weekly",0.998407991067695,1.01515151515152,0.976358814095213,"MEDIUM","NONE",3,201,"LOW",,,,,,,,,,,,,,,,,,,,,,,,,,,,,,,,,0.000767477911724895,0,0.0019767451514365,"MEDIUM","NONE",3,0,"INSUFFICIENT_SAMPLE",,,,,,,,,,,,,,,,,0.00265043479042294,0,0.007094340485964,"MEDIUM","NONE",3,0,"INSUFFICIENT_SAMPLE"
4,"00-0033881","4066","Evan Engram","TE","DEN",2026,3,"DEN",3,"rosters_weekly",0.519215009387403,0.593129268909689,0.390474880383117,"MEDIUM","NONE",3,104,"LOW",0.0721957243129435,0.0739802203216837,0.0866208250131441,"MEDIUM","NONE",3,8,"LOW",0.114843406938044,0.0881634717131148,0.202277222686973,"MEDIUM","NONE",3,8,"LOW",0.427883088299178,,0.427298573231749,"MEDIUM","NONE",0,0,"INSUFFICIENT_SAMPLE",0.567033500763068,0.458333333333333,0.784266996214601,"MEDIUM","NONE",3,8,"LOW",,,,,,,,,,,,,,,,,0.062951646143667,0.0833333333333333,0.0743807421630928,"MEDIUM","NONE",3,1,"LOW",,,,,,,,
4,"00-0033885","4033","David Njoku","TE","LAC",2026,2,"LAC",2,"rosters_weekly",0.382786531693662,0.354816824966079,0.437809381139985,"LOW","TEAM_CHANGE",2,41,"LOW",0.0790147061740445,0.108220211161388,0.0505594950485916,"LOW","TEAM_CHANGE",2,8,"LOW",0.0652819334905656,0.0977504527690401,0.0306913842081643,"LOW","TEAM_CHANGE",2,8,"LOW",0.35756483184735,,0.351878913632615,"LOW","TEAM_CHANGE",0,0,"INSUFFICIENT_SAMPLE",0.362843036364531,0.544642857142857,0.200932085455123,"LOW","TEAM_CHANGE",2,8,"LOW",,,,,,,,,,,,,,,,,0.10453028110673,0.0714285714285714,0.141206391475678,"LOW","TEAM_CHANGE",2,1,"LOW",,,,,,,,
4,"00-0033906","4035","Alvin Kamara","RB","NO",2026,3,"NO",2,"rosters_weekly",0.406594529628738,0.311415893505446,0.49571760570956,"MEDIUM","NONE",2,44,"LOW",0.0757093801287161,0.0820668693009119,0.0781751255411637,"MEDIUM","NONE",2,7,"LOW",-0.00669654111861829,-0.0156922240840542,-0.000852356225593193,"MEDIUM","NONE",2,7,"LOW",0.403446999568501,,0.399348211078716,"MEDIUM","NONE",0,0,"INSUFFICIENT_SAMPLE",,,,,,,,,0.387421309020398,0.346666666666667,0.427976425060775,"MEDIUM","NONE",2,18,"LOW",0.510704313342328,0.403508771929825,0.629362704680648,"MEDIUM","NONE",2,18,"LOW",0.0546830780742592,0.1,0.0262832808743176,"MEDIUM","NONE",2,1,"LOW",0.265658424777106,0.2,0.3279791893284,"MEDIUM","NONE",2,2,"LOW"
4,"00-0033908","4039","Cooper Kupp","WR","SEA",2026,3,"SEA",3,"rosters_weekly",0.680484402849834,0.632043862321048,0.787512504816068,"MEDIUM","NONE",3,114,"LOW",0.12806637055982,0.0920361247947455,0.194700957308126,"MEDIUM","NONE",3,10,"LOW",0.170159829815098,0.166848494054935,0.213382784809401,"MEDIUM","NONE",3,10,"LOW",0.706602987774567,,0.706509092644239,"MEDIUM","NONE",0,0,"INSUFFICIENT_SAMPLE",0.222757948938368,0.160577915376677,0.329787830468362,"MEDIUM","NONE",3,10,"LOW",,,,,,,,,,,,,,,,,0.100057116602121,0.0333333333333333,0.200342857466151,"MEDIUM","NONE",3,1,"LOW",,,,,,,,
4,"00-0033921","4037","Chris Godwin","WR","TB",2026,3,"TB",3,"rosters_weekly",0.749937413002394,0.786575622445188,0.73041233376009,"MEDIUM","NONE",3,148,"LOW",0.0960459845303086,0.0841105148081892,0.118020744399128,"MEDIUM","NONE",3,11,"LOW",0.072768535918561,0.0466576520448737,0.111924101719857,"MEDIUM","NONE",3,11,"LOW",0.633630957659154,,0.626525159543863,"MEDIUM","NONE",0,0,"INSUFFICIENT_SAMPLE",0.220297239246744,0.218045112781955,0.229520322638904,"MEDIUM","NONE",3,11,"LOW",,,,,,,,,,,,,,,,,0.0399694156145235,0,0.111738130568362,"MEDIUM","NONE",3,0,"INSUFFICIENT_SAMPLE",,,,,,,,
4,"00-0033949","4179","Joshua Dobbs","QB","DET",2025,18,"NE",0,"rosters_weekly",0.347139167574644,,0.205827571426186,"LOW","TEAM_CHANGE",0,0,"INSUFFICIENT_SAMPLE",,,,,,,,,,,,,,,,,,,,,,,,,,,,,,,,,0.021027162473421,,0,"LOW","TEAM_CHANGE",0,0,"INSUFFICIENT_SAMPLE",,,,,,,,,,,,,,,,,0.0629206373826239,,0,"LOW","TEAM_CHANGE",0,0,"INSUFFICIENT_SAMPLE"
4,"00-0033955","4219","Jeremy McNichols","RB","WAS",2025,18,"WAS",0,"rosters_weekly",0.335518339273045,,0.336087194940637,"MEDIUM","NONE",0,0,"INSUFFICIENT_SAMPLE",0.0636029997782093,,0.0637491701891025,"MEDIUM","NONE",0,0,"INSUFFICIENT_SAMPLE",-0.00116170621236395,,-0.00117441186394563,"MEDIUM","NONE",0,0,"INSUFFICIENT_SAMPLE",0.400001503665989,,0.400789042852514,"MEDIUM","NONE",0,0,"INSUFFICIENT_SAMPLE",,,,,,,,,0.0878554592153766,,0.087944626661279,"MEDIUM","NONE",0,0,"INSUFFICIENT_SAMPLE",0.103976544819777,,0.104061785961224,"MEDIUM","NONE",0,0,"INSUFFICIENT_SAMPLE",0.0527203196746289,,0.0528930936850341,"MEDIUM","NONE",0,0,"INSUFFICIENT_SAMPLE",0.0271970462259618,,0.0270811163973084,"MEDIUM","NONE",0,0,"INSUFFICIENT_SAMPLE"
4,"00-0034270","5133","Tyler Conklin","TE","DET",2026,2,"DET",2,"rosters_weekly",0.128777001140272,0.0957042957042957,0.162418712523528,"LOW","TEAM_CHANGE",2,14,"LOW",0.00578503689710651,0,0.0103500691280692,"LOW","TEAM_CHANGE",2,0,"INSUFFICIENT_SAMPLE",0.00477803419957277,0,0.00840972761116355,"LOW","TEAM_CHANGE",2,0,"INSUFFICIENT_SAMPLE",0.206010564455999,,0.178864799742262,"LOW","TEAM_CHANGE",0,0,"INSUFFICIENT_SAMPLE",0.0388611674105223,0,0.0715460640168428,"LOW","TEAM_CHANGE",2,0,"INSUFFICIENT_SAMPLE",,,,,,,,,,,,,,,,,0.000665455531568445,0,0,"LOW","TEAM_CHANGE",2,0,"INSUFFICIENT_SAMPLE",,,,,,,,
4,"00-0034272","5086","Marquez Valdes-Scantling","WR","LAC",2026,3,"LAC",1,"rosters_weekly",0.455606015296757,0.0434782608695652,0.624563588566395,"LOW","TEAM_CHANGE",1,3,"LOW",0.0881936830940545,0.0238095238095238,0.114669333989208,"LOW","TEAM_CHANGE",1,1,"LOW",0.14920150526761,0.0753424657534247,0.177750310949466,"LOW","TEAM_CHANGE",1,1,"LOW",0.616552426921801,,0.614905628431407,"LOW","TEAM_CHANGE",0,0,"INSUFFICIENT_SAMPLE",0.199001508121032,0.0526315789473684,0.257740409654685,"LOW","TEAM_CHANGE",1,1,"LOW",,,,,,,,,,,,,,,,,0.10154501565962,0,0.145067997043982,"LOW","TEAM_CHANGE",1,0,"INSUFFICIENT_SAMPLE",,,,,,,,
4,"00-0034348","5045","Courtland Sutton","WR","DEN",2026,3,"DEN",3,"rosters_weekly",0.835035851165637,0.802794502065941,0.874821392013016,"MEDIUM","NONE",3,142,"LOW",0.152922437449438,0.144933657128779,0.160812294626981,"MEDIUM","NONE",3,16,"LOW",0.340250718572701,0.333034299711782,0.342554272737497,"MEDIUM","NONE",3,16,"LOW",0.804773852838485,,0.804803487802288,"MEDIUM","NONE",0,0,"INSUFFICIENT_SAMPLE",0.318554616152487,0.307992202729045,0.327429440111029,"MEDIUM","NONE",3,16,"LOW",,,,,,,,,,,,,,,,,0.216429438586479,0.221428571428571,0.213944425734859,"MEDIUM","NONE",3,5,"LOW",,,,,,,,
4,"00-0034351","5022","Dallas Goedert","TE","PHI",2026,2,"PHI",2,"rosters_weekly",0.711898347825692,0.615566037735849,0.871191232157773,"MEDIUM","NONE",2,71,"LOW",0.131583148069478,0.0967852257181943,0.175116854555784,"MEDIUM","NONE",2,7,"LOW",0.137669647769642,0.122404870624049,0.171568474523205,"MEDIUM","NONE",2,7,"LOW",0.757652395080469,,0.758040346856844,"MEDIUM","NONE",0,0,"INSUFFICIENT_SAMPLE",0.790687421207605,0.7,0.932878259073679,"MEDIUM","NONE",2,7,"LOW",,,,,,,,,,,,,,,,,0.314001214509701,0.333333333333333,0.353359044323181,"MEDIUM","NONE",2,2,"LOW",,,,,,,,
4,"00-0034365","4995","Ian Thomas","TE","LV",2026,3,"LV",3,"rosters_weekly",0.380796064689885,0.399824032176973,0.406815943515573,"MEDIUM","NONE",3,76,"LOW",0.0128798344798739,0.0101010101010101,0.0186091635823193,"MEDIUM","NONE",3,1,"LOW",0.00506575840222055,0.00117785630153121,0.0121800882492695,"MEDIUM","NONE",3,1,"LOW",0.276239762376039,,0.27697208091132,"MEDIUM","NONE",0,0,"INSUFFICIENT_SAMPLE",0.074447956764985,0.0666666666666667,0.0929343645797429,"MEDIUM","NONE",3,1,"LOW",,,,,,,,,,,,,,,,,2.13640711906332e-05,0,0,"MEDIUM","NONE",3,0,"INSUFFICIENT_SAMPLE",,,,,,,,
4,"00-0034383","5001","Dalton Schultz","TE","HOU",2026,3,"HOU",3,"rosters_weekly",0.596381410320417,0.626269729645257,0.568624107672489,"MEDIUM","NONE",3,135,"LOW",0.13390278089753,0.158775252525253,0.106238453745548,"MEDIUM","NONE",3,25,"LOW",0.113024592597093,0.126457235548367,0.091661772586838,"MEDIUM","NONE",3,25,"LOW",0.57083491173018,,0.570710319984045,"MEDIUM","NONE",0,0,"INSUFFICIENT_SAMPLE",0.611808073792397,0.656746031746032,0.586485474587888,"MEDIUM","NONE",3,25,"LOW",,,,,,,,,,,,,,,,,0.146736800807732,0.0666666666666667,0.24973361621902,"MEDIUM","NONE",3,1,"LOW",,,,,,,,
4,"00-0034419","5121","Braxton Berrios","WR","NYG",2026,3,"NYG",3,"rosters_weekly",0.112622029953426,0.115796719244995,0.105828900383027,"LOW","TEAM_CHANGE",3,22,"LOW",0.00601496713966468,0,0.0183511306528639,"LOW","TEAM_CHANGE",3,0,"INSUFFICIENT_SAMPLE",0.00343219653919186,0,0.00925660442312636,"LOW","TEAM_CHANGE",3,0,"INSUFFICIENT_SAMPLE",0.235237398592861,,0.240010087958443,"LOW","TEAM_CHANGE",0,0,"INSUFFICIENT_SAMPLE",0.0111420201706197,0,0.0331774822242538,"LOW","TEAM_CHANGE",3,0,"INSUFFICIENT_SAMPLE",,,,,,,,,,,,,,,,,0.00908705315355385,0,0.0298597340018285,"LOW","TEAM_CHANGE",3,0,"INSUFFICIENT_SAMPLE",,,,,,,,
4,"00-0034487","5154","Trent Sherfield","WR","BUF",2025,15,"ARI",0,"rosters_weekly",0.189620353586577,,0.190484330542944,"LOW","TEAM_CHANGE",0,0,"INSUFFICIENT_SAMPLE",0.00596287288787065,,0.00574658914137779,"LOW","TEAM_CHANGE",0,0,"INSUFFICIENT_SAMPLE",0.0070242145032486,,0.00685696887301121,"LOW","TEAM_CHANGE",0,0,"INSUFFICIENT_SAMPLE",0.119190955107496,,0.119812013284425,"LOW","TEAM_CHANGE",0,0,"INSUFFICIENT_SAMPLE",0.0127033446100286,,0.0122525866044395,"LOW","TEAM_CHANGE",0,0,"INSUFFICIENT_SAMPLE",,,,,,,,,,,,,,,,,0.0220852208350748,,0.0224141538080679,"LOW","TEAM_CHANGE",0,0,"INSUFFICIENT_SAMPLE",,,,,,,,
4,"00-0034577","5127","Kyle Allen","QB","BUF",2025,10,"DET",0,"rosters_weekly",0.0961023944707793,,0.0927116431682863,"LOW","TEAM_CHANGE",0,0,"INSUFFICIENT_SAMPLE",,,,,,,,,,,,,,,,,,,,,,,,,,,,,,,,,0.00156386117613706,,0,"LOW","TEAM_CHANGE",0,0,"INSUFFICIENT_SAMPLE",,,,,,,,,,,,,,,,,0.00101609525219411,,0,"LOW","TEAM_CHANGE",0,0,"INSUFFICIENT_SAMPLE"
4,"00-0034613","5409","Tanner Hudson","TE","CIN",2026,3,"CIN",2,"rosters_weekly",0.177093843181667,0.161654135338346,0.181395410495595,"MEDIUM","NONE",2,19,"LOW",0.0366082889289618,0.0375481386392811,0.0337253362497949,"MEDIUM","NONE",2,3,"LOW",0.0250983486784371,0.0262240748966413,0.0225072835018537,"MEDIUM","NONE",2,3,"LOW",0.158787346468434,,0.15907481476036,"MEDIUM","NONE",0,0,"INSUFFICIENT_SAMPLE",0.199370259429524,0.188311688311688,0.193790721381301,"MEDIUM","NONE",2,3,"LOW",,,,,,,,,,,,,,,,,0.0192932786875042,0,0.0386905456168998,"MEDIUM","NONE",2,0,"INSUFFICIENT_SAMPLE",,,,,,,,
4,"00-0034753","5012","Mark Andrews","TE","BAL",2026,3,"BAL",3,"rosters_weekly",0.603129007711851,0.666849415204678,0.539867691476421,"MEDIUM","NONE",3,123,"LOW",0.16588190863492,0.181852869352869,0.138346006461331,"MEDIUM","NONE",3,18,"LOW",0.18030249526826,0.178633248487468,0.168885506668646,"MEDIUM","NONE",3,18,"LOW",0.563455625163098,,0.563200906547927,"MEDIUM","NONE",0,0,"INSUFFICIENT_SAMPLE",0.690578671210387,0.75,0.612398208218152,"MEDIUM","NONE",3,18,"LOW",,,,,,,,,,,,,,,,,0.0907249492566599,0.0666666666666667,0.173678796123571,"MEDIUM","NONE",3,1,"LOW",,,,,,,,
4,"00-0034771","4972","Mason Rudolph","QB","PIT",2026,2,"PIT",1,"rosters_weekly",0.266485616624333,0.0428571428571429,0.300257304383599,"MEDIUM","NONE",1,3,"LOW",,,,,,,,,,,,,,,,,,,,,,,,,,,,,,,,,0.00928236160865095,0,0.00956386020615355,"MEDIUM","NONE",1,0,"INSUFFICIENT_SAMPLE",,,,,,,,,,,,,,,,,0.019201678258575,,0.0209209442009609,"MEDIUM","NONE",0,0,"INSUFFICIENT_SAMPLE"
4,"00-0034775","4950","Christian Kirk","WR","SF",2025,20,"HOU",0,"rosters_weekly",0.567251307403048,,0.566752841697781,"LOW","TEAM_CHANGE",0,0,"INSUFFICIENT_SAMPLE",0.131251433887268,,0.131144927824173,"LOW","TEAM_CHANGE",0,0,"INSUFFICIENT_SAMPLE",0.126755816505901,,0.125844718926373,"LOW","TEAM_CHANGE",0,0,"INSUFFICIENT_SAMPLE",0.612950373009311,,0.612701100865599,"LOW","TEAM_CHANGE",0,0,"INSUFFICIENT_SAMPLE",0.215837343387938,,0.215308615070328,"LOW","TEAM_CHANGE",0,0,"INSUFFICIENT_SAMPLE",,,,,,,,,,,,,,,,,0.185756440187851,,0.186362632693003,"LOW","TEAM_CHANGE",0,0,"INSUFFICIENT_SAMPLE",,,,,,,,
4,"00-0034796","4881","Lamar Jackson","QB","BAL",2026,3,"BAL",3,"rosters_weekly",0.975538043270184,1.02668128654971,0.893639148117877,"MEDIUM","NONE",3,190,"LOW",,,,,,,,,,,,,,,,,,,,,,,,,,,,,,,,,0.0631410706351917,0.0474537037037037,0.0731469291487854,"MEDIUM","NONE",3,5,"LOW",,,,,,,,,,,,,,,,,0.121703032028906,0.130952380952381,0.0782236573939783,"MEDIUM","NONE",3,4,"LOW"
4,"00-0034798","5008","Durham Smythe","TE","BAL",2026,3,"BAL",3,"rosters_weekly",0.45944610276964,0.58296783625731,0.258679182966496,"LOW","TEAM_CHANGE",3,108,"LOW",0.016563120900168,0.0189636752136752,0.0188790582187981,"LOW","TEAM_CHANGE",3,2,"LOW",0.00529915617372739,0.00182300680743048,0.0143192201032987,"LOW","TEAM_CHANGE",3,2,"LOW",0.138121046934307,,0.138037534855822,"LOW","TEAM_CHANGE",0,0,"INSUFFICIENT_SAMPLE",0.0650821590750385,0.0833333333333333,0.0590289389044282,"LOW","TEAM_CHANGE",3,2,"LOW",,,,,,,,,,,,,,,,,0.0293014848583622,0.0666666666666667,0,"LOW","TEAM_CHANGE",3,1,"LOW",,,,,,,,
4,"00-0034827","4983","D.J. Moore","WR","BUF",2026,3,"BUF",3,"rosters_weekly",0.664947781285883,0.585270597946654,0.830071145751561,"LOW","TEAM_CHANGE",3,109,"LOW",0.167924202570033,0.173082173082173,0.134230922809834,"LOW","TEAM_CHANGE",3,18,"LOW",0.264207558298431,0.296658748699425,0.180874106295963,"LOW","TEAM_CHANGE",3,18,"LOW",0.742418644524611,,0.742412486835266,"LOW","TEAM_CHANGE",0,0,"INSUFFICIENT_SAMPLE",0.372787528904667,0.37037037037037,0.317836304151141,"LOW","TEAM_CHANGE",3,18,"LOW",,,,,,,,,,,,,,,,,0.169902486563593,0.133333333333333,0.148994475176861,"LOW","TEAM_CHANGE",3,2,"LOW",,,,,,,,
4,"00-0034829","4993","Mike Gesicki","TE","CIN",2026,3,"CIN",3,"rosters_weekly",0.406994243257082,0.399345822182575,0.381587107068074,"MEDIUM","NONE",3,71,"LOW",0.0755477850632349,0.0857937526743688,0.0761185299275707,"MEDIUM","NONE",3,10,"LOW",0.120276245562356,0.134104395166342,0.121823555956863,"MEDIUM","NONE",3,10,"LOW",0.439181633168261,,0.437919811622387,"MEDIUM","NONE",0,0,"INSUFFICIENT_SAMPLE",0.369405849375388,0.354978354978355,0.424016756114457,"MEDIUM","NONE",3,10,"LOW",,,,,,,,,,,,,,,,,0.0774542269147336,0.0952380952380952,0.101159945423981,"MEDIUM","NONE",3,2,"LOW",,,,,,,,
4,"00-0034837","4981","Calvin Ridley","WR","TEN",2026,3,"TEN",3,"rosters_weekly",0.460572149766011,0.531991614255765,0.360049163761053,"MEDIUM","NONE",3,85,"LOW",0.0573024053156705,0.0352136752136752,0.0871206685284126,"MEDIUM","NONE",3,3,"LOW",0.116668522538183,0.0745196324143693,0.173263179417918,"MEDIUM","NONE",3,3,"LOW",0.336914660516833,,0.301498150864401,"MEDIUM","NONE",0,0,"INSUFFICIENT_SAMPLE",0.119588908246949,0.0739393939393939,0.181364773493866,"MEDIUM","NONE",3,3,"LOW",,,,,,,,,,,,,,,,,0.0254443696438054,0,0.0697364806698696,"MEDIUM","NONE",3,0,"INSUFFICIENT_SAMPLE",,,,,,,,
4,"00-0034844","4866","Saquon Barkley","RB","PHI",2026,3,"PHI",3,"rosters_weekly",0.634069913260402,0.537914597815293,0.79961271369285,"MEDIUM","NONE",3,87,"LOW",0.0672307305024236,0.0553137393082673,0.0882532803463629,"MEDIUM","NONE",3,6,"LOW",-0.0100556386159888,-0.00981849724227099,-0.00254783417565744,"MEDIUM","NONE",3,6,"LOW",0.645485382889119,,0.645552353564616,"MEDIUM","NONE",0,0,"INSUFFICIENT_SAMPLE",,,,,,,,,0.658063992556789,0.597679582199706,0.732497653538271,"MEDIUM","NONE",3,34,"LOW",0.743844273497908,0.666666666666667,0.832711664093871,"MEDIUM","NONE",3,34,"LOW",0.020242778038069,0,0.0575224998556347,"MEDIUM","NONE",3,0,"INSUFFICIENT_SAMPLE",0.544372334303311,0.416666666666667,0.711712411033651,"MEDIUM","NONE",3,5,"LOW"
4,"00-0034854","5773","KhaDarel Hodge","WR","SF",2026,3,"SF",3,"rosters_weekly",0.272745306927296,0.327140783744557,0.0565396657726721,"LOW","TEAM_CHANGE",3,51,"LOW",0.0121074744951596,0.0123456790123457,0.0121509831648141,"LOW","TEAM_CHANGE",3,1,"LOW",0.0252584830020361,0.0277777777777778,0.0221343816640138,"LOW","TEAM_CHANGE",3,1,"LOW",0.202878706898217,,0.178403861339357,"LOW","TEAM_CHANGE",0,0,"INSUFFICIENT_SAMPLE",0.0276579903474104,0.0303030303030303,0.0243765958611179,"LOW","TEAM_CHANGE",3,1,"LOW",,,,,,,,,,,,,,,,,0.000633328465736256,0,0,"LOW","TEAM_CHANGE",3,0,"INSUFFICIENT_SAMPLE",,,,,,,,
4,"00-0034855","4892","Baker Mayfield","QB","TB",2026,3,"TB",3,"rosters_weekly",0.981478777970028,0.986628709454796,0.988238868634413,"MEDIUM","NONE",3,187,"LOW",,,,,,,,,,,,,,,,,,,,,,,,,,,,,,,,,0.0128084763174299,0.0151515151515152,0.00947463279344311,"MEDIUM","NONE",3,1,"LOW",,,,,,,,,,,,,,,,,0.0691183353776063,0.111111111111111,0,"MEDIUM","NONE",3,1,"LOW"
4,"00-0034857","4984","Josh Allen","QB","BUF",2026,3,"BUF",3,"rosters_weekly",0.97253545562029,1.03111747407522,0.870002377261064,"MEDIUM","NONE",3,198,"LOW",,,,,,,,,,,,,,,,,,,,,,,,,,,,,,,,,0.189075204740018,0.201640955837871,0.171025563335053,"MEDIUM","NONE",3,16,"LOW",,,,,,,,,,,,,,,,,0.339403301344832,0.344444444444444,0.290613294430559,"MEDIUM","NONE",3,5,"LOW"
4,"00-0034860","4992","Dante Pettis","WR","SF",2025,18,"NO",0,"rosters_weekly",0.424710847235824,,0.428480954124012,"LOW","TEAM_CHANGE",0,0,"INSUFFICIENT_SAMPLE",0.0679019253753399,,0.0650540825940838,"LOW","TEAM_CHANGE",0,0,"INSUFFICIENT_SAMPLE",0.0739062475523515,,0.067716988461651,"LOW","TEAM_CHANGE",0,0,"INSUFFICIENT_SAMPLE",0.412028273526956,,0.422504137157571,"LOW","TEAM_CHANGE",0,0,"INSUFFICIENT_SAMPLE",0.138394311327529,,0.126378845202683,"LOW","TEAM_CHANGE",0,0,"INSUFFICIENT_SAMPLE",,,,,,,,,,,,,,,,,0.0124869746310852,,0,"LOW","TEAM_CHANGE",0,0,"INSUFFICIENT_SAMPLE",,,,,,,,
4,"00-0034867","5781","Malik Turner","WR","SF",2025,19,"SF",0,"rosters_weekly",0.0759516977398904,,0.0870166547957044,"MEDIUM","NONE",0,0,"INSUFFICIENT_SAMPLE",0.0122523291515165,,0.0143097518547113,"MEDIUM","NONE",0,0,"INSUFFICIENT_SAMPLE",0.00729796338751152,,0.00837850275924749,"MEDIUM","NONE",0,0,"INSUFFICIENT_SAMPLE",0.0805982105137462,,0.079358779366432,"LOW","NONE",0,0,"INSUFFICIENT_SAMPLE",0.0339421091178963,,0.0414192430645286,"MEDIUM","NONE",0,0,"INSUFFICIENT_SAMPLE",,,,,,,,,,,,,,,,,0.00180527747704211,,0,"MEDIUM","NONE",0,0,"INSUFFICIENT_SAMPLE",,,,,,,,
4,"00-0034869","4943","Sam Darnold","QB","SEA",2026,3,"SEA",2,"rosters_weekly",0.807859008445781,0.551020408163265,0.987633842208092,"MEDIUM","NONE",2,72,"LOW",,,,,,,,,,,,,,,,,,,,,,,,,,,,,,,,,0.0179595166608269,0,0.0359169141529297,"MEDIUM","NONE",2,0,"INSUFFICIENT_SAMPLE",,,,,,,,,,,,,,,,,1.68303733719113e-05,0,0,"MEDIUM","NONE",2,0,"INSUFFICIENT_SAMPLE"
4,"00-0034955","6037","Brett Rypien","QB","TB",2025,3,"CIN",0,"rosters_weekly",0.442463757204718,,0.0535714285714286,"LOW","TEAM_CHANGE",0,0,"INSUFFICIENT_SAMPLE",,,,,,,,,,,,,,,,,,,,,,,,,,,,,,,,,0.0058911625279279,,0,"LOW","TEAM_CHANGE",0,0,"INSUFFICIENT_SAMPLE",,,,,,,,,,,,,,,,,0,,0,"LOW","TEAM_CHANGE",0,0,"INSUFFICIENT_SAMPLE"
4,"00-0034959","6323","Andrew Beck","RB","NYJ",2026,3,"NYJ",3,"rosters_weekly",0.0935101988284172,0.0752408502836585,0.148873348180627,"MEDIUM","NONE",3,15,"LOW",0.0104289541071368,0,0.0295445754322479,"MEDIUM","NONE",3,0,"INSUFFICIENT_SAMPLE",0.00382993178508158,0,0.0108339765754789,"MEDIUM","NONE",3,0,"INSUFFICIENT_SAMPLE",0.0805825170218465,,0.0803771667019793,"MEDIUM","NONE",0,0,"INSUFFICIENT_SAMPLE",,,,,,,,,0.00135625001735833,0,0.00384593375426711,"MEDIUM","NONE",3,0,"INSUFFICIENT_SAMPLE",0.0015257688289436,0,0.0043266754735505,"MEDIUM","NONE",3,0,"INSUFFICIENT_SAMPLE",0.0519709803307812,0,0.147234662928289,"MEDIUM","NONE",3,0,"INSUFFICIENT_SAMPLE",0.00915430286525951,0,0.0259898705802726,"MEDIUM","NONE",3,0,"INSUFFICIENT_SAMPLE"
4,"00-0034960","5947","Jakobi Meyers","WR","JAX",2026,3,"JAX",3,"rosters_weekly",0.842100806781865,0.796063549888687,0.901456737956553,"MEDIUM","NONE",3,140,"LOW",0.148972092429543,0.119259259259259,0.164695305245278,"MEDIUM","NONE",3,11,"LOW",0.207402124217143,0.181642230046806,0.201301751381463,"MEDIUM","NONE",3,11,"LOW",0.825494874845471,,0.825410299137865,"MEDIUM","NONE",0,0,"INSUFFICIENT_SAMPLE",0.284873537696174,0.23015873015873,0.303643649510109,"MEDIUM","NONE",3,11,"LOW",,,,,,,,,,,,,,,,,0.100432972581998,0.0666666666666667,0.118032996176437,"MEDIUM","NONE",3,2,"LOW",,,,,,,,
4,"00-0034975","5995","Justice Hill","RB","BAL",2026,3,"BAL",3,"rosters_weekly",0.372745990168642,0.428728070175439,0.302100321521149,"MEDIUM","NONE",3,79,"LOW",0.0332069997989005,0.0275106837606838,0.0493371314773204,"MEDIUM","NONE",3,3,"LOW",-0.00457958161082467,-0.0105803622937579,0.0058309824533022,"MEDIUM","NONE",3,3,"LOW",0.386518388129232,,0.385152681604257,"MEDIUM","NONE",0,0,"INSUFFICIENT_SAMPLE",,,,,,,,,0.107643628151503,0.145833333333333,0.0436142340146617,"MEDIUM","NONE",3,13,"LOW",0.119344323646256,0.157467144563919,0.0521915994465443,"MEDIUM","NONE",3,13,"LOW",0.0074353256413937,0,0.0188963366976421,"MEDIUM","NONE",3,0,"INSUFFICIENT_SAMPLE",0.0136002715657552,0,0.0376562604100712,"MEDIUM","NONE",3,0,"INSUFFICIENT_SAMPLE"
4,"00-0034981","5985","Foster Moreau","TE","HOU",2026,3,"HOU",3,"rosters_weekly",0.427581579384556,0.436083763087982,0.372396724060799,"LOW","TEAM_CHANGE",3,89,"LOW",0.0566604092736031,0.064709595959596,0.0228741576480961,"LOW","TEAM_CHANGE",3,8,"LOW",0.0233621707445177,0.0299650684686131,0.00559894786009508,"LOW","TEAM_CHANGE",3,8,"LOW",0.241846601850164,,0.234859562931162,"LOW","TEAM_CHANGE",0,0,"INSUFFICIENT_SAMPLE",0.256518494315123,0.287698412698413,0.104406242332615,"LOW","TEAM_CHANGE",3,8,"LOW",,,,,,,,,,,,,,,,,0.124483561323194,0.133333333333333,0.0176488874316919,"LOW","TEAM_CHANGE",3,2,"LOW",,,,,,,,
4,"00-0035021","6427","Ashton Dulin","WR","IND",2026,1,"IND",1,"rosters_weekly",0.214124328986137,0.185185185185185,0.227506574335722,"MEDIUM","NONE",1,10,"MEDIUM",0.025878544558203,0.0285714285714286,0.0250623589827082,"MEDIUM","NONE",1,1,"LOW",0.045290556926574,0,0.0647801570437085,"MEDIUM","NONE",1,1,"LOW",0.154773427315783,,0.156284212171592,"MEDIUM","NONE",0,0,"INSUFFICIENT_SAMPLE",0.0535747716961683,0.0555555555555556,0.0534314952005054,"MEDIUM","NONE",1,1,"LOW",,,,,,,,,,,,,,,,,0.00739899356440938,0,0.0105197095205865,"MEDIUM","NONE",1,0,"INSUFFICIENT_SAMPLE",,,,,,,,
4,"00-0035039","6451","Stephen Carlson","TE","CHI",2025,8,"CHI",0,"rosters_weekly",0.0736377784035835,,0.0990157094477755,"LOW","NONE",0,0,"INSUFFICIENT_SAMPLE",0.000293607022478092,,0,"LOW","NONE",0,0,"INSUFFICIENT_SAMPLE",7.08885420766177e-06,,0,"LOW","NONE",0,0,"INSUFFICIENT_SAMPLE",0.0787809969863733,,0.0798449083296936,"LOW","NONE",0,0,"INSUFFICIENT_SAMPLE",0.00195400805420774,,0,"LOW","NONE",0,0,"INSUFFICIENT_SAMPLE",,,,,,,,,,,,,,,,,0.00115046964291233,,0,"LOW","NONE",0,0,"INSUFFICIENT_SAMPLE",,,,,,,,
4,"00-0035045","6453","D.J. Montgomery","WR","IND",2023,18,"IND",0,"rosters_weekly",0.264427739769453,,,"INSUFFICIENT_SAMPLE","ROOKIE_OR_NO_PRIOR_SEASON",0,0,"INSUFFICIENT_SAMPLE",0.0264288570435793,,,"INSUFFICIENT_SAMPLE","ROOKIE_OR_NO_PRIOR_SEASON",0,0,"INSUFFICIENT_SAMPLE",0.0438583309188454,,,"INSUFFICIENT_SAMPLE","ROOKIE_OR_NO_PRIOR_SEASON",0,0,"INSUFFICIENT_SAMPLE",0.253657424411131,,,"INSUFFICIENT_SAMPLE","ROOKIE_OR_NO_PRIOR_SEASON",0,0,"INSUFFICIENT_SAMPLE",0.0580579719382531,,,"INSUFFICIENT_SAMPLE","ROOKIE_OR_NO_PRIOR_SEASON",0,0,"INSUFFICIENT_SAMPLE",,,,,,,,,,,,,,,,,0.0197244553510998,,,"INSUFFICIENT_SAMPLE","ROOKIE_OR_NO_PRIOR_SEASON",0,0,"INSUFFICIENT_SAMPLE",,,,,,,,
4,"00-0035125","6109","Alec Ingold","RB","LAC",2026,3,"LAC",3,"rosters_weekly",0.429035071384962,0.416334663966072,0.438719133892189,"LOW","TEAM_CHANGE",3,80,"LOW",0.037549098976044,0.0317460317460317,0.0273383345916091,"LOW","TEAM_CHANGE",3,4,"LOW",0.0507177771667985,0.0445205479452055,0.0329086716931923,"LOW","TEAM_CHANGE",3,4,"LOW",0.348386587255821,,0.34885115514301,"LOW","TEAM_CHANGE",0,0,"INSUFFICIENT_SAMPLE",,,,,,,,,0.000426397544533854,0,0.00118983575522639,"LOW","TEAM_CHANGE",3,0,"INSUFFICIENT_SAMPLE",0.00044366099992818,0,0.00123675387855572,"LOW","TEAM_CHANGE",3,0,"INSUFFICIENT_SAMPLE",0.0366127300162019,0.0416666666666667,0,"LOW","TEAM_CHANGE",3,1,"LOW",0.00162881144717755,0,0.00460187857164934,"LOW","TEAM_CHANGE",3,0,"INSUFFICIENT_SAMPLE"
4,"00-0035208","6271","Olamide Zaccheaus","WR","ATL",2026,3,"ATL",3,"rosters_weekly",0.366428131789064,0.360869565217391,0.3688151467168,"LOW","TEAM_CHANGE",3,72,"LOW",0.0593041930566673,0.0592835115543274,0.0528696605439263,"LOW","TEAM_CHANGE",3,6,"LOW",0.0429866904101585,0.0363200740559231,0.0688224727333266,"LOW","TEAM_CHANGE",3,6,"LOW",0.297671468690333,,0.297313440122033,"LOW","TEAM_CHANGE",0,0,"INSUFFICIENT_SAMPLE",0.131339998669133,0.137527233115468,0.124106744298205,"LOW","TEAM_CHANGE",3,6,"LOW",,,,,,,,,,,,,,,,,0.0592532486842741,0,0.083563288576287,"LOW","TEAM_CHANGE",1,0,"INSUFFICIENT_SAMPLE",,,,,,,,
4,"00-0035228","5849","Kyler Murray","QB","MIN",2026,3,"MIN",2,"rosters_weekly",0.819855367845454,0.588709677419355,0.984303457421931,"LOW","TEAM_CHANGE",2,70,"LOW",,,,,,,,,,,,,,,,,,,,,,,,,,,,,,,,,0.0454359756470447,0,0.092097369841651,"LOW","TEAM_CHANGE",2,0,"INSUFFICIENT_SAMPLE",,,,,,,,,,,,,,,,,0.0846390519404049,0,0.102245496510289,"LOW","TEAM_CHANGE",1,0,"INSUFFICIENT_SAMPLE"
4,"00-0035229","5844","T.J. Hockenson","TE","MIN",2026,3,"MIN",3,"rosters_weekly",0.764999570943946,0.74443790217437,0.769354687064025,"MEDIUM","NONE",3,129,"LOW",0.125667149475494,0.138388977212507,0.111132015355862,"MEDIUM","NONE",3,13,"LOW",0.14484174276708,0.158338579915013,0.10527728110119,"MEDIUM","NONE",3,13,"LOW",0.688671317179534,,0.688940442970235,"MEDIUM","NONE",0,0,"INSUFFICIENT_SAMPLE",0.764370559209307,0.785185185185185,0.634364862474104,"MEDIUM","NONE",3,13,"LOW",,,,,,,,,,,,,,,,,0.104973346597709,0.142857142857143,0.0918995013145591,"MEDIUM","NONE",2,2,"LOW",,,,,,,,
4,"00-0035249","5973","Josh Oliver","TE","MIN",2026,3,"MIN",3,"rosters_weekly",0.551449239054659,0.560117620669835,0.593751561299386,"MEDIUM","NONE",3,97,"LOW",0.0458054493292406,0.0525490196078431,0.057525111886749,"MEDIUM","NONE",3,5,"LOW",0.0386116148088965,0.0352369233738661,0.0601503039988953,"MEDIUM","NONE",3,5,"LOW",0.409080359779114,,0.410259150581037,"MEDIUM","NONE",0,0,"INSUFFICIENT_SAMPLE",0.24511957508241,0.214814814814815,0.393290489189593,"MEDIUM","NONE",3,5,"LOW",,,,,,,,,,,,,,,,,0.0155282181251434,0,0.0312588023981358,"MEDIUM","NONE",2,0,"INSUFFICIENT_SAMPLE",,,,,,,,
4,"00-0035250","6130","Devin Singletary","RB","NYG",2026,2,"NYG",2,"rosters_weekly",0.321000745388952,0.318704284221526,0.333737434245912,"MEDIUM","NONE",2,40,"LOW",0.054630460718758,0.0748917748917749,0.0423490128787166,"MEDIUM","NONE",2,5,"LOW",-0.027489046938559,-0.0341193368843138,-0.0262236125632428,"MEDIUM","NONE",2,5,"LOW",0.234928716574513,,0.234853622878022,"MEDIUM","NONE",0,0,"INSUFFICIENT_SAMPLE",,,,,,,,,0.237097902560543,0.156126482213439,0.322624289138515,"MEDIUM","NONE",2,9,"LOW",0.276000712070634,0.194331983805668,0.364080182344379,"MEDIUM","NONE",2,9,"LOW",0.0658857658468934,0.142857142857143,0.0134614548963007,"MEDIUM","NONE",2,2,"LOW",0.200627766197883,0.1,0.319118153387431,"MEDIUM","NONE",2,1,"LOW"
4,"00-0035251","5903","Will Grier","QB","CAR",2019,17,"CAR",0,"rosters_weekly",0.548638293039071,,,"INSUFFICIENT_SAMPLE","ROOKIE_OR_NO_PRIOR_SEASON",0,0,"INSUFFICIENT_SAMPLE",,,,,,,,,,,,,,,,,,,,,,,,,,,,,,,,,0.0648537529782048,,,"INSUFFICIENT_SAMPLE","ROOKIE_OR_NO_PRIOR_SEASON",0,0,"INSUFFICIENT_SAMPLE",,,,,,,,,,,,,,,,,0.103553390593274,,,"INSUFFICIENT_SAMPLE","ROOKIE_OR_NO_PRIOR_SEASON",0,0,"INSUFFICIENT_SAMPLE"
4,"00-0035261","5967","Tony Pollard","RB","TEN",2026,3,"TEN",3,"rosters_weekly",0.544364056095906,0.533501048218029,0.561801823799805,"MEDIUM","NONE",3,87,"LOW",0.0639619957223898,0.0641880341880342,0.0517881622225276,"MEDIUM","NONE",3,7,"LOW",0.00366871767799184,0.0283625730994152,-0.0199455418426823,"MEDIUM","NONE",3,7,"LOW",0.397371933912917,,0.397259021534284,"MEDIUM","NONE",0,0,"INSUFFICIENT_SAMPLE",,,,,,,,,0.682084981668665,0.66984126984127,0.67584981877497,"MEDIUM","NONE",3,38,"LOW",0.728478353507335,0.703333333333333,0.738234095709272,"MEDIUM","NONE",3,38,"LOW",0.103580220976829,0,0.294520228585558,"MEDIUM","NONE",3,0,"INSUFFICIENT_SAMPLE",0.549447009853451,0.777777777777778,0.279232328364354,"MEDIUM","NONE",2,8,"LOW"
4,"00-0035264","6136","Jarrett Stidham","QB","DEN",2025,21,"DEN",0,"rosters_weekly",0.460032950202428,,0.612947982700551,"LOW","NONE",0,0,"INSUFFICIENT_SAMPLE",,,,,,,,,,,,,,,,,,,,,,,,,,,,,,,,,0.0209227852021165,,0.0278945922679479,"LOW","NONE",0,0,"INSUFFICIENT_SAMPLE",,,,,,,,,,,,,,,,,0.017282767107641,,0,"LOW","NONE",0,0,"INSUFFICIENT_SAMPLE"
4,"00-0035282","6185","Easton Stick","QB","TB",2023,18,"LAC",0,"rosters_weekly",0.904213647421199,,,"INSUFFICIENT_SAMPLE","ROOKIE_OR_NO_PRIOR_SEASON",0,0,"INSUFFICIENT_SAMPLE",,,,,,,,,,,,,,,,,,,,,,,,,,,,,,,,,0.174633534491009,,,"INSUFFICIENT_SAMPLE","ROOKIE_OR_NO_PRIOR_SEASON",0,0,"INSUFFICIENT_SAMPLE",,,,,,,,,,,,,,,,,0.179322378865379,,,"INSUFFICIENT_SAMPLE","ROOKIE_OR_NO_PRIOR_SEASON",0,0,"INSUFFICIENT_SAMPLE"
4,"00-0035289","6011","Gardner Minshew","QB","ARI",2025,16,"KC",0,"rosters_weekly",0.361360365157525,,0.195852828402754,"LOW","TEAM_CHANGE",0,0,"INSUFFICIENT_SAMPLE",,,,,,,,,,,,,,,,,,,,,,,,,,,,,,,,,0.00809680381271162,,0,"LOW","TEAM_CHANGE",0,0,"INSUFFICIENT_SAMPLE",,,,,,,,,,,,,,,,,9.8658349706993e-05,,0,"LOW","TEAM_CHANGE",0,0,"INSUFFICIENT_SAMPLE"
4,"00-0035345","6529","Chris Myarick","TE","LV",2026,2,"LV",2,"rosters_weekly",0.0888797615466176,0.0634615384615385,,"INSUFFICIENT_SAMPLE","ROOKIE_OR_NO_PRIOR_SEASON",2,8,"LOW",0.00190432749330717,0,,"INSUFFICIENT_SAMPLE","ROOKIE_OR_NO_PRIOR_SEASON",2,0,"INSUFFICIENT_SAMPLE",0.00102768761951884,0,,"INSUFFICIENT_SAMPLE","ROOKIE_OR_NO_PRIOR_SEASON",2,0,"INSUFFICIENT_SAMPLE",0.0853342511189619,,,"INSUFFICIENT_SAMPLE","ROOKIE_OR_NO_PRIOR_SEASON",0,0,"INSUFFICIENT_SAMPLE",0.0152269173671371,0,,"INSUFFICIENT_SAMPLE","ROOKIE_OR_NO_PRIOR_SEASON",2,0,"INSUFFICIENT_SAMPLE",,,,,,,,,,,,,,,,,0.00122460338384893,0,,"INSUFFICIENT_SAMPLE","ROOKIE_OR_NO_PRIOR_SEASON",2,0,"INSUFFICIENT_SAMPLE",,,,,,,,
4,"00-0035359","6154","David Sills","WR","TB",2025,18,"ATL",0,"rosters_weekly",0.600552827658307,,0.6017941694878,"LOW","TEAM_CHANGE",0,0,"INSUFFICIENT_SAMPLE",0.097371879737045,,0.0976061421579873,"LOW","TEAM_CHANGE",0,0,"INSUFFICIENT_SAMPLE",0.141223644370491,,0.141563403722828,"LOW","TEAM_CHANGE",0,0,"INSUFFICIENT_SAMPLE",0.580338789399872,,0.581645162701836,"LOW","TEAM_CHANGE",0,0,"INSUFFICIENT_SAMPLE",0.238981173314057,,0.239555917927493,"LOW","TEAM_CHANGE",0,0,"INSUFFICIENT_SAMPLE",,,,,,,,,,,,,,,,,0.0729344112802105,,0.073167432603222,"LOW","TEAM_CHANGE",0,0,"INSUFFICIENT_SAMPLE",,,,,,,,
4,"00-0035406","5938","Lil'Jordan Humphrey","WR","DEN",2026,2,"DEN",1,"rosters_weekly",0.412950824485736,0.0508474576271186,0.566445390680276,"MEDIUM","NONE",1,3,"LOW",0.0578768846698793,0.0303030303030303,0.0700096393648459,"MEDIUM","NONE",1,1,"LOW",0.116613320738812,0.0522388059701493,0.144892879692034,"MEDIUM","NONE",1,1,"LOW",0.468254667537613,,0.472023132173586,"MEDIUM","NONE",0,0,"INSUFFICIENT_SAMPLE",0.115479955055548,0.0555555555555556,0.141838607020825,"MEDIUM","NONE",1,1,"LOW",,,,,,,,,,,,,,,,,0.0434023310272643,0,0.0622416146634704,"MEDIUM","NONE",1,0,"INSUFFICIENT_SAMPLE",,,,,,,,
4,"00-0035500","5970","Greg Dortch","WR","BUF",2026,3,"BUF",3,"rosters_weekly",0.185187812198952,0.0444203683640303,0.428324411442766,"LOW","TEAM_CHANGE",3,9,"LOW",0.0232985625882803,0,0.0659396611078774,"LOW","TEAM_CHANGE",3,0,"INSUFFICIENT_SAMPLE",0.0110533715739108,0,0.0316210221585201,"LOW","TEAM_CHANGE",3,0,"INSUFFICIENT_SAMPLE",0.411621657666037,,0.412508584881379,"LOW","TEAM_CHANGE",0,0,"INSUFFICIENT_SAMPLE",0.0574958804500842,0,0.162445475632945,"LOW","TEAM_CHANGE",3,0,"INSUFFICIENT_SAMPLE",,,,,,,,,,,,,,,,,0.0166602862901699,0,0.0459592142910859,"LOW","TEAM_CHANGE",3,0,"INSUFFICIENT_SAMPLE",,,,,,,,
4,"00-0035535","6149","Darius Slayton","WR","IND",2025,18,"NYG",0,"rosters_weekly",0.833358820039572,,0.833312008030356,"LOW","TEAM_CHANGE",0,0,"INSUFFICIENT_SAMPLE",0.143341311701511,,0.143916412756154,"LOW","TEAM_CHANGE",0,0,"INSUFFICIENT_SAMPLE",0.250478219375995,,0.251098358062703,"LOW","TEAM_CHANGE",0,0,"INSUFFICIENT_SAMPLE",0.689535706968463,,0.689151776509652,"LOW","TEAM_CHANGE",0,0,"INSUFFICIENT_SAMPLE",0.315879618611149,,0.317433919457159,"LOW","TEAM_CHANGE",0,0,"INSUFFICIENT_SAMPLE",,,,,,,,,,,,,,,,,0.200855646957869,,0.202162915064304,"LOW","TEAM_CHANGE",0,0,"INSUFFICIENT_SAMPLE",,,,,,,,
4,"00-0035537","6039","Ty Johnson","RB","BUF",2026,3,"BUF",1,"rosters_weekly",0.30358078423246,0.230769230769231,0.333635755954758,"MEDIUM","NONE",1,15,"MEDIUM",0.0827183226524855,0.121212121212121,0.06684036718499,"MEDIUM","NONE",1,4,"LOW",-0.0154038366929208,0,-0.021929783243709,"MEDIUM","NONE",1,4,"LOW",0.317943556877235,,0.31773838996564,"MEDIUM","NONE",0,0,"INSUFFICIENT_SAMPLE",,,,,,,,,0.128121088269987,0,0.181261352183564,"MEDIUM","NONE",1,0,"INSUFFICIENT_SAMPLE",0.138821938611746,0,0.196292488867902,"MEDIUM","NONE",1,0,"INSUFFICIENT_SAMPLE",0.0239506190347253,0,0.0339216613980577,"MEDIUM","NONE",1,0,"INSUFFICIENT_SAMPLE",0.267492444094447,0,0.379169915310336,"MEDIUM","NONE",1,0,"INSUFFICIENT_SAMPLE"
4,"00-0035544","6588","Tom Kennedy","WR","DET",2026,3,"DET",3,"rosters_weekly",0.0219725197274821,0,0.0523614176319745,"MEDIUM","NONE",3,0,"INSUFFICIENT_SAMPLE",0.00288941943397204,0,0.00739667075666241,"MEDIUM","NONE",3,0,"INSUFFICIENT_SAMPLE",0.00426342533399405,0,0.011138515962974,"MEDIUM","NONE",3,0,"INSUFFICIENT_SAMPLE",0.188966414258802,,0.178571757886166,"LOW","NONE",0,0,"INSUFFICIENT_SAMPLE",0.00546501604434692,0,0.0139231449537175,"MEDIUM","NONE",3,0,"INSUFFICIENT_SAMPLE",,,,,,,,,,,,,,,,,0.000208564723035041,0,0,"MEDIUM","NONE",3,0,"INSUFFICIENT_SAMPLE",,,,,,,,
4,"00-0035567","6659","Craig Reynolds","RB","WAS",2025,10,"DET",0,"rosters_weekly",0.0199445363886921,,0.00754437765312892,"LOW","TEAM_CHANGE",0,0,"INSUFFICIENT_SAMPLE",0.00197567579867687,,0,"LOW","TEAM_CHANGE",0,0,"INSUFFICIENT_SAMPLE",-0.000931297168198571,,0,"LOW","TEAM_CHANGE",0,0,"INSUFFICIENT_SAMPLE",0.146340590343391,,,"INSUFFICIENT_SAMPLE","NO_PRIOR_EVIDENCE_THIS_METRIC",0,0,"INSUFFICIENT_SAMPLE",,,,,,,,,0.0144182921579783,,0.00587553904610081,"LOW","TEAM_CHANGE",0,0,"INSUFFICIENT_SAMPLE",0.0154615772339063,,0.00655348585911244,"LOW","TEAM_CHANGE",0,0,"INSUFFICIENT_SAMPLE",0,,0,"LOW","TEAM_CHANGE",0,0,"INSUFFICIENT_SAMPLE",0.00167180690413518,,0,"LOW","TEAM_CHANGE",0,0,"INSUFFICIENT_SAMPLE"
4,"00-0035589","6045","Gary Jennings","WR","LAC",2026,2,"LAC",1,"rosters_weekly",0.00600309510685645,0,,"INSUFFICIENT_SAMPLE","ROOKIE_OR_NO_PRIOR_SEASON",1,0,"INSUFFICIENT_SAMPLE",0,0,,"INSUFFICIENT_SAMPLE","ROOKIE_OR_NO_PRIOR_SEASON",1,0,"INSUFFICIENT_SAMPLE",0,0,,"INSUFFICIENT_SAMPLE","ROOKIE_OR_NO_PRIOR_SEASON",1,0,"INSUFFICIENT_SAMPLE",,,,"INSUFFICIENT_SAMPLE","ROOKIE_OR_NO_PRIOR_SEASON",0,0,"INSUFFICIENT_SAMPLE",0,0,,"INSUFFICIENT_SAMPLE","ROOKIE_OR_NO_PRIOR_SEASON",1,0,"INSUFFICIENT_SAMPLE",,,,,,,,,,,,,,,,,0,0,,"INSUFFICIENT_SAMPLE","ROOKIE_OR_NO_PRIOR_SEASON",1,0,"INSUFFICIENT_SAMPLE",,,,,,,,
4,"00-0035594","6012","Travis Homer","RB","PIT",2026,3,"PIT",2,"rosters_weekly",0.0225808058846409,0.0397094430992736,0.00117250929031538,"LOW","TEAM_CHANGE",2,5,"LOW",0.000142874224568152,0,0,"LOW","TEAM_CHANGE",2,0,"INSUFFICIENT_SAMPLE",1.13628439795818e-05,0,0,"LOW","TEAM_CHANGE",2,0,"INSUFFICIENT_SAMPLE",0.13323365497474,,0.0638297872340425,"LOW","TEAM_CHANGE",0,0,"INSUFFICIENT_SAMPLE",,,,,,,,,0.0349736605822527,0.0726190476190476,0.000692086152670167,"LOW","TEAM_CHANGE",2,3,"LOW",0.0368418773366483,0.0763157894736842,0.000773508052984304,"LOW","TEAM_CHANGE",2,3,"LOW",1.73876659365026e-08,0,0,"LOW","TEAM_CHANGE",2,0,"INSUFFICIENT_SAMPLE",0.0732238688927341,0.25,0,"LOW","TEAM_CHANGE",1,1,"LOW"
4,"00-0035602","6386","Alex Bachman","WR","LAR",2025,18,"LV",0,"rosters_weekly",0.0959082450818084,,0.0952319196958023,"LOW","TEAM_CHANGE",0,0,"INSUFFICIENT_SAMPLE",0.00595147408522891,,0.00591071363821603,"LOW","TEAM_CHANGE",0,0,"INSUFFICIENT_SAMPLE",0.00283774851351245,,0.00276638197683854,"LOW","TEAM_CHANGE",0,0,"INSUFFICIENT_SAMPLE",0.0911939709508063,,0.0791539996909853,"LOW","TEAM_CHANGE",0,0,"INSUFFICIENT_SAMPLE",0.0145584646289105,,0.0143600607077457,"LOW","TEAM_CHANGE",0,0,"INSUFFICIENT_SAMPLE",,,,,,,,,,,,,,,,,0.000327209293465664,,0,"LOW","TEAM_CHANGE",0,0,"INSUFFICIENT_SAMPLE",,,,,,,,
4,"00-0035631","6001","Drew Sample","TE","CIN",2026,3,"CIN",3,"rosters_weekly",0.596100356077173,0.595202696005551,0.630921084975377,"MEDIUM","NONE",3,107,"LOW",0.040535723363699,0.0425759520753102,0.0415419456206913,"MEDIUM","NONE",3,5,"LOW",0.000617899033322848,0.00386100386100386,-0.00786562769472008,"MEDIUM","NONE",3,5,"LOW",0.467655451729901,,0.467676366152563,"MEDIUM","NONE",0,0,"INSUFFICIENT_SAMPLE",0.207634495227466,0.186147186147186,0.23770913539671,"MEDIUM","NONE",3,5,"LOW",,,,,,,,,,,,,,,,,0.0213535159754017,0.0476190476190476,0.0011472830877529,"MEDIUM","NONE",3,1,"LOW",,,,,,,,
4,"00-0035639","5880","Parris Campbell","WR","DAL",2025,6,"DAL",0,"rosters_weekly",0.180199430875846,,0.037037037037037,"LOW","NONE",0,0,"INSUFFICIENT_SAMPLE",0.0115889823602156,,0,"LOW","NONE",0,0,"INSUFFICIENT_SAMPLE",0.00884116342997776,,0,"LOW","NONE",0,0,"INSUFFICIENT_SAMPLE",0.270943683394323,,,"INSUFFICIENT_SAMPLE","NO_PRIOR_EVIDENCE_THIS_METRIC",0,0,"INSUFFICIENT_SAMPLE",0.031512007218574,,0,"LOW","NONE",0,0,"INSUFFICIENT_SAMPLE",,,,,,,,,,,,,,,,,0.0128459452555948,,0,"LOW","NONE",0,0,"INSUFFICIENT_SAMPLE",,,,,,,,
4,"00-0035640","5846","DK Metcalf","WR","PIT",2026,3,"PIT",3,"rosters_weekly",0.940629648119049,0.985347985347985,0.855063215075794,"MEDIUM","NONE",3,191,"LOW",0.167608669822596,0.174881518346564,0.172231591887666,"MEDIUM","NONE",3,24,"LOW",0.306892970503186,0.325117076794691,0.337356136473483,"MEDIUM","NONE",3,24,"LOW",0.800878924227108,,0.800909392152982,"MEDIUM","NONE",0,0,"INSUFFICIENT_SAMPLE",0.396183827291362,0.393031189083821,0.453329734972751,"MEDIUM","NONE",3,24,"LOW",,,,,,,,,,,,,,,,,0.0687475451276186,0.0555555555555556,0.0563056957453821,"MEDIUM","NONE",3,1,"LOW",,,,,,,,
4,"00-0035644","5857","Noah Fant","TE","NO",2026,3,"NO",3,"rosters_weekly",0.424987372909053,0.47701969955869,0.295511978253557,"LOW","TEAM_CHANGE",3,109,"LOW",0.0543951007268761,0.0687728347302815,0.0324507577352523,"LOW","TEAM_CHANGE",3,12,"LOW",0.0301256391600264,0.0471285684424935,0.00874907553356724,"LOW","TEAM_CHANGE",3,12,"LOW",0.202928041363678,,0.200458527359758,"LOW","TEAM_CHANGE",0,0,"INSUFFICIENT_SAMPLE",0.244707754523853,0.288888888888889,0.192501900322606,"LOW","TEAM_CHANGE",3,12,"LOW",,,,,,,,,,,,,,,,,0.0943528787526412,0.1,0.0594899589319363,"LOW","TEAM_CHANGE",3,3,"LOW",,,,,,,,
4,"00-0035645","6699","Gunner Olszewski","WR","NYG",2025,18,"NYG",0,"rosters_weekly",0.30799278376784,,0.309101248266065,"MEDIUM","NONE",0,0,"INSUFFICIENT_SAMPLE",0.0666240296409868,,0.0668838633327226,"MEDIUM","NONE",0,0,"INSUFFICIENT_SAMPLE",0.131202164749684,,0.131716302001454,"MEDIUM","NONE",0,0,"INSUFFICIENT_SAMPLE",0.292247729353196,,0.308007977571491,"MEDIUM","NONE",0,0,"INSUFFICIENT_SAMPLE",0.141485255604118,,0.142037508884433,"MEDIUM","NONE",0,0,"INSUFFICIENT_SAMPLE",,,,,,,,,,,,,,,,,0.0122050014162769,,0.0122517424863143,"MEDIUM","NONE",0,0,"INSUFFICIENT_SAMPLE",,,,,,,,
4,"00-0035659","5927","Terry McLaurin","WR","WAS",2026,3,"WAS",3,"rosters_weekly",0.76926110890105,0.783924442175441,0.755511397086182,"MEDIUM","NONE",3,163,"LOW",0.183822612433702,0.176685084928652,0.168631630160349,"MEDIUM","NONE",3,22,"LOW",0.361463731671171,0.313972792447692,0.377713528605271,"MEDIUM","NONE",3,22,"LOW",0.656554057633346,,0.654215588797104,"MEDIUM","NONE",0,0,"INSUFFICIENT_SAMPLE",0.342966097533765,0.311666666666667,0.365024096703593,"MEDIUM","NONE",3,22,"LOW",,,,,,,,,,,,,,,,,0.0728583723537777,0.0846560846560847,0.0730595268600559,"MEDIUM","NONE",3,2,"LOW",,,,,,,,
4,"00-0035662","5848","Marquise Brown","WR","PHI",2026,2,"PHI",1,"rosters_weekly",0.481448927013543,0.223684210526316,0.588020419529217,"LOW","TEAM_CHANGE",1,17,"MEDIUM",0.070871367770774,0,0.100141839338595,"LOW","TEAM_CHANGE",1,0,"INSUFFICIENT_SAMPLE",0.20708302144369,0,0.292968168818118,"LOW","TEAM_CHANGE",1,0,"INSUFFICIENT_SAMPLE",0.537465462259303,,0.537550495840606,"LOW","TEAM_CHANGE",0,0,"INSUFFICIENT_SAMPLE",0.225376456895983,0,0.318921993996208,"LOW","TEAM_CHANGE",1,0,"INSUFFICIENT_SAMPLE",,,,,,,,,,,,,,,,,0.0108009947693971,0,0.0150168882558683,"LOW","TEAM_CHANGE",1,0,"INSUFFICIENT_SAMPLE",,,,,,,,
4,"00-0035676","5859","A.J. Brown","WR","NE",2026,1,"NE",1,"rosters_weekly",0.78248105051134,0.436619718309859,0.925704469952225,"LOW","TEAM_CHANGE",1,31,"MEDIUM",0.183835920852309,0.0909090909090909,0.222404329422884,"LOW","TEAM_CHANGE",1,4,"LOW",0.302104431084112,0.085972850678733,0.391237324964516,"LOW","TEAM_CHANGE",1,4,"LOW",0.795459200267057,,0.79565560046828,"LOW","TEAM_CHANGE",0,0,"INSUFFICIENT_SAMPLE",0.371055230476166,0.210526315789474,0.437321419872025,"LOW","TEAM_CHANGE",1,4,"LOW",,,,,,,,,,,,,,,,,0.0963907485250856,0,0.133999280331877,"LOW","TEAM_CHANGE",1,0,"INSUFFICIENT_SAMPLE",,,,,,,,
4,"00-0035685","5892","David Montgomery","RB","HOU",2026,3,"HOU",3,"rosters_weekly",0.488408195839687,0.551648695108611,0.343860031488561,"LOW","TEAM_CHANGE",3,115,"LOW",0.0449681173776804,0.0514520202020202,0.0327199392527724,"LOW","TEAM_CHANGE",3,7,"LOW",0.0152549533374927,0.0224105652447944,-0.00151532390212196,"LOW","TEAM_CHANGE",3,7,"LOW",0.303352258235641,,0.303359087249307,"LOW","TEAM_CHANGE",0,0,"INSUFFICIENT_SAMPLE",,,,,,,,,0.443363601049584,0.522990271377368,0.318349266478313,"LOW","TEAM_CHANGE",3,37,"LOW",0.51083216992354,0.601908866995074,0.338363180256297,"LOW","TEAM_CHANGE",3,37,"LOW",0.0252286246517261,0.0555555555555556,0.00227806604555054,"LOW","TEAM_CHANGE",3,1,"LOW",0.527284220945641,0.611111111111111,0.50855940119376,"LOW","TEAM_CHANGE",3,7,"LOW"
4,"00-0035689","5906","Dawson Knox","TE","BUF",2026,3,"BUF",3,"rosters_weekly",0.661592370733012,0.730951091162359,0.534392227291372,"MEDIUM","NONE",3,141,"LOW",0.056756180863925,0.034983034983035,0.0963854850856666,"MEDIUM","NONE",3,4,"LOW",0.0458709801610878,0.00975536168347094,0.110765894129532,"MEDIUM","NONE",3,4,"LOW",0.432755434803103,,0.432694832498593,"MEDIUM","NONE",0,0,"INSUFFICIENT_SAMPLE",0.288298971277272,0.180952380952381,0.473527772810617,"MEDIUM","NONE",3,4,"LOW",,,,,,,,,,,,,,,,,0.0783670033672994,0.037037037037037,0.156605453772822,"MEDIUM","NONE",3,1,"LOW",,,,,,,,
4,"00-0035700","5850","Josh Jacobs","RB","GB",2025,19,"GB",0,"rosters_weekly",0.50990217915801,,0.509670607741402,"MEDIUM","NONE",0,0,"INSUFFICIENT_SAMPLE",0.0576330441533434,,0.0576041878089894,"MEDIUM","NONE",0,0,"INSUFFICIENT_SAMPLE",0.00222725748851507,,0.00225100954273528,"MEDIUM","NONE",0,0,"INSUFFICIENT_SAMPLE",0.351987045786466,,0.351575852253247,"MEDIUM","NONE",0,0,"INSUFFICIENT_SAMPLE",,,,,,,,,0.600551206202738,,0.600643909285741,"MEDIUM","NONE",0,0,"INSUFFICIENT_SAMPLE",0.713994282583221,,0.71423617421761,"MEDIUM","NONE",0,0,"INSUFFICIENT_SAMPLE",0.118882861452291,,0.119525349852914,"MEDIUM","NONE",0,0,"INSUFFICIENT_SAMPLE",0.769025922501975,,0.76984003465556,"MEDIUM","NONE",0,0,"INSUFFICIENT_SAMPLE"
4,"00-0035704","5854","Drew Lock","QB","SEA",2026,2,"SEA",2,"rosters_weekly",0.588264302062527,0.959183673469388,0.112830512173755,"MEDIUM","NONE",2,115,"LOW",,,,,,,,,,,,,,,,,,,,,,,,,,,,,,,,,0.0076151128995947,0,0.0119213741133021,"MEDIUM","NONE",2,0,"INSUFFICIENT_SAMPLE",,,,,,,,,,,,,,,,,0.000145021792844959,0,0,"MEDIUM","NONE",2,0,"INSUFFICIENT_SAMPLE"
4,"00-0035710","5870","Daniel Jones","QB","IND",2026,3,"IND",3,"rosters_weekly",0.920101739927755,1,0.77163906184065,"MEDIUM","NONE",3,190,"LOW",,,,,,,,,,,,,,,,,,,,,,,,,,,,,,,,,0.0360768195532707,0.0333333333333333,0.0257749973589246,"MEDIUM","NONE",3,3,"LOW",,,,,,,,,,,,,,,,,0.0149877068470091,0,0.0410525814813849,"MEDIUM","NONE",3,0,"INSUFFICIENT_SAMPLE"
4,"00-0035719","5872","Deebo Samuel","WR","SF",2026,3,"SF",3,"rosters_weekly",0.678656523152714,0.602989840348331,0.743198473619639,"LOW","TEAM_CHANGE",3,99,"LOW",0.114576348559035,0.112445779112446,0.159035702557017,"LOW","TEAM_CHANGE",3,11,"LOW",0.0790392881583916,0.0732165050956997,0.11459674304591,"LOW","TEAM_CHANGE",3,11,"LOW",0.68081246220746,,0.68082907674377,"LOW","TEAM_CHANGE",0,0,"INSUFFICIENT_SAMPLE",0.26160307372615,0.258467023172906,0.356671978283951,"LOW","TEAM_CHANGE",3,11,"LOW",,,,,,,,,,,,,,,,,0.0816996004425061,0.125,0.0755272268352149,"LOW","TEAM_CHANGE",3,3,"LOW",,,,,,,,
4,"00-0035891","7039","Cody White","WR","LV",2026,3,"LV",3,"rosters_weekly",,,,"INSUFFICIENT_SAMPLE","NO_PRIOR_EVIDENCE_THIS_METRIC",0,0,"INSUFFICIENT_SAMPLE",0.0485237132417335,0.0538745008221752,0.0273450544819102,"LOW","TEAM_CHANGE",3,6,"LOW",0.0514275317495787,0.0497873470918282,0.0452048553126924,"LOW","TEAM_CHANGE",3,6,"LOW",0.188671845818365,,0.182718926256397,"LOW","TEAM_CHANGE",0,0,"INSUFFICIENT_SAMPLE",0.138001112216646,0.153409090909091,0.0564627476913571,"LOW","TEAM_CHANGE",3,6,"LOW",,,,,,,,,,,,,,,,,0.181923060701436,0.26984126984127,0,"LOW","TEAM_CHANGE",3,4,"LOW",,,,,,,,
4,"00-0035924","7087","Jonathan Ward","RB","BAL",2024,8,"PIT",0,"rosters_weekly",0.0317357747940921,,,"INSUFFICIENT_SAMPLE","ROOKIE_OR_NO_PRIOR_SEASON",0,0,"INSUFFICIENT_SAMPLE",0.000338089672022213,,,"INSUFFICIENT_SAMPLE","ROOKIE_OR_NO_PRIOR_SEASON",0,0,"INSUFFICIENT_SAMPLE",5.68292227023736e-05,,,"INSUFFICIENT_SAMPLE","ROOKIE_OR_NO_PRIOR_SEASON",0,0,"INSUFFICIENT_SAMPLE",0.0537249986659293,,,"INSUFFICIENT_SAMPLE","ROOKIE_OR_NO_PRIOR_SEASON",0,0,"INSUFFICIENT_SAMPLE",,,,,,,,,0.0307207231160281,,,"INSUFFICIENT_SAMPLE","ROOKIE_OR_NO_PRIOR_SEASON",0,0,"INSUFFICIENT_SAMPLE",0.03688275977639,,,"INSUFFICIENT_SAMPLE","ROOKIE_OR_NO_PRIOR_SEASON",0,0,"INSUFFICIENT_SAMPLE",0.000648102607636555,,,"INSUFFICIENT_SAMPLE","ROOKIE_OR_NO_PRIOR_SEASON",0,0,"INSUFFICIENT_SAMPLE",0,,,"INSUFFICIENT_SAMPLE","ROOKIE_OR_NO_PRIOR_SEASON",0,0,"INSUFFICIENT_SAMPLE"
4,"00-0035993","7083","Tyler Huntley","QB","BAL",2025,17,"BAL",0,"rosters_weekly",0.709219575683604,,0.673716295704925,"MEDIUM","NONE",0,0,"INSUFFICIENT_SAMPLE",,,,,,,,,,,,,,,,,,,,,,,,,,,,,,,,,0.0538629460473251,,0.0555337485048143,"MEDIUM","NONE",0,0,"INSUFFICIENT_SAMPLE",,,,,,,,,,,,,,,,,0.072217662682975,,0.0793814529172376,"MEDIUM","NONE",0,0,"INSUFFICIENT_SAMPLE"
4,"00-0036020","6918","Salvon Ahmed","RB","CHI",2023,11,"MIA",0,"rosters_weekly",0.280235007895057,,,"INSUFFICIENT_SAMPLE","ROOKIE_OR_NO_PRIOR_SEASON",0,0,"INSUFFICIENT_SAMPLE",0.0711739374854985,,,"INSUFFICIENT_SAMPLE","ROOKIE_OR_NO_PRIOR_SEASON",0,0,"INSUFFICIENT_SAMPLE",0.00668671020752592,,,"INSUFFICIENT_SAMPLE","ROOKIE_OR_NO_PRIOR_SEASON",0,0,"INSUFFICIENT_SAMPLE",0.293350045952653,,,"INSUFFICIENT_SAMPLE","ROOKIE_OR_NO_PRIOR_SEASON",0,0,"INSUFFICIENT_SAMPLE",,,,,,,,,0.120342457565018,,,"INSUFFICIENT_SAMPLE","ROOKIE_OR_NO_PRIOR_SEASON",0,0,"INSUFFICIENT_SAMPLE",0.138317394700928,,,"INSUFFICIENT_SAMPLE","ROOKIE_OR_NO_PRIOR_SEASON",0,0,"INSUFFICIENT_SAMPLE",0.152592727877365,,,"INSUFFICIENT_SAMPLE","ROOKIE_OR_NO_PRIOR_SEASON",0,0,"INSUFFICIENT_SAMPLE",0.0882363877943973,,,"INSUFFICIENT_SAMPLE","ROOKIE_OR_NO_PRIOR_SEASON",0,0,"INSUFFICIENT_SAMPLE"
4,"00-0036040","7002","Juwan Johnson","TE","NO",2026,3,"NO",3,"rosters_weekly",0.666141350861097,0.670955879575702,0.700594845521421,"MEDIUM","NONE",3,158,"LOW",0.130665226332193,0.123837155752049,0.128829171124012,"MEDIUM","NONE",3,19,"LOW",0.114613068748422,0.0865419136955602,0.187850382653961,"MEDIUM","NONE",3,19,"LOW",0.66776554373465,,0.667752701716705,"MEDIUM","NONE",0,0,"INSUFFICIENT_SAMPLE",0.715689207431454,0.644444444444444,0.810894547119661,"MEDIUM","NONE",3,19,"LOW",,,,,,,,,,,,,,,,,0.157342470418923,0.233333333333333,0.0374163008102077,"MEDIUM","NONE",3,6,"LOW",,,,,,,,
4,"00-0036139","7021","Rico Dowdle","RB","PIT",2026,2,"PIT",2,"rosters_weekly",0.466160971148779,0.428571428571429,0.532856649745631,"LOW","TEAM_CHANGE",2,57,"LOW",0.075613529867424,0.0735996526270083,0.0833025951950831,"LOW","TEAM_CHANGE",2,7,"LOW",-0.0255658204958276,0.00956516770470259,-0.0607300178352957,"LOW","TEAM_CHANGE",2,7,"LOW",0.424642926305813,,0.424345247510966,"LOW","TEAM_CHANGE",0,0,"INSUFFICIENT_SAMPLE",,,,,,,,,0.4378514478532,0.388888888888889,0.496024396360022,"LOW","TEAM_CHANGE",2,15,"LOW",0.461357515514241,0.397222222222222,0.533073874892622,"LOW","TEAM_CHANGE",2,15,"LOW",0.0518705024461613,0,0.103804093248127,"LOW","TEAM_CHANGE",2,0,"INSUFFICIENT_SAMPLE",0.484344409508178,1,0.27024707217976,"LOW","TEAM_CHANGE",1,1,"LOW"
4,"00-0036158","6806","J.K. Dobbins","RB","DEN",2026,3,"DEN",3,"rosters_weekly",0.465924806710321,0.429489838940889,0.516215722775505,"MEDIUM","NONE",3,76,"LOW",0.026003986202001,0.016260162601626,0.0323979134718641,"MEDIUM","NONE",3,2,"LOW",-0.0059471448643774,-0.00540540540540541,-0.00301880308314813,"MEDIUM","NONE",3,2,"LOW",0.301443745049311,,0.293911273981809,"MEDIUM","NONE",0,0,"INSUFFICIENT_SAMPLE",,,,,,,,,0.576369716877468,0.523931623931624,0.646285109485169,"MEDIUM","NONE",3,35,"LOW",0.72538130120846,0.684487734487734,0.773865058017148,"MEDIUM","NONE",3,35,"LOW",0.0006184518330297,0,0,"MEDIUM","NONE",3,0,"INSUFFICIENT_SAMPLE",0.472399720942131,0.366666666666667,0.541676397050951,"MEDIUM","NONE",3,6,"LOW"
4,"00-0036165","6920","Isaiah Hodgins","WR","PIT",2025,18,"NYG",0,"rosters_weekly",0.759445876462439,,0.798430261636197,"LOW","TEAM_CHANGE",0,0,"INSUFFICIENT_SAMPLE",0.0476251380372456,,0.0496110253981114,"LOW","TEAM_CHANGE",0,0,"INSUFFICIENT_SAMPLE",0.0993363561704552,,0.105505090687717,"LOW","TEAM_CHANGE",0,0,"INSUFFICIENT_SAMPLE",0.681809267569626,,0.725666676162011,"LOW","TEAM_CHANGE",0,0,"INSUFFICIENT_SAMPLE",0.0936256864461199,,0.0975469829106244,"LOW","TEAM_CHANGE",0,0,"INSUFFICIENT_SAMPLE",,,,,,,,,,,,,,,,,0.0799430281485603,,0.0790712340180755,"LOW","TEAM_CHANGE",0,0,"INSUFFICIENT_SAMPLE",,,,,,,,
4,"00-0036182","7496","Nick Westbrook-Ikhine","WR","IND",2026,3,"IND",1,"rosters_weekly",0.221748538161474,0.0140845070422535,0.304230451564215,"LOW","TEAM_CHANGE",1,1,"LOW",0.0126607319373301,0,0.0172004892131851,"LOW","TEAM_CHANGE",1,0,"INSUFFICIENT_SAMPLE",0.0145490001245774,0,0.0195089685983026,"LOW","TEAM_CHANGE",1,0,"INSUFFICIENT_SAMPLE",0.324949389268407,,0.321198308440615,"LOW","TEAM_CHANGE",0,0,"INSUFFICIENT_SAMPLE",0.0421477716609753,0,0.0581210343340172,"LOW","TEAM_CHANGE",1,0,"INSUFFICIENT_SAMPLE",,,,,,,,,,,,,,,,,0.00445062536472263,0,0.00578492363415166,"LOW","TEAM_CHANGE",1,0,"INSUFFICIENT_SAMPLE",,,,,,,,
4,"00-0036187","7204","Reggie Gilliam","RB","NE",2026,3,"NE",3,"rosters_weekly",0.204802713001582,0.22914706969982,0.17714686122569,"LOW","TEAM_CHANGE",3,41,"LOW",0.0161758280946954,0.0229885057471264,0.00536048941907075,"LOW","TEAM_CHANGE",3,2,"LOW",0.00444740442051649,-0.00170068027210884,0.015589395609822,"LOW","TEAM_CHANGE",3,2,"LOW",0.085365219726529,,0.0853560767120495,"LOW","TEAM_CHANGE",0,0,"INSUFFICIENT_SAMPLE",,,,,,,,,0.00265900897746716,0,0.00752046881198815,"LOW","TEAM_CHANGE",3,0,"INSUFFICIENT_SAMPLE",0.00272954346631272,0,0.00771837588598784,"LOW","TEAM_CHANGE",3,0,"INSUFFICIENT_SAMPLE",0.00228822827319313,0,0.00648475244419718,"LOW","TEAM_CHANGE",3,0,"INSUFFICIENT_SAMPLE",0.00942405723519198,0,0.0133317401667063,"LOW","TEAM_CHANGE",1,0,"INSUFFICIENT_SAMPLE"
4,"00-0036212","6768","Tua Tagovailoa","QB","ATL",2025,15,"MIA",0,"rosters_weekly",0.987517689240814,,0.987376370473296,"LOW","TEAM_CHANGE",0,0,"INSUFFICIENT_SAMPLE",,,,,,,,,,,,,,,,,,,,,,,,,,,,,,,,,0.00836863222901117,,0.00829330588144014,"LOW","TEAM_CHANGE",0,0,"INSUFFICIENT_SAMPLE",,,,,,,,,,,,,,,,,0.012203965509725,,0.0123975965635324,"LOW","TEAM_CHANGE",0,0,"INSUFFICIENT_SAMPLE"
4,"00-0036223","6813","Jonathan Taylor","RB","IND",2026,3,"IND",3,"rosters_weekly",0.843794937665393,0.890806949961879,0.768534657689044,"MEDIUM","NONE",3,169,"LOW",0.0951652053034016,0.100580720092915,0.0943898504264386,"MEDIUM","NONE",3,11,"LOW",-0.0165515087891115,-0.0174787282339675,-0.00490518512499106,"MEDIUM","NONE",3,11,"LOW",0.658054355575044,,0.658216467457803,"MEDIUM","NONE",0,0,"INSUFFICIENT_SAMPLE",,,,,,,,,0.809591079944191,0.855555555555556,0.771708748236246,"MEDIUM","NONE",3,66,"LOW",0.880010138997782,0.924976258309592,0.82809509170599,"MEDIUM","NONE",3,66,"LOW",0.0454361835625793,0.0476190476190476,0.0100486140379634,"MEDIUM","NONE",3,1,"LOW",0.799294722011871,0.888888888888889,0.7080210058413,"MEDIUM","NONE",3,12,"LOW"
4,"00-0036244","6865","Colby Parkinson","TE","LAR",2026,3,"LAR",3,"rosters_weekly",0.671344955942151,0.660810071154899,0.765893523182806,"MEDIUM","NONE",3,128,"LOW",0.0684148202066449,0.0458685212783573,0.119456515767104,"MEDIUM","NONE",3,5,"LOW",0.0369684574180422,0.0107005050085258,0.0905115221036578,"MEDIUM","NONE",3,5,"LOW",0.634138141044422,,0.634721836055113,"MEDIUM","NONE",0,0,"INSUFFICIENT_SAMPLE",0.29489281997658,0.186274509803922,0.550226261463043,"MEDIUM","NONE",3,5,"LOW",,,,,,,,,,,,,,,,,0.149241047782106,0.196969696969697,0.139849536944287,"MEDIUM","NONE",3,2,"LOW",,,,,,,,
4,"00-0036252","6819","Michael Pittman","WR","PIT",2026,3,"PIT",2,"rosters_weekly",0.852720063787769,0.835202086049544,0.882571872788882,"LOW","TEAM_CHANGE",2,104,"LOW",0.117316596172488,0.0960174577195854,0.132848952409188,"LOW","TEAM_CHANGE",2,8,"LOW",0.130981453345434,0.0914311257822708,0.168490649771713,"LOW","TEAM_CHANGE",2,8,"LOW",0.812353330843635,,0.812281704185342,"LOW","TEAM_CHANGE",0,0,"INSUFFICIENT_SAMPLE",0.262024600250342,0.217836257309942,0.295708578526078,"LOW","TEAM_CHANGE",2,8,"LOW",,,,,,,,,,,,,,,,,0.0866598940672116,0,0.173268903573597,"LOW","TEAM_CHANGE",2,0,"INSUFFICIENT_SAMPLE",,,,,,,,
4,"00-0036259","7049","Jauan Jennings","WR","MIN",2026,3,"MIN",2,"rosters_weekly",0.773516579331367,0.648305084745763,0.873644503946868,"LOW","TEAM_CHANGE",2,78,"LOW",0.0901694792107463,0.0417329093799682,0.136287051843874,"LOW","TEAM_CHANGE",2,3,"LOW",0.174140559584469,0.128878066378066,0.226331071102416,"LOW","TEAM_CHANGE",2,3,"LOW",0.745137927603412,,0.745419622971457,"LOW","TEAM_CHANGE",0,0,"INSUFFICIENT_SAMPLE",0.265755019020368,0.105128205128205,0.421527364324979,"LOW","TEAM_CHANGE",2,3,"LOW",,,,,,,,,,,,,,,,,0.130451680527074,0,0.184830067524148,"LOW","TEAM_CHANGE",1,0,"INSUFFICIENT_SAMPLE",,,,,,,,
4,"00-0036264","6804","Jordan Love","QB","GB",2026,3,"GB",3,"rosters_weekly",0.953828235800311,1,0.869444889595176,"MEDIUM","NONE",3,193,"LOW",,,,,,,,,,,,,,,,,,,,,,,,,,,,,,,,,0.0401565150998822,0.0484848484848485,0.011932095835798,"MEDIUM","NONE",3,2,"LOW",,,,,,,,,,,,,,,,,0.0555791934972295,0.111111111111111,0.0191724518769246,"MEDIUM","NONE",3,1,"LOW"
4,"00-0036265","6828","AJ Dillon","RB","CAR",2026,3,"CAR",3,"rosters_weekly",0.118838432130263,0.107458124950385,0.103014564683966,"LOW","TEAM_CHANGE",3,23,"LOW",0.0125929355556004,0.00641025641025641,0.0186352427780995,"LOW","TEAM_CHANGE",3,1,"LOW",-0.00176651813196313,-0.00526711813393529,0.00898717517900723,"LOW","TEAM_CHANGE",3,1,"LOW",0.101867168841884,,0.0860016875988566,"LOW","TEAM_CHANGE",0,0,"INSUFFICIENT_SAMPLE",,,,,,,,,0.141048918692294,0.171313131313131,0.0673309439480519,"LOW","TEAM_CHANGE",3,12,"LOW",0.158855028765784,0.19327485380117,0.0805009002782085,"LOW","TEAM_CHANGE",3,12,"LOW",0.0134289259084967,0,0.0418418884019218,"LOW","TEAM_CHANGE",3,0,"INSUFFICIENT_SAMPLE",0.0681326732495537,0,0.170111975009077,"LOW","TEAM_CHANGE",3,0,"INSUFFICIENT_SAMPLE"
4,"00-0036275","6790","D'Andre Swift","RB","CHI",2026,3,"CHI",3,"rosters_weekly",0.636736857555437,0.657516851489454,0.570226648235341,"MEDIUM","NONE",3,143,"LOW",0.0631735526535838,0.0725279106858054,0.036294368098699,"MEDIUM","NONE",3,9,"LOW",-0.014419867075376,-0.0235931784852833,0.0039415178437019,"MEDIUM","NONE",3,9,"LOW",0.494327528868375,,0.494309014288424,"MEDIUM","NONE",0,0,"INSUFFICIENT_SAMPLE",,,,,,,,,0.558473470760831,0.563669950738916,0.525275409031094,"MEDIUM","NONE",3,54,"LOW",0.623099778123391,0.641636141636142,0.582814052833721,"MEDIUM","NONE",3,54,"LOW",0.0223289699898404,0.0333333333333333,0.00458541242760787,"MEDIUM","NONE",3,1,"LOW",0.512319147497316,0.515151515151515,0.513731125313065,"MEDIUM","NONE",3,14,"LOW"
4,"00-0036290","6826","Cole Kmet","TE","CHI",2026,3,"CHI",3,"rosters_weekly",0.660727781428661,0.628749728201783,0.712735150674435,"MEDIUM","NONE",3,137,"LOW",0.0481343745391966,0.041347687400319,0.070013356569593,"MEDIUM","NONE",3,5,"LOW",0.0574179038337568,0.0743879920056505,0.0500289649468735,"MEDIUM","NONE",3,5,"LOW",0.578266516462405,,0.577961616456802,"MEDIUM","NONE",0,0,"INSUFFICIENT_SAMPLE",0.248079528025422,0.303174603174603,0.230433990220246,"MEDIUM","NONE",3,5,"LOW",,,,,,,,,,,,,,,,,0.0447284257761811,0,0.126633724708111,"MEDIUM","NONE",3,0,"INSUFFICIENT_SAMPLE",,,,,,,,
4,"00-0036309","7090","Darnell Mooney","WR","NYG",2026,3,"NYG",3,"rosters_weekly",0.653678020175639,0.586497155462673,0.811093621474681,"LOW","TEAM_CHANGE",3,109,"LOW",0.109268206755289,0.0858104858104858,0.14167955606536,"LOW","TEAM_CHANGE",3,8,"LOW",0.205036052338121,0.144207096328267,0.288793870032445,"LOW","TEAM_CHANGE",3,8,"LOW",0.831647675859027,,0.831621329477584,"LOW","TEAM_CHANGE",0,0,"INSUFFICIENT_SAMPLE",0.260503950254312,0.204700854700855,0.339803739533086,"LOW","TEAM_CHANGE",3,8,"LOW",,,,,,,,,,,,,,,,,0.046077234549524,0,0.131134582410226,"LOW","TEAM_CHANGE",3,0,"INSUFFICIENT_SAMPLE",,,,,,,,
4,"00-0036322","6794","Justin Jefferson","WR","MIN",2026,3,"MIN",3,"rosters_weekly",0.705617434404901,0.695462001093494,0.910702197195716,"MEDIUM","NONE",3,119,"LOW",0.194788759098971,0.196057233704293,0.243836379083377,"MEDIUM","NONE",3,18,"LOW",0.331927105569454,0.368530620122977,0.351928380735193,"MEDIUM","NONE",3,18,"LOW",0.745337167714331,,0.745181256436255,"MEDIUM","NONE",0,0,"INSUFFICIENT_SAMPLE",0.46039811108417,0.467521367521368,0.580603581534476,"MEDIUM","NONE",3,18,"LOW",,,,,,,,,,,,,,,,,0.544910790374809,0.714285714285714,0.325873167837118,"MEDIUM","NONE",2,4,"LOW",,,,,,,,
4,"00-0036331","6847","Devin Duvernay","WR","ARI",2026,3,"ARI",3,"rosters_weekly",0.0129920263904755,0,0.0364715825206827,"LOW","TEAM_CHANGE",3,0,"INSUFFICIENT_SAMPLE",0.00125048464258573,0,0.0034981729414733,"LOW","TEAM_CHANGE",3,0,"INSUFFICIENT_SAMPLE",0.00167560233173219,0,0.00468895894311745,"LOW","TEAM_CHANGE",3,0,"INSUFFICIENT_SAMPLE",0.104190140364251,,0.0816439253943973,"LOW","TEAM_CHANGE",0,0,"INSUFFICIENT_SAMPLE",0.00323361034460493,0,0.00907211092538478,"LOW","TEAM_CHANGE",3,0,"INSUFFICIENT_SAMPLE",,,,,,,,,,,,,,,,,0.000275554591987591,0,0.000763797613717546,"LOW","TEAM_CHANGE",3,0,"INSUFFICIENT_SAMPLE",,,,,,,,
4,"00-0036332","7050","Josiah Deguara","TE","PHI",2025,18,"ARI",0,"rosters_weekly",0.125459778853509,,0.125126095823582,"LOW","TEAM_CHANGE",0,0,"INSUFFICIENT_SAMPLE",0.020335924839229,,0.0206042124555296,"LOW","TEAM_CHANGE",0,0,"INSUFFICIENT_SAMPLE",0.0156614946421147,,0.0158894210194166,"LOW","TEAM_CHANGE",0,0,"INSUFFICIENT_SAMPLE",0.128503159077711,,0.129083155085467,"LOW","TEAM_CHANGE",0,0,"INSUFFICIENT_SAMPLE",0.0639612175471407,,0.0646704738881753,"LOW","TEAM_CHANGE",0,0,"INSUFFICIENT_SAMPLE",,,,,,,,,,,,,,,,,0.0488471395942449,,0.0495903862541295,"LOW","TEAM_CHANGE",0,0,"INSUFFICIENT_SAMPLE",,,,,,,,
4,"00-0036345","7066","K.J. Osborn","WR","TEN",2024,17,"WAS",0,"rosters_weekly",0.395962205652254,,,"INSUFFICIENT_SAMPLE","ROOKIE_OR_NO_PRIOR_SEASON",0,0,"INSUFFICIENT_SAMPLE",0.0389721017550912,,,"INSUFFICIENT_SAMPLE","ROOKIE_OR_NO_PRIOR_SEASON",0,0,"INSUFFICIENT_SAMPLE",0.0496219805132714,,,"INSUFFICIENT_SAMPLE","ROOKIE_OR_NO_PRIOR_SEASON",0,0,"INSUFFICIENT_SAMPLE",0.291364069191844,,,"INSUFFICIENT_SAMPLE","ROOKIE_OR_NO_PRIOR_SEASON",0,0,"INSUFFICIENT_SAMPLE",0.105525294163666,,,"INSUFFICIENT_SAMPLE","ROOKIE_OR_NO_PRIOR_SEASON",0,0,"INSUFFICIENT_SAMPLE",,,,,,,,,,,,,,,,,0.0664019403932241,,,"INSUFFICIENT_SAMPLE","ROOKIE_OR_NO_PRIOR_SEASON",0,0,"INSUFFICIENT_SAMPLE",,,,,,,,
4,"00-0036355","6797","Justin Herbert","QB","LAC",2026,3,"LAC",3,"rosters_weekly",0.998942440736258,1.00497512437811,0.98825394993281,"MEDIUM","NONE",3,192,"LOW",,,,,,,,,,,,,,,,,,,,,,,,,,,,,,,,,0.070194898033787,0.0448933782267116,0.101849383584767,"MEDIUM","NONE",3,4,"LOW",,,,,,,,,,,,,,,,,0.11598862240927,0.111111111111111,0.133226152742053,"MEDIUM","NONE",3,1,"LOW"
4,"00-0036358","6786","CeeDee Lamb","WR","DAL",2026,3,"DAL",3,"rosters_weekly",0.764287768645424,0.793374565788359,0.70617376373525,"MEDIUM","NONE",3,149,"LOW",0.187789448456471,0.208621731487585,0.151668516173861,"MEDIUM","NONE",3,26,"LOW",0.333596596711694,0.387046395034219,0.236808139912935,"MEDIUM","NONE",3,26,"LOW",0.650050128562557,,0.649115353489364,"MEDIUM","NONE",0,0,"INSUFFICIENT_SAMPLE",0.325192843622779,0.363768115942029,0.274950570818791,"MEDIUM","NONE",3,26,"LOW",,,,,,,,,,,,,,,,,0.14942614936057,0.189033189033189,0.124046868505425,"MEDIUM","NONE",3,4,"LOW",,,,,,,,
4,"00-0036387","6798","Jalen Reagor","WR","MIA",2024,14,"LAC",0,"rosters_weekly",0.317258305246562,,,"INSUFFICIENT_SAMPLE","ROOKIE_OR_NO_PRIOR_SEASON",0,0,"INSUFFICIENT_SAMPLE",0.0348757179832686,,,"INSUFFICIENT_SAMPLE","ROOKIE_OR_NO_PRIOR_SEASON",0,0,"INSUFFICIENT_SAMPLE",0.0422547996517934,,,"INSUFFICIENT_SAMPLE","ROOKIE_OR_NO_PRIOR_SEASON",0,0,"INSUFFICIENT_SAMPLE",0.283440049063859,,,"INSUFFICIENT_SAMPLE","ROOKIE_OR_NO_PRIOR_SEASON",0,0,"INSUFFICIENT_SAMPLE",0.0746817522422238,,,"INSUFFICIENT_SAMPLE","ROOKIE_OR_NO_PRIOR_SEASON",0,0,"INSUFFICIENT_SAMPLE",,,,,,,,,,,,,,,,,0.000270469260374489,,,"INSUFFICIENT_SAMPLE","ROOKIE_OR_NO_PRIOR_SEASON",0,0,"INSUFFICIENT_SAMPLE",,,,,,,,
4,"00-0036389","6904","Jalen Hurts","QB","PHI",2026,3,"PHI",3,"rosters_weekly",0.97410831082739,0.985911949685535,0.977571560123601,"MEDIUM","NONE",3,177,"LOW",,,,,,,,,,,,,,,,,,,,,,,,,,,,,,,,,0.071418343034227,0.0499108734402852,0.099829570692598,"MEDIUM","NONE",3,4,"LOW",,,,,,,,,,,,,,,,,0.134534247161155,0.125,0.099661797044927,"MEDIUM","NONE",3,2,"LOW"
4,"00-0036407","6783","Jerry Jeudy","WR","CLE",2026,3,"CLE",3,"rosters_weekly",0.681089985700662,0.588001867413632,0.872086453527717,"MEDIUM","NONE",3,102,"LOW",0.0835248270556063,0.0509259259259259,0.167961562006531,"MEDIUM","NONE",3,5,"LOW",0.184220733801715,0.0893437296946069,0.394267497220685,"MEDIUM","NONE",3,5,"LOW",0.725077646439966,,0.724767429137539,"MEDIUM","NONE",0,0,"INSUFFICIENT_SAMPLE",0.233775603570461,0.124786324786325,0.494617387469857,"MEDIUM","NONE",3,5,"LOW",,,,,,,,,,,,,,,,,0.0234580997897692,0,0.0649226342534794,"MEDIUM","NONE",3,0,"INSUFFICIENT_SAMPLE",,,,,,,,
4,"00-0036410","6801","Tee Higgins","WR","CIN",2026,3,"CIN",3,"rosters_weekly",0.799055686238563,0.796265616961424,0.76042796024148,"MEDIUM","NONE",3,142,"LOW",0.189027350615967,0.202134740645652,0.165018456741283,"MEDIUM","NONE",3,23,"LOW",0.427330981961979,0.470161241530621,0.385514320884093,"MEDIUM","NONE",3,23,"LOW",0.769219767038668,,0.769506309181844,"MEDIUM","NONE",0,0,"INSUFFICIENT_SAMPLE",0.353429071570202,0.387705627705628,0.323780327175331,"MEDIUM","NONE",3,23,"LOW",,,,,,,,,,,,,,,,,0.192957505892023,0.111111111111111,0.269874559073803,"MEDIUM","NONE",3,1,"LOW",,,,,,,,
4,"00-0036415","6853","Van Jefferson","WR","WAS",2025,17,"TEN",0,"rosters_weekly",0.595134818763723,,0.594813886371357,"LOW","TEAM_CHANGE",0,0,"INSUFFICIENT_SAMPLE",0.0921609246657109,,0.0922748271862776,"LOW","TEAM_CHANGE",0,0,"INSUFFICIENT_SAMPLE",0.218263623160305,,0.218675232462385,"LOW","TEAM_CHANGE",0,0,"INSUFFICIENT_SAMPLE",0.529756963271532,,0.529624421873305,"LOW","TEAM_CHANGE",0,0,"INSUFFICIENT_SAMPLE",0.223794701254833,,0.223903592679085,"LOW","TEAM_CHANGE",0,0,"INSUFFICIENT_SAMPLE",,,,,,,,,,,,,,,,,0.0230516626854013,,0.0229494041097338,"LOW","TEAM_CHANGE",0,0,"INSUFFICIENT_SAMPLE",,,,,,,,
4,"00-0036422","6869","Adam Trautman","TE","DEN",2026,3,"DEN",3,"rosters_weekly",0.524253302557556,0.486983725440594,0.594641325939318,"MEDIUM","NONE",3,86,"LOW",0.0205091902200458,0.0285714285714286,0.022489481314286,"MEDIUM","NONE",3,3,"LOW",0.00928698985427516,-0.0036231884057971,0.0307781029998341,"MEDIUM","NONE",3,3,"LOW",0.41471023402311,,0.41495377734689,"MEDIUM","NONE",0,0,"INSUFFICIENT_SAMPLE",0.114273070481931,0.125,0.167611129507871,"MEDIUM","NONE",3,3,"LOW",,,,,,,,,,,,,,,,,5.51152268007152e-05,0,0.000115732815452953,"MEDIUM","NONE",3,0,"INSUFFICIENT_SAMPLE",,,,,,,,
4,"00-0036425","6931","DeeJay Dallas","RB","MIN",2026,3,"MIN",3,"rosters_weekly",0.111830393563474,0.134387573425299,0.0501318514763648,"LOW","TEAM_CHANGE",3,23,"LOW",0.0149284674368406,0.0231372549019608,0.00550449916774877,"LOW","TEAM_CHANGE",3,2,"LOW",-0.00502026718277872,-0.00659862960818375,-0.000653849348655241,"LOW","TEAM_CHANGE",3,2,"LOW",0.12971986737211,,0.121961038027196,"LOW","TEAM_CHANGE",0,0,"INSUFFICIENT_SAMPLE",,,,,,,,,0.036295792708005,0.0398428731762065,0.0205981546063997,"LOW","TEAM_CHANGE",3,3,"LOW",0.0400709556707472,0.0425396825396825,0.0261306339743739,"LOW","TEAM_CHANGE",3,3,"LOW",0.00152549397843833,0,0,"LOW","TEAM_CHANGE",2,0,"INSUFFICIENT_SAMPLE",0.0140885197436923,0,0.0209209442009609,"LOW","TEAM_CHANGE",1,0,"INSUFFICIENT_SAMPLE"
4,"00-0036427","6960","Tyler Johnson","WR","NYJ",2025,17,"NYJ",0,"rosters_weekly",0.262048022590816,,0.260619014516161,"MEDIUM","NONE",0,0,"INSUFFICIENT_SAMPLE",0.0297190003833689,,0.029218040827427,"MEDIUM","NONE",0,0,"INSUFFICIENT_SAMPLE",0.0358494174700051,,0.0354025442907773,"MEDIUM","NONE",0,0,"INSUFFICIENT_SAMPLE",0.242708030993168,,0.240317756104527,"MEDIUM","NONE",0,0,"INSUFFICIENT_SAMPLE",0.074629057600474,,0.0741721809229917,"MEDIUM","NONE",0,0,"INSUFFICIENT_SAMPLE",,,,,,,,,,,,,,,,,0.0672556370562716,,0.0667860652781652,"MEDIUM","NONE",0,0,"INSUFFICIENT_SAMPLE",,,,,,,,
4,"00-0036429","7075","Charlie Woerner","TE","ATL",2026,3,"ATL",3,"rosters_weekly",0.548409962767659,0.577536231884058,0.490662140207626,"MEDIUM","NONE",3,114,"LOW",0.00975502330634013,0.00813008130081301,0.0132483607453571,"MEDIUM","NONE",3,1,"LOW",0.00241987411361374,0.00209643605870021,0.00312141728468286,"MEDIUM","NONE",3,1,"LOW",0.342429829080239,,0.342603343074589,"MEDIUM","NONE",0,0,"INSUFFICIENT_SAMPLE",0.0423886752500586,0.0416666666666667,0.0462752000278428,"MEDIUM","NONE",3,1,"LOW",,,,,,,,,,,,,,,,,0.00732252798275481,0,0.0103959482321091,"MEDIUM","NONE",1,0,"INSUFFICIENT_SAMPLE",,,,,,,,
4,"00-0036442","6770","Joe Burrow","QB","CIN",2026,3,"CIN",3,"rosters_weekly",0.981421486303877,1.01094072280513,0.925637838882479,"MEDIUM","NONE",3,181,"LOW",,,,,,,,,,,,,,,,,,,,,,,,,,,,,,,,,0.0275534865038314,0.04,0.0293576964910056,"MEDIUM","NONE",3,3,"LOW",,,,,,,,,,,,,,,,,0.0455916794941519,0.0833333333333333,0.0253130510339114,"MEDIUM","NONE",3,2,"LOW"
4,"00-0036463","7521","Chris Blair","WR","ATL",2026,3,"ATL",3,"rosters_weekly",0.206503320706479,0.282608695652174,0.0482948741246965,"LOW","NONE",3,57,"LOW",0.0270788684317483,0.0358844967760022,0,"LOW","NONE",3,4,"LOW",0.035193510607925,0.050314465408805,0,"LOW","NONE",3,4,"LOW",0.0893387417423833,,0.0726854612631167,"LOW","NONE",0,0,"INSUFFICIENT_SAMPLE",0.0561019360372802,0.0773420479302832,0,"LOW","NONE",3,4,"LOW",,,,,,,,,,,,,,,,,0.102145300085099,0.333333333333333,0,"LOW","NONE",1,1,"LOW",,,,,,,,
4,"00-0036497","8013","Tim Jones","WR","JAX",2025,19,"JAX",0,"rosters_weekly",0.0854570099339935,,0.0668602864217236,"MEDIUM","NONE",0,0,"INSUFFICIENT_SAMPLE",0.00529942353644997,,0.0043388816882466,"MEDIUM","NONE",0,0,"INSUFFICIENT_SAMPLE",0.005582668748557,,0.00246220275734409,"MEDIUM","NONE",0,0,"INSUFFICIENT_SAMPLE",0.0663970734863014,,0.0640051996997884,"MEDIUM","NONE",0,0,"INSUFFICIENT_SAMPLE",0.00955797832558917,,0.00773452822687438,"MEDIUM","NONE",0,0,"INSUFFICIENT_SAMPLE",,,,,,,,,,,,,,,,,1.01126358267629e-05,,0,"MEDIUM","NONE",0,0,"INSUFFICIENT_SAMPLE",,,,,,,,
4,"00-0036550","7571","Rashod Bateman","WR","BAL",2026,3,"BAL",3,"rosters_weekly",0.814736129137124,0.883497807017544,0.682234576742141,"MEDIUM","NONE",3,163,"LOW",0.108560984943668,0.123054029304029,0.0695474840543645,"MEDIUM","NONE",3,13,"LOW",0.17860505413799,0.20792151853063,0.116831818521636,"MEDIUM","NONE",3,13,"LOW",0.665419036108659,,0.665604826621858,"MEDIUM","NONE",0,0,"INSUFFICIENT_SAMPLE",0.269190133991114,0.302218614718615,0.173910037829514,"MEDIUM","NONE",3,13,"LOW",,,,,,,,,,,,,,,,,0.196648268237408,0.214285714285714,0.144028958695851,"MEDIUM","NONE",3,2,"LOW",,,,,,,,
4,"00-0036554","7569","Nico Collins","WR","HOU",2026,1,"HOU",1,"rosters_weekly",0.711311382336072,0.721518987341772,0.70702475425643,"MEDIUM","NONE",1,57,"MEDIUM",0.189690805718203,0.208333333333333,0.181955288661532,"MEDIUM","NONE",1,10,"MEDIUM",0.322768596259709,0.372670807453416,0.30205138066103,"MEDIUM","NONE",1,10,"MEDIUM",0.753657419333308,,0.754290076332909,"MEDIUM","NONE",0,0,"INSUFFICIENT_SAMPLE",0.385469755671331,0.476190476190476,0.347744475870266,"MEDIUM","NONE",1,10,"MEDIUM",,,,,,,,,,,,,,,,,0.155801920288544,0.333333333333333,0.0818107859215305,"MEDIUM","NONE",1,2,"LOW",,,,,,,,
4,"00-0036555","7594","Chuba Hubbard","RB","CAR",2026,3,"CAR",3,"rosters_weekly",0.663272984748475,0.740894657458125,0.486061504446679,"MEDIUM","NONE",3,156,"LOW",0.0666458666065204,0.0640468227424749,0.0683230189677398,"MEDIUM","NONE",3,9,"LOW",-0.0354997799427028,-0.0148214817126723,-0.0668106145694595,"MEDIUM","NONE",3,9,"LOW",0.426033180628549,,0.425103256508909,"MEDIUM","NONE",0,0,"INSUFFICIENT_SAMPLE",,,,,,,,,0.56320737424595,0.589292929292929,0.431709671726811,"MEDIUM","NONE",3,42,"LOW",0.605545895502143,0.653216374269006,0.45132846185936,"MEDIUM","NONE",3,42,"LOW",0.0310579357451837,0.0518518518518519,0.0132792561188631,"MEDIUM","NONE",3,2,"LOW",0.721056990989601,0.7,0.669258260365838,"MEDIUM","NONE",3,7,"LOW"
4,"00-0036556","7568","Brevin Jordan","TE","HOU",2024,2,"HOU",0,"rosters_weekly",0.458793807904507,,,"INSUFFICIENT_SAMPLE","ROOKIE_OR_NO_PRIOR_SEASON",0,0,"INSUFFICIENT_SAMPLE",0.0353543040536857,,,"INSUFFICIENT_SAMPLE","ROOKIE_OR_NO_PRIOR_SEASON",0,0,"INSUFFICIENT_SAMPLE",0.0108921609473795,,,"INSUFFICIENT_SAMPLE","ROOKIE_OR_NO_PRIOR_SEASON",0,0,"INSUFFICIENT_SAMPLE",0.300953628445398,,,"INSUFFICIENT_SAMPLE","ROOKIE_OR_NO_PRIOR_SEASON",0,0,"INSUFFICIENT_SAMPLE",0.256636633028245,,,"INSUFFICIENT_SAMPLE","ROOKIE_OR_NO_PRIOR_SEASON",0,0,"INSUFFICIENT_SAMPLE",,,,,,,,,,,,,,,,,0.0126767304715204,,,"INSUFFICIENT_SAMPLE","ROOKIE_OR_NO_PRIOR_SEASON",0,0,"INSUFFICIENT_SAMPLE",,,,,,,,
4,"00-0036590","7536","Quintin Morris","TE","JAX",2026,3,"JAX",3,"rosters_weekly",0.284585203047061,0.318731026108075,0.249872661353537,"MEDIUM","NONE",3,55,"LOW",0.0171480504861635,0.0225925925925926,0.015657459203204,"MEDIUM","NONE",3,2,"LOW",0.00604140184424903,0.00606607921478481,0.00779329879866918,"MEDIUM","NONE",3,2,"LOW",0.156999195233772,,0.154201492367969,"MEDIUM","NONE",0,0,"INSUFFICIENT_SAMPLE",0.130204980330007,0.177777777777778,0.0899756907234431,"MEDIUM","NONE",3,2,"LOW",,,,,,,,,,,,,,,,,0.0215448889903321,0,0.0614093690804987,"MEDIUM","NONE",3,0,"INSUFFICIENT_SAMPLE",,,,,,,,
4,"00-0036613","7526","Jaylen Waddle","WR","DEN",2026,3,"DEN",3,"rosters_weekly",0.688008639276376,0.71180369339742,0.647572729060432,"LOW","TEAM_CHANGE",3,125,"LOW",0.194988236766582,0.194622179988034,0.176973674223228,"LOW","TEAM_CHANGE",3,21,"LOW",0.394791587172445,0.383345902683995,0.361183147659033,"LOW","TEAM_CHANGE",3,21,"LOW",0.626093563901674,,0.625828952323201,"LOW","TEAM_CHANGE",0,0,"INSUFFICIENT_SAMPLE",0.429916821659812,0.392202729044834,0.459425264333063,"LOW","TEAM_CHANGE",3,21,"LOW",,,,,,,,,,,,,,,,,0.0913182404147934,0.0904761904761905,0.0816665957781744,"LOW","TEAM_CHANGE",3,2,"LOW",,,,,,,,
4,"00-0036626","7587","Dyami Brown","WR","WAS",2026,3,"WAS",3,"rosters_weekly",0.340400071488207,0.463766679680071,0.158352018490429,"LOW","TEAM_CHANGE",3,97,"LOW",0.0491848474844366,0.0685103532957526,0.0199526915486694,"LOW","TEAM_CHANGE",3,9,"LOW",0.0999063086630759,0.141435719091632,0.0457407394595167,"LOW","TEAM_CHANGE",3,9,"LOW",0.14919519392234,,0.143211695851836,"LOW","TEAM_CHANGE",0,0,"INSUFFICIENT_SAMPLE",0.090169524551575,0.127222222222222,0.0367622351101196,"LOW","TEAM_CHANGE",3,9,"LOW",,,,,,,,,,,,,,,,,0.0611045955212596,0.0476190476190476,0.0896627473178871,"LOW","TEAM_CHANGE",3,1,"LOW",,,,,,,,
4,"00-0036628","7716","John Bates","TE","WAS",2026,3,"WAS",3,"rosters_weekly",0.495366752166934,0.449270748871337,0.561797926141318,"MEDIUM","NONE",3,93,"LOW",0.033842506285125,0.0412922550278134,0.0335198146347047,"MEDIUM","NONE",3,5,"LOW",0.0095938857962733,0.00899732030799498,0.0124612826884185,"MEDIUM","NONE",3,5,"LOW",0.318808034416029,,0.319205826842242,"MEDIUM","NONE",0,0,"INSUFFICIENT_SAMPLE",0.254510956079825,0.273809523809524,0.276604195507651,"MEDIUM","NONE",3,5,"LOW",,,,,,,,,,,,,,,,,0.054877227210613,0.0740740740740741,0.0633885917437415,"MEDIUM","NONE",3,2,"LOW",,,,,,,,
4,"00-0036630","7595","Tylan Wallace","WR","CLE",2026,3,"CLE",3,"rosters_weekly",0.205491566741299,0.25,0.139716730211391,"LOW","TEAM_CHANGE",3,43,"LOW",0.00270500981541276,0,0.00739949490200365,"LOW","TEAM_CHANGE",3,0,"INSUFFICIENT_SAMPLE",0.00947895413508474,0,0.026653017569191,"LOW","TEAM_CHANGE",3,0,"INSUFFICIENT_SAMPLE",0.127099022061237,,0.122118188591942,"LOW","TEAM_CHANGE",0,0,"INSUFFICIENT_SAMPLE",0.0076723606685289,0,0.0209009192849161,"LOW","TEAM_CHANGE",3,0,"INSUFFICIENT_SAMPLE",,,,,,,,,,,,,,,,,0.000706880780281168,0,0.00196326541089306,"LOW","TEAM_CHANGE",3,0,"INSUFFICIENT_SAMPLE",,,,,,,,
4,"00-0036635","7559","Ihmir Smith-Marsette","WR","CAR",2024,18,"NYG",0,"rosters_weekly",0.00959332792765093,,,"INSUFFICIENT_SAMPLE","ROOKIE_OR_NO_PRIOR_SEASON",0,0,"INSUFFICIENT_SAMPLE",0.000293784096910548,,,"INSUFFICIENT_SAMPLE","ROOKIE_OR_NO_PRIOR_SEASON",0,0,"INSUFFICIENT_SAMPLE",-1.07182266054878e-05,,,"INSUFFICIENT_SAMPLE","ROOKIE_OR_NO_PRIOR_SEASON",0,0,"INSUFFICIENT_SAMPLE",0.0749317540536359,,,"INSUFFICIENT_SAMPLE","ROOKIE_OR_NO_PRIOR_SEASON",0,0,"INSUFFICIENT_SAMPLE",0.000664021592775322,,,"INSUFFICIENT_SAMPLE","ROOKIE_OR_NO_PRIOR_SEASON",0,0,"INSUFFICIENT_SAMPLE",,,,,,,,,,,,,,,,,8.888060307118e-07,,,"INSUFFICIENT_SAMPLE","ROOKIE_OR_NO_PRIOR_SEASON",0,0,"INSUFFICIENT_SAMPLE",,,,,,,,
4,"00-0036637","7828","Noah Gray","TE","KC",2026,3,"KC",3,"rosters_weekly",0.550121682947844,0.57012432012432,0.499158218328474,"MEDIUM","NONE",3,111,"LOW",0.0602311131061582,0.0519284636931696,0.0582268296426179,"MEDIUM","NONE",3,5,"LOW",0.0719001290348618,0.0720748935065842,0.0500986351161925,"MEDIUM","NONE",3,5,"LOW",0.34083856105415,,0.341055532219472,"MEDIUM","NONE",0,0,"INSUFFICIENT_SAMPLE",0.268385783253907,0.242063492063492,0.237182804033617,"MEDIUM","NONE",3,5,"LOW",,,,,,,,,,,,,,,,,0.030494500915876,0.0333333333333333,0.00328785959706967,"MEDIUM","NONE",3,1,"LOW",,,,,,,,
4,"00-0036646","7812","Simi Fehoko","WR","ARI",2026,3,"ARI",3,"rosters_weekly",0.0827198583106474,0.0677777777777778,0.11339154772867,"MEDIUM","NONE",3,12,"LOW",0.000850522691478592,0,0,"MEDIUM","NONE",3,0,"INSUFFICIENT_SAMPLE",0.00175642138476572,0,0,"MEDIUM","NONE",3,0,"INSUFFICIENT_SAMPLE",0.167794908755072,,0.130255174643616,"MEDIUM","NONE",0,0,"INSUFFICIENT_SAMPLE",0.00196479535675679,0,0,"MEDIUM","NONE",3,0,"INSUFFICIENT_SAMPLE",,,,,,,,,,,,,,,,,0.00182174325223454,0,0,"MEDIUM","NONE",3,0,"INSUFFICIENT_SAMPLE",,,,,,,,
4,"00-0036679","8002","Shane Buechele","QB","BUF",2025,18,"KC",0,"rosters_weekly",0.453125,,0.453125,"LOW","TEAM_CHANGE",0,0,"INSUFFICIENT_SAMPLE",,,,,,,,,,,,,,,,,,,,,,,,,,,,,,,,,0,,0,"LOW","TEAM_CHANGE",0,0,"INSUFFICIENT_SAMPLE",,,,,,,,,,,,,,,,,0,,0,"LOW","TEAM_CHANGE",0,0,"INSUFFICIENT_SAMPLE"
4,"00-0036727","8025","Adam Prentice","RB","DEN",2026,3,"DEN",3,"rosters_weekly",0.133465085202343,0.105098237625432,0.198926849981613,"MEDIUM","NONE",3,18,"LOW",0.00899011375622808,0.0101010101010101,0.00768014664818417,"MEDIUM","NONE",3,1,"LOW",0.00219818385108461,0.00248756218905473,0.00185110636102149,"MEDIUM","NONE",3,1,"LOW",0.131336683279678,,0.131483973525728,"MEDIUM","NONE",0,0,"INSUFFICIENT_SAMPLE",,,,,,,,,0.00991696182818915,0,0.0280881671679852,"MEDIUM","NONE",3,0,"INSUFFICIENT_SAMPLE",0.0111403462347289,0,0.0315532033862458,"MEDIUM","NONE",3,0,"INSUFFICIENT_SAMPLE",0.00172588984342215,0,0.0048883047277923,"MEDIUM","NONE",3,0,"INSUFFICIENT_SAMPLE",0.00629263573428358,0,0.0178475363283958,"MEDIUM","NONE",3,0,"INSUFFICIENT_SAMPLE"
4,"00-0036741","7946","Jack Stoll","TE","SF",2025,17,"NO",0,"rosters_weekly",0.148877273309282,,0.149073395377661,"LOW","TEAM_CHANGE",0,0,"INSUFFICIENT_SAMPLE",0.0171793398983311,,0.0172612183810244,"LOW","TEAM_CHANGE",0,0,"INSUFFICIENT_SAMPLE",-0.00113983477788776,,-0.00115416701277464,"LOW","TEAM_CHANGE",0,0,"INSUFFICIENT_SAMPLE",0.112503698196619,,0.11162791632274,"LOW","TEAM_CHANGE",0,0,"INSUFFICIENT_SAMPLE",0.09463438373296,,0.0950874816856385,"LOW","TEAM_CHANGE",0,0,"INSUFFICIENT_SAMPLE",,,,,,,,,,,,,,,,,0.000916809038947571,,0.000920375714329868,"LOW","TEAM_CHANGE",0,0,"INSUFFICIENT_SAMPLE",,,,,,,,
4,"00-0036754","7891","Brock Wright","TE","DET",2026,3,"DET",3,"rosters_weekly",0.547394278928436,0.457068857068857,0.691767193582743,"MEDIUM","NONE",3,94,"LOW",0.0478255210115642,0.026148099318831,0.0820861512595719,"MEDIUM","NONE",3,3,"LOW",0.0129695818444643,0.0101290747832762,0.0157185294658525,"MEDIUM","NONE",3,3,"LOW",0.566184788233039,,0.572588378095708,"MEDIUM","NONE",0,0,"INSUFFICIENT_SAMPLE",0.307685680419109,0.132275132275132,0.60004925660013,"MEDIUM","NONE",3,3,"LOW",,,,,,,,,,,,,,,,,0.004201701923491,0,0.0120070691022643,"MEDIUM","NONE",3,0,"INSUFFICIENT_SAMPLE",,,,,,,,
4,"00-0036755","7537","Jaret Patterson","RB","MIN",2025,19,"LAC",0,"rosters_weekly",0.255218401003859,,0.262512486210112,"LOW","TEAM_CHANGE",0,0,"INSUFFICIENT_SAMPLE",0.017740297576473,,0.0174759622909665,"LOW","TEAM_CHANGE",0,0,"INSUFFICIENT_SAMPLE",7.03033517170666e-05,,-0.000575158252614088,"LOW","TEAM_CHANGE",0,0,"INSUFFICIENT_SAMPLE",0.266807594197561,,0.269405668174984,"LOW","TEAM_CHANGE",0,0,"INSUFFICIENT_SAMPLE",,,,,,,,,0.189823723497651,,0.191878824882345,"LOW","TEAM_CHANGE",0,0,"INSUFFICIENT_SAMPLE",0.231880783669183,,0.236579682786799,"LOW","TEAM_CHANGE",0,0,"INSUFFICIENT_SAMPLE",0,,0,"LOW","TEAM_CHANGE",0,0,"INSUFFICIENT_SAMPLE",0.124918469015599,,0.120876566494441,"LOW","TEAM_CHANGE",0,0,"INSUFFICIENT_SAMPLE"
4,"00-0036775","7865","Brandon Smith","WR","PIT",2025,8,"NYJ",0,"rosters_weekly",0.0556866595619863,,0.0669470214430749,"LOW","TEAM_CHANGE",0,0,"INSUFFICIENT_SAMPLE",0,,0,"LOW","TEAM_CHANGE",0,0,"INSUFFICIENT_SAMPLE",0,,0,"LOW","TEAM_CHANGE",0,0,"INSUFFICIENT_SAMPLE",0.0526315789473684,,0.0526315789473684,"LOW","TEAM_CHANGE",0,0,"INSUFFICIENT_SAMPLE",0,,0,"LOW","TEAM_CHANGE",0,0,"INSUFFICIENT_SAMPLE",,,,,,,,,,,,,,,,,0,,0,"LOW","TEAM_CHANGE",0,0,"INSUFFICIENT_SAMPLE",,,,,,,,
4,"00-0036825","7531","Feleipe Franks","TE","CAR",2026,3,"CAR",3,"rosters_weekly",0.029501074528755,0.0450226244343891,0.0168701293496592,"LOW","TEAM_CHANGE",3,9,"LOW",8.0540218556584e-06,0,0,"LOW","TEAM_CHANGE",3,0,"INSUFFICIENT_SAMPLE",1.36259279810307e-05,0,0,"LOW","TEAM_CHANGE",3,0,"INSUFFICIENT_SAMPLE",0.0430480701091658,,,"INSUFFICIENT_SAMPLE","NO_PRIOR_EVIDENCE_THIS_METRIC",0,0,"INSUFFICIENT_SAMPLE",3.83270072077823e-05,0,0,"LOW","TEAM_CHANGE",3,0,"INSUFFICIENT_SAMPLE",,,,,,,,,,,,,,,,,0,0,0,"LOW","TEAM_CHANGE",3,0,"INSUFFICIENT_SAMPLE",,,,,,,,
4,"00-0036841","7746","Austin Trammell","WR","JAX",2025,14,"JAX",0,"rosters_weekly",0.229029798898592,,0.231655117227236,"MEDIUM","NONE",0,0,"INSUFFICIENT_SAMPLE",0.0417775761052943,,0.0441320441552693,"MEDIUM","NONE",0,0,"INSUFFICIENT_SAMPLE",0.074089704640342,,0.0779062522848566,"MEDIUM","NONE",0,0,"INSUFFICIENT_SAMPLE",0.17298453473963,,0.160582944707275,"MEDIUM","NONE",0,0,"INSUFFICIENT_SAMPLE",0.0885889920201085,,0.0927536256516977,"MEDIUM","NONE",0,0,"INSUFFICIENT_SAMPLE",,,,,,,,,,,,,,,,,0.0517778126197087,,0.0591733660532993,"MEDIUM","NONE",0,0,"INSUFFICIENT_SAMPLE",,,,,,,,
4,"00-0036842","7720","Kene Nwangwu","RB","NYJ",2025,18,"NYJ",0,"rosters_weekly",0.135711491588348,,0.137668071005623,"MEDIUM","NONE",0,0,"INSUFFICIENT_SAMPLE",0.0117179969584854,,0.0119016927009911,"MEDIUM","NONE",0,0,"INSUFFICIENT_SAMPLE",-0.0240741021346412,,-0.024455532947242,"MEDIUM","NONE",0,0,"INSUFFICIENT_SAMPLE",0.136209283787795,,0.17639399669943,"LOW","NONE",0,0,"INSUFFICIENT_SAMPLE",,,,,,,,,0.137673127312112,,0.139757024950008,"MEDIUM","NONE",0,0,"INSUFFICIENT_SAMPLE",0.157722021392431,,0.160115459523733,"MEDIUM","NONE",0,0,"INSUFFICIENT_SAMPLE",6.34828973991981e-09,,0,"MEDIUM","NONE",0,0,"INSUFFICIENT_SAMPLE",0.155330747392761,,0.158839986885227,"MEDIUM","NONE",0,0,"INSUFFICIENT_SAMPLE"
4,"00-0036849","7562","Tutu Atwell","WR","LAR",2026,2,"LAR",1,"rosters_weekly",0.190474838006459,0.189655172413793,0.190897922926576,"MEDIUM","NONE",1,11,"MEDIUM",0.0371426148906827,0.0606060606060606,0.026858877996013,"MEDIUM","NONE",1,2,"LOW",0.0963779320266652,0.175226586102719,0.0628331591281824,"MEDIUM","NONE",1,2,"LOW",0.248935865012976,,0.248015605221936,"MEDIUM","NONE",0,0,"INSUFFICIENT_SAMPLE",0.0813980335070519,0.133333333333333,0.0592874715068879,"MEDIUM","NONE",1,2,"LOW",,,,,,,,,,,,,,,,,0.00309720005277214,0,0.00415988266111579,"MEDIUM","NONE",1,0,"INSUFFICIENT_SAMPLE",,,,,,,,
4,"00-0036862","7757","Ben Skowronek","WR","PIT",2026,3,"PIT",3,"rosters_weekly",0.135815144623273,0.133575464083939,0.104040430261463,"MEDIUM","NONE",3,26,"LOW",0.0131112719936474,0.0153497296354439,0.00386777275380215,"MEDIUM","NONE",3,2,"LOW",0.0207054276778056,0.0210584452728958,0.0073361039236652,"MEDIUM","NONE",3,2,"LOW",0.0817871863782124,,0.0814429975079942,"MEDIUM","NONE",0,0,"INSUFFICIENT_SAMPLE",0.0282123315276852,0.0324074074074074,0.00930734194190724,"MEDIUM","NONE",3,2,"LOW",,,,,,,,,,,,,,,,,0.000101329786536575,0,0.000286588276725492,"MEDIUM","NONE",3,0,"INSUFFICIENT_SAMPLE",,,,,,,,
4,"00-0036875","7611","Rhamondre Stevenson","RB","NE",2026,3,"NE",3,"rosters_weekly",0.602979183031727,0.582079478970258,0.700742528870548,"MEDIUM","NONE",3,113,"LOW",0.0878788183366875,0.0934430512016719,0.0896362468504894,"MEDIUM","NONE",3,11,"LOW",0.00759868879324316,-0.00394773293932958,0.0238434093978143,"MEDIUM","NONE",3,11,"LOW",0.557217319830959,,0.55738995528104,"MEDIUM","NONE",0,0,"INSUFFICIENT_SAMPLE",,,,,,,,,0.42657122374171,0.407004830917874,0.532008434733788,"MEDIUM","NONE",3,31,"LOW",0.462333179203364,0.444444444444444,0.574592045539618,"MEDIUM","NONE",3,31,"LOW",0.0665017172745992,0,0.188292432330188,"MEDIUM","NONE",3,0,"INSUFFICIENT_SAMPLE",0.391146556711957,0.333333333333333,0.414194650187021,"MEDIUM","NONE",1,1,"LOW"
4,"00-0036876","7602","Kylen Granson","TE","TEN",2026,1,"TEN",1,"rosters_weekly",0.18221875343758,0,0.257405735828572,"LOW","TEAM_CHANGE",1,0,"INSUFFICIENT_SAMPLE",0.016826174178034,0,0.0237032352070099,"LOW","TEAM_CHANGE",1,0,"INSUFFICIENT_SAMPLE",0.0132034276660905,0,0.0185393063257542,"LOW","TEAM_CHANGE",1,0,"INSUFFICIENT_SAMPLE",0.205637340365095,,0.204283841945513,"LOW","TEAM_CHANGE",0,0,"INSUFFICIENT_SAMPLE",0.0963425989804575,0,0.135418962189022,"LOW","TEAM_CHANGE",1,0,"INSUFFICIENT_SAMPLE",,,,,,,,,,,,,,,,,0.0186025773695335,0,0.0260321563536825,"LOW","TEAM_CHANGE",1,0,"INSUFFICIENT_SAMPLE",,,,,,,,
4,"00-0036879","7583","Sam Ehlinger","QB","DEN",2023,14,"IND",0,"rosters_weekly",0.519200506957494,,,"INSUFFICIENT_SAMPLE","ROOKIE_OR_NO_PRIOR_SEASON",0,0,"INSUFFICIENT_SAMPLE",,,,,,,,,,,,,,,,,,,,,,,,,,,,,,,,,0.0271479595016794,,,"INSUFFICIENT_SAMPLE","ROOKIE_OR_NO_PRIOR_SEASON",0,0,"INSUFFICIENT_SAMPLE",,,,,,,,,,,,,,,,,0.0446858531909663,,,"INSUFFICIENT_SAMPLE","ROOKIE_OR_NO_PRIOR_SEASON",0,0,"INSUFFICIENT_SAMPLE"
4,"00-0036887","7842","Luke Farrell","TE","SF",2026,3,"SF",3,"rosters_weekly",0.453829876345136,0.535771649733914,0.381030069619322,"MEDIUM","NONE",3,92,"LOW",0.0259256117964656,0.028770706190061,0.0242156689205675,"MEDIUM","NONE",3,3,"LOW",0.030820038988737,0.0361898674458598,0.00555774922145867,"MEDIUM","NONE",3,3,"LOW",0.198417874262465,,0.19836895437548,"MEDIUM","NONE",0,0,"INSUFFICIENT_SAMPLE",0.122027609848932,0.136904761904762,0.123231779980428,"MEDIUM","NONE",3,3,"LOW",,,,,,,,,,,,,,,,,0.00222672482839473,0,0.00630724098115409,"MEDIUM","NONE",3,0,"INSUFFICIENT_SAMPLE",,,,,,,,
4,"00-0036893","7528","Najee Harris","RB","NYG",2026,3,"NYG",2,"rosters_weekly",0.242414507877697,0.18007662835249,0.216219401117544,"LOW","TEAM_CHANGE",2,22,"LOW",0.021839278299421,0,0.0246851959663693,"LOW","TEAM_CHANGE",2,0,"INSUFFICIENT_SAMPLE",-0.00164606248881361,0,0.0098771091473198,"LOW","TEAM_CHANGE",2,0,"INSUFFICIENT_SAMPLE",0.197298574893072,,0.136912972183552,"LOW","TEAM_CHANGE",0,0,"INSUFFICIENT_SAMPLE",,,,,,,,,0.282966761167365,0.21195652173913,0.220447733959825,"LOW","TEAM_CHANGE",2,13,"LOW",0.332045405255625,0.255263157894737,0.283087069424605,"LOW","TEAM_CHANGE",2,13,"LOW",0.00943074612995257,0,0,"LOW","TEAM_CHANGE",2,0,"INSUFFICIENT_SAMPLE",0.240729739271321,0.321428571428571,0.0457681772881487,"LOW","TEAM_CHANGE",2,3,"LOW"
4,"00-0036894","7600","Pat Freiermuth","TE","PIT",2026,3,"PIT",3,"rosters_weekly",0.647187428086324,0.679369218352269,0.613692378085377,"MEDIUM","NONE",3,132,"LOW",0.0989975183137892,0.103662632538012,0.0910743409560419,"MEDIUM","NONE",3,14,"LOW",0.148563674147519,0.132476055288056,0.165379816159738,"MEDIUM","NONE",3,14,"LOW",0.611152907970254,,0.61112554261157,"MEDIUM","NONE",0,0,"INSUFFICIENT_SAMPLE",0.551052044740797,0.624338624338624,0.475669536719677,"MEDIUM","NONE",3,14,"LOW",,,,,,,,,,,,,,,,,0.076334756620361,0.133333333333333,0.0498083492497655,"MEDIUM","NONE",3,2,"LOW",,,,,,,,
4,"00-0036898","7585","Davis Mills","QB","HOU",2025,18,"HOU",0,"rosters_weekly",0.670157949055848,,0.715894191936236,"MEDIUM","NONE",0,0,"INSUFFICIENT_SAMPLE",,,,,,,,,,,,,,,,,,,,,,,,,,,,,,,,,0.0227016462704618,,0.0239683725755762,"MEDIUM","NONE",0,0,"INSUFFICIENT_SAMPLE",,,,,,,,,,,,,,,,,0.0342806718302896,,0.032967543843969,"MEDIUM","NONE",0,0,"INSUFFICIENT_SAMPLE"
4,"00-0036900","7564","Ja'Marr Chase","WR","CIN",2026,3,"CIN",3,"rosters_weekly",0.949331839807979,0.950228679042238,0.935848054706241,"MEDIUM","NONE",3,170,"LOW",0.243029575236727,0.215982028241335,0.254889919623924,"MEDIUM","NONE",3,25,"LOW",0.359854033652542,0.333629984200346,0.364554031021574,"MEDIUM","NONE",3,25,"LOW",0.862301677380553,,0.86230182174418,"MEDIUM","NONE",0,0,"INSUFFICIENT_SAMPLE",0.453826753657234,0.391601731601732,0.528016610174026,"MEDIUM","NONE",3,25,"LOW",,,,,,,,,,,,,,,,,0.502537071518071,0.603174603174603,0.223955241848522,"MEDIUM","NONE",3,4,"LOW",,,,,,,,
4,"00-0036906","7608","Khalil Herbert","RB","ATL",2025,18,"NYJ",0,"rosters_weekly",0.280366927854713,,0.273251711735091,"LOW","TEAM_CHANGE",0,0,"INSUFFICIENT_SAMPLE",0.0358862251946764,,0.0347846761511209,"LOW","TEAM_CHANGE",0,0,"INSUFFICIENT_SAMPLE",-0.0328103737022076,,-0.0330844997460797,"LOW","TEAM_CHANGE",0,0,"INSUFFICIENT_SAMPLE",0.365573613379712,,0.395542220079595,"LOW","TEAM_CHANGE",0,0,"INSUFFICIENT_SAMPLE",,,,,,,,,0.211723661610161,,0.199892026504138,"LOW","TEAM_CHANGE",0,0,"INSUFFICIENT_SAMPLE",0.241228022800391,,0.23056219388856,"LOW","TEAM_CHANGE",0,0,"INSUFFICIENT_SAMPLE",0.041675270330406,,0.0378645849637608,"LOW","TEAM_CHANGE",0,0,"INSUFFICIENT_SAMPLE",0.321823710650301,,0.321291657536273,"LOW","TEAM_CHANGE",0,0,"INSUFFICIENT_SAMPLE"
4,"00-0036912","7525","DeVonta Smith","WR","PHI",2026,3,"PHI",3,"rosters_weekly",0.875578678623064,0.954237007613373,0.725006190629331,"MEDIUM","NONE",3,169,"LOW",0.227284623045544,0.240406804018295,0.191886114862058,"MEDIUM","NONE",3,27,"LOW",0.369988242843397,0.452079016710037,0.224568082004561,"MEDIUM","NONE",3,27,"LOW",0.635947629434948,,0.635792160851524,"MEDIUM","NONE",0,0,"INSUFFICIENT_SAMPLE",0.453372444838151,0.488125685056631,0.383860258053595,"MEDIUM","NONE",3,27,"LOW",,,,,,,,,,,,,,,,,0.150743205826853,0.138888888888889,0.141432595348191,"MEDIUM","NONE",3,2,"LOW",,,,,,,,
4,"00-0036919","7567","Kenneth Gainwell","RB","TB",2026,3,"TB",3,"rosters_weekly",0.483612592144738,0.427299994691299,0.584812837571269,"LOW","TEAM_CHANGE",3,81,"LOW",0.106343098662526,0.0728880938183264,0.153066494500325,"LOW","TEAM_CHANGE",3,10,"LOW",0.0005698813154365,-0.0108411408856325,0.00544963967862411,"LOW","TEAM_CHANGE",3,10,"LOW",0.601627256404453,,0.602498109087122,"LOW","TEAM_CHANGE",0,0,"INSUFFICIENT_SAMPLE",,,,,,,,,0.213350564898303,0.180973824936673,0.297887899468324,"LOW","TEAM_CHANGE",3,10,"LOW",0.244041864656046,0.218848403058929,0.33153780821057,"LOW","TEAM_CHANGE",3,10,"LOW",0.126413779563587,0.096969696969697,0.138856637962054,"LOW","TEAM_CHANGE",3,2,"LOW",0.138946883629737,0.111111111111111,0.198025207346204,"LOW","TEAM_CHANGE",3,1,"LOW"
4,"00-0036924","7607","Michael Carter","RB","TEN",2025,18,"ARI",0,"rosters_weekly",0.520659856585666,,0.521084417911818,"LOW","TEAM_CHANGE",0,0,"INSUFFICIENT_SAMPLE",0.0779906177189996,,0.0780910907595975,"LOW","TEAM_CHANGE",0,0,"INSUFFICIENT_SAMPLE",0.00681250170693224,,0.00703959727490153,"LOW","TEAM_CHANGE",0,0,"INSUFFICIENT_SAMPLE",0.455288332385907,,0.455095775908504,"LOW","TEAM_CHANGE",0,0,"INSUFFICIENT_SAMPLE",,,,,,,,,0.466133477867149,,0.467108345884796,"LOW","TEAM_CHANGE",0,0,"INSUFFICIENT_SAMPLE",0.51197600749826,,0.512482001365132,"LOW","TEAM_CHANGE",0,0,"INSUFFICIENT_SAMPLE",0.0343162672663271,,0.0334045278110859,"LOW","TEAM_CHANGE",0,0,"INSUFFICIENT_SAMPLE",0.298864734612782,,0.296056105302112,"LOW","TEAM_CHANGE",0,0,"INSUFFICIENT_SAMPLE"
4,"00-0036945","7591","Justin Fields","QB","KC",2026,1,"KC",1,"rosters_weekly",0.650928761688636,0.0151515151515152,0.946671254062029,"LOW","TEAM_CHANGE",1,1,"LOW",,,,,,,,,,,,,,,,,,,,,,,,,,,,,,,,,0.132490787711517,0,0.193034622169938,"LOW","TEAM_CHANGE",1,0,"INSUFFICIENT_SAMPLE",,,,,,,,,,,,,,,,,0.160990820158445,0,0.239446475522138,"LOW","TEAM_CHANGE",1,0,"INSUFFICIENT_SAMPLE"
4,"00-0036959","8076","Michael Bandy","WR","DEN",2025,17,"DEN",0,"rosters_weekly",0.0950320062448418,,0.0633295105133352,"MEDIUM","NONE",0,0,"INSUFFICIENT_SAMPLE",0.0238709591303903,,0.0279911297299747,"MEDIUM","NONE",0,0,"INSUFFICIENT_SAMPLE",0.0252760105288645,,0.0292581114706827,"MEDIUM","NONE",0,0,"INSUFFICIENT_SAMPLE",0.13334757014495,,0.0919257363245804,"LOW","NONE",0,0,"INSUFFICIENT_SAMPLE",0.0420033627455325,,0.0480442571577051,"MEDIUM","NONE",0,0,"INSUFFICIENT_SAMPLE",,,,,,,,,,,,,,,,,0.0356950726567916,,0.0460237291525661,"MEDIUM","NONE",0,0,"INSUFFICIENT_SAMPLE",,,,,,,,
4,"00-0036963","7547","Amon-Ra St. Brown","WR","DET",2026,3,"DET",3,"rosters_weekly",0.863039576527706,0.870618270618271,0.879883020462253,"MEDIUM","NONE",3,179,"LOW",0.276142485719501,0.280096108834179,0.295131756580787,"MEDIUM","NONE",3,35,"LOW",0.370197424577264,0.357556726079457,0.405333788014645,"MEDIUM","NONE",3,35,"LOW",0.833030650869187,,0.832944822954636,"MEDIUM","NONE",0,0,"INSUFFICIENT_SAMPLE",0.540946203266062,0.569191919191919,0.50055007822925,"MEDIUM","NONE",3,35,"LOW",,,,,,,,,,,,,,,,,0.323342957910389,0.344444444444444,0.314336946622468,"MEDIUM","NONE",3,9,"LOW",,,,,,,,
4,"00-0036970","7553","Kyle Pitts","TE","ATL",2026,3,"ATL",3,"rosters_weekly",0.679747382667236,0.539613526570048,0.936508925253512,"MEDIUM","NONE",3,106,"LOW",0.118164885852072,0.0592835115543274,0.219757058231549,"MEDIUM","NONE",3,6,"LOW",0.186557381326388,0.184958541802913,0.247936862698124,"MEDIUM","NONE",3,6,"LOW",0.858309060913426,,0.858963083312893,"MEDIUM","NONE",0,0,"INSUFFICIENT_SAMPLE",0.707603962822825,0.625,0.953724799972157,"MEDIUM","NONE",3,6,"LOW",,,,,,,,,,,,,,,,,0.118613966486396,0,0.167599900751571,"MEDIUM","NONE",1,0,"INSUFFICIENT_SAMPLE",,,,,,,,
4,"00-0036971","7523","Trevor Lawrence","QB","JAX",2026,3,"JAX",3,"rosters_weekly",0.964235775421354,0.958824124671119,0.966812992884735,"MEDIUM","NONE",3,168,"LOW",,,,,,,,,,,,,,,,,,,,,,,,,,,,,,,,,0.0819298103539426,0.0622605363984674,0.111602537858087,"MEDIUM","NONE",3,5,"LOW",,,,,,,,,,,,,,,,,0.143400906670207,0.0416666666666667,0.302461946346471,"MEDIUM","NONE",3,1,"LOW"
4,"00-0036972","7527","Mac Jones","QB","SF",2026,2,"SF",1,"rosters_weekly",0.276638606978063,0.16,0.314773935590131,"MEDIUM","NONE",1,8,"LOW",,,,,,,,,,,,,,,,,,,,,,,,,,,,,,,,,0.0116804590755954,0,0.016085628178176,"MEDIUM","NONE",1,0,"INSUFFICIENT_SAMPLE",,,,,,,,,,,,,,,,,0.0125924289075497,0,0.0176488874316919,"MEDIUM","NONE",1,0,"INSUFFICIENT_SAMPLE"
4,"00-0036973","7543","Travis Etienne","RB","NO",2026,3,"NO",3,"rosters_weekly",0.528888473731468,0.508707600775352,0.612486833236507,"LOW","TEAM_CHANGE",3,118,"LOW",0.0736027982025466,0.0755119584906819,0.0885355014161979,"LOW","TEAM_CHANGE",3,13,"LOW",-0.00692706389264386,-0.0123377424528731,0.00140977773396206,"LOW","TEAM_CHANGE",3,13,"LOW",0.48534520344772,,0.485392786665787,"LOW","TEAM_CHANGE",0,0,"INSUFFICIENT_SAMPLE",,,,,,,,,0.486310668915653,0.410928609769189,0.603953393367075,"LOW","TEAM_CHANGE",3,31,"LOW",0.564106724945507,0.468388564002599,0.733252622118967,"LOW","TEAM_CHANGE",3,31,"LOW",0.0527619529946872,0.0666666666666667,0.0662464150171592,"LOW","TEAM_CHANGE",3,2,"LOW",0.426075136393607,0.377777777777778,0.453244119925438,"LOW","TEAM_CHANGE",3,5,"LOW"
4,"00-0036980","7596","Elijah Moore","WR","PHI",2026,3,"PHI",1,"rosters_weekly",0.248291108615892,0.12,0.285095450531404,"LOW","TEAM_CHANGE",1,6,"LOW",0.0368431222994639,0,0.0498365452147367,"LOW","TEAM_CHANGE",1,0,"INSUFFICIENT_SAMPLE",0.0648640594554278,0,0.0878479371718332,"LOW","TEAM_CHANGE",1,0,"INSUFFICIENT_SAMPLE",0.240985534127844,,0.226297641589653,"LOW","TEAM_CHANGE",0,0,"INSUFFICIENT_SAMPLE",0.0800869402517656,0,0.1079803138894,"LOW","TEAM_CHANGE",1,0,"INSUFFICIENT_SAMPLE",,,,,,,,,,,,,,,,,0.00152826329701814,0,0,"LOW","TEAM_CHANGE",1,0,"INSUFFICIENT_SAMPLE",,,,,,,,
4,"00-0036984","7593","Trey Sermon","RB","ATL",2025,10,"PIT",0,"rosters_weekly",0.0425441324738614,,0.00452692417894093,"LOW","TEAM_CHANGE",0,0,"INSUFFICIENT_SAMPLE",0.00830851080749379,,0,"LOW","TEAM_CHANGE",0,0,"INSUFFICIENT_SAMPLE",0.00215296123127104,,0,"LOW","TEAM_CHANGE",0,0,"INSUFFICIENT_SAMPLE",0.210626113221669,,,"INSUFFICIENT_SAMPLE","NO_PRIOR_EVIDENCE_THIS_METRIC",0,0,"INSUFFICIENT_SAMPLE",,,,,,,,,0.0101150189085612,,0,"LOW","TEAM_CHANGE",0,0,"INSUFFICIENT_SAMPLE",0.0119260228055973,,0,"LOW","TEAM_CHANGE",0,0,"INSUFFICIENT_SAMPLE",0.0186294327422462,,0,"LOW","TEAM_CHANGE",0,0,"INSUFFICIENT_SAMPLE",0.00504418452762016,,0,"LOW","TEAM_CHANGE",0,0,"INSUFFICIENT_SAMPLE"
4,"00-0036988","7670","Joshua Palmer","WR","BUF",2026,3,"BUF",3,"rosters_weekly",0.441405356142527,0.346290563896198,0.616681127922589,"MEDIUM","NONE",3,67,"LOW",0.0482000664522883,0.0418275418275418,0.0710868897476874,"MEDIUM","NONE",3,5,"LOW",0.0870093119531117,0.109279114123289,0.0786631423011858,"MEDIUM","NONE",3,5,"LOW",0.540124940784585,,0.538901460585548,"MEDIUM","NONE",0,0,"INSUFFICIENT_SAMPLE",0.115352164154872,0.103703703703704,0.161834228985419,"MEDIUM","NONE",3,5,"LOW",,,,,,,,,,,,,,,,,0.0238289463872021,0,0.0656037326762283,"MEDIUM","NONE",3,0,"INSUFFICIENT_SAMPLE",,,,,,,,
4,"00-0036997","7588","Javonte Williams","RB","DAL",2026,3,"DAL",3,"rosters_weekly",0.675377375499133,0.754551102826965,0.521930390812793,"MEDIUM","NONE",3,141,"LOW",0.0765862210630879,0.0975197758734344,0.050820670624895,"MEDIUM","NONE",3,12,"LOW",-0.0281026702909837,-0.0392890895548627,-0.00847692188218085,"MEDIUM","NONE",3,12,"LOW",0.443787091074512,,0.443524992058347,"MEDIUM","NONE",0,0,"INSUFFICIENT_SAMPLE",,,,,,,,,0.638864390107224,0.701106083459025,0.519654391605115,"MEDIUM","NONE",3,43,"LOW",0.69825162672107,0.77,0.57560617611301,"MEDIUM","NONE",3,43,"LOW",0.0913133589740431,0.158730158730159,0.0364764370522381,"MEDIUM","NONE",3,3,"LOW",0.709330995040026,0.738095238095238,0.66651937065133,"MEDIUM","NONE",3,11,"LOW"
4,"00-0037004","7535","Hunter Long","TE","ARI",2026,3,"ARI",3,"rosters_weekly",0.391932478348101,0.3380174291939,0.502733201874276,"LOW","TEAM_CHANGE",3,71,"LOW",0.0189434275944145,0.00595238095238095,0.03965623092536,"LOW","TEAM_CHANGE",3,1,"LOW",0.013263944993625,0.00522466039707419,0.0231932283898724,"LOW","TEAM_CHANGE",3,1,"LOW",0.367148485732391,,0.378060659975377,"LOW","TEAM_CHANGE",0,0,"INSUFFICIENT_SAMPLE",0.156515826212439,0.0222222222222222,0.401301488126299,"LOW","TEAM_CHANGE",3,1,"LOW",,,,,,,,,,,,,,,,,0.0231040399186692,0,0.0697046312747461,"LOW","TEAM_CHANGE",3,0,"INSUFFICIENT_SAMPLE",,,,,,,,
4,"00-0037005","7694","Tommy Tremble","TE","CAR",2026,3,"CAR",3,"rosters_weekly",0.60297232247529,0.538298801301897,0.737401281735163,"MEDIUM","NONE",3,112,"LOW",0.0721770705926931,0.0785395763656633,0.0661269624837746,"MEDIUM","NONE",3,11,"LOW",0.0591806150232555,0.0601227287403158,0.0588378864200925,"MEDIUM","NONE",3,11,"LOW",0.590967971338811,,0.591291586316355,"MEDIUM","NONE",0,0,"INSUFFICIENT_SAMPLE",0.396196890144116,0.385185185185185,0.47434554134007,"MEDIUM","NONE",3,11,"LOW",,,,,,,,,,,,,,,,,0.0315843037785821,0.0185185185185185,0.0568178014451923,"MEDIUM","NONE",3,1,"LOW",,,,,,,,
4,"00-0037012","7610","Trey Lance","QB","LAC",2025,18,"LAC",0,"rosters_weekly",0.504739049712917,,0.515865277447047,"MEDIUM","NONE",0,0,"INSUFFICIENT_SAMPLE",,,,,,,,,,,,,,,,,,,,,,,,,,,,,,,,,0.136290498581072,,0.150154875570033,"MEDIUM","NONE",0,0,"INSUFFICIENT_SAMPLE",,,,,,,,,,,,,,,,,0.0788894330970598,,0,"LOW","NONE",0,0,"INSUFFICIENT_SAMPLE"
4,"00-0037013","7538","Zach Wilson","QB","NO",2025,18,"MIA",0,"rosters_weekly",0.265534325562505,,0.0978517970631756,"LOW","TEAM_CHANGE",0,0,"INSUFFICIENT_SAMPLE",,,,,,,,,,,,,,,,,,,,,,,,,,,,,,,,,0.00501299852340512,,0,"LOW","TEAM_CHANGE",0,0,"INSUFFICIENT_SAMPLE",,,,,,,,,,,,,,,,,0.00772198067043013,,0,"LOW","TEAM_CHANGE",0,0,"INSUFFICIENT_SAMPLE"
4,"00-0037031","8107","Nikola Kalinic","TE","CHI",2025,20,"CHI",0,"rosters_weekly",0.00818794217968296,,0,"MEDIUM","NONE",0,0,"INSUFFICIENT_SAMPLE",0,,0,"MEDIUM","NONE",0,0,"INSUFFICIENT_SAMPLE",0,,0,"MEDIUM","NONE",0,0,"INSUFFICIENT_SAMPLE",0.032350063730247,,,"INSUFFICIENT_SAMPLE","NO_PRIOR_EVIDENCE_THIS_METRIC",0,0,"INSUFFICIENT_SAMPLE",0,,0,"MEDIUM","NONE",0,0,"INSUFFICIENT_SAMPLE",,,,,,,,,,,,,,,,,0,,0,"MEDIUM","NONE",0,0,"INSUFFICIENT_SAMPLE",,,,,,,,
4,"00-0037077","8162","Sam Howell","QB","DAL",2024,15,"SEA",0,"rosters_weekly",0.576652620135075,,,"INSUFFICIENT_SAMPLE","ROOKIE_OR_NO_PRIOR_SEASON",0,0,"INSUFFICIENT_SAMPLE",,,,,,,,,,,,,,,,,,,,,,,,,,,,,,,,,0.0328783456649113,,,"INSUFFICIENT_SAMPLE","ROOKIE_OR_NO_PRIOR_SEASON",0,0,"INSUFFICIENT_SAMPLE",,,,,,,,,,,,,,,,,0.0452779942825624,,,"INSUFFICIENT_SAMPLE","ROOKIE_OR_NO_PRIOR_SEASON",0,0,"INSUFFICIENT_SAMPLE"
4,"00-0037078","8214","Cole Turner","TE","MIA",2025,18,"TEN",0,"rosters_weekly",0.0875342194026993,,0,"LOW","TEAM_CHANGE",0,0,"INSUFFICIENT_SAMPLE",0.010595672540778,,0,"LOW","TEAM_CHANGE",0,0,"INSUFFICIENT_SAMPLE",0.00786513732551487,,0,"LOW","TEAM_CHANGE",0,0,"INSUFFICIENT_SAMPLE",0.0762894314187743,,,"INSUFFICIENT_SAMPLE","NO_PRIOR_EVIDENCE_THIS_METRIC",0,0,"INSUFFICIENT_SAMPLE",0.0751513835068149,,0,"LOW","TEAM_CHANGE",0,0,"INSUFFICIENT_SAMPLE",,,,,,,,,,,,,,,,,0.00852140226956244,,0,"LOW","TEAM_CHANGE",0,0,"INSUFFICIENT_SAMPLE",,,,,,,,
4,"00-0037085","8208","Tyler Badie","RB","DEN",2026,3,"DEN",2,"rosters_weekly",0.210202651623404,0.225145459144953,0.20332433149893,"MEDIUM","NONE",2,28,"LOW",0.0400289259585218,0.057649667405765,0.0281187353947725,"MEDIUM","NONE",2,4,"LOW",-0.0347524573489466,-0.000574828559903186,-0.0747124465907862,"MEDIUM","NONE",2,4,"LOW",0.223198227430344,,0.223549278943943,"MEDIUM","NONE",0,0,"INSUFFICIENT_SAMPLE",,,,,,,,,0.035193853236338,0.0384615384615385,0.031757345163193,"MEDIUM","NONE",2,2,"LOW",0.0416074360495454,0.0488095238095238,0.0339788345413193,"MEDIUM","NONE",2,2,"LOW",0.0669067822047829,0.135714285714286,0.00908315281984164,"MEDIUM","NONE",2,2,"LOW",0.0154474702833663,0,0.0310009526176969,"MEDIUM","NONE",2,0,"INSUFFICIENT_SAMPLE"
4,"00-0037086","8177","Grant Calcaterra","TE","PHI",2025,19,"PHI",0,"rosters_weekly",0.348761509305375,,0.348160022439227,"MEDIUM","NONE",0,0,"INSUFFICIENT_SAMPLE",0.0233966739041596,,0.0234117147785614,"MEDIUM","NONE",0,0,"INSUFFICIENT_SAMPLE",0.0193277117490796,,0.0193198050862918,"MEDIUM","NONE",0,0,"INSUFFICIENT_SAMPLE",0.217564581166225,,0.217419871255535,"MEDIUM","NONE",0,0,"INSUFFICIENT_SAMPLE",0.123044192703215,,0.122925408620764,"MEDIUM","NONE",0,0,"INSUFFICIENT_SAMPLE",,,,,,,,,,,,,,,,,0.0764273277873665,,0.0767843411966904,"MEDIUM","NONE",0,0,"INSUFFICIENT_SAMPLE",,,,,,,,
4,"00-0037091","8204","Bo Melton","WR","GB",2026,3,"GB",3,"rosters_weekly",0.261229104590428,0.196123749962235,,"INSUFFICIENT_SAMPLE","ROOKIE_OR_NO_PRIOR_SEASON",3,38,"LOW",0.0292532771112594,0.0219706875885366,,"INSUFFICIENT_SAMPLE","ROOKIE_OR_NO_PRIOR_SEASON",3,3,"LOW",0.0702029210144486,0.0449632036341347,,"INSUFFICIENT_SAMPLE","ROOKIE_OR_NO_PRIOR_SEASON",3,3,"LOW",0.294092579248482,,,"INSUFFICIENT_SAMPLE","ROOKIE_OR_NO_PRIOR_SEASON",0,0,"INSUFFICIENT_SAMPLE",0.051624286167979,0.0367467781260885,,"INSUFFICIENT_SAMPLE","ROOKIE_OR_NO_PRIOR_SEASON",3,3,"LOW",,,,,,,,,,,,,,,,,0.0272572289412771,0,,"INSUFFICIENT_SAMPLE","ROOKIE_OR_NO_PRIOR_SEASON",3,0,"INSUFFICIENT_SAMPLE",,,,,,,,
4,"00-0037093","8527","Dareke Young","WR","LV",2026,3,"LV",3,"rosters_weekly",0.144655282290552,0.176772247360483,0.0830395264976434,"LOW","TEAM_CHANGE",3,34,"LOW",0.00743172589512878,0.0101010101010101,0.00331913676164758,"LOW","TEAM_CHANGE",3,1,"LOW",0.0122428848956189,0.0153121319199058,0.00783879619604828,"LOW","TEAM_CHANGE",3,1,"LOW",0.066069180259988,,0.0663608162614356,"LOW","TEAM_CHANGE",0,0,"INSUFFICIENT_SAMPLE",0.0149808551615771,0.0208333333333333,0.00584831818161883,"LOW","TEAM_CHANGE",3,1,"LOW",,,,,,,,,,,,,,,,,0,0,0,"LOW","TEAM_CHANGE",3,0,"INSUFFICIENT_SAMPLE",,,,,,,,
4,"00-0037112","8698","Jake Tonges","TE","SF",2026,1,"SF",1,"rosters_weekly",0.325334162228732,0.123076923076923,0.409658896766933,"MEDIUM","NONE",1,8,"LOW",0.0646035975834642,0,0.0914895196049266,"MEDIUM","NONE",1,0,"INSUFFICIENT_SAMPLE",0.0813062005962816,0,0.115143175349346,"MEDIUM","NONE",1,0,"INSUFFICIENT_SAMPLE",0.441745076161352,,0.443410213883276,"MEDIUM","NONE",0,0,"INSUFFICIENT_SAMPLE",0.318648278508726,0,0.451259309582281,"MEDIUM","NONE",1,0,"INSUFFICIENT_SAMPLE",,,,,,,,,,,,,,,,,0.0240525036168494,0,0.0340818511865553,"MEDIUM","NONE",1,0,"INSUFFICIENT_SAMPLE",,,,,,,,
4,"00-0037120","8207","Tyler Goodson","RB","DAL",2026,3,"DAL",1,"rosters_weekly",0.0733238332817927,0.148648648648649,0.0415995610160192,"LOW","TEAM_CHANGE",1,11,"MEDIUM",0.00721228464689821,0.0208333333333333,0.00122831769519296,"LOW","TEAM_CHANGE",1,1,"LOW",-0.00655178330820512,-0.0220588235294118,-0.000164851384645507,"LOW","TEAM_CHANGE",1,1,"LOW",0.0578467577106994,,0.0548828323364987,"LOW","TEAM_CHANGE",0,0,"INSUFFICIENT_SAMPLE",,,,,,,,,0.10028687945684,0.230769230769231,0.0467594221291046,"LOW","TEAM_CHANGE",1,6,"LOW",0.105537187971524,0.24,0.0503300662710028,"LOW","TEAM_CHANGE",1,6,"LOW",0.00269199280430201,0,0.00378190444964826,"LOW","TEAM_CHANGE",1,0,"INSUFFICIENT_SAMPLE",0.0420622629854577,0.142857142857143,0,"LOW","TEAM_CHANGE",1,1,"LOW"
4,"00-0037132","8414","Britain Covey","WR","PHI",2026,3,"PHI",3,"rosters_weekly",0.0462453636533962,0,0.130570066641659,"MEDIUM","NONE",3,0,"INSUFFICIENT_SAMPLE",0.00752748989159012,0,0.0197554356332665,"MEDIUM","NONE",3,0,"INSUFFICIENT_SAMPLE",0.00197554538364686,0,0.00474543101373503,"MEDIUM","NONE",3,0,"INSUFFICIENT_SAMPLE",0.208558724512345,,0.271948653922171,"LOW","NONE",0,0,"INSUFFICIENT_SAMPLE",0.0165628115099595,0,0.0432738113871552,"MEDIUM","NONE",3,0,"INSUFFICIENT_SAMPLE",,,,,,,,,,,,,,,,,0.00102858010052539,0,0,"MEDIUM","NONE",3,0,"INSUFFICIENT_SAMPLE",,,,,,,,
4,"00-0037156","8861","Irvin Charles","WR","SEA",2024,14,"NYJ",0,"rosters_weekly",0.013003324458122,,,"INSUFFICIENT_SAMPLE","ROOKIE_OR_NO_PRIOR_SEASON",0,0,"INSUFFICIENT_SAMPLE",0.00104023959508756,,,"INSUFFICIENT_SAMPLE","ROOKIE_OR_NO_PRIOR_SEASON",0,0,"INSUFFICIENT_SAMPLE",0.000622576277530656,,,"INSUFFICIENT_SAMPLE","ROOKIE_OR_NO_PRIOR_SEASON",0,0,"INSUFFICIENT_SAMPLE",0.0466499575037219,,,"INSUFFICIENT_SAMPLE","ROOKIE_OR_NO_PRIOR_SEASON",0,0,"INSUFFICIENT_SAMPLE",0.00165735300939671,,,"INSUFFICIENT_SAMPLE","ROOKIE_OR_NO_PRIOR_SEASON",0,0,"INSUFFICIENT_SAMPLE",,,,,,,,,,,,,,,,,0.0061034321543544,,,"INSUFFICIENT_SAMPLE","ROOKIE_OR_NO_PRIOR_SEASON",0,0,"INSUFFICIENT_SAMPLE",,,,,,,,
4,"00-0037157","8122","Bam Knight","RB","ARI",2026,3,"ARI",3,"rosters_weekly",0.131207423559784,0.0338888888888889,0.320576820305839,"MEDIUM","NONE",3,6,"LOW",0.0200481812547111,0,0.0572258400709308,"MEDIUM","NONE",3,0,"INSUFFICIENT_SAMPLE",0.00579856325107742,0,0.0168313649893866,"MEDIUM","NONE",3,0,"INSUFFICIENT_SAMPLE",0.355900333688571,,0.366193040252767,"MEDIUM","NONE",0,0,"INSUFFICIENT_SAMPLE",,,,,,,,,0.161143993860456,0.0416666666666667,0.384325390634218,"MEDIUM","NONE",3,2,"LOW",0.18234857173564,0.0416666666666667,0.444624270936599,"MEDIUM","NONE",3,2,"LOW",0.0186343790375793,0,0.0534862587244413,"MEDIUM","NONE",3,0,"INSUFFICIENT_SAMPLE",0.154377663680308,0,0.44116354696329,"MEDIUM","NONE",3,0,"INSUFFICIENT_SAMPLE"
4,"00-0037197","8205","Isiah Pacheco","RB","DET",2025,17,"KC",0,"rosters_weekly",0.485182511996767,,0.486314803106433,"LOW","TEAM_CHANGE",0,0,"INSUFFICIENT_SAMPLE",0.0540800877998836,,0.0542178402468356,"LOW","TEAM_CHANGE",0,0,"INSUFFICIENT_SAMPLE",0.00172881099251063,,0.0018233774693101,"LOW","TEAM_CHANGE",0,0,"INSUFFICIENT_SAMPLE",0.377910941381411,,0.378673261188529,"LOW","TEAM_CHANGE",0,0,"INSUFFICIENT_SAMPLE",,,,,,,,,0.510679457991074,,0.512151826706475,"LOW","TEAM_CHANGE",0,0,"INSUFFICIENT_SAMPLE",0.54199121726635,,0.543410851055253,"LOW","TEAM_CHANGE",0,0,"INSUFFICIENT_SAMPLE",0.106194862799165,,0.107164434092314,"LOW","TEAM_CHANGE",0,0,"INSUFFICIENT_SAMPLE",0.567795623169321,,0.570850535120291,"LOW","TEAM_CHANGE",0,0,"INSUFFICIENT_SAMPLE"
4,"00-0037228","8228","Jaylen Warren","RB","PIT",2026,3,"PIT",3,"rosters_weekly",0.635118322635209,0.682684547091327,0.432133730090953,"MEDIUM","NONE",3,131,"LOW",0.0844213417267817,0.103952110031137,0.0529800983155491,"MEDIUM","NONE",3,14,"LOW",-0.0256391531246797,-0.0236646213212874,-0.0322651890300657,"MEDIUM","NONE",3,14,"LOW",0.305962249139536,,0.305554831231116,"MEDIUM","NONE",0,0,"INSUFFICIENT_SAMPLE",,,,,,,,,0.644447257956401,0.643121693121693,0.582388912751388,"MEDIUM","NONE",3,38,"LOW",0.68524948170969,0.666764132553606,0.645503263665839,"MEDIUM","NONE",3,38,"LOW",0.12780340811069,0.188888888888889,0.0577163094584383,"MEDIUM","NONE",3,3,"LOW",0.473387446242778,0.25,0.654976181485198,"MEDIUM","NONE",2,2,"LOW"
4,"00-0037231","8200","Kevin Austin","WR","NO",2026,3,"NO",3,"rosters_weekly",0.304245643559499,0.0886472586958919,0.683503300254497,"MEDIUM","NONE",3,20,"LOW",0.0452124716199707,0.00793650793650794,0.117603442449022,"MEDIUM","NONE",3,1,"LOW",0.0525220746803838,0.00938967136150235,0.13478300782635,"MEDIUM","NONE",3,1,"LOW",0.616711478597998,,0.618470111824901,"MEDIUM","NONE",0,0,"INSUFFICIENT_SAMPLE",0.092415410264189,0.0175438596491228,0.234033622195693,"MEDIUM","NONE",3,1,"LOW",,,,,,,,,,,,,,,,,0.0374250378356363,0,0.112690395819233,"MEDIUM","NONE",3,0,"INSUFFICIENT_SAMPLE",,,,,,,,
4,"00-0037238","8112","Drake London","WR","ATL",2026,3,"ATL",3,"rosters_weekly",0.882603947813764,0.854347826086956,0.93168815545762,"MEDIUM","NONE",3,168,"LOW",0.222690201118005,0.203211982858745,0.212068231468787,"MEDIUM","NONE",3,19,"LOW",0.406711578290941,0.360458361724665,0.407371945900159,"MEDIUM","NONE",3,19,"LOW",0.841059355008098,,0.840915260329775,"MEDIUM","NONE",0,0,"INSUFFICIENT_SAMPLE",0.474541029615437,0.449891067538126,0.502358061959164,"MEDIUM","NONE",3,19,"LOW",,,,,,,,,,,,,,,,,0.163159718384546,0,0.229329198729426,"MEDIUM","NONE",1,0,"INSUFFICIENT_SAMPLE",,,,,,,,
4,"00-0037239","8144","Chris Olave","WR","NO",2026,3,"NO",3,"rosters_weekly",0.853126327516039,0.851250881940132,0.863666513147308,"MEDIUM","NONE",3,196,"LOW",0.250386972238234,0.237220226581929,0.258499811554116,"MEDIUM","NONE",3,36,"LOW",0.466289398921291,0.46820275214131,0.475800592528604,"MEDIUM","NONE",3,36,"LOW",0.782856570287147,,0.784023910911223,"MEDIUM","NONE",0,0,"INSUFFICIENT_SAMPLE",0.535926186751571,0.532902120621419,0.519226611768531,"MEDIUM","NONE",3,36,"LOW",,,,,,,,,,,,,,,,,0.220225483165843,0.133333333333333,0.333583545787281,"MEDIUM","NONE",3,4,"LOW",,,,,,,,
4,"00-0037240","8148","Jameson Williams","WR","DET",2026,3,"DET",3,"rosters_weekly",0.89471782607296,0.884885484885485,0.916488181883924,"MEDIUM","NONE",3,181,"LOW",0.140198058264448,0.13819227498973,0.165130066467709,"MEDIUM","NONE",3,17,"LOW",0.290080201792031,0.336866395261,0.273276989394204,"MEDIUM","NONE",3,17,"LOW",0.873668925695985,,0.873834806095659,"MEDIUM","NONE",0,0,"INSUFFICIENT_SAMPLE",0.272579987583386,0.27449494949495,0.288126030927228,"MEDIUM","NONE",3,17,"LOW",,,,,,,,,,,,,,,,,0.0518278557124024,0.0416666666666667,0.0947850410246315,"MEDIUM","NONE",3,1,"LOW",,,,,,,,
4,"00-0037247","8137","George Pickens","WR","DAL",2026,3,"DAL",3,"rosters_weekly",0.791505114115099,0.819938433731537,0.735798989855455,"MEDIUM","NONE",3,154,"LOW",0.189064936585159,0.197241448765839,0.157627501853585,"MEDIUM","NONE",3,25,"LOW",0.276920813086344,0.323617053591026,0.200469564454919,"MEDIUM","NONE",3,25,"LOW",0.669397770760936,,0.669134530007171,"MEDIUM","NONE",0,0,"INSUFFICIENT_SAMPLE",0.323806801957844,0.338164251207729,0.283501808240724,"MEDIUM","NONE",3,25,"LOW",,,,,,,,,,,,,,,,,0.149511526518922,0.108225108225108,0.188756899469625,"MEDIUM","NONE",3,3,"LOW",,,,,,,,
4,"00-0037248","8138","James Cook","RB","BUF",2026,3,"BUF",3,"rosters_weekly",0.657800698803489,0.73385698808234,0.535443534988213,"MEDIUM","NONE",3,141,"LOW",0.0620215106055684,0.0699465699465699,0.0637051322886417,"MEDIUM","NONE",3,8,"LOW",0.00088853894262462,-0.00456911402443668,0.0106119247249556,"MEDIUM","NONE",3,8,"LOW",0.39116002569514,,0.391282405140379,"MEDIUM","NONE",0,0,"INSUFFICIENT_SAMPLE",,,,,,,,,0.687331218471711,0.719449485783424,0.61537171543942,"MEDIUM","NONE",3,58,"LOW",0.906423934949316,0.955555555555556,0.790808079005089,"MEDIUM","NONE",3,58,"LOW",0.0495933732170838,0.0925925925925926,0.00610266398336038,"MEDIUM","NONE",3,2,"LOW",0.573920488735774,0.655555555555556,0.464188496816953,"MEDIUM","NONE",3,9,"LOW"
4,"00-0037252","8172","Greg Dulcich","TE","MIA",2026,3,"MIA",3,"rosters_weekly",0.592516742346414,0.693482772934828,0.429984149550079,"MEDIUM","NONE",3,130,"LOW",0.118692921962875,0.0985701212537177,0.138894849179092,"MEDIUM","NONE",3,12,"LOW",0.0878728994918418,0.06914867050892,0.0949817927823096,"MEDIUM","NONE",3,12,"LOW",0.489703969237003,,0.496762690381802,"MEDIUM","NONE",0,0,"INSUFFICIENT_SAMPLE",0.740805786747669,0.805555555555556,0.56639223380751,"MEDIUM","NONE",3,12,"LOW",,,,,,,,,,,,,,,,,0.173930187271576,0.15,0.175098858738547,"MEDIUM","NONE",3,2,"LOW",,,,,,,,
4,"00-0037256","8136","Rachaad White","RB","WAS",2026,3,"WAS",3,"rosters_weekly",0.452459916686308,0.461057889626315,0.431965165000332,"LOW","TEAM_CHANGE",3,96,"LOW",0.0616102819740181,0.0685103532957526,0.0558344739006736,"LOW","TEAM_CHANGE",3,9,"LOW",-0.00334351329044146,0.00497730987494991,-0.0295684753632069,"LOW","TEAM_CHANGE",3,9,"LOW",0.451601201790618,,0.451563703612376,"LOW","TEAM_CHANGE",0,0,"INSUFFICIENT_SAMPLE",,,,,,,,,0.242198267343419,0.265747126436782,0.19258844737856,"LOW","TEAM_CHANGE",3,22,"LOW",0.25698821596222,0.282407407407407,0.203254355213026,"LOW","TEAM_CHANGE",3,22,"LOW",0.145528739510761,0.148148148148148,0.0895456012891416,"LOW","TEAM_CHANGE",3,2,"LOW",0.230298917528027,0.297619047619048,0.0917418443914271,"LOW","TEAM_CHANGE",3,4,"LOW"
4,"00-0037258","8129","Dameon Pierce","RB","PHI",2025,18,"KC",0,"rosters_weekly",0.0942016259249094,,0.0672766536335866,"LOW","TEAM_CHANGE",0,0,"INSUFFICIENT_SAMPLE",0.0049559793732819,,0.00234071248971198,"LOW","TEAM_CHANGE",0,0,"INSUFFICIENT_SAMPLE",-0.00297192641449377,,-0.00206853661881524,"LOW","TEAM_CHANGE",0,0,"INSUFFICIENT_SAMPLE",0.134690343809434,,0.109778233559311,"LOW","TEAM_CHANGE",0,0,"INSUFFICIENT_SAMPLE",,,,,,,,,0.123156169293555,,0.104713467644237,"LOW","TEAM_CHANGE",0,0,"INSUFFICIENT_SAMPLE",0.131301896447834,,0.11308818815439,"LOW","TEAM_CHANGE",0,0,"INSUFFICIENT_SAMPLE",0.0028773194952917,,0,"LOW","TEAM_CHANGE",0,0,"INSUFFICIENT_SAMPLE",0.0444368566659245,,0.0444735373045277,"LOW","TEAM_CHANGE",0,0,"INSUFFICIENT_SAMPLE"
4,"00-0037261","8134","Khalil Shakir","WR","BUF",2026,3,"BUF",3,"rosters_weekly",0.63545901457035,0.599691740184698,0.659218322230108,"MEDIUM","NONE",3,115,"LOW",0.152704086606775,0.131976131976132,0.205754391911847,"MEDIUM","NONE",3,15,"LOW",0.116647079533717,0.151273119190399,0.0712860107077828,"MEDIUM","NONE",3,15,"LOW",0.639228019513011,,0.639080519992795,"MEDIUM","NONE",0,0,"INSUFFICIENT_SAMPLE",0.34689363044998,0.311111111111111,0.443178411578811,"MEDIUM","NONE",3,15,"LOW",,,,,,,,,,,,,,,,,0.240129278858531,0.233333333333333,0.307144519005968,"MEDIUM","NONE",3,4,"LOW",,,,,,,,
4,"00-0037263","8132","Tyler Allgeier","RB","ARI",2026,3,"ARI",3,"rosters_weekly",0.451533923582834,0.538605664488017,0.34733879931027,"LOW","TEAM_CHANGE",3,107,"LOW",0.0509627250633495,0.0592903828197946,0.030811849992561,"LOW","TEAM_CHANGE",3,8,"LOW",-0.0318782805351155,-0.038052099181388,-0.00960546830036182,"LOW","TEAM_CHANGE",3,8,"LOW",0.239358849848833,,0.23966530185045,"LOW","TEAM_CHANGE",0,0,"INSUFFICIENT_SAMPLE",,,,,,,,,0.273650512243182,0.316044061302682,0.299262237776408,"LOW","TEAM_CHANGE",3,24,"LOW",0.291418304052676,0.335533126293996,0.317857945815707,"LOW","TEAM_CHANGE",3,24,"LOW",0.0428307633287902,0.0694444444444444,0.000328171673740563,"LOW","TEAM_CHANGE",3,2,"LOW",0.194549000318027,0.214285714285714,0.2252734776639,"LOW","TEAM_CHANGE",3,4,"LOW"
4,"00-0037267","8143","Jerome Ford","RB","MIN",2025,14,"CLE",0,"rosters_weekly",0.226337251576599,,0.2233462157413,"LOW","TEAM_CHANGE",0,0,"INSUFFICIENT_SAMPLE",0.0502644292978225,,0.0502718809132847,"LOW","TEAM_CHANGE",0,0,"INSUFFICIENT_SAMPLE",-0.014094856429332,,-0.0141647725796406,"LOW","TEAM_CHANGE",0,0,"INSUFFICIENT_SAMPLE",0.285400378460468,,0.283667684313278,"LOW","TEAM_CHANGE",0,0,"INSUFFICIENT_SAMPLE",,,,,,,,,0.0271452354621348,,0.0236066651331667,"LOW","TEAM_CHANGE",0,0,"INSUFFICIENT_SAMPLE",0.0304438434061031,,0.0260451242953146,"LOW","TEAM_CHANGE",0,0,"INSUFFICIENT_SAMPLE",0.113946745405585,,0.114946246853285,"LOW","TEAM_CHANGE",0,0,"INSUFFICIENT_SAMPLE",0.017967734932108,,0.00900287447306748,"LOW","TEAM_CHANGE",0,0,"INSUFFICIENT_SAMPLE"
4,"00-0037276","8230","Ty Chandler","RB","NO",2025,18,"MIN",0,"rosters_weekly",0.19196485672375,,0.273237904174697,"LOW","TEAM_CHANGE",0,0,"INSUFFICIENT_SAMPLE",0.0326878277389916,,0.0503424265913303,"LOW","TEAM_CHANGE",0,0,"INSUFFICIENT_SAMPLE",-0.0296257481820321,,-0.0457658423557548,"LOW","TEAM_CHANGE",0,0,"INSUFFICIENT_SAMPLE",0.177236583719153,,0.273664365371193,"LOW","TEAM_CHANGE",0,0,"INSUFFICIENT_SAMPLE",,,,,,,,,0.166891141399251,,0.232410843082396,"LOW","TEAM_CHANGE",0,0,"INSUFFICIENT_SAMPLE",0.179483826767977,,0.251520570099762,"LOW","TEAM_CHANGE",0,0,"INSUFFICIENT_SAMPLE",0.0733726805633017,,0.113270459830493,"LOW","TEAM_CHANGE",0,0,"INSUFFICIENT_SAMPLE",0.0859930624146322,,0.0906163678643946,"LOW","TEAM_CHANGE",0,0,"INSUFFICIENT_SAMPLE"
4,"00-0037277","8227","Teagan Quitoriano","TE","ARI",2025,18,"ATL",0,"rosters_weekly",0.155681848263095,,0.155495702690907,"LOW","TEAM_CHANGE",0,0,"INSUFFICIENT_SAMPLE",2.79497984621381e-06,,0,"LOW","TEAM_CHANGE",0,0,"INSUFFICIENT_SAMPLE",3.73318833580821e-06,,0,"LOW","TEAM_CHANGE",0,0,"INSUFFICIENT_SAMPLE",0.0837237746660327,,0.0814805933045458,"LOW","TEAM_CHANGE",0,0,"INSUFFICIENT_SAMPLE",1.21523583137217e-05,,0,"LOW","TEAM_CHANGE",0,0,"INSUFFICIENT_SAMPLE",,,,,,,,,,,,,,,,,1.31319080959237e-06,,0,"LOW","TEAM_CHANGE",0,0,"INSUFFICIENT_SAMPLE",,,,,,,,
4,"00-0037282","8170","James Mitchell","TE","DAL",2025,19,"CAR",0,"rosters_weekly",0.157519043514067,,0.127578319968485,"LOW","TEAM_CHANGE",0,0,"INSUFFICIENT_SAMPLE",0.0124765464803711,,0.0122107338716432,"LOW","TEAM_CHANGE",0,0,"INSUFFICIENT_SAMPLE",0.00588141521633689,,0.00487693548204549,"LOW","TEAM_CHANGE",0,0,"INSUFFICIENT_SAMPLE",0.0998143096394131,,0.0609494025319382,"LOW","TEAM_CHANGE",0,0,"INSUFFICIENT_SAMPLE",0.0902422339381734,,0.0963213036516499,"LOW","TEAM_CHANGE",0,0,"INSUFFICIENT_SAMPLE",,,,,,,,,,,,,,,,,0.00228929040449246,,0,"LOW","TEAM_CHANGE",0,0,"INSUFFICIENT_SAMPLE",,,,,,,,
4,"00-0037291","8180","Jalen Nailor","WR","LV",2026,3,"LV",3,"rosters_weekly",0.61201347334828,0.61744595274007,0.611551293374543,"LOW","TEAM_CHANGE",3,119,"LOW",0.0892724985476946,0.105642177589852,0.0767361083382572,"LOW","TEAM_CHANGE",3,11,"LOW",0.162615293611611,0.179921454101385,0.153275884393843,"LOW","TEAM_CHANGE",3,11,"LOW",0.588230850993824,,0.588304717812534,"LOW","TEAM_CHANGE",0,0,"INSUFFICIENT_SAMPLE",0.225006853158232,0.257575757575758,0.171234046550598,"LOW","TEAM_CHANGE",3,11,"LOW",,,,,,,,,,,,,,,,,0.0800634329136054,0.111111111111111,0.0312785658575486,"LOW","TEAM_CHANGE",3,1,"LOW",,,,,,,,
4,"00-0037292","8489","Drew Ogletree","TE","IND",2026,3,"IND",3,"rosters_weekly",0.222606050837775,0.233064483768709,0.16566720959056,"MEDIUM","NONE",3,46,"LOW",0.018296340704402,0.019047619047619,0.0231599550738421,"MEDIUM","NONE",3,2,"LOW",0.0172435966043034,0.0132055770530066,0.0279775842081248,"MEDIUM","NONE",3,2,"LOW",0.102866690833271,,0.1019282257162,"MEDIUM","NONE",0,0,"INSUFFICIENT_SAMPLE",0.0805526022159704,0.0972222222222222,0.0852012336356157,"MEDIUM","NONE",3,2,"LOW",,,,,,,,,,,,,,,,,0.0159307239395822,0,0.0452281213972513,"MEDIUM","NONE",3,0,"INSUFFICIENT_SAMPLE",,,,,,,,
4,"00-0037304","8181","Connor Heyward","RB","LV",2026,3,"LV",3,"rosters_weekly",0.250467563875626,0.36279537456008,0.0874307449160751,"LOW","POSITION_CHANGE",3,70,"LOW",0.00150294242804293,0,0.00424643385729867,"LOW","POSITION_CHANGE",3,0,"INSUFFICIENT_SAMPLE",-9.61299864011002e-05,0,-0.000284809890031034,"LOW","POSITION_CHANGE",3,0,"INSUFFICIENT_SAMPLE",0.0367343907056299,,0.0358785485573564,"LOW","POSITION_CHANGE",0,0,"INSUFFICIENT_SAMPLE",,,,,,,,,0.0313722389624116,0.0224466891133558,0.0545929981616278,"LOW","POSITION_CHANGE",3,2,"LOW",0.0201228612426489,0.0240860215053763,,"INSUFFICIENT_SAMPLE","NO_PRIOR_EVIDENCE_THIS_METRIC",3,2,"LOW",0.00130772373132311,0,0.00370091746485938,"LOW","POSITION_CHANGE",3,0,"INSUFFICIENT_SAMPLE",0.0294572479263705,0,0.0835484512271221,"LOW","POSITION_CHANGE",3,0,"INSUFFICIENT_SAMPLE"
4,"00-0037306","8500","John FitzPatrick","TE","CLE",2025,16,"GB",0,"rosters_weekly",0.473632061975442,,0.475722785335283,"LOW","TEAM_CHANGE",0,0,"INSUFFICIENT_SAMPLE",0.0457823813502403,,0.0460274045741098,"LOW","TEAM_CHANGE",0,0,"INSUFFICIENT_SAMPLE",0.00605691148552724,,0.00608856218534016,"LOW","TEAM_CHANGE",0,0,"INSUFFICIENT_SAMPLE",0.29428221147211,,0.295321112443368,"LOW","TEAM_CHANGE",0,0,"INSUFFICIENT_SAMPLE",0.268499254884677,,0.26991454974469,"LOW","TEAM_CHANGE",0,0,"INSUFFICIENT_SAMPLE",,,,,,,,,,,,,,,,,0.0576301596024296,,0.0580833136846114,"LOW","TEAM_CHANGE",0,0,"INSUFFICIENT_SAMPLE",,,,,,,,
4,"00-0037311","8484","Ko Kieft","TE","TB",2026,3,"TB",3,"rosters_weekly",0.0634120218570251,0.0156142167011732,0.15392174406445,"LOW","NONE",3,3,"LOW",9.2630569264553e-07,0,0,"LOW","NONE",3,0,"INSUFFICIENT_SAMPLE",4.890667076382e-07,0,0,"LOW","NONE",3,0,"INSUFFICIENT_SAMPLE",0.0571559721114136,,0.0635319358519236,"LOW","NONE",0,0,"INSUFFICIENT_SAMPLE",1.16697724111629e-05,0,0,"LOW","NONE",3,0,"INSUFFICIENT_SAMPLE",,,,,,,,,,,,,,,,,4.51116723673135e-06,0,0,"LOW","NONE",3,0,"INSUFFICIENT_SAMPLE",,,,,,,,
4,"00-0037317","8523","Nick Muse","TE","ATL",2026,3,"ATL",3,"rosters_weekly",0.151459249015667,0.177536231884058,,"INSUFFICIENT_SAMPLE","ROOKIE_OR_NO_PRIOR_SEASON",3,36,"LOW",0.000508316679636499,0,,"INSUFFICIENT_SAMPLE","ROOKIE_OR_NO_PRIOR_SEASON",3,0,"INSUFFICIENT_SAMPLE",0.000777724519843843,0,,"INSUFFICIENT_SAMPLE","ROOKIE_OR_NO_PRIOR_SEASON",3,0,"INSUFFICIENT_SAMPLE",0.0635463521162449,,,"INSUFFICIENT_SAMPLE","ROOKIE_OR_NO_PRIOR_SEASON",0,0,"INSUFFICIENT_SAMPLE",0.00259241506614615,0,,"INSUFFICIENT_SAMPLE","ROOKIE_OR_NO_PRIOR_SEASON",3,0,"INSUFFICIENT_SAMPLE",,,,,,,,,,,,,,,,,0,0,,"INSUFFICIENT_SAMPLE","ROOKIE_OR_NO_PRIOR_SEASON",1,0,"INSUFFICIENT_SAMPLE",,,,,,,,
4,"00-0037327","8206","Skylar Thompson","QB","BAL",2024,12,"MIA",0,"rosters_weekly",0.396780394846647,,,"INSUFFICIENT_SAMPLE","ROOKIE_OR_NO_PRIOR_SEASON",0,0,"INSUFFICIENT_SAMPLE",,,,,,,,,,,,,,,,,,,,,,,,,,,,,,,,,0.00603416471140378,,,"INSUFFICIENT_SAMPLE","ROOKIE_OR_NO_PRIOR_SEASON",0,0,"INSUFFICIENT_SAMPLE",,,,,,,,,,,,,,,,,0,,,"INSUFFICIENT_SAMPLE","ROOKIE_OR_NO_PRIOR_SEASON",0,0,"INSUFFICIENT_SAMPLE"
4,"00-0037329","8423","Brittain Brown","RB","CHI",2025,15,"CHI",0,"rosters_weekly",0.0315275397378047,,0.0466151507763953,"LOW","NONE",0,0,"INSUFFICIENT_SAMPLE",0.00325995638569466,,0.00482001956725503,"LOW","NONE",0,0,"INSUFFICIENT_SAMPLE",0.00207753152715456,,0.0030717412835388,"LOW","NONE",0,0,"INSUFFICIENT_SAMPLE",0.170212765957447,,0.170212765957447,"LOW","NONE",0,0,"INSUFFICIENT_SAMPLE",,,,,,,,,0.0232148409284317,,0.0343243817668161,"LOW","NONE",0,0,"INSUFFICIENT_SAMPLE",0.0247125726012337,,0.0365388580098365,"LOW","NONE",0,0,"INSUFFICIENT_SAMPLE",0,,0,"LOW","NONE",0,0,"INSUFFICIENT_SAMPLE",0,,0,"LOW","NONE",0,0,"INSUFFICIENT_SAMPLE"
4,"00-0037340","8799","Zaire Mitchell-Paden","TE","HOU",2025,12,"NO",0,"rosters_weekly",0.210774590472935,,0.210774590472935,"LOW","TEAM_CHANGE",0,0,"INSUFFICIENT_SAMPLE",0.0127908251576792,,0.0127908251576792,"LOW","TEAM_CHANGE",0,0,"INSUFFICIENT_SAMPLE",0.00994250348499037,,0.00994250348499037,"LOW","TEAM_CHANGE",0,0,"INSUFFICIENT_SAMPLE",0.0640885363129776,,0.0640885363129776,"LOW","TEAM_CHANGE",0,0,"INSUFFICIENT_SAMPLE",0.0557868364463479,,0.0557868364463479,"LOW","TEAM_CHANGE",0,0,"INSUFFICIENT_SAMPLE",,,,,,,,,,,,,,,,,0.00557891845358957,,0.00557891845358957,"LOW","TEAM_CHANGE",0,0,"INSUFFICIENT_SAMPLE",,,,,,,,
4,"00-0037348","8849","Tanner Conner","TE","NE",2025,9,"MIA",0,"rosters_weekly",0.341880037367657,,0.355286045270926,"LOW","TEAM_CHANGE",0,0,"INSUFFICIENT_SAMPLE",0.0423116056270196,,0.0439341294969493,"LOW","TEAM_CHANGE",0,0,"INSUFFICIENT_SAMPLE",0.0581795360277586,,0.0602571980152795,"LOW","TEAM_CHANGE",0,0,"INSUFFICIENT_SAMPLE",0.310296233481623,,0.320414824838502,"LOW","TEAM_CHANGE",0,0,"INSUFFICIENT_SAMPLE",0.416857749094531,,0.443633018968697,"LOW","TEAM_CHANGE",0,0,"INSUFFICIENT_SAMPLE",,,,,,,,,,,,,,,,,0.0340176720004783,,0.0352480203156439,"LOW","TEAM_CHANGE",0,0,"INSUFFICIENT_SAMPLE",,,,,,,,
4,"00-0037380","8755","Kaden Davis","WR","CHI",2026,1,"CHI",1,"rosters_weekly",0.0927090851264295,0.133333333333333,0.0104604721004804,"LOW","TEAM_CHANGE",1,10,"MEDIUM",0,0,0,"LOW","TEAM_CHANGE",1,0,"INSUFFICIENT_SAMPLE",0,0,0,"LOW","TEAM_CHANGE",1,0,"INSUFFICIENT_SAMPLE",0.170731707317073,,,"INSUFFICIENT_SAMPLE","NO_PRIOR_EVIDENCE_THIS_METRIC",0,0,"INSUFFICIENT_SAMPLE",0,0,0,"LOW","TEAM_CHANGE",1,0,"INSUFFICIENT_SAMPLE",,,,,,,,,,,,,,,,,0,0,0,"LOW","TEAM_CHANGE",1,0,"INSUFFICIENT_SAMPLE",,,,,,,,
4,"00-0037382","8756","Brandon Johnson","WR","PIT",2024,8,"PIT",0,"rosters_weekly",0.236531569777416,,,"INSUFFICIENT_SAMPLE","ROOKIE_OR_NO_PRIOR_SEASON",0,0,"INSUFFICIENT_SAMPLE",0.0377683114176359,,,"INSUFFICIENT_SAMPLE","ROOKIE_OR_NO_PRIOR_SEASON",0,0,"INSUFFICIENT_SAMPLE",0.0543648423273242,,,"INSUFFICIENT_SAMPLE","ROOKIE_OR_NO_PRIOR_SEASON",0,0,"INSUFFICIENT_SAMPLE",0.214154723621528,,,"INSUFFICIENT_SAMPLE","ROOKIE_OR_NO_PRIOR_SEASON",0,0,"INSUFFICIENT_SAMPLE",0.0895817825636205,,,"INSUFFICIENT_SAMPLE","ROOKIE_OR_NO_PRIOR_SEASON",0,0,"INSUFFICIENT_SAMPLE",,,,,,,,,,,,,,,,,0.0331803725542956,,,"INSUFFICIENT_SAMPLE","ROOKIE_OR_NO_PRIOR_SEASON",0,0,"INSUFFICIENT_SAMPLE",,,,,,,,
4,"00-0037475","8583","Stone Smartt","TE","NO",2025,18,"NYJ",0,"rosters_weekly",0.307695302150826,,0.307757042248709,"LOW","TEAM_CHANGE",0,0,"INSUFFICIENT_SAMPLE",0.0354523685077598,,0.0354701024225984,"LOW","TEAM_CHANGE",0,0,"INSUFFICIENT_SAMPLE",0.0329432285973103,,0.032900147202129,"LOW","TEAM_CHANGE",0,0,"INSUFFICIENT_SAMPLE",0.32532755211834,,0.328434194019504,"LOW","TEAM_CHANGE",0,0,"INSUFFICIENT_SAMPLE",0.239435926827658,,0.239580225527076,"LOW","TEAM_CHANGE",0,0,"INSUFFICIENT_SAMPLE",,,,,,,,,,,,,,,,,0.000114709087112154,,0,"LOW","TEAM_CHANGE",0,0,"INSUFFICIENT_SAMPLE",,,,,,,,
4,"00-0037487","8253","Deven Thompkins","WR","LV",2025,18,"ATL",0,"rosters_weekly",0.0522330419255141,,0.0459967551478211,"LOW","TEAM_CHANGE",0,0,"INSUFFICIENT_SAMPLE",0.00602099619787983,,0.00558940978892153,"LOW","TEAM_CHANGE",0,0,"INSUFFICIENT_SAMPLE",0.00211904478781657,,0.00248196071197583,"LOW","TEAM_CHANGE",0,0,"INSUFFICIENT_SAMPLE",0.102829005900965,,0.0992770416641029,"LOW","TEAM_CHANGE",0,0,"INSUFFICIENT_SAMPLE",0.0143403474292094,,0.013851190662525,"LOW","TEAM_CHANGE",0,0,"INSUFFICIENT_SAMPLE",,,,,,,,,,,,,,,,,0.000778330266714531,,0,"LOW","TEAM_CHANGE",0,0,"INSUFFICIENT_SAMPLE",,,,,,,,
4,"00-0037509","8220","Sincere McCormick","RB","SF",2024,15,"LV",0,"rosters_weekly",0.313857646324827,,,"INSUFFICIENT_SAMPLE","ROOKIE_OR_NO_PRIOR_SEASON",0,0,"INSUFFICIENT_SAMPLE",0.0413698062130873,,,"INSUFFICIENT_SAMPLE","ROOKIE_OR_NO_PRIOR_SEASON",0,0,"INSUFFICIENT_SAMPLE",0.00467348960082388,,,"INSUFFICIENT_SAMPLE","ROOKIE_OR_NO_PRIOR_SEASON",0,0,"INSUFFICIENT_SAMPLE",0.192757378358857,,,"INSUFFICIENT_SAMPLE","ROOKIE_OR_NO_PRIOR_SEASON",0,0,"INSUFFICIENT_SAMPLE",,,,,,,,,0.422184068999147,,,"INSUFFICIENT_SAMPLE","ROOKIE_OR_NO_PRIOR_SEASON",0,0,"INSUFFICIENT_SAMPLE",0.527771615427197,,,"INSUFFICIENT_SAMPLE","ROOKIE_OR_NO_PRIOR_SEASON",0,0,"INSUFFICIENT_SAMPLE",0.035940045498725,,,"INSUFFICIENT_SAMPLE","ROOKIE_OR_NO_PRIOR_SEASON",0,0,"INSUFFICIENT_SAMPLE",0.216957939861817,,,"INSUFFICIENT_SAMPLE","ROOKIE_OR_NO_PRIOR_SEASON",0,0,"INSUFFICIENT_SAMPLE"
4,"00-0037524","8250","Tay Martin","WR","DET",2026,3,"DET",3,"rosters_weekly",0.0519933932149534,0.0105820105820106,0.163296625751086,"LOW","TEAM_CHANGE",3,2,"LOW",0.00611219513004906,0,0.0158954577345126,"LOW","TEAM_CHANGE",3,0,"INSUFFICIENT_SAMPLE",0.0118443138567988,0,0.0164513778404944,"LOW","TEAM_CHANGE",3,0,"INSUFFICIENT_SAMPLE",0.0872801190321008,,0.0967048593062389,"LOW","TEAM_CHANGE",0,0,"INSUFFICIENT_SAMPLE",0.0122328256946886,0,0.0330045275386376,"LOW","TEAM_CHANGE",3,0,"INSUFFICIENT_SAMPLE",,,,,,,,,,,,,,,,,0,0,0,"LOW","TEAM_CHANGE",3,0,"INSUFFICIENT_SAMPLE",,,,,,,,
4,"00-0037525","8408","Jordan Mason","RB","MIN",2026,1,"MIN",1,"rosters_weekly",0.351410331640287,0.467741935483871,0.303138202827404,"MEDIUM","NONE",1,29,"MEDIUM",0.00803729166018288,0,0.0113283083678876,"MEDIUM","NONE",1,0,"INSUFFICIENT_SAMPLE",-0.00698156799367503,0,-0.00993454364995437,"MEDIUM","NONE",1,0,"INSUFFICIENT_SAMPLE",0.202985932389903,,0.202589856992123,"MEDIUM","NONE",0,0,"INSUFFICIENT_SAMPLE",,,,,,,,,0.39848941112041,0.535714285714286,0.341737985553123,"MEDIUM","NONE",1,15,"MEDIUM",0.427427766865417,0.555555555555556,0.374421566395229,"MEDIUM","NONE",1,15,"MEDIUM",0.00232898682252053,0,0.00325401954421031,"MEDIUM","NONE",1,0,"INSUFFICIENT_SAMPLE",0.385020517256854,0.5,0.337951757863709,"MEDIUM","NONE",1,4,"LOW"
4,"00-0037539","8249","Lucas Krull","TE","DEN",2025,3,"DEN",0,"rosters_weekly",0.360825695966595,,0.311668175647189,"LOW","NONE",0,0,"INSUFFICIENT_SAMPLE",0.0340837035215857,,0.0353295958042729,"LOW","NONE",0,0,"INSUFFICIENT_SAMPLE",0.0238698987053182,,0.0280996616931188,"LOW","NONE",0,0,"INSUFFICIENT_SAMPLE",0.341549459787799,,0.26335245699251,"LOW","NONE",0,0,"INSUFFICIENT_SAMPLE",0.448394247158561,,0.517807816367969,"LOW","NONE",0,0,"INSUFFICIENT_SAMPLE",,,,,,,,,,,,,,,,,8.53090825804564e-05,,0,"LOW","NONE",0,0,"INSUFFICIENT_SAMPLE",,,,,,,,
4,"00-0037545","8676","Rashid Shaheed","WR","SEA",2026,3,"SEA",3,"rosters_weekly",0.531224985759718,0.564432937354046,0.513722324060639,"MEDIUM","NONE",3,103,"LOW",0.108377638779767,0.124679802955665,0.0911896609923984,"MEDIUM","NONE",3,12,"LOW",0.184340426046267,0.156751648776561,0.254394072556695,"MEDIUM","NONE",3,12,"LOW",0.619018235510681,,0.618912003158676,"MEDIUM","NONE",0,0,"INSUFFICIENT_SAMPLE",0.181095277776666,0.204086687306502,0.154544183556858,"MEDIUM","NONE",3,12,"LOW",,,,,,,,,,,,,,,,,0.0258298625982189,0,0.0730416043000977,"MEDIUM","NONE",3,0,"INSUFFICIENT_SAMPLE",,,,,,,,
4,"00-0037557","8195","Ronnie Rivers","RB","LAR",2026,2,"LAR",2,"rosters_weekly",0.0514854023925654,0.0666666666666667,0.0469786789178612,"MEDIUM","NONE",2,8,"LOW",0.0100934446421348,0.0151515151515152,0.00756921704181747,"MEDIUM","NONE",2,1,"LOW",0.00293723691460297,0.00392156862745098,0.00274604153145006,"MEDIUM","NONE",2,1,"LOW",0.165659039168414,,0.0780438485825995,"LOW","NONE",0,0,"INSUFFICIENT_SAMPLE",,,,,,,,,0.0436040195087272,0.0925925925925926,0.00965361884799484,"MEDIUM","NONE",2,5,"LOW",0.0453856022978166,0.0961538461538462,0.0100153734061628,"MEDIUM","NONE",2,5,"LOW",2.26274036198798e-07,0,0,"MEDIUM","NONE",2,0,"INSUFFICIENT_SAMPLE",0.0599841683991132,0.142857142857143,0,"MEDIUM","NONE",2,2,"LOW"
4,"00-0037563","8800","Malik Davis","RB","DAL",2025,17,"DAL",0,"rosters_weekly",0.334235831303919,,0.344166332800192,"MEDIUM","NONE",0,0,"INSUFFICIENT_SAMPLE",0.0227376072363874,,0.023401735044168,"MEDIUM","NONE",0,0,"INSUFFICIENT_SAMPLE",0.0107191191387697,,0.0110777067551395,"MEDIUM","NONE",0,0,"INSUFFICIENT_SAMPLE",0.281372456179645,,0.288532968287536,"MEDIUM","NONE",0,0,"INSUFFICIENT_SAMPLE",,,,,,,,,0.296829262500282,,0.305574104815576,"MEDIUM","NONE",0,0,"INSUFFICIENT_SAMPLE",0.326317800806977,,0.335888521231335,"MEDIUM","NONE",0,0,"INSUFFICIENT_SAMPLE",0.000246720906718631,,0,"MEDIUM","NONE",0,0,"INSUFFICIENT_SAMPLE",0.171829884009872,,0.177054312031549,"MEDIUM","NONE",0,0,"INSUFFICIENT_SAMPLE"
4,"00-0037594","8254","Julius Chestnut","RB","TEN",2026,3,"TEN",3,"rosters_weekly",0.00374578881136754,0,0.0101941239013882,"MEDIUM","NONE",3,0,"INSUFFICIENT_SAMPLE",7.75145156222764e-05,0,0.000202631996012775,"MEDIUM","NONE",3,0,"INSUFFICIENT_SAMPLE",0.000106637855903976,0,0.00029461324513467,"MEDIUM","NONE",3,0,"INSUFFICIENT_SAMPLE",0.0581386664460218,,0.0437197636512145,"MEDIUM","NONE",0,0,"INSUFFICIENT_SAMPLE",,,,,,,,,0.00332614585392952,0,0.009301484546214,"MEDIUM","NONE",3,0,"INSUFFICIENT_SAMPLE",0.00382024322329612,0,0.0106759106707072,"MEDIUM","NONE",3,0,"INSUFFICIENT_SAMPLE",0,0,0,"MEDIUM","NONE",3,0,"INSUFFICIENT_SAMPLE",0.0111410244309219,0,0.0216702508844408,"MEDIUM","NONE",2,0,"INSUFFICIENT_SAMPLE"
4,"00-0037614","8147","John Metchie","WR","CAR",2026,3,"CAR",2,"rosters_weekly",0.56262587461403,0.336740890688259,0.749902050999848,"LOW","TEAM_CHANGE",2,50,"LOW",0.0922925200813944,0.0480769230769231,0.128320337246013,"LOW","TEAM_CHANGE",2,5,"LOW",0.104257100563106,0.0440180586907449,0.156927925831766,"LOW","TEAM_CHANGE",2,5,"LOW",0.626396023805381,,0.627060523670116,"LOW","TEAM_CHANGE",0,0,"INSUFFICIENT_SAMPLE",0.186020894162142,0.113636363636364,0.23895918849039,"LOW","TEAM_CHANGE",2,5,"LOW",,,,,,,,,,,,,,,,,0.103037059557402,0.1,0.0889515901642883,"LOW","TEAM_CHANGE",2,1,"LOW",,,,,,,,
4,"00-0037664","8142","Alec Pierce","WR","IND",2026,2,"IND",2,"rosters_weekly",0.626413660290468,0.427065527065527,0.854565800908433,"MEDIUM","NONE",2,49,"LOW",0.113470839898121,0.1,0.13930126339634,"MEDIUM","NONE",2,7,"LOW",0.296233969655191,0.287083103003501,0.344426511951894,"MEDIUM","NONE",2,7,"LOW",0.79944382462397,,0.799887258224904,"MEDIUM","NONE",0,0,"INSUFFICIENT_SAMPLE",0.245815732325363,0.194444444444444,0.321662005784302,"MEDIUM","NONE",2,7,"LOW",,,,,,,,,,,,,,,,,0.15711636366197,0.166666666666667,0.176766020902666,"MEDIUM","NONE",2,1,"LOW",,,,,,,,
4,"00-0037666","8117","Jalen Tolbert","WR","MIA",2026,3,"MIA",1,"rosters_weekly",0.336156806968128,0.164383561643836,0.404651213742424,"LOW","TEAM_CHANGE",1,12,"MEDIUM",0.0410594302393486,0,0.0574644421735021,"LOW","TEAM_CHANGE",1,0,"INSUFFICIENT_SAMPLE",0.0778512373732357,0,0.109503855182714,"LOW","TEAM_CHANGE",1,0,"INSUFFICIENT_SAMPLE",0.333163791309554,,0.330629275602619,"LOW","TEAM_CHANGE",0,0,"INSUFFICIENT_SAMPLE",0.0794701817968768,0,0.111535246011898,"LOW","TEAM_CHANGE",1,0,"INSUFFICIENT_SAMPLE",,,,,,,,,,,,,,,,,0.0339454194348584,0,0.046333715288734,"LOW","TEAM_CHANGE",1,0,"INSUFFICIENT_SAMPLE",,,,,,,,
4,"00-0037740","8146","Garrett Wilson","WR","NYJ",2026,3,"NYJ",3,"rosters_weekly",0.850493931152373,0.870351632766016,0.765622799802684,"MEDIUM","NONE",3,177,"LOW",0.226011027140833,0.226190476190476,0.219851930805342,"MEDIUM","NONE",3,28,"LOW",0.485524267798924,0.388237969759709,0.710188272525106,"MEDIUM","NONE",3,28,"LOW",0.586768273890871,,0.562091551693005,"MEDIUM","NONE",0,0,"INSUFFICIENT_SAMPLE",0.565344905317438,0.532079772079772,0.590119683325345,"MEDIUM","NONE",3,28,"LOW",,,,,,,,,,,,,,,,,0.0959307375354431,0.0972222222222222,0.0631108613017679,"MEDIUM","NONE",3,2,"LOW",,,,,,,,
4,"00-0037741","8119","Jahan Dotson","WR","ATL",2026,3,"ATL",3,"rosters_weekly",0.667680862156488,0.689371980676329,0.620410121962043,"LOW","TEAM_CHANGE",3,137,"LOW",0.0896910512111425,0.102717369538227,0.0664736349021892,"LOW","TEAM_CHANGE",3,10,"LOW",0.29719047812706,0.424171160400108,0.13946686960982,"LOW","TEAM_CHANGE",3,10,"LOW",0.580188968024944,,0.580179838925989,"LOW","TEAM_CHANGE",0,0,"INSUFFICIENT_SAMPLE",0.200611265283219,0.258986928104575,0.136191124039373,"LOW","TEAM_CHANGE",3,10,"LOW",,,,,,,,,,,,,,,,,0.0453174410021182,0,0.0641173996523016,"LOW","TEAM_CHANGE",1,0,"INSUFFICIENT_SAMPLE",,,,,,,,
4,"00-0037742","8135","Treylon Burks","WR","WAS",2026,3,"WAS",2,"rosters_weekly",0.515367134334777,0.334454488122766,0.70525972835369,"MEDIUM","NONE",2,46,"LOW",0.0691128756930896,0.0371853546910755,0.102002906678717,"MEDIUM","NONE",2,3,"LOW",0.148316111504516,0.0961395902596819,0.216657586280693,"MEDIUM","NONE",2,3,"LOW",0.568829703585667,,0.582251363319929,"MEDIUM","NONE",0,0,"INSUFFICIENT_SAMPLE",0.14334501679946,0.0616666666666667,0.22913546533377,"MEDIUM","NONE",2,3,"LOW",,,,,,,,,,,,,,,,,0.187122230678396,0.166666666666667,0.196197433569687,"MEDIUM","NONE",2,1,"LOW",,,,,,,,
4,"00-0037744","8130","Trey McBride","TE","ARI",2026,3,"ARI",3,"rosters_weekly",0.907713066341429,0.880915032679739,0.936848670157404,"MEDIUM","NONE",3,183,"LOW",0.244894926551552,0.266690009337068,0.229406223533163,"MEDIUM","NONE",3,34,"LOW",0.245684088409503,0.27448208248219,0.223000806665105,"MEDIUM","NONE",3,34,"LOW",0.821704196342238,,0.821701056404674,"MEDIUM","NONE",0,0,"INSUFFICIENT_SAMPLE",0.825671221230184,0.911111111111111,0.727448273882884,"MEDIUM","NONE",3,34,"LOW",,,,,,,,,,,,,,,,,0.3726193885098,0.444444444444444,0.318491432653724,"MEDIUM","NONE",3,8,"LOW",,,,,,,,
4,"00-0037745","8223","Velus Jones","RB","SEA",2026,3,"SEA",2,"rosters_weekly",0.0299801762768367,0,0.0589236145172412,"MEDIUM","NONE",2,0,"INSUFFICIENT_SAMPLE",0.000116605427037387,0,0,"MEDIUM","NONE",2,0,"INSUFFICIENT_SAMPLE",9.83816826697666e-05,0,0,"MEDIUM","NONE",2,0,"INSUFFICIENT_SAMPLE",0.0918910196701774,,0.1,"LOW","NONE",0,0,"INSUFFICIENT_SAMPLE",,,,,,,,,0.0275605674710024,0,0.0553156843954145,"MEDIUM","NONE",2,0,"INSUFFICIENT_SAMPLE",0.03133515512126,0,0.0631182571235192,"MEDIUM","NONE",2,0,"INSUFFICIENT_SAMPLE",2.97672588375619e-07,0,0,"MEDIUM","NONE",2,0,"INSUFFICIENT_SAMPLE",2.23460093565995e-07,0,0,"MEDIUM","NONE",2,0,"INSUFFICIENT_SAMPLE"
4,"00-0037746","8154","Brian Robinson","RB","ATL",2026,3,"ATL",3,"rosters_weekly",0.280468340651011,0.334541062801932,0.180982278445451,"LOW","TEAM_CHANGE",3,67,"LOW",0.0154218394890054,0.016260162601626,0.0150233974833545,"LOW","TEAM_CHANGE",3,2,"LOW",0.00076978019953409,0,0.00218414473514998,"LOW","TEAM_CHANGE",3,2,"LOW",0.132967937883145,,0.132665606997243,"LOW","TEAM_CHANGE",0,0,"INSUFFICIENT_SAMPLE",,,,,,,,,0.245527151461225,0.308035714285714,0.140285349203033,"LOW","TEAM_CHANGE",3,30,"LOW",0.256014542705828,0.321272554605888,0.148164528426489,"LOW","TEAM_CHANGE",3,30,"LOW",0.0239475552595205,0,0.0338947385325394,"LOW","TEAM_CHANGE",1,0,"INSUFFICIENT_SAMPLE",0.0875022019647667,0.0833333333333333,0.0887044512374302,"LOW","TEAM_CHANGE",1,1,"LOW"
4,"00-0037755","8219","Jelani Woods","TE","NYJ",2026,3,"NYJ",3,"rosters_weekly",0.31856563797913,0.305486370554864,0.259522902217705,"MEDIUM","NONE",3,62,"LOW",0.0209614974560772,0.00680272108843537,0.0231208914337751,"MEDIUM","NONE",3,1,"LOW",0.0322694368332533,0.0196687370600414,0.0128928608334683,"MEDIUM","NONE",3,1,"LOW",0.243113716187329,,0.149848104983416,"LOW","NONE",0,0,"INSUFFICIENT_SAMPLE",0.106638785116753,0.0238095238095238,0.111017659518975,"MEDIUM","NONE",3,1,"LOW",,,,,,,,,,,,,,,,,0.0252075241026189,0,0.0690355937288492,"MEDIUM","NONE",3,0,"INSUFFICIENT_SAMPLE",,,,,,,,
4,"00-0037801","8917","KaVontae Turpin","WR","DAL",2026,3,"DAL",3,"rosters_weekly",0.177968190520322,0.130334095851337,0.257902522062286,"MEDIUM","NONE",3,25,"LOW",0.0326808305171399,0.0220189701897019,0.0475830222162522,"MEDIUM","NONE",3,3,"LOW",0.0590172560279442,0.0194611015927407,0.119757807998749,"MEDIUM","NONE",3,3,"LOW",0.260864994854371,,0.260099778549817,"MEDIUM","NONE",0,0,"INSUFFICIENT_SAMPLE",0.0569648774354268,0.0388888888888889,0.0848374629150136,"MEDIUM","NONE",3,3,"LOW",,,,,,,,,,,,,,,,,0.0426095042091832,0.0303030303030303,0.0449826741476982,"MEDIUM","NONE",3,1,"LOW",,,,,,,,
4,"00-0037805","8145","Jeremy Ruckert","TE","NYJ",2026,3,"NYJ",3,"rosters_weekly",0.470173471883771,0.406611059222361,0.590621465372193,"MEDIUM","NONE",3,82,"LOW",0.0597937611756923,0.0595238095238095,0.0459081753477677,"MEDIUM","NONE",3,8,"LOW",0.0152121447838615,0.00433684672815108,0.0251269473613644,"MEDIUM","NONE",3,8,"LOW",0.439831664295441,,0.440213520304678,"MEDIUM","NONE",0,0,"INSUFFICIENT_SAMPLE",0.357783262634882,0.3,0.423150279656166,"MEDIUM","NONE",3,8,"LOW",,,,,,,,,,,,,,,,,0.0858210372276557,0.0972222222222222,0.0416442514329236,"MEDIUM","NONE",3,2,"LOW",,,,,,,,
4,"00-0037809","8210","Chigoziem Okonkwo","TE","WAS",2026,1,"WAS",1,"rosters_weekly",0.59791700320171,0.557142857142857,0.615037298003344,"LOW","TEAM_CHANGE",1,39,"MEDIUM",0.12675934549051,0.0731707317073171,0.14901442992177,"LOW","TEAM_CHANGE",1,3,"LOW",0.101436090430856,0.123028391167192,0.0923628764430149,"LOW","TEAM_CHANGE",1,3,"LOW",0.624677670948575,,0.625103292535162,"LOW","TEAM_CHANGE",0,0,"INSUFFICIENT_SAMPLE",0.554689454464081,0.428571428571429,0.607242726660812,"LOW","TEAM_CHANGE",1,3,"LOW",,,,,,,,,,,,,,,,,0.06346903421142,0,0.0898203975118221,"LOW","TEAM_CHANGE",1,0,"INSUFFICIENT_SAMPLE",,,,,,,,
4,"00-0037816","8121","Romeo Doubs","WR","NE",2026,3,"NE",3,"rosters_weekly",0.693874504448643,0.663884073132014,0.715406756703717,"LOW","TEAM_CHANGE",3,123,"LOW",0.121524294130639,0.102037617554859,0.151833947361402,"LOW","TEAM_CHANGE",3,11,"LOW",0.25078296173245,0.289335198592824,0.22493935344686,"LOW","TEAM_CHANGE",3,11,"LOW",0.554040286412041,,0.553777565451962,"LOW","TEAM_CHANGE",0,0,"INSUFFICIENT_SAMPLE",0.24602546217654,0.231814714652243,0.273430466653431,"LOW","TEAM_CHANGE",3,11,"LOW",,,,,,,,,,,,,,,,,0.121809553528332,0.0476190476190476,0.226545480866288,"LOW","TEAM_CHANGE",3,1,"LOW",,,,,,,,
4,"00-0037834","8183","Brock Purdy","QB","SF",2026,3,"SF",3,"rosters_weekly",0.968475832824165,0.966289308176101,0.965028823962192,"MEDIUM","NONE",3,163,"LOW",,,,,,,,,,,,,,,,,,,,,,,,,,,,,,,,,0.0386431460435988,0.0357142857142857,0.06477137262742,"MEDIUM","NONE",3,3,"LOW",,,,,,,,,,,,,,,,,0.0125509812691114,0,0.0323394578383121,"MEDIUM","NONE",3,0,"INSUFFICIENT_SAMPLE"
4,"00-0037837","8125","Calvin Austin III","WR","NYG",2025,19,"PIT",0,"rosters_weekly",0.450161190030805,,0.448910032798086,"LOW","TEAM_CHANGE",0,0,"INSUFFICIENT_SAMPLE",0.102325309157884,,0.102447848240375,"LOW","TEAM_CHANGE",0,0,"INSUFFICIENT_SAMPLE",0.235250303277481,,0.235431493025178,"LOW","TEAM_CHANGE",0,0,"INSUFFICIENT_SAMPLE",0.463691135967521,,0.462899464642186,"LOW","TEAM_CHANGE",0,0,"INSUFFICIENT_SAMPLE",0.245592665830031,,0.245649246597591,"LOW","TEAM_CHANGE",0,0,"INSUFFICIENT_SAMPLE",,,,,,,,,,,,,,,,,0.033272507841479,,0.0332352549528629,"LOW","TEAM_CHANGE",0,0,"INSUFFICIENT_SAMPLE",,,,,,,,
4,"00-0037838","8131","Isaiah Likely","TE","NYG",2026,3,"NYG",3,"rosters_weekly",0.665942177528722,0.687316514902722,0.554752673268296,"LOW","TEAM_CHANGE",3,128,"LOW",0.177297362557417,0.237774571107904,0.0798523924072101,"LOW","TEAM_CHANGE",3,23,"LOW",0.155111398316592,0.185466239281636,0.119418099812798,"LOW","TEAM_CHANGE",3,23,"LOW",0.501430510541869,,0.500490154561621,"LOW","TEAM_CHANGE",0,0,"INSUFFICIENT_SAMPLE",0.678240596394875,0.867724867724868,0.302289416098655,"LOW","TEAM_CHANGE",3,23,"LOW",,,,,,,,,,,,,,,,,0.102785265053726,0.19047619047619,0.052999054426373,"LOW","TEAM_CHANGE",3,4,"LOW",,,,,,,,
4,"00-0037840","8150","Kyren Williams","RB","LAR",2026,3,"LAR",3,"rosters_weekly",0.645197578634011,0.654132457580733,0.610361690304829,"MEDIUM","NONE",3,134,"LOW",0.0848766739424547,0.0887564166252691,0.0718525310937333,"MEDIUM","NONE",3,12,"LOW",0.0421180266955103,0.0428874652400656,0.0276099026485453,"MEDIUM","NONE",3,12,"LOW",0.571461238824369,,0.571171091506835,"MEDIUM","NONE",0,0,"INSUFFICIENT_SAMPLE",,,,,,,,,0.540036895040094,0.513193773483628,0.536990289826607,"MEDIUM","NONE",3,38,"LOW",0.585092440394228,0.545787545787546,0.594742766815728,"MEDIUM","NONE",3,38,"LOW",0.104473003371548,0.0833333333333333,0.14909858417317,"MEDIUM","NONE",3,1,"LOW",0.719423056321093,0.746031746031746,0.659881263771483,"MEDIUM","NONE",3,8,"LOW"
4,"00-0038040","8139","Zamir White","RB","NO",2025,18,"LV",0,"rosters_weekly",0.141344582527353,,0.123421794564973,"LOW","TEAM_CHANGE",0,0,"INSUFFICIENT_SAMPLE",0.0206568223645438,,0.0217721081057816,"LOW","TEAM_CHANGE",0,0,"INSUFFICIENT_SAMPLE",-0.00445730566430627,,-0.00414203951001642,"LOW","TEAM_CHANGE",0,0,"INSUFFICIENT_SAMPLE",0.168072519537894,,0.159784905652294,"LOW","TEAM_CHANGE",0,0,"INSUFFICIENT_SAMPLE",,,,,,,,,0.095164296834779,,0.0599204505957303,"LOW","TEAM_CHANGE",0,0,"INSUFFICIENT_SAMPLE",0.110283835988159,,0.0700232510323223,"LOW","TEAM_CHANGE",0,0,"INSUFFICIENT_SAMPLE",0.000157315768712636,,0,"LOW","TEAM_CHANGE",0,0,"INSUFFICIENT_SAMPLE",0.0280451088023308,,0,"LOW","TEAM_CHANGE",0,0,"INSUFFICIENT_SAMPLE"
4,"00-0038041","8110","Jake Ferguson","TE","DAL",2026,3,"DAL",3,"rosters_weekly",0.649348190304736,0.68260329294812,0.599919947369099,"MEDIUM","NONE",3,128,"LOW",0.0915738748611196,0.0870184208598843,0.0890364493198936,"MEDIUM","NONE",3,11,"LOW",0.0589601587908445,0.0607958606011241,0.0524877783662478,"MEDIUM","NONE",3,11,"LOW",0.578322975927947,,0.578115914539495,"MEDIUM","NONE",0,0,"INSUFFICIENT_SAMPLE",0.676684548688343,0.704761904761905,0.570154548525436,"MEDIUM","NONE",3,11,"LOW",,,,,,,,,,,,,,,,,0.174065782185062,0.181096681096681,0.18101966236302,"MEDIUM","NONE",3,4,"LOW",,,,,,,,
4,"00-0038046","8127","Charlie Kolar","TE","LAC",2026,2,"LAC",2,"rosters_weekly",0.487873134754962,0.586160108548168,0.382855742840882,"LOW","TEAM_CHANGE",2,72,"LOW",0.0366623194326788,0.0441176470588235,0.0216744487493649,"LOW","TEAM_CHANGE",2,3,"LOW",0.0259751403845473,0.0204460966542751,0.0280602715505718,"LOW","TEAM_CHANGE",2,3,"LOW",0.128801948304319,,0.128795352148904,"LOW","TEAM_CHANGE",0,0,"INSUFFICIENT_SAMPLE",0.152603476541922,0.1875,0.085672794645758,"LOW","TEAM_CHANGE",2,3,"LOW",,,,,,,,,,,,,,,,,0.00778376861096444,0,0.0156457230749266,"LOW","TEAM_CHANGE",2,0,"INSUFFICIENT_SAMPLE",,,,,,,,
4,"00-0038090","8168","Skyy Moore","WR","GB",2026,3,"GB",3,"rosters_weekly",0.275846456101286,0.309969082651037,0.120359354306858,"LOW","TEAM_CHANGE",3,59,"LOW",0.0592192884875112,0.0752288329519451,0.00867592162343257,"LOW","TEAM_CHANGE",3,11,"LOW",0.067170821874457,0.0944446324687974,0.0141535854721287,"LOW","TEAM_CHANGE",3,11,"LOW",0.0956320159648147,,0.0950919544544492,"LOW","TEAM_CHANGE",0,0,"INSUFFICIENT_SAMPLE",0.104343237132405,0.127655869035179,0.0251792070208053,"LOW","TEAM_CHANGE",3,11,"LOW",,,,,,,,,,,,,,,,,0.0941459123021995,0.130952380952381,0,"LOW","TEAM_CHANGE",3,3,"LOW",,,,,,,,
4,"00-0038098","8116","Pierre Strong Jr.","RB","GB",2024,17,"CLE",0,"rosters_weekly",0.195630665801195,,,"INSUFFICIENT_SAMPLE","ROOKIE_OR_NO_PRIOR_SEASON",0,0,"INSUFFICIENT_SAMPLE",0.0448757937496947,,,"INSUFFICIENT_SAMPLE","ROOKIE_OR_NO_PRIOR_SEASON",0,0,"INSUFFICIENT_SAMPLE",0.00940322854061253,,,"INSUFFICIENT_SAMPLE","ROOKIE_OR_NO_PRIOR_SEASON",0,0,"INSUFFICIENT_SAMPLE",0.20061658435523,,,"INSUFFICIENT_SAMPLE","ROOKIE_OR_NO_PRIOR_SEASON",0,0,"INSUFFICIENT_SAMPLE",,,,,,,,,0.0863693850821614,,,"INSUFFICIENT_SAMPLE","ROOKIE_OR_NO_PRIOR_SEASON",0,0,"INSUFFICIENT_SAMPLE",0.105085326724786,,,"INSUFFICIENT_SAMPLE","ROOKIE_OR_NO_PRIOR_SEASON",0,0,"INSUFFICIENT_SAMPLE",0.0051776712754439,,,"INSUFFICIENT_SAMPLE","ROOKIE_OR_NO_PRIOR_SEASON",0,0,"INSUFFICIENT_SAMPLE",0.000721071009845611,,,"INSUFFICIENT_SAMPLE","ROOKIE_OR_NO_PRIOR_SEASON",0,0,"INSUFFICIENT_SAMPLE"
4,"00-0038102","8160","Kenny Pickett","QB","CAR",2026,2,"CAR",2,"rosters_weekly",0.187655582621701,0.0822398190045249,0.292311844341426,"LOW","TEAM_CHANGE",2,11,"LOW",,,,,,,,,,,,,,,,,,,,,,,,,,,,,,,,,0.00918667694121592,0,0.0188784099717489,"LOW","TEAM_CHANGE",2,0,"INSUFFICIENT_SAMPLE",,,,,,,,,,,,,,,,,0.00471642312708511,0,0,"LOW","TEAM_CHANGE",2,0,"INSUFFICIENT_SAMPLE"
4,"00-0038104","8188","Tyquan Thornton","WR","KC",2026,3,"KC",3,"rosters_weekly",0.481847248527019,0.587053224553225,0.342161074981846,"MEDIUM","NONE",3,118,"LOW",0.0578401837032929,0.0592544710191769,0.0472121091426759,"MEDIUM","NONE",3,7,"LOW",0.215370786035194,0.239775925043275,0.204968574808684,"MEDIUM","NONE",3,7,"LOW",0.286969712678,,0.287560270684036,"MEDIUM","NONE",0,0,"INSUFFICIENT_SAMPLE",0.137104298684118,0.151127819548872,0.104710005627639,"MEDIUM","NONE",3,7,"LOW",,,,,,,,,,,,,,,,,0.00160844285066631,0,0.00432146061865481,"MEDIUM","NONE",3,0,"INSUFFICIENT_SAMPLE",,,,,,,,
4,"00-0038115","8225","Daniel Bellinger","TE","TEN",2026,3,"TEN",3,"rosters_weekly",0.498015902643157,0.377610062893082,0.696275985502938,"LOW","TEAM_CHANGE",3,62,"LOW",0.043528434207909,0.0387606837606838,0.0468639555581285,"LOW","TEAM_CHANGE",3,4,"LOW",0.0191632486730136,0.00981620718462824,0.0389889993167226,"LOW","TEAM_CHANGE",3,4,"LOW",0.501755721553623,,0.501687433405348,"LOW","TEAM_CHANGE",0,0,"INSUFFICIENT_SAMPLE",0.366510197506999,0.277777777777778,0.496074638165529,"LOW","TEAM_CHANGE",3,4,"LOW",,,,,,,,,,,,,,,,,0.0109978627262062,0,0.031227574882685,"LOW","TEAM_CHANGE",3,0,"INSUFFICIENT_SAMPLE",,,,,,,,
4,"00-0038117","8126","Wan'Dale Robinson","WR","TEN",2026,3,"TEN",3,"rosters_weekly",0.737732854822998,0.660545073375262,0.913330389168068,"LOW","TEAM_CHANGE",3,107,"LOW",0.21436013880028,0.157350427350427,0.287209945365576,"LOW","TEAM_CHANGE",3,18,"LOW",0.262273032255968,0.145279866332498,0.442253451875932,"LOW","TEAM_CHANGE",3,18,"LOW",0.766375305454634,,0.766302907275562,"LOW","TEAM_CHANGE",0,0,"INSUFFICIENT_SAMPLE",0.423502837703454,0.301969696969697,0.625657251826027,"LOW","TEAM_CHANGE",3,18,"LOW",,,,,,,,,,,,,,,,,0.186388141693941,0.142857142857143,0.171765881747296,"LOW","TEAM_CHANGE",3,3,"LOW",,,,,,,,
4,"00-0038120","8155","Breece Hall","RB","NYJ",2026,3,"NYJ",3,"rosters_weekly",0.583767935662233,0.583919243807942,0.611720391052518,"MEDIUM","NONE",3,119,"LOW",0.0727326645555259,0.0782312925170068,0.065537634900775,"MEDIUM","NONE",3,10,"LOW",-0.0142830698307678,0.00256446452098626,-0.0403393933774672,"MEDIUM","NONE",3,10,"LOW",0.415371935545762,,0.414646429949107,"MEDIUM","NONE",0,0,"INSUFFICIENT_SAMPLE",,,,,,,,,0.674998056446797,0.68082788671024,0.632207854632832,"MEDIUM","NONE",3,51,"LOW",0.737240587626347,0.738036881419234,0.720968016141377,"MEDIUM","NONE",3,51,"LOW",0.0614597404583127,0,0.174210361047612,"MEDIUM","NONE",3,0,"INSUFFICIENT_SAMPLE",0.544066740744882,0.633333333333333,0.415908621008802,"MEDIUM","NONE",3,8,"LOW"
4,"00-0038124","8167","Christian Watson","WR","GB",2026,3,"GB",3,"rosters_weekly",0.779489995736523,0.822013756709669,0.70028052611156,"MEDIUM","NONE",3,158,"LOW",0.195501249231708,0.213986052086739,0.164716605297446,"MEDIUM","NONE",3,29,"LOW",0.289536985678913,0.300359972623654,0.281421027259845,"MEDIUM","NONE",3,29,"LOW",0.599554539294943,,0.601428381716582,"MEDIUM","NONE",0,0,"INSUFFICIENT_SAMPLE",0.340374934942982,0.359630790665273,0.306894463635376,"MEDIUM","NONE",3,29,"LOW",,,,,,,,,,,,,,,,,0.283615611370136,0.339285714285714,0.141991977115122,"MEDIUM","NONE",3,6,"LOW",,,,,,,,
4,"00-0038128","8161","Malik Willis","QB","MIA",2026,3,"MIA",3,"rosters_weekly",0.830197747670753,1.00050505050505,0.555797898175918,"LOW","TEAM_CHANGE",3,188,"LOW",,,,,,,,,,,,,,,,,,,,,,,,,,,,,,,,,0.0922452761374366,0.0721780135573239,0.147369671539632,"LOW","TEAM_CHANGE",3,5,"LOW",,,,,,,,,,,,,,,,,0.0193751693293826,0,0.0502077045300721,"LOW","TEAM_CHANGE",3,0,"INSUFFICIENT_SAMPLE"
4,"00-0038129","8111","Cade Otton","TE","TB",2026,3,"TB",3,"rosters_weekly",0.940973286596877,0.94477889260498,0.94415670944337,"MEDIUM","NONE",3,179,"LOW",0.139173921858678,0.129246670642019,0.159555974739186,"MEDIUM","NONE",3,17,"LOW",0.153449406086816,0.161828973282245,0.150514658750395,"MEDIUM","NONE",3,17,"LOW",0.796945329854427,,0.796866421634444,"MEDIUM","NONE",0,0,"INSUFFICIENT_SAMPLE",0.938202695247532,0.952380952380952,0.943351347284804,"MEDIUM","NONE",3,17,"LOW",,,,,,,,,,,,,,,,,0.135746735818431,0.0952380952380952,0.266132724730102,"MEDIUM","NONE",3,2,"LOW",,,,,,,,
4,"00-0038134","8151","Kenneth Walker III","RB","KC",2026,3,"KC",3,"rosters_weekly",0.693971120273415,0.755963480963481,0.579159199327658,"LOW","TEAM_CHANGE",3,151,"LOW",0.122559413102229,0.146735617323853,0.101715047075808,"LOW","TEAM_CHANGE",3,18,"LOW",-0.0102089812988972,-0.00296584474794687,-0.0156643830482944,"LOW","TEAM_CHANGE",3,18,"LOW",0.405872145555014,,0.405786707453903,"LOW","TEAM_CHANGE",0,0,"INSUFFICIENT_SAMPLE",,,,,,,,,0.730149790137835,0.775297619047619,0.644048324978948,"LOW","TEAM_CHANGE",3,65,"LOW",0.774165830359051,0.805004135649297,0.720282232201557,"LOW","TEAM_CHANGE",3,65,"LOW",0.130436324789665,0.174891774891775,0.0375177732209657,"LOW","TEAM_CHANGE",3,5,"LOW",0.827988133667328,0.916666666666667,0.617076012809976,"LOW","TEAM_CHANGE",3,15,"LOW"
4,"00-0038181","11520","Lucky Jackson","WR","DET",2023,18,"MIN",0,"rosters_weekly",0.016642058302182,,,"INSUFFICIENT_SAMPLE","ROOKIE_OR_NO_PRIOR_SEASON",0,0,"INSUFFICIENT_SAMPLE",0,,,"INSUFFICIENT_SAMPLE","ROOKIE_OR_NO_PRIOR_SEASON",0,0,"INSUFFICIENT_SAMPLE",0,,,"INSUFFICIENT_SAMPLE","ROOKIE_OR_NO_PRIOR_SEASON",0,0,"INSUFFICIENT_SAMPLE",0.0256410256410256,,,"INSUFFICIENT_SAMPLE","ROOKIE_OR_NO_PRIOR_SEASON",0,0,"INSUFFICIENT_SAMPLE",0,,,"INSUFFICIENT_SAMPLE","ROOKIE_OR_NO_PRIOR_SEASON",0,0,"INSUFFICIENT_SAMPLE",,,,,,,,,,,,,,,,,0,,,"INSUFFICIENT_SAMPLE","ROOKIE_OR_NO_PRIOR_SEASON",0,0,"INSUFFICIENT_SAMPLE",,,,,,,,
4,"00-0038359","11168","Xavier Smith","WR","LAR",2026,3,"LAR",3,"rosters_weekly",0.347621548799693,0.389107827038862,0.235694422560169,"MEDIUM","NONE",3,80,"LOW",0.0138510373807782,0.0101010101010101,0.0214549946430212,"MEDIUM","NONE",3,1,"LOW",0.0139754596240146,0,0.0395831742108643,"MEDIUM","NONE",3,1,"LOW",0.258024200039074,,0.258538197087913,"MEDIUM","NONE",0,0,"INSUFFICIENT_SAMPLE",0.0294337361034236,0.0222222222222222,0.0442595274468757,"MEDIUM","NONE",3,1,"LOW",,,,,,,,,,,,,,,,,0.0569577103758799,0.0833333333333333,0.0146741723362704,"MEDIUM","NONE",3,1,"LOW",,,,,,,,
4,"00-0038389","9227","Israel Abanikanda","RB","DAL",2023,18,"NYJ",0,"rosters_weekly",0.179420243061855,,,"INSUFFICIENT_SAMPLE","ROOKIE_OR_NO_PRIOR_SEASON",0,0,"INSUFFICIENT_SAMPLE",0.0397603413964729,,,"INSUFFICIENT_SAMPLE","ROOKIE_OR_NO_PRIOR_SEASON",0,0,"INSUFFICIENT_SAMPLE",0.014659983193181,,,"INSUFFICIENT_SAMPLE","ROOKIE_OR_NO_PRIOR_SEASON",0,0,"INSUFFICIENT_SAMPLE",0.17498956662265,,,"INSUFFICIENT_SAMPLE","ROOKIE_OR_NO_PRIOR_SEASON",0,0,"INSUFFICIENT_SAMPLE",,,,,,,,,0.142580629970349,,,"INSUFFICIENT_SAMPLE","ROOKIE_OR_NO_PRIOR_SEASON",0,0,"INSUFFICIENT_SAMPLE",0.167535393810636,,,"INSUFFICIENT_SAMPLE","ROOKIE_OR_NO_PRIOR_SEASON",0,0,"INSUFFICIENT_SAMPLE",0,,,"INSUFFICIENT_SAMPLE","ROOKIE_OR_NO_PRIOR_SEASON",0,0,"INSUFFICIENT_SAMPLE",0,,,"INSUFFICIENT_SAMPLE","ROOKIE_OR_NO_PRIOR_SEASON",0,0,"INSUFFICIENT_SAMPLE"
4,"00-0038391","10983","Sean Clifford","QB","CIN",2023,19,"GB",0,"rosters_weekly",0.0791894360679721,,,"INSUFFICIENT_SAMPLE","ROOKIE_OR_NO_PRIOR_SEASON",0,0,"INSUFFICIENT_SAMPLE",,,,,,,,,,,,,,,,,,,,,,,,,,,,,,,,,0.00755136398869955,,,"INSUFFICIENT_SAMPLE","ROOKIE_OR_NO_PRIOR_SEASON",0,0,"INSUFFICIENT_SAMPLE",,,,,,,,,,,,,,,,,0,,,"INSUFFICIENT_SAMPLE","ROOKIE_OR_NO_PRIOR_SEASON",0,0,"INSUFFICIENT_SAMPLE"
4,"00-0038393","9486","Dontayvion Wicks","WR","PHI",2026,3,"PHI",3,"rosters_weekly",0.635365058917259,0.813939093015558,0.311996226605819,"LOW","TEAM_CHANGE",3,141,"LOW",0.112857276298573,0.136232364686537,0.0625062111806471,"LOW","TEAM_CHANGE",3,15,"LOW",0.231225066114928,0.314083730217181,0.0744820424841896,"LOW","TEAM_CHANGE",3,15,"LOW",0.265979134656901,,0.263328422721073,"LOW","TEAM_CHANGE",0,0,"INSUFFICIENT_SAMPLE",0.225009381136899,0.2802338326635,0.120185716440663,"LOW","TEAM_CHANGE",3,15,"LOW",,,,,,,,,,,,,,,,,0.216352303081112,0.305555555555556,0.0495021626162365,"LOW","TEAM_CHANGE",3,4,"LOW",,,,,,,,
4,"00-0038394","10220","Will Mallory","TE","IND",2025,17,"IND",0,"rosters_weekly",0.135280686248619,,0.144426320838242,"LOW","NONE",0,0,"INSUFFICIENT_SAMPLE",0.0176372543988047,,0.0167367553607687,"LOW","NONE",0,0,"INSUFFICIENT_SAMPLE",0.0263571664530536,,0.0325436909792725,"LOW","NONE",0,0,"INSUFFICIENT_SAMPLE",0.136792587214614,,0.110548449061295,"LOW","NONE",0,0,"INSUFFICIENT_SAMPLE",0.0960355617366675,,0.065087381958545,"LOW","NONE",0,0,"INSUFFICIENT_SAMPLE",,,,,,,,,,,,,,,,,0.000101161285653138,,0,"LOW","NONE",0,0,"INSUFFICIENT_SAMPLE",,,,,,,,
4,"00-0038396","10223","Eric Gray","RB","CLE",2025,18,"NYG",0,"rosters_weekly",0.0347944915918207,,0.0135807725368228,"LOW","TEAM_CHANGE",0,0,"INSUFFICIENT_SAMPLE",0.00404301610393263,,0,"LOW","TEAM_CHANGE",0,0,"INSUFFICIENT_SAMPLE",0.000175891668592786,,0,"LOW","TEAM_CHANGE",0,0,"INSUFFICIENT_SAMPLE",0.129602760741427,,,"INSUFFICIENT_SAMPLE","NO_PRIOR_EVIDENCE_THIS_METRIC",0,0,"INSUFFICIENT_SAMPLE",,,,,,,,,0.00413719552642124,,0,"LOW","TEAM_CHANGE",0,0,"INSUFFICIENT_SAMPLE",0.00488969922227229,,0,"LOW","TEAM_CHANGE",0,0,"INSUFFICIENT_SAMPLE",0.000326894741157915,,0,"LOW","TEAM_CHANGE",0,0,"INSUFFICIENT_SAMPLE",0.00524700550310254,,0,"LOW","TEAM_CHANGE",0,0,"INSUFFICIENT_SAMPLE"
4,"00-0038397","9220","Evan Hull","RB","ARI",2025,18,"NO",0,"rosters_weekly",0.17436111487376,,0.18284213839995,"LOW","TEAM_CHANGE",0,0,"INSUFFICIENT_SAMPLE",0.00356758888064559,,0.00321860680014783,"LOW","TEAM_CHANGE",0,0,"INSUFFICIENT_SAMPLE",-0.00159732574353826,,-0.00211857662794541,"LOW","TEAM_CHANGE",0,0,"INSUFFICIENT_SAMPLE",0.127020262676621,,0.128065449883144,"LOW","TEAM_CHANGE",0,0,"INSUFFICIENT_SAMPLE",,,,,,,,,0.117276644949091,,0.124367170636843,"LOW","TEAM_CHANGE",0,0,"INSUFFICIENT_SAMPLE",0.184100694111643,,0.195401576001881,"LOW","TEAM_CHANGE",0,0,"INSUFFICIENT_SAMPLE",0,,0,"LOW","TEAM_CHANGE",0,0,"INSUFFICIENT_SAMPLE",0.117806941096633,,0.130455709426614,"LOW","TEAM_CHANGE",0,0,"INSUFFICIENT_SAMPLE"
4,"00-0038400","9230","Tanner McKee","QB","PHI",2025,18,"PHI",0,"rosters_weekly",0.50300431814792,,0.464738253465371,"MEDIUM","NONE",0,0,"INSUFFICIENT_SAMPLE",,,,,,,,,,,,,,,,,,,,,,,,,,,,,,,,,0.00697364806698696,,0,"MEDIUM","NONE",0,0,"INSUFFICIENT_SAMPLE",,,,,,,,,,,,,,,,,0,,0,"MEDIUM","NONE",0,0,"INSUFFICIENT_SAMPLE"
4,"00-0038409","9510","Lew Nichols","RB","PIT",2026,3,"PIT",1,"rosters_weekly",0.0297857510657748,0.0508474576271186,0,"LOW","NONE",1,3,"LOW",0,0,0,"LOW","NONE",1,0,"INSUFFICIENT_SAMPLE",0,0,0,"LOW","NONE",1,0,"INSUFFICIENT_SAMPLE",,,,"INSUFFICIENT_SAMPLE","NO_PRIOR_EVIDENCE_THIS_METRIC",0,0,"INSUFFICIENT_SAMPLE",,,,,,,,,0.0292893218813453,0.05,0,"LOW","NONE",1,1,"LOW",0.0308308651382582,0.0526315789473684,0,"LOW","NONE",1,1,"LOW",0,0,0,"LOW","NONE",1,0,"INSUFFICIENT_SAMPLE",0.146446609406726,0.25,0,"LOW","NONE",1,1,"LOW"
4,"00-0038416","11256","Tyson Bagent","QB","CHI",2026,2,"CHI",1,"rosters_weekly",0.125140991168195,0.136986301369863,0.0527332231339095,"LOW","NONE",1,10,"MEDIUM",,,,,,,,,,,,,,,,,,,,,,,,,,,,,,,,,0.00753766585267308,0,0.00943920498587443,"LOW","NONE",1,0,"INSUFFICIENT_SAMPLE",,,,,,,,,,,,,,,,,0.00578448076707591,0,0,"LOW","NONE",1,0,"INSUFFICIENT_SAMPLE"
4,"00-0038440","11299","Zavier Scott","RB","CHI",2025,18,"MIN",0,"rosters_weekly",0.0690387334926193,,0.0690387334926193,"LOW","TEAM_CHANGE",0,0,"INSUFFICIENT_SAMPLE",0.0179314709825225,,0.0179314709825225,"LOW","TEAM_CHANGE",0,0,"INSUFFICIENT_SAMPLE",-0.00986414680685873,,-0.00986414680685873,"LOW","TEAM_CHANGE",0,0,"INSUFFICIENT_SAMPLE",0.120784074260233,,0.120784074260233,"LOW","TEAM_CHANGE",0,0,"INSUFFICIENT_SAMPLE",,,,,,,,,0.0616485207999602,,0.0616485207999602,"LOW","TEAM_CHANGE",0,0,"INSUFFICIENT_SAMPLE",0.0663953343387181,,0.0663953343387181,"LOW","TEAM_CHANGE",0,0,"INSUFFICIENT_SAMPLE",0.0375820083351363,,0.0375820083351363,"LOW","TEAM_CHANGE",0,0,"INSUFFICIENT_SAMPLE",0.0610733920799184,,0.0610733920799184,"LOW","TEAM_CHANGE",0,0,"INSUFFICIENT_SAMPLE"
4,"00-0038454","9511","Keaton Mitchell","RB","LAC",2026,3,"LAC",3,"rosters_weekly",0.283723247841879,0.313211282192463,0.215029027611699,"LOW","TEAM_CHANGE",3,60,"LOW",0.0379517597157882,0.0336134453781513,0.0311864306104112,"LOW","TEAM_CHANGE",3,4,"LOW",-0.0168854043740081,-0.00883960550661167,-0.0232989893861658,"LOW","TEAM_CHANGE",3,4,"LOW",0.162769873403464,,0.163001103382877,"LOW","TEAM_CHANGE",0,0,"INSUFFICIENT_SAMPLE",,,,,,,,,0.21777938531121,0.232603815937149,0.179397824960857,"LOW","TEAM_CHANGE",3,17,"LOW",0.240950474518254,0.253968253968254,0.198461554513392,"LOW","TEAM_CHANGE",3,17,"LOW",0.0366258738595526,0.0416666666666667,0,"LOW","TEAM_CHANGE",3,1,"LOW",0.189527681073771,0.203703703703704,0.240276538166123,"LOW","TEAM_CHANGE",3,3,"LOW"
4,"00-0038458","11384","Owen Wright","RB","LV",2025,12,"TB",0,"rosters_weekly",0.0355945246050069,,0.0412963623991396,"LOW","TEAM_CHANGE",0,0,"INSUFFICIENT_SAMPLE",0,,0,"LOW","TEAM_CHANGE",0,0,"INSUFFICIENT_SAMPLE",0,,0,"LOW","TEAM_CHANGE",0,0,"INSUFFICIENT_SAMPLE",0.0222222222222222,,0.0222222222222222,"LOW","TEAM_CHANGE",0,0,"INSUFFICIENT_SAMPLE",,,,,,,,,0.0468629150101524,,0.0543698207186367,"LOW","TEAM_CHANGE",0,0,"INSUFFICIENT_SAMPLE",0.0532533125115368,,0.061783887180269,"LOW","TEAM_CHANGE",0,0,"INSUFFICIENT_SAMPLE",0,,0,"LOW","TEAM_CHANGE",0,0,"INSUFFICIENT_SAMPLE",0,,0,"LOW","TEAM_CHANGE",0,0,"INSUFFICIENT_SAMPLE"
4,"00-0038476","11292","Tommy DeVito","QB","NE",2026,3,"NE",1,"rosters_weekly",0.4060948004129,0.19047619047619,,"INSUFFICIENT_SAMPLE","ROOKIE_OR_NO_PRIOR_SEASON",1,12,"MEDIUM",,,,,,,,,,,,,,,,,,,,,,,,,,,,,,,,,0.0377124290756787,0,,"INSUFFICIENT_SAMPLE","ROOKIE_OR_NO_PRIOR_SEASON",1,0,"INSUFFICIENT_SAMPLE",,,,,,,,,,,,,,,,,0.00803626870633457,0,,"INSUFFICIENT_SAMPLE","ROOKIE_OR_NO_PRIOR_SEASON",1,0,"INSUFFICIENT_SAMPLE"
4,"00-0038488","11280","Brady Russell","RB","SEA",2026,3,"SEA",3,"rosters_weekly",0.207342572984476,0.322966798659762,0.0349511675136827,"MEDIUM","NONE",3,60,"LOW",0.0166589733321401,0.0304761904761905,0.000964406338635641,"MEDIUM","NONE",3,3,"LOW",0.0188354088644361,0.0279295417226452,0,"MEDIUM","NONE",3,3,"LOW",0.0556331228810272,,0.0549495555131226,"MEDIUM","NONE",0,0,"INSUFFICIENT_SAMPLE",,,,,,,,,0,0,0,"MEDIUM","NONE",3,0,"INSUFFICIENT_SAMPLE",0,0,0,"MEDIUM","NONE",3,0,"INSUFFICIENT_SAMPLE",0,0,0,"MEDIUM","NONE",3,0,"INSUFFICIENT_SAMPLE",0,0,0,"MEDIUM","NONE",3,0,"INSUFFICIENT_SAMPLE"
4,"00-0038489","11273","Ben VanSumeren","RB","KC",2026,3,"KC",3,"rosters_weekly",0.00887555208525614,0.0151515151515152,0,"LOW","TEAM_CHANGE",3,3,"LOW",0,0,0,"LOW","TEAM_CHANGE",3,0,"INSUFFICIENT_SAMPLE",0,0,0,"LOW","TEAM_CHANGE",3,0,"INSUFFICIENT_SAMPLE",,,,"INSUFFICIENT_SAMPLE","NO_PRIOR_EVIDENCE_THIS_METRIC",0,0,"INSUFFICIENT_SAMPLE",,,,,,,,,0,0,0,"LOW","TEAM_CHANGE",3,0,"INSUFFICIENT_SAMPLE",0,0,0,"LOW","TEAM_CHANGE",3,0,"INSUFFICIENT_SAMPLE",0,0,0,"LOW","TEAM_CHANGE",3,0,"INSUFFICIENT_SAMPLE",0,0,0,"LOW","TEAM_CHANGE",3,0,"INSUFFICIENT_SAMPLE"
4,"00-0038496","11306","Xavier Gipson","WR","PHI",2025,18,"NYG",0,"rosters_weekly",0.0273153428915463,,0.0197932171055454,"LOW","TEAM_CHANGE",0,0,"INSUFFICIENT_SAMPLE",0.00728536227181686,,0.0076035324723005,"LOW","TEAM_CHANGE",0,0,"INSUFFICIENT_SAMPLE",-0.00432432158077413,,-0.00583360788755329,"LOW","TEAM_CHANGE",0,0,"INSUFFICIENT_SAMPLE",0.0709188412355958,,0.0359427922025024,"LOW","TEAM_CHANGE",0,0,"INSUFFICIENT_SAMPLE",0.0150756693653314,,0.0157810765899749,"LOW","TEAM_CHANGE",0,0,"INSUFFICIENT_SAMPLE",,,,,,,,,,,,,,,,,0.041832158476847,,0.050316063698215,"LOW","TEAM_CHANGE",0,0,"INSUFFICIENT_SAMPLE",,,,,,,,
4,"00-0038498","11304","E.J. Jenkins","TE","PHI",2026,3,"PHI",3,"rosters_weekly",0.186867153235647,0.202605097649785,0.0939537286522096,"LOW","NONE",3,39,"LOW",0.000719054929642,0,0,"LOW","NONE",3,0,"INSUFFICIENT_SAMPLE",0.000430075566004113,0,0,"LOW","NONE",3,0,"INSUFFICIENT_SAMPLE",0.174326701925141,,0.025,"LOW","NONE",0,0,"INSUFFICIENT_SAMPLE",0.00424429337522734,0,0,"LOW","NONE",3,0,"INSUFFICIENT_SAMPLE",,,,,,,,,,,,,,,,,0.00913768398650596,0,0,"LOW","NONE",3,0,"INSUFFICIENT_SAMPLE",,,,,,,,
4,"00-0038519","11320","Nikko Remigio","WR","KC",2026,3,"KC",3,"rosters_weekly",0.0128370293974507,0,0.0357267188687379,"MEDIUM","NONE",3,0,"INSUFFICIENT_SAMPLE",0.000110990238717662,0,0.000112499795972135,"MEDIUM","NONE",3,0,"INSUFFICIENT_SAMPLE",0.000246844858049407,0,0.000268688833098496,"MEDIUM","NONE",3,0,"INSUFFICIENT_SAMPLE",0.0548100382722583,,0.0283825918873285,"MEDIUM","NONE",0,0,"INSUFFICIENT_SAMPLE",0.000271635437945561,0,0.000329463688204109,"MEDIUM","NONE",3,0,"INSUFFICIENT_SAMPLE",,,,,,,,,,,,,,,,,0,0,0,"MEDIUM","NONE",3,0,"INSUFFICIENT_SAMPLE",,,,,,,,
4,"00-0038542","9509","Bijan Robinson","RB","ATL",2026,3,"ATL",3,"rosters_weekly",0.72276260159151,0.671014492753623,0.817236484361593,"MEDIUM","NONE",3,132,"LOW",0.164452030328665,0.174556449997998,0.203187633500827,"MEDIUM","NONE",3,16,"LOW",-0.0603555580615828,-0.127084261818971,0.00198379793430069,"MEDIUM","NONE",3,16,"LOW",0.792085398258287,,0.792096968312688,"MEDIUM","NONE",0,0,"INSUFFICIENT_SAMPLE",,,,,,,,,0.655075628972658,0.650892857142857,0.645545728542782,"MEDIUM","NONE",3,66,"LOW",0.683556600220351,0.678727445394112,0.680153430165521,"MEDIUM","NONE",3,66,"LOW",0.194783225879092,0,0.276141065593879,"MEDIUM","NONE",1,0,"INSUFFICIENT_SAMPLE",0.688417883761997,0.916666666666667,0.593103456417119,"MEDIUM","NONE",1,11,"MEDIUM"
4,"00-0038543","9488","Jaxon Smith-Njigba","WR","SEA",2026,3,"SEA",3,"rosters_weekly",0.805327972048824,0.818489186719464,0.786816585562218,"MEDIUM","NONE",3,150,"LOW",0.312007774980975,0.35072249589491,0.26566318738617,"MEDIUM","NONE",3,36,"LOW",0.479463350071856,0.515745265418667,0.408205601235268,"MEDIUM","NONE",3,36,"LOW",0.790492583744669,,0.790472577396844,"MEDIUM","NONE",0,0,"INSUFFICIENT_SAMPLE",0.549046539571813,0.595335397316822,0.481882006755052,"MEDIUM","NONE",3,36,"LOW",,,,,,,,,,,,,,,,,0.367132239816576,0.466666666666667,0.24848746407594,"MEDIUM","NONE",3,9,"LOW",,,,,,,,
4,"00-0038544","9754","Quentin Johnston","WR","LAC",2026,3,"LAC",3,"rosters_weekly",0.799574532073041,0.824092973865849,0.736320693851973,"MEDIUM","NONE",3,158,"LOW",0.142982288452947,0.147920706744236,0.135866013299106,"MEDIUM","NONE",3,17,"LOW",0.24457702045365,0.204550690266431,0.300456351135511,"MEDIUM","NONE",3,17,"LOW",0.625441209021169,,0.624698843121522,"MEDIUM","NONE",0,0,"INSUFFICIENT_SAMPLE",0.314629764204953,0.316374269005848,0.30872558901587,"MEDIUM","NONE",3,17,"LOW",,,,,,,,,,,,,,,,,0.0431983480956305,0,0.12165767227493,"MEDIUM","NONE",3,0,"INSUFFICIENT_SAMPLE",,,,,,,,
4,"00-0038547","10871","Luke Schoonmaker","TE","DAL",2026,3,"DAL",3,"rosters_weekly",0.272048970411573,0.24375441271993,0.326871052227543,"MEDIUM","NONE",3,45,"LOW",0.0198640252320321,0.0150745257452575,0.0287951913677642,"MEDIUM","NONE",3,2,"LOW",0.0169917300709319,0.0202979249952408,0.0136564637779224,"MEDIUM","NONE",3,2,"LOW",0.215406805323173,,0.215195264070643,"MEDIUM","NONE",0,0,"INSUFFICIENT_SAMPLE",0.133739292110141,0.114285714285714,0.176939545919823,"MEDIUM","NONE",3,2,"LOW",,,,,,,,,,,,,,,,,0.00088286237673329,0,0.00250329080969708,"MEDIUM","NONE",3,0,"INSUFFICIENT_SAMPLE",,,,,,,,
4,"00-0038550","9998","Hendon Hooker","QB","TEN",2024,11,"DET",0,"rosters_weekly",0.171950850773895,,,"INSUFFICIENT_SAMPLE","ROOKIE_OR_NO_PRIOR_SEASON",0,0,"INSUFFICIENT_SAMPLE",,,,,,,,,,,,,,,,,,,,,,,,,,,,,,,,,0.0116174830595378,,,"INSUFFICIENT_SAMPLE","ROOKIE_OR_NO_PRIOR_SEASON",0,0,"INSUFFICIENT_SAMPLE",,,,,,,,,,,,,,,,,0,,,"INSUFFICIENT_SAMPLE","ROOKIE_OR_NO_PRIOR_SEASON",0,0,"INSUFFICIENT_SAMPLE"
4,"00-0038551","9757","Kendre Miller","RB","NO",2026,3,"NO",2,"rosters_weekly",0.236132297458786,0.240662010324932,0.23744680283886,"MEDIUM","NONE",2,40,"LOW",0.0272071807770641,0.0319148936170213,0.0157185787531208,"MEDIUM","NONE",2,3,"LOW",-0.00436204733119716,-0.00803858520900321,0.000785707490244375,"MEDIUM","NONE",2,3,"LOW",0.163249679560665,,0.161439192036941,"MEDIUM","NONE",0,0,"INSUFFICIENT_SAMPLE",,,,,,,,,0.249050143470929,0.269726247987118,0.240179555076938,"MEDIUM","NONE",2,13,"LOW",0.29402725528714,0.299074074074074,0.307562401197071,"MEDIUM","NONE",2,13,"LOW",0,0,0,"MEDIUM","NONE",2,0,"INSUFFICIENT_SAMPLE",0.187599536963839,0.333333333333333,0.0646853326464246,"MEDIUM","NONE",2,2,"LOW"
4,"00-0038555","9225","Tank Bigsby","RB","PHI",2026,3,"PHI",3,"rosters_weekly",0.178553180877806,0.165104270109235,0.224300775954819,"MEDIUM","NONE",3,34,"LOW",0.0230720286769339,0.0256048860700023,0.0128772527464054,"MEDIUM","NONE",3,3,"LOW",-0.00553402146716742,-0.0091324200913242,0.000369045787786725,"MEDIUM","NONE",3,3,"LOW",0.131842398690726,,0.130763673567171,"MEDIUM","NONE",0,0,"INSUFFICIENT_SAMPLE",,,,,,,,,0.18956922737963,0.148856990962254,0.283273193209907,"MEDIUM","NONE",3,14,"LOW",0.229142247191408,0.199074074074074,0.307430164221514,"MEDIUM","NONE",3,14,"LOW",0.0086294493979582,0,0.0245433523821298,"MEDIUM","NONE",3,0,"INSUFFICIENT_SAMPLE",0.200427703712137,0.166666666666667,0.316416703711542,"MEDIUM","NONE",3,3,"LOW"
4,"00-0038558","9479","Darnell Washington","TE","PIT",2026,3,"PIT",3,"rosters_weekly",0.612337943422665,0.662240019867139,0.488557510298285,"MEDIUM","NONE",3,127,"LOW",0.0723989985967054,0.0619778735280255,0.0784390979658903,"MEDIUM","NONE",3,8,"LOW",0.0402444249342293,0.0246863780327299,0.0632452739895511,"MEDIUM","NONE",3,8,"LOW",0.383373001621249,,0.383938891625506,"MEDIUM","NONE",0,0,"INSUFFICIENT_SAMPLE",0.344341964170609,0.338624338624339,0.320546772647185,"MEDIUM","NONE",3,8,"LOW",,,,,,,,,,,,,,,,,0.0122973505204777,0,0.0349071899694594,"MEDIUM","NONE",3,0,"INSUFFICIENT_SAMPLE",,,,,,,,
4,"00-0038559","10232","Michael Wilson","WR","ARI",2026,3,"ARI",3,"rosters_weekly",0.91082976374359,0.927276688453159,0.868032550491024,"MEDIUM","NONE",3,192,"LOW",0.225631556898895,0.225373482726424,0.197335005764956,"MEDIUM","NONE",3,31,"LOW",0.440870133706701,0.419946268669053,0.436661815756245,"MEDIUM","NONE",3,31,"LOW",0.735577005424712,,0.735550734769051,"MEDIUM","NONE",0,0,"INSUFFICIENT_SAMPLE",0.627762998181562,0.55969955969956,0.701203009373552,"MEDIUM","NONE",3,31,"LOW",,,,,,,,,,,,,,,,,0.189967616536219,0.138888888888889,0.192536294052443,"MEDIUM","NONE",3,5,"LOW",,,,,,,,
4,"00-0038563","10213","Tre Tucker","WR","LV",2026,3,"LV",3,"rosters_weekly",0.753306560530928,0.647787833081951,0.976458817587977,"MEDIUM","NONE",3,125,"LOW",0.145380381864673,0.143381489311722,0.158211567344976,"MEDIUM","NONE",3,15,"LOW",0.277234389657697,0.284914806538372,0.290402359112879,"MEDIUM","NONE",3,15,"LOW",0.821394389188168,,0.821430315314927,"MEDIUM","NONE",0,0,"INSUFFICIENT_SAMPLE",0.372748598149653,0.350378787878788,0.393423157643725,"MEDIUM","NONE",3,15,"LOW",,,,,,,,,,,,,,,,,0.0947459726773153,0.0416666666666667,0.217177335296012,"MEDIUM","NONE",3,1,"LOW",,,,,,,,
4,"00-0038564","10210","Cameron Latu","TE","NE",2026,3,"NE",3,"rosters_weekly",0.14226065394727,0.135669362084456,0.129240259257372,"LOW","TEAM_CHANGE",3,23,"LOW",0,0,0,"LOW","TEAM_CHANGE",3,0,"INSUFFICIENT_SAMPLE",0,0,0,"LOW","TEAM_CHANGE",3,0,"INSUFFICIENT_SAMPLE",0.0768701416832805,,0.0768701416832805,"LOW","TEAM_CHANGE",0,0,"INSUFFICIENT_SAMPLE",0,0,0,"LOW","TEAM_CHANGE",3,0,"INSUFFICIENT_SAMPLE",,,,,,,,,,,,,,,,,0,0,0,"LOW","TEAM_CHANGE",3,0,"INSUFFICIENT_SAMPLE",,,,,,,,
4,"00-0038573","10234","Derius Davis","WR","LAC",2026,3,"LAC",3,"rosters_weekly",0.120505882291388,0.105237973505332,0.183190458458879,"MEDIUM","NONE",3,19,"LOW",0.012617872200363,0.018350930115636,0.00742369076283504,"MEDIUM","NONE",3,2,"LOW",0.045360662873155,0.0845032703768763,0.0143795334603293,"MEDIUM","NONE",3,2,"LOW",0.149051109811415,,0.148581847161562,"MEDIUM","NONE",0,0,"INSUFFICIENT_SAMPLE",0.0268609890520617,0.0388888888888889,0.0155664123920044,"MEDIUM","NONE",3,2,"LOW",,,,,,,,,,,,,,,,,0.00020656508787366,0,0,"MEDIUM","NONE",3,0,"INSUFFICIENT_SAMPLE",,,,,,,,
4,"00-0038576","10228","Charlie Jones","WR","NYG",2025,15,"CIN",0,"rosters_weekly",0.0310989648816743,,0.0309322637633333,"LOW","TEAM_CHANGE",0,0,"INSUFFICIENT_SAMPLE",0.00267781206999275,,0.00267612234927096,"LOW","TEAM_CHANGE",0,0,"INSUFFICIENT_SAMPLE",0.0130050941339762,,0.0130460964526959,"LOW","TEAM_CHANGE",0,0,"INSUFFICIENT_SAMPLE",0.0752335121064095,,0.0847162958986174,"LOW","TEAM_CHANGE",0,0,"INSUFFICIENT_SAMPLE",0.00522263612713037,,0.00521843858107836,"LOW","TEAM_CHANGE",0,0,"INSUFFICIENT_SAMPLE",,,,,,,,,,,,,,,,,0,,0,"LOW","TEAM_CHANGE",0,0,"INSUFFICIENT_SAMPLE",,,,,,,,
4,"00-0038579","10866","Aidan O'Connell","QB","LV",2025,18,"LV",0,"rosters_weekly",0.868578186875798,,0.80952380952381,"LOW","NONE",0,0,"INSUFFICIENT_SAMPLE",,,,,,,,,,,,,,,,,,,,,,,,,,,,,,,,,0.0706808048219437,,0,"LOW","NONE",0,0,"INSUFFICIENT_SAMPLE",,,,,,,,,,,,,,,,,0.0174687122889955,,0,"LOW","NONE",0,0,"INSUFFICIENT_SAMPLE"
4,"00-0038589","10212","Josh Whyle","TE","GB",2026,3,"GB",3,"rosters_weekly",0.187965846087897,0.058972073677956,0.458873965850359,"MEDIUM","NONE",3,12,"LOW",0.0116338497597486,0,0.0297376537910261,"MEDIUM","NONE",3,0,"INSUFFICIENT_SAMPLE",0.00144613338157843,0,0.000975928818383866,"MEDIUM","NONE",3,0,"INSUFFICIENT_SAMPLE",0.322617563622255,,0.323339225038699,"MEDIUM","NONE",0,0,"INSUFFICIENT_SAMPLE",0.131452353827779,0,0.372939395057117,"MEDIUM","NONE",3,0,"INSUFFICIENT_SAMPLE",,,,,,,,,,,,,,,,,0.00759473770184057,0,0.0078104858350254,"MEDIUM","NONE",3,0,"INSUFFICIENT_SAMPLE",,,,,,,,
4,"00-0038590","9489","Justin Shorter","WR","LV",2025,7,"LV",0,"rosters_weekly",0.0193050936536846,,0.0194478414139694,"MEDIUM","NONE",0,0,"INSUFFICIENT_SAMPLE",0,,0,"MEDIUM","NONE",0,0,"INSUFFICIENT_SAMPLE",0,,0,"MEDIUM","NONE",0,0,"INSUFFICIENT_SAMPLE",0.0396308710221203,,,"INSUFFICIENT_SAMPLE","NO_PRIOR_EVIDENCE_THIS_METRIC",0,0,"INSUFFICIENT_SAMPLE",0,,0,"MEDIUM","NONE",0,0,"INSUFFICIENT_SAMPLE",,,,,,,,,,,,,,,,,0,,0,"MEDIUM","NONE",0,0,"INSUFFICIENT_SAMPLE",,,,,,,,
4,"00-0038597","9224","Chase Brown","RB","CIN",2026,3,"CIN",3,"rosters_weekly",0.682635603888036,0.714592507634434,0.629357507459219,"MEDIUM","NONE",3,128,"LOW",0.108160473667758,0.115188037845291,0.11883994004683,"MEDIUM","NONE",3,13,"LOW",-0.0251265879340087,-0.0478878504352953,0.004872735274871,"MEDIUM","NONE",3,13,"LOW",0.554965238504676,,0.554496312398564,"MEDIUM","NONE",0,0,"INSUFFICIENT_SAMPLE",,,,,,,,,0.717886841588259,0.774021739130435,0.582151955036626,"MEDIUM","NONE",3,49,"LOW",0.766299214059476,0.82783189033189,0.645492253021294,"MEDIUM","NONE",3,49,"LOW",0.0773355275516612,0.0476190476190476,0.15976193352613,"MEDIUM","NONE",3,1,"LOW",0.473403132498351,0.541666666666667,0.492102836471852,"MEDIUM","NONE",3,6,"LOW"
4,"00-0038606","9487","Parker Washington","WR","JAX",2026,3,"JAX",3,"rosters_weekly",0.749254420781913,0.755940093098563,0.702733601406465,"MEDIUM","NONE",3,133,"LOW",0.234003469155758,0.243194444444444,0.238088645825424,"MEDIUM","NONE",3,23,"LOW",0.400820682535013,0.428452698771784,0.386201147334002,"MEDIUM","NONE",3,23,"LOW",0.669116966215651,,0.668753999686615,"MEDIUM","NONE",0,0,"INSUFFICIENT_SAMPLE",0.425636937452004,0.4375,0.433311019559568,"MEDIUM","NONE",3,23,"LOW",,,,,,,,,,,,,,,,,0.163415097297208,0.1,0.213834430299892,"MEDIUM","NONE",3,3,"LOW",,,,,,,,
4,"00-0038608","9504","Kayshon Boutte","WR","HOU",2026,3,"HOU",3,"rosters_weekly",0.667110712867282,0.625019534302235,0.700185022321196,"LOW","TEAM_CHANGE",3,131,"LOW",0.0832529213824753,0.0601325757575758,0.122178027439467,"LOW","TEAM_CHANGE",3,9,"LOW",0.152195144209775,0.0941732604215922,0.271006963149902,"LOW","TEAM_CHANGE",3,9,"LOW",0.592460928735579,,0.592213893713968,"LOW","TEAM_CHANGE",0,0,"INSUFFICIENT_SAMPLE",0.189346999070623,0.14029304029304,0.272736406318072,"LOW","TEAM_CHANGE",3,9,"LOW",,,,,,,,,,,,,,,,,0.107457510703392,0.108333333333333,0.0651111839020714,"LOW","TEAM_CHANGE",3,2,"LOW",,,,,,,,
4,"00-0038611","10219","Chris Rodriguez","RB","JAX",2026,3,"JAX",3,"rosters_weekly",0.316529877012621,0.285235782230318,0.418707245166573,"LOW","TEAM_CHANGE",3,49,"LOW",0.00722752999324956,0,0.0206212449653425,"LOW","TEAM_CHANGE",3,0,"INSUFFICIENT_SAMPLE",0.00193043044961555,0,0.00551414492309192,"LOW","TEAM_CHANGE",3,0,"INSUFFICIENT_SAMPLE",0.25819821046402,,0.259926085168507,"LOW","TEAM_CHANGE",0,0,"INSUFFICIENT_SAMPLE",,,,,,,,,0.322117087154771,0.244252873563218,0.454133223909208,"LOW","TEAM_CHANGE",3,20,"LOW",0.360484124612561,0.273473193473193,0.509510744645844,"LOW","TEAM_CHANGE",3,20,"LOW",0.00281628632176922,0,0.008054637442053,"LOW","TEAM_CHANGE",3,0,"INSUFFICIENT_SAMPLE",0.491538221282634,0.569444444444444,0.474229524874198,"LOW","TEAM_CHANGE",3,5,"LOW"
4,"00-0038614","10994","Scott Matlock","RB","LAC",2025,19,"LAC",0,"rosters_weekly",0.292296777696703,,0.292128819509665,"MEDIUM","NONE",0,0,"INSUFFICIENT_SAMPLE",0.00459477843908525,,0.00459620364404367,"MEDIUM","NONE",0,0,"INSUFFICIENT_SAMPLE",-4.41033976125253e-07,,0,"MEDIUM","NONE",0,0,"INSUFFICIENT_SAMPLE",0.0839105674377993,,0.0834870904137932,"MEDIUM","NONE",0,0,"INSUFFICIENT_SAMPLE",,,,,,,,,0,,0,"MEDIUM","NONE",0,0,"INSUFFICIENT_SAMPLE",0,,0,"MEDIUM","NONE",0,0,"INSUFFICIENT_SAMPLE",0.00184918179730309,,0.0018542894886645,"MEDIUM","NONE",0,0,"INSUFFICIENT_SAMPLE",0,,0,"MEDIUM","NONE",0,0,"INSUFFICIENT_SAMPLE"
4,"00-0038618","10218","Xavier Hutchinson","WR","HOU",2026,3,"HOU",3,"rosters_weekly",0.645619170164529,0.638927957493358,0.668655637840723,"MEDIUM","NONE",3,138,"LOW",0.155989548111508,0.149147727272727,0.156544134765323,"MEDIUM","NONE",3,21,"LOW",0.252719386582441,0.257671167321847,0.204831352848776,"MEDIUM","NONE",3,21,"LOW",0.635854645285379,,0.636126581315794,"MEDIUM","NONE",0,0,"INSUFFICIENT_SAMPLE",0.333895055225549,0.343956043956044,0.292089665269942,"MEDIUM","NONE",3,21,"LOW",,,,,,,,,,,,,,,,,0.0703315788092741,0.0416666666666667,0.125834276161848,"MEDIUM","NONE",3,1,"LOW",,,,,,,,
4,"00-0038619","10226","Andrei Iosivas","WR","CIN",2026,2,"CIN",2,"rosters_weekly",0.62405617184332,0.580710250201776,0.673632628922802,"MEDIUM","NONE",2,71,"LOW",0.0634349255003641,0.0533625730994152,0.0779142163840058,"MEDIUM","NONE",2,4,"LOW",0.0848484325137095,0.0505268811703923,0.121867291404424,"MEDIUM","NONE",2,4,"LOW",0.627164418129051,,0.626983582338284,"MEDIUM","NONE",0,0,"INSUFFICIENT_SAMPLE",0.13568926172639,0.12987012987013,0.156022567391426,"MEDIUM","NONE",2,4,"LOW",,,,,,,,,,,,,,,,,0.0561635041900017,0.0714285714285714,0.053097533648582,"MEDIUM","NONE",2,1,"LOW",,,,,,,,
4,"00-0038621","9501","Demario Douglas","WR","NE",2026,3,"NE",3,"rosters_weekly",0.467750114481916,0.565861978298864,0.292101080626074,"MEDIUM","NONE",3,107,"LOW",0.100010199764389,0.117685475444096,0.0729906558101105,"MEDIUM","NONE",3,14,"LOW",0.143162622967904,0.162129280101331,0.0844273412602547,"MEDIUM","NONE",3,14,"LOW",0.300607826152184,,0.300375255921109,"MEDIUM","NONE",0,0,"INSUFFICIENT_SAMPLE",0.215169714777019,0.255876846265862,0.169293369246831,"MEDIUM","NONE",3,14,"LOW",,,,,,,,,,,,,,,,,0.0429412914975578,0.0476190476190476,0.00305214997846484,"MEDIUM","NONE",3,1,"LOW",,,,,,,,
4,"00-0038640","11034","Jalen Brooks","WR","ARI",2026,3,"ARI",3,"rosters_weekly",0.133507848810202,0.0475381263616558,0.29123598923898,"MEDIUM","NONE",3,10,"LOW",0.010607622296221,0.00595238095238095,0.0127392917456175,"MEDIUM","NONE",3,1,"LOW",0.0214660569902076,0.0125391849529781,0.0224536939155051,"MEDIUM","NONE",3,1,"LOW",0.22232429687743,,0.21798760866445,"MEDIUM","NONE",0,0,"INSUFFICIENT_SAMPLE",0.0243275307592352,0.0128205128205128,0.0345846216566037,"MEDIUM","NONE",3,1,"LOW",,,,,,,,,,,,,,,,,0.00256836683751007,0,0,"MEDIUM","NONE",3,0,"INSUFFICIENT_SAMPLE",,,,,,,,
4,"00-0038643","10224","Brayden Willis","TE","SF",2026,3,"SF",2,"rosters_weekly",0.0747164171107973,0.148867924528302,0.0150884905810763,"MEDIUM","NONE",2,15,"LOW",0.000955423314518677,0,0.000912760390728048,"MEDIUM","NONE",2,0,"INSUFFICIENT_SAMPLE",0.000569197502557954,0,0.00031623194639397,"MEDIUM","NONE",2,0,"INSUFFICIENT_SAMPLE",0.0427650764972351,,0.0287903377485065,"MEDIUM","NONE",0,0,"INSUFFICIENT_SAMPLE",0.00462301497284038,0,0.00446238413244824,"MEDIUM","NONE",2,0,"INSUFFICIENT_SAMPLE",,,,,,,,,,,,,,,,,0,0,0,"MEDIUM","NONE",2,0,"INSUFFICIENT_SAMPLE",,,,,,,,
4,"00-0038679","11377","Tyrell Shavers","WR","BUF",2025,19,"BUF",0,"rosters_weekly",0.449209820953206,,0.449585325714272,"MEDIUM","NONE",0,0,"INSUFFICIENT_SAMPLE",0.0391942676203609,,0.0392283595351759,"MEDIUM","NONE",0,0,"INSUFFICIENT_SAMPLE",0.0832486853749743,,0.0833596194895408,"MEDIUM","NONE",0,0,"INSUFFICIENT_SAMPLE",0.392782097855804,,0.39334406047627,"MEDIUM","NONE",0,0,"INSUFFICIENT_SAMPLE",0.0836770377572664,,0.0837527271990947,"MEDIUM","NONE",0,0,"INSUFFICIENT_SAMPLE",,,,,,,,,,,,,,,,,0,,0,"MEDIUM","NONE",0,0,"INSUFFICIENT_SAMPLE",,,,,,,,
4,"00-0038685","11370","Chris Brooks","RB","GB",2026,3,"GB",3,"rosters_weekly",0.409799886177653,0.475180519048914,0.320788480831482,"MEDIUM","NONE",3,92,"LOW",0.0277165130365658,0.030742617413098,0.0237326055919337,"MEDIUM","NONE",3,4,"LOW",-0.0032931106082919,-0.00820115221323466,0.00356370870593987,"MEDIUM","NONE",3,4,"LOW",0.256244700610821,,0.25624064880129,"MEDIUM","NONE",0,0,"INSUFFICIENT_SAMPLE",,,,,,,,,0.126430692850541,0.16955266955267,0.114290868634926,"MEDIUM","NONE",3,11,"LOW",0.140016007246793,0.190740740740741,0.120924980297782,"MEDIUM","NONE",3,11,"LOW",0.0108815172580053,0,0.0308323472725042,"MEDIUM","NONE",3,0,"INSUFFICIENT_SAMPLE",0.173357000207334,0.277777777777778,0.0592891652040885,"MEDIUM","NONE",3,4,"LOW"
4,"00-0038705","11199","Emari Demercado","RB","DAL",2026,2,"DAL",2,"rosters_weekly",0.212413082970683,0.124921630094044,0.294527140513695,"LOW","TEAM_CHANGE",2,14,"LOW",0.0210755959846809,0,0.04209893676462,"LOW","TEAM_CHANGE",2,0,"INSUFFICIENT_SAMPLE",0.0120689689405888,0,0.0245699858546534,"LOW","TEAM_CHANGE",2,0,"INSUFFICIENT_SAMPLE",0.266120612372145,,0.267578572337735,"LOW","TEAM_CHANGE",0,0,"INSUFFICIENT_SAMPLE",,,,,,,,,0.180266558201569,0.142156862745098,0.215861214286717,"LOW","TEAM_CHANGE",2,5,"LOW",0.201331088562002,0.160416666666667,0.239439317641184,"LOW","TEAM_CHANGE",2,5,"LOW",0.00524265003795798,0,0.0100260792048157,"LOW","TEAM_CHANGE",2,0,"INSUFFICIENT_SAMPLE",0.0885456412459696,0.125,0.0751959117564351,"LOW","TEAM_CHANGE",2,1,"LOW"
4,"00-0038710","11201","Blake Whiteheart","TE","CLE",2026,3,"CLE",3,"rosters_weekly",0.431908030461204,0.423786181139122,0.448186583372742,"MEDIUM","NONE",3,74,"LOW",0.0227833000227281,0.0289351851851852,0.0189540469581292,"MEDIUM","NONE",3,3,"LOW",0.021200149140775,0.0272904483430799,0.0165112011691956,"MEDIUM","NONE",3,3,"LOW",0.329891024565611,,0.331232950943891,"MEDIUM","NONE",0,0,"INSUFFICIENT_SAMPLE",0.134932983888353,0.166666666666667,0.131745682816917,"MEDIUM","NONE",3,3,"LOW",,,,,,,,,,,,,,,,,0.0414588991026857,0.0666666666666667,0,"MEDIUM","NONE",3,1,"LOW",,,,,,,,
4,"00-0038720","11371","Julian Hill","TE","NE",2025,18,"MIA",0,"rosters_weekly",0.555212900997601,,0.555382333732182,"LOW","TEAM_CHANGE",0,0,"INSUFFICIENT_SAMPLE",0.0400279559268553,,0.040227829919456,"LOW","TEAM_CHANGE",0,0,"INSUFFICIENT_SAMPLE",0.0177776056744278,,0.0178433125995443,"LOW","TEAM_CHANGE",0,0,"INSUFFICIENT_SAMPLE",0.360678883044489,,0.360898995765504,"LOW","TEAM_CHANGE",0,0,"INSUFFICIENT_SAMPLE",0.157374555116428,,0.158447885242511,"LOW","TEAM_CHANGE",0,0,"INSUFFICIENT_SAMPLE",,,,,,,,,,,,,,,,,0.00997686735969617,,0.0100150813819136,"LOW","TEAM_CHANGE",0,0,"INSUFFICIENT_SAMPLE",,,,,,,,
4,"00-0038728","11056","Jared Wayne","WR","HOU",2026,3,"HOU",3,"rosters_weekly",0.457564669626183,0.477965307079231,0.443037974683544,"LOW","NONE",3,98,"LOW",0.0738278310190385,0.0838068181818182,0.0444444444444444,"LOW","NONE",3,12,"LOW",0.13546288867949,0.153755526701298,0.0502958579881657,"LOW","NONE",3,12,"LOW",0.21293712474732,,0.288888888888889,"LOW","NONE",0,0,"INSUFFICIENT_SAMPLE",0.167087539945866,0.194505494505495,0.0740740740740741,"LOW","NONE",3,12,"LOW",,,,,,,,,,,,,,,,,0.026034952783418,0.0555555555555556,0,"LOW","NONE",3,1,"LOW",,,,,,,,
4,"00-0038735","11508","Princeton Fant","TE","DAL",2025,9,"DAL",0,"rosters_weekly",0.0137766458769762,,0,"LOW","NONE",0,0,"INSUFFICIENT_SAMPLE",0,,0,"LOW","NONE",0,0,"INSUFFICIENT_SAMPLE",0,,0,"LOW","NONE",0,0,"INSUFFICIENT_SAMPLE",0.0746268656716418,,,"INSUFFICIENT_SAMPLE","NO_PRIOR_EVIDENCE_THIS_METRIC",0,0,"INSUFFICIENT_SAMPLE",0,,0,"LOW","NONE",0,0,"INSUFFICIENT_SAMPLE",,,,,,,,,,,,,,,,,0,,0,"LOW","NONE",0,0,"INSUFFICIENT_SAMPLE",,,,,,,,
4,"00-0038738","11510","Hunter Luepke","RB","DAL",2026,3,"DAL",3,"rosters_weekly",0.200468825383163,0.19185800220283,0.241312591090311,"MEDIUM","NONE",3,35,"LOW",0.0112200202025324,0,0.0317701698885312,"MEDIUM","NONE",3,0,"INSUFFICIENT_SAMPLE",-0.00181421767773382,0,-0.0051627173676484,"MEDIUM","NONE",3,0,"INSUFFICIENT_SAMPLE",0.211516992565464,,0.211377572852853,"MEDIUM","NONE",0,0,"INSUFFICIENT_SAMPLE",,,,,,,,,0.0465359314709189,0.0381263616557734,0.0748362017493895,"MEDIUM","NONE",3,2,"LOW",0.0522428002882801,0.0430555555555556,0.0836670186278764,"MEDIUM","NONE",3,2,"LOW",0.0188591450421231,0,0.0534894619859151,"MEDIUM","NONE",3,0,"INSUFFICIENT_SAMPLE",0.0259286462532928,0,0.0734261176161858,"MEDIUM","NONE",3,0,"INSUFFICIENT_SAMPLE"
4,"00-0038740","11506","Jalen Cropper","WR","NO",2026,3,"NO",1,"rosters_weekly",0.0429970554125459,0,0.0453975262731625,"LOW","TEAM_CHANGE",1,0,"INSUFFICIENT_SAMPLE",0,0,0,"LOW","TEAM_CHANGE",1,0,"INSUFFICIENT_SAMPLE",0,0,0,"LOW","TEAM_CHANGE",1,0,"INSUFFICIENT_SAMPLE",0.0872798847535954,,0.0277777777777778,"LOW","TEAM_CHANGE",0,0,"INSUFFICIENT_SAMPLE",0,0,0,"LOW","TEAM_CHANGE",1,0,"INSUFFICIENT_SAMPLE",,,,,,,,,,,,,,,,,0,0,0,"LOW","TEAM_CHANGE",1,0,"INSUFFICIENT_SAMPLE",,,,,,,,
4,"00-0038752","10867","Jake Bobo","WR","SEA",2025,22,"SEA",0,"rosters_weekly",0.199993633512206,,0.199377096273496,"MEDIUM","NONE",0,0,"INSUFFICIENT_SAMPLE",0.0182495512135448,,0.0182516764906855,"MEDIUM","NONE",0,0,"INSUFFICIENT_SAMPLE",0.0174432482464775,,0.0174574464376873,"MEDIUM","NONE",0,0,"INSUFFICIENT_SAMPLE",0.166083228319285,,0.165823169687603,"MEDIUM","NONE",0,0,"INSUFFICIENT_SAMPLE",0.0319665358212447,,0.0319238922207323,"MEDIUM","NONE",0,0,"INSUFFICIENT_SAMPLE",,,,,,,,,,,,,,,,,0.0464098138183667,,0.0463861207206966,"MEDIUM","NONE",0,0,"INSUFFICIENT_SAMPLE",,,,,,,,
4,"00-0038783","11433","Nate Adkins","TE","DEN",2026,3,"DEN",3,"rosters_weekly",0.334968786468439,0.331038030188043,0.32586799223462,"MEDIUM","NONE",3,59,"LOW",0.0376992576855636,0.0465631929046563,0.0125784569828197,"MEDIUM","NONE",3,5,"LOW",0.030535403332169,0.0406615570794675,0.00687267697404674,"MEDIUM","NONE",3,5,"LOW",0.174649070985904,,0.173148009834613,"MEDIUM","NONE",0,0,"INSUFFICIENT_SAMPLE",0.331747685466535,0.416666666666667,0.0795823871464532,"MEDIUM","NONE",3,5,"LOW",,,,,,,,,,,,,,,,,0.0882117361489265,0.114285714285714,0.0132366655737689,"MEDIUM","NONE",3,3,"LOW",,,,,,,,
4,"00-0038794","11439","Jaleel McLaughlin","RB","CLE",2026,3,"CLE",2,"rosters_weekly",0.135263317401798,0.100840336134454,0.17390623462246,"LOW","TEAM_CHANGE",2,12,"LOW",0.0217976860126275,0.0138888888888889,0.0316834074281609,"LOW","TEAM_CHANGE",2,1,"LOW",-0.0334043056295044,0.00462962962962963,-0.0719432070075033,"LOW","TEAM_CHANGE",2,1,"LOW",0.0981505179011716,,0.0957413856106044,"LOW","TEAM_CHANGE",0,0,"INSUFFICIENT_SAMPLE",,,,,,,,,0.120422473188341,0.025,0.217037756803004,"LOW","TEAM_CHANGE",2,1,"LOW",0.154229567740963,0.0333333333333333,0.27830362879448,"LOW","TEAM_CHANGE",2,1,"LOW",0.00462311123229261,0,0,"LOW","TEAM_CHANGE",2,0,"INSUFFICIENT_SAMPLE",0.0535036345593411,0,0.0917661604577006,"LOW","TEAM_CHANGE",2,0,"INSUFFICIENT_SAMPLE"
4,"00-0038797","11435","Emanuel Wilson","RB","SEA",2026,3,"SEA",3,"rosters_weekly",0.321246942743073,0.277906386435171,0.344012172320787,"LOW","TEAM_CHANGE",3,56,"LOW",0.0145376083808895,0.0114942528735632,0.0208956906342852,"LOW","TEAM_CHANGE",3,1,"LOW",-0.0148915157160295,0.00146842878120411,-0.044783034601786,"LOW","TEAM_CHANGE",3,1,"LOW",0.260484830331814,,0.260692465656506,"LOW","TEAM_CHANGE",0,0,"INSUFFICIENT_SAMPLE",,,,,,,,,0.368600885018857,0.378948327298399,0.264587421056588,"LOW","TEAM_CHANGE",3,32,"LOW",0.395063959320663,0.394014447884417,0.313805399302875,"LOW","TEAM_CHANGE",3,32,"LOW",0.0369260556520455,0.0555555555555556,0.00666379431652979,"LOW","TEAM_CHANGE",3,1,"LOW",0.369678646919316,0.368055555555556,0.237299297785971,"LOW","TEAM_CHANGE",3,9,"LOW"
4,"00-0038824","11421","Ryan Miller","WR","MIA",2026,3,"MIA",3,"rosters_weekly",0.114241599058869,0.111948249619482,0.071173441317456,"LOW","TEAM_CHANGE",3,23,"LOW",0.0258790114322239,0.0320292839167239,0.00114067489723838,"LOW","TEAM_CHANGE",3,4,"LOW",0.0527866653585288,0.0825642029400103,0.00256041781737892,"LOW","TEAM_CHANGE",3,4,"LOW",0.0471448660298964,,0.0446433053638494,"LOW","TEAM_CHANGE",0,0,"INSUFFICIENT_SAMPLE",0.0582271974396888,0.075,0.00196935906749442,"LOW","TEAM_CHANGE",3,4,"LOW",,,,,,,,,,,,,,,,,0.000411490321862578,0,0.000727154769074229,"LOW","TEAM_CHANGE",3,0,"INSUFFICIENT_SAMPLE",,,,,,,,
4,"00-0038839","11068","Mitchell Tinsley","WR","CIN",2025,18,"CIN",0,"rosters_weekly",0.283862291539077,,0.284231836184972,"MEDIUM","NONE",0,0,"INSUFFICIENT_SAMPLE",0.0245450880603082,,0.0245790803857377,"MEDIUM","NONE",0,0,"INSUFFICIENT_SAMPLE",0.0571229465240937,,0.0572020557040228,"MEDIUM","NONE",0,0,"INSUFFICIENT_SAMPLE",0.193552587069399,,0.193677793135024,"MEDIUM","NONE",0,0,"INSUFFICIENT_SAMPLE",0.0517927851217509,,0.0518645125974248,"MEDIUM","NONE",0,0,"INSUFFICIENT_SAMPLE",,,,,,,,,,,,,,,,,0.0707656302889345,,0.0708636331287733,"MEDIUM","NONE",0,0,"INSUFFICIENT_SAMPLE",,,,,,,,
4,"00-0038840","11157","Brycen Tremayne","WR","CAR",2026,3,"CAR",3,"rosters_weekly",0.352385664446489,0.387163610383425,0.148367392077001,"MEDIUM","NONE",3,85,"LOW",0.0425691452128908,0.0384615384615385,0.0248102572525462,"MEDIUM","NONE",3,6,"LOW",0.0946290220930043,0.0812641083521445,0.0657417190813009,"MEDIUM","NONE",3,6,"LOW",0.0731863180384893,,0.0731282677162964,"MEDIUM","NONE",0,0,"INSUFFICIENT_SAMPLE",0.0982125223168576,0.0909090909090909,0.0518261540232799,"MEDIUM","NONE",3,6,"LOW",,,,,,,,,,,,,,,,,0.013970811487126,0,0.0396429908567511,"MEDIUM","NONE",3,0,"INSUFFICIENT_SAMPLE",,,,,,,,
4,"00-0038891","11257","Shedrick Jackson","WR","BAL",2025,18,"LV",0,"rosters_weekly",0.0844571906803891,,0.0925358413893794,"LOW","TEAM_CHANGE",0,0,"INSUFFICIENT_SAMPLE",0.0309441038547103,,0.0342053771161361,"LOW","TEAM_CHANGE",0,0,"INSUFFICIENT_SAMPLE",0.0907753478163295,,0.0979965693431971,"LOW","TEAM_CHANGE",0,0,"INSUFFICIENT_SAMPLE",0.0973861931704308,,0.0991232767331526,"LOW","TEAM_CHANGE",0,0,"INSUFFICIENT_SAMPLE",0.071208268846146,,0.0787524145656708,"LOW","TEAM_CHANGE",0,0,"INSUFFICIENT_SAMPLE",,,,,,,,,,,,,,,,,0,,0,"LOW","TEAM_CHANGE",0,0,"INSUFFICIENT_SAMPLE",,,,,,,,
4,"00-0038896","11237","Jacob Saylors","RB","DET",2026,3,"DET",3,"rosters_weekly",0.0104593856222341,0.0105820105820106,0.00325619875192869,"MEDIUM","NONE",3,2,"LOW",0,0,0,"MEDIUM","NONE",3,0,"INSUFFICIENT_SAMPLE",0,0,0,"MEDIUM","NONE",3,0,"INSUFFICIENT_SAMPLE",,,,"INSUFFICIENT_SAMPLE","NO_PRIOR_EVIDENCE_THIS_METRIC",0,0,"INSUFFICIENT_SAMPLE",,,,,,,,,0.000115732815452953,0,0.000328171673740563,"MEDIUM","NONE",3,0,"INSUFFICIENT_SAMPLE",0.000124635339718565,0,0.000353415648643683,"MEDIUM","NONE",3,0,"INSUFFICIENT_SAMPLE",0,0,0,"MEDIUM","NONE",3,0,"INSUFFICIENT_SAMPLE",0,0,0,"MEDIUM","NONE",3,0,"INSUFFICIENT_SAMPLE"
4,"00-0038930","11186","Carlos Washington","RB","MIA",2025,1,"ATL",0,"rosters_weekly",0,,0,"LOW","TEAM_CHANGE",0,0,"INSUFFICIENT_SAMPLE",0,,0,"LOW","TEAM_CHANGE",0,0,"INSUFFICIENT_SAMPLE",0,,0,"LOW","TEAM_CHANGE",0,0,"INSUFFICIENT_SAMPLE",,,,"INSUFFICIENT_SAMPLE","NO_PRIOR_EVIDENCE_THIS_METRIC",0,0,"INSUFFICIENT_SAMPLE",,,,,,,,,0,,0,"LOW","TEAM_CHANGE",0,0,"INSUFFICIENT_SAMPLE",0,,0,"LOW","TEAM_CHANGE",0,0,"INSUFFICIENT_SAMPLE",0,,0,"LOW","TEAM_CHANGE",0,0,"INSUFFICIENT_SAMPLE",0,,0,"LOW","TEAM_CHANGE",0,0,"INSUFFICIENT_SAMPLE"
4,"00-0038933","10236","Dalton Kincaid","TE","BUF",2026,3,"BUF",3,"rosters_weekly",0.588982693943439,0.705687973997833,0.389569060129748,"MEDIUM","NONE",3,135,"LOW",0.129667025548199,0.147849147849148,0.112724015207044,"MEDIUM","NONE",3,17,"LOW",0.208854412329691,0.249553276001514,0.163374913000011,"MEDIUM","NONE",3,17,"LOW",0.410025392046002,,0.409233213826507,"MEDIUM","NONE",0,0,"INSUFFICIENT_SAMPLE",0.635290686507517,0.752380952380952,0.474924588619667,"MEDIUM","NONE",3,17,"LOW",,,,,,,,,,,,,,,,,0.0591759338295678,0.037037037037037,0.10257559262661,"MEDIUM","NONE",3,1,"LOW",,,,,,,,
4,"00-0038935","9480","Brenton Strange","TE","JAX",2026,3,"JAX",3,"rosters_weekly",0.785189578374115,0.775258044930176,0.793134106017713,"MEDIUM","NONE",3,136,"LOW",0.123422605024324,0.110601851851852,0.137977954877914,"MEDIUM","NONE",3,10,"LOW",0.129576960903101,0.124855012091617,0.128505107991777,"MEDIUM","NONE",3,10,"LOW",0.693476960568094,,0.695013563535878,"MEDIUM","NONE",0,0,"INSUFFICIENT_SAMPLE",0.765756450207107,0.7,0.838431717738283,"MEDIUM","NONE",3,10,"LOW",,,,,,,,,,,,,,,,,0.203127126631534,0.277777777777778,0.173865244462054,"MEDIUM","NONE",3,2,"LOW",,,,,,,,
4,"00-0038938","9497","Jalin Hyatt","WR","NYG",2025,15,"NYG",0,"rosters_weekly",0.269895778156522,,0.268955533138937,"MEDIUM","NONE",0,0,"INSUFFICIENT_SAMPLE",0.0492617214835644,,0.0508400983117418,"MEDIUM","NONE",0,0,"INSUFFICIENT_SAMPLE",0.12729984999509,,0.127429222945978,"MEDIUM","NONE",0,0,"INSUFFICIENT_SAMPLE",0.352044019429557,,0.362485956761047,"MEDIUM","NONE",0,0,"INSUFFICIENT_SAMPLE",0.0914345393485446,,0.0948356108418421,"MEDIUM","NONE",0,0,"INSUFFICIENT_SAMPLE",,,,,,,,,,,,,,,,,0.0414214121023329,,0.0441827799864635,"MEDIUM","NONE",0,0,"INSUFFICIENT_SAMPLE",,,,,,,,
4,"00-0038941","9490","Tyler Scott","WR","LV",2024,18,"CHI",0,"rosters_weekly",0.0237021875763845,,,"INSUFFICIENT_SAMPLE","ROOKIE_OR_NO_PRIOR_SEASON",0,0,"INSUFFICIENT_SAMPLE",0.00414963735260589,,,"INSUFFICIENT_SAMPLE","ROOKIE_OR_NO_PRIOR_SEASON",0,0,"INSUFFICIENT_SAMPLE",0.00205477100113355,,,"INSUFFICIENT_SAMPLE","ROOKIE_OR_NO_PRIOR_SEASON",0,0,"INSUFFICIENT_SAMPLE",0.112873551303698,,,"INSUFFICIENT_SAMPLE","ROOKIE_OR_NO_PRIOR_SEASON",0,0,"INSUFFICIENT_SAMPLE",0.00698383303192225,,,"INSUFFICIENT_SAMPLE","ROOKIE_OR_NO_PRIOR_SEASON",0,0,"INSUFFICIENT_SAMPLE",,,,,,,,,,,,,,,,,0.00167486950714873,,,"INSUFFICIENT_SAMPLE","ROOKIE_OR_NO_PRIOR_SEASON",0,0,"INSUFFICIENT_SAMPLE",,,,,,,,
4,"00-0038951","9506","Sean Tucker","RB","TB",2026,3,"TB",2,"rosters_weekly",0.0626476464547588,0.0072463768115942,0.116933882529411,"MEDIUM","NONE",2,1,"LOW",0.00409936421866738,0,0.0081977916852897,"MEDIUM","NONE",2,0,"INSUFFICIENT_SAMPLE",0.00158232640700634,0,0.00316933858153505,"MEDIUM","NONE",2,0,"INSUFFICIENT_SAMPLE",0.074436601554937,,0.0745681053220594,"MEDIUM","NONE",0,0,"INSUFFICIENT_SAMPLE",,,,,,,,,0.0840291605129729,0,0.168307884558017,"MEDIUM","NONE",2,0,"INSUFFICIENT_SAMPLE",0.0895785461496826,0,0.17941474054704,"MEDIUM","NONE",2,0,"INSUFFICIENT_SAMPLE",0.0198331564203381,0,0.0397761776832921,"MEDIUM","NONE",2,0,"INSUFFICIENT_SAMPLE",0.135830015343714,0,0.272584518996649,"MEDIUM","NONE",2,0,"INSUFFICIENT_SAMPLE"
4,"00-0038953","11474","Dylan Drummond","WR","ATL",2025,18,"ATL",0,"rosters_weekly",0.174586012930975,,0.175762421175859,"MEDIUM","NONE",0,0,"INSUFFICIENT_SAMPLE",0.0225412642781537,,0.0228465334395692,"MEDIUM","NONE",0,0,"INSUFFICIENT_SAMPLE",0.0283817845045019,,0.0287661499707975,"MEDIUM","NONE",0,0,"INSUFFICIENT_SAMPLE",0.29891737218182,,0.29891737218182,"MEDIUM","NONE",0,0,"INSUFFICIENT_SAMPLE",0.0573331059826305,,0.0581095499730248,"MEDIUM","NONE",0,0,"INSUFFICIENT_SAMPLE",,,,,,,,,,,,,,,,,0.0430831023078903,,0.0436665630379725,"MEDIUM","NONE",0,0,"INSUFFICIENT_SAMPLE",,,,,,,,
4,"00-0038976","9494","Marvin Mims","WR","DEN",2026,1,"DEN",1,"rosters_weekly",0.413197618051738,0.18,0.509959914921811,"MEDIUM","NONE",1,9,"LOW",0.0851247909578212,0,0.120348785893678,"MEDIUM","NONE",1,0,"INSUFFICIENT_SAMPLE",0.0780129531114817,0,0.110313445340495,"MEDIUM","NONE",1,0,"INSUFFICIENT_SAMPLE",0.497341532756666,,0.497500450429843,"MEDIUM","NONE",0,0,"INSUFFICIENT_SAMPLE",0.186421177948007,0,0.263695018107591,"MEDIUM","NONE",1,0,"INSUFFICIENT_SAMPLE",,,,,,,,,,,,,,,,,0.0239294698049906,0,0.0337406077992978,"MEDIUM","NONE",1,0,"INSUFFICIENT_SAMPLE",,,,,,,,
4,"00-0038977","9502","Tank Dell","WR","HOU",2024,16,"HOU",0,"rosters_weekly",0.651273027447554,,,"INSUFFICIENT_SAMPLE","ROOKIE_OR_NO_PRIOR_SEASON",0,0,"INSUFFICIENT_SAMPLE",0.129287401745341,,,"INSUFFICIENT_SAMPLE","ROOKIE_OR_NO_PRIOR_SEASON",0,0,"INSUFFICIENT_SAMPLE",0.284888333958002,,,"INSUFFICIENT_SAMPLE","ROOKIE_OR_NO_PRIOR_SEASON",0,0,"INSUFFICIENT_SAMPLE",0.642077957570099,,,"INSUFFICIENT_SAMPLE","ROOKIE_OR_NO_PRIOR_SEASON",0,0,"INSUFFICIENT_SAMPLE",0.26539033201421,,,"INSUFFICIENT_SAMPLE","ROOKIE_OR_NO_PRIOR_SEASON",0,0,"INSUFFICIENT_SAMPLE",,,,,,,,,,,,,,,,,0.0286354555081646,,,"INSUFFICIENT_SAMPLE","ROOKIE_OR_NO_PRIOR_SEASON",0,0,"INSUFFICIENT_SAMPLE",,,,,,,,
4,"00-0038979","10444","Cedric Tillman","WR","NO",2025,18,"CLE",0,"rosters_weekly",0.588238663451534,,0.586816814356779,"LOW","TEAM_CHANGE",0,0,"INSUFFICIENT_SAMPLE",0.050072402065715,,0.0491024802036504,"LOW","TEAM_CHANGE",0,0,"INSUFFICIENT_SAMPLE",0.123955672239119,,0.123163859956965,"LOW","TEAM_CHANGE",0,0,"INSUFFICIENT_SAMPLE",0.451066839643762,,0.449204894428673,"LOW","TEAM_CHANGE",0,0,"INSUFFICIENT_SAMPLE",0.140552847141577,,0.13915112017428,"LOW","TEAM_CHANGE",0,0,"INSUFFICIENT_SAMPLE",,,,,,,,,,,,,,,,,0.0347214218520825,,0.0313356297029365,"LOW","TEAM_CHANGE",0,0,"INSUFFICIENT_SAMPLE",,,,,,,,
4,"00-0038994","9756","Jordan Addison","WR","MIN",2026,3,"MIN",3,"rosters_weekly",0.889473656314676,0.912877991336165,0.821797622995278,"MEDIUM","NONE",3,158,"LOW",0.157394065377487,0.167355590885003,0.101640204071565,"MEDIUM","NONE",3,16,"LOW",0.358580585431461,0.342166930144637,0.293552486810438,"MEDIUM","NONE",3,16,"LOW",0.709529020620457,,0.70887402236235,"MEDIUM","NONE",0,0,"INSUFFICIENT_SAMPLE",0.363641805478492,0.39017094017094,0.222694210917716,"MEDIUM","NONE",3,16,"LOW",,,,,,,,,,,,,,,,,0.0772265636000686,0.0714285714285714,0.094555420790091,"MEDIUM","NONE",2,1,"LOW",,,,,,,,
4,"00-0038996","9484","Tucker Kraft","TE","GB",2026,3,"GB",3,"rosters_weekly",0.805129259032077,0.800797103638579,0.792768563465029,"MEDIUM","NONE",3,153,"LOW",0.131122317066247,0.117413097962297,0.153185335702989,"MEDIUM","NONE",3,17,"LOW",0.0927584240652742,0.104324372092673,0.0863459391651616,"MEDIUM","NONE",3,17,"LOW",0.703979038640485,,0.697751556315647,"MEDIUM","NONE",0,0,"INSUFFICIENT_SAMPLE",0.764473698953007,0.797979797979798,0.684884729878224,"MEDIUM","NONE",3,17,"LOW",,,,,,,,,,,,,,,,,0.124682273042901,0.0416666666666667,0.259360269237571,"MEDIUM","NONE",3,1,"LOW",,,,,,,,
4,"00-0038997","9500","Josh Downs","WR","IND",2026,3,"IND",3,"rosters_weekly",0.727539579867181,0.79857148589543,0.642787424932966,"MEDIUM","NONE",3,150,"LOW",0.200071708067086,0.213240418118467,0.145386677727023,"MEDIUM","NONE",3,24,"LOW",0.364227232804339,0.413940468563557,0.185166734671132,"MEDIUM","NONE",3,24,"LOW",0.669508589742022,,0.669405731651111,"MEDIUM","NONE",0,0,"INSUFFICIENT_SAMPLE",0.408110792317017,0.415343915343915,0.335309599717107,"MEDIUM","NONE",3,24,"LOW",,,,,,,,,,,,,,,,,0.240618084808295,0.228571428571429,0.209755974687355,"MEDIUM","NONE",3,4,"LOW",,,,,,,,
4,"00-0038998","10215","Jake Haener","QB","NYG",2024,15,"NO",0,"rosters_weekly",0.207226473383629,,,"INSUFFICIENT_SAMPLE","ROOKIE_OR_NO_PRIOR_SEASON",0,0,"INSUFFICIENT_SAMPLE",,,,,,,,,,,,,,,,,,,,,,,,,,,,,,,,,0,,,"INSUFFICIENT_SAMPLE","ROOKIE_OR_NO_PRIOR_SEASON",0,0,"INSUFFICIENT_SAMPLE",,,,,,,,,,,,,,,,,0,,,"INSUFFICIENT_SAMPLE","ROOKIE_OR_NO_PRIOR_SEASON",0,0,"INSUFFICIENT_SAMPLE"
4,"00-0039021","10235","Roschon Johnson","RB","CHI",2026,3,"CHI",3,"rosters_weekly",0.0136287732635245,0.0045662100456621,0.00784325413200252,"MEDIUM","NONE",3,1,"LOW",0.00154113988383221,0,0,"MEDIUM","NONE",3,0,"INSUFFICIENT_SAMPLE",-0.000610583579289919,0,0,"MEDIUM","NONE",3,0,"INSUFFICIENT_SAMPLE",0.186739691947157,,0.0263157894736842,"LOW","NONE",0,0,"INSUFFICIENT_SAMPLE",,,,,,,,,0.00649053690545158,0,0.0087712720053391,"MEDIUM","NONE",3,0,"INSUFFICIENT_SAMPLE",0.00789930175640549,0,0.0105477431617804,"MEDIUM","NONE",3,0,"INSUFFICIENT_SAMPLE",0.000344806956752375,0,0,"MEDIUM","NONE",3,0,"INSUFFICIENT_SAMPLE",0.00581963140398112,0,0,"MEDIUM","NONE",3,0,"INSUFFICIENT_SAMPLE"
4,"00-0039032","9508","Tyjae Spears","RB","TEN",2026,3,"TEN",3,"rosters_weekly",0.451448559421786,0.441719077568134,0.47254349923557,"MEDIUM","NONE",3,72,"LOW",0.0748532981192206,0.06,0.123785467732625,"MEDIUM","NONE",3,6,"LOW",-0.0495216273207906,-0.018671679197995,-0.119331583678097,"MEDIUM","NONE",3,6,"LOW",0.49509960125917,,0.495452588236563,"MEDIUM","NONE",0,0,"INSUFFICIENT_SAMPLE",,,,,,,,,0.214363195968001,0.230952380952381,0.215181351403543,"MEDIUM","NONE",3,13,"LOW",0.229846445065232,0.243333333333333,0.234886402808267,"MEDIUM","NONE",3,13,"LOW",0.0280822235175103,0,0.0784518875270498,"MEDIUM","NONE",3,0,"INSUFFICIENT_SAMPLE",0.157331608589774,0.0555555555555556,0.264857635342908,"MEDIUM","NONE",2,1,"LOW"
4,"00-0039040","9226","De'Von Achane","RB","MIA",2026,3,"MIA",3,"rosters_weekly",0.555342639874223,0.559173931091739,0.724724585602847,"MEDIUM","NONE",3,97,"LOW",0.108147984399889,0.113274994280485,0.123238713634538,"MEDIUM","NONE",3,12,"LOW",0.0443758671106314,0.0601340369197207,0.015940167712957,"MEDIUM","NONE",3,12,"LOW",0.628342534973347,,0.628386297983042,"MEDIUM","NONE",0,0,"INSUFFICIENT_SAMPLE",,,,,,,,,0.501357339555637,0.512791040377247,0.615034600561025,"MEDIUM","NONE",3,34,"LOW",0.582790389983832,0.622222222222222,0.676118272433707,"MEDIUM","NONE",3,34,"LOW",0.039520916471598,0,0.112179957741526,"MEDIUM","NONE",3,0,"INSUFFICIENT_SAMPLE",0.368145930599059,0.5,0.332240657096278,"MEDIUM","NONE",3,7,"LOW"
4,"00-0039041","10231","Elijah Higgins","TE","ARI",2026,3,"ARI",3,"rosters_weekly",0.418950878043442,0.316514161220044,0.577111909991188,"MEDIUM","NONE",3,68,"LOW",0.0413861315765835,0.0178571428571429,0.0728086763535615,"MEDIUM","NONE",3,3,"LOW",0.0277702772203156,0.0083594566353187,0.0578633781336122,"MEDIUM","NONE",3,3,"LOW",0.545505439114151,,0.546359860310995,"MEDIUM","NONE",0,0,"INSUFFICIENT_SAMPLE",0.12756157393497,0.0666666666666667,0.195370746630424,"MEDIUM","NONE",3,3,"LOW",,,,,,,,,,,,,,,,,0.0115660451732011,0,0.0327911725174754,"MEDIUM","NONE",3,0,"INSUFFICIENT_SAMPLE",,,,,,,,
4,"00-0039050","10227","Payne Durham","TE","TB",2026,3,"TB",3,"rosters_weekly",0.294702540437003,0.24575436640654,0.288715309819875,"MEDIUM","NONE",3,49,"LOW",0.0101365195018558,0.00666666666666667,0.0120329383937782,"MEDIUM","NONE",3,1,"LOW",0.0124623966144805,0.00338409475465313,0.0267849351946933,"MEDIUM","NONE",3,1,"LOW",0.16992555371348,,0.169412894346901,"MEDIUM","NONE",0,0,"INSUFFICIENT_SAMPLE",0.0593410789926557,0.0476190476190476,0.0486038652918144,"MEDIUM","NONE",3,1,"LOW",,,,,,,,,,,,,,,,,0.0259508345560559,0,0.0734261176161858,"MEDIUM","NONE",3,0,"INSUFFICIENT_SAMPLE",,,,,,,,
4,"00-0039052","9492","Trey Palmer","WR","NO",2024,19,"TB",0,"rosters_weekly",0.165214563047405,,,"INSUFFICIENT_SAMPLE","ROOKIE_OR_NO_PRIOR_SEASON",0,0,"INSUFFICIENT_SAMPLE",0.0129930492910635,,,"INSUFFICIENT_SAMPLE","ROOKIE_OR_NO_PRIOR_SEASON",0,0,"INSUFFICIENT_SAMPLE",0.0383983971134139,,,"INSUFFICIENT_SAMPLE","ROOKIE_OR_NO_PRIOR_SEASON",0,0,"INSUFFICIENT_SAMPLE",0.150157087109758,,,"INSUFFICIENT_SAMPLE","ROOKIE_OR_NO_PRIOR_SEASON",0,0,"INSUFFICIENT_SAMPLE",0.0282943135660507,,,"INSUFFICIENT_SAMPLE","ROOKIE_OR_NO_PRIOR_SEASON",0,0,"INSUFFICIENT_SAMPLE",,,,,,,,,,,,,,,,,0.00326101712855836,,,"INSUFFICIENT_SAMPLE","ROOKIE_OR_NO_PRIOR_SEASON",0,0,"INSUFFICIENT_SAMPLE",,,,,,,,
4,"00-0039062","10225","Jonathan Mingo","WR","DAL",2026,3,"DAL",3,"rosters_weekly",0.216555391149263,0.188443616029823,0.261469142548642,"MEDIUM","NONE",3,35,"LOW",0.0137002369237686,0.00813008130081301,0.0259137200050256,"MEDIUM","NONE",3,1,"LOW",0.0275335776091055,0.011866235167206,0.0576710060460536,"MEDIUM","NONE",3,1,"LOW",0.241019902403156,,0.23107859838839,"MEDIUM","NONE",0,0,"INSUFFICIENT_SAMPLE",0.0256597677752572,0.0166666666666667,0.0481212251029016,"MEDIUM","NONE",3,1,"LOW",,,,,,,,,,,,,,,,,0.00114990450889632,0,0,"MEDIUM","NONE",3,0,"INSUFFICIENT_SAMPLE",,,,,,,,
4,"00-0039064","9997","Zay Flowers","WR","BAL",2026,3,"BAL",2,"rosters_weekly",0.603542265932739,0.3203125,0.886160945721921,"MEDIUM","NONE",2,41,"LOW",0.221696386443103,0.200892857142857,0.240344969100958,"MEDIUM","NONE",2,12,"LOW",0.373800535510527,0.320452220175977,0.430453951767501,"MEDIUM","NONE",2,12,"LOW",0.798916692144121,,0.79951947400743,"MEDIUM","NONE",0,0,"INSUFFICIENT_SAMPLE",0.563545776024025,0.487012987012987,0.6305711212634,"MEDIUM","NONE",2,12,"LOW",,,,,,,,,,,,,,,,,0.269857989174406,0.142857142857143,0.374058929311442,"MEDIUM","NONE",2,2,"LOW",,,,,,,,
4,"00-0039065","10859","Sam LaPorta","TE","DET",2026,3,"DET",3,"rosters_weekly",0.921673804656587,0.914063714063714,0.90470207395273,"MEDIUM","NONE",3,186,"LOW",0.145888802266385,0.1518013241237,0.151885862654415,"MEDIUM","NONE",3,19,"LOW",0.137438110328271,0.101379407380371,0.165717058414542,"MEDIUM","NONE",3,19,"LOW",0.826650290318407,,0.824120825634729,"MEDIUM","NONE",0,0,"INSUFFICIENT_SAMPLE",0.781600067868983,0.82010582010582,0.774617694772969,"MEDIUM","NONE",3,19,"LOW",,,,,,,,,,,,,,,,,0.143339883685508,0.187037037037037,0.0870957266836865,"MEDIUM","NONE",3,5,"LOW",,,,,,,,
4,"00-0039066","9482","Michael Mayer","TE","LV",2026,3,"LV",3,"rosters_weekly",0.827064611150322,0.875515334338864,0.728196837942328,"MEDIUM","NONE",3,169,"LOW",0.125737264494964,0.136576521024195,0.136926361906864,"MEDIUM","NONE",3,14,"LOW",0.0956271697457826,0.0771513631828213,0.146457922305157,"MEDIUM","NONE",3,14,"LOW",0.613222676932241,,0.613344870462397,"MEDIUM","NONE",0,0,"INSUFFICIENT_SAMPLE",0.590655440029844,0.6625,0.636571546344999,"MEDIUM","NONE",3,14,"LOW",,,,,,,,,,,,,,,,,0.130318161530707,0.0654761904761905,0.261945302763468,"MEDIUM","NONE",3,2,"LOW",,,,,,,,
4,"00-0039067","10229","Rashee Rice","WR","KC",2026,3,"KC",3,"rosters_weekly",0.79309685301137,0.806789044289044,0.800137330234861,"MEDIUM","NONE",3,160,"LOW",0.205489308926599,0.165212238741651,0.226879511819713,"MEDIUM","NONE",3,17,"LOW",0.224330581594708,0.227569005487499,0.12549059602126,"MEDIUM","NONE",3,17,"LOW",0.654497966389544,,0.661476275388121,"MEDIUM","NONE",0,0,"INSUFFICIENT_SAMPLE",0.458914580127582,0.386215538847118,0.50557295876818,"MEDIUM","NONE",3,17,"LOW",,,,,,,,,,,,,,,,,0.177101206761013,0.144588744588745,0.23124382181174,"MEDIUM","NONE",3,4,"LOW",,,,,,,,
4,"00-0039074","10214","Davis Allen","TE","LAR",2026,3,"LAR",3,"rosters_weekly",0.447128734138695,0.423590585659551,0.491009619742598,"MEDIUM","NONE",3,84,"LOW",0.0305833201592227,0.036595462824971,0.0154540823068108,"MEDIUM","NONE",3,5,"LOW",0.0164065566889708,0.0150578550061474,0.00881116277290936,"MEDIUM","NONE",3,5,"LOW",0.339307076519187,,0.339486735584636,"MEDIUM","NONE",0,0,"INSUFFICIENT_SAMPLE",0.113877456921776,0.142156862745098,0.0580286110717226,"MEDIUM","NONE",3,5,"LOW",,,,,,,,,,,,,,,,,0.00408901453401039,0,0.0115395250022592,"MEDIUM","NONE",3,0,"INSUFFICIENT_SAMPLE",,,,,,,,
4,"00-0039075","9493","Puka Nacua","WR","LAR",2026,1,"LAR",1,"rosters_weekly",0.766560829291241,0.716666666666667,0.7871249548361,"MEDIUM","NONE",1,43,"MEDIUM",0.291854778471906,0.272727272727273,0.299748448470362,"MEDIUM","NONE",1,9,"LOW",0.380185901537623,0.450980392156863,0.350929676980983,"MEDIUM","NONE",1,9,"LOW",0.779974230565561,,0.779897237636101,"MEDIUM","NONE",0,0,"INSUFFICIENT_SAMPLE",0.549001833440809,0.529411764705882,0.557094518592956,"MEDIUM","NONE",1,9,"LOW",,,,,,,,,,,,,,,,,0.314104734347003,0.5,0.237094832313253,"MEDIUM","NONE",1,1,"LOW",,,,,,,,
4,"00-0039107","10857","Stetson Bennett","QB","LAR",2026,1,"LAR",1,"rosters_weekly",0.166666666666667,0.166666666666667,,"INSUFFICIENT_SAMPLE","ROOKIE_OR_NO_PRIOR_SEASON",1,10,"MEDIUM",,,,,,,,,,,,,,,,,,,,,,,,,,,,,,,,,0,0,,"INSUFFICIENT_SAMPLE","ROOKIE_OR_NO_PRIOR_SEASON",1,0,"INSUFFICIENT_SAMPLE",,,,,,,,,,,,,,,,,0,0,,"INSUFFICIENT_SAMPLE","ROOKIE_OR_NO_PRIOR_SEASON",1,0,"INSUFFICIENT_SAMPLE"
4,"00-0039139","9221","Jahmyr Gibbs","RB","DET",2026,3,"DET",3,"rosters_weekly",0.749657313668007,0.761771561771562,0.735518249012993,"MEDIUM","NONE",3,156,"LOW",0.166281408754894,0.170693493068891,0.138746955824221,"MEDIUM","NONE",3,21,"LOW",0.0363840588127026,0.0340973082728618,0.03463349514991,"MEDIUM","NONE",3,21,"LOW",0.675016487431441,,0.675179993527417,"MEDIUM","NONE",0,0,"INSUFFICIENT_SAMPLE",,,,,,,,,0.737542291782651,0.80563052931474,0.621892141058868,"MEDIUM","NONE",3,65,"LOW",0.790782927908863,0.881963703595582,0.660626350387593,"MEDIUM","NONE",3,65,"LOW",0.180444791730805,0.177777777777778,0.117033359970159,"MEDIUM","NONE",3,5,"LOW",0.77217250856277,0.909090909090909,0.467935953223355,"MEDIUM","NONE",3,18,"LOW"
4,"00-0039144","9481","Luke Musgrave","TE","GB",2025,19,"GB",0,"rosters_weekly",0.508733334831895,,0.509212432765904,"MEDIUM","NONE",0,0,"INSUFFICIENT_SAMPLE",0.0449237783204355,,0.0449546001132585,"MEDIUM","NONE",0,0,"INSUFFICIENT_SAMPLE",0.0566791886160254,,0.0567250955648806,"MEDIUM","NONE",0,0,"INSUFFICIENT_SAMPLE",0.390861285028675,,0.391192888835996,"MEDIUM","NONE",0,0,"INSUFFICIENT_SAMPLE",0.401572684037724,,0.402031521255559,"MEDIUM","NONE",0,0,"INSUFFICIENT_SAMPLE",,,,,,,,,,,,,,,,,0.00672044366009473,,0.00667510160147144,"MEDIUM","NONE",0,0,"INSUFFICIENT_SAMPLE",,,,,,,,
4,"00-0039146","10222","Jayden Reed","WR","GB",2026,2,"GB",2,"rosters_weekly",0.379409759446057,0.303713858424726,0.493430039502434,"MEDIUM","NONE",2,41,"LOW",0.0885197621887182,0.0892448512585812,0.0976783917381095,"MEDIUM","NONE",2,8,"LOW",0.0700085797575249,0.0417308299770986,0.106243511366772,"MEDIUM","NONE",2,8,"LOW",0.477793691434251,,0.470307761770844,"MEDIUM","NONE",0,0,"INSUFFICIENT_SAMPLE",0.154998520596384,0.143416927899687,0.181439353906195,"MEDIUM","NONE",2,8,"LOW",,,,,,,,,,,,,,,,,0.114855581387034,0.0714285714285714,0.169954535890588,"MEDIUM","NONE",2,1,"LOW",,,,,,,,
4,"00-0039150","9228","Bryce Young","QB","CAR",2026,3,"CAR",3,"rosters_weekly",0.987624440414768,0.954687624037469,1.02385474378092,"MEDIUM","NONE",3,200,"LOW",,,,,,,,,,,,,,,,,,,,,,,,,,,,,,,,,0.012261802389912,0,0.0347753870262099,"MEDIUM","NONE",3,0,"INSUFFICIENT_SAMPLE",,,,,,,,,,,,,,,,,0.00215778447889327,0,0.00611884313468215,"MEDIUM","NONE",3,0,"INSUFFICIENT_SAMPLE"
4,"00-0039152","9999","Will Levis","QB","NYJ",2024,18,"TEN",0,"rosters_weekly",0.752740360552186,,,"INSUFFICIENT_SAMPLE","ROOKIE_OR_NO_PRIOR_SEASON",0,0,"INSUFFICIENT_SAMPLE",,,,,,,,,,,,,,,,,,,,,,,,,,,,,,,,,0.099142095067596,,,"INSUFFICIENT_SAMPLE","ROOKIE_OR_NO_PRIOR_SEASON",0,0,"INSUFFICIENT_SAMPLE",,,,,,,,,,,,,,,,,0.161511803926661,,,"INSUFFICIENT_SAMPLE","ROOKIE_OR_NO_PRIOR_SEASON",0,0,"INSUFFICIENT_SAMPLE"
4,"00-0039163","9758","C.J. Stroud","QB","HOU",2026,3,"HOU",3,"rosters_weekly",0.983411946978281,1.0042194092827,0.945915497046074,"MEDIUM","NONE",3,213,"LOW",,,,,,,,,,,,,,,,,,,,,,,,,,,,,,,,,0.0269604681045018,0.0266257040450589,0.0234940406743233,"MEDIUM","NONE",3,2,"LOW",,,,,,,,,,,,,,,,,0.0198243967725901,0,0.0563730125027044,"MEDIUM","NONE",3,0,"INSUFFICIENT_SAMPLE"
4,"00-0039164","9229","Anthony Richardson","QB","IND",2025,5,"IND",0,"rosters_weekly",0.546557235979105,,0.115823215274787,"LOW","NONE",0,0,"INSUFFICIENT_SAMPLE",,,,,,,,,,,,,,,,,,,,,,,,,,,,,,,,,0.103736080708207,,0.0165685424949238,"LOW","NONE",0,0,"INSUFFICIENT_SAMPLE",,,,,,,,,,,,,,,,,0.124467202565508,,0,"LOW","NONE",0,0,"INSUFFICIENT_SAMPLE"
4,"00-0039165","9753","Zach Charbonnet","RB","SEA",2025,20,"SEA",0,"rosters_weekly",0.419110748914321,,0.418519173207163,"MEDIUM","NONE",0,0,"INSUFFICIENT_SAMPLE",0.0532012361321023,,0.0531714085275343,"MEDIUM","NONE",0,0,"INSUFFICIENT_SAMPLE",0.0195176769905232,,0.0196956265655723,"MEDIUM","NONE",0,0,"INSUFFICIENT_SAMPLE",0.360562296437143,,0.359949619989799,"MEDIUM","NONE",0,0,"INSUFFICIENT_SAMPLE",,,,,,,,,0.356192297603218,,0.355910808074724,"MEDIUM","NONE",0,0,"INSUFFICIENT_SAMPLE",0.385854129512839,,0.385523630427141,"MEDIUM","NONE",0,0,"INSUFFICIENT_SAMPLE",0.0528643335277708,,0.0530017745509936,"MEDIUM","NONE",0,0,"INSUFFICIENT_SAMPLE",0.586135298222616,,0.586328276434309,"MEDIUM","NONE",0,0,"INSUFFICIENT_SAMPLE"
4,"00-0039236","11636","Johnny Wilson","WR","PHI",2024,22,"PHI",0,"rosters_weekly",0.239603650210902,,,"INSUFFICIENT_SAMPLE","ROOKIE_OR_NO_PRIOR_SEASON",0,0,"INSUFFICIENT_SAMPLE",0.0194354678617859,,,"INSUFFICIENT_SAMPLE","ROOKIE_OR_NO_PRIOR_SEASON",0,0,"INSUFFICIENT_SAMPLE",0.0167806355009555,,,"INSUFFICIENT_SAMPLE","ROOKIE_OR_NO_PRIOR_SEASON",0,0,"INSUFFICIENT_SAMPLE",0.177031072542724,,,"INSUFFICIENT_SAMPLE","ROOKIE_OR_NO_PRIOR_SEASON",0,0,"INSUFFICIENT_SAMPLE",0.0422806839356836,,,"INSUFFICIENT_SAMPLE","ROOKIE_OR_NO_PRIOR_SEASON",0,0,"INSUFFICIENT_SAMPLE",,,,,,,,,,,,,,,,,0.00347727109093597,,,"INSUFFICIENT_SAMPLE","ROOKIE_OR_NO_PRIOR_SEASON",0,0,"INSUFFICIENT_SAMPLE",,,,,,,,
4,"00-0039244","11963","Chris Collier","RB","LV",2024,18,"LV",0,"rosters_weekly",0.0959829452868868,,,"INSUFFICIENT_SAMPLE","ROOKIE_OR_NO_PRIOR_SEASON",0,0,"INSUFFICIENT_SAMPLE",0.0160215094051803,,,"INSUFFICIENT_SAMPLE","ROOKIE_OR_NO_PRIOR_SEASON",0,0,"INSUFFICIENT_SAMPLE",-0.0050882643876387,,,"INSUFFICIENT_SAMPLE","ROOKIE_OR_NO_PRIOR_SEASON",0,0,"INSUFFICIENT_SAMPLE",0.179487179487179,,,"INSUFFICIENT_SAMPLE","ROOKIE_OR_NO_PRIOR_SEASON",0,0,"INSUFFICIENT_SAMPLE",,,,,,,,,0.0742441043929275,,,"INSUFFICIENT_SAMPLE","ROOKIE_OR_NO_PRIOR_SEASON",0,0,"INSUFFICIENT_SAMPLE",0.0981879401622828,,,"INSUFFICIENT_SAMPLE","ROOKIE_OR_NO_PRIOR_SEASON",0,0,"INSUFFICIENT_SAMPLE",0,,,"INSUFFICIENT_SAMPLE","ROOKIE_OR_NO_PRIOR_SEASON",0,0,"INSUFFICIENT_SAMPLE",0,,,"INSUFFICIENT_SAMPLE","ROOKIE_OR_NO_PRIOR_SEASON",0,0,"INSUFFICIENT_SAMPLE"
4,"00-0039266","11649","Kendall Milton","RB","CIN",2025,11,"CIN",0,"rosters_weekly",0.04822427456351,,0.0615384615384615,"LOW","NONE",0,0,"INSUFFICIENT_SAMPLE",0,,0,"LOW","NONE",0,0,"INSUFFICIENT_SAMPLE",0,,0,"LOW","NONE",0,0,"INSUFFICIENT_SAMPLE",0.0401637444311985,,,"INSUFFICIENT_SAMPLE","NO_PRIOR_EVIDENCE_THIS_METRIC",0,0,"INSUFFICIENT_SAMPLE",,,,,,,,,0.0393984208106063,,0.0869565217391304,"LOW","NONE",0,0,"INSUFFICIENT_SAMPLE",0.0411892581201794,,0.0909090909090909,"LOW","NONE",0,0,"INSUFFICIENT_SAMPLE",0,,0,"LOW","NONE",0,0,"INSUFFICIENT_SAMPLE",0,,0,"LOW","NONE",0,0,"INSUFFICIENT_SAMPLE"
4,"00-0039299","12048","George Holani","RB","SEA",2026,3,"SEA",3,"rosters_weekly",0.294913226501339,0.361579855822926,0.193779366002011,"MEDIUM","NONE",3,65,"LOW",0.0517507216932896,0.0567323481116585,0.0287168555329421,"MEDIUM","NONE",3,7,"LOW",-0.00502271470895942,-0.00438095501136668,0.00865685021541598,"MEDIUM","NONE",3,7,"LOW",0.359998342025433,,0.388846587513997,"MEDIUM","NONE",0,0,"INSUFFICIENT_SAMPLE",,,,,,,,,0.152383847587507,0.218327981599144,0.0700204415564414,"MEDIUM","NONE",3,15,"LOW",0.160669281760949,0.227244582043344,0.0811370980271622,"MEDIUM","NONE",3,15,"LOW",0.0345416490463328,0.0555555555555556,0,"MEDIUM","NONE",3,1,"LOW",0.314074950113626,0.506944444444444,0.0882547828813219,"MEDIUM","NONE",3,6,"LOW"
4,"00-0039305","12045","Jack Westover","TE","WAS",2025,22,"NE",0,"rosters_weekly",0.276266626321504,,0.276362003666446,"LOW","POSITION_CHANGE",0,0,"INSUFFICIENT_SAMPLE",0.00520119948900495,,0.00520352287419846,"LOW","POSITION_CHANGE",0,0,"INSUFFICIENT_SAMPLE",0.00238217000829438,,0.00238323412793397,"LOW","POSITION_CHANGE",0,0,"INSUFFICIENT_SAMPLE",0.101896407884549,,0.10190578692434,"LOW","POSITION_CHANGE",0,0,"INSUFFICIENT_SAMPLE",0,,,"INSUFFICIENT_SAMPLE","NO_PRIOR_EVIDENCE_THIS_METRIC",0,0,"INSUFFICIENT_SAMPLE",,,,,,,,,,,,,,,,,0,,0,"LOW","POSITION_CHANGE",0,0,"INSUFFICIENT_SAMPLE",,,,,,,,
4,"00-0039325","11582","Carson Steele","RB","PHI",2024,22,"KC",0,"rosters_weekly",0.118394807867146,,,"INSUFFICIENT_SAMPLE","ROOKIE_OR_NO_PRIOR_SEASON",0,0,"INSUFFICIENT_SAMPLE",0.00958407479987919,,,"INSUFFICIENT_SAMPLE","ROOKIE_OR_NO_PRIOR_SEASON",0,0,"INSUFFICIENT_SAMPLE",-0.00544052441638142,,,"INSUFFICIENT_SAMPLE","ROOKIE_OR_NO_PRIOR_SEASON",0,0,"INSUFFICIENT_SAMPLE",0.178906598096592,,,"INSUFFICIENT_SAMPLE","ROOKIE_OR_NO_PRIOR_SEASON",0,0,"INSUFFICIENT_SAMPLE",,,,,,,,,0.0868703704753933,,,"INSUFFICIENT_SAMPLE","ROOKIE_OR_NO_PRIOR_SEASON",0,0,"INSUFFICIENT_SAMPLE",0.0966234145116503,,,"INSUFFICIENT_SAMPLE","ROOKIE_OR_NO_PRIOR_SEASON",0,0,"INSUFFICIENT_SAMPLE",0.00028642410514408,,,"INSUFFICIENT_SAMPLE","ROOKIE_OR_NO_PRIOR_SEASON",0,0,"INSUFFICIENT_SAMPLE",0.00710687232708874,,,"INSUFFICIENT_SAMPLE","ROOKIE_OR_NO_PRIOR_SEASON",0,0,"INSUFFICIENT_SAMPLE"
4,"00-0039337","11632","Malik Nabers","WR","NYG",2026,3,"NYG",3,"rosters_weekly",0.728715010666804,0.693494883150056,0.705981574494737,"MEDIUM","NONE",3,129,"LOW",0.198208637536271,0.203078403078403,0.168151873476824,"MEDIUM","NONE",3,19,"LOW",0.263195895887386,0.227659773586854,0.391698175131947,"MEDIUM","NONE",3,19,"LOW",0.657178696666055,,0.609111489263009,"MEDIUM","NONE",0,0,"INSUFFICIENT_SAMPLE",0.445376154693726,0.469230769230769,0.403026408907219,"MEDIUM","NONE",3,19,"LOW",,,,,,,,,,,,,,,,,0.428315305339042,0.547619047619048,0.0624123891323724,"MEDIUM","NONE",3,3,"LOW",,,,,,,,
4,"00-0039338","11604","Brock Bowers","TE","LV",2026,3,"LV",1,"rosters_weekly",0.907265127472287,0.808823529411765,0.948152604471967,"MEDIUM","NONE",1,55,"MEDIUM",0.221998574102716,0.302325581395349,0.188338076276556,"MEDIUM","NONE",1,13,"MEDIUM",0.259623176250061,0.388278388278388,0.206010950973051,"MEDIUM","NONE",1,13,"MEDIUM",0.82260700100208,,0.822219665815324,"MEDIUM","NONE",0,0,"INSUFFICIENT_SAMPLE",0.765282145262796,0.8125,0.745638168272012,"MEDIUM","NONE",1,13,"MEDIUM",,,,,,,,,,,,,,,,,0.328168273637507,0.214285714285714,0.379704936072519,"MEDIUM","NONE",1,3,"LOW",,,,,,,,
4,"00-0039342","11626","Xavier Legette","WR","CAR",2026,2,"CAR",2,"rosters_weekly",0.516078762956533,0.518552036199095,0.514992993550247,"MEDIUM","NONE",2,69,"LOW",0.0821887778284876,0.0717391304347826,0.0875327434750914,"MEDIUM","NONE",2,6,"LOW",0.158571840174208,0.151116616590234,0.149119418624708,"MEDIUM","NONE",2,6,"LOW",0.515428055326846,,0.515362820760145,"MEDIUM","NONE",0,0,"INSUFFICIENT_SAMPLE",0.160636876241846,0.13695652173913,0.177519232079172,"MEDIUM","NONE",2,6,"LOW",,,,,,,,,,,,,,,,,0.0609745080704739,0.0277777777777778,0.0893538616520079,"MEDIUM","NONE",2,1,"LOW",,,,,,,,
4,"00-0039344","11583","Jonathon Brooks","RB","CAR",2026,2,"CAR",2,"rosters_weekly",0.199321780223032,0.249434389140271,,"INSUFFICIENT_SAMPLE","ROOKIE_OR_NO_PRIOR_SEASON",2,33,"LOW",0.0270901067497667,0.0342391304347826,,"INSUFFICIENT_SAMPLE","ROOKIE_OR_NO_PRIOR_SEASON",2,3,"LOW",0.011475347002493,0.0313373043065732,,"INSUFFICIENT_SAMPLE","ROOKIE_OR_NO_PRIOR_SEASON",2,3,"LOW",0.0756307737127543,,,"INSUFFICIENT_SAMPLE","ROOKIE_OR_NO_PRIOR_SEASON",0,0,"INSUFFICIENT_SAMPLE",,,,,,,,,0.174781111010488,0.190909090909091,,"INSUFFICIENT_SAMPLE","ROOKIE_OR_NO_PRIOR_SEASON",2,9,"LOW",0.199792927420081,0.230263157894737,,"INSUFFICIENT_SAMPLE","ROOKIE_OR_NO_PRIOR_SEASON",2,9,"LOW",0.0449240484288976,0.0277777777777778,,"INSUFFICIENT_SAMPLE","ROOKIE_OR_NO_PRIOR_SEASON",2,1,"LOW",0.272236768652264,0.25,,"INSUFFICIENT_SAMPLE","ROOKIE_OR_NO_PRIOR_SEASON",2,3,"LOW"
4,"00-0039355","11650","Luke McCaffrey","WR","WAS",2026,3,"WAS",1,"rosters_weekly",0.215022341982097,0,0.308887858123217,"MEDIUM","NONE",1,0,"INSUFFICIENT_SAMPLE",0.0293034392491337,0,0.0427926138948743,"MEDIUM","NONE",1,0,"INSUFFICIENT_SAMPLE",0.0551952395669457,0,0.0808064695979313,"MEDIUM","NONE",1,0,"INSUFFICIENT_SAMPLE",0.40388070224506,,0.430649260350248,"MEDIUM","NONE",0,0,"INSUFFICIENT_SAMPLE",0.0678390381099852,0,0.0990804389405814,"MEDIUM","NONE",1,0,"INSUFFICIENT_SAMPLE",,,,,,,,,,,,,,,,,0.0221795921146528,0,0.0327338140094232,"MEDIUM","NONE",1,0,"INSUFFICIENT_SAMPLE",,,,,,,,
4,"00-0039356","11600","Ja'Tavion Sanders","TE","CAR",2025,17,"CAR",0,"rosters_weekly",0.382387589163816,,0.380653622559939,"MEDIUM","NONE",0,0,"INSUFFICIENT_SAMPLE",0.0385382327572009,,0.0382673665451871,"MEDIUM","NONE",0,0,"INSUFFICIENT_SAMPLE",0.0192418722232939,,0.0186640863242102,"MEDIUM","NONE",0,0,"INSUFFICIENT_SAMPLE",0.477321134570093,,0.477213293162434,"MEDIUM","NONE",0,0,"INSUFFICIENT_SAMPLE",0.259410194015575,,0.256254531074963,"MEDIUM","NONE",0,0,"INSUFFICIENT_SAMPLE",,,,,,,,,,,,,,,,,0.090430763188643,,0.0911569746573335,"MEDIUM","NONE",0,0,"INSUFFICIENT_SAMPLE",,,,,,,,
4,"00-0039359","11599","Cade Stover","TE","HOU",2026,3,"HOU",3,"rosters_weekly",0.391172643314271,0.283169245194562,0.554422132512092,"MEDIUM","NONE",3,56,"LOW",0.0210730089292705,0.00694444444444444,0.0508683275185902,"MEDIUM","NONE",3,1,"LOW",0.00452549886762116,-0.0020703933747412,0.0149001000994171,"MEDIUM","NONE",3,1,"LOW",0.335494423395091,,0.336244354960743,"MEDIUM","NONE",0,0,"INSUFFICIENT_SAMPLE",0.104368201842024,0.0277777777777778,0.259209356697028,"MEDIUM","NONE",3,1,"LOW",,,,,,,,,,,,,,,,,0.0233537932431627,0,0.0674176994267524,"MEDIUM","NONE",3,0,"INSUFFICIENT_SAMPLE",,,,,,,,
4,"00-0039361","11584","Bucky Irving","RB","TB",2026,3,"TB",3,"rosters_weekly",0.615923496307925,0.643784838350056,0.59110614250191,"MEDIUM","NONE",3,122,"LOW",0.0942068487808433,0.117503478433711,0.0708044283679351,"MEDIUM","NONE",3,15,"LOW",-0.0285898909551759,-0.0638495706559418,-0.00588048003254645,"MEDIUM","NONE",3,15,"LOW",0.446217781981709,,0.448428560027116,"MEDIUM","NONE",0,0,"INSUFFICIENT_SAMPLE",,,,,,,,,0.694966799594667,0.677596397410639,0.664491256493638,"MEDIUM","NONE",3,40,"LOW",0.765527069189263,0.781151596941071,0.694275272474443,"MEDIUM","NONE",3,40,"LOW",0.170347656032223,0.193939393939394,0.0404663043912723,"MEDIUM","NONE",3,4,"LOW",0.384667622651865,0.333333333333333,0.616961938984499,"MEDIUM","NONE",3,3,"LOW"
4,"00-0039363","11651","Isaac Guerendo","RB","SF",2025,15,"SF",0,"rosters_weekly",0.00273847182979362,,0,"MEDIUM","NONE",0,0,"INSUFFICIENT_SAMPLE",0.000371493277780897,,0,"MEDIUM","NONE",0,0,"INSUFFICIENT_SAMPLE",0.000152606853701989,,0,"MEDIUM","NONE",0,0,"INSUFFICIENT_SAMPLE",0.277900703388001,,,"INSUFFICIENT_SAMPLE","NO_PRIOR_EVIDENCE_THIS_METRIC",0,0,"INSUFFICIENT_SAMPLE",,,,,,,,,0.00263763004301584,,0,"MEDIUM","NONE",0,0,"INSUFFICIENT_SAMPLE",0.00375549086084195,,0,"MEDIUM","NONE",0,0,"INSUFFICIENT_SAMPLE",0,,0,"MEDIUM","NONE",0,0,"INSUFFICIENT_SAMPLE",0.00152207453173606,,0,"MEDIUM","NONE",0,0,"INSUFFICIENT_SAMPLE"
4,"00-0039364","11729","Sione Vaki","RB","DET",2026,3,"DET",3,"rosters_weekly",0.170074819369307,0.257468457468457,0.00027129669529016,"MEDIUM","NONE",3,53,"LOW",0.0160398178255732,0.0243854671214162,0,"MEDIUM","NONE",3,3,"LOW",0.00962710491454079,0.0128453101835109,0,"MEDIUM","NONE",3,3,"LOW",0.0701166032207243,,,"INSUFFICIENT_SAMPLE","NO_PRIOR_EVIDENCE_THIS_METRIC",0,0,"INSUFFICIENT_SAMPLE",,,,,,,,,0.0868444727927644,0.112985455090718,0.00056725672651579,"MEDIUM","NONE",3,9,"LOW",0.0894486681011123,0.118036296404418,0.000584983499219408,"MEDIUM","NONE",3,9,"LOW",0,0,0,"MEDIUM","NONE",3,0,"INSUFFICIENT_SAMPLE",0.0133136154248736,0.0303030303030303,0,"MEDIUM","NONE",3,1,"LOW"
4,"00-0039365","11616","Jacob Cowing","WR","SF",2026,3,"SF",3,"rosters_weekly",0.296609255612247,0.292559264634736,,"INSUFFICIENT_SAMPLE","ROOKIE_OR_NO_PRIOR_SEASON",3,46,"LOW",0.024510406791683,0.021505376344086,,"INSUFFICIENT_SAMPLE","ROOKIE_OR_NO_PRIOR_SEASON",3,2,"LOW",0.0563828807912961,0.0532879818594104,,"INSUFFICIENT_SAMPLE","ROOKIE_OR_NO_PRIOR_SEASON",3,2,"LOW",0.276385565953292,,,"INSUFFICIENT_SAMPLE","ROOKIE_OR_NO_PRIOR_SEASON",0,0,"INSUFFICIENT_SAMPLE",0.0695705611031505,0.0666666666666667,,"INSUFFICIENT_SAMPLE","ROOKIE_OR_NO_PRIOR_SEASON",3,2,"LOW",,,,,,,,,,,,,,,,,0.0226223317617069,0,,"INSUFFICIENT_SAMPLE","ROOKIE_OR_NO_PRIOR_SEASON",3,0,"INSUFFICIENT_SAMPLE",,,,,,,,
4,"00-0039373","11579","Audric Estime","RB","MIN",2025,18,"NO",0,"rosters_weekly",0.563933563993044,,0.596329833924781,"LOW","TEAM_CHANGE",0,0,"INSUFFICIENT_SAMPLE",0.0575607271705434,,0.0620119047969034,"LOW","TEAM_CHANGE",0,0,"INSUFFICIENT_SAMPLE",0.00484941019929558,,0.00573039083839914,"LOW","TEAM_CHANGE",0,0,"INSUFFICIENT_SAMPLE",0.495002804404116,,0.575749277096974,"LOW","TEAM_CHANGE",0,0,"INSUFFICIENT_SAMPLE",,,,,,,,,0.494292407671301,,0.510156383798213,"LOW","TEAM_CHANGE",0,0,"INSUFFICIENT_SAMPLE",0.586498718653789,,0.607283658758389,"LOW","TEAM_CHANGE",0,0,"INSUFFICIENT_SAMPLE",0,,0,"LOW","TEAM_CHANGE",0,0,"INSUFFICIENT_SAMPLE",0.401160308292662,,0.409804164300218,"LOW","TEAM_CHANGE",0,0,"INSUFFICIENT_SAMPLE"
4,"00-0039376","11562","Spencer Rattler","QB","NO",2025,15,"NO",0,"rosters_weekly",0.589847333566645,,0.575646733036378,"MEDIUM","NONE",0,0,"INSUFFICIENT_SAMPLE",,,,,,,,,,,,,,,,,,,,,,,,,,,,,,,,,0.0600266653382296,,0.0615902870914445,"MEDIUM","NONE",0,0,"INSUFFICIENT_SAMPLE",,,,,,,,,,,,,,,,,0.0415988266111579,,0.0433915879723633,"MEDIUM","NONE",0,0,"INSUFFICIENT_SAMPLE"
4,"00-0039384","11655","Tyrone Tracy","RB","NYG",2026,3,"NYG",3,"rosters_weekly",0.244043312925385,0.021139141828797,0.654427970329154,"MEDIUM","NONE",3,4,"LOW",0.0382262170585027,0,0.108220591292877,"MEDIUM","NONE",3,0,"INSUFFICIENT_SAMPLE",0.0137247372073243,0,0.0389916786178664,"MEDIUM","NONE",3,0,"INSUFFICIENT_SAMPLE",0.563834064571847,,0.563875676088691,"MEDIUM","NONE",0,0,"INSUFFICIENT_SAMPLE",,,,,,,,,0.210485418291356,0.0294612794612795,0.546874424903689,"MEDIUM","NONE",3,3,"LOW",0.239908479270769,0.0367521367521368,0.618732713555155,"MEDIUM","NONE",3,3,"LOW",0.0425128777574722,0,0.1206686652844,"MEDIUM","NONE",3,0,"INSUFFICIENT_SAMPLE",0.154765301385667,0,0.436213563533422,"MEDIUM","NONE",3,0,"INSUFFICIENT_SAMPLE"
4,"00-0039386","11748","Bub Means","WR","CLE",2024,8,"NO",0,"rosters_weekly",0.398896468667313,,,"INSUFFICIENT_SAMPLE","ROOKIE_OR_NO_PRIOR_SEASON",0,0,"INSUFFICIENT_SAMPLE",0.0546573220315374,,,"INSUFFICIENT_SAMPLE","ROOKIE_OR_NO_PRIOR_SEASON",0,0,"INSUFFICIENT_SAMPLE",0.122244059017177,,,"INSUFFICIENT_SAMPLE","ROOKIE_OR_NO_PRIOR_SEASON",0,0,"INSUFFICIENT_SAMPLE",0.340860055160353,,,"INSUFFICIENT_SAMPLE","ROOKIE_OR_NO_PRIOR_SEASON",0,0,"INSUFFICIENT_SAMPLE",0.138652568592522,,,"INSUFFICIENT_SAMPLE","ROOKIE_OR_NO_PRIOR_SEASON",0,0,"INSUFFICIENT_SAMPLE",,,,,,,,,,,,,,,,,0.0401614571920341,,,"INSUFFICIENT_SAMPLE","ROOKIE_OR_NO_PRIOR_SEASON",0,0,"INSUFFICIENT_SAMPLE",,,,,,,,
4,"00-0039391","11647","Kimani Vidal","RB","LAC",2026,3,"LAC",3,"rosters_weekly",0.317511998029962,0.141193898753925,0.605562280797679,"MEDIUM","NONE",3,28,"LOW",0.0347122138144272,0.0238095238095238,0.0391507181685891,"MEDIUM","NONE",3,3,"LOW",0.0308935742555025,0.021689497716895,0.0336303408426909,"MEDIUM","NONE",3,3,"LOW",0.480261201650923,,0.482328784215729,"MEDIUM","NONE",0,0,"INSUFFICIENT_SAMPLE",,,,,,,,,0.171003226696886,0.0123456790123457,0.455307418564918,"MEDIUM","NONE",3,1,"LOW",0.2055193171483,0.0138888888888889,0.549685514920645,"MEDIUM","NONE",3,1,"LOW",0.00827660938470443,0,0.023592078944795,"MEDIUM","NONE",3,0,"INSUFFICIENT_SAMPLE",0.162451371764693,0.037037037037037,0.371047401619229,"MEDIUM","NONE",3,1,"LOW"
4,"00-0039394","11806","Casey Washington","WR","CAR",2025,11,"ATL",0,"rosters_weekly",0.171122971225411,,0.18549726995782,"LOW","TEAM_CHANGE",0,0,"INSUFFICIENT_SAMPLE",0.0231094032059656,,0.0245297703935991,"LOW","TEAM_CHANGE",0,0,"INSUFFICIENT_SAMPLE",0.060006663825106,,0.0625350173643504,"LOW","TEAM_CHANGE",0,0,"INSUFFICIENT_SAMPLE",0.211704361693395,,0.223779926043405,"LOW","TEAM_CHANGE",0,0,"INSUFFICIENT_SAMPLE",0.0487179900058998,,0.0519032865125395,"LOW","TEAM_CHANGE",0,0,"INSUFFICIENT_SAMPLE",,,,,,,,,,,,,,,,,0,,0,"LOW","TEAM_CHANGE",0,0,"INSUFFICIENT_SAMPLE",,,,,,,,
4,"00-0039398","11557","Joe Milton","QB","DAL",2025,18,"DAL",0,"rosters_weekly",0.327163627390997,,0.261473890421591,"MEDIUM","NONE",0,0,"INSUFFICIENT_SAMPLE",,,,,,,,,,,,,,,,,,,,,,,,,,,,,,,,,0.0441441036948645,,0.0289277253149089,"MEDIUM","NONE",0,0,"INSUFFICIENT_SAMPLE",,,,,,,,,,,,,,,,,0.0533682447654332,,0,"MEDIUM","NONE",0,0,"INSUFFICIENT_SAMPLE"
4,"00-0039405","11588","Jawhar Jordan","RB","HOU",2025,18,"HOU",0,"rosters_weekly",0.260668328464425,,0.260668328464425,"MEDIUM","NONE",0,0,"INSUFFICIENT_SAMPLE",0.0327757189894664,,0.0327757189894664,"MEDIUM","NONE",0,0,"INSUFFICIENT_SAMPLE",-0.00870024930276122,,-0.00870024930276122,"MEDIUM","NONE",0,0,"INSUFFICIENT_SAMPLE",0.171285006195537,,0.171285006195537,"MEDIUM","NONE",0,0,"INSUFFICIENT_SAMPLE",,,,,,,,,0.326176899558404,,0.326176899558404,"MEDIUM","NONE",0,0,"INSUFFICIENT_SAMPLE",0.356069092377392,,0.356069092377392,"MEDIUM","NONE",0,0,"INSUFFICIENT_SAMPLE",0,,0,"LOW","NONE",0,0,"INSUFFICIENT_SAMPLE",0.226540919660986,,0.226540919660986,"LOW","NONE",0,0,"INSUFFICIENT_SAMPLE"
4,"00-0039407","11574","Dylan Laube","RB","LV",2026,3,"LV",3,"rosters_weekly",0.0699264629836634,0.115334338863751,0.00721746003962489,"MEDIUM","NONE",3,22,"LOW",0.00018476276324891,0,0.000524019476084148,"MEDIUM","NONE",3,0,"INSUFFICIENT_SAMPLE",-0.000196258982309272,0,-0.000556624761819368,"MEDIUM","NONE",3,0,"INSUFFICIENT_SAMPLE",0.0896820782902304,,0.0999407261700201,"LOW","NONE",0,0,"INSUFFICIENT_SAMPLE",,,,,,,,,0.00672371952263075,0,0.0190658692954231,"MEDIUM","NONE",3,0,"INSUFFICIENT_SAMPLE",0.00756058367601452,0,0.0214393622411796,"MEDIUM","NONE",3,0,"INSUFFICIENT_SAMPLE",0,0,0,"MEDIUM","NONE",3,0,"INSUFFICIENT_SAMPLE",0,0,0,"MEDIUM","NONE",3,0,"INSUFFICIENT_SAMPLE"
4,"00-0039410","11783","Ryan Flournoy","WR","DAL",2026,3,"DAL",3,"rosters_weekly",0.673207441684556,0.710898359174221,0.617020711197171,"MEDIUM","NONE",3,132,"LOW",0.14613030488639,0.142129934812862,0.140202741605744,"MEDIUM","NONE",3,18,"LOW",0.166112652509514,0.142357827793434,0.15521413087604,"MEDIUM","NONE",3,18,"LOW",0.55086471655467,,0.552902893217379,"MEDIUM","NONE",0,0,"INSUFFICIENT_SAMPLE",0.253065888619108,0.242512077294686,0.259885021669462,"MEDIUM","NONE",3,18,"LOW",,,,,,,,,,,,,,,,,0.128768401467744,0.121212121212121,0.0632015786383269,"MEDIUM","NONE",3,4,"LOW",,,,,,,,
4,"00-0039424","11834","Devaughn Vele","WR","NO",2026,3,"NO",3,"rosters_weekly",0.845727988771748,0.923291982238821,0.716462349226773,"MEDIUM","NONE",3,212,"LOW",0.13892679233051,0.143563292499463,0.133643198419328,"MEDIUM","NONE",3,22,"LOW",0.258873939724578,0.252299953340408,0.238983430256231,"MEDIUM","NONE",3,22,"LOW",0.558896818283235,,0.559413841557874,"MEDIUM","NONE",0,0,"INSUFFICIENT_SAMPLE",0.31366875950954,0.324827219564062,0.309147971218422,"MEDIUM","NONE",3,22,"LOW",,,,,,,,,,,,,,,,,0.126979789771165,0.133333333333333,0.118143481649781,"MEDIUM","NONE",3,3,"LOW",,,,,,,,
4,"00-0039451","11608","Isaiah Williams","WR","NYJ",2026,3,"NYJ",3,"rosters_weekly",0.729902265424534,0.784851944098519,0.578207841677709,"MEDIUM","NONE",3,160,"LOW",0.0968279830266406,0.0663265306122449,0.154336537217286,"MEDIUM","NONE",3,9,"LOW",0.0881641070072035,0.0455094422485727,0.156240114574331,"MEDIUM","NONE",3,9,"LOW",0.55765895828316,,0.571033112275041,"MEDIUM","NONE",0,0,"INSUFFICIENT_SAMPLE",0.186095336819204,0.142678062678063,0.263200379810784,"MEDIUM","NONE",3,9,"LOW",,,,,,,,,,,,,,,,,0.0474677650935024,0.0555555555555556,0.0368150285731947,"MEDIUM","NONE",3,1,"LOW",,,,,,,,
4,"00-0039458","12374","Brenden Bates","TE","JAX",2025,18,"CLE",0,"rosters_weekly",0.373623027273027,,0.385013508554886,"LOW","TEAM_CHANGE",0,0,"INSUFFICIENT_SAMPLE",0.0224256179448378,,0.0230405650551062,"LOW","TEAM_CHANGE",0,0,"INSUFFICIENT_SAMPLE",0.0220353406620082,,0.0230738039386801,"LOW","TEAM_CHANGE",0,0,"INSUFFICIENT_SAMPLE",0.196548092816679,,0.202271401323042,"LOW","TEAM_CHANGE",0,0,"INSUFFICIENT_SAMPLE",0.151504265235252,,0.156536014135192,"LOW","TEAM_CHANGE",0,0,"INSUFFICIENT_SAMPLE",,,,,,,,,,,,,,,,,0.0417475086486269,,0.0454375019565129,"LOW","TEAM_CHANGE",0,0,"INSUFFICIENT_SAMPLE",,,,,,,,
4,"00-0039471","11573","Frank Gore Jr.","RB","BUF",2026,2,"BUF",2,"rosters_weekly",0.112799179809483,0.161594567404427,0.0271615450736456,"LOW","NONE",2,20,"LOW",0.0035402868578897,0,0.0106208605736691,"LOW","NONE",2,0,"INSUFFICIENT_SAMPLE",0.0014953558208415,0,0.0044860674625245,"LOW","NONE",2,0,"INSUFFICIENT_SAMPLE",0.0512820512820513,,0.0512820512820513,"LOW","NONE",0,0,"INSUFFICIENT_SAMPLE",,,,,,,,,0.0145338092060735,0.0263157894736842,0,"LOW","NONE",2,1,"LOW",0.0184094916610264,0.0333333333333333,0,"LOW","NONE",2,1,"LOW",0,0,0,"LOW","NONE",2,0,"INSUFFICIENT_SAMPLE",0,0,0,"LOW","NONE",2,0,"INSUFFICIENT_SAMPLE"
4,"00-0039489","12389","Hayden Rucci","TE","LAC",2026,3,"LAC",1,"rosters_weekly",0.252268169406991,0.405797101449275,0.16747648158223,"LOW","TEAM_CHANGE",1,28,"MEDIUM",0,0,0,"LOW","TEAM_CHANGE",1,0,"INSUFFICIENT_SAMPLE",0,0,0,"LOW","TEAM_CHANGE",1,0,"INSUFFICIENT_SAMPLE",0.0953494913513872,,0.0953494913513872,"LOW","TEAM_CHANGE",0,0,"INSUFFICIENT_SAMPLE",0,0,0,"LOW","TEAM_CHANGE",1,0,"INSUFFICIENT_SAMPLE",,,,,,,,,,,,,,,,,0,0,0,"LOW","TEAM_CHANGE",1,0,"INSUFFICIENT_SAMPLE",,,,,,,,
4,"00-0039491","11646","Jalen Coker","WR","CAR",2026,3,"CAR",3,"rosters_weekly",0.683151030302885,0.658629038659998,0.829192018596042,"MEDIUM","NONE",3,135,"LOW",0.159499714082065,0.165858416945373,0.175196894352233,"MEDIUM","NONE",3,22,"LOW",0.228550745031843,0.224575185889907,0.267243594755071,"MEDIUM","NONE",3,22,"LOW",0.776939202961166,,0.778486416284814,"MEDIUM","NONE",0,0,"INSUFFICIENT_SAMPLE",0.323835730820278,0.341040843214756,0.350953951366607,"MEDIUM","NONE",3,22,"LOW",,,,,,,,,,,,,,,,,0.123952933010248,0.107407407407407,0.180745872453806,"MEDIUM","NONE",3,5,"LOW",,,,,,,,
4,"00-0039518","12079","Treyton Welch","TE","NO",2026,2,"NO",2,"rosters_weekly",0.0898722585411246,0.0934932081167198,0.0892782466750518,"LOW","NONE",2,15,"LOW",0,0,0,"LOW","NONE",2,0,"INSUFFICIENT_SAMPLE",0,0,0,"LOW","NONE",2,0,"INSUFFICIENT_SAMPLE",0.0540726646765505,,0.0540726646765505,"LOW","NONE",0,0,"INSUFFICIENT_SAMPLE",0,0,0,"LOW","NONE",2,0,"INSUFFICIENT_SAMPLE",,,,,,,,,,,,,,,,,0,0,0,"LOW","NONE",2,0,"INSUFFICIENT_SAMPLE",,,,,,,,
4,"00-0039530","11593","Brevyn Spann-Ford","TE","DAL",2026,3,"DAL",3,"rosters_weekly",0.335168176833179,0.328111497077014,0.318223282176838,"MEDIUM","NONE",3,62,"LOW",0.0298045253307962,0.0232046070460705,0.0469426398109037,"MEDIUM","NONE",3,3,"LOW",0.0318552352562974,0.00892347230154198,0.0761586178470653,"MEDIUM","NONE",3,3,"LOW",0.201194519691015,,0.201370577929325,"MEDIUM","NONE",0,0,"INSUFFICIENT_SAMPLE",0.189632979996517,0.180952380952381,0.252905905554741,"MEDIUM","NONE",3,3,"LOW",,,,,,,,,,,,,,,,,0.00201008800944688,0,0.00569755560449054,"MEDIUM","NONE",3,0,"INSUFFICIENT_SAMPLE",,,,,,,,
4,"00-0039577","11648","Kedon Slovis","QB","GB",2025,12,"ARI",0,"rosters_weekly",0.0302978314908066,,0.0302978314908066,"LOW","TEAM_CHANGE",0,0,"INSUFFICIENT_SAMPLE",,,,,,,,,,,,,,,,,,,,,,,,,,,,,,,,,0,,0,"LOW","TEAM_CHANGE",0,0,"INSUFFICIENT_SAMPLE",,,,,,,,,,,,,,,,,0,,0,"LOW","TEAM_CHANGE",0,0,"INSUFFICIENT_SAMPLE"
4,"00-0039589","11994","Kameron Johnson","WR","TB",2026,3,"TB",3,"rosters_weekly",0.0280358561398757,0.0345928226363009,0.0300871822335291,"MEDIUM","NONE",3,6,"LOW",0.00121327530000102,0,0.00343277117849697,"MEDIUM","NONE",3,0,"INSUFFICIENT_SAMPLE",0.0025754235953336,0,0.00729928377130598,"MEDIUM","NONE",3,0,"INSUFFICIENT_SAMPLE",0.0983681730928646,,0.0985624343335358,"MEDIUM","NONE",0,0,"INSUFFICIENT_SAMPLE",0.00239778008418186,0,0.00678688093069273,"MEDIUM","NONE",3,0,"INSUFFICIENT_SAMPLE",,,,,,,,,,,,,,,,,2.04341371876994e-05,0,0,"MEDIUM","NONE",3,0,"INSUFFICIENT_SAMPLE",,,,,,,,
4,"00-0039603","12171","British Brooks","RB","HOU",2026,3,"HOU",3,"rosters_weekly",0.0215843164569436,0,0.0611438634008832,"MEDIUM","NONE",3,0,"INSUFFICIENT_SAMPLE",0,0,0,"MEDIUM","NONE",3,0,"INSUFFICIENT_SAMPLE",0,0,0,"MEDIUM","NONE",3,0,"INSUFFICIENT_SAMPLE",0.0592385243602854,,0.0623237993097932,"MEDIUM","NONE",0,0,"INSUFFICIENT_SAMPLE",,,,,,,,,0.021966593491131,0,0.0622553675552199,"MEDIUM","NONE",3,0,"INSUFFICIENT_SAMPLE",0.0234862016233142,0,0.0665646291852091,"MEDIUM","NONE",3,0,"INSUFFICIENT_SAMPLE",0,0,0,"MEDIUM","NONE",3,0,"INSUFFICIENT_SAMPLE",0.000719369142422314,0,0.00204195708105239,"MEDIUM","NONE",3,0,"INSUFFICIENT_SAMPLE"
4,"00-0039623","11895","Mason Tipton","WR","NO",2025,16,"NO",0,"rosters_weekly",0.554354211015564,,0.554119044078707,"MEDIUM","NONE",0,0,"INSUFFICIENT_SAMPLE",0.0515274105212778,,0.0515743074473418,"MEDIUM","NONE",0,0,"INSUFFICIENT_SAMPLE",0.0571393051829749,,0.0568771496165515,"MEDIUM","NONE",0,0,"INSUFFICIENT_SAMPLE",0.500743945044036,,0.500389051382776,"MEDIUM","NONE",0,0,"INSUFFICIENT_SAMPLE",0.112727784734543,,0.112490181710029,"MEDIUM","NONE",0,0,"INSUFFICIENT_SAMPLE",,,,,,,,,,,,,,,,,0.0862362037105268,,0.0868459626104162,"MEDIUM","NONE",0,0,"INSUFFICIENT_SAMPLE",,,,,,,,
4,"00-0039631","12062","Cam Grandy","TE","MIN",2025,16,"CIN",0,"rosters_weekly",0.089377245821609,,0.0768603124361922,"LOW","TEAM_CHANGE",0,0,"INSUFFICIENT_SAMPLE",0.0129628399825731,,0.0124990987195731,"LOW","TEAM_CHANGE",0,0,"INSUFFICIENT_SAMPLE",-0.00591038590822307,,-0.00903038566923642,"LOW","TEAM_CHANGE",0,0,"INSUFFICIENT_SAMPLE",0.047631478811578,,0.0342581138379323,"LOW","TEAM_CHANGE",0,0,"INSUFFICIENT_SAMPLE",0.0539919929010361,,0.0518857935219489,"LOW","TEAM_CHANGE",0,0,"INSUFFICIENT_SAMPLE",,,,,,,,,,,,,,,,,0.00336551608266235,,0,"LOW","TEAM_CHANGE",0,0,"INSUFFICIENT_SAMPLE",,,,,,,,
4,"00-0039648","12357","David Martin-Robinson","TE","TEN",2026,3,"TEN",3,"rosters_weekly",0.12387462499823,0.0551362683438155,0.2455180811239,"MEDIUM","NONE",3,9,"LOW",0.0111088141549532,0,0.0314858647069061,"MEDIUM","NONE",3,0,"INSUFFICIENT_SAMPLE",0.0129970599197949,0,0.0368566937941932,"MEDIUM","NONE",3,0,"INSUFFICIENT_SAMPLE",0.128358529034642,,0.129822000678228,"MEDIUM","NONE",0,0,"INSUFFICIENT_SAMPLE",0.0515891966573353,0,0.146241443541591,"MEDIUM","NONE",3,0,"INSUFFICIENT_SAMPLE",,,,,,,,,,,,,,,,,0.000462451591557202,0,0.00131482244904267,"MEDIUM","NONE",3,0,"INSUFFICIENT_SAMPLE",,,,,,,,
4,"00-0039650","11959","Bryce Oliver","WR","HOU",2025,18,"TEN",0,"rosters_weekly",0.191229540108589,,0.210174495475589,"LOW","TEAM_CHANGE",0,0,"INSUFFICIENT_SAMPLE",0.0169713867132513,,0.00629280332391629,"LOW","TEAM_CHANGE",0,0,"INSUFFICIENT_SAMPLE",0.0187035935218942,,0.00462328407471401,"LOW","TEAM_CHANGE",0,0,"INSUFFICIENT_SAMPLE",0.167659913567833,,0.185964786957896,"LOW","TEAM_CHANGE",0,0,"INSUFFICIENT_SAMPLE",0.034884899399434,,0.0125856066478326,"LOW","TEAM_CHANGE",0,0,"INSUFFICIENT_SAMPLE",,,,,,,,,,,,,,,,,0.00925516922732145,,0,"LOW","TEAM_CHANGE",0,0,"INSUFFICIENT_SAMPLE",,,,,,,,
4,"00-0039686","11942","Colson Yankoff","TE","WAS",2026,3,"WAS",3,"rosters_weekly",0.257528596544636,0.267319338919087,0.148579714331708,"MEDIUM","NONE",3,55,"LOW",0.0219601674224941,0.024790236460717,0.00581149739442609,"MEDIUM","NONE",3,3,"LOW",0.000683722086652566,-0.00031823763740378,0.00547069150241377,"MEDIUM","NONE",3,3,"LOW",0.133571405837553,,0.134117461234102,"MEDIUM","NONE",0,0,"INSUFFICIENT_SAMPLE",0.26426478598809,0.333333333333333,0.0367926555797835,"MEDIUM","NONE",3,3,"LOW",,,,,,,,,,,,,,,,,0,0,0,"MEDIUM","NONE",3,0,"INSUFFICIENT_SAMPLE",,,,,,,,
4,"00-0039703","11644","Cody Schrader","RB","DEN",2025,1,"LAR",0,"rosters_weekly",0.00686487635336323,,0,"LOW","TEAM_CHANGE",0,0,"INSUFFICIENT_SAMPLE",0.00492480260132579,,0,"LOW","TEAM_CHANGE",0,0,"INSUFFICIENT_SAMPLE",0,,0,"LOW","TEAM_CHANGE",0,0,"INSUFFICIENT_SAMPLE",0.0217391304347826,,,"INSUFFICIENT_SAMPLE","NO_PRIOR_EVIDENCE_THIS_METRIC",0,0,"INSUFFICIENT_SAMPLE",,,,,,,,,0.0113270459830493,,0,"LOW","TEAM_CHANGE",0,0,"INSUFFICIENT_SAMPLE",0.0151027279773991,,0,"LOW","TEAM_CHANGE",0,0,"INSUFFICIENT_SAMPLE",0,,0,"LOW","TEAM_CHANGE",0,0,"INSUFFICIENT_SAMPLE",0,,0,"LOW","TEAM_CHANGE",0,0,"INSUFFICIENT_SAMPLE"
4,"00-0039710",,"Jeshaun Jones","WR","MIN",2025,18,"MIN",0,"rosters_weekly",0,,0,"LOW","NONE",0,0,"INSUFFICIENT_SAMPLE",0,,0,"LOW","NONE",0,0,"INSUFFICIENT_SAMPLE",0,,0,"LOW","NONE",0,0,"INSUFFICIENT_SAMPLE",,,,"INSUFFICIENT_SAMPLE","NO_PRIOR_EVIDENCE_THIS_METRIC",0,0,"INSUFFICIENT_SAMPLE",0,,0,"LOW","NONE",0,0,"INSUFFICIENT_SAMPLE",,,,,,,,,,,,,,,,,0,,0,"LOW","NONE",0,0,"INSUFFICIENT_SAMPLE",,,,,,,,
4,"00-0039732","11563","Bo Nix","QB","DEN",2026,3,"DEN",3,"rosters_weekly",1.02087549841412,1.02361581920904,1.02106369677237,"MEDIUM","NONE",3,180,"LOW",,,,,,,,,,,,,,,,,,,,,,,,,,,,,,,,,0.127442424935225,0.0991452991452992,0.160527380599114,"MEDIUM","NONE",3,7,"LOW",,,,,,,,,,,,,,,,,0.18817828034896,0.133333333333333,0.201404916003945,"MEDIUM","NONE",3,2,"LOW"
4,"00-0039737","11716","Tip Reiman","TE","ARI",2025,5,"ARI",0,"rosters_weekly",0.351018428348539,,0.337062929519787,"MEDIUM","NONE",0,0,"INSUFFICIENT_SAMPLE",0.0232116027569501,,0.0274181713202355,"MEDIUM","NONE",0,0,"INSUFFICIENT_SAMPLE",0.0266766269498734,,0.034213717821305,"MEDIUM","NONE",0,0,"INSUFFICIENT_SAMPLE",0.208621879040974,,0.203333723648989,"MEDIUM","NONE",0,0,"INSUFFICIENT_SAMPLE",0.0825765397172074,,0.0993738979321773,"MEDIUM","NONE",0,0,"INSUFFICIENT_SAMPLE",,,,,,,,,,,,,,,,,0,,0,"MEDIUM","NONE",0,0,"INSUFFICIENT_SAMPLE",,,,,,,,
4,"00-0039738","11586","Blake Corum","RB","LAR",2026,3,"LAR",3,"rosters_weekly",0.348634175000043,0.337903667214012,0.360293641616841,"MEDIUM","NONE",3,67,"LOW",0.0378442734101019,0.0319589335982779,0.0349809930342001,"MEDIUM","NONE",3,5,"LOW",-0.00122217538763393,-0.00669461179331643,0.0087905980874418,"MEDIUM","NONE",3,5,"LOW",0.316029063021785,,0.316186334985889,"MEDIUM","NONE",0,0,"INSUFFICIENT_SAMPLE",,,,,,,,,0.355682458105442,0.370413311862587,0.355532724594514,"MEDIUM","NONE",3,28,"LOW",0.383246129475838,0.39010989010989,0.395310391169941,"MEDIUM","NONE",3,28,"LOW",0.0266902436060121,0.0303030303030303,0.000179955930215312,"MEDIUM","NONE",3,1,"LOW",0.0734613026936142,0,0.207934030063278,"MEDIUM","NONE",3,0,"INSUFFICIENT_SAMPLE"
4,"00-0039739","11630","Roman Wilson","WR","PIT",2026,3,"PIT",3,"rosters_weekly",0.481717067061957,0.587241571987335,0.32909410632183,"MEDIUM","NONE",3,116,"LOW",0.103841643860311,0.134651569302025,0.0412959134831145,"MEDIUM","NONE",3,18,"LOW",0.191580877996422,0.220569884798537,0.145740802828024,"MEDIUM","NONE",3,18,"LOW",0.296740125894467,,0.297617626556753,"MEDIUM","NONE",0,0,"INSUFFICIENT_SAMPLE",0.234574315598138,0.299707602339181,0.109459849897436,"MEDIUM","NONE",3,18,"LOW",,,,,,,,,,,,,,,,,0.00611884313468215,0,0.0174517144577815,"MEDIUM","NONE",3,0,"INSUFFICIENT_SAMPLE",,,,,,,,
4,"00-0039746","11577","Will Shipley","RB","PHI",2026,3,"PHI",3,"rosters_weekly",0.261523093705985,0.32061238000662,0.145830545374675,"MEDIUM","NONE",3,62,"LOW",0.041340794015505,0.0455098177396399,0.0273732477083269,"MEDIUM","NONE",3,5,"LOW",0.0231514973969532,0.0303942652329749,0.000986064890910861,"MEDIUM","NONE",3,5,"LOW",0.159553513332755,,0.15940181439141,"MEDIUM","NONE",0,0,"INSUFFICIENT_SAMPLE",,,,,,,,,0.0689025890041354,0.105794790005316,0.0269112186231579,"MEDIUM","NONE",3,9,"LOW",0.0867958065921315,0.134259259259259,0.0284316223763045,"MEDIUM","NONE",3,9,"LOW",0.00922446998555917,0,0.0260921929053918,"MEDIUM","NONE",3,0,"INSUFFICIENT_SAMPLE",0.103628095497676,0.166666666666667,0,"MEDIUM","NONE",3,4,"LOW"
4,"00-0039751","11623","Jordan Whittington","WR","LAR",2026,3,"LAR",2,"rosters_weekly",0.271371515286694,0.333333333333333,0.223709886868735,"MEDIUM","NONE",2,46,"LOW",0.0145279287678464,0.0151515151515152,0.0164944262557469,"MEDIUM","NONE",2,1,"LOW",0.0116073447757509,0.0156862745098039,0.0102049168944858,"MEDIUM","NONE",2,1,"LOW",0.198031713147539,,0.197965890484471,"MEDIUM","NONE",0,0,"INSUFFICIENT_SAMPLE",0.0288029252935277,0.0294117647058824,0.0332293285607993,"MEDIUM","NONE",2,1,"LOW",,,,,,,,,,,,,,,,,4.62858429219918e-05,0,7.36481552882428e-05,"MEDIUM","NONE",2,0,"INSUFFICIENT_SAMPLE",,,,,,,,
4,"00-0039792","11629","Devontez Walker","WR","BAL",2026,3,"BAL",2,"rosters_weekly",0.345080996506504,0.281935307017544,0.41596163602256,"MEDIUM","NONE",2,34,"LOW",0.0364342005172229,0.0434981684981685,0.030995466083434,"MEDIUM","NONE",2,3,"LOW",0.154858584360023,0.234341921825786,0.0676421237585458,"MEDIUM","NONE",2,3,"LOW",0.274829124316427,,0.282866137299788,"MEDIUM","NONE",0,0,"INSUFFICIENT_SAMPLE",0.0908621543530835,0.107954545454545,0.0774962700118209,"MEDIUM","NONE",2,3,"LOW",,,,,,,,,,,,,,,,,0.00130801062544244,0,0.00269947667109173,"MEDIUM","NONE",2,0,"INSUFFICIENT_SAMPLE",,,,,,,,
4,"00-0039793","11603","AJ Barner","TE","SEA",2026,3,"SEA",3,"rosters_weekly",0.864732703065118,0.8694689816225,0.851423492571563,"MEDIUM","NONE",3,161,"LOW",0.100589105570871,0.095303776683087,0.0856134200197009,"MEDIUM","NONE",3,12,"LOW",0.0376012564245156,0.0210771809586939,0.0598542072782233,"MEDIUM","NONE",3,12,"LOW",0.758628545652434,,0.759106811153061,"MEDIUM","NONE",0,0,"INSUFFICIENT_SAMPLE",0.747910135749292,0.717171717171717,0.828856733533778,"MEDIUM","NONE",3,12,"LOW",,,,,,,,,,,,,,,,,0.169415609341001,0.133333333333333,0.147797663687116,"MEDIUM","NONE",3,4,"LOW",,,,,,,,
4,"00-0039794","11576","Braelon Allen","RB","NYJ",2026,3,"NYJ",3,"rosters_weekly",0.356287719539854,0.4173650027674,0.212525803077114,"MEDIUM","NONE",3,84,"LOW",0.0352795933153118,0.0391156462585034,0.0173444738958299,"MEDIUM","NONE",3,5,"LOW",0.00194897824742083,-0.00122341426689253,0.0137213602442433,"MEDIUM","NONE",3,5,"LOW",0.138084844753403,,0.115399403717551,"MEDIUM","NONE",0,0,"INSUFFICIENT_SAMPLE",,,,,,,,,0.228514014690918,0.240468409586057,0.215221217151761,"MEDIUM","NONE",3,19,"LOW",0.251383671302168,0.261963118580766,0.25190401719105,"MEDIUM","NONE",3,19,"LOW",0.172161827570679,0.263888888888889,0.104536292660745,"MEDIUM","NONE",3,3,"LOW",0.348384555692613,0.3,0.406700337559222,"MEDIUM","NONE",3,3,"LOW"
4,"00-0039796","11570","Rasheen Ali","RB","BAL",2026,3,"BAL",3,"rosters_weekly",0.0743158332290916,0,0.210880472300985,"MEDIUM","NONE",3,0,"INSUFFICIENT_SAMPLE",0.0197546929715929,0,0.0560857419959377,"MEDIUM","NONE",3,0,"INSUFFICIENT_SAMPLE",0.00101599502828365,0,0.00291736975392742,"MEDIUM","NONE",3,0,"INSUFFICIENT_SAMPLE",0.322231610893249,,0.328257036445645,"MEDIUM","NONE",0,0,"INSUFFICIENT_SAMPLE",,,,,,,,,0.0086811981497055,0,0.0244745013593706,"MEDIUM","NONE",3,0,"INSUFFICIENT_SAMPLE",0.0100171418117949,0,0.028231813329893,"MEDIUM","NONE",3,0,"INSUFFICIENT_SAMPLE",0.00431683243639115,0,0.0123402256364286,"MEDIUM","NONE",3,0,"INSUFFICIENT_SAMPLE",0.0057785771734099,0,0.0159969992217581,"MEDIUM","NONE",3,0,"INSUFFICIENT_SAMPLE"
4,"00-0039798","11571","Isaiah Davis","RB","NYJ",2026,3,"NYJ",3,"rosters_weekly",0.0911177913291453,0,0.257961495732097,"MEDIUM","NONE",3,0,"INSUFFICIENT_SAMPLE",0.0140624505466073,0,0.0398464298476547,"MEDIUM","NONE",3,0,"INSUFFICIENT_SAMPLE",-0.00795401607450443,0,-0.022576694525761,"MEDIUM","NONE",3,0,"INSUFFICIENT_SAMPLE",0.252925776463636,,0.253226022686789,"MEDIUM","NONE",0,0,"INSUFFICIENT_SAMPLE",,,,,,,,,0.0509774054906234,0,0.144097448315509,"MEDIUM","NONE",3,0,"INSUFFICIENT_SAMPLE",0.0578666163467703,0,0.163597411161421,"MEDIUM","NONE",3,0,"INSUFFICIENT_SAMPLE",0.0010329090641004,0,0.00282732518914947,"MEDIUM","NONE",3,0,"INSUFFICIENT_SAMPLE",0.0948532176973072,0,0.269282676375195,"MEDIUM","NONE",3,0,"INSUFFICIENT_SAMPLE"
4,"00-0039811","11581","MarShawn Lloyd","RB","GB",2026,3,"GB",3,"rosters_weekly",0.269511108334226,0.313211879512976,,"INSUFFICIENT_SAMPLE","ROOKIE_OR_NO_PRIOR_SEASON",3,61,"LOW",0.0469664872682371,0.0426473793178599,,"INSUFFICIENT_SAMPLE","ROOKIE_OR_NO_PRIOR_SEASON",3,6,"LOW",-0.0167657110568755,-0.00358374416654445,,"INSUFFICIENT_SAMPLE","ROOKIE_OR_NO_PRIOR_SEASON",3,6,"LOW",0.157894736842105,,,"INSUFFICIENT_SAMPLE","ROOKIE_OR_NO_PRIOR_SEASON",0,0,"INSUFFICIENT_SAMPLE",,,,,,,,,0.366733384325907,0.425541125541126,,"INSUFFICIENT_SAMPLE","ROOKIE_OR_NO_PRIOR_SEASON",3,23,"LOW",0.433495746087051,0.494444444444444,,"INSUFFICIENT_SAMPLE","ROOKIE_OR_NO_PRIOR_SEASON",3,23,"LOW",0.096930185996797,0.130952380952381,,"INSUFFICIENT_SAMPLE","ROOKIE_OR_NO_PRIOR_SEASON",3,2,"LOW",0.547659132014947,0.555555555555556,,"INSUFFICIENT_SAMPLE","ROOKIE_OR_NO_PRIOR_SEASON",3,6,"LOW"
4,"00-0039814","11592","Erick All","TE","CIN",2026,3,"CIN",3,"rosters_weekly",0.333851403422775,0.317238482269704,,"INSUFFICIENT_SAMPLE","ROOKIE_OR_NO_PRIOR_SEASON",3,57,"LOW",0.0365706764197599,0.0277777777777778,,"INSUFFICIENT_SAMPLE","ROOKIE_OR_NO_PRIOR_SEASON",3,3,"LOW",0.0150622878060689,-0.00192678227360308,,"INSUFFICIENT_SAMPLE","ROOKIE_OR_NO_PRIOR_SEASON",3,3,"LOW",0.326808742651114,,,"INSUFFICIENT_SAMPLE","ROOKIE_OR_NO_PRIOR_SEASON",0,0,"INSUFFICIENT_SAMPLE",0.323356078127002,0.333333333333333,,"INSUFFICIENT_SAMPLE","ROOKIE_OR_NO_PRIOR_SEASON",3,3,"LOW",,,,,,,,,,,,,,,,,0.0148771158762389,0,,"INSUFFICIENT_SAMPLE","ROOKIE_OR_NO_PRIOR_SEASON",3,0,"INSUFFICIENT_SAMPLE",,,,,,,,
4,"00-0039816","11762","Anthony Gould","WR","IND",2026,3,"IND",2,"rosters_weekly",0.0404485770746822,0,0.0823725961449466,"MEDIUM","NONE",2,0,"INSUFFICIENT_SAMPLE",0.00422840418987641,0,0.00859106201752174,"MEDIUM","NONE",2,0,"INSUFFICIENT_SAMPLE",-0.00277087590727058,0,-0.00578444208636266,"MEDIUM","NONE",2,0,"INSUFFICIENT_SAMPLE",0.134866340569816,,0.153960838438194,"MEDIUM","NONE",0,0,"INSUFFICIENT_SAMPLE",0.00734580483383539,0,0.0149232154206462,"MEDIUM","NONE",2,0,"INSUFFICIENT_SAMPLE",,,,,,,,,,,,,,,,,0,0,0,"MEDIUM","NONE",2,0,"INSUFFICIENT_SAMPLE",,,,,,,,
4,"00-0039824","11595","Jared Wiley","TE","KC",2025,18,"KC",0,"rosters_weekly",0.131251504468275,,0.11669589704191,"MEDIUM","NONE",0,0,"INSUFFICIENT_SAMPLE",0.00186838044567923,,0.00193363205671859,"MEDIUM","NONE",0,0,"INSUFFICIENT_SAMPLE",-0.000882136678559035,,-0.00148245124348426,"MEDIUM","NONE",0,0,"INSUFFICIENT_SAMPLE",0.0778583787581229,,0.073912302305253,"MEDIUM","NONE",0,0,"INSUFFICIENT_SAMPLE",0.0129510606958329,,0.0127067249441508,"MEDIUM","NONE",0,0,"INSUFFICIENT_SAMPLE",,,,,,,,,,,,,,,,,0,,0,"MEDIUM","NONE",0,0,"INSUFFICIENT_SAMPLE",,,,,,,,
4,"00-0039847","11597","Theo Johnson","TE","NYG",2026,3,"NYG",3,"rosters_weekly",0.498013479863925,0.311771242805726,0.901764424545632,"MEDIUM","NONE",3,59,"LOW",0.0720727124578957,0.0481962481962482,0.124402861932472,"MEDIUM","NONE",3,5,"LOW",0.102163797855412,0.0564845292955892,0.191371335519572,"MEDIUM","NONE",3,5,"LOW",0.749685636970313,,0.7499927037673,"MEDIUM","NONE",0,0,"INSUFFICIENT_SAMPLE",0.366138321468917,0.132275132275132,0.821773723884174,"MEDIUM","NONE",3,5,"LOW",,,,,,,,,,,,,,,,,0.0596398132040734,0,0.16960675340373,"MEDIUM","NONE",3,0,"INSUFFICIENT_SAMPLE",,,,,,,,
4,"00-0039849","11628","Marvin Harrison Jr.","WR","ARI",2026,3,"ARI",3,"rosters_weekly",0.705507378630164,0.78255991285403,0.565977639572742,"MEDIUM","NONE",3,163,"LOW",0.0823354155682661,0.063375350140056,0.111222979686838,"MEDIUM","NONE",3,9,"LOW",0.212018510274891,0.181621336085583,0.256349957257064,"MEDIUM","NONE",3,9,"LOW",0.523255129125731,,0.519222160413135,"MEDIUM","NONE",0,0,"INSUFFICIENT_SAMPLE",0.217270644099934,0.14996114996115,0.330585817142802,"MEDIUM","NONE",3,9,"LOW",,,,,,,,,,,,,,,,,0.0222351175224868,0,0.0605144925320703,"MEDIUM","NONE",3,0,"INSUFFICIENT_SAMPLE",,,,,,,,
4,"00-0039851","11564","Drake Maye","QB","NE",2026,3,"NE",3,"rosters_weekly",0.952460855972405,0.949086552860138,1.00145938843297,"MEDIUM","NONE",3,177,"LOW",,,,,,,,,,,,,,,,,,,,,,,,,,,,,,,,,0.0502079814767166,0.0413311862587225,0.0546409447403453,"MEDIUM","NONE",3,3,"LOW",,,,,,,,,,,,,,,,,0.212904095063777,0.333333333333333,0.163233112648878,"MEDIUM","NONE",1,1,"LOW"
4,"00-0039855","11618","Jalen McMillan","WR","TB",2026,3,"TB",2,"rosters_weekly",0.331971778760079,0.0683389074693422,0.529328733275636,"MEDIUM","NONE",2,9,"LOW",0.0547526603151781,0.01,0.0831165578901042,"MEDIUM","NONE",2,1,"LOW",0.10131834064849,0.0190355329949239,0.143586402712353,"MEDIUM","NONE",2,1,"LOW",0.513493036681761,,0.440229692954422,"MEDIUM","NONE",0,0,"INSUFFICIENT_SAMPLE",0.114720035872552,0.0263157894736842,0.166742723323328,"MEDIUM","NONE",2,1,"LOW",,,,,,,,,,,,,,,,,0.0159443524904192,0,0.0138071187457698,"MEDIUM","NONE",2,0,"INSUFFICIENT_SAMPLE",,,,,,,,
4,"00-0039868","11627","Troy Franklin","WR","DEN",2026,3,"DEN",3,"rosters_weekly",0.28874477415405,0.246481153554263,0.398435198973587,"MEDIUM","NONE",3,42,"LOW",0.0475970294721296,0.0378559110266427,0.0670527315462668,"MEDIUM","NONE",3,4,"LOW",0.140384364687118,0.167778031113528,0.149551967040279,"MEDIUM","NONE",3,4,"LOW",0.423357498360001,,0.423437595044482,"MEDIUM","NONE",0,0,"INSUFFICIENT_SAMPLE",0.0937620085006438,0.0768031189083821,0.128855970799519,"MEDIUM","NONE",3,4,"LOW",,,,,,,,,,,,,,,,,0.0756615745165525,0.0666666666666667,0.0969326576454529,"MEDIUM","NONE",3,1,"LOW",,,,,,,,
4,"00-0039874","11643","Jaylen Wright","RB","MIA",2026,2,"MIA",2,"rosters_weekly",0.169069234623238,0.0613636363636364,0.284235549196044,"MEDIUM","NONE",2,7,"LOW",0.0207070346475685,0,0.04247669103577,"MEDIUM","NONE",2,0,"INSUFFICIENT_SAMPLE",-0.015759718295271,0,-0.0324628967736418,"MEDIUM","NONE",2,0,"INSUFFICIENT_SAMPLE",0.178489298930921,,0.183429880034236,"MEDIUM","NONE",0,0,"INSUFFICIENT_SAMPLE",,,,,,,,,0.188375647060678,0.067816091954023,0.314098413885653,"MEDIUM","NONE",2,3,"LOW",0.214270704148874,0.0816666666666667,0.353219256823451,"MEDIUM","NONE",2,3,"LOW",0.000208046148256523,0,0,"MEDIUM","NONE",2,0,"INSUFFICIENT_SAMPLE",0.244908992728136,0.125,0.358672608665518,"MEDIUM","NONE",2,2,"LOW"
4,"00-0039875","11575","Ray Davis","RB","BUF",2026,3,"BUF",3,"rosters_weekly",0.174813905520212,0.102351287210442,0.31140882448162,"MEDIUM","NONE",3,20,"LOW",0.0132120159197946,0,0.0373981754186768,"MEDIUM","NONE",3,0,"INSUFFICIENT_SAMPLE",-0.00302751265901189,0,-0.00856872902560498,"MEDIUM","NONE",3,0,"INSUFFICIENT_SAMPLE",0.330837112275022,,0.331099398398542,"MEDIUM","NONE",0,0,"INSUFFICIENT_SAMPLE",,,,,,,,,0.0426165116743119,0.0175438596491228,0.0986801605975733,"MEDIUM","NONE",3,1,"LOW",0.0463786600591028,0.0222222222222222,0.103463034763804,"MEDIUM","NONE",3,1,"LOW",0.0107051441309408,0,0.0301801759247654,"MEDIUM","NONE",3,0,"INSUFFICIENT_SAMPLE",0.014782521898508,0,0.0417877528583004,"MEDIUM","NONE",3,0,"INSUFFICIENT_SAMPLE"
4,"00-0039880","11610","Malik Washington","WR","MIA",2026,3,"MIA",3,"rosters_weekly",0.765155788859506,0.859893455098935,0.615112657261387,"MEDIUM","NONE",3,161,"LOW",0.162954368248999,0.191352093342485,0.107341459902768,"MEDIUM","NONE",3,23,"LOW",0.224670211733298,0.29472944136958,0.122682607651271,"MEDIUM","NONE",3,23,"LOW",0.599808257849184,,0.599887521593128,"MEDIUM","NONE",0,0,"INSUFFICIENT_SAMPLE",0.386689587896382,0.445906432748538,0.281355991060128,"MEDIUM","NONE",3,23,"LOW",,,,,,,,,,,,,,,,,0.13958265009883,0.0833333333333333,0.188389735281178,"MEDIUM","NONE",3,1,"LOW",,,,,,,,
4,"00-0039890","11625","Adonai Mitchell","WR","NYJ",2026,2,"NYJ",2,"rosters_weekly",0.74025503285184,0.777183219178082,0.69461465950806,"MEDIUM","NONE",2,107,"LOW",0.178162429438793,0.176020408163265,0.168889627598496,"MEDIUM","NONE",2,15,"LOW",0.518673554768103,0.52737389422172,0.481104683933068,"MEDIUM","NONE",2,15,"LOW",0.605181574638906,,0.606382869537806,"MEDIUM","NONE",0,0,"INSUFFICIENT_SAMPLE",0.348306617297269,0.355384615384615,0.320663670887563,"MEDIUM","NONE",2,15,"LOW",,,,,,,,,,,,,,,,,0.117834621761709,0.0833333333333333,0.138251610110149,"MEDIUM","NONE",2,1,"LOW",,,,,,,,
4,"00-0039893","11631","Brian Thomas Jr.","WR","JAX",2026,3,"JAX",3,"rosters_weekly",0.538521608354586,0.426917628010524,0.744240751411066,"MEDIUM","NONE",3,75,"LOW",0.113062663751861,0.124490740740741,0.113037609843833,"MEDIUM","NONE",3,12,"LOW",0.165658587330577,0.158521194282784,0.213997727105726,"MEDIUM","NONE",3,12,"LOW",0.721368182542824,,0.720695998337765,"MEDIUM","NONE",0,0,"INSUFFICIENT_SAMPLE",0.201870167806336,0.219246031746032,0.205188265429312,"MEDIUM","NONE",3,12,"LOW",,,,,,,,,,,,,,,,,0.0185013871175417,0,0.0504486280667255,"MEDIUM","NONE",3,0,"INSUFFICIENT_SAMPLE",,,,,,,,
4,"00-0039894","11624","Xavier Worthy","WR","KC",2026,3,"KC",3,"rosters_weekly",0.817446356548781,0.830817793317793,0.789324355342395,"MEDIUM","NONE",3,165,"LOW",0.113882373258306,0.127504848093083,0.110588038141581,"MEDIUM","NONE",3,15,"LOW",0.208558292020902,0.183068857008103,0.303267234913651,"MEDIUM","NONE",3,15,"LOW",0.637222184212615,,0.637334823575066,"MEDIUM","NONE",0,0,"INSUFFICIENT_SAMPLE",0.307662862088303,0.370426065162907,0.28685603166169,"MEDIUM","NONE",3,15,"LOW",,,,,,,,,,,,,,,,,0.0815379318143381,0.138528138528139,0.00997870395035487,"MEDIUM","NONE",3,4,"LOW",,,,,,,,
4,"00-0039901","11637","Keon Coleman","WR","BUF",2026,3,"BUF",3,"rosters_weekly",0.571594543592557,0.594937574162926,0.539808198751341,"MEDIUM","NONE",3,116,"LOW",0.0820297599780777,0.0858390858390858,0.0755131493416633,"MEDIUM","NONE",3,10,"LOW",0.164504690688219,0.15051376288062,0.144510879483618,"MEDIUM","NONE",3,10,"LOW",0.483990723608078,,0.483588504521397,"MEDIUM","NONE",0,0,"INSUFFICIENT_SAMPLE",0.198702216052917,0.214814814814815,0.170989817902818,"MEDIUM","NONE",3,10,"LOW",,,,,,,,,,,,,,,,,0.0889194900450873,0.0925925925925926,0.117049362372421,"MEDIUM","NONE",3,2,"LOW",,,,,,,,
4,"00-0039907","11619","Ja'Lynn Polk","WR","NO",2024,17,"NE",0,"rosters_weekly",0.266068857981773,,,"INSUFFICIENT_SAMPLE","ROOKIE_OR_NO_PRIOR_SEASON",0,0,"INSUFFICIENT_SAMPLE",0.0256399120784286,,,"INSUFFICIENT_SAMPLE","ROOKIE_OR_NO_PRIOR_SEASON",0,0,"INSUFFICIENT_SAMPLE",0.0622977800767891,,,"INSUFFICIENT_SAMPLE","ROOKIE_OR_NO_PRIOR_SEASON",0,0,"INSUFFICIENT_SAMPLE",0.185932220723964,,,"INSUFFICIENT_SAMPLE","ROOKIE_OR_NO_PRIOR_SEASON",0,0,"INSUFFICIENT_SAMPLE",0.066073106021816,,,"INSUFFICIENT_SAMPLE","ROOKIE_OR_NO_PRIOR_SEASON",0,0,"INSUFFICIENT_SAMPLE",,,,,,,,,,,,,,,,,0.0899522097637491,,,"INSUFFICIENT_SAMPLE","ROOKIE_OR_NO_PRIOR_SEASON",0,0,"INSUFFICIENT_SAMPLE",,,,,,,,
4,"00-0039910","11566","Jayden Daniels","QB","WAS",2026,2,"WAS",2,"rosters_weekly",0.796417341004197,0.774647887323944,0.848828294432965,"MEDIUM","NONE",2,109,"LOW",,,,,,,,,,,,,,,,,,,,,,,,,,,,,,,,,0.0655089367862029,0.0544827586206897,0.0699759169628703,"MEDIUM","NONE",2,3,"LOW",,,,,,,,,,,,,,,,,0.212270995619277,0.267857142857143,0.124944930311777,"MEDIUM","NONE",2,3,"LOW"
4,"00-0039912","11596","Ben Sinnott","TE","WAS",2026,3,"WAS",3,"rosters_weekly",0.51234283581469,0.480220627246063,0.527906796709709,"MEDIUM","NONE",3,100,"LOW",0.0359043903414548,0.0160183066361556,0.06725381781291,"MEDIUM","NONE",3,2,"LOW",0.0423740542204202,0.01312262257765,0.0902404720822118,"MEDIUM","NONE",3,2,"LOW",0.369871922641068,,0.37160159832471,"MEDIUM","NONE",0,0,"INSUFFICIENT_SAMPLE",0.363634602686357,0.25,0.530458019042168,"MEDIUM","NONE",3,2,"LOW",,,,,,,,,,,,,,,,,0.00261617641464313,0,0.00743775895819499,"MEDIUM","NONE",3,0,"INSUFFICIENT_SAMPLE",,,,,,,,
4,"00-0039915","11635","Ladd McConkey","WR","LAC",2026,3,"LAC",3,"rosters_weekly",0.718066662354632,0.612551209695921,0.824305624361481,"MEDIUM","NONE",3,119,"LOW",0.118626817776155,0.128923364217482,0.110473344681103,"MEDIUM","NONE",3,15,"LOW",0.230516994257766,0.24846801249765,0.211952564439758,"MEDIUM","NONE",3,15,"LOW",0.694684022680894,,0.694406696739682,"MEDIUM","NONE",0,0,"INSUFFICIENT_SAMPLE",0.250555668127591,0.271052631578947,0.228023987267938,"MEDIUM","NONE",3,15,"LOW",,,,,,,,,,,,,,,,,0.0714900592943902,0.0952380952380952,0.083772014739432,"MEDIUM","NONE",3,2,"LOW",,,,,,,,
4,"00-0039916","11638","Ricky Pearsall","WR","SF",2025,20,"SF",0,"rosters_weekly",0.744112698528357,,0.743923707779237,"MEDIUM","NONE",0,0,"INSUFFICIENT_SAMPLE",0.121624965118918,,0.12120340157701,"MEDIUM","NONE",0,0,"INSUFFICIENT_SAMPLE",0.226853013219058,,0.227001881104612,"MEDIUM","NONE",0,0,"INSUFFICIENT_SAMPLE",0.669063768636335,,0.668927551287212,"MEDIUM","NONE",0,0,"INSUFFICIENT_SAMPLE",0.33742060092656,,0.339393273213934,"MEDIUM","NONE",0,0,"INSUFFICIENT_SAMPLE",,,,,,,,,,,,,,,,,0.033601713697142,,0.0287283656489342,"MEDIUM","NONE",0,0,"INSUFFICIENT_SAMPLE",,,,,,,,
4,"00-0039917","11559","Michael Penix Jr.","QB","ATL",2026,3,"ATL",1,"rosters_weekly",0.924642616814362,1.02898550724638,0.88311861583475,"MEDIUM","NONE",1,71,"MEDIUM",,,,,,,,,,,,,,,,,,,,,,,,,,,,,,,,,0.000838156549266292,0,0.000798010156914838,"MEDIUM","NONE",1,0,"INSUFFICIENT_SAMPLE",,,,,,,,,,,,,,,,,0.00115312290871438,0,0,"MEDIUM","NONE",1,0,"INSUFFICIENT_SAMPLE"
4,"00-0039918","11560","Caleb Williams","QB","CHI",2026,2,"CHI",2,"rosters_weekly",0.965721913365307,0.938356164383562,1.00367112784308,"MEDIUM","NONE",2,139,"LOW",,,,,,,,,,,,,,,,,,,,,,,,,,,,,,,,,0.0566613975425809,0.0773399014778325,0.0373731050274987,"MEDIUM","NONE",2,5,"LOW",,,,,,,,,,,,,,,,,0.119480970012293,0.2,0.0389996366283584,"MEDIUM","NONE",2,3,"LOW"
4,"00-0039919","11620","Rome Odunze","WR","CHI",2026,3,"CHI",3,"rosters_weekly",0.779674505796213,0.733581213307241,0.786336809476367,"MEDIUM","NONE",3,159,"LOW",0.129017586568918,0.107934609250399,0.150074734299371,"MEDIUM","NONE",3,13,"LOW",0.311708458817889,0.314824300818353,0.275830728111968,"MEDIUM","NONE",3,13,"LOW",0.732324922552404,,0.732614749480468,"MEDIUM","NONE",0,0,"INSUFFICIENT_SAMPLE",0.256801236491081,0.218888888888889,0.312872181559254,"MEDIUM","NONE",3,13,"LOW",,,,,,,,,,,,,,,,,0.100634998559873,0.0666666666666667,0.118830143027646,"MEDIUM","NONE",3,2,"LOW",,,,,,,,
4,"00-0039920","11617","Malachi Corley","WR","CLE",2026,3,"CLE",3,"rosters_weekly",0.128002351411419,0.00490196078431373,0.351444076410803,"MEDIUM","NONE",3,1,"LOW",0.0171732858144833,0,0.04889021464091,"MEDIUM","NONE",3,0,"INSUFFICIENT_SAMPLE",-0.00158493739248382,0,-0.00494549488045978,"MEDIUM","NONE",3,0,"INSUFFICIENT_SAMPLE",0.194677886426365,,0.193808045022532,"MEDIUM","NONE",0,0,"INSUFFICIENT_SAMPLE",0.0548117706603775,0,0.156325421445783,"MEDIUM","NONE",3,0,"INSUFFICIENT_SAMPLE",,,,,,,,,,,,,,,,,0.0522876081099468,0,0.151170693581137,"MEDIUM","NONE",3,0,"INSUFFICIENT_SAMPLE",,,,,,,,
4,"00-0039921","11589","Trey Benson","RB","ARI",2025,4,"ARI",0,"rosters_weekly",0.42891459283028,,0.515828588776593,"MEDIUM","NONE",0,0,"INSUFFICIENT_SAMPLE",0.0790232108185681,,0.100925991828329,"MEDIUM","NONE",0,0,"INSUFFICIENT_SAMPLE",-0.0284699395198479,,-0.0343528320896223,"MEDIUM","NONE",0,0,"INSUFFICIENT_SAMPLE",0.342686874078561,,0.420362230364514,"MEDIUM","NONE",0,0,"INSUFFICIENT_SAMPLE",,,,,,,,,0.360468195187364,,0.424251692911672,"MEDIUM","NONE",0,0,"INSUFFICIENT_SAMPLE",0.432571370373826,,0.512584399120529,"MEDIUM","NONE",0,0,"INSUFFICIENT_SAMPLE",0.0419577814949633,,0.0557891845358957,"MEDIUM","NONE",0,0,"INSUFFICIENT_SAMPLE",0.147193717641199,,0.193299662440778,"MEDIUM","NONE",0,0,"INSUFFICIENT_SAMPLE"
4,"00-0039923","11565","J.J. McCarthy","QB","NYG",2025,18,"MIN",0,"rosters_weekly",0.8076314757442,,0.8076314757442,"LOW","TEAM_CHANGE",0,0,"INSUFFICIENT_SAMPLE",,,,,,,,,,,,,,,,,,,,,,,,,,,,,,,,,0.0292576221817045,,0.0292576221817045,"LOW","TEAM_CHANGE",0,0,"INSUFFICIENT_SAMPLE",,,,,,,,,,,,,,,,,0.0430925484734013,,0.0430925484734013,"LOW","TEAM_CHANGE",0,0,"INSUFFICIENT_SAMPLE"
4,"00-0040009","12482","Savion Williams","WR","GB",2025,16,"GB",0,"rosters_weekly",0.0968870102338245,,0.0968870102338245,"MEDIUM","NONE",0,0,"INSUFFICIENT_SAMPLE",0.0162309241190053,,0.0162309241190053,"MEDIUM","NONE",0,0,"INSUFFICIENT_SAMPLE",0.0138410595978264,,0.0138410595978264,"MEDIUM","NONE",0,0,"INSUFFICIENT_SAMPLE",0.0789345446478499,,0.0789345446478499,"MEDIUM","NONE",0,0,"INSUFFICIENT_SAMPLE",0.0328848285067657,,0.0328848285067657,"MEDIUM","NONE",0,0,"INSUFFICIENT_SAMPLE",,,,,,,,,,,,,,,,,0.0200002290536909,,0.0200002290536909,"MEDIUM","NONE",0,0,"INSUFFICIENT_SAMPLE",,,,,,,,
4,"00-0040021","12738","Phil Mafah","RB","NYG",2025,18,"DAL",0,"rosters_weekly",0.185185185185185,,0.185185185185185,"LOW","TEAM_CHANGE",0,0,"INSUFFICIENT_SAMPLE",0.0740740740740741,,0.0740740740740741,"LOW","TEAM_CHANGE",0,0,"INSUFFICIENT_SAMPLE",-0.0617977528089888,,-0.0617977528089888,"LOW","TEAM_CHANGE",0,0,"INSUFFICIENT_SAMPLE",0.111111111111111,,0.111111111111111,"LOW","TEAM_CHANGE",0,0,"INSUFFICIENT_SAMPLE",,,,,,,,,0.185185185185185,,0.185185185185185,"LOW","TEAM_CHANGE",0,0,"INSUFFICIENT_SAMPLE",0.217391304347826,,0.217391304347826,"LOW","TEAM_CHANGE",0,0,"INSUFFICIENT_SAMPLE",0,,0,"LOW","TEAM_CHANGE",0,0,"INSUFFICIENT_SAMPLE",0.142857142857143,,0.142857142857143,"LOW","TEAM_CHANGE",0,0,"INSUFFICIENT_SAMPLE"
4,"00-0040024","13150","Darius Cooper","WR","PHI",2026,3,"PHI",3,"rosters_weekly",0.273458063851612,0.21961271102284,0.390062457943562,"MEDIUM","NONE",3,44,"LOW",0.029937883819881,0.0232558139534884,0.0439175173105129,"MEDIUM","NONE",3,3,"LOW",0.0397431160600958,0.0285388127853881,0.0624348381380841,"MEDIUM","NONE",3,3,"LOW",0.249575047135451,,0.249575047135451,"MEDIUM","NONE",0,0,"INSUFFICIENT_SAMPLE",0.0635936225921739,0.0434782608695652,0.103776932562734,"MEDIUM","NONE",3,3,"LOW",,,,,,,,,,,,,,,,,0.052064312707365,0.0833333333333333,0,"MEDIUM","NONE",3,1,"LOW",,,,,,,,
4,"00-0040039","12928","Amar Johnson","RB","LAC",2025,11,"LAC",0,"rosters_weekly",0.0488155364689087,,0.0488155364689087,"LOW","NONE",0,0,"INSUFFICIENT_SAMPLE",0.0167367553607687,,0.0167367553607687,"LOW","NONE",0,0,"INSUFFICIENT_SAMPLE",-0.00636724388724897,,-0.00636724388724897,"LOW","NONE",0,0,"INSUFFICIENT_SAMPLE",0.0571428571428571,,0.0571428571428571,"LOW","NONE",0,0,"INSUFFICIENT_SAMPLE",,,,,,,,,0.0901209904041392,,0.0901209904041392,"LOW","NONE",0,0,"INSUFFICIENT_SAMPLE",0.117157287525381,,0.117157287525381,"LOW","NONE",0,0,"INSUFFICIENT_SAMPLE",0,,0,"LOW","NONE",0,0,"INSUFFICIENT_SAMPLE",0,,0,"LOW","NONE",0,0,"INSUFFICIENT_SAMPLE"
4,"00-0040058","13151","Nick Kallerup","TE","SEA",2026,3,"SEA",2,"rosters_weekly",0.1570468459624,0.187953091684435,0.140087986931319,"MEDIUM","NONE",2,26,"LOW",0.000436292861444537,0,0.000882444371584595,"MEDIUM","NONE",2,0,"INSUFFICIENT_SAMPLE",0.000409024557604254,0,0.000827291598360558,"MEDIUM","NONE",2,0,"INSUFFICIENT_SAMPLE",0.0886047630933953,,0.0886047630933953,"MEDIUM","NONE",0,0,"INSUFFICIENT_SAMPLE",0.00464909871132464,0,0.00944816834882105,"MEDIUM","NONE",2,0,"INSUFFICIENT_SAMPLE",,,,,,,,,,,,,,,,,0.00218146430722269,0,0.00441222185792297,"MEDIUM","NONE",2,0,"INSUFFICIENT_SAMPLE",,,,,,,,
4,"00-0040067","13047","Jacardia Wright","RB","SEA",2025,3,"SEA",0,"rosters_weekly",0.0892857142857143,,0.0892857142857143,"LOW","NONE",0,0,"INSUFFICIENT_SAMPLE",0,,0,"LOW","NONE",0,0,"INSUFFICIENT_SAMPLE",0,,0,"LOW","NONE",0,0,"INSUFFICIENT_SAMPLE",,,,"INSUFFICIENT_SAMPLE","NO_PRIOR_EVIDENCE_THIS_METRIC",0,0,"INSUFFICIENT_SAMPLE",,,,,,,,,0.142857142857143,,0.142857142857143,"LOW","NONE",0,0,"INSUFFICIENT_SAMPLE",0.161290322580645,,0.161290322580645,"LOW","NONE",0,0,"INSUFFICIENT_SAMPLE",0,,0,"LOW","NONE",0,0,"INSUFFICIENT_SAMPLE",0,,0,"LOW","NONE",0,0,"INSUFFICIENT_SAMPLE"
4,"00-0040075","12699","LaJohntay Wester","WR","BAL",2026,3,"BAL",3,"rosters_weekly",0.249951178377102,0.342744883040936,0.116185958336426,"MEDIUM","NONE",3,62,"LOW",0.0197931028636047,0.0379273504273504,0,"MEDIUM","NONE",3,4,"LOW",0.0124304070631536,0.0239644629052729,0,"MEDIUM","NONE",3,4,"LOW",0.114747664456408,,0.114747664456408,"MEDIUM","NONE",0,0,"INSUFFICIENT_SAMPLE",0.0468550487328075,0.0892857142857143,0,"MEDIUM","NONE",3,4,"LOW",,,,,,,,,,,,,,,,,0,0,0,"MEDIUM","NONE",3,0,"INSUFFICIENT_SAMPLE",,,,,,,,
4,"00-0040078","12455","Brashard Smith","RB","KC",2026,3,"KC",3,"rosters_weekly",0.110220461789499,0.0256410256410256,0.248407070573504,"MEDIUM","NONE",3,4,"LOW",0.0360123427281631,0.0119047619047619,0.072372034379658,"MEDIUM","NONE",3,1,"LOW",-0.0247235576682359,-0.0062111801242236,-0.0545747037755361,"MEDIUM","NONE",3,1,"LOW",0.214816663159246,,0.214816663159246,"MEDIUM","NONE",0,0,"INSUFFICIENT_SAMPLE",,,,,,,,,0.0651128443183058,0,0.184496689439464,"MEDIUM","NONE",3,0,"INSUFFICIENT_SAMPLE",0.0681907690005681,0,0.193217962794463,"MEDIUM","NONE",3,0,"INSUFFICIENT_SAMPLE",0.0516266072068218,0.0333333333333333,0.063211382430896,"MEDIUM","NONE",3,1,"LOW",0.00950797768606909,0,0.0269407737399497,"MEDIUM","NONE",3,0,"INSUFFICIENT_SAMPLE"
4,"00-0040081","12817","Jake Briningstool","TE","KC",2026,3,"KC",3,"rosters_weekly",0.136947525191911,0.145784770784771,,"INSUFFICIENT_SAMPLE","ROOKIE_OR_NO_PRIOR_SEASON",3,29,"LOW",0.0228444624868222,0.0217086834733894,,"INSUFFICIENT_SAMPLE","ROOKIE_OR_NO_PRIOR_SEASON",3,2,"LOW",0.0236982982319437,0.0224474229050888,,"INSUFFICIENT_SAMPLE","ROOKIE_OR_NO_PRIOR_SEASON",3,2,"LOW",,,,"INSUFFICIENT_SAMPLE","ROOKIE_OR_NO_PRIOR_SEASON",0,0,"INSUFFICIENT_SAMPLE",0.107876628409994,0.103174603174603,,"INSUFFICIENT_SAMPLE","ROOKIE_OR_NO_PRIOR_SEASON",3,2,"LOW",,,,,,,,,,,,,,,,,0,0,,"INSUFFICIENT_SAMPLE","ROOKIE_OR_NO_PRIOR_SEASON",3,0,"INSUFFICIENT_SAMPLE",,,,,,,,
4,"00-0040122","12527","Ashton Jeanty","RB","LV",2026,3,"LV",3,"rosters_weekly",0.847029995871616,0.8289592760181,0.860473100048496,"MEDIUM","NONE",3,160,"LOW",0.142926300016255,0.164214822645055,0.125221961530284,"MEDIUM","NONE",3,17,"LOW",0.0238850532909415,0.04477740104245,-0.00911321800814116,"MEDIUM","NONE",3,17,"LOW",0.700464904960622,,0.700464904960622,"MEDIUM","NONE",0,0,"INSUFFICIENT_SAMPLE",,,,,,,,,0.778565638430159,0.744915824915825,0.828343072602509,"MEDIUM","NONE",3,63,"LOW",0.844221213004884,0.791200716845878,0.93284447979687,"MEDIUM","NONE",3,63,"LOW",0.108234520532893,0.19047619047619,0.0394734516404159,"MEDIUM","NONE",3,5,"LOW",0.856525780771296,0.821428571428571,0.900118091059595,"MEDIUM","NONE",3,15,"LOW"
4,"00-0040124","12526","Tetairoa McMillan","WR","CAR",2026,3,"CAR",3,"rosters_weekly",0.885874387957705,0.866480114312932,0.891157111295982,"MEDIUM","NONE",3,182,"LOW",0.164116147392302,0.173355629877369,0.166054143049476,"MEDIUM","NONE",3,23,"LOW",0.326917462255473,0.282965570051431,0.459333534338223,"MEDIUM","NONE",3,23,"LOW",0.816111134568294,,0.816111134568294,"MEDIUM","NONE",0,0,"INSUFFICIENT_SAMPLE",0.338434728932738,0.354018445322793,0.348603756223941,"MEDIUM","NONE",3,23,"LOW",,,,,,,,,,,,,,,,,0.133648663233233,0.155555555555556,0.0731104353401742,"MEDIUM","NONE",3,5,"LOW",,,,,,,,
4,"00-0040126","12517","Colston Loveland","TE","CHI",2026,3,"CHI",3,"rosters_weekly",0.813037393486714,0.852554903239835,0.752370875588284,"MEDIUM","NONE",3,186,"LOW",0.134559684529737,0.074481658692185,0.23293087511406,"MEDIUM","NONE",3,9,"LOW",0.134010393365083,0.0604151567844425,0.28465325673605,"MEDIUM","NONE",3,9,"LOW",0.677296648559198,,0.677296648559198,"MEDIUM","NONE",0,0,"INSUFFICIENT_SAMPLE",0.594759575903674,0.498412698412698,0.713444418329795,"MEDIUM","NONE",3,9,"LOW",,,,,,,,,,,,,,,,,0.162559022194913,0.114285714285714,0.259380730356454,"MEDIUM","NONE",3,3,"LOW",,,,,,,,
4,"00-0040128","12518","Tyler Warren","TE","IND",2026,3,"IND",3,"rosters_weekly",0.896975193057764,0.920631863354868,0.848908204043141,"MEDIUM","NONE",3,175,"LOW",0.199273214441686,0.195586527293844,0.185204856387661,"MEDIUM","NONE",3,22,"LOW",0.07957244942633,0.0446083584100498,0.14230022023702,"MEDIUM","NONE",3,22,"LOW",0.802698119822442,,0.802698119822442,"MEDIUM","NONE",0,0,"INSUFFICIENT_SAMPLE",0.822757557653559,0.872474747474748,0.715958129106538,"MEDIUM","NONE",3,22,"LOW",,,,,,,,,,,,,,,,,0.193825996723598,0.244444444444444,0.175787118272414,"MEDIUM","NONE",3,3,"LOW",,,,,,,,
4,"00-0040129","12514","Emeka Egbuka","WR","TB",2026,3,"TB",3,"rosters_weekly",0.756383516921818,0.825222965440357,0.659678429142405,"MEDIUM","NONE",3,156,"LOW",0.145530876339724,0.150041741204532,0.130625559671655,"MEDIUM","NONE",3,20,"LOW",0.28705024134368,0.332174774275405,0.27285373262701,"MEDIUM","NONE",3,20,"LOW",0.569723008441539,,0.569723008441539,"MEDIUM","NONE",0,0,"INSUFFICIENT_SAMPLE",0.360972767552362,0.388471177944862,0.296720420913631,"MEDIUM","NONE",3,20,"LOW",,,,,,,,,,,,,,,,,0.0746443175918578,0.0606060606060606,0.104702412102758,"MEDIUM","NONE",3,2,"LOW",,,,,,,,
4,"00-0040130","12484","Jayden Higgins","WR","HOU",2025,20,"HOU",0,"rosters_weekly",0.679275316135532,,0.679275316135532,"MEDIUM","NONE",0,0,"INSUFFICIENT_SAMPLE",0.136761754882224,,0.136761754882224,"MEDIUM","NONE",0,0,"INSUFFICIENT_SAMPLE",0.232732850044646,,0.232732850044646,"MEDIUM","NONE",0,0,"INSUFFICIENT_SAMPLE",0.616118843605205,,0.616118843605205,"MEDIUM","NONE",0,0,"INSUFFICIENT_SAMPLE",0.245903067165341,,0.245903067165341,"MEDIUM","NONE",0,0,"INSUFFICIENT_SAMPLE",,,,,,,,,,,,,,,,,0.059312894218347,,0.059312894218347,"MEDIUM","NONE",0,0,"INSUFFICIENT_SAMPLE",,,,,,,,
4,"00-0040131","12547","Kyle Williams","WR","NE",2026,3,"NE",3,"rosters_weekly",0.284994160509518,0.241922534508237,0.325234746376403,"MEDIUM","NONE",3,45,"LOW",0.0497029813338943,0.0479885057471264,0.0380421093374648,"MEDIUM","NONE",3,5,"LOW",0.0984581187506099,0.0879185928515052,0.088445400196177,"MEDIUM","NONE",3,5,"LOW",0.262724420721323,,0.262724420721323,"MEDIUM","NONE",0,0,"INSUFFICIENT_SAMPLE",0.105869494163325,0.104084321475626,0.0848673093062124,"MEDIUM","NONE",3,5,"LOW",,,,,,,,,,,,,,,,,0,0,0,"MEDIUM","NONE",3,0,"INSUFFICIENT_SAMPLE",,,,,,,,
4,"00-0040134","12492","Pat Bryant","WR","DEN",2026,3,"DEN",3,"rosters_weekly",0.563871463723749,0.66546926385024,0.357563979190958,"MEDIUM","NONE",3,118,"LOW",0.0823830275141792,0.0916341111463063,0.0836421050647351,"MEDIUM","NONE",3,10,"LOW",0.136240463110225,0.131032849851799,0.176889911241995,"MEDIUM","NONE",3,10,"LOW",0.350870685655352,,0.350870685655352,"MEDIUM","NONE",0,0,"INSUFFICIENT_SAMPLE",0.184075803114807,0.20448343079922,0.191632468292087,"MEDIUM","NONE",3,10,"LOW",,,,,,,,,,,,,,,,,0.0677635270467662,0.0476190476190476,0.0733328490850872,"MEDIUM","NONE",3,2,"LOW",,,,,,,,
4,"00-0040138","12536","Jaylin Noel","WR","HOU",2026,3,"HOU",3,"rosters_weekly",0.298957166766377,0.39021722144085,0.14883592417141,"MEDIUM","NONE",3,86,"LOW",0.0524426200168018,0.0601325757575758,0.0350749746483205,"MEDIUM","NONE",3,9,"LOW",0.0671211390891508,0.0700891806446886,0.0689427934210548,"MEDIUM","NONE",3,9,"LOW",0.150106368532439,,0.150106368532439,"MEDIUM","NONE",0,0,"INSUFFICIENT_SAMPLE",0.113462037942046,0.14029304029304,0.0582858049447303,"MEDIUM","NONE",3,9,"LOW",,,,,,,,,,,,,,,,,0.00334808165139055,0,0.00948178484771337,"MEDIUM","NONE",3,0,"INSUFFICIENT_SAMPLE",,,,,,,,
4,"00-0040142","12504","Kaleb Johnson","RB","GB",2026,3,"GB",3,"rosters_weekly",0.188774726303227,0.21160760143811,0.0701241599460248,"LOW","TEAM_CHANGE",3,40,"LOW",0.0166989696201529,0.0178571428571429,0.00240511100732765,"LOW","TEAM_CHANGE",3,3,"LOW",-0.00203443355801516,-0.000850340136054422,-0.00369273446027608,"LOW","TEAM_CHANGE",3,3,"LOW",0.0483325740552434,,0.0483325740552434,"LOW","TEAM_CHANGE",0,0,"INSUFFICIENT_SAMPLE",,,,,,,,,0.237022693061455,0.26031746031746,0.111965798229865,"LOW","TEAM_CHANGE",3,12,"LOW",0.283768438131469,0.314814814814815,0.123032251518994,"LOW","TEAM_CHANGE",3,12,"LOW",0,0,0,"LOW","TEAM_CHANGE",3,0,"INSUFFICIENT_SAMPLE",0.0171220630705447,0,0.0494383929284017,"LOW","TEAM_CHANGE",3,0,"INSUFFICIENT_SAMPLE"
4,"00-0040154","12496","Tai Felton","WR","MIN",2026,3,"MIN",3,"rosters_weekly",0.19227254290378,0.196919992710042,0.0741435891033746,"MEDIUM","NONE",3,35,"LOW",0.0183823083495725,0.018018018018018,0.00718223885687893,"MEDIUM","NONE",3,2,"LOW",0.0114864089648985,0.0105820105820106,0.0061745247348432,"MEDIUM","NONE",3,2,"LOW",0.145911177113989,,0.145911177113989,"MEDIUM","NONE",0,0,"INSUFFICIENT_SAMPLE",0.0445741178662589,0.0444444444444444,0.0155374909598536,"MEDIUM","NONE",3,2,"LOW",,,,,,,,,,,,,,,,,0,0,0,"MEDIUM","NONE",2,0,"INSUFFICIENT_SAMPLE",,,,,,,,
4,"00-0040162","12469","Dylan Sampson","RB","CLE",2026,1,"CLE",1,"rosters_weekly",0.255600633437202,0,0.362062003897002,"MEDIUM","NONE",1,0,"INSUFFICIENT_SAMPLE",0.0610553956436012,0,0.0864858533336839,"MEDIUM","NONE",1,0,"INSUFFICIENT_SAMPLE",-0.0230185531272893,0,-0.0326061143120115,"MEDIUM","NONE",1,0,"INSUFFICIENT_SAMPLE",0.291320370653967,,0.291320370653967,"MEDIUM","NONE",0,0,"INSUFFICIENT_SAMPLE",,,,,,,,,0.214639585547756,0,0.304040085558456,"MEDIUM","NONE",1,0,"INSUFFICIENT_SAMPLE",0.259173872175537,0,0.367123548387744,"MEDIUM","NONE",1,0,"INSUFFICIENT_SAMPLE",0.0398372774237523,0,0.0566003408873081,"MEDIUM","NONE",1,0,"INSUFFICIENT_SAMPLE",0.164807997895766,0,0.23383636876702,"MEDIUM","NONE",1,0,"INSUFFICIENT_SAMPLE"
4,"00-0040164","12641","Jaylin Lane","WR","WAS",2026,3,"WAS",3,"rosters_weekly",0.180647557470744,0.162233100093096,0.252253397769263,"MEDIUM","NONE",3,34,"LOW",0.01995133929644,0.0169020111253744,0.0245528455890962,"MEDIUM","NONE",3,2,"LOW",0.0200049747681318,0.00151792680031207,0.0582480728822358,"MEDIUM","NONE",3,2,"LOW",0.246891983593689,,0.246891983593689,"MEDIUM","NONE",0,0,"INSUFFICIENT_SAMPLE",0.040464960441508,0.0305555555555556,0.059327920850357,"MEDIUM","NONE",3,2,"LOW",,,,,,,,,,,,,,,,,0.00481858896856219,0,0.0136984012753307,"MEDIUM","NONE",3,0,"INSUFFICIENT_SAMPLE",,,,,,,,
4,"00-0040170","12499","Elic Ayomanor","WR","TEN",2026,3,"TEN",3,"rosters_weekly",0.7094094936425,0.616100628930818,0.81933762866164,"MEDIUM","NONE",3,102,"LOW",0.117137303115734,0.0906410256410256,0.166421287882427,"MEDIUM","NONE",3,9,"LOW",0.272728230897284,0.184126984126984,0.461097180886199,"MEDIUM","NONE",3,9,"LOW",0.751337975758182,,0.751337975758182,"MEDIUM","NONE",0,0,"INSUFFICIENT_SAMPLE",0.260285260169975,0.193409090909091,0.399907052212434,"MEDIUM","NONE",3,9,"LOW",,,,,,,,,,,,,,,,,0.267819220332801,0.384126984126984,0.12640925531197,"MEDIUM","NONE",3,5,"LOW",,,,,,,,
4,"00-0040172","12634","Jordan Watkins","WR","SF",2026,3,"SF",1,"rosters_weekly",0.167954812748783,0.283018867924528,0.104406689821529,"MEDIUM","NONE",1,15,"MEDIUM",0.0321280144368434,0.0645161290322581,0.0142405526700237,"MEDIUM","NONE",1,2,"LOW",0.0615649455807485,0.112244897959184,0.033575180759988,"MEDIUM","NONE",1,2,"LOW",0.0878809327294415,,0.0878809327294415,"MEDIUM","NONE",0,0,"INSUFFICIENT_SAMPLE",0.093619683901693,0.2,0.0348674576384189,"MEDIUM","NONE",1,2,"LOW",,,,,,,,,,,,,,,,,0,0,0,"MEDIUM","NONE",1,0,"INSUFFICIENT_SAMPLE",,,,,,,,
4,"00-0040177","12467","Jordan James","RB","SF",2026,3,"SF",2,"rosters_weekly",0.0757464786202533,0.08,0.0872528446165019,"MEDIUM","NONE",2,8,"LOW",0.0042275218096878,0,0.00936284995884793,"MEDIUM","NONE",2,0,"INSUFFICIENT_SAMPLE",0.00194329631574359,0,0.00430389070688977,"MEDIUM","NONE",2,0,"INSUFFICIENT_SAMPLE",0.0526315789473684,,0.0526315789473684,"LOW","NONE",0,0,"INSUFFICIENT_SAMPLE",,,,,,,,,0.0833233700214793,0.0869565217391304,0.0970331723007876,"MEDIUM","NONE",2,4,"LOW",0.0891726196066227,0.0952380952380952,0.101653799553206,"MEDIUM","NONE",2,4,"LOW",0,0,0,"MEDIUM","NONE",2,0,"INSUFFICIENT_SAMPLE",0,0,0,"MEDIUM","NONE",2,0,"INSUFFICIENT_SAMPLE"
4,"00-0040179","12471","DJ Giddens","RB","IND",2025,18,"IND",0,"rosters_weekly",0.135033067080684,,0.135033067080684,"MEDIUM","NONE",0,0,"INSUFFICIENT_SAMPLE",0.0026931597316666,,0.0026931597316666,"MEDIUM","NONE",0,0,"INSUFFICIENT_SAMPLE",-0.000493957985720803,,-0.000493957985720803,"MEDIUM","NONE",0,0,"INSUFFICIENT_SAMPLE",0.11200010255544,,0.11200010255544,"MEDIUM","NONE",0,0,"INSUFFICIENT_SAMPLE",,,,,,,,,0.111901173999515,,0.111901173999515,"MEDIUM","NONE",0,0,"INSUFFICIENT_SAMPLE",0.12679609125483,,0.12679609125483,"MEDIUM","NONE",0,0,"INSUFFICIENT_SAMPLE",0.00246230571669915,,0.00246230571669915,"MEDIUM","NONE",0,0,"INSUFFICIENT_SAMPLE",0.186415172655306,,0.186415172655306,"MEDIUM","NONE",0,0,"INSUFFICIENT_SAMPLE"
4,"00-0040184","12670","KeAndre Lambert-Smith","WR","LAC",2026,1,"LAC",1,"rosters_weekly",0.159532479147871,0,0.227744625214505,"MEDIUM","NONE",1,0,"INSUFFICIENT_SAMPLE",0.03246313892375,0,0.046343574969602,"MEDIUM","NONE",1,0,"INSUFFICIENT_SAMPLE",0.0709675094174121,0,0.101311462850736,"MEDIUM","NONE",1,0,"INSUFFICIENT_SAMPLE",0.175147243627919,,0.175147243627919,"MEDIUM","NONE",0,0,"INSUFFICIENT_SAMPLE",0.0680714188959136,0,0.0971770755840867,"MEDIUM","NONE",1,0,"INSUFFICIENT_SAMPLE",,,,,,,,,,,,,,,,,0.0280792079625316,0,0.0400851834554608,"MEDIUM","NONE",1,0,"INSUFFICIENT_SAMPLE",,,,,,,,
4,"00-0040187","12473","Mitchell Evans","TE","CAR",2026,3,"CAR",3,"rosters_weekly",0.421403459327779,0.41932999920616,0.456142416052247,"MEDIUM","NONE",3,86,"LOW",0.044607152640935,0.042056856187291,0.0457224399400673,"MEDIUM","NONE",3,6,"LOW",0.019173318810502,0.0199164825612607,0.0141278015865389,"MEDIUM","NONE",3,6,"LOW",0.254279867824496,,0.254279867824496,"MEDIUM","NONE",0,0,"INSUFFICIENT_SAMPLE",0.246705471741974,0.196296296296296,0.342611808971017,"MEDIUM","NONE",3,6,"LOW",,,,,,,,,,,,,,,,,0.0461534114525132,0.0666666666666667,0.047703128907402,"MEDIUM","NONE",3,2,"LOW",,,,,,,,
4,"00-0040189","12493","Oronde Gadsden","TE","LAC",2026,3,"LAC",3,"rosters_weekly",0.483700111022387,0.398265589050793,0.562573202383365,"MEDIUM","NONE",3,79,"LOW",0.0687046788965344,0.0605113840407958,0.0794952149760993,"MEDIUM","NONE",3,7,"LOW",0.0870196091259732,0.0628153115803979,0.11698900729145,"MEDIUM","NONE",3,7,"LOW",0.483753851819541,,0.483753851819541,"MEDIUM","NONE",0,0,"INSUFFICIENT_SAMPLE",0.584446534666888,0.511904761904762,0.559747484692263,"MEDIUM","NONE",3,7,"LOW",,,,,,,,,,,,,,,,,0.262325011526267,0.375,0.0518050061089094,"MEDIUM","NONE",3,2,"LOW",,,,,,,,
4,"00-0040194","12658","Jackson Hawes","TE","BUF",2026,3,"BUF",3,"rosters_weekly",0.420078510679423,0.450723572202445,0.379293552581821,"MEDIUM","NONE",3,87,"LOW",0.0147317116604565,0.0101010101010101,0.0165662542172338,"MEDIUM","NONE",3,1,"LOW",0.043059785230682,0.0451127819548872,0.00962733531517259,"MEDIUM","NONE",3,1,"LOW",0.204452279116108,,0.204452279116108,"MEDIUM","NONE",0,0,"INSUFFICIENT_SAMPLE",0.0838453704217118,0.0666666666666667,0.0714479733884407,"MEDIUM","NONE",3,1,"LOW",,,,,,,,,,,,,,,,,0.0019928671627154,0,0.00564381028733048,"MEDIUM","NONE",3,0,"INSUFFICIENT_SAMPLE",,,,,,,,
4,"00-0040198","12495","Ollie Gordon","RB","MIA",2026,3,"MIA",3,"rosters_weekly",0.371332330485328,0.363892348138923,0.220102592388925,"MEDIUM","NONE",3,76,"LOW",0.02265018261245,0.0212765957446809,0.0111543106097023,"MEDIUM","NONE",3,3,"LOW",-0.00904665952687949,-0.00339270568278202,-0.0171784500627557,"MEDIUM","NONE",3,3,"LOW",0.204888261797805,,0.204888261797805,"MEDIUM","NONE",0,0,"INSUFFICIENT_SAMPLE",,,,,,,,,0.270334833047644,0.252431476569408,0.162060820770227,"MEDIUM","NONE",3,20,"LOW",0.33739480954264,0.323333333333333,0.179402807133406,"MEDIUM","NONE",3,20,"LOW",0.00377530575102189,0,0.0107052472744766,"MEDIUM","NONE",3,0,"INSUFFICIENT_SAMPLE",0.363607199141316,0.375,0.125470503539818,"MEDIUM","NONE",3,4,"LOW"
4,"00-0040202","12476","Devin Neal","RB","MIN",2025,15,"NO",0,"rosters_weekly",0.529984055365948,,0.529984055365948,"LOW","TEAM_CHANGE",0,0,"INSUFFICIENT_SAMPLE",0.0496002294949678,,0.0496002294949678,"LOW","TEAM_CHANGE",0,0,"INSUFFICIENT_SAMPLE",-0.0150145472067117,,-0.0150145472067117,"LOW","TEAM_CHANGE",0,0,"INSUFFICIENT_SAMPLE",0.470314228290045,,0.470314228290045,"LOW","TEAM_CHANGE",0,0,"INSUFFICIENT_SAMPLE",,,,,,,,,0.364251920572318,,0.364251920572318,"LOW","TEAM_CHANGE",0,0,"INSUFFICIENT_SAMPLE",0.546976925396274,,0.546976925396274,"LOW","TEAM_CHANGE",0,0,"INSUFFICIENT_SAMPLE",0.0178156370913159,,0.0178156370913159,"LOW","TEAM_CHANGE",0,0,"INSUFFICIENT_SAMPLE",0.199139300473392,,0.199139300473392,"LOW","TEAM_CHANGE",0,0,"INSUFFICIENT_SAMPLE"
4,"00-0040205","12516","Kalel Mullings","RB","TEN",2025,18,"TEN",0,"rosters_weekly",0.0214790920657787,,0.0214790920657787,"MEDIUM","NONE",0,0,"INSUFFICIENT_SAMPLE",0,,0,"MEDIUM","NONE",0,0,"INSUFFICIENT_SAMPLE",0,,0,"MEDIUM","NONE",0,0,"INSUFFICIENT_SAMPLE",0.0453197541566948,,0.0453197541566948,"LOW","NONE",0,0,"INSUFFICIENT_SAMPLE",,,,,,,,,0.0168785695275655,,0.0168785695275655,"MEDIUM","NONE",0,0,"INSUFFICIENT_SAMPLE",0.0189423398227025,,0.0189423398227025,"MEDIUM","NONE",0,0,"INSUFFICIENT_SAMPLE",0,,0,"MEDIUM","NONE",0,0,"INSUFFICIENT_SAMPLE",0,,0,"MEDIUM","NONE",0,0,"INSUFFICIENT_SAMPLE"
4,"00-0040206","12470","Riley Leonard","QB","IND",2025,18,"IND",0,"rosters_weekly",0.475184818985147,,0.475184818985147,"MEDIUM","NONE",0,0,"INSUFFICIENT_SAMPLE",,,,,,,,,,,,,,,,,,,,,,,,,,,,,,,,,0.0181188485314742,,0.0181188485314742,"MEDIUM","NONE",0,0,"INSUFFICIENT_SAMPLE",,,,,,,,,,,,,,,,,0.0711576596872443,,0.0711576596872443,"MEDIUM","NONE",0,0,"INSUFFICIENT_SAMPLE"
4,"00-0040208","12543","Tahj Brooks","RB","CIN",2026,3,"CIN",3,"rosters_weekly",0.0294314445859874,0.0162317280961349,0.0602870051315273,"MEDIUM","NONE",3,3,"LOW",0.00217525188021169,0,0.00616813863503191,"MEDIUM","NONE",3,0,"INSUFFICIENT_SAMPLE",-0.000710869207649699,0,-0.00201573889628447,"MEDIUM","NONE",3,0,"INSUFFICIENT_SAMPLE",0.0665545580633464,,0.0665545580633464,"MEDIUM","NONE",0,0,"INSUFFICIENT_SAMPLE",,,,,,,,,0.0186344182424634,0,0.0528397084256267,"MEDIUM","NONE",3,0,"INSUFFICIENT_SAMPLE",0.0202148512776014,0,0.0573211802739199,"MEDIUM","NONE",3,0,"INSUFFICIENT_SAMPLE",0,0,0,"MEDIUM","NONE",3,0,"INSUFFICIENT_SAMPLE",0,0,0,"MEDIUM","NONE",3,0,"INSUFFICIENT_SAMPLE"
4,"00-0040215","12700","Gavin Bartholomew","TE","MIN",2026,3,"MIN",3,"rosters_weekly",0.030717412835388,0.0225988700564972,,"INSUFFICIENT_SAMPLE","ROOKIE_OR_NO_PRIOR_SEASON",3,4,"LOW",0,0,,"INSUFFICIENT_SAMPLE","ROOKIE_OR_NO_PRIOR_SEASON",3,0,"INSUFFICIENT_SAMPLE",0,0,,"INSUFFICIENT_SAMPLE","ROOKIE_OR_NO_PRIOR_SEASON",3,0,"INSUFFICIENT_SAMPLE",,,,"INSUFFICIENT_SAMPLE","ROOKIE_OR_NO_PRIOR_SEASON",0,0,"INSUFFICIENT_SAMPLE",0,0,,"INSUFFICIENT_SAMPLE","ROOKIE_OR_NO_PRIOR_SEASON",3,0,"INSUFFICIENT_SAMPLE",,,,,,,,,,,,,,,,,0,0,,"INSUFFICIENT_SAMPLE","ROOKIE_OR_NO_PRIOR_SEASON",2,0,"INSUFFICIENT_SAMPLE",,,,,,,,
4,"00-0040218","12523","Jimmy Horn","WR","CLE",2026,1,"CAR",1,"rosters_weekly",0.236000505917929,0.205882352941176,0.248574084436705,"LOW","TEAM_CHANGE",1,14,"MEDIUM",0.0297763356441048,0.0217391304347826,0.0331316685839745,"LOW","TEAM_CHANGE",1,1,"LOW",0.0127229465944572,0.00819672131147541,0.0146125328859263,"LOW","TEAM_CHANGE",1,1,"LOW",0.232997453780542,,0.232997453780542,"LOW","TEAM_CHANGE",0,0,"INSUFFICIENT_SAMPLE",0.0679322924061874,0.05,0.0754185777293576,"LOW","TEAM_CHANGE",1,1,"LOW",,,,,,,,,,,,,,,,,0.0280076911940813,0,0.0397384646982612,"LOW","TEAM_CHANGE",1,0,"INSUFFICIENT_SAMPLE",,,,,,,,
4,"00-0040225","12715","Thomas Fidone","TE","NYG",2025,11,"NYG",0,"rosters_weekly",0.0341312908011591,,0.0341312908011591,"MEDIUM","NONE",0,0,"INSUFFICIENT_SAMPLE",0,,0,"MEDIUM","NONE",0,0,"INSUFFICIENT_SAMPLE",0,,0,"MEDIUM","NONE",0,0,"INSUFFICIENT_SAMPLE",0.154009374804986,,0.154009374804986,"LOW","NONE",0,0,"INSUFFICIENT_SAMPLE",0,,0,"MEDIUM","NONE",0,0,"INSUFFICIENT_SAMPLE",,,,,,,,,,,,,,,,,0,,0,"MEDIUM","NONE",0,0,"INSUFFICIENT_SAMPLE",,,,,,,,
4,"00-0040234","12500","Quinn Ewers","QB","JAX",2026,3,"JAX",1,"rosters_weekly",0.580982074180891,0.0491803278688525,0.874688068602414,"LOW","TEAM_CHANGE",1,3,"LOW",,,,,,,,,,,,,,,,,,,,,,,,,,,,,,,,,0.0152478322403307,0,0.0236689774546437,"LOW","TEAM_CHANGE",1,0,"INSUFFICIENT_SAMPLE",,,,,,,,,,,,,,,,,0,0,0,"LOW","TEAM_CHANGE",1,0,"INSUFFICIENT_SAMPLE"
4,"00-0040236","12534","Kyle Monangai","RB","CHI",2026,3,"CHI",3,"rosters_weekly",0.374042733087823,0.361139378125679,0.42031078711728,"MEDIUM","NONE",3,79,"LOW",0.0397314955152494,0.0318181818181818,0.0650753067726423,"MEDIUM","NONE",3,4,"LOW",0.00565005929844041,0.0111495894128138,0.00122144400353565,"MEDIUM","NONE",3,4,"LOW",0.367842138563432,,0.367842138563432,"MEDIUM","NONE",0,0,"INSUFFICIENT_SAMPLE",,,,,,,,,0.338849137114975,0.314347290640394,0.379240341700821,"MEDIUM","NONE",3,30,"LOW",0.377981875740567,0.358363858363858,0.419773641215188,"MEDIUM","NONE",3,30,"LOW",0.0393937257536073,0.0333333333333333,0.0528622396362399,"MEDIUM","NONE",3,1,"LOW",0.322807858824313,0.257575757575758,0.411490378891123,"MEDIUM","NONE",3,6,"LOW"
4,"00-0040237","12485","Tez Johnson","WR","TB",2026,3,"TB",3,"rosters_weekly",0.265253648811891,0.252111535807188,0.290865014611223,"MEDIUM","NONE",3,48,"LOW",0.0490940078903558,0.0528880938183264,0.0405758422919884,"MEDIUM","NONE",3,7,"LOW",0.146894625612014,0.182782558603965,0.0746059009198676,"MEDIUM","NONE",3,7,"LOW",0.21918366597731,,0.21918366597731,"MEDIUM","NONE",0,0,"INSUFFICIENT_SAMPLE",0.117423778344902,0.129072681704261,0.091911945347135,"MEDIUM","NONE",3,7,"LOW",,,,,,,,,,,,,,,,,0.047708304496355,0.0779220779220779,0.0224139779853716,"MEDIUM","NONE",3,2,"LOW",,,,,,,,
4,"00-0040238","12544","LeQuint Allen","RB","JAX",2026,3,"JAX",3,"rosters_weekly",0.164544792082032,0.116282129123659,0.220585322246504,"MEDIUM","NONE",3,21,"LOW",0.0292065537165156,0.0300925925925926,0.0145314055671469,"MEDIUM","NONE",3,3,"LOW",0.00824289921916943,0.011822418444935,-0.00287552836512427,"MEDIUM","NONE",3,3,"LOW",0.19584698325332,,0.19584698325332,"MEDIUM","NONE",0,0,"INSUFFICIENT_SAMPLE",,,,,,,,,0.0196950791863893,0,0.0557765678523582,"MEDIUM","NONE",3,0,"INSUFFICIENT_SAMPLE",0.0248013605529289,0,0.070237583541539,"MEDIUM","NONE",3,0,"INSUFFICIENT_SAMPLE",0.0712123983084569,0.111111111111111,0.00597674337613334,"MEDIUM","NONE",3,1,"LOW",0.0131074176320534,0,0.0371397561499929,"MEDIUM","NONE",3,0,"INSUFFICIENT_SAMPLE"
4,"00-0040241","12732","Dominic Lovett","WR","DET",2025,14,"DET",0,"rosters_weekly",0.0204043275395327,,0.0204043275395327,"MEDIUM","NONE",0,0,"INSUFFICIENT_SAMPLE",0,,0,"MEDIUM","NONE",0,0,"INSUFFICIENT_SAMPLE",0,,0,"MEDIUM","NONE",0,0,"INSUFFICIENT_SAMPLE",,,,"INSUFFICIENT_SAMPLE","NO_PRIOR_EVIDENCE_THIS_METRIC",0,0,"INSUFFICIENT_SAMPLE",0,,0,"MEDIUM","NONE",0,0,"INSUFFICIENT_SAMPLE",,,,,,,,,,,,,,,,,0,,0,"MEDIUM","NONE",0,0,"INSUFFICIENT_SAMPLE",,,,,,,,
4,"00-0040242","12533","Jacory Croskey-Merritt","RB","WAS",2026,3,"WAS",3,"rosters_weekly",0.460967506704195,0.478000340350561,0.405738888598437,"MEDIUM","NONE",3,99,"LOW",0.0168901620148912,0.0241483879369686,0.00309652107635828,"MEDIUM","NONE",3,3,"LOW",0.00167451264875061,-0.00156874797506614,-0.00119546121360505,"MEDIUM","NONE",3,3,"LOW",0.220189520669432,,0.220189520669432,"MEDIUM","NONE",0,0,"INSUFFICIENT_SAMPLE",,,,,,,,,0.531531742794414,0.562298850574713,0.450703831658982,"MEDIUM","NONE",3,47,"LOW",0.586616056572555,0.598765432098765,0.537745435366287,"MEDIUM","NONE",3,47,"LOW",0.000458278568230528,0,0.00129949352901363,"MEDIUM","NONE",3,0,"INSUFFICIENT_SAMPLE",0.482803942672253,0.380952380952381,0.538854395450099,"MEDIUM","NONE",3,5,"LOW"
4,"00-0040244","12480","Moliki Matavao","TE","NO",2025,18,"NO",0,"rosters_weekly",0.299905374910735,,0.299905374910735,"MEDIUM","NONE",0,0,"INSUFFICIENT_SAMPLE",0.0143450584371635,,0.0143450584371635,"MEDIUM","NONE",0,0,"INSUFFICIENT_SAMPLE",0.00419669262789357,,0.00419669262789357,"MEDIUM","NONE",0,0,"INSUFFICIENT_SAMPLE",0.141462702917436,,0.141462702917436,"MEDIUM","NONE",0,0,"INSUFFICIENT_SAMPLE",0.078897821404399,,0.078897821404399,"MEDIUM","NONE",0,0,"INSUFFICIENT_SAMPLE",,,,,,,,,,,,,,,,,0,,0,"MEDIUM","NONE",0,0,"INSUFFICIENT_SAMPLE",,,,,,,,
4,"00-0040259","13101","Gage Larvadain","WR","BAL",2025,18,"CLE",0,"rosters_weekly",0.18122575305757,,0.18122575305757,"LOW","TEAM_CHANGE",0,0,"INSUFFICIENT_SAMPLE",0.0173697667949198,,0.0173697667949198,"LOW","TEAM_CHANGE",0,0,"INSUFFICIENT_SAMPLE",0.0251450228156573,,0.0251450228156573,"LOW","TEAM_CHANGE",0,0,"INSUFFICIENT_SAMPLE",0.188507125400722,,0.188507125400722,"LOW","TEAM_CHANGE",0,0,"INSUFFICIENT_SAMPLE",0.0597200759351528,,0.0597200759351528,"LOW","TEAM_CHANGE",0,0,"INSUFFICIENT_SAMPLE",,,,,,,,,,,,,,,,,0.0152705460782708,,0.0152705460782708,"LOW","TEAM_CHANGE",0,0,"INSUFFICIENT_SAMPLE",,,,,,,,
4,"00-0040275","12746","JP Richardson","WR","CHI",2025,17,"CHI",0,"rosters_weekly",0,,0,"LOW","NONE",0,0,"INSUFFICIENT_SAMPLE",0,,0,"LOW","NONE",0,0,"INSUFFICIENT_SAMPLE",0,,0,"LOW","NONE",0,0,"INSUFFICIENT_SAMPLE",,,,"INSUFFICIENT_SAMPLE","NO_PRIOR_EVIDENCE_THIS_METRIC",0,0,"INSUFFICIENT_SAMPLE",0,,0,"LOW","NONE",0,0,"INSUFFICIENT_SAMPLE",,,,,,,,,,,,,,,,,0,,0,"LOW","NONE",0,0,"INSUFFICIENT_SAMPLE",,,,,,,,
4,"00-0040277","13079","Jahdae Walker","WR","CHI",2026,3,"CHI",3,"rosters_weekly",0.206600740771251,0.202122200478365,0.297066383506931,"MEDIUM","NONE",3,45,"LOW",0.0225657586403281,0.00833333333333333,0.0548992151675523,"MEDIUM","NONE",3,1,"LOW",0.0360490987000972,0.00104493207941484,0.103651401384603,"MEDIUM","NONE",3,1,"LOW",0.332775256780634,,0.332775256780634,"MEDIUM","NONE",0,0,"INSUFFICIENT_SAMPLE",0.0668740312094109,0.0185185185185185,0.170726116339791,"MEDIUM","NONE",3,1,"LOW",,,,,,,,,,,,,,,,,0.045029170921245,0.0476190476190476,0.0692591879704159,"MEDIUM","NONE",3,1,"LOW",,,,,,,,
4,"00-0040311","12860","Theo Wease","WR","LAC",2025,18,"MIA",0,"rosters_weekly",0.323351082237423,,0.323351082237423,"LOW","TEAM_CHANGE",0,0,"INSUFFICIENT_SAMPLE",0.113717532554875,,0.113717532554875,"LOW","TEAM_CHANGE",0,0,"INSUFFICIENT_SAMPLE",0.250874514935155,,0.250874514935155,"LOW","TEAM_CHANGE",0,0,"INSUFFICIENT_SAMPLE",0.355510784003774,,0.355510784003774,"LOW","TEAM_CHANGE",0,0,"INSUFFICIENT_SAMPLE",0.267994031812735,,0.267994031812735,"LOW","TEAM_CHANGE",0,0,"INSUFFICIENT_SAMPLE",,,,,,,,,,,,,,,,,0.146446609406726,,0.146446609406726,"LOW","TEAM_CHANGE",0,0,"INSUFFICIENT_SAMPLE",,,,,,,,
4,"00-0040352","12829","Coleman Owen","WR","GB",2025,16,"IND",0,"rosters_weekly",0.00976310729378175,,0.00976310729378175,"LOW","TEAM_CHANGE",0,0,"INSUFFICIENT_SAMPLE",0.0146446609406726,,0.0146446609406726,"LOW","TEAM_CHANGE",0,0,"INSUFFICIENT_SAMPLE",0.00347647737464039,,0.00347647737464039,"LOW","TEAM_CHANGE",0,0,"INSUFFICIENT_SAMPLE",0.025,,0.025,"LOW","TEAM_CHANGE",0,0,"INSUFFICIENT_SAMPLE",0.0308308651382582,,0.0308308651382582,"LOW","TEAM_CHANGE",0,0,"INSUFFICIENT_SAMPLE",,,,,,,,,,,,,,,,,0,,0,"LOW","TEAM_CHANGE",0,0,"INSUFFICIENT_SAMPLE",,,,,,,,
4,"00-0040363","12765","Keleki Latu","TE","BUF",2026,3,"BUF",3,"rosters_weekly",0.151001105698351,0.0673631532786462,0.343864519902603,"MEDIUM","NONE",3,13,"LOW",0.0111443172733714,0,0.0358964979672259,"MEDIUM","NONE",3,0,"INSUFFICIENT_SAMPLE",0.00475972014043618,0,0.0153313370531889,"MEDIUM","NONE",3,0,"INSUFFICIENT_SAMPLE",0.352930290782132,,0.352930290782132,"MEDIUM","NONE",0,0,"INSUFFICIENT_SAMPLE",0.0437225426949378,0,0.140832868131004,"MEDIUM","NONE",3,0,"INSUFFICIENT_SAMPLE",,,,,,,,,,,,,,,,,0,0,0,"MEDIUM","NONE",3,0,"INSUFFICIENT_SAMPLE",,,,,,,,
4,"00-0040390","12938","Jackson Meeks","TE","DET",2026,3,"DET",3,"rosters_weekly",0.0686111171283418,0.058038258038258,0.0384950362660464,"LOW","POSITION_CHANGE",3,11,"LOW",0.00961589995773571,0.00900900900900901,0,"LOW","POSITION_CHANGE",3,1,"LOW",0.00921731343099019,0.00863557858376511,0,"LOW","POSITION_CHANGE",3,1,"LOW",,,,"INSUFFICIENT_SAMPLE","NO_PRIOR_EVIDENCE_THIS_METRIC",0,0,"INSUFFICIENT_SAMPLE",0.050826899776603,0.0476190476190476,0,"LOW","POSITION_CHANGE",3,1,"LOW",,,,,,,,,,,,,,,,,0,0,0,"LOW","POSITION_CHANGE",3,0,"INSUFFICIENT_SAMPLE",,,,,,,,
4,"00-0040394","12939","Anthony Tyus","RB","CAR",2026,3,"CAR",1,"rosters_weekly",0,0,,"INSUFFICIENT_SAMPLE","ROOKIE_OR_NO_PRIOR_SEASON",1,0,"INSUFFICIENT_SAMPLE",0,0,,"INSUFFICIENT_SAMPLE","ROOKIE_OR_NO_PRIOR_SEASON",1,0,"INSUFFICIENT_SAMPLE",0,0,,"INSUFFICIENT_SAMPLE","ROOKIE_OR_NO_PRIOR_SEASON",1,0,"INSUFFICIENT_SAMPLE",,,,"INSUFFICIENT_SAMPLE","ROOKIE_OR_NO_PRIOR_SEASON",0,0,"INSUFFICIENT_SAMPLE",,,,,,,,,0,0,,"INSUFFICIENT_SAMPLE","ROOKIE_OR_NO_PRIOR_SEASON",1,0,"INSUFFICIENT_SAMPLE",0,0,,"INSUFFICIENT_SAMPLE","ROOKIE_OR_NO_PRIOR_SEASON",1,0,"INSUFFICIENT_SAMPLE",0,0,,"INSUFFICIENT_SAMPLE","ROOKIE_OR_NO_PRIOR_SEASON",1,0,"INSUFFICIENT_SAMPLE",0,0,,"INSUFFICIENT_SAMPLE","ROOKIE_OR_NO_PRIOR_SEASON",1,0,"INSUFFICIENT_SAMPLE"
4,"00-0040398","12538","Brady Cook","QB","MIA",2025,18,"NYJ",0,"rosters_weekly",0.989155036093442,,0.989155036093442,"LOW","TEAM_CHANGE",0,0,"INSUFFICIENT_SAMPLE",,,,,,,,,,,,,,,,,,,,,,,,,,,,,,,,,0.0602054891625197,,0.0602054891625197,"LOW","TEAM_CHANGE",0,0,"INSUFFICIENT_SAMPLE",,,,,,,,,,,,,,,,,0,,0,"LOW","TEAM_CHANGE",0,0,"INSUFFICIENT_SAMPLE"
4,"00-0040405","12925","Jamaal Pritchett","WR","NYJ",2026,3,"NYJ",1,"rosters_weekly",0,0,,"INSUFFICIENT_SAMPLE","ROOKIE_OR_NO_PRIOR_SEASON",1,0,"INSUFFICIENT_SAMPLE",0,0,,"INSUFFICIENT_SAMPLE","ROOKIE_OR_NO_PRIOR_SEASON",1,0,"INSUFFICIENT_SAMPLE",0,0,,"INSUFFICIENT_SAMPLE","ROOKIE_OR_NO_PRIOR_SEASON",1,0,"INSUFFICIENT_SAMPLE",,,,"INSUFFICIENT_SAMPLE","ROOKIE_OR_NO_PRIOR_SEASON",0,0,"INSUFFICIENT_SAMPLE",0,0,,"INSUFFICIENT_SAMPLE","ROOKIE_OR_NO_PRIOR_SEASON",1,0,"INSUFFICIENT_SAMPLE",,,,,,,,,,,,,,,,,0,0,,"INSUFFICIENT_SAMPLE","ROOKIE_OR_NO_PRIOR_SEASON",1,0,"INSUFFICIENT_SAMPLE",,,,,,,,
4,"00-0040429","12787","Josh Williams","RB","TB",2026,1,"TB",1,"rosters_weekly",0.0248019052472189,0,0.0406938371973589,"LOW","NONE",1,0,"INSUFFICIENT_SAMPLE",0,0,0,"LOW","NONE",1,0,"INSUFFICIENT_SAMPLE",0,0,0,"LOW","NONE",1,0,"INSUFFICIENT_SAMPLE",0.037037037037037,,0.037037037037037,"LOW","NONE",0,0,"INSUFFICIENT_SAMPLE",,,,,,,,,0.0251951155968561,0,0.0413389988409085,"LOW","NONE",1,0,"INSUFFICIENT_SAMPLE",0.0269327097759497,0,0.0441899642782125,"LOW","NONE",1,0,"INSUFFICIENT_SAMPLE",0,0,0,"LOW","NONE",1,0,"INSUFFICIENT_SAMPLE",0,0,0,"LOW","NONE",1,0,"INSUFFICIENT_SAMPLE"
4,"00-0040431",,"Dalen Cambre","WR","NYG",2025,18,"NYG",0,"rosters_weekly",0.0517956273176226,,0.0517956273176226,"MEDIUM","NONE",0,0,"INSUFFICIENT_SAMPLE",0,,0,"MEDIUM","NONE",0,0,"INSUFFICIENT_SAMPLE",0,,0,"MEDIUM","NONE",0,0,"INSUFFICIENT_SAMPLE",0.0441898265529845,,0.0441898265529845,"LOW","NONE",0,0,"INSUFFICIENT_SAMPLE",0,,0,"MEDIUM","NONE",0,0,"INSUFFICIENT_SAMPLE",,,,,,,,,,,,,,,,,0,,0,"MEDIUM","NONE",0,0,"INSUFFICIENT_SAMPLE",,,,,,,,
4,"00-0040432","12889","Beaux Collins","WR","ATL",2025,9,"NYG",0,"rosters_weekly",0.130788805509177,,0.130788805509177,"LOW","TEAM_CHANGE",0,0,"INSUFFICIENT_SAMPLE",0.0218129685225991,,0.0218129685225991,"LOW","TEAM_CHANGE",0,0,"INSUFFICIENT_SAMPLE",0.040131314202771,,0.040131314202771,"LOW","TEAM_CHANGE",0,0,"INSUFFICIENT_SAMPLE",0.153975025274026,,0.153975025274026,"LOW","TEAM_CHANGE",0,0,"INSUFFICIENT_SAMPLE",0.0605058660203765,,0.0605058660203765,"LOW","TEAM_CHANGE",0,0,"INSUFFICIENT_SAMPLE",,,,,,,,,,,,,,,,,0.0433365806139051,,0.0433365806139051,"LOW","TEAM_CHANGE",0,0,"INSUFFICIENT_SAMPLE",,,,,,,,
4,"00-0040466","12472","Raheim Sanders","RB","CLE",2026,3,"CLE",3,"rosters_weekly",0.326842612080001,0.330182072829132,0.287998781807426,"MEDIUM","NONE",3,59,"LOW",0.0686640262608838,0.0783880471380471,0.0370684997991311,"MEDIUM","NONE",3,9,"LOW",0.0016651910398386,-0.013365670852411,0.0234986367314937,"MEDIUM","NONE",3,9,"LOW",0.205168279793756,,0.205168279793756,"LOW","NONE",0,0,"INSUFFICIENT_SAMPLE",,,,,,,,,0.127137551908159,0.064766081871345,0.283890343970132,"MEDIUM","NONE",3,4,"LOW",0.159792170286887,0.0876293297345929,0.344591464667054,"MEDIUM","NONE",3,4,"LOW",0,0,0,"LOW","NONE",3,0,"INSUFFICIENT_SAMPLE",0.155379346011448,0,0.534179093841654,"MEDIUM","NONE",3,0,"INSUFFICIENT_SAMPLE"
4,"00-0040476","12826","Ulysses Bentley","RB","NO",2025,1,"IND",0,"rosters_weekly",0.0273972602739726,,0.0273972602739726,"LOW","TEAM_CHANGE",0,0,"INSUFFICIENT_SAMPLE",0,,0,"LOW","TEAM_CHANGE",0,0,"INSUFFICIENT_SAMPLE",0,,0,"LOW","TEAM_CHANGE",0,0,"INSUFFICIENT_SAMPLE",0.0294117647058824,,0.0294117647058824,"LOW","TEAM_CHANGE",0,0,"INSUFFICIENT_SAMPLE",,,,,,,,,0.0256410256410256,,0.0256410256410256,"LOW","TEAM_CHANGE",0,0,"INSUFFICIENT_SAMPLE",0.032258064516129,,0.032258064516129,"LOW","TEAM_CHANGE",0,0,"INSUFFICIENT_SAMPLE",0,,0,"LOW","TEAM_CHANGE",0,0,"INSUFFICIENT_SAMPLE",0,,0,"LOW","TEAM_CHANGE",0,0,"INSUFFICIENT_SAMPLE"
4,"00-0040488","13122","Carter Runyon","TE","LV",2025,18,"LV",0,"rosters_weekly",0.0727662839545424,,0.0727662839545424,"MEDIUM","NONE",0,0,"INSUFFICIENT_SAMPLE",0.00056907764536244,,0.00056907764536244,"MEDIUM","NONE",0,0,"INSUFFICIENT_SAMPLE",-0.000769928579019772,,-0.000769928579019772,"MEDIUM","NONE",0,0,"INSUFFICIENT_SAMPLE",0.0668289809870183,,0.0668289809870183,"MEDIUM","NONE",0,0,"INSUFFICIENT_SAMPLE",0.00436292861444537,,0.00436292861444537,"MEDIUM","NONE",0,0,"INSUFFICIENT_SAMPLE",,,,,,,,,,,,,,,,,0,,0,"MEDIUM","NONE",0,0,"INSUFFICIENT_SAMPLE",,,,,,,,
4,"00-0040494","12775","Max Brosmer","QB","MIN",2025,18,"MIN",0,"rosters_weekly",0.557176258106079,,0.557176258106079,"MEDIUM","NONE",0,0,"INSUFFICIENT_SAMPLE",,,,,,,,,,,,,,,,,,,,,,,,,,,,,,,,,0,,0,"MEDIUM","NONE",0,0,"INSUFFICIENT_SAMPLE",,,,,,,,,,,,,,,,,0,,0,"MEDIUM","NONE",0,0,"INSUFFICIENT_SAMPLE"
4,"00-0040506","13075","Myles Price","WR","MIN",2026,3,"MIN",3,"rosters_weekly",0.136698125828881,0.205394568981228,0.0170730401339449,"MEDIUM","NONE",3,33,"LOW",0.00829572821166766,0.0133333333333333,0,"MEDIUM","NONE",3,1,"LOW",0.00264195165976677,0.00424628450106157,0,"MEDIUM","NONE",3,1,"LOW",0.0443509928523084,,0.0443509928523084,"LOW","NONE",0,0,"INSUFFICIENT_SAMPLE",0.017282767107641,0.0277777777777778,0,"MEDIUM","NONE",3,1,"LOW",,,,,,,,,,,,,,,,,0,0,0,"MEDIUM","NONE",2,0,"INSUFFICIENT_SAMPLE",,,,,,,,
4,"00-0040509","13121","Ben Yurosek","TE","MIN",2025,18,"MIN",0,"rosters_weekly",0.212731326672107,,0.212731326672107,"MEDIUM","NONE",0,0,"INSUFFICIENT_SAMPLE",0.00968664674333508,,0.00968664674333508,"MEDIUM","NONE",0,0,"INSUFFICIENT_SAMPLE",0.00897476565373745,,0.00897476565373745,"MEDIUM","NONE",0,0,"INSUFFICIENT_SAMPLE",0.127928153626197,,0.127928153626197,"MEDIUM","NONE",0,0,"INSUFFICIENT_SAMPLE",0.053025754881269,,0.053025754881269,"MEDIUM","NONE",0,0,"INSUFFICIENT_SAMPLE",,,,,,,,,,,,,,,,,0,,0,"MEDIUM","NONE",0,0,"INSUFFICIENT_SAMPLE",,,,,,,,
4,"00-0040522","12520","Xavier Restrepo","WR","TEN",2025,13,"TEN",0,"rosters_weekly",0.214148523042358,,0.214148523042358,"LOW","NONE",0,0,"INSUFFICIENT_SAMPLE",0.0579214218515629,,0.0579214218515629,"LOW","NONE",0,0,"INSUFFICIENT_SAMPLE",0.165702082586747,,0.165702082586747,"LOW","NONE",0,0,"INSUFFICIENT_SAMPLE",0.187046438255126,,0.187046438255126,"LOW","NONE",0,0,"INSUFFICIENT_SAMPLE",0.185245451189161,,0.185245451189161,"LOW","NONE",0,0,"INSUFFICIENT_SAMPLE",,,,,,,,,,,,,,,,,0.0591733660532993,,0.0591733660532993,"LOW","NONE",0,0,"INSUFFICIENT_SAMPLE",,,,,,,,
4,"00-0040534","12971","Ke'Shawn Williams","WR","CIN",2026,3,"CIN",1,"rosters_weekly",0.0389752589387183,0,0.0554841379218499,"MEDIUM","NONE",1,0,"INSUFFICIENT_SAMPLE",0.00345979438982299,0,0.00492527091116983,"MEDIUM","NONE",1,0,"INSUFFICIENT_SAMPLE",0.00277558132019382,0,0.0039512434548564,"MEDIUM","NONE",1,0,"INSUFFICIENT_SAMPLE",0.0674828687413396,,0.0674828687413396,"MEDIUM","NONE",0,0,"INSUFFICIENT_SAMPLE",0.00708434089344707,0,0.0100850785323954,"MEDIUM","NONE",1,0,"INSUFFICIENT_SAMPLE",,,,,,,,,,,,,,,,,0,0,0,"MEDIUM","NONE",1,0,"INSUFFICIENT_SAMPLE",,,,,,,,
4,"00-0040547","12897","Nathan Carter","RB","KC",2025,8,"ATL",0,"rosters_weekly",,,,"INSUFFICIENT_SAMPLE","NO_PRIOR_EVIDENCE_THIS_METRIC",0,0,"INSUFFICIENT_SAMPLE",0,,0,"LOW","TEAM_CHANGE",0,0,"INSUFFICIENT_SAMPLE",0,,0,"LOW","TEAM_CHANGE",0,0,"INSUFFICIENT_SAMPLE",,,,"INSUFFICIENT_SAMPLE","NO_PRIOR_EVIDENCE_THIS_METRIC",0,0,"INSUFFICIENT_SAMPLE",,,,,,,,,0.211294492161061,,0.211294492161061,"LOW","TEAM_CHANGE",0,0,"INSUFFICIENT_SAMPLE",0.216176045807952,,0.216176045807952,"LOW","TEAM_CHANGE",0,0,"INSUFFICIENT_SAMPLE",0,,0,"LOW","TEAM_CHANGE",0,0,"INSUFFICIENT_SAMPLE",0,,0,"LOW","TEAM_CHANGE",0,0,"INSUFFICIENT_SAMPLE"
4,"00-0040556","12491","Corey Kiner","RB","NE",2026,3,"NE",3,"rosters_weekly",0.119273355495114,0.105043960478454,0.148611082657223,"LOW","TEAM_CHANGE",3,20,"LOW",0.0161461310734984,0.00833333333333333,0.0278945922679479,"LOW","TEAM_CHANGE",3,1,"LOW",0.00231557431987269,-0.00276243093922652,0.017114610395474,"LOW","TEAM_CHANGE",3,1,"LOW",0.130709093432797,,0.130709093432797,"LOW","TEAM_CHANGE",0,0,"INSUFFICIENT_SAMPLE",,,,,,,,,0.187799507622208,0.188808373590982,0.169670567794943,"LOW","TEAM_CHANGE",3,14,"LOW",0.205420932175145,0.206349206349206,0.187467349647548,"LOW","TEAM_CHANGE",3,14,"LOW",0.0189322924818804,0,0.065087381958545,"LOW","TEAM_CHANGE",3,0,"INSUFFICIENT_SAMPLE",0.320377241017041,0,0.585786437626905,"LOW","TEAM_CHANGE",1,0,"INSUFFICIENT_SAMPLE"
4,"00-0040558","13074","Isaiah Neyor","WR","GB",2025,19,"GB",0,"rosters_weekly",0.0422535211267606,,0.0422535211267606,"LOW","NONE",0,0,"INSUFFICIENT_SAMPLE",0,,0,"LOW","NONE",0,0,"INSUFFICIENT_SAMPLE",0,,0,"LOW","NONE",0,0,"INSUFFICIENT_SAMPLE",0.0208333333333333,,0.0208333333333333,"LOW","NONE",0,0,"INSUFFICIENT_SAMPLE",0,,0,"LOW","NONE",0,0,"INSUFFICIENT_SAMPLE",,,,,,,,,,,,,,,,,0,,0,"LOW","NONE",0,0,"INSUFFICIENT_SAMPLE",,,,,,,,
4,"00-0040563","12542","Efton Chism","WR","NE",2026,3,"NE",2,"rosters_weekly",0.265364677179733,0.221323749625636,0.305044693781331,"MEDIUM","NONE",2,26,"LOW",0.0305289438774384,0.0422413793103448,0.0170645781560095,"MEDIUM","NONE",2,3,"LOW",0.0159951354522404,-0.000958394407486751,0.0318580729684293,"MEDIUM","NONE",2,3,"LOW",0.167700189009051,,0.167700189009051,"MEDIUM","NONE",0,0,"INSUFFICIENT_SAMPLE",0.0668675389103256,0.0889328063241107,0.0444405034675176,"MEDIUM","NONE",2,3,"LOW",,,,,,,,,,,,,,,,,0.0500201235896728,0.0714285714285714,0.0152705460782708,"MEDIUM","NONE",2,1,"LOW",,,,,,,,
4,"00-0040566","12984","CJ Dippre","TE","TB",2025,18,"NE",0,"rosters_weekly",0.17510015584967,,0.17510015584967,"LOW","TEAM_CHANGE",0,0,"INSUFFICIENT_SAMPLE",0,,0,"LOW","TEAM_CHANGE",0,0,"INSUFFICIENT_SAMPLE",0,,0,"LOW","TEAM_CHANGE",0,0,"INSUFFICIENT_SAMPLE",0.0844669914110089,,0.0844669914110089,"LOW","TEAM_CHANGE",0,0,"INSUFFICIENT_SAMPLE",0,,0,"LOW","TEAM_CHANGE",0,0,"INSUFFICIENT_SAMPLE",,,,,,,,,,,,,,,,,0,,0,"LOW","TEAM_CHANGE",0,0,"INSUFFICIENT_SAMPLE",,,,,,,,
4,"00-0040568","12969","Lan Larison","RB","NE",2026,1,"NE",1,"rosters_weekly",0.0422535211267606,0.0422535211267606,,"INSUFFICIENT_SAMPLE","ROOKIE_OR_NO_PRIOR_SEASON",1,3,"LOW",0.0454545454545455,0.0454545454545455,,"INSUFFICIENT_SAMPLE","ROOKIE_OR_NO_PRIOR_SEASON",1,2,"LOW",-0.0135746606334842,-0.0135746606334842,,"INSUFFICIENT_SAMPLE","ROOKIE_OR_NO_PRIOR_SEASON",1,2,"LOW",,,,"INSUFFICIENT_SAMPLE","ROOKIE_OR_NO_PRIOR_SEASON",0,0,"INSUFFICIENT_SAMPLE",,,,,,,,,0,0,,"INSUFFICIENT_SAMPLE","ROOKIE_OR_NO_PRIOR_SEASON",1,0,"INSUFFICIENT_SAMPLE",0,0,,"INSUFFICIENT_SAMPLE","ROOKIE_OR_NO_PRIOR_SEASON",1,0,"INSUFFICIENT_SAMPLE",0,0,,"INSUFFICIENT_SAMPLE","ROOKIE_OR_NO_PRIOR_SEASON",1,0,"INSUFFICIENT_SAMPLE",,,,"INSUFFICIENT_SAMPLE","ROOKIE_OR_NO_PRIOR_SEASON",0,0,"INSUFFICIENT_SAMPLE"
4,"00-0040581","12541","Dont'e Thornton","WR","LV",2025,18,"LV",0,"rosters_weekly",0.336735630126883,,0.336735630126883,"MEDIUM","NONE",0,0,"INSUFFICIENT_SAMPLE",0.0435966762998436,,0.0435966762998436,"MEDIUM","NONE",0,0,"INSUFFICIENT_SAMPLE",0.169997173445742,,0.169997173445742,"MEDIUM","NONE",0,0,"INSUFFICIENT_SAMPLE",0.274188326990594,,0.274188326990594,"MEDIUM","NONE",0,0,"INSUFFICIENT_SAMPLE",0.107698406781443,,0.107698406781443,"MEDIUM","NONE",0,0,"INSUFFICIENT_SAMPLE",,,,,,,,,,,,,,,,,0.0451563111595096,,0.0451563111595096,"MEDIUM","NONE",0,0,"INSUFFICIENT_SAMPLE",,,,,,,,
4,"00-0040582","12539","Arian Smith","WR","NYJ",2026,2,"NYJ",2,"rosters_weekly",0.127576309609358,0.0224743150684932,0.234602042916976,"MEDIUM","NONE",2,3,"LOW",0.0272175350147577,0.0178571428571429,0.0396904508436472,"MEDIUM","NONE",2,1,"LOW",0.0458989957947026,0.0119047619047619,0.0820770845731462,"MEDIUM","NONE",2,1,"LOW",0.236441118962041,,0.236441118962041,"MEDIUM","NONE",0,0,"INSUFFICIENT_SAMPLE",0.048933634428273,0.0384615384615385,0.0660716324402731,"MEDIUM","NONE",2,1,"LOW",,,,,,,,,,,,,,,,,0,0,0,"MEDIUM","NONE",2,0,"INSUFFICIENT_SAMPLE",,,,,,,,
4,"00-0040583","12474","Woody Marks","RB","HOU",2026,3,"HOU",3,"rosters_weekly",0.502859870708331,0.45257071417409,0.624215582587027,"MEDIUM","NONE",3,98,"LOW",0.0498712365414769,0.0482954545454545,0.052411339308098,"MEDIUM","NONE",3,8,"LOW",0.0091365171808563,0.00163643933800534,0.0248283414052515,"MEDIUM","NONE",3,8,"LOW",0.55188354449936,,0.55188354449936,"MEDIUM","NONE",0,0,"INSUFFICIENT_SAMPLE",,,,,,,,,0.419257027191609,0.353917050691244,0.556185849777416,"MEDIUM","NONE",3,22,"LOW",0.479398073346377,0.398091133004926,0.634077001187791,"MEDIUM","NONE",3,22,"LOW",0.116022548682001,0.0833333333333333,0.181896667634099,"MEDIUM","NONE",3,2,"LOW",0.498222208098036,0.388888888888889,0.564135976720522,"MEDIUM","NONE",3,3,"LOW"
4,"00-0040584","12502","Gunnar Helm","TE","TEN",2026,3,"TEN",3,"rosters_weekly",0.743231719819708,0.814863731656185,0.601854959831871,"MEDIUM","NONE",3,133,"LOW",0.0951425508758973,0.102521367521368,0.0854594521142525,"MEDIUM","NONE",3,11,"LOW",0.0731080884382669,0.0698412698412698,0.0685158204509838,"MEDIUM","NONE",3,11,"LOW",0.428546514831208,,0.428546514831208,"MEDIUM","NONE",0,0,"INSUFFICIENT_SAMPLE",0.579089396091845,0.722222222222222,0.349026461996447,"MEDIUM","NONE",3,11,"LOW",,,,,,,,,,,,,,,,,0.176830528562035,0.225396825396825,0.126181359747021,"MEDIUM","NONE",3,3,"LOW",,,,,,,,
4,"00-0040586","12457","Jaydon Blue","RB","PHI",2025,18,"DAL",0,"rosters_weekly",0.334887416714119,,0.334887416714119,"LOW","TEAM_CHANGE",0,0,"INSUFFICIENT_SAMPLE",0.00468142497942396,,0.00468142497942396,"LOW","TEAM_CHANGE",0,0,"INSUFFICIENT_SAMPLE",-0.00419561672684223,,-0.00419561672684223,"LOW","TEAM_CHANGE",0,0,"INSUFFICIENT_SAMPLE",0.239371798256039,,0.239371798256039,"LOW","TEAM_CHANGE",0,0,"INSUFFICIENT_SAMPLE",,,,,,,,,0.364627845510486,,0.364627845510486,"LOW","TEAM_CHANGE",0,0,"INSUFFICIENT_SAMPLE",0.420634657839666,,0.420634657839666,"LOW","TEAM_CHANGE",0,0,"INSUFFICIENT_SAMPLE",0,,0,"LOW","TEAM_CHANGE",0,0,"INSUFFICIENT_SAMPLE",0.336408938471003,,0.336408938471003,"LOW","TEAM_CHANGE",0,0,"INSUFFICIENT_SAMPLE"
4,"00-0040590","12718","Konata Mumpfield","WR","LAR",2026,3,"LAR",3,"rosters_weekly",0.540047023492107,0.586015325670498,0.36124179674128,"MEDIUM","NONE",3,122,"LOW",0.0741175772472502,0.0740188772975658,0.052915145638851,"MEDIUM","NONE",3,11,"LOW",0.130949181291471,0.134089062793377,0.0750535793906873,"MEDIUM","NONE",3,11,"LOW",0.348659500394313,,0.348659500394313,"MEDIUM","NONE",0,0,"INSUFFICIENT_SAMPLE",0.184633547939735,0.191036414565826,0.104082224091822,"MEDIUM","NONE",3,11,"LOW",,,,,,,,,,,,,,,,,0.0644092837922186,0.0303030303030303,0.106906910156525,"MEDIUM","NONE",3,1,"LOW",,,,,,,,
4,"00-0040597","13011","Brennan Presley","WR","LAR",2025,12,"LAR",0,"rosters_weekly",0,,0,"LOW","NONE",0,0,"INSUFFICIENT_SAMPLE",0,,0,"LOW","NONE",0,0,"INSUFFICIENT_SAMPLE",0,,0,"LOW","NONE",0,0,"INSUFFICIENT_SAMPLE",,,,"INSUFFICIENT_SAMPLE","NO_PRIOR_EVIDENCE_THIS_METRIC",0,0,"INSUFFICIENT_SAMPLE",0,,0,"LOW","NONE",0,0,"INSUFFICIENT_SAMPLE",,,,,,,,,,,,,,,,,0,,0,"LOW","NONE",0,0,"INSUFFICIENT_SAMPLE",,,,,,,,
4,"00-0040621","13199","Montorie Foster","WR","SEA",2026,1,"SEA",1,"rosters_weekly",0,0,,"INSUFFICIENT_SAMPLE","ROOKIE_OR_NO_PRIOR_SEASON",1,0,"INSUFFICIENT_SAMPLE",0,0,,"INSUFFICIENT_SAMPLE","ROOKIE_OR_NO_PRIOR_SEASON",1,0,"INSUFFICIENT_SAMPLE",0,0,,"INSUFFICIENT_SAMPLE","ROOKIE_OR_NO_PRIOR_SEASON",1,0,"INSUFFICIENT_SAMPLE",,,,"INSUFFICIENT_SAMPLE","ROOKIE_OR_NO_PRIOR_SEASON",0,0,"INSUFFICIENT_SAMPLE",0,0,,"INSUFFICIENT_SAMPLE","ROOKIE_OR_NO_PRIOR_SEASON",1,0,"INSUFFICIENT_SAMPLE",,,,,,,,,,,,,,,,,0,0,,"INSUFFICIENT_SAMPLE","ROOKIE_OR_NO_PRIOR_SEASON",1,0,"INSUFFICIENT_SAMPLE",,,,,,,,
4,"00-0040628",,"Drake Dabney","TE","GB",2025,18,"GB",0,"rosters_weekly",0.591641014677807,,0.591641014677807,"LOW","NONE",0,0,"INSUFFICIENT_SAMPLE",0.065087381958545,,0.065087381958545,"LOW","NONE",0,0,"INSUFFICIENT_SAMPLE",0.216957939861817,,0.216957939861817,"LOW","NONE",0,0,"INSUFFICIENT_SAMPLE",0.361985165296233,,0.361985165296233,"LOW","NONE",0,0,"INSUFFICIENT_SAMPLE",0.39052429175127,,0.39052429175127,"LOW","NONE",0,0,"INSUFFICIENT_SAMPLE",,,,,,,,,,,,,,,,,0.585786437626905,,0.585786437626905,"LOW","NONE",0,0,"INSUFFICIENT_SAMPLE",,,,,,,,
4,"00-0040644","12531","Trevor Etienne","RB","CAR",2025,19,"CAR",0,"rosters_weekly",0.0370522597241799,,0.0370522597241799,"MEDIUM","NONE",0,0,"INSUFFICIENT_SAMPLE",0.0022645460397656,,0.0022645460397656,"MEDIUM","NONE",0,0,"INSUFFICIENT_SAMPLE",0.000378462830136953,,0.000378462830136953,"MEDIUM","NONE",0,0,"INSUFFICIENT_SAMPLE",0.041009222415536,,0.041009222415536,"MEDIUM","NONE",0,0,"INSUFFICIENT_SAMPLE",,,,,,,,,0.0192558606112896,,0.0192558606112896,"MEDIUM","NONE",0,0,"INSUFFICIENT_SAMPLE",0.0195976066468313,,0.0195976066468313,"MEDIUM","NONE",0,0,"INSUFFICIENT_SAMPLE",0,,0,"MEDIUM","NONE",0,0,"INSUFFICIENT_SAMPLE",0.00408753456512562,,0.00408753456512562,"MEDIUM","NONE",0,0,"INSUFFICIENT_SAMPLE"
4,"00-0040646","12505","Jalen Royals","WR","KC",2026,3,"KC",3,"rosters_weekly",0.186604853356831,0.114102564102564,0.289732650149817,"MEDIUM","NONE",3,22,"LOW",0.0266557814579558,0.0247252747252747,0.0229494041097338,"MEDIUM","NONE",3,3,"LOW",0.0151173559136436,0.00541305138052566,0.0316969348242063,"MEDIUM","NONE",3,3,"LOW",0.289685883348877,,0.289685883348877,"LOW","NONE",0,0,"INSUFFICIENT_SAMPLE",0.0732526367052766,0.0588972431077694,0.0876249975098926,"MEDIUM","NONE",3,3,"LOW",,,,,,,,,,,,,,,,,0.0194352404632537,0.0303030303030303,0,"MEDIUM","NONE",3,1,"LOW",,,,,,,,
4,"00-0040648","12497","Tory Horton","WR","SEA",2026,3,"SEA",2,"rosters_weekly",0.392370626212267,0.26908315565032,0.532149829962507,"MEDIUM","NONE",2,37,"LOW",0.0666150703666525,0.03,0.100180813416293,"MEDIUM","NONE",2,3,"LOW",0.133534551438348,0.0758620689655172,0.181168267894576,"MEDIUM","NONE",2,3,"LOW",0.598666123189392,,0.598666123189392,"MEDIUM","NONE",0,0,"INSUFFICIENT_SAMPLE",0.123948285180128,0.06,0.181179125356021,"MEDIUM","NONE",2,3,"LOW",,,,,,,,,,,,,,,,,0.0833491598126467,0,0.17225493027947,"MEDIUM","NONE",2,0,"INSUFFICIENT_SAMPLE",,,,,,,,
4,"00-0040649","12656","Robbie Ouzts","RB","SEA",2025,20,"SEA",0,"rosters_weekly",0.233133362836449,,0.233133362836449,"MEDIUM","NONE",0,0,"INSUFFICIENT_SAMPLE",0.0148082707637143,,0.0148082707637143,"MEDIUM","NONE",0,0,"INSUFFICIENT_SAMPLE",0,,0,"MEDIUM","NONE",0,0,"INSUFFICIENT_SAMPLE",0.121154496184866,,0.121154496184866,"MEDIUM","NONE",0,0,"INSUFFICIENT_SAMPLE",,,,,,,,,0,,0,"MEDIUM","NONE",0,0,"INSUFFICIENT_SAMPLE",0,,0,"MEDIUM","NONE",0,0,"INSUFFICIENT_SAMPLE",0,,0,"MEDIUM","NONE",0,0,"INSUFFICIENT_SAMPLE",0,,0,"MEDIUM","NONE",0,0,"INSUFFICIENT_SAMPLE"
4,"00-0040653","12475","Ricky White","WR","SEA",2025,10,"SEA",0,"rosters_weekly",0.118514572170863,,0.118514572170863,"LOW","NONE",0,0,"INSUFFICIENT_SAMPLE",0,,0,"LOW","NONE",0,0,"INSUFFICIENT_SAMPLE",0,,0,"LOW","NONE",0,0,"INSUFFICIENT_SAMPLE",,,,"INSUFFICIENT_SAMPLE","NO_PRIOR_EVIDENCE_THIS_METRIC",0,0,"INSUFFICIENT_SAMPLE",0,,0,"LOW","NONE",0,0,"INSUFFICIENT_SAMPLE",,,,,,,,,,,,,,,,,0,,0,"LOW","NONE",0,0,"INSUFFICIENT_SAMPLE",,,,,,,,
4,"00-0040663","12506","Harold Fannin","TE","CLE",2026,3,"CLE",3,"rosters_weekly",0.807543184384498,0.86624649859944,0.688506292799003,"MEDIUM","NONE",3,152,"LOW",0.16769953590001,0.154987373737374,0.168414110253717,"MEDIUM","NONE",3,18,"LOW",0.263054283158134,0.234042794324312,0.234342932744383,"MEDIUM","NONE",3,18,"LOW",0.581323817207617,,0.581323817207617,"MEDIUM","NONE",0,0,"INSUFFICIENT_SAMPLE",0.796444005460829,0.833333333333333,0.67377753775123,"MEDIUM","NONE",3,18,"LOW",,,,,,,,,,,,,,,,,0.177476631390944,0.111111111111111,0.226377628106586,"MEDIUM","NONE",3,2,"LOW",,,,,,,,
4,"00-0040666","12507","Omarion Hampton","RB","LAC",2026,3,"LAC",3,"rosters_weekly",0.497504027489158,0.547966360555588,0.440235248928517,"MEDIUM","NONE",3,104,"LOW",0.0434966208088614,0.0275443510737628,0.0696622158827844,"MEDIUM","NONE",3,3,"LOW",-0.0251236477504512,-0.0201872315866307,-0.0282017259689058,"MEDIUM","NONE",3,3,"LOW",0.316397687989446,,0.316397687989446,"MEDIUM","NONE",0,0,"INSUFFICIENT_SAMPLE",,,,,,,,,0.578861015634594,0.667508417508417,0.454197607342625,"MEDIUM","NONE",3,50,"LOW",0.65100953681524,0.732142857142857,0.527876276648168,"MEDIUM","NONE",3,50,"LOW",0.0127145057398824,0,0.036711973788958,"MEDIUM","NONE",3,0,"INSUFFICIENT_SAMPLE",0.586962571388286,0.611111111111111,0.507790921291258,"MEDIUM","NONE",3,10,"LOW"
4,"00-0040667","12501","Matthew Golden","WR","GB",2026,3,"GB",3,"rosters_weekly",0.738961492395492,0.83537266986918,0.563852549209949,"MEDIUM","NONE",3,161,"LOW",0.169537160813909,0.21101667211507,0.10107690574888,"MEDIUM","NONE",3,30,"LOW",0.330969761508176,0.390044768598429,0.176764185867588,"MEDIUM","NONE",3,30,"LOW",0.435968590217138,,0.435968590217138,"MEDIUM","NONE",0,0,"INSUFFICIENT_SAMPLE",0.311768119517408,0.350052246603971,0.249062120718033,"MEDIUM","NONE",3,30,"LOW",,,,,,,,,,,,,,,,,0.10029873237157,0.18452380952381,0.00184499665394301,"MEDIUM","NONE",3,4,"LOW",,,,,,,,
4,"00-0040668","12524","Shedeur Sanders","QB","CLE",2026,3,"CLE",1,"rosters_weekly",0.684679595451052,0.0147058823529412,0.98069260707633,"MEDIUM","NONE",1,1,"LOW",,,,,,,,,,,,,,,,,,,,,,,,,,,,,,,,,0.0127003136966588,0,0.0183116653548442,"MEDIUM","NONE",1,0,"INSUFFICIENT_SAMPLE",,,,,,,,,,,,,,,,,0.026034952783418,0,0.0378645849637608,"MEDIUM","NONE",1,0,"INSUFFICIENT_SAMPLE"
4,"00-0040669","12535","Isaac TeSlaa","WR","DET",2026,3,"DET",3,"rosters_weekly",0.602679413567296,0.64041144041144,0.575599766768561,"MEDIUM","NONE",3,132,"LOW",0.0715731861786002,0.071388992385811,0.0614666500082645,"MEDIUM","NONE",3,9,"LOW",0.141868440652951,0.131581736588746,0.138561031300444,"MEDIUM","NONE",3,9,"LOW",0.581412022991577,,0.581412022991577,"MEDIUM","NONE",0,0,"INSUFFICIENT_SAMPLE",0.15017954018425,0.156313131313131,0.108579375070741,"MEDIUM","NONE",3,9,"LOW",,,,,,,,,,,,,,,,,0.10613694158534,0.0703703703703704,0.149694815214666,"MEDIUM","NONE",3,2,"LOW",,,,,,,,
4,"00-0040673","12510","Jalen Milroe","QB","SEA",2025,5,"SEA",0,"rosters_weekly",0.0177143649666002,,0.0177143649666002,"LOW","NONE",0,0,"INSUFFICIENT_SAMPLE",,,,,,,,,,,,,,,,,,,,,,,,,,,,,,,,,0.0397905979260679,,0.0397905979260679,"LOW","NONE",0,0,"INSUFFICIENT_SAMPLE",,,,,,,,,,,,,,,,,0,,0,"LOW","NONE",0,0,"INSUFFICIENT_SAMPLE"
4,"00-0040676","12522","Cam Ward","QB","TEN",2026,3,"TEN",3,"rosters_weekly",0.907805535995502,1,0.738767771987903,"MEDIUM","NONE",3,163,"LOW",,,,,,,,,,,,,,,,,,,,,,,,,,,,,,,,,0.0407970392374979,0.0396825396825397,0.0340821057258754,"MEDIUM","NONE",3,3,"LOW",,,,,,,,,,,,,,,,,0.231563637337361,0.111111111111111,0.372638487987553,"MEDIUM","NONE",2,2,"LOW"
4,"00-0040691","12508","Jaxson Dart","QB","NYG",2026,2,"NYG",2,"rosters_weekly",0.74293506200442,0.58307210031348,0.984013736418964,"MEDIUM","NONE",2,76,"LOW",,,,,,,,,,,,,,,,,,,,,,,,,,,,,,,,,0.0834499410998216,0.0909090909090909,0.0916524071707138,"MEDIUM","NONE",2,6,"LOW",,,,,,,,,,,,,,,,,0.111307190804628,0,0.223857903044445,"MEDIUM","NONE",2,0,"INSUFFICIENT_SAMPLE"
4,"00-0040692","11569","Jarquez Hunter","RB","MIA",2025,19,"LAR",0,"rosters_weekly",0,,0,"LOW","TEAM_CHANGE",0,0,"INSUFFICIENT_SAMPLE",0,,0,"LOW","TEAM_CHANGE",0,0,"INSUFFICIENT_SAMPLE",0,,0,"LOW","TEAM_CHANGE",0,0,"INSUFFICIENT_SAMPLE",,,,"INSUFFICIENT_SAMPLE","NO_PRIOR_EVIDENCE_THIS_METRIC",0,0,"INSUFFICIENT_SAMPLE",,,,,,,,,0,,0,"LOW","TEAM_CHANGE",0,0,"INSUFFICIENT_SAMPLE",0,,0,"LOW","TEAM_CHANGE",0,0,"INSUFFICIENT_SAMPLE",0,,0,"LOW","TEAM_CHANGE",0,0,"INSUFFICIENT_SAMPLE",0,,0,"LOW","TEAM_CHANGE",0,0,"INSUFFICIENT_SAMPLE"
4,"00-0040704","12486","Dillon Gabriel","QB","CLE",2025,16,"CLE",0,"rosters_weekly",0.38185275663126,,0.38185275663126,"MEDIUM","NONE",0,0,"INSUFFICIENT_SAMPLE",,,,,,,,,,,,,,,,,,,,,,,,,,,,,,,,,0.00735862284067653,,0.00735862284067653,"MEDIUM","NONE",0,0,"INSUFFICIENT_SAMPLE",,,,,,,,,,,,,,,,,0,,0,"MEDIUM","NONE",0,0,"INSUFFICIENT_SAMPLE"
4,"00-0040705","12540","Chimere Dike","WR","TEN",2026,3,"TEN",3,"rosters_weekly",0.297294762893122,0.0725786163522013,0.70391476504871,"MEDIUM","NONE",3,12,"LOW",0.0575888718207872,0.0168803418803419,0.131493000178215,"MEDIUM","NONE",3,2,"LOW",0.0735460288761665,0.00964912280701754,0.190903168307147,"MEDIUM","NONE",3,2,"LOW",0.686423031522877,,0.686423031522877,"MEDIUM","NONE",0,0,"INSUFFICIENT_SAMPLE",0.134288162278225,0.0341666666666667,0.321315442841076,"MEDIUM","NONE",3,2,"LOW",,,,,,,,,,,,,,,,,0.0450593335906556,0,0.127904701675506,"MEDIUM","NONE",3,0,"INSUFFICIENT_SAMPLE",,,,,,,,
4,"00-0040715","12481","Cam Skattebo","RB","NYG",2026,3,"NYG",3,"rosters_weekly",0.624215813079342,0.666782770231046,0.506902125364786,"MEDIUM","NONE",3,125,"LOW",0.100243771364219,0.0874779541446208,0.0934293338167803,"MEDIUM","NONE",3,8,"LOW",0.07392010816535,0.0794232649071359,0.00450372929594162,"MEDIUM","NONE",3,8,"LOW",0.378537611030062,,0.378537611030062,"MEDIUM","NONE",0,0,"INSUFFICIENT_SAMPLE",,,,,,,,,0.499675275951606,0.540916410481628,0.416283446208691,"MEDIUM","NONE",3,50,"LOW",0.607680749760135,0.663517768780927,0.503234455433282,"MEDIUM","NONE",3,50,"LOW",0.043393615287163,0,0.128025149401136,"MEDIUM","NONE",3,0,"INSUFFICIENT_SAMPLE",0.469034568059938,0.54047619047619,0.369185116276267,"MEDIUM","NONE",3,9,"LOW"
4,"00-0040718","12530","Travis Hunter","WR","JAX",2026,3,"JAX",3,"rosters_weekly",0.304253451712546,0.0853470957296094,0.742093699070834,"MEDIUM","NONE",3,15,"LOW",0.0580099083306488,0.0133333333333333,0.156185866448336,"MEDIUM","NONE",3,1,"LOW",0.0583983184229543,-0.00413223140495868,0.181161062874267,"MEDIUM","NONE",3,1,"LOW",0.692286099064333,,0.692286099064333,"MEDIUM","NONE",0,0,"INSUFFICIENT_SAMPLE",0.104813070793103,0.0238095238095238,0.282582166022796,"MEDIUM","NONE",3,1,"LOW",,,,,,,,,,,,,,,,,0.0541983289899187,0,0.16745283737973,"MEDIUM","NONE",3,0,"INSUFFICIENT_SAMPLE",,,,,,,,
4,"00-0040719","12490","Bhayshul Tuten","RB","JAX",2026,3,"JAX",3,"rosters_weekly",0.408398975372407,0.503440599069014,0.239372683077479,"MEDIUM","NONE",3,88,"LOW",0.0392776882137334,0.0526851851851852,0.010091140016318,"MEDIUM","NONE",3,5,"LOW",-0.0176093704848698,-0.0286800373796159,0.00657993171995322,"MEDIUM","NONE",3,5,"LOW",0.222024629736393,,0.222024629736393,"MEDIUM","NONE",0,0,"INSUFFICIENT_SAMPLE",,,,,,,,,0.408181434361237,0.525383141762452,0.193627168121991,"MEDIUM","NONE",3,43,"LOW",0.461191775711653,0.589277389277389,0.230934491050537,"MEDIUM","NONE",3,43,"LOW",0.0727334412938177,0.111111111111111,0.0101131609114165,"MEDIUM","NONE",3,1,"LOW",0.368694292472048,0.388888888888889,0.237361565773616,"MEDIUM","NONE",3,6,"LOW"
4,"00-0040727","12509","Tre Harris","WR","LAC",2026,3,"LAC",3,"rosters_weekly",0.679398872295737,0.720328528634823,0.642921417603891,"MEDIUM","NONE",3,137,"LOW",0.119466083271464,0.136249371543489,0.08434913310505,"MEDIUM","NONE",3,16,"LOW",0.179809385864486,0.19413146844781,0.147868088052357,"MEDIUM","NONE",3,16,"LOW",0.480836213240822,,0.480836213240822,"MEDIUM","NONE",0,0,"INSUFFICIENT_SAMPLE",0.253940230879793,0.289473684210526,0.171458991348905,"MEDIUM","NONE",3,16,"LOW",,,,,,,,,,,,,,,,,0.130956809481088,0.125,0.0596022559643693,"MEDIUM","NONE",3,3,"LOW",,,,,,,,
4,"00-0040729","12483","Jack Bech","WR","LV",2026,3,"LV",3,"rosters_weekly",0.43842391201852,0.381271995977878,0.602677842344305,"MEDIUM","NONE",3,72,"LOW",0.0602716994153749,0.0618686868686869,0.0832851019469731,"MEDIUM","NONE",3,6,"LOW",0.08988004976841,0.0683990535455559,0.158579317975148,"MEDIUM","NONE",3,6,"LOW",0.517246835385603,,0.517246835385603,"MEDIUM","NONE",0,0,"INSUFFICIENT_SAMPLE",0.138022395172557,0.125,0.213906011407781,"MEDIUM","NONE",3,6,"LOW",,,,,,,,,,,,,,,,,0.0593071803291194,0.0833333333333333,0.0642311151828662,"MEDIUM","NONE",3,2,"LOW",,,,,,,,
4,"00-0040730","12489","RJ Harvey","RB","DEN",2026,3,"DEN",2,"rosters_weekly",0.504545281147849,0.43910447761194,0.583975260252017,"MEDIUM","NONE",2,50,"LOW",0.135586917789059,0.142508710801394,0.123806554634471,"MEDIUM","NONE",2,11,"LOW",-0.0572857518978271,-0.149294947121034,0.0194160407936688,"MEDIUM","NONE",2,11,"LOW",0.483936232843857,,0.483936232843857,"MEDIUM","NONE",0,0,"INSUFFICIENT_SAMPLE",,,,,,,,,0.32428101420704,0.138461538461538,0.520930406907499,"MEDIUM","NONE",2,5,"LOW",0.401557641087565,0.186363636363636,0.631887404269493,"MEDIUM","NONE",2,5,"LOW",0.148342352565943,0.0714285714285714,0.213090349710561,"MEDIUM","NONE",2,2,"LOW",0.174496639454978,0,0.349476597327078,"MEDIUM","NONE",2,0,"INSUFFICIENT_SAMPLE"
4,"00-0040734","12529","TreVeyon Henderson","RB","NE",2026,3,"NE",2,"rosters_weekly",0.410571014209185,0.493860437256664,0.349334644199987,"MEDIUM","NONE",2,56,"LOW",0.0250240764570152,0.0125,0.03541066426503,"MEDIUM","NONE",2,1,"LOW",0.000244263599274468,0.00552486187845304,-0.00598855509077987,"MEDIUM","NONE",2,1,"LOW",0.289317878191238,,0.289317878191238,"MEDIUM","NONE",0,0,"INSUFFICIENT_SAMPLE",,,,,,,,,0.432795614399873,0.507246376811594,0.385664503859698,"MEDIUM","NONE",2,24,"LOW",0.45364404382242,0.523809523809524,0.407957426424756,"MEDIUM","NONE",2,24,"LOW",0.00311317263685667,0,0.00622849651066329,"MEDIUM","NONE",2,0,"INSUFFICIENT_SAMPLE",0.385649332383377,0.333333333333333,0.407349297845429,"MEDIUM","NONE",1,1,"LOW"
4,"00-0040735","12519","Luther Burden","WR","CHI",2026,3,"CHI",3,"rosters_weekly",0.608000973272875,0.645749075886062,0.558038394140255,"MEDIUM","NONE",3,141,"LOW",0.187569761253113,0.191188197767145,0.145633723384241,"MEDIUM","NONE",3,23,"LOW",0.242074376928506,0.278764210169271,0.148892154629948,"MEDIUM","NONE",3,23,"LOW",0.55433349329405,,0.55433349329405,"MEDIUM","NONE",0,0,"INSUFFICIENT_SAMPLE",0.384835113774897,0.385092592592593,0.352540046761366,"MEDIUM","NONE",3,23,"LOW",,,,,,,,,,,,,,,,,0.213244074322237,0.2,0.154454802624777,"MEDIUM","NONE",3,6,"LOW",,,,,,,,
4,"00-0040736","12498","Mason Taylor","TE","NYJ",2026,2,"NYJ",2,"rosters_weekly",0.668632244082646,0.576626712328767,0.780901031163946,"MEDIUM","NONE",2,78,"LOW",0.093168069096945,0.0535714285714286,0.142501172591699,"MEDIUM","NONE",2,3,"LOW",0.0695290116377911,0.00297619047619048,0.137341697766256,"MEDIUM","NONE",2,3,"LOW",0.629748185113088,,0.629748185113088,"MEDIUM","NONE",0,0,"INSUFFICIENT_SAMPLE",0.449924978780078,0.214285714285714,0.725373160607061,"MEDIUM","NONE",2,3,"LOW",,,,,,,,,,,,,,,,,0.0133979802955675,0,0.0269456425260159,"MEDIUM","NONE",2,0,"INSUFFICIENT_SAMPLE",,,,,,,,
4,"00-0040737","12487","Terrance Ferguson","TE","LAR",2026,3,"LAR",3,"rosters_weekly",0.46468193290751,0.466420361247948,0.519963997583382,"MEDIUM","NONE",3,89,"LOW",0.0923596347437591,0.111939062758735,0.0616390852536792,"MEDIUM","NONE",3,12,"LOW",0.083025629167503,0.0864055293929847,0.0987208897488381,"MEDIUM","NONE",3,12,"LOW",0.450847789168372,,0.450847789168372,"MEDIUM","NONE",0,0,"INSUFFICIENT_SAMPLE",0.301507878682368,0.344771241830065,0.246741695361245,"MEDIUM","NONE",3,12,"LOW",,,,,,,,,,,,,,,,,0.0784275030496763,0.0833333333333333,0.0753679160333102,"MEDIUM","NONE",3,1,"LOW",,,,,,,,
4,"00-0040739","12521","Elijah Arroyo","TE","SEA",2026,3,"SEA",3,"rosters_weekly",0.262731414873365,0.235810742207331,0.30235129625873,"MEDIUM","NONE",3,44,"LOW",0.0195495405219484,0.0114942528735632,0.035217322906521,"MEDIUM","NONE",3,1,"LOW",0.0412131808908821,0.0205580029368576,0.0807495587656733,"MEDIUM","NONE",3,1,"LOW",0.273301983622882,,0.273301983622882,"MEDIUM","NONE",0,0,"INSUFFICIENT_SAMPLE",0.13630663972431,0.111111111111111,0.190696169404235,"MEDIUM","NONE",3,1,"LOW",,,,,,,,,,,,,,,,,0.00465872674019479,0,0.0132439410656651,"MEDIUM","NONE",3,0,"INSUFFICIENT_SAMPLE",,,,,,,,
4,"00-0040743","12545","Tyler Shough","QB","NO",2026,3,"NO",3,"rosters_weekly",0.997037011110616,1.00872044273017,0.977797089505969,"MEDIUM","NONE",3,232,"LOW",,,,,,,,,,,,,,,,,,,,,,,,,,,,,,,,,0.0824448931028747,0.108985507246377,0.0559976492309523,"MEDIUM","NONE",3,8,"LOW",,,,,,,,,,,,,,,,,0.221673632945186,0.2,0.278005389110857,"MEDIUM","NONE",3,3,"LOW"
4,"00-0040782","12503","Isaiah Bond","WR","CLE",2026,3,"CLE",3,"rosters_weekly",0.216978571087166,0.0940709617180205,0.455029472817712,"MEDIUM","NONE",3,16,"LOW",0.0239927672220454,0.00925925925925926,0.0516981723577296,"MEDIUM","NONE",3,1,"LOW",0.0798741826843126,0.0216049382716049,0.18837449473939,"MEDIUM","NONE",3,1,"LOW",0.427593505998744,,0.427593505998744,"MEDIUM","NONE",0,0,"INSUFFICIENT_SAMPLE",0.0684338632614074,0.0222222222222222,0.154845310640936,"MEDIUM","NONE",3,1,"LOW",,,,,,,,,,,,,,,,,0.00338788713795162,0,0.00965159674434334,"MEDIUM","NONE",3,0,"INSUFFICIENT_SAMPLE",,,,,,,,
4,"00-0040784","12512","Quinshon Judkins","RB","CLE",2026,3,"CLE",3,"rosters_weekly",0.57564281843773,0.624299719887955,0.513117262609816,"MEDIUM","NONE",3,108,"LOW",0.0841696058996224,0.0822811447811448,0.0932350668251156,"MEDIUM","NONE",3,9,"LOW",-0.0304119233641582,-0.034857276697342,-0.015427359602212,"MEDIUM","NONE",3,9,"LOW",0.339855787670604,,0.339855787670604,"MEDIUM","NONE",0,0,"INSUFFICIENT_SAMPLE",,,,,,,,,0.657643306594177,0.660526315789474,0.625443836574106,"MEDIUM","NONE",3,42,"LOW",0.830033776130304,0.890148448043185,0.71095390750726,"MEDIUM","NONE",3,42,"LOW",0.0699124298472056,0.0555555555555556,0.0595084635049554,"MEDIUM","NONE",3,1,"LOW",0.689436364296762,0.755555555555556,0.588811919061498,"MEDIUM","NONE",3,6,"LOW"
4,"00-0040785","13264","Dohnte Meyers","WR","CIN",2026,3,"CIN",3,"rosters_weekly",0.350051960512986,0.302191448489397,,"INSUFFICIENT_SAMPLE","ROOKIE_OR_NO_PRIOR_SEASON",3,53,"LOW",0.0701148537991453,0.0586815955878857,,"INSUFFICIENT_SAMPLE","ROOKIE_OR_NO_PRIOR_SEASON",3,7,"LOW",0.0260855337908764,0.0184087465789855,,"INSUFFICIENT_SAMPLE","ROOKIE_OR_NO_PRIOR_SEASON",3,7,"LOW",,,,"INSUFFICIENT_SAMPLE","ROOKIE_OR_NO_PRIOR_SEASON",0,0,"INSUFFICIENT_SAMPLE",0.121360463990305,0.105627705627706,,"INSUFFICIENT_SAMPLE","ROOKIE_OR_NO_PRIOR_SEASON",3,7,"LOW",,,,,,,,,,,,,,,,,0,0,,"INSUFFICIENT_SAMPLE","ROOKIE_OR_NO_PRIOR_SEASON",3,0,"INSUFFICIENT_SAMPLE",,,,,,,,
4,"00-0040867","13294","Makai Lemon","WR","PHI",2026,3,"PHI",3,"rosters_weekly",0.669103302283468,0.663985435286329,,"INSUFFICIENT_SAMPLE","ROOKIE_OR_NO_PRIOR_SEASON",3,118,"LOW",0.0890215172402225,0.0873716646630463,,"INSUFFICIENT_SAMPLE","ROOKIE_OR_NO_PRIOR_SEASON",3,9,"LOW",0.14872636779545,0.113764913831198,,"INSUFFICIENT_SAMPLE","ROOKIE_OR_NO_PRIOR_SEASON",3,9,"LOW",,,,"INSUFFICIENT_SAMPLE","ROOKIE_OR_NO_PRIOR_SEASON",0,0,"INSUFFICIENT_SAMPLE",0.185262913912777,0.188162221410303,,"INSUFFICIENT_SAMPLE","ROOKIE_OR_NO_PRIOR_SEASON",3,9,"LOW",,,,,,,,,,,,,,,,,0,0,,"INSUFFICIENT_SAMPLE","ROOKIE_OR_NO_PRIOR_SEASON",3,0,"INSUFFICIENT_SAMPLE",,,,,,,,
4,"00-0040870","13293","Ja'Kobi Lane","WR","BAL",2026,1,"BAL",1,"rosters_weekly",0.421875,0.421875,,"INSUFFICIENT_SAMPLE","ROOKIE_OR_NO_PRIOR_SEASON",1,27,"MEDIUM",0.09375,0.09375,,"INSUFFICIENT_SAMPLE","ROOKIE_OR_NO_PRIOR_SEASON",1,3,"LOW",0.111111111111111,0.111111111111111,,"INSUFFICIENT_SAMPLE","ROOKIE_OR_NO_PRIOR_SEASON",1,3,"LOW",,,,"INSUFFICIENT_SAMPLE","ROOKIE_OR_NO_PRIOR_SEASON",0,0,"INSUFFICIENT_SAMPLE",0.214285714285714,0.214285714285714,,"INSUFFICIENT_SAMPLE","ROOKIE_OR_NO_PRIOR_SEASON",1,3,"LOW",,,,,,,,,,,,,,,,,0.4,0.4,,"INSUFFICIENT_SAMPLE","ROOKIE_OR_NO_PRIOR_SEASON",1,2,"LOW",,,,,,,,
4,"00-0040878","13305","Mike Washington Jr.","RB","LV",2026,3,"LV",3,"rosters_weekly",0.18267628261416,0.187254901960784,,"INSUFFICIENT_SAMPLE","ROOKIE_OR_NO_PRIOR_SEASON",3,36,"LOW",0.00970840124294063,0.0101010101010101,,"INSUFFICIENT_SAMPLE","ROOKIE_OR_NO_PRIOR_SEASON",3,1,"LOW",0.0113207505659732,0.0117785630153121,,"INSUFFICIENT_SAMPLE","ROOKIE_OR_NO_PRIOR_SEASON",3,1,"LOW",,,,"INSUFFICIENT_SAMPLE","ROOKIE_OR_NO_PRIOR_SEASON",0,0,"INSUFFICIENT_SAMPLE",,,,,,,,,0.174267973562053,0.174410774410774,,"INSUFFICIENT_SAMPLE","ROOKIE_OR_NO_PRIOR_SEASON",3,15,"LOW",0.18399171999456,0.184713261648746,,"INSUFFICIENT_SAMPLE","ROOKIE_OR_NO_PRIOR_SEASON",3,15,"LOW",0,0,,"INSUFFICIENT_SAMPLE","ROOKIE_OR_NO_PRIOR_SEASON",3,0,"INSUFFICIENT_SAMPLE",0.102403407203395,0.130952380952381,,"INSUFFICIENT_SAMPLE","ROOKIE_OR_NO_PRIOR_SEASON",3,2,"LOW"
4,"00-0040879",,"Matthew Hibner","TE","BAL",2026,3,"BAL",3,"rosters_weekly",0.4147464763365,0.397569444444444,,"INSUFFICIENT_SAMPLE","ROOKIE_OR_NO_PRIOR_SEASON",3,74,"LOW",0.0394423922624039,0.0342261904761905,,"INSUFFICIENT_SAMPLE","ROOKIE_OR_NO_PRIOR_SEASON",3,3,"LOW",0.0133551133526356,0.0104426710319896,,"INSUFFICIENT_SAMPLE","ROOKIE_OR_NO_PRIOR_SEASON",3,3,"LOW",,,,"INSUFFICIENT_SAMPLE","ROOKIE_OR_NO_PRIOR_SEASON",0,0,"INSUFFICIENT_SAMPLE",0.141588074788117,0.125,,"INSUFFICIENT_SAMPLE","ROOKIE_OR_NO_PRIOR_SEASON",3,3,"LOW",,,,,,,,,,,,,,,,,0.0647259770459961,0.0476190476190476,,"INSUFFICIENT_SAMPLE","ROOKIE_OR_NO_PRIOR_SEASON",3,1,"LOW",,,,,,,,
4,"00-0040886","13288","Nicholas Singleton","RB","TEN",2026,3,"TEN",2,"rosters_weekly",0.0468921014007277,0.0566037735849057,,"INSUFFICIENT_SAMPLE","ROOKIE_OR_NO_PRIOR_SEASON",2,6,"LOW",0,0,,"INSUFFICIENT_SAMPLE","ROOKIE_OR_NO_PRIOR_SEASON",2,0,"INSUFFICIENT_SAMPLE",0,0,,"INSUFFICIENT_SAMPLE","ROOKIE_OR_NO_PRIOR_SEASON",2,0,"INSUFFICIENT_SAMPLE",,,,"INSUFFICIENT_SAMPLE","ROOKIE_OR_NO_PRIOR_SEASON",0,0,"INSUFFICIENT_SAMPLE",,,,,,,,,0.0591733660532993,0.0714285714285714,,"INSUFFICIENT_SAMPLE","ROOKIE_OR_NO_PRIOR_SEASON",2,4,"LOW",0.0662741699796952,0.08,,"INSUFFICIENT_SAMPLE","ROOKIE_OR_NO_PRIOR_SEASON",2,4,"LOW",0,0,,"INSUFFICIENT_SAMPLE","ROOKIE_OR_NO_PRIOR_SEASON",2,0,"INSUFFICIENT_SAMPLE",0.0460237291525661,0.0555555555555556,,"INSUFFICIENT_SAMPLE","ROOKIE_OR_NO_PRIOR_SEASON",2,1,"LOW"
4,"00-0040887","13273","Josh Cuevas","TE","BAL",2026,3,"BAL",3,"rosters_weekly",0.162611937804591,0.143823099415205,,"INSUFFICIENT_SAMPLE","ROOKIE_OR_NO_PRIOR_SEASON",3,27,"LOW",0.016181494261499,0.0119047619047619,,"INSUFFICIENT_SAMPLE","ROOKIE_OR_NO_PRIOR_SEASON",3,1,"LOW",0.00750964374566806,0.00552486187845304,,"INSUFFICIENT_SAMPLE","ROOKIE_OR_NO_PRIOR_SEASON",3,1,"LOW",,,,"INSUFFICIENT_SAMPLE","ROOKIE_OR_NO_PRIOR_SEASON",0,0,"INSUFFICIENT_SAMPLE",0.0566352299152466,0.0416666666666667,,"INSUFFICIENT_SAMPLE","ROOKIE_OR_NO_PRIOR_SEASON",3,1,"LOW",,,,,,,,,,,,,,,,,0,0,,"INSUFFICIENT_SAMPLE","ROOKIE_OR_NO_PRIOR_SEASON",3,0,"INSUFFICIENT_SAMPLE",,,,,,,,
4,"00-0040890","13413","Cyrus Allen","WR","KC",2026,3,"KC",3,"rosters_weekly",0.024159697009474,0.0239607614607615,,"INSUFFICIENT_SAMPLE","ROOKIE_OR_NO_PRIOR_SEASON",3,5,"LOW",0.00666296822532313,0.00980392156862745,,"INSUFFICIENT_SAMPLE","ROOKIE_OR_NO_PRIOR_SEASON",3,1,"LOW",0.00851657592710475,0.012531328320802,,"INSUFFICIENT_SAMPLE","ROOKIE_OR_NO_PRIOR_SEASON",3,1,"LOW",,,,"INSUFFICIENT_SAMPLE","ROOKIE_OR_NO_PRIOR_SEASON",0,0,"INSUFFICIENT_SAMPLE",0.0226540919660986,0.0333333333333333,,"INSUFFICIENT_SAMPLE","ROOKIE_OR_NO_PRIOR_SEASON",3,1,"LOW",,,,,,,,,,,,,,,,,0,0,,"INSUFFICIENT_SAMPLE","ROOKIE_OR_NO_PRIOR_SEASON",3,0,"INSUFFICIENT_SAMPLE",,,,,,,,
4,"00-0040894","13329","Malik Benson","WR","LV",2026,3,"LV",3,"rosters_weekly",0.0937655527952606,0.0999497234791352,,"INSUFFICIENT_SAMPLE","ROOKIE_OR_NO_PRIOR_SEASON",3,19,"LOW",0.0344039956827284,0.0386862814188396,,"INSUFFICIENT_SAMPLE","ROOKIE_OR_NO_PRIOR_SEASON",3,4,"LOW",0.128025840955849,0.126364882845698,,"INSUFFICIENT_SAMPLE","ROOKIE_OR_NO_PRIOR_SEASON",3,4,"LOW",,,,"INSUFFICIENT_SAMPLE","ROOKIE_OR_NO_PRIOR_SEASON",0,0,"INSUFFICIENT_SAMPLE",0.0895304506413677,0.0928030303030303,,"INSUFFICIENT_SAMPLE","ROOKIE_OR_NO_PRIOR_SEASON",3,4,"LOW",,,,,,,,,,,,,,,,,0,0,,"INSUFFICIENT_SAMPLE","ROOKIE_OR_NO_PRIOR_SEASON",3,0,"INSUFFICIENT_SAMPLE",,,,,,,,
4,"00-0040948","13770","J Michael Sturdivant","WR","GB",2026,3,"GB",2,"rosters_weekly",0.24957171347441,0.235362095531587,,"INSUFFICIENT_SAMPLE","ROOKIE_OR_NO_PRIOR_SEASON",2,30,"LOW",0.0313814163014413,0.0267857142857143,,"INSUFFICIENT_SAMPLE","ROOKIE_OR_NO_PRIOR_SEASON",2,3,"LOW",0.0328757694586528,0.0280612244897959,,"INSUFFICIENT_SAMPLE","ROOKIE_OR_NO_PRIOR_SEASON",2,3,"LOW",,,,"INSUFFICIENT_SAMPLE","ROOKIE_OR_NO_PRIOR_SEASON",0,0,"INSUFFICIENT_SAMPLE",0.0532533125115368,0.0454545454545455,,"INSUFFICIENT_SAMPLE","ROOKIE_OR_NO_PRIOR_SEASON",2,3,"LOW",,,,,,,,,,,,,,,,,0,0,,"INSUFFICIENT_SAMPLE","ROOKIE_OR_NO_PRIOR_SEASON",2,0,"INSUFFICIENT_SAMPLE",,,,,,,,
4,"00-0041013","13337","Emmett Johnson","RB","KC",2026,3,"KC",3,"rosters_weekly",0.263860543720169,0.274339549339549,,"INSUFFICIENT_SAMPLE","ROOKIE_OR_NO_PRIOR_SEASON",3,53,"LOW",0.0256481380282248,0.0324283559577677,,"INSUFFICIENT_SAMPLE","ROOKIE_OR_NO_PRIOR_SEASON",3,4,"LOW",-0.018517777071414,-0.0251391838374562,,"INSUFFICIENT_SAMPLE","ROOKIE_OR_NO_PRIOR_SEASON",3,4,"LOW",,,,"INSUFFICIENT_SAMPLE","ROOKIE_OR_NO_PRIOR_SEASON",0,0,"INSUFFICIENT_SAMPLE",,,,,,,,,0.192789778389814,0.19047619047619,,"INSUFFICIENT_SAMPLE","ROOKIE_OR_NO_PRIOR_SEASON",3,16,"LOW",0.196377035801389,0.194995864350703,,"INSUFFICIENT_SAMPLE","ROOKIE_OR_NO_PRIOR_SEASON",3,16,"LOW",0,0,,"INSUFFICIENT_SAMPLE","ROOKIE_OR_NO_PRIOR_SEASON",3,0,"INSUFFICIENT_SAMPLE",0.0566352299152466,0.0833333333333333,,"INSUFFICIENT_SAMPLE","ROOKIE_OR_NO_PRIOR_SEASON",3,1,"LOW"
4,"00-0041027","13287","Jeremiyah Love","RB","ARI",2026,3,"ARI",3,"rosters_weekly",0.527336726083953,0.501089324618736,,"INSUFFICIENT_SAMPLE","ROOKIE_OR_NO_PRIOR_SEASON",3,108,"LOW",0.0902976414254852,0.0909197012138189,,"INSUFFICIENT_SAMPLE","ROOKIE_OR_NO_PRIOR_SEASON",3,12,"LOW",0.0167853629563714,0.0152936702223896,,"INSUFFICIENT_SAMPLE","ROOKIE_OR_NO_PRIOR_SEASON",3,12,"LOW",,,,"INSUFFICIENT_SAMPLE","ROOKIE_OR_NO_PRIOR_SEASON",0,0,"INSUFFICIENT_SAMPLE",,,,,,,,,0.591370947663692,0.55110153256705,,"INSUFFICIENT_SAMPLE","ROOKIE_OR_NO_PRIOR_SEASON",3,41,"LOW",0.682893835021697,0.622800207039337,,"INSUFFICIENT_SAMPLE","ROOKIE_OR_NO_PRIOR_SEASON",3,41,"LOW",0.103831254844619,0.0972222222222222,,"INSUFFICIENT_SAMPLE","ROOKIE_OR_NO_PRIOR_SEASON",3,3,"LOW",0.692551609031518,0.69047619047619,,"INSUFFICIENT_SAMPLE","ROOKIE_OR_NO_PRIOR_SEASON",3,9,"LOW"
4,"00-0041032","13330","Kenyon Sadiq","TE","NYJ",2026,3,"NYJ",3,"rosters_weekly",0.478472645662499,0.461040196485402,,"INSUFFICIENT_SAMPLE","ROOKIE_OR_NO_PRIOR_SEASON",3,93,"LOW",0.117859719711165,0.110544217687075,,"INSUFFICIENT_SAMPLE","ROOKIE_OR_NO_PRIOR_SEASON",3,14,"LOW",0.119883249331497,0.0912855260681348,,"INSUFFICIENT_SAMPLE","ROOKIE_OR_NO_PRIOR_SEASON",3,14,"LOW",,,,"INSUFFICIENT_SAMPLE","ROOKIE_OR_NO_PRIOR_SEASON",0,0,"INSUFFICIENT_SAMPLE",0.548219218363203,0.533333333333333,,"INSUFFICIENT_SAMPLE","ROOKIE_OR_NO_PRIOR_SEASON",3,14,"LOW",,,,,,,,,,,,,,,,,0,0,,"INSUFFICIENT_SAMPLE","ROOKIE_OR_NO_PRIOR_SEASON",3,0,"INSUFFICIENT_SAMPLE",,,,,,,,
4,"00-0041035","13417","De'Zhaun Stribling","WR","SF",2026,1,"SF",1,"rosters_weekly",0.323076923076923,0.323076923076923,,"INSUFFICIENT_SAMPLE","ROOKIE_OR_NO_PRIOR_SEASON",1,21,"MEDIUM",0,0,,"INSUFFICIENT_SAMPLE","ROOKIE_OR_NO_PRIOR_SEASON",1,0,"INSUFFICIENT_SAMPLE",0,0,,"INSUFFICIENT_SAMPLE","ROOKIE_OR_NO_PRIOR_SEASON",1,0,"INSUFFICIENT_SAMPLE",,,,"INSUFFICIENT_SAMPLE","ROOKIE_OR_NO_PRIOR_SEASON",0,0,"INSUFFICIENT_SAMPLE",0,0,,"INSUFFICIENT_SAMPLE","ROOKIE_OR_NO_PRIOR_SEASON",1,0,"INSUFFICIENT_SAMPLE",,,,,,,,,,,,,,,,,0,0,,"INSUFFICIENT_SAMPLE","ROOKIE_OR_NO_PRIOR_SEASON",1,0,"INSUFFICIENT_SAMPLE",,,,,,,,
4,"00-0041037","13346","Denzel Boston","WR","CLE",2026,3,"CLE",3,"rosters_weekly",0.930812231058496,0.932539682539683,,"INSUFFICIENT_SAMPLE","ROOKIE_OR_NO_PRIOR_SEASON",3,163,"LOW",0.14209976225005,0.144360269360269,,"INSUFFICIENT_SAMPLE","ROOKIE_OR_NO_PRIOR_SEASON",3,16,"LOW",0.425601849703517,0.450689061154177,,"INSUFFICIENT_SAMPLE","ROOKIE_OR_NO_PRIOR_SEASON",3,16,"LOW",,,,"INSUFFICIENT_SAMPLE","ROOKIE_OR_NO_PRIOR_SEASON",0,0,"INSUFFICIENT_SAMPLE",0.381029220113503,0.377167277167277,,"INSUFFICIENT_SAMPLE","ROOKIE_OR_NO_PRIOR_SEASON",3,16,"LOW",,,,,,,,,,,,,,,,,0.271737957892646,0.261111111111111,,"INSUFFICIENT_SAMPLE","ROOKIE_OR_NO_PRIOR_SEASON",3,4,"LOW",,,,,,,,
4,"00-0041040","13301","Antonio Williams","WR","WAS",2026,3,"WAS",3,"rosters_weekly",0.431423847258185,0.42743225522288,,"INSUFFICIENT_SAMPLE","ROOKIE_OR_NO_PRIOR_SEASON",3,89,"LOW",0.0906885462218595,0.0893471749362802,,"INSUFFICIENT_SAMPLE","ROOKIE_OR_NO_PRIOR_SEASON",3,11,"LOW",0.148584889117049,0.142582413922418,,"INSUFFICIENT_SAMPLE","ROOKIE_OR_NO_PRIOR_SEASON",3,11,"LOW",,,,"INSUFFICIENT_SAMPLE","ROOKIE_OR_NO_PRIOR_SEASON",0,0,"INSUFFICIENT_SAMPLE",0.159267092741238,0.162222222222222,,"INSUFFICIENT_SAMPLE","ROOKIE_OR_NO_PRIOR_SEASON",3,11,"LOW",,,,,,,,,,,,,,,,,0.0503424265913303,0.0740740740740741,,"INSUFFICIENT_SAMPLE","ROOKIE_OR_NO_PRIOR_SEASON",3,2,"LOW",,,,,,,,
4,"00-0041041","13319","Oscar Delp","TE","NO",2026,3,"NO",2,"rosters_weekly",0.166465088954118,0.161758773699072,,"INSUFFICIENT_SAMPLE","ROOKIE_OR_NO_PRIOR_SEASON",2,23,"LOW",0.00986222767554988,0.0119047619047619,,"INSUFFICIENT_SAMPLE","ROOKIE_OR_NO_PRIOR_SEASON",2,1,"LOW",0.0136126522845618,0.0164319248826291,,"INSUFFICIENT_SAMPLE","ROOKIE_OR_NO_PRIOR_SEASON",2,1,"LOW",,,,"INSUFFICIENT_SAMPLE","ROOKIE_OR_NO_PRIOR_SEASON",0,0,"INSUFFICIENT_SAMPLE",0.082842712474619,0.1,,"INSUFFICIENT_SAMPLE","ROOKIE_OR_NO_PRIOR_SEASON",2,1,"LOW",,,,,,,,,,,,,,,,,0,0,,"INSUFFICIENT_SAMPLE","ROOKIE_OR_NO_PRIOR_SEASON",2,0,"INSUFFICIENT_SAMPLE",,,,,,,,
4,"00-0041042","13285","Malachi Fields","WR","NYG",2026,3,"NYG",3,"rosters_weekly",0.747676058971227,0.755444427858221,,"INSUFFICIENT_SAMPLE","ROOKIE_OR_NO_PRIOR_SEASON",3,141,"LOW",0.115942935886785,0.122238255571589,,"INSUFFICIENT_SAMPLE","ROOKIE_OR_NO_PRIOR_SEASON",3,12,"LOW",0.225374432922012,0.251614164727475,,"INSUFFICIENT_SAMPLE","ROOKIE_OR_NO_PRIOR_SEASON",3,12,"LOW",,,,"INSUFFICIENT_SAMPLE","ROOKIE_OR_NO_PRIOR_SEASON",0,0,"INSUFFICIENT_SAMPLE",0.283790970727534,0.298290598290598,,"INSUFFICIENT_SAMPLE","ROOKIE_OR_NO_PRIOR_SEASON",3,12,"LOW",,,,,,,,,,,,,,,,,0,0,,"INSUFFICIENT_SAMPLE","ROOKIE_OR_NO_PRIOR_SEASON",3,0,"INSUFFICIENT_SAMPLE",,,,,,,,
4,"00-0041044","13320","Zachariah Branch","WR","ATL",2026,3,"ATL",3,"rosters_weekly",0.218329598875458,0.230434782608696,,"INSUFFICIENT_SAMPLE","ROOKIE_OR_NO_PRIOR_SEASON",3,45,"LOW",0.0468751814999076,0.0392486683487525,,"INSUFFICIENT_SAMPLE","ROOKIE_OR_NO_PRIOR_SEASON",3,4,"LOW",0.0254259718668585,0.0144077216383155,,"INSUFFICIENT_SAMPLE","ROOKIE_OR_NO_PRIOR_SEASON",3,4,"LOW",,,,"INSUFFICIENT_SAMPLE","ROOKIE_OR_NO_PRIOR_SEASON",0,0,"INSUFFICIENT_SAMPLE",0.0880338667109822,0.0762527233115468,,"INSUFFICIENT_SAMPLE","ROOKIE_OR_NO_PRIOR_SEASON",3,4,"LOW",,,,,,,,,,,,,,,,,0,0,,"INSUFFICIENT_SAMPLE","ROOKIE_OR_NO_PRIOR_SEASON",1,0,"INSUFFICIENT_SAMPLE",,,,,,,,
4,"00-0041048","13317","Ted Hurst","WR","TB",2026,3,"TB",3,"rosters_weekly",0.75199031395921,0.753313956574826,,"INSUFFICIENT_SAMPLE","ROOKIE_OR_NO_PRIOR_SEASON",3,143,"LOW",0.0967655695327944,0.0999045915324985,,"INSUFFICIENT_SAMPLE","ROOKIE_OR_NO_PRIOR_SEASON",3,13,"LOW",0.24585330873223,0.254127778568016,,"INSUFFICIENT_SAMPLE","ROOKIE_OR_NO_PRIOR_SEASON",3,13,"LOW",,,,"INSUFFICIENT_SAMPLE","ROOKIE_OR_NO_PRIOR_SEASON",0,0,"INSUFFICIENT_SAMPLE",0.238117440946876,0.246867167919799,,"INSUFFICIENT_SAMPLE","ROOKIE_OR_NO_PRIOR_SEASON",3,13,"LOW",,,,,,,,,,,,,,,,,0.0582504074576438,0.0606060606060606,,"INSUFFICIENT_SAMPLE","ROOKIE_OR_NO_PRIOR_SEASON",3,2,"LOW",,,,,,,,
4,"00-0041051","13411","Zavion Thomas","WR","CHI",2026,3,"CHI",3,"rosters_weekly",0.060558240294798,0.0472276581865623,,"INSUFFICIENT_SAMPLE","ROOKIE_OR_NO_PRIOR_SEASON",3,10,"LOW",0.0119232062979467,0.0087719298245614,,"INSUFFICIENT_SAMPLE","ROOKIE_OR_NO_PRIOR_SEASON",3,1,"LOW",-0.00867142276214302,-0.00637958532695375,,"INSUFFICIENT_SAMPLE","ROOKIE_OR_NO_PRIOR_SEASON",3,1,"LOW",,,,"INSUFFICIENT_SAMPLE","ROOKIE_OR_NO_PRIOR_SEASON",0,0,"INSUFFICIENT_SAMPLE",0.0181232735728789,0.0133333333333333,,"INSUFFICIENT_SAMPLE","ROOKIE_OR_NO_PRIOR_SEASON",3,1,"LOW",,,,,,,,,,,,,,,,,0,0,,"INSUFFICIENT_SAMPLE","ROOKIE_OR_NO_PRIOR_SEASON",3,0,"INSUFFICIENT_SAMPLE",,,,,,,,
4,"00-0041052","13414","Kaelon Black","RB","SF",2026,3,"SF",3,"rosters_weekly",0.274904831241681,0.307237542331882,,"INSUFFICIENT_SAMPLE","ROOKIE_OR_NO_PRIOR_SEASON",3,53,"LOW",0.0207382707623396,0.019761697181052,,"INSUFFICIENT_SAMPLE","ROOKIE_OR_NO_PRIOR_SEASON",3,2,"LOW",-0.0153075177417824,-0.0168546165669847,,"INSUFFICIENT_SAMPLE","ROOKIE_OR_NO_PRIOR_SEASON",3,2,"LOW",,,,"INSUFFICIENT_SAMPLE","ROOKIE_OR_NO_PRIOR_SEASON",0,0,"INSUFFICIENT_SAMPLE",,,,,,,,,0.293155092902125,0.328722002635046,,"INSUFFICIENT_SAMPLE","ROOKIE_OR_NO_PRIOR_SEASON",3,25,"LOW",0.334326933858162,0.375730994152047,,"INSUFFICIENT_SAMPLE","ROOKIE_OR_NO_PRIOR_SEASON",3,25,"LOW",0,0,,"INSUFFICIENT_SAMPLE","ROOKIE_OR_NO_PRIOR_SEASON",3,0,"INSUFFICIENT_SAMPLE",0.288025149401136,0.244444444444444,,"INSUFFICIENT_SAMPLE","ROOKIE_OR_NO_PRIOR_SEASON",3,4,"LOW"
4,"00-0041067","13420","Bryce Lance","WR","NO",2026,3,"NO",3,"rosters_weekly",0.740534076040652,0.739605192984365,,"INSUFFICIENT_SAMPLE","ROOKIE_OR_NO_PRIOR_SEASON",3,169,"LOW",0.053710337834963,0.054465628933714,,"INSUFFICIENT_SAMPLE","ROOKIE_OR_NO_PRIOR_SEASON",3,9,"LOW",0.115330602091198,0.102347138054035,,"INSUFFICIENT_SAMPLE","ROOKIE_OR_NO_PRIOR_SEASON",3,9,"LOW",,,,"INSUFFICIENT_SAMPLE","ROOKIE_OR_NO_PRIOR_SEASON",0,0,"INSUFFICIENT_SAMPLE",0.120597869393239,0.124726800165397,,"INSUFFICIENT_SAMPLE","ROOKIE_OR_NO_PRIOR_SEASON",3,9,"LOW",,,,,,,,,,,,,,,,,0.0226540919660986,0.0333333333333333,,"INSUFFICIENT_SAMPLE","ROOKIE_OR_NO_PRIOR_SEASON",3,1,"LOW",,,,,,,,
4,"00-0041069","13477","Colbie Young","WR","CIN",2026,3,"CIN",3,"rosters_weekly",0.094613020012653,0.109964175976665,,"INSUFFICIENT_SAMPLE","ROOKIE_OR_NO_PRIOR_SEASON",3,20,"LOW",0.0199501443748575,0.0173893405600723,,"INSUFFICIENT_SAMPLE","ROOKIE_OR_NO_PRIOR_SEASON",3,2,"LOW",0.0128607001304078,0.0128476949286198,,"INSUFFICIENT_SAMPLE","ROOKIE_OR_NO_PRIOR_SEASON",3,2,"LOW",,,,"INSUFFICIENT_SAMPLE","ROOKIE_OR_NO_PRIOR_SEASON",0,0,"INSUFFICIENT_SAMPLE",0.0326858754372899,0.0284848484848485,,"INSUFFICIENT_SAMPLE","ROOKIE_OR_NO_PRIOR_SEASON",3,2,"LOW",,,,,,,,,,,,,,,,,0,0,,"INSUFFICIENT_SAMPLE","ROOKIE_OR_NO_PRIOR_SEASON",3,0,"INSUFFICIENT_SAMPLE",,,,,,,,
4,"00-0041077","13400","Justin Joly","TE","MIA",2026,3,"MIA",1,"rosters_weekly",0,0,,"INSUFFICIENT_SAMPLE","ROOKIE_OR_NO_PRIOR_SEASON",1,0,"INSUFFICIENT_SAMPLE",0,0,,"INSUFFICIENT_SAMPLE","ROOKIE_OR_NO_PRIOR_SEASON",1,0,"INSUFFICIENT_SAMPLE",0,0,,"INSUFFICIENT_SAMPLE","ROOKIE_OR_NO_PRIOR_SEASON",1,0,"INSUFFICIENT_SAMPLE",,,,"INSUFFICIENT_SAMPLE","ROOKIE_OR_NO_PRIOR_SEASON",0,0,"INSUFFICIENT_SAMPLE",0,0,,"INSUFFICIENT_SAMPLE","ROOKIE_OR_NO_PRIOR_SEASON",1,0,"INSUFFICIENT_SAMPLE",,,,,,,,,,,,,,,,,0,0,,"INSUFFICIENT_SAMPLE","ROOKIE_OR_NO_PRIOR_SEASON",1,0,"INSUFFICIENT_SAMPLE",,,,,,,,
4,"00-0041081",,"Max Bredeson","RB","MIN",2026,3,"MIN",3,"rosters_weekly",0.269225504721495,0.294503792180118,,"INSUFFICIENT_SAMPLE","ROOKIE_OR_NO_PRIOR_SEASON",3,51,"LOW",0,0,,"INSUFFICIENT_SAMPLE","ROOKIE_OR_NO_PRIOR_SEASON",3,0,"INSUFFICIENT_SAMPLE",0,0,,"INSUFFICIENT_SAMPLE","ROOKIE_OR_NO_PRIOR_SEASON",3,0,"INSUFFICIENT_SAMPLE",,,,"INSUFFICIENT_SAMPLE","ROOKIE_OR_NO_PRIOR_SEASON",0,0,"INSUFFICIENT_SAMPLE",,,,,,,,,0,0,,"INSUFFICIENT_SAMPLE","ROOKIE_OR_NO_PRIOR_SEASON",3,0,"INSUFFICIENT_SAMPLE",0,0,,"INSUFFICIENT_SAMPLE","ROOKIE_OR_NO_PRIOR_SEASON",3,0,"INSUFFICIENT_SAMPLE",0,0,,"INSUFFICIENT_SAMPLE","ROOKIE_OR_NO_PRIOR_SEASON",2,0,"INSUFFICIENT_SAMPLE",0,0,,"INSUFFICIENT_SAMPLE","ROOKIE_OR_NO_PRIOR_SEASON",1,0,"INSUFFICIENT_SAMPLE"
4,"00-0041084","13408","Tanner Koziol","TE","JAX",2026,3,"JAX",1,"rosters_weekly",0.0491803278688525,0.0491803278688525,,"INSUFFICIENT_SAMPLE","ROOKIE_OR_NO_PRIOR_SEASON",1,3,"LOW",0,0,,"INSUFFICIENT_SAMPLE","ROOKIE_OR_NO_PRIOR_SEASON",1,0,"INSUFFICIENT_SAMPLE",0,0,,"INSUFFICIENT_SAMPLE","ROOKIE_OR_NO_PRIOR_SEASON",1,0,"INSUFFICIENT_SAMPLE",,,,"INSUFFICIENT_SAMPLE","ROOKIE_OR_NO_PRIOR_SEASON",0,0,"INSUFFICIENT_SAMPLE",0,0,,"INSUFFICIENT_SAMPLE","ROOKIE_OR_NO_PRIOR_SEASON",1,0,"INSUFFICIENT_SAMPLE",,,,,,,,,,,,,,,,,0,0,,"INSUFFICIENT_SAMPLE","ROOKIE_OR_NO_PRIOR_SEASON",1,0,"INSUFFICIENT_SAMPLE",,,,,,,,
4,"00-0041094","13308","Bauer Sharp","TE","TB",2026,3,"TB",3,"rosters_weekly",0.0582304362690753,0.0503225035833731,,"INSUFFICIENT_SAMPLE","ROOKIE_OR_NO_PRIOR_SEASON",3,10,"LOW",0,0,,"INSUFFICIENT_SAMPLE","ROOKIE_OR_NO_PRIOR_SEASON",3,0,"INSUFFICIENT_SAMPLE",0,0,,"INSUFFICIENT_SAMPLE","ROOKIE_OR_NO_PRIOR_SEASON",3,0,"INSUFFICIENT_SAMPLE",,,,"INSUFFICIENT_SAMPLE","ROOKIE_OR_NO_PRIOR_SEASON",0,0,"INSUFFICIENT_SAMPLE",0,0,,"INSUFFICIENT_SAMPLE","ROOKIE_OR_NO_PRIOR_SEASON",3,0,"INSUFFICIENT_SAMPLE",,,,,,,,,,,,,,,,,0,0,,"INSUFFICIENT_SAMPLE","ROOKIE_OR_NO_PRIOR_SEASON",3,0,"INSUFFICIENT_SAMPLE",,,,,,,,
4,"00-0041096","13405","Kaytron Allen","RB","WAS",2026,3,"WAS",3,"rosters_weekly",0.0497282250097922,0.0615023474178404,,"INSUFFICIENT_SAMPLE","ROOKIE_OR_NO_PRIOR_SEASON",3,13,"LOW",0,0,,"INSUFFICIENT_SAMPLE","ROOKIE_OR_NO_PRIOR_SEASON",3,0,"INSUFFICIENT_SAMPLE",0,0,,"INSUFFICIENT_SAMPLE","ROOKIE_OR_NO_PRIOR_SEASON",3,0,"INSUFFICIENT_SAMPLE",,,,"INSUFFICIENT_SAMPLE","ROOKIE_OR_NO_PRIOR_SEASON",0,0,"INSUFFICIENT_SAMPLE",,,,,,,,,0.0953224716049235,0.11264367816092,,"INSUFFICIENT_SAMPLE","ROOKIE_OR_NO_PRIOR_SEASON",3,9,"LOW",0.10030687627277,0.118827160493827,,"INSUFFICIENT_SAMPLE","ROOKIE_OR_NO_PRIOR_SEASON",3,9,"LOW",0,0,,"INSUFFICIENT_SAMPLE","ROOKIE_OR_NO_PRIOR_SEASON",3,0,"INSUFFICIENT_SAMPLE",0.0970889655689942,0.142857142857143,,"INSUFFICIENT_SAMPLE","ROOKIE_OR_NO_PRIOR_SEASON",3,3,"LOW"
4,"00-0041099","13533","Barion Brown","WR","NO",2026,2,"NO",2,"rosters_weekly",0.0500647571106105,0.0542512158309576,,"INSUFFICIENT_SAMPLE","ROOKIE_OR_NO_PRIOR_SEASON",2,9,"LOW",0,0,,"INSUFFICIENT_SAMPLE","ROOKIE_OR_NO_PRIOR_SEASON",2,0,"INSUFFICIENT_SAMPLE",0,0,,"INSUFFICIENT_SAMPLE","ROOKIE_OR_NO_PRIOR_SEASON",2,0,"INSUFFICIENT_SAMPLE",,,,"INSUFFICIENT_SAMPLE","ROOKIE_OR_NO_PRIOR_SEASON",0,0,"INSUFFICIENT_SAMPLE",0,0,,"INSUFFICIENT_SAMPLE","ROOKIE_OR_NO_PRIOR_SEASON",2,0,"INSUFFICIENT_SAMPLE",,,,,,,,,,,,,,,,,0,0,,"INSUFFICIENT_SAMPLE","ROOKIE_OR_NO_PRIOR_SEASON",2,0,"INSUFFICIENT_SAMPLE",,,,,,,,
4,"00-0041100","13394","Josh Cameron","WR","JAX",2026,3,"JAX",3,"rosters_weekly",0.303939185076906,0.298522566282129,,"INSUFFICIENT_SAMPLE","ROOKIE_OR_NO_PRIOR_SEASON",3,52,"LOW",0.0464408885305022,0.0475,,"INSUFFICIENT_SAMPLE","ROOKIE_OR_NO_PRIOR_SEASON",3,4,"LOW",0.0671925776404946,0.0618304254667891,,"INSUFFICIENT_SAMPLE","ROOKIE_OR_NO_PRIOR_SEASON",3,4,"LOW",,,,"INSUFFICIENT_SAMPLE","ROOKIE_OR_NO_PRIOR_SEASON",0,0,"INSUFFICIENT_SAMPLE",0.0889982184382447,0.0892857142857143,,"INSUFFICIENT_SAMPLE","ROOKIE_OR_NO_PRIOR_SEASON",3,4,"LOW",,,,,,,,,,,,,,,,,0.15857864376269,0.2,,"INSUFFICIENT_SAMPLE","ROOKIE_OR_NO_PRIOR_SEASON",3,2,"LOW",,,,,,,,
4,"00-0041104","13347","Demond Claiborne","RB","MIN",2026,3,"MIN",2,"rosters_weekly",0.0457170419262785,0.0446544980443286,,"INSUFFICIENT_SAMPLE","ROOKIE_OR_NO_PRIOR_SEASON",2,5,"LOW",0.0165685424949238,0.02,,"INSUFFICIENT_SAMPLE","ROOKIE_OR_NO_PRIOR_SEASON",2,1,"LOW",-0.0184681206153609,-0.0222929936305732,,"INSUFFICIENT_SAMPLE","ROOKIE_OR_NO_PRIOR_SEASON",2,1,"LOW",,,,"INSUFFICIENT_SAMPLE","ROOKIE_OR_NO_PRIOR_SEASON",0,0,"INSUFFICIENT_SAMPLE",,,,,,,,,0.0798799687673052,0.0681818181818182,,"INSUFFICIENT_SAMPLE","ROOKIE_OR_NO_PRIOR_SEASON",2,3,"LOW",0.0836837768038436,0.0714285714285714,,"INSUFFICIENT_SAMPLE","ROOKIE_OR_NO_PRIOR_SEASON",2,3,"LOW",0,0,,"INSUFFICIENT_SAMPLE","ROOKIE_OR_NO_PRIOR_SEASON",1,0,"INSUFFICIENT_SAMPLE",,,,"INSUFFICIENT_SAMPLE","ROOKIE_OR_NO_PRIOR_SEASON",0,0,"INSUFFICIENT_SAMPLE"
4,"00-0041106","13554","C.J. Williams","WR","JAX",2026,1,"JAX",1,"rosters_weekly",0.185185185185185,0.185185185185185,,"INSUFFICIENT_SAMPLE","ROOKIE_OR_NO_PRIOR_SEASON",1,10,"MEDIUM",0,0,,"INSUFFICIENT_SAMPLE","ROOKIE_OR_NO_PRIOR_SEASON",1,0,"INSUFFICIENT_SAMPLE",0,0,,"INSUFFICIENT_SAMPLE","ROOKIE_OR_NO_PRIOR_SEASON",1,0,"INSUFFICIENT_SAMPLE",,,,"INSUFFICIENT_SAMPLE","ROOKIE_OR_NO_PRIOR_SEASON",0,0,"INSUFFICIENT_SAMPLE",0,0,,"INSUFFICIENT_SAMPLE","ROOKIE_OR_NO_PRIOR_SEASON",1,0,"INSUFFICIENT_SAMPLE",,,,,,,,,,,,,,,,,0,0,,"INSUFFICIENT_SAMPLE","ROOKIE_OR_NO_PRIOR_SEASON",1,0,"INSUFFICIENT_SAMPLE",,,,,,,,
4,"00-0041116","13282","Jack Endries","TE","CIN",2026,2,"CIN",1,"rosters_weekly",0.0169491525423729,0.0169491525423729,,"INSUFFICIENT_SAMPLE","ROOKIE_OR_NO_PRIOR_SEASON",1,1,"LOW",0,0,,"INSUFFICIENT_SAMPLE","ROOKIE_OR_NO_PRIOR_SEASON",1,0,"INSUFFICIENT_SAMPLE",0,0,,"INSUFFICIENT_SAMPLE","ROOKIE_OR_NO_PRIOR_SEASON",1,0,"INSUFFICIENT_SAMPLE",,,,"INSUFFICIENT_SAMPLE","ROOKIE_OR_NO_PRIOR_SEASON",0,0,"INSUFFICIENT_SAMPLE",0,0,,"INSUFFICIENT_SAMPLE","ROOKIE_OR_NO_PRIOR_SEASON",1,0,"INSUFFICIENT_SAMPLE",,,,,,,,,,,,,,,,,0,0,,"INSUFFICIENT_SAMPLE","ROOKIE_OR_NO_PRIOR_SEASON",1,0,"INSUFFICIENT_SAMPLE",,,,,,,,
4,"00-0041125","13424","Seth McGowan","RB","IND",2026,3,"IND",3,"rosters_weekly",0.115082513742913,0.10919305003812,,"INSUFFICIENT_SAMPLE","ROOKIE_OR_NO_PRIOR_SEASON",3,21,"LOW",0.00647259770459961,0.00952380952380952,,"INSUFFICIENT_SAMPLE","ROOKIE_OR_NO_PRIOR_SEASON",3,1,"LOW",-0.00225413850408942,-0.0033167495854063,,"INSUFFICIENT_SAMPLE","ROOKIE_OR_NO_PRIOR_SEASON",3,1,"LOW",,,,"INSUFFICIENT_SAMPLE","ROOKIE_OR_NO_PRIOR_SEASON",0,0,"INSUFFICIENT_SAMPLE",,,,,,,,,0.0817693946440658,0.0666666666666667,,"INSUFFICIENT_SAMPLE","ROOKIE_OR_NO_PRIOR_SEASON",3,6,"LOW",0.0917676386102641,0.0750237416904084,,"INSUFFICIENT_SAMPLE","ROOKIE_OR_NO_PRIOR_SEASON",3,6,"LOW",0,0,,"INSUFFICIENT_SAMPLE","ROOKIE_OR_NO_PRIOR_SEASON",3,0,"INSUFFICIENT_SAMPLE",0.151027279773991,0.111111111111111,,"INSUFFICIENT_SAMPLE","ROOKIE_OR_NO_PRIOR_SEASON",3,1,"LOW"
4,"00-0041131","13580","Carsen Ryan","TE","CLE",2026,3,"CLE",3,"rosters_weekly",0.00572102216101858,0.00595238095238095,,"INSUFFICIENT_SAMPLE","ROOKIE_OR_NO_PRIOR_SEASON",3,1,"LOW",0,0,,"INSUFFICIENT_SAMPLE","ROOKIE_OR_NO_PRIOR_SEASON",3,0,"INSUFFICIENT_SAMPLE",0,0,,"INSUFFICIENT_SAMPLE","ROOKIE_OR_NO_PRIOR_SEASON",3,0,"INSUFFICIENT_SAMPLE",,,,"INSUFFICIENT_SAMPLE","ROOKIE_OR_NO_PRIOR_SEASON",0,0,"INSUFFICIENT_SAMPLE",0,0,,"INSUFFICIENT_SAMPLE","ROOKIE_OR_NO_PRIOR_SEASON",3,0,"INSUFFICIENT_SAMPLE",,,,,,,,,,,,,,,,,0,0,,"INSUFFICIENT_SAMPLE","ROOKIE_OR_NO_PRIOR_SEASON",3,0,"INSUFFICIENT_SAMPLE",,,,,,,,
4,"00-0041132","13333","Deion Burks","WR","IND",2026,3,"IND",3,"rosters_weekly",0.0786009854595692,0.0623329721921271,,"INSUFFICIENT_SAMPLE","ROOKIE_OR_NO_PRIOR_SEASON",3,13,"LOW",0,0,,"INSUFFICIENT_SAMPLE","ROOKIE_OR_NO_PRIOR_SEASON",3,0,"INSUFFICIENT_SAMPLE",0,0,,"INSUFFICIENT_SAMPLE","ROOKIE_OR_NO_PRIOR_SEASON",3,0,"INSUFFICIENT_SAMPLE",,,,"INSUFFICIENT_SAMPLE","ROOKIE_OR_NO_PRIOR_SEASON",0,0,"INSUFFICIENT_SAMPLE",0,0,,"INSUFFICIENT_SAMPLE","ROOKIE_OR_NO_PRIOR_SEASON",3,0,"INSUFFICIENT_SAMPLE",,,,,,,,,,,,,,,,,0,0,,"INSUFFICIENT_SAMPLE","ROOKIE_OR_NO_PRIOR_SEASON",3,0,"INSUFFICIENT_SAMPLE",,,,,,,,
4,"00-0041194",,"Jack Strand","QB","ATL",2026,2,"ATL",1,"rosters_weekly",0.420289855072464,0.420289855072464,,"INSUFFICIENT_SAMPLE","ROOKIE_OR_NO_PRIOR_SEASON",1,29,"MEDIUM",,,,,,,,,,,,,,,,,,,,,,,,,,,,,,,,,0,0,,"INSUFFICIENT_SAMPLE","ROOKIE_OR_NO_PRIOR_SEASON",1,0,"INSUFFICIENT_SAMPLE",,,,,,,,,,,,,,,,,,,,"INSUFFICIENT_SAMPLE","ROOKIE_OR_NO_PRIOR_SEASON",0,0,"INSUFFICIENT_SAMPLE"
4,"00-0041251","13425","Jalon Daniels","QB","TB",2026,3,"TB",1,"rosters_weekly",0.0579710144927536,0.0579710144927536,,"INSUFFICIENT_SAMPLE","ROOKIE_OR_NO_PRIOR_SEASON",1,4,"LOW",,,,,,,,,,,,,,,,,,,,,,,,,,,,,,,,,0,0,,"INSUFFICIENT_SAMPLE","ROOKIE_OR_NO_PRIOR_SEASON",1,0,"INSUFFICIENT_SAMPLE",,,,,,,,,,,,,,,,,0,0,,"INSUFFICIENT_SAMPLE","ROOKIE_OR_NO_PRIOR_SEASON",1,0,"INSUFFICIENT_SAMPLE"
4,"00-0041292","13981","Kolbe Katsis","WR","DEN",2026,3,"DEN",1,"rosters_weekly",0,0,,"INSUFFICIENT_SAMPLE","ROOKIE_OR_NO_PRIOR_SEASON",1,0,"INSUFFICIENT_SAMPLE",0,0,,"INSUFFICIENT_SAMPLE","ROOKIE_OR_NO_PRIOR_SEASON",1,0,"INSUFFICIENT_SAMPLE",0,0,,"INSUFFICIENT_SAMPLE","ROOKIE_OR_NO_PRIOR_SEASON",1,0,"INSUFFICIENT_SAMPLE",,,,"INSUFFICIENT_SAMPLE","ROOKIE_OR_NO_PRIOR_SEASON",0,0,"INSUFFICIENT_SAMPLE",0,0,,"INSUFFICIENT_SAMPLE","ROOKIE_OR_NO_PRIOR_SEASON",1,0,"INSUFFICIENT_SAMPLE",,,,,,,,,,,,,,,,,0,0,,"INSUFFICIENT_SAMPLE","ROOKIE_OR_NO_PRIOR_SEASON",1,0,"INSUFFICIENT_SAMPLE",,,,,,,,
4,"00-0041314","13827","Tanner Arkin","TE","NE",2026,3,"NE",2,"rosters_weekly",0.139472961339739,0.119047619047619,,"INSUFFICIENT_SAMPLE","ROOKIE_OR_NO_PRIOR_SEASON",2,15,"LOW",0,0,,"INSUFFICIENT_SAMPLE","ROOKIE_OR_NO_PRIOR_SEASON",2,0,"INSUFFICIENT_SAMPLE",0,0,,"INSUFFICIENT_SAMPLE","ROOKIE_OR_NO_PRIOR_SEASON",2,0,"INSUFFICIENT_SAMPLE",,,,"INSUFFICIENT_SAMPLE","ROOKIE_OR_NO_PRIOR_SEASON",0,0,"INSUFFICIENT_SAMPLE",0,0,,"INSUFFICIENT_SAMPLE","ROOKIE_OR_NO_PRIOR_SEASON",2,0,"INSUFFICIENT_SAMPLE",,,,,,,,,,,,,,,,,0,0,,"INSUFFICIENT_SAMPLE","ROOKIE_OR_NO_PRIOR_SEASON",2,0,"INSUFFICIENT_SAMPLE",,,,,,,,
4,"00-0041326","13277","CJ Donaldson","RB","NO",2026,3,"NO",3,"rosters_weekly",0.207288781894827,0.209736316897142,,"INSUFFICIENT_SAMPLE","ROOKIE_OR_NO_PRIOR_SEASON",3,47,"LOW",0.00686487635336323,0.0101010101010101,,"INSUFFICIENT_SAMPLE","ROOKIE_OR_NO_PRIOR_SEASON",3,2,"LOW",0.00235000954005173,0.00345781466113416,,"INSUFFICIENT_SAMPLE","ROOKIE_OR_NO_PRIOR_SEASON",3,2,"LOW",,,,"INSUFFICIENT_SAMPLE","ROOKIE_OR_NO_PRIOR_SEASON",0,0,"INSUFFICIENT_SAMPLE",,,,,,,,,0.0492951089097616,0.0546645195920558,,"INSUFFICIENT_SAMPLE","ROOKIE_OR_NO_PRIOR_SEASON",3,4,"LOW",0.0562968608834039,0.0632228719948018,,"INSUFFICIENT_SAMPLE","ROOKIE_OR_NO_PRIOR_SEASON",3,4,"LOW",0,0,,"INSUFFICIENT_SAMPLE","ROOKIE_OR_NO_PRIOR_SEASON",3,0,"INSUFFICIENT_SAMPLE",0.0906163678643946,0.0666666666666667,,"INSUFFICIENT_SAMPLE","ROOKIE_OR_NO_PRIOR_SEASON",3,1,"LOW"
4,"00-0041342","13621","Dillon Bell","WR","MIN",2026,2,"MIN",1,"rosters_weekly",0,0,,"INSUFFICIENT_SAMPLE","ROOKIE_OR_NO_PRIOR_SEASON",1,0,"INSUFFICIENT_SAMPLE",0,0,,"INSUFFICIENT_SAMPLE","ROOKIE_OR_NO_PRIOR_SEASON",1,0,"INSUFFICIENT_SAMPLE",0,0,,"INSUFFICIENT_SAMPLE","ROOKIE_OR_NO_PRIOR_SEASON",1,0,"INSUFFICIENT_SAMPLE",,,,"INSUFFICIENT_SAMPLE","ROOKIE_OR_NO_PRIOR_SEASON",0,0,"INSUFFICIENT_SAMPLE",0,0,,"INSUFFICIENT_SAMPLE","ROOKIE_OR_NO_PRIOR_SEASON",1,0,"INSUFFICIENT_SAMPLE",,,,,,,,,,,,,,,,,0,0,,"INSUFFICIENT_SAMPLE","ROOKIE_OR_NO_PRIOR_SEASON",1,0,"INSUFFICIENT_SAMPLE",,,,,,,,
4,"00-0041395","13421","Eli Raridon","TE","NE",2026,2,"NE",2,"rosters_weekly",0.343270083020469,0.371379218708477,,"INSUFFICIENT_SAMPLE","ROOKIE_OR_NO_PRIOR_SEASON",2,49,"LOW",0.0296134769313508,0.0286050156739812,,"INSUFFICIENT_SAMPLE","ROOKIE_OR_NO_PRIOR_SEASON",2,2,"LOW",0.0784661968865755,0.0683003970819097,,"INSUFFICIENT_SAMPLE","ROOKIE_OR_NO_PRIOR_SEASON",2,2,"LOW",,,,"INSUFFICIENT_SAMPLE","ROOKIE_OR_NO_PRIOR_SEASON",0,0,"INSUFFICIENT_SAMPLE",0.201184463531091,0.208333333333333,,"INSUFFICIENT_SAMPLE","ROOKIE_OR_NO_PRIOR_SEASON",2,2,"LOW",,,,,,,,,,,,,,,,,0.207106781186548,0.25,,"INSUFFICIENT_SAMPLE","ROOKIE_OR_NO_PRIOR_SEASON",2,1,"LOW",,,,,,,,
4,"00-0041397","13491","Kaden Wetjen","WR","PIT",2026,3,"PIT",3,"rosters_weekly",0,0,,"INSUFFICIENT_SAMPLE","ROOKIE_OR_NO_PRIOR_SEASON",3,0,"INSUFFICIENT_SAMPLE",0,0,,"INSUFFICIENT_SAMPLE","ROOKIE_OR_NO_PRIOR_SEASON",3,0,"INSUFFICIENT_SAMPLE",0,0,,"INSUFFICIENT_SAMPLE","ROOKIE_OR_NO_PRIOR_SEASON",3,0,"INSUFFICIENT_SAMPLE",,,,"INSUFFICIENT_SAMPLE","ROOKIE_OR_NO_PRIOR_SEASON",0,0,"INSUFFICIENT_SAMPLE",0,0,,"INSUFFICIENT_SAMPLE","ROOKIE_OR_NO_PRIOR_SEASON",3,0,"INSUFFICIENT_SAMPLE",,,,,,,,,,,,,,,,,0,0,,"INSUFFICIENT_SAMPLE","ROOKIE_OR_NO_PRIOR_SEASON",3,0,"INSUFFICIENT_SAMPLE",,,,,,,,
4,"00-0041398","13433","Riley Nowakowski","RB","PIT",2026,3,"PIT",3,"rosters_weekly",0.0677530076359084,0.0731483206059477,,"INSUFFICIENT_SAMPLE","ROOKIE_OR_NO_PRIOR_SEASON",3,14,"LOW",0,0,,"INSUFFICIENT_SAMPLE","ROOKIE_OR_NO_PRIOR_SEASON",3,0,"INSUFFICIENT_SAMPLE",0,0,,"INSUFFICIENT_SAMPLE","ROOKIE_OR_NO_PRIOR_SEASON",3,0,"INSUFFICIENT_SAMPLE",,,,"INSUFFICIENT_SAMPLE","ROOKIE_OR_NO_PRIOR_SEASON",0,0,"INSUFFICIENT_SAMPLE",,,,,,,,,0,0,,"INSUFFICIENT_SAMPLE","ROOKIE_OR_NO_PRIOR_SEASON",3,0,"INSUFFICIENT_SAMPLE",0,0,,"INSUFFICIENT_SAMPLE","ROOKIE_OR_NO_PRIOR_SEASON",1,0,"INSUFFICIENT_SAMPLE",0,0,,"INSUFFICIENT_SAMPLE","ROOKIE_OR_NO_PRIOR_SEASON",3,0,"INSUFFICIENT_SAMPLE",0,0,,"INSUFFICIENT_SAMPLE","ROOKIE_OR_NO_PRIOR_SEASON",2,0,"INSUFFICIENT_SAMPLE"
4,"00-0041415","13315","Dean Connors","RB","LAR",2026,3,"LAR",1,"rosters_weekly",0,0,,"INSUFFICIENT_SAMPLE","ROOKIE_OR_NO_PRIOR_SEASON",1,0,"INSUFFICIENT_SAMPLE",0,0,,"INSUFFICIENT_SAMPLE","ROOKIE_OR_NO_PRIOR_SEASON",1,0,"INSUFFICIENT_SAMPLE",0,0,,"INSUFFICIENT_SAMPLE","ROOKIE_OR_NO_PRIOR_SEASON",1,0,"INSUFFICIENT_SAMPLE",,,,"INSUFFICIENT_SAMPLE","ROOKIE_OR_NO_PRIOR_SEASON",0,0,"INSUFFICIENT_SAMPLE",,,,,,,,,0,0,,"INSUFFICIENT_SAMPLE","ROOKIE_OR_NO_PRIOR_SEASON",1,0,"INSUFFICIENT_SAMPLE",0,0,,"INSUFFICIENT_SAMPLE","ROOKIE_OR_NO_PRIOR_SEASON",1,0,"INSUFFICIENT_SAMPLE",0,0,,"INSUFFICIENT_SAMPLE","ROOKIE_OR_NO_PRIOR_SEASON",1,0,"INSUFFICIENT_SAMPLE",0,0,,"INSUFFICIENT_SAMPLE","ROOKIE_OR_NO_PRIOR_SEASON",1,0,"INSUFFICIENT_SAMPLE"
4,"00-0041436","14026","DJ Herman","RB","MIA",2026,3,"MIA",3,"rosters_weekly",0.320135653345507,0.308641206586412,,"INSUFFICIENT_SAMPLE","ROOKIE_OR_NO_PRIOR_SEASON",3,59,"LOW",0.0310042491306814,0.032258064516129,,"INSUFFICIENT_SAMPLE","ROOKIE_OR_NO_PRIOR_SEASON",3,3,"LOW",0.0682460395065886,0.0710059171597633,,"INSUFFICIENT_SAMPLE","ROOKIE_OR_NO_PRIOR_SEASON",3,3,"LOW",,,,"INSUFFICIENT_SAMPLE","ROOKIE_OR_NO_PRIOR_SEASON",0,0,"INSUFFICIENT_SAMPLE",,,,,,,,,0,0,,"INSUFFICIENT_SAMPLE","ROOKIE_OR_NO_PRIOR_SEASON",3,0,"INSUFFICIENT_SAMPLE",0,0,,"INSUFFICIENT_SAMPLE","ROOKIE_OR_NO_PRIOR_SEASON",3,0,"INSUFFICIENT_SAMPLE",0,0,,"INSUFFICIENT_SAMPLE","ROOKIE_OR_NO_PRIOR_SEASON",3,0,"INSUFFICIENT_SAMPLE",0,0,,"INSUFFICIENT_SAMPLE","ROOKIE_OR_NO_PRIOR_SEASON",3,0,"INSUFFICIENT_SAMPLE"
4,"00-0041438","13279","Carnell Tate","WR","TEN",2026,3,"TEN",3,"rosters_weekly",0.841372444866548,0.839350104821803,,"INSUFFICIENT_SAMPLE","ROOKIE_OR_NO_PRIOR_SEASON",3,137,"LOW",0.202613933688396,0.193589743589744,,"INSUFFICIENT_SAMPLE","ROOKIE_OR_NO_PRIOR_SEASON",3,20,"LOW",0.397000432481707,0.385714285714286,,"INSUFFICIENT_SAMPLE","ROOKIE_OR_NO_PRIOR_SEASON",3,20,"LOW",,,,"INSUFFICIENT_SAMPLE","ROOKIE_OR_NO_PRIOR_SEASON",0,0,"INSUFFICIENT_SAMPLE",0.39368832567289,0.396515151515151,,"INSUFFICIENT_SAMPLE","ROOKIE_OR_NO_PRIOR_SEASON",3,20,"LOW",,,,,,,,,,,,,,,,,0.0647259770459961,0.0476190476190476,,"INSUFFICIENT_SAMPLE","ROOKIE_OR_NO_PRIOR_SEASON",3,1,"LOW",,,,,,,,
4,"00-0041467","13541","Lewis Bond","WR","HOU",2026,3,"HOU",2,"rosters_weekly",0.165792798391618,0.165611814345992,,"INSUFFICIENT_SAMPLE","ROOKIE_OR_NO_PRIOR_SEASON",2,22,"LOW",0.0177511041705123,0.0151515151515152,,"INSUFFICIENT_SAMPLE","ROOKIE_OR_NO_PRIOR_SEASON",2,1,"LOW",0.017486162317221,0.0149253731343284,,"INSUFFICIENT_SAMPLE","ROOKIE_OR_NO_PRIOR_SEASON",2,1,"LOW",,,,"INSUFFICIENT_SAMPLE","ROOKIE_OR_NO_PRIOR_SEASON",0,0,"INSUFFICIENT_SAMPLE",0.039052429175127,0.0333333333333333,,"INSUFFICIENT_SAMPLE","ROOKIE_OR_NO_PRIOR_SEASON",2,1,"LOW",,,,,,,,,,,,,,,,,0,0,,"INSUFFICIENT_SAMPLE","ROOKIE_OR_NO_PRIOR_SEASON",2,0,"INSUFFICIENT_SAMPLE",,,,,,,,
4,"00-0041472","13307","Marlin Klein","TE","HOU",2026,3,"HOU",3,"rosters_weekly",0.0958687499566959,0.100640725113299,,"INSUFFICIENT_SAMPLE","ROOKIE_OR_NO_PRIOR_SEASON",3,22,"LOW",0.00471960249293722,0.00694444444444444,,"INSUFFICIENT_SAMPLE","ROOKIE_OR_NO_PRIOR_SEASON",3,1,"LOW",0.00984960520265158,0.0144927536231884,,"INSUFFICIENT_SAMPLE","ROOKIE_OR_NO_PRIOR_SEASON",3,1,"LOW",,,,"INSUFFICIENT_SAMPLE","ROOKIE_OR_NO_PRIOR_SEASON",0,0,"INSUFFICIENT_SAMPLE",0.0188784099717489,0.0277777777777778,,"INSUFFICIENT_SAMPLE","ROOKIE_OR_NO_PRIOR_SEASON",3,1,"LOW",,,,,,,,,,,,,,,,,0,0,,"INSUFFICIENT_SAMPLE","ROOKIE_OR_NO_PRIOR_SEASON",3,0,"INSUFFICIENT_SAMPLE",,,,,,,,
4,"00-0041489","13274","Germie Bernard","WR","PIT",2026,3,"PIT",3,"rosters_weekly",0.392729714388801,0.37333457502949,,"INSUFFICIENT_SAMPLE","ROOKIE_OR_NO_PRIOR_SEASON",3,75,"LOW",0.0639239713888505,0.0629687772544915,,"INSUFFICIENT_SAMPLE","ROOKIE_OR_NO_PRIOR_SEASON",3,9,"LOW",0.120449189144185,0.120401601672683,,"INSUFFICIENT_SAMPLE","ROOKIE_OR_NO_PRIOR_SEASON",3,9,"LOW",,,,"INSUFFICIENT_SAMPLE","ROOKIE_OR_NO_PRIOR_SEASON",0,0,"INSUFFICIENT_SAMPLE",0.131963626968012,0.12962962962963,,"INSUFFICIENT_SAMPLE","ROOKIE_OR_NO_PRIOR_SEASON",3,9,"LOW",,,,,,,,,,,,,,,,,0.16018862050852,0.166666666666667,,"INSUFFICIENT_SAMPLE","ROOKIE_OR_NO_PRIOR_SEASON",3,1,"LOW",,,,,,,,
4,"00-0041490","13423","Eli Heidenreich","RB","PIT",2026,2,"PIT",2,"rosters_weekly",0.0191175490326044,0.0230769230769231,,"INSUFFICIENT_SAMPLE","ROOKIE_OR_NO_PRIOR_SEASON",2,3,"LOW",0,0,,"INSUFFICIENT_SAMPLE","ROOKIE_OR_NO_PRIOR_SEASON",2,0,"INSUFFICIENT_SAMPLE",0,0,,"INSUFFICIENT_SAMPLE","ROOKIE_OR_NO_PRIOR_SEASON",2,0,"INSUFFICIENT_SAMPLE",,,,"INSUFFICIENT_SAMPLE","ROOKIE_OR_NO_PRIOR_SEASON",0,0,"INSUFFICIENT_SAMPLE",,,,,,,,,0,0,,"INSUFFICIENT_SAMPLE","ROOKIE_OR_NO_PRIOR_SEASON",2,0,"INSUFFICIENT_SAMPLE",0,0,,"INSUFFICIENT_SAMPLE","ROOKIE_OR_NO_PRIOR_SEASON",2,0,"INSUFFICIENT_SAMPLE",0,0,,"INSUFFICIENT_SAMPLE","ROOKIE_OR_NO_PRIOR_SEASON",2,0,"INSUFFICIENT_SAMPLE",0,0,,"INSUFFICIENT_SAMPLE","ROOKIE_OR_NO_PRIOR_SEASON",1,0,"INSUFFICIENT_SAMPLE"
4,"00-0041496","13345","Jonah Coleman","RB","DEN",2026,2,"DEN",2,"rosters_weekly",0.273067405957176,0.241864406779661,,"INSUFFICIENT_SAMPLE","ROOKIE_OR_NO_PRIOR_SEASON",2,28,"LOW",0.0532533125115368,0.0454545454545455,,"INSUFFICIENT_SAMPLE","ROOKIE_OR_NO_PRIOR_SEASON",2,3,"LOW",0,0,,"INSUFFICIENT_SAMPLE","ROOKIE_OR_NO_PRIOR_SEASON",2,3,"LOW",,,,"INSUFFICIENT_SAMPLE","ROOKIE_OR_NO_PRIOR_SEASON",0,0,"INSUFFICIENT_SAMPLE",,,,,,,,,0.225302476010348,0.192307692307692,,"INSUFFICIENT_SAMPLE","ROOKIE_OR_NO_PRIOR_SEASON",2,10,"LOW",0.278945922679479,0.238095238095238,,"INSUFFICIENT_SAMPLE","ROOKIE_OR_NO_PRIOR_SEASON",2,10,"LOW",0,0,,"INSUFFICIENT_SAMPLE","ROOKIE_OR_NO_PRIOR_SEASON",2,0,"INSUFFICIENT_SAMPLE",0.292893218813452,0.25,,"INSUFFICIENT_SAMPLE","ROOKIE_OR_NO_PRIOR_SEASON",2,3,"LOW"
4,"00-0041503","13299","Nate Boerkircher","TE","JAX",2026,3,"JAX",3,"rosters_weekly",0.490200951749,0.51535114349322,,"INSUFFICIENT_SAMPLE","ROOKIE_OR_NO_PRIOR_SEASON",3,89,"LOW",0.0232204442652511,0.02375,,"INSUFFICIENT_SAMPLE","ROOKIE_OR_NO_PRIOR_SEASON",3,2,"LOW",0.0119407243237288,0.0101622283440465,,"INSUFFICIENT_SAMPLE","ROOKIE_OR_NO_PRIOR_SEASON",3,2,"LOW",,,,"INSUFFICIENT_SAMPLE","ROOKIE_OR_NO_PRIOR_SEASON",0,0,"INSUFFICIENT_SAMPLE",0.120821823819193,0.122222222222222,,"INSUFFICIENT_SAMPLE","ROOKIE_OR_NO_PRIOR_SEASON",3,2,"LOW",,,,,,,,,,,,,,,,,0.0453081839321973,0.0333333333333333,,"INSUFFICIENT_SAMPLE","ROOKIE_OR_NO_PRIOR_SEASON",3,1,"LOW",,,,,,,,
4,"00-0041510","13278","Max Klare","TE","LAR",2026,3,"LAR",2,"rosters_weekly",0,0,,"INSUFFICIENT_SAMPLE","ROOKIE_OR_NO_PRIOR_SEASON",2,0,"INSUFFICIENT_SAMPLE",0,0,,"INSUFFICIENT_SAMPLE","ROOKIE_OR_NO_PRIOR_SEASON",2,0,"INSUFFICIENT_SAMPLE",0,0,,"INSUFFICIENT_SAMPLE","ROOKIE_OR_NO_PRIOR_SEASON",2,0,"INSUFFICIENT_SAMPLE",,,,"INSUFFICIENT_SAMPLE","ROOKIE_OR_NO_PRIOR_SEASON",0,0,"INSUFFICIENT_SAMPLE",0,0,,"INSUFFICIENT_SAMPLE","ROOKIE_OR_NO_PRIOR_SEASON",2,0,"INSUFFICIENT_SAMPLE",,,,,,,,,,,,,,,,,0,0,,"INSUFFICIENT_SAMPLE","ROOKIE_OR_NO_PRIOR_SEASON",2,0,"INSUFFICIENT_SAMPLE",,,,,,,,
4,"00-0041511","13276","Omar Cooper Jr.","WR","NYJ",2026,1,"NYJ",1,"rosters_weekly",0.078125,0.078125,,"INSUFFICIENT_SAMPLE","ROOKIE_OR_NO_PRIOR_SEASON",1,5,"LOW",0.0357142857142857,0.0357142857142857,,"INSUFFICIENT_SAMPLE","ROOKIE_OR_NO_PRIOR_SEASON",1,1,"LOW",0.0238095238095238,0.0238095238095238,,"INSUFFICIENT_SAMPLE","ROOKIE_OR_NO_PRIOR_SEASON",1,1,"LOW",,,,"INSUFFICIENT_SAMPLE","ROOKIE_OR_NO_PRIOR_SEASON",0,0,"INSUFFICIENT_SAMPLE",0.0769230769230769,0.0769230769230769,,"INSUFFICIENT_SAMPLE","ROOKIE_OR_NO_PRIOR_SEASON",1,1,"LOW",,,,,,,,,,,,,,,,,0,0,,"INSUFFICIENT_SAMPLE","ROOKIE_OR_NO_PRIOR_SEASON",1,0,"INSUFFICIENT_SAMPLE",,,,,,,,
4,"00-0041512","13286","Jadarian Price","RB","SEA",2026,3,"SEA",3,"rosters_weekly",0.34928833801779,0.372078383592243,,"INSUFFICIENT_SAMPLE","ROOKIE_OR_NO_PRIOR_SEASON",3,67,"LOW",0.0654613867599237,0.0667980295566502,,"INSUFFICIENT_SAMPLE","ROOKIE_OR_NO_PRIOR_SEASON",3,7,"LOW",0.0617317412436115,0.051215415806028,,"INSUFFICIENT_SAMPLE","ROOKIE_OR_NO_PRIOR_SEASON",3,7,"LOW",,,,"INSUFFICIENT_SAMPLE","ROOKIE_OR_NO_PRIOR_SEASON",0,0,"INSUFFICIENT_SAMPLE",,,,,,,,,0.342719020556006,0.362460431327002,,"INSUFFICIENT_SAMPLE","ROOKIE_OR_NO_PRIOR_SEASON",3,28,"LOW",0.356132564684891,0.378740970072239,,"INSUFFICIENT_SAMPLE","ROOKIE_OR_NO_PRIOR_SEASON",3,28,"LOW",0,0,,"INSUFFICIENT_SAMPLE","ROOKIE_OR_NO_PRIOR_SEASON",3,0,"INSUFFICIENT_SAMPLE",0.0600707326906951,0.0625,,"INSUFFICIENT_SAMPLE","ROOKIE_OR_NO_PRIOR_SEASON",3,3,"LOW"
4,"00-0041523","13296","Caleb Douglas","WR","MIA",2026,2,"MIA",2,"rosters_weekly",0.882007411637921,0.888636363636364,,"INSUFFICIENT_SAMPLE","ROOKIE_OR_NO_PRIOR_SEASON",2,102,"LOW",0.129176383508218,0.135887096774194,,"INSUFFICIENT_SAMPLE","ROOKIE_OR_NO_PRIOR_SEASON",2,10,"LOW",0.188953468620599,0.207253786790755,,"INSUFFICIENT_SAMPLE","ROOKIE_OR_NO_PRIOR_SEASON",2,10,"LOW",,,,"INSUFFICIENT_SAMPLE","ROOKIE_OR_NO_PRIOR_SEASON",0,0,"INSUFFICIENT_SAMPLE",0.328340927951843,0.334210526315789,,"INSUFFICIENT_SAMPLE","ROOKIE_OR_NO_PRIOR_SEASON",2,10,"LOW",,,,,,,,,,,,,,,,,0.117157287525381,0.1,,"INSUFFICIENT_SAMPLE","ROOKIE_OR_NO_PRIOR_SEASON",2,1,"LOW",,,,,,,,
4,"00-0041524","13434","Will Kacmarek","TE","MIA",2026,3,"MIA",3,"rosters_weekly",0.393372356669252,0.377390341773903,,"INSUFFICIENT_SAMPLE","ROOKIE_OR_NO_PRIOR_SEASON",3,72,"LOW",0.0159982727017518,0.0190860215053763,,"INSUFFICIENT_SAMPLE","ROOKIE_OR_NO_PRIOR_SEASON",3,2,"LOW",0.00819029944820611,0.0104172650849275,,"INSUFFICIENT_SAMPLE","ROOKIE_OR_NO_PRIOR_SEASON",3,2,"LOW",,,,"INSUFFICIENT_SAMPLE","ROOKIE_OR_NO_PRIOR_SEASON",0,0,"INSUFFICIENT_SAMPLE",0.155607950141256,0.194444444444444,,"INSUFFICIENT_SAMPLE","ROOKIE_OR_NO_PRIOR_SEASON",3,2,"LOW",,,,,,,,,,,,,,,,,0,0,,"INSUFFICIENT_SAMPLE","ROOKIE_OR_NO_PRIOR_SEASON",3,0,"INSUFFICIENT_SAMPLE",,,,,,,,
4,"00-0041525","13311","Chris Bell","WR","MIA",2026,3,"MIA",3,"rosters_weekly",0.570342972965509,0.546533831465338,,"INSUFFICIENT_SAMPLE","ROOKIE_OR_NO_PRIOR_SEASON",3,105,"LOW",0.0891420696348469,0.0770647449096317,,"INSUFFICIENT_SAMPLE","ROOKIE_OR_NO_PRIOR_SEASON",3,10,"LOW",0.198803529280805,0.175846311426584,,"INSUFFICIENT_SAMPLE","ROOKIE_OR_NO_PRIOR_SEASON",3,10,"LOW",,,,"INSUFFICIENT_SAMPLE","ROOKIE_OR_NO_PRIOR_SEASON",0,0,"INSUFFICIENT_SAMPLE",0.188033006499839,0.165643274853801,,"INSUFFICIENT_SAMPLE","ROOKIE_OR_NO_PRIOR_SEASON",3,10,"LOW",,,,,,,,,,,,,,,,,0,0,,"INSUFFICIENT_SAMPLE","ROOKIE_OR_NO_PRIOR_SEASON",3,0,"INSUFFICIENT_SAMPLE",,,,,,,,
4,"00-0041529","13338","Kevin Coleman","WR","MIA",2026,3,"MIA",3,"rosters_weekly",0.489369595689528,0.452449149024492,,"INSUFFICIENT_SAMPLE","ROOKIE_OR_NO_PRIOR_SEASON",3,88,"LOW",0.0498872025210896,0.0450354609929078,,"INSUFFICIENT_SAMPLE","ROOKIE_OR_NO_PRIOR_SEASON",3,6,"LOW",0.10406141110641,0.0895031991897033,,"INSUFFICIENT_SAMPLE","ROOKIE_OR_NO_PRIOR_SEASON",3,6,"LOW",,,,"INSUFFICIENT_SAMPLE","ROOKIE_OR_NO_PRIOR_SEASON",0,0,"INSUFFICIENT_SAMPLE",0.0993600524828888,0.0906432748538012,,"INSUFFICIENT_SAMPLE","ROOKIE_OR_NO_PRIOR_SEASON",3,6,"LOW",,,,,,,,,,,,,,,,,0,0,,"INSUFFICIENT_SAMPLE","ROOKIE_OR_NO_PRIOR_SEASON",3,0,"INSUFFICIENT_SAMPLE",,,,,,,,
4,"00-0041547","13298","KC Concepcion","WR","CLE",2026,3,"CLE",3,"rosters_weekly",0.772646194228967,0.74906629318394,,"INSUFFICIENT_SAMPLE","ROOKIE_OR_NO_PRIOR_SEASON",3,133,"LOW",0.181469056303606,0.175820707070707,,"INSUFFICIENT_SAMPLE","ROOKIE_OR_NO_PRIOR_SEASON",3,20,"LOW",0.193025386937121,0.198909742055397,,"INSUFFICIENT_SAMPLE","ROOKIE_OR_NO_PRIOR_SEASON",3,20,"LOW",,,,"INSUFFICIENT_SAMPLE","ROOKIE_OR_NO_PRIOR_SEASON",0,0,"INSUFFICIENT_SAMPLE",0.506548916060332,0.475824175824176,,"INSUFFICIENT_SAMPLE","ROOKIE_OR_NO_PRIOR_SEASON",3,20,"LOW",,,,,,,,,,,,,,,,,0.128150896406816,0.133333333333333,,"INSUFFICIENT_SAMPLE","ROOKIE_OR_NO_PRIOR_SEASON",3,2,"LOW",,,,,,,,
4,"00-0041550","13380","Brenen Thompson","WR","LAC",2026,2,"LAC",2,"rosters_weekly",0.180228530698434,0.180461329715061,,"INSUFFICIENT_SAMPLE","ROOKIE_OR_NO_PRIOR_SEASON",2,22,"LOW",0.0516870386141387,0.0441176470588235,,"INSUFFICIENT_SAMPLE","ROOKIE_OR_NO_PRIOR_SEASON",2,3,"LOW",0.0958163689798655,0.0817843866171004,,"INSUFFICIENT_SAMPLE","ROOKIE_OR_NO_PRIOR_SEASON",2,3,"LOW",,,,"INSUFFICIENT_SAMPLE","ROOKIE_OR_NO_PRIOR_SEASON",0,0,"INSUFFICIENT_SAMPLE",0.117157287525381,0.1,,"INSUFFICIENT_SAMPLE","ROOKIE_OR_NO_PRIOR_SEASON",2,3,"LOW",,,,,,,,,,,,,,,,,0,0,,"INSUFFICIENT_SAMPLE","ROOKIE_OR_NO_PRIOR_SEASON",2,0,"INSUFFICIENT_SAMPLE",,,,,,,,
4,"00-0041558","13322","Sam Roush","TE","CHI",2026,3,"CHI",3,"rosters_weekly",0.227582696999363,0.220848010437052,,"INSUFFICIENT_SAMPLE","ROOKIE_OR_NO_PRIOR_SEASON",3,48,"LOW",0.0337671090945631,0.0314992025518341,,"INSUFFICIENT_SAMPLE","ROOKIE_OR_NO_PRIOR_SEASON",3,4,"LOW",0.033341451135862,0.0327079001644998,,"INSUFFICIENT_SAMPLE","ROOKIE_OR_NO_PRIOR_SEASON",3,4,"LOW",,,,"INSUFFICIENT_SAMPLE","ROOKIE_OR_NO_PRIOR_SEASON",0,0,"INSUFFICIENT_SAMPLE",0.212818171751441,0.198412698412698,,"INSUFFICIENT_SAMPLE","ROOKIE_OR_NO_PRIOR_SEASON",3,4,"LOW",,,,,,,,,,,,,,,,,0.0320377241017041,0.0333333333333333,,"INSUFFICIENT_SAMPLE","ROOKIE_OR_NO_PRIOR_SEASON",3,1,"LOW",,,,,,,,
4,"00-0041579","13429","Seydou Traore","TE","MIA",2026,3,"MIA",3,"rosters_weekly",0,0,,"INSUFFICIENT_SAMPLE","ROOKIE_OR_NO_PRIOR_SEASON",3,0,"INSUFFICIENT_SAMPLE",0,0,,"INSUFFICIENT_SAMPLE","ROOKIE_OR_NO_PRIOR_SEASON",3,0,"INSUFFICIENT_SAMPLE",0,0,,"INSUFFICIENT_SAMPLE","ROOKIE_OR_NO_PRIOR_SEASON",3,0,"INSUFFICIENT_SAMPLE",,,,"INSUFFICIENT_SAMPLE","ROOKIE_OR_NO_PRIOR_SEASON",0,0,"INSUFFICIENT_SAMPLE",0,0,,"INSUFFICIENT_SAMPLE","ROOKIE_OR_NO_PRIOR_SEASON",3,0,"INSUFFICIENT_SAMPLE",,,,,,,,,,,,,,,,,0,0,,"INSUFFICIENT_SAMPLE","ROOKIE_OR_NO_PRIOR_SEASON",3,0,"INSUFFICIENT_SAMPLE",,,,,,,,
5,"00-0023459","96","Aaron Rodgers","QB","PIT",2026,4,"PIT",4,"last_game_row",1.00108727505524,1.01321101314537,0.958179840268886,"MEDIUM","NONE",4,268,"MEDIUM",,,,,,,,,,,,,,,,,,,,,,,,,,,,,,,,,0.0144559371059653,0.0119047619047619,0.00203961437822738,"MEDIUM","NONE",4,1,"MEDIUM",,,,,,,,,,,,,,,,,0.0732233047813024,0.0833333333333333,0,"MEDIUM","NONE",3,1,"LOW"
5,"00-0026158","19","Joe Flacco","QB","CIN",2026,1,"CIN",1,"last_game_row",0.29176105849917,0,0.406910483380107,"MEDIUM","NONE",1,0,"INSUFFICIENT_SAMPLE",,,,,,,,,,,,,,,,,,,,,,,,,,,,,,,,,0.0152320878232556,0,0.0215934343434307,"MEDIUM","NONE",1,0,"INSUFFICIENT_SAMPLE",,,,,,,,,,,,,,,,,0.0141940342961282,0,0.0200434568826439,"MEDIUM","NONE",1,0,"INSUFFICIENT_SAMPLE"
5,"00-0026498","421","Matthew Stafford","QB","LAR",2026,3,"LAR",3,"last_game_row",1.00238937129157,0.980925013683634,1.00875539578213,"MEDIUM","NONE",3,199,"LOW",,,,,,,,,,,,,,,,,,,,,,,,,,,,,,,,,0.0200635752111156,0.0268384326355341,0.0053406197400425,"MEDIUM","NONE",3,2,"LOW",,,,,,,,,,,,,,,,,0.0313249555106467,0.0476190476190476,0.0293854361683542,"MEDIUM","NONE",3,1,"LOW"
5,"00-0027973","829","Andy Dalton","QB","PHI",2026,3,"PHI",1,"last_game_row",0.449993553219618,0.08,0.517780508423615,"LOW","TEAM_CHANGE",1,4,"LOW",,,,,,,,,,,,,,,,,,,,,,,,,,,,,,,,,0.0101028223198819,0,0.0144638626574544,"LOW","TEAM_CHANGE",1,0,"INSUFFICIENT_SAMPLE",,,,,,,,,,,,,,,,,0.00184345806899442,0,0,"LOW","TEAM_CHANGE",1,0,"INSUFFICIENT_SAMPLE"
5,"00-0028986","1737","Case Keenum","QB","CHI",2026,3,"CHI",1,"last_game_row",0.666796115846392,1.02857142857143,,"INSUFFICIENT_SAMPLE","ROOKIE_OR_NO_PRIOR_SEASON",1,72,"MEDIUM",,,,,,,,,,,,,,,,,,,,,,,,,,,,,,,,,0.0248356151670537,0.03125,,"INSUFFICIENT_SAMPLE","ROOKIE_OR_NO_PRIOR_SEASON",1,1,"LOW",,,,,,,,,,,,,,,,,0.0599993724096632,0.0909090909090909,,"INSUFFICIENT_SAMPLE","ROOKIE_OR_NO_PRIOR_SEASON",1,1,"LOW"
5,"00-0029604","1166","Kirk Cousins","QB","LV",2026,3,"LV",3,"last_game_row",1.02451412385029,1.04185520361991,0.997106121631911,"LOW","TEAM_CHANGE",3,201,"LOW",,,,,,,,,,,,,,,,,,,,,,,,,,,,,,,,,0.0118853653934033,0.0101010101010101,0.0207785647507207,"LOW","TEAM_CHANGE",3,1,"LOW",,,,,,,,,,,,,,,,,0.0103951503360363,0,0.0306435900255298,"LOW","TEAM_CHANGE",3,0,"INSUFFICIENT_SAMPLE"
5,"00-0029892","1379","Kyle Juszczyk","RB","SF",2026,3,"SF",3,"last_game_row",0.515174077751132,0.511243347847121,0.508555297809495,"MEDIUM","NONE",3,86,"LOW",0.0523198461667869,0.0461967343687774,0.0511501075531066,"MEDIUM","NONE",3,4,"LOW",0.0475471357360031,0.0510582010582011,0.0331762823403573,"MEDIUM","NONE",3,4,"LOW",0.328299215106586,,0.328260506240501,"MEDIUM","NONE",0,0,"INSUFFICIENT_SAMPLE",,,,,,,,,0.00478218062818395,0,0.0135284759156941,"MEDIUM","NONE",3,0,"INSUFFICIENT_SAMPLE",0.00501725600640801,0,0.0141832082093475,"MEDIUM","NONE",3,0,"INSUFFICIENT_SAMPLE",0.124169615568278,0.122222222222222,0.088006928138855,"MEDIUM","NONE",3,2,"LOW",0.000203174584558849,0,0.000540396037016432,"MEDIUM","NONE",3,0,"INSUFFICIENT_SAMPLE"
5,"00-0030061","1339","Zach Ertz","TE","PHI",2026,3,"PHI",1,"last_game_row",0.603821513207007,0.38,0.696173719228325,"LOW","TEAM_CHANGE",1,19,"MEDIUM",0.122338980821864,0.0606060606060606,0.147768305109578,"LOW","TEAM_CHANGE",1,2,"LOW",0.172194551291319,0.0258064516129032,0.233294135079375,"LOW","TEAM_CHANGE",1,2,"LOW",0.643034977375503,,0.642717864802696,"LOW","TEAM_CHANGE",0,0,"INSUFFICIENT_SAMPLE",0.682963511382183,0.666666666666667,0.688612339280965,"LOW","TEAM_CHANGE",1,2,"LOW",,,,,,,,,,,,,,,,,0.125927797409244,0.166666666666667,0.108224060527765,"LOW","TEAM_CHANGE",1,1,"LOW",,,,,,,,
5,"00-0030279","1479","Keenan Allen","WR","IND",2026,3,"IND",3,"last_game_row",0.614701457643737,0.635584446852053,0.557679014237353,"LOW","TEAM_CHANGE",3,121,"LOW",0.178335504614795,0.177932636469222,0.167835704906114,"LOW","TEAM_CHANGE",3,20,"LOW",0.203291911874172,0.184493266718558,0.208134697472633,"LOW","TEAM_CHANGE",3,20,"LOW",0.486195363047507,,0.485739389989107,"LOW","TEAM_CHANGE",0,0,"INSUFFICIENT_SAMPLE",0.357089608894833,0.346560846560847,0.354220428824395,"LOW","TEAM_CHANGE",3,20,"LOW",,,,,,,,,,,,,,,,,0.176580086538985,0.206349206349206,0.124597636403189,"LOW","TEAM_CHANGE",3,3,"LOW",,,,,,,,
5,"00-0030506","1466","Travis Kelce","TE","KC",2026,3,"KC",3,"last_game_row",0.824698975710803,0.793628593628594,0.873883750857931,"MEDIUM","NONE",3,158,"LOW",0.145028423523838,0.143341952165482,0.166184456630242,"MEDIUM","NONE",3,18,"LOW",0.22161740128598,0.212251504965534,0.241621145872494,"MEDIUM","NONE",3,18,"LOW",0.71368007596229,,0.713597986761956,"MEDIUM","NONE",0,0,"INSUFFICIENT_SAMPLE",0.663568204353407,0.654761904761905,0.767678290516441,"MEDIUM","NONE",3,18,"LOW",,,,,,,,,,,,,,,,,0.0747094851289942,0.0636363636363636,0.0749800295246517,"MEDIUM","NONE",3,2,"LOW",,,,,,,,
5,"00-0030565","1373","Geno Smith","QB","NYJ",2026,3,"NYJ",3,"last_game_row",0.987299341124418,1.02019121004566,0.936440126199949,"LOW","TEAM_CHANGE",3,207,"LOW",,,,,,,,,,,,,,,,,,,,,,,,,,,,,,,,,0.0197684908934873,0.0231481481481481,0.0199887768742687,"LOW","TEAM_CHANGE",3,2,"LOW",,,,,,,,,,,,,,,,,0.0138880998781488,0,0.0395310135292237,"LOW","TEAM_CHANGE",3,0,"INSUFFICIENT_SAMPLE"
5,"00-0031235","2078","Odell Beckham","WR","NYG",2026,3,"NYG",3,"last_game_row",0.138206066882324,0.104542966611932,,"INSUFFICIENT_SAMPLE","ROOKIE_OR_NO_PRIOR_SEASON",3,20,"LOW",0.0283622434845021,0.0123456790123457,,"INSUFFICIENT_SAMPLE","ROOKIE_OR_NO_PRIOR_SEASON",3,1,"LOW",0.0650165317116028,0.0416666666666667,,"INSUFFICIENT_SAMPLE","ROOKIE_OR_NO_PRIOR_SEASON",3,1,"LOW",0.264057543991401,,,"INSUFFICIENT_SAMPLE","ROOKIE_OR_NO_PRIOR_SEASON",0,0,"INSUFFICIENT_SAMPLE",0.0659477025025793,0.0277777777777778,,"INSUFFICIENT_SAMPLE","ROOKIE_OR_NO_PRIOR_SEASON",3,1,"LOW",,,,,,,,,,,,,,,,,0.0155857066088202,0,,"INSUFFICIENT_SAMPLE","ROOKIE_OR_NO_PRIOR_SEASON",3,0,"INSUFFICIENT_SAMPLE",,,,,,,,
5,"00-0031381","2133","Davante Adams","WR","LAR",2026,3,"LAR",3,"last_game_row",0.706065157774855,0.69496442255063,0.664390033602675,"MEDIUM","NONE",3,144,"LOW",0.217210346556372,0.232654412982282,0.184781808551191,"MEDIUM","NONE",3,29,"LOW",0.396936548320246,0.44289627561767,0.285527362756922,"MEDIUM","NONE",3,29,"LOW",0.707529939112958,,0.707269669263998,"MEDIUM","NONE",0,0,"INSUFFICIENT_SAMPLE",0.485682061743742,0.546218487394958,0.323630465078518,"MEDIUM","NONE",3,29,"LOW",,,,,,,,,,,,,,,,,0.139727227327738,0.113636363636364,0.173031746147573,"MEDIUM","NONE",3,2,"LOW",,,,,,,,
5,"00-0031408","2216","Mike Evans","WR","SF",2026,3,"SF",3,"last_game_row",0.566376107241495,0.551156265118529,0.673518443781594,"LOW","TEAM_CHANGE",3,95,"LOW",0.164005346869677,0.164616229132358,0.153623664763885,"LOW","TEAM_CHANGE",3,16,"LOW",0.29517825162023,0.28781952751272,0.318554474410515,"LOW","TEAM_CHANGE",3,16,"LOW",0.628749677968203,,0.622974736127063,"LOW","TEAM_CHANGE",0,0,"INSUFFICIENT_SAMPLE",0.403804958983852,0.428163992869875,0.300892631116988,"LOW","TEAM_CHANGE",3,16,"LOW",,,,,,,,,,,,,,,,,0.0878436726827958,0.0833333333333333,0.139145605671461,"LOW","TEAM_CHANGE",3,2,"LOW",,,,,,,,
5,"00-0031484","3048","Chris Manhertz","TE","NYG",2026,3,"NYG",3,"last_game_row",0.336406760638441,0.372808545222338,0.250519808247579,"MEDIUM","NONE",3,70,"LOW",0.0023388734732712,0,0.00658139853831586,"MEDIUM","NONE",3,0,"INSUFFICIENT_SAMPLE",0.00564439432677121,0,0.015970278940144,"MEDIUM","NONE",3,0,"INSUFFICIENT_SAMPLE",0.0924513286207707,,0.0913224698782645,"MEDIUM","NONE",0,0,"INSUFFICIENT_SAMPLE",0.0350227724314531,0,0.0984751316987908,"MEDIUM","NONE",3,0,"INSUFFICIENT_SAMPLE",,,,,,,,,,,,,,,,,0.0115095085217247,0,0.0326338300516381,"MEDIUM","NONE",3,0,"INSUFFICIENT_SAMPLE",,,,,,,,
5,"00-0031503","2306","Jameis Winston","QB","NYG",2026,3,"NYG",2,"last_game_row",0.813570925781853,0.947591680350301,0.567390088887454,"LOW","NONE",2,115,"LOW",,,,,,,,,,,,,,,,,,,,,,,,,,,,,,,,,0.0397525638562562,0.0434782608695652,0.0287851663514751,"LOW","NONE",2,2,"LOW",,,,,,,,,,,,,,,,,0.0617273275387747,0,0.0663628063482384,"LOW","NONE",2,0,"INSUFFICIENT_SAMPLE"
5,"00-0031588","2449","Stefon Diggs","WR","WAS",2026,3,"WAS",3,"last_game_row",0.579305507075572,0.582517993533339,0.574078548370181,"LOW","TEAM_CHANGE",3,121,"LOW",0.160274716006791,0.178052501348812,0.133340795473641,"LOW","TEAM_CHANGE",3,22,"LOW",0.157976060520022,0.198483757396648,0.110495678555168,"LOW","TEAM_CHANGE",3,22,"LOW",0.584420452391745,,0.584335692779398,"LOW","TEAM_CHANGE",0,0,"INSUFFICIENT_SAMPLE",0.305235105520799,0.327222222222222,0.294619023645292,"LOW","TEAM_CHANGE",3,22,"LOW",,,,,,,,,,,,,,,,,0.161872005095681,0.17989417989418,0.160834917421574,"LOW","TEAM_CHANGE",3,4,"LOW",,,,,,,,
5,"00-0031595","2471","Michael Burton","RB","CLE",2026,4,"CLE",4,"last_game_row",0.168147802686233,0.165492003252914,,"INSUFFICIENT_SAMPLE","ROOKIE_OR_NO_PRIOR_SEASON",4,40,"MEDIUM",0.00692792646503509,0.00568181818181818,,"INSUFFICIENT_SAMPLE","ROOKIE_OR_NO_PRIOR_SEASON",4,1,"MEDIUM",0.00310003494240358,0.00290697674418605,,"INSUFFICIENT_SAMPLE","ROOKIE_OR_NO_PRIOR_SEASON",4,1,"MEDIUM",0.0823251855991798,,,"INSUFFICIENT_SAMPLE","ROOKIE_OR_NO_PRIOR_SEASON",0,0,"INSUFFICIENT_SAMPLE",,,,,,,,,0.00309971108943782,0,,"INSUFFICIENT_SAMPLE","ROOKIE_OR_NO_PRIOR_SEASON",4,0,"INSUFFICIENT_SAMPLE",0.00348623711632054,0,,"INSUFFICIENT_SAMPLE","ROOKIE_OR_NO_PRIOR_SEASON",4,0,"INSUFFICIENT_SAMPLE",0.00583679608019749,0,,"INSUFFICIENT_SAMPLE","ROOKIE_OR_NO_PRIOR_SEASON",4,0,"INSUFFICIENT_SAMPLE",0.0142203432010733,0,,"INSUFFICIENT_SAMPLE","ROOKIE_OR_NO_PRIOR_SEASON",4,0,"INSUFFICIENT_SAMPLE"
5,"00-0031610","2505","Darren Waller","TE","CAR",2026,3,"CAR",3,"last_game_row",0.455542849174597,0.437417639120426,0.449295485183068,"LOW","TEAM_CHANGE",3,92,"LOW",0.116295306321144,0.0907748049052397,0.139765827505141,"LOW","TEAM_CHANGE",3,13,"LOW",0.138692106610566,0.0772900149617827,0.23118944616119,"LOW","TEAM_CHANGE",3,13,"LOW",0.474494758763848,,0.473879060195389,"LOW","TEAM_CHANGE",0,0,"INSUFFICIENT_SAMPLE",0.456542947846525,0.418518518518519,0.45044264803468,"LOW","TEAM_CHANGE",3,13,"LOW",,,,,,,,,,,,,,,,,0.0849480596462993,0.037037037037037,0.183453622758847,"LOW","TEAM_CHANGE",3,2,"LOW",,,,,,,,
5,"00-0032104","2359","Ameer Abdullah","RB","JAX",2026,3,"JAX",3,"last_game_row",0.111059413144462,0.102448896984416,0.117639676536305,"LOW","TEAM_CHANGE",3,18,"LOW",0.0382882240963883,0.0330092592592593,0.0490013914592128,"LOW","TEAM_CHANGE",3,3,"LOW",-0.0121554459247702,-0.0163103035168056,-0.00424700594243629,"LOW","TEAM_CHANGE",3,3,"LOW",0.158542516735287,,0.154281932972614,"LOW","TEAM_CHANGE",0,0,"INSUFFICIENT_SAMPLE",,,,,,,,,0.0886945701939101,0.122126436781609,0.0317106868863422,"LOW","TEAM_CHANGE",3,10,"LOW",0.0990317103435877,0.137249417249417,0.0347146919961002,"LOW","TEAM_CHANGE",3,10,"LOW",0.0306083983265058,0.0333333333333333,0.00132216703247449,"LOW","TEAM_CHANGE",3,1,"LOW",0.007570770373976,0,0.0155202068581237,"LOW","TEAM_CHANGE",3,0,"INSUFFICIENT_SAMPLE"
5,"00-0032268","2307","Marcus Mariota","QB","WAS",2026,3,"WAS",2,"last_game_row",0.755507552466516,0.740277485810385,0.732843731247684,"MEDIUM","NONE",2,101,"LOW",,,,,,,,,,,,,,,,,,,,,,,,,,,,,,,,,0.0391348961190787,0.0172413793103448,0.0579923158587873,"MEDIUM","NONE",2,1,"LOW",,,,,,,,,,,,,,,,,0.0388301713295104,0,0.0767720236273679,"MEDIUM","NONE",2,0,"INSUFFICIENT_SAMPLE"
5,"00-0032385","3200","Sterling Shepard","WR","NYJ",2026,3,"NYJ",1,"last_game_row",0.49956578919026,0.454545454545455,0.51806034315983,"LOW","TEAM_CHANGE",1,30,"MEDIUM",0.0662902645090605,0.0408163265306122,0.0770600472612396,"LOW","TEAM_CHANGE",1,2,"LOW",0.0868946387880916,0.0062111801242236,0.12076258081324,"LOW","TEAM_CHANGE",1,2,"LOW",0.526793599021538,,0.526428731590622,"LOW","TEAM_CHANGE",0,0,"INSUFFICIENT_SAMPLE",0.140786516914564,0.111111111111111,0.153483967200968,"LOW","TEAM_CHANGE",1,2,"LOW",,,,,,,,,,,,,,,,,0.103580793623684,0.125,0.0953910866998014,"LOW","TEAM_CHANGE",1,1,"LOW",,,,,,,,
5,"00-0032392","3202","Austin Hooper","TE","ATL",2026,3,"ATL",3,"last_game_row",0.347244526357196,0.3,0.43857539289765,"LOW","TEAM_CHANGE",3,60,"LOW",0.0545452976924084,0.0555088309503785,0.039922777023517,"LOW","TEAM_CHANGE",3,6,"LOW",0.0546356028258595,0.0496250334163466,0.0509738847216656,"LOW","TEAM_CHANGE",3,6,"LOW",0.252365934635043,,0.252119029521203,"LOW","TEAM_CHANGE",0,0,"INSUFFICIENT_SAMPLE",0.341606145767555,0.333333333333333,0.258808511932934,"LOW","TEAM_CHANGE",3,6,"LOW",,,,,,,,,,,,,,,,,0.114838064896563,0.333333333333333,0.0242464498793579,"LOW","TEAM_CHANGE",1,1,"LOW",,,,,,,,
5,"00-0032398","3269","Chris Moore","WR","BAL",2026,3,"BAL",3,"last_game_row",0.447989770726996,0.48921783625731,0.350499302797934,"LOW","TEAM_CHANGE",3,90,"LOW",0.0437772810739221,0.0583791208791209,0.0233800349434104,"LOW","TEAM_CHANGE",3,6,"LOW",0.120569471604645,0.187890308511296,0.0488512522858513,"LOW","TEAM_CHANGE",3,6,"LOW",0.262212565070109,,0.263281360236616,"LOW","TEAM_CHANGE",0,0,"INSUFFICIENT_SAMPLE",0.104338459741523,0.140422077922078,0.0510041940426249,"LOW","TEAM_CHANGE",3,6,"LOW",,,,,,,,,,,,,,,,,0.0476671624097704,0.0476190476190476,0.0166049698854871,"LOW","TEAM_CHANGE",3,1,"LOW",,,,,,,,
5,"00-0032464","3634","Kalif Raymond","WR","CHI",2026,3,"CHI",3,"last_game_row",0.531230820293446,0.667188519243314,0.245686185856435,"LOW","TEAM_CHANGE",3,145,"LOW",0.130503981293773,0.174282296650718,0.0567952310956751,"LOW","TEAM_CHANGE",3,21,"LOW",0.135229264022301,0.172640977289356,0.0467043672530696,"LOW","TEAM_CHANGE",3,21,"LOW",0.250736567210837,,0.250478849808182,"LOW","TEAM_CHANGE",0,0,"INSUFFICIENT_SAMPLE",0.255969615481441,0.364166666666667,0.101887666308339,"LOW","TEAM_CHANGE",3,21,"LOW",,,,,,,,,,,,,,,,,0.072779213097804,0.114285714285714,0.00498311067500359,"LOW","TEAM_CHANGE",3,3,"LOW",,,,,,,,
5,"00-0032764","3198","Derrick Henry","RB","BAL",2026,3,"BAL",3,"last_game_row",0.600813958543179,0.597953216374269,0.584583204507056,"MEDIUM","NONE",3,111,"LOW",0.0394906487136627,0.0479624542124542,0.0240363712622276,"MEDIUM","NONE",3,5,"LOW",-0.0210951939519631,-0.02394215182119,-0.0116134674152963,"MEDIUM","NONE",3,5,"LOW",0.317120908791121,,0.316875243918558,"MEDIUM","NONE",0,0,"INSUFFICIENT_SAMPLE",,,,,,,,,0.746166390530691,0.787037037037037,0.680964789820631,"MEDIUM","NONE",3,66,"LOW",0.819112942323139,0.842532855436081,0.769901181716491,"MEDIUM","NONE",3,66,"LOW",0.00707180688313612,0,0.0196346819057038,"MEDIUM","NONE",3,0,"INSUFFICIENT_SAMPLE",0.75868785974864,0.869047619047619,0.583113874978365,"MEDIUM","NONE",3,20,"LOW"
5,"00-0032775","3286","Demarcus Robinson","WR","SF",2026,2,"SF",2,"last_game_row",0.494723785351574,0.475384615384615,0.539602395321866,"MEDIUM","NONE",2,57,"LOW",0.0909689725454696,0.0960960960960961,0.0832068285457941,"MEDIUM","NONE",2,6,"LOW",0.173587372011437,0.226006711409396,0.133770294070836,"MEDIUM","NONE",2,6,"LOW",0.468199272235519,,0.466831544687671,"MEDIUM","NONE",0,0,"INSUFFICIENT_SAMPLE",0.241795625801549,0.224598930481283,0.251027350849889,"MEDIUM","NONE",2,6,"LOW",,,,,,,,,,,,,,,,,0.0862814674230979,0.125,0.0689756196667776,"MEDIUM","NONE",2,2,"LOW",,,,,,,,
5,"00-0032950","3161","Carson Wentz","QB","MIN",2026,2,"MIN",2,"last_game_row",0.907454623937997,0.935483870967742,0.940321873107232,"MEDIUM","NONE",2,106,"LOW",,,,,,,,,,,,,,,,,,,,,,,,,,,,,,,,,0.043163467774048,0.0548941798941799,0.0239600303324833,"MEDIUM","NONE",2,3,"LOW",,,,,,,,,,,,,,,,,0.0393959060915237,0,0.0419300530818459,"MEDIUM","NONE",1,0,"INSUFFICIENT_SAMPLE"
5,"00-0032951","3155","Laquon Treadwell","WR","IND",2026,3,"IND",3,"last_game_row",0.460521749495929,0.626348594893196,0.066879926159163,"MEDIUM","NONE",3,123,"LOW",0.0292440750142414,0.0462253193960511,0,"MEDIUM","NONE",3,5,"LOW",0.0910995730491454,0.139096923449184,0,"MEDIUM","NONE",3,5,"LOW",0.129972125528035,,0.0878488467442819,"MEDIUM","NONE",0,0,"INSUFFICIENT_SAMPLE",0.0571691533466006,0.0899470899470899,0,"MEDIUM","NONE",3,5,"LOW",,,,,,,,,,,,,,,,,2.97053703213516e-05,0,0,"MEDIUM","NONE",3,0,"INSUFFICIENT_SAMPLE",,,,,,,,
5,"00-0033077","3294","Dak Prescott","QB","DAL",2026,3,"DAL",3,"last_game_row",0.946764574863937,1,0.849419376459451,"MEDIUM","NONE",3,187,"LOW",,,,,,,,,,,,,,,,,,,,,,,,,,,,,,,,,0.0217120849058493,0.0185185185185185,0.0288719454597466,"MEDIUM","NONE",3,1,"LOW",,,,,,,,,,,,,,,,,0.011932698454011,0,0.0336801717062045,"MEDIUM","NONE",3,0,"INSUFFICIENT_SAMPLE"
5,"00-0033090","3214","Hunter Henry","TE","NE",2026,3,"NE",3,"last_game_row",0.776582999965725,0.800790768369828,0.750260415912644,"MEDIUM","NONE",3,148,"LOW",0.0985026428608519,0.0968652037617555,0.107929537764268,"MEDIUM","NONE",3,10,"LOW",0.113378250105362,0.128850477717649,0.0934502507487682,"MEDIUM","NONE",3,10,"LOW",0.571683518744259,,0.571647508663633,"MEDIUM","NONE",0,0,"INSUFFICIENT_SAMPLE",0.838197846101743,0.861111111111111,0.743665574221754,"MEDIUM","NONE",3,10,"LOW",,,,,,,,,,,,,,,,,0.143149197587444,0.111111111111111,0.209660201473958,"MEDIUM","NONE",3,1,"LOW",,,,,,,,
5,"00-0033106","3163","Jared Goff","QB","DET",2026,3,"DET",3,"last_game_row",1.01032327069589,1.01058201058201,1.00288907901088,"MEDIUM","NONE",3,207,"LOW",,,,,,,,,,,,,,,,,,,,,,,,,,,,,,,,,0.0224448988730025,0.0268031189083821,0.0211881459320278,"MEDIUM","NONE",3,2,"LOW",,,,,,,,,,,,,,,,,7.98280790808878e-05,0,0.000191213847958817,"MEDIUM","NONE",3,0,"INSUFFICIENT_SAMPLE"
5,"00-0033110","3271","Tyler Higbee","TE","LAR",2026,3,"LAR",3,"last_game_row",0.424112670209172,0.400684181718664,0.351492981074697,"MEDIUM","NONE",3,89,"LOW",0.0843826089511793,0.0803113098195065,0.063248027647372,"MEDIUM","NONE",3,13,"LOW",0.0720375164908033,0.0626453321054449,0.0624864071061583,"MEDIUM","NONE",3,13,"LOW",0.32934971297312,,0.326902195046151,"MEDIUM","NONE",0,0,"INSUFFICIENT_SAMPLE",0.346659656744967,0.326797385620915,0.301834232147472,"MEDIUM","NONE",3,13,"LOW",,,,,,,,,,,,,,,,,0.0881262380551887,0.0606060606060606,0.0972940753739553,"MEDIUM","NONE",3,2,"LOW",,,,,,,,
5,"00-0033119","3257","Jacoby Brissett","QB","ARI",2026,3,"ARI",3,"last_game_row",1.00685342582329,1.02173202614379,0.98678275624122,"MEDIUM","NONE",3,212,"LOW",,,,,,,,,,,,,,,,,,,,,,,,,,,,,,,,,0.0674869366553205,0.0681992337164751,0.0492711423083555,"MEDIUM","NONE",3,6,"LOW",,,,,,,,,,,,,,,,,0.0952966808897465,0.0952380952380952,0.0327590759562869,"MEDIUM","NONE",3,2,"LOW"
5,"00-0033217","4054","Mo Alie-Cox","TE","IND",2026,3,"IND",3,"last_game_row",0.355957535194772,0.34138544467183,0.358907458183097,"MEDIUM","NONE",3,66,"LOW",0.0288512456450438,0.00813008130081301,0.0614463300732797,"MEDIUM","NONE",3,1,"LOW",0.0115573306088949,0,0.0326476068949144,"MEDIUM","NONE",3,1,"LOW",0.249358063634441,,0.249186185888829,"MEDIUM","NONE",0,0,"INSUFFICIENT_SAMPLE",0.103894229454178,0.0303030303030303,0.218483646158733,"MEDIUM","NONE",3,1,"LOW",,,,,,,,,,,,,,,,,0.0518191920032505,0,0.146733967508381,"MEDIUM","NONE",3,0,"INSUFFICIENT_SAMPLE",,,,,,,,
5,"00-0033246","4314","Johnny Mundt","TE","PHI",2026,3,"PHI",3,"last_game_row",0.445074546414557,0.5140317775571,0.294363386959376,"LOW","TEAM_CHANGE",3,95,"LOW",0.0289502718392274,0.0333568240544985,0.0158827022161001,"LOW","TEAM_CHANGE",3,4,"LOW",0.000245082206017063,-0.00377080571512741,0.0167311195260738,"LOW","TEAM_CHANGE",3,4,"LOW",0.162107274719243,,0.162230633976691,"LOW","TEAM_CHANGE",0,0,"INSUFFICIENT_SAMPLE",0.25812750218132,0.311111111111111,0.102326676706616,"LOW","TEAM_CHANGE",3,4,"LOW",,,,,,,,,,,,,,,,,0.00184428624717239,0,0.00519797411605453,"LOW","TEAM_CHANGE",3,0,"INSUFFICIENT_SAMPLE",,,,,,,,
5,"00-0033280","4034","Christian McCaffrey","RB","SF",2026,3,"SF",3,"last_game_row",0.711979864300742,0.647634252539913,0.764749670292934,"MEDIUM","NONE",3,108,"LOW",0.172755619725988,0.17521822898167,0.178710812070454,"MEDIUM","NONE",3,17,"LOW",0.0758249822322938,0.0499401401127192,0.0969221491489806,"MEDIUM","NONE",3,17,"LOW",0.672626411230931,,0.672749519562537,"MEDIUM","NONE",0,0,"INSUFFICIENT_SAMPLE",,,,,,,,,0.581887517007581,0.49124788255223,0.678494548264504,"MEDIUM","NONE",3,35,"LOW",0.657360821548128,0.56077694235589,0.753852753744867,"MEDIUM","NONE",3,35,"LOW",0.266336273986835,0.177777777777778,0.392434022238914,"MEDIUM","NONE",3,3,"LOW",0.710318270988751,0.688888888888889,0.873538183524453,"MEDIUM","NONE",3,8,"LOW"
5,"00-0033288","4217","George Kittle","TE","SF",2026,3,"SF",3,"last_game_row",0.665613114565362,0.609820996613449,0.678252942780967,"MEDIUM","NONE",3,101,"LOW",0.1743390479956,0.169696578298729,0.163576155589596,"MEDIUM","NONE",3,16,"LOW",0.209880651530834,0.238828268070838,0.173127373229534,"MEDIUM","NONE",3,16,"LOW",0.597728982686487,,0.597179443020437,"MEDIUM","NONE",0,0,"INSUFFICIENT_SAMPLE",0.828926305969058,0.863095238095238,0.737625560890781,"MEDIUM","NONE",3,16,"LOW",,,,,,,,,,,,,,,,,0.228348855498764,0.286111111111111,0.0664727387797214,"MEDIUM","NONE",3,5,"LOW",,,,,,,,
5,"00-0033293","4199","Aaron Jones","RB","MIN",2026,3,"MIN",3,"last_game_row",0.684631165506659,0.696057814975256,0.601899066312331,"MEDIUM","NONE",3,119,"LOW",0.0915328656816936,0.0638579756226815,0.112489387818013,"MEDIUM","NONE",3,7,"LOW",-0.0196370610928982,-0.00697450697450697,-0.0290186535054424,"MEDIUM","NONE",3,7,"LOW",0.491936207724724,,0.491216805618628,"MEDIUM","NONE",0,0,"INSUFFICIENT_SAMPLE",,,,,,,,,0.678804537019305,0.684383517716851,0.602776351305447,"MEDIUM","NONE",3,52,"LOW",0.718397546375653,0.724656084656085,0.637633137674803,"MEDIUM","NONE",3,52,"LOW",0.0503171693041435,0,0.100488114051511,"MEDIUM","NONE",2,0,"INSUFFICIENT_SAMPLE",0.630553218593708,0.5,0.686456723185017,"MEDIUM","NONE",1,4,"LOW"
5,"00-0033307","4454","Kendrick Bourne","WR","ARI",2026,3,"ARI",3,"last_game_row",0.54381941731906,0.619716775599129,0.430933047023319,"LOW","TEAM_CHANGE",3,128,"LOW",0.076388849289717,0.110760971055089,0.0410248291692478,"LOW","TEAM_CHANGE",3,14,"LOW",0.0754620210536136,0.0839648842930892,0.0854987600341019,"LOW","TEAM_CHANGE",3,14,"LOW",0.381762242341903,,0.381529343361487,"LOW","TEAM_CHANGE",0,0,"INSUFFICIENT_SAMPLE",0.199933781376246,0.277518777518778,0.125916092001919,"LOW","TEAM_CHANGE",3,14,"LOW",,,,,,,,,,,,,,,,,0.0433201165243949,0.0694444444444444,0.00168811752194672,"LOW","TEAM_CHANGE",3,2,"LOW",,,,,,,,
5,"00-0033319","4464","Nick Mullens","QB","JAX",2026,1,"JAX",1,"last_game_row",0.143234172502152,0.12962962962963,0.135399175361868,"MEDIUM","NONE",1,7,"LOW",,,,,,,,,,,,,,,,,,,,,,,,,,,,,,,,,0.00101303956257414,0,0,"MEDIUM","NONE",1,0,"INSUFFICIENT_SAMPLE",,,,,,,,,,,,,,,,,0.000431404639378012,0,0,"MEDIUM","NONE",1,0,"INSUFFICIENT_SAMPLE"
5,"00-0033376","4353","Patrick Ricard","RB","NYG",2026,3,"NYG",3,"last_game_row",0.460228332891726,0.449047121460915,0.494339583007726,"LOW","TEAM_CHANGE",3,85,"LOW",0.00939277289936627,0.0101010101010101,0.0142209942135819,"LOW","TEAM_CHANGE",3,1,"LOW",0.00112598725576216,-0.0054421768707483,0.0101529339525538,"LOW","TEAM_CHANGE",3,1,"LOW",0.209299166700679,,0.209696857985819,"LOW","TEAM_CHANGE",0,0,"INSUFFICIENT_SAMPLE",,,,,,,,,0.000202252799243913,0,0.000584983499219408,"LOW","TEAM_CHANGE",3,0,"INSUFFICIENT_SAMPLE",0.000248926522542724,0,0.000719979691346964,"LOW","TEAM_CHANGE",3,0,"INSUFFICIENT_SAMPLE",0.000417869272547861,0,0,"LOW","TEAM_CHANGE",3,0,"INSUFFICIENT_SAMPLE",7.85310500868974e-10,0,0,"LOW","TEAM_CHANGE",3,0,"INSUFFICIENT_SAMPLE"
5,"00-0033526","4147","Samaje Perine","RB","CIN",2026,3,"CIN",3,"last_game_row",0.358915887553212,0.336094473471815,0.397588986147459,"MEDIUM","NONE",3,60,"LOW",0.05739653791567,0.0599652926353825,0.0528683216646909,"MEDIUM","NONE",3,7,"LOW",0.0110554749873062,0.0256342623982912,-0.0172277143810598,"MEDIUM","NONE",3,7,"LOW",0.371468045731468,,0.372417040557652,"MEDIUM","NONE",0,0,"INSUFFICIENT_SAMPLE",,,,,,,,,0.201312055806292,0.158152173913043,0.281488707565031,"MEDIUM","NONE",3,10,"LOW",0.219139207661584,0.17216810966811,0.313982071871831,"MEDIUM","NONE",3,10,"LOW",0.000678832086750001,0,0.00184075142865974,"MEDIUM","NONE",3,0,"INSUFFICIENT_SAMPLE",0.47963525954056,0.375,0.479945776034015,"MEDIUM","NONE",3,2,"LOW"
5,"00-0033537","4017","Deshaun Watson","QB","CLE",2026,4,"CLE",4,"last_game_row",0.965799588689717,1.02066955814584,,"INSUFFICIENT_SAMPLE","ROOKIE_OR_NO_PRIOR_SEASON",4,242,"MEDIUM",,,,,,,,,,,,,,,,,,,,,,,,,,,,,,,,,0.119887303435291,0.138749046529367,,"INSUFFICIENT_SAMPLE","ROOKIE_OR_NO_PRIOR_SEASON",4,12,"MEDIUM",,,,,,,,,,,,,,,,,0.161585642616627,0.183333333333333,,"INSUFFICIENT_SAMPLE","ROOKIE_OR_NO_PRIOR_SEASON",4,3,"MEDIUM"
5,"00-0033555","4177","Mack Hollins","WR","NE",2026,3,"NE",3,"last_game_row",0.734600014908664,0.733993056873737,0.723969291233794,"MEDIUM","NONE",3,137,"LOW",0.145983085369753,0.135867293625914,0.139185760125969,"MEDIUM","NONE",3,16,"LOW",0.254573769967387,0.224419729642813,0.293612551599257,"MEDIUM","NONE",3,16,"LOW",0.513733655397489,,0.513690888599523,"MEDIUM","NONE",0,0,"INSUFFICIENT_SAMPLE",0.299299167582589,0.27876014146037,0.30727252301892,"MEDIUM","NONE",3,16,"LOW",,,,,,,,,,,,,,,,,0.236616996470744,0.30952380952381,0.10715808722446,"MEDIUM","NONE",3,4,"LOW",,,,,,,,
5,"00-0033576","4189","Eric Saubert","TE","SEA",2026,3,"SEA",3,"last_game_row",0.334176113676078,0.238531830642705,0.496854871260444,"MEDIUM","NONE",3,45,"LOW",0.0249317897830503,0.0248275862068966,0.0170135350101518,"MEDIUM","NONE",3,3,"LOW",0.000598202566248252,-0.00778773608790319,0.0102639317630701,"MEDIUM","NONE",3,3,"LOW",0.289591642270303,,0.289701614647762,"MEDIUM","NONE",0,0,"INSUFFICIENT_SAMPLE",0.171017523143872,0.171717171717172,0.137067167382342,"MEDIUM","NONE",3,3,"LOW",,,,,,,,,,,,,,,,,0.0781819979891797,0.0888888888888889,0.0394793453027365,"MEDIUM","NONE",3,2,"LOW",,,,,,,,
5,"00-0033589","4274","David Moore","WR","CAR",2026,3,"CAR",1,"last_game_row",0.306311489062988,0.0657894736842105,0.331151410260341,"MEDIUM","NONE",1,5,"LOW",0.031123550511548,0.0384615384615385,0.00952215085915161,"MEDIUM","NONE",1,2,"LOW",0.0720835217716269,0.133182844243792,0.0103812922900525,"MEDIUM","NONE",1,2,"LOW",0.455969186724841,,0.446503043707571,"LOW","NONE",0,0,"INSUFFICIENT_SAMPLE",0.0655117619634387,0.0909090909090909,0.0184094916610264,"MEDIUM","NONE",1,2,"LOW",,,,,,,,,,,,,,,,,0.0157624788460795,0,0,"MEDIUM","NONE",1,0,"INSUFFICIENT_SAMPLE",,,,,,,,
5,"00-0033662","4574","Cooper Rush","QB","ATL",2026,2,"ATL",2,"last_game_row",0.724476366921579,0.789855072463768,0.610615610360712,"LOW","TEAM_CHANGE",2,100,"LOW",,,,,,,,,,,,,,,,,,,,,,,,,,,,,,,,,0.00924451507365889,0,0.0108478969930908,"LOW","TEAM_CHANGE",2,0,"INSUFFICIENT_SAMPLE",,,,,,,,,,,,,,,,,0.0216619235234961,,0,"LOW","TEAM_CHANGE",0,0,"INSUFFICIENT_SAMPLE"
5,"00-0033757","4602","Robert Tonyan","TE","PIT",2026,4,"PIT",4,"last_game_row",0.0377796811684045,0.0353054441381011,0.0488167220811917,"LOW","TEAM_CHANGE",4,9,"MEDIUM",0.00543115003619493,0.00641025641025641,0.000463572372166125,"LOW","TEAM_CHANGE",4,1,"MEDIUM",2.93211769823928e-05,0,8.01236198805648e-05,"LOW","TEAM_CHANGE",4,1,"MEDIUM",0.0478810343100396,,0.0474503120793527,"LOW","TEAM_CHANGE",0,0,"INSUFFICIENT_SAMPLE",0.0234310479461875,0.0277777777777778,0.00152706193184135,"LOW","TEAM_CHANGE",4,1,"MEDIUM",,,,,,,,,,,,,,,,,0.0345312255268188,0.0416666666666667,0,"LOW","TEAM_CHANGE",4,1,"MEDIUM",,,,,,,,
5,"00-0033858","4144","Jonnu Smith","TE","GB",2026,3,"GB",3,"last_game_row",0.37595643575583,0.341420183892766,0.462968555269673,"LOW","TEAM_CHANGE",3,67,"LOW",0.0489819102765697,0.0395962732919255,0.0669223537726793,"LOW","TEAM_CHANGE",3,6,"LOW",0.0395664892157678,0.0332140318814093,0.050376155688631,"LOW","TEAM_CHANGE",3,6,"LOW",0.328691632931982,,0.32803668709087,"LOW","TEAM_CHANGE",0,0,"INSUFFICIENT_SAMPLE",0.248469333579168,0.202020202020202,0.337777993200108,"LOW","TEAM_CHANGE",3,6,"LOW",,,,,,,,,,,,,,,,,0.0541745524801945,0.0416666666666667,0.049269759044033,"LOW","TEAM_CHANGE",3,1,"LOW",,,,,,,,
5,"00-0033873","4046","Patrick Mahomes","QB","KC",2026,3,"KC",3,"last_game_row",0.998407991067695,1.01515151515152,0.976358814095213,"MEDIUM","NONE",3,201,"LOW",,,,,,,,,,,,,,,,,,,,,,,,,,,,,,,,,0.000767477911724895,0,0.0019767451514365,"MEDIUM","NONE",3,0,"INSUFFICIENT_SAMPLE",,,,,,,,,,,,,,,,,0.00265043479042294,0,0.007094340485964,"MEDIUM","NONE",3,0,"INSUFFICIENT_SAMPLE"
5,"00-0033881","4066","Evan Engram","TE","DEN",2026,3,"DEN",3,"last_game_row",0.519215009387403,0.593129268909689,0.390474880383117,"MEDIUM","NONE",3,104,"LOW",0.0721957243129435,0.0739802203216837,0.0866208250131441,"MEDIUM","NONE",3,8,"LOW",0.114843406938044,0.0881634717131148,0.202277222686973,"MEDIUM","NONE",3,8,"LOW",0.427883088299178,,0.427298573231749,"MEDIUM","NONE",0,0,"INSUFFICIENT_SAMPLE",0.567033500763068,0.458333333333333,0.784266996214601,"MEDIUM","NONE",3,8,"LOW",,,,,,,,,,,,,,,,,0.062951646143667,0.0833333333333333,0.0743807421630928,"MEDIUM","NONE",3,1,"LOW",,,,,,,,
5,"00-0033885","4033","David Njoku","TE","LAC",2026,2,"LAC",2,"last_game_row",0.382786531693662,0.354816824966079,0.437809381139985,"LOW","TEAM_CHANGE",2,41,"LOW",0.0790147061740445,0.108220211161388,0.0505594950485916,"LOW","TEAM_CHANGE",2,8,"LOW",0.0652819334905656,0.0977504527690401,0.0306913842081643,"LOW","TEAM_CHANGE",2,8,"LOW",0.35756483184735,,0.351878913632615,"LOW","TEAM_CHANGE",0,0,"INSUFFICIENT_SAMPLE",0.362843036364531,0.544642857142857,0.200932085455123,"LOW","TEAM_CHANGE",2,8,"LOW",,,,,,,,,,,,,,,,,0.10453028110673,0.0714285714285714,0.141206391475678,"LOW","TEAM_CHANGE",2,1,"LOW",,,,,,,,
5,"00-0033906","4035","Alvin Kamara","RB","NO",2026,3,"NO",2,"last_game_row",0.406594529628738,0.311415893505446,0.49571760570956,"MEDIUM","NONE",2,44,"LOW",0.0757093801287161,0.0820668693009119,0.0781751255411637,"MEDIUM","NONE",2,7,"LOW",-0.00669654111861829,-0.0156922240840542,-0.000852356225593193,"MEDIUM","NONE",2,7,"LOW",0.403446999568501,,0.399348211078716,"MEDIUM","NONE",0,0,"INSUFFICIENT_SAMPLE",,,,,,,,,0.387421309020398,0.346666666666667,0.427976425060775,"MEDIUM","NONE",2,18,"LOW",0.510704313342328,0.403508771929825,0.629362704680648,"MEDIUM","NONE",2,18,"LOW",0.0546830780742592,0.1,0.0262832808743176,"MEDIUM","NONE",2,1,"LOW",0.265658424777106,0.2,0.3279791893284,"MEDIUM","NONE",2,2,"LOW"
5,"00-0033908","4039","Cooper Kupp","WR","SEA",2026,3,"SEA",3,"last_game_row",0.680484402849834,0.632043862321048,0.787512504816068,"MEDIUM","NONE",3,114,"LOW",0.12806637055982,0.0920361247947455,0.194700957308126,"MEDIUM","NONE",3,10,"LOW",0.170159829815098,0.166848494054935,0.213382784809401,"MEDIUM","NONE",3,10,"LOW",0.706602987774567,,0.706509092644239,"MEDIUM","NONE",0,0,"INSUFFICIENT_SAMPLE",0.222757948938368,0.160577915376677,0.329787830468362,"MEDIUM","NONE",3,10,"LOW",,,,,,,,,,,,,,,,,0.100057116602121,0.0333333333333333,0.200342857466151,"MEDIUM","NONE",3,1,"LOW",,,,,,,,
5,"00-0033921","4037","Chris Godwin","WR","TB",2026,3,"TB",3,"last_game_row",0.749937413002394,0.786575622445188,0.73041233376009,"MEDIUM","NONE",3,148,"LOW",0.0960459845303086,0.0841105148081892,0.118020744399128,"MEDIUM","NONE",3,11,"LOW",0.072768535918561,0.0466576520448737,0.111924101719857,"MEDIUM","NONE",3,11,"LOW",0.633630957659154,,0.626525159543863,"MEDIUM","NONE",0,0,"INSUFFICIENT_SAMPLE",0.220297239246744,0.218045112781955,0.229520322638904,"MEDIUM","NONE",3,11,"LOW",,,,,,,,,,,,,,,,,0.0399694156145235,0,0.111738130568362,"MEDIUM","NONE",3,0,"INSUFFICIENT_SAMPLE",,,,,,,,
5,"00-0034270","5133","Tyler Conklin","TE","DET",2026,2,"DET",2,"last_game_row",0.128777001140272,0.0957042957042957,0.162418712523528,"LOW","TEAM_CHANGE",2,14,"LOW",0.00578503689710651,0,0.0103500691280692,"LOW","TEAM_CHANGE",2,0,"INSUFFICIENT_SAMPLE",0.00477803419957277,0,0.00840972761116355,"LOW","TEAM_CHANGE",2,0,"INSUFFICIENT_SAMPLE",0.206010564455999,,0.178864799742262,"LOW","TEAM_CHANGE",0,0,"INSUFFICIENT_SAMPLE",0.0388611674105223,0,0.0715460640168428,"LOW","TEAM_CHANGE",2,0,"INSUFFICIENT_SAMPLE",,,,,,,,,,,,,,,,,0.000665455531568445,0,0,"LOW","TEAM_CHANGE",2,0,"INSUFFICIENT_SAMPLE",,,,,,,,
5,"00-0034272","5086","Marquez Valdes-Scantling","WR","LAC",2026,3,"LAC",1,"last_game_row",0.455606015296757,0.0434782608695652,0.624563588566395,"LOW","TEAM_CHANGE",1,3,"LOW",0.0881936830940545,0.0238095238095238,0.114669333989208,"LOW","TEAM_CHANGE",1,1,"LOW",0.14920150526761,0.0753424657534247,0.177750310949466,"LOW","TEAM_CHANGE",1,1,"LOW",0.616552426921801,,0.614905628431407,"LOW","TEAM_CHANGE",0,0,"INSUFFICIENT_SAMPLE",0.199001508121032,0.0526315789473684,0.257740409654685,"LOW","TEAM_CHANGE",1,1,"LOW",,,,,,,,,,,,,,,,,0.10154501565962,0,0.145067997043982,"LOW","TEAM_CHANGE",1,0,"INSUFFICIENT_SAMPLE",,,,,,,,
5,"00-0034348","5045","Courtland Sutton","WR","DEN",2026,3,"DEN",3,"last_game_row",0.835035851165637,0.802794502065941,0.874821392013016,"MEDIUM","NONE",3,142,"LOW",0.152922437449438,0.144933657128779,0.160812294626981,"MEDIUM","NONE",3,16,"LOW",0.340250718572701,0.333034299711782,0.342554272737497,"MEDIUM","NONE",3,16,"LOW",0.804773852838485,,0.804803487802288,"MEDIUM","NONE",0,0,"INSUFFICIENT_SAMPLE",0.318554616152487,0.307992202729045,0.327429440111029,"MEDIUM","NONE",3,16,"LOW",,,,,,,,,,,,,,,,,0.216429438586479,0.221428571428571,0.213944425734859,"MEDIUM","NONE",3,5,"LOW",,,,,,,,
5,"00-0034351","5022","Dallas Goedert","TE","PHI",2026,2,"PHI",2,"last_game_row",0.711898347825692,0.615566037735849,0.871191232157773,"MEDIUM","NONE",2,71,"LOW",0.131583148069478,0.0967852257181943,0.175116854555784,"MEDIUM","NONE",2,7,"LOW",0.137669647769642,0.122404870624049,0.171568474523205,"MEDIUM","NONE",2,7,"LOW",0.757652395080469,,0.758040346856844,"MEDIUM","NONE",0,0,"INSUFFICIENT_SAMPLE",0.790687421207605,0.7,0.932878259073679,"MEDIUM","NONE",2,7,"LOW",,,,,,,,,,,,,,,,,0.314001214509701,0.333333333333333,0.353359044323181,"MEDIUM","NONE",2,2,"LOW",,,,,,,,
5,"00-0034365","4995","Ian Thomas","TE","LV",2026,3,"LV",3,"last_game_row",0.380796064689885,0.399824032176973,0.406815943515573,"MEDIUM","NONE",3,76,"LOW",0.0128798344798739,0.0101010101010101,0.0186091635823193,"MEDIUM","NONE",3,1,"LOW",0.00506575840222055,0.00117785630153121,0.0121800882492695,"MEDIUM","NONE",3,1,"LOW",0.276239762376039,,0.27697208091132,"MEDIUM","NONE",0,0,"INSUFFICIENT_SAMPLE",0.074447956764985,0.0666666666666667,0.0929343645797429,"MEDIUM","NONE",3,1,"LOW",,,,,,,,,,,,,,,,,2.13640711906332e-05,0,0,"MEDIUM","NONE",3,0,"INSUFFICIENT_SAMPLE",,,,,,,,
5,"00-0034383","5001","Dalton Schultz","TE","HOU",2026,3,"HOU",3,"last_game_row",0.596381410320417,0.626269729645257,0.568624107672489,"MEDIUM","NONE",3,135,"LOW",0.13390278089753,0.158775252525253,0.106238453745548,"MEDIUM","NONE",3,25,"LOW",0.113024592597093,0.126457235548367,0.091661772586838,"MEDIUM","NONE",3,25,"LOW",0.57083491173018,,0.570710319984045,"MEDIUM","NONE",0,0,"INSUFFICIENT_SAMPLE",0.611808073792397,0.656746031746032,0.586485474587888,"MEDIUM","NONE",3,25,"LOW",,,,,,,,,,,,,,,,,0.146736800807732,0.0666666666666667,0.24973361621902,"MEDIUM","NONE",3,1,"LOW",,,,,,,,
5,"00-0034419","5121","Braxton Berrios","WR","NYG",2026,3,"NYG",3,"last_game_row",0.112622029953426,0.115796719244995,0.105828900383027,"LOW","TEAM_CHANGE",3,22,"LOW",0.00601496713966468,0,0.0183511306528639,"LOW","TEAM_CHANGE",3,0,"INSUFFICIENT_SAMPLE",0.00343219653919186,0,0.00925660442312636,"LOW","TEAM_CHANGE",3,0,"INSUFFICIENT_SAMPLE",0.235237398592861,,0.240010087958443,"LOW","TEAM_CHANGE",0,0,"INSUFFICIENT_SAMPLE",0.0111420201706197,0,0.0331774822242538,"LOW","TEAM_CHANGE",3,0,"INSUFFICIENT_SAMPLE",,,,,,,,,,,,,,,,,0.00908705315355385,0,0.0298597340018285,"LOW","TEAM_CHANGE",3,0,"INSUFFICIENT_SAMPLE",,,,,,,,
5,"00-0034613","5409","Tanner Hudson","TE","CIN",2026,3,"CIN",2,"last_game_row",0.177093843181667,0.161654135338346,0.181395410495595,"MEDIUM","NONE",2,19,"LOW",0.0366082889289618,0.0375481386392811,0.0337253362497949,"MEDIUM","NONE",2,3,"LOW",0.0250983486784371,0.0262240748966413,0.0225072835018537,"MEDIUM","NONE",2,3,"LOW",0.158787346468434,,0.15907481476036,"MEDIUM","NONE",0,0,"INSUFFICIENT_SAMPLE",0.199370259429524,0.188311688311688,0.193790721381301,"MEDIUM","NONE",2,3,"LOW",,,,,,,,,,,,,,,,,0.0192932786875042,0,0.0386905456168998,"MEDIUM","NONE",2,0,"INSUFFICIENT_SAMPLE",,,,,,,,
5,"00-0034753","5012","Mark Andrews","TE","BAL",2026,3,"BAL",3,"last_game_row",0.603129007711851,0.666849415204678,0.539867691476421,"MEDIUM","NONE",3,123,"LOW",0.16588190863492,0.181852869352869,0.138346006461331,"MEDIUM","NONE",3,18,"LOW",0.18030249526826,0.178633248487468,0.168885506668646,"MEDIUM","NONE",3,18,"LOW",0.563455625163098,,0.563200906547927,"MEDIUM","NONE",0,0,"INSUFFICIENT_SAMPLE",0.690578671210387,0.75,0.612398208218152,"MEDIUM","NONE",3,18,"LOW",,,,,,,,,,,,,,,,,0.0907249492566599,0.0666666666666667,0.173678796123571,"MEDIUM","NONE",3,1,"LOW",,,,,,,,
5,"00-0034771","4972","Mason Rudolph","QB","PIT",2026,2,"PIT",1,"last_game_row",0.266485616624333,0.0428571428571429,0.300257304383599,"MEDIUM","NONE",1,3,"LOW",,,,,,,,,,,,,,,,,,,,,,,,,,,,,,,,,0.00928236160865095,0,0.00956386020615355,"MEDIUM","NONE",1,0,"INSUFFICIENT_SAMPLE",,,,,,,,,,,,,,,,,0.019201678258575,,0.0209209442009609,"MEDIUM","NONE",0,0,"INSUFFICIENT_SAMPLE"
5,"00-0034796","4881","Lamar Jackson","QB","BAL",2026,3,"BAL",3,"last_game_row",0.975538043270184,1.02668128654971,0.893639148117877,"MEDIUM","NONE",3,190,"LOW",,,,,,,,,,,,,,,,,,,,,,,,,,,,,,,,,0.0631410706351917,0.0474537037037037,0.0731469291487854,"MEDIUM","NONE",3,5,"LOW",,,,,,,,,,,,,,,,,0.121703032028906,0.130952380952381,0.0782236573939783,"MEDIUM","NONE",3,4,"LOW"
5,"00-0034798","5008","Durham Smythe","TE","BAL",2026,3,"BAL",3,"last_game_row",0.45944610276964,0.58296783625731,0.258679182966496,"LOW","TEAM_CHANGE",3,108,"LOW",0.016563120900168,0.0189636752136752,0.0188790582187981,"LOW","TEAM_CHANGE",3,2,"LOW",0.00529915617372739,0.00182300680743048,0.0143192201032987,"LOW","TEAM_CHANGE",3,2,"LOW",0.138121046934307,,0.138037534855822,"LOW","TEAM_CHANGE",0,0,"INSUFFICIENT_SAMPLE",0.0650821590750385,0.0833333333333333,0.0590289389044282,"LOW","TEAM_CHANGE",3,2,"LOW",,,,,,,,,,,,,,,,,0.0293014848583622,0.0666666666666667,0,"LOW","TEAM_CHANGE",3,1,"LOW",,,,,,,,
5,"00-0034827","4983","D.J. Moore","WR","BUF",2026,3,"BUF",3,"last_game_row",0.664947781285883,0.585270597946654,0.830071145751561,"LOW","TEAM_CHANGE",3,109,"LOW",0.167924202570033,0.173082173082173,0.134230922809834,"LOW","TEAM_CHANGE",3,18,"LOW",0.264207558298431,0.296658748699425,0.180874106295963,"LOW","TEAM_CHANGE",3,18,"LOW",0.742418644524611,,0.742412486835266,"LOW","TEAM_CHANGE",0,0,"INSUFFICIENT_SAMPLE",0.372787528904667,0.37037037037037,0.317836304151141,"LOW","TEAM_CHANGE",3,18,"LOW",,,,,,,,,,,,,,,,,0.169902486563593,0.133333333333333,0.148994475176861,"LOW","TEAM_CHANGE",3,2,"LOW",,,,,,,,
5,"00-0034829","4993","Mike Gesicki","TE","CIN",2026,3,"CIN",3,"last_game_row",0.406994243257082,0.399345822182575,0.381587107068074,"MEDIUM","NONE",3,71,"LOW",0.0755477850632349,0.0857937526743688,0.0761185299275707,"MEDIUM","NONE",3,10,"LOW",0.120276245562356,0.134104395166342,0.121823555956863,"MEDIUM","NONE",3,10,"LOW",0.439181633168261,,0.437919811622387,"MEDIUM","NONE",0,0,"INSUFFICIENT_SAMPLE",0.369405849375388,0.354978354978355,0.424016756114457,"MEDIUM","NONE",3,10,"LOW",,,,,,,,,,,,,,,,,0.0774542269147336,0.0952380952380952,0.101159945423981,"MEDIUM","NONE",3,2,"LOW",,,,,,,,
5,"00-0034837","4981","Calvin Ridley","WR","TEN",2026,3,"TEN",3,"last_game_row",0.460572149766011,0.531991614255765,0.360049163761053,"MEDIUM","NONE",3,85,"LOW",0.0573024053156705,0.0352136752136752,0.0871206685284126,"MEDIUM","NONE",3,3,"LOW",0.116668522538183,0.0745196324143693,0.173263179417918,"MEDIUM","NONE",3,3,"LOW",0.336914660516833,,0.301498150864401,"MEDIUM","NONE",0,0,"INSUFFICIENT_SAMPLE",0.119588908246949,0.0739393939393939,0.181364773493866,"MEDIUM","NONE",3,3,"LOW",,,,,,,,,,,,,,,,,0.0254443696438054,0,0.0697364806698696,"MEDIUM","NONE",3,0,"INSUFFICIENT_SAMPLE",,,,,,,,
5,"00-0034844","4866","Saquon Barkley","RB","PHI",2026,3,"PHI",3,"last_game_row",0.634069913260402,0.537914597815293,0.79961271369285,"MEDIUM","NONE",3,87,"LOW",0.0672307305024236,0.0553137393082673,0.0882532803463629,"MEDIUM","NONE",3,6,"LOW",-0.0100556386159888,-0.00981849724227099,-0.00254783417565744,"MEDIUM","NONE",3,6,"LOW",0.645485382889119,,0.645552353564616,"MEDIUM","NONE",0,0,"INSUFFICIENT_SAMPLE",,,,,,,,,0.658063992556789,0.597679582199706,0.732497653538271,"MEDIUM","NONE",3,34,"LOW",0.743844273497908,0.666666666666667,0.832711664093871,"MEDIUM","NONE",3,34,"LOW",0.020242778038069,0,0.0575224998556347,"MEDIUM","NONE",3,0,"INSUFFICIENT_SAMPLE",0.544372334303311,0.416666666666667,0.711712411033651,"MEDIUM","NONE",3,5,"LOW"
5,"00-0034854","5773","KhaDarel Hodge","WR","SF",2026,3,"SF",3,"last_game_row",0.272745306927296,0.327140783744557,0.0565396657726721,"LOW","TEAM_CHANGE",3,51,"LOW",0.0121074744951596,0.0123456790123457,0.0121509831648141,"LOW","TEAM_CHANGE",3,1,"LOW",0.0252584830020361,0.0277777777777778,0.0221343816640138,"LOW","TEAM_CHANGE",3,1,"LOW",0.202878706898217,,0.178403861339357,"LOW","TEAM_CHANGE",0,0,"INSUFFICIENT_SAMPLE",0.0276579903474104,0.0303030303030303,0.0243765958611179,"LOW","TEAM_CHANGE",3,1,"LOW",,,,,,,,,,,,,,,,,0.000633328465736256,0,0,"LOW","TEAM_CHANGE",3,0,"INSUFFICIENT_SAMPLE",,,,,,,,
5,"00-0034855","4892","Baker Mayfield","QB","TB",2026,3,"TB",3,"last_game_row",0.981478777970028,0.986628709454796,0.988238868634413,"MEDIUM","NONE",3,187,"LOW",,,,,,,,,,,,,,,,,,,,,,,,,,,,,,,,,0.0128084763174299,0.0151515151515152,0.00947463279344311,"MEDIUM","NONE",3,1,"LOW",,,,,,,,,,,,,,,,,0.0691183353776063,0.111111111111111,0,"MEDIUM","NONE",3,1,"LOW"
5,"00-0034857","4984","Josh Allen","QB","BUF",2026,3,"BUF",3,"last_game_row",0.97253545562029,1.03111747407522,0.870002377261064,"MEDIUM","NONE",3,198,"LOW",,,,,,,,,,,,,,,,,,,,,,,,,,,,,,,,,0.189075204740018,0.201640955837871,0.171025563335053,"MEDIUM","NONE",3,16,"LOW",,,,,,,,,,,,,,,,,0.339403301344832,0.344444444444444,0.290613294430559,"MEDIUM","NONE",3,5,"LOW"
5,"00-0034869","4943","Sam Darnold","QB","SEA",2026,3,"SEA",2,"last_game_row",0.807859008445781,0.551020408163265,0.987633842208092,"MEDIUM","NONE",2,72,"LOW",,,,,,,,,,,,,,,,,,,,,,,,,,,,,,,,,0.0179595166608269,0,0.0359169141529297,"MEDIUM","NONE",2,0,"INSUFFICIENT_SAMPLE",,,,,,,,,,,,,,,,,1.68303733719113e-05,0,0,"MEDIUM","NONE",2,0,"INSUFFICIENT_SAMPLE"
5,"00-0034959","6323","Andrew Beck","RB","NYJ",2026,3,"NYJ",3,"last_game_row",0.0935101988284172,0.0752408502836585,0.148873348180627,"MEDIUM","NONE",3,15,"LOW",0.0104289541071368,0,0.0295445754322479,"MEDIUM","NONE",3,0,"INSUFFICIENT_SAMPLE",0.00382993178508158,0,0.0108339765754789,"MEDIUM","NONE",3,0,"INSUFFICIENT_SAMPLE",0.0805825170218465,,0.0803771667019793,"MEDIUM","NONE",0,0,"INSUFFICIENT_SAMPLE",,,,,,,,,0.00135625001735833,0,0.00384593375426711,"MEDIUM","NONE",3,0,"INSUFFICIENT_SAMPLE",0.0015257688289436,0,0.0043266754735505,"MEDIUM","NONE",3,0,"INSUFFICIENT_SAMPLE",0.0519709803307812,0,0.147234662928289,"MEDIUM","NONE",3,0,"INSUFFICIENT_SAMPLE",0.00915430286525951,0,0.0259898705802726,"MEDIUM","NONE",3,0,"INSUFFICIENT_SAMPLE"
5,"00-0034960","5947","Jakobi Meyers","WR","JAX",2026,3,"JAX",3,"last_game_row",0.842100806781865,0.796063549888687,0.901456737956553,"MEDIUM","NONE",3,140,"LOW",0.148972092429543,0.119259259259259,0.164695305245278,"MEDIUM","NONE",3,11,"LOW",0.207402124217143,0.181642230046806,0.201301751381463,"MEDIUM","NONE",3,11,"LOW",0.825494874845471,,0.825410299137865,"MEDIUM","NONE",0,0,"INSUFFICIENT_SAMPLE",0.284873537696174,0.23015873015873,0.303643649510109,"MEDIUM","NONE",3,11,"LOW",,,,,,,,,,,,,,,,,0.100432972581998,0.0666666666666667,0.118032996176437,"MEDIUM","NONE",3,2,"LOW",,,,,,,,
5,"00-0034975","5995","Justice Hill","RB","BAL",2026,3,"BAL",3,"last_game_row",0.372745990168642,0.428728070175439,0.302100321521149,"MEDIUM","NONE",3,79,"LOW",0.0332069997989005,0.0275106837606838,0.0493371314773204,"MEDIUM","NONE",3,3,"LOW",-0.00457958161082467,-0.0105803622937579,0.0058309824533022,"MEDIUM","NONE",3,3,"LOW",0.386518388129232,,0.385152681604257,"MEDIUM","NONE",0,0,"INSUFFICIENT_SAMPLE",,,,,,,,,0.107643628151503,0.145833333333333,0.0436142340146617,"MEDIUM","NONE",3,13,"LOW",0.119344323646256,0.157467144563919,0.0521915994465443,"MEDIUM","NONE",3,13,"LOW",0.0074353256413937,0,0.0188963366976421,"MEDIUM","NONE",3,0,"INSUFFICIENT_SAMPLE",0.0136002715657552,0,0.0376562604100712,"MEDIUM","NONE",3,0,"INSUFFICIENT_SAMPLE"
5,"00-0034981","5985","Foster Moreau","TE","HOU",2026,3,"HOU",3,"last_game_row",0.427581579384556,0.436083763087982,0.372396724060799,"LOW","TEAM_CHANGE",3,89,"LOW",0.0566604092736031,0.064709595959596,0.0228741576480961,"LOW","TEAM_CHANGE",3,8,"LOW",0.0233621707445177,0.0299650684686131,0.00559894786009508,"LOW","TEAM_CHANGE",3,8,"LOW",0.241846601850164,,0.234859562931162,"LOW","TEAM_CHANGE",0,0,"INSUFFICIENT_SAMPLE",0.256518494315123,0.287698412698413,0.104406242332615,"LOW","TEAM_CHANGE",3,8,"LOW",,,,,,,,,,,,,,,,,0.124483561323194,0.133333333333333,0.0176488874316919,"LOW","TEAM_CHANGE",3,2,"LOW",,,,,,,,
5,"00-0035021","6427","Ashton Dulin","WR","IND",2026,1,"IND",1,"last_game_row",0.214124328986137,0.185185185185185,0.227506574335722,"MEDIUM","NONE",1,10,"MEDIUM",0.025878544558203,0.0285714285714286,0.0250623589827082,"MEDIUM","NONE",1,1,"LOW",0.045290556926574,0,0.0647801570437085,"MEDIUM","NONE",1,1,"LOW",0.154773427315783,,0.156284212171592,"MEDIUM","NONE",0,0,"INSUFFICIENT_SAMPLE",0.0535747716961683,0.0555555555555556,0.0534314952005054,"MEDIUM","NONE",1,1,"LOW",,,,,,,,,,,,,,,,,0.00739899356440938,0,0.0105197095205865,"MEDIUM","NONE",1,0,"INSUFFICIENT_SAMPLE",,,,,,,,
5,"00-0035125","6109","Alec Ingold","RB","LAC",2026,3,"LAC",3,"last_game_row",0.429035071384962,0.416334663966072,0.438719133892189,"LOW","TEAM_CHANGE",3,80,"LOW",0.037549098976044,0.0317460317460317,0.0273383345916091,"LOW","TEAM_CHANGE",3,4,"LOW",0.0507177771667985,0.0445205479452055,0.0329086716931923,"LOW","TEAM_CHANGE",3,4,"LOW",0.348386587255821,,0.34885115514301,"LOW","TEAM_CHANGE",0,0,"INSUFFICIENT_SAMPLE",,,,,,,,,0.000426397544533854,0,0.00118983575522639,"LOW","TEAM_CHANGE",3,0,"INSUFFICIENT_SAMPLE",0.00044366099992818,0,0.00123675387855572,"LOW","TEAM_CHANGE",3,0,"INSUFFICIENT_SAMPLE",0.0366127300162019,0.0416666666666667,0,"LOW","TEAM_CHANGE",3,1,"LOW",0.00162881144717755,0,0.00460187857164934,"LOW","TEAM_CHANGE",3,0,"INSUFFICIENT_SAMPLE"
5,"00-0035208","6271","Olamide Zaccheaus","WR","ATL",2026,3,"ATL",3,"last_game_row",0.366428131789064,0.360869565217391,0.3688151467168,"LOW","TEAM_CHANGE",3,72,"LOW",0.0593041930566673,0.0592835115543274,0.0528696605439263,"LOW","TEAM_CHANGE",3,6,"LOW",0.0429866904101585,0.0363200740559231,0.0688224727333266,"LOW","TEAM_CHANGE",3,6,"LOW",0.297671468690333,,0.297313440122033,"LOW","TEAM_CHANGE",0,0,"INSUFFICIENT_SAMPLE",0.131339998669133,0.137527233115468,0.124106744298205,"LOW","TEAM_CHANGE",3,6,"LOW",,,,,,,,,,,,,,,,,0.0592532486842741,0,0.083563288576287,"LOW","TEAM_CHANGE",1,0,"INSUFFICIENT_SAMPLE",,,,,,,,
5,"00-0035228","5849","Kyler Murray","QB","MIN",2026,3,"MIN",2,"last_game_row",0.819855367845454,0.588709677419355,0.984303457421931,"LOW","TEAM_CHANGE",2,70,"LOW",,,,,,,,,,,,,,,,,,,,,,,,,,,,,,,,,0.0454359756470447,0,0.092097369841651,"LOW","TEAM_CHANGE",2,0,"INSUFFICIENT_SAMPLE",,,,,,,,,,,,,,,,,0.0846390519404049,0,0.102245496510289,"LOW","TEAM_CHANGE",1,0,"INSUFFICIENT_SAMPLE"
5,"00-0035229","5844","T.J. Hockenson","TE","MIN",2026,3,"MIN",3,"last_game_row",0.764999570943946,0.74443790217437,0.769354687064025,"MEDIUM","NONE",3,129,"LOW",0.125667149475494,0.138388977212507,0.111132015355862,"MEDIUM","NONE",3,13,"LOW",0.14484174276708,0.158338579915013,0.10527728110119,"MEDIUM","NONE",3,13,"LOW",0.688671317179534,,0.688940442970235,"MEDIUM","NONE",0,0,"INSUFFICIENT_SAMPLE",0.764370559209307,0.785185185185185,0.634364862474104,"MEDIUM","NONE",3,13,"LOW",,,,,,,,,,,,,,,,,0.104973346597709,0.142857142857143,0.0918995013145591,"MEDIUM","NONE",2,2,"LOW",,,,,,,,
5,"00-0035249","5973","Josh Oliver","TE","MIN",2026,3,"MIN",3,"last_game_row",0.551449239054659,0.560117620669835,0.593751561299386,"MEDIUM","NONE",3,97,"LOW",0.0458054493292406,0.0525490196078431,0.057525111886749,"MEDIUM","NONE",3,5,"LOW",0.0386116148088965,0.0352369233738661,0.0601503039988953,"MEDIUM","NONE",3,5,"LOW",0.409080359779114,,0.410259150581037,"MEDIUM","NONE",0,0,"INSUFFICIENT_SAMPLE",0.24511957508241,0.214814814814815,0.393290489189593,"MEDIUM","NONE",3,5,"LOW",,,,,,,,,,,,,,,,,0.0155282181251434,0,0.0312588023981358,"MEDIUM","NONE",2,0,"INSUFFICIENT_SAMPLE",,,,,,,,
5,"00-0035250","6130","Devin Singletary","RB","NYG",2026,2,"NYG",2,"last_game_row",0.321000745388952,0.318704284221526,0.333737434245912,"MEDIUM","NONE",2,40,"LOW",0.054630460718758,0.0748917748917749,0.0423490128787166,"MEDIUM","NONE",2,5,"LOW",-0.027489046938559,-0.0341193368843138,-0.0262236125632428,"MEDIUM","NONE",2,5,"LOW",0.234928716574513,,0.234853622878022,"MEDIUM","NONE",0,0,"INSUFFICIENT_SAMPLE",,,,,,,,,0.237097902560543,0.156126482213439,0.322624289138515,"MEDIUM","NONE",2,9,"LOW",0.276000712070634,0.194331983805668,0.364080182344379,"MEDIUM","NONE",2,9,"LOW",0.0658857658468934,0.142857142857143,0.0134614548963007,"MEDIUM","NONE",2,2,"LOW",0.200627766197883,0.1,0.319118153387431,"MEDIUM","NONE",2,1,"LOW"
5,"00-0035261","5967","Tony Pollard","RB","TEN",2026,3,"TEN",3,"last_game_row",0.544364056095906,0.533501048218029,0.561801823799805,"MEDIUM","NONE",3,87,"LOW",0.0639619957223898,0.0641880341880342,0.0517881622225276,"MEDIUM","NONE",3,7,"LOW",0.00366871767799184,0.0283625730994152,-0.0199455418426823,"MEDIUM","NONE",3,7,"LOW",0.397371933912917,,0.397259021534284,"MEDIUM","NONE",0,0,"INSUFFICIENT_SAMPLE",,,,,,,,,0.682084981668665,0.66984126984127,0.67584981877497,"MEDIUM","NONE",3,38,"LOW",0.728478353507335,0.703333333333333,0.738234095709272,"MEDIUM","NONE",3,38,"LOW",0.103580220976829,0,0.294520228585558,"MEDIUM","NONE",3,0,"INSUFFICIENT_SAMPLE",0.549447009853451,0.777777777777778,0.279232328364354,"MEDIUM","NONE",2,8,"LOW"
5,"00-0035345","6529","Chris Myarick","TE","LV",2026,2,"LV",2,"last_game_row",0.0888797615466176,0.0634615384615385,,"INSUFFICIENT_SAMPLE","ROOKIE_OR_NO_PRIOR_SEASON",2,8,"LOW",0.00190432749330717,0,,"INSUFFICIENT_SAMPLE","ROOKIE_OR_NO_PRIOR_SEASON",2,0,"INSUFFICIENT_SAMPLE",0.00102768761951884,0,,"INSUFFICIENT_SAMPLE","ROOKIE_OR_NO_PRIOR_SEASON",2,0,"INSUFFICIENT_SAMPLE",0.0853342511189619,,,"INSUFFICIENT_SAMPLE","ROOKIE_OR_NO_PRIOR_SEASON",0,0,"INSUFFICIENT_SAMPLE",0.0152269173671371,0,,"INSUFFICIENT_SAMPLE","ROOKIE_OR_NO_PRIOR_SEASON",2,0,"INSUFFICIENT_SAMPLE",,,,,,,,,,,,,,,,,0.00122460338384893,0,,"INSUFFICIENT_SAMPLE","ROOKIE_OR_NO_PRIOR_SEASON",2,0,"INSUFFICIENT_SAMPLE",,,,,,,,
5,"00-0035406","5938","Lil'Jordan Humphrey","WR","DEN",2026,2,"DEN",1,"last_game_row",0.412950824485736,0.0508474576271186,0.566445390680276,"MEDIUM","NONE",1,3,"LOW",0.0578768846698793,0.0303030303030303,0.0700096393648459,"MEDIUM","NONE",1,1,"LOW",0.116613320738812,0.0522388059701493,0.144892879692034,"MEDIUM","NONE",1,1,"LOW",0.468254667537613,,0.472023132173586,"MEDIUM","NONE",0,0,"INSUFFICIENT_SAMPLE",0.115479955055548,0.0555555555555556,0.141838607020825,"MEDIUM","NONE",1,1,"LOW",,,,,,,,,,,,,,,,,0.0434023310272643,0,0.0622416146634704,"MEDIUM","NONE",1,0,"INSUFFICIENT_SAMPLE",,,,,,,,
5,"00-0035500","5970","Greg Dortch","WR","BUF",2026,3,"BUF",3,"last_game_row",0.185187812198952,0.0444203683640303,0.428324411442766,"LOW","TEAM_CHANGE",3,9,"LOW",0.0232985625882803,0,0.0659396611078774,"LOW","TEAM_CHANGE",3,0,"INSUFFICIENT_SAMPLE",0.0110533715739108,0,0.0316210221585201,"LOW","TEAM_CHANGE",3,0,"INSUFFICIENT_SAMPLE",0.411621657666037,,0.412508584881379,"LOW","TEAM_CHANGE",0,0,"INSUFFICIENT_SAMPLE",0.0574958804500842,0,0.162445475632945,"LOW","TEAM_CHANGE",3,0,"INSUFFICIENT_SAMPLE",,,,,,,,,,,,,,,,,0.0166602862901699,0,0.0459592142910859,"LOW","TEAM_CHANGE",3,0,"INSUFFICIENT_SAMPLE",,,,,,,,
5,"00-0035537","6039","Ty Johnson","RB","BUF",2026,3,"BUF",1,"last_game_row",0.30358078423246,0.230769230769231,0.333635755954758,"MEDIUM","NONE",1,15,"MEDIUM",0.0827183226524855,0.121212121212121,0.06684036718499,"MEDIUM","NONE",1,4,"LOW",-0.0154038366929208,0,-0.021929783243709,"MEDIUM","NONE",1,4,"LOW",0.317943556877235,,0.31773838996564,"MEDIUM","NONE",0,0,"INSUFFICIENT_SAMPLE",,,,,,,,,0.128121088269987,0,0.181261352183564,"MEDIUM","NONE",1,0,"INSUFFICIENT_SAMPLE",0.138821938611746,0,0.196292488867902,"MEDIUM","NONE",1,0,"INSUFFICIENT_SAMPLE",0.0239506190347253,0,0.0339216613980577,"MEDIUM","NONE",1,0,"INSUFFICIENT_SAMPLE",0.267492444094447,0,0.379169915310336,"MEDIUM","NONE",1,0,"INSUFFICIENT_SAMPLE"
5,"00-0035544","6588","Tom Kennedy","WR","DET",2026,3,"DET",3,"last_game_row",0.0219725197274821,0,0.0523614176319745,"MEDIUM","NONE",3,0,"INSUFFICIENT_SAMPLE",0.00288941943397204,0,0.00739667075666241,"MEDIUM","NONE",3,0,"INSUFFICIENT_SAMPLE",0.00426342533399405,0,0.011138515962974,"MEDIUM","NONE",3,0,"INSUFFICIENT_SAMPLE",0.188966414258802,,0.178571757886166,"LOW","NONE",0,0,"INSUFFICIENT_SAMPLE",0.00546501604434692,0,0.0139231449537175,"MEDIUM","NONE",3,0,"INSUFFICIENT_SAMPLE",,,,,,,,,,,,,,,,,0.000208564723035041,0,0,"MEDIUM","NONE",3,0,"INSUFFICIENT_SAMPLE",,,,,,,,
5,"00-0035589","6045","Gary Jennings","WR","LAC",2026,2,"LAC",1,"last_game_row",0.00600309510685645,0,,"INSUFFICIENT_SAMPLE","ROOKIE_OR_NO_PRIOR_SEASON",1,0,"INSUFFICIENT_SAMPLE",0,0,,"INSUFFICIENT_SAMPLE","ROOKIE_OR_NO_PRIOR_SEASON",1,0,"INSUFFICIENT_SAMPLE",0,0,,"INSUFFICIENT_SAMPLE","ROOKIE_OR_NO_PRIOR_SEASON",1,0,"INSUFFICIENT_SAMPLE",,,,"INSUFFICIENT_SAMPLE","ROOKIE_OR_NO_PRIOR_SEASON",0,0,"INSUFFICIENT_SAMPLE",0,0,,"INSUFFICIENT_SAMPLE","ROOKIE_OR_NO_PRIOR_SEASON",1,0,"INSUFFICIENT_SAMPLE",,,,,,,,,,,,,,,,,0,0,,"INSUFFICIENT_SAMPLE","ROOKIE_OR_NO_PRIOR_SEASON",1,0,"INSUFFICIENT_SAMPLE",,,,,,,,
5,"00-0035594","6012","Travis Homer","RB","PIT",2026,4,"PIT",3,"last_game_row",0.0242175541716995,0.0358626334276848,0.00117250929031538,"LOW","TEAM_CHANGE",3,7,"LOW",0.000101027333048909,0,0,"LOW","TEAM_CHANGE",3,0,"INSUFFICIENT_SAMPLE",8.03474403152695e-06,0,0,"LOW","TEAM_CHANGE",3,0,"INSUFFICIENT_SAMPLE",0.13323365497474,,0.0638297872340425,"LOW","TEAM_CHANGE",0,0,"INSUFFICIENT_SAMPLE",,,,,,,,,0.0526247048285757,0.0801587301587302,0.000692086152670167,"LOW","TEAM_CHANGE",3,5,"LOW",0.0568820064346454,0.0859649122807018,0.000773508052984304,"LOW","TEAM_CHANGE",3,5,"LOW",1.22949364927072e-08,0,0,"LOW","TEAM_CHANGE",3,0,"INSUFFICIENT_SAMPLE",0.198223703645574,0.375,0,"LOW","TEAM_CHANGE",2,3,"LOW"
5,"00-0035631","6001","Drew Sample","TE","CIN",2026,3,"CIN",3,"last_game_row",0.596100356077173,0.595202696005551,0.630921084975377,"MEDIUM","NONE",3,107,"LOW",0.040535723363699,0.0425759520753102,0.0415419456206913,"MEDIUM","NONE",3,5,"LOW",0.000617899033322848,0.00386100386100386,-0.00786562769472008,"MEDIUM","NONE",3,5,"LOW",0.467655451729901,,0.467676366152563,"MEDIUM","NONE",0,0,"INSUFFICIENT_SAMPLE",0.207634495227466,0.186147186147186,0.23770913539671,"MEDIUM","NONE",3,5,"LOW",,,,,,,,,,,,,,,,,0.0213535159754017,0.0476190476190476,0.0011472830877529,"MEDIUM","NONE",3,1,"LOW",,,,,,,,
5,"00-0035640","5846","DK Metcalf","WR","PIT",2026,4,"PIT",4,"last_game_row",0.953893564980542,0.985489862250426,0.855063215075794,"MEDIUM","NONE",4,261,"MEDIUM",0.171238006403636,0.176161138759923,0.172231591887666,"MEDIUM","NONE",4,33,"MEDIUM",0.324077914022619,0.33522931702998,0.337356136473483,"MEDIUM","NONE",4,33,"MEDIUM",0.800878924227108,,0.800909392152982,"MEDIUM","NONE",0,0,"INSUFFICIENT_SAMPLE",0.394754660844643,0.392599478769387,0.453329734972751,"MEDIUM","NONE",4,33,"MEDIUM",,,,,,,,,,,,,,,,,0.0486118553496673,0.0416666666666667,0.0563056957453821,"MEDIUM","NONE",4,1,"MEDIUM",,,,,,,,
5,"00-0035644","5857","Noah Fant","TE","NO",2026,3,"NO",3,"last_game_row",0.424987372909053,0.47701969955869,0.295511978253557,"LOW","TEAM_CHANGE",3,109,"LOW",0.0543951007268761,0.0687728347302815,0.0324507577352523,"LOW","TEAM_CHANGE",3,12,"LOW",0.0301256391600264,0.0471285684424935,0.00874907553356724,"LOW","TEAM_CHANGE",3,12,"LOW",0.202928041363678,,0.200458527359758,"LOW","TEAM_CHANGE",0,0,"INSUFFICIENT_SAMPLE",0.244707754523853,0.288888888888889,0.192501900322606,"LOW","TEAM_CHANGE",3,12,"LOW",,,,,,,,,,,,,,,,,0.0943528787526412,0.1,0.0594899589319363,"LOW","TEAM_CHANGE",3,3,"LOW",,,,,,,,
5,"00-0035659","5927","Terry McLaurin","WR","WAS",2026,3,"WAS",3,"last_game_row",0.76926110890105,0.783924442175441,0.755511397086182,"MEDIUM","NONE",3,163,"LOW",0.183822612433702,0.176685084928652,0.168631630160349,"MEDIUM","NONE",3,22,"LOW",0.361463731671171,0.313972792447692,0.377713528605271,"MEDIUM","NONE",3,22,"LOW",0.656554057633346,,0.654215588797104,"MEDIUM","NONE",0,0,"INSUFFICIENT_SAMPLE",0.342966097533765,0.311666666666667,0.365024096703593,"MEDIUM","NONE",3,22,"LOW",,,,,,,,,,,,,,,,,0.0728583723537777,0.0846560846560847,0.0730595268600559,"MEDIUM","NONE",3,2,"LOW",,,,,,,,
5,"00-0035662","5848","Marquise Brown","WR","PHI",2026,2,"PHI",1,"last_game_row",0.481448927013543,0.223684210526316,0.588020419529217,"LOW","TEAM_CHANGE",1,17,"MEDIUM",0.070871367770774,0,0.100141839338595,"LOW","TEAM_CHANGE",1,0,"INSUFFICIENT_SAMPLE",0.20708302144369,0,0.292968168818118,"LOW","TEAM_CHANGE",1,0,"INSUFFICIENT_SAMPLE",0.537465462259303,,0.537550495840606,"LOW","TEAM_CHANGE",0,0,"INSUFFICIENT_SAMPLE",0.225376456895983,0,0.318921993996208,"LOW","TEAM_CHANGE",1,0,"INSUFFICIENT_SAMPLE",,,,,,,,,,,,,,,,,0.0108009947693971,0,0.0150168882558683,"LOW","TEAM_CHANGE",1,0,"INSUFFICIENT_SAMPLE",,,,,,,,
5,"00-0035676","5859","A.J. Brown","WR","NE",2026,1,"NE",1,"last_game_row",0.78248105051134,0.436619718309859,0.925704469952225,"LOW","TEAM_CHANGE",1,31,"MEDIUM",0.183835920852309,0.0909090909090909,0.222404329422884,"LOW","TEAM_CHANGE",1,4,"LOW",0.302104431084112,0.085972850678733,0.391237324964516,"LOW","TEAM_CHANGE",1,4,"LOW",0.795459200267057,,0.79565560046828,"LOW","TEAM_CHANGE",0,0,"INSUFFICIENT_SAMPLE",0.371055230476166,0.210526315789474,0.437321419872025,"LOW","TEAM_CHANGE",1,4,"LOW",,,,,,,,,,,,,,,,,0.0963907485250856,0,0.133999280331877,"LOW","TEAM_CHANGE",1,0,"INSUFFICIENT_SAMPLE",,,,,,,,
5,"00-0035685","5892","David Montgomery","RB","HOU",2026,3,"HOU",3,"last_game_row",0.488408195839687,0.551648695108611,0.343860031488561,"LOW","TEAM_CHANGE",3,115,"LOW",0.0449681173776804,0.0514520202020202,0.0327199392527724,"LOW","TEAM_CHANGE",3,7,"LOW",0.0152549533374927,0.0224105652447944,-0.00151532390212196,"LOW","TEAM_CHANGE",3,7,"LOW",0.303352258235641,,0.303359087249307,"LOW","TEAM_CHANGE",0,0,"INSUFFICIENT_SAMPLE",,,,,,,,,0.443363601049584,0.522990271377368,0.318349266478313,"LOW","TEAM_CHANGE",3,37,"LOW",0.51083216992354,0.601908866995074,0.338363180256297,"LOW","TEAM_CHANGE",3,37,"LOW",0.0252286246517261,0.0555555555555556,0.00227806604555054,"LOW","TEAM_CHANGE",3,1,"LOW",0.527284220945641,0.611111111111111,0.50855940119376,"LOW","TEAM_CHANGE",3,7,"LOW"
5,"00-0035689","5906","Dawson Knox","TE","BUF",2026,3,"BUF",3,"last_game_row",0.661592370733012,0.730951091162359,0.534392227291372,"MEDIUM","NONE",3,141,"LOW",0.056756180863925,0.034983034983035,0.0963854850856666,"MEDIUM","NONE",3,4,"LOW",0.0458709801610878,0.00975536168347094,0.110765894129532,"MEDIUM","NONE",3,4,"LOW",0.432755434803103,,0.432694832498593,"MEDIUM","NONE",0,0,"INSUFFICIENT_SAMPLE",0.288298971277272,0.180952380952381,0.473527772810617,"MEDIUM","NONE",3,4,"LOW",,,,,,,,,,,,,,,,,0.0783670033672994,0.037037037037037,0.156605453772822,"MEDIUM","NONE",3,1,"LOW",,,,,,,,
5,"00-0035704","5854","Drew Lock","QB","SEA",2026,2,"SEA",2,"last_game_row",0.588264302062527,0.959183673469388,0.112830512173755,"MEDIUM","NONE",2,115,"LOW",,,,,,,,,,,,,,,,,,,,,,,,,,,,,,,,,0.0076151128995947,0,0.0119213741133021,"MEDIUM","NONE",2,0,"INSUFFICIENT_SAMPLE",,,,,,,,,,,,,,,,,0.000145021792844959,0,0,"MEDIUM","NONE",2,0,"INSUFFICIENT_SAMPLE"
5,"00-0035710","5870","Daniel Jones","QB","IND",2026,3,"IND",3,"last_game_row",0.920101739927755,1,0.77163906184065,"MEDIUM","NONE",3,190,"LOW",,,,,,,,,,,,,,,,,,,,,,,,,,,,,,,,,0.0360768195532707,0.0333333333333333,0.0257749973589246,"MEDIUM","NONE",3,3,"LOW",,,,,,,,,,,,,,,,,0.0149877068470091,0,0.0410525814813849,"MEDIUM","NONE",3,0,"INSUFFICIENT_SAMPLE"
5,"00-0035719","5872","Deebo Samuel","WR","SF",2026,3,"SF",3,"last_game_row",0.678656523152714,0.602989840348331,0.743198473619639,"LOW","TEAM_CHANGE",3,99,"LOW",0.114576348559035,0.112445779112446,0.159035702557017,"LOW","TEAM_CHANGE",3,11,"LOW",0.0790392881583916,0.0732165050956997,0.11459674304591,"LOW","TEAM_CHANGE",3,11,"LOW",0.68081246220746,,0.68082907674377,"LOW","TEAM_CHANGE",0,0,"INSUFFICIENT_SAMPLE",0.26160307372615,0.258467023172906,0.356671978283951,"LOW","TEAM_CHANGE",3,11,"LOW",,,,,,,,,,,,,,,,,0.0816996004425061,0.125,0.0755272268352149,"LOW","TEAM_CHANGE",3,3,"LOW",,,,,,,,
5,"00-0035891","7039","Cody White","WR","LV",2026,3,"LV",3,"last_game_row",,,,"INSUFFICIENT_SAMPLE","NO_PRIOR_EVIDENCE_THIS_METRIC",0,0,"INSUFFICIENT_SAMPLE",0.0485237132417335,0.0538745008221752,0.0273450544819102,"LOW","TEAM_CHANGE",3,6,"LOW",0.0514275317495787,0.0497873470918282,0.0452048553126924,"LOW","TEAM_CHANGE",3,6,"LOW",0.188671845818365,,0.182718926256397,"LOW","TEAM_CHANGE",0,0,"INSUFFICIENT_SAMPLE",0.138001112216646,0.153409090909091,0.0564627476913571,"LOW","TEAM_CHANGE",3,6,"LOW",,,,,,,,,,,,,,,,,0.181923060701436,0.26984126984127,0,"LOW","TEAM_CHANGE",3,4,"LOW",,,,,,,,
5,"00-0036040","7002","Juwan Johnson","TE","NO",2026,3,"NO",3,"last_game_row",0.666141350861097,0.670955879575702,0.700594845521421,"MEDIUM","NONE",3,158,"LOW",0.130665226332193,0.123837155752049,0.128829171124012,"MEDIUM","NONE",3,19,"LOW",0.114613068748422,0.0865419136955602,0.187850382653961,"MEDIUM","NONE",3,19,"LOW",0.66776554373465,,0.667752701716705,"MEDIUM","NONE",0,0,"INSUFFICIENT_SAMPLE",0.715689207431454,0.644444444444444,0.810894547119661,"MEDIUM","NONE",3,19,"LOW",,,,,,,,,,,,,,,,,0.157342470418923,0.233333333333333,0.0374163008102077,"MEDIUM","NONE",3,6,"LOW",,,,,,,,
5,"00-0036139","7021","Rico Dowdle","RB","PIT",2026,2,"PIT",2,"last_game_row",0.466160971148779,0.428571428571429,0.532856649745631,"LOW","TEAM_CHANGE",2,57,"LOW",0.075613529867424,0.0735996526270083,0.0833025951950831,"LOW","TEAM_CHANGE",2,7,"LOW",-0.0255658204958276,0.00956516770470259,-0.0607300178352957,"LOW","TEAM_CHANGE",2,7,"LOW",0.424642926305813,,0.424345247510966,"LOW","TEAM_CHANGE",0,0,"INSUFFICIENT_SAMPLE",,,,,,,,,0.4378514478532,0.388888888888889,0.496024396360022,"LOW","TEAM_CHANGE",2,15,"LOW",0.461357515514241,0.397222222222222,0.533073874892622,"LOW","TEAM_CHANGE",2,15,"LOW",0.0518705024461613,0,0.103804093248127,"LOW","TEAM_CHANGE",2,0,"INSUFFICIENT_SAMPLE",0.484344409508178,1,0.27024707217976,"LOW","TEAM_CHANGE",1,1,"LOW"
5,"00-0036158","6806","J.K. Dobbins","RB","DEN",2026,3,"DEN",3,"last_game_row",0.465924806710321,0.429489838940889,0.516215722775505,"MEDIUM","NONE",3,76,"LOW",0.026003986202001,0.016260162601626,0.0323979134718641,"MEDIUM","NONE",3,2,"LOW",-0.0059471448643774,-0.00540540540540541,-0.00301880308314813,"MEDIUM","NONE",3,2,"LOW",0.301443745049311,,0.293911273981809,"MEDIUM","NONE",0,0,"INSUFFICIENT_SAMPLE",,,,,,,,,0.576369716877468,0.523931623931624,0.646285109485169,"MEDIUM","NONE",3,35,"LOW",0.72538130120846,0.684487734487734,0.773865058017148,"MEDIUM","NONE",3,35,"LOW",0.0006184518330297,0,0,"MEDIUM","NONE",3,0,"INSUFFICIENT_SAMPLE",0.472399720942131,0.366666666666667,0.541676397050951,"MEDIUM","NONE",3,6,"LOW"
5,"00-0036182","7496","Nick Westbrook-Ikhine","WR","IND",2026,3,"IND",1,"last_game_row",0.221748538161474,0.0140845070422535,0.304230451564215,"LOW","TEAM_CHANGE",1,1,"LOW",0.0126607319373301,0,0.0172004892131851,"LOW","TEAM_CHANGE",1,0,"INSUFFICIENT_SAMPLE",0.0145490001245774,0,0.0195089685983026,"LOW","TEAM_CHANGE",1,0,"INSUFFICIENT_SAMPLE",0.324949389268407,,0.321198308440615,"LOW","TEAM_CHANGE",0,0,"INSUFFICIENT_SAMPLE",0.0421477716609753,0,0.0581210343340172,"LOW","TEAM_CHANGE",1,0,"INSUFFICIENT_SAMPLE",,,,,,,,,,,,,,,,,0.00445062536472263,0,0.00578492363415166,"LOW","TEAM_CHANGE",1,0,"INSUFFICIENT_SAMPLE",,,,,,,,
5,"00-0036187","7204","Reggie Gilliam","RB","NE",2026,3,"NE",3,"last_game_row",0.204802713001582,0.22914706969982,0.17714686122569,"LOW","TEAM_CHANGE",3,41,"LOW",0.0161758280946954,0.0229885057471264,0.00536048941907075,"LOW","TEAM_CHANGE",3,2,"LOW",0.00444740442051649,-0.00170068027210884,0.015589395609822,"LOW","TEAM_CHANGE",3,2,"LOW",0.085365219726529,,0.0853560767120495,"LOW","TEAM_CHANGE",0,0,"INSUFFICIENT_SAMPLE",,,,,,,,,0.00265900897746716,0,0.00752046881198815,"LOW","TEAM_CHANGE",3,0,"INSUFFICIENT_SAMPLE",0.00272954346631272,0,0.00771837588598784,"LOW","TEAM_CHANGE",3,0,"INSUFFICIENT_SAMPLE",0.00228822827319313,0,0.00648475244419718,"LOW","TEAM_CHANGE",3,0,"INSUFFICIENT_SAMPLE",0.00942405723519198,0,0.0133317401667063,"LOW","TEAM_CHANGE",1,0,"INSUFFICIENT_SAMPLE"
5,"00-0036223","6813","Jonathan Taylor","RB","IND",2026,3,"IND",3,"last_game_row",0.843794937665393,0.890806949961879,0.768534657689044,"MEDIUM","NONE",3,169,"LOW",0.0951652053034016,0.100580720092915,0.0943898504264386,"MEDIUM","NONE",3,11,"LOW",-0.0165515087891115,-0.0174787282339675,-0.00490518512499106,"MEDIUM","NONE",3,11,"LOW",0.658054355575044,,0.658216467457803,"MEDIUM","NONE",0,0,"INSUFFICIENT_SAMPLE",,,,,,,,,0.809591079944191,0.855555555555556,0.771708748236246,"MEDIUM","NONE",3,66,"LOW",0.880010138997782,0.924976258309592,0.82809509170599,"MEDIUM","NONE",3,66,"LOW",0.0454361835625793,0.0476190476190476,0.0100486140379634,"MEDIUM","NONE",3,1,"LOW",0.799294722011871,0.888888888888889,0.7080210058413,"MEDIUM","NONE",3,12,"LOW"
5,"00-0036244","6865","Colby Parkinson","TE","LAR",2026,3,"LAR",3,"last_game_row",0.671344955942151,0.660810071154899,0.765893523182806,"MEDIUM","NONE",3,128,"LOW",0.0684148202066449,0.0458685212783573,0.119456515767104,"MEDIUM","NONE",3,5,"LOW",0.0369684574180422,0.0107005050085258,0.0905115221036578,"MEDIUM","NONE",3,5,"LOW",0.634138141044422,,0.634721836055113,"MEDIUM","NONE",0,0,"INSUFFICIENT_SAMPLE",0.29489281997658,0.186274509803922,0.550226261463043,"MEDIUM","NONE",3,5,"LOW",,,,,,,,,,,,,,,,,0.149241047782106,0.196969696969697,0.139849536944287,"MEDIUM","NONE",3,2,"LOW",,,,,,,,
5,"00-0036252","6819","Michael Pittman","WR","PIT",2026,4,"PIT",3,"last_game_row",0.817477482914488,0.800932846098757,0.882571872788882,"LOW","TEAM_CHANGE",3,156,"LOW",0.106386818204366,0.0906783051463902,0.132848952409188,"LOW","TEAM_CHANGE",3,12,"LOW",0.120249309607344,0.0924006247353504,0.168490649771713,"LOW","TEAM_CHANGE",3,12,"LOW",0.812353330843635,,0.812281704185342,"LOW","TEAM_CHANGE",0,0,"INSUFFICIENT_SAMPLE",0.236217322772703,0.203195186032715,0.295708578526078,"LOW","TEAM_CHANGE",3,12,"LOW",,,,,,,,,,,,,,,,,0.0612777987518331,0,0.173268903573597,"LOW","TEAM_CHANGE",3,0,"INSUFFICIENT_SAMPLE",,,,,,,,
5,"00-0036259","7049","Jauan Jennings","WR","MIN",2026,3,"MIN",2,"last_game_row",0.773516579331367,0.648305084745763,0.873644503946868,"LOW","TEAM_CHANGE",2,78,"LOW",0.0901694792107463,0.0417329093799682,0.136287051843874,"LOW","TEAM_CHANGE",2,3,"LOW",0.174140559584469,0.128878066378066,0.226331071102416,"LOW","TEAM_CHANGE",2,3,"LOW",0.745137927603412,,0.745419622971457,"LOW","TEAM_CHANGE",0,0,"INSUFFICIENT_SAMPLE",0.265755019020368,0.105128205128205,0.421527364324979,"LOW","TEAM_CHANGE",2,3,"LOW",,,,,,,,,,,,,,,,,0.130451680527074,0,0.184830067524148,"LOW","TEAM_CHANGE",1,0,"INSUFFICIENT_SAMPLE",,,,,,,,
5,"00-0036264","6804","Jordan Love","QB","GB",2026,3,"GB",3,"last_game_row",0.953828235800311,1,0.869444889595176,"MEDIUM","NONE",3,193,"LOW",,,,,,,,,,,,,,,,,,,,,,,,,,,,,,,,,0.0401565150998822,0.0484848484848485,0.011932095835798,"MEDIUM","NONE",3,2,"LOW",,,,,,,,,,,,,,,,,0.0555791934972295,0.111111111111111,0.0191724518769246,"MEDIUM","NONE",3,1,"LOW"
5,"00-0036265","6828","AJ Dillon","RB","CAR",2026,3,"CAR",3,"last_game_row",0.118838432130263,0.107458124950385,0.103014564683966,"LOW","TEAM_CHANGE",3,23,"LOW",0.0125929355556004,0.00641025641025641,0.0186352427780995,"LOW","TEAM_CHANGE",3,1,"LOW",-0.00176651813196313,-0.00526711813393529,0.00898717517900723,"LOW","TEAM_CHANGE",3,1,"LOW",0.101867168841884,,0.0860016875988566,"LOW","TEAM_CHANGE",0,0,"INSUFFICIENT_SAMPLE",,,,,,,,,0.141048918692294,0.171313131313131,0.0673309439480519,"LOW","TEAM_CHANGE",3,12,"LOW",0.158855028765784,0.19327485380117,0.0805009002782085,"LOW","TEAM_CHANGE",3,12,"LOW",0.0134289259084967,0,0.0418418884019218,"LOW","TEAM_CHANGE",3,0,"INSUFFICIENT_SAMPLE",0.0681326732495537,0,0.170111975009077,"LOW","TEAM_CHANGE",3,0,"INSUFFICIENT_SAMPLE"
5,"00-0036275","6790","D'Andre Swift","RB","CHI",2026,3,"CHI",3,"last_game_row",0.636736857555437,0.657516851489454,0.570226648235341,"MEDIUM","NONE",3,143,"LOW",0.0631735526535838,0.0725279106858054,0.036294368098699,"MEDIUM","NONE",3,9,"LOW",-0.014419867075376,-0.0235931784852833,0.0039415178437019,"MEDIUM","NONE",3,9,"LOW",0.494327528868375,,0.494309014288424,"MEDIUM","NONE",0,0,"INSUFFICIENT_SAMPLE",,,,,,,,,0.558473470760831,0.563669950738916,0.525275409031094,"MEDIUM","NONE",3,54,"LOW",0.623099778123391,0.641636141636142,0.582814052833721,"MEDIUM","NONE",3,54,"LOW",0.0223289699898404,0.0333333333333333,0.00458541242760787,"MEDIUM","NONE",3,1,"LOW",0.512319147497316,0.515151515151515,0.513731125313065,"MEDIUM","NONE",3,14,"LOW"
5,"00-0036290","6826","Cole Kmet","TE","CHI",2026,3,"CHI",3,"last_game_row",0.660727781428661,0.628749728201783,0.712735150674435,"MEDIUM","NONE",3,137,"LOW",0.0481343745391966,0.041347687400319,0.070013356569593,"MEDIUM","NONE",3,5,"LOW",0.0574179038337568,0.0743879920056505,0.0500289649468735,"MEDIUM","NONE",3,5,"LOW",0.578266516462405,,0.577961616456802,"MEDIUM","NONE",0,0,"INSUFFICIENT_SAMPLE",0.248079528025422,0.303174603174603,0.230433990220246,"MEDIUM","NONE",3,5,"LOW",,,,,,,,,,,,,,,,,0.0447284257761811,0,0.126633724708111,"MEDIUM","NONE",3,0,"INSUFFICIENT_SAMPLE",,,,,,,,
5,"00-0036309","7090","Darnell Mooney","WR","NYG",2026,3,"NYG",3,"last_game_row",0.653678020175639,0.586497155462673,0.811093621474681,"LOW","TEAM_CHANGE",3,109,"LOW",0.109268206755289,0.0858104858104858,0.14167955606536,"LOW","TEAM_CHANGE",3,8,"LOW",0.205036052338121,0.144207096328267,0.288793870032445,"LOW","TEAM_CHANGE",3,8,"LOW",0.831647675859027,,0.831621329477584,"LOW","TEAM_CHANGE",0,0,"INSUFFICIENT_SAMPLE",0.260503950254312,0.204700854700855,0.339803739533086,"LOW","TEAM_CHANGE",3,8,"LOW",,,,,,,,,,,,,,,,,0.046077234549524,0,0.131134582410226,"LOW","TEAM_CHANGE",3,0,"INSUFFICIENT_SAMPLE",,,,,,,,
5,"00-0036322","6794","Justin Jefferson","WR","MIN",2026,3,"MIN",3,"last_game_row",0.705617434404901,0.695462001093494,0.910702197195716,"MEDIUM","NONE",3,119,"LOW",0.194788759098971,0.196057233704293,0.243836379083377,"MEDIUM","NONE",3,18,"LOW",0.331927105569454,0.368530620122977,0.351928380735193,"MEDIUM","NONE",3,18,"LOW",0.745337167714331,,0.745181256436255,"MEDIUM","NONE",0,0,"INSUFFICIENT_SAMPLE",0.46039811108417,0.467521367521368,0.580603581534476,"MEDIUM","NONE",3,18,"LOW",,,,,,,,,,,,,,,,,0.544910790374809,0.714285714285714,0.325873167837118,"MEDIUM","NONE",2,4,"LOW",,,,,,,,
5,"00-0036331","6847","Devin Duvernay","WR","ARI",2026,3,"ARI",3,"last_game_row",0.0129920263904755,0,0.0364715825206827,"LOW","TEAM_CHANGE",3,0,"INSUFFICIENT_SAMPLE",0.00125048464258573,0,0.0034981729414733,"LOW","TEAM_CHANGE",3,0,"INSUFFICIENT_SAMPLE",0.00167560233173219,0,0.00468895894311745,"LOW","TEAM_CHANGE",3,0,"INSUFFICIENT_SAMPLE",0.104190140364251,,0.0816439253943973,"LOW","TEAM_CHANGE",0,0,"INSUFFICIENT_SAMPLE",0.00323361034460493,0,0.00907211092538478,"LOW","TEAM_CHANGE",3,0,"INSUFFICIENT_SAMPLE",,,,,,,,,,,,,,,,,0.000275554591987591,0,0.000763797613717546,"LOW","TEAM_CHANGE",3,0,"INSUFFICIENT_SAMPLE",,,,,,,,
5,"00-0036355","6797","Justin Herbert","QB","LAC",2026,3,"LAC",3,"last_game_row",0.998942440736258,1.00497512437811,0.98825394993281,"MEDIUM","NONE",3,192,"LOW",,,,,,,,,,,,,,,,,,,,,,,,,,,,,,,,,0.070194898033787,0.0448933782267116,0.101849383584767,"MEDIUM","NONE",3,4,"LOW",,,,,,,,,,,,,,,,,0.11598862240927,0.111111111111111,0.133226152742053,"MEDIUM","NONE",3,1,"LOW"
5,"00-0036358","6786","CeeDee Lamb","WR","DAL",2026,3,"DAL",3,"last_game_row",0.764287768645424,0.793374565788359,0.70617376373525,"MEDIUM","NONE",3,149,"LOW",0.187789448456471,0.208621731487585,0.151668516173861,"MEDIUM","NONE",3,26,"LOW",0.333596596711694,0.387046395034219,0.236808139912935,"MEDIUM","NONE",3,26,"LOW",0.650050128562557,,0.649115353489364,"MEDIUM","NONE",0,0,"INSUFFICIENT_SAMPLE",0.325192843622779,0.363768115942029,0.274950570818791,"MEDIUM","NONE",3,26,"LOW",,,,,,,,,,,,,,,,,0.14942614936057,0.189033189033189,0.124046868505425,"MEDIUM","NONE",3,4,"LOW",,,,,,,,
5,"00-0036389","6904","Jalen Hurts","QB","PHI",2026,3,"PHI",3,"last_game_row",0.97410831082739,0.985911949685535,0.977571560123601,"MEDIUM","NONE",3,177,"LOW",,,,,,,,,,,,,,,,,,,,,,,,,,,,,,,,,0.071418343034227,0.0499108734402852,0.099829570692598,"MEDIUM","NONE",3,4,"LOW",,,,,,,,,,,,,,,,,0.134534247161155,0.125,0.099661797044927,"MEDIUM","NONE",3,2,"LOW"
5,"00-0036407","6783","Jerry Jeudy","WR","CLE",2026,4,"CLE",4,"last_game_row",0.594981367673039,0.537775594108611,0.872086453527717,"MEDIUM","NONE",4,126,"MEDIUM",0.0815912192094876,0.0574252136752137,0.167961562006531,"MEDIUM","NONE",4,8,"MEDIUM",0.157102550953802,0.0899161638048197,0.394267497220685,"MEDIUM","NONE",4,8,"MEDIUM",0.725077646439966,,0.724767429137539,"MEDIUM","NONE",0,0,"INSUFFICIENT_SAMPLE",0.211550612268038,0.13306342780027,0.494617387469857,"MEDIUM","NONE",4,8,"MEDIUM",,,,,,,,,,,,,,,,,0.0165873814350954,0,0.0649226342534794,"MEDIUM","NONE",4,0,"INSUFFICIENT_SAMPLE",,,,,,,,
5,"00-0036410","6801","Tee Higgins","WR","CIN",2026,3,"CIN",3,"last_game_row",0.799055686238563,0.796265616961424,0.76042796024148,"MEDIUM","NONE",3,142,"LOW",0.189027350615967,0.202134740645652,0.165018456741283,"MEDIUM","NONE",3,23,"LOW",0.427330981961979,0.470161241530621,0.385514320884093,"MEDIUM","NONE",3,23,"LOW",0.769219767038668,,0.769506309181844,"MEDIUM","NONE",0,0,"INSUFFICIENT_SAMPLE",0.353429071570202,0.387705627705628,0.323780327175331,"MEDIUM","NONE",3,23,"LOW",,,,,,,,,,,,,,,,,0.192957505892023,0.111111111111111,0.269874559073803,"MEDIUM","NONE",3,1,"LOW",,,,,,,,
5,"00-0036422","6869","Adam Trautman","TE","DEN",2026,3,"DEN",3,"last_game_row",0.524253302557556,0.486983725440594,0.594641325939318,"MEDIUM","NONE",3,86,"LOW",0.0205091902200458,0.0285714285714286,0.022489481314286,"MEDIUM","NONE",3,3,"LOW",0.00928698985427516,-0.0036231884057971,0.0307781029998341,"MEDIUM","NONE",3,3,"LOW",0.41471023402311,,0.41495377734689,"MEDIUM","NONE",0,0,"INSUFFICIENT_SAMPLE",0.114273070481931,0.125,0.167611129507871,"MEDIUM","NONE",3,3,"LOW",,,,,,,,,,,,,,,,,5.51152268007152e-05,0,0.000115732815452953,"MEDIUM","NONE",3,0,"INSUFFICIENT_SAMPLE",,,,,,,,
5,"00-0036425","6931","DeeJay Dallas","RB","MIN",2026,3,"MIN",3,"last_game_row",0.111830393563474,0.134387573425299,0.0501318514763648,"LOW","TEAM_CHANGE",3,23,"LOW",0.0149284674368406,0.0231372549019608,0.00550449916774877,"LOW","TEAM_CHANGE",3,2,"LOW",-0.00502026718277872,-0.00659862960818375,-0.000653849348655241,"LOW","TEAM_CHANGE",3,2,"LOW",0.12971986737211,,0.121961038027196,"LOW","TEAM_CHANGE",0,0,"INSUFFICIENT_SAMPLE",,,,,,,,,0.036295792708005,0.0398428731762065,0.0205981546063997,"LOW","TEAM_CHANGE",3,3,"LOW",0.0400709556707472,0.0425396825396825,0.0261306339743739,"LOW","TEAM_CHANGE",3,3,"LOW",0.00152549397843833,0,0,"LOW","TEAM_CHANGE",2,0,"INSUFFICIENT_SAMPLE",0.0140885197436923,0,0.0209209442009609,"LOW","TEAM_CHANGE",1,0,"INSUFFICIENT_SAMPLE"
5,"00-0036429","7075","Charlie Woerner","TE","ATL",2026,3,"ATL",3,"last_game_row",0.548409962767659,0.577536231884058,0.490662140207626,"MEDIUM","NONE",3,114,"LOW",0.00975502330634013,0.00813008130081301,0.0132483607453571,"MEDIUM","NONE",3,1,"LOW",0.00241987411361374,0.00209643605870021,0.00312141728468286,"MEDIUM","NONE",3,1,"LOW",0.342429829080239,,0.342603343074589,"MEDIUM","NONE",0,0,"INSUFFICIENT_SAMPLE",0.0423886752500586,0.0416666666666667,0.0462752000278428,"MEDIUM","NONE",3,1,"LOW",,,,,,,,,,,,,,,,,0.00732252798275481,0,0.0103959482321091,"MEDIUM","NONE",1,0,"INSUFFICIENT_SAMPLE",,,,,,,,
5,"00-0036442","6770","Joe Burrow","QB","CIN",2026,3,"CIN",3,"last_game_row",0.981421486303877,1.01094072280513,0.925637838882479,"MEDIUM","NONE",3,181,"LOW",,,,,,,,,,,,,,,,,,,,,,,,,,,,,,,,,0.0275534865038314,0.04,0.0293576964910056,"MEDIUM","NONE",3,3,"LOW",,,,,,,,,,,,,,,,,0.0455916794941519,0.0833333333333333,0.0253130510339114,"MEDIUM","NONE",3,2,"LOW"
5,"00-0036463","7521","Chris Blair","WR","ATL",2026,3,"ATL",3,"last_game_row",0.206503320706479,0.282608695652174,0.0482948741246965,"LOW","NONE",3,57,"LOW",0.0270788684317483,0.0358844967760022,0,"LOW","NONE",3,4,"LOW",0.035193510607925,0.050314465408805,0,"LOW","NONE",3,4,"LOW",0.0893387417423833,,0.0726854612631167,"LOW","NONE",0,0,"INSUFFICIENT_SAMPLE",0.0561019360372802,0.0773420479302832,0,"LOW","NONE",3,4,"LOW",,,,,,,,,,,,,,,,,0.102145300085099,0.333333333333333,0,"LOW","NONE",1,1,"LOW",,,,,,,,
5,"00-0036550","7571","Rashod Bateman","WR","BAL",2026,3,"BAL",3,"last_game_row",0.814736129137124,0.883497807017544,0.682234576742141,"MEDIUM","NONE",3,163,"LOW",0.108560984943668,0.123054029304029,0.0695474840543645,"MEDIUM","NONE",3,13,"LOW",0.17860505413799,0.20792151853063,0.116831818521636,"MEDIUM","NONE",3,13,"LOW",0.665419036108659,,0.665604826621858,"MEDIUM","NONE",0,0,"INSUFFICIENT_SAMPLE",0.269190133991114,0.302218614718615,0.173910037829514,"MEDIUM","NONE",3,13,"LOW",,,,,,,,,,,,,,,,,0.196648268237408,0.214285714285714,0.144028958695851,"MEDIUM","NONE",3,2,"LOW",,,,,,,,
5,"00-0036554","7569","Nico Collins","WR","HOU",2026,1,"HOU",1,"last_game_row",0.711311382336072,0.721518987341772,0.70702475425643,"MEDIUM","NONE",1,57,"MEDIUM",0.189690805718203,0.208333333333333,0.181955288661532,"MEDIUM","NONE",1,10,"MEDIUM",0.322768596259709,0.372670807453416,0.30205138066103,"MEDIUM","NONE",1,10,"MEDIUM",0.753657419333308,,0.754290076332909,"MEDIUM","NONE",0,0,"INSUFFICIENT_SAMPLE",0.385469755671331,0.476190476190476,0.347744475870266,"MEDIUM","NONE",1,10,"MEDIUM",,,,,,,,,,,,,,,,,0.155801920288544,0.333333333333333,0.0818107859215305,"MEDIUM","NONE",1,2,"LOW",,,,,,,,
5,"00-0036555","7594","Chuba Hubbard","RB","CAR",2026,3,"CAR",3,"last_game_row",0.663272984748475,0.740894657458125,0.486061504446679,"MEDIUM","NONE",3,156,"LOW",0.0666458666065204,0.0640468227424749,0.0683230189677398,"MEDIUM","NONE",3,9,"LOW",-0.0354997799427028,-0.0148214817126723,-0.0668106145694595,"MEDIUM","NONE",3,9,"LOW",0.426033180628549,,0.425103256508909,"MEDIUM","NONE",0,0,"INSUFFICIENT_SAMPLE",,,,,,,,,0.56320737424595,0.589292929292929,0.431709671726811,"MEDIUM","NONE",3,42,"LOW",0.605545895502143,0.653216374269006,0.45132846185936,"MEDIUM","NONE",3,42,"LOW",0.0310579357451837,0.0518518518518519,0.0132792561188631,"MEDIUM","NONE",3,2,"LOW",0.721056990989601,0.7,0.669258260365838,"MEDIUM","NONE",3,7,"LOW"
5,"00-0036590","7536","Quintin Morris","TE","JAX",2026,3,"JAX",3,"last_game_row",0.284585203047061,0.318731026108075,0.249872661353537,"MEDIUM","NONE",3,55,"LOW",0.0171480504861635,0.0225925925925926,0.015657459203204,"MEDIUM","NONE",3,2,"LOW",0.00604140184424903,0.00606607921478481,0.00779329879866918,"MEDIUM","NONE",3,2,"LOW",0.156999195233772,,0.154201492367969,"MEDIUM","NONE",0,0,"INSUFFICIENT_SAMPLE",0.130204980330007,0.177777777777778,0.0899756907234431,"MEDIUM","NONE",3,2,"LOW",,,,,,,,,,,,,,,,,0.0215448889903321,0,0.0614093690804987,"MEDIUM","NONE",3,0,"INSUFFICIENT_SAMPLE",,,,,,,,
5,"00-0036613","7526","Jaylen Waddle","WR","DEN",2026,3,"DEN",3,"last_game_row",0.688008639276376,0.71180369339742,0.647572729060432,"LOW","TEAM_CHANGE",3,125,"LOW",0.194988236766582,0.194622179988034,0.176973674223228,"LOW","TEAM_CHANGE",3,21,"LOW",0.394791587172445,0.383345902683995,0.361183147659033,"LOW","TEAM_CHANGE",3,21,"LOW",0.626093563901674,,0.625828952323201,"LOW","TEAM_CHANGE",0,0,"INSUFFICIENT_SAMPLE",0.429916821659812,0.392202729044834,0.459425264333063,"LOW","TEAM_CHANGE",3,21,"LOW",,,,,,,,,,,,,,,,,0.0913182404147934,0.0904761904761905,0.0816665957781744,"LOW","TEAM_CHANGE",3,2,"LOW",,,,,,,,
5,"00-0036626","7587","Dyami Brown","WR","WAS",2026,3,"WAS",3,"last_game_row",0.340400071488207,0.463766679680071,0.158352018490429,"LOW","TEAM_CHANGE",3,97,"LOW",0.0491848474844366,0.0685103532957526,0.0199526915486694,"LOW","TEAM_CHANGE",3,9,"LOW",0.0999063086630759,0.141435719091632,0.0457407394595167,"LOW","TEAM_CHANGE",3,9,"LOW",0.14919519392234,,0.143211695851836,"LOW","TEAM_CHANGE",0,0,"INSUFFICIENT_SAMPLE",0.090169524551575,0.127222222222222,0.0367622351101196,"LOW","TEAM_CHANGE",3,9,"LOW",,,,,,,,,,,,,,,,,0.0611045955212596,0.0476190476190476,0.0896627473178871,"LOW","TEAM_CHANGE",3,1,"LOW",,,,,,,,
5,"00-0036628","7716","John Bates","TE","WAS",2026,3,"WAS",3,"last_game_row",0.495366752166934,0.449270748871337,0.561797926141318,"MEDIUM","NONE",3,93,"LOW",0.033842506285125,0.0412922550278134,0.0335198146347047,"MEDIUM","NONE",3,5,"LOW",0.0095938857962733,0.00899732030799498,0.0124612826884185,"MEDIUM","NONE",3,5,"LOW",0.318808034416029,,0.319205826842242,"MEDIUM","NONE",0,0,"INSUFFICIENT_SAMPLE",0.254510956079825,0.273809523809524,0.276604195507651,"MEDIUM","NONE",3,5,"LOW",,,,,,,,,,,,,,,,,0.054877227210613,0.0740740740740741,0.0633885917437415,"MEDIUM","NONE",3,2,"LOW",,,,,,,,
5,"00-0036630","7595","Tylan Wallace","WR","CLE",2026,3,"CLE",3,"last_game_row",0.205491566741299,0.25,0.139716730211391,"LOW","TEAM_CHANGE",3,43,"LOW",0.00270500981541276,0,0.00739949490200365,"LOW","TEAM_CHANGE",3,0,"INSUFFICIENT_SAMPLE",0.00947895413508474,0,0.026653017569191,"LOW","TEAM_CHANGE",3,0,"INSUFFICIENT_SAMPLE",0.127099022061237,,0.122118188591942,"LOW","TEAM_CHANGE",0,0,"INSUFFICIENT_SAMPLE",0.0076723606685289,0,0.0209009192849161,"LOW","TEAM_CHANGE",3,0,"INSUFFICIENT_SAMPLE",,,,,,,,,,,,,,,,,0.000706880780281168,0,0.00196326541089306,"LOW","TEAM_CHANGE",3,0,"INSUFFICIENT_SAMPLE",,,,,,,,
5,"00-0036637","7828","Noah Gray","TE","KC",2026,3,"KC",3,"last_game_row",0.550121682947844,0.57012432012432,0.499158218328474,"MEDIUM","NONE",3,111,"LOW",0.0602311131061582,0.0519284636931696,0.0582268296426179,"MEDIUM","NONE",3,5,"LOW",0.0719001290348618,0.0720748935065842,0.0500986351161925,"MEDIUM","NONE",3,5,"LOW",0.34083856105415,,0.341055532219472,"MEDIUM","NONE",0,0,"INSUFFICIENT_SAMPLE",0.268385783253907,0.242063492063492,0.237182804033617,"MEDIUM","NONE",3,5,"LOW",,,,,,,,,,,,,,,,,0.030494500915876,0.0333333333333333,0.00328785959706967,"MEDIUM","NONE",3,1,"LOW",,,,,,,,
5,"00-0036646","7812","Simi Fehoko","WR","ARI",2026,3,"ARI",3,"last_game_row",0.0827198583106474,0.0677777777777778,0.11339154772867,"MEDIUM","NONE",3,12,"LOW",0.000850522691478592,0,0,"MEDIUM","NONE",3,0,"INSUFFICIENT_SAMPLE",0.00175642138476572,0,0,"MEDIUM","NONE",3,0,"INSUFFICIENT_SAMPLE",0.167794908755072,,0.130255174643616,"MEDIUM","NONE",0,0,"INSUFFICIENT_SAMPLE",0.00196479535675679,0,0,"MEDIUM","NONE",3,0,"INSUFFICIENT_SAMPLE",,,,,,,,,,,,,,,,,0.00182174325223454,0,0,"MEDIUM","NONE",3,0,"INSUFFICIENT_SAMPLE",,,,,,,,
5,"00-0036727","8025","Adam Prentice","RB","DEN",2026,3,"DEN",3,"last_game_row",0.133465085202343,0.105098237625432,0.198926849981613,"MEDIUM","NONE",3,18,"LOW",0.00899011375622808,0.0101010101010101,0.00768014664818417,"MEDIUM","NONE",3,1,"LOW",0.00219818385108461,0.00248756218905473,0.00185110636102149,"MEDIUM","NONE",3,1,"LOW",0.131336683279678,,0.131483973525728,"MEDIUM","NONE",0,0,"INSUFFICIENT_SAMPLE",,,,,,,,,0.00991696182818915,0,0.0280881671679852,"MEDIUM","NONE",3,0,"INSUFFICIENT_SAMPLE",0.0111403462347289,0,0.0315532033862458,"MEDIUM","NONE",3,0,"INSUFFICIENT_SAMPLE",0.00172588984342215,0,0.0048883047277923,"MEDIUM","NONE",3,0,"INSUFFICIENT_SAMPLE",0.00629263573428358,0,0.0178475363283958,"MEDIUM","NONE",3,0,"INSUFFICIENT_SAMPLE"
5,"00-0036754","7891","Brock Wright","TE","DET",2026,3,"DET",3,"last_game_row",0.547394278928436,0.457068857068857,0.691767193582743,"MEDIUM","NONE",3,94,"LOW",0.0478255210115642,0.026148099318831,0.0820861512595719,"MEDIUM","NONE",3,3,"LOW",0.0129695818444643,0.0101290747832762,0.0157185294658525,"MEDIUM","NONE",3,3,"LOW",0.566184788233039,,0.572588378095708,"MEDIUM","NONE",0,0,"INSUFFICIENT_SAMPLE",0.307685680419109,0.132275132275132,0.60004925660013,"MEDIUM","NONE",3,3,"LOW",,,,,,,,,,,,,,,,,0.004201701923491,0,0.0120070691022643,"MEDIUM","NONE",3,0,"INSUFFICIENT_SAMPLE",,,,,,,,
5,"00-0036825","7531","Feleipe Franks","TE","CAR",2026,3,"CAR",3,"last_game_row",0.029501074528755,0.0450226244343891,0.0168701293496592,"LOW","TEAM_CHANGE",3,9,"LOW",8.0540218556584e-06,0,0,"LOW","TEAM_CHANGE",3,0,"INSUFFICIENT_SAMPLE",1.36259279810307e-05,0,0,"LOW","TEAM_CHANGE",3,0,"INSUFFICIENT_SAMPLE",0.0430480701091658,,,"INSUFFICIENT_SAMPLE","NO_PRIOR_EVIDENCE_THIS_METRIC",0,0,"INSUFFICIENT_SAMPLE",3.83270072077823e-05,0,0,"LOW","TEAM_CHANGE",3,0,"INSUFFICIENT_SAMPLE",,,,,,,,,,,,,,,,,0,0,0,"LOW","TEAM_CHANGE",3,0,"INSUFFICIENT_SAMPLE",,,,,,,,
5,"00-0036849","7562","Tutu Atwell","WR","LAR",2026,2,"LAR",1,"last_game_row",0.190474838006459,0.189655172413793,0.190897922926576,"MEDIUM","NONE",1,11,"MEDIUM",0.0371426148906827,0.0606060606060606,0.026858877996013,"MEDIUM","NONE",1,2,"LOW",0.0963779320266652,0.175226586102719,0.0628331591281824,"MEDIUM","NONE",1,2,"LOW",0.248935865012976,,0.248015605221936,"MEDIUM","NONE",0,0,"INSUFFICIENT_SAMPLE",0.0813980335070519,0.133333333333333,0.0592874715068879,"MEDIUM","NONE",1,2,"LOW",,,,,,,,,,,,,,,,,0.00309720005277214,0,0.00415988266111579,"MEDIUM","NONE",1,0,"INSUFFICIENT_SAMPLE",,,,,,,,
5,"00-0036862","7757","Ben Skowronek","WR","PIT",2026,4,"PIT",4,"last_game_row",0.129037862574997,0.128350612147461,0.104040430261463,"MEDIUM","NONE",4,34,"MEDIUM",0.02098679808923,0.0215122972265829,0.00386777275380215,"MEDIUM","NONE",4,4,"MEDIUM",0.0180948777854829,0.018741947162219,0.0073361039236652,"MEDIUM","NONE",4,4,"MEDIUM",0.0817871863782124,,0.0814429975079942,"MEDIUM","NONE",0,0,"INSUFFICIENT_SAMPLE",0.0454181064853106,0.0460446859903382,0.00930734194190724,"MEDIUM","NONE",4,4,"MEDIUM",,,,,,,,,,,,,,,,,0.0244794192136662,0.0208333333333333,0.000286588276725492,"MEDIUM","NONE",4,1,"MEDIUM",,,,,,,,
5,"00-0036875","7611","Rhamondre Stevenson","RB","NE",2026,3,"NE",3,"last_game_row",0.602979183031727,0.582079478970258,0.700742528870548,"MEDIUM","NONE",3,113,"LOW",0.0878788183366875,0.0934430512016719,0.0896362468504894,"MEDIUM","NONE",3,11,"LOW",0.00759868879324316,-0.00394773293932958,0.0238434093978143,"MEDIUM","NONE",3,11,"LOW",0.557217319830959,,0.55738995528104,"MEDIUM","NONE",0,0,"INSUFFICIENT_SAMPLE",,,,,,,,,0.42657122374171,0.407004830917874,0.532008434733788,"MEDIUM","NONE",3,31,"LOW",0.462333179203364,0.444444444444444,0.574592045539618,"MEDIUM","NONE",3,31,"LOW",0.0665017172745992,0,0.188292432330188,"MEDIUM","NONE",3,0,"INSUFFICIENT_SAMPLE",0.391146556711957,0.333333333333333,0.414194650187021,"MEDIUM","NONE",1,1,"LOW"
5,"00-0036876","7602","Kylen Granson","TE","TEN",2026,1,"TEN",1,"last_game_row",0.18221875343758,0,0.257405735828572,"LOW","TEAM_CHANGE",1,0,"INSUFFICIENT_SAMPLE",0.016826174178034,0,0.0237032352070099,"LOW","TEAM_CHANGE",1,0,"INSUFFICIENT_SAMPLE",0.0132034276660905,0,0.0185393063257542,"LOW","TEAM_CHANGE",1,0,"INSUFFICIENT_SAMPLE",0.205637340365095,,0.204283841945513,"LOW","TEAM_CHANGE",0,0,"INSUFFICIENT_SAMPLE",0.0963425989804575,0,0.135418962189022,"LOW","TEAM_CHANGE",1,0,"INSUFFICIENT_SAMPLE",,,,,,,,,,,,,,,,,0.0186025773695335,0,0.0260321563536825,"LOW","TEAM_CHANGE",1,0,"INSUFFICIENT_SAMPLE",,,,,,,,
5,"00-0036887","7842","Luke Farrell","TE","SF",2026,3,"SF",3,"last_game_row",0.453829876345136,0.535771649733914,0.381030069619322,"MEDIUM","NONE",3,92,"LOW",0.0259256117964656,0.028770706190061,0.0242156689205675,"MEDIUM","NONE",3,3,"LOW",0.030820038988737,0.0361898674458598,0.00555774922145867,"MEDIUM","NONE",3,3,"LOW",0.198417874262465,,0.19836895437548,"MEDIUM","NONE",0,0,"INSUFFICIENT_SAMPLE",0.122027609848932,0.136904761904762,0.123231779980428,"MEDIUM","NONE",3,3,"LOW",,,,,,,,,,,,,,,,,0.00222672482839473,0,0.00630724098115409,"MEDIUM","NONE",3,0,"INSUFFICIENT_SAMPLE",,,,,,,,
5,"00-0036893","7528","Najee Harris","RB","NYG",2026,3,"NYG",2,"last_game_row",0.242414507877697,0.18007662835249,0.216219401117544,"LOW","TEAM_CHANGE",2,22,"LOW",0.021839278299421,0,0.0246851959663693,"LOW","TEAM_CHANGE",2,0,"INSUFFICIENT_SAMPLE",-0.00164606248881361,0,0.0098771091473198,"LOW","TEAM_CHANGE",2,0,"INSUFFICIENT_SAMPLE",0.197298574893072,,0.136912972183552,"LOW","TEAM_CHANGE",0,0,"INSUFFICIENT_SAMPLE",,,,,,,,,0.282966761167365,0.21195652173913,0.220447733959825,"LOW","TEAM_CHANGE",2,13,"LOW",0.332045405255625,0.255263157894737,0.283087069424605,"LOW","TEAM_CHANGE",2,13,"LOW",0.00943074612995257,0,0,"LOW","TEAM_CHANGE",2,0,"INSUFFICIENT_SAMPLE",0.240729739271321,0.321428571428571,0.0457681772881487,"LOW","TEAM_CHANGE",2,3,"LOW"
5,"00-0036894","7600","Pat Freiermuth","TE","PIT",2026,4,"PIT",4,"last_game_row",0.680394475660869,0.699667758834624,0.613692378085377,"MEDIUM","NONE",4,186,"MEDIUM",0.0992911384016651,0.102746974403509,0.0910743409560419,"MEDIUM","NONE",4,19,"MEDIUM",0.130609459484531,0.121173079201891,0.165379816159738,"MEDIUM","NONE",4,19,"MEDIUM",0.611152907970254,,0.61112554261157,"MEDIUM","NONE",0,0,"INSUFFICIENT_SAMPLE",0.536099247029655,0.593253968253968,0.475669536719677,"MEDIUM","NONE",4,19,"MEDIUM",,,,,,,,,,,,,,,,,0.0783845922809372,0.120833333333333,0.0498083492497655,"MEDIUM","NONE",4,3,"MEDIUM",,,,,,,,
5,"00-0036900","7564","Ja'Marr Chase","WR","CIN",2026,3,"CIN",3,"last_game_row",0.949331839807979,0.950228679042238,0.935848054706241,"MEDIUM","NONE",3,170,"LOW",0.243029575236727,0.215982028241335,0.254889919623924,"MEDIUM","NONE",3,25,"LOW",0.359854033652542,0.333629984200346,0.364554031021574,"MEDIUM","NONE",3,25,"LOW",0.862301677380553,,0.86230182174418,"MEDIUM","NONE",0,0,"INSUFFICIENT_SAMPLE",0.453826753657234,0.391601731601732,0.528016610174026,"MEDIUM","NONE",3,25,"LOW",,,,,,,,,,,,,,,,,0.502537071518071,0.603174603174603,0.223955241848522,"MEDIUM","NONE",3,4,"LOW",,,,,,,,
5,"00-0036912","7525","DeVonta Smith","WR","PHI",2026,3,"PHI",3,"last_game_row",0.875578678623064,0.954237007613373,0.725006190629331,"MEDIUM","NONE",3,169,"LOW",0.227284623045544,0.240406804018295,0.191886114862058,"MEDIUM","NONE",3,27,"LOW",0.369988242843397,0.452079016710037,0.224568082004561,"MEDIUM","NONE",3,27,"LOW",0.635947629434948,,0.635792160851524,"MEDIUM","NONE",0,0,"INSUFFICIENT_SAMPLE",0.453372444838151,0.488125685056631,0.383860258053595,"MEDIUM","NONE",3,27,"LOW",,,,,,,,,,,,,,,,,0.150743205826853,0.138888888888889,0.141432595348191,"MEDIUM","NONE",3,2,"LOW",,,,,,,,
5,"00-0036919","7567","Kenneth Gainwell","RB","TB",2026,3,"TB",3,"last_game_row",0.483612592144738,0.427299994691299,0.584812837571269,"LOW","TEAM_CHANGE",3,81,"LOW",0.106343098662526,0.0728880938183264,0.153066494500325,"LOW","TEAM_CHANGE",3,10,"LOW",0.0005698813154365,-0.0108411408856325,0.00544963967862411,"LOW","TEAM_CHANGE",3,10,"LOW",0.601627256404453,,0.602498109087122,"LOW","TEAM_CHANGE",0,0,"INSUFFICIENT_SAMPLE",,,,,,,,,0.213350564898303,0.180973824936673,0.297887899468324,"LOW","TEAM_CHANGE",3,10,"LOW",0.244041864656046,0.218848403058929,0.33153780821057,"LOW","TEAM_CHANGE",3,10,"LOW",0.126413779563587,0.096969696969697,0.138856637962054,"LOW","TEAM_CHANGE",3,2,"LOW",0.138946883629737,0.111111111111111,0.198025207346204,"LOW","TEAM_CHANGE",3,1,"LOW"
5,"00-0036945","7591","Justin Fields","QB","KC",2026,1,"KC",1,"last_game_row",0.650928761688636,0.0151515151515152,0.946671254062029,"LOW","TEAM_CHANGE",1,1,"LOW",,,,,,,,,,,,,,,,,,,,,,,,,,,,,,,,,0.132490787711517,0,0.193034622169938,"LOW","TEAM_CHANGE",1,0,"INSUFFICIENT_SAMPLE",,,,,,,,,,,,,,,,,0.160990820158445,0,0.239446475522138,"LOW","TEAM_CHANGE",1,0,"INSUFFICIENT_SAMPLE"
5,"00-0036963","7547","Amon-Ra St. Brown","WR","DET",2026,3,"DET",3,"last_game_row",0.863039576527706,0.870618270618271,0.879883020462253,"MEDIUM","NONE",3,179,"LOW",0.276142485719501,0.280096108834179,0.295131756580787,"MEDIUM","NONE",3,35,"LOW",0.370197424577264,0.357556726079457,0.405333788014645,"MEDIUM","NONE",3,35,"LOW",0.833030650869187,,0.832944822954636,"MEDIUM","NONE",0,0,"INSUFFICIENT_SAMPLE",0.540946203266062,0.569191919191919,0.50055007822925,"MEDIUM","NONE",3,35,"LOW",,,,,,,,,,,,,,,,,0.323342957910389,0.344444444444444,0.314336946622468,"MEDIUM","NONE",3,9,"LOW",,,,,,,,
5,"00-0036970","7553","Kyle Pitts","TE","ATL",2026,3,"ATL",3,"last_game_row",0.679747382667236,0.539613526570048,0.936508925253512,"MEDIUM","NONE",3,106,"LOW",0.118164885852072,0.0592835115543274,0.219757058231549,"MEDIUM","NONE",3,6,"LOW",0.186557381326388,0.184958541802913,0.247936862698124,"MEDIUM","NONE",3,6,"LOW",0.858309060913426,,0.858963083312893,"MEDIUM","NONE",0,0,"INSUFFICIENT_SAMPLE",0.707603962822825,0.625,0.953724799972157,"MEDIUM","NONE",3,6,"LOW",,,,,,,,,,,,,,,,,0.118613966486396,0,0.167599900751571,"MEDIUM","NONE",1,0,"INSUFFICIENT_SAMPLE",,,,,,,,
5,"00-0036971","7523","Trevor Lawrence","QB","JAX",2026,3,"JAX",3,"last_game_row",0.964235775421354,0.958824124671119,0.966812992884735,"MEDIUM","NONE",3,168,"LOW",,,,,,,,,,,,,,,,,,,,,,,,,,,,,,,,,0.0819298103539426,0.0622605363984674,0.111602537858087,"MEDIUM","NONE",3,5,"LOW",,,,,,,,,,,,,,,,,0.143400906670207,0.0416666666666667,0.302461946346471,"MEDIUM","NONE",3,1,"LOW"
5,"00-0036972","7527","Mac Jones","QB","SF",2026,2,"SF",1,"last_game_row",0.276638606978063,0.16,0.314773935590131,"MEDIUM","NONE",1,8,"LOW",,,,,,,,,,,,,,,,,,,,,,,,,,,,,,,,,0.0116804590755954,0,0.016085628178176,"MEDIUM","NONE",1,0,"INSUFFICIENT_SAMPLE",,,,,,,,,,,,,,,,,0.0125924289075497,0,0.0176488874316919,"MEDIUM","NONE",1,0,"INSUFFICIENT_SAMPLE"
5,"00-0036973","7543","Travis Etienne","RB","NO",2026,3,"NO",3,"last_game_row",0.528888473731468,0.508707600775352,0.612486833236507,"LOW","TEAM_CHANGE",3,118,"LOW",0.0736027982025466,0.0755119584906819,0.0885355014161979,"LOW","TEAM_CHANGE",3,13,"LOW",-0.00692706389264386,-0.0123377424528731,0.00140977773396206,"LOW","TEAM_CHANGE",3,13,"LOW",0.48534520344772,,0.485392786665787,"LOW","TEAM_CHANGE",0,0,"INSUFFICIENT_SAMPLE",,,,,,,,,0.486310668915653,0.410928609769189,0.603953393367075,"LOW","TEAM_CHANGE",3,31,"LOW",0.564106724945507,0.468388564002599,0.733252622118967,"LOW","TEAM_CHANGE",3,31,"LOW",0.0527619529946872,0.0666666666666667,0.0662464150171592,"LOW","TEAM_CHANGE",3,2,"LOW",0.426075136393607,0.377777777777778,0.453244119925438,"LOW","TEAM_CHANGE",3,5,"LOW"
5,"00-0036980","7596","Elijah Moore","WR","PHI",2026,3,"PHI",1,"last_game_row",0.248291108615892,0.12,0.285095450531404,"LOW","TEAM_CHANGE",1,6,"LOW",0.0368431222994639,0,0.0498365452147367,"LOW","TEAM_CHANGE",1,0,"INSUFFICIENT_SAMPLE",0.0648640594554278,0,0.0878479371718332,"LOW","TEAM_CHANGE",1,0,"INSUFFICIENT_SAMPLE",0.240985534127844,,0.226297641589653,"LOW","TEAM_CHANGE",0,0,"INSUFFICIENT_SAMPLE",0.0800869402517656,0,0.1079803138894,"LOW","TEAM_CHANGE",1,0,"INSUFFICIENT_SAMPLE",,,,,,,,,,,,,,,,,0.00152826329701814,0,0,"LOW","TEAM_CHANGE",1,0,"INSUFFICIENT_SAMPLE",,,,,,,,
5,"00-0036988","7670","Joshua Palmer","WR","BUF",2026,3,"BUF",3,"last_game_row",0.441405356142527,0.346290563896198,0.616681127922589,"MEDIUM","NONE",3,67,"LOW",0.0482000664522883,0.0418275418275418,0.0710868897476874,"MEDIUM","NONE",3,5,"LOW",0.0870093119531117,0.109279114123289,0.0786631423011858,"MEDIUM","NONE",3,5,"LOW",0.540124940784585,,0.538901460585548,"MEDIUM","NONE",0,0,"INSUFFICIENT_SAMPLE",0.115352164154872,0.103703703703704,0.161834228985419,"MEDIUM","NONE",3,5,"LOW",,,,,,,,,,,,,,,,,0.0238289463872021,0,0.0656037326762283,"MEDIUM","NONE",3,0,"INSUFFICIENT_SAMPLE",,,,,,,,
5,"00-0036997","7588","Javonte Williams","RB","DAL",2026,3,"DAL",3,"last_game_row",0.675377375499133,0.754551102826965,0.521930390812793,"MEDIUM","NONE",3,141,"LOW",0.0765862210630879,0.0975197758734344,0.050820670624895,"MEDIUM","NONE",3,12,"LOW",-0.0281026702909837,-0.0392890895548627,-0.00847692188218085,"MEDIUM","NONE",3,12,"LOW",0.443787091074512,,0.443524992058347,"MEDIUM","NONE",0,0,"INSUFFICIENT_SAMPLE",,,,,,,,,0.638864390107224,0.701106083459025,0.519654391605115,"MEDIUM","NONE",3,43,"LOW",0.69825162672107,0.77,0.57560617611301,"MEDIUM","NONE",3,43,"LOW",0.0913133589740431,0.158730158730159,0.0364764370522381,"MEDIUM","NONE",3,3,"LOW",0.709330995040026,0.738095238095238,0.66651937065133,"MEDIUM","NONE",3,11,"LOW"
5,"00-0037004","7535","Hunter Long","TE","ARI",2026,3,"ARI",3,"last_game_row",0.391932478348101,0.3380174291939,0.502733201874276,"LOW","TEAM_CHANGE",3,71,"LOW",0.0189434275944145,0.00595238095238095,0.03965623092536,"LOW","TEAM_CHANGE",3,1,"LOW",0.013263944993625,0.00522466039707419,0.0231932283898724,"LOW","TEAM_CHANGE",3,1,"LOW",0.367148485732391,,0.378060659975377,"LOW","TEAM_CHANGE",0,0,"INSUFFICIENT_SAMPLE",0.156515826212439,0.0222222222222222,0.401301488126299,"LOW","TEAM_CHANGE",3,1,"LOW",,,,,,,,,,,,,,,,,0.0231040399186692,0,0.0697046312747461,"LOW","TEAM_CHANGE",3,0,"INSUFFICIENT_SAMPLE",,,,,,,,
5,"00-0037005","7694","Tommy Tremble","TE","CAR",2026,3,"CAR",3,"last_game_row",0.60297232247529,0.538298801301897,0.737401281735163,"MEDIUM","NONE",3,112,"LOW",0.0721770705926931,0.0785395763656633,0.0661269624837746,"MEDIUM","NONE",3,11,"LOW",0.0591806150232555,0.0601227287403158,0.0588378864200925,"MEDIUM","NONE",3,11,"LOW",0.590967971338811,,0.591291586316355,"MEDIUM","NONE",0,0,"INSUFFICIENT_SAMPLE",0.396196890144116,0.385185185185185,0.47434554134007,"MEDIUM","NONE",3,11,"LOW",,,,,,,,,,,,,,,,,0.0315843037785821,0.0185185185185185,0.0568178014451923,"MEDIUM","NONE",3,1,"LOW",,,,,,,,
5,"00-0037085","8208","Tyler Badie","RB","DEN",2026,3,"DEN",2,"last_game_row",0.210202651623404,0.225145459144953,0.20332433149893,"MEDIUM","NONE",2,28,"LOW",0.0400289259585218,0.057649667405765,0.0281187353947725,"MEDIUM","NONE",2,4,"LOW",-0.0347524573489466,-0.000574828559903186,-0.0747124465907862,"MEDIUM","NONE",2,4,"LOW",0.223198227430344,,0.223549278943943,"MEDIUM","NONE",0,0,"INSUFFICIENT_SAMPLE",,,,,,,,,0.035193853236338,0.0384615384615385,0.031757345163193,"MEDIUM","NONE",2,2,"LOW",0.0416074360495454,0.0488095238095238,0.0339788345413193,"MEDIUM","NONE",2,2,"LOW",0.0669067822047829,0.135714285714286,0.00908315281984164,"MEDIUM","NONE",2,2,"LOW",0.0154474702833663,0,0.0310009526176969,"MEDIUM","NONE",2,0,"INSUFFICIENT_SAMPLE"
5,"00-0037091","8204","Bo Melton","WR","GB",2026,3,"GB",3,"last_game_row",0.261229104590428,0.196123749962235,,"INSUFFICIENT_SAMPLE","ROOKIE_OR_NO_PRIOR_SEASON",3,38,"LOW",0.0292532771112594,0.0219706875885366,,"INSUFFICIENT_SAMPLE","ROOKIE_OR_NO_PRIOR_SEASON",3,3,"LOW",0.0702029210144486,0.0449632036341347,,"INSUFFICIENT_SAMPLE","ROOKIE_OR_NO_PRIOR_SEASON",3,3,"LOW",0.294092579248482,,,"INSUFFICIENT_SAMPLE","ROOKIE_OR_NO_PRIOR_SEASON",0,0,"INSUFFICIENT_SAMPLE",0.051624286167979,0.0367467781260885,,"INSUFFICIENT_SAMPLE","ROOKIE_OR_NO_PRIOR_SEASON",3,3,"LOW",,,,,,,,,,,,,,,,,0.0272572289412771,0,,"INSUFFICIENT_SAMPLE","ROOKIE_OR_NO_PRIOR_SEASON",3,0,"INSUFFICIENT_SAMPLE",,,,,,,,
5,"00-0037093","8527","Dareke Young","WR","LV",2026,3,"LV",3,"last_game_row",0.144655282290552,0.176772247360483,0.0830395264976434,"LOW","TEAM_CHANGE",3,34,"LOW",0.00743172589512878,0.0101010101010101,0.00331913676164758,"LOW","TEAM_CHANGE",3,1,"LOW",0.0122428848956189,0.0153121319199058,0.00783879619604828,"LOW","TEAM_CHANGE",3,1,"LOW",0.066069180259988,,0.0663608162614356,"LOW","TEAM_CHANGE",0,0,"INSUFFICIENT_SAMPLE",0.0149808551615771,0.0208333333333333,0.00584831818161883,"LOW","TEAM_CHANGE",3,1,"LOW",,,,,,,,,,,,,,,,,0,0,0,"LOW","TEAM_CHANGE",3,0,"INSUFFICIENT_SAMPLE",,,,,,,,
5,"00-0037112","8698","Jake Tonges","TE","SF",2026,1,"SF",1,"last_game_row",0.325334162228732,0.123076923076923,0.409658896766933,"MEDIUM","NONE",1,8,"LOW",0.0646035975834642,0,0.0914895196049266,"MEDIUM","NONE",1,0,"INSUFFICIENT_SAMPLE",0.0813062005962816,0,0.115143175349346,"MEDIUM","NONE",1,0,"INSUFFICIENT_SAMPLE",0.441745076161352,,0.443410213883276,"MEDIUM","NONE",0,0,"INSUFFICIENT_SAMPLE",0.318648278508726,0,0.451259309582281,"MEDIUM","NONE",1,0,"INSUFFICIENT_SAMPLE",,,,,,,,,,,,,,,,,0.0240525036168494,0,0.0340818511865553,"MEDIUM","NONE",1,0,"INSUFFICIENT_SAMPLE",,,,,,,,
5,"00-0037120","8207","Tyler Goodson","RB","DAL",2026,3,"DAL",1,"last_game_row",0.0733238332817927,0.148648648648649,0.0415995610160192,"LOW","TEAM_CHANGE",1,11,"MEDIUM",0.00721228464689821,0.0208333333333333,0.00122831769519296,"LOW","TEAM_CHANGE",1,1,"LOW",-0.00655178330820512,-0.0220588235294118,-0.000164851384645507,"LOW","TEAM_CHANGE",1,1,"LOW",0.0578467577106994,,0.0548828323364987,"LOW","TEAM_CHANGE",0,0,"INSUFFICIENT_SAMPLE",,,,,,,,,0.10028687945684,0.230769230769231,0.0467594221291046,"LOW","TEAM_CHANGE",1,6,"LOW",0.105537187971524,0.24,0.0503300662710028,"LOW","TEAM_CHANGE",1,6,"LOW",0.00269199280430201,0,0.00378190444964826,"LOW","TEAM_CHANGE",1,0,"INSUFFICIENT_SAMPLE",0.0420622629854577,0.142857142857143,0,"LOW","TEAM_CHANGE",1,1,"LOW"
5,"00-0037132","8414","Britain Covey","WR","PHI",2026,3,"PHI",3,"last_game_row",0.0462453636533962,0,0.130570066641659,"MEDIUM","NONE",3,0,"INSUFFICIENT_SAMPLE",0.00752748989159012,0,0.0197554356332665,"MEDIUM","NONE",3,0,"INSUFFICIENT_SAMPLE",0.00197554538364686,0,0.00474543101373503,"MEDIUM","NONE",3,0,"INSUFFICIENT_SAMPLE",0.208558724512345,,0.271948653922171,"LOW","NONE",0,0,"INSUFFICIENT_SAMPLE",0.0165628115099595,0,0.0432738113871552,"MEDIUM","NONE",3,0,"INSUFFICIENT_SAMPLE",,,,,,,,,,,,,,,,,0.00102858010052539,0,0,"MEDIUM","NONE",3,0,"INSUFFICIENT_SAMPLE",,,,,,,,
5,"00-0037157","8122","Bam Knight","RB","ARI",2026,3,"ARI",3,"last_game_row",0.131207423559784,0.0338888888888889,0.320576820305839,"MEDIUM","NONE",3,6,"LOW",0.0200481812547111,0,0.0572258400709308,"MEDIUM","NONE",3,0,"INSUFFICIENT_SAMPLE",0.00579856325107742,0,0.0168313649893866,"MEDIUM","NONE",3,0,"INSUFFICIENT_SAMPLE",0.355900333688571,,0.366193040252767,"MEDIUM","NONE",0,0,"INSUFFICIENT_SAMPLE",,,,,,,,,0.161143993860456,0.0416666666666667,0.384325390634218,"MEDIUM","NONE",3,2,"LOW",0.18234857173564,0.0416666666666667,0.444624270936599,"MEDIUM","NONE",3,2,"LOW",0.0186343790375793,0,0.0534862587244413,"MEDIUM","NONE",3,0,"INSUFFICIENT_SAMPLE",0.154377663680308,0,0.44116354696329,"MEDIUM","NONE",3,0,"INSUFFICIENT_SAMPLE"
5,"00-0037228","8228","Jaylen Warren","RB","PIT",2026,4,"PIT",4,"last_game_row",0.737864435003743,0.758492283557932,0.432133730090953,"MEDIUM","NONE",4,201,"MEDIUM",0.100699953846093,0.112964082523353,0.0529800983155491,"MEDIUM","NONE",4,21,"MEDIUM",-0.015366475464418,-0.0153899754249278,-0.0322651890300657,"MEDIUM","NONE",4,21,"MEDIUM",0.305962249139536,,0.305554831231116,"MEDIUM","NONE",0,0,"INSUFFICIENT_SAMPLE",,,,,,,,,0.692797060496599,0.684722222222222,0.582388912751388,"MEDIUM","NONE",4,55,"MEDIUM",0.746606908997946,0.72375730994152,0.645503263665839,"MEDIUM","NONE",4,55,"MEDIUM",0.139186193003392,0.183333333333333,0.0577163094584383,"MEDIUM","NONE",4,5,"MEDIUM",0.407958778064828,0.25,0.654976181485198,"MEDIUM","NONE",3,3,"LOW"
5,"00-0037231","8200","Kevin Austin","WR","NO",2026,3,"NO",3,"last_game_row",0.304245643559499,0.0886472586958919,0.683503300254497,"MEDIUM","NONE",3,20,"LOW",0.0452124716199707,0.00793650793650794,0.117603442449022,"MEDIUM","NONE",3,1,"LOW",0.0525220746803838,0.00938967136150235,0.13478300782635,"MEDIUM","NONE",3,1,"LOW",0.616711478597998,,0.618470111824901,"MEDIUM","NONE",0,0,"INSUFFICIENT_SAMPLE",0.092415410264189,0.0175438596491228,0.234033622195693,"MEDIUM","NONE",3,1,"LOW",,,,,,,,,,,,,,,,,0.0374250378356363,0,0.112690395819233,"MEDIUM","NONE",3,0,"INSUFFICIENT_SAMPLE",,,,,,,,
5,"00-0037238","8112","Drake London","WR","ATL",2026,3,"ATL",3,"last_game_row",0.882603947813764,0.854347826086956,0.93168815545762,"MEDIUM","NONE",3,168,"LOW",0.222690201118005,0.203211982858745,0.212068231468787,"MEDIUM","NONE",3,19,"LOW",0.406711578290941,0.360458361724665,0.407371945900159,"MEDIUM","NONE",3,19,"LOW",0.841059355008098,,0.840915260329775,"MEDIUM","NONE",0,0,"INSUFFICIENT_SAMPLE",0.474541029615437,0.449891067538126,0.502358061959164,"MEDIUM","NONE",3,19,"LOW",,,,,,,,,,,,,,,,,0.163159718384546,0,0.229329198729426,"MEDIUM","NONE",1,0,"INSUFFICIENT_SAMPLE",,,,,,,,
5,"00-0037239","8144","Chris Olave","WR","NO",2026,3,"NO",3,"last_game_row",0.853126327516039,0.851250881940132,0.863666513147308,"MEDIUM","NONE",3,196,"LOW",0.250386972238234,0.237220226581929,0.258499811554116,"MEDIUM","NONE",3,36,"LOW",0.466289398921291,0.46820275214131,0.475800592528604,"MEDIUM","NONE",3,36,"LOW",0.782856570287147,,0.784023910911223,"MEDIUM","NONE",0,0,"INSUFFICIENT_SAMPLE",0.535926186751571,0.532902120621419,0.519226611768531,"MEDIUM","NONE",3,36,"LOW",,,,,,,,,,,,,,,,,0.220225483165843,0.133333333333333,0.333583545787281,"MEDIUM","NONE",3,4,"LOW",,,,,,,,
5,"00-0037240","8148","Jameson Williams","WR","DET",2026,3,"DET",3,"last_game_row",0.89471782607296,0.884885484885485,0.916488181883924,"MEDIUM","NONE",3,181,"LOW",0.140198058264448,0.13819227498973,0.165130066467709,"MEDIUM","NONE",3,17,"LOW",0.290080201792031,0.336866395261,0.273276989394204,"MEDIUM","NONE",3,17,"LOW",0.873668925695985,,0.873834806095659,"MEDIUM","NONE",0,0,"INSUFFICIENT_SAMPLE",0.272579987583386,0.27449494949495,0.288126030927228,"MEDIUM","NONE",3,17,"LOW",,,,,,,,,,,,,,,,,0.0518278557124024,0.0416666666666667,0.0947850410246315,"MEDIUM","NONE",3,1,"LOW",,,,,,,,
5,"00-0037247","8137","George Pickens","WR","DAL",2026,3,"DAL",3,"last_game_row",0.791505114115099,0.819938433731537,0.735798989855455,"MEDIUM","NONE",3,154,"LOW",0.189064936585159,0.197241448765839,0.157627501853585,"MEDIUM","NONE",3,25,"LOW",0.276920813086344,0.323617053591026,0.200469564454919,"MEDIUM","NONE",3,25,"LOW",0.669397770760936,,0.669134530007171,"MEDIUM","NONE",0,0,"INSUFFICIENT_SAMPLE",0.323806801957844,0.338164251207729,0.283501808240724,"MEDIUM","NONE",3,25,"LOW",,,,,,,,,,,,,,,,,0.149511526518922,0.108225108225108,0.188756899469625,"MEDIUM","NONE",3,3,"LOW",,,,,,,,
5,"00-0037248","8138","James Cook","RB","BUF",2026,3,"BUF",3,"last_game_row",0.657800698803489,0.73385698808234,0.535443534988213,"MEDIUM","NONE",3,141,"LOW",0.0620215106055684,0.0699465699465699,0.0637051322886417,"MEDIUM","NONE",3,8,"LOW",0.00088853894262462,-0.00456911402443668,0.0106119247249556,"MEDIUM","NONE",3,8,"LOW",0.39116002569514,,0.391282405140379,"MEDIUM","NONE",0,0,"INSUFFICIENT_SAMPLE",,,,,,,,,0.687331218471711,0.719449485783424,0.61537171543942,"MEDIUM","NONE",3,58,"LOW",0.906423934949316,0.955555555555556,0.790808079005089,"MEDIUM","NONE",3,58,"LOW",0.0495933732170838,0.0925925925925926,0.00610266398336038,"MEDIUM","NONE",3,2,"LOW",0.573920488735774,0.655555555555556,0.464188496816953,"MEDIUM","NONE",3,9,"LOW"
5,"00-0037252","8172","Greg Dulcich","TE","MIA",2026,3,"MIA",3,"last_game_row",0.592516742346414,0.693482772934828,0.429984149550079,"MEDIUM","NONE",3,130,"LOW",0.118692921962875,0.0985701212537177,0.138894849179092,"MEDIUM","NONE",3,12,"LOW",0.0878728994918418,0.06914867050892,0.0949817927823096,"MEDIUM","NONE",3,12,"LOW",0.489703969237003,,0.496762690381802,"MEDIUM","NONE",0,0,"INSUFFICIENT_SAMPLE",0.740805786747669,0.805555555555556,0.56639223380751,"MEDIUM","NONE",3,12,"LOW",,,,,,,,,,,,,,,,,0.173930187271576,0.15,0.175098858738547,"MEDIUM","NONE",3,2,"LOW",,,,,,,,
5,"00-0037256","8136","Rachaad White","RB","WAS",2026,3,"WAS",3,"last_game_row",0.452459916686308,0.461057889626315,0.431965165000332,"LOW","TEAM_CHANGE",3,96,"LOW",0.0616102819740181,0.0685103532957526,0.0558344739006736,"LOW","TEAM_CHANGE",3,9,"LOW",-0.00334351329044146,0.00497730987494991,-0.0295684753632069,"LOW","TEAM_CHANGE",3,9,"LOW",0.451601201790618,,0.451563703612376,"LOW","TEAM_CHANGE",0,0,"INSUFFICIENT_SAMPLE",,,,,,,,,0.242198267343419,0.265747126436782,0.19258844737856,"LOW","TEAM_CHANGE",3,22,"LOW",0.25698821596222,0.282407407407407,0.203254355213026,"LOW","TEAM_CHANGE",3,22,"LOW",0.145528739510761,0.148148148148148,0.0895456012891416,"LOW","TEAM_CHANGE",3,2,"LOW",0.230298917528027,0.297619047619048,0.0917418443914271,"LOW","TEAM_CHANGE",3,4,"LOW"
5,"00-0037261","8134","Khalil Shakir","WR","BUF",2026,3,"BUF",3,"last_game_row",0.63545901457035,0.599691740184698,0.659218322230108,"MEDIUM","NONE",3,115,"LOW",0.152704086606775,0.131976131976132,0.205754391911847,"MEDIUM","NONE",3,15,"LOW",0.116647079533717,0.151273119190399,0.0712860107077828,"MEDIUM","NONE",3,15,"LOW",0.639228019513011,,0.639080519992795,"MEDIUM","NONE",0,0,"INSUFFICIENT_SAMPLE",0.34689363044998,0.311111111111111,0.443178411578811,"MEDIUM","NONE",3,15,"LOW",,,,,,,,,,,,,,,,,0.240129278858531,0.233333333333333,0.307144519005968,"MEDIUM","NONE",3,4,"LOW",,,,,,,,
5,"00-0037263","8132","Tyler Allgeier","RB","ARI",2026,3,"ARI",3,"last_game_row",0.451533923582834,0.538605664488017,0.34733879931027,"LOW","TEAM_CHANGE",3,107,"LOW",0.0509627250633495,0.0592903828197946,0.030811849992561,"LOW","TEAM_CHANGE",3,8,"LOW",-0.0318782805351155,-0.038052099181388,-0.00960546830036182,"LOW","TEAM_CHANGE",3,8,"LOW",0.239358849848833,,0.23966530185045,"LOW","TEAM_CHANGE",0,0,"INSUFFICIENT_SAMPLE",,,,,,,,,0.273650512243182,0.316044061302682,0.299262237776408,"LOW","TEAM_CHANGE",3,24,"LOW",0.291418304052676,0.335533126293996,0.317857945815707,"LOW","TEAM_CHANGE",3,24,"LOW",0.0428307633287902,0.0694444444444444,0.000328171673740563,"LOW","TEAM_CHANGE",3,2,"LOW",0.194549000318027,0.214285714285714,0.2252734776639,"LOW","TEAM_CHANGE",3,4,"LOW"
5,"00-0037291","8180","Jalen Nailor","WR","LV",2026,3,"LV",3,"last_game_row",0.61201347334828,0.61744595274007,0.611551293374543,"LOW","TEAM_CHANGE",3,119,"LOW",0.0892724985476946,0.105642177589852,0.0767361083382572,"LOW","TEAM_CHANGE",3,11,"LOW",0.162615293611611,0.179921454101385,0.153275884393843,"LOW","TEAM_CHANGE",3,11,"LOW",0.588230850993824,,0.588304717812534,"LOW","TEAM_CHANGE",0,0,"INSUFFICIENT_SAMPLE",0.225006853158232,0.257575757575758,0.171234046550598,"LOW","TEAM_CHANGE",3,11,"LOW",,,,,,,,,,,,,,,,,0.0800634329136054,0.111111111111111,0.0312785658575486,"LOW","TEAM_CHANGE",3,1,"LOW",,,,,,,,
5,"00-0037292","8489","Drew Ogletree","TE","IND",2026,3,"IND",3,"last_game_row",0.222606050837775,0.233064483768709,0.16566720959056,"MEDIUM","NONE",3,46,"LOW",0.018296340704402,0.019047619047619,0.0231599550738421,"MEDIUM","NONE",3,2,"LOW",0.0172435966043034,0.0132055770530066,0.0279775842081248,"MEDIUM","NONE",3,2,"LOW",0.102866690833271,,0.1019282257162,"MEDIUM","NONE",0,0,"INSUFFICIENT_SAMPLE",0.0805526022159704,0.0972222222222222,0.0852012336356157,"MEDIUM","NONE",3,2,"LOW",,,,,,,,,,,,,,,,,0.0159307239395822,0,0.0452281213972513,"MEDIUM","NONE",3,0,"INSUFFICIENT_SAMPLE",,,,,,,,
5,"00-0037304","8181","Connor Heyward","RB","LV",2026,3,"LV",3,"last_game_row",0.250467563875626,0.36279537456008,0.0874307449160751,"LOW","POSITION_CHANGE",3,70,"LOW",0.00150294242804293,0,0.00424643385729867,"LOW","POSITION_CHANGE",3,0,"INSUFFICIENT_SAMPLE",-9.61299864011002e-05,0,-0.000284809890031034,"LOW","POSITION_CHANGE",3,0,"INSUFFICIENT_SAMPLE",0.0367343907056299,,0.0358785485573564,"LOW","POSITION_CHANGE",0,0,"INSUFFICIENT_SAMPLE",,,,,,,,,0.0313722389624116,0.0224466891133558,0.0545929981616278,"LOW","POSITION_CHANGE",3,2,"LOW",0.0201228612426489,0.0240860215053763,,"INSUFFICIENT_SAMPLE","NO_PRIOR_EVIDENCE_THIS_METRIC",3,2,"LOW",0.00130772373132311,0,0.00370091746485938,"LOW","POSITION_CHANGE",3,0,"INSUFFICIENT_SAMPLE",0.0294572479263705,0,0.0835484512271221,"LOW","POSITION_CHANGE",3,0,"INSUFFICIENT_SAMPLE"
5,"00-0037311","8484","Ko Kieft","TE","TB",2026,3,"TB",3,"last_game_row",0.0634120218570251,0.0156142167011732,0.15392174406445,"LOW","NONE",3,3,"LOW",9.2630569264553e-07,0,0,"LOW","NONE",3,0,"INSUFFICIENT_SAMPLE",4.890667076382e-07,0,0,"LOW","NONE",3,0,"INSUFFICIENT_SAMPLE",0.0571559721114136,,0.0635319358519236,"LOW","NONE",0,0,"INSUFFICIENT_SAMPLE",1.16697724111629e-05,0,0,"LOW","NONE",3,0,"INSUFFICIENT_SAMPLE",,,,,,,,,,,,,,,,,4.51116723673135e-06,0,0,"LOW","NONE",3,0,"INSUFFICIENT_SAMPLE",,,,,,,,
5,"00-0037317","8523","Nick Muse","TE","ATL",2026,3,"ATL",3,"last_game_row",0.151459249015667,0.177536231884058,,"INSUFFICIENT_SAMPLE","ROOKIE_OR_NO_PRIOR_SEASON",3,36,"LOW",0.000508316679636499,0,,"INSUFFICIENT_SAMPLE","ROOKIE_OR_NO_PRIOR_SEASON",3,0,"INSUFFICIENT_SAMPLE",0.000777724519843843,0,,"INSUFFICIENT_SAMPLE","ROOKIE_OR_NO_PRIOR_SEASON",3,0,"INSUFFICIENT_SAMPLE",0.0635463521162449,,,"INSUFFICIENT_SAMPLE","ROOKIE_OR_NO_PRIOR_SEASON",0,0,"INSUFFICIENT_SAMPLE",0.00259241506614615,0,,"INSUFFICIENT_SAMPLE","ROOKIE_OR_NO_PRIOR_SEASON",3,0,"INSUFFICIENT_SAMPLE",,,,,,,,,,,,,,,,,0,0,,"INSUFFICIENT_SAMPLE","ROOKIE_OR_NO_PRIOR_SEASON",1,0,"INSUFFICIENT_SAMPLE",,,,,,,,
5,"00-0037380","8755","Kaden Davis","WR","CHI",2026,1,"CHI",1,"last_game_row",0.0927090851264295,0.133333333333333,0.0104604721004804,"LOW","TEAM_CHANGE",1,10,"MEDIUM",0,0,0,"LOW","TEAM_CHANGE",1,0,"INSUFFICIENT_SAMPLE",0,0,0,"LOW","TEAM_CHANGE",1,0,"INSUFFICIENT_SAMPLE",0.170731707317073,,,"INSUFFICIENT_SAMPLE","NO_PRIOR_EVIDENCE_THIS_METRIC",0,0,"INSUFFICIENT_SAMPLE",0,0,0,"LOW","TEAM_CHANGE",1,0,"INSUFFICIENT_SAMPLE",,,,,,,,,,,,,,,,,0,0,0,"LOW","TEAM_CHANGE",1,0,"INSUFFICIENT_SAMPLE",,,,,,,,
5,"00-0037524","8250","Tay Martin","WR","DET",2026,3,"DET",3,"last_game_row",0.0519933932149534,0.0105820105820106,0.163296625751086,"LOW","TEAM_CHANGE",3,2,"LOW",0.00611219513004906,0,0.0158954577345126,"LOW","TEAM_CHANGE",3,0,"INSUFFICIENT_SAMPLE",0.0118443138567988,0,0.0164513778404944,"LOW","TEAM_CHANGE",3,0,"INSUFFICIENT_SAMPLE",0.0872801190321008,,0.0967048593062389,"LOW","TEAM_CHANGE",0,0,"INSUFFICIENT_SAMPLE",0.0122328256946886,0,0.0330045275386376,"LOW","TEAM_CHANGE",3,0,"INSUFFICIENT_SAMPLE",,,,,,,,,,,,,,,,,0,0,0,"LOW","TEAM_CHANGE",3,0,"INSUFFICIENT_SAMPLE",,,,,,,,
5,"00-0037525","8408","Jordan Mason","RB","MIN",2026,1,"MIN",1,"last_game_row",0.351410331640287,0.467741935483871,0.303138202827404,"MEDIUM","NONE",1,29,"MEDIUM",0.00803729166018288,0,0.0113283083678876,"MEDIUM","NONE",1,0,"INSUFFICIENT_SAMPLE",-0.00698156799367503,0,-0.00993454364995437,"MEDIUM","NONE",1,0,"INSUFFICIENT_SAMPLE",0.202985932389903,,0.202589856992123,"MEDIUM","NONE",0,0,"INSUFFICIENT_SAMPLE",,,,,,,,,0.39848941112041,0.535714285714286,0.341737985553123,"MEDIUM","NONE",1,15,"MEDIUM",0.427427766865417,0.555555555555556,0.374421566395229,"MEDIUM","NONE",1,15,"MEDIUM",0.00232898682252053,0,0.00325401954421031,"MEDIUM","NONE",1,0,"INSUFFICIENT_SAMPLE",0.385020517256854,0.5,0.337951757863709,"MEDIUM","NONE",1,4,"LOW"
5,"00-0037545","8676","Rashid Shaheed","WR","SEA",2026,3,"SEA",3,"last_game_row",0.531224985759718,0.564432937354046,0.513722324060639,"MEDIUM","NONE",3,103,"LOW",0.108377638779767,0.124679802955665,0.0911896609923984,"MEDIUM","NONE",3,12,"LOW",0.184340426046267,0.156751648776561,0.254394072556695,"MEDIUM","NONE",3,12,"LOW",0.619018235510681,,0.618912003158676,"MEDIUM","NONE",0,0,"INSUFFICIENT_SAMPLE",0.181095277776666,0.204086687306502,0.154544183556858,"MEDIUM","NONE",3,12,"LOW",,,,,,,,,,,,,,,,,0.0258298625982189,0,0.0730416043000977,"MEDIUM","NONE",3,0,"INSUFFICIENT_SAMPLE",,,,,,,,
5,"00-0037557","8195","Ronnie Rivers","RB","LAR",2026,2,"LAR",2,"last_game_row",0.0514854023925654,0.0666666666666667,0.0469786789178612,"MEDIUM","NONE",2,8,"LOW",0.0100934446421348,0.0151515151515152,0.00756921704181747,"MEDIUM","NONE",2,1,"LOW",0.00293723691460297,0.00392156862745098,0.00274604153145006,"MEDIUM","NONE",2,1,"LOW",0.165659039168414,,0.0780438485825995,"LOW","NONE",0,0,"INSUFFICIENT_SAMPLE",,,,,,,,,0.0436040195087272,0.0925925925925926,0.00965361884799484,"MEDIUM","NONE",2,5,"LOW",0.0453856022978166,0.0961538461538462,0.0100153734061628,"MEDIUM","NONE",2,5,"LOW",2.26274036198798e-07,0,0,"MEDIUM","NONE",2,0,"INSUFFICIENT_SAMPLE",0.0599841683991132,0.142857142857143,0,"MEDIUM","NONE",2,2,"LOW"
5,"00-0037594","8254","Julius Chestnut","RB","TEN",2026,3,"TEN",3,"last_game_row",0.00374578881136754,0,0.0101941239013882,"MEDIUM","NONE",3,0,"INSUFFICIENT_SAMPLE",7.75145156222764e-05,0,0.000202631996012775,"MEDIUM","NONE",3,0,"INSUFFICIENT_SAMPLE",0.000106637855903976,0,0.00029461324513467,"MEDIUM","NONE",3,0,"INSUFFICIENT_SAMPLE",0.0581386664460218,,0.0437197636512145,"MEDIUM","NONE",0,0,"INSUFFICIENT_SAMPLE",,,,,,,,,0.00332614585392952,0,0.009301484546214,"MEDIUM","NONE",3,0,"INSUFFICIENT_SAMPLE",0.00382024322329612,0,0.0106759106707072,"MEDIUM","NONE",3,0,"INSUFFICIENT_SAMPLE",0,0,0,"MEDIUM","NONE",3,0,"INSUFFICIENT_SAMPLE",0.0111410244309219,0,0.0216702508844408,"MEDIUM","NONE",2,0,"INSUFFICIENT_SAMPLE"
5,"00-0037614","8147","John Metchie","WR","CAR",2026,3,"CAR",2,"last_game_row",0.56262587461403,0.336740890688259,0.749902050999848,"LOW","TEAM_CHANGE",2,50,"LOW",0.0922925200813944,0.0480769230769231,0.128320337246013,"LOW","TEAM_CHANGE",2,5,"LOW",0.104257100563106,0.0440180586907449,0.156927925831766,"LOW","TEAM_CHANGE",2,5,"LOW",0.626396023805381,,0.627060523670116,"LOW","TEAM_CHANGE",0,0,"INSUFFICIENT_SAMPLE",0.186020894162142,0.113636363636364,0.23895918849039,"LOW","TEAM_CHANGE",2,5,"LOW",,,,,,,,,,,,,,,,,0.103037059557402,0.1,0.0889515901642883,"LOW","TEAM_CHANGE",2,1,"LOW",,,,,,,,
5,"00-0037664","8142","Alec Pierce","WR","IND",2026,2,"IND",2,"last_game_row",0.626413660290468,0.427065527065527,0.854565800908433,"MEDIUM","NONE",2,49,"LOW",0.113470839898121,0.1,0.13930126339634,"MEDIUM","NONE",2,7,"LOW",0.296233969655191,0.287083103003501,0.344426511951894,"MEDIUM","NONE",2,7,"LOW",0.79944382462397,,0.799887258224904,"MEDIUM","NONE",0,0,"INSUFFICIENT_SAMPLE",0.245815732325363,0.194444444444444,0.321662005784302,"MEDIUM","NONE",2,7,"LOW",,,,,,,,,,,,,,,,,0.15711636366197,0.166666666666667,0.176766020902666,"MEDIUM","NONE",2,1,"LOW",,,,,,,,
5,"00-0037666","8117","Jalen Tolbert","WR","MIA",2026,3,"MIA",1,"last_game_row",0.336156806968128,0.164383561643836,0.404651213742424,"LOW","TEAM_CHANGE",1,12,"MEDIUM",0.0410594302393486,0,0.0574644421735021,"LOW","TEAM_CHANGE",1,0,"INSUFFICIENT_SAMPLE",0.0778512373732357,0,0.109503855182714,"LOW","TEAM_CHANGE",1,0,"INSUFFICIENT_SAMPLE",0.333163791309554,,0.330629275602619,"LOW","TEAM_CHANGE",0,0,"INSUFFICIENT_SAMPLE",0.0794701817968768,0,0.111535246011898,"LOW","TEAM_CHANGE",1,0,"INSUFFICIENT_SAMPLE",,,,,,,,,,,,,,,,,0.0339454194348584,0,0.046333715288734,"LOW","TEAM_CHANGE",1,0,"INSUFFICIENT_SAMPLE",,,,,,,,
5,"00-0037740","8146","Garrett Wilson","WR","NYJ",2026,3,"NYJ",3,"last_game_row",0.850493931152373,0.870351632766016,0.765622799802684,"MEDIUM","NONE",3,177,"LOW",0.226011027140833,0.226190476190476,0.219851930805342,"MEDIUM","NONE",3,28,"LOW",0.485524267798924,0.388237969759709,0.710188272525106,"MEDIUM","NONE",3,28,"LOW",0.586768273890871,,0.562091551693005,"MEDIUM","NONE",0,0,"INSUFFICIENT_SAMPLE",0.565344905317438,0.532079772079772,0.590119683325345,"MEDIUM","NONE",3,28,"LOW",,,,,,,,,,,,,,,,,0.0959307375354431,0.0972222222222222,0.0631108613017679,"MEDIUM","NONE",3,2,"LOW",,,,,,,,
5,"00-0037741","8119","Jahan Dotson","WR","ATL",2026,3,"ATL",3,"last_game_row",0.667680862156488,0.689371980676329,0.620410121962043,"LOW","TEAM_CHANGE",3,137,"LOW",0.0896910512111425,0.102717369538227,0.0664736349021892,"LOW","TEAM_CHANGE",3,10,"LOW",0.29719047812706,0.424171160400108,0.13946686960982,"LOW","TEAM_CHANGE",3,10,"LOW",0.580188968024944,,0.580179838925989,"LOW","TEAM_CHANGE",0,0,"INSUFFICIENT_SAMPLE",0.200611265283219,0.258986928104575,0.136191124039373,"LOW","TEAM_CHANGE",3,10,"LOW",,,,,,,,,,,,,,,,,0.0453174410021182,0,0.0641173996523016,"LOW","TEAM_CHANGE",1,0,"INSUFFICIENT_SAMPLE",,,,,,,,
5,"00-0037742","8135","Treylon Burks","WR","WAS",2026,3,"WAS",2,"last_game_row",0.515367134334777,0.334454488122766,0.70525972835369,"MEDIUM","NONE",2,46,"LOW",0.0691128756930896,0.0371853546910755,0.102002906678717,"MEDIUM","NONE",2,3,"LOW",0.148316111504516,0.0961395902596819,0.216657586280693,"MEDIUM","NONE",2,3,"LOW",0.568829703585667,,0.582251363319929,"MEDIUM","NONE",0,0,"INSUFFICIENT_SAMPLE",0.14334501679946,0.0616666666666667,0.22913546533377,"MEDIUM","NONE",2,3,"LOW",,,,,,,,,,,,,,,,,0.187122230678396,0.166666666666667,0.196197433569687,"MEDIUM","NONE",2,1,"LOW",,,,,,,,
5,"00-0037744","8130","Trey McBride","TE","ARI",2026,3,"ARI",3,"last_game_row",0.907713066341429,0.880915032679739,0.936848670157404,"MEDIUM","NONE",3,183,"LOW",0.244894926551552,0.266690009337068,0.229406223533163,"MEDIUM","NONE",3,34,"LOW",0.245684088409503,0.27448208248219,0.223000806665105,"MEDIUM","NONE",3,34,"LOW",0.821704196342238,,0.821701056404674,"MEDIUM","NONE",0,0,"INSUFFICIENT_SAMPLE",0.825671221230184,0.911111111111111,0.727448273882884,"MEDIUM","NONE",3,34,"LOW",,,,,,,,,,,,,,,,,0.3726193885098,0.444444444444444,0.318491432653724,"MEDIUM","NONE",3,8,"LOW",,,,,,,,
5,"00-0037745","8223","Velus Jones","RB","SEA",2026,3,"SEA",2,"last_game_row",0.0299801762768367,0,0.0589236145172412,"MEDIUM","NONE",2,0,"INSUFFICIENT_SAMPLE",0.000116605427037387,0,0,"MEDIUM","NONE",2,0,"INSUFFICIENT_SAMPLE",9.83816826697666e-05,0,0,"MEDIUM","NONE",2,0,"INSUFFICIENT_SAMPLE",0.0918910196701774,,0.1,"LOW","NONE",0,0,"INSUFFICIENT_SAMPLE",,,,,,,,,0.0275605674710024,0,0.0553156843954145,"MEDIUM","NONE",2,0,"INSUFFICIENT_SAMPLE",0.03133515512126,0,0.0631182571235192,"MEDIUM","NONE",2,0,"INSUFFICIENT_SAMPLE",2.97672588375619e-07,0,0,"MEDIUM","NONE",2,0,"INSUFFICIENT_SAMPLE",2.23460093565995e-07,0,0,"MEDIUM","NONE",2,0,"INSUFFICIENT_SAMPLE"
5,"00-0037746","8154","Brian Robinson","RB","ATL",2026,3,"ATL",3,"last_game_row",0.280468340651011,0.334541062801932,0.180982278445451,"LOW","TEAM_CHANGE",3,67,"LOW",0.0154218394890054,0.016260162601626,0.0150233974833545,"LOW","TEAM_CHANGE",3,2,"LOW",0.00076978019953409,0,0.00218414473514998,"LOW","TEAM_CHANGE",3,2,"LOW",0.132967937883145,,0.132665606997243,"LOW","TEAM_CHANGE",0,0,"INSUFFICIENT_SAMPLE",,,,,,,,,0.245527151461225,0.308035714285714,0.140285349203033,"LOW","TEAM_CHANGE",3,30,"LOW",0.256014542705828,0.321272554605888,0.148164528426489,"LOW","TEAM_CHANGE",3,30,"LOW",0.0239475552595205,0,0.0338947385325394,"LOW","TEAM_CHANGE",1,0,"INSUFFICIENT_SAMPLE",0.0875022019647667,0.0833333333333333,0.0887044512374302,"LOW","TEAM_CHANGE",1,1,"LOW"
5,"00-0037755","8219","Jelani Woods","TE","NYJ",2026,3,"NYJ",3,"last_game_row",0.31856563797913,0.305486370554864,0.259522902217705,"MEDIUM","NONE",3,62,"LOW",0.0209614974560772,0.00680272108843537,0.0231208914337751,"MEDIUM","NONE",3,1,"LOW",0.0322694368332533,0.0196687370600414,0.0128928608334683,"MEDIUM","NONE",3,1,"LOW",0.243113716187329,,0.149848104983416,"LOW","NONE",0,0,"INSUFFICIENT_SAMPLE",0.106638785116753,0.0238095238095238,0.111017659518975,"MEDIUM","NONE",3,1,"LOW",,,,,,,,,,,,,,,,,0.0252075241026189,0,0.0690355937288492,"MEDIUM","NONE",3,0,"INSUFFICIENT_SAMPLE",,,,,,,,
5,"00-0037801","8917","KaVontae Turpin","WR","DAL",2026,3,"DAL",3,"last_game_row",0.177968190520322,0.130334095851337,0.257902522062286,"MEDIUM","NONE",3,25,"LOW",0.0326808305171399,0.0220189701897019,0.0475830222162522,"MEDIUM","NONE",3,3,"LOW",0.0590172560279442,0.0194611015927407,0.119757807998749,"MEDIUM","NONE",3,3,"LOW",0.260864994854371,,0.260099778549817,"MEDIUM","NONE",0,0,"INSUFFICIENT_SAMPLE",0.0569648774354268,0.0388888888888889,0.0848374629150136,"MEDIUM","NONE",3,3,"LOW",,,,,,,,,,,,,,,,,0.0426095042091832,0.0303030303030303,0.0449826741476982,"MEDIUM","NONE",3,1,"LOW",,,,,,,,
5,"00-0037805","8145","Jeremy Ruckert","TE","NYJ",2026,3,"NYJ",3,"last_game_row",0.470173471883771,0.406611059222361,0.590621465372193,"MEDIUM","NONE",3,82,"LOW",0.0597937611756923,0.0595238095238095,0.0459081753477677,"MEDIUM","NONE",3,8,"LOW",0.0152121447838615,0.00433684672815108,0.0251269473613644,"MEDIUM","NONE",3,8,"LOW",0.439831664295441,,0.440213520304678,"MEDIUM","NONE",0,0,"INSUFFICIENT_SAMPLE",0.357783262634882,0.3,0.423150279656166,"MEDIUM","NONE",3,8,"LOW",,,,,,,,,,,,,,,,,0.0858210372276557,0.0972222222222222,0.0416442514329236,"MEDIUM","NONE",3,2,"LOW",,,,,,,,
5,"00-0037809","8210","Chigoziem Okonkwo","TE","WAS",2026,1,"WAS",1,"last_game_row",0.59791700320171,0.557142857142857,0.615037298003344,"LOW","TEAM_CHANGE",1,39,"MEDIUM",0.12675934549051,0.0731707317073171,0.14901442992177,"LOW","TEAM_CHANGE",1,3,"LOW",0.101436090430856,0.123028391167192,0.0923628764430149,"LOW","TEAM_CHANGE",1,3,"LOW",0.624677670948575,,0.625103292535162,"LOW","TEAM_CHANGE",0,0,"INSUFFICIENT_SAMPLE",0.554689454464081,0.428571428571429,0.607242726660812,"LOW","TEAM_CHANGE",1,3,"LOW",,,,,,,,,,,,,,,,,0.06346903421142,0,0.0898203975118221,"LOW","TEAM_CHANGE",1,0,"INSUFFICIENT_SAMPLE",,,,,,,,
5,"00-0037816","8121","Romeo Doubs","WR","NE",2026,3,"NE",3,"last_game_row",0.693874504448643,0.663884073132014,0.715406756703717,"LOW","TEAM_CHANGE",3,123,"LOW",0.121524294130639,0.102037617554859,0.151833947361402,"LOW","TEAM_CHANGE",3,11,"LOW",0.25078296173245,0.289335198592824,0.22493935344686,"LOW","TEAM_CHANGE",3,11,"LOW",0.554040286412041,,0.553777565451962,"LOW","TEAM_CHANGE",0,0,"INSUFFICIENT_SAMPLE",0.24602546217654,0.231814714652243,0.273430466653431,"LOW","TEAM_CHANGE",3,11,"LOW",,,,,,,,,,,,,,,,,0.121809553528332,0.0476190476190476,0.226545480866288,"LOW","TEAM_CHANGE",3,1,"LOW",,,,,,,,
5,"00-0037834","8183","Brock Purdy","QB","SF",2026,3,"SF",3,"last_game_row",0.968475832824165,0.966289308176101,0.965028823962192,"MEDIUM","NONE",3,163,"LOW",,,,,,,,,,,,,,,,,,,,,,,,,,,,,,,,,0.0386431460435988,0.0357142857142857,0.06477137262742,"MEDIUM","NONE",3,3,"LOW",,,,,,,,,,,,,,,,,0.0125509812691114,0,0.0323394578383121,"MEDIUM","NONE",3,0,"INSUFFICIENT_SAMPLE"
5,"00-0037838","8131","Isaiah Likely","TE","NYG",2026,3,"NYG",3,"last_game_row",0.665942177528722,0.687316514902722,0.554752673268296,"LOW","TEAM_CHANGE",3,128,"LOW",0.177297362557417,0.237774571107904,0.0798523924072101,"LOW","TEAM_CHANGE",3,23,"LOW",0.155111398316592,0.185466239281636,0.119418099812798,"LOW","TEAM_CHANGE",3,23,"LOW",0.501430510541869,,0.500490154561621,"LOW","TEAM_CHANGE",0,0,"INSUFFICIENT_SAMPLE",0.678240596394875,0.867724867724868,0.302289416098655,"LOW","TEAM_CHANGE",3,23,"LOW",,,,,,,,,,,,,,,,,0.102785265053726,0.19047619047619,0.052999054426373,"LOW","TEAM_CHANGE",3,4,"LOW",,,,,,,,
5,"00-0037840","8150","Kyren Williams","RB","LAR",2026,3,"LAR",3,"last_game_row",0.645197578634011,0.654132457580733,0.610361690304829,"MEDIUM","NONE",3,134,"LOW",0.0848766739424547,0.0887564166252691,0.0718525310937333,"MEDIUM","NONE",3,12,"LOW",0.0421180266955103,0.0428874652400656,0.0276099026485453,"MEDIUM","NONE",3,12,"LOW",0.571461238824369,,0.571171091506835,"MEDIUM","NONE",0,0,"INSUFFICIENT_SAMPLE",,,,,,,,,0.540036895040094,0.513193773483628,0.536990289826607,"MEDIUM","NONE",3,38,"LOW",0.585092440394228,0.545787545787546,0.594742766815728,"MEDIUM","NONE",3,38,"LOW",0.104473003371548,0.0833333333333333,0.14909858417317,"MEDIUM","NONE",3,1,"LOW",0.719423056321093,0.746031746031746,0.659881263771483,"MEDIUM","NONE",3,8,"LOW"
5,"00-0038041","8110","Jake Ferguson","TE","DAL",2026,3,"DAL",3,"last_game_row",0.649348190304736,0.68260329294812,0.599919947369099,"MEDIUM","NONE",3,128,"LOW",0.0915738748611196,0.0870184208598843,0.0890364493198936,"MEDIUM","NONE",3,11,"LOW",0.0589601587908445,0.0607958606011241,0.0524877783662478,"MEDIUM","NONE",3,11,"LOW",0.578322975927947,,0.578115914539495,"MEDIUM","NONE",0,0,"INSUFFICIENT_SAMPLE",0.676684548688343,0.704761904761905,0.570154548525436,"MEDIUM","NONE",3,11,"LOW",,,,,,,,,,,,,,,,,0.174065782185062,0.181096681096681,0.18101966236302,"MEDIUM","NONE",3,4,"LOW",,,,,,,,
5,"00-0038046","8127","Charlie Kolar","TE","LAC",2026,2,"LAC",2,"last_game_row",0.487873134754962,0.586160108548168,0.382855742840882,"LOW","TEAM_CHANGE",2,72,"LOW",0.0366623194326788,0.0441176470588235,0.0216744487493649,"LOW","TEAM_CHANGE",2,3,"LOW",0.0259751403845473,0.0204460966542751,0.0280602715505718,"LOW","TEAM_CHANGE",2,3,"LOW",0.128801948304319,,0.128795352148904,"LOW","TEAM_CHANGE",0,0,"INSUFFICIENT_SAMPLE",0.152603476541922,0.1875,0.085672794645758,"LOW","TEAM_CHANGE",2,3,"LOW",,,,,,,,,,,,,,,,,0.00778376861096444,0,0.0156457230749266,"LOW","TEAM_CHANGE",2,0,"INSUFFICIENT_SAMPLE",,,,,,,,
5,"00-0038090","8168","Skyy Moore","WR","GB",2026,3,"GB",3,"last_game_row",0.275846456101286,0.309969082651037,0.120359354306858,"LOW","TEAM_CHANGE",3,59,"LOW",0.0592192884875112,0.0752288329519451,0.00867592162343257,"LOW","TEAM_CHANGE",3,11,"LOW",0.067170821874457,0.0944446324687974,0.0141535854721287,"LOW","TEAM_CHANGE",3,11,"LOW",0.0956320159648147,,0.0950919544544492,"LOW","TEAM_CHANGE",0,0,"INSUFFICIENT_SAMPLE",0.104343237132405,0.127655869035179,0.0251792070208053,"LOW","TEAM_CHANGE",3,11,"LOW",,,,,,,,,,,,,,,,,0.0941459123021995,0.130952380952381,0,"LOW","TEAM_CHANGE",3,3,"LOW",,,,,,,,
5,"00-0038102","8160","Kenny Pickett","QB","CAR",2026,2,"CAR",2,"last_game_row",0.187655582621701,0.0822398190045249,0.292311844341426,"LOW","TEAM_CHANGE",2,11,"LOW",,,,,,,,,,,,,,,,,,,,,,,,,,,,,,,,,0.00918667694121592,0,0.0188784099717489,"LOW","TEAM_CHANGE",2,0,"INSUFFICIENT_SAMPLE",,,,,,,,,,,,,,,,,0.00471642312708511,0,0,"LOW","TEAM_CHANGE",2,0,"INSUFFICIENT_SAMPLE"
5,"00-0038104","8188","Tyquan Thornton","WR","KC",2026,3,"KC",3,"last_game_row",0.481847248527019,0.587053224553225,0.342161074981846,"MEDIUM","NONE",3,118,"LOW",0.0578401837032929,0.0592544710191769,0.0472121091426759,"MEDIUM","NONE",3,7,"LOW",0.215370786035194,0.239775925043275,0.204968574808684,"MEDIUM","NONE",3,7,"LOW",0.286969712678,,0.287560270684036,"MEDIUM","NONE",0,0,"INSUFFICIENT_SAMPLE",0.137104298684118,0.151127819548872,0.104710005627639,"MEDIUM","NONE",3,7,"LOW",,,,,,,,,,,,,,,,,0.00160844285066631,0,0.00432146061865481,"MEDIUM","NONE",3,0,"INSUFFICIENT_SAMPLE",,,,,,,,
5,"00-0038115","8225","Daniel Bellinger","TE","TEN",2026,3,"TEN",3,"last_game_row",0.498015902643157,0.377610062893082,0.696275985502938,"LOW","TEAM_CHANGE",3,62,"LOW",0.043528434207909,0.0387606837606838,0.0468639555581285,"LOW","TEAM_CHANGE",3,4,"LOW",0.0191632486730136,0.00981620718462824,0.0389889993167226,"LOW","TEAM_CHANGE",3,4,"LOW",0.501755721553623,,0.501687433405348,"LOW","TEAM_CHANGE",0,0,"INSUFFICIENT_SAMPLE",0.366510197506999,0.277777777777778,0.496074638165529,"LOW","TEAM_CHANGE",3,4,"LOW",,,,,,,,,,,,,,,,,0.0109978627262062,0,0.031227574882685,"LOW","TEAM_CHANGE",3,0,"INSUFFICIENT_SAMPLE",,,,,,,,
5,"00-0038117","8126","Wan'Dale Robinson","WR","TEN",2026,3,"TEN",3,"last_game_row",0.737732854822998,0.660545073375262,0.913330389168068,"LOW","TEAM_CHANGE",3,107,"LOW",0.21436013880028,0.157350427350427,0.287209945365576,"LOW","TEAM_CHANGE",3,18,"LOW",0.262273032255968,0.145279866332498,0.442253451875932,"LOW","TEAM_CHANGE",3,18,"LOW",0.766375305454634,,0.766302907275562,"LOW","TEAM_CHANGE",0,0,"INSUFFICIENT_SAMPLE",0.423502837703454,0.301969696969697,0.625657251826027,"LOW","TEAM_CHANGE",3,18,"LOW",,,,,,,,,,,,,,,,,0.186388141693941,0.142857142857143,0.171765881747296,"LOW","TEAM_CHANGE",3,3,"LOW",,,,,,,,
5,"00-0038120","8155","Breece Hall","RB","NYJ",2026,3,"NYJ",3,"last_game_row",0.583767935662233,0.583919243807942,0.611720391052518,"MEDIUM","NONE",3,119,"LOW",0.0727326645555259,0.0782312925170068,0.065537634900775,"MEDIUM","NONE",3,10,"LOW",-0.0142830698307678,0.00256446452098626,-0.0403393933774672,"MEDIUM","NONE",3,10,"LOW",0.415371935545762,,0.414646429949107,"MEDIUM","NONE",0,0,"INSUFFICIENT_SAMPLE",,,,,,,,,0.674998056446797,0.68082788671024,0.632207854632832,"MEDIUM","NONE",3,51,"LOW",0.737240587626347,0.738036881419234,0.720968016141377,"MEDIUM","NONE",3,51,"LOW",0.0614597404583127,0,0.174210361047612,"MEDIUM","NONE",3,0,"INSUFFICIENT_SAMPLE",0.544066740744882,0.633333333333333,0.415908621008802,"MEDIUM","NONE",3,8,"LOW"
5,"00-0038124","8167","Christian Watson","WR","GB",2026,3,"GB",3,"last_game_row",0.779489995736523,0.822013756709669,0.70028052611156,"MEDIUM","NONE",3,158,"LOW",0.195501249231708,0.213986052086739,0.164716605297446,"MEDIUM","NONE",3,29,"LOW",0.289536985678913,0.300359972623654,0.281421027259845,"MEDIUM","NONE",3,29,"LOW",0.599554539294943,,0.601428381716582,"MEDIUM","NONE",0,0,"INSUFFICIENT_SAMPLE",0.340374934942982,0.359630790665273,0.306894463635376,"MEDIUM","NONE",3,29,"LOW",,,,,,,,,,,,,,,,,0.283615611370136,0.339285714285714,0.141991977115122,"MEDIUM","NONE",3,6,"LOW",,,,,,,,
5,"00-0038128","8161","Malik Willis","QB","MIA",2026,3,"MIA",3,"last_game_row",0.830197747670753,1.00050505050505,0.555797898175918,"LOW","TEAM_CHANGE",3,188,"LOW",,,,,,,,,,,,,,,,,,,,,,,,,,,,,,,,,0.0922452761374366,0.0721780135573239,0.147369671539632,"LOW","TEAM_CHANGE",3,5,"LOW",,,,,,,,,,,,,,,,,0.0193751693293826,0,0.0502077045300721,"LOW","TEAM_CHANGE",3,0,"INSUFFICIENT_SAMPLE"
5,"00-0038129","8111","Cade Otton","TE","TB",2026,3,"TB",3,"last_game_row",0.940973286596877,0.94477889260498,0.94415670944337,"MEDIUM","NONE",3,179,"LOW",0.139173921858678,0.129246670642019,0.159555974739186,"MEDIUM","NONE",3,17,"LOW",0.153449406086816,0.161828973282245,0.150514658750395,"MEDIUM","NONE",3,17,"LOW",0.796945329854427,,0.796866421634444,"MEDIUM","NONE",0,0,"INSUFFICIENT_SAMPLE",0.938202695247532,0.952380952380952,0.943351347284804,"MEDIUM","NONE",3,17,"LOW",,,,,,,,,,,,,,,,,0.135746735818431,0.0952380952380952,0.266132724730102,"MEDIUM","NONE",3,2,"LOW",,,,,,,,
5,"00-0038134","8151","Kenneth Walker III","RB","KC",2026,3,"KC",3,"last_game_row",0.693971120273415,0.755963480963481,0.579159199327658,"LOW","TEAM_CHANGE",3,151,"LOW",0.122559413102229,0.146735617323853,0.101715047075808,"LOW","TEAM_CHANGE",3,18,"LOW",-0.0102089812988972,-0.00296584474794687,-0.0156643830482944,"LOW","TEAM_CHANGE",3,18,"LOW",0.405872145555014,,0.405786707453903,"LOW","TEAM_CHANGE",0,0,"INSUFFICIENT_SAMPLE",,,,,,,,,0.730149790137835,0.775297619047619,0.644048324978948,"LOW","TEAM_CHANGE",3,65,"LOW",0.774165830359051,0.805004135649297,0.720282232201557,"LOW","TEAM_CHANGE",3,65,"LOW",0.130436324789665,0.174891774891775,0.0375177732209657,"LOW","TEAM_CHANGE",3,5,"LOW",0.827988133667328,0.916666666666667,0.617076012809976,"LOW","TEAM_CHANGE",3,15,"LOW"
5,"00-0038359","11168","Xavier Smith","WR","LAR",2026,3,"LAR",3,"last_game_row",0.347621548799693,0.389107827038862,0.235694422560169,"MEDIUM","NONE",3,80,"LOW",0.0138510373807782,0.0101010101010101,0.0214549946430212,"MEDIUM","NONE",3,1,"LOW",0.0139754596240146,0,0.0395831742108643,"MEDIUM","NONE",3,1,"LOW",0.258024200039074,,0.258538197087913,"MEDIUM","NONE",0,0,"INSUFFICIENT_SAMPLE",0.0294337361034236,0.0222222222222222,0.0442595274468757,"MEDIUM","NONE",3,1,"LOW",,,,,,,,,,,,,,,,,0.0569577103758799,0.0833333333333333,0.0146741723362704,"MEDIUM","NONE",3,1,"LOW",,,,,,,,
5,"00-0038393","9486","Dontayvion Wicks","WR","PHI",2026,3,"PHI",3,"last_game_row",0.635365058917259,0.813939093015558,0.311996226605819,"LOW","TEAM_CHANGE",3,141,"LOW",0.112857276298573,0.136232364686537,0.0625062111806471,"LOW","TEAM_CHANGE",3,15,"LOW",0.231225066114928,0.314083730217181,0.0744820424841896,"LOW","TEAM_CHANGE",3,15,"LOW",0.265979134656901,,0.263328422721073,"LOW","TEAM_CHANGE",0,0,"INSUFFICIENT_SAMPLE",0.225009381136899,0.2802338326635,0.120185716440663,"LOW","TEAM_CHANGE",3,15,"LOW",,,,,,,,,,,,,,,,,0.216352303081112,0.305555555555556,0.0495021626162365,"LOW","TEAM_CHANGE",3,4,"LOW",,,,,,,,
5,"00-0038409","9510","Lew Nichols","RB","PIT",2026,4,"PIT",2,"last_game_row",0.0162903681873072,0.0254237288135593,0,"LOW","NONE",2,3,"LOW",0,0,0,"LOW","NONE",2,0,"INSUFFICIENT_SAMPLE",0,0,0,"LOW","NONE",2,0,"INSUFFICIENT_SAMPLE",,,,"INSUFFICIENT_SAMPLE","NO_PRIOR_EVIDENCE_THIS_METRIC",0,0,"INSUFFICIENT_SAMPLE",,,,,,,,,0.016018862050852,0.025,0,"LOW","NONE",2,1,"LOW",0.0168619600535285,0.0263157894736842,0,"LOW","NONE",2,1,"LOW",0,0,0,"LOW","NONE",2,0,"INSUFFICIENT_SAMPLE",0.0800943102542602,0.125,0,"LOW","NONE",2,1,"LOW"
5,"00-0038416","11256","Tyson Bagent","QB","CHI",2026,2,"CHI",1,"last_game_row",0.125140991168195,0.136986301369863,0.0527332231339095,"LOW","NONE",1,10,"MEDIUM",,,,,,,,,,,,,,,,,,,,,,,,,,,,,,,,,0.00753766585267308,0,0.00943920498587443,"LOW","NONE",1,0,"INSUFFICIENT_SAMPLE",,,,,,,,,,,,,,,,,0.00578448076707591,0,0,"LOW","NONE",1,0,"INSUFFICIENT_SAMPLE"
5,"00-0038454","9511","Keaton Mitchell","RB","LAC",2026,3,"LAC",3,"last_game_row",0.283723247841879,0.313211282192463,0.215029027611699,"LOW","TEAM_CHANGE",3,60,"LOW",0.0379517597157882,0.0336134453781513,0.0311864306104112,"LOW","TEAM_CHANGE",3,4,"LOW",-0.0168854043740081,-0.00883960550661167,-0.0232989893861658,"LOW","TEAM_CHANGE",3,4,"LOW",0.162769873403464,,0.163001103382877,"LOW","TEAM_CHANGE",0,0,"INSUFFICIENT_SAMPLE",,,,,,,,,0.21777938531121,0.232603815937149,0.179397824960857,"LOW","TEAM_CHANGE",3,17,"LOW",0.240950474518254,0.253968253968254,0.198461554513392,"LOW","TEAM_CHANGE",3,17,"LOW",0.0366258738595526,0.0416666666666667,0,"LOW","TEAM_CHANGE",3,1,"LOW",0.189527681073771,0.203703703703704,0.240276538166123,"LOW","TEAM_CHANGE",3,3,"LOW"
5,"00-0038476","11292","Tommy DeVito","QB","NE",2026,3,"NE",1,"last_game_row",0.4060948004129,0.19047619047619,,"INSUFFICIENT_SAMPLE","ROOKIE_OR_NO_PRIOR_SEASON",1,12,"MEDIUM",,,,,,,,,,,,,,,,,,,,,,,,,,,,,,,,,0.0377124290756787,0,,"INSUFFICIENT_SAMPLE","ROOKIE_OR_NO_PRIOR_SEASON",1,0,"INSUFFICIENT_SAMPLE",,,,,,,,,,,,,,,,,0.00803626870633457,0,,"INSUFFICIENT_SAMPLE","ROOKIE_OR_NO_PRIOR_SEASON",1,0,"INSUFFICIENT_SAMPLE"
5,"00-0038488","11280","Brady Russell","RB","SEA",2026,3,"SEA",3,"last_game_row",0.207342572984476,0.322966798659762,0.0349511675136827,"MEDIUM","NONE",3,60,"LOW",0.0166589733321401,0.0304761904761905,0.000964406338635641,"MEDIUM","NONE",3,3,"LOW",0.0188354088644361,0.0279295417226452,0,"MEDIUM","NONE",3,3,"LOW",0.0556331228810272,,0.0549495555131226,"MEDIUM","NONE",0,0,"INSUFFICIENT_SAMPLE",,,,,,,,,0,0,0,"MEDIUM","NONE",3,0,"INSUFFICIENT_SAMPLE",0,0,0,"MEDIUM","NONE",3,0,"INSUFFICIENT_SAMPLE",0,0,0,"MEDIUM","NONE",3,0,"INSUFFICIENT_SAMPLE",0,0,0,"MEDIUM","NONE",3,0,"INSUFFICIENT_SAMPLE"
5,"00-0038489","11273","Ben VanSumeren","RB","KC",2026,3,"KC",3,"last_game_row",0.00887555208525614,0.0151515151515152,0,"LOW","TEAM_CHANGE",3,3,"LOW",0,0,0,"LOW","TEAM_CHANGE",3,0,"INSUFFICIENT_SAMPLE",0,0,0,"LOW","TEAM_CHANGE",3,0,"INSUFFICIENT_SAMPLE",,,,"INSUFFICIENT_SAMPLE","NO_PRIOR_EVIDENCE_THIS_METRIC",0,0,"INSUFFICIENT_SAMPLE",,,,,,,,,0,0,0,"LOW","TEAM_CHANGE",3,0,"INSUFFICIENT_SAMPLE",0,0,0,"LOW","TEAM_CHANGE",3,0,"INSUFFICIENT_SAMPLE",0,0,0,"LOW","TEAM_CHANGE",3,0,"INSUFFICIENT_SAMPLE",0,0,0,"LOW","TEAM_CHANGE",3,0,"INSUFFICIENT_SAMPLE"
5,"00-0038498","11304","E.J. Jenkins","TE","PHI",2026,3,"PHI",3,"last_game_row",0.186867153235647,0.202605097649785,0.0939537286522096,"LOW","NONE",3,39,"LOW",0.000719054929642,0,0,"LOW","NONE",3,0,"INSUFFICIENT_SAMPLE",0.000430075566004113,0,0,"LOW","NONE",3,0,"INSUFFICIENT_SAMPLE",0.174326701925141,,0.025,"LOW","NONE",0,0,"INSUFFICIENT_SAMPLE",0.00424429337522734,0,0,"LOW","NONE",3,0,"INSUFFICIENT_SAMPLE",,,,,,,,,,,,,,,,,0.00913768398650596,0,0,"LOW","NONE",3,0,"INSUFFICIENT_SAMPLE",,,,,,,,
5,"00-0038519","11320","Nikko Remigio","WR","KC",2026,3,"KC",3,"last_game_row",0.0128370293974507,0,0.0357267188687379,"MEDIUM","NONE",3,0,"INSUFFICIENT_SAMPLE",0.000110990238717662,0,0.000112499795972135,"MEDIUM","NONE",3,0,"INSUFFICIENT_SAMPLE",0.000246844858049407,0,0.000268688833098496,"MEDIUM","NONE",3,0,"INSUFFICIENT_SAMPLE",0.0548100382722583,,0.0283825918873285,"MEDIUM","NONE",0,0,"INSUFFICIENT_SAMPLE",0.000271635437945561,0,0.000329463688204109,"MEDIUM","NONE",3,0,"INSUFFICIENT_SAMPLE",,,,,,,,,,,,,,,,,0,0,0,"MEDIUM","NONE",3,0,"INSUFFICIENT_SAMPLE",,,,,,,,
5,"00-0038542","9509","Bijan Robinson","RB","ATL",2026,3,"ATL",3,"last_game_row",0.72276260159151,0.671014492753623,0.817236484361593,"MEDIUM","NONE",3,132,"LOW",0.164452030328665,0.174556449997998,0.203187633500827,"MEDIUM","NONE",3,16,"LOW",-0.0603555580615828,-0.127084261818971,0.00198379793430069,"MEDIUM","NONE",3,16,"LOW",0.792085398258287,,0.792096968312688,"MEDIUM","NONE",0,0,"INSUFFICIENT_SAMPLE",,,,,,,,,0.655075628972658,0.650892857142857,0.645545728542782,"MEDIUM","NONE",3,66,"LOW",0.683556600220351,0.678727445394112,0.680153430165521,"MEDIUM","NONE",3,66,"LOW",0.194783225879092,0,0.276141065593879,"MEDIUM","NONE",1,0,"INSUFFICIENT_SAMPLE",0.688417883761997,0.916666666666667,0.593103456417119,"MEDIUM","NONE",1,11,"MEDIUM"
5,"00-0038543","9488","Jaxon Smith-Njigba","WR","SEA",2026,3,"SEA",3,"last_game_row",0.805327972048824,0.818489186719464,0.786816585562218,"MEDIUM","NONE",3,150,"LOW",0.312007774980975,0.35072249589491,0.26566318738617,"MEDIUM","NONE",3,36,"LOW",0.479463350071856,0.515745265418667,0.408205601235268,"MEDIUM","NONE",3,36,"LOW",0.790492583744669,,0.790472577396844,"MEDIUM","NONE",0,0,"INSUFFICIENT_SAMPLE",0.549046539571813,0.595335397316822,0.481882006755052,"MEDIUM","NONE",3,36,"LOW",,,,,,,,,,,,,,,,,0.367132239816576,0.466666666666667,0.24848746407594,"MEDIUM","NONE",3,9,"LOW",,,,,,,,
5,"00-0038544","9754","Quentin Johnston","WR","LAC",2026,3,"LAC",3,"last_game_row",0.799574532073041,0.824092973865849,0.736320693851973,"MEDIUM","NONE",3,158,"LOW",0.142982288452947,0.147920706744236,0.135866013299106,"MEDIUM","NONE",3,17,"LOW",0.24457702045365,0.204550690266431,0.300456351135511,"MEDIUM","NONE",3,17,"LOW",0.625441209021169,,0.624698843121522,"MEDIUM","NONE",0,0,"INSUFFICIENT_SAMPLE",0.314629764204953,0.316374269005848,0.30872558901587,"MEDIUM","NONE",3,17,"LOW",,,,,,,,,,,,,,,,,0.0431983480956305,0,0.12165767227493,"MEDIUM","NONE",3,0,"INSUFFICIENT_SAMPLE",,,,,,,,
5,"00-0038547","10871","Luke Schoonmaker","TE","DAL",2026,3,"DAL",3,"last_game_row",0.272048970411573,0.24375441271993,0.326871052227543,"MEDIUM","NONE",3,45,"LOW",0.0198640252320321,0.0150745257452575,0.0287951913677642,"MEDIUM","NONE",3,2,"LOW",0.0169917300709319,0.0202979249952408,0.0136564637779224,"MEDIUM","NONE",3,2,"LOW",0.215406805323173,,0.215195264070643,"MEDIUM","NONE",0,0,"INSUFFICIENT_SAMPLE",0.133739292110141,0.114285714285714,0.176939545919823,"MEDIUM","NONE",3,2,"LOW",,,,,,,,,,,,,,,,,0.00088286237673329,0,0.00250329080969708,"MEDIUM","NONE",3,0,"INSUFFICIENT_SAMPLE",,,,,,,,
5,"00-0038551","9757","Kendre Miller","RB","NO",2026,3,"NO",2,"last_game_row",0.236132297458786,0.240662010324932,0.23744680283886,"MEDIUM","NONE",2,40,"LOW",0.0272071807770641,0.0319148936170213,0.0157185787531208,"MEDIUM","NONE",2,3,"LOW",-0.00436204733119716,-0.00803858520900321,0.000785707490244375,"MEDIUM","NONE",2,3,"LOW",0.163249679560665,,0.161439192036941,"MEDIUM","NONE",0,0,"INSUFFICIENT_SAMPLE",,,,,,,,,0.249050143470929,0.269726247987118,0.240179555076938,"MEDIUM","NONE",2,13,"LOW",0.29402725528714,0.299074074074074,0.307562401197071,"MEDIUM","NONE",2,13,"LOW",0,0,0,"MEDIUM","NONE",2,0,"INSUFFICIENT_SAMPLE",0.187599536963839,0.333333333333333,0.0646853326464246,"MEDIUM","NONE",2,2,"LOW"
5,"00-0038555","9225","Tank Bigsby","RB","PHI",2026,3,"PHI",3,"last_game_row",0.178553180877806,0.165104270109235,0.224300775954819,"MEDIUM","NONE",3,34,"LOW",0.0230720286769339,0.0256048860700023,0.0128772527464054,"MEDIUM","NONE",3,3,"LOW",-0.00553402146716742,-0.0091324200913242,0.000369045787786725,"MEDIUM","NONE",3,3,"LOW",0.131842398690726,,0.130763673567171,"MEDIUM","NONE",0,0,"INSUFFICIENT_SAMPLE",,,,,,,,,0.18956922737963,0.148856990962254,0.283273193209907,"MEDIUM","NONE",3,14,"LOW",0.229142247191408,0.199074074074074,0.307430164221514,"MEDIUM","NONE",3,14,"LOW",0.0086294493979582,0,0.0245433523821298,"MEDIUM","NONE",3,0,"INSUFFICIENT_SAMPLE",0.200427703712137,0.166666666666667,0.316416703711542,"MEDIUM","NONE",3,3,"LOW"
5,"00-0038558","9479","Darnell Washington","TE","PIT",2026,4,"PIT",4,"last_game_row",0.643376399040943,0.676257479689086,0.488557510298285,"MEDIUM","NONE",4,178,"MEDIUM",0.0804831447703068,0.0714834051460191,0.0784390979658903,"MEDIUM","NONE",4,13,"MEDIUM",0.0560885415720886,0.0420996891849248,0.0632452739895511,"MEDIUM","NONE",4,13,"MEDIUM",0.383373001621249,,0.383938891625506,"MEDIUM","NONE",0,0,"INSUFFICIENT_SAMPLE",0.3899331474887,0.378968253968254,0.320546772647185,"MEDIUM","NONE",4,13,"MEDIUM",,,,,,,,,,,,,,,,,0.0575110767494349,0.0416666666666667,0.0349071899694594,"MEDIUM","NONE",4,2,"MEDIUM",,,,,,,,
5,"00-0038559","10232","Michael Wilson","WR","ARI",2026,3,"ARI",3,"last_game_row",0.91082976374359,0.927276688453159,0.868032550491024,"MEDIUM","NONE",3,192,"LOW",0.225631556898895,0.225373482726424,0.197335005764956,"MEDIUM","NONE",3,31,"LOW",0.440870133706701,0.419946268669053,0.436661815756245,"MEDIUM","NONE",3,31,"LOW",0.735577005424712,,0.735550734769051,"MEDIUM","NONE",0,0,"INSUFFICIENT_SAMPLE",0.627762998181562,0.55969955969956,0.701203009373552,"MEDIUM","NONE",3,31,"LOW",,,,,,,,,,,,,,,,,0.189967616536219,0.138888888888889,0.192536294052443,"MEDIUM","NONE",3,5,"LOW",,,,,,,,
5,"00-0038563","10213","Tre Tucker","WR","LV",2026,3,"LV",3,"last_game_row",0.753306560530928,0.647787833081951,0.976458817587977,"MEDIUM","NONE",3,125,"LOW",0.145380381864673,0.143381489311722,0.158211567344976,"MEDIUM","NONE",3,15,"LOW",0.277234389657697,0.284914806538372,0.290402359112879,"MEDIUM","NONE",3,15,"LOW",0.821394389188168,,0.821430315314927,"MEDIUM","NONE",0,0,"INSUFFICIENT_SAMPLE",0.372748598149653,0.350378787878788,0.393423157643725,"MEDIUM","NONE",3,15,"LOW",,,,,,,,,,,,,,,,,0.0947459726773153,0.0416666666666667,0.217177335296012,"MEDIUM","NONE",3,1,"LOW",,,,,,,,
5,"00-0038564","10210","Cameron Latu","TE","NE",2026,3,"NE",3,"last_game_row",0.14226065394727,0.135669362084456,0.129240259257372,"LOW","TEAM_CHANGE",3,23,"LOW",0,0,0,"LOW","TEAM_CHANGE",3,0,"INSUFFICIENT_SAMPLE",0,0,0,"LOW","TEAM_CHANGE",3,0,"INSUFFICIENT_SAMPLE",0.0768701416832805,,0.0768701416832805,"LOW","TEAM_CHANGE",0,0,"INSUFFICIENT_SAMPLE",0,0,0,"LOW","TEAM_CHANGE",3,0,"INSUFFICIENT_SAMPLE",,,,,,,,,,,,,,,,,0,0,0,"LOW","TEAM_CHANGE",3,0,"INSUFFICIENT_SAMPLE",,,,,,,,
5,"00-0038573","10234","Derius Davis","WR","LAC",2026,3,"LAC",3,"last_game_row",0.120505882291388,0.105237973505332,0.183190458458879,"MEDIUM","NONE",3,19,"LOW",0.012617872200363,0.018350930115636,0.00742369076283504,"MEDIUM","NONE",3,2,"LOW",0.045360662873155,0.0845032703768763,0.0143795334603293,"MEDIUM","NONE",3,2,"LOW",0.149051109811415,,0.148581847161562,"MEDIUM","NONE",0,0,"INSUFFICIENT_SAMPLE",0.0268609890520617,0.0388888888888889,0.0155664123920044,"MEDIUM","NONE",3,2,"LOW",,,,,,,,,,,,,,,,,0.00020656508787366,0,0,"MEDIUM","NONE",3,0,"INSUFFICIENT_SAMPLE",,,,,,,,
5,"00-0038589","10212","Josh Whyle","TE","GB",2026,3,"GB",3,"last_game_row",0.187965846087897,0.058972073677956,0.458873965850359,"MEDIUM","NONE",3,12,"LOW",0.0116338497597486,0,0.0297376537910261,"MEDIUM","NONE",3,0,"INSUFFICIENT_SAMPLE",0.00144613338157843,0,0.000975928818383866,"MEDIUM","NONE",3,0,"INSUFFICIENT_SAMPLE",0.322617563622255,,0.323339225038699,"MEDIUM","NONE",0,0,"INSUFFICIENT_SAMPLE",0.131452353827779,0,0.372939395057117,"MEDIUM","NONE",3,0,"INSUFFICIENT_SAMPLE",,,,,,,,,,,,,,,,,0.00759473770184057,0,0.0078104858350254,"MEDIUM","NONE",3,0,"INSUFFICIENT_SAMPLE",,,,,,,,
5,"00-0038597","9224","Chase Brown","RB","CIN",2026,3,"CIN",3,"last_game_row",0.682635603888036,0.714592507634434,0.629357507459219,"MEDIUM","NONE",3,128,"LOW",0.108160473667758,0.115188037845291,0.11883994004683,"MEDIUM","NONE",3,13,"LOW",-0.0251265879340087,-0.0478878504352953,0.004872735274871,"MEDIUM","NONE",3,13,"LOW",0.554965238504676,,0.554496312398564,"MEDIUM","NONE",0,0,"INSUFFICIENT_SAMPLE",,,,,,,,,0.717886841588259,0.774021739130435,0.582151955036626,"MEDIUM","NONE",3,49,"LOW",0.766299214059476,0.82783189033189,0.645492253021294,"MEDIUM","NONE",3,49,"LOW",0.0773355275516612,0.0476190476190476,0.15976193352613,"MEDIUM","NONE",3,1,"LOW",0.473403132498351,0.541666666666667,0.492102836471852,"MEDIUM","NONE",3,6,"LOW"
5,"00-0038606","9487","Parker Washington","WR","JAX",2026,3,"JAX",3,"last_game_row",0.749254420781913,0.755940093098563,0.702733601406465,"MEDIUM","NONE",3,133,"LOW",0.234003469155758,0.243194444444444,0.238088645825424,"MEDIUM","NONE",3,23,"LOW",0.400820682535013,0.428452698771784,0.386201147334002,"MEDIUM","NONE",3,23,"LOW",0.669116966215651,,0.668753999686615,"MEDIUM","NONE",0,0,"INSUFFICIENT_SAMPLE",0.425636937452004,0.4375,0.433311019559568,"MEDIUM","NONE",3,23,"LOW",,,,,,,,,,,,,,,,,0.163415097297208,0.1,0.213834430299892,"MEDIUM","NONE",3,3,"LOW",,,,,,,,
5,"00-0038608","9504","Kayshon Boutte","WR","HOU",2026,3,"HOU",3,"last_game_row",0.667110712867282,0.625019534302235,0.700185022321196,"LOW","TEAM_CHANGE",3,131,"LOW",0.0832529213824753,0.0601325757575758,0.122178027439467,"LOW","TEAM_CHANGE",3,9,"LOW",0.152195144209775,0.0941732604215922,0.271006963149902,"LOW","TEAM_CHANGE",3,9,"LOW",0.592460928735579,,0.592213893713968,"LOW","TEAM_CHANGE",0,0,"INSUFFICIENT_SAMPLE",0.189346999070623,0.14029304029304,0.272736406318072,"LOW","TEAM_CHANGE",3,9,"LOW",,,,,,,,,,,,,,,,,0.107457510703392,0.108333333333333,0.0651111839020714,"LOW","TEAM_CHANGE",3,2,"LOW",,,,,,,,
5,"00-0038611","10219","Chris Rodriguez","RB","JAX",2026,3,"JAX",3,"last_game_row",0.316529877012621,0.285235782230318,0.418707245166573,"LOW","TEAM_CHANGE",3,49,"LOW",0.00722752999324956,0,0.0206212449653425,"LOW","TEAM_CHANGE",3,0,"INSUFFICIENT_SAMPLE",0.00193043044961555,0,0.00551414492309192,"LOW","TEAM_CHANGE",3,0,"INSUFFICIENT_SAMPLE",0.25819821046402,,0.259926085168507,"LOW","TEAM_CHANGE",0,0,"INSUFFICIENT_SAMPLE",,,,,,,,,0.322117087154771,0.244252873563218,0.454133223909208,"LOW","TEAM_CHANGE",3,20,"LOW",0.360484124612561,0.273473193473193,0.509510744645844,"LOW","TEAM_CHANGE",3,20,"LOW",0.00281628632176922,0,0.008054637442053,"LOW","TEAM_CHANGE",3,0,"INSUFFICIENT_SAMPLE",0.491538221282634,0.569444444444444,0.474229524874198,"LOW","TEAM_CHANGE",3,5,"LOW"
5,"00-0038618","10218","Xavier Hutchinson","WR","HOU",2026,3,"HOU",3,"last_game_row",0.645619170164529,0.638927957493358,0.668655637840723,"MEDIUM","NONE",3,138,"LOW",0.155989548111508,0.149147727272727,0.156544134765323,"MEDIUM","NONE",3,21,"LOW",0.252719386582441,0.257671167321847,0.204831352848776,"MEDIUM","NONE",3,21,"LOW",0.635854645285379,,0.636126581315794,"MEDIUM","NONE",0,0,"INSUFFICIENT_SAMPLE",0.333895055225549,0.343956043956044,0.292089665269942,"MEDIUM","NONE",3,21,"LOW",,,,,,,,,,,,,,,,,0.0703315788092741,0.0416666666666667,0.125834276161848,"MEDIUM","NONE",3,1,"LOW",,,,,,,,
5,"00-0038619","10226","Andrei Iosivas","WR","CIN",2026,2,"CIN",2,"last_game_row",0.62405617184332,0.580710250201776,0.673632628922802,"MEDIUM","NONE",2,71,"LOW",0.0634349255003641,0.0533625730994152,0.0779142163840058,"MEDIUM","NONE",2,4,"LOW",0.0848484325137095,0.0505268811703923,0.121867291404424,"MEDIUM","NONE",2,4,"LOW",0.627164418129051,,0.626983582338284,"MEDIUM","NONE",0,0,"INSUFFICIENT_SAMPLE",0.13568926172639,0.12987012987013,0.156022567391426,"MEDIUM","NONE",2,4,"LOW",,,,,,,,,,,,,,,,,0.0561635041900017,0.0714285714285714,0.053097533648582,"MEDIUM","NONE",2,1,"LOW",,,,,,,,
5,"00-0038621","9501","Demario Douglas","WR","NE",2026,3,"NE",3,"last_game_row",0.467750114481916,0.565861978298864,0.292101080626074,"MEDIUM","NONE",3,107,"LOW",0.100010199764389,0.117685475444096,0.0729906558101105,"MEDIUM","NONE",3,14,"LOW",0.143162622967904,0.162129280101331,0.0844273412602547,"MEDIUM","NONE",3,14,"LOW",0.300607826152184,,0.300375255921109,"MEDIUM","NONE",0,0,"INSUFFICIENT_SAMPLE",0.215169714777019,0.255876846265862,0.169293369246831,"MEDIUM","NONE",3,14,"LOW",,,,,,,,,,,,,,,,,0.0429412914975578,0.0476190476190476,0.00305214997846484,"MEDIUM","NONE",3,1,"LOW",,,,,,,,
5,"00-0038640","11034","Jalen Brooks","WR","ARI",2026,3,"ARI",3,"last_game_row",0.133507848810202,0.0475381263616558,0.29123598923898,"MEDIUM","NONE",3,10,"LOW",0.010607622296221,0.00595238095238095,0.0127392917456175,"MEDIUM","NONE",3,1,"LOW",0.0214660569902076,0.0125391849529781,0.0224536939155051,"MEDIUM","NONE",3,1,"LOW",0.22232429687743,,0.21798760866445,"MEDIUM","NONE",0,0,"INSUFFICIENT_SAMPLE",0.0243275307592352,0.0128205128205128,0.0345846216566037,"MEDIUM","NONE",3,1,"LOW",,,,,,,,,,,,,,,,,0.00256836683751007,0,0,"MEDIUM","NONE",3,0,"INSUFFICIENT_SAMPLE",,,,,,,,
5,"00-0038643","10224","Brayden Willis","TE","SF",2026,3,"SF",2,"last_game_row",0.0747164171107973,0.148867924528302,0.0150884905810763,"MEDIUM","NONE",2,15,"LOW",0.000955423314518677,0,0.000912760390728048,"MEDIUM","NONE",2,0,"INSUFFICIENT_SAMPLE",0.000569197502557954,0,0.00031623194639397,"MEDIUM","NONE",2,0,"INSUFFICIENT_SAMPLE",0.0427650764972351,,0.0287903377485065,"MEDIUM","NONE",0,0,"INSUFFICIENT_SAMPLE",0.00462301497284038,0,0.00446238413244824,"MEDIUM","NONE",2,0,"INSUFFICIENT_SAMPLE",,,,,,,,,,,,,,,,,0,0,0,"MEDIUM","NONE",2,0,"INSUFFICIENT_SAMPLE",,,,,,,,
5,"00-0038685","11370","Chris Brooks","RB","GB",2026,3,"GB",3,"last_game_row",0.409799886177653,0.475180519048914,0.320788480831482,"MEDIUM","NONE",3,92,"LOW",0.0277165130365658,0.030742617413098,0.0237326055919337,"MEDIUM","NONE",3,4,"LOW",-0.0032931106082919,-0.00820115221323466,0.00356370870593987,"MEDIUM","NONE",3,4,"LOW",0.256244700610821,,0.25624064880129,"MEDIUM","NONE",0,0,"INSUFFICIENT_SAMPLE",,,,,,,,,0.126430692850541,0.16955266955267,0.114290868634926,"MEDIUM","NONE",3,11,"LOW",0.140016007246793,0.190740740740741,0.120924980297782,"MEDIUM","NONE",3,11,"LOW",0.0108815172580053,0,0.0308323472725042,"MEDIUM","NONE",3,0,"INSUFFICIENT_SAMPLE",0.173357000207334,0.277777777777778,0.0592891652040885,"MEDIUM","NONE",3,4,"LOW"
5,"00-0038705","11199","Emari Demercado","RB","DAL",2026,2,"DAL",2,"last_game_row",0.212413082970683,0.124921630094044,0.294527140513695,"LOW","TEAM_CHANGE",2,14,"LOW",0.0210755959846809,0,0.04209893676462,"LOW","TEAM_CHANGE",2,0,"INSUFFICIENT_SAMPLE",0.0120689689405888,0,0.0245699858546534,"LOW","TEAM_CHANGE",2,0,"INSUFFICIENT_SAMPLE",0.266120612372145,,0.267578572337735,"LOW","TEAM_CHANGE",0,0,"INSUFFICIENT_SAMPLE",,,,,,,,,0.180266558201569,0.142156862745098,0.215861214286717,"LOW","TEAM_CHANGE",2,5,"LOW",0.201331088562002,0.160416666666667,0.239439317641184,"LOW","TEAM_CHANGE",2,5,"LOW",0.00524265003795798,0,0.0100260792048157,"LOW","TEAM_CHANGE",2,0,"INSUFFICIENT_SAMPLE",0.0885456412459696,0.125,0.0751959117564351,"LOW","TEAM_CHANGE",2,1,"LOW"
5,"00-0038710","11201","Blake Whiteheart","TE","CLE",2026,4,"CLE",4,"last_game_row",0.409334776804817,0.406549313273697,0.448186583372742,"MEDIUM","NONE",4,96,"MEDIUM",0.0161101750319754,0.0217013888888889,0.0189540469581292,"MEDIUM","NONE",4,3,"MEDIUM",0.0149907218454375,0.0204678362573099,0.0165112011691956,"MEDIUM","NONE",4,3,"MEDIUM",0.329891024565611,,0.331232950943891,"MEDIUM","NONE",0,0,"INSUFFICIENT_SAMPLE",0.0954117263899241,0.125,0.131745682816917,"MEDIUM","NONE",4,3,"MEDIUM",,,,,,,,,,,,,,,,,0.0293154981088494,0.05,0,"MEDIUM","NONE",4,1,"MEDIUM",,,,,,,,
5,"00-0038728","11056","Jared Wayne","WR","HOU",2026,3,"HOU",3,"last_game_row",0.457564669626183,0.477965307079231,0.443037974683544,"LOW","NONE",3,98,"LOW",0.0738278310190385,0.0838068181818182,0.0444444444444444,"LOW","NONE",3,12,"LOW",0.13546288867949,0.153755526701298,0.0502958579881657,"LOW","NONE",3,12,"LOW",0.21293712474732,,0.288888888888889,"LOW","NONE",0,0,"INSUFFICIENT_SAMPLE",0.167087539945866,0.194505494505495,0.0740740740740741,"LOW","NONE",3,12,"LOW",,,,,,,,,,,,,,,,,0.026034952783418,0.0555555555555556,0,"LOW","NONE",3,1,"LOW",,,,,,,,
5,"00-0038738","11510","Hunter Luepke","RB","DAL",2026,3,"DAL",3,"last_game_row",0.200468825383163,0.19185800220283,0.241312591090311,"MEDIUM","NONE",3,35,"LOW",0.0112200202025324,0,0.0317701698885312,"MEDIUM","NONE",3,0,"INSUFFICIENT_SAMPLE",-0.00181421767773382,0,-0.0051627173676484,"MEDIUM","NONE",3,0,"INSUFFICIENT_SAMPLE",0.211516992565464,,0.211377572852853,"MEDIUM","NONE",0,0,"INSUFFICIENT_SAMPLE",,,,,,,,,0.0465359314709189,0.0381263616557734,0.0748362017493895,"MEDIUM","NONE",3,2,"LOW",0.0522428002882801,0.0430555555555556,0.0836670186278764,"MEDIUM","NONE",3,2,"LOW",0.0188591450421231,0,0.0534894619859151,"MEDIUM","NONE",3,0,"INSUFFICIENT_SAMPLE",0.0259286462532928,0,0.0734261176161858,"MEDIUM","NONE",3,0,"INSUFFICIENT_SAMPLE"
5,"00-0038740","11506","Jalen Cropper","WR","NO",2026,3,"NO",1,"last_game_row",0.0429970554125459,0,0.0453975262731625,"LOW","TEAM_CHANGE",1,0,"INSUFFICIENT_SAMPLE",0,0,0,"LOW","TEAM_CHANGE",1,0,"INSUFFICIENT_SAMPLE",0,0,0,"LOW","TEAM_CHANGE",1,0,"INSUFFICIENT_SAMPLE",0.0872798847535954,,0.0277777777777778,"LOW","TEAM_CHANGE",0,0,"INSUFFICIENT_SAMPLE",0,0,0,"LOW","TEAM_CHANGE",1,0,"INSUFFICIENT_SAMPLE",,,,,,,,,,,,,,,,,0,0,0,"LOW","TEAM_CHANGE",1,0,"INSUFFICIENT_SAMPLE",,,,,,,,
5,"00-0038783","11433","Nate Adkins","TE","DEN",2026,3,"DEN",3,"last_game_row",0.334968786468439,0.331038030188043,0.32586799223462,"MEDIUM","NONE",3,59,"LOW",0.0376992576855636,0.0465631929046563,0.0125784569828197,"MEDIUM","NONE",3,5,"LOW",0.030535403332169,0.0406615570794675,0.00687267697404674,"MEDIUM","NONE",3,5,"LOW",0.174649070985904,,0.173148009834613,"MEDIUM","NONE",0,0,"INSUFFICIENT_SAMPLE",0.331747685466535,0.416666666666667,0.0795823871464532,"MEDIUM","NONE",3,5,"LOW",,,,,,,,,,,,,,,,,0.0882117361489265,0.114285714285714,0.0132366655737689,"MEDIUM","NONE",3,3,"LOW",,,,,,,,
5,"00-0038794","11439","Jaleel McLaughlin","RB","CLE",2026,4,"CLE",3,"last_game_row",0.100369690213697,0.072603234842324,0.17390623462246,"LOW","TEAM_CHANGE",3,13,"LOW",0.0154132910555398,0.00925925925925926,0.0316834074281609,"LOW","TEAM_CHANGE",3,1,"LOW",-0.0236204102067298,0.00308641975308642,-0.0719432070075033,"LOW","TEAM_CHANGE",3,1,"LOW",0.0981505179011716,,0.0957413856106044,"LOW","TEAM_CHANGE",0,0,"INSUFFICIENT_SAMPLE",,,,,,,,,0.0978860332735491,0.0311594202898551,0.217037756803004,"LOW","TEAM_CHANGE",3,2,"LOW",0.123701431576448,0.0388888888888889,0.27830362879448,"LOW","TEAM_CHANGE",3,2,"LOW",0.00326903318839356,0,0,"LOW","TEAM_CHANGE",3,0,"INSUFFICIENT_SAMPLE",0.0378327790788139,0,0.0917661604577006,"LOW","TEAM_CHANGE",3,0,"INSUFFICIENT_SAMPLE"
5,"00-0038797","11435","Emanuel Wilson","RB","SEA",2026,3,"SEA",3,"last_game_row",0.321246942743073,0.277906386435171,0.344012172320787,"LOW","TEAM_CHANGE",3,56,"LOW",0.0145376083808895,0.0114942528735632,0.0208956906342852,"LOW","TEAM_CHANGE",3,1,"LOW",-0.0148915157160295,0.00146842878120411,-0.044783034601786,"LOW","TEAM_CHANGE",3,1,"LOW",0.260484830331814,,0.260692465656506,"LOW","TEAM_CHANGE",0,0,"INSUFFICIENT_SAMPLE",,,,,,,,,0.368600885018857,0.378948327298399,0.264587421056588,"LOW","TEAM_CHANGE",3,32,"LOW",0.395063959320663,0.394014447884417,0.313805399302875,"LOW","TEAM_CHANGE",3,32,"LOW",0.0369260556520455,0.0555555555555556,0.00666379431652979,"LOW","TEAM_CHANGE",3,1,"LOW",0.369678646919316,0.368055555555556,0.237299297785971,"LOW","TEAM_CHANGE",3,9,"LOW"
5,"00-0038824","11421","Ryan Miller","WR","MIA",2026,3,"MIA",3,"last_game_row",0.114241599058869,0.111948249619482,0.071173441317456,"LOW","TEAM_CHANGE",3,23,"LOW",0.0258790114322239,0.0320292839167239,0.00114067489723838,"LOW","TEAM_CHANGE",3,4,"LOW",0.0527866653585288,0.0825642029400103,0.00256041781737892,"LOW","TEAM_CHANGE",3,4,"LOW",0.0471448660298964,,0.0446433053638494,"LOW","TEAM_CHANGE",0,0,"INSUFFICIENT_SAMPLE",0.0582271974396888,0.075,0.00196935906749442,"LOW","TEAM_CHANGE",3,4,"LOW",,,,,,,,,,,,,,,,,0.000411490321862578,0,0.000727154769074229,"LOW","TEAM_CHANGE",3,0,"INSUFFICIENT_SAMPLE",,,,,,,,
5,"00-0038840","11157","Brycen Tremayne","WR","CAR",2026,3,"CAR",3,"last_game_row",0.352385664446489,0.387163610383425,0.148367392077001,"MEDIUM","NONE",3,85,"LOW",0.0425691452128908,0.0384615384615385,0.0248102572525462,"MEDIUM","NONE",3,6,"LOW",0.0946290220930043,0.0812641083521445,0.0657417190813009,"MEDIUM","NONE",3,6,"LOW",0.0731863180384893,,0.0731282677162964,"MEDIUM","NONE",0,0,"INSUFFICIENT_SAMPLE",0.0982125223168576,0.0909090909090909,0.0518261540232799,"MEDIUM","NONE",3,6,"LOW",,,,,,,,,,,,,,,,,0.013970811487126,0,0.0396429908567511,"MEDIUM","NONE",3,0,"INSUFFICIENT_SAMPLE",,,,,,,,
5,"00-0038896","11237","Jacob Saylors","RB","DET",2026,3,"DET",3,"last_game_row",0.0104593856222341,0.0105820105820106,0.00325619875192869,"MEDIUM","NONE",3,2,"LOW",0,0,0,"MEDIUM","NONE",3,0,"INSUFFICIENT_SAMPLE",0,0,0,"MEDIUM","NONE",3,0,"INSUFFICIENT_SAMPLE",,,,"INSUFFICIENT_SAMPLE","NO_PRIOR_EVIDENCE_THIS_METRIC",0,0,"INSUFFICIENT_SAMPLE",,,,,,,,,0.000115732815452953,0,0.000328171673740563,"MEDIUM","NONE",3,0,"INSUFFICIENT_SAMPLE",0.000124635339718565,0,0.000353415648643683,"MEDIUM","NONE",3,0,"INSUFFICIENT_SAMPLE",0,0,0,"MEDIUM","NONE",3,0,"INSUFFICIENT_SAMPLE",0,0,0,"MEDIUM","NONE",3,0,"INSUFFICIENT_SAMPLE"
5,"00-0038933","10236","Dalton Kincaid","TE","BUF",2026,3,"BUF",3,"last_game_row",0.588982693943439,0.705687973997833,0.389569060129748,"MEDIUM","NONE",3,135,"LOW",0.129667025548199,0.147849147849148,0.112724015207044,"MEDIUM","NONE",3,17,"LOW",0.208854412329691,0.249553276001514,0.163374913000011,"MEDIUM","NONE",3,17,"LOW",0.410025392046002,,0.409233213826507,"MEDIUM","NONE",0,0,"INSUFFICIENT_SAMPLE",0.635290686507517,0.752380952380952,0.474924588619667,"MEDIUM","NONE",3,17,"LOW",,,,,,,,,,,,,,,,,0.0591759338295678,0.037037037037037,0.10257559262661,"MEDIUM","NONE",3,1,"LOW",,,,,,,,
5,"00-0038935","9480","Brenton Strange","TE","JAX",2026,3,"JAX",3,"last_game_row",0.785189578374115,0.775258044930176,0.793134106017713,"MEDIUM","NONE",3,136,"LOW",0.123422605024324,0.110601851851852,0.137977954877914,"MEDIUM","NONE",3,10,"LOW",0.129576960903101,0.124855012091617,0.128505107991777,"MEDIUM","NONE",3,10,"LOW",0.693476960568094,,0.695013563535878,"MEDIUM","NONE",0,0,"INSUFFICIENT_SAMPLE",0.765756450207107,0.7,0.838431717738283,"MEDIUM","NONE",3,10,"LOW",,,,,,,,,,,,,,,,,0.203127126631534,0.277777777777778,0.173865244462054,"MEDIUM","NONE",3,2,"LOW",,,,,,,,
5,"00-0038951","9506","Sean Tucker","RB","TB",2026,3,"TB",2,"last_game_row",0.0626476464547588,0.0072463768115942,0.116933882529411,"MEDIUM","NONE",2,1,"LOW",0.00409936421866738,0,0.0081977916852897,"MEDIUM","NONE",2,0,"INSUFFICIENT_SAMPLE",0.00158232640700634,0,0.00316933858153505,"MEDIUM","NONE",2,0,"INSUFFICIENT_SAMPLE",0.074436601554937,,0.0745681053220594,"MEDIUM","NONE",0,0,"INSUFFICIENT_SAMPLE",,,,,,,,,0.0840291605129729,0,0.168307884558017,"MEDIUM","NONE",2,0,"INSUFFICIENT_SAMPLE",0.0895785461496826,0,0.17941474054704,"MEDIUM","NONE",2,0,"INSUFFICIENT_SAMPLE",0.0198331564203381,0,0.0397761776832921,"MEDIUM","NONE",2,0,"INSUFFICIENT_SAMPLE",0.135830015343714,0,0.272584518996649,"MEDIUM","NONE",2,0,"INSUFFICIENT_SAMPLE"
5,"00-0038976","9494","Marvin Mims","WR","DEN",2026,1,"DEN",1,"last_game_row",0.413197618051738,0.18,0.509959914921811,"MEDIUM","NONE",1,9,"LOW",0.0851247909578212,0,0.120348785893678,"MEDIUM","NONE",1,0,"INSUFFICIENT_SAMPLE",0.0780129531114817,0,0.110313445340495,"MEDIUM","NONE",1,0,"INSUFFICIENT_SAMPLE",0.497341532756666,,0.497500450429843,"MEDIUM","NONE",0,0,"INSUFFICIENT_SAMPLE",0.186421177948007,0,0.263695018107591,"MEDIUM","NONE",1,0,"INSUFFICIENT_SAMPLE",,,,,,,,,,,,,,,,,0.0239294698049906,0,0.0337406077992978,"MEDIUM","NONE",1,0,"INSUFFICIENT_SAMPLE",,,,,,,,
5,"00-0038994","9756","Jordan Addison","WR","MIN",2026,3,"MIN",3,"last_game_row",0.889473656314676,0.912877991336165,0.821797622995278,"MEDIUM","NONE",3,158,"LOW",0.157394065377487,0.167355590885003,0.101640204071565,"MEDIUM","NONE",3,16,"LOW",0.358580585431461,0.342166930144637,0.293552486810438,"MEDIUM","NONE",3,16,"LOW",0.709529020620457,,0.70887402236235,"MEDIUM","NONE",0,0,"INSUFFICIENT_SAMPLE",0.363641805478492,0.39017094017094,0.222694210917716,"MEDIUM","NONE",3,16,"LOW",,,,,,,,,,,,,,,,,0.0772265636000686,0.0714285714285714,0.094555420790091,"MEDIUM","NONE",2,1,"LOW",,,,,,,,
5,"00-0038996","9484","Tucker Kraft","TE","GB",2026,3,"GB",3,"last_game_row",0.805129259032077,0.800797103638579,0.792768563465029,"MEDIUM","NONE",3,153,"LOW",0.131122317066247,0.117413097962297,0.153185335702989,"MEDIUM","NONE",3,17,"LOW",0.0927584240652742,0.104324372092673,0.0863459391651616,"MEDIUM","NONE",3,17,"LOW",0.703979038640485,,0.697751556315647,"MEDIUM","NONE",0,0,"INSUFFICIENT_SAMPLE",0.764473698953007,0.797979797979798,0.684884729878224,"MEDIUM","NONE",3,17,"LOW",,,,,,,,,,,,,,,,,0.124682273042901,0.0416666666666667,0.259360269237571,"MEDIUM","NONE",3,1,"LOW",,,,,,,,
5,"00-0038997","9500","Josh Downs","WR","IND",2026,3,"IND",3,"last_game_row",0.727539579867181,0.79857148589543,0.642787424932966,"MEDIUM","NONE",3,150,"LOW",0.200071708067086,0.213240418118467,0.145386677727023,"MEDIUM","NONE",3,24,"LOW",0.364227232804339,0.413940468563557,0.185166734671132,"MEDIUM","NONE",3,24,"LOW",0.669508589742022,,0.669405731651111,"MEDIUM","NONE",0,0,"INSUFFICIENT_SAMPLE",0.408110792317017,0.415343915343915,0.335309599717107,"MEDIUM","NONE",3,24,"LOW",,,,,,,,,,,,,,,,,0.240618084808295,0.228571428571429,0.209755974687355,"MEDIUM","NONE",3,4,"LOW",,,,,,,,
5,"00-0039021","10235","Roschon Johnson","RB","CHI",2026,3,"CHI",3,"last_game_row",0.0136287732635245,0.0045662100456621,0.00784325413200252,"MEDIUM","NONE",3,1,"LOW",0.00154113988383221,0,0,"MEDIUM","NONE",3,0,"INSUFFICIENT_SAMPLE",-0.000610583579289919,0,0,"MEDIUM","NONE",3,0,"INSUFFICIENT_SAMPLE",0.186739691947157,,0.0263157894736842,"LOW","NONE",0,0,"INSUFFICIENT_SAMPLE",,,,,,,,,0.00649053690545158,0,0.0087712720053391,"MEDIUM","NONE",3,0,"INSUFFICIENT_SAMPLE",0.00789930175640549,0,0.0105477431617804,"MEDIUM","NONE",3,0,"INSUFFICIENT_SAMPLE",0.000344806956752375,0,0,"MEDIUM","NONE",3,0,"INSUFFICIENT_SAMPLE",0.00581963140398112,0,0,"MEDIUM","NONE",3,0,"INSUFFICIENT_SAMPLE"
5,"00-0039032","9508","Tyjae Spears","RB","TEN",2026,3,"TEN",3,"last_game_row",0.451448559421786,0.441719077568134,0.47254349923557,"MEDIUM","NONE",3,72,"LOW",0.0748532981192206,0.06,0.123785467732625,"MEDIUM","NONE",3,6,"LOW",-0.0495216273207906,-0.018671679197995,-0.119331583678097,"MEDIUM","NONE",3,6,"LOW",0.49509960125917,,0.495452588236563,"MEDIUM","NONE",0,0,"INSUFFICIENT_SAMPLE",,,,,,,,,0.214363195968001,0.230952380952381,0.215181351403543,"MEDIUM","NONE",3,13,"LOW",0.229846445065232,0.243333333333333,0.234886402808267,"MEDIUM","NONE",3,13,"LOW",0.0280822235175103,0,0.0784518875270498,"MEDIUM","NONE",3,0,"INSUFFICIENT_SAMPLE",0.157331608589774,0.0555555555555556,0.264857635342908,"MEDIUM","NONE",2,1,"LOW"
5,"00-0039040","9226","De'Von Achane","RB","MIA",2026,3,"MIA",3,"last_game_row",0.555342639874223,0.559173931091739,0.724724585602847,"MEDIUM","NONE",3,97,"LOW",0.108147984399889,0.113274994280485,0.123238713634538,"MEDIUM","NONE",3,12,"LOW",0.0443758671106314,0.0601340369197207,0.015940167712957,"MEDIUM","NONE",3,12,"LOW",0.628342534973347,,0.628386297983042,"MEDIUM","NONE",0,0,"INSUFFICIENT_SAMPLE",,,,,,,,,0.501357339555637,0.512791040377247,0.615034600561025,"MEDIUM","NONE",3,34,"LOW",0.582790389983832,0.622222222222222,0.676118272433707,"MEDIUM","NONE",3,34,"LOW",0.039520916471598,0,0.112179957741526,"MEDIUM","NONE",3,0,"INSUFFICIENT_SAMPLE",0.368145930599059,0.5,0.332240657096278,"MEDIUM","NONE",3,7,"LOW"
5,"00-0039041","10231","Elijah Higgins","TE","ARI",2026,3,"ARI",3,"last_game_row",0.418950878043442,0.316514161220044,0.577111909991188,"MEDIUM","NONE",3,68,"LOW",0.0413861315765835,0.0178571428571429,0.0728086763535615,"MEDIUM","NONE",3,3,"LOW",0.0277702772203156,0.0083594566353187,0.0578633781336122,"MEDIUM","NONE",3,3,"LOW",0.545505439114151,,0.546359860310995,"MEDIUM","NONE",0,0,"INSUFFICIENT_SAMPLE",0.12756157393497,0.0666666666666667,0.195370746630424,"MEDIUM","NONE",3,3,"LOW",,,,,,,,,,,,,,,,,0.0115660451732011,0,0.0327911725174754,"MEDIUM","NONE",3,0,"INSUFFICIENT_SAMPLE",,,,,,,,
5,"00-0039050","10227","Payne Durham","TE","TB",2026,3,"TB",3,"last_game_row",0.294702540437003,0.24575436640654,0.288715309819875,"MEDIUM","NONE",3,49,"LOW",0.0101365195018558,0.00666666666666667,0.0120329383937782,"MEDIUM","NONE",3,1,"LOW",0.0124623966144805,0.00338409475465313,0.0267849351946933,"MEDIUM","NONE",3,1,"LOW",0.16992555371348,,0.169412894346901,"MEDIUM","NONE",0,0,"INSUFFICIENT_SAMPLE",0.0593410789926557,0.0476190476190476,0.0486038652918144,"MEDIUM","NONE",3,1,"LOW",,,,,,,,,,,,,,,,,0.0259508345560559,0,0.0734261176161858,"MEDIUM","NONE",3,0,"INSUFFICIENT_SAMPLE",,,,,,,,
5,"00-0039062","10225","Jonathan Mingo","WR","DAL",2026,3,"DAL",3,"last_game_row",0.216555391149263,0.188443616029823,0.261469142548642,"MEDIUM","NONE",3,35,"LOW",0.0137002369237686,0.00813008130081301,0.0259137200050256,"MEDIUM","NONE",3,1,"LOW",0.0275335776091055,0.011866235167206,0.0576710060460536,"MEDIUM","NONE",3,1,"LOW",0.241019902403156,,0.23107859838839,"MEDIUM","NONE",0,0,"INSUFFICIENT_SAMPLE",0.0256597677752572,0.0166666666666667,0.0481212251029016,"MEDIUM","NONE",3,1,"LOW",,,,,,,,,,,,,,,,,0.00114990450889632,0,0,"MEDIUM","NONE",3,0,"INSUFFICIENT_SAMPLE",,,,,,,,
5,"00-0039064","9997","Zay Flowers","WR","BAL",2026,3,"BAL",2,"last_game_row",0.603542265932739,0.3203125,0.886160945721921,"MEDIUM","NONE",2,41,"LOW",0.221696386443103,0.200892857142857,0.240344969100958,"MEDIUM","NONE",2,12,"LOW",0.373800535510527,0.320452220175977,0.430453951767501,"MEDIUM","NONE",2,12,"LOW",0.798916692144121,,0.79951947400743,"MEDIUM","NONE",0,0,"INSUFFICIENT_SAMPLE",0.563545776024025,0.487012987012987,0.6305711212634,"MEDIUM","NONE",2,12,"LOW",,,,,,,,,,,,,,,,,0.269857989174406,0.142857142857143,0.374058929311442,"MEDIUM","NONE",2,2,"LOW",,,,,,,,
5,"00-0039065","10859","Sam LaPorta","TE","DET",2026,3,"DET",3,"last_game_row",0.921673804656587,0.914063714063714,0.90470207395273,"MEDIUM","NONE",3,186,"LOW",0.145888802266385,0.1518013241237,0.151885862654415,"MEDIUM","NONE",3,19,"LOW",0.137438110328271,0.101379407380371,0.165717058414542,"MEDIUM","NONE",3,19,"LOW",0.826650290318407,,0.824120825634729,"MEDIUM","NONE",0,0,"INSUFFICIENT_SAMPLE",0.781600067868983,0.82010582010582,0.774617694772969,"MEDIUM","NONE",3,19,"LOW",,,,,,,,,,,,,,,,,0.143339883685508,0.187037037037037,0.0870957266836865,"MEDIUM","NONE",3,5,"LOW",,,,,,,,
5,"00-0039066","9482","Michael Mayer","TE","LV",2026,3,"LV",3,"last_game_row",0.827064611150322,0.875515334338864,0.728196837942328,"MEDIUM","NONE",3,169,"LOW",0.125737264494964,0.136576521024195,0.136926361906864,"MEDIUM","NONE",3,14,"LOW",0.0956271697457826,0.0771513631828213,0.146457922305157,"MEDIUM","NONE",3,14,"LOW",0.613222676932241,,0.613344870462397,"MEDIUM","NONE",0,0,"INSUFFICIENT_SAMPLE",0.590655440029844,0.6625,0.636571546344999,"MEDIUM","NONE",3,14,"LOW",,,,,,,,,,,,,,,,,0.130318161530707,0.0654761904761905,0.261945302763468,"MEDIUM","NONE",3,2,"LOW",,,,,,,,
5,"00-0039067","10229","Rashee Rice","WR","KC",2026,3,"KC",3,"last_game_row",0.79309685301137,0.806789044289044,0.800137330234861,"MEDIUM","NONE",3,160,"LOW",0.205489308926599,0.165212238741651,0.226879511819713,"MEDIUM","NONE",3,17,"LOW",0.224330581594708,0.227569005487499,0.12549059602126,"MEDIUM","NONE",3,17,"LOW",0.654497966389544,,0.661476275388121,"MEDIUM","NONE",0,0,"INSUFFICIENT_SAMPLE",0.458914580127582,0.386215538847118,0.50557295876818,"MEDIUM","NONE",3,17,"LOW",,,,,,,,,,,,,,,,,0.177101206761013,0.144588744588745,0.23124382181174,"MEDIUM","NONE",3,4,"LOW",,,,,,,,
5,"00-0039074","10214","Davis Allen","TE","LAR",2026,3,"LAR",3,"last_game_row",0.447128734138695,0.423590585659551,0.491009619742598,"MEDIUM","NONE",3,84,"LOW",0.0305833201592227,0.036595462824971,0.0154540823068108,"MEDIUM","NONE",3,5,"LOW",0.0164065566889708,0.0150578550061474,0.00881116277290936,"MEDIUM","NONE",3,5,"LOW",0.339307076519187,,0.339486735584636,"MEDIUM","NONE",0,0,"INSUFFICIENT_SAMPLE",0.113877456921776,0.142156862745098,0.0580286110717226,"MEDIUM","NONE",3,5,"LOW",,,,,,,,,,,,,,,,,0.00408901453401039,0,0.0115395250022592,"MEDIUM","NONE",3,0,"INSUFFICIENT_SAMPLE",,,,,,,,
5,"00-0039075","9493","Puka Nacua","WR","LAR",2026,1,"LAR",1,"last_game_row",0.766560829291241,0.716666666666667,0.7871249548361,"MEDIUM","NONE",1,43,"MEDIUM",0.291854778471906,0.272727272727273,0.299748448470362,"MEDIUM","NONE",1,9,"LOW",0.380185901537623,0.450980392156863,0.350929676980983,"MEDIUM","NONE",1,9,"LOW",0.779974230565561,,0.779897237636101,"MEDIUM","NONE",0,0,"INSUFFICIENT_SAMPLE",0.549001833440809,0.529411764705882,0.557094518592956,"MEDIUM","NONE",1,9,"LOW",,,,,,,,,,,,,,,,,0.314104734347003,0.5,0.237094832313253,"MEDIUM","NONE",1,1,"LOW",,,,,,,,
5,"00-0039107","10857","Stetson Bennett","QB","LAR",2026,1,"LAR",1,"last_game_row",0.166666666666667,0.166666666666667,,"INSUFFICIENT_SAMPLE","ROOKIE_OR_NO_PRIOR_SEASON",1,10,"MEDIUM",,,,,,,,,,,,,,,,,,,,,,,,,,,,,,,,,0,0,,"INSUFFICIENT_SAMPLE","ROOKIE_OR_NO_PRIOR_SEASON",1,0,"INSUFFICIENT_SAMPLE",,,,,,,,,,,,,,,,,0,0,,"INSUFFICIENT_SAMPLE","ROOKIE_OR_NO_PRIOR_SEASON",1,0,"INSUFFICIENT_SAMPLE"
5,"00-0039139","9221","Jahmyr Gibbs","RB","DET",2026,3,"DET",3,"last_game_row",0.749657313668007,0.761771561771562,0.735518249012993,"MEDIUM","NONE",3,156,"LOW",0.166281408754894,0.170693493068891,0.138746955824221,"MEDIUM","NONE",3,21,"LOW",0.0363840588127026,0.0340973082728618,0.03463349514991,"MEDIUM","NONE",3,21,"LOW",0.675016487431441,,0.675179993527417,"MEDIUM","NONE",0,0,"INSUFFICIENT_SAMPLE",,,,,,,,,0.737542291782651,0.80563052931474,0.621892141058868,"MEDIUM","NONE",3,65,"LOW",0.790782927908863,0.881963703595582,0.660626350387593,"MEDIUM","NONE",3,65,"LOW",0.180444791730805,0.177777777777778,0.117033359970159,"MEDIUM","NONE",3,5,"LOW",0.77217250856277,0.909090909090909,0.467935953223355,"MEDIUM","NONE",3,18,"LOW"
5,"00-0039146","10222","Jayden Reed","WR","GB",2026,2,"GB",2,"last_game_row",0.379409759446057,0.303713858424726,0.493430039502434,"MEDIUM","NONE",2,41,"LOW",0.0885197621887182,0.0892448512585812,0.0976783917381095,"MEDIUM","NONE",2,8,"LOW",0.0700085797575249,0.0417308299770986,0.106243511366772,"MEDIUM","NONE",2,8,"LOW",0.477793691434251,,0.470307761770844,"MEDIUM","NONE",0,0,"INSUFFICIENT_SAMPLE",0.154998520596384,0.143416927899687,0.181439353906195,"MEDIUM","NONE",2,8,"LOW",,,,,,,,,,,,,,,,,0.114855581387034,0.0714285714285714,0.169954535890588,"MEDIUM","NONE",2,1,"LOW",,,,,,,,
5,"00-0039150","9228","Bryce Young","QB","CAR",2026,3,"CAR",3,"last_game_row",0.987624440414768,0.954687624037469,1.02385474378092,"MEDIUM","NONE",3,200,"LOW",,,,,,,,,,,,,,,,,,,,,,,,,,,,,,,,,0.012261802389912,0,0.0347753870262099,"MEDIUM","NONE",3,0,"INSUFFICIENT_SAMPLE",,,,,,,,,,,,,,,,,0.00215778447889327,0,0.00611884313468215,"MEDIUM","NONE",3,0,"INSUFFICIENT_SAMPLE"
5,"00-0039163","9758","C.J. Stroud","QB","HOU",2026,3,"HOU",3,"last_game_row",0.983411946978281,1.0042194092827,0.945915497046074,"MEDIUM","NONE",3,213,"LOW",,,,,,,,,,,,,,,,,,,,,,,,,,,,,,,,,0.0269604681045018,0.0266257040450589,0.0234940406743233,"MEDIUM","NONE",3,2,"LOW",,,,,,,,,,,,,,,,,0.0198243967725901,0,0.0563730125027044,"MEDIUM","NONE",3,0,"INSUFFICIENT_SAMPLE"
5,"00-0039299","12048","George Holani","RB","SEA",2026,3,"SEA",3,"last_game_row",0.294913226501339,0.361579855822926,0.193779366002011,"MEDIUM","NONE",3,65,"LOW",0.0517507216932896,0.0567323481116585,0.0287168555329421,"MEDIUM","NONE",3,7,"LOW",-0.00502271470895942,-0.00438095501136668,0.00865685021541598,"MEDIUM","NONE",3,7,"LOW",0.359998342025433,,0.388846587513997,"MEDIUM","NONE",0,0,"INSUFFICIENT_SAMPLE",,,,,,,,,0.152383847587507,0.218327981599144,0.0700204415564414,"MEDIUM","NONE",3,15,"LOW",0.160669281760949,0.227244582043344,0.0811370980271622,"MEDIUM","NONE",3,15,"LOW",0.0345416490463328,0.0555555555555556,0,"MEDIUM","NONE",3,1,"LOW",0.314074950113626,0.506944444444444,0.0882547828813219,"MEDIUM","NONE",3,6,"LOW"
5,"00-0039337","11632","Malik Nabers","WR","NYG",2026,3,"NYG",3,"last_game_row",0.728715010666804,0.693494883150056,0.705981574494737,"MEDIUM","NONE",3,129,"LOW",0.198208637536271,0.203078403078403,0.168151873476824,"MEDIUM","NONE",3,19,"LOW",0.263195895887386,0.227659773586854,0.391698175131947,"MEDIUM","NONE",3,19,"LOW",0.657178696666055,,0.609111489263009,"MEDIUM","NONE",0,0,"INSUFFICIENT_SAMPLE",0.445376154693726,0.469230769230769,0.403026408907219,"MEDIUM","NONE",3,19,"LOW",,,,,,,,,,,,,,,,,0.428315305339042,0.547619047619048,0.0624123891323724,"MEDIUM","NONE",3,3,"LOW",,,,,,,,
5,"00-0039338","11604","Brock Bowers","TE","LV",2026,3,"LV",1,"last_game_row",0.907265127472287,0.808823529411765,0.948152604471967,"MEDIUM","NONE",1,55,"MEDIUM",0.221998574102716,0.302325581395349,0.188338076276556,"MEDIUM","NONE",1,13,"MEDIUM",0.259623176250061,0.388278388278388,0.206010950973051,"MEDIUM","NONE",1,13,"MEDIUM",0.82260700100208,,0.822219665815324,"MEDIUM","NONE",0,0,"INSUFFICIENT_SAMPLE",0.765282145262796,0.8125,0.745638168272012,"MEDIUM","NONE",1,13,"MEDIUM",,,,,,,,,,,,,,,,,0.328168273637507,0.214285714285714,0.379704936072519,"MEDIUM","NONE",1,3,"LOW",,,,,,,,
5,"00-0039342","11626","Xavier Legette","WR","CAR",2026,2,"CAR",2,"last_game_row",0.516078762956533,0.518552036199095,0.514992993550247,"MEDIUM","NONE",2,69,"LOW",0.0821887778284876,0.0717391304347826,0.0875327434750914,"MEDIUM","NONE",2,6,"LOW",0.158571840174208,0.151116616590234,0.149119418624708,"MEDIUM","NONE",2,6,"LOW",0.515428055326846,,0.515362820760145,"MEDIUM","NONE",0,0,"INSUFFICIENT_SAMPLE",0.160636876241846,0.13695652173913,0.177519232079172,"MEDIUM","NONE",2,6,"LOW",,,,,,,,,,,,,,,,,0.0609745080704739,0.0277777777777778,0.0893538616520079,"MEDIUM","NONE",2,1,"LOW",,,,,,,,
5,"00-0039344","11583","Jonathon Brooks","RB","CAR",2026,2,"CAR",2,"last_game_row",0.199321780223032,0.249434389140271,,"INSUFFICIENT_SAMPLE","ROOKIE_OR_NO_PRIOR_SEASON",2,33,"LOW",0.0270901067497667,0.0342391304347826,,"INSUFFICIENT_SAMPLE","ROOKIE_OR_NO_PRIOR_SEASON",2,3,"LOW",0.011475347002493,0.0313373043065732,,"INSUFFICIENT_SAMPLE","ROOKIE_OR_NO_PRIOR_SEASON",2,3,"LOW",0.0756307737127543,,,"INSUFFICIENT_SAMPLE","ROOKIE_OR_NO_PRIOR_SEASON",0,0,"INSUFFICIENT_SAMPLE",,,,,,,,,0.174781111010488,0.190909090909091,,"INSUFFICIENT_SAMPLE","ROOKIE_OR_NO_PRIOR_SEASON",2,9,"LOW",0.199792927420081,0.230263157894737,,"INSUFFICIENT_SAMPLE","ROOKIE_OR_NO_PRIOR_SEASON",2,9,"LOW",0.0449240484288976,0.0277777777777778,,"INSUFFICIENT_SAMPLE","ROOKIE_OR_NO_PRIOR_SEASON",2,1,"LOW",0.272236768652264,0.25,,"INSUFFICIENT_SAMPLE","ROOKIE_OR_NO_PRIOR_SEASON",2,3,"LOW"
5,"00-0039355","11650","Luke McCaffrey","WR","WAS",2026,3,"WAS",1,"last_game_row",0.215022341982097,0,0.308887858123217,"MEDIUM","NONE",1,0,"INSUFFICIENT_SAMPLE",0.0293034392491337,0,0.0427926138948743,"MEDIUM","NONE",1,0,"INSUFFICIENT_SAMPLE",0.0551952395669457,0,0.0808064695979313,"MEDIUM","NONE",1,0,"INSUFFICIENT_SAMPLE",0.40388070224506,,0.430649260350248,"MEDIUM","NONE",0,0,"INSUFFICIENT_SAMPLE",0.0678390381099852,0,0.0990804389405814,"MEDIUM","NONE",1,0,"INSUFFICIENT_SAMPLE",,,,,,,,,,,,,,,,,0.0221795921146528,0,0.0327338140094232,"MEDIUM","NONE",1,0,"INSUFFICIENT_SAMPLE",,,,,,,,
5,"00-0039359","11599","Cade Stover","TE","HOU",2026,3,"HOU",3,"last_game_row",0.391172643314271,0.283169245194562,0.554422132512092,"MEDIUM","NONE",3,56,"LOW",0.0210730089292705,0.00694444444444444,0.0508683275185902,"MEDIUM","NONE",3,1,"LOW",0.00452549886762116,-0.0020703933747412,0.0149001000994171,"MEDIUM","NONE",3,1,"LOW",0.335494423395091,,0.336244354960743,"MEDIUM","NONE",0,0,"INSUFFICIENT_SAMPLE",0.104368201842024,0.0277777777777778,0.259209356697028,"MEDIUM","NONE",3,1,"LOW",,,,,,,,,,,,,,,,,0.0233537932431627,0,0.0674176994267524,"MEDIUM","NONE",3,0,"INSUFFICIENT_SAMPLE",,,,,,,,
5,"00-0039361","11584","Bucky Irving","RB","TB",2026,3,"TB",3,"last_game_row",0.615923496307925,0.643784838350056,0.59110614250191,"MEDIUM","NONE",3,122,"LOW",0.0942068487808433,0.117503478433711,0.0708044283679351,"MEDIUM","NONE",3,15,"LOW",-0.0285898909551759,-0.0638495706559418,-0.00588048003254645,"MEDIUM","NONE",3,15,"LOW",0.446217781981709,,0.448428560027116,"MEDIUM","NONE",0,0,"INSUFFICIENT_SAMPLE",,,,,,,,,0.694966799594667,0.677596397410639,0.664491256493638,"MEDIUM","NONE",3,40,"LOW",0.765527069189263,0.781151596941071,0.694275272474443,"MEDIUM","NONE",3,40,"LOW",0.170347656032223,0.193939393939394,0.0404663043912723,"MEDIUM","NONE",3,4,"LOW",0.384667622651865,0.333333333333333,0.616961938984499,"MEDIUM","NONE",3,3,"LOW"
5,"00-0039364","11729","Sione Vaki","RB","DET",2026,3,"DET",3,"last_game_row",0.170074819369307,0.257468457468457,0.00027129669529016,"MEDIUM","NONE",3,53,"LOW",0.0160398178255732,0.0243854671214162,0,"MEDIUM","NONE",3,3,"LOW",0.00962710491454079,0.0128453101835109,0,"MEDIUM","NONE",3,3,"LOW",0.0701166032207243,,,"INSUFFICIENT_SAMPLE","NO_PRIOR_EVIDENCE_THIS_METRIC",0,0,"INSUFFICIENT_SAMPLE",,,,,,,,,0.0868444727927644,0.112985455090718,0.00056725672651579,"MEDIUM","NONE",3,9,"LOW",0.0894486681011123,0.118036296404418,0.000584983499219408,"MEDIUM","NONE",3,9,"LOW",0,0,0,"MEDIUM","NONE",3,0,"INSUFFICIENT_SAMPLE",0.0133136154248736,0.0303030303030303,0,"MEDIUM","NONE",3,1,"LOW"
5,"00-0039365","11616","Jacob Cowing","WR","SF",2026,3,"SF",3,"last_game_row",0.296609255612247,0.292559264634736,,"INSUFFICIENT_SAMPLE","ROOKIE_OR_NO_PRIOR_SEASON",3,46,"LOW",0.024510406791683,0.021505376344086,,"INSUFFICIENT_SAMPLE","ROOKIE_OR_NO_PRIOR_SEASON",3,2,"LOW",0.0563828807912961,0.0532879818594104,,"INSUFFICIENT_SAMPLE","ROOKIE_OR_NO_PRIOR_SEASON",3,2,"LOW",0.276385565953292,,,"INSUFFICIENT_SAMPLE","ROOKIE_OR_NO_PRIOR_SEASON",0,0,"INSUFFICIENT_SAMPLE",0.0695705611031505,0.0666666666666667,,"INSUFFICIENT_SAMPLE","ROOKIE_OR_NO_PRIOR_SEASON",3,2,"LOW",,,,,,,,,,,,,,,,,0.0226223317617069,0,,"INSUFFICIENT_SAMPLE","ROOKIE_OR_NO_PRIOR_SEASON",3,0,"INSUFFICIENT_SAMPLE",,,,,,,,
5,"00-0039384","11655","Tyrone Tracy","RB","NYG",2026,3,"NYG",3,"last_game_row",0.244043312925385,0.021139141828797,0.654427970329154,"MEDIUM","NONE",3,4,"LOW",0.0382262170585027,0,0.108220591292877,"MEDIUM","NONE",3,0,"INSUFFICIENT_SAMPLE",0.0137247372073243,0,0.0389916786178664,"MEDIUM","NONE",3,0,"INSUFFICIENT_SAMPLE",0.563834064571847,,0.563875676088691,"MEDIUM","NONE",0,0,"INSUFFICIENT_SAMPLE",,,,,,,,,0.210485418291356,0.0294612794612795,0.546874424903689,"MEDIUM","NONE",3,3,"LOW",0.239908479270769,0.0367521367521368,0.618732713555155,"MEDIUM","NONE",3,3,"LOW",0.0425128777574722,0,0.1206686652844,"MEDIUM","NONE",3,0,"INSUFFICIENT_SAMPLE",0.154765301385667,0,0.436213563533422,"MEDIUM","NONE",3,0,"INSUFFICIENT_SAMPLE"
5,"00-0039391","11647","Kimani Vidal","RB","LAC",2026,3,"LAC",3,"last_game_row",0.317511998029962,0.141193898753925,0.605562280797679,"MEDIUM","NONE",3,28,"LOW",0.0347122138144272,0.0238095238095238,0.0391507181685891,"MEDIUM","NONE",3,3,"LOW",0.0308935742555025,0.021689497716895,0.0336303408426909,"MEDIUM","NONE",3,3,"LOW",0.480261201650923,,0.482328784215729,"MEDIUM","NONE",0,0,"INSUFFICIENT_SAMPLE",,,,,,,,,0.171003226696886,0.0123456790123457,0.455307418564918,"MEDIUM","NONE",3,1,"LOW",0.2055193171483,0.0138888888888889,0.549685514920645,"MEDIUM","NONE",3,1,"LOW",0.00827660938470443,0,0.023592078944795,"MEDIUM","NONE",3,0,"INSUFFICIENT_SAMPLE",0.162451371764693,0.037037037037037,0.371047401619229,"MEDIUM","NONE",3,1,"LOW"
5,"00-0039407","11574","Dylan Laube","RB","LV",2026,3,"LV",3,"last_game_row",0.0699264629836634,0.115334338863751,0.00721746003962489,"MEDIUM","NONE",3,22,"LOW",0.00018476276324891,0,0.000524019476084148,"MEDIUM","NONE",3,0,"INSUFFICIENT_SAMPLE",-0.000196258982309272,0,-0.000556624761819368,"MEDIUM","NONE",3,0,"INSUFFICIENT_SAMPLE",0.0896820782902304,,0.0999407261700201,"LOW","NONE",0,0,"INSUFFICIENT_SAMPLE",,,,,,,,,0.00672371952263075,0,0.0190658692954231,"MEDIUM","NONE",3,0,"INSUFFICIENT_SAMPLE",0.00756058367601452,0,0.0214393622411796,"MEDIUM","NONE",3,0,"INSUFFICIENT_SAMPLE",0,0,0,"MEDIUM","NONE",3,0,"INSUFFICIENT_SAMPLE",0,0,0,"MEDIUM","NONE",3,0,"INSUFFICIENT_SAMPLE"
5,"00-0039410","11783","Ryan Flournoy","WR","DAL",2026,3,"DAL",3,"last_game_row",0.673207441684556,0.710898359174221,0.617020711197171,"MEDIUM","NONE",3,132,"LOW",0.14613030488639,0.142129934812862,0.140202741605744,"MEDIUM","NONE",3,18,"LOW",0.166112652509514,0.142357827793434,0.15521413087604,"MEDIUM","NONE",3,18,"LOW",0.55086471655467,,0.552902893217379,"MEDIUM","NONE",0,0,"INSUFFICIENT_SAMPLE",0.253065888619108,0.242512077294686,0.259885021669462,"MEDIUM","NONE",3,18,"LOW",,,,,,,,,,,,,,,,,0.128768401467744,0.121212121212121,0.0632015786383269,"MEDIUM","NONE",3,4,"LOW",,,,,,,,
5,"00-0039424","11834","Devaughn Vele","WR","NO",2026,3,"NO",3,"last_game_row",0.845727988771748,0.923291982238821,0.716462349226773,"MEDIUM","NONE",3,212,"LOW",0.13892679233051,0.143563292499463,0.133643198419328,"MEDIUM","NONE",3,22,"LOW",0.258873939724578,0.252299953340408,0.238983430256231,"MEDIUM","NONE",3,22,"LOW",0.558896818283235,,0.559413841557874,"MEDIUM","NONE",0,0,"INSUFFICIENT_SAMPLE",0.31366875950954,0.324827219564062,0.309147971218422,"MEDIUM","NONE",3,22,"LOW",,,,,,,,,,,,,,,,,0.126979789771165,0.133333333333333,0.118143481649781,"MEDIUM","NONE",3,3,"LOW",,,,,,,,
5,"00-0039451","11608","Isaiah Williams","WR","NYJ",2026,3,"NYJ",3,"last_game_row",0.729902265424534,0.784851944098519,0.578207841677709,"MEDIUM","NONE",3,160,"LOW",0.0968279830266406,0.0663265306122449,0.154336537217286,"MEDIUM","NONE",3,9,"LOW",0.0881641070072035,0.0455094422485727,0.156240114574331,"MEDIUM","NONE",3,9,"LOW",0.55765895828316,,0.571033112275041,"MEDIUM","NONE",0,0,"INSUFFICIENT_SAMPLE",0.186095336819204,0.142678062678063,0.263200379810784,"MEDIUM","NONE",3,9,"LOW",,,,,,,,,,,,,,,,,0.0474677650935024,0.0555555555555556,0.0368150285731947,"MEDIUM","NONE",3,1,"LOW",,,,,,,,
5,"00-0039471","11573","Frank Gore Jr.","RB","BUF",2026,2,"BUF",2,"last_game_row",0.112799179809483,0.161594567404427,0.0271615450736456,"LOW","NONE",2,20,"LOW",0.0035402868578897,0,0.0106208605736691,"LOW","NONE",2,0,"INSUFFICIENT_SAMPLE",0.0014953558208415,0,0.0044860674625245,"LOW","NONE",2,0,"INSUFFICIENT_SAMPLE",0.0512820512820513,,0.0512820512820513,"LOW","NONE",0,0,"INSUFFICIENT_SAMPLE",,,,,,,,,0.0145338092060735,0.0263157894736842,0,"LOW","NONE",2,1,"LOW",0.0184094916610264,0.0333333333333333,0,"LOW","NONE",2,1,"LOW",0,0,0,"LOW","NONE",2,0,"INSUFFICIENT_SAMPLE",0,0,0,"LOW","NONE",2,0,"INSUFFICIENT_SAMPLE"
5,"00-0039489","12389","Hayden Rucci","TE","LAC",2026,3,"LAC",1,"last_game_row",0.252268169406991,0.405797101449275,0.16747648158223,"LOW","TEAM_CHANGE",1,28,"MEDIUM",0,0,0,"LOW","TEAM_CHANGE",1,0,"INSUFFICIENT_SAMPLE",0,0,0,"LOW","TEAM_CHANGE",1,0,"INSUFFICIENT_SAMPLE",0.0953494913513872,,0.0953494913513872,"LOW","TEAM_CHANGE",0,0,"INSUFFICIENT_SAMPLE",0,0,0,"LOW","TEAM_CHANGE",1,0,"INSUFFICIENT_SAMPLE",,,,,,,,,,,,,,,,,0,0,0,"LOW","TEAM_CHANGE",1,0,"INSUFFICIENT_SAMPLE",,,,,,,,
5,"00-0039491","11646","Jalen Coker","WR","CAR",2026,3,"CAR",3,"last_game_row",0.683151030302885,0.658629038659998,0.829192018596042,"MEDIUM","NONE",3,135,"LOW",0.159499714082065,0.165858416945373,0.175196894352233,"MEDIUM","NONE",3,22,"LOW",0.228550745031843,0.224575185889907,0.267243594755071,"MEDIUM","NONE",3,22,"LOW",0.776939202961166,,0.778486416284814,"MEDIUM","NONE",0,0,"INSUFFICIENT_SAMPLE",0.323835730820278,0.341040843214756,0.350953951366607,"MEDIUM","NONE",3,22,"LOW",,,,,,,,,,,,,,,,,0.123952933010248,0.107407407407407,0.180745872453806,"MEDIUM","NONE",3,5,"LOW",,,,,,,,
5,"00-0039518","12079","Treyton Welch","TE","NO",2026,2,"NO",2,"last_game_row",0.0898722585411246,0.0934932081167198,0.0892782466750518,"LOW","NONE",2,15,"LOW",0,0,0,"LOW","NONE",2,0,"INSUFFICIENT_SAMPLE",0,0,0,"LOW","NONE",2,0,"INSUFFICIENT_SAMPLE",0.0540726646765505,,0.0540726646765505,"LOW","NONE",0,0,"INSUFFICIENT_SAMPLE",0,0,0,"LOW","NONE",2,0,"INSUFFICIENT_SAMPLE",,,,,,,,,,,,,,,,,0,0,0,"LOW","NONE",2,0,"INSUFFICIENT_SAMPLE",,,,,,,,
5,"00-0039530","11593","Brevyn Spann-Ford","TE","DAL",2026,3,"DAL",3,"last_game_row",0.335168176833179,0.328111497077014,0.318223282176838,"MEDIUM","NONE",3,62,"LOW",0.0298045253307962,0.0232046070460705,0.0469426398109037,"MEDIUM","NONE",3,3,"LOW",0.0318552352562974,0.00892347230154198,0.0761586178470653,"MEDIUM","NONE",3,3,"LOW",0.201194519691015,,0.201370577929325,"MEDIUM","NONE",0,0,"INSUFFICIENT_SAMPLE",0.189632979996517,0.180952380952381,0.252905905554741,"MEDIUM","NONE",3,3,"LOW",,,,,,,,,,,,,,,,,0.00201008800944688,0,0.00569755560449054,"MEDIUM","NONE",3,0,"INSUFFICIENT_SAMPLE",,,,,,,,
5,"00-0039589","11994","Kameron Johnson","WR","TB",2026,3,"TB",3,"last_game_row",0.0280358561398757,0.0345928226363009,0.0300871822335291,"MEDIUM","NONE",3,6,"LOW",0.00121327530000102,0,0.00343277117849697,"MEDIUM","NONE",3,0,"INSUFFICIENT_SAMPLE",0.0025754235953336,0,0.00729928377130598,"MEDIUM","NONE",3,0,"INSUFFICIENT_SAMPLE",0.0983681730928646,,0.0985624343335358,"MEDIUM","NONE",0,0,"INSUFFICIENT_SAMPLE",0.00239778008418186,0,0.00678688093069273,"MEDIUM","NONE",3,0,"INSUFFICIENT_SAMPLE",,,,,,,,,,,,,,,,,2.04341371876994e-05,0,0,"MEDIUM","NONE",3,0,"INSUFFICIENT_SAMPLE",,,,,,,,
5,"00-0039603","12171","British Brooks","RB","HOU",2026,3,"HOU",3,"last_game_row",0.0215843164569436,0,0.0611438634008832,"MEDIUM","NONE",3,0,"INSUFFICIENT_SAMPLE",0,0,0,"MEDIUM","NONE",3,0,"INSUFFICIENT_SAMPLE",0,0,0,"MEDIUM","NONE",3,0,"INSUFFICIENT_SAMPLE",0.0592385243602854,,0.0623237993097932,"MEDIUM","NONE",0,0,"INSUFFICIENT_SAMPLE",,,,,,,,,0.021966593491131,0,0.0622553675552199,"MEDIUM","NONE",3,0,"INSUFFICIENT_SAMPLE",0.0234862016233142,0,0.0665646291852091,"MEDIUM","NONE",3,0,"INSUFFICIENT_SAMPLE",0,0,0,"MEDIUM","NONE",3,0,"INSUFFICIENT_SAMPLE",0.000719369142422314,0,0.00204195708105239,"MEDIUM","NONE",3,0,"INSUFFICIENT_SAMPLE"
5,"00-0039648","12357","David Martin-Robinson","TE","TEN",2026,3,"TEN",3,"last_game_row",0.12387462499823,0.0551362683438155,0.2455180811239,"MEDIUM","NONE",3,9,"LOW",0.0111088141549532,0,0.0314858647069061,"MEDIUM","NONE",3,0,"INSUFFICIENT_SAMPLE",0.0129970599197949,0,0.0368566937941932,"MEDIUM","NONE",3,0,"INSUFFICIENT_SAMPLE",0.128358529034642,,0.129822000678228,"MEDIUM","NONE",0,0,"INSUFFICIENT_SAMPLE",0.0515891966573353,0,0.146241443541591,"MEDIUM","NONE",3,0,"INSUFFICIENT_SAMPLE",,,,,,,,,,,,,,,,,0.000462451591557202,0,0.00131482244904267,"MEDIUM","NONE",3,0,"INSUFFICIENT_SAMPLE",,,,,,,,
5,"00-0039686","11942","Colson Yankoff","TE","WAS",2026,3,"WAS",3,"last_game_row",0.257528596544636,0.267319338919087,0.148579714331708,"MEDIUM","NONE",3,55,"LOW",0.0219601674224941,0.024790236460717,0.00581149739442609,"MEDIUM","NONE",3,3,"LOW",0.000683722086652566,-0.00031823763740378,0.00547069150241377,"MEDIUM","NONE",3,3,"LOW",0.133571405837553,,0.134117461234102,"MEDIUM","NONE",0,0,"INSUFFICIENT_SAMPLE",0.26426478598809,0.333333333333333,0.0367926555797835,"MEDIUM","NONE",3,3,"LOW",,,,,,,,,,,,,,,,,0,0,0,"MEDIUM","NONE",3,0,"INSUFFICIENT_SAMPLE",,,,,,,,
5,"00-0039732","11563","Bo Nix","QB","DEN",2026,3,"DEN",3,"last_game_row",1.02087549841412,1.02361581920904,1.02106369677237,"MEDIUM","NONE",3,180,"LOW",,,,,,,,,,,,,,,,,,,,,,,,,,,,,,,,,0.127442424935225,0.0991452991452992,0.160527380599114,"MEDIUM","NONE",3,7,"LOW",,,,,,,,,,,,,,,,,0.18817828034896,0.133333333333333,0.201404916003945,"MEDIUM","NONE",3,2,"LOW"
5,"00-0039738","11586","Blake Corum","RB","LAR",2026,3,"LAR",3,"last_game_row",0.348634175000043,0.337903667214012,0.360293641616841,"MEDIUM","NONE",3,67,"LOW",0.0378442734101019,0.0319589335982779,0.0349809930342001,"MEDIUM","NONE",3,5,"LOW",-0.00122217538763393,-0.00669461179331643,0.0087905980874418,"MEDIUM","NONE",3,5,"LOW",0.316029063021785,,0.316186334985889,"MEDIUM","NONE",0,0,"INSUFFICIENT_SAMPLE",,,,,,,,,0.355682458105442,0.370413311862587,0.355532724594514,"MEDIUM","NONE",3,28,"LOW",0.383246129475838,0.39010989010989,0.395310391169941,"MEDIUM","NONE",3,28,"LOW",0.0266902436060121,0.0303030303030303,0.000179955930215312,"MEDIUM","NONE",3,1,"LOW",0.0734613026936142,0,0.207934030063278,"MEDIUM","NONE",3,0,"INSUFFICIENT_SAMPLE"
5,"00-0039739","11630","Roman Wilson","WR","PIT",2026,4,"PIT",4,"last_game_row",0.431282545073185,0.517895967722895,0.32909410632183,"MEDIUM","NONE",4,138,"MEDIUM",0.10858357839168,0.130988676976519,0.0412959134831145,"MEDIUM","NONE",4,24,"MEDIUM",0.219106993025141,0.236771753221545,0.145740802828024,"MEDIUM","NONE",4,24,"MEDIUM",0.296740125894467,,0.297617626556753,"MEDIUM","NONE",0,0,"INSUFFICIENT_SAMPLE",0.242291087719173,0.289998093058734,0.109459849897436,"MEDIUM","NONE",4,24,"MEDIUM",,,,,,,,,,,,,,,,,0.0532342341906154,0.0416666666666667,0.0174517144577815,"MEDIUM","NONE",4,2,"MEDIUM",,,,,,,,
5,"00-0039746","11577","Will Shipley","RB","PHI",2026,3,"PHI",3,"last_game_row",0.261523093705985,0.32061238000662,0.145830545374675,"MEDIUM","NONE",3,62,"LOW",0.041340794015505,0.0455098177396399,0.0273732477083269,"MEDIUM","NONE",3,5,"LOW",0.0231514973969532,0.0303942652329749,0.000986064890910861,"MEDIUM","NONE",3,5,"LOW",0.159553513332755,,0.15940181439141,"MEDIUM","NONE",0,0,"INSUFFICIENT_SAMPLE",,,,,,,,,0.0689025890041354,0.105794790005316,0.0269112186231579,"MEDIUM","NONE",3,9,"LOW",0.0867958065921315,0.134259259259259,0.0284316223763045,"MEDIUM","NONE",3,9,"LOW",0.00922446998555917,0,0.0260921929053918,"MEDIUM","NONE",3,0,"INSUFFICIENT_SAMPLE",0.103628095497676,0.166666666666667,0,"MEDIUM","NONE",3,4,"LOW"
5,"00-0039751","11623","Jordan Whittington","WR","LAR",2026,3,"LAR",2,"last_game_row",0.271371515286694,0.333333333333333,0.223709886868735,"MEDIUM","NONE",2,46,"LOW",0.0145279287678464,0.0151515151515152,0.0164944262557469,"MEDIUM","NONE",2,1,"LOW",0.0116073447757509,0.0156862745098039,0.0102049168944858,"MEDIUM","NONE",2,1,"LOW",0.198031713147539,,0.197965890484471,"MEDIUM","NONE",0,0,"INSUFFICIENT_SAMPLE",0.0288029252935277,0.0294117647058824,0.0332293285607993,"MEDIUM","NONE",2,1,"LOW",,,,,,,,,,,,,,,,,4.62858429219918e-05,0,7.36481552882428e-05,"MEDIUM","NONE",2,0,"INSUFFICIENT_SAMPLE",,,,,,,,
5,"00-0039792","11629","Devontez Walker","WR","BAL",2026,3,"BAL",2,"last_game_row",0.345080996506504,0.281935307017544,0.41596163602256,"MEDIUM","NONE",2,34,"LOW",0.0364342005172229,0.0434981684981685,0.030995466083434,"MEDIUM","NONE",2,3,"LOW",0.154858584360023,0.234341921825786,0.0676421237585458,"MEDIUM","NONE",2,3,"LOW",0.274829124316427,,0.282866137299788,"MEDIUM","NONE",0,0,"INSUFFICIENT_SAMPLE",0.0908621543530835,0.107954545454545,0.0774962700118209,"MEDIUM","NONE",2,3,"LOW",,,,,,,,,,,,,,,,,0.00130801062544244,0,0.00269947667109173,"MEDIUM","NONE",2,0,"INSUFFICIENT_SAMPLE",,,,,,,,
5,"00-0039793","11603","AJ Barner","TE","SEA",2026,3,"SEA",3,"last_game_row",0.864732703065118,0.8694689816225,0.851423492571563,"MEDIUM","NONE",3,161,"LOW",0.100589105570871,0.095303776683087,0.0856134200197009,"MEDIUM","NONE",3,12,"LOW",0.0376012564245156,0.0210771809586939,0.0598542072782233,"MEDIUM","NONE",3,12,"LOW",0.758628545652434,,0.759106811153061,"MEDIUM","NONE",0,0,"INSUFFICIENT_SAMPLE",0.747910135749292,0.717171717171717,0.828856733533778,"MEDIUM","NONE",3,12,"LOW",,,,,,,,,,,,,,,,,0.169415609341001,0.133333333333333,0.147797663687116,"MEDIUM","NONE",3,4,"LOW",,,,,,,,
5,"00-0039794","11576","Braelon Allen","RB","NYJ",2026,3,"NYJ",3,"last_game_row",0.356287719539854,0.4173650027674,0.212525803077114,"MEDIUM","NONE",3,84,"LOW",0.0352795933153118,0.0391156462585034,0.0173444738958299,"MEDIUM","NONE",3,5,"LOW",0.00194897824742083,-0.00122341426689253,0.0137213602442433,"MEDIUM","NONE",3,5,"LOW",0.138084844753403,,0.115399403717551,"MEDIUM","NONE",0,0,"INSUFFICIENT_SAMPLE",,,,,,,,,0.228514014690918,0.240468409586057,0.215221217151761,"MEDIUM","NONE",3,19,"LOW",0.251383671302168,0.261963118580766,0.25190401719105,"MEDIUM","NONE",3,19,"LOW",0.172161827570679,0.263888888888889,0.104536292660745,"MEDIUM","NONE",3,3,"LOW",0.348384555692613,0.3,0.406700337559222,"MEDIUM","NONE",3,3,"LOW"
5,"00-0039796","11570","Rasheen Ali","RB","BAL",2026,3,"BAL",3,"last_game_row",0.0743158332290916,0,0.210880472300985,"MEDIUM","NONE",3,0,"INSUFFICIENT_SAMPLE",0.0197546929715929,0,0.0560857419959377,"MEDIUM","NONE",3,0,"INSUFFICIENT_SAMPLE",0.00101599502828365,0,0.00291736975392742,"MEDIUM","NONE",3,0,"INSUFFICIENT_SAMPLE",0.322231610893249,,0.328257036445645,"MEDIUM","NONE",0,0,"INSUFFICIENT_SAMPLE",,,,,,,,,0.0086811981497055,0,0.0244745013593706,"MEDIUM","NONE",3,0,"INSUFFICIENT_SAMPLE",0.0100171418117949,0,0.028231813329893,"MEDIUM","NONE",3,0,"INSUFFICIENT_SAMPLE",0.00431683243639115,0,0.0123402256364286,"MEDIUM","NONE",3,0,"INSUFFICIENT_SAMPLE",0.0057785771734099,0,0.0159969992217581,"MEDIUM","NONE",3,0,"INSUFFICIENT_SAMPLE"
5,"00-0039798","11571","Isaiah Davis","RB","NYJ",2026,3,"NYJ",3,"last_game_row",0.0911177913291453,0,0.257961495732097,"MEDIUM","NONE",3,0,"INSUFFICIENT_SAMPLE",0.0140624505466073,0,0.0398464298476547,"MEDIUM","NONE",3,0,"INSUFFICIENT_SAMPLE",-0.00795401607450443,0,-0.022576694525761,"MEDIUM","NONE",3,0,"INSUFFICIENT_SAMPLE",0.252925776463636,,0.253226022686789,"MEDIUM","NONE",0,0,"INSUFFICIENT_SAMPLE",,,,,,,,,0.0509774054906234,0,0.144097448315509,"MEDIUM","NONE",3,0,"INSUFFICIENT_SAMPLE",0.0578666163467703,0,0.163597411161421,"MEDIUM","NONE",3,0,"INSUFFICIENT_SAMPLE",0.0010329090641004,0,0.00282732518914947,"MEDIUM","NONE",3,0,"INSUFFICIENT_SAMPLE",0.0948532176973072,0,0.269282676375195,"MEDIUM","NONE",3,0,"INSUFFICIENT_SAMPLE"
5,"00-0039811","11581","MarShawn Lloyd","RB","GB",2026,3,"GB",3,"last_game_row",0.269511108334226,0.313211879512976,,"INSUFFICIENT_SAMPLE","ROOKIE_OR_NO_PRIOR_SEASON",3,61,"LOW",0.0469664872682371,0.0426473793178599,,"INSUFFICIENT_SAMPLE","ROOKIE_OR_NO_PRIOR_SEASON",3,6,"LOW",-0.0167657110568755,-0.00358374416654445,,"INSUFFICIENT_SAMPLE","ROOKIE_OR_NO_PRIOR_SEASON",3,6,"LOW",0.157894736842105,,,"INSUFFICIENT_SAMPLE","ROOKIE_OR_NO_PRIOR_SEASON",0,0,"INSUFFICIENT_SAMPLE",,,,,,,,,0.366733384325907,0.425541125541126,,"INSUFFICIENT_SAMPLE","ROOKIE_OR_NO_PRIOR_SEASON",3,23,"LOW",0.433495746087051,0.494444444444444,,"INSUFFICIENT_SAMPLE","ROOKIE_OR_NO_PRIOR_SEASON",3,23,"LOW",0.096930185996797,0.130952380952381,,"INSUFFICIENT_SAMPLE","ROOKIE_OR_NO_PRIOR_SEASON",3,2,"LOW",0.547659132014947,0.555555555555556,,"INSUFFICIENT_SAMPLE","ROOKIE_OR_NO_PRIOR_SEASON",3,6,"LOW"
5,"00-0039814","11592","Erick All","TE","CIN",2026,3,"CIN",3,"last_game_row",0.333851403422775,0.317238482269704,,"INSUFFICIENT_SAMPLE","ROOKIE_OR_NO_PRIOR_SEASON",3,57,"LOW",0.0365706764197599,0.0277777777777778,,"INSUFFICIENT_SAMPLE","ROOKIE_OR_NO_PRIOR_SEASON",3,3,"LOW",0.0150622878060689,-0.00192678227360308,,"INSUFFICIENT_SAMPLE","ROOKIE_OR_NO_PRIOR_SEASON",3,3,"LOW",0.326808742651114,,,"INSUFFICIENT_SAMPLE","ROOKIE_OR_NO_PRIOR_SEASON",0,0,"INSUFFICIENT_SAMPLE",0.323356078127002,0.333333333333333,,"INSUFFICIENT_SAMPLE","ROOKIE_OR_NO_PRIOR_SEASON",3,3,"LOW",,,,,,,,,,,,,,,,,0.0148771158762389,0,,"INSUFFICIENT_SAMPLE","ROOKIE_OR_NO_PRIOR_SEASON",3,0,"INSUFFICIENT_SAMPLE",,,,,,,,
5,"00-0039816","11762","Anthony Gould","WR","IND",2026,3,"IND",2,"last_game_row",0.0404485770746822,0,0.0823725961449466,"MEDIUM","NONE",2,0,"INSUFFICIENT_SAMPLE",0.00422840418987641,0,0.00859106201752174,"MEDIUM","NONE",2,0,"INSUFFICIENT_SAMPLE",-0.00277087590727058,0,-0.00578444208636266,"MEDIUM","NONE",2,0,"INSUFFICIENT_SAMPLE",0.134866340569816,,0.153960838438194,"MEDIUM","NONE",0,0,"INSUFFICIENT_SAMPLE",0.00734580483383539,0,0.0149232154206462,"MEDIUM","NONE",2,0,"INSUFFICIENT_SAMPLE",,,,,,,,,,,,,,,,,0,0,0,"MEDIUM","NONE",2,0,"INSUFFICIENT_SAMPLE",,,,,,,,
5,"00-0039847","11597","Theo Johnson","TE","NYG",2026,3,"NYG",3,"last_game_row",0.498013479863925,0.311771242805726,0.901764424545632,"MEDIUM","NONE",3,59,"LOW",0.0720727124578957,0.0481962481962482,0.124402861932472,"MEDIUM","NONE",3,5,"LOW",0.102163797855412,0.0564845292955892,0.191371335519572,"MEDIUM","NONE",3,5,"LOW",0.749685636970313,,0.7499927037673,"MEDIUM","NONE",0,0,"INSUFFICIENT_SAMPLE",0.366138321468917,0.132275132275132,0.821773723884174,"MEDIUM","NONE",3,5,"LOW",,,,,,,,,,,,,,,,,0.0596398132040734,0,0.16960675340373,"MEDIUM","NONE",3,0,"INSUFFICIENT_SAMPLE",,,,,,,,
5,"00-0039849","11628","Marvin Harrison Jr.","WR","ARI",2026,3,"ARI",3,"last_game_row",0.705507378630164,0.78255991285403,0.565977639572742,"MEDIUM","NONE",3,163,"LOW",0.0823354155682661,0.063375350140056,0.111222979686838,"MEDIUM","NONE",3,9,"LOW",0.212018510274891,0.181621336085583,0.256349957257064,"MEDIUM","NONE",3,9,"LOW",0.523255129125731,,0.519222160413135,"MEDIUM","NONE",0,0,"INSUFFICIENT_SAMPLE",0.217270644099934,0.14996114996115,0.330585817142802,"MEDIUM","NONE",3,9,"LOW",,,,,,,,,,,,,,,,,0.0222351175224868,0,0.0605144925320703,"MEDIUM","NONE",3,0,"INSUFFICIENT_SAMPLE",,,,,,,,
5,"00-0039851","11564","Drake Maye","QB","NE",2026,3,"NE",3,"last_game_row",0.952460855972405,0.949086552860138,1.00145938843297,"MEDIUM","NONE",3,177,"LOW",,,,,,,,,,,,,,,,,,,,,,,,,,,,,,,,,0.0502079814767166,0.0413311862587225,0.0546409447403453,"MEDIUM","NONE",3,3,"LOW",,,,,,,,,,,,,,,,,0.212904095063777,0.333333333333333,0.163233112648878,"MEDIUM","NONE",1,1,"LOW"
5,"00-0039855","11618","Jalen McMillan","WR","TB",2026,3,"TB",2,"last_game_row",0.331971778760079,0.0683389074693422,0.529328733275636,"MEDIUM","NONE",2,9,"LOW",0.0547526603151781,0.01,0.0831165578901042,"MEDIUM","NONE",2,1,"LOW",0.10131834064849,0.0190355329949239,0.143586402712353,"MEDIUM","NONE",2,1,"LOW",0.513493036681761,,0.440229692954422,"MEDIUM","NONE",0,0,"INSUFFICIENT_SAMPLE",0.114720035872552,0.0263157894736842,0.166742723323328,"MEDIUM","NONE",2,1,"LOW",,,,,,,,,,,,,,,,,0.0159443524904192,0,0.0138071187457698,"MEDIUM","NONE",2,0,"INSUFFICIENT_SAMPLE",,,,,,,,
5,"00-0039868","11627","Troy Franklin","WR","DEN",2026,3,"DEN",3,"last_game_row",0.28874477415405,0.246481153554263,0.398435198973587,"MEDIUM","NONE",3,42,"LOW",0.0475970294721296,0.0378559110266427,0.0670527315462668,"MEDIUM","NONE",3,4,"LOW",0.140384364687118,0.167778031113528,0.149551967040279,"MEDIUM","NONE",3,4,"LOW",0.423357498360001,,0.423437595044482,"MEDIUM","NONE",0,0,"INSUFFICIENT_SAMPLE",0.0937620085006438,0.0768031189083821,0.128855970799519,"MEDIUM","NONE",3,4,"LOW",,,,,,,,,,,,,,,,,0.0756615745165525,0.0666666666666667,0.0969326576454529,"MEDIUM","NONE",3,1,"LOW",,,,,,,,
5,"00-0039874","11643","Jaylen Wright","RB","MIA",2026,2,"MIA",2,"last_game_row",0.169069234623238,0.0613636363636364,0.284235549196044,"MEDIUM","NONE",2,7,"LOW",0.0207070346475685,0,0.04247669103577,"MEDIUM","NONE",2,0,"INSUFFICIENT_SAMPLE",-0.015759718295271,0,-0.0324628967736418,"MEDIUM","NONE",2,0,"INSUFFICIENT_SAMPLE",0.178489298930921,,0.183429880034236,"MEDIUM","NONE",0,0,"INSUFFICIENT_SAMPLE",,,,,,,,,0.188375647060678,0.067816091954023,0.314098413885653,"MEDIUM","NONE",2,3,"LOW",0.214270704148874,0.0816666666666667,0.353219256823451,"MEDIUM","NONE",2,3,"LOW",0.000208046148256523,0,0,"MEDIUM","NONE",2,0,"INSUFFICIENT_SAMPLE",0.244908992728136,0.125,0.358672608665518,"MEDIUM","NONE",2,2,"LOW"
5,"00-0039875","11575","Ray Davis","RB","BUF",2026,3,"BUF",3,"last_game_row",0.174813905520212,0.102351287210442,0.31140882448162,"MEDIUM","NONE",3,20,"LOW",0.0132120159197946,0,0.0373981754186768,"MEDIUM","NONE",3,0,"INSUFFICIENT_SAMPLE",-0.00302751265901189,0,-0.00856872902560498,"MEDIUM","NONE",3,0,"INSUFFICIENT_SAMPLE",0.330837112275022,,0.331099398398542,"MEDIUM","NONE",0,0,"INSUFFICIENT_SAMPLE",,,,,,,,,0.0426165116743119,0.0175438596491228,0.0986801605975733,"MEDIUM","NONE",3,1,"LOW",0.0463786600591028,0.0222222222222222,0.103463034763804,"MEDIUM","NONE",3,1,"LOW",0.0107051441309408,0,0.0301801759247654,"MEDIUM","NONE",3,0,"INSUFFICIENT_SAMPLE",0.014782521898508,0,0.0417877528583004,"MEDIUM","NONE",3,0,"INSUFFICIENT_SAMPLE"
5,"00-0039880","11610","Malik Washington","WR","MIA",2026,3,"MIA",3,"last_game_row",0.765155788859506,0.859893455098935,0.615112657261387,"MEDIUM","NONE",3,161,"LOW",0.162954368248999,0.191352093342485,0.107341459902768,"MEDIUM","NONE",3,23,"LOW",0.224670211733298,0.29472944136958,0.122682607651271,"MEDIUM","NONE",3,23,"LOW",0.599808257849184,,0.599887521593128,"MEDIUM","NONE",0,0,"INSUFFICIENT_SAMPLE",0.386689587896382,0.445906432748538,0.281355991060128,"MEDIUM","NONE",3,23,"LOW",,,,,,,,,,,,,,,,,0.13958265009883,0.0833333333333333,0.188389735281178,"MEDIUM","NONE",3,1,"LOW",,,,,,,,
5,"00-0039890","11625","Adonai Mitchell","WR","NYJ",2026,2,"NYJ",2,"last_game_row",0.74025503285184,0.777183219178082,0.69461465950806,"MEDIUM","NONE",2,107,"LOW",0.178162429438793,0.176020408163265,0.168889627598496,"MEDIUM","NONE",2,15,"LOW",0.518673554768103,0.52737389422172,0.481104683933068,"MEDIUM","NONE",2,15,"LOW",0.605181574638906,,0.606382869537806,"MEDIUM","NONE",0,0,"INSUFFICIENT_SAMPLE",0.348306617297269,0.355384615384615,0.320663670887563,"MEDIUM","NONE",2,15,"LOW",,,,,,,,,,,,,,,,,0.117834621761709,0.0833333333333333,0.138251610110149,"MEDIUM","NONE",2,1,"LOW",,,,,,,,
5,"00-0039893","11631","Brian Thomas Jr.","WR","JAX",2026,3,"JAX",3,"last_game_row",0.538521608354586,0.426917628010524,0.744240751411066,"MEDIUM","NONE",3,75,"LOW",0.113062663751861,0.124490740740741,0.113037609843833,"MEDIUM","NONE",3,12,"LOW",0.165658587330577,0.158521194282784,0.213997727105726,"MEDIUM","NONE",3,12,"LOW",0.721368182542824,,0.720695998337765,"MEDIUM","NONE",0,0,"INSUFFICIENT_SAMPLE",0.201870167806336,0.219246031746032,0.205188265429312,"MEDIUM","NONE",3,12,"LOW",,,,,,,,,,,,,,,,,0.0185013871175417,0,0.0504486280667255,"MEDIUM","NONE",3,0,"INSUFFICIENT_SAMPLE",,,,,,,,
5,"00-0039894","11624","Xavier Worthy","WR","KC",2026,3,"KC",3,"last_game_row",0.817446356548781,0.830817793317793,0.789324355342395,"MEDIUM","NONE",3,165,"LOW",0.113882373258306,0.127504848093083,0.110588038141581,"MEDIUM","NONE",3,15,"LOW",0.208558292020902,0.183068857008103,0.303267234913651,"MEDIUM","NONE",3,15,"LOW",0.637222184212615,,0.637334823575066,"MEDIUM","NONE",0,0,"INSUFFICIENT_SAMPLE",0.307662862088303,0.370426065162907,0.28685603166169,"MEDIUM","NONE",3,15,"LOW",,,,,,,,,,,,,,,,,0.0815379318143381,0.138528138528139,0.00997870395035487,"MEDIUM","NONE",3,4,"LOW",,,,,,,,
5,"00-0039901","11637","Keon Coleman","WR","BUF",2026,3,"BUF",3,"last_game_row",0.571594543592557,0.594937574162926,0.539808198751341,"MEDIUM","NONE",3,116,"LOW",0.0820297599780777,0.0858390858390858,0.0755131493416633,"MEDIUM","NONE",3,10,"LOW",0.164504690688219,0.15051376288062,0.144510879483618,"MEDIUM","NONE",3,10,"LOW",0.483990723608078,,0.483588504521397,"MEDIUM","NONE",0,0,"INSUFFICIENT_SAMPLE",0.198702216052917,0.214814814814815,0.170989817902818,"MEDIUM","NONE",3,10,"LOW",,,,,,,,,,,,,,,,,0.0889194900450873,0.0925925925925926,0.117049362372421,"MEDIUM","NONE",3,2,"LOW",,,,,,,,
5,"00-0039910","11566","Jayden Daniels","QB","WAS",2026,2,"WAS",2,"last_game_row",0.796417341004197,0.774647887323944,0.848828294432965,"MEDIUM","NONE",2,109,"LOW",,,,,,,,,,,,,,,,,,,,,,,,,,,,,,,,,0.0655089367862029,0.0544827586206897,0.0699759169628703,"MEDIUM","NONE",2,3,"LOW",,,,,,,,,,,,,,,,,0.212270995619277,0.267857142857143,0.124944930311777,"MEDIUM","NONE",2,3,"LOW"
5,"00-0039912","11596","Ben Sinnott","TE","WAS",2026,3,"WAS",3,"last_game_row",0.51234283581469,0.480220627246063,0.527906796709709,"MEDIUM","NONE",3,100,"LOW",0.0359043903414548,0.0160183066361556,0.06725381781291,"MEDIUM","NONE",3,2,"LOW",0.0423740542204202,0.01312262257765,0.0902404720822118,"MEDIUM","NONE",3,2,"LOW",0.369871922641068,,0.37160159832471,"MEDIUM","NONE",0,0,"INSUFFICIENT_SAMPLE",0.363634602686357,0.25,0.530458019042168,"MEDIUM","NONE",3,2,"LOW",,,,,,,,,,,,,,,,,0.00261617641464313,0,0.00743775895819499,"MEDIUM","NONE",3,0,"INSUFFICIENT_SAMPLE",,,,,,,,
5,"00-0039915","11635","Ladd McConkey","WR","LAC",2026,3,"LAC",3,"last_game_row",0.718066662354632,0.612551209695921,0.824305624361481,"MEDIUM","NONE",3,119,"LOW",0.118626817776155,0.128923364217482,0.110473344681103,"MEDIUM","NONE",3,15,"LOW",0.230516994257766,0.24846801249765,0.211952564439758,"MEDIUM","NONE",3,15,"LOW",0.694684022680894,,0.694406696739682,"MEDIUM","NONE",0,0,"INSUFFICIENT_SAMPLE",0.250555668127591,0.271052631578947,0.228023987267938,"MEDIUM","NONE",3,15,"LOW",,,,,,,,,,,,,,,,,0.0714900592943902,0.0952380952380952,0.083772014739432,"MEDIUM","NONE",3,2,"LOW",,,,,,,,
5,"00-0039917","11559","Michael Penix Jr.","QB","ATL",2026,3,"ATL",1,"last_game_row",0.924642616814362,1.02898550724638,0.88311861583475,"MEDIUM","NONE",1,71,"MEDIUM",,,,,,,,,,,,,,,,,,,,,,,,,,,,,,,,,0.000838156549266292,0,0.000798010156914838,"MEDIUM","NONE",1,0,"INSUFFICIENT_SAMPLE",,,,,,,,,,,,,,,,,0.00115312290871438,0,0,"MEDIUM","NONE",1,0,"INSUFFICIENT_SAMPLE"
5,"00-0039918","11560","Caleb Williams","QB","CHI",2026,2,"CHI",2,"last_game_row",0.965721913365307,0.938356164383562,1.00367112784308,"MEDIUM","NONE",2,139,"LOW",,,,,,,,,,,,,,,,,,,,,,,,,,,,,,,,,0.0566613975425809,0.0773399014778325,0.0373731050274987,"MEDIUM","NONE",2,5,"LOW",,,,,,,,,,,,,,,,,0.119480970012293,0.2,0.0389996366283584,"MEDIUM","NONE",2,3,"LOW"
5,"00-0039919","11620","Rome Odunze","WR","CHI",2026,3,"CHI",3,"last_game_row",0.779674505796213,0.733581213307241,0.786336809476367,"MEDIUM","NONE",3,159,"LOW",0.129017586568918,0.107934609250399,0.150074734299371,"MEDIUM","NONE",3,13,"LOW",0.311708458817889,0.314824300818353,0.275830728111968,"MEDIUM","NONE",3,13,"LOW",0.732324922552404,,0.732614749480468,"MEDIUM","NONE",0,0,"INSUFFICIENT_SAMPLE",0.256801236491081,0.218888888888889,0.312872181559254,"MEDIUM","NONE",3,13,"LOW",,,,,,,,,,,,,,,,,0.100634998559873,0.0666666666666667,0.118830143027646,"MEDIUM","NONE",3,2,"LOW",,,,,,,,
5,"00-0039920","11617","Malachi Corley","WR","CLE",2026,4,"CLE",4,"last_game_row",0.156652006404923,0.0601280834914611,0.351444076410803,"MEDIUM","NONE",4,15,"MEDIUM",0.0121427327734941,0,0.04889021464091,"MEDIUM","NONE",4,0,"INSUFFICIENT_SAMPLE",-0.00112066330389835,0,-0.00494549488045978,"MEDIUM","NONE",4,0,"INSUFFICIENT_SAMPLE",0.194677886426365,,0.193808045022532,"MEDIUM","NONE",0,0,"INSUFFICIENT_SAMPLE",0.0387558147672414,0,0.156325421445783,"MEDIUM","NONE",4,0,"INSUFFICIENT_SAMPLE",,,,,,,,,,,,,,,,,0.0369676327849079,0,0.151170693581137,"MEDIUM","NONE",4,0,"INSUFFICIENT_SAMPLE",,,,,,,,
5,"00-0040024","13150","Darius Cooper","WR","PHI",2026,3,"PHI",3,"last_game_row",0.273458063851612,0.21961271102284,0.390062457943562,"MEDIUM","NONE",3,44,"LOW",0.029937883819881,0.0232558139534884,0.0439175173105129,"MEDIUM","NONE",3,3,"LOW",0.0397431160600958,0.0285388127853881,0.0624348381380841,"MEDIUM","NONE",3,3,"LOW",0.249575047135451,,0.249575047135451,"MEDIUM","NONE",0,0,"INSUFFICIENT_SAMPLE",0.0635936225921739,0.0434782608695652,0.103776932562734,"MEDIUM","NONE",3,3,"LOW",,,,,,,,,,,,,,,,,0.052064312707365,0.0833333333333333,0,"MEDIUM","NONE",3,1,"LOW",,,,,,,,
5,"00-0040058","13151","Nick Kallerup","TE","SEA",2026,3,"SEA",2,"last_game_row",0.1570468459624,0.187953091684435,0.140087986931319,"MEDIUM","NONE",2,26,"LOW",0.000436292861444537,0,0.000882444371584595,"MEDIUM","NONE",2,0,"INSUFFICIENT_SAMPLE",0.000409024557604254,0,0.000827291598360558,"MEDIUM","NONE",2,0,"INSUFFICIENT_SAMPLE",0.0886047630933953,,0.0886047630933953,"MEDIUM","NONE",0,0,"INSUFFICIENT_SAMPLE",0.00464909871132464,0,0.00944816834882105,"MEDIUM","NONE",2,0,"INSUFFICIENT_SAMPLE",,,,,,,,,,,,,,,,,0.00218146430722269,0,0.00441222185792297,"MEDIUM","NONE",2,0,"INSUFFICIENT_SAMPLE",,,,,,,,
5,"00-0040075","12699","LaJohntay Wester","WR","BAL",2026,3,"BAL",3,"last_game_row",0.249951178377102,0.342744883040936,0.116185958336426,"MEDIUM","NONE",3,62,"LOW",0.0197931028636047,0.0379273504273504,0,"MEDIUM","NONE",3,4,"LOW",0.0124304070631536,0.0239644629052729,0,"MEDIUM","NONE",3,4,"LOW",0.114747664456408,,0.114747664456408,"MEDIUM","NONE",0,0,"INSUFFICIENT_SAMPLE",0.0468550487328075,0.0892857142857143,0,"MEDIUM","NONE",3,4,"LOW",,,,,,,,,,,,,,,,,0,0,0,"MEDIUM","NONE",3,0,"INSUFFICIENT_SAMPLE",,,,,,,,
5,"00-0040078","12455","Brashard Smith","RB","KC",2026,3,"KC",3,"last_game_row",0.110220461789499,0.0256410256410256,0.248407070573504,"MEDIUM","NONE",3,4,"LOW",0.0360123427281631,0.0119047619047619,0.072372034379658,"MEDIUM","NONE",3,1,"LOW",-0.0247235576682359,-0.0062111801242236,-0.0545747037755361,"MEDIUM","NONE",3,1,"LOW",0.214816663159246,,0.214816663159246,"MEDIUM","NONE",0,0,"INSUFFICIENT_SAMPLE",,,,,,,,,0.0651128443183058,0,0.184496689439464,"MEDIUM","NONE",3,0,"INSUFFICIENT_SAMPLE",0.0681907690005681,0,0.193217962794463,"MEDIUM","NONE",3,0,"INSUFFICIENT_SAMPLE",0.0516266072068218,0.0333333333333333,0.063211382430896,"MEDIUM","NONE",3,1,"LOW",0.00950797768606909,0,0.0269407737399497,"MEDIUM","NONE",3,0,"INSUFFICIENT_SAMPLE"
5,"00-0040081","12817","Jake Briningstool","TE","KC",2026,3,"KC",3,"last_game_row",0.136947525191911,0.145784770784771,,"INSUFFICIENT_SAMPLE","ROOKIE_OR_NO_PRIOR_SEASON",3,29,"LOW",0.0228444624868222,0.0217086834733894,,"INSUFFICIENT_SAMPLE","ROOKIE_OR_NO_PRIOR_SEASON",3,2,"LOW",0.0236982982319437,0.0224474229050888,,"INSUFFICIENT_SAMPLE","ROOKIE_OR_NO_PRIOR_SEASON",3,2,"LOW",,,,"INSUFFICIENT_SAMPLE","ROOKIE_OR_NO_PRIOR_SEASON",0,0,"INSUFFICIENT_SAMPLE",0.107876628409994,0.103174603174603,,"INSUFFICIENT_SAMPLE","ROOKIE_OR_NO_PRIOR_SEASON",3,2,"LOW",,,,,,,,,,,,,,,,,0,0,,"INSUFFICIENT_SAMPLE","ROOKIE_OR_NO_PRIOR_SEASON",3,0,"INSUFFICIENT_SAMPLE",,,,,,,,
5,"00-0040122","12527","Ashton Jeanty","RB","LV",2026,3,"LV",3,"last_game_row",0.847029995871616,0.8289592760181,0.860473100048496,"MEDIUM","NONE",3,160,"LOW",0.142926300016255,0.164214822645055,0.125221961530284,"MEDIUM","NONE",3,17,"LOW",0.0238850532909415,0.04477740104245,-0.00911321800814116,"MEDIUM","NONE",3,17,"LOW",0.700464904960622,,0.700464904960622,"MEDIUM","NONE",0,0,"INSUFFICIENT_SAMPLE",,,,,,,,,0.778565638430159,0.744915824915825,0.828343072602509,"MEDIUM","NONE",3,63,"LOW",0.844221213004884,0.791200716845878,0.93284447979687,"MEDIUM","NONE",3,63,"LOW",0.108234520532893,0.19047619047619,0.0394734516404159,"MEDIUM","NONE",3,5,"LOW",0.856525780771296,0.821428571428571,0.900118091059595,"MEDIUM","NONE",3,15,"LOW"
5,"00-0040124","12526","Tetairoa McMillan","WR","CAR",2026,3,"CAR",3,"last_game_row",0.885874387957705,0.866480114312932,0.891157111295982,"MEDIUM","NONE",3,182,"LOW",0.164116147392302,0.173355629877369,0.166054143049476,"MEDIUM","NONE",3,23,"LOW",0.326917462255473,0.282965570051431,0.459333534338223,"MEDIUM","NONE",3,23,"LOW",0.816111134568294,,0.816111134568294,"MEDIUM","NONE",0,0,"INSUFFICIENT_SAMPLE",0.338434728932738,0.354018445322793,0.348603756223941,"MEDIUM","NONE",3,23,"LOW",,,,,,,,,,,,,,,,,0.133648663233233,0.155555555555556,0.0731104353401742,"MEDIUM","NONE",3,5,"LOW",,,,,,,,
5,"00-0040126","12517","Colston Loveland","TE","CHI",2026,3,"CHI",3,"last_game_row",0.813037393486714,0.852554903239835,0.752370875588284,"MEDIUM","NONE",3,186,"LOW",0.134559684529737,0.074481658692185,0.23293087511406,"MEDIUM","NONE",3,9,"LOW",0.134010393365083,0.0604151567844425,0.28465325673605,"MEDIUM","NONE",3,9,"LOW",0.677296648559198,,0.677296648559198,"MEDIUM","NONE",0,0,"INSUFFICIENT_SAMPLE",0.594759575903674,0.498412698412698,0.713444418329795,"MEDIUM","NONE",3,9,"LOW",,,,,,,,,,,,,,,,,0.162559022194913,0.114285714285714,0.259380730356454,"MEDIUM","NONE",3,3,"LOW",,,,,,,,
5,"00-0040128","12518","Tyler Warren","TE","IND",2026,3,"IND",3,"last_game_row",0.896975193057764,0.920631863354868,0.848908204043141,"MEDIUM","NONE",3,175,"LOW",0.199273214441686,0.195586527293844,0.185204856387661,"MEDIUM","NONE",3,22,"LOW",0.07957244942633,0.0446083584100498,0.14230022023702,"MEDIUM","NONE",3,22,"LOW",0.802698119822442,,0.802698119822442,"MEDIUM","NONE",0,0,"INSUFFICIENT_SAMPLE",0.822757557653559,0.872474747474748,0.715958129106538,"MEDIUM","NONE",3,22,"LOW",,,,,,,,,,,,,,,,,0.193825996723598,0.244444444444444,0.175787118272414,"MEDIUM","NONE",3,3,"LOW",,,,,,,,
5,"00-0040129","12514","Emeka Egbuka","WR","TB",2026,3,"TB",3,"last_game_row",0.756383516921818,0.825222965440357,0.659678429142405,"MEDIUM","NONE",3,156,"LOW",0.145530876339724,0.150041741204532,0.130625559671655,"MEDIUM","NONE",3,20,"LOW",0.28705024134368,0.332174774275405,0.27285373262701,"MEDIUM","NONE",3,20,"LOW",0.569723008441539,,0.569723008441539,"MEDIUM","NONE",0,0,"INSUFFICIENT_SAMPLE",0.360972767552362,0.388471177944862,0.296720420913631,"MEDIUM","NONE",3,20,"LOW",,,,,,,,,,,,,,,,,0.0746443175918578,0.0606060606060606,0.104702412102758,"MEDIUM","NONE",3,2,"LOW",,,,,,,,
5,"00-0040131","12547","Kyle Williams","WR","NE",2026,3,"NE",3,"last_game_row",0.284994160509518,0.241922534508237,0.325234746376403,"MEDIUM","NONE",3,45,"LOW",0.0497029813338943,0.0479885057471264,0.0380421093374648,"MEDIUM","NONE",3,5,"LOW",0.0984581187506099,0.0879185928515052,0.088445400196177,"MEDIUM","NONE",3,5,"LOW",0.262724420721323,,0.262724420721323,"MEDIUM","NONE",0,0,"INSUFFICIENT_SAMPLE",0.105869494163325,0.104084321475626,0.0848673093062124,"MEDIUM","NONE",3,5,"LOW",,,,,,,,,,,,,,,,,0,0,0,"MEDIUM","NONE",3,0,"INSUFFICIENT_SAMPLE",,,,,,,,
5,"00-0040134","12492","Pat Bryant","WR","DEN",2026,3,"DEN",3,"last_game_row",0.563871463723749,0.66546926385024,0.357563979190958,"MEDIUM","NONE",3,118,"LOW",0.0823830275141792,0.0916341111463063,0.0836421050647351,"MEDIUM","NONE",3,10,"LOW",0.136240463110225,0.131032849851799,0.176889911241995,"MEDIUM","NONE",3,10,"LOW",0.350870685655352,,0.350870685655352,"MEDIUM","NONE",0,0,"INSUFFICIENT_SAMPLE",0.184075803114807,0.20448343079922,0.191632468292087,"MEDIUM","NONE",3,10,"LOW",,,,,,,,,,,,,,,,,0.0677635270467662,0.0476190476190476,0.0733328490850872,"MEDIUM","NONE",3,2,"LOW",,,,,,,,
5,"00-0040138","12536","Jaylin Noel","WR","HOU",2026,3,"HOU",3,"last_game_row",0.298957166766377,0.39021722144085,0.14883592417141,"MEDIUM","NONE",3,86,"LOW",0.0524426200168018,0.0601325757575758,0.0350749746483205,"MEDIUM","NONE",3,9,"LOW",0.0671211390891508,0.0700891806446886,0.0689427934210548,"MEDIUM","NONE",3,9,"LOW",0.150106368532439,,0.150106368532439,"MEDIUM","NONE",0,0,"INSUFFICIENT_SAMPLE",0.113462037942046,0.14029304029304,0.0582858049447303,"MEDIUM","NONE",3,9,"LOW",,,,,,,,,,,,,,,,,0.00334808165139055,0,0.00948178484771337,"MEDIUM","NONE",3,0,"INSUFFICIENT_SAMPLE",,,,,,,,
5,"00-0040142","12504","Kaleb Johnson","RB","GB",2026,3,"GB",3,"last_game_row",0.188774726303227,0.21160760143811,0.0701241599460248,"LOW","TEAM_CHANGE",3,40,"LOW",0.0166989696201529,0.0178571428571429,0.00240511100732765,"LOW","TEAM_CHANGE",3,3,"LOW",-0.00203443355801516,-0.000850340136054422,-0.00369273446027608,"LOW","TEAM_CHANGE",3,3,"LOW",0.0483325740552434,,0.0483325740552434,"LOW","TEAM_CHANGE",0,0,"INSUFFICIENT_SAMPLE",,,,,,,,,0.237022693061455,0.26031746031746,0.111965798229865,"LOW","TEAM_CHANGE",3,12,"LOW",0.283768438131469,0.314814814814815,0.123032251518994,"LOW","TEAM_CHANGE",3,12,"LOW",0,0,0,"LOW","TEAM_CHANGE",3,0,"INSUFFICIENT_SAMPLE",0.0171220630705447,0,0.0494383929284017,"LOW","TEAM_CHANGE",3,0,"INSUFFICIENT_SAMPLE"
5,"00-0040154","12496","Tai Felton","WR","MIN",2026,3,"MIN",3,"last_game_row",0.19227254290378,0.196919992710042,0.0741435891033746,"MEDIUM","NONE",3,35,"LOW",0.0183823083495725,0.018018018018018,0.00718223885687893,"MEDIUM","NONE",3,2,"LOW",0.0114864089648985,0.0105820105820106,0.0061745247348432,"MEDIUM","NONE",3,2,"LOW",0.145911177113989,,0.145911177113989,"MEDIUM","NONE",0,0,"INSUFFICIENT_SAMPLE",0.0445741178662589,0.0444444444444444,0.0155374909598536,"MEDIUM","NONE",3,2,"LOW",,,,,,,,,,,,,,,,,0,0,0,"MEDIUM","NONE",2,0,"INSUFFICIENT_SAMPLE",,,,,,,,
5,"00-0040162","12469","Dylan Sampson","RB","CLE",2026,1,"CLE",1,"last_game_row",0.255600633437202,0,0.362062003897002,"MEDIUM","NONE",1,0,"INSUFFICIENT_SAMPLE",0.0610553956436012,0,0.0864858533336839,"MEDIUM","NONE",1,0,"INSUFFICIENT_SAMPLE",-0.0230185531272893,0,-0.0326061143120115,"MEDIUM","NONE",1,0,"INSUFFICIENT_SAMPLE",0.291320370653967,,0.291320370653967,"MEDIUM","NONE",0,0,"INSUFFICIENT_SAMPLE",,,,,,,,,0.214639585547756,0,0.304040085558456,"MEDIUM","NONE",1,0,"INSUFFICIENT_SAMPLE",0.259173872175537,0,0.367123548387744,"MEDIUM","NONE",1,0,"INSUFFICIENT_SAMPLE",0.0398372774237523,0,0.0566003408873081,"MEDIUM","NONE",1,0,"INSUFFICIENT_SAMPLE",0.164807997895766,0,0.23383636876702,"MEDIUM","NONE",1,0,"INSUFFICIENT_SAMPLE"
5,"00-0040164","12641","Jaylin Lane","WR","WAS",2026,3,"WAS",3,"last_game_row",0.180647557470744,0.162233100093096,0.252253397769263,"MEDIUM","NONE",3,34,"LOW",0.01995133929644,0.0169020111253744,0.0245528455890962,"MEDIUM","NONE",3,2,"LOW",0.0200049747681318,0.00151792680031207,0.0582480728822358,"MEDIUM","NONE",3,2,"LOW",0.246891983593689,,0.246891983593689,"MEDIUM","NONE",0,0,"INSUFFICIENT_SAMPLE",0.040464960441508,0.0305555555555556,0.059327920850357,"MEDIUM","NONE",3,2,"LOW",,,,,,,,,,,,,,,,,0.00481858896856219,0,0.0136984012753307,"MEDIUM","NONE",3,0,"INSUFFICIENT_SAMPLE",,,,,,,,
5,"00-0040170","12499","Elic Ayomanor","WR","TEN",2026,3,"TEN",3,"last_game_row",0.7094094936425,0.616100628930818,0.81933762866164,"MEDIUM","NONE",3,102,"LOW",0.117137303115734,0.0906410256410256,0.166421287882427,"MEDIUM","NONE",3,9,"LOW",0.272728230897284,0.184126984126984,0.461097180886199,"MEDIUM","NONE",3,9,"LOW",0.751337975758182,,0.751337975758182,"MEDIUM","NONE",0,0,"INSUFFICIENT_SAMPLE",0.260285260169975,0.193409090909091,0.399907052212434,"MEDIUM","NONE",3,9,"LOW",,,,,,,,,,,,,,,,,0.267819220332801,0.384126984126984,0.12640925531197,"MEDIUM","NONE",3,5,"LOW",,,,,,,,
5,"00-0040172","12634","Jordan Watkins","WR","SF",2026,3,"SF",1,"last_game_row",0.167954812748783,0.283018867924528,0.104406689821529,"MEDIUM","NONE",1,15,"MEDIUM",0.0321280144368434,0.0645161290322581,0.0142405526700237,"MEDIUM","NONE",1,2,"LOW",0.0615649455807485,0.112244897959184,0.033575180759988,"MEDIUM","NONE",1,2,"LOW",0.0878809327294415,,0.0878809327294415,"MEDIUM","NONE",0,0,"INSUFFICIENT_SAMPLE",0.093619683901693,0.2,0.0348674576384189,"MEDIUM","NONE",1,2,"LOW",,,,,,,,,,,,,,,,,0,0,0,"MEDIUM","NONE",1,0,"INSUFFICIENT_SAMPLE",,,,,,,,
5,"00-0040177","12467","Jordan James","RB","SF",2026,3,"SF",2,"last_game_row",0.0757464786202533,0.08,0.0872528446165019,"MEDIUM","NONE",2,8,"LOW",0.0042275218096878,0,0.00936284995884793,"MEDIUM","NONE",2,0,"INSUFFICIENT_SAMPLE",0.00194329631574359,0,0.00430389070688977,"MEDIUM","NONE",2,0,"INSUFFICIENT_SAMPLE",0.0526315789473684,,0.0526315789473684,"LOW","NONE",0,0,"INSUFFICIENT_SAMPLE",,,,,,,,,0.0833233700214793,0.0869565217391304,0.0970331723007876,"MEDIUM","NONE",2,4,"LOW",0.0891726196066227,0.0952380952380952,0.101653799553206,"MEDIUM","NONE",2,4,"LOW",0,0,0,"MEDIUM","NONE",2,0,"INSUFFICIENT_SAMPLE",0,0,0,"MEDIUM","NONE",2,0,"INSUFFICIENT_SAMPLE"
5,"00-0040184","12670","KeAndre Lambert-Smith","WR","LAC",2026,1,"LAC",1,"last_game_row",0.159532479147871,0,0.227744625214505,"MEDIUM","NONE",1,0,"INSUFFICIENT_SAMPLE",0.03246313892375,0,0.046343574969602,"MEDIUM","NONE",1,0,"INSUFFICIENT_SAMPLE",0.0709675094174121,0,0.101311462850736,"MEDIUM","NONE",1,0,"INSUFFICIENT_SAMPLE",0.175147243627919,,0.175147243627919,"MEDIUM","NONE",0,0,"INSUFFICIENT_SAMPLE",0.0680714188959136,0,0.0971770755840867,"MEDIUM","NONE",1,0,"INSUFFICIENT_SAMPLE",,,,,,,,,,,,,,,,,0.0280792079625316,0,0.0400851834554608,"MEDIUM","NONE",1,0,"INSUFFICIENT_SAMPLE",,,,,,,,
5,"00-0040187","12473","Mitchell Evans","TE","CAR",2026,3,"CAR",3,"last_game_row",0.421403459327779,0.41932999920616,0.456142416052247,"MEDIUM","NONE",3,86,"LOW",0.044607152640935,0.042056856187291,0.0457224399400673,"MEDIUM","NONE",3,6,"LOW",0.019173318810502,0.0199164825612607,0.0141278015865389,"MEDIUM","NONE",3,6,"LOW",0.254279867824496,,0.254279867824496,"MEDIUM","NONE",0,0,"INSUFFICIENT_SAMPLE",0.246705471741974,0.196296296296296,0.342611808971017,"MEDIUM","NONE",3,6,"LOW",,,,,,,,,,,,,,,,,0.0461534114525132,0.0666666666666667,0.047703128907402,"MEDIUM","NONE",3,2,"LOW",,,,,,,,
5,"00-0040189","12493","Oronde Gadsden","TE","LAC",2026,3,"LAC",3,"last_game_row",0.483700111022387,0.398265589050793,0.562573202383365,"MEDIUM","NONE",3,79,"LOW",0.0687046788965344,0.0605113840407958,0.0794952149760993,"MEDIUM","NONE",3,7,"LOW",0.0870196091259732,0.0628153115803979,0.11698900729145,"MEDIUM","NONE",3,7,"LOW",0.483753851819541,,0.483753851819541,"MEDIUM","NONE",0,0,"INSUFFICIENT_SAMPLE",0.584446534666888,0.511904761904762,0.559747484692263,"MEDIUM","NONE",3,7,"LOW",,,,,,,,,,,,,,,,,0.262325011526267,0.375,0.0518050061089094,"MEDIUM","NONE",3,2,"LOW",,,,,,,,
5,"00-0040194","12658","Jackson Hawes","TE","BUF",2026,3,"BUF",3,"last_game_row",0.420078510679423,0.450723572202445,0.379293552581821,"MEDIUM","NONE",3,87,"LOW",0.0147317116604565,0.0101010101010101,0.0165662542172338,"MEDIUM","NONE",3,1,"LOW",0.043059785230682,0.0451127819548872,0.00962733531517259,"MEDIUM","NONE",3,1,"LOW",0.204452279116108,,0.204452279116108,"MEDIUM","NONE",0,0,"INSUFFICIENT_SAMPLE",0.0838453704217118,0.0666666666666667,0.0714479733884407,"MEDIUM","NONE",3,1,"LOW",,,,,,,,,,,,,,,,,0.0019928671627154,0,0.00564381028733048,"MEDIUM","NONE",3,0,"INSUFFICIENT_SAMPLE",,,,,,,,
5,"00-0040198","12495","Ollie Gordon","RB","MIA",2026,3,"MIA",3,"last_game_row",0.371332330485328,0.363892348138923,0.220102592388925,"MEDIUM","NONE",3,76,"LOW",0.02265018261245,0.0212765957446809,0.0111543106097023,"MEDIUM","NONE",3,3,"LOW",-0.00904665952687949,-0.00339270568278202,-0.0171784500627557,"MEDIUM","NONE",3,3,"LOW",0.204888261797805,,0.204888261797805,"MEDIUM","NONE",0,0,"INSUFFICIENT_SAMPLE",,,,,,,,,0.270334833047644,0.252431476569408,0.162060820770227,"MEDIUM","NONE",3,20,"LOW",0.33739480954264,0.323333333333333,0.179402807133406,"MEDIUM","NONE",3,20,"LOW",0.00377530575102189,0,0.0107052472744766,"MEDIUM","NONE",3,0,"INSUFFICIENT_SAMPLE",0.363607199141316,0.375,0.125470503539818,"MEDIUM","NONE",3,4,"LOW"
5,"00-0040208","12543","Tahj Brooks","RB","CIN",2026,3,"CIN",3,"last_game_row",0.0294314445859874,0.0162317280961349,0.0602870051315273,"MEDIUM","NONE",3,3,"LOW",0.00217525188021169,0,0.00616813863503191,"MEDIUM","NONE",3,0,"INSUFFICIENT_SAMPLE",-0.000710869207649699,0,-0.00201573889628447,"MEDIUM","NONE",3,0,"INSUFFICIENT_SAMPLE",0.0665545580633464,,0.0665545580633464,"MEDIUM","NONE",0,0,"INSUFFICIENT_SAMPLE",,,,,,,,,0.0186344182424634,0,0.0528397084256267,"MEDIUM","NONE",3,0,"INSUFFICIENT_SAMPLE",0.0202148512776014,0,0.0573211802739199,"MEDIUM","NONE",3,0,"INSUFFICIENT_SAMPLE",0,0,0,"MEDIUM","NONE",3,0,"INSUFFICIENT_SAMPLE",0,0,0,"MEDIUM","NONE",3,0,"INSUFFICIENT_SAMPLE"
5,"00-0040215","12700","Gavin Bartholomew","TE","MIN",2026,3,"MIN",3,"last_game_row",0.030717412835388,0.0225988700564972,,"INSUFFICIENT_SAMPLE","ROOKIE_OR_NO_PRIOR_SEASON",3,4,"LOW",0,0,,"INSUFFICIENT_SAMPLE","ROOKIE_OR_NO_PRIOR_SEASON",3,0,"INSUFFICIENT_SAMPLE",0,0,,"INSUFFICIENT_SAMPLE","ROOKIE_OR_NO_PRIOR_SEASON",3,0,"INSUFFICIENT_SAMPLE",,,,"INSUFFICIENT_SAMPLE","ROOKIE_OR_NO_PRIOR_SEASON",0,0,"INSUFFICIENT_SAMPLE",0,0,,"INSUFFICIENT_SAMPLE","ROOKIE_OR_NO_PRIOR_SEASON",3,0,"INSUFFICIENT_SAMPLE",,,,,,,,,,,,,,,,,0,0,,"INSUFFICIENT_SAMPLE","ROOKIE_OR_NO_PRIOR_SEASON",2,0,"INSUFFICIENT_SAMPLE",,,,,,,,
5,"00-0040218","12523","Jimmy Horn","WR","CAR",2026,1,"CAR",1,"last_game_row",0.236000505917929,0.205882352941176,0.248574084436705,"MEDIUM","NONE",1,14,"MEDIUM",0.0297763356441048,0.0217391304347826,0.0331316685839745,"MEDIUM","NONE",1,1,"LOW",0.0127229465944572,0.00819672131147541,0.0146125328859263,"MEDIUM","NONE",1,1,"LOW",0.232997453780542,,0.232997453780542,"MEDIUM","NONE",0,0,"INSUFFICIENT_SAMPLE",0.0679322924061874,0.05,0.0754185777293576,"MEDIUM","NONE",1,1,"LOW",,,,,,,,,,,,,,,,,0.0280076911940813,0,0.0397384646982612,"MEDIUM","NONE",1,0,"INSUFFICIENT_SAMPLE",,,,,,,,
5,"00-0040234","12500","Quinn Ewers","QB","JAX",2026,3,"JAX",1,"last_game_row",0.580982074180891,0.0491803278688525,0.874688068602414,"LOW","TEAM_CHANGE",1,3,"LOW",,,,,,,,,,,,,,,,,,,,,,,,,,,,,,,,,0.0152478322403307,0,0.0236689774546437,"LOW","TEAM_CHANGE",1,0,"INSUFFICIENT_SAMPLE",,,,,,,,,,,,,,,,,0,0,0,"LOW","TEAM_CHANGE",1,0,"INSUFFICIENT_SAMPLE"
5,"00-0040236","12534","Kyle Monangai","RB","CHI",2026,3,"CHI",3,"last_game_row",0.374042733087823,0.361139378125679,0.42031078711728,"MEDIUM","NONE",3,79,"LOW",0.0397314955152494,0.0318181818181818,0.0650753067726423,"MEDIUM","NONE",3,4,"LOW",0.00565005929844041,0.0111495894128138,0.00122144400353565,"MEDIUM","NONE",3,4,"LOW",0.367842138563432,,0.367842138563432,"MEDIUM","NONE",0,0,"INSUFFICIENT_SAMPLE",,,,,,,,,0.338849137114975,0.314347290640394,0.379240341700821,"MEDIUM","NONE",3,30,"LOW",0.377981875740567,0.358363858363858,0.419773641215188,"MEDIUM","NONE",3,30,"LOW",0.0393937257536073,0.0333333333333333,0.0528622396362399,"MEDIUM","NONE",3,1,"LOW",0.322807858824313,0.257575757575758,0.411490378891123,"MEDIUM","NONE",3,6,"LOW"
5,"00-0040237","12485","Tez Johnson","WR","TB",2026,3,"TB",3,"last_game_row",0.265253648811891,0.252111535807188,0.290865014611223,"MEDIUM","NONE",3,48,"LOW",0.0490940078903558,0.0528880938183264,0.0405758422919884,"MEDIUM","NONE",3,7,"LOW",0.146894625612014,0.182782558603965,0.0746059009198676,"MEDIUM","NONE",3,7,"LOW",0.21918366597731,,0.21918366597731,"MEDIUM","NONE",0,0,"INSUFFICIENT_SAMPLE",0.117423778344902,0.129072681704261,0.091911945347135,"MEDIUM","NONE",3,7,"LOW",,,,,,,,,,,,,,,,,0.047708304496355,0.0779220779220779,0.0224139779853716,"MEDIUM","NONE",3,2,"LOW",,,,,,,,
5,"00-0040238","12544","LeQuint Allen","RB","JAX",2026,3,"JAX",3,"last_game_row",0.164544792082032,0.116282129123659,0.220585322246504,"MEDIUM","NONE",3,21,"LOW",0.0292065537165156,0.0300925925925926,0.0145314055671469,"MEDIUM","NONE",3,3,"LOW",0.00824289921916943,0.011822418444935,-0.00287552836512427,"MEDIUM","NONE",3,3,"LOW",0.19584698325332,,0.19584698325332,"MEDIUM","NONE",0,0,"INSUFFICIENT_SAMPLE",,,,,,,,,0.0196950791863893,0,0.0557765678523582,"MEDIUM","NONE",3,0,"INSUFFICIENT_SAMPLE",0.0248013605529289,0,0.070237583541539,"MEDIUM","NONE",3,0,"INSUFFICIENT_SAMPLE",0.0712123983084569,0.111111111111111,0.00597674337613334,"MEDIUM","NONE",3,1,"LOW",0.0131074176320534,0,0.0371397561499929,"MEDIUM","NONE",3,0,"INSUFFICIENT_SAMPLE"
5,"00-0040242","12533","Jacory Croskey-Merritt","RB","WAS",2026,3,"WAS",3,"last_game_row",0.460967506704195,0.478000340350561,0.405738888598437,"MEDIUM","NONE",3,99,"LOW",0.0168901620148912,0.0241483879369686,0.00309652107635828,"MEDIUM","NONE",3,3,"LOW",0.00167451264875061,-0.00156874797506614,-0.00119546121360505,"MEDIUM","NONE",3,3,"LOW",0.220189520669432,,0.220189520669432,"MEDIUM","NONE",0,0,"INSUFFICIENT_SAMPLE",,,,,,,,,0.531531742794414,0.562298850574713,0.450703831658982,"MEDIUM","NONE",3,47,"LOW",0.586616056572555,0.598765432098765,0.537745435366287,"MEDIUM","NONE",3,47,"LOW",0.000458278568230528,0,0.00129949352901363,"MEDIUM","NONE",3,0,"INSUFFICIENT_SAMPLE",0.482803942672253,0.380952380952381,0.538854395450099,"MEDIUM","NONE",3,5,"LOW"
5,"00-0040277","13079","Jahdae Walker","WR","CHI",2026,3,"CHI",3,"last_game_row",0.206600740771251,0.202122200478365,0.297066383506931,"MEDIUM","NONE",3,45,"LOW",0.0225657586403281,0.00833333333333333,0.0548992151675523,"MEDIUM","NONE",3,1,"LOW",0.0360490987000972,0.00104493207941484,0.103651401384603,"MEDIUM","NONE",3,1,"LOW",0.332775256780634,,0.332775256780634,"MEDIUM","NONE",0,0,"INSUFFICIENT_SAMPLE",0.0668740312094109,0.0185185185185185,0.170726116339791,"MEDIUM","NONE",3,1,"LOW",,,,,,,,,,,,,,,,,0.045029170921245,0.0476190476190476,0.0692591879704159,"MEDIUM","NONE",3,1,"LOW",,,,,,,,
5,"00-0040363","12765","Keleki Latu","TE","BUF",2026,3,"BUF",3,"last_game_row",0.151001105698351,0.0673631532786462,0.343864519902603,"MEDIUM","NONE",3,13,"LOW",0.0111443172733714,0,0.0358964979672259,"MEDIUM","NONE",3,0,"INSUFFICIENT_SAMPLE",0.00475972014043618,0,0.0153313370531889,"MEDIUM","NONE",3,0,"INSUFFICIENT_SAMPLE",0.352930290782132,,0.352930290782132,"MEDIUM","NONE",0,0,"INSUFFICIENT_SAMPLE",0.0437225426949378,0,0.140832868131004,"MEDIUM","NONE",3,0,"INSUFFICIENT_SAMPLE",,,,,,,,,,,,,,,,,0,0,0,"MEDIUM","NONE",3,0,"INSUFFICIENT_SAMPLE",,,,,,,,
5,"00-0040390","12938","Jackson Meeks","TE","DET",2026,3,"DET",3,"last_game_row",0.0686111171283418,0.058038258038258,0.0384950362660464,"LOW","POSITION_CHANGE",3,11,"LOW",0.00961589995773571,0.00900900900900901,0,"LOW","POSITION_CHANGE",3,1,"LOW",0.00921731343099019,0.00863557858376511,0,"LOW","POSITION_CHANGE",3,1,"LOW",,,,"INSUFFICIENT_SAMPLE","NO_PRIOR_EVIDENCE_THIS_METRIC",0,0,"INSUFFICIENT_SAMPLE",0.050826899776603,0.0476190476190476,0,"LOW","POSITION_CHANGE",3,1,"LOW",,,,,,,,,,,,,,,,,0,0,0,"LOW","POSITION_CHANGE",3,0,"INSUFFICIENT_SAMPLE",,,,,,,,
5,"00-0040394","12939","Anthony Tyus","RB","CAR",2026,3,"CAR",1,"last_game_row",0,0,,"INSUFFICIENT_SAMPLE","ROOKIE_OR_NO_PRIOR_SEASON",1,0,"INSUFFICIENT_SAMPLE",0,0,,"INSUFFICIENT_SAMPLE","ROOKIE_OR_NO_PRIOR_SEASON",1,0,"INSUFFICIENT_SAMPLE",0,0,,"INSUFFICIENT_SAMPLE","ROOKIE_OR_NO_PRIOR_SEASON",1,0,"INSUFFICIENT_SAMPLE",,,,"INSUFFICIENT_SAMPLE","ROOKIE_OR_NO_PRIOR_SEASON",0,0,"INSUFFICIENT_SAMPLE",,,,,,,,,0,0,,"INSUFFICIENT_SAMPLE","ROOKIE_OR_NO_PRIOR_SEASON",1,0,"INSUFFICIENT_SAMPLE",0,0,,"INSUFFICIENT_SAMPLE","ROOKIE_OR_NO_PRIOR_SEASON",1,0,"INSUFFICIENT_SAMPLE",0,0,,"INSUFFICIENT_SAMPLE","ROOKIE_OR_NO_PRIOR_SEASON",1,0,"INSUFFICIENT_SAMPLE",0,0,,"INSUFFICIENT_SAMPLE","ROOKIE_OR_NO_PRIOR_SEASON",1,0,"INSUFFICIENT_SAMPLE"
5,"00-0040405","12925","Jamaal Pritchett","WR","NYJ",2026,3,"NYJ",1,"last_game_row",0,0,,"INSUFFICIENT_SAMPLE","ROOKIE_OR_NO_PRIOR_SEASON",1,0,"INSUFFICIENT_SAMPLE",0,0,,"INSUFFICIENT_SAMPLE","ROOKIE_OR_NO_PRIOR_SEASON",1,0,"INSUFFICIENT_SAMPLE",0,0,,"INSUFFICIENT_SAMPLE","ROOKIE_OR_NO_PRIOR_SEASON",1,0,"INSUFFICIENT_SAMPLE",,,,"INSUFFICIENT_SAMPLE","ROOKIE_OR_NO_PRIOR_SEASON",0,0,"INSUFFICIENT_SAMPLE",0,0,,"INSUFFICIENT_SAMPLE","ROOKIE_OR_NO_PRIOR_SEASON",1,0,"INSUFFICIENT_SAMPLE",,,,,,,,,,,,,,,,,0,0,,"INSUFFICIENT_SAMPLE","ROOKIE_OR_NO_PRIOR_SEASON",1,0,"INSUFFICIENT_SAMPLE",,,,,,,,
5,"00-0040429","12787","Josh Williams","RB","TB",2026,1,"TB",1,"last_game_row",0.0248019052472189,0,0.0406938371973589,"LOW","NONE",1,0,"INSUFFICIENT_SAMPLE",0,0,0,"LOW","NONE",1,0,"INSUFFICIENT_SAMPLE",0,0,0,"LOW","NONE",1,0,"INSUFFICIENT_SAMPLE",0.037037037037037,,0.037037037037037,"LOW","NONE",0,0,"INSUFFICIENT_SAMPLE",,,,,,,,,0.0251951155968561,0,0.0413389988409085,"LOW","NONE",1,0,"INSUFFICIENT_SAMPLE",0.0269327097759497,0,0.0441899642782125,"LOW","NONE",1,0,"INSUFFICIENT_SAMPLE",0,0,0,"LOW","NONE",1,0,"INSUFFICIENT_SAMPLE",0,0,0,"LOW","NONE",1,0,"INSUFFICIENT_SAMPLE"
5,"00-0040466","12472","Raheim Sanders","RB","CLE",2026,4,"CLE",4,"last_game_row",0.335589137028826,0.336346232041204,0.287998781807426,"MEDIUM","NONE",4,81,"MEDIUM",0.0632335594866063,0.0716115481740482,0.0370684997991311,"MEDIUM","NONE",4,11,"MEDIUM",-0.0113020363798588,-0.019984412501858,0.0234986367314937,"MEDIUM","NONE",4,11,"MEDIUM",0.205168279793756,,0.205168279793756,"LOW","NONE",0,0,"INSUFFICIENT_SAMPLE",,,,,,,,,0.114584217229282,0.0703136918382914,0.283890343970132,"MEDIUM","NONE",4,6,"MEDIUM",0.141111934324041,0.0907219973009447,0.344591464667054,"MEDIUM","NONE",4,6,"MEDIUM",0,0,0,"LOW","NONE",4,0,"INSUFFICIENT_SAMPLE",0.106835818768331,0,0.534179093841654,"MEDIUM","NONE",4,0,"INSUFFICIENT_SAMPLE"
5,"00-0040506","13075","Myles Price","WR","MIN",2026,3,"MIN",3,"last_game_row",0.136698125828881,0.205394568981228,0.0170730401339449,"MEDIUM","NONE",3,33,"LOW",0.00829572821166766,0.0133333333333333,0,"MEDIUM","NONE",3,1,"LOW",0.00264195165976677,0.00424628450106157,0,"MEDIUM","NONE",3,1,"LOW",0.0443509928523084,,0.0443509928523084,"LOW","NONE",0,0,"INSUFFICIENT_SAMPLE",0.017282767107641,0.0277777777777778,0,"MEDIUM","NONE",3,1,"LOW",,,,,,,,,,,,,,,,,0,0,0,"MEDIUM","NONE",2,0,"INSUFFICIENT_SAMPLE",,,,,,,,
5,"00-0040534","12971","Ke'Shawn Williams","WR","CIN",2026,3,"CIN",1,"last_game_row",0.0389752589387183,0,0.0554841379218499,"MEDIUM","NONE",1,0,"INSUFFICIENT_SAMPLE",0.00345979438982299,0,0.00492527091116983,"MEDIUM","NONE",1,0,"INSUFFICIENT_SAMPLE",0.00277558132019382,0,0.0039512434548564,"MEDIUM","NONE",1,0,"INSUFFICIENT_SAMPLE",0.0674828687413396,,0.0674828687413396,"MEDIUM","NONE",0,0,"INSUFFICIENT_SAMPLE",0.00708434089344707,0,0.0100850785323954,"MEDIUM","NONE",1,0,"INSUFFICIENT_SAMPLE",,,,,,,,,,,,,,,,,0,0,0,"MEDIUM","NONE",1,0,"INSUFFICIENT_SAMPLE",,,,,,,,
5,"00-0040556","12491","Corey Kiner","RB","NE",2026,3,"NE",3,"last_game_row",0.119273355495114,0.105043960478454,0.148611082657223,"LOW","TEAM_CHANGE",3,20,"LOW",0.0161461310734984,0.00833333333333333,0.0278945922679479,"LOW","TEAM_CHANGE",3,1,"LOW",0.00231557431987269,-0.00276243093922652,0.017114610395474,"LOW","TEAM_CHANGE",3,1,"LOW",0.130709093432797,,0.130709093432797,"LOW","TEAM_CHANGE",0,0,"INSUFFICIENT_SAMPLE",,,,,,,,,0.187799507622208,0.188808373590982,0.169670567794943,"LOW","TEAM_CHANGE",3,14,"LOW",0.205420932175145,0.206349206349206,0.187467349647548,"LOW","TEAM_CHANGE",3,14,"LOW",0.0189322924818804,0,0.065087381958545,"LOW","TEAM_CHANGE",3,0,"INSUFFICIENT_SAMPLE",0.320377241017041,0,0.585786437626905,"LOW","TEAM_CHANGE",1,0,"INSUFFICIENT_SAMPLE"
5,"00-0040563","12542","Efton Chism","WR","NE",2026,3,"NE",2,"last_game_row",0.265364677179733,0.221323749625636,0.305044693781331,"MEDIUM","NONE",2,26,"LOW",0.0305289438774384,0.0422413793103448,0.0170645781560095,"MEDIUM","NONE",2,3,"LOW",0.0159951354522404,-0.000958394407486751,0.0318580729684293,"MEDIUM","NONE",2,3,"LOW",0.167700189009051,,0.167700189009051,"MEDIUM","NONE",0,0,"INSUFFICIENT_SAMPLE",0.0668675389103256,0.0889328063241107,0.0444405034675176,"MEDIUM","NONE",2,3,"LOW",,,,,,,,,,,,,,,,,0.0500201235896728,0.0714285714285714,0.0152705460782708,"MEDIUM","NONE",2,1,"LOW",,,,,,,,
5,"00-0040568","12969","Lan Larison","RB","NE",2026,1,"NE",1,"last_game_row",0.0422535211267606,0.0422535211267606,,"INSUFFICIENT_SAMPLE","ROOKIE_OR_NO_PRIOR_SEASON",1,3,"LOW",0.0454545454545455,0.0454545454545455,,"INSUFFICIENT_SAMPLE","ROOKIE_OR_NO_PRIOR_SEASON",1,2,"LOW",-0.0135746606334842,-0.0135746606334842,,"INSUFFICIENT_SAMPLE","ROOKIE_OR_NO_PRIOR_SEASON",1,2,"LOW",,,,"INSUFFICIENT_SAMPLE","ROOKIE_OR_NO_PRIOR_SEASON",0,0,"INSUFFICIENT_SAMPLE",,,,,,,,,0,0,,"INSUFFICIENT_SAMPLE","ROOKIE_OR_NO_PRIOR_SEASON",1,0,"INSUFFICIENT_SAMPLE",0,0,,"INSUFFICIENT_SAMPLE","ROOKIE_OR_NO_PRIOR_SEASON",1,0,"INSUFFICIENT_SAMPLE",0,0,,"INSUFFICIENT_SAMPLE","ROOKIE_OR_NO_PRIOR_SEASON",1,0,"INSUFFICIENT_SAMPLE",,,,"INSUFFICIENT_SAMPLE","ROOKIE_OR_NO_PRIOR_SEASON",0,0,"INSUFFICIENT_SAMPLE"
5,"00-0040582","12539","Arian Smith","WR","NYJ",2026,2,"NYJ",2,"last_game_row",0.127576309609358,0.0224743150684932,0.234602042916976,"MEDIUM","NONE",2,3,"LOW",0.0272175350147577,0.0178571428571429,0.0396904508436472,"MEDIUM","NONE",2,1,"LOW",0.0458989957947026,0.0119047619047619,0.0820770845731462,"MEDIUM","NONE",2,1,"LOW",0.236441118962041,,0.236441118962041,"MEDIUM","NONE",0,0,"INSUFFICIENT_SAMPLE",0.048933634428273,0.0384615384615385,0.0660716324402731,"MEDIUM","NONE",2,1,"LOW",,,,,,,,,,,,,,,,,0,0,0,"MEDIUM","NONE",2,0,"INSUFFICIENT_SAMPLE",,,,,,,,
5,"00-0040583","12474","Woody Marks","RB","HOU",2026,3,"HOU",3,"last_game_row",0.502859870708331,0.45257071417409,0.624215582587027,"MEDIUM","NONE",3,98,"LOW",0.0498712365414769,0.0482954545454545,0.052411339308098,"MEDIUM","NONE",3,8,"LOW",0.0091365171808563,0.00163643933800534,0.0248283414052515,"MEDIUM","NONE",3,8,"LOW",0.55188354449936,,0.55188354449936,"MEDIUM","NONE",0,0,"INSUFFICIENT_SAMPLE",,,,,,,,,0.419257027191609,0.353917050691244,0.556185849777416,"MEDIUM","NONE",3,22,"LOW",0.479398073346377,0.398091133004926,0.634077001187791,"MEDIUM","NONE",3,22,"LOW",0.116022548682001,0.0833333333333333,0.181896667634099,"MEDIUM","NONE",3,2,"LOW",0.498222208098036,0.388888888888889,0.564135976720522,"MEDIUM","NONE",3,3,"LOW"
5,"00-0040584","12502","Gunnar Helm","TE","TEN",2026,3,"TEN",3,"last_game_row",0.743231719819708,0.814863731656185,0.601854959831871,"MEDIUM","NONE",3,133,"LOW",0.0951425508758973,0.102521367521368,0.0854594521142525,"MEDIUM","NONE",3,11,"LOW",0.0731080884382669,0.0698412698412698,0.0685158204509838,"MEDIUM","NONE",3,11,"LOW",0.428546514831208,,0.428546514831208,"MEDIUM","NONE",0,0,"INSUFFICIENT_SAMPLE",0.579089396091845,0.722222222222222,0.349026461996447,"MEDIUM","NONE",3,11,"LOW",,,,,,,,,,,,,,,,,0.176830528562035,0.225396825396825,0.126181359747021,"MEDIUM","NONE",3,3,"LOW",,,,,,,,
5,"00-0040590","12718","Konata Mumpfield","WR","LAR",2026,3,"LAR",3,"last_game_row",0.540047023492107,0.586015325670498,0.36124179674128,"MEDIUM","NONE",3,122,"LOW",0.0741175772472502,0.0740188772975658,0.052915145638851,"MEDIUM","NONE",3,11,"LOW",0.130949181291471,0.134089062793377,0.0750535793906873,"MEDIUM","NONE",3,11,"LOW",0.348659500394313,,0.348659500394313,"MEDIUM","NONE",0,0,"INSUFFICIENT_SAMPLE",0.184633547939735,0.191036414565826,0.104082224091822,"MEDIUM","NONE",3,11,"LOW",,,,,,,,,,,,,,,,,0.0644092837922186,0.0303030303030303,0.106906910156525,"MEDIUM","NONE",3,1,"LOW",,,,,,,,
5,"00-0040621","13199","Montorie Foster","WR","SEA",2026,1,"SEA",1,"last_game_row",0,0,,"INSUFFICIENT_SAMPLE","ROOKIE_OR_NO_PRIOR_SEASON",1,0,"INSUFFICIENT_SAMPLE",0,0,,"INSUFFICIENT_SAMPLE","ROOKIE_OR_NO_PRIOR_SEASON",1,0,"INSUFFICIENT_SAMPLE",0,0,,"INSUFFICIENT_SAMPLE","ROOKIE_OR_NO_PRIOR_SEASON",1,0,"INSUFFICIENT_SAMPLE",,,,"INSUFFICIENT_SAMPLE","ROOKIE_OR_NO_PRIOR_SEASON",0,0,"INSUFFICIENT_SAMPLE",0,0,,"INSUFFICIENT_SAMPLE","ROOKIE_OR_NO_PRIOR_SEASON",1,0,"INSUFFICIENT_SAMPLE",,,,,,,,,,,,,,,,,0,0,,"INSUFFICIENT_SAMPLE","ROOKIE_OR_NO_PRIOR_SEASON",1,0,"INSUFFICIENT_SAMPLE",,,,,,,,
5,"00-0040646","12505","Jalen Royals","WR","KC",2026,3,"KC",3,"last_game_row",0.186604853356831,0.114102564102564,0.289732650149817,"MEDIUM","NONE",3,22,"LOW",0.0266557814579558,0.0247252747252747,0.0229494041097338,"MEDIUM","NONE",3,3,"LOW",0.0151173559136436,0.00541305138052566,0.0316969348242063,"MEDIUM","NONE",3,3,"LOW",0.289685883348877,,0.289685883348877,"LOW","NONE",0,0,"INSUFFICIENT_SAMPLE",0.0732526367052766,0.0588972431077694,0.0876249975098926,"MEDIUM","NONE",3,3,"LOW",,,,,,,,,,,,,,,,,0.0194352404632537,0.0303030303030303,0,"MEDIUM","NONE",3,1,"LOW",,,,,,,,
5,"00-0040648","12497","Tory Horton","WR","SEA",2026,3,"SEA",2,"last_game_row",0.392370626212267,0.26908315565032,0.532149829962507,"MEDIUM","NONE",2,37,"LOW",0.0666150703666525,0.03,0.100180813416293,"MEDIUM","NONE",2,3,"LOW",0.133534551438348,0.0758620689655172,0.181168267894576,"MEDIUM","NONE",2,3,"LOW",0.598666123189392,,0.598666123189392,"MEDIUM","NONE",0,0,"INSUFFICIENT_SAMPLE",0.123948285180128,0.06,0.181179125356021,"MEDIUM","NONE",2,3,"LOW",,,,,,,,,,,,,,,,,0.0833491598126467,0,0.17225493027947,"MEDIUM","NONE",2,0,"INSUFFICIENT_SAMPLE",,,,,,,,
5,"00-0040663","12506","Harold Fannin","TE","CLE",2026,4,"CLE",4,"last_game_row",0.840324072306518,0.879523583626999,0.688506292799003,"MEDIUM","NONE",4,209,"MEDIUM",0.156120584135042,0.148291812354312,0.168414110253717,"MEDIUM","NONE",4,23,"MEDIUM",0.222141576507537,0.206408589767138,0.234342932744383,"MEDIUM","NONE",4,23,"MEDIUM",0.581323817207617,,0.581323817207617,"MEDIUM","NONE",0,0,"INSUFFICIENT_SAMPLE",0.85612245564669,0.875,0.67377753775123,"MEDIUM","NONE",4,23,"MEDIUM",,,,,,,,,,,,,,,,,0.184091845441349,0.133333333333333,0.226377628106586,"MEDIUM","NONE",4,3,"MEDIUM",,,,,,,,
5,"00-0040666","12507","Omarion Hampton","RB","LAC",2026,3,"LAC",3,"last_game_row",0.497504027489158,0.547966360555588,0.440235248928517,"MEDIUM","NONE",3,104,"LOW",0.0434966208088614,0.0275443510737628,0.0696622158827844,"MEDIUM","NONE",3,3,"LOW",-0.0251236477504512,-0.0201872315866307,-0.0282017259689058,"MEDIUM","NONE",3,3,"LOW",0.316397687989446,,0.316397687989446,"MEDIUM","NONE",0,0,"INSUFFICIENT_SAMPLE",,,,,,,,,0.578861015634594,0.667508417508417,0.454197607342625,"MEDIUM","NONE",3,50,"LOW",0.65100953681524,0.732142857142857,0.527876276648168,"MEDIUM","NONE",3,50,"LOW",0.0127145057398824,0,0.036711973788958,"MEDIUM","NONE",3,0,"INSUFFICIENT_SAMPLE",0.586962571388286,0.611111111111111,0.507790921291258,"MEDIUM","NONE",3,10,"LOW"
5,"00-0040667","12501","Matthew Golden","WR","GB",2026,3,"GB",3,"last_game_row",0.738961492395492,0.83537266986918,0.563852549209949,"MEDIUM","NONE",3,161,"LOW",0.169537160813909,0.21101667211507,0.10107690574888,"MEDIUM","NONE",3,30,"LOW",0.330969761508176,0.390044768598429,0.176764185867588,"MEDIUM","NONE",3,30,"LOW",0.435968590217138,,0.435968590217138,"MEDIUM","NONE",0,0,"INSUFFICIENT_SAMPLE",0.311768119517408,0.350052246603971,0.249062120718033,"MEDIUM","NONE",3,30,"LOW",,,,,,,,,,,,,,,,,0.10029873237157,0.18452380952381,0.00184499665394301,"MEDIUM","NONE",3,4,"LOW",,,,,,,,
5,"00-0040668","12524","Shedeur Sanders","QB","CLE",2026,3,"CLE",1,"last_game_row",0.684679595451052,0.0147058823529412,0.98069260707633,"MEDIUM","NONE",1,1,"LOW",,,,,,,,,,,,,,,,,,,,,,,,,,,,,,,,,0.0127003136966588,0,0.0183116653548442,"MEDIUM","NONE",1,0,"INSUFFICIENT_SAMPLE",,,,,,,,,,,,,,,,,0.026034952783418,0,0.0378645849637608,"MEDIUM","NONE",1,0,"INSUFFICIENT_SAMPLE"
5,"00-0040669","12535","Isaac TeSlaa","WR","DET",2026,3,"DET",3,"last_game_row",0.602679413567296,0.64041144041144,0.575599766768561,"MEDIUM","NONE",3,132,"LOW",0.0715731861786002,0.071388992385811,0.0614666500082645,"MEDIUM","NONE",3,9,"LOW",0.141868440652951,0.131581736588746,0.138561031300444,"MEDIUM","NONE",3,9,"LOW",0.581412022991577,,0.581412022991577,"MEDIUM","NONE",0,0,"INSUFFICIENT_SAMPLE",0.15017954018425,0.156313131313131,0.108579375070741,"MEDIUM","NONE",3,9,"LOW",,,,,,,,,,,,,,,,,0.10613694158534,0.0703703703703704,0.149694815214666,"MEDIUM","NONE",3,2,"LOW",,,,,,,,
5,"00-0040676","12522","Cam Ward","QB","TEN",2026,3,"TEN",3,"last_game_row",0.907805535995502,1,0.738767771987903,"MEDIUM","NONE",3,163,"LOW",,,,,,,,,,,,,,,,,,,,,,,,,,,,,,,,,0.0407970392374979,0.0396825396825397,0.0340821057258754,"MEDIUM","NONE",3,3,"LOW",,,,,,,,,,,,,,,,,0.231563637337361,0.111111111111111,0.372638487987553,"MEDIUM","NONE",2,2,"LOW"
5,"00-0040691","12508","Jaxson Dart","QB","NYG",2026,2,"NYG",2,"last_game_row",0.74293506200442,0.58307210031348,0.984013736418964,"MEDIUM","NONE",2,76,"LOW",,,,,,,,,,,,,,,,,,,,,,,,,,,,,,,,,0.0834499410998216,0.0909090909090909,0.0916524071707138,"MEDIUM","NONE",2,6,"LOW",,,,,,,,,,,,,,,,,0.111307190804628,0,0.223857903044445,"MEDIUM","NONE",2,0,"INSUFFICIENT_SAMPLE"
5,"00-0040705","12540","Chimere Dike","WR","TEN",2026,3,"TEN",3,"last_game_row",0.297294762893122,0.0725786163522013,0.70391476504871,"MEDIUM","NONE",3,12,"LOW",0.0575888718207872,0.0168803418803419,0.131493000178215,"MEDIUM","NONE",3,2,"LOW",0.0735460288761665,0.00964912280701754,0.190903168307147,"MEDIUM","NONE",3,2,"LOW",0.686423031522877,,0.686423031522877,"MEDIUM","NONE",0,0,"INSUFFICIENT_SAMPLE",0.134288162278225,0.0341666666666667,0.321315442841076,"MEDIUM","NONE",3,2,"LOW",,,,,,,,,,,,,,,,,0.0450593335906556,0,0.127904701675506,"MEDIUM","NONE",3,0,"INSUFFICIENT_SAMPLE",,,,,,,,
5,"00-0040715","12481","Cam Skattebo","RB","NYG",2026,3,"NYG",3,"last_game_row",0.624215813079342,0.666782770231046,0.506902125364786,"MEDIUM","NONE",3,125,"LOW",0.100243771364219,0.0874779541446208,0.0934293338167803,"MEDIUM","NONE",3,8,"LOW",0.07392010816535,0.0794232649071359,0.00450372929594162,"MEDIUM","NONE",3,8,"LOW",0.378537611030062,,0.378537611030062,"MEDIUM","NONE",0,0,"INSUFFICIENT_SAMPLE",,,,,,,,,0.499675275951606,0.540916410481628,0.416283446208691,"MEDIUM","NONE",3,50,"LOW",0.607680749760135,0.663517768780927,0.503234455433282,"MEDIUM","NONE",3,50,"LOW",0.043393615287163,0,0.128025149401136,"MEDIUM","NONE",3,0,"INSUFFICIENT_SAMPLE",0.469034568059938,0.54047619047619,0.369185116276267,"MEDIUM","NONE",3,9,"LOW"
5,"00-0040718","12530","Travis Hunter","WR","JAX",2026,3,"JAX",3,"last_game_row",0.304253451712546,0.0853470957296094,0.742093699070834,"MEDIUM","NONE",3,15,"LOW",0.0580099083306488,0.0133333333333333,0.156185866448336,"MEDIUM","NONE",3,1,"LOW",0.0583983184229543,-0.00413223140495868,0.181161062874267,"MEDIUM","NONE",3,1,"LOW",0.692286099064333,,0.692286099064333,"MEDIUM","NONE",0,0,"INSUFFICIENT_SAMPLE",0.104813070793103,0.0238095238095238,0.282582166022796,"MEDIUM","NONE",3,1,"LOW",,,,,,,,,,,,,,,,,0.0541983289899187,0,0.16745283737973,"MEDIUM","NONE",3,0,"INSUFFICIENT_SAMPLE",,,,,,,,
5,"00-0040719","12490","Bhayshul Tuten","RB","JAX",2026,3,"JAX",3,"last_game_row",0.408398975372407,0.503440599069014,0.239372683077479,"MEDIUM","NONE",3,88,"LOW",0.0392776882137334,0.0526851851851852,0.010091140016318,"MEDIUM","NONE",3,5,"LOW",-0.0176093704848698,-0.0286800373796159,0.00657993171995322,"MEDIUM","NONE",3,5,"LOW",0.222024629736393,,0.222024629736393,"MEDIUM","NONE",0,0,"INSUFFICIENT_SAMPLE",,,,,,,,,0.408181434361237,0.525383141762452,0.193627168121991,"MEDIUM","NONE",3,43,"LOW",0.461191775711653,0.589277389277389,0.230934491050537,"MEDIUM","NONE",3,43,"LOW",0.0727334412938177,0.111111111111111,0.0101131609114165,"MEDIUM","NONE",3,1,"LOW",0.368694292472048,0.388888888888889,0.237361565773616,"MEDIUM","NONE",3,6,"LOW"
5,"00-0040727","12509","Tre Harris","WR","LAC",2026,3,"LAC",3,"last_game_row",0.679398872295737,0.720328528634823,0.642921417603891,"MEDIUM","NONE",3,137,"LOW",0.119466083271464,0.136249371543489,0.08434913310505,"MEDIUM","NONE",3,16,"LOW",0.179809385864486,0.19413146844781,0.147868088052357,"MEDIUM","NONE",3,16,"LOW",0.480836213240822,,0.480836213240822,"MEDIUM","NONE",0,0,"INSUFFICIENT_SAMPLE",0.253940230879793,0.289473684210526,0.171458991348905,"MEDIUM","NONE",3,16,"LOW",,,,,,,,,,,,,,,,,0.130956809481088,0.125,0.0596022559643693,"MEDIUM","NONE",3,3,"LOW",,,,,,,,
5,"00-0040729","12483","Jack Bech","WR","LV",2026,3,"LV",3,"last_game_row",0.43842391201852,0.381271995977878,0.602677842344305,"MEDIUM","NONE",3,72,"LOW",0.0602716994153749,0.0618686868686869,0.0832851019469731,"MEDIUM","NONE",3,6,"LOW",0.08988004976841,0.0683990535455559,0.158579317975148,"MEDIUM","NONE",3,6,"LOW",0.517246835385603,,0.517246835385603,"MEDIUM","NONE",0,0,"INSUFFICIENT_SAMPLE",0.138022395172557,0.125,0.213906011407781,"MEDIUM","NONE",3,6,"LOW",,,,,,,,,,,,,,,,,0.0593071803291194,0.0833333333333333,0.0642311151828662,"MEDIUM","NONE",3,2,"LOW",,,,,,,,
5,"00-0040730","12489","RJ Harvey","RB","DEN",2026,3,"DEN",2,"last_game_row",0.504545281147849,0.43910447761194,0.583975260252017,"MEDIUM","NONE",2,50,"LOW",0.135586917789059,0.142508710801394,0.123806554634471,"MEDIUM","NONE",2,11,"LOW",-0.0572857518978271,-0.149294947121034,0.0194160407936688,"MEDIUM","NONE",2,11,"LOW",0.483936232843857,,0.483936232843857,"MEDIUM","NONE",0,0,"INSUFFICIENT_SAMPLE",,,,,,,,,0.32428101420704,0.138461538461538,0.520930406907499,"MEDIUM","NONE",2,5,"LOW",0.401557641087565,0.186363636363636,0.631887404269493,"MEDIUM","NONE",2,5,"LOW",0.148342352565943,0.0714285714285714,0.213090349710561,"MEDIUM","NONE",2,2,"LOW",0.174496639454978,0,0.349476597327078,"MEDIUM","NONE",2,0,"INSUFFICIENT_SAMPLE"
5,"00-0040734","12529","TreVeyon Henderson","RB","NE",2026,3,"NE",2,"last_game_row",0.410571014209185,0.493860437256664,0.349334644199987,"MEDIUM","NONE",2,56,"LOW",0.0250240764570152,0.0125,0.03541066426503,"MEDIUM","NONE",2,1,"LOW",0.000244263599274468,0.00552486187845304,-0.00598855509077987,"MEDIUM","NONE",2,1,"LOW",0.289317878191238,,0.289317878191238,"MEDIUM","NONE",0,0,"INSUFFICIENT_SAMPLE",,,,,,,,,0.432795614399873,0.507246376811594,0.385664503859698,"MEDIUM","NONE",2,24,"LOW",0.45364404382242,0.523809523809524,0.407957426424756,"MEDIUM","NONE",2,24,"LOW",0.00311317263685667,0,0.00622849651066329,"MEDIUM","NONE",2,0,"INSUFFICIENT_SAMPLE",0.385649332383377,0.333333333333333,0.407349297845429,"MEDIUM","NONE",1,1,"LOW"
5,"00-0040735","12519","Luther Burden","WR","CHI",2026,3,"CHI",3,"last_game_row",0.608000973272875,0.645749075886062,0.558038394140255,"MEDIUM","NONE",3,141,"LOW",0.187569761253113,0.191188197767145,0.145633723384241,"MEDIUM","NONE",3,23,"LOW",0.242074376928506,0.278764210169271,0.148892154629948,"MEDIUM","NONE",3,23,"LOW",0.55433349329405,,0.55433349329405,"MEDIUM","NONE",0,0,"INSUFFICIENT_SAMPLE",0.384835113774897,0.385092592592593,0.352540046761366,"MEDIUM","NONE",3,23,"LOW",,,,,,,,,,,,,,,,,0.213244074322237,0.2,0.154454802624777,"MEDIUM","NONE",3,6,"LOW",,,,,,,,
5,"00-0040736","12498","Mason Taylor","TE","NYJ",2026,2,"NYJ",2,"last_game_row",0.668632244082646,0.576626712328767,0.780901031163946,"MEDIUM","NONE",2,78,"LOW",0.093168069096945,0.0535714285714286,0.142501172591699,"MEDIUM","NONE",2,3,"LOW",0.0695290116377911,0.00297619047619048,0.137341697766256,"MEDIUM","NONE",2,3,"LOW",0.629748185113088,,0.629748185113088,"MEDIUM","NONE",0,0,"INSUFFICIENT_SAMPLE",0.449924978780078,0.214285714285714,0.725373160607061,"MEDIUM","NONE",2,3,"LOW",,,,,,,,,,,,,,,,,0.0133979802955675,0,0.0269456425260159,"MEDIUM","NONE",2,0,"INSUFFICIENT_SAMPLE",,,,,,,,
5,"00-0040737","12487","Terrance Ferguson","TE","LAR",2026,3,"LAR",3,"last_game_row",0.46468193290751,0.466420361247948,0.519963997583382,"MEDIUM","NONE",3,89,"LOW",0.0923596347437591,0.111939062758735,0.0616390852536792,"MEDIUM","NONE",3,12,"LOW",0.083025629167503,0.0864055293929847,0.0987208897488381,"MEDIUM","NONE",3,12,"LOW",0.450847789168372,,0.450847789168372,"MEDIUM","NONE",0,0,"INSUFFICIENT_SAMPLE",0.301507878682368,0.344771241830065,0.246741695361245,"MEDIUM","NONE",3,12,"LOW",,,,,,,,,,,,,,,,,0.0784275030496763,0.0833333333333333,0.0753679160333102,"MEDIUM","NONE",3,1,"LOW",,,,,,,,
5,"00-0040739","12521","Elijah Arroyo","TE","SEA",2026,3,"SEA",3,"last_game_row",0.262731414873365,0.235810742207331,0.30235129625873,"MEDIUM","NONE",3,44,"LOW",0.0195495405219484,0.0114942528735632,0.035217322906521,"MEDIUM","NONE",3,1,"LOW",0.0412131808908821,0.0205580029368576,0.0807495587656733,"MEDIUM","NONE",3,1,"LOW",0.273301983622882,,0.273301983622882,"MEDIUM","NONE",0,0,"INSUFFICIENT_SAMPLE",0.13630663972431,0.111111111111111,0.190696169404235,"MEDIUM","NONE",3,1,"LOW",,,,,,,,,,,,,,,,,0.00465872674019479,0,0.0132439410656651,"MEDIUM","NONE",3,0,"INSUFFICIENT_SAMPLE",,,,,,,,
5,"00-0040743","12545","Tyler Shough","QB","NO",2026,3,"NO",3,"last_game_row",0.997037011110616,1.00872044273017,0.977797089505969,"MEDIUM","NONE",3,232,"LOW",,,,,,,,,,,,,,,,,,,,,,,,,,,,,,,,,0.0824448931028747,0.108985507246377,0.0559976492309523,"MEDIUM","NONE",3,8,"LOW",,,,,,,,,,,,,,,,,0.221673632945186,0.2,0.278005389110857,"MEDIUM","NONE",3,3,"LOW"
5,"00-0040782","12503","Isaiah Bond","WR","CLE",2026,4,"CLE",4,"last_game_row",0.186465810591104,0.0987790277401283,0.455029472817712,"MEDIUM","NONE",4,23,"MEDIUM",0.0244760028456056,0.0133547008547009,0.0516981723577296,"MEDIUM","NONE",4,2,"MEDIUM",0.0587927994379578,0.0181957355762137,0.18837449473939,"MEDIUM","NONE",4,2,"MEDIUM",0.427593505998744,,0.427593505998744,"MEDIUM","NONE",0,0,"INSUFFICIENT_SAMPLE",0.0638009570215634,0.0298245614035088,0.154845310640936,"MEDIUM","NONE",4,2,"MEDIUM",,,,,,,,,,,,,,,,,0.00239284954010523,0,0.00965159674434334,"MEDIUM","NONE",4,0,"INSUFFICIENT_SAMPLE",,,,,,,,
5,"00-0040784","12512","Quinshon Judkins","RB","CLE",2026,4,"CLE",4,"last_game_row",0.605510811708254,0.637579628625644,0.513117262609816,"MEDIUM","NONE",4,150,"MEDIUM",0.112142110635482,0.106582653457653,0.0932350668251156,"MEDIUM","NONE",4,16,"MEDIUM",-0.0390248782307486,-0.0410831965668312,-0.015427359602212,"MEDIUM","NONE",4,16,"MEDIUM",0.339855787670604,,0.339855787670604,"MEDIUM","NONE",0,0,"INSUFFICIENT_SAMPLE",,,,,,,,,0.681557040372437,0.680177345537757,0.625443836574106,"MEDIUM","NONE",4,59,"MEDIUM",0.835893191878432,0.880111336032389,0.71095390750726,"MEDIUM","NONE",4,59,"MEDIUM",0.166971979625892,0.141666666666667,0.0595084635049554,"MEDIUM","NONE",4,3,"MEDIUM",0.780903637274441,0.816666666666667,0.588811919061498,"MEDIUM","NONE",4,9,"MEDIUM"
5,"00-0040785","13264","Dohnte Meyers","WR","CIN",2026,3,"CIN",3,"last_game_row",0.350051960512986,0.302191448489397,,"INSUFFICIENT_SAMPLE","ROOKIE_OR_NO_PRIOR_SEASON",3,53,"LOW",0.0701148537991453,0.0586815955878857,,"INSUFFICIENT_SAMPLE","ROOKIE_OR_NO_PRIOR_SEASON",3,7,"LOW",0.0260855337908764,0.0184087465789855,,"INSUFFICIENT_SAMPLE","ROOKIE_OR_NO_PRIOR_SEASON",3,7,"LOW",,,,"INSUFFICIENT_SAMPLE","ROOKIE_OR_NO_PRIOR_SEASON",0,0,"INSUFFICIENT_SAMPLE",0.121360463990305,0.105627705627706,,"INSUFFICIENT_SAMPLE","ROOKIE_OR_NO_PRIOR_SEASON",3,7,"LOW",,,,,,,,,,,,,,,,,0,0,,"INSUFFICIENT_SAMPLE","ROOKIE_OR_NO_PRIOR_SEASON",3,0,"INSUFFICIENT_SAMPLE",,,,,,,,
5,"00-0040867","13294","Makai Lemon","WR","PHI",2026,3,"PHI",3,"last_game_row",0.669103302283468,0.663985435286329,,"INSUFFICIENT_SAMPLE","ROOKIE_OR_NO_PRIOR_SEASON",3,118,"LOW",0.0890215172402225,0.0873716646630463,,"INSUFFICIENT_SAMPLE","ROOKIE_OR_NO_PRIOR_SEASON",3,9,"LOW",0.14872636779545,0.113764913831198,,"INSUFFICIENT_SAMPLE","ROOKIE_OR_NO_PRIOR_SEASON",3,9,"LOW",,,,"INSUFFICIENT_SAMPLE","ROOKIE_OR_NO_PRIOR_SEASON",0,0,"INSUFFICIENT_SAMPLE",0.185262913912777,0.188162221410303,,"INSUFFICIENT_SAMPLE","ROOKIE_OR_NO_PRIOR_SEASON",3,9,"LOW",,,,,,,,,,,,,,,,,0,0,,"INSUFFICIENT_SAMPLE","ROOKIE_OR_NO_PRIOR_SEASON",3,0,"INSUFFICIENT_SAMPLE",,,,,,,,
5,"00-0040870","13293","Ja'Kobi Lane","WR","BAL",2026,1,"BAL",1,"last_game_row",0.421875,0.421875,,"INSUFFICIENT_SAMPLE","ROOKIE_OR_NO_PRIOR_SEASON",1,27,"MEDIUM",0.09375,0.09375,,"INSUFFICIENT_SAMPLE","ROOKIE_OR_NO_PRIOR_SEASON",1,3,"LOW",0.111111111111111,0.111111111111111,,"INSUFFICIENT_SAMPLE","ROOKIE_OR_NO_PRIOR_SEASON",1,3,"LOW",,,,"INSUFFICIENT_SAMPLE","ROOKIE_OR_NO_PRIOR_SEASON",0,0,"INSUFFICIENT_SAMPLE",0.214285714285714,0.214285714285714,,"INSUFFICIENT_SAMPLE","ROOKIE_OR_NO_PRIOR_SEASON",1,3,"LOW",,,,,,,,,,,,,,,,,0.4,0.4,,"INSUFFICIENT_SAMPLE","ROOKIE_OR_NO_PRIOR_SEASON",1,2,"LOW",,,,,,,,
5,"00-0040878","13305","Mike Washington Jr.","RB","LV",2026,3,"LV",3,"last_game_row",0.18267628261416,0.187254901960784,,"INSUFFICIENT_SAMPLE","ROOKIE_OR_NO_PRIOR_SEASON",3,36,"LOW",0.00970840124294063,0.0101010101010101,,"INSUFFICIENT_SAMPLE","ROOKIE_OR_NO_PRIOR_SEASON",3,1,"LOW",0.0113207505659732,0.0117785630153121,,"INSUFFICIENT_SAMPLE","ROOKIE_OR_NO_PRIOR_SEASON",3,1,"LOW",,,,"INSUFFICIENT_SAMPLE","ROOKIE_OR_NO_PRIOR_SEASON",0,0,"INSUFFICIENT_SAMPLE",,,,,,,,,0.174267973562053,0.174410774410774,,"INSUFFICIENT_SAMPLE","ROOKIE_OR_NO_PRIOR_SEASON",3,15,"LOW",0.18399171999456,0.184713261648746,,"INSUFFICIENT_SAMPLE","ROOKIE_OR_NO_PRIOR_SEASON",3,15,"LOW",0,0,,"INSUFFICIENT_SAMPLE","ROOKIE_OR_NO_PRIOR_SEASON",3,0,"INSUFFICIENT_SAMPLE",0.102403407203395,0.130952380952381,,"INSUFFICIENT_SAMPLE","ROOKIE_OR_NO_PRIOR_SEASON",3,2,"LOW"
5,"00-0040879",,"Matthew Hibner","TE","BAL",2026,3,"BAL",3,"last_game_row",0.4147464763365,0.397569444444444,,"INSUFFICIENT_SAMPLE","ROOKIE_OR_NO_PRIOR_SEASON",3,74,"LOW",0.0394423922624039,0.0342261904761905,,"INSUFFICIENT_SAMPLE","ROOKIE_OR_NO_PRIOR_SEASON",3,3,"LOW",0.0133551133526356,0.0104426710319896,,"INSUFFICIENT_SAMPLE","ROOKIE_OR_NO_PRIOR_SEASON",3,3,"LOW",,,,"INSUFFICIENT_SAMPLE","ROOKIE_OR_NO_PRIOR_SEASON",0,0,"INSUFFICIENT_SAMPLE",0.141588074788117,0.125,,"INSUFFICIENT_SAMPLE","ROOKIE_OR_NO_PRIOR_SEASON",3,3,"LOW",,,,,,,,,,,,,,,,,0.0647259770459961,0.0476190476190476,,"INSUFFICIENT_SAMPLE","ROOKIE_OR_NO_PRIOR_SEASON",3,1,"LOW",,,,,,,,
5,"00-0040886","13288","Nicholas Singleton","RB","TEN",2026,3,"TEN",2,"last_game_row",0.0468921014007277,0.0566037735849057,,"INSUFFICIENT_SAMPLE","ROOKIE_OR_NO_PRIOR_SEASON",2,6,"LOW",0,0,,"INSUFFICIENT_SAMPLE","ROOKIE_OR_NO_PRIOR_SEASON",2,0,"INSUFFICIENT_SAMPLE",0,0,,"INSUFFICIENT_SAMPLE","ROOKIE_OR_NO_PRIOR_SEASON",2,0,"INSUFFICIENT_SAMPLE",,,,"INSUFFICIENT_SAMPLE","ROOKIE_OR_NO_PRIOR_SEASON",0,0,"INSUFFICIENT_SAMPLE",,,,,,,,,0.0591733660532993,0.0714285714285714,,"INSUFFICIENT_SAMPLE","ROOKIE_OR_NO_PRIOR_SEASON",2,4,"LOW",0.0662741699796952,0.08,,"INSUFFICIENT_SAMPLE","ROOKIE_OR_NO_PRIOR_SEASON",2,4,"LOW",0,0,,"INSUFFICIENT_SAMPLE","ROOKIE_OR_NO_PRIOR_SEASON",2,0,"INSUFFICIENT_SAMPLE",0.0460237291525661,0.0555555555555556,,"INSUFFICIENT_SAMPLE","ROOKIE_OR_NO_PRIOR_SEASON",2,1,"LOW"
5,"00-0040887","13273","Josh Cuevas","TE","BAL",2026,3,"BAL",3,"last_game_row",0.162611937804591,0.143823099415205,,"INSUFFICIENT_SAMPLE","ROOKIE_OR_NO_PRIOR_SEASON",3,27,"LOW",0.016181494261499,0.0119047619047619,,"INSUFFICIENT_SAMPLE","ROOKIE_OR_NO_PRIOR_SEASON",3,1,"LOW",0.00750964374566806,0.00552486187845304,,"INSUFFICIENT_SAMPLE","ROOKIE_OR_NO_PRIOR_SEASON",3,1,"LOW",,,,"INSUFFICIENT_SAMPLE","ROOKIE_OR_NO_PRIOR_SEASON",0,0,"INSUFFICIENT_SAMPLE",0.0566352299152466,0.0416666666666667,,"INSUFFICIENT_SAMPLE","ROOKIE_OR_NO_PRIOR_SEASON",3,1,"LOW",,,,,,,,,,,,,,,,,0,0,,"INSUFFICIENT_SAMPLE","ROOKIE_OR_NO_PRIOR_SEASON",3,0,"INSUFFICIENT_SAMPLE",,,,,,,,
5,"00-0040890","13413","Cyrus Allen","WR","KC",2026,3,"KC",3,"last_game_row",0.024159697009474,0.0239607614607615,,"INSUFFICIENT_SAMPLE","ROOKIE_OR_NO_PRIOR_SEASON",3,5,"LOW",0.00666296822532313,0.00980392156862745,,"INSUFFICIENT_SAMPLE","ROOKIE_OR_NO_PRIOR_SEASON",3,1,"LOW",0.00851657592710475,0.012531328320802,,"INSUFFICIENT_SAMPLE","ROOKIE_OR_NO_PRIOR_SEASON",3,1,"LOW",,,,"INSUFFICIENT_SAMPLE","ROOKIE_OR_NO_PRIOR_SEASON",0,0,"INSUFFICIENT_SAMPLE",0.0226540919660986,0.0333333333333333,,"INSUFFICIENT_SAMPLE","ROOKIE_OR_NO_PRIOR_SEASON",3,1,"LOW",,,,,,,,,,,,,,,,,0,0,,"INSUFFICIENT_SAMPLE","ROOKIE_OR_NO_PRIOR_SEASON",3,0,"INSUFFICIENT_SAMPLE",,,,,,,,
5,"00-0040894","13329","Malik Benson","WR","LV",2026,3,"LV",3,"last_game_row",0.0937655527952606,0.0999497234791352,,"INSUFFICIENT_SAMPLE","ROOKIE_OR_NO_PRIOR_SEASON",3,19,"LOW",0.0344039956827284,0.0386862814188396,,"INSUFFICIENT_SAMPLE","ROOKIE_OR_NO_PRIOR_SEASON",3,4,"LOW",0.128025840955849,0.126364882845698,,"INSUFFICIENT_SAMPLE","ROOKIE_OR_NO_PRIOR_SEASON",3,4,"LOW",,,,"INSUFFICIENT_SAMPLE","ROOKIE_OR_NO_PRIOR_SEASON",0,0,"INSUFFICIENT_SAMPLE",0.0895304506413677,0.0928030303030303,,"INSUFFICIENT_SAMPLE","ROOKIE_OR_NO_PRIOR_SEASON",3,4,"LOW",,,,,,,,,,,,,,,,,0,0,,"INSUFFICIENT_SAMPLE","ROOKIE_OR_NO_PRIOR_SEASON",3,0,"INSUFFICIENT_SAMPLE",,,,,,,,
5,"00-0040948","13770","J Michael Sturdivant","WR","GB",2026,3,"GB",2,"last_game_row",0.24957171347441,0.235362095531587,,"INSUFFICIENT_SAMPLE","ROOKIE_OR_NO_PRIOR_SEASON",2,30,"LOW",0.0313814163014413,0.0267857142857143,,"INSUFFICIENT_SAMPLE","ROOKIE_OR_NO_PRIOR_SEASON",2,3,"LOW",0.0328757694586528,0.0280612244897959,,"INSUFFICIENT_SAMPLE","ROOKIE_OR_NO_PRIOR_SEASON",2,3,"LOW",,,,"INSUFFICIENT_SAMPLE","ROOKIE_OR_NO_PRIOR_SEASON",0,0,"INSUFFICIENT_SAMPLE",0.0532533125115368,0.0454545454545455,,"INSUFFICIENT_SAMPLE","ROOKIE_OR_NO_PRIOR_SEASON",2,3,"LOW",,,,,,,,,,,,,,,,,0,0,,"INSUFFICIENT_SAMPLE","ROOKIE_OR_NO_PRIOR_SEASON",2,0,"INSUFFICIENT_SAMPLE",,,,,,,,
5,"00-0041013","13337","Emmett Johnson","RB","KC",2026,3,"KC",3,"last_game_row",0.263860543720169,0.274339549339549,,"INSUFFICIENT_SAMPLE","ROOKIE_OR_NO_PRIOR_SEASON",3,53,"LOW",0.0256481380282248,0.0324283559577677,,"INSUFFICIENT_SAMPLE","ROOKIE_OR_NO_PRIOR_SEASON",3,4,"LOW",-0.018517777071414,-0.0251391838374562,,"INSUFFICIENT_SAMPLE","ROOKIE_OR_NO_PRIOR_SEASON",3,4,"LOW",,,,"INSUFFICIENT_SAMPLE","ROOKIE_OR_NO_PRIOR_SEASON",0,0,"INSUFFICIENT_SAMPLE",,,,,,,,,0.192789778389814,0.19047619047619,,"INSUFFICIENT_SAMPLE","ROOKIE_OR_NO_PRIOR_SEASON",3,16,"LOW",0.196377035801389,0.194995864350703,,"INSUFFICIENT_SAMPLE","ROOKIE_OR_NO_PRIOR_SEASON",3,16,"LOW",0,0,,"INSUFFICIENT_SAMPLE","ROOKIE_OR_NO_PRIOR_SEASON",3,0,"INSUFFICIENT_SAMPLE",0.0566352299152466,0.0833333333333333,,"INSUFFICIENT_SAMPLE","ROOKIE_OR_NO_PRIOR_SEASON",3,1,"LOW"
5,"00-0041027","13287","Jeremiyah Love","RB","ARI",2026,3,"ARI",3,"last_game_row",0.527336726083953,0.501089324618736,,"INSUFFICIENT_SAMPLE","ROOKIE_OR_NO_PRIOR_SEASON",3,108,"LOW",0.0902976414254852,0.0909197012138189,,"INSUFFICIENT_SAMPLE","ROOKIE_OR_NO_PRIOR_SEASON",3,12,"LOW",0.0167853629563714,0.0152936702223896,,"INSUFFICIENT_SAMPLE","ROOKIE_OR_NO_PRIOR_SEASON",3,12,"LOW",,,,"INSUFFICIENT_SAMPLE","ROOKIE_OR_NO_PRIOR_SEASON",0,0,"INSUFFICIENT_SAMPLE",,,,,,,,,0.591370947663692,0.55110153256705,,"INSUFFICIENT_SAMPLE","ROOKIE_OR_NO_PRIOR_SEASON",3,41,"LOW",0.682893835021697,0.622800207039337,,"INSUFFICIENT_SAMPLE","ROOKIE_OR_NO_PRIOR_SEASON",3,41,"LOW",0.103831254844619,0.0972222222222222,,"INSUFFICIENT_SAMPLE","ROOKIE_OR_NO_PRIOR_SEASON",3,3,"LOW",0.692551609031518,0.69047619047619,,"INSUFFICIENT_SAMPLE","ROOKIE_OR_NO_PRIOR_SEASON",3,9,"LOW"
5,"00-0041032","13330","Kenyon Sadiq","TE","NYJ",2026,3,"NYJ",3,"last_game_row",0.478472645662499,0.461040196485402,,"INSUFFICIENT_SAMPLE","ROOKIE_OR_NO_PRIOR_SEASON",3,93,"LOW",0.117859719711165,0.110544217687075,,"INSUFFICIENT_SAMPLE","ROOKIE_OR_NO_PRIOR_SEASON",3,14,"LOW",0.119883249331497,0.0912855260681348,,"INSUFFICIENT_SAMPLE","ROOKIE_OR_NO_PRIOR_SEASON",3,14,"LOW",,,,"INSUFFICIENT_SAMPLE","ROOKIE_OR_NO_PRIOR_SEASON",0,0,"INSUFFICIENT_SAMPLE",0.548219218363203,0.533333333333333,,"INSUFFICIENT_SAMPLE","ROOKIE_OR_NO_PRIOR_SEASON",3,14,"LOW",,,,,,,,,,,,,,,,,0,0,,"INSUFFICIENT_SAMPLE","ROOKIE_OR_NO_PRIOR_SEASON",3,0,"INSUFFICIENT_SAMPLE",,,,,,,,
5,"00-0041035","13417","De'Zhaun Stribling","WR","SF",2026,1,"SF",1,"last_game_row",0.323076923076923,0.323076923076923,,"INSUFFICIENT_SAMPLE","ROOKIE_OR_NO_PRIOR_SEASON",1,21,"MEDIUM",0,0,,"INSUFFICIENT_SAMPLE","ROOKIE_OR_NO_PRIOR_SEASON",1,0,"INSUFFICIENT_SAMPLE",0,0,,"INSUFFICIENT_SAMPLE","ROOKIE_OR_NO_PRIOR_SEASON",1,0,"INSUFFICIENT_SAMPLE",,,,"INSUFFICIENT_SAMPLE","ROOKIE_OR_NO_PRIOR_SEASON",0,0,"INSUFFICIENT_SAMPLE",0,0,,"INSUFFICIENT_SAMPLE","ROOKIE_OR_NO_PRIOR_SEASON",1,0,"INSUFFICIENT_SAMPLE",,,,,,,,,,,,,,,,,0,0,,"INSUFFICIENT_SAMPLE","ROOKIE_OR_NO_PRIOR_SEASON",1,0,"INSUFFICIENT_SAMPLE",,,,,,,,
5,"00-0041037","13346","Denzel Boston","WR","CLE",2026,4,"CLE",4,"last_game_row",0.951532956623013,0.945372503840246,,"INSUFFICIENT_SAMPLE","ROOKIE_OR_NO_PRIOR_SEASON",4,224,"MEDIUM",0.156700456886989,0.153141996891997,,"INSUFFICIENT_SAMPLE","ROOKIE_OR_NO_PRIOR_SEASON",4,23,"MEDIUM",0.50522202900592,0.49538731379392,,"INSUFFICIENT_SAMPLE","ROOKIE_OR_NO_PRIOR_SEASON",4,23,"MEDIUM",,,,"INSUFFICIENT_SAMPLE","ROOKIE_OR_NO_PRIOR_SEASON",0,0,"INSUFFICIENT_SAMPLE",0.376105424437343,0.374980721033353,,"INSUFFICIENT_SAMPLE","ROOKIE_OR_NO_PRIOR_SEASON",4,23,"MEDIUM",,,,,,,,,,,,,,,,,0.165617684344684,0.195833333333333,,"INSUFFICIENT_SAMPLE","ROOKIE_OR_NO_PRIOR_SEASON",4,4,"MEDIUM",,,,,,,,
5,"00-0041040","13301","Antonio Williams","WR","WAS",2026,3,"WAS",3,"last_game_row",0.431423847258185,0.42743225522288,,"INSUFFICIENT_SAMPLE","ROOKIE_OR_NO_PRIOR_SEASON",3,89,"LOW",0.0906885462218595,0.0893471749362802,,"INSUFFICIENT_SAMPLE","ROOKIE_OR_NO_PRIOR_SEASON",3,11,"LOW",0.148584889117049,0.142582413922418,,"INSUFFICIENT_SAMPLE","ROOKIE_OR_NO_PRIOR_SEASON",3,11,"LOW",,,,"INSUFFICIENT_SAMPLE","ROOKIE_OR_NO_PRIOR_SEASON",0,0,"INSUFFICIENT_SAMPLE",0.159267092741238,0.162222222222222,,"INSUFFICIENT_SAMPLE","ROOKIE_OR_NO_PRIOR_SEASON",3,11,"LOW",,,,,,,,,,,,,,,,,0.0503424265913303,0.0740740740740741,,"INSUFFICIENT_SAMPLE","ROOKIE_OR_NO_PRIOR_SEASON",3,2,"LOW",,,,,,,,
5,"00-0041041","13319","Oscar Delp","TE","NO",2026,3,"NO",2,"last_game_row",0.166465088954118,0.161758773699072,,"INSUFFICIENT_SAMPLE","ROOKIE_OR_NO_PRIOR_SEASON",2,23,"LOW",0.00986222767554988,0.0119047619047619,,"INSUFFICIENT_SAMPLE","ROOKIE_OR_NO_PRIOR_SEASON",2,1,"LOW",0.0136126522845618,0.0164319248826291,,"INSUFFICIENT_SAMPLE","ROOKIE_OR_NO_PRIOR_SEASON",2,1,"LOW",,,,"INSUFFICIENT_SAMPLE","ROOKIE_OR_NO_PRIOR_SEASON",0,0,"INSUFFICIENT_SAMPLE",0.082842712474619,0.1,,"INSUFFICIENT_SAMPLE","ROOKIE_OR_NO_PRIOR_SEASON",2,1,"LOW",,,,,,,,,,,,,,,,,0,0,,"INSUFFICIENT_SAMPLE","ROOKIE_OR_NO_PRIOR_SEASON",2,0,"INSUFFICIENT_SAMPLE",,,,,,,,
5,"00-0041042","13285","Malachi Fields","WR","NYG",2026,3,"NYG",3,"last_game_row",0.747676058971227,0.755444427858221,,"INSUFFICIENT_SAMPLE","ROOKIE_OR_NO_PRIOR_SEASON",3,141,"LOW",0.115942935886785,0.122238255571589,,"INSUFFICIENT_SAMPLE","ROOKIE_OR_NO_PRIOR_SEASON",3,12,"LOW",0.225374432922012,0.251614164727475,,"INSUFFICIENT_SAMPLE","ROOKIE_OR_NO_PRIOR_SEASON",3,12,"LOW",,,,"INSUFFICIENT_SAMPLE","ROOKIE_OR_NO_PRIOR_SEASON",0,0,"INSUFFICIENT_SAMPLE",0.283790970727534,0.298290598290598,,"INSUFFICIENT_SAMPLE","ROOKIE_OR_NO_PRIOR_SEASON",3,12,"LOW",,,,,,,,,,,,,,,,,0,0,,"INSUFFICIENT_SAMPLE","ROOKIE_OR_NO_PRIOR_SEASON",3,0,"INSUFFICIENT_SAMPLE",,,,,,,,
5,"00-0041044","13320","Zachariah Branch","WR","ATL",2026,3,"ATL",3,"last_game_row",0.218329598875458,0.230434782608696,,"INSUFFICIENT_SAMPLE","ROOKIE_OR_NO_PRIOR_SEASON",3,45,"LOW",0.0468751814999076,0.0392486683487525,,"INSUFFICIENT_SAMPLE","ROOKIE_OR_NO_PRIOR_SEASON",3,4,"LOW",0.0254259718668585,0.0144077216383155,,"INSUFFICIENT_SAMPLE","ROOKIE_OR_NO_PRIOR_SEASON",3,4,"LOW",,,,"INSUFFICIENT_SAMPLE","ROOKIE_OR_NO_PRIOR_SEASON",0,0,"INSUFFICIENT_SAMPLE",0.0880338667109822,0.0762527233115468,,"INSUFFICIENT_SAMPLE","ROOKIE_OR_NO_PRIOR_SEASON",3,4,"LOW",,,,,,,,,,,,,,,,,0,0,,"INSUFFICIENT_SAMPLE","ROOKIE_OR_NO_PRIOR_SEASON",1,0,"INSUFFICIENT_SAMPLE",,,,,,,,
5,"00-0041048","13317","Ted Hurst","WR","TB",2026,3,"TB",3,"last_game_row",0.75199031395921,0.753313956574826,,"INSUFFICIENT_SAMPLE","ROOKIE_OR_NO_PRIOR_SEASON",3,143,"LOW",0.0967655695327944,0.0999045915324985,,"INSUFFICIENT_SAMPLE","ROOKIE_OR_NO_PRIOR_SEASON",3,13,"LOW",0.24585330873223,0.254127778568016,,"INSUFFICIENT_SAMPLE","ROOKIE_OR_NO_PRIOR_SEASON",3,13,"LOW",,,,"INSUFFICIENT_SAMPLE","ROOKIE_OR_NO_PRIOR_SEASON",0,0,"INSUFFICIENT_SAMPLE",0.238117440946876,0.246867167919799,,"INSUFFICIENT_SAMPLE","ROOKIE_OR_NO_PRIOR_SEASON",3,13,"LOW",,,,,,,,,,,,,,,,,0.0582504074576438,0.0606060606060606,,"INSUFFICIENT_SAMPLE","ROOKIE_OR_NO_PRIOR_SEASON",3,2,"LOW",,,,,,,,
5,"00-0041051","13411","Zavion Thomas","WR","CHI",2026,3,"CHI",3,"last_game_row",0.060558240294798,0.0472276581865623,,"INSUFFICIENT_SAMPLE","ROOKIE_OR_NO_PRIOR_SEASON",3,10,"LOW",0.0119232062979467,0.0087719298245614,,"INSUFFICIENT_SAMPLE","ROOKIE_OR_NO_PRIOR_SEASON",3,1,"LOW",-0.00867142276214302,-0.00637958532695375,,"INSUFFICIENT_SAMPLE","ROOKIE_OR_NO_PRIOR_SEASON",3,1,"LOW",,,,"INSUFFICIENT_SAMPLE","ROOKIE_OR_NO_PRIOR_SEASON",0,0,"INSUFFICIENT_SAMPLE",0.0181232735728789,0.0133333333333333,,"INSUFFICIENT_SAMPLE","ROOKIE_OR_NO_PRIOR_SEASON",3,1,"LOW",,,,,,,,,,,,,,,,,0,0,,"INSUFFICIENT_SAMPLE","ROOKIE_OR_NO_PRIOR_SEASON",3,0,"INSUFFICIENT_SAMPLE",,,,,,,,
5,"00-0041052","13414","Kaelon Black","RB","SF",2026,3,"SF",3,"last_game_row",0.274904831241681,0.307237542331882,,"INSUFFICIENT_SAMPLE","ROOKIE_OR_NO_PRIOR_SEASON",3,53,"LOW",0.0207382707623396,0.019761697181052,,"INSUFFICIENT_SAMPLE","ROOKIE_OR_NO_PRIOR_SEASON",3,2,"LOW",-0.0153075177417824,-0.0168546165669847,,"INSUFFICIENT_SAMPLE","ROOKIE_OR_NO_PRIOR_SEASON",3,2,"LOW",,,,"INSUFFICIENT_SAMPLE","ROOKIE_OR_NO_PRIOR_SEASON",0,0,"INSUFFICIENT_SAMPLE",,,,,,,,,0.293155092902125,0.328722002635046,,"INSUFFICIENT_SAMPLE","ROOKIE_OR_NO_PRIOR_SEASON",3,25,"LOW",0.334326933858162,0.375730994152047,,"INSUFFICIENT_SAMPLE","ROOKIE_OR_NO_PRIOR_SEASON",3,25,"LOW",0,0,,"INSUFFICIENT_SAMPLE","ROOKIE_OR_NO_PRIOR_SEASON",3,0,"INSUFFICIENT_SAMPLE",0.288025149401136,0.244444444444444,,"INSUFFICIENT_SAMPLE","ROOKIE_OR_NO_PRIOR_SEASON",3,4,"LOW"
5,"00-0041067","13420","Bryce Lance","WR","NO",2026,3,"NO",3,"last_game_row",0.740534076040652,0.739605192984365,,"INSUFFICIENT_SAMPLE","ROOKIE_OR_NO_PRIOR_SEASON",3,169,"LOW",0.053710337834963,0.054465628933714,,"INSUFFICIENT_SAMPLE","ROOKIE_OR_NO_PRIOR_SEASON",3,9,"LOW",0.115330602091198,0.102347138054035,,"INSUFFICIENT_SAMPLE","ROOKIE_OR_NO_PRIOR_SEASON",3,9,"LOW",,,,"INSUFFICIENT_SAMPLE","ROOKIE_OR_NO_PRIOR_SEASON",0,0,"INSUFFICIENT_SAMPLE",0.120597869393239,0.124726800165397,,"INSUFFICIENT_SAMPLE","ROOKIE_OR_NO_PRIOR_SEASON",3,9,"LOW",,,,,,,,,,,,,,,,,0.0226540919660986,0.0333333333333333,,"INSUFFICIENT_SAMPLE","ROOKIE_OR_NO_PRIOR_SEASON",3,1,"LOW",,,,,,,,
5,"00-0041069","13477","Colbie Young","WR","CIN",2026,3,"CIN",3,"last_game_row",0.094613020012653,0.109964175976665,,"INSUFFICIENT_SAMPLE","ROOKIE_OR_NO_PRIOR_SEASON",3,20,"LOW",0.0199501443748575,0.0173893405600723,,"INSUFFICIENT_SAMPLE","ROOKIE_OR_NO_PRIOR_SEASON",3,2,"LOW",0.0128607001304078,0.0128476949286198,,"INSUFFICIENT_SAMPLE","ROOKIE_OR_NO_PRIOR_SEASON",3,2,"LOW",,,,"INSUFFICIENT_SAMPLE","ROOKIE_OR_NO_PRIOR_SEASON",0,0,"INSUFFICIENT_SAMPLE",0.0326858754372899,0.0284848484848485,,"INSUFFICIENT_SAMPLE","ROOKIE_OR_NO_PRIOR_SEASON",3,2,"LOW",,,,,,,,,,,,,,,,,0,0,,"INSUFFICIENT_SAMPLE","ROOKIE_OR_NO_PRIOR_SEASON",3,0,"INSUFFICIENT_SAMPLE",,,,,,,,
5,"00-0041077","13400","Justin Joly","TE","MIA",2026,3,"MIA",1,"last_game_row",0,0,,"INSUFFICIENT_SAMPLE","ROOKIE_OR_NO_PRIOR_SEASON",1,0,"INSUFFICIENT_SAMPLE",0,0,,"INSUFFICIENT_SAMPLE","ROOKIE_OR_NO_PRIOR_SEASON",1,0,"INSUFFICIENT_SAMPLE",0,0,,"INSUFFICIENT_SAMPLE","ROOKIE_OR_NO_PRIOR_SEASON",1,0,"INSUFFICIENT_SAMPLE",,,,"INSUFFICIENT_SAMPLE","ROOKIE_OR_NO_PRIOR_SEASON",0,0,"INSUFFICIENT_SAMPLE",0,0,,"INSUFFICIENT_SAMPLE","ROOKIE_OR_NO_PRIOR_SEASON",1,0,"INSUFFICIENT_SAMPLE",,,,,,,,,,,,,,,,,0,0,,"INSUFFICIENT_SAMPLE","ROOKIE_OR_NO_PRIOR_SEASON",1,0,"INSUFFICIENT_SAMPLE",,,,,,,,
5,"00-0041081",,"Max Bredeson","RB","MIN",2026,3,"MIN",3,"last_game_row",0.269225504721495,0.294503792180118,,"INSUFFICIENT_SAMPLE","ROOKIE_OR_NO_PRIOR_SEASON",3,51,"LOW",0,0,,"INSUFFICIENT_SAMPLE","ROOKIE_OR_NO_PRIOR_SEASON",3,0,"INSUFFICIENT_SAMPLE",0,0,,"INSUFFICIENT_SAMPLE","ROOKIE_OR_NO_PRIOR_SEASON",3,0,"INSUFFICIENT_SAMPLE",,,,"INSUFFICIENT_SAMPLE","ROOKIE_OR_NO_PRIOR_SEASON",0,0,"INSUFFICIENT_SAMPLE",,,,,,,,,0,0,,"INSUFFICIENT_SAMPLE","ROOKIE_OR_NO_PRIOR_SEASON",3,0,"INSUFFICIENT_SAMPLE",0,0,,"INSUFFICIENT_SAMPLE","ROOKIE_OR_NO_PRIOR_SEASON",3,0,"INSUFFICIENT_SAMPLE",0,0,,"INSUFFICIENT_SAMPLE","ROOKIE_OR_NO_PRIOR_SEASON",2,0,"INSUFFICIENT_SAMPLE",0,0,,"INSUFFICIENT_SAMPLE","ROOKIE_OR_NO_PRIOR_SEASON",1,0,"INSUFFICIENT_SAMPLE"
5,"00-0041084","13408","Tanner Koziol","TE","JAX",2026,3,"JAX",1,"last_game_row",0.0491803278688525,0.0491803278688525,,"INSUFFICIENT_SAMPLE","ROOKIE_OR_NO_PRIOR_SEASON",1,3,"LOW",0,0,,"INSUFFICIENT_SAMPLE","ROOKIE_OR_NO_PRIOR_SEASON",1,0,"INSUFFICIENT_SAMPLE",0,0,,"INSUFFICIENT_SAMPLE","ROOKIE_OR_NO_PRIOR_SEASON",1,0,"INSUFFICIENT_SAMPLE",,,,"INSUFFICIENT_SAMPLE","ROOKIE_OR_NO_PRIOR_SEASON",0,0,"INSUFFICIENT_SAMPLE",0,0,,"INSUFFICIENT_SAMPLE","ROOKIE_OR_NO_PRIOR_SEASON",1,0,"INSUFFICIENT_SAMPLE",,,,,,,,,,,,,,,,,0,0,,"INSUFFICIENT_SAMPLE","ROOKIE_OR_NO_PRIOR_SEASON",1,0,"INSUFFICIENT_SAMPLE",,,,,,,,
5,"00-0041094","13308","Bauer Sharp","TE","TB",2026,3,"TB",3,"last_game_row",0.0582304362690753,0.0503225035833731,,"INSUFFICIENT_SAMPLE","ROOKIE_OR_NO_PRIOR_SEASON",3,10,"LOW",0,0,,"INSUFFICIENT_SAMPLE","ROOKIE_OR_NO_PRIOR_SEASON",3,0,"INSUFFICIENT_SAMPLE",0,0,,"INSUFFICIENT_SAMPLE","ROOKIE_OR_NO_PRIOR_SEASON",3,0,"INSUFFICIENT_SAMPLE",,,,"INSUFFICIENT_SAMPLE","ROOKIE_OR_NO_PRIOR_SEASON",0,0,"INSUFFICIENT_SAMPLE",0,0,,"INSUFFICIENT_SAMPLE","ROOKIE_OR_NO_PRIOR_SEASON",3,0,"INSUFFICIENT_SAMPLE",,,,,,,,,,,,,,,,,0,0,,"INSUFFICIENT_SAMPLE","ROOKIE_OR_NO_PRIOR_SEASON",3,0,"INSUFFICIENT_SAMPLE",,,,,,,,
5,"00-0041096","13405","Kaytron Allen","RB","WAS",2026,3,"WAS",3,"last_game_row",0.0497282250097922,0.0615023474178404,,"INSUFFICIENT_SAMPLE","ROOKIE_OR_NO_PRIOR_SEASON",3,13,"LOW",0,0,,"INSUFFICIENT_SAMPLE","ROOKIE_OR_NO_PRIOR_SEASON",3,0,"INSUFFICIENT_SAMPLE",0,0,,"INSUFFICIENT_SAMPLE","ROOKIE_OR_NO_PRIOR_SEASON",3,0,"INSUFFICIENT_SAMPLE",,,,"INSUFFICIENT_SAMPLE","ROOKIE_OR_NO_PRIOR_SEASON",0,0,"INSUFFICIENT_SAMPLE",,,,,,,,,0.0953224716049235,0.11264367816092,,"INSUFFICIENT_SAMPLE","ROOKIE_OR_NO_PRIOR_SEASON",3,9,"LOW",0.10030687627277,0.118827160493827,,"INSUFFICIENT_SAMPLE","ROOKIE_OR_NO_PRIOR_SEASON",3,9,"LOW",0,0,,"INSUFFICIENT_SAMPLE","ROOKIE_OR_NO_PRIOR_SEASON",3,0,"INSUFFICIENT_SAMPLE",0.0970889655689942,0.142857142857143,,"INSUFFICIENT_SAMPLE","ROOKIE_OR_NO_PRIOR_SEASON",3,3,"LOW"
5,"00-0041099","13533","Barion Brown","WR","NO",2026,2,"NO",2,"last_game_row",0.0500647571106105,0.0542512158309576,,"INSUFFICIENT_SAMPLE","ROOKIE_OR_NO_PRIOR_SEASON",2,9,"LOW",0,0,,"INSUFFICIENT_SAMPLE","ROOKIE_OR_NO_PRIOR_SEASON",2,0,"INSUFFICIENT_SAMPLE",0,0,,"INSUFFICIENT_SAMPLE","ROOKIE_OR_NO_PRIOR_SEASON",2,0,"INSUFFICIENT_SAMPLE",,,,"INSUFFICIENT_SAMPLE","ROOKIE_OR_NO_PRIOR_SEASON",0,0,"INSUFFICIENT_SAMPLE",0,0,,"INSUFFICIENT_SAMPLE","ROOKIE_OR_NO_PRIOR_SEASON",2,0,"INSUFFICIENT_SAMPLE",,,,,,,,,,,,,,,,,0,0,,"INSUFFICIENT_SAMPLE","ROOKIE_OR_NO_PRIOR_SEASON",2,0,"INSUFFICIENT_SAMPLE",,,,,,,,
5,"00-0041100","13394","Josh Cameron","WR","JAX",2026,3,"JAX",3,"last_game_row",0.303939185076906,0.298522566282129,,"INSUFFICIENT_SAMPLE","ROOKIE_OR_NO_PRIOR_SEASON",3,52,"LOW",0.0464408885305022,0.0475,,"INSUFFICIENT_SAMPLE","ROOKIE_OR_NO_PRIOR_SEASON",3,4,"LOW",0.0671925776404946,0.0618304254667891,,"INSUFFICIENT_SAMPLE","ROOKIE_OR_NO_PRIOR_SEASON",3,4,"LOW",,,,"INSUFFICIENT_SAMPLE","ROOKIE_OR_NO_PRIOR_SEASON",0,0,"INSUFFICIENT_SAMPLE",0.0889982184382447,0.0892857142857143,,"INSUFFICIENT_SAMPLE","ROOKIE_OR_NO_PRIOR_SEASON",3,4,"LOW",,,,,,,,,,,,,,,,,0.15857864376269,0.2,,"INSUFFICIENT_SAMPLE","ROOKIE_OR_NO_PRIOR_SEASON",3,2,"LOW",,,,,,,,
5,"00-0041104","13347","Demond Claiborne","RB","MIN",2026,3,"MIN",2,"last_game_row",0.0457170419262785,0.0446544980443286,,"INSUFFICIENT_SAMPLE","ROOKIE_OR_NO_PRIOR_SEASON",2,5,"LOW",0.0165685424949238,0.02,,"INSUFFICIENT_SAMPLE","ROOKIE_OR_NO_PRIOR_SEASON",2,1,"LOW",-0.0184681206153609,-0.0222929936305732,,"INSUFFICIENT_SAMPLE","ROOKIE_OR_NO_PRIOR_SEASON",2,1,"LOW",,,,"INSUFFICIENT_SAMPLE","ROOKIE_OR_NO_PRIOR_SEASON",0,0,"INSUFFICIENT_SAMPLE",,,,,,,,,0.0798799687673052,0.0681818181818182,,"INSUFFICIENT_SAMPLE","ROOKIE_OR_NO_PRIOR_SEASON",2,3,"LOW",0.0836837768038436,0.0714285714285714,,"INSUFFICIENT_SAMPLE","ROOKIE_OR_NO_PRIOR_SEASON",2,3,"LOW",0,0,,"INSUFFICIENT_SAMPLE","ROOKIE_OR_NO_PRIOR_SEASON",1,0,"INSUFFICIENT_SAMPLE",,,,"INSUFFICIENT_SAMPLE","ROOKIE_OR_NO_PRIOR_SEASON",0,0,"INSUFFICIENT_SAMPLE"
5,"00-0041106","13554","C.J. Williams","WR","JAX",2026,1,"JAX",1,"last_game_row",0.185185185185185,0.185185185185185,,"INSUFFICIENT_SAMPLE","ROOKIE_OR_NO_PRIOR_SEASON",1,10,"MEDIUM",0,0,,"INSUFFICIENT_SAMPLE","ROOKIE_OR_NO_PRIOR_SEASON",1,0,"INSUFFICIENT_SAMPLE",0,0,,"INSUFFICIENT_SAMPLE","ROOKIE_OR_NO_PRIOR_SEASON",1,0,"INSUFFICIENT_SAMPLE",,,,"INSUFFICIENT_SAMPLE","ROOKIE_OR_NO_PRIOR_SEASON",0,0,"INSUFFICIENT_SAMPLE",0,0,,"INSUFFICIENT_SAMPLE","ROOKIE_OR_NO_PRIOR_SEASON",1,0,"INSUFFICIENT_SAMPLE",,,,,,,,,,,,,,,,,0,0,,"INSUFFICIENT_SAMPLE","ROOKIE_OR_NO_PRIOR_SEASON",1,0,"INSUFFICIENT_SAMPLE",,,,,,,,
5,"00-0041116","13282","Jack Endries","TE","CIN",2026,2,"CIN",1,"last_game_row",0.0169491525423729,0.0169491525423729,,"INSUFFICIENT_SAMPLE","ROOKIE_OR_NO_PRIOR_SEASON",1,1,"LOW",0,0,,"INSUFFICIENT_SAMPLE","ROOKIE_OR_NO_PRIOR_SEASON",1,0,"INSUFFICIENT_SAMPLE",0,0,,"INSUFFICIENT_SAMPLE","ROOKIE_OR_NO_PRIOR_SEASON",1,0,"INSUFFICIENT_SAMPLE",,,,"INSUFFICIENT_SAMPLE","ROOKIE_OR_NO_PRIOR_SEASON",0,0,"INSUFFICIENT_SAMPLE",0,0,,"INSUFFICIENT_SAMPLE","ROOKIE_OR_NO_PRIOR_SEASON",1,0,"INSUFFICIENT_SAMPLE",,,,,,,,,,,,,,,,,0,0,,"INSUFFICIENT_SAMPLE","ROOKIE_OR_NO_PRIOR_SEASON",1,0,"INSUFFICIENT_SAMPLE",,,,,,,,
5,"00-0041125","13424","Seth McGowan","RB","IND",2026,3,"IND",3,"last_game_row",0.115082513742913,0.10919305003812,,"INSUFFICIENT_SAMPLE","ROOKIE_OR_NO_PRIOR_SEASON",3,21,"LOW",0.00647259770459961,0.00952380952380952,,"INSUFFICIENT_SAMPLE","ROOKIE_OR_NO_PRIOR_SEASON",3,1,"LOW",-0.00225413850408942,-0.0033167495854063,,"INSUFFICIENT_SAMPLE","ROOKIE_OR_NO_PRIOR_SEASON",3,1,"LOW",,,,"INSUFFICIENT_SAMPLE","ROOKIE_OR_NO_PRIOR_SEASON",0,0,"INSUFFICIENT_SAMPLE",,,,,,,,,0.0817693946440658,0.0666666666666667,,"INSUFFICIENT_SAMPLE","ROOKIE_OR_NO_PRIOR_SEASON",3,6,"LOW",0.0917676386102641,0.0750237416904084,,"INSUFFICIENT_SAMPLE","ROOKIE_OR_NO_PRIOR_SEASON",3,6,"LOW",0,0,,"INSUFFICIENT_SAMPLE","ROOKIE_OR_NO_PRIOR_SEASON",3,0,"INSUFFICIENT_SAMPLE",0.151027279773991,0.111111111111111,,"INSUFFICIENT_SAMPLE","ROOKIE_OR_NO_PRIOR_SEASON",3,1,"LOW"
5,"00-0041131","13580","Carsen Ryan","TE","CLE",2026,4,"CLE",4,"last_game_row",0.00978560293270751,0.00849654377880184,,"INSUFFICIENT_SAMPLE","ROOKIE_OR_NO_PRIOR_SEASON",4,2,"MEDIUM",0,0,,"INSUFFICIENT_SAMPLE","ROOKIE_OR_NO_PRIOR_SEASON",4,0,"INSUFFICIENT_SAMPLE",0,0,,"INSUFFICIENT_SAMPLE","ROOKIE_OR_NO_PRIOR_SEASON",4,0,"INSUFFICIENT_SAMPLE",,,,"INSUFFICIENT_SAMPLE","ROOKIE_OR_NO_PRIOR_SEASON",0,0,"INSUFFICIENT_SAMPLE",0,0,,"INSUFFICIENT_SAMPLE","ROOKIE_OR_NO_PRIOR_SEASON",4,0,"INSUFFICIENT_SAMPLE",,,,,,,,,,,,,,,,,0,0,,"INSUFFICIENT_SAMPLE","ROOKIE_OR_NO_PRIOR_SEASON",4,0,"INSUFFICIENT_SAMPLE",,,,,,,,
5,"00-0041132","13333","Deion Burks","WR","IND",2026,3,"IND",3,"last_game_row",0.0786009854595692,0.0623329721921271,,"INSUFFICIENT_SAMPLE","ROOKIE_OR_NO_PRIOR_SEASON",3,13,"LOW",0,0,,"INSUFFICIENT_SAMPLE","ROOKIE_OR_NO_PRIOR_SEASON",3,0,"INSUFFICIENT_SAMPLE",0,0,,"INSUFFICIENT_SAMPLE","ROOKIE_OR_NO_PRIOR_SEASON",3,0,"INSUFFICIENT_SAMPLE",,,,"INSUFFICIENT_SAMPLE","ROOKIE_OR_NO_PRIOR_SEASON",0,0,"INSUFFICIENT_SAMPLE",0,0,,"INSUFFICIENT_SAMPLE","ROOKIE_OR_NO_PRIOR_SEASON",3,0,"INSUFFICIENT_SAMPLE",,,,,,,,,,,,,,,,,0,0,,"INSUFFICIENT_SAMPLE","ROOKIE_OR_NO_PRIOR_SEASON",3,0,"INSUFFICIENT_SAMPLE",,,,,,,,
5,"00-0041194",,"Jack Strand","QB","ATL",2026,2,"ATL",1,"last_game_row",0.420289855072464,0.420289855072464,,"INSUFFICIENT_SAMPLE","ROOKIE_OR_NO_PRIOR_SEASON",1,29,"MEDIUM",,,,,,,,,,,,,,,,,,,,,,,,,,,,,,,,,0,0,,"INSUFFICIENT_SAMPLE","ROOKIE_OR_NO_PRIOR_SEASON",1,0,"INSUFFICIENT_SAMPLE",,,,,,,,,,,,,,,,,,,,"INSUFFICIENT_SAMPLE","ROOKIE_OR_NO_PRIOR_SEASON",0,0,"INSUFFICIENT_SAMPLE"
5,"00-0041251","13425","Jalon Daniels","QB","TB",2026,3,"TB",1,"last_game_row",0.0579710144927536,0.0579710144927536,,"INSUFFICIENT_SAMPLE","ROOKIE_OR_NO_PRIOR_SEASON",1,4,"LOW",,,,,,,,,,,,,,,,,,,,,,,,,,,,,,,,,0,0,,"INSUFFICIENT_SAMPLE","ROOKIE_OR_NO_PRIOR_SEASON",1,0,"INSUFFICIENT_SAMPLE",,,,,,,,,,,,,,,,,0,0,,"INSUFFICIENT_SAMPLE","ROOKIE_OR_NO_PRIOR_SEASON",1,0,"INSUFFICIENT_SAMPLE"
5,"00-0041292","13981","Kolbe Katsis","WR","DEN",2026,3,"DEN",1,"last_game_row",0,0,,"INSUFFICIENT_SAMPLE","ROOKIE_OR_NO_PRIOR_SEASON",1,0,"INSUFFICIENT_SAMPLE",0,0,,"INSUFFICIENT_SAMPLE","ROOKIE_OR_NO_PRIOR_SEASON",1,0,"INSUFFICIENT_SAMPLE",0,0,,"INSUFFICIENT_SAMPLE","ROOKIE_OR_NO_PRIOR_SEASON",1,0,"INSUFFICIENT_SAMPLE",,,,"INSUFFICIENT_SAMPLE","ROOKIE_OR_NO_PRIOR_SEASON",0,0,"INSUFFICIENT_SAMPLE",0,0,,"INSUFFICIENT_SAMPLE","ROOKIE_OR_NO_PRIOR_SEASON",1,0,"INSUFFICIENT_SAMPLE",,,,,,,,,,,,,,,,,0,0,,"INSUFFICIENT_SAMPLE","ROOKIE_OR_NO_PRIOR_SEASON",1,0,"INSUFFICIENT_SAMPLE",,,,,,,,
5,"00-0041314","13827","Tanner Arkin","TE","NE",2026,3,"NE",2,"last_game_row",0.139472961339739,0.119047619047619,,"INSUFFICIENT_SAMPLE","ROOKIE_OR_NO_PRIOR_SEASON",2,15,"LOW",0,0,,"INSUFFICIENT_SAMPLE","ROOKIE_OR_NO_PRIOR_SEASON",2,0,"INSUFFICIENT_SAMPLE",0,0,,"INSUFFICIENT_SAMPLE","ROOKIE_OR_NO_PRIOR_SEASON",2,0,"INSUFFICIENT_SAMPLE",,,,"INSUFFICIENT_SAMPLE","ROOKIE_OR_NO_PRIOR_SEASON",0,0,"INSUFFICIENT_SAMPLE",0,0,,"INSUFFICIENT_SAMPLE","ROOKIE_OR_NO_PRIOR_SEASON",2,0,"INSUFFICIENT_SAMPLE",,,,,,,,,,,,,,,,,0,0,,"INSUFFICIENT_SAMPLE","ROOKIE_OR_NO_PRIOR_SEASON",2,0,"INSUFFICIENT_SAMPLE",,,,,,,,
5,"00-0041326","13277","CJ Donaldson","RB","NO",2026,3,"NO",3,"last_game_row",0.207288781894827,0.209736316897142,,"INSUFFICIENT_SAMPLE","ROOKIE_OR_NO_PRIOR_SEASON",3,47,"LOW",0.00686487635336323,0.0101010101010101,,"INSUFFICIENT_SAMPLE","ROOKIE_OR_NO_PRIOR_SEASON",3,2,"LOW",0.00235000954005173,0.00345781466113416,,"INSUFFICIENT_SAMPLE","ROOKIE_OR_NO_PRIOR_SEASON",3,2,"LOW",,,,"INSUFFICIENT_SAMPLE","ROOKIE_OR_NO_PRIOR_SEASON",0,0,"INSUFFICIENT_SAMPLE",,,,,,,,,0.0492951089097616,0.0546645195920558,,"INSUFFICIENT_SAMPLE","ROOKIE_OR_NO_PRIOR_SEASON",3,4,"LOW",0.0562968608834039,0.0632228719948018,,"INSUFFICIENT_SAMPLE","ROOKIE_OR_NO_PRIOR_SEASON",3,4,"LOW",0,0,,"INSUFFICIENT_SAMPLE","ROOKIE_OR_NO_PRIOR_SEASON",3,0,"INSUFFICIENT_SAMPLE",0.0906163678643946,0.0666666666666667,,"INSUFFICIENT_SAMPLE","ROOKIE_OR_NO_PRIOR_SEASON",3,1,"LOW"
5,"00-0041342","13621","Dillon Bell","WR","MIN",2026,2,"MIN",1,"last_game_row",0,0,,"INSUFFICIENT_SAMPLE","ROOKIE_OR_NO_PRIOR_SEASON",1,0,"INSUFFICIENT_SAMPLE",0,0,,"INSUFFICIENT_SAMPLE","ROOKIE_OR_NO_PRIOR_SEASON",1,0,"INSUFFICIENT_SAMPLE",0,0,,"INSUFFICIENT_SAMPLE","ROOKIE_OR_NO_PRIOR_SEASON",1,0,"INSUFFICIENT_SAMPLE",,,,"INSUFFICIENT_SAMPLE","ROOKIE_OR_NO_PRIOR_SEASON",0,0,"INSUFFICIENT_SAMPLE",0,0,,"INSUFFICIENT_SAMPLE","ROOKIE_OR_NO_PRIOR_SEASON",1,0,"INSUFFICIENT_SAMPLE",,,,,,,,,,,,,,,,,0,0,,"INSUFFICIENT_SAMPLE","ROOKIE_OR_NO_PRIOR_SEASON",1,0,"INSUFFICIENT_SAMPLE",,,,,,,,
5,"00-0041395","13421","Eli Raridon","TE","NE",2026,2,"NE",2,"last_game_row",0.343270083020469,0.371379218708477,,"INSUFFICIENT_SAMPLE","ROOKIE_OR_NO_PRIOR_SEASON",2,49,"LOW",0.0296134769313508,0.0286050156739812,,"INSUFFICIENT_SAMPLE","ROOKIE_OR_NO_PRIOR_SEASON",2,2,"LOW",0.0784661968865755,0.0683003970819097,,"INSUFFICIENT_SAMPLE","ROOKIE_OR_NO_PRIOR_SEASON",2,2,"LOW",,,,"INSUFFICIENT_SAMPLE","ROOKIE_OR_NO_PRIOR_SEASON",0,0,"INSUFFICIENT_SAMPLE",0.201184463531091,0.208333333333333,,"INSUFFICIENT_SAMPLE","ROOKIE_OR_NO_PRIOR_SEASON",2,2,"LOW",,,,,,,,,,,,,,,,,0.207106781186548,0.25,,"INSUFFICIENT_SAMPLE","ROOKIE_OR_NO_PRIOR_SEASON",2,1,"LOW",,,,,,,,
5,"00-0041397","13491","Kaden Wetjen","WR","PIT",2026,4,"PIT",4,"last_game_row",0,0,,"INSUFFICIENT_SAMPLE","ROOKIE_OR_NO_PRIOR_SEASON",4,0,"INSUFFICIENT_SAMPLE",0,0,,"INSUFFICIENT_SAMPLE","ROOKIE_OR_NO_PRIOR_SEASON",4,0,"INSUFFICIENT_SAMPLE",0,0,,"INSUFFICIENT_SAMPLE","ROOKIE_OR_NO_PRIOR_SEASON",4,0,"INSUFFICIENT_SAMPLE",,,,"INSUFFICIENT_SAMPLE","ROOKIE_OR_NO_PRIOR_SEASON",0,0,"INSUFFICIENT_SAMPLE",0,0,,"INSUFFICIENT_SAMPLE","ROOKIE_OR_NO_PRIOR_SEASON",4,0,"INSUFFICIENT_SAMPLE",,,,,,,,,,,,,,,,,0,0,,"INSUFFICIENT_SAMPLE","ROOKIE_OR_NO_PRIOR_SEASON",4,0,"INSUFFICIENT_SAMPLE",,,,,,,,
5,"00-0041398","13433","Riley Nowakowski","RB","PIT",2026,4,"PIT",4,"last_game_row",0.0467941544522187,0.0583823672150242,,"INSUFFICIENT_SAMPLE","ROOKIE_OR_NO_PRIOR_SEASON",4,15,"MEDIUM",0,0,,"INSUFFICIENT_SAMPLE","ROOKIE_OR_NO_PRIOR_SEASON",4,0,"INSUFFICIENT_SAMPLE",0,0,,"INSUFFICIENT_SAMPLE","ROOKIE_OR_NO_PRIOR_SEASON",4,0,"INSUFFICIENT_SAMPLE",,,,"INSUFFICIENT_SAMPLE","ROOKIE_OR_NO_PRIOR_SEASON",0,0,"INSUFFICIENT_SAMPLE",,,,,,,,,0,0,,"INSUFFICIENT_SAMPLE","ROOKIE_OR_NO_PRIOR_SEASON",4,0,"INSUFFICIENT_SAMPLE",0,0,,"INSUFFICIENT_SAMPLE","ROOKIE_OR_NO_PRIOR_SEASON",2,0,"INSUFFICIENT_SAMPLE",0,0,,"INSUFFICIENT_SAMPLE","ROOKIE_OR_NO_PRIOR_SEASON",4,0,"INSUFFICIENT_SAMPLE",0,0,,"INSUFFICIENT_SAMPLE","ROOKIE_OR_NO_PRIOR_SEASON",3,0,"INSUFFICIENT_SAMPLE"
5,"00-0041415","13315","Dean Connors","RB","LAR",2026,3,"LAR",1,"last_game_row",0,0,,"INSUFFICIENT_SAMPLE","ROOKIE_OR_NO_PRIOR_SEASON",1,0,"INSUFFICIENT_SAMPLE",0,0,,"INSUFFICIENT_SAMPLE","ROOKIE_OR_NO_PRIOR_SEASON",1,0,"INSUFFICIENT_SAMPLE",0,0,,"INSUFFICIENT_SAMPLE","ROOKIE_OR_NO_PRIOR_SEASON",1,0,"INSUFFICIENT_SAMPLE",,,,"INSUFFICIENT_SAMPLE","ROOKIE_OR_NO_PRIOR_SEASON",0,0,"INSUFFICIENT_SAMPLE",,,,,,,,,0,0,,"INSUFFICIENT_SAMPLE","ROOKIE_OR_NO_PRIOR_SEASON",1,0,"INSUFFICIENT_SAMPLE",0,0,,"INSUFFICIENT_SAMPLE","ROOKIE_OR_NO_PRIOR_SEASON",1,0,"INSUFFICIENT_SAMPLE",0,0,,"INSUFFICIENT_SAMPLE","ROOKIE_OR_NO_PRIOR_SEASON",1,0,"INSUFFICIENT_SAMPLE",0,0,,"INSUFFICIENT_SAMPLE","ROOKIE_OR_NO_PRIOR_SEASON",1,0,"INSUFFICIENT_SAMPLE"
5,"00-0041436","14026","DJ Herman","RB","MIA",2026,3,"MIA",3,"last_game_row",0.320135653345507,0.308641206586412,,"INSUFFICIENT_SAMPLE","ROOKIE_OR_NO_PRIOR_SEASON",3,59,"LOW",0.0310042491306814,0.032258064516129,,"INSUFFICIENT_SAMPLE","ROOKIE_OR_NO_PRIOR_SEASON",3,3,"LOW",0.0682460395065886,0.0710059171597633,,"INSUFFICIENT_SAMPLE","ROOKIE_OR_NO_PRIOR_SEASON",3,3,"LOW",,,,"INSUFFICIENT_SAMPLE","ROOKIE_OR_NO_PRIOR_SEASON",0,0,"INSUFFICIENT_SAMPLE",,,,,,,,,0,0,,"INSUFFICIENT_SAMPLE","ROOKIE_OR_NO_PRIOR_SEASON",3,0,"INSUFFICIENT_SAMPLE",0,0,,"INSUFFICIENT_SAMPLE","ROOKIE_OR_NO_PRIOR_SEASON",3,0,"INSUFFICIENT_SAMPLE",0,0,,"INSUFFICIENT_SAMPLE","ROOKIE_OR_NO_PRIOR_SEASON",3,0,"INSUFFICIENT_SAMPLE",0,0,,"INSUFFICIENT_SAMPLE","ROOKIE_OR_NO_PRIOR_SEASON",3,0,"INSUFFICIENT_SAMPLE"
5,"00-0041438","13279","Carnell Tate","WR","TEN",2026,3,"TEN",3,"last_game_row",0.841372444866548,0.839350104821803,,"INSUFFICIENT_SAMPLE","ROOKIE_OR_NO_PRIOR_SEASON",3,137,"LOW",0.202613933688396,0.193589743589744,,"INSUFFICIENT_SAMPLE","ROOKIE_OR_NO_PRIOR_SEASON",3,20,"LOW",0.397000432481707,0.385714285714286,,"INSUFFICIENT_SAMPLE","ROOKIE_OR_NO_PRIOR_SEASON",3,20,"LOW",,,,"INSUFFICIENT_SAMPLE","ROOKIE_OR_NO_PRIOR_SEASON",0,0,"INSUFFICIENT_SAMPLE",0.39368832567289,0.396515151515151,,"INSUFFICIENT_SAMPLE","ROOKIE_OR_NO_PRIOR_SEASON",3,20,"LOW",,,,,,,,,,,,,,,,,0.0647259770459961,0.0476190476190476,,"INSUFFICIENT_SAMPLE","ROOKIE_OR_NO_PRIOR_SEASON",3,1,"LOW",,,,,,,,
5,"00-0041467","13541","Lewis Bond","WR","HOU",2026,3,"HOU",2,"last_game_row",0.165792798391618,0.165611814345992,,"INSUFFICIENT_SAMPLE","ROOKIE_OR_NO_PRIOR_SEASON",2,22,"LOW",0.0177511041705123,0.0151515151515152,,"INSUFFICIENT_SAMPLE","ROOKIE_OR_NO_PRIOR_SEASON",2,1,"LOW",0.017486162317221,0.0149253731343284,,"INSUFFICIENT_SAMPLE","ROOKIE_OR_NO_PRIOR_SEASON",2,1,"LOW",,,,"INSUFFICIENT_SAMPLE","ROOKIE_OR_NO_PRIOR_SEASON",0,0,"INSUFFICIENT_SAMPLE",0.039052429175127,0.0333333333333333,,"INSUFFICIENT_SAMPLE","ROOKIE_OR_NO_PRIOR_SEASON",2,1,"LOW",,,,,,,,,,,,,,,,,0,0,,"INSUFFICIENT_SAMPLE","ROOKIE_OR_NO_PRIOR_SEASON",2,0,"INSUFFICIENT_SAMPLE",,,,,,,,
5,"00-0041472","13307","Marlin Klein","TE","HOU",2026,3,"HOU",3,"last_game_row",0.0958687499566959,0.100640725113299,,"INSUFFICIENT_SAMPLE","ROOKIE_OR_NO_PRIOR_SEASON",3,22,"LOW",0.00471960249293722,0.00694444444444444,,"INSUFFICIENT_SAMPLE","ROOKIE_OR_NO_PRIOR_SEASON",3,1,"LOW",0.00984960520265158,0.0144927536231884,,"INSUFFICIENT_SAMPLE","ROOKIE_OR_NO_PRIOR_SEASON",3,1,"LOW",,,,"INSUFFICIENT_SAMPLE","ROOKIE_OR_NO_PRIOR_SEASON",0,0,"INSUFFICIENT_SAMPLE",0.0188784099717489,0.0277777777777778,,"INSUFFICIENT_SAMPLE","ROOKIE_OR_NO_PRIOR_SEASON",3,1,"LOW",,,,,,,,,,,,,,,,,0,0,,"INSUFFICIENT_SAMPLE","ROOKIE_OR_NO_PRIOR_SEASON",3,0,"INSUFFICIENT_SAMPLE",,,,,,,,
5,"00-0041489","13274","Germie Bernard","WR","PIT",2026,4,"PIT",4,"last_game_row",0.398869142810349,0.382113607328456,,"INSUFFICIENT_SAMPLE","ROOKIE_OR_NO_PRIOR_SEASON",4,104,"MEDIUM",0.054581079406342,0.0572265829408687,,"INSUFFICIENT_SAMPLE","ROOKIE_OR_NO_PRIOR_SEASON",4,11,"MEDIUM",0.081700285582773,0.095607805028097,,"INSUFFICIENT_SAMPLE","ROOKIE_OR_NO_PRIOR_SEASON",4,11,"MEDIUM",,,,"INSUFFICIENT_SAMPLE","ROOKIE_OR_NO_PRIOR_SEASON",0,0,"INSUFFICIENT_SAMPLE",0.114387259074728,0.118961352657005,,"INSUFFICIENT_SAMPLE","ROOKIE_OR_NO_PRIOR_SEASON",4,11,"MEDIUM",,,,,,,,,,,,,,,,,0.13017476391709,0.145833333333333,,"INSUFFICIENT_SAMPLE","ROOKIE_OR_NO_PRIOR_SEASON",4,2,"MEDIUM",,,,,,,,
5,"00-0041490","13423","Eli Heidenreich","RB","PIT",2026,2,"PIT",2,"last_game_row",0.0191175490326044,0.0230769230769231,,"INSUFFICIENT_SAMPLE","ROOKIE_OR_NO_PRIOR_SEASON",2,3,"LOW",0,0,,"INSUFFICIENT_SAMPLE","ROOKIE_OR_NO_PRIOR_SEASON",2,0,"INSUFFICIENT_SAMPLE",0,0,,"INSUFFICIENT_SAMPLE","ROOKIE_OR_NO_PRIOR_SEASON",2,0,"INSUFFICIENT_SAMPLE",,,,"INSUFFICIENT_SAMPLE","ROOKIE_OR_NO_PRIOR_SEASON",0,0,"INSUFFICIENT_SAMPLE",,,,,,,,,0,0,,"INSUFFICIENT_SAMPLE","ROOKIE_OR_NO_PRIOR_SEASON",2,0,"INSUFFICIENT_SAMPLE",0,0,,"INSUFFICIENT_SAMPLE","ROOKIE_OR_NO_PRIOR_SEASON",2,0,"INSUFFICIENT_SAMPLE",0,0,,"INSUFFICIENT_SAMPLE","ROOKIE_OR_NO_PRIOR_SEASON",2,0,"INSUFFICIENT_SAMPLE",0,0,,"INSUFFICIENT_SAMPLE","ROOKIE_OR_NO_PRIOR_SEASON",1,0,"INSUFFICIENT_SAMPLE"
5,"00-0041496","13345","Jonah Coleman","RB","DEN",2026,2,"DEN",2,"last_game_row",0.273067405957176,0.241864406779661,,"INSUFFICIENT_SAMPLE","ROOKIE_OR_NO_PRIOR_SEASON",2,28,"LOW",0.0532533125115368,0.0454545454545455,,"INSUFFICIENT_SAMPLE","ROOKIE_OR_NO_PRIOR_SEASON",2,3,"LOW",0,0,,"INSUFFICIENT_SAMPLE","ROOKIE_OR_NO_PRIOR_SEASON",2,3,"LOW",,,,"INSUFFICIENT_SAMPLE","ROOKIE_OR_NO_PRIOR_SEASON",0,0,"INSUFFICIENT_SAMPLE",,,,,,,,,0.225302476010348,0.192307692307692,,"INSUFFICIENT_SAMPLE","ROOKIE_OR_NO_PRIOR_SEASON",2,10,"LOW",0.278945922679479,0.238095238095238,,"INSUFFICIENT_SAMPLE","ROOKIE_OR_NO_PRIOR_SEASON",2,10,"LOW",0,0,,"INSUFFICIENT_SAMPLE","ROOKIE_OR_NO_PRIOR_SEASON",2,0,"INSUFFICIENT_SAMPLE",0.292893218813452,0.25,,"INSUFFICIENT_SAMPLE","ROOKIE_OR_NO_PRIOR_SEASON",2,3,"LOW"
5,"00-0041503","13299","Nate Boerkircher","TE","JAX",2026,3,"JAX",3,"last_game_row",0.490200951749,0.51535114349322,,"INSUFFICIENT_SAMPLE","ROOKIE_OR_NO_PRIOR_SEASON",3,89,"LOW",0.0232204442652511,0.02375,,"INSUFFICIENT_SAMPLE","ROOKIE_OR_NO_PRIOR_SEASON",3,2,"LOW",0.0119407243237288,0.0101622283440465,,"INSUFFICIENT_SAMPLE","ROOKIE_OR_NO_PRIOR_SEASON",3,2,"LOW",,,,"INSUFFICIENT_SAMPLE","ROOKIE_OR_NO_PRIOR_SEASON",0,0,"INSUFFICIENT_SAMPLE",0.120821823819193,0.122222222222222,,"INSUFFICIENT_SAMPLE","ROOKIE_OR_NO_PRIOR_SEASON",3,2,"LOW",,,,,,,,,,,,,,,,,0.0453081839321973,0.0333333333333333,,"INSUFFICIENT_SAMPLE","ROOKIE_OR_NO_PRIOR_SEASON",3,1,"LOW",,,,,,,,
5,"00-0041510","13278","Max Klare","TE","LAR",2026,3,"LAR",2,"last_game_row",0,0,,"INSUFFICIENT_SAMPLE","ROOKIE_OR_NO_PRIOR_SEASON",2,0,"INSUFFICIENT_SAMPLE",0,0,,"INSUFFICIENT_SAMPLE","ROOKIE_OR_NO_PRIOR_SEASON",2,0,"INSUFFICIENT_SAMPLE",0,0,,"INSUFFICIENT_SAMPLE","ROOKIE_OR_NO_PRIOR_SEASON",2,0,"INSUFFICIENT_SAMPLE",,,,"INSUFFICIENT_SAMPLE","ROOKIE_OR_NO_PRIOR_SEASON",0,0,"INSUFFICIENT_SAMPLE",0,0,,"INSUFFICIENT_SAMPLE","ROOKIE_OR_NO_PRIOR_SEASON",2,0,"INSUFFICIENT_SAMPLE",,,,,,,,,,,,,,,,,0,0,,"INSUFFICIENT_SAMPLE","ROOKIE_OR_NO_PRIOR_SEASON",2,0,"INSUFFICIENT_SAMPLE",,,,,,,,
5,"00-0041511","13276","Omar Cooper Jr.","WR","NYJ",2026,1,"NYJ",1,"last_game_row",0.078125,0.078125,,"INSUFFICIENT_SAMPLE","ROOKIE_OR_NO_PRIOR_SEASON",1,5,"LOW",0.0357142857142857,0.0357142857142857,,"INSUFFICIENT_SAMPLE","ROOKIE_OR_NO_PRIOR_SEASON",1,1,"LOW",0.0238095238095238,0.0238095238095238,,"INSUFFICIENT_SAMPLE","ROOKIE_OR_NO_PRIOR_SEASON",1,1,"LOW",,,,"INSUFFICIENT_SAMPLE","ROOKIE_OR_NO_PRIOR_SEASON",0,0,"INSUFFICIENT_SAMPLE",0.0769230769230769,0.0769230769230769,,"INSUFFICIENT_SAMPLE","ROOKIE_OR_NO_PRIOR_SEASON",1,1,"LOW",,,,,,,,,,,,,,,,,0,0,,"INSUFFICIENT_SAMPLE","ROOKIE_OR_NO_PRIOR_SEASON",1,0,"INSUFFICIENT_SAMPLE",,,,,,,,
5,"00-0041512","13286","Jadarian Price","RB","SEA",2026,3,"SEA",3,"last_game_row",0.34928833801779,0.372078383592243,,"INSUFFICIENT_SAMPLE","ROOKIE_OR_NO_PRIOR_SEASON",3,67,"LOW",0.0654613867599237,0.0667980295566502,,"INSUFFICIENT_SAMPLE","ROOKIE_OR_NO_PRIOR_SEASON",3,7,"LOW",0.0617317412436115,0.051215415806028,,"INSUFFICIENT_SAMPLE","ROOKIE_OR_NO_PRIOR_SEASON",3,7,"LOW",,,,"INSUFFICIENT_SAMPLE","ROOKIE_OR_NO_PRIOR_SEASON",0,0,"INSUFFICIENT_SAMPLE",,,,,,,,,0.342719020556006,0.362460431327002,,"INSUFFICIENT_SAMPLE","ROOKIE_OR_NO_PRIOR_SEASON",3,28,"LOW",0.356132564684891,0.378740970072239,,"INSUFFICIENT_SAMPLE","ROOKIE_OR_NO_PRIOR_SEASON",3,28,"LOW",0,0,,"INSUFFICIENT_SAMPLE","ROOKIE_OR_NO_PRIOR_SEASON",3,0,"INSUFFICIENT_SAMPLE",0.0600707326906951,0.0625,,"INSUFFICIENT_SAMPLE","ROOKIE_OR_NO_PRIOR_SEASON",3,3,"LOW"
5,"00-0041523","13296","Caleb Douglas","WR","MIA",2026,2,"MIA",2,"last_game_row",0.882007411637921,0.888636363636364,,"INSUFFICIENT_SAMPLE","ROOKIE_OR_NO_PRIOR_SEASON",2,102,"LOW",0.129176383508218,0.135887096774194,,"INSUFFICIENT_SAMPLE","ROOKIE_OR_NO_PRIOR_SEASON",2,10,"LOW",0.188953468620599,0.207253786790755,,"INSUFFICIENT_SAMPLE","ROOKIE_OR_NO_PRIOR_SEASON",2,10,"LOW",,,,"INSUFFICIENT_SAMPLE","ROOKIE_OR_NO_PRIOR_SEASON",0,0,"INSUFFICIENT_SAMPLE",0.328340927951843,0.334210526315789,,"INSUFFICIENT_SAMPLE","ROOKIE_OR_NO_PRIOR_SEASON",2,10,"LOW",,,,,,,,,,,,,,,,,0.117157287525381,0.1,,"INSUFFICIENT_SAMPLE","ROOKIE_OR_NO_PRIOR_SEASON",2,1,"LOW",,,,,,,,
5,"00-0041524","13434","Will Kacmarek","TE","MIA",2026,3,"MIA",3,"last_game_row",0.393372356669252,0.377390341773903,,"INSUFFICIENT_SAMPLE","ROOKIE_OR_NO_PRIOR_SEASON",3,72,"LOW",0.0159982727017518,0.0190860215053763,,"INSUFFICIENT_SAMPLE","ROOKIE_OR_NO_PRIOR_SEASON",3,2,"LOW",0.00819029944820611,0.0104172650849275,,"INSUFFICIENT_SAMPLE","ROOKIE_OR_NO_PRIOR_SEASON",3,2,"LOW",,,,"INSUFFICIENT_SAMPLE","ROOKIE_OR_NO_PRIOR_SEASON",0,0,"INSUFFICIENT_SAMPLE",0.155607950141256,0.194444444444444,,"INSUFFICIENT_SAMPLE","ROOKIE_OR_NO_PRIOR_SEASON",3,2,"LOW",,,,,,,,,,,,,,,,,0,0,,"INSUFFICIENT_SAMPLE","ROOKIE_OR_NO_PRIOR_SEASON",3,0,"INSUFFICIENT_SAMPLE",,,,,,,,
5,"00-0041525","13311","Chris Bell","WR","MIA",2026,3,"MIA",3,"last_game_row",0.570342972965509,0.546533831465338,,"INSUFFICIENT_SAMPLE","ROOKIE_OR_NO_PRIOR_SEASON",3,105,"LOW",0.0891420696348469,0.0770647449096317,,"INSUFFICIENT_SAMPLE","ROOKIE_OR_NO_PRIOR_SEASON",3,10,"LOW",0.198803529280805,0.175846311426584,,"INSUFFICIENT_SAMPLE","ROOKIE_OR_NO_PRIOR_SEASON",3,10,"LOW",,,,"INSUFFICIENT_SAMPLE","ROOKIE_OR_NO_PRIOR_SEASON",0,0,"INSUFFICIENT_SAMPLE",0.188033006499839,0.165643274853801,,"INSUFFICIENT_SAMPLE","ROOKIE_OR_NO_PRIOR_SEASON",3,10,"LOW",,,,,,,,,,,,,,,,,0,0,,"INSUFFICIENT_SAMPLE","ROOKIE_OR_NO_PRIOR_SEASON",3,0,"INSUFFICIENT_SAMPLE",,,,,,,,
5,"00-0041529","13338","Kevin Coleman","WR","MIA",2026,3,"MIA",3,"last_game_row",0.489369595689528,0.452449149024492,,"INSUFFICIENT_SAMPLE","ROOKIE_OR_NO_PRIOR_SEASON",3,88,"LOW",0.0498872025210896,0.0450354609929078,,"INSUFFICIENT_SAMPLE","ROOKIE_OR_NO_PRIOR_SEASON",3,6,"LOW",0.10406141110641,0.0895031991897033,,"INSUFFICIENT_SAMPLE","ROOKIE_OR_NO_PRIOR_SEASON",3,6,"LOW",,,,"INSUFFICIENT_SAMPLE","ROOKIE_OR_NO_PRIOR_SEASON",0,0,"INSUFFICIENT_SAMPLE",0.0993600524828888,0.0906432748538012,,"INSUFFICIENT_SAMPLE","ROOKIE_OR_NO_PRIOR_SEASON",3,6,"LOW",,,,,,,,,,,,,,,,,0,0,,"INSUFFICIENT_SAMPLE","ROOKIE_OR_NO_PRIOR_SEASON",3,0,"INSUFFICIENT_SAMPLE",,,,,,,,
5,"00-0041547","13298","KC Concepcion","WR","CLE",2026,4,"CLE",4,"last_game_row",0.842537041507013,0.799702945694407,,"INSUFFICIENT_SAMPLE","ROOKIE_OR_NO_PRIOR_SEASON",4,192,"MEDIUM",0.190708528641771,0.183147581585082,,"INSUFFICIENT_SAMPLE","ROOKIE_OR_NO_PRIOR_SEASON",4,28,"MEDIUM",0.214108452097067,0.210935294589356,,"INSUFFICIENT_SAMPLE","ROOKIE_OR_NO_PRIOR_SEASON",4,28,"MEDIUM",,,,"INSUFFICIENT_SAMPLE","ROOKIE_OR_NO_PRIOR_SEASON",0,0,"INSUFFICIENT_SAMPLE",0.473160540115874,0.462131289762869,,"INSUFFICIENT_SAMPLE","ROOKIE_OR_NO_PRIOR_SEASON",4,28,"MEDIUM",,,,,,,,,,,,,,,,,0.156209716700508,0.15,,"INSUFFICIENT_SAMPLE","ROOKIE_OR_NO_PRIOR_SEASON",4,3,"MEDIUM",,,,,,,,
5,"00-0041550","13380","Brenen Thompson","WR","LAC",2026,2,"LAC",2,"last_game_row",0.180228530698434,0.180461329715061,,"INSUFFICIENT_SAMPLE","ROOKIE_OR_NO_PRIOR_SEASON",2,22,"LOW",0.0516870386141387,0.0441176470588235,,"INSUFFICIENT_SAMPLE","ROOKIE_OR_NO_PRIOR_SEASON",2,3,"LOW",0.0958163689798655,0.0817843866171004,,"INSUFFICIENT_SAMPLE","ROOKIE_OR_NO_PRIOR_SEASON",2,3,"LOW",,,,"INSUFFICIENT_SAMPLE","ROOKIE_OR_NO_PRIOR_SEASON",0,0,"INSUFFICIENT_SAMPLE",0.117157287525381,0.1,,"INSUFFICIENT_SAMPLE","ROOKIE_OR_NO_PRIOR_SEASON",2,3,"LOW",,,,,,,,,,,,,,,,,0,0,,"INSUFFICIENT_SAMPLE","ROOKIE_OR_NO_PRIOR_SEASON",2,0,"INSUFFICIENT_SAMPLE",,,,,,,,
5,"00-0041558","13322","Sam Roush","TE","CHI",2026,3,"CHI",3,"last_game_row",0.227582696999363,0.220848010437052,,"INSUFFICIENT_SAMPLE","ROOKIE_OR_NO_PRIOR_SEASON",3,48,"LOW",0.0337671090945631,0.0314992025518341,,"INSUFFICIENT_SAMPLE","ROOKIE_OR_NO_PRIOR_SEASON",3,4,"LOW",0.033341451135862,0.0327079001644998,,"INSUFFICIENT_SAMPLE","ROOKIE_OR_NO_PRIOR_SEASON",3,4,"LOW",,,,"INSUFFICIENT_SAMPLE","ROOKIE_OR_NO_PRIOR_SEASON",0,0,"INSUFFICIENT_SAMPLE",0.212818171751441,0.198412698412698,,"INSUFFICIENT_SAMPLE","ROOKIE_OR_NO_PRIOR_SEASON",3,4,"LOW",,,,,,,,,,,,,,,,,0.0320377241017041,0.0333333333333333,,"INSUFFICIENT_SAMPLE","ROOKIE_OR_NO_PRIOR_SEASON",3,1,"LOW",,,,,,,,
5,"00-0041579","13429","Seydou Traore","TE","MIA",2026,3,"MIA",3,"last_game_row",0,0,,"INSUFFICIENT_SAMPLE","ROOKIE_OR_NO_PRIOR_SEASON",3,0,"INSUFFICIENT_SAMPLE",0,0,,"INSUFFICIENT_SAMPLE","ROOKIE_OR_NO_PRIOR_SEASON",3,0,"INSUFFICIENT_SAMPLE",0,0,,"INSUFFICIENT_SAMPLE","ROOKIE_OR_NO_PRIOR_SEASON",3,0,"INSUFFICIENT_SAMPLE",,,,"INSUFFICIENT_SAMPLE","ROOKIE_OR_NO_PRIOR_SEASON",0,0,"INSUFFICIENT_SAMPLE",0,0,,"INSUFFICIENT_SAMPLE","ROOKIE_OR_NO_PRIOR_SEASON",3,0,"INSUFFICIENT_SAMPLE",,,,,,,,,,,,,,,,,0,0,,"INSUFFICIENT_SAMPLE","ROOKIE_OR_NO_PRIOR_SEASON",3,0,"INSUFFICIENT_SAMPLE",,,,,,,,
