"gsis_id","n","left_pct","middle_pct","right_pct","behind_los_pct","short_pct","intermediate_pct","deep_pct","deep_left_pct","deep_middle_pct","deep_right_pct","intermediate_middle_pct","short_middle_pct","left_pct_vs_league","middle_pct_vs_league","right_pct_vs_league","behind_los_pct_vs_league","short_pct_vs_league","intermediate_pct_vs_league","deep_pct_vs_league","deep_left_pct_vs_league","deep_middle_pct_vs_league","deep_right_pct_vs_league","intermediate_middle_pct_vs_league","short_middle_pct_vs_league","window"
"00-0000865",70,0.385714285714286,0.271428571428571,0.342857142857143,0.185714285714286,0.471428571428571,0.171428571428571,0.171428571428571,0.0285714285714286,0.0714285714285714,0.0714285714285714,0.0571428571428571,0.128571428571429,0.0159333383475441,0.0448973568271898,-0.0608306951747338,0.0336258669456391,-0.042088715062917,-0.0447403208639029,0.0532031689811808,-0.0185895025219201,0.0498703142770534,0.0219223572260475,-0.00610799242398343,0.00105663095181113,"career"
"00-0007091",533,0.369606003752345,0.225140712945591,0.405253283302064,0.144465290806754,0.544090056285178,0.213883677298311,0.0975609756097561,0.0431519699812383,0.0187617260787993,0.0356472795497186,0.0562851782363977,0.133208255159475,-0.000174943614396461,-0.00139050165579066,0.00156544527018709,-0.00762312796189238,0.0305727697936898,-0.0022852149941629,-0.0206644268376346,-0.00400896111211037,-0.0027965310727188,-0.0138589346528054,-0.00696567133044283,0.00569345753985726,"career"
"00-0010346",2163,0.415626444752658,0.208044382801664,0.376329172445677,0.0966250577901063,0.558945908460472,0.220064724919094,0.124364308830328,0.0494683310217291,0.0208044382801664,0.0540915395284327,0.0494683310217291,0.129449838187702,0.0458454973859167,-0.0184868317997173,-0.0273586655861994,-0.0554633609785403,0.0454286219689831,0.00389583262661949,0.00613890638293757,0.00230739992838043,-0.000753818871351616,0.00458532532590876,-0.0137825185451115,0.00193504056808483,"career"
"00-0019596",6707,0.401222603250335,0.258834053973461,0.339943342776204,0.141941255404801,0.544207544356642,0.19308185477859,0.120769345459967,0.047562248397197,0.0268376323244372,0.0463694647383331,0.0726107052333383,0.148948859400626,0.0314416558835938,0.0323028393720789,-0.0637444952556727,-0.0101471633638456,0.0306902578651539,-0.0230870375138848,0.00254394301257653,0.000401317303848306,0.0052793751729191,-0.00313674946419088,0.00935985566649773,0.0214340617810088,"career"
"00-0020245",673,0.465081723625557,0.175334323922734,0.359583952451709,0.151560178306092,0.462109955423477,0.24368499257058,0.142644873699851,0.062407132243685,0.0163447251114413,0.0638930163447251,0.0549777117384844,0.0861812778603269,0.0953007762588156,-0.0511968906786476,-0.0441038855801679,-0.00052824046255448,-0.0514073310680114,0.0275161002781051,0.0244194712524607,0.0152462011503363,-0.00521353204007674,0.0143868021422011,-0.00827313782835618,-0.0413335197592905,"career"
"00-0020531",5036,0.388403494837172,0.215845909451946,0.395750595710882,0.162827640984909,0.527998411437649,0.205321683876092,0.10385226370135,0.0407069102462272,0.0238284352660842,0.0393169181890389,0.0615567911040508,0.12351072279587,0.0186225474704307,-0.0106853051494357,-0.00793724232099502,0.0107392222162621,0.0144811249461605,-0.0108472084163822,-0.0143731387460404,-0.00645402084712149,0.00227017811456614,-0.010189296013485,-0.00169405846278974,-0.00400407482374769,"career"
"00-0020679",283,0.254416961130742,0.240282685512367,0.50530035335689,0.130742049469965,0.547703180212014,0.180212014134276,0.141342756183746,0.0424028268551237,0.03886925795053,0.0600706713780919,0.0424028268551237,0.151943462897526,-0.115363986236,0.0137514709109858,0.101612515325014,-0.0213463692986819,0.0341858937205257,-0.0359568781581987,0.0231173537363549,-0.00475810423822497,0.017311000799012,0.0105644571755679,-0.0208480227117169,0.0244286652779091,"career"
"00-0021206",1506,0.373173970783533,0.221115537848606,0.405710491367862,0.138114209827357,0.52058432934927,0.221115537848606,0.120185922974768,0.049136786188579,0.0159362549800797,0.0551128818061089,0.0677290836653386,0.130146082337317,0.00339302341679087,-0.00541567675277607,0.00202265333598517,-0.0139742089412894,0.00706704285778115,0.00494664555613122,0.00196052052737693,0.00197585509523036,-0.00562200217143837,0.00560666760358493,0.00447823409849807,0.00263128471769997,"career"
"00-0021429",2747,0.347287950491445,0.275937386239534,0.376774663269021,0.116490717145977,0.469603203494722,0.286130323989807,0.127775755369494,0.0469603203494722,0.0320349472151438,0.048780487804878,0.0855478704040772,0.149617764834365,-0.0224929968752964,0.0494061716381524,-0.0269131747628559,-0.0355977016226692,-0.0439140829967669,0.0699614316973327,0.00955035292210331,-0.000200610743876499,0.0104766900636257,-0.000725726397645919,0.0222970208372366,0.0221029672147473,"career"
"00-0021678",1738,0.359608745684695,0.267548906789413,0.372842347525892,0.111047180667434,0.560989643268124,0.220368239355581,0.107594936708861,0.0391254315304948,0.0178365937859609,0.0506329113924051,0.0822784810126582,0.158227848101266,-0.0101722016820466,0.0410176921880315,-0.0308454905059848,-0.0410412381012128,0.0474723567766359,0.00419934706310679,-0.0106304657385299,-0.00803549956285383,-0.00372166336555718,0.00112669718988109,0.0190276314458176,0.0307130504816484,"career"
"00-0022177",53,0.283018867924528,0.188679245283019,0.528301886792453,0.188679245283019,0.358490566037736,0.245283018867925,0.207547169811321,0.0566037735849057,0.0566037735849057,0.0943396226415094,0.0188679245283019,0.0943396226415094,-0.0867620794422134,-0.0378519693183628,0.124614048760576,0.0365908265143723,-0.155026720453753,0.0291141265754502,0.0893217673639301,0.00944284249155701,0.0350455164333876,0.0448334084389855,-0.0443829250385387,-0.033175174978108,"career"
"00-0022787",1063,0.347130761994356,0.285042333019755,0.367826904985889,0.13170272812794,0.538099717779868,0.242709313264346,0.0874882408278457,0.0376293508936971,0.0216368767638758,0.0282220131702728,0.0799623706491063,0.164628410159925,-0.0226501853723861,0.0585111184183738,-0.0358609330459877,-0.0203856906407068,0.0245824312883799,0.0265404209718718,-0.030737161619545,-0.00953158019965157,7.86196123577707e-05,-0.0212842010322512,0.0167115210822657,0.0371136125403073,"career"
"00-0022803",4193,0.350584307178631,0.266873360362509,0.38254233245886,0.124254710231338,0.544478893393751,0.216551395182447,0.114715001192464,0.0450751252086811,0.0221798235153828,0.0474600524683997,0.0701168614357262,0.162890531838779,-0.0191966401881106,0.0403421457611273,-0.0211455055730167,-0.0278337085373087,0.030961606902263,0.000382502889972575,-0.00351040125492705,-0.00208580588466752,0.000621566363864727,-0.00204616173412426,0.00686601186888564,0.0353757342191615,"career"
"00-0022864",40,0.425,0.2,0.375,0.125,0.525,0.225,0.125,0.05,0,0.075,0.1,0.1,0.0552190526332583,-0.0265312146013816,-0.0286878380318767,-0.0270884187686466,0.0114827135085116,0.00883110770752565,0.00677459755260933,0.00283906890665135,-0.0215582571515181,0.025493785797476,0.0367491504331594,-0.0275147976196174,"career"
"00-0022924",5096,0.338108320251177,0.281004709576138,0.380886970172684,0.157967032967033,0.501962323390895,0.210164835164835,0.129905808477237,0.0443485086342229,0.0239403453689168,0.0616169544740973,0.0669152276295133,0.164246467817896,-0.0316726271155643,0.0544734949747565,-0.0228008678591922,0.00587861419838637,-0.0115549631005936,-0.00600405712763918,0.0116804060298464,-0.00281242245912573,0.00238208821739875,0.0121107402715734,0.00366437806267277,0.036731670198279,"career"
"00-0022942",5168,0.386996904024768,0.244775541795666,0.368227554179567,0.15905572755418,0.494388544891641,0.233552631578947,0.113003095975232,0.0481811145510836,0.0224458204334365,0.0423761609907121,0.0659829721362229,0.143188854489164,0.0172159566580262,0.018244327194284,-0.0354602838523101,0.00696730878553298,-0.0191287415998476,0.017383739286473,-0.00522230647215847,0.00102018345773494,0.000887563281918479,-0.0071300532118119,0.00273212256938234,0.0156740568695466,"career"
"00-0023436",3222,0.353817504655493,0.219118559900683,0.427063935443824,0.175667287399131,0.55586592178771,0.177529484792055,0.0909373060211049,0.0394165114835506,0.0180012414649286,0.0335195530726257,0.0490378646803228,0.141837368094351,-0.0159634427112482,-0.00741265470069885,0.023376097411947,0.0235788686304844,0.0423486352962211,-0.0386394075004197,-0.0272880964262858,-0.00774441960979806,-0.00355701568658944,-0.0159866611298983,-0.0142129848865178,0.0143225704747339,"career"
"00-0023459",6606,0.376627308507417,0.211625794732062,0.411746896760521,0.17332727823191,0.502573418104753,0.195125643354526,0.12897366030881,0.0498032092037542,0.0230093854072056,0.0561610656978504,0.063427187405389,0.102633969118983,0.00684636114067583,-0.0149054198693199,0.00805905872864404,0.0212388594632638,-0.0109438683867352,-0.0210432489379482,0.0107482578614195,0.00264227811040551,0.00145112825568752,0.00665485149532647,0.000176337838548465,-0.0248808285006347,"career"
"00-0023460",385,0.454545454545455,0.174025974025974,0.371428571428571,0.137662337662338,0.581818181818182,0.187012987012987,0.0935064935064935,0.0571428571428571,0.0155844155844156,0.0207792207792208,0.0311688311688312,0.111688311688312,0.0847645071787129,-0.0525052405754076,-0.0322592666033052,-0.0144260811063089,0.0683008953266934,-0.0291559052794873,-0.0247189089408972,0.00998192604950849,-0.00597384156710247,-0.0287269934233032,-0.0320820183980094,-0.0158264859313057,"career"
"00-0023541",506,0.353754940711462,0.268774703557312,0.377470355731225,0.185770750988142,0.531620553359684,0.16600790513834,0.116600790513834,0.0533596837944664,0.0237154150197628,0.0395256916996047,0.0553359683794466,0.16403162055336,-0.0160260066552792,0.0422434889559306,-0.0262174823006514,0.0336823322194957,0.0181032668681954,-0.0501609871541344,-0.00162461193355667,0.00619875270111775,0.00215715786824479,-0.00998052250291923,-0.00791488118739393,0.0365168229337423,"career"
"00-0023578",47,0.297872340425532,0.234042553191489,0.468085106382979,0.106382978723404,0.446808510638298,0.382978723404255,0.0638297872340425,0.0212765957446809,0.0425531914893617,0,0.106382978723404,0.0851063829787234,-0.0719086069412098,0.00751133859010772,0.064397268351102,-0.0457054400452423,-0.0667087758531906,0.166809831111781,-0.0543956152133481,-0.0258843353486678,0.0209949343378436,-0.049506214202524,0.0431321291565637,-0.042408414640894,"career"
"00-0023645",237,0.434599156118143,0.194092827004219,0.371308016877637,0.109704641350211,0.481012658227848,0.253164556962025,0.156118143459916,0.0928270042194093,0.0253164556962025,0.0379746835443038,0.0548523206751055,0.109704641350211,0.0648182087514018,-0.0324383875971622,-0.0323798211542395,-0.0423837774184356,-0.0325046282636403,0.036995664669551,0.037892741012525,0.0456660731260606,0.00375819854468448,-0.0115315306582202,-0.00839852889173508,-0.0178101562694064,"career"
"00-0023662",904,0.365044247787611,0.22787610619469,0.407079646017699,0.144911504424779,0.526548672566372,0.204646017699115,0.123893805309735,0.0486725663716814,0.0276548672566372,0.0475663716814159,0.0663716814159292,0.122787610619469,-0.00473669957913103,0.00134489159330861,0.00339180798582245,-0.00717691434386783,0.0130313860748833,-0.0115228745933593,0.00566840286234384,0.00151163527833276,0.00609661010511912,-0.00193984252110804,0.00312083184908864,-0.0047271870001484,"career"
"00-0023682",3306,0.382940108892922,0.261343012704174,0.355716878402904,0.130973986690865,0.486388384754991,0.262250453720508,0.120387174833636,0.0514216575922565,0.0269207501512402,0.0420447670901391,0.0822746521476104,0.134301270417423,0.0131591615261803,0.0348117981027926,-0.0479709596289729,-0.0211144320777815,-0.0271289017364975,0.0460815614280338,0.00216177238624514,0.00426072649890785,0.00536249299972212,-0.00746144711238483,0.0190238025807698,0.00678647279780545,"career"
"00-0024225",33,0.484848484848485,0.121212121212121,0.393939393939394,0.151515151515152,0.454545454545455,0.333333333333333,0.0606060606060606,0,0,0.0606060606060606,0,0.121212121212121,0.115067537481743,-0.10531909338926,-0.00974844409248277,-0.000573267253495074,-0.0589718319460339,0.117164441040859,-0.0576193418413301,-0.0471609310933487,-0.0215582571515181,0.0110998464035366,-0.0632508495668406,-0.00630267640749621,"career"
"00-0024226",2393,0.39531968240702,0.20810697868784,0.39657333890514,0.153781863769327,0.509402423735896,0.196824070204764,0.139991642290013,0.0522356874216465,0.0204763894692854,0.0672795653990807,0.0564145424153782,0.120351023819473,0.0255387350402788,-0.0184242359135421,-0.00711449912673667,0.00169344500068061,-0.00411486275559203,-0.0193448220877105,0.0217662398426219,0.00507475632829782,-0.00108186768223264,0.0177733511965567,-0.00683630715146238,-0.00716377380014396,"career"
"00-0024264",262,0.374045801526718,0.248091603053435,0.377862595419847,0.106870229007634,0.522900763358779,0.263358778625954,0.106870229007634,0.0381679389312977,0.0305343511450382,0.0381679389312977,0.0534351145038168,0.156488549618321,0.00426485415997591,0.0215603884520535,-0.0258252426120293,-0.045218189761013,0.00938347686729024,0.0471898863334798,-0.0113551734397571,-0.00899299216205094,0.00897609399352011,-0.0113382752712263,-0.00981573506302378,0.0289737519987032,"career"
"00-0024296",238,0.30672268907563,0.281512605042017,0.411764705882353,0.092436974789916,0.521008403361345,0.239495798319328,0.147058823529412,0.0378151260504202,0.046218487394958,0.0630252100840336,0.0756302521008403,0.142857142857143,-0.0630582582911114,0.0549813904406352,0.00807686785047623,-0.0596514439787306,0.00749111686985615,0.0233269060268534,0.0288334210820211,-0.00934580504292849,0.0246602302434399,0.0135189958815096,0.0123794025339998,0.0153423452375254,"career"
"00-0025409",197,0.319796954314721,0.309644670050761,0.370558375634518,0.111675126903553,0.573604060913706,0.203045685279188,0.111675126903553,0.0355329949238579,0.0152284263959391,0.0609137055837563,0.065989847715736,0.228426395939086,-0.0499839930520208,0.0831134554493798,-0.0331294623973589,-0.0404132918650933,0.0600867744222172,-0.0131232070132865,-0.00655027554383737,-0.0116279361694908,-0.00632983075557897,0.0114074913812324,0.00273899814889547,0.100911598319469,"career"
"00-0025423",183,0.382513661202186,0.180327868852459,0.437158469945355,0.087431693989071,0.573770491803279,0.256830601092896,0.0819672131147541,0.0327868852459016,0.0109289617486339,0.0382513661202186,0.0437158469945355,0.109289617486339,0.0127327138354441,-0.0462033457489226,0.0334706319134785,-0.0646567247795756,0.0602532053117902,0.0406617088004218,-0.0362581893326366,-0.014374045847447,-0.0106292954028842,-0.0112548480823054,-0.0195350025723051,-0.0182251801332786,"career"
"00-0025430",470,0.338297872340426,0.263829787234043,0.397872340425532,0.1,0.412765957446808,0.334042553191489,0.153191489361702,0.0723404255319149,0.0127659574468085,0.0680851063829787,0.127659574468085,0.121276595744681,-0.0314830750263161,0.0372985726326609,-0.00581549760634475,-0.0520884187686466,-0.10075132904468,0.117873660899015,0.0349660869143115,0.0251794944385662,-0.00879229970470954,0.0185788921804548,0.0644087249012445,-0.00623820187493658,"career"
"00-0025708",330,0.363636363636364,0.209090909090909,0.427272727272727,0.121212121212121,0.533333333333333,0.206060606060606,0.139393939393939,0.0727272727272727,0.0151515151515152,0.0515151515151515,0.0666666666666667,0.121212121212121,-0.00614458373037802,-0.0174403055104726,0.0235848892408506,-0.0308762975565254,0.0198160468418449,-0.0101082862318683,0.0211685369465487,0.0255663416339241,-0.0064067420000029,0.00200893731262754,0.00341581709982609,-0.00630267640749621,"career"
"00-0026143",6424,0.380759651307597,0.25186799501868,0.367372353673724,0.124377334993773,0.547789539227895,0.229607721046077,0.098225404732254,0.0438978829389788,0.0180572851805729,0.0362702366127024,0.0800124533001245,0.140566625155666,0.0109787039408549,0.0253367804172983,-0.0363154843581531,-0.0277110837748732,0.034272252736407,0.0134388287536029,-0.0199999977151366,-0.00326304815436982,-0.0035009719709452,-0.0132359775898216,0.016761603733284,0.0130518275360488,"career"
"00-0026158",5178,0.296253379683275,0.28505214368482,0.418694476631904,0.130552336809579,0.544998068752414,0.202008497489378,0.122441096948629,0.0397837002703747,0.0239474700656624,0.0587099266125917,0.0662417921977597,0.179412900733874,-0.0735275676834662,0.0585209290834388,0.0150066386000275,-0.0215360819590676,0.0314807822609257,-0.0141603948030962,0.00421569450123814,-0.00737723082297399,0.00238921291414437,0.00920371241006777,0.00299094263091917,0.0518981031142567,"career"
"00-0026197",946,0.420718816067653,0.193446088794926,0.385835095137421,0.160676532769556,0.519027484143763,0.232558139534884,0.087737843551797,0.0338266384778013,0.0211416490486258,0.03276955602537,0.0496828752642706,0.107822410147992,0.0509378687009116,-0.0330851258064556,-0.017852742894456,0.00858811400090942,0.00551019765227478,0.0163892472424094,-0.0304875588955936,-0.0133342926155474,-0.00041660810289226,-0.016736658177154,-0.01356797430257,-0.0196923874716259,"career"
"00-0026300",232,0.357758620689655,0.228448275862069,0.413793103448276,0.120689655172414,0.564655172413793,0.224137931034483,0.0905172413793103,0.0258620689655172,0.021551724137931,0.0431034482758621,0.0818965517241379,0.120689655172414,-0.0120223266770865,0.00191706126068733,0.0101052654163992,-0.0313987635962328,0.0511378859223047,0.00796903874200841,-0.0277081610680803,-0.0212988621278314,-6.53301358701647e-06,-0.0064027659266619,0.0186457021572974,-0.00682514244720363,"career"
"00-0026349",225,0.342222222222222,0.244444444444444,0.413333333333333,0.151111111111111,0.564444444444444,0.186666666666667,0.0977777777777778,0.0444444444444444,0.0177777777777778,0.0355555555555556,0.0666666666666667,0.133333333333333,-0.0275587251445195,0.0179132298430628,0.00964549530145664,-0.000977307657535481,0.050927157952956,-0.0295022256258077,-0.0204476246696129,-0.00271648664890421,-0.00378047937374027,-0.0139506586469684,0.00341581709982609,0.0058185357137159,"career"
"00-0026498",7593,0.362175688133807,0.240089556170157,0.397734755696036,0.153562491768734,0.514816278150928,0.214671407875675,0.116949822204662,0.0503094955880416,0.021335440537337,0.0453048860792835,0.0684841301198472,0.137626761490847,-0.0076052592329342,0.0135583415687751,-0.00595308233584085,0.00147407300008776,0.00129899165944003,-0.00149748441679939,-0.00127558024272849,0.00314856449469297,-0.000222816614181033,-0.00420132812324042,0.00523328055300666,0.0101119638712294,"career"
"00-0026544",264,0.321969696969697,0.166666666666667,0.511363636363636,0.189393939393939,0.56439393939394,0.147727272727273,0.0984848484848485,0.0303030303030303,0.00378787878787879,0.0643939393939394,0.0303030303030303,0.121212121212121,-0.0478112503970447,-0.059864547934715,0.10767579833176,0.0373055206252928,0.050876652902451,-0.0684416195652016,-0.0197405539625422,-0.0168579007903183,-0.0177703783636393,0.0148877251914154,-0.0329478192638103,-0.00630267640749621,"career"
"00-0026625",1514,0.389035667107001,0.239101717305152,0.371862615587847,0.095112285336856,0.54557463672391,0.238441215323646,0.120871862615588,0.047556142668428,0.0290620871862616,0.0442536327608983,0.0700132100396301,0.132100396301189,0.0192547197402597,0.0125705027037703,-0.0318252224440299,-0.0569761334317906,0.0320573502324217,0.0222723230311716,0.00264646016819717,0.000395211575079352,0.00750383003474351,-0.00525258144162569,0.00676236047278955,0.00458559868157149,"career"
"00-0026898",904,0.368362831858407,0.236725663716814,0.394911504424779,0.122787610619469,0.529867256637168,0.243362831858407,0.103982300884956,0.0365044247787611,0.0287610619469027,0.038716814159292,0.0608407079646018,0.138274336283186,-0.00141811550833459,0.0101944491154325,-0.00877633360709795,-0.0293008081491776,0.0163499701456797,0.0271939395659327,-0.0142431015624349,-0.0106565063145876,0.0072028047953846,-0.0107894000432319,-0.0024101416022388,0.0107595386635684,"career"
"00-0026993",731,0.366621067031464,0.227086183310534,0.406292749658003,0.0875512995896033,0.507523939808482,0.243502051983584,0.161422708618331,0.06703146374829,0.0300957592339261,0.0642954856361149,0.0574555403556772,0.132694938440492,-0.00315988033527792,0.000554968709151865,0.00260491162612603,-0.0645371191790433,-0.00599334668300688,0.0273331596911098,0.0431973061709404,0.0198705326549414,0.00853750208240808,0.0147892714335909,-0.00579530921116342,0.00518014082087506,"career"
"00-0027253",189,0.417989417989418,0.211640211640212,0.37037037037037,0.148148148148148,0.486772486772487,0.238095238095238,0.126984126984127,0.0687830687830688,0.0105820105820106,0.0476190476190476,0.0529100529100529,0.142857142857143,0.0482084706226763,-0.01489100296117,-0.0333174676615063,-0.00394027062049845,-0.0267447997190017,0.0219263458027637,0.0087587245367363,0.0216221376897201,-0.0109762465695075,-0.00188716658347635,-0.0103407966567877,0.0153423452375254,"career"
"00-0027659",173,0.491329479768786,0.115606936416185,0.393063583815029,0.121387283236994,0.526011560693642,0.208092485549133,0.144508670520231,0.0578034682080925,0,0.0867052023121387,0.0173410404624277,0.0982658959537572,0.121548532402044,-0.110924278185197,-0.0106242542168478,-0.0307011355316524,0.0124942742021532,-0.0080764067433414,0.0262832680728406,0.0106425371147438,-0.0215582571515181,0.0371989881096148,-0.0459098091044128,-0.0292489016658602,"career"
"00-0027688",533,0.384615384615385,0.24015009380863,0.375234521575985,0.189493433395872,0.514071294559099,0.212007504690432,0.0844277673545966,0.050656660412758,0.0131332082551595,0.0206378986866792,0.0544090056285178,0.153846153846154,0.014834437248643,0.0136188792072487,-0.0284533164558917,0.0374050146272258,0.000554008067610967,-0.00416138760204282,-0.0337976350927941,0.00349572931940932,-0.00842504889635858,-0.0288683155158448,-0.00884184393832275,0.0263313562265364,"career"
"00-0027754",200,0.285,0.255,0.46,0.11,0.555,0.26,0.075,0.03,0.015,0.03,0.08,0.145,-0.0847809473667417,0.0284687853986184,0.0563121619681233,-0.0420884187686466,0.0414827135085116,0.0438311077075257,-0.0432254024473907,-0.0171609310933487,-0.00655825715151805,-0.019506214202524,0.0167491504331594,0.0174852023803826,"career"
"00-0027854",2011,0.360517155643958,0.201392342118349,0.438090502237693,0.151168572849329,0.574838388861263,0.170561909497762,0.103431128791646,0.0477374440576827,0.0183988065638986,0.0372948781700646,0.0377921432123322,0.140726006961711,-0.00926379172278341,-0.0251388724830326,0.034402664205816,-0.000919845919317902,0.0613211023697746,-0.045606982794712,-0.0147942736557447,0.000576512964334093,-0.0031594505876195,-0.0122113360324593,-0.0254587063545084,0.0132112093420932,"career"
"00-0027939",3936,0.391006097560976,0.201981707317073,0.407012195121951,0.134654471544715,0.474339430894309,0.269563008130081,0.121443089430894,0.0510670731707317,0.0226117886178862,0.0477642276422764,0.0678353658536585,0.101371951219512,0.0212251501942339,-0.0245495072843085,0.0033243570900745,-0.0174339472239312,-0.0391778555971795,0.053394115837607,0.00321768698350364,0.00390614207738305,0.00105353146636813,-0.00174198656024754,0.00458451628681797,-0.0261428464001052,"career"
"00-0027946",642,0.331775700934579,0.210280373831776,0.457943925233645,0.123052959501558,0.487538940809969,0.227414330218069,0.161993769470405,0.0576323987538941,0.0342679127725857,0.0700934579439252,0.0467289719626168,0.11993769470405,-0.0380052464321622,-0.016250840769606,0.0542560872017682,-0.029035459267089,-0.0259783456815196,0.0112454379255942,0.0437683670230143,0.0104714676605454,0.0127096556210676,0.0205872437414013,-0.0165218776042238,-0.00757710291556758,"career"
"00-0027948",1153,0.368603642671292,0.209887250650477,0.421509106678231,0.134431916738942,0.539462272333044,0.225498699045967,0.100607111882047,0.0381613183000867,0.0173460537727667,0.0450997398091934,0.0607111882046834,0.124024284475282,-0.00117730469544935,-0.0166439639509046,0.017821268646354,-0.0176565020297047,0.0259449858415558,0.00932980675349268,-0.0176182905653438,-0.00899961279326192,-0.00421220337875136,-0.00440647439333056,-0.00253966136215714,-0.00349051314433556,"career"
"00-0027950",766,0.35378590078329,0.199738903394256,0.446475195822454,0.172323759791123,0.507832898172324,0.219321148825065,0.100522193211488,0.0326370757180157,0.0182767624020888,0.0496083550913838,0.0613577023498695,0.108355091383812,-0.0159950465834519,-0.0267923112071258,0.0427873577905776,0.0202353410224761,-0.00568438831916462,0.00315225653259094,-0.0177032092359024,-0.014523855375333,-0.00328149474942928,0.00010214088885984,-0.00189314721697112,-0.0191597062358054,"career"
"00-0027973",5116,0.336591086786552,0.23123534010946,0.432173573103987,0.142689601250977,0.52697419859265,0.220289288506646,0.110046911649726,0.0398749022673964,0.0215011727912432,0.0486708365910868,0.0592259577795152,0.129984362783425,-0.0331898605801897,0.00470412550807886,0.0284857350721108,-0.00939881751766927,0.0134569121011621,0.00412039621417146,-0.00817849079766432,-0.00728602882595225,-5.70843602748922e-05,-0.000835377611437184,-0.00402489178732533,0.00246956516380711,"career"
"00-0027974",1686,0.369513641755635,0.195729537366548,0.434756820877817,0.0919335705812574,0.53914590747331,0.234875444839858,0.134045077105575,0.0444839857651246,0.0260972716488731,0.0634638196915777,0.0468564650059312,0.116251482799526,-0.000267305611107049,-0.0308016772348336,0.0310689828459406,-0.0601548481873892,0.0256286209818212,0.0187065525473833,0.0158196746581847,-0.00267694532822409,0.00453901449735502,0.0139576054890537,-0.0163943845609094,-0.0112633148200919,"career"
"00-0028012",341,0.346041055718475,0.263929618768328,0.390029325513196,0.0967741935483871,0.527859237536657,0.281524926686217,0.093841642228739,0.032258064516129,0.0117302052785924,0.0498533724340176,0.0850439882697947,0.152492668621701,-0.0237398916482666,0.0373984041669468,-0.0136585125186802,-0.0553142252202595,0.0143419510451684,0.0653560343937427,-0.0243837602186517,-0.0149028665772196,-0.00982805187292568,0.000347158231493623,0.0217931387029541,0.0249778710020835,"career"
"00-0028090",190,0.357894736842105,0.205263157894737,0.436842105263158,0.0842105263157895,0.547368421052632,0.205263157894737,0.163157894736842,0.068421052631579,0.0210526315789474,0.0736842105263158,0.0315789473684211,0.152631578947368,-0.0118862105246364,-0.0212680567066448,0.0331542672312812,-0.0678778924528571,0.0338511345611432,-0.0109057343977375,0.0449324922894514,0.0212601215382303,-0.000505625572570684,0.0241779963237918,-0.0316719021984195,0.025116781327751,"career"
"00-0028118",1874,0.37726787620064,0.171824973319104,0.450907150480256,0.129135538954109,0.526147278548559,0.194770544290288,0.149946638207044,0.0608324439701174,0.0133404482390608,0.0757737459978655,0.0362860192102455,0.108858057630736,0.00748692883389868,-0.0547062412822781,0.0472193124483795,-0.0229528798145377,0.0126299920570708,-0.0213983480021862,0.0317212357596531,0.0136715128767687,-0.00821780891245722,0.0262675317953416,-0.0269648303565951,-0.018656739988881,"career"
"00-0028146",31,0.32258064516129,0.258064516129032,0.419354838709677,0.161290322580645,0.516129032258065,0.258064516129032,0.0645161290322581,0.0645161290322581,0,0,0.0645161290322581,0.161290322580645,-0.0472003022054513,0.0315333015276506,0.0156670006778007,0.00920190381199856,0.00261174576657608,0.0418956238365579,-0.0537092734151326,0.0173551979389094,-0.0215582571515181,-0.049506214202524,0.00126527946541749,0.0337755249610277,"career"
"00-0028595",144,0.368055555555556,0.201388888888889,0.430555555555556,0.152777777777778,0.5,0.201388888888889,0.145833333333333,0.0208333333333333,0.0347222222222222,0.0902777777777778,0.0694444444444444,0.0972222222222222,-0.00172539181118608,-0.0251423257124928,0.0268677175236789,0.000689359009131196,-0.0135172864914884,-0.0147800034035855,0.0276079308859427,-0.0263275977600153,0.0131639650707042,0.0407715635752538,0.00619359487760388,-0.0302925753973952,"career"
"00-0028825",307,0.325732899022801,0.198697068403909,0.47557003257329,0.159609120521173,0.488599348534202,0.241042345276873,0.110749185667752,0.0260586319218241,0.0228013029315961,0.0618892508143322,0.0423452768729642,0.110749185667752,-0.0440480483439404,-0.0278341461974728,0.0718821945414132,0.00752070175252603,-0.0249179379572865,0.0248734529843986,-0.00747621677963824,-0.0211022991715245,0.00124304578007804,0.0123830366118083,-0.0209055726938764,-0.016765611951865,"career"
"00-0028957",374,0.374331550802139,0.235294117647059,0.390374331550802,0.136363636363636,0.521390374331551,0.205882352941176,0.136363636363636,0.0588235294117647,0.018716577540107,0.0588235294117647,0.0561497326203209,0.155080213903743,0.00455060343539737,0.00876290304567717,-0.0133135064810745,-0.0157247824050102,0.00787308784006235,-0.0102865393512979,0.0181382339162457,0.0116625983184161,-0.0028416796114111,0.00931731520924074,-0.00710111694651971,0.0275654162841259,"career"
"00-0028986",2226,0.380053908355795,0.210242587601078,0.409703504043127,0.158131176999102,0.539982030548068,0.19496855345912,0.106918238993711,0.0449236298292902,0.0188679245283019,0.0431266846361186,0.0516621743036837,0.124887690925427,0.0102729609890535,-0.0162886270003035,0.00601566601124998,0.00604275823045494,0.0264647440565798,-0.0212003388333548,-0.01130716345368,-0.00223730126405845,-0.00269033262321617,-0.00637952956640537,-0.0115886752631568,-0.00262710669419065,"career"
"00-0029151",39,0.487179487179487,0.17948717948718,0.333333333333333,0.0769230769230769,0.512820512820513,0.282051282051282,0.128205128205128,0.0512820512820513,0,0.0769230769230769,0.0512820512820513,0.102564102564103,0.117398539812746,-0.0470440351142022,-0.0703545046985434,-0.0751653418455697,-0.000696773670975648,0.0658823897588077,0.00997972575773752,0.00412112018870263,-0.0215582571515181,0.027416862720553,-0.0119687982847893,-0.0249506950555149,"career"
"00-0029234",104,0.442307692307692,0.230769230769231,0.326923076923077,0.105769230769231,0.576923076923077,0.144230769230769,0.173076923076923,0.0673076923076923,0.0288461538461538,0.0769230769230769,0.0288461538461538,0.173076923076923,0.0725267449409506,0.00423801616784913,-0.0767647611087998,-0.0463191879994158,0.0634057904315884,-0.0719381230617051,0.0548515206295324,0.0201467612143437,0.0072878966946358,0.027416862720553,-0.0344046957206867,0.0455621254573056,"career"
"00-0029263",6087,0.395268605224248,0.192048628224084,0.412682766551667,0.152948907507804,0.499753573188763,0.198291440775423,0.14900607852801,0.0685066535239034,0.0254641038278298,0.0550353211762773,0.0489567931657631,0.110892065056678,0.0254876578575067,-0.0344825863772975,0.00899492851979078,0.000860488739156923,-0.0137637133027255,-0.0178774515170513,0.0307806760806198,0.0213457224305548,0.00390584667631175,0.00552910697375334,-0.0142940564010775,-0.0166227325629393,"career"
"00-0029531",274,0.368613138686131,0.208029197080292,0.423357664233577,0.0802919708029197,0.510948905109489,0.281021897810219,0.127737226277372,0.0547445255474453,0.0109489051094891,0.062043795620438,0.0547445255474453,0.142335766423358,-0.00116780868061028,-0.0185020175210897,0.0196698262016999,-0.0717964479657269,-0.00256838138199933,0.0648530055177446,0.0095118238299816,0.00758359445409661,-0.010609352042029,0.012537581417914,-0.00850632401939531,0.0148209688037402,"career"
"00-0029567",2077,0.326432354357246,0.212806933076553,0.460760712566201,0.191141068849302,0.468945594607607,0.203177660086663,0.136735676456428,0.0534424650938854,0.0235917188252287,0.0597014925373134,0.0601829561868079,0.114106884930188,-0.0433485930094956,-0.0137242815248289,0.0570728745343246,0.0390526500806553,-0.0445716918838813,-0.0129912322058109,0.0185102740090369,0.00628153400053676,0.00203346167371064,0.0101952783347895,-0.00306789338003267,-0.0134079126894297,"career"
"00-0029604",5871,0.369102367569409,0.231817407596662,0.399080224833929,0.146823369102368,0.534832226196559,0.205416453755749,0.112927950945324,0.0446261284278658,0.0200987906659854,0.0482030318514733,0.0686424799863737,0.13302674161131,-0.000678579797332712,0.00528619299527991,-0.00460761319794722,-0.00526504966627903,0.0213149397050709,-0.0107524385367258,-0.0052974515020662,-0.00253480266548287,-0.0014594664855327,-0.00130318235105063,0.00539163041953312,0.00551194399169241,"career"
"00-0029665",1263,0.326999208234363,0.297703879651623,0.375296912114014,0.162311955661124,0.536025336500396,0.191607284243864,0.110055423594616,0.0443388756927949,0.0269200316706255,0.0387965162311956,0.0934283452098179,0.166270783847981,-0.042781739132379,0.0711726650502414,-0.0283909259178625,0.0102235368924777,0.0225080500089074,-0.0245616080486105,-0.00816997885277468,-0.00282205540055372,0.00536177451910744,-0.0107096979713284,0.0301774956429773,0.0387559862283636,"career"
"00-0029668",3275,0.359083969465649,0.242442748091603,0.398473282442748,0.128549618320611,0.506259541984733,0.234198473282443,0.130992366412214,0.0451908396946565,0.0277862595419847,0.0580152671755725,0.0796946564885496,0.125801526717557,-0.0106969779010928,0.0159115334902214,-0.00521455558912859,-0.0235388004480359,-0.00725774450675565,0.0180295809899684,0.0127669639648231,-0.00197009139869216,0.00622800239046668,0.00850905297304855,0.016443806921709,-0.00171327090206017,"career"
"00-0029677",962,0.333679833679834,0.205821205821206,0.46049896049896,0.132016632016632,0.538461538461538,0.213097713097713,0.116424116424116,0.0436590436590437,0.0187110187110187,0.0540540540540541,0.0498960498960499,0.128898128898129,-0.036101113686908,-0.0207100087801758,0.0568111224670838,-0.0200717867520146,0.02494425197005,-0.00307117919476124,-0.00180128602327424,-0.00350188743430499,-0.00284723844049934,0.00454783985153009,-0.0133547996707907,0.00138333127851148,"career"
"00-0029682",1159,0.353753235547886,0.25625539257981,0.389991371872304,0.0974978429680759,0.588438308886972,0.191544434857636,0.122519413287317,0.0457290767903365,0.0241587575496117,0.0526315789473684,0.0672993960310613,0.157031924072476,-0.0160277118188555,0.0297241779784285,-0.013696466159573,-0.0545905758005707,0.0749210223954832,-0.0246244574348385,0.00429401083992598,-0.00143185430301215,0.00260050039809368,0.00312536474484445,0.00404854646422069,0.0295171264528588,"career"
"00-0029701",4744,0.347807757166948,0.228288364249578,0.423903878583474,0.136382799325464,0.518549747048904,0.234401349072513,0.11066610455312,0.0436340640809443,0.0164418212478921,0.0505902192242833,0.0636593591905565,0.135961214165261,-0.0219731901997939,0.00175714964819676,0.0202160405515971,-0.0157056194431829,0.00503246055741546,0.0182324567800383,-0.00755929789427094,-0.0035268670124043,-0.00511643590362598,0.00108400502175934,0.000408509623715914,0.00844641654564396,"career"
"00-0030024",59,0.288135593220339,0.203389830508475,0.508474576271186,0.11864406779661,0.593220338983051,0.11864406779661,0.169491525423729,0.0169491525423729,0.0508474576271186,0.101694915254237,0.0338983050847458,0.11864406779661,-0.0816453541464027,-0.0231413840929071,0.10478673823931,-0.0334443509720364,0.0797030524915624,-0.0975248244958642,0.0512661229763381,-0.0302117785509758,0.0292892004756006,0.0521887010517133,-0.0293525444820948,-0.00887072982300725,"career"
"00-0030419",276,0.344202898550725,0.27536231884058,0.380434782608696,0.155797101449275,0.478260869565217,0.22463768115942,0.141304347826087,0.0579710144927536,0.0144927536231884,0.0688405797101449,0.0797101449275362,0.170289855072464,-0.0255780488160171,0.0488311042391981,-0.023253055423181,0.00370868268062877,-0.035256416926271,0.00846878886694594,0.0230789453786963,0.010810083399405,-0.00706550352832965,0.019334365507621,0.0164592953606957,0.0427750574528463,"career"
"00-0030520",1140,0.387719298245614,0.257017543859649,0.355263157894737,0.114035087719298,0.553508771929825,0.216666666666667,0.115789473684211,0.0491228070175439,0.0271929824561404,0.0394736842105263,0.0657894736842105,0.156140350877193,0.0179383508788724,0.0304863292582675,-0.0484246801371399,-0.0380533310493484,0.0399914854383362,0.000497774374192322,-0.00243592876318015,0.00196187592419521,0.0056347253046223,-0.0100325299919977,0.00253862411736995,0.0286255532575756,"career"
"00-0030524",168,0.375,0.244047619047619,0.380952380952381,0.160714285714286,0.476190476190476,0.238095238095238,0.125,0.0773809523809524,0.0119047619047619,0.0357142857142857,0.0654761904761905,0.148809523809524,0.00521905263325834,0.0175164044462374,-0.0227354570794958,0.00862586694563913,-0.0373268103010123,0.0219263458027637,0.00677459755260933,0.0302200212876037,-0.00965349524675615,-0.0137919284882383,0.00222534090934991,0.0212947261899064,"career"
"00-0030526",587,0.369676320272572,0.219761499148211,0.410562180579216,0.132879045996593,0.534923339011925,0.202725724020443,0.129471890971039,0.0442930153321976,0.0255536626916525,0.0596252129471891,0.0391822827938671,0.151618398637138,-0.000104627094169252,-0.0067697154531704,0.00687434254733965,-0.0192093727720538,0.0214060525204366,-0.0134431682720314,0.0112464885236485,-0.00286791576115104,0.00399540554013442,0.0101189987446651,-0.0240685667729734,0.0241036010175206,"career"
"00-0030533",361,0.357340720221607,0.263157894736842,0.379501385041551,0.0858725761772853,0.479224376731302,0.282548476454294,0.152354570637119,0.0637119113573407,0.0249307479224377,0.0637119113573407,0.0969529085872576,0.130193905817175,-0.012440227145135,0.0366266801354604,-0.0241864529903255,-0.0662158425913613,-0.0342929097601865,0.0663795841618193,0.0341291681897284,0.0165509802639921,0.00337249077091962,0.0142056971548168,0.033702059020417,0.0026791081975571,"career"
"00-0030565",3090,0.366343042071197,0.223948220064725,0.409708737864078,0.177346278317152,0.515533980582524,0.19546925566343,0.111650485436893,0.044336569579288,0.0220064724919094,0.0453074433656958,0.0530744336569579,0.128155339805825,-0.00343790529554427,-0.00258299453665672,0.006020899832201,0.0252578595485055,0.00201669409103589,-0.0206996366290439,-0.00657491701049746,-0.00282436151406062,0.000448215340391332,-0.00419877083682817,-0.0101764159098826,0.000640542186207821,"career"
"00-0031064",314,0.423566878980892,0.261146496815287,0.315286624203822,0.0859872611464968,0.557324840764331,0.24203821656051,0.114649681528662,0.054140127388535,0.0159235668789809,0.0445859872611465,0.089171974522293,0.146496815286624,0.0537859316141501,0.034615282213905,-0.088401213828055,-0.0661011576221498,0.0438075542728428,0.0258693242680352,-0.00357572091872825,0.00697919629518638,-0.00563469027253716,-0.00492022694137748,0.0259211249554524,0.0189820176670068,"career"
"00-0031076",48,0.416666666666667,0.208333333333333,0.375,0.104166666666667,0.604166666666667,0.1875,0.104166666666667,0.0416666666666667,0.0208333333333333,0.0416666666666667,0.0625,0.104166666666667,0.046885719299925,-0.0181978812680483,-0.0286878380318767,-0.0479217521019799,0.0906493801751782,-0.0286688922924744,-0.014058735780724,-0.00549426442668199,-0.00072492381818472,-0.0078395475358573,-0.000750849566840572,-0.0233481309529508,"career"
"00-0031237",2074,0.394406943105111,0.202025072324012,0.403567984570878,0.164416586306654,0.535679845708775,0.190935390549662,0.108968177434908,0.0501446480231437,0.0159112825458052,0.0429122468659595,0.0482160077145612,0.125361620057859,0.0246259957383692,-0.0245061422773701,-0.000119853460999131,0.0123281675380072,0.0221625592172869,-0.0252335017428119,-0.00925722501248229,0.00298371692979503,-0.00564697460571284,-0.00659396733656447,-0.0150348418522793,-0.00215317756175823,"career"
"00-0031266",344,0.354651162790698,0.238372093023256,0.406976744186047,0.13953488372093,0.51453488372093,0.215116279069767,0.130813953488372,0.061046511627907,0.0174418604651163,0.0523255813953488,0.0523255813953488,0.15406976744186,-0.015129784576044,0.0118408784218742,0.00328890615416982,-0.0125535350477164,0.00101759722944184,-0.00105261322270692,0.0125885510409814,0.0138855805345583,-0.00411639668640177,0.00281936719282487,-0.0109252681714917,0.026554969822243,"career"
"00-0031280",5758,0.360889197638069,0.237582493921501,0.401528308440431,0.151441472733588,0.532650225772838,0.199027440083362,0.116880861410212,0.042375824939215,0.0260507120527961,0.0484543244182008,0.0637374088225078,0.134421674192428,-0.0088917497286729,0.0110512793201189,-0.002159529591446,-0.000646946035058549,0.0191329392813494,-0.0171414522091121,-0.00134454103717879,-0.00478510615413365,0.00449245490127806,-0.0010518897843232,0.000486559255667249,0.0069068765728105,"career"
"00-0031288",178,0.348314606741573,0.146067415730337,0.50561797752809,0.157303370786517,0.550561797752809,0.157303370786517,0.134831460674157,0.0730337078651685,0.0112359550561798,0.050561797752809,0.0168539325842697,0.117977528089888,-0.0214663406251686,-0.0804637988710446,0.101930139496213,0.00521495201787026,0.0370445112613206,-0.0588655215059575,0.0166060582267666,0.0258727767718199,-0.0103223020953383,0.00105558355028502,-0.0463969169825709,-0.00953726952972979,"career"
"00-0031345",1928,0.360477178423237,0.29149377593361,0.348029045643154,0.16545643153527,0.514522821576763,0.233402489626556,0.0866182572614108,0.0409751037344398,0.0186721991701245,0.0269709543568465,0.104253112033195,0.147302904564315,-0.00930376894350515,0.0649625613322283,-0.0556587923887232,0.0133680127666231,0.00100553508527501,0.0172335973340817,-0.0316071451859799,-0.00618582735890882,-0.00288605798139357,-0.0225352598456775,0.0410022624663545,0.0197881069446979,"career"
"00-0031395",74,0.405405405405405,0.148648648648649,0.445945945945946,0.108108108108108,0.554054054054054,0.202702702702703,0.135135135135135,0.0540540540540541,0.0135135135135135,0.0675675675675676,0.0675675675675676,0.0675675675675676,0.0356244580386638,-0.077882565952733,0.0422581079140693,-0.0439803106605385,0.0405367675625656,-0.0134661895897716,0.0169097326877445,0.00689312296070541,-0.00804474363800454,0.0180613533650436,0.004316718000727,-0.0599472300520499,"career"
"00-0031407",2629,0.355648535564854,0.258273107645493,0.386078356789654,0.146443514644351,0.513122860403195,0.226321795359452,0.114111829593001,0.0505895777862305,0.0197793837961202,0.0437428680106504,0.0741726892354507,0.152909851654622,-0.0141324118018881,0.031741893044111,-0.0176094812422228,-0.00564490412429514,-0.00039442608829332,0.0101529030669779,-0.00411357285438953,0.00342864669288186,-0.00177887335539785,-0.00576334619187353,0.0109218396686102,0.0253950540350041,"career"
"00-0031409",256,0.41015625,0.1875,0.40234375,0.140625,0.51171875,0.2421875,0.10546875,0.046875,0.02734375,0.03125,0.04296875,0.11328125,0.0403753026332583,-0.0390312146013816,-0.00134408803187669,-0.0114634187686466,-0.00179853649148842,0.0260186077075256,-0.0127566524473907,-0.000285931093348651,0.00578549284848195,-0.018256214202524,-0.0202820995668406,-0.0142335476196174,"career"
"00-0031503",3232,0.366336633663366,0.233292079207921,0.400371287128713,0.0912747524752475,0.463490099009901,0.305383663366337,0.139851485148515,0.0544554455445545,0.025990099009901,0.0594059405940594,0.0903465346534653,0.110457920792079,-0.00344431370337533,0.00676086460653916,-0.0033165509031638,-0.0608136662933991,-0.0500271874815874,0.0892147710738623,0.0216260827011242,0.0072945144512058,0.00443184185838294,0.00989972639153543,0.0270956850866248,-0.0170568768275382,"career"
"00-0031568",245,0.383673469387755,0.171428571428571,0.444897959183673,0.151020408163265,0.518367346938776,0.191836734693878,0.138775510204082,0.0571428571428571,0.0244897959183673,0.0571428571428571,0.0285714285714286,0.106122448979592,0.0138925220210134,-0.0551026431728102,0.0412101211517968,-0.00106801060538128,0.00485006044728709,-0.0243321575985968,0.020550107756691,0.00998192604950849,0.00293153876684929,0.00763664294033317,-0.034679420995412,-0.0213923486400256,"career"
"00-0031589",337,0.362017804154303,0.195845697329377,0.44213649851632,0.172106824925816,0.540059347181009,0.163204747774481,0.124629080118694,0.0385756676557863,0.0178041543026706,0.0682492581602374,0.0385756676557863,0.127596439169139,-0.00776314321243898,-0.0306855172720048,0.0384486604844438,0.0200184061571694,0.0265420606895205,-0.0529641445179936,0.00640367767130369,-0.0085852634375623,-0.00375410284884743,0.0187430439577134,-0.0246751819110542,8.16415495220324e-05,"career"
"00-0031800",963,0.322949117341641,0.231568016614746,0.445482866043614,0.188992731048806,0.460020768431983,0.219106957424714,0.131879543094496,0.0550363447559709,0.0218068535825545,0.0550363447559709,0.0581516095534787,0.131879543094496,-0.0468318300251009,0.00503680201336393,0.041795028011737,0.0369043122801592,-0.0534965180595051,0.00293806513224007,0.0136541406471057,0.00787541366262227,0.000248596431036464,0.00553013055344696,-0.00509924001336186,0.00436474547487894,"career"
"00-0032156",1205,0.412448132780083,0.202489626556017,0.3850622406639,0.129460580912863,0.552697095435685,0.20746887966805,0.110373443983402,0.0473029045643154,0.0132780082987552,0.0497925311203319,0.0473029045643154,0.128630705394191,0.0426671854133413,-0.024041588045365,-0.0186255973679763,-0.0226278378557835,0.0391798089441963,-0.00870001262442455,-0.00785195846398819,0.0001419734709667,-0.00828024885276287,0.000286316917807977,-0.0159479450025252,0.00111590777457343,"career"
"00-0032245",110,0.363636363636364,0.245454545454545,0.390909090909091,0.163636363636364,0.645454545454546,0.109090909090909,0.0818181818181818,0.0363636363636364,0.00909090909090909,0.0363636363636364,0.0454545454545455,0.163636363636364,-0.00614458373037802,0.0189233308531638,-0.0127787471227858,0.011547944867717,0.131937258963057,-0.107077983201565,-0.0364072206292089,-0.0107972947297123,-0.012467348060609,-0.0131425778388876,-0.0177963041122951,0.0361215660167462,"career"
"00-0032268",2371,0.391396035428089,0.229017292281738,0.379586672290173,0.130324757486293,0.46942218473218,0.269084774356811,0.131168283424715,0.0573597638127372,0.0307886967524251,0.0430198228595529,0.0733867566427668,0.110501897933361,0.0216150880613478,0.00248607768035602,-0.0241011657417038,-0.0217636612823539,-0.0440951017593079,0.0529158820643371,0.0129428809773246,0.0101988327193886,0.00923043960090708,-0.00648639134297104,0.0101359070759262,-0.017012899686256,"career"
"00-0032434",322,0.385093167701863,0.211180124223602,0.403726708074534,0.204968944099379,0.506211180124224,0.186335403726708,0.102484472049689,0.0403726708074534,0.0186335403726708,0.0434782608695652,0.0683229813664596,0.105590062111801,0.0153122203351217,-0.0153510903777792,3.88700426574573e-05,0.0528805253307323,-0.00730610636726481,-0.0298334885657663,-0.0157409303977012,-0.00678826028589524,-0.00292471677884724,-0.00602795333295875,0.00507213179961906,-0.0219247355078162,"career"
"00-0032436",389,0.305912596401028,0.2853470437018,0.408740359897172,0.182519280205656,0.457583547557841,0.239074550128535,0.120822622107969,0.0334190231362468,0.0359897172236504,0.051413881748072,0.0848329048843188,0.136246786632391,-0.0638683509657134,0.0588158291004178,0.00505252186529553,0.0304308614370089,-0.0559337389336478,0.0229056578360604,0.00259721966057848,-0.0137419079571019,0.0144314600721323,0.00190766754554801,0.0215820553174782,0.00873198901277331,"career"
"00-0032784",101,0.267326732673267,0.168316831683168,0.564356435643564,0.168316831683168,0.455445544554455,0.227722772277228,0.148514851485149,0.0198019801980198,0.0396039603960396,0.0891089108910891,0.0396039603960396,0.0792079207920792,-0.102454214693474,-0.0582143829182133,0.160668597611688,0.0162284129145217,-0.058071741937033,0.0115538799847534,0.0302894490377578,-0.0273589508953288,0.0180457032445216,0.0396026966885651,-0.023646889170801,-0.0483068768275382,"career"
"00-0032792",37,0.486486486486487,0.108108108108108,0.405405405405405,0.216216216216216,0.486486486486487,0.216216216216216,0.0810810810810811,0.027027027027027,0,0.0540540540540541,0,0.108108108108108,0.116705539119745,-0.118423106493274,0.00171756737352874,0.0641277974475696,-0.0270308000050019,4.73239237418766e-05,-0.0371443213663096,-0.0201339040663216,-0.0215582571515181,0.00454783985153009,-0.0632508495668406,-0.0194066895115093,"career"
"00-0032950",3486,0.364027538726334,0.220883534136546,0.41508892713712,0.15863453815261,0.507458405048766,0.214859437751004,0.119047619047619,0.0456110154905336,0.0226620768789443,0.0507745266781411,0.0579460699942628,0.124784853700516,-0.00575340864040774,-0.00564768046483546,0.0114010891052432,0.00654611938396385,-0.00605888144272193,-0.00130945454147033,0.000822216600228368,-0.00154991560281509,0.0011038197274263,0.00126831247561716,-0.00530477957257781,-0.00272994391910107,"career"
"00-0033077",4747,0.375184326943333,0.211923319991574,0.412892353065094,0.138824520749947,0.536338740257004,0.215925847903939,0.108910891089109,0.0431851695807879,0.0214872551084896,0.0442384663998315,0.0560353907731199,0.124710343374763,0.00540337957659098,-0.014607894609808,0.00920451503321706,-0.0132638980186993,0.022821453765516,-0.000243044388535035,-0.00931451135828176,-0.00397576151256079,-7.10020430284806e-05,-0.0052677478026925,-0.00721545879372071,-0.00280445424485441,"career"
"00-0033104",348,0.336206896551724,0.169540229885057,0.494252873563218,0.14367816091954,0.563218390804598,0.186781609195402,0.10632183908046,0.0517241379310345,0.00862068965517241,0.0459770114942529,0.0373563218390805,0.117816091954023,-0.0335740508150175,-0.0569909847163242,0.0905650355313417,-0.00841025784910637,0.0497011043131093,-0.0293872830970721,-0.0119035633669309,0.00456320683768583,-0.0129375674963456,-0.0035292027082711,-0.0258945277277601,-0.00969870566559444,"career"
"00-0033106",5201,0.368198423380119,0.245337435108633,0.386464141511248,0.17054412612959,0.531243991540088,0.208229186694866,0.0899826956354547,0.0394154970198039,0.0173043645452798,0.0332628340703711,0.070947894635647,0.141511247836954,-0.00158252398662245,0.0188062205072513,-0.0172236965206288,0.0184557073609439,0.0177267050486,-0.00793970559760798,-0.028242706811936,-0.00774543407354477,-0.0042538926062383,-0.0162433801321529,0.00769704506880642,0.013996450217337,"career"
"00-0033108",127,0.291338582677165,0.220472440944882,0.488188976377953,0.062992125984252,0.566929133858268,0.21259842519685,0.15748031496063,0.047244094488189,0.0236220472440945,0.0866141732283465,0.062992125984252,0.133858267716535,-0.0784423646895763,-0.00605877365649976,0.0845011383460761,-0.0890962927843946,0.0534118473667793,-0.00357046709562395,0.0392549125132392,8.31633948403243e-05,0.00206379009257644,0.0371079590258225,-0.000258723582588605,0.00634347009691802,"career"
"00-0033119",2234,0.35496866606983,0.209042076991943,0.435989256938227,0.147717099373321,0.543867502238138,0.205908683974933,0.102506714413608,0.0411817367949866,0.0143240823634736,0.0470008952551477,0.0532676812891674,0.127126230975828,-0.0148122812969118,-0.0174891376094389,0.0323014189063507,-0.0043713193953252,0.0303502157466494,-0.0102602083175415,-0.0157186880337828,-0.00597919429836208,-0.00723417478804446,-0.00250531894737625,-0.00998316827767316,-0.000388566643789306,"career"
"00-0033275",337,0.397626112759644,0.160237388724036,0.44213649851632,0.213649851632047,0.394658753709199,0.234421364985163,0.15727002967359,0.0652818991097923,0.0178041543026706,0.0741839762611276,0.0415430267062315,0.0741839762611276,0.0278451653929023,-0.066293825877346,0.0384486604844438,0.0615614328634009,-0.11885853278229,0.0182524726926888,0.0390446272261998,0.0181209680164436,-0.00375410284884743,0.0246777620586036,-0.0217078228606091,-0.0533308213584898,"career"
"00-0033319",802,0.360349127182045,0.280548628428928,0.359102244389027,0.15211970074813,0.537406483790524,0.22069825436409,0.0897755610972569,0.0374064837905237,0.0211970074812968,0.0311720698254364,0.0798004987531172,0.1571072319202,-0.00943182018469679,0.054017413827546,-0.0445855936428493,3.12819794830721e-05,0.0238891972990353,0.00452936207161542,-0.0284498413501338,-0.00975444730282496,-0.000361249670221293,-0.0183341443770876,0.0165496491862766,0.0295924343005821,"career"
"00-0033357",306,0.372549019607843,0.156862745098039,0.470588235294118,0.15359477124183,0.509803921568627,0.212418300653595,0.124183006535948,0.0555555555555556,0.0359477124183007,0.0326797385620915,0.0392156862745098,0.0784313725490196,0.00276807224110148,-0.0696684695033424,0.066900397262241,0.00150635247318348,-0.00371336492286101,-0.00375059163887959,0.00595760408855704,0.0083946244622069,0.0143894552667826,-0.0168264756404325,-0.0240351632923308,-0.0490834250705978,"career"
"00-0033537",2290,0.388646288209607,0.237991266375546,0.373362445414847,0.129257641921397,0.516157205240175,0.225764192139738,0.12882096069869,0.054585152838428,0.0218340611353712,0.0524017467248908,0.0633187772925764,0.136244541484716,0.0188653408428653,0.0114600517741642,-0.0303253926170295,-0.0228307768472492,0.0026399187486863,0.00959529984726365,0.0105955582512993,0.0074242217450793,0.000275803983853126,0.00289553252236686,6.79277257358418e-05,0.00872974386509873,"career"
"00-0033550",40,0.35,0.2,0.45,0.125,0.675,0.15,0.05,0,0,0.05,0.025,0.175,-0.0197809473667417,-0.0265312146013816,0.0463121619681233,-0.0270884187686466,0.161482713508512,-0.0661688922924744,-0.0682254024473907,-0.0471609310933487,-0.0215582571515181,0.000493785797476033,-0.0382508495668406,0.0474852023803826,"career"
"00-0033662",594,0.341750841750842,0.212121212121212,0.446127946127946,0.175084175084175,0.52020202020202,0.195286195286195,0.109427609427609,0.0420875420875421,0.0117845117845118,0.0555555555555556,0.0606060606060606,0.11952861952862,-0.0280301056158999,-0.0144100024801695,0.0424401080960695,0.0229957563155285,0.0066847337105318,-0.0208826970062791,-0.00879779301978124,-0.00507338900580656,-0.00977374536700627,0.00604934135303158,-0.00264478896077996,-0.0079861780909979,"career"
"00-0033869",1926,0.326064382139149,0.249740394600208,0.424195223260644,0.168743509865005,0.478193146417445,0.225856697819315,0.127206645898235,0.0482866043613707,0.0228452751817238,0.0560747663551402,0.0695742471443406,0.137590861889927,-0.0437165652275932,0.023209179998826,0.0205073852287671,0.0166550910963586,-0.0353241400740429,0.00968780552684029,0.00898124345084401,0.00112567326802206,0.00128701803020573,0.00656855215261622,0.00632339757750003,0.0100760642703099,"career"
"00-0033873",4664,0.382289879931389,0.20647512864494,0.411234991423671,0.202615780445969,0.481346483704974,0.199828473413379,0.116209262435678,0.0424528301886792,0.0214408233276158,0.0523156089193825,0.0553173241852487,0.106775300171527,0.0125089325646477,-0.0200560859564417,0.00754715339179396,0.0505273616773225,-0.0321708027865141,-0.0163404188790953,-0.00201614001171314,-0.00470810090466941,-0.000117433823902273,0.00280939471685854,-0.00793352538159186,-0.0207394974480908,"career"
"00-0033899",516,0.321705426356589,0.23062015503876,0.447674418604651,0.108527131782946,0.532945736434108,0.189922480620155,0.168604651162791,0.060077519379845,0.0251937984496124,0.0833333333333333,0.0484496124031008,0.141472868217054,-0.0480755210101525,0.00408894043737804,0.0439865805727745,-0.0435612869857009,0.0194284499426201,-0.0262464116723193,0.0503792487154,0.0129165882864963,0.00363554129809435,0.0338271191308094,-0.0148012371637398,0.0139580705974368,"career"
"00-0033936",561,0.39572192513369,0.221033868092692,0.383244206773619,0.135472370766488,0.602495543672014,0.167557932263815,0.0944741532976827,0.0285204991087344,0.0249554367201426,0.0409982174688057,0.0570409982174688,0.131907308377897,0.0259409777669482,-0.00549734650869002,-0.0204436312582582,-0.0166160480021582,0.0889782571805259,-0.0486109600286597,-0.023751249149708,-0.0186404319846143,0.00339717956862455,-0.00850799673371826,-0.00620985134937177,0.00439251075827918,"career"
"00-0033949",558,0.353046594982079,0.231182795698925,0.415770609318996,0.170250896057348,0.489247311827957,0.231182795698925,0.109318996415771,0.0483870967741935,0.010752688172043,0.050179211469534,0.0716845878136201,0.129032258064516,-0.0167343523846628,0.00465158109754307,0.0120827712871197,0.0181624772887011,-0.0242699746635314,0.0150139034064504,-0.00890640603162006,0.0012261656808449,-0.010805568979475,0.000672997267010082,0.0084337382467795,0.0015174604448987,"career"
"00-0033958",157,0.382165605095541,0.165605095541401,0.452229299363057,0.133757961783439,0.54140127388535,0.229299363057325,0.0955414012738854,0.0445859872611465,0.0127388535031847,0.0382165605095541,0.0445859872611465,0.10828025477707,0.0123846577287998,-0.0609261190599804,0.0485414613311806,-0.0183304569852071,0.0278839873938619,0.0131304707648505,-0.0226840011735053,-0.00257494383220216,-0.00881940364833334,-0.0112896536929698,-0.0186648623056941,-0.0192345428425474,"career"
"00-0034177",231,0.411255411255411,0.199134199134199,0.38961038961039,0.199134199134199,0.567099567099567,0.134199134199134,0.0995670995670996,0.0303030303030303,0.00865800865800866,0.0606060606060606,0.038961038961039,0.12987012987013,0.0414744638886696,-0.0273970154671825,-0.0140774484214871,0.0470457803655525,0.0535822806080787,-0.0819697580933401,-0.0186583028802911,-0.0168579007903183,-0.0129002484935094,0.0110998464035366,-0.0242898106058016,0.00235533225051243,"career"
"00-0034343",512,0.375,0.220703125,0.404296875,0.1875,0.44921875,0.232421875,0.130859375,0.044921875,0.033203125,0.052734375,0.0546875,0.119140625,0.00521905263325834,-0.00582808960138165,0.000609036968123311,0.0354115812313534,-0.0642985364914884,0.0162529827075256,0.0126339725526093,-0.00223905609334865,0.0116448678484819,0.00322816079747603,-0.00856334956684057,-0.00837417261961743,"career"
"00-0034401",324,0.361111111111111,0.212962962962963,0.425925925925926,0.16358024691358,0.5,0.259259259259259,0.0771604938271605,0.0339506172839506,0.0123456790123457,0.0308641975308642,0.0771604938271605,0.095679012345679,-0.00866983625563056,-0.0135682516384187,0.0222380878940492,0.0114918281449337,-0.0135172864914884,0.0430903669667849,-0.0410649086202302,-0.013210313809398,-0.00921257813917237,-0.0186420166716598,0.0139096442603199,-0.0318357852739384,"career"
"00-0034412",73,0.383561643835616,0.136986301369863,0.47945205479452,0.287671232876712,0.438356164383562,0.191780821917808,0.0821917808219178,0.0273972602739726,0,0.0547945205479452,0.0410958904109589,0.0958904109589041,0.0137806964688748,-0.0895449132315186,0.0757642167626438,0.135582814108066,-0.0751611221079268,-0.0243880703746661,-0.0360336216254729,-0.019763670819376,-0.0215582571515181,0.00528830634542123,-0.0221549591558817,-0.0316243866607133,"career"
"00-0034577",706,0.378186968838527,0.175637393767705,0.446175637393768,0.151558073654391,0.529745042492918,0.209631728045326,0.109065155807365,0.0509915014164306,0.0113314447592068,0.046742209631728,0.0254957507082153,0.127478753541076,0.00840602147178526,-0.0508938208336763,0.042487799361891,-0.000530345114255648,0.0162277560014294,-0.00653716424714856,-0.00916024664002524,0.00383057032308194,-0.0102268123923113,-0.00276400457079592,-0.0377550988586253,-3.60440785409366e-05,"career"
"00-0034771",734,0.38283378746594,0.247956403269755,0.369209809264305,0.185286103542234,0.502724795640327,0.194822888283379,0.11716621253406,0.053133514986376,0.0177111716621253,0.0463215258855586,0.053133514986376,0.141689373297003,0.0130528400991984,0.0214251886683731,-0.0344780287675715,0.0331976847735877,-0.0107924908511614,-0.0213460040090956,-0.00105918991333073,0.00597258389302737,-0.00384708548939271,-0.00318468831696539,-0.0101173345804646,0.0141745756773853,"career"
"00-0034796",2869,0.316486580690136,0.30149878006274,0.382014639247124,0.14813523875915,0.487626350644824,0.232136632973161,0.132101777622865,0.0494945974207041,0.0285813872429418,0.0540257929592192,0.0941094457999303,0.15719762983618,-0.0532943666766058,0.074967565461358,-0.0216731987847523,-0.00395318000949707,-0.0258909358466645,0.015967740680687,0.0138763751754744,0.00233366632735543,0.00702313009142374,0.00451957875669527,0.0308585962330897,0.0296828322165624,"career"
"00-0034855",3923,0.366046393066531,0.205200101962784,0.428753504970686,0.171297476421106,0.474126943665562,0.227377007392302,0.12719857252103,0.0476676013255162,0.0206474636757583,0.0588835075197553,0.0599031353555952,0.107570736681111,-0.00373455430021097,-0.0213311126385981,0.025065666938809,0.0192090576524597,-0.0393903428259263,0.0112081150998275,0.00897317007363914,0.000506670232167536,-0.000910793475759702,0.00937729331723132,-0.00334771421124536,-0.019944060938506,"career"
"00-0034857",4079,0.395194900710959,0.192203971561657,0.412601127727384,0.162049521941652,0.476832556999265,0.22333905368963,0.137778867369453,0.057121843589115,0.02181907330228,0.0588379504780583,0.0551605785731797,0.102230938955626,0.0254139533442169,-0.0343272430397244,0.00891328969550748,0.00996110317300578,-0.0366847294922239,0.00717016139715546,0.0195534649220626,0.00996091249576633,0.000260816150761917,0.00933173627553438,-0.00809027099366087,-0.025283858663991,"career"
"00-0034869",2817,0.379481718139865,0.20376286829961,0.416755413560525,0.150869719559815,0.49378771742989,0.233226837060703,0.122115725949592,0.0507632232871849,0.0188143414980476,0.0525381611643592,0.0653177138800142,0.104011359602414,0.00970077077312342,-0.0227683463017721,0.0130675755286487,-0.00121869920883119,-0.0197295690615985,0.0170579447682285,0.00389032350220109,0.00360229219383629,-0.00274391565347049,0.00303194696183528,0.00206686431317363,-0.0235034380172035,"career"
"00-0034899",104,0.375,0.173076923076923,0.451923076923077,0.153846153846154,0.480769230769231,0.211538461538462,0.153846153846154,0.0576923076923077,0.0288461538461538,0.0673076923076923,0.0769230769230769,0.0576923076923077,0.00521905263325834,-0.0534542915244586,0.0482352388912002,0.00175773507750726,-0.0327480557222576,-0.00463043075401282,0.0356207513987632,0.010531376598959,0.0072878966946358,0.0178014781051683,0.0136722273562364,-0.0698224899273097,"career"
"00-0034955",168,0.416666666666667,0.178571428571429,0.404761904761905,0.136904761904762,0.535714285714286,0.19047619047619,0.136904761904762,0.0476190476190476,0.0238095238095238,0.0654761904761905,0.0357142857142857,0.101190476190476,0.046885719299925,-0.0479597860299531,0.00107406673002808,-0.0151836568638847,0.0221969992227973,-0.0256927018162839,0.0186793594573712,0.000458116525698965,0.00225126665800576,0.0159699762736665,-0.0275365638525549,-0.0263243214291412,"career"
"00-0035040",242,0.380165289256198,0.202479338842975,0.417355371900826,0.144628099173554,0.504132231404959,0.227272727272727,0.12396694214876,0.0495867768595041,0.0330578512396694,0.0413223140495868,0.0702479338842975,0.0950413223140496,0.0103843418894567,-0.0240518757584064,0.0136675338689498,-0.00746031959509288,-0.00938505508652976,0.0111038349802529,0.00574153970136966,0.00242584576615548,0.0114995940881514,-0.00818390015293719,0.00699708431745695,-0.0324734753055678,"career"
"00-0035100",368,0.377717391304348,0.222826086956522,0.39945652173913,0.239130434782609,0.4375,0.21195652173913,0.111413043478261,0.0407608695652174,0.016304347826087,0.0543478260869565,0.078804347826087,0.111413043478261,0.00793644393760617,-0.00370512764485992,-0.00423131629274626,0.0870420160139621,-0.0760172864914884,-0.00421237055334392,-0.00681235896912981,-0.00640006152813126,-0.0052539093254311,0.00484161188443255,0.0155534982592464,-0.0161017541413566,"career"
"00-0035146",92,0.369565217391304,0.184782608695652,0.445652173913043,0.195652173913043,0.467391304347826,0.25,0.0869565217391304,0.0760869565217391,0,0.0108695652173913,0.0434782608695652,0.130434782608696,-0.00021572997543734,-0.0417486059057295,0.0419643358811668,0.0435637551443969,-0.0461259821436623,0.0338311077075256,-0.0312688807082602,0.0289260254283905,-0.0215582571515181,-0.0386366489851327,-0.0197725886972754,0.00291998498907822,"career"
"00-0035228",2924,0.4093707250342,0.202462380300958,0.388166894664843,0.203488372093023,0.494186046511628,0.179206566347469,0.12311901504788,0.045827633378933,0.0194938440492476,0.057797537619699,0.0413816689466484,0.119015047879617,0.0395897776674581,-0.0240688343004241,-0.015520943367034,0.0513999533243767,-0.0193312399798605,-0.0369623259450051,0.00489361260048894,-0.00133329771441568,-0.00206441310227045,0.00829132341717508,-0.0218691806201921,-0.00849974974000046,"career"
"00-0035232",441,0.351473922902494,0.301587301587302,0.346938775510204,0.147392290249433,0.519274376417234,0.224489795918367,0.108843537414966,0.0453514739229025,0.0272108843537415,0.036281179138322,0.0839002267573696,0.17687074829932,-0.0183070244642473,0.0750560869859199,-0.0567490625216726,-0.0046961285192135,0.00575708992574508,0.008320903625893,-0.00938186503242469,-0.00180945717044616,0.00565262720222344,-0.013225035064202,0.020649377190529,0.0493559506797023,"career"
"00-0035251",52,0.211538461538462,0.192307692307692,0.596153846153846,0.230769230769231,0.403846153846154,0.173076923076923,0.192307692307692,0.0192307692307692,0,0.173076923076923,0,0.173076923076923,-0.15824248582828,-0.0342235222936893,0.192466008121969,0.0786808120005842,-0.109671132645335,-0.0430919692155513,0.0740822898603016,-0.0279301618625794,-0.0215582571515181,0.123570708874399,-0.0632508495668406,0.0455621254573056,"career"
"00-0035264",197,0.365482233502538,0.213197969543147,0.421319796954315,0.152284263959391,0.50253807106599,0.213197969543147,0.131979695431472,0.0558375634517767,0.0152284263959391,0.0609137055837563,0.0812182741116751,0.101522842639594,-0.00429871386420361,-0.0133332450582344,0.017631958922438,0.000195845190744282,-0.0109792154254986,-0.00297092274932714,0.0137542929840814,0.008676632358428,-0.00632983075557897,0.0114074913812324,0.0179674245448345,-0.0259919549800235,"career"
"00-0035282",174,0.448275862068966,0.149425287356322,0.402298850574713,0.17816091954023,0.540229885057471,0.172413793103448,0.109195402298851,0.0574712643678161,0.0114942528735632,0.0402298850574713,0.0114942528735632,0.103448275862069,0.0784949147022239,-0.0771059272450598,-0.00138898745716404,0.0260725007715833,0.0267125985659828,-0.0437550991890261,-0.00903000014854009,0.0103103332744674,-0.0100640042779548,-0.00927632914505271,-0.0517565966932774,-0.0240665217575485,"career"
"00-0035289",1736,0.384792626728111,0.205645161290323,0.409562211981567,0.16647465437788,0.533986175115207,0.196428571428571,0.103110599078341,0.0432027649769585,0.0144009216589862,0.0455069124423963,0.0455069124423963,0.130760368663594,0.0150116793613689,-0.0208860533110591,0.00587437394969015,0.0143862356092336,0.020468888623719,-0.0197403208639029,-0.0151148033690497,-0.00395816611639013,-0.00715733549253188,-0.00399930176012766,-0.0177439371244443,0.00324557104397705,"career"
"00-0035577",160,0.39375,0.15625,0.45,0.20625,0.5125,0.1375,0.14375,0.06875,0.01875,0.05625,0.00625,0.10625,0.0239690526332583,-0.0702812146013816,0.0463121619681233,0.0541615812313534,-0.00101728649148847,-0.0786688922924743,0.0255245975526093,0.0215890689066514,-0.00280825715151805,0.00674378579747603,-0.0570008495668406,-0.0212647976196174,"career"
"00-0035652",119,0.327731092436975,0.252100840336134,0.420168067226891,0.092436974789916,0.529411764705882,0.235294117647059,0.142857142857143,0.0420168067226891,0.0252100840336134,0.0756302521008403,0.0840336134453782,0.134453781512605,-0.0420498549297669,0.0255696257347528,0.0164802291950141,-0.0596514439787306,0.0158944782143939,0.0191252253545845,0.0246317404097522,-0.00514412437065957,0.00365182688209539,0.0261240378983164,0.0207827638785376,0.00693898389298761,"career"
"00-0035704",966,0.335403726708075,0.208074534161491,0.456521739130435,0.164596273291925,0.509316770186335,0.187370600414079,0.13871635610766,0.0538302277432712,0.0175983436853002,0.067287784679089,0.0600414078674948,0.114906832298137,-0.0343772206586671,-0.018456680439891,0.0528339010985581,0.0125078545232789,-0.00420051630515306,-0.0287982918783957,0.0204909536602698,0.00666929664992257,-0.00395991346621784,0.0177815704765651,-0.00320944169934575,-0.0126079653214808,"career"
"00-0035710",2611,0.360015319800843,0.235158942933742,0.404825737265416,0.144389122941402,0.558406740712371,0.208349291459211,0.0888548448870165,0.0367675220222137,0.0164687859057832,0.0356185369590195,0.0720030639601685,0.132133282267331,-0.00976562756589905,0.00862772833236022,0.00113789923353885,-0.00769929582724482,0.0448894542208823,-0.00781960083326333,-0.0293705575603742,-0.0103934090711349,-0.00508947124573483,-0.0138876772435044,0.00875221439332795,0.00461848464771311,"career"
"00-0035752",40,0.5,0.175,0.325,0.15,0.6,0.15,0.1,0.075,0.025,0,0.025,0.075,0.130219052633258,-0.0515312146013817,-0.0786878380318767,-0.0020884187686466,0.0864827135085116,-0.0661688922924744,-0.0182254024473907,0.0278390689066513,0.00344174284848195,-0.049506214202524,-0.0382508495668406,-0.0525147976196174,"career"
"00-0035939",33,0.393939393939394,0.121212121212121,0.484848484848485,0.212121212121212,0.484848484848485,0.272727272727273,0.0303030303030303,0.0303030303030303,0,0,0.0303030303030303,0.0606060606060606,0.0241584465726523,-0.10531909338926,0.0811606468166082,0.0600327933525655,-0.0286688016430036,0.0565583804347984,-0.0879223721443604,-0.0168579007903183,-0.0215582571515181,-0.049506214202524,-0.0329478192638103,-0.0669087370135568,"career"
"00-0035993",535,0.321495327102804,0.241121495327103,0.437383177570093,0.145794392523364,0.555140186915888,0.207476635514019,0.091588785046729,0.0242990654205607,0.0186915887850467,0.0485981308411215,0.0392523364485981,0.170093457943925,-0.0482856202639379,0.0145902807257212,0.0336953395382168,-0.00629402624528211,0.0416229004243994,-0.00869225677845567,-0.0266366174006617,-0.0228618656727879,-0.00286666836647132,-0.000908083361402474,-0.0239985131182424,0.0425786603243078,"career"
"00-0036197",60,0.4,0.15,0.45,0.166666666666667,0.533333333333333,0.166666666666667,0.133333333333333,0.0333333333333333,0.0333333333333333,0.0666666666666667,0.0333333333333333,0.0666666666666667,0.0302190526332584,-0.0765312146013817,0.0463121619681233,0.0145782478980201,0.0198160468418449,-0.0495022256258077,0.0151079308859427,-0.0138275977600153,0.0117750761818153,0.0171604524641427,-0.0299175162335072,-0.0608481309529508,"career"
"00-0036212",2410,0.418672199170124,0.225311203319502,0.356016597510373,0.190871369294606,0.475103734439834,0.233609958506224,0.100414937759336,0.0443983402489627,0.016597510373444,0.0394190871369295,0.0850622406639004,0.0975103734439834,0.0488912518033828,-0.00122001128187957,-0.0476712405215032,0.0387829505259592,-0.0384135520516544,0.0174410662137497,-0.0178104646880546,-0.00276259084438599,-0.00496074677807407,-0.0100871270655945,0.0218113910970598,-0.030004424175634,"career"
"00-0036264",1522,0.396189224704336,0.208278580814717,0.395532194480946,0.185282522996058,0.460578186596583,0.211563731931669,0.14257555847569,0.0611038107752957,0.0361366622864652,0.045335085413929,0.0670170827858081,0.0860709592641262,0.0264082773375947,-0.0182526337866642,-0.00815564355093057,0.0331941042274112,-0.052939099894905,-0.00460516036080549,0.0243501560282992,0.013942879681947,0.0145784051349471,-0.00417112878859493,0.00376623321896757,-0.0414438383554913,"career"
"00-0036312",110,0.327272727272727,0.154545454545455,0.518181818181818,0.163636363636364,0.518181818181818,0.190909090909091,0.127272727272727,0.0545454545454545,0.0454545454545455,0.0272727272727273,0.0363636363636364,0.0727272727272727,-0.0425082200940144,-0.0719857600559271,0.114493980149941,0.011547944867717,0.00466453169032977,-0.0252598013833834,0.00904732482533659,0.00738452345210589,0.0238962883030274,-0.0222334869297967,-0.0268872132032042,-0.0547875248923447,"career"
"00-0036355",3428,0.352683780630105,0.194574095682614,0.452742123687281,0.172987164527421,0.51779463243874,0.197491248541424,0.111726954492415,0.04463243873979,0.0134189031505251,0.0536756126021004,0.0498833138856476,0.11901983663944,-0.0170971667366366,-0.0319571189187679,0.0490542856554045,0.0208987457587747,0.00427734594725138,-0.0186776437510508,-0.00649844795497527,-0.00252849235355869,-0.00813935400099296,0.00416939839957638,-0.013367535681193,-0.00849496098017752,"career"
"00-0036384",42,0.452380952380952,0.142857142857143,0.404761904761905,0.214285714285714,0.452380952380952,0.214285714285714,0.119047619047619,0.0476190476190476,0,0.0714285714285714,0,0.119047619047619,0.0826000050142107,-0.0836740717442388,0.00107406673002808,0.0621972955170677,-0.061136334110536,-0.00188317800676008,0.000822216600228368,0.000458116525698965,-0.0215582571515181,0.0219223572260475,-0.0632508495668406,-0.00846717857199838,"career"
"00-0036389",2387,0.416003351487222,0.13782991202346,0.446166736489317,0.149560117302053,0.51403435274403,0.206535400083787,0.12987012987013,0.0515291160452451,0.0171763720150817,0.0611646418098031,0.0393799748638458,0.0691244239631336,0.0462224041204808,-0.0887013025779212,0.0424788984574405,-0.0025283014665938,0.000517066252541776,-0.00963349220868717,0.0116447274227392,0.00436818495189643,-0.00438188513643636,0.0116584276072791,-0.0238708747029947,-0.0583903736564838,"career"
"00-0036442",2796,0.352288984263233,0.218168812589413,0.429542203147353,0.161301859799714,0.532904148783977,0.209585121602289,0.09620886981402,0.0286123032904149,0.0171673819742489,0.0504291845493562,0.0661659513590844,0.120886981402003,-0.0174919631035085,-0.0083624020119682,0.0258543651154767,0.00921344103106728,0.0193868622924886,-0.00658377069018537,-0.0220165326333706,-0.0185486278029338,-0.00439087517726913,0.000922970346832253,0.00291510179224383,-0.00662781621761456,"career"
"00-0036879",101,0.405940594059406,0.247524752475248,0.346534653465347,0.168316831683168,0.574257425742574,0.118811881188119,0.138613861386139,0.0594059405940594,0.0099009900990099,0.0693069306930693,0.0495049504950495,0.158415841584158,0.0361596466926643,0.0209935378738659,-0.0571531845665302,0.0162284129145217,0.0607401392510858,-0.0973570111043555,0.020388458938748,0.0122450095007108,-0.0116572670525082,0.0198007164905453,-0.0137458990717911,0.030901043964541,"career"
"00-0036898",1104,0.392210144927536,0.185688405797101,0.422101449275362,0.170289855072464,0.513586956521739,0.210144927536232,0.105978260869565,0.0407608695652174,0.0190217391304348,0.046195652173913,0.0489130434782609,0.0996376811594203,0.0224291975607946,-0.0408428088042802,0.0184136112434856,0.0182014363038172,6.96700302507125e-05,-0.00602396475624248,-0.0122471415778255,-0.00640006152813126,-0.00253651802108327,-0.00331056202861093,-0.0143378060885797,-0.0278771164601971,"career"
"00-0036945",1318,0.409711684370258,0.195751138088012,0.39453717754173,0.159332321699545,0.511380880121396,0.189681335356601,0.139605462822458,0.0614567526555387,0.0182094081942337,0.0599393019726859,0.0546282245827011,0.100151745068285,0.0399307370035163,-0.0307800765133695,-0.00915066049014679,0.00724390293089816,-0.00213640637009238,-0.0264875569358734,0.0213800603750676,0.01429582156219,-0.00334884895728436,0.0104330877701619,-0.00862262498413951,-0.0273630525513321,"career"
"00-0036971",2585,0.398839458413926,0.192649903288201,0.408510638297872,0.166344294003868,0.480851063829787,0.230560928433269,0.122243713733075,0.058027079303675,0.0193423597678917,0.0448742746615087,0.0518375241779497,0.110251450676983,0.0290585110471848,-0.0338813113131805,0.00482280026599563,0.0142558752352219,-0.0326662226617012,0.0143920361407945,0.00401831128568476,0.0108661482103264,-0.00221589738362637,-0.00463193954101527,-0.0114133253888909,-0.0172633469426348,"career"
"00-0036972",1853,0.392876416621695,0.226659471127901,0.380464112250405,0.184565569347005,0.512142471667566,0.187263896384242,0.116028062601187,0.0496492174851592,0.0199676200755532,0.0464112250404749,0.0593631948192121,0.131138694009714,0.0230954692549529,0.000128256526519044,-0.0232237257814719,0.0324771505783583,-0.00137481482392232,-0.0289049959082326,-0.00219733984620341,0.00248828639181055,-0.0015906370759649,-0.00309498916204906,-0.00388765474762848,0.00362389639009655,"career"
"00-0037012",196,0.352040816326531,0.188775510204082,0.459183673469388,0.168367346938776,0.464285714285714,0.224489795918367,0.142857142857143,0.0612244897959184,0.0255102040816327,0.0561224489795918,0.0663265306122449,0.0816326530612245,-0.017740131040211,-0.0377557043973,0.0554958354375111,0.0162789281701289,-0.0492315722057741,0.008320903625893,0.0246317404097522,0.0140635587025697,0.0039519469301146,0.00661623477706787,0.00307568104540433,-0.0458821445583929,"career"
"00-0037013",1000,0.383,0.203,0.414,0.185,0.488,0.214,0.113,0.055,0.016,0.042,0.055,0.106,0.0132190526332583,-0.0235312146013816,0.0103121619681233,0.0329115812313534,-0.0255172864914884,-0.00216889229247436,-0.00522540244739067,0.00783906890665135,-0.00555825715151805,-0.00750621420252397,-0.00825084956684057,-0.0215147976196174,"career"
"00-0037077",645,0.324031007751938,0.223255813953488,0.452713178294574,0.198449612403101,0.489922480620155,0.189147286821705,0.122480620155039,0.0434108527131783,0.0217054263565891,0.0573643410852713,0.0511627906976744,0.130232558139535,-0.0457499396148037,-0.00327540064789328,0.049025340262697,0.0463611936344542,-0.0235948058713334,-0.0270216054707689,0.00425521770764808,-0.00375007838017036,0.000147169205071095,0.00785812688274735,-0.0120880588691662,0.00271776051991746,"career"
"00-0037175",47,0.297872340425532,0.382978723404255,0.319148936170213,0.0851063829787234,0.574468085106383,0.234042553191489,0.106382978723404,0.0425531914893617,0.0212765957446809,0.0425531914893617,0.0638297872340425,0.276595744680851,-0.0719086069412098,0.156447508802874,-0.0845389018616639,-0.0669820357899232,0.0609507986148946,0.017873660899015,-0.0118424237239864,-0.00460773960398695,-0.000281661406837202,-0.00695302271316227,0.000578937667201976,0.149080947061234,"career"
"00-0037324",54,0.37037037037037,0.111111111111111,0.518518518518518,0.37037037037037,0.388888888888889,0.12962962962963,0.111111111111111,0.0555555555555556,0.037037037037037,0.0185185185185185,0,0.0555555555555556,0.000589423003628686,-0.115420103490271,0.114830680486642,0.218281951601724,-0.1246283976026,-0.0865392626628447,-0.00711429133627957,0.0083946244622069,0.015478779885519,-0.0309876956840055,-0.0632508495668406,-0.0719592420640619,"career"
"00-0037327",138,0.376811594202899,0.173913043478261,0.449275362318841,0.159420289855072,0.514492753623188,0.231884057971014,0.0942028985507246,0.0217391304347826,0.0217391304347826,0.0507246376811594,0.0869565217391304,0.0579710144927536,0.0070306468361569,-0.0526181711231208,0.0455875242869639,0.00733187108642586,0.000975467131699936,0.0157151656785401,-0.024022503896666,-0.025421800658566,0.000180873283264556,0.00121842347863545,0.0237056721722899,-0.0695437831268638,"career"
"00-0037834",1345,0.400743494423792,0.261710037174721,0.337546468401487,0.138289962825279,0.498884758364312,0.254275092936803,0.108550185873606,0.0483271375464684,0.0252788104089219,0.0349442379182156,0.0936802973977695,0.129368029739777,0.0309625470570501,0.0351788225733395,-0.0661413696303897,-0.0137984559433678,-0.0146325281271761,0.0381062006443286,-0.00967521657378473,0.00116620645311975,0.00372055325740388,-0.0145619762843084,0.030429447830929,0.00185323212015953,"career"
"00-0038102",797,0.422835633626098,0.170639899623588,0.406524466750314,0.159347553324969,0.534504391468005,0.202007528230866,0.104140526976161,0.0476787954830615,0.0225846925972397,0.0338770388958595,0.0439146800501882,0.0928481806775408,0.0530546862593562,-0.0558913149777932,0.00283662871843698,0.00725913455632204,0.0209871049765166,-0.0141613640616086,-0.0140848754712301,0.000517864389712831,0.0010264354457216,-0.0156291753066645,-0.0193361695166524,-0.0346666169420767,"career"
"00-0038108",334,0.407185628742515,0.158682634730539,0.434131736526946,0.20059880239521,0.482035928143713,0.194610778443114,0.122754491017964,0.0808383233532934,0.0179640718562874,0.0239520958083832,0.0449101796407186,0.0868263473053892,0.0374046813757733,-0.0678485798708427,0.0304438984950694,0.048510383626563,-0.0314813583477758,-0.0215581138493606,0.00452908857057339,0.0336773922599448,-0.00359418529523063,-0.0255541183941407,-0.018340669926122,-0.0406884503142282,"career"
"00-0038122",585,0.381196581196581,0.223931623931624,0.394871794871795,0.169230769230769,0.483760683760684,0.227350427350427,0.11965811965812,0.0461538461538462,0.0273504273504274,0.0461538461538462,0.0666666666666667,0.102564102564103,0.0114156338298395,-0.00259959066975771,-0.00881604316008183,0.0171423504621226,-0.0297566027308047,0.011181535057953,0.00143271721072899,-0.0010070849395025,0.0057921701989093,-0.00335236804867781,0.00341581709982609,-0.0249506950555149,"career"
"00-0038128",155,0.354838709677419,0.154838709677419,0.490322580645161,0.187096774193548,0.47741935483871,0.2,0.135483870967742,0.0774193548387097,0.00645161290322581,0.0516129032258065,0.0387096774193548,0.0967741935483871,-0.0149422376893223,-0.0716925049239623,0.0866347426132846,0.0350083554249018,-0.0360979316527787,-0.0161688922924743,0.0172584685203513,0.030258423745361,-0.0151066442482922,0.00210668902328248,-0.0245411721474857,-0.0307406040712303,"career"
"00-0038400",88,0.306818181818182,0.193181818181818,0.5,0.0909090909090909,0.511363636363636,0.329545454545455,0.0681818181818182,0.0340909090909091,0,0.0340909090909091,0.0681818181818182,0.125,-0.0629627655485598,-0.0333493964195635,0.0963121619681233,-0.0611793278595557,-0.00215365012785207,0.11337656225298,-0.0500435842655725,-0.0130700220024396,-0.0215582571515181,-0.0154153051116149,0.0049309686149776,-0.00251479761961743,"career"
"00-0038416",149,0.38255033557047,0.161073825503356,0.456375838926175,0.288590604026846,0.456375838926175,0.187919463087248,0.0671140939597315,0.0335570469798658,0.00671140939597315,0.0268456375838926,0.0738255033557047,0.0536912751677852,0.0127693882037281,-0.065457389098026,0.0526880008942978,0.136502185258199,-0.0571414475653139,-0.028249429205226,-0.0511113084876591,-0.0136038841134829,-0.0148468477555449,-0.0226605766186314,0.0105746537888641,-0.0738235224518322,"career"
"00-0038476",222,0.373873873873874,0.13963963963964,0.486486486486487,0.193693693693694,0.540540540540541,0.189189189189189,0.0765765765765766,0.018018018018018,0.00900900900900901,0.0495495495495495,0.0405405405405405,0.0765765765765766,0.00409292650713222,-0.086891574961742,0.0827986484546098,0.0416052749250471,0.0270232540490521,-0.0269797031032852,-0.0416488258708141,-0.0291429130753306,-0.012549248142509,4.33353470255804e-05,-0.0227103090263,-0.0509382210430409,"career"
"00-0038579",606,0.386138613861386,0.194719471947195,0.419141914191419,0.166666666666667,0.536303630363036,0.183168316831683,0.113861386138614,0.0528052805280528,0.0132013201320132,0.0478547854785479,0.037953795379538,0.13036303630363,0.0163576664946445,-0.0318117426541869,0.0154540761595425,0.0145782478980201,0.0227863438715479,-0.0330005754607912,-0.00436401630877681,0.00564434943470415,-0.00835693701950485,-0.00165142872397611,-0.0252970541873026,0.00284823868401293,"career"
"00-0038582",38,0.263157894736842,0.105263157894737,0.631578947368421,0.263157894736842,0.657894736842105,0.0789473684210526,0,0,0,0,0,0.105263157894737,-0.1066230526299,-0.121268056706645,0.227891109336544,0.111069475968195,0.144377450350617,-0.137221523871422,-0.118225402447391,-0.0471609310933487,-0.0215582571515181,-0.049506214202524,-0.0632508495668406,-0.0222516397248806,"career"
"00-0038583",228,0.390350877192982,0.184210526315789,0.425438596491228,0.179824561403509,0.56140350877193,0.197368421052632,0.0614035087719298,0.0131578947368421,0.0175438596491228,0.0307017543859649,0.0526315789473684,0.105263157894737,0.0205699298262408,-0.0423206882855922,0.0217507584593514,0.0277361426348622,0.0478862222804414,-0.0188004712398428,-0.0568218936754609,-0.0340030363565065,-0.00401439750239525,-0.0188044598165591,-0.0106192706194722,-0.0222516397248806,"career"
"00-0038998",39,0.17948717948718,0.487179487179487,0.333333333333333,0.102564102564103,0.564102564102564,0.205128205128205,0.128205128205128,0,0.0769230769230769,0.0512820512820513,0.102564102564103,0.256410256410256,-0.190293767879562,0.260648272578106,-0.0703545046985434,-0.049524316204544,0.0505852776110757,-0.0110406871642692,0.00997972575773752,-0.0471609310933487,0.0553648197715589,0.00177583707952731,0.039313252997262,0.128895458790639,"career"
"00-0039150",1386,0.374458874458874,0.194805194805195,0.430735930735931,0.16955266955267,0.487734487734488,0.238095238095238,0.104617604617605,0.0404040404040404,0.0122655122655123,0.051948051948052,0.0678210678210678,0.106060606060606,0.00467792709213277,-0.0317260197961868,0.0270480927040541,0.017464250784023,-0.0257827987570007,0.0219263458027637,-0.013607797829786,-0.00675689068930824,-0.00929274488600579,0.00244183774552798,0.00457021825422725,-0.0214541915590114,"career"
"00-0039152",554,0.395306859205776,0.205776173285199,0.398916967509025,0.211191335740072,0.406137184115523,0.203971119133574,0.17870036101083,0.0613718411552347,0.0306859205776173,0.0866425992779783,0.0577617328519856,0.0956678700361011,0.0255259118390345,-0.0207550413161831,-0.00477087052285141,0.0591029169714256,-0.107380102375965,-0.0121977731589003,0.0604749585634397,0.014210910061886,0.00912766342609928,0.0371363850754544,-0.00548911671485501,-0.0318469275835163,"career"
"00-0039163",1444,0.339335180055402,0.225069252077562,0.435595567867036,0.152354570637119,0.476454293628809,0.252770083102493,0.118421052631579,0.0394736842105263,0.0256232686980609,0.0533240997229917,0.0976454293628809,0.0900277008310249,-0.03044576731134,-0.00146196252381933,0.0319077298351593,0.000266151868472508,-0.0370629928626796,0.0366011908100187,0.000195650184188267,-0.00768724688282234,0.00406501154654289,0.00381788552046772,0.0343945797960403,-0.0374870967885925,"career"
"00-0039164",348,0.390804597701149,0.224137931034483,0.385057471264368,0.135057471264368,0.408045977011494,0.25,0.206896551724138,0.0747126436781609,0.0488505747126437,0.0833333333333333,0.0833333333333333,0.0833333333333333,0.0210236503344078,-0.00239328356689888,-0.0186303667675089,-0.0170309475042788,-0.105471309479994,0.0338311077075256,0.0886711492767473,0.0275517125848123,0.0272923175611256,0.0338271191308094,0.0200824837664928,-0.0441814642862841,"career"
"00-0039376",481,0.340956340956341,0.205821205821206,0.453222453222453,0.16008316008316,0.507276507276507,0.197505197505198,0.135135135135135,0.0561330561330561,0.0207900207900208,0.0582120582120582,0.0561330561330561,0.112266112266112,-0.0288246064104007,-0.0207100087801758,0.0495346151905766,0.0079947413145135,-0.00624077921498112,-0.0186636947872768,0.0169097326877445,0.00897212503970748,-0.000768236361497261,0.00870584400953425,-0.00711779343378444,-0.0152486853535052,"career"
"00-0039398",53,0.358490566037736,0.169811320754717,0.471698113207547,0.113207547169811,0.415094339622642,0.30188679245283,0.169811320754717,0.0943396226415094,0.0188679245283019,0.0566037735849057,0.0943396226415094,0.0566037735849057,-0.0112903813290058,-0.0567198938466647,0.0680102751756705,-0.0388808715988353,-0.0984229468688469,0.0857179001603558,0.0515859183073263,0.0471786915481608,-0.00269033262321617,0.00709755938238169,0.0310887730746689,-0.0709110240347118,"career"
"00-0039732",1177,0.399320305862362,0.181818181818182,0.418861512319456,0.236193712829227,0.472387425658454,0.167374681393373,0.124044180118946,0.0628717077315208,0.0212404418011895,0.0399320305862362,0.0433305012744265,0.10875106202209,0.0295393584956203,-0.0447130327831998,0.0151736742875795,0.0841052940605803,-0.0411298608330347,-0.0487942108991014,0.00581877767155579,0.0157107766381722,-0.000317815350328588,-0.00957418361628778,-0.0199203482924141,-0.0187637355975274,"career"
"00-0039851",829,0.364294330518697,0.238841978287093,0.39686369119421,0.142340168878166,0.527141133896261,0.20627261761158,0.124246079613993,0.0361881785283474,0.0349819059107358,0.0530759951749095,0.0735826296743064,0.115802171290712,-0.00548661684804441,0.0123107636857112,-0.0068241468376668,-0.00974824989048012,0.0136238474047722,-0.00989627468089413,0.0060206771666021,-0.0109727525650012,0.0134236487592178,0.00356978097238556,0.0103317801074658,-0.0117126263289057,"career"
"00-0039910",664,0.322289156626506,0.239457831325301,0.438253012048193,0.219879518072289,0.457831325301205,0.221385542168675,0.100903614457831,0.0481927710843374,0.016566265060241,0.036144578313253,0.0662650602409639,0.120481927710843,-0.0474917907402356,0.0129266167239196,0.0345651740163161,0.0677910993036425,-0.0556859611902836,0.00521664987620035,-0.0173217879895593,0.0010318399909887,-0.00499199209127709,-0.013361635889271,0.00301421067412329,-0.00703286990877405,"career"
"00-0039917",381,0.446194225721785,0.144356955380577,0.409448818897638,0.16010498687664,0.427821522309711,0.270341207349081,0.141732283464567,0.0761154855643045,0.020997375328084,0.0446194225721785,0.0498687664041995,0.0656167979002625,0.0764132783550431,-0.0821742592208042,0.0057609808657611,0.00801656810799384,-0.0856957641817772,0.054172315056607,0.0235068810171763,0.0289545544709558,-0.000560881823434063,-0.00488679163034549,-0.0133820831626411,-0.061897999719355,"career"
"00-0039918",1124,0.333629893238434,0.208185053380783,0.458185053380783,0.184163701067616,0.461743772241993,0.209964412811388,0.144128113879004,0.047153024911032,0.0284697508896797,0.0685053380782918,0.0569395017793594,0.104092526690391,-0.0361510541283075,-0.0183461612205987,0.0544972153489062,0.0320752822989691,-0.0517735142494956,-0.00620447948108646,0.0259027114316129,-7.9061823166221e-06,0.00691149373816166,0.0189991238757678,-0.00631134778748114,-0.023422270929226,"career"
"00-0039923",243,0.349794238683128,0.176954732510288,0.473251028806584,0.176954732510288,0.432098765432099,0.246913580246914,0.1440329218107,0.065843621399177,0.0246913580246914,0.0534979423868313,0.0452674897119342,0.0905349794238683,-0.0199867086836141,-0.0495764820910936,0.0695631907747077,0.0248663137416415,-0.0814185210593897,0.0307446879544392,0.0258075193633089,0.0186826903058283,0.0031331008731733,0.00399172818430731,-0.0179833598549064,-0.0369798181957491,"career"
"00-0040206",67,0.388059701492537,0.164179104477612,0.447761194029851,0.149253731343284,0.597014925373134,0.134328358208955,0.119402985074627,0.0298507462686567,0.0298507462686567,0.0597014925373134,0.0447761194029851,0.0447761194029851,0.0182787541257957,-0.0623521101237697,0.0440733559979741,-0.00283468742536302,0.0834976388816459,-0.0818405340835191,0.00117758262723619,-0.0173101848246919,0.00829248911713866,0.0101952783347895,-0.0184747301638555,-0.0827386782166324,"career"
"00-0040234",83,0.325301204819277,0.228915662650602,0.44578313253012,0.216867469879518,0.385542168674699,0.265060240963855,0.132530120481928,0.0240963855421687,0.036144578313253,0.072289156626506,0.0963855421686747,0.0602409638554217,-0.0444797425474646,0.00238444804922075,0.0420952944982438,0.0647790511108715,-0.12797511781679,0.0488913486713811,0.014304718034537,-0.02306454555118,0.014586321161735,0.022782942423982,0.0331346926018341,-0.0672738337641957,"career"
"00-0040398",153,0.437908496732026,0.104575163398693,0.457516339869281,0.22875816993464,0.522875816993464,0.189542483660131,0.0588235294117647,0.0261437908496732,0,0.0326797385620915,0.0130718954248366,0.0784313725490196,0.0681275493652845,-0.121956051202689,0.0538285018374043,0.0766697511659939,0.00935853050197566,-0.0266264086323436,-0.059401873035626,-0.0210171402436754,-0.0215582571515181,-0.0168264756404325,-0.050178954142004,-0.0490834250705978,"career"
"00-0040494",71,0.394366197183099,0.169014084507042,0.436619718309859,0.309859154929577,0.47887323943662,0.140845070422535,0.0704225352112676,0.028169014084507,0,0.0422535211267606,0.0422535211267606,0.126760563380282,0.0245852498163569,-0.0575171300943394,0.0329318802779824,0.157770736160931,-0.0346440470548687,-0.0753238218699391,-0.0478028672361231,-0.0189919170088416,-0.0215582571515181,-0.00725269307576341,-0.02099732844008,-0.000754234239335738,"career"
"00-0040668",212,0.320754716981132,0.273584905660377,0.405660377358491,0.235849056603774,0.466981132075472,0.165094339622642,0.132075471698113,0.0424528301886792,0.0283018867924528,0.0613207547169811,0.0566037735849057,0.14622641509434,-0.0490262303856096,0.0470536910589957,0.0019725393266139,0.083760637835127,-0.0465361544160167,-0.0510745526698329,0.0138500692507225,-0.00470810090466941,0.00674362964093478,0.0118145405144572,-0.00664707598193491,0.0187116174747222,"career"
"00-0040676",537,0.363128491620112,0.202979515828678,0.43389199255121,0.208566108007449,0.480446927374302,0.208566108007449,0.102420856610801,0.037243947858473,0.0167597765363128,0.0484171322160149,0.0651769087523277,0.0968342644320298,-0.00665245574662993,-0.0235516987727038,0.0302041545193337,0.0564776892388022,-0.0330703591171868,-0.00760278428502556,-0.0158045458365899,-0.00991698323487565,-0.0047984806152052,-0.00108908198650907,0.00192605918548718,-0.0306805331875876,"career"
"00-0040691",338,0.35207100591716,0.251479289940828,0.396449704142012,0.210059171597633,0.455621301775148,0.201183431952663,0.133136094674556,0.0473372781065089,0.029585798816568,0.0562130177514793,0.0739644970414201,0.115384615384615,-0.0177099414495819,0.0249480753394468,-0.00723813388986483,0.0579707528289865,-0.0578959847163405,-0.0149854603398116,0.0149106922271656,0.000176347013160223,0.00802754166504999,0.00670680354895532,0.0107136474745795,-0.012130182235002,"career"
"00-0040704",184,0.489130434782609,0.266304347826087,0.244565217391304,0.168478260869565,0.565217391304348,0.21195652173913,0.0543478260869565,0.0326086956521739,0.00543478260869565,0.016304347826087,0.0652173913043478,0.168478260869565,0.119349487415867,0.0397731332247053,-0.159122620640572,0.0163898421009186,0.0517001048128594,-0.00421237055334392,-0.0638775763604341,-0.0145522354411747,-0.0161234745428224,-0.033201866376437,0.00196654173750725,0.0409634632499478,"career"
"00-0040743",324,0.37037037037037,0.203703703703704,0.425925925925926,0.154320987654321,0.478395061728395,0.246913580246914,0.12037037037037,0.0462962962962963,0.00617283950617284,0.0679012345679012,0.0648148148148148,0.114197530864198,0.000589423003628686,-0.022827510897678,0.0222380878940492,0.00223256888567439,-0.0351222247630933,0.0307446879544392,0.00214496792297969,-0.000864634797052358,-0.0153854176453452,0.0183950203653773,0.00156396524797424,-0.0133172667554199,"career"
"00-0022942",92,0.380434782608696,0.271739130434783,0.347826086956522,0.217391304347826,0.391304347826087,0.282608695652174,0.108695652173913,0.0434782608695652,0.0217391304347826,0.0434782608695652,0.0869565217391304,0.119565217391304,0.000174214607945866,0.0641470412043018,-0.0643212558122476,0.0350311956216099,-0.101881517765815,0.0739668360589599,-0.00711651391475507,-0.00467995452081814,0.00306821469760012,-0.00550477409153705,0.0271571028620098,0.00688361649150118,"recent"
"00-0023459",1080,0.375,0.208333333333333,0.416666666666667,0.221296296296296,0.506481481481482,0.167592592592593,0.10462962962963,0.0324074074074074,0.0194444444444444,0.0527777777777778,0.0527777777777778,0.110185185185185,-0.00526056800074981,0.000741244102852506,0.00451932389789733,0.0389361875700802,0.0132956158895798,-0.0410492670006214,-0.0111825364590385,-0.015750807982976,0.000773528707261953,0.00379474281667552,-0.00702164109934286,-0.00249641571461798,"recent"
"00-0026158",864,0.362268518518519,0.229166666666667,0.408564814814815,0.149305555555556,0.496527777777778,0.229166666666667,0.125,0.0486111111111111,0.0185185185185185,0.0578703703703704,0.0486111111111111,0.148148148148148,-0.0179920494822313,0.0215745774361858,-0.00358252795395453,-0.0330545531706606,0.00334191218587604,0.0205248070734527,0.00918783391133189,0.000452895720727757,-0.000152397218663974,0.00888733540926811,-0.0111883077660095,0.035466547248345,"recent"
"00-0026300",55,0.4,0.145454545454545,0.454545454545455,0.2,0.490909090909091,0.254545454545455,0.0545454545454545,0.0181818181818182,0.0181818181818182,0.0181818181818182,0.0727272727272727,0.0545454545454545,0.0197394319992502,-0.0621375437759354,0.0423981117766852,0.0176398912737839,-0.00227677468281084,0.0459035949522405,-0.0612667115432136,-0.0299763972085652,-0.000489097555364311,-0.0308012167792841,0.0129278538501521,-0.0581361463543486,"recent"
"00-0026498",1628,0.390663390663391,0.213759213759214,0.395577395577396,0.133292383292383,0.530712530712531,0.213759213759214,0.122235872235872,0.0651105651105651,0.0104422604422604,0.0466830466830467,0.0712530712530713,0.125307125307125,0.0104028226626409,0.00616712452873291,-0.0165699471913738,-0.0490677254338328,0.0375266651206289,0.00511735416599976,0.00642370614720413,0.0169523497201818,-0.00822865529492205,-0.00229998827805558,0.0114536523759506,0.0126255244073221,"recent"
"00-0026625",42,0.476190476190476,0.30952380952381,0.214285714285714,0.0714285714285714,0.642857142857143,0.19047619047619,0.0952380952380952,0,0.0714285714285714,0.0238095238095238,0.0476190476190476,0.166666666666667,0.0959299081897264,0.101931720293329,-0.197861628483055,-0.110931537297645,0.149671277265241,-0.0181656691170235,-0.0205740708505729,-0.0481582153903834,0.0527576556913889,-0.0251735111515785,-0.012180371258073,0.0539850657668635,"recent"
"00-0027948",35,0.457142857142857,0.171428571428571,0.371428571428571,0.342857142857143,0.4,0.142857142857143,0.114285714285714,0.0571428571428571,0,0.0571428571428571,0.0571428571428571,0.0857142857142857,0.0768822891421073,-0.0361635178019094,-0.0407187713401979,0.160497034130927,-0.0931858655919017,-0.0657847167360711,-0.00152645180295383,0.00898464175247379,-0.0186709157371825,0.00815982218175488,-0.00265656173426349,-0.0269673151855175,"recent"
"00-0027973",255,0.352941176470588,0.180392156862745,0.466666666666667,0.16078431372549,0.525490196078431,0.219607843137255,0.0941176470588235,0.0549019607843137,0.00784313725490196,0.0313725490196078,0.0470588235294118,0.12156862745098,-0.0273193915301616,-0.0271999323677357,0.0545193238978973,-0.0215757950007259,0.0323043304865296,0.0109659835440409,-0.0216945190298446,0.00674374539393037,-0.0108277784822805,-0.0176104859414944,-0.0127405953477089,0.00888702655117722,"recent"
"00-0028118",329,0.346504559270517,0.161094224924012,0.492401215805471,0.11854103343465,0.598784194528875,0.139817629179331,0.142857142857143,0.0577507598784195,0.0060790273556231,0.0790273556231003,0.033434650455927,0.106382978723404,-0.0337560087302331,-0.0464978643064687,0.0802538730367018,-0.0638190752915657,0.105598328936974,-0.0688242304138827,0.0270449767684747,0.0095925444880361,-0.0125918883815594,0.030044320661998,-0.0263647684211936,-0.00629862217639891,"recent"
"00-0028986",53,0.39622641509434,0.320754716981132,0.283018867924528,0.188679245283019,0.509433962264151,0.245283018867925,0.0566037735849057,0.0188679245283019,0.0188679245283019,0.0188679245283019,0.113207547169811,0.188679245283019,0.0159658470935898,0.113162627750651,-0.129128474844241,0.00631913655680275,0.0162480966722492,0.0366411592747105,-0.0592083925037624,-0.0292902908620815,0.000197008791119394,-0.0301151104328004,0.0534081282926907,0.0759976443832157,"recent"
"00-0029263",896,0.418526785714286,0.168526785714286,0.412946428571429,0.223214285714286,0.482142857142857,0.150669642857143,0.143973214285714,0.0636160714285714,0.0234375,0.0569196428571429,0.0323660714285714,0.106026785714286,0.0382662177135359,-0.0390653035161951,0.000799085802659194,0.0408541769880696,-0.0110430084490446,-0.0579722167360711,0.0281610481970462,0.0154578560381881,0.00476658426281751,0.00793660789604059,-0.0274333474485492,-0.00665481518551746,"recent"
"00-0029604",1024,0.3837890625,0.2177734375,0.3984375,0.19140625,0.47265625,0.2421875,0.09375,0.0302734375,0.015625,0.0478515625,0.087890625,0.09765625,0.00352849449925019,0.0101813482695192,-0.0137098427687694,0.00904614127378386,-0.0205296155919018,0.033545640406786,-0.0220621660886681,-0.0178847778903834,-0.00304591573718249,-0.00113147246110226,0.0280912061228794,-0.0150253508998032,"recent"
"00-0029701",228,0.381578947368421,0.197368421052632,0.421052631578947,0.192982456140351,0.482456140350877,0.184210526315789,0.140350877192982,0.0657894736842105,0.0131578947368421,0.0614035087719298,0.0570175438596491,0.109649122807018,0.00131837936767126,-0.0102236681778493,0.00890528881017799,0.0106223474141347,-0.0107297252410246,-0.0244313332774245,0.0245387111043143,0.0176312582938272,-0.00551302100034039,0.0124204738108276,-0.00278187501747151,-0.00303247809278563,"recent"
"00-0030565",1517,0.392221489782465,0.209624258404746,0.398154251812788,0.200395517468688,0.516809492419249,0.176005273566249,0.106789716545814,0.048121292023731,0.017798286090969,0.040870138431114,0.043506921555702,0.128543177323665,0.0119609217817156,0.00203216917426538,-0.0139930909559809,0.0180354087424721,0.0236236268273468,-0.0326365860269648,-0.009022449542854,-3.69233666523069e-05,-0.000872629646213475,-0.00811289652998822,-0.0162924973214186,0.015861576423862,"recent"
"00-0031280",827,0.343409915356711,0.220072551390568,0.436517533252721,0.187424425634825,0.518742442563482,0.163240628778718,0.130592503022975,0.0471584038694075,0.0241837968561064,0.0592503022974607,0.0519951632406288,0.129383313180169,-0.0368506526440388,0.0124804621600875,0.0243701904839513,0.00506431690860853,0.0255565769715807,-0.0454012308144957,0.0147803369343065,-0.000999811520975856,0.00551288111892392,0.0102672673363584,-0.00780425563649186,0.0167017122803661,"recent"
"00-0031345",209,0.444976076555024,0.239234449760766,0.31578947368421,0.162679425837321,0.497607655502392,0.244019138755981,0.0956937799043062,0.0574162679425837,0.0143540669856459,0.0239234449760766,0.0669856459330144,0.148325358851675,0.0647155085542741,0.0316423605302847,-0.0963578690845588,-0.0196806828888956,0.00442178991049058,0.0353772791627669,-0.0201183861843619,0.00925805255220038,-0.00431684875153656,-0.0250595899850257,0.00718622705589372,0.0356437579518715,"recent"
"00-0031503",408,0.355392156862745,0.21078431372549,0.433823529411765,0.100490196078431,0.480392156862745,0.28921568627451,0.129901960784314,0.0343137254901961,0.0343137254901961,0.0612745098039216,0.0661764705882353,0.100490196078431,-0.0248684111380047,0.00319222449500936,0.0216761866429954,-0.0818699126477848,-0.0127937087291566,0.0805738266812958,0.0140897946956456,-0.0138444899001873,0.0156428097530136,0.0122914748428193,0.00637705171111466,-0.0121914048213718,"recent"
"00-0031800",139,0.388489208633094,0.165467625899281,0.446043165467626,0.20863309352518,0.410071942446043,0.251798561151079,0.129496402877698,0.0719424460431655,0.0143884892086331,0.0431654676258993,0.0647482014388489,0.079136690647482,0.00822864063234374,-0.0421244633312003,0.0338958226988565,0.0262729847989637,-0.0831139231458586,0.0431567015578651,0.0136842367890297,0.0237842306527821,-0.0042824265285494,-0.00581756733520298,0.00494878256172829,-0.0335449102523212,"recent"
"00-0032156",153,0.379084967320261,0.215686274509804,0.405228758169935,0.222222222222222,0.594771241830065,0.0980392156862745,0.0849673202614379,0.0457516339869281,0.0065359477124183,0.0326797385620915,0.0261437908496732,0.156862745098039,-0.00117560068048839,0.0080941852793231,-0.00691858459883471,0.0398621134960061,0.101585376238164,-0.110602643906939,-0.0308448458272302,-0.00240658140345525,-0.0121349680247642,-0.0163032963990108,-0.0336556280274474,0.044181144198236,"recent"
"00-0032268",291,0.415807560137457,0.178694158075601,0.405498281786942,0.164948453608247,0.36426116838488,0.309278350515464,0.161512027491409,0.0756013745704467,0.0240549828178694,0.0618556701030928,0.0756013745704467,0.0687285223367698,0.0355469921367073,-0.0288979311548795,-0.00664906098182777,-0.0174116551179687,-0.128924697207022,0.10063649092225,0.0456998614027408,0.0274431591800634,0.00538406708068693,0.0128726351419905,0.0158019556933261,-0.0439530785630334,"recent"
"00-0032434",60,0.5,0.15,0.35,0.25,0.45,0.25,0.05,0.0333333333333333,0.0166666666666667,0,0.0666666666666667,0.0666666666666667,0.11973943199925,-0.0575920892304808,-0.0621473427687694,0.0676398912737839,-0.0431858655919017,0.041358140406786,-0.0658121660886681,-0.01482488205705,-0.00200424907051583,-0.0489830349611023,0.00686724778954603,-0.0460149342331365,"recent"
"00-0032950",211,0.369668246445498,0.180094786729858,0.450236966824645,0.184834123222749,0.47867298578199,0.232227488151659,0.104265402843602,0.033175355450237,0.00947867298578199,0.0616113744075829,0.037914691943128,0.109004739336493,-0.0105923215552522,-0.027497302500623,0.0380896240558752,0.00247401449653267,-0.0145128798099112,0.0235856285584448,-0.0115467632450662,-0.0149828599401464,-0.0091922427514005,0.0126283394464807,-0.0218847269339927,-0.00367686156331028,"recent"
"00-0033077",1471,0.377974167233175,0.195785180149558,0.426240652617267,0.164513936097893,0.519374575118967,0.20462270564242,0.111488783140721,0.0455472467709041,0.0163154316791298,0.0496261046906866,0.0550645819170632,0.116927260367097,-0.00228640076757508,-0.0118069090809227,0.0140933098484978,-0.0178461726283236,0.0261887095270649,-0.00401915395079386,-0.00432338294794751,-0.00261096861947921,-0.00235548405805265,0.000643069729584347,-0.00473483696005741,0.00424565946729405,"recent"
"00-0033106",1713,0.340338587273789,0.297139521307647,0.362521891418564,0.203152364273205,0.517221249270286,0.2025685931115,0.0770577933450088,0.0326911850554583,0.0186806771745476,0.0256859311150029,0.0846468184471687,0.173963806187974,-0.0399219807269611,0.0895474320771666,-0.0496254513502054,0.0207922555469888,0.0240353836783843,-0.00607326648171369,-0.0387543727436594,-0.0154670303349251,9.76143736508561e-06,-0.0232971038460993,0.0248473995700481,0.0612822052881711,"recent"
"00-0033119",667,0.344827586206897,0.211394302848576,0.443778110944528,0.145427286356822,0.556221889055472,0.206896551724138,0.0914542728635682,0.0419790104947526,0.0104947526236882,0.0389805097451274,0.0509745127436282,0.137931034482759,-0.0354329817938532,0.00380221361809488,0.0316307681757584,-0.0369328223693945,0.0630360234635706,-0.00174530786907606,-0.0243578932250999,-0.00617920489563073,-0.00817616311349434,-0.0100025252159748,-0.00882490613349245,0.0252494335829554,"recent"
"00-0033275",110,0.409090909090909,0.136363636363636,0.454545454545455,0.2,0.409090909090909,0.245454545454545,0.145454545454545,0.0909090909090909,0,0.0545454545454545,0.0272727272727273,0.0636363636363636,0.0288303410901593,-0.0712284528668445,0.0423981117766852,0.0176398912737839,-0.0840949565009926,0.0368126858613315,0.0296423793658773,0.0427508755187076,-0.0186709157371825,0.00556241958435228,-0.0325266916043934,-0.0490452372634395,"recent"
"00-0033319",152,0.414473684210526,0.230263157894737,0.355263157894737,0.157894736842105,0.460526315789474,0.210526315789474,0.171052631578947,0.0855263157894737,0.0394736842105263,0.0460526315789474,0.0592105263157895,0.105263157894737,0.0342131162097765,0.022671068664256,-0.0568841848740325,-0.0244653718841109,-0.0326595498024281,0.00188445619625968,0.0552404654902793,0.0373681003990903,0.0208027684733438,-0.0029304033821549,-0.000588892561331163,-0.00741844300506633,"recent"
"00-0033537",386,0.424870466321244,0.176165803108808,0.398963730569948,0.170984455958549,0.50259067357513,0.217616580310881,0.10880829015544,0.0518134715025907,0.0129533678756477,0.0440414507772021,0.0414507772020725,0.10880829015544,0.0446098983204937,-0.0314262861216726,-0.0131836121988212,-0.0113756527676669,0.00940480798322779,0.00897472071766683,-0.0070038759332277,0.00365525611220732,-0.00571754786153482,-0.00494158418390019,-0.0183486416750481,-0.00387331074436276,"recent"
"00-0033662",383,0.318537859007833,0.234986945169713,0.446475195822454,0.185378590078329,0.522193211488251,0.185378590078329,0.107049608355091,0.04177545691906,0.010443864229765,0.0548302872062663,0.0600522193211488,0.140992167101828,-0.0617227089929169,0.027394855939232,0.034327853053685,0.00301848135211286,0.029007345896349,-0.023263269514885,-0.00876255773357673,-0.0063827584713233,-0.00822705150741748,0.00584725224516406,0.000252800444028194,0.0283105662020245,"recent"
"00-0033869",167,0.347305389221557,0.197604790419162,0.455089820359281,0.167664670658683,0.48502994011976,0.227544910179641,0.119760479041916,0.0359281437125748,0.0239520958083832,0.0598802395209581,0.0359281437125748,0.137724550898204,-0.0329551787791929,-0.00998729881131916,0.0429424775905121,-0.0146954380675335,-0.00815592547214128,0.0189030505864267,0.00394831295324806,-0.0122300716778085,0.00528118007120074,0.0108972045598558,-0.0238712751645458,0.0250429499984004,"recent"
"00-0033873",1674,0.387096774193548,0.192353643966547,0.420549581839904,0.241338112305854,0.474910394265233,0.178614097968937,0.105137395459976,0.0400238948626045,0.0173237753882915,0.04778972520908,0.0495818399044205,0.100955794504182,0.00683620619279857,-0.0152384452639336,0.00840223907113508,0.0589780035796381,-0.0182754713266688,-0.0300277616242773,-0.010674770628692,-0.00813432052777881,-0.00134714034889098,-0.00119330975202221,-0.0102175789727001,-0.0117258063956216,"recent"
"00-0033936",53,0.150943396226415,0.207547169811321,0.641509433962264,0.0943396226415094,0.735849056603774,0.132075471698113,0.0377358490566038,0.0188679245283019,0,0.0188679245283019,0.0377358490566038,0.169811320754717,-0.229317171774335,-4.49194191600721e-05,0.229362091193495,-0.0880204860847067,0.242663191011872,-0.0765663878951008,-0.0780763170320643,-0.0292902908620815,-0.0186709157371825,-0.0301151104328004,-0.0220635698205169,0.0571297198549138,"recent"
"00-0033949",473,0.374207188160677,0.226215644820296,0.399577167019027,0.160676532769556,0.492600422832981,0.238900634249471,0.107822410147992,0.0507399577167019,0.0105708245243129,0.0465116279069767,0.0739957716701903,0.128964059196617,-0.00605337984007326,0.0186235555898152,-0.0125701757497419,-0.0216835759566601,-0.000585442758920751,0.0302587746562575,-0.00798975594067657,0.00258174232631855,-0.0081000912128696,-0.00247140705412552,0.0141963527930696,0.0162824582968142,"recent"
"00-0034177",126,0.380952380952381,0.214285714285714,0.404761904761905,0.222222222222222,0.563492063492063,0.0952380952380952,0.119047619047619,0.0396825396825397,0.0158730158730159,0.0634920634920635,0.0238095238095238,0.134920634920635,0.000691812951631121,0.00669362505523344,-0.00738543800686459,0.0398621134960061,0.0703061979001617,-0.113403764355119,0.00323545295895093,-0.00847567570784367,-0.00279789986416662,0.0145090285309612,-0.0359898950675968,0.0222390340208317,"recent"
"00-0034771",351,0.378917378917379,0.236467236467236,0.384615384615385,0.185185185185185,0.515669515669516,0.202279202279202,0.0968660968660969,0.0541310541310541,0.0142450142450142,0.0284900284900285,0.0655270655270655,0.13960113960114,-0.00134318908337089,0.0288751472367556,-0.0275319581533847,0.00282507645896904,0.0224836500776139,-0.0063626573140117,-0.0189460692225712,0.00597283874067078,-0.00442590149216825,-0.0204930064710738,0.00572764664994489,0.0269195387013364,"recent"
"00-0034796",1225,0.364897959183673,0.242448979591837,0.39265306122449,0.173877551020408,0.448979591836735,0.239183673469388,0.137959183673469,0.0579591836734694,0.0212244897959184,0.0587755102040816,0.0775510204081633,0.124897959183673,-0.0153626088170764,0.0348568903613559,-0.0194942815442796,-0.00848255770580797,-0.0442062737551671,0.0305418138761738,0.0221470175848013,0.00980096828308603,0.00255357405873588,0.00979247524297937,0.0177516015310426,0.0122163582838703,"recent"
"00-0034855",1677,0.35778175313059,0.218843172331544,0.423375074537865,0.199761478831246,0.45438282647585,0.224209898628503,0.121645796064401,0.0447227191413238,0.0232558139534884,0.0536672629695885,0.0703637447823494,0.107930828861061,-0.0224788148701595,0.0112510831010636,0.0112277317690959,0.0174013701050302,-0.038803039116052,0.0155680390352893,0.00583362997573261,-0.00343549624905956,0.00458489821630588,0.00468422800848629,0.0105643259052288,-0.00475077203874175,"recent"
"00-0034857",1518,0.396574440052701,0.179183135704875,0.424242424242424,0.189064558629776,0.465085638998682,0.210144927536232,0.13570487483531,0.0579710144927536,0.0164690382081686,0.0612648221343874,0.0540184453227932,0.104084321475626,0.0163138720519511,-0.028408953525606,0.0120950814736549,0.0067044499035599,-0.0281002265932193,0.00150306794301788,0.0198927087466415,0.00981279910237027,-0.00220187752901385,0.0122817871732851,-0.00578097355432748,-0.00859727942417735,"recent"
"00-0034869",1062,0.387005649717514,0.222222222222222,0.390772128060264,0.150659133709981,0.499058380414313,0.230696798493409,0.119585687382298,0.0499058380414313,0.0207156308851224,0.0489642184557439,0.076271186440678,0.105461393596987,0.0067450817167643,0.0146301329917414,-0.0213752147085057,-0.031700975016235,0.00587251482241086,0.0220549389001947,0.00377352129362944,0.00174762265104791,0.00204471514793992,-1.8816505358385e-05,0.0164717675635573,-0.00722020730281635,"recent"
"00-0034955",38,0.473684210526316,0.131578947368421,0.394736842105263,0.131578947368421,0.473684210526316,0.263157894736842,0.131578947368421,0.0789473684210526,0.0263157894736842,0.0263157894736842,0.0789473684210526,0,0.093423642525566,-0.0760131418620598,-0.0174105006635062,-0.0507811613577951,-0.019501655065586,0.0545160351436281,0.0157667812797529,0.0307891530306693,0.00764487373650172,-0.0226672454874181,0.019147949543932,-0.112681600899803,"recent"
"00-0035100",368,0.377717391304348,0.222826086956522,0.39945652173913,0.239130434782609,0.4375,0.21195652173913,0.111413043478261,0.0407608695652174,0.016304347826087,0.0543478260869565,0.078804347826087,0.111413043478261,-0.00254317669640197,0.0152339977260409,-0.0126908210296389,0.0567703260563926,-0.0556858655919018,0.00331466214591644,-0.00439912261040724,-0.00739734582516596,-0.00236656791109554,0.00536479112585426,0.0190049289489663,-0.0012685574215423,"recent"
"00-0035228",968,0.422520661157025,0.208677685950413,0.368801652892562,0.198347107438017,0.512396694214876,0.18698347107438,0.102272727272727,0.0444214876033058,0.00619834710743802,0.0516528925619835,0.0392561983471074,0.143595041322314,0.042260093156275,0.00108559671993239,-0.0433456898762073,0.0159869987118004,0.0192108286229742,-0.0216583885188338,-0.0135394388159408,-0.00373672778707757,-0.0124725686297445,0.00266985760088121,-0.0205432205300132,0.0309134404225109,"recent"
"00-0035264",66,0.363636363636364,0.212121212121212,0.424242424242424,0.196969696969697,0.393939393939394,0.272727272727273,0.136363636363636,0.0606060606060606,0.0151515151515152,0.0606060606060606,0.0757575757575758,0.106060606060606,-0.0166242043643862,0.00452912289073129,0.0120950814736549,0.0146095882434808,-0.0992464716525078,0.0640854131340587,0.0205514702749682,0.0124478452156773,-0.00351940058566734,0.0116230256449583,0.0159581568804551,-0.00662099483919711,"recent"
"00-0035282",173,0.445086705202312,0.15028901734104,0.404624277456647,0.179190751445087,0.53757225433526,0.173410404624277,0.109826589595376,0.0578034682080925,0.0115606936416185,0.0404624277456647,0.0115606936416185,0.104046242774566,0.0648261372015623,-0.0573030718894404,-0.00752306531212193,-0.00316935728112944,0.0443863887433584,-0.0352314549689365,-0.00598557649329239,0.00964525281770913,-0.007110222095564,-0.00852060721543752,-0.0482387252355021,-0.00863535812523669,"recent"
"00-0035289",806,0.384615384615385,0.208436724565757,0.406947890818859,0.186104218362283,0.540942928039702,0.173697270471464,0.0992555831265509,0.043424317617866,0.0148883374689826,0.0409429280397022,0.0421836228287841,0.129032258064516,0.00435481661463483,0.000844635335275984,-0.00519945194991078,0.00374410963606675,0.0477570624478005,-0.03494458912175,-0.0165565829621172,-0.00473389777251735,-0.00378257826819986,-0.00804010692140003,-0.0176157960483365,0.016350657164713,"recent"
"00-0035704",259,0.343629343629344,0.235521235521236,0.420849420849421,0.247104247104247,0.486486486486487,0.146718146718147,0.11969111969112,0.0501930501930502,0.0154440154440154,0.0540540540540541,0.0579150579150579,0.135135135135135,-0.0366312243714062,0.0279291462907547,0.00870207808065149,0.064744138378031,-0.00669937910541524,-0.0619237128750673,0.00387895360245158,0.00203483480266684,-0.00322690029316705,0.0050710190929518,-0.00188436096206272,0.022453534235332,"recent"
"00-0035710",879,0.441410693970421,0.196814562002275,0.361774744027304,0.162684869169511,0.53811149032992,0.204778156996587,0.0944254835039818,0.0500568828213879,0.0159271899886234,0.0284414106939704,0.0648464163822526,0.0944254835039818,0.0611501259696711,-0.0107775272282055,-0.0503725987414656,-0.0196752395567053,0.0449256247380186,-0.00386370259662697,-0.0213866825846863,0.00189866743100459,-0.00274372574855906,-0.0205416242671318,0.00504699750513192,-0.0182561173958214,"recent"
"00-0035993",235,0.34468085106383,0.212765957446809,0.442553191489362,0.174468085106383,0.502127659574468,0.25531914893617,0.0680851063829787,0.0297872340425532,0.00425531914893617,0.0340425531914894,0.051063829787234,0.148936170212766,-0.03557971693692,0.00517386821632768,0.0304058487205923,-0.00789202361983316,0.00894179398256628,0.0466772893429562,-0.0477270597056894,-0.0183709813478302,-0.0144155965882463,-0.0149404817696129,-0.00873558908988659,0.0362545693129628,"recent"
"00-0036212",1337,0.421839940164548,0.198204936424832,0.379955123410621,0.238593866866118,0.446522064323111,0.221391174270755,0.093492894540015,0.0426327599102468,0.00822737471952132,0.0426327599102468,0.0732984293193717,0.087509349289454,0.0415793721637977,-0.00938715280564911,-0.0321922193581486,0.056233758139902,-0.0466638012687903,0.0127493146775414,-0.0223192715486532,-0.00552545548013653,-0.0104435410176612,-0.00635027505085544,0.0134990104422511,-0.0251722516103492,"recent"
"00-0036264",1440,0.394444444444444,0.208333333333333,0.397222222222222,0.186111111111111,0.459722222222222,0.210416666666667,0.14375,0.0618055555555556,0.0368055555555556,0.0451388888888889,0.0652777777777778,0.0875,0.0141838764436946,0.000741244102852506,-0.0149251205465472,0.00375100238489498,-0.0334636433696796,0.00177480707345268,0.0279378339113319,0.0136473401651722,0.0181346398183731,-0.00384414607221337,0.00547835890065715,-0.0251816008998032,"recent"
"00-0036355",1469,0.328114363512594,0.213750850918993,0.458134785568414,0.168822328114364,0.500340367597005,0.20217835262083,0.128658951667801,0.0524166099387338,0.011572498298162,0.0646698434309054,0.0571817562968005,0.128658951667801,-0.0521462044881562,0.00615876168851168,0.0459874427996445,-0.0135377806118526,0.00715450200510298,-0.00646350697238349,0.0128467855791331,0.00425839454835047,-0.00709841743902048,0.0156868084698031,-0.00261766258032009,0.0159773507679981,"recent"
"00-0036389",1350,0.434814814814815,0.137037037037037,0.428148148148148,0.141481481481481,0.533333333333333,0.199259259259259,0.125925925925926,0.0533333333333333,0.0155555555555556,0.057037037037037,0.0422222222222222,0.0666666666666667,0.054554246814065,-0.0705550521934438,0.0160008053793788,-0.0408786272447346,0.0401474677414316,-0.00938260033395474,0.0101137598372578,0.00517511794294998,-0.00311536018162694,0.00805400207593478,-0.0175771966548984,-0.0460149342331365,"recent"
"00-0036442",1273,0.386488609583661,0.191673212882954,0.421838177533386,0.181461115475255,0.535742340926944,0.195600942655145,0.0871956009426551,0.0290652003142184,0.016496465043205,0.0416339355852317,0.0597014925373134,0.102906520031422,0.00622804158291085,-0.0159188763475272,0.00969083476461635,-0.000898993250960822,0.0425564753350424,-0.0130409169380687,-0.028616565146013,-0.019093015076165,-0.00217445069397746,-0.00734909937587053,-9.79263398072014e-05,-0.00977508086838133,"recent"
"00-0036898",234,0.38034188034188,0.183760683760684,0.435897435897436,0.102564102564103,0.568376068376068,0.235042735042735,0.094017094017094,0.0299145299145299,0.0213675213675214,0.0427350427350427,0.0555555555555556,0.0982905982905983,8.13123411305128e-05,-0.0238314054697971,0.0237500931286665,-0.0797960061621136,0.0751902027841666,0.026400875449521,-0.0217950720715741,-0.0182436854758534,0.00269660563033888,-0.00624799222605953,-0.00424386332156508,-0.0143910026092049,"recent"
"00-0036945",732,0.431693989071038,0.181693989071038,0.386612021857923,0.170765027322404,0.549180327868853,0.153005464480874,0.127049180327869,0.0669398907103825,0.0136612021857923,0.046448087431694,0.0423497267759563,0.109289617486339,0.0514334210702884,-0.0258981001594426,-0.0255353209108459,-0.0115950814038118,0.0559944622769508,-0.0556363951123397,0.0112370142392007,0.0187816753199992,-0.00500971355139014,-0.00253494752940827,-0.0174496921011644,-0.00339198341346438,"recent"
"00-0036971",1404,0.407407407407407,0.195868945868946,0.396723646723647,0.160968660968661,0.467236467236467,0.237891737891738,0.133903133903134,0.0626780626780627,0.0242165242165242,0.047008547008547,0.0484330484330484,0.10968660968661,0.0271468394066576,-0.011723143361535,-0.0154236960451226,-0.0213914477575552,-0.0259493983554345,0.0292498782985239,0.0180909678144658,0.0145198472876793,0.00554560847934172,-0.00197448795255525,-0.0113663704440722,-0.00299499121319348,"recent"
"00-0036972",893,0.378499440089586,0.231802911534155,0.38969764837626,0.184770436730123,0.51959686450168,0.1993281075028,0.0963045912653975,0.0414333706606943,0.0100783874580067,0.0447928331466965,0.0627099664053751,0.141097424412094,-0.00176112791116412,0.0242108223036737,-0.0224496943925095,0.00241032800390703,0.026410998909778,-0.00931375209041443,-0.0195075748232706,-0.00672484472968907,-0.00859252827917577,-0.00419020181440573,0.00291054752825451,0.0284158235122909,"recent"
"00-0037012",94,0.340425531914894,0.127659574468085,0.531914893617021,0.148936170212766,0.542553191489362,0.191489361702128,0.117021276595745,0.0531914893617021,0,0.0638297872340425,0.0425531914893617,0.074468085106383,-0.0398350360858562,-0.0799325147623957,0.119767550848252,-0.0334239385134502,0.0493673258974599,-0.0171524978910863,0.00120911050707657,0.00503327397131877,-0.0186709157371825,0.0148467522729403,-0.0172462273877589,-0.0382135157934202,"recent"
"00-0037013",376,0.393617021276596,0.186170212765957,0.420212765957447,0.207446808510638,0.492021276595745,0.196808510638298,0.103723404255319,0.0531914893617021,0.0186170212765957,0.0319148936170213,0.0292553191489362,0.109042553191489,0.0133564532758459,-0.0214218764645234,0.00806542318867748,0.0250866997844222,-0.00116458899615707,-0.0118333489549161,-0.012088761833349,0.00503327397131877,-5.38944605867481e-05,-0.017068141344081,-0.0305440997281845,-0.0036390477083138,"recent"
"00-0037077",626,0.330670926517572,0.220447284345048,0.44888178913738,0.202875399361022,0.479233226837061,0.194888178913738,0.123003194888179,0.0447284345047923,0.0223642172523962,0.0559105431309904,0.0527156549520767,0.124600638977636,-0.0495896414831779,0.0128551951145671,0.0367344463686108,0.0205152906348062,-0.013952638754841,-0.013753680679476,0.00719102879951081,-0.00342978088559102,0.00369330151521367,0.00692750816988815,-0.00708376392504396,0.0119190380778326,"recent"
"00-0037324",54,0.37037037037037,0.111111111111111,0.518518518518518,0.37037037037037,0.388888888888889,0.12962962962963,0.111111111111111,0.0555555555555556,0.037037037037037,0.0185185185185185,0,0.0555555555555556,-0.00989019763037946,-0.0964809781193697,0.106371175749749,0.188010261644154,-0.104296976703013,-0.0790122299635844,-0.004701054977557,0.0073973401651722,0.0183661212998545,-0.0304645164425837,-0.0597994188771206,-0.0571260453442476,"recent"
"00-0037327",33,0.454545454545455,0.181818181818182,0.363636363636364,0.181818181818182,0.424242424242424,0.333333333333333,0.0606060606060606,0,0,0.0606060606060606,0.121212121212121,0.0606060606060606,0.0742848865447047,-0.025773907412299,-0.0485109791324057,-0.000541926908034313,-0.0689434413494775,0.124691473740119,-0.0552061054826075,-0.0481582153903834,-0.0186709157371825,0.0116230256449583,0.0614127023350006,-0.0520755402937426,"recent"
"00-0037834",1175,0.397446808510638,0.262978723404255,0.339574468085106,0.130212765957447,0.501276595744681,0.257021276595745,0.111489361702128,0.0493617021276596,0.0263829787234043,0.0357446808510638,0.091063829787234,0.132765957446808,0.0171862405098885,0.0553866341737745,-0.072572874683663,-0.0521473427687693,0.00809073015277911,0.0483794170025307,-0.00432280438654045,0.00120348673727622,0.00771206298622176,-0.0132383541100384,0.0312644109101134,0.0200843565470053,"recent"
"00-0038102",409,0.440097799511002,0.146699266503667,0.41320293398533,0.188264058679707,0.513447432762836,0.200488997555012,0.097799511002445,0.0415647921760391,0.019559902200489,0.0366748166259169,0.039119804400978,0.0806845965770171,0.0598372315102526,-0.0608928227268133,0.00105559121656074,0.00590394995349047,0.0202615671709345,-0.00815286203820176,-0.0180126550862231,-0.00659342321434424,0.000888986463306506,-0.0123082183351854,-0.0206796144761426,-0.0319970043227861,"recent"
"00-0038108",242,0.417355371900826,0.190082644628099,0.392561983471074,0.198347107438017,0.471074380165289,0.198347107438017,0.132231404958678,0.0826446280991736,0.0247933884297521,0.0247933884297521,0.0537190082644628,0.103305785123967,0.0370948039000766,-0.0175094446023817,-0.019585359297695,0.0159869987118004,-0.0221114854266125,-0.0102947521551975,0.0164192388700096,0.0344864127087902,0.00612247269256957,-0.0241896465313502,-0.00608041061265782,-0.00937581577583622,"recent"
"00-0038122",470,0.382978723404255,0.217021276595745,0.4,0.161702127659574,0.493617021276596,0.223404255319149,0.121276595744681,0.0425531914893617,0.0319148936170213,0.0468085106382979,0.0531914893617021,0.104255319148936,0.00271815540350551,0.00942918736526385,-0.0121473427687693,-0.0206579810666417,0.000431155684693985,0.0147623957259349,0.00546442965601274,-0.00560502390102165,0.0132439778798388,-0.00217452432280439,-0.0066079295154185,-0.008426281750867,"recent"
"00-0038128",94,0.361702127659574,0.138297872340426,0.5,0.234042553191489,0.414893617021277,0.170212765957447,0.180851063829787,0.106382978723404,0.0106382978723404,0.0638297872340425,0.0425531914893617,0.0638297872340425,-0.0185584403411753,-0.0692942168900553,0.0878526572312306,0.0516824444652732,-0.0782922485706252,-0.0384290936357672,0.0650388977411191,0.0582247633330209,-0.00803261786484207,0.0148467522729403,-0.0172462273877589,-0.0488518136657606,"recent"
"00-0038400",88,0.306818181818182,0.193181818181818,0.5,0.0909090909090909,0.511363636363636,0.329545454545455,0.0681818181818182,0.0340909090909091,0,0.0340909090909091,0.0681818181818182,0.125,-0.073442386182568,-0.0144102710486627,0.0878526572312306,-0.0914510178171252,0.0181777707717346,0.120903594952241,-0.0476303479068499,-0.0140673062994743,-0.0186709157371825,-0.0148921258701932,0.00838239930469754,0.0123183991001968,"recent"
"00-0038416",149,0.38255033557047,0.161073825503356,0.456375838926175,0.288590604026846,0.456375838926175,0.187919463087248,0.0671140939597315,0.0335570469798658,0.00671140939597315,0.0268456375838926,0.0738255033557047,0.0536912751677852,0.00228976756971999,-0.0465182637271251,0.0442284961574052,0.10623049530063,-0.0368100266657272,-0.0207223965059657,-0.0486980721289366,-0.0146011684105176,-0.0119595063412093,-0.0221373973772096,0.0140260844785841,-0.0589903257320179,"recent"
"00-0038476",222,0.373873873873874,0.13963963963964,0.486486486486487,0.193693693693694,0.540540540540541,0.189189189189189,0.0765765765765766,0.018018018018018,0.00900900900900901,0.0495495495495495,0.0405405405405405,0.0765765765765766,-0.00638669412687592,-0.0679524495908412,0.0743391437177172,0.0113335849674776,0.0473546749486388,-0.0194526704040248,-0.0392355895120915,-0.0301401973723653,-0.00966190672817348,0.000566514588447288,-0.0192588783365801,-0.0361050243232266,"recent"
"00-0038579",606,0.386138613861386,0.194719471947195,0.419141914191419,0.166666666666667,0.536303630363036,0.183168316831683,0.113861386138614,0.0528052805280528,0.0132013201320132,0.0478547854785479,0.037953795379538,0.13036303630363,0.00587804586063634,-0.0128726172832861,0.00699457142264981,-0.0156934420595495,0.0431177647711345,-0.0254735427615308,-0.00195077995005424,0.00464706513766945,-0.00546959560516929,-0.0011282494825544,-0.0218456234975827,0.0176814354038272,"recent"
"00-0038582",38,0.263157894736842,0.105263157894737,0.631578947368421,0.263157894736842,0.657894736842105,0.0789473684210526,0,0,0,0,0,0.105263157894737,-0.117102673263908,-0.102328931335744,0.219431604599652,0.080797786010626,0.164708871250204,-0.129694491172161,-0.115812166088668,-0.0481582153903834,-0.0186709157371825,-0.0489830349611023,-0.0597994188771206,-0.00741844300506633,"recent"
"00-0038583",228,0.390350877192982,0.184210526315789,0.425438596491228,0.179824561403509,0.56140350877193,0.197368421052632,0.0614035087719298,0.0131578947368421,0.0175438596491228,0.0307017543859649,0.0526315789473684,0.105263157894737,0.0100903091922326,-0.0233815629146914,0.0132912537224587,-0.00253554732270736,0.068217643180028,-0.0112734385405824,-0.0544086573167383,-0.0350003206535413,-0.00112705608805969,-0.0182812805751374,-0.00716783992975221,-0.00741844300506633,"recent"
"00-0038998",39,0.17948717948718,0.487179487179487,0.333333333333333,0.102564102564103,0.564102564102564,0.205128205128205,0.128205128205128,0,0.0769230769230769,0.0512820512820513,0.102564102564103,0.256410256410256,-0.20077338851357,0.279587397949006,-0.078814009435436,-0.0797960061621136,0.0709166985106623,-0.00351365446500887,0.0123929621164601,-0.0481582153903834,0.0582521611858944,0.00229901632094902,0.0427646836869819,0.143728655510453,"recent"
"00-0039150",1386,0.374458874458874,0.194805194805195,0.430735930735931,0.16955266955267,0.487734487734488,0.238095238095238,0.104617604617605,0.0404040404040404,0.0122655122655123,0.051948051948052,0.0678210678210678,0.106060606060606,-0.00580169354187537,-0.012786894425286,0.0185885879671614,-0.0128074391735466,-0.00545137785741401,0.0294533785020241,-0.0111945614710635,-0.00775417498634295,-0.00640540347167023,0.00296501698694969,0.00802164894394719,-0.00662099483919711,"recent"
"00-0039152",554,0.395306859205776,0.205776173285199,0.398916967509025,0.211191335740072,0.406137184115523,0.203971119133574,0.17870036101083,0.0613718411552347,0.0306859205776173,0.0866425992779783,0.0577617328519856,0.0956678700361011,0.0150462912050264,-0.00181591594528227,-0.0132303752597441,0.0288312270138561,-0.0870486814763783,-0.00467074045963997,0.0628881949221622,0.0132136257648513,0.0120150048404348,0.0376595643168761,-0.00203768602513507,-0.0170137308637021,"recent"
"00-0039163",1444,0.339335180055402,0.225069252077562,0.435595567867036,0.152354570637119,0.476454293628809,0.252770083102493,0.118421052631579,0.0394736842105263,0.0256232686980609,0.0533240997229917,0.0976454293628809,0.0900277008310249,-0.0409253879453482,0.0174771628470815,0.0234482250982667,-0.030005538089097,-0.0167315719630929,0.0441282235092791,0.00260888654291083,-0.00868453117985704,0.00695235296087845,0.00434106476188943,0.0378460104857603,-0.0226539000687782,"recent"
"00-0039164",348,0.390804597701149,0.224137931034483,0.385057471264368,0.135057471264368,0.408045977011494,0.25,0.206896551724138,0.0747126436781609,0.0488505747126437,0.0833333333333333,0.0833333333333333,0.0833333333333333,0.0105440297003996,0.0165458418040019,-0.0270898715044016,-0.0473026374618483,-0.0851398885804075,0.041358140406786,0.0910843856354698,0.0265544282877776,0.0301796589754612,0.0343502983722311,0.0235339144562127,-0.0293482675664698,"recent"
"00-0039376",481,0.340956340956341,0.205821205821206,0.453222453222453,0.16008316008316,0.507276507276507,0.197505197505198,0.135135135135135,0.0561330561330561,0.0207900207900208,0.0582120582120582,0.0561330561330561,0.112266112266112,-0.0393042270444088,-0.001770883409275,0.0410751104536839,-0.022276948643056,0.0140906416846056,-0.0111366620880165,0.019322969046467,0.00797484074267278,0.0021191050528383,0.00922902325095595,-0.0036663627440645,-0.000415488633690897,"recent"
"00-0039398",53,0.358490566037736,0.169811320754717,0.471698113207547,0.113207547169811,0.415094339622642,0.30188679245283,0.169811320754717,0.0943396226415094,0.0188679245283019,0.0566037735849057,0.0943396226415094,0.0566037735849057,-0.021770001963014,-0.0377807684757639,0.0595507704387778,-0.0691525615564048,-0.0780915259692602,0.0932449328596162,0.0539991546660489,0.0461814072511261,0.000197008791119394,0.0076207386238034,0.0345402037643888,-0.0560778273148975,"recent"
"00-0039732",1177,0.399320305862362,0.181818181818182,0.418861512319456,0.236193712829227,0.472387425658454,0.167374681393373,0.124044180118946,0.0628717077315208,0.0212404418011895,0.0399320305862362,0.0433305012744265,0.10875106202209,0.0190597378616121,-0.025773907412299,0.00671416955068688,0.0538336041030107,-0.020798439933448,-0.041267178199841,0.00823201403027836,0.0147134923411375,0.00256952606400697,-0.00905100437486607,-0.0164689176026941,-0.00393053887771311,"recent"
"00-0039851",829,0.364294330518697,0.238841978287093,0.39686369119421,0.142340168878166,0.527141133896261,0.20627261761158,0.124246079613993,0.0361881785283474,0.0349819059107358,0.0530759951749095,0.0735826296743064,0.115802171290712,-0.0159662374820526,0.031249889056612,-0.0152836515745595,-0.0400199398480497,0.0339552683043589,-0.00236924198163377,0.00843391352532466,-0.0119700368620359,0.0163109901735533,0.00409296021380727,0.0137832107971858,0.00312057039090853,"recent"
"00-0039910",664,0.322289156626506,0.239457831325301,0.438253012048193,0.219879518072289,0.457831325301205,0.221385542168675,0.100903614457831,0.0481927710843374,0.016566265060241,0.036144578313253,0.0662650602409639,0.120481927710843,-0.0579714113742438,0.0318657420948204,0.0261056692794234,0.037519409346073,-0.035354540290697,0.0127436825754607,-0.0149085516308368,3.4555693953997e-05,-0.00210465067694153,-0.0128384566478493,0.00646564136384323,0.0078003268110402,"recent"
"00-0039917",381,0.446194225721785,0.144356955380577,0.409448818897638,0.16010498687664,0.427821522309711,0.270341207349081,0.141732283464567,0.0761154855643045,0.020997375328084,0.0446194225721785,0.0498687664041995,0.0656167979002625,0.065933657721035,-0.0632351338499034,-0.00269852387113156,-0.0222551218495757,-0.0653643432821905,0.0616993477558674,0.0259201173758988,0.0279572701739211,0.0023264595909015,-0.00436361238892378,-0.00993065247292116,-0.0470648029995407,"recent"
"00-0039918",1124,0.333629893238434,0.208185053380783,0.458185053380783,0.184163701067616,0.461743772241993,0.209964412811388,0.144128113879004,0.047153024911032,0.0284697508896797,0.0685053380782918,0.0569395017793594,0.104092526690391,-0.0466306747623156,0.000592964150302078,0.0460377106120136,0.00180359234139951,-0.0314420933499089,0.0013225532181739,0.0283159477903355,-0.00100519047935133,0.00979883515249722,0.0195223031171896,-0.00285991709776121,-0.00858907420941171,"recent"
"00-0039923",243,0.349794238683128,0.176954732510288,0.473251028806584,0.176954732510288,0.432098765432099,0.246913580246914,0.1440329218107,0.065843621399177,0.0246913580246914,0.0534979423868313,0.0452674897119342,0.0905349794238683,-0.0304663293176222,-0.0306373567201928,0.061103686037815,-0.00540537621592807,-0.061087100159803,0.0382717206536996,0.0282207557220315,0.0176854060087936,0.00602044228750886,0.00451490742572901,-0.0145319291651865,-0.0221466214759349,"recent"
"00-0040206",67,0.388059701492537,0.164179104477612,0.447761194029851,0.149253731343284,0.597014925373134,0.134328358208955,0.119402985074627,0.0298507462686567,0.0298507462686567,0.0597014925373134,0.0447761194029851,0.0447761194029851,0.00779913349178751,-0.0434129847528689,0.0356138512610814,-0.0331063773829326,0.103829059781233,-0.0743135013842588,0.00359081898595875,-0.0183074691217266,0.0111798305314742,0.0107184575762112,-0.0150232994741356,-0.0679054814968181,"recent"
"00-0040234",83,0.325301204819277,0.228915662650602,0.44578313253012,0.216867469879518,0.385542168674699,0.265060240963855,0.132530120481928,0.0240963855421687,0.036144578313253,0.072289156626506,0.0963855421686747,0.0602409638554217,-0.0549593631814727,0.0213235734201216,0.0336357897613511,0.0345073611533019,-0.107643696917203,0.0564183813706415,0.0167179543932596,-0.0240618298482147,0.0174736625760705,0.0233061216654038,0.0365861232915541,-0.0524406370443815,"recent"
"00-0040398",153,0.437908496732026,0.104575163398693,0.457516339869281,0.22875816993464,0.522875816993464,0.189542483660131,0.0588235294117647,0.0261437908496732,0,0.0326797385620915,0.0130718954248366,0.0784313725490196,0.0576479287312763,-0.103016925831788,0.0453689971005117,0.0463980612084244,0.0296899514015623,-0.0190993759330833,-0.0569886366769034,-0.0220144245407102,-0.0186709157371825,-0.0163032963990108,-0.046727523452284,-0.0342502283507836,"recent"
"00-0040494",71,0.394366197183099,0.169014084507042,0.436619718309859,0.309859154929577,0.47887323943662,0.140845070422535,0.0704225352112676,0.028169014084507,0,0.0422535211267606,0.0422535211267606,0.126760563380282,0.0141056291823488,-0.0385780047234386,0.0244723755410898,0.127499046203361,-0.0143126261552821,-0.0677967891706788,-0.0453896308774005,-0.0199892013058763,-0.0186709157371825,-0.0067295138343417,-0.0175458977503601,0.0140789624804785,"recent"
"00-0040668",212,0.320754716981132,0.273584905660377,0.405660377358491,0.235849056603774,0.466981132075472,0.165094339622642,0.132075471698113,0.0424528301886792,0.0283018867924528,0.0613207547169811,0.0566037735849057,0.14622641509434,-0.0595058510196178,0.0659928164298965,-0.00648696541027877,0.0534889478775575,-0.02620473351643,-0.0435475199705725,0.0162633056094451,-0.00570538520170411,0.00963097105527034,0.0123377197558789,-0.00319564529221497,0.0335448141945364,"recent"
"00-0040676",537,0.363128491620112,0.202979515828678,0.43389199255121,0.208566108007449,0.480446927374302,0.208566108007449,0.102420856610801,0.037243947858473,0.0167597765363128,0.0484171322160149,0.0651769087523277,0.0968342644320298,-0.0171320763806381,-0.00461257340180299,0.0217446497824411,0.0262059992812327,-0.0127389382176001,-7.57515857651991e-05,-0.0133913094778674,-0.0109142675319104,-0.00191113920086964,-0.000565902745087367,0.00537748987520711,-0.0158473364677734,"recent"
"00-0040691",338,0.35207100591716,0.251479289940828,0.396449704142012,0.210059171597633,0.455621301775148,0.201183431952663,0.133136094674556,0.0473372781065089,0.029585798816568,0.0562130177514793,0.0739644970414201,0.115384615384615,-0.02818956208359,0.0438872007103476,-0.0156976386267575,0.027699062871417,-0.0375645638167538,-0.00745842764055127,0.0173239285858881,-0.00082093728387448,0.0109148830793856,0.00722998279037703,0.0141650781642995,0.00270301448481222,"recent"
"00-0040704",184,0.489130434782609,0.266304347826087,0.244565217391304,0.168478260869565,0.565217391304348,0.21195652173913,0.0543478260869565,0.0326086956521739,0.00543478260869565,0.016304347826087,0.0652173913043478,0.168478260869565,0.108869866781859,0.0587122585956061,-0.167582125377465,-0.0138818478566509,0.072031525712446,0.00331466214591644,-0.0614643400017116,-0.0155495197382094,-0.0132361331284868,-0.0326786871350153,0.00541797242722719,0.055796659969762,"recent"
"00-0040743",324,0.37037037037037,0.203703703703704,0.425925925925926,0.154320987654321,0.478395061728395,0.246913580246914,0.12037037037037,0.0462962962962963,0.00617283950617284,0.0679012345679012,0.0648148148148148,0.114197530864198,-0.00989019763037946,-0.00388838552677714,0.0137785831571566,-0.0280391210718952,-0.0147908038635067,0.0382717206536996,0.00455820428170226,-0.00186191909408706,-0.0124980762310097,0.018918199606799,0.00501539593769418,0.00151592996439436,"recent"
"00-0000865",70,0.385714285714286,0.271428571428571,0.342857142857143,0.185714285714286,0.471428571428571,0.171428571428571,0.171428571428571,0.0285714285714286,0.0714285714285714,0.0714285714285714,0.0571428571428571,0.128571428571429,0.012868276383697,0.0488967278732396,-0.0617650042569366,0.0261324542941126,-0.0342300081286301,-0.0453772750212205,0.053474828855738,-0.0178927457433844,0.0504931754178925,0.0208743991812299,-0.00529478162492986,0.00410065632588485,"current_team"
"00-0007091",312,0.384615384615385,0.182692307692308,0.432692307692308,0.153846153846154,0.53525641025641,0.224358974358974,0.0865384615384615,0.0384615384615385,0.00641025641025641,0.0416666666666667,0.0384615384615385,0.121794871794872,0.0117693752847959,-0.0398395358630242,0.0280701605782283,-0.00573567757401927,0.0295978306992087,0.00755312790918247,-0.0314152810343719,-0.00800263585327452,-0.0145251396004225,-0.00888750558067484,-0.0239761003062485,-0.00267590045067191,"current_team"
"00-0010346",2163,0.415626444752658,0.208044382801664,0.376329172445677,0.0966250577901063,0.558945908460472,0.220064724919094,0.124364308830328,0.0494683310217291,0.0208044382801664,0.0540915395284327,0.0494683310217291,0.129449838187702,0.0427804354220697,-0.0144874607536675,-0.0282929746684021,-0.0629567736300668,0.05328732890327,0.00325887846930195,0.00641056625749482,0.0030041567069161,-0.000130957730512502,0.00353736728109123,-0.0129693077460579,0.00497906594215855,"current_team"
"00-0019596",2052,0.385964912280702,0.259746588693957,0.354288499025341,0.16130604288499,0.525828460038986,0.185672514619883,0.12719298245614,0.0462962962962963,0.0224171539961014,0.0584795321637427,0.0657894736842105,0.16130604288499,0.013118902950113,0.0372147451386253,-0.0503336480887383,0.00172421146481713,0.0201698804817848,-0.0311333318299089,0.00923923988330694,-0.000167878018516691,0.00148175798542242,0.00792535991640118,0.00335183491642353,0.0368352706394466,"current_team"
"00-0020245",65,0.369230769230769,0.2,0.430769230769231,0.246153846153846,0.323076923076923,0.276923076923077,0.153846153846154,0.0461538461538462,0,0.107692307692308,0.0307692307692308,0.0923076923076923,-0.00361524009981945,-0.0225318435553318,0.0261470836551513,0.086572014733673,-0.182581656480278,0.060117230473285,0.0358924112733204,-0.000310328160966829,-0.0209353960106789,0.0571381354449662,-0.0316684079985562,-0.0321630799378514,"current_team"
"00-0020531",5036,0.388403494837172,0.215845909451946,0.395750595710882,0.162827640984909,0.527998411437649,0.205321683876092,0.10385226370135,0.0407069102462272,0.0238284352660842,0.0393169181890389,0.0615567911040508,0.12351072279587,0.0155574855065836,-0.00668593410338586,-0.00887155140319779,0.00324580956473552,0.0223398318804474,-0.0114841625736997,-0.0141014788714831,-0.00575726406858582,0.00289303925540526,-0.0112372540583026,-0.00088084766373616,-0.000960049449673969,"current_team"
"00-0020679",42,0.30952380952381,0.238095238095238,0.452380952380952,0.0476190476190476,0.428571428571429,0.428571428571429,0.0952380952380952,0.0714285714285714,0.0238095238095238,0,0.142857142857143,0.0714285714285714,-0.0633221998067792,0.0155633945399062,0.0477588052668729,-0.111962783801126,-0.077087150985773,0.211765582121637,-0.0227156473347382,0.0249643971137584,0.00287412779884487,-0.0505541722473415,0.0804195040893559,-0.0530422008169723,"current_team"
"00-0021429",2186,0.351326623970723,0.266239707227813,0.382433668801464,0.115736505032022,0.455626715462031,0.295974382433669,0.132662397072278,0.0498627630375114,0.0315645013723696,0.0512351326623971,0.0837145471180238,0.143183897529735,-0.0215193853598659,0.0437078636724815,-0.0221884783126156,-0.0438453263881512,-0.0500318640951704,0.0791685359838769,0.0147086544994447,0.00339858872269845,0.0106291053616907,0.000680960415055568,0.0212769083502368,0.018713125284191,"current_team"
"00-0021678",1738,0.359608745684695,0.267548906789413,0.372842347525892,0.111047180667434,0.560989643268124,0.220368239355581,0.107594936708861,0.0391254315304948,0.0178365937859609,0.0506329113924051,0.0822784810126582,0.158227848101266,-0.0132372636458937,0.0450170632340813,-0.0317797995881876,-0.0485346507527393,0.0553310637109228,0.00356239290578925,-0.0103588058639727,-0.00733874278431816,-0.00309880222471806,7.87391450635597e-05,0.0198408422448712,0.0337570758557221,"current_team"
"00-0022177",53,0.283018867924528,0.188679245283019,0.528301886792453,0.188679245283019,0.358490566037736,0.245283018867925,0.207547169811321,0.0566037735849057,0.0566037735849057,0.0943396226415094,0.0188679245283019,0.0943396226415094,-0.0898271414060604,-0.033852598272313,0.123679739678373,0.0290974138628458,-0.147168013519466,0.0284771724181326,0.0895934272384873,0.0101395992700927,0.0356683775742267,0.0437854503941679,-0.0435697142394851,-0.0301311496040343,"current_team"
"00-0022787",75,0.426666666666667,0.213333333333333,0.36,0.12,0.52,0.32,0.04,0.0266666666666667,0,0.0133333333333333,0.12,0.0666666666666667,0.053820657336078,-0.0091985102219985,-0.0446221471140795,-0.0395818314201731,0.0143414204427985,0.103194153550208,-0.0779537425728334,-0.0197975076481463,-0.0209353960106789,-0.0372208389140082,0.057562361232213,-0.057804105578877,"current_team"
"00-0022803",4193,0.350584307178631,0.266873360362509,0.38254233245886,0.124254710231338,0.544478893393751,0.216551395182447,0.114715001192464,0.0450751252086811,0.0221798235153828,0.0474600524683997,0.0701168614357262,0.162890531838779,-0.0222617021519577,0.0443415168071771,-0.0220798146552195,-0.0353271211888352,0.0388203138365499,-0.000254451267344968,-0.00323874138036979,-0.00138904910613185,0.00124442750470384,-0.00309411977894179,0.00767922266793921,0.0384197595932352,"current_team"
"00-0022864",40,0.425,0.2,0.375,0.125,0.525,0.225,0.125,0.05,0,0.075,0.1,0.1,0.0521539906694113,-0.0225318435553318,-0.0296221471140795,-0.0345818314201731,0.0193414204427985,0.00819415355020811,0.00704625742716658,0.00353582568518702,-0.0209353960106789,0.0244458277526585,0.037562361232213,-0.0244707722455437,"current_team"
"00-0022924",5096,0.338108320251177,0.281004709576138,0.380886970172684,0.157967032967033,0.501962323390895,0.210164835164835,0.129905808477237,0.0443485086342229,0.0239403453689168,0.0616169544740973,0.0669152276295133,0.164246467817896,-0.0347376890794113,0.0584728660208063,-0.023735176941395,-0.00161479845314016,-0.00369625616630664,-0.00664101128495673,0.0119520659044036,-0.00211566568059007,0.00300494935823786,0.0110627822267558,0.00447758886172634,0.0397756955723527,"current_team"
"00-0022942",632,0.382911392405063,0.245253164556962,0.371835443037975,0.189873417721519,0.474683544303797,0.240506329113924,0.0949367088607595,0.0411392405063291,0.0237341772151899,0.0300632911392405,0.0759493670886076,0.129746835443038,0.0100653830744746,0.0227213210016302,-0.0327867040761048,0.0302915863013459,-0.0309750352534041,0.0237004826641322,-0.0230170337120739,-0.00532493380848387,0.00279878120451094,-0.020490881108101,0.0135117283208206,0.00527606319749427,"current_team"
"00-0023436",577,0.350086655112652,0.268630849220104,0.381282495667244,0.166377816291161,0.582322357019064,0.147313691507799,0.103986135181976,0.0415944540727903,0.0207972270363951,0.0415944540727903,0.0589254766031196,0.178509532062392,-0.0227593542179371,0.0460990056647722,-0.0233396514468351,0.00679598487098806,0.0766637774618626,-0.0694921549419929,-0.0139676073908577,-0.00486972024202269,-0.00013816897428379,-0.0089597181745512,-0.00351216216466741,0.054038759816848,"current_team"
"00-0023459",495,0.377777777777778,0.202020202020202,0.42020202020202,0.254545454545455,0.488888888888889,0.15959595959596,0.096969696969697,0.0383838383838384,0.0141414141414141,0.0444444444444444,0.0585858585858586,0.098989898989899,0.00493176844718907,-0.0205116415351298,0.0155798730879407,0.0949636231252814,-0.0167696906683126,-0.0572098868538323,-0.0209840456031365,-0.0080803359309746,-0.0067939818692648,-0.00610972780289706,-0.00385178018192841,-0.0254808732556447,"current_team"
"00-0023541",445,0.361797752808989,0.256179775280899,0.382022471910112,0.195505617977528,0.523595505617978,0.166292134831461,0.114606741573034,0.051685393258427,0.0224719101123595,0.0404494382022472,0.0539325842696629,0.150561797752809,-0.0110482565216,0.033647931725567,-0.0225996752039671,0.035923786557355,0.017936926060776,-0.0505137116183312,-0.00334700099979972,0.00522121894361398,0.00153651410168061,-0.0101047340450943,-0.00850505449812407,0.0260910255072653,"current_team"
"00-0023578",40,0.3,0.25,0.45,0.125,0.475,0.325,0.075,0.025,0.05,0,0.1,0.1,-0.0728460093305887,0.0274681564446682,0.0453778528859206,-0.0345818314201731,-0.0306585795572015,0.108194153550208,-0.0429537425728334,-0.021464174314813,0.0290646039893211,-0.0505541722473415,0.037562361232213,-0.0244707722455437,"current_team"
"00-0023645",70,0.4,0.2,0.4,0.1,0.5,0.214285714285714,0.185714285714286,0.114285714285714,0.0142857142857143,0.0571428571428571,0.0571428571428571,0.128571428571429,0.0271539906694113,-0.0225318435553318,-0.00462214711407943,-0.0595818314201731,-0.0056585795572015,-0.00252013216407762,0.0677605431414523,0.0678215399709013,-0.00664968172496465,0.00658868489551564,-0.00529478162492986,0.00410065632588485,"current_team"
"00-0024225",33,0.484848484848485,0.121212121212121,0.393939393939394,0.151515151515152,0.454545454545455,0.333333333333333,0.0606060606060606,0,0,0.0606060606060606,0,0.121212121212121,0.112002475517896,-0.101319722343211,-0.0106827531746855,-0.00806667990502161,-0.051113125011747,0.116527486883541,-0.0573476819667728,-0.046464174314813,-0.0209353960106789,0.0100518883587191,-0.062437638767787,-0.00325865103342249,"current_team"
"00-0024226",429,0.414918414918415,0.181818181818182,0.403263403263403,0.153846153846154,0.517482517482518,0.195804195804196,0.132867132867133,0.048951048951049,0.00932400932400932,0.0745920745920746,0.0326340326340326,0.116550116550117,0.0420724055878262,-0.04071366173715,-0.00135874385067619,-0.00573567757401927,0.011823937925316,-0.0210016506455961,0.0149133902942994,0.00248687463623597,-0.0116113866866696,0.0240379023447331,-0.0298036061337544,-0.00792065569542716,"current_team"
"00-0025409",197,0.319796954314721,0.309644670050761,0.370558375634518,0.111675126903553,0.573604060913706,0.203045685279188,0.111675126903553,0.0355329949238579,0.0152284263959391,0.0609137055837563,0.065989847715736,0.228426395939086,-0.0530490550158679,0.0871128264954296,-0.0340637714795617,-0.0479067045166198,0.0679454813565041,-0.0137601611706041,-0.00627861566928012,-0.0109311793909551,-0.00570696961473985,0.0103595333364148,0.00355220894794905,0.103955623693543,"current_team"
"00-0025423",183,0.382513661202186,0.180327868852459,0.437158469945355,0.087431693989071,0.573770491803279,0.256830601092896,0.0819672131147541,0.0327868852459016,0.0109289617486339,0.0382513661202186,0.0437158469945355,0.109289617486339,0.00966765187159707,-0.0422039747028728,0.0325363228312757,-0.0721501374311021,0.0681119122460772,0.0400247546431043,-0.0359865294580793,-0.0136772890689113,-0.0100064342620451,-0.0123028061271229,-0.0187217917732515,-0.0151811547592049,"current_team"
"00-0025430",470,0.338297872340426,0.263829787234043,0.397872340425532,0.1,0.412765957446808,0.334042553191489,0.153191489361702,0.0723404255319149,0.0127659574468085,0.0680851063829787,0.127659574468085,0.121276595744681,-0.0345481369901632,0.0412979436787107,-0.00674980668854752,-0.0595818314201731,-0.092892622110393,0.117236706741697,0.0352377467888687,0.0258762512171019,-0.00816943856387043,0.0175309341356372,0.0652219357002981,-0.00319417650086286,"current_team"
"00-0025708",90,0.377777777777778,0.166666666666667,0.455555555555556,0.188888888888889,0.522222222222222,0.188888888888889,0.1,0.0444444444444444,0.0111111111111111,0.0444444444444444,0.0444444444444444,0.1,0.00493176844718907,-0.0558651768886652,0.0509334084414761,0.0293070574687158,0.0165636426650208,-0.027916957560903,-0.0179537425728334,-0.00201972987036854,-0.00982428489956783,-0.00610972780289706,-0.0179931943233426,-0.0244707722455437,"current_team"
"00-0026143",460,0.378260869565217,0.260869565217391,0.360869565217391,0.176086956521739,0.560869565217391,0.208695652173913,0.0543478260869565,0.0195652173913043,0.00652173913043478,0.0282608695652174,0.0782608695652174,0.171739130434783,0.00541486023462867,0.0383377216620595,-0.0437525818966881,0.016505125101566,0.0552109856601898,-0.00811019427587886,-0.0636059164858769,-0.0268989569235086,-0.0144136568802442,-0.0222933026821241,0.0158232307974304,0.0472683581892389,"current_team"
"00-0026158",253,0.316205533596838,0.351778656126482,0.33201581027668,0.154150197628458,0.533596837944664,0.201581027667984,0.110671936758893,0.0355731225296443,0.0197628458498024,0.0553359683794466,0.0513833992094862,0.260869565217391,-0.0566404757337508,0.12924681257115,-0.0726063368373996,-0.00543163379171463,0.0279382583874626,-0.0152248187818077,-0.00728180581394014,-0.0108910517851687,-0.00117255016087657,0.00478179613210514,-0.0110542395583008,0.136398792971848,"current_team"
"00-0026197",59,0.423728813559322,0.23728813559322,0.338983050847458,0.23728813559322,0.525423728813559,0.186440677966102,0.0508474576271186,0.0169491525423729,0,0.0338983050847458,0.0677966101694915,0.169491525423729,0.0508828042287333,0.0147562920378885,-0.0656390962666218,0.0777063041730472,0.0197651492563579,-0.0303651684836902,-0.0671062849457148,-0.0295150217724401,-0.0209353960106789,-0.0166558671625957,0.00535897140170453,0.0450207531781851,"current_team"
"00-0026300",142,0.366197183098592,0.21830985915493,0.415492957746479,0.119718309859155,0.556338028169014,0.21830985915493,0.105633802816901,0.0352112676056338,0.028169014084507,0.0422535211267606,0.0774647887323944,0.112676056338028,-0.00664882623199714,-0.00422198440040228,0.0108708106323994,-0.0398635215610182,0.0506794486118126,0.00150401270513767,-0.012319939755932,-0.0112529067091792,0.0072336180738281,-0.00830065112058094,0.0150271499646074,-0.0117947159075155,"current_team"
"00-0026349",182,0.32967032967033,0.241758241758242,0.428571428571429,0.137362637362637,0.587912087912088,0.181318681318681,0.0934065934065934,0.043956043956044,0.010989010989011,0.0384615384615385,0.0604395604395604,0.142857142857143,-0.043175679660259,0.0192263982029099,0.0239492814573491,-0.0222191940575358,0.0822535083548864,-0.0354871651311106,-0.02454714916624,-0.00250813035876903,-0.00994638502166795,-0.012092633785803,-0.00199807832822656,0.0183863706115991,"current_team"
"00-0026498",2532,0.38349131121643,0.216824644549763,0.399684044233807,0.14652448657188,0.526856240126382,0.206556082148499,0.120063191153239,0.0596366508688784,0.0173775671406003,0.0430489731437599,0.0695102685624013,0.122827804107425,0.010645301885841,-0.00570719900556882,-0.00493810288027219,-0.0130573448482932,0.0211976605691808,-0.0102497643012927,0.00210944858040513,0.0131724765540654,-0.00355782887007862,-0.00750519910358163,0.00707262979461427,-0.00164296813811875,"current_team"
"00-0026625",42,0.476190476190476,0.30952380952381,0.214285714285714,0.0714285714285714,0.642857142857143,0.19047619047619,0.0952380952380952,0,0.0714285714285714,0.0238095238095238,0.0476190476190476,0.166666666666667,0.103344466859887,0.0869919659684777,-0.190336432828365,-0.0881532599916017,0.137198563299941,-0.0263296559736014,-0.0227156473347382,-0.046464174314813,0.0504931754178925,-0.0267446484378177,-0.0148185911487394,0.042195894421123,"current_team"
"00-0026898",35,0.485714285714286,0.257142857142857,0.257142857142857,0.171428571428571,0.657142857142857,0.0571428571428571,0.114285714285714,0.0285714285714286,0.0571428571428571,0.0285714285714286,0,0.2,0.112868276383697,0.0346110135875253,-0.147479289971222,0.0118467400083983,0.151484277585656,-0.159662989306935,-0.00366802828711914,-0.0178927457433844,0.0362074611321782,-0.0219827436759129,-0.062437638767787,0.0755292277544563,"current_team"
"00-0027253",157,0.426751592356688,0.197452229299363,0.375796178343949,0.165605095541401,0.445859872611465,0.248407643312102,0.140127388535032,0.0828025477707006,0.00636942675159236,0.0509554140127389,0.0573248407643312,0.127388535031847,0.0539055830260992,-0.0250796142559688,-0.0288259687701304,0.00602326412122814,-0.0597987069457365,0.03160179686231,0.0221736459621984,0.0363383734558876,-0.0145659692590866,0.000401241765397353,-0.00511279800345579,0.00291776278630343,"current_team"
"00-0027659",85,0.482352941176471,0.188235294117647,0.329411764705882,0.0823529411764706,0.517647058823529,0.235294117647059,0.164705882352941,0.0823529411764706,0,0.0823529411764706,0.0235294117647059,0.164705882352941,0.109506931845882,-0.0342965494376848,-0.0752103824081971,-0.0772288902437025,0.011988479266328,0.0184882711972669,0.0467521397801078,0.0358887668616576,-0.0209353960106789,0.0317987689291291,-0.0389082270030811,0.0402351101073975,"current_team"
"00-0027688",231,0.363636363636364,0.242424242424242,0.393939393939394,0.246753246753247,0.489177489177489,0.199134199134199,0.0649350649350649,0.038961038961039,0.012987012987013,0.012987012987013,0.0649350649350649,0.138528138528139,-0.00920964569422505,0.0198923988689106,-0.0106827531746855,0.0871714153330736,-0.0164810903797123,-0.0176716473155928,-0.0530186776377685,-0.00750313535377403,-0.00794838302366595,-0.0375671592603285,0.00249742616727793,0.0140573662825948,"current_team"
"00-0027754",200,0.285,0.255,0.46,0.11,0.555,0.26,0.075,0.03,0.015,0.03,0.08,0.145,-0.0878460093305887,0.0324681564446682,0.0553778528859206,-0.0495818314201731,0.0493414204427985,0.0431941535502081,-0.0429537425728334,-0.016464174314813,-0.00593539601067894,-0.0205541722473415,0.017562361232213,0.0205292277544563,"current_team"
"00-0027854",80,0.4125,0.2,0.3875,0.1875,0.575,0.15,0.0875,0.0625,0,0.025,0.025,0.1625,0.0396539906694113,-0.0225318435553318,-0.0171221471140794,0.0279181685798269,0.0693414204427985,-0.0668058464497919,-0.0304537425728334,0.016035825685187,-0.0209353960106789,-0.0255541722473415,-0.037437638767787,0.0380292277544563,"current_team"
"00-0027939",3570,0.390756302521008,0.192717086834734,0.416526610644258,0.128011204481793,0.473109243697479,0.272829131652661,0.126050420168067,0.053781512605042,0.0218487394957983,0.0504201680672269,0.065546218487395,0.0957983193277311,0.0179102931904197,-0.0298147567205979,0.0119044635301783,-0.0315706269383804,-0.0325493358597225,0.0560232852028691,0.0080966775952338,0.00731733829022903,0.000913343485119379,-0.000134004180114611,0.00310857971960796,-0.0286724529178126,"current_team"
"00-0027946",642,0.331775700934579,0.210280373831776,0.457943925233645,0.123052959501558,0.487538940809969,0.227414330218069,0.161993769470405,0.0576323987538941,0.0342679127725857,0.0700934579439252,0.0467289719626168,0.11993769470405,-0.0410703083960093,-0.0122514697235561,0.0533217781195654,-0.0365288719186155,-0.0181196387472327,0.0106084837682766,0.0440400268975716,0.0111682244390811,0.0133325167619067,0.0195392856965837,-0.0157086668051702,-0.00453307754149386,"current_team"
"00-0027948",35,0.457142857142857,0.171428571428571,0.371428571428571,0.342857142857143,0.4,0.142857142857143,0.114285714285714,0.0571428571428571,0,0.0571428571428571,0.0571428571428571,0.0857142857142857,0.0842968478122684,-0.0511032721267604,-0.033193575685508,0.18327531143697,-0.105658579557201,-0.073948703592649,-0.00366802828711914,0.0106786828280442,-0.0209353960106789,0.00658868489551564,-0.00529478162492986,-0.038756486531258,"current_team"
"00-0027950",766,0.35378590078329,0.199738903394256,0.446475195822454,0.172323759791123,0.507832898172324,0.219321148825065,0.100522193211488,0.0326370757180157,0.0182767624020888,0.0496083550913838,0.0613577023498695,0.108355091383812,-0.0190601085472989,-0.022792940161076,0.0418530487083749,0.0127419283709496,0.0021743186151223,0.00251530237527339,-0.0174315493613452,-0.0138270985967973,-0.00265863360859016,-0.000945817155957693,-0.00107993641791754,-0.0161156808617317,"current_team"
"00-0027973",255,0.352941176470588,0.180392156862745,0.466666666666667,0.16078431372549,0.525490196078431,0.219607843137255,0.0941176470588235,0.0549019607843137,0.00784313725490196,0.0313725490196078,0.0470588235294118,0.12156862745098,-0.0199048328600004,-0.0421396866925867,0.0620445195525872,0.00120248230531708,0.0198316165212299,0.002801996687463,-0.0238360955140099,0.00843778646950074,-0.013092258755777,-0.0191816232277337,-0.0153788152383752,-0.00290214479456331,"current_team"
"00-0027974",1686,0.369513641755635,0.195729537366548,0.434756820877817,0.0919335705812574,0.53914590747331,0.234875444839858,0.134045077105575,0.0444839857651246,0.0260972716488731,0.0634638196915777,0.0468564650059312,0.116251482799526,-0.00333236757495409,-0.0268023061887838,0.0301346737637379,-0.0676482608389157,0.0334873279161081,0.0180695983900657,0.0160913345327419,-0.00198018854968843,0.00516187563819413,0.0129096474442362,-0.0155811737618558,-0.0082192894460182,"current_team"
"00-0028012",117,0.290598290598291,0.324786324786325,0.384615384615385,0.0854700854700855,0.598290598290598,0.222222222222222,0.094017094017094,0.0256410256410256,0.00854700854700855,0.0598290598290598,0.094017094017094,0.205128205128205,-0.0822477187322981,0.102254481230993,-0.0200067624986948,-0.0741117459500877,0.0926320187333968,0.00541637577243032,-0.0239366485557394,-0.0208231486737873,-0.0123883874636704,0.00927488758171833,0.031579455249307,0.0806574328826614,"current_team"
"00-0028090",186,0.360215053763441,0.209677419354839,0.43010752688172,0.0860215053763441,0.548387096774194,0.204301075268817,0.161290322580645,0.0698924731182796,0.021505376344086,0.0698924731182796,0.032258064516129,0.155913978494624,-0.0126309555671478,-0.0128544242004931,0.025485379767641,-0.073560326043829,0.042728517216992,-0.0125047711809747,0.0433365800078117,0.0234282988034666,0.000569980333407084,0.0193383008709381,-0.030179574251658,0.03144320624908,"current_team"
"00-0028118",155,0.348387096774194,0.141935483870968,0.509677419354839,0.148387096774194,0.574193548387097,0.148387096774194,0.129032258064516,0.0451612903225806,0.0129032258064516,0.0709677419354839,0.0193548387096774,0.0903225806451613,-0.0244589125563952,-0.0805963596843641,0.105055272240759,-0.0111947346459796,0.0685349688298953,-0.0684187496755984,0.0110785154916827,-0.00130288399223234,-0.00803217020422733,0.0204135696881424,-0.0430828000581096,-0.0341481916003824,"current_team"
"00-0028146",31,0.32258064516129,0.258064516129032,0.419354838709677,0.161290322580645,0.516129032258065,0.258064516129032,0.0645161290322581,0.0645161290322581,0,0,0.0645161290322581,0.161290322580645,-0.0502653641692984,0.0355326725737004,0.014732691595598,0.00170849116047203,0.010470452700863,0.0412586696792404,-0.0534376135405754,0.0180519547174451,-0.0209353960106789,-0.0505541722473415,0.00207849026447107,0.0368195503351015,"current_team"
"00-0028595",55,0.418181818181818,0.236363636363636,0.345454545454545,0.145454545454545,0.418181818181818,0.254545454545455,0.181818181818182,0.0363636363636364,0.0363636363636364,0.109090909090909,0.0727272727272727,0.127272727272727,0.0453358088512295,0.0138317928083045,-0.059167601659534,-0.0141272859656277,-0.0874767613753833,0.0377396080956626,0.0638644392453484,-0.0101005379511766,0.0154282403529574,0.0585367368435676,0.0102896339594857,0.00280195502718356,"current_team"
"00-0028957",94,0.351063829787234,0.276595744680851,0.372340425531915,0.127659574468085,0.468085106382979,0.297872340425532,0.106382978723404,0.0425531914893617,0.0212765957446809,0.0425531914893617,0.074468085106383,0.170212765957447,-0.0217821795433547,0.0540639011255192,-0.0322817215821646,-0.031922256952088,-0.0375734731742228,0.08106649397574,-0.0115707638494292,-0.00391098282545128,0.000341199734001912,-0.0080009807579798,0.012030446338596,0.0457419937119031,"current_team"
"00-0028986",380,0.386842105263158,0.252631578947368,0.360526315789474,0.144736842105263,0.542105263157895,0.205263157894737,0.107894736842105,0.0526315789473684,0.0157894736842105,0.0394736842105263,0.068421052631579,0.155263157894737,0.0139960959325692,0.0300997353920366,-0.0440958313246058,-0.01484498931491,0.0364466836006933,-0.0115426885550551,-0.0100590057307282,0.00616740463255543,-0.00514592232646841,-0.0110804880368152,0.00598341386379195,0.0307923856491931,"current_team"
"00-0029151",39,0.487179487179487,0.17948717948718,0.333333333333333,0.0769230769230769,0.512820512820513,0.282051282051282,0.128205128205128,0.0512820512820513,0,0.0769230769230769,0.0512820512820513,0.102564102564103,0.114333477848898,-0.0430446640681524,-0.0712888137807461,-0.0826587544970962,0.00716193326331127,0.0652454356014902,0.0102513856322948,0.0048178769672383,-0.0209353960106789,0.0263689046757354,-0.0111555874857357,-0.0219066696814411,"current_team"
"00-0029234",104,0.442307692307692,0.230769230769231,0.326923076923077,0.105769230769231,0.576923076923077,0.144230769230769,0.173076923076923,0.0673076923076923,0.0288461538461538,0.0769230769230769,0.0288461538461538,0.173076923076923,0.0694616829771036,0.00823738721389894,-0.0776990701910025,-0.0538126006509424,0.0712644973658754,-0.0725750772190227,0.0551231805040897,0.0208435179928793,0.00791075783547491,0.0263689046757354,-0.0335914849216331,0.0486061508313794,"current_team"
"00-0029263",119,0.470588235294118,0.151260504201681,0.378151260504202,0.19327731092437,0.436974789915966,0.210084033613445,0.159663865546218,0.0504201680672269,0.0336134453781513,0.0756302521008403,0.0420168067226891,0.0756302521008403,0.0977422259635289,-0.0712713393536512,-0.0264708866098778,0.0336954795041966,-0.0686837896412351,-0.00672181283634651,0.0417101229733851,0.00395599375241391,0.0126780493674723,0.0250760798534988,-0.0204208320450979,-0.0488405201447034,"current_team"
"00-0029567",42,0.380952380952381,0.19047619047619,0.428571428571429,0.214285714285714,0.428571428571429,0.238095238095238,0.119047619047619,0.0714285714285714,0.0238095238095238,0.0238095238095238,0.0714285714285714,0.0952380952380952,0.00810637162179223,-0.0320556530791414,0.0239492814573491,0.0547038828655411,-0.077087150985773,0.0212893916454462,0.00109387647478562,0.0249643971137584,0.00287412779884487,-0.0267446484378177,0.00899093266078443,-0.0292326770074485,"current_team"
"00-0029604",715,0.388811188811189,0.223776223776224,0.387412587412587,0.2,0.454545454545455,0.248951048951049,0.0965034965034965,0.0307692307692308,0.0167832167832168,0.048951048951049,0.0937062937062937,0.0979020979020979,0.0159651794806001,0.00124438022089193,-0.017209559701492,0.0404181685798269,-0.051113125011747,0.032145202501257,-0.0214502460693369,-0.0156949435455822,-0.00415217922746216,-0.00160312329629255,0.0312686549385067,-0.0265686743434458,"current_team"
"00-0029665",58,0.327586206896552,0.362068965517241,0.310344827586207,0.172413793103448,0.603448275862069,0.0862068965517241,0.137931034482759,0.0862068965517241,0.0172413793103448,0.0344827586206897,0.0172413793103448,0.327586206896552,-0.045259802434037,0.13953712196191,-0.0942773195278725,0.0128319616832752,0.0977896963048674,-0.130598949898068,0.0199772919099252,0.0397427222369112,-0.00369401670033411,-0.0160714136266518,-0.0451962594574422,0.203115434651008,"current_team"
"00-0029668",3275,0.359083969465649,0.242442748091603,0.398473282442748,0.128549618320611,0.506259541984733,0.234198473282443,0.130992366412214,0.0451908396946565,0.0277862595419847,0.0580152671755725,0.0796946564885496,0.125801526717557,-0.0137620398649398,0.0199109045362712,-0.00614886467133136,-0.0310322130995624,0.000600962427531271,0.0173926268326509,0.0130386238393803,-0.0012733346201565,0.00685086353130579,0.00746109492823101,0.0172570177207626,0.00133075447201356,"current_team"
"00-0029677",41,0.463414634146341,0.121951219512195,0.414634146341463,0.121951219512195,0.463414634146341,0.341463414634146,0.0731707317073171,0.048780487804878,0,0.024390243902439,0.024390243902439,0.048780487804878,0.0905686248157528,-0.100580624043137,0.0100119992273839,-0.037630611907978,-0.04224394541086,0.124657568184354,-0.0447830108655164,0.00231631349006507,-0.0209353960106789,-0.0261639283449025,-0.038047394865348,-0.0756902844406657,"current_team"
"00-0029682",177,0.350282485875706,0.271186440677966,0.378531073446328,0.129943502824859,0.564971751412429,0.180790960451977,0.124293785310734,0.0451977401129944,0.0282485875706215,0.0508474576271186,0.0734463276836158,0.15819209039548,-0.0225635234548825,0.0486545971226343,-0.0260910736677518,-0.0296383285953144,0.0593131718552279,-0.0360148859978145,0.00634004273790105,-0.00126643420181864,0.00731319155994253,0.000293285379777145,0.0110086889158288,0.0337213181499365,"current_team"
"00-0029701",1846,0.33694474539545,0.265438786565547,0.397616468039003,0.137053087757313,0.523835319609968,0.23726977248104,0.101841820151679,0.0395449620801734,0.0173347778981582,0.0449620801733478,0.0704225352112676,0.164138678223185,-0.0359012639351391,0.0429069430102153,-0.00700567907507621,-0.02252874366286,0.018176740052766,0.0204639260312482,-0.0161119224211541,-0.00691921223463964,-0.00360061811252076,-0.00559209207399372,0.00798489644348061,0.0396679059776416,"current_team"
"00-0030024",59,0.288135593220339,0.203389830508475,0.508474576271186,0.11864406779661,0.593220338983051,0.11864406779661,0.169491525423729,0.0169491525423729,0.0508474576271186,0.101694915254237,0.0338983050847458,0.11864406779661,-0.0847104161102497,-0.0191420130468573,0.103852429157107,-0.040937763623563,0.0875617594258493,-0.0981617786531817,0.0515377828508954,-0.0295150217724401,0.0299120616164397,0.0511407430068958,-0.0285393336830412,-0.00582670444893353,"current_team"
"00-0030419",276,0.344202898550725,0.27536231884058,0.380434782608696,0.155797101449275,0.478260869565217,0.22463768115942,0.141304347826087,0.0579710144927536,0.0144927536231884,0.0688405797101449,0.0797101449275362,0.170289855072464,-0.0286431107798641,0.0528304752852479,-0.0241873645053838,-0.00378472997089777,-0.0273977099919841,0.00783183470962839,0.0233506052532535,0.0115068401779406,-0.00644264238749053,0.0182864074628034,0.0172725061597492,0.0458190828269201,"current_team"
"00-0030520",164,0.408536585365854,0.213414634146341,0.378048780487805,0.182926829268293,0.51219512195122,0.207317073170732,0.0975609756097561,0.0548780487804878,0.024390243902439,0.0182926829268293,0.0365853658536585,0.134146341463415,0.0356905760352649,-0.00911720940899038,-0.0265733666262746,0.0233449978481196,0.00653654239401802,-0.0094887732790602,-0.0203927669630773,0.00841387446567482,0.00345484789176009,-0.0322614893205122,-0.0258522729141285,0.00967556921787094,"current_team"
"00-0030524",168,0.375,0.244047619047619,0.380952380952381,0.160714285714286,0.476190476190476,0.238095238095238,0.125,0.0773809523809524,0.0119047619047619,0.0357142857142857,0.0654761904761905,0.148809523809524,0.0021539906694113,0.0215157754922872,-0.0236697661616985,0.0011324542941126,-0.0294681033667253,0.0212893916454462,0.00704625742716658,0.0309167780661394,-0.00903063410591703,-0.0148398865330558,0.00303855170840348,0.0243387515639801,"current_team"
"00-0030526",43,0.558139534883721,0.162790697674419,0.27906976744186,0.0465116279069767,0.534883720930233,0.27906976744186,0.13953488372093,0.0697674418604651,0.0232558139534884,0.0465116279069767,0.0465116279069767,0.0930232558139535,0.185293525553132,-0.0597411458809132,-0.125552379672219,-0.113070203513196,0.029225141373031,0.0622639209920686,0.0215811411480968,0.0233032675456521,0.00232041794280943,-0.00404254434036476,-0.0159260108608103,-0.0314475164315902,"current_team"
"00-0030533",96,0.34375,0.270833333333333,0.385416666666667,0.125,0.447916666666667,0.260416666666667,0.166666666666667,0.0520833333333333,0.03125,0.0833333333333333,0.09375,0.125,-0.0290960093305887,0.0483014897780015,-0.0192054804474128,-0.0345818314201731,-0.0577419128905348,0.0436108202168748,0.0487129240938332,0.00561915901852035,0.0103146039893211,0.0327791610859918,0.031312361232213,0.000529227754456296,"current_team"
"00-0030565",446,0.383408071748879,0.199551569506726,0.417040358744395,0.213004484304933,0.52914798206278,0.159192825112108,0.0986547085201794,0.0358744394618834,0.0134529147982063,0.0493273542600897,0.0336322869955157,0.13677130044843,0.0105620624182902,-0.0229802740486054,0.0124182116303151,0.0534226528847596,0.0234894025055787,-0.0576130213376843,-0.0192990340526541,-0.0105897348529296,-0.00748248121247266,-0.00122681798725182,-0.0288053517722713,0.0123005282028868,"current_team"
"00-0031064",314,0.423566878980892,0.261146496815287,0.315286624203822,0.0859872611464968,0.557324840764331,0.24203821656051,0.114649681528662,0.054140127388535,0.0159235668789809,0.0445859872611465,0.089171974522293,0.146496815286624,0.050720869650303,0.0386146532599548,-0.0893355229102578,-0.0735945702736763,0.0516662612071297,0.0252323701107177,-0.003304061044171,0.00767595307372205,-0.00501182913169805,-0.00596818498619501,0.026734335754506,0.0220260430410805,"current_team"
"00-0031076",43,0.441860465116279,0.232558139534884,0.325581395348837,0.0930232558139535,0.651162790697674,0.162790697674419,0.0930232558139535,0.0465116279069767,0.0232558139534884,0.0232558139534884,0.0697674418604651,0.116279069767442,0.0690144557856904,0.0100262959795519,-0.0790407517652422,-0.0665585756062196,0.145504211140473,-0.0540151487753733,-0.0249304867588799,4.74535921637584e-05,0.00232041794280943,-0.0272983582938531,0.00732980309267812,-0.00819170247810184,"current_team"
"00-0031266",344,0.354651162790698,0.238372093023256,0.406976744186047,0.13953488372093,0.51453488372093,0.215116279069767,0.130813953488372,0.061046511627907,0.0174418604651163,0.0523255813953488,0.0523255813953488,0.15406976744186,-0.018194846539891,0.015840249467924,0.00235459707196706,-0.0200469476992429,0.00887630416372875,-0.00168956738002446,0.0128602109155387,0.014582337313094,-0.00349353554556266,0.00177140914800734,-0.0101120573724382,0.0295989951963168,"current_team"
"00-0031280",827,0.343409915356711,0.220072551390568,0.436517533252721,0.187424425634825,0.518742442563482,0.163240628778718,0.130592503022975,0.0471584038694075,0.0241837968561064,0.0592503022974607,0.0519951632406288,0.129383313180169,-0.0294360939738777,-0.00245929216476351,0.0318953861386412,0.0278425942146515,0.0130838630062809,-0.0535652176710736,0.0126387604501412,0.000694229554594514,0.00324840084542747,0.0086961300501192,-0.0104424755271582,0.00491254093462559,"current_team"
"00-0031288",137,0.372262773722628,0.153284671532847,0.474452554744526,0.175182481751825,0.547445255474453,0.138686131386861,0.138686131386861,0.072992700729927,0.0145985401459854,0.0510948905109489,0.0145985401459854,0.124087591240876,-0.000583235607960975,-0.0692471720224851,0.0698304076304461,0.0156006503316517,0.041786675917251,-0.0781197150629306,0.0207323888140279,0.026528526415114,-0.00633685586469354,0.000540718263607402,-0.0478390986218016,-0.00038318100466779,"current_team"
"00-0031345",41,0.560975609756098,0.121951219512195,0.317073170731707,0.268292682926829,0.463414634146341,0.170731707317073,0.0975609756097561,0.0975609756097561,0,0,0.048780487804878,0.0731707317073171,0.188129600425509,-0.100580624043137,-0.0875489763823721,0.108710851506656,-0.04224394541086,-0.0460741391327187,-0.0203927669630773,0.0510968012949431,-0.0209353960106789,-0.0505541722473415,-0.0136571509629089,-0.0513000405382266,"current_team"
"00-0031395",31,0.451612903225806,0.0645161290322581,0.483870967741935,0.225806451612903,0.548387096774194,0.129032258064516,0.0967741935483871,0.0645161290322581,0,0.032258064516129,0.032258064516129,0.032258064516129,0.0787668938952177,-0.158015714523074,0.079248820627856,0.0662246201927301,0.042728517216992,-0.0877735883852758,-0.0211795490244463,0.0180519547174451,-0.0209353960106789,-0.0182961077312125,-0.030179574251658,-0.0922127077294147,"current_team"
"00-0031409",256,0.41015625,0.1875,0.40234375,0.140625,0.51171875,0.2421875,0.10546875,0.046875,0.02734375,0.03125,0.04296875,0.11328125,0.0373102406694113,-0.0350318435553318,-0.00227839711407946,-0.0189568314201731,0.0060601704427985,0.0253816535502081,-0.0124849925728334,0.000410825685187015,0.00640835398932106,-0.0193041722473415,-0.019468888767787,-0.0111895222455437,"current_team"
"00-0031503",66,0.363636363636364,0.136363636363636,0.5,0.136363636363636,0.409090909090909,0.333333333333333,0.121212121212121,0.0454545454545455,0.0151515151515152,0.0606060606060606,0.0454545454545455,0.0757575757575758,-0.00920964569422505,-0.0861682071916955,0.0953778528859205,-0.0232181950565368,-0.0965676704662924,0.116527486883541,0.0032583786392878,-0.00100962886026753,-0.00578388085916379,0.0100518883587191,-0.0169830933132415,-0.0487131964879679,"current_team"
"00-0031568",245,0.383673469387755,0.171428571428571,0.444897959183673,0.151020408163265,0.518367346938776,0.191836734693878,0.138775510204082,0.0571428571428571,0.0244897959183673,0.0571428571428571,0.0285714285714286,0.106122448979592,0.0108274600571664,-0.0511032721267604,0.040275812069594,-0.00856142325690781,0.012708767381574,-0.0249691117559143,0.0208217676312482,0.0106786828280442,0.00355439990768841,0.00658868489551564,-0.0338662101963584,-0.0183483232659519,"current_team"
"00-0032156",159,0.389937106918239,0.207547169811321,0.40251572327044,0.232704402515723,0.572327044025157,0.106918238993711,0.0880503144654088,0.0440251572327044,0.00628930817610063,0.0377358490566038,0.0251572327044025,0.150943396226415,0.0170910975876503,-0.0149846737440111,-0.00210642384363918,0.0731225710955501,0.0666684644679557,-0.109887607456081,-0.0299034281074246,-0.00243901708210859,-0.0146460878345783,-0.0128183231907377,-0.0372804060633845,0.0264726239808714,"current_team"
"00-0032245",57,0.368421052631579,0.298245614035088,0.333333333333333,0.210526315789474,0.578947368421053,0.12280701754386,0.087719298245614,0.0350877192982456,0,0.0526315789473684,0.0701754385964912,0.192982456140351,-0.00442495669900977,0.0757137704797559,-0.0712888137807461,0.0509444843693005,0.0732887888638512,-0.0939988289059323,-0.0302344443272194,-0.0113764550165674,-0.0209353960106789,0.00207740670002692,0.00773779982870423,0.0685116838948072,"current_team"
"00-0032268",268,0.395522388059701,0.186567164179104,0.417910447761194,0.167910447761194,0.350746268656716,0.313432835820896,0.167910447761194,0.0746268656716418,0.0261194029850746,0.0671641791044776,0.0783582089552239,0.0708955223880597,0.0226763787291128,-0.0359646793762274,0.0132883006471146,0.00832861634102092,-0.154912310900485,0.0966269893711036,0.0499567051883606,0.0281626913568288,0.00518400697439569,0.0166100068571361,0.0159205701874369,-0.053575249857484,"current_team"
"00-0032434",30,0.666666666666667,0.0333333333333333,0.3,0.433333333333333,0.266666666666667,0.266666666666667,0.0333333333333333,0.0333333333333333,0,0,0,0.0333333333333333,0.293820657336078,-0.189198510221999,-0.104622147114079,0.27375150191316,-0.238991912890535,0.0498608202168748,-0.0846204092395001,-0.0131308409814797,-0.0209353960106789,-0.0505541722473415,-0.062437638767787,-0.0911374389122104,"current_team"
"00-0032784",101,0.267326732673267,0.168316831683168,0.564356435643564,0.168316831683168,0.455445544554455,0.227722772277228,0.148514851485149,0.0198019801980198,0.0396039603960396,0.0891089108910891,0.0396039603960396,0.0792079207920792,-0.105519276657321,-0.0542150118721635,0.159734288529485,0.0087350002629952,-0.050213035002746,0.0109169258274358,0.0305611089123151,-0.0266621941167932,0.0186685643853607,0.0385547386437476,-0.0228336783717474,-0.0452628514534645,"current_team"
"00-0032792",37,0.486486486486487,0.108108108108108,0.405405405405405,0.216216216216216,0.486486486486487,0.216216216216216,0.0810810810810811,0.027027027027027,0,0.0540540540540541,0,0.108108108108108,0.113640477155898,-0.114423735447224,0.000783258291325972,0.0566343847960431,-0.019172093070715,-0.000589630233575666,-0.0368726614917523,-0.019437147287786,-0.0209353960106789,0.00349988180671255,-0.062437638767787,-0.0163626641374356,"current_team"
"00-0032950",168,0.369047619047619,0.19047619047619,0.44047619047619,0.196428571428571,0.44047619047619,0.244047619047619,0.119047619047619,0.0357142857142857,0.0119047619047619,0.0714285714285714,0.0416666666666667,0.107142857142857,-0.00379839028296963,-0.0320556530791414,0.035854043362111,0.0368467400083983,-0.065182389081011,0.0272417725978271,0.00109387647478562,-0.0107498886005273,-0.00903063410591703,0.0208743991812299,-0.0207709721011203,-0.0173279151026866,"current_team"
"00-0033077",4747,0.375184326943333,0.211923319991574,0.412892353065094,0.138824520749947,0.536338740257004,0.215925847903939,0.108910891089109,0.0431851695807879,0.0214872551084896,0.0442384663998315,0.0560353907731199,0.124710343374763,0.00233831761274395,-0.0106085235637582,0.0082702059510143,-0.0207573106702258,0.030680160699803,-0.000879998545852578,-0.00904285148372451,-0.00327900473402512,0.000551859097810633,-0.00631570584751003,-0.00640224799466713,0.00023957112921931,"current_team"
"00-0033104",131,0.312977099236641,0.152671755725191,0.534351145038168,0.122137404580153,0.633587786259542,0.175572519083969,0.0687022900763359,0.0534351145038168,0,0.0152671755725191,0.0458015267175573,0.099236641221374,-0.0598689100939475,-0.069860087830141,0.129728997924088,-0.0374444268400205,0.12792920670234,-0.0412333273658224,-0.0492514524964975,0.00697094018900381,-0.0209353960106789,-0.0352869966748224,-0.0166361120502297,-0.0252341310241697,"current_team"
"00-0033106",2788,0.357962697274032,0.263988522238164,0.378048780487805,0.18974175035868,0.535509325681492,0.191893830703013,0.0828550932568149,0.0369440459110473,0.0190100430416069,0.0269010043041607,0.0703012912482066,0.156025824964132,-0.0148833120565571,0.0414566786828317,-0.0265733666262746,0.0301599189385069,0.0298507461242906,-0.024912015746779,-0.0350986493160185,-0.00952012840376564,-0.00192535296907205,-0.0236531679431808,0.0078636524804196,0.0315550527185883,"current_team"
"00-0033108",127,0.291338582677165,0.220472440944882,0.488188976377953,0.062992125984252,0.566929133858268,0.21259842519685,0.15748031496063,0.047244094488189,0.0236220472440945,0.0866141732283465,0.062992125984252,0.133858267716535,-0.0815074266534234,-0.00205940261044996,0.0835668292638733,-0.0965897054359212,0.0612705543010662,-0.00420742125294149,0.0395265723877965,0.000779920173375991,0.00268665123341555,0.036060000981005,0.00055448721646497,0.00938749547099174,"current_team"
"00-0033119",484,0.351239669421488,0.208677685950413,0.440082644628099,0.136363636363636,0.551652892561983,0.216942148760331,0.0950413223140496,0.0475206611570248,0.0144628099173554,0.0330578512396694,0.0516528925619835,0.132231404958678,-0.0216063399091011,-0.0138541576049186,0.0354604975140197,-0.0232181950565368,0.045994313004782,0.000136302310538683,-0.0229124202587838,0.00105648684221181,-0.00647258609332357,-0.0174963210076721,-0.0107847462058035,0.00776063271313399,"current_team"
"00-0033275",110,0.409090909090909,0.136363636363636,0.454545454545455,0.2,0.409090909090909,0.245454545454545,0.145454545454545,0.0909090909090909,0,0.0545454545454545,0.0272727272727273,0.0636363636363636,0.0362448997603204,-0.0861682071916955,0.0499233074313751,0.0404181685798269,-0.0965676704662924,0.0286486990047536,0.027500802881712,0.0444449165942779,-0.0209353960106789,0.00399128229811304,-0.0351649114950597,-0.0608344086091801,"current_team"
"00-0033357",306,0.372549019607843,0.156862745098039,0.470588235294118,0.15359477124183,0.509803921568627,0.212418300653595,0.124183006535948,0.0555555555555556,0.0359477124183007,0.0326797385620915,0.0392156862745098,0.0784313725490196,-0.000296989722745555,-0.0656690984572926,0.0659660881800382,-0.00598706017834305,0.00414534201142591,-0.00438754579619713,0.0062292639631143,0.00909138124074257,0.0150123164076217,-0.01787443368525,-0.0232219524932772,-0.0460393996965241,"current_team"
"00-0033537",554,0.431407942238267,0.193140794223827,0.375451263537906,0.162454873646209,0.514440433212996,0.21841155234657,0.104693140794224,0.0451263537906137,0.0126353790613718,0.0469314079422383,0.0487364620938628,0.111913357400722,0.0585619329076785,-0.0293910493315051,-0.0291708835761733,0.00287304222603627,0.00878185365579487,0.0016057058967785,-0.0132606017786096,-0.00133782052419926,-0.0083000169493071,-0.00362276430510323,-0.0137011766739242,-0.0125574148448217,"current_team"
"00-0033550",40,0.35,0.2,0.45,0.125,0.675,0.15,0.05,0,0,0.05,0.025,0.175,-0.0228460093305887,-0.0225318435553318,0.0453778528859206,-0.0345818314201731,0.169341420442799,-0.0668058464497919,-0.0679537425728334,-0.046464174314813,-0.0209353960106789,-0.0005541722473415,-0.037437638767787,0.0505292277544563,"current_team"
"00-0033662",52,0.307692307692308,0.288461538461538,0.403846153846154,0.134615384615385,0.557692307692308,0.25,0.0576923076923077,0,0,0.0576923076923077,0.0961538461538462,0.173076923076923,-0.065153701638281,0.0659296949062066,-0.000775993267925601,-0.0249664468047885,0.0520337281351062,0.0331941535502081,-0.0602614348805257,-0.046464174314813,-0.0209353960106789,0.00713813544496619,0.0337162073860592,0.0486061508313794,"current_team"
"00-0033869",69,0.478260869565217,0.144927536231884,0.376811594202899,0.202898550724638,0.463768115942029,0.27536231884058,0.0579710144927536,0.0289855072463768,0,0.0289855072463768,0.0289855072463768,0.115942028985507,0.105414860234629,-0.0776043073234478,-0.0278105529111809,0.0433167193044646,-0.0418904636151725,0.0585564723907878,-0.0599827280800798,-0.0174786670684362,-0.0209353960106789,-0.0215686650009647,-0.0334521315214102,-0.00852874326003646,"current_team"
"00-0033873",4664,0.382289879931389,0.20647512864494,0.411234991423671,0.202615780445969,0.481346483704974,0.199828473413379,0.116209262435678,0.0424528301886792,0.0214408233276158,0.0523156089193825,0.0553173241852487,0.106775300171527,0.00944387060080065,-0.0160567149103919,0.00661284430959119,0.043033949025796,-0.0243120958522272,-0.0169773730364128,-0.00174448013715589,-0.00401134412613374,0.000505427316936841,0.001761436672041,-0.00712031458253828,-0.0176954720740171,"current_team"
"00-0033899",41,0.268292682926829,0.414634146341463,0.317073170731707,0.0975609756097561,0.48780487804878,0.219512195121951,0.195121951219512,0.0731707317073171,0.024390243902439,0.0975609756097561,0.121951219512195,0.24390243902439,-0.104553326403759,0.192102302786132,-0.0875489763823721,-0.062020855810417,-0.017853701508421,0.00270634867215933,0.0771682086466788,0.0267065573925041,0.00345484789176009,0.0470068033624146,0.0595135807444081,0.119431666778847,"current_team"
"00-0033936",66,0.227272727272727,0.196969696969697,0.575757575757576,0.121212121212121,0.696969696969697,0.121212121212121,0.0606060606060606,0.0454545454545455,0,0.0151515151515152,0.0454545454545455,0.136363636363636,-0.145573282057861,-0.0255621465856349,0.171135428643496,-0.0383697102080519,0.191311117412496,-0.0955937252376707,-0.0573476819667728,-0.00100962886026753,-0.0209353960106789,-0.0354026570958264,-0.0169830933132415,0.0118928641180926,"current_team"
"00-0034412",73,0.383561643835616,0.136986301369863,0.47945205479452,0.287671232876712,0.438356164383562,0.191780821917808,0.0821917808219178,0.0273972602739726,0,0.0547945205479452,0.0410958904109589,0.0958904109589041,0.0107156345050277,-0.0855455421854688,0.0748299076804411,0.128089401456539,-0.0673024151736399,-0.0250250245319837,-0.0357619617509156,-0.0190669140408404,-0.0209353960106789,0.0042403483006037,-0.0213417483568281,-0.0285803612866396,"current_team"
"00-0034771",509,0.392927308447937,0.239685658153242,0.367387033398821,0.194499017681729,0.491159135559921,0.18467583497053,0.129666011787819,0.0589390962671906,0.0157170923379175,0.0550098231827112,0.037328094302554,0.137524557956778,0.0200812991173484,0.0171538145979098,-0.0372351137152582,0.0349171862615558,-0.0144994439972801,-0.0321300114792614,0.0117122692149858,0.0124749219523776,-0.00521830367276145,0.0044556509353697,-0.025109544465233,0.0130537857112343,"current_team"
"00-0034796",2869,0.316486580690136,0.30149878006274,0.382014639247124,0.14813523875915,0.487626350644824,0.232136632973161,0.132101777622865,0.0494945974207041,0.0285813872429418,0.0540257929592192,0.0941094457999303,0.15719762983618,-0.0563594286404528,0.0789669365074078,-0.022607507866955,-0.0114465926610236,-0.0180322289123775,0.0153307865233695,0.0141480350500317,0.00303042310589109,0.00764599123226285,0.00347162071187774,0.0316718070321433,0.0327268575906361,"current_team"
"00-0034855",1677,0.35778175313059,0.218843172331544,0.423375074537865,0.199761478831246,0.45438282647585,0.224209898628503,0.121645796064401,0.0447227191413238,0.0232558139534884,0.0536672629695885,0.0703637447823494,0.107930828861061,-0.0150642561999983,-0.00368867122378741,0.0187529274237858,0.0401796474110732,-0.0512757530813518,0.00740405217871137,0.0036920534915673,-0.00174145517348919,0.00232041794280943,0.00311309072224705,0.00792610601456243,-0.0165399433844823,"current_team"
"00-0034857",4079,0.395194900710959,0.192203971561657,0.412601127727384,0.162049521941652,0.476832556999265,0.22333905368963,0.137778867369453,0.057121843589115,0.02181907330228,0.0588379504780583,0.0551605785731797,0.102230938955626,0.0223488913803699,-0.0303278719936746,0.00797898061330471,0.00246769052147924,-0.028826022557937,0.00653320723983791,0.0198251247966199,0.010657669274302,0.000883677291601031,0.00828377823071685,-0.0072770601946073,-0.0222398332899173,"current_team"
"00-0034869",473,0.397463002114165,0.224101479915433,0.378435517970402,0.13953488372093,0.509513742071882,0.238900634249471,0.112050739957717,0.0507399577167019,0.0147991543340381,0.0465116279069767,0.06553911205074,0.120507399577167,0.0246169927835762,0.00156963636010157,-0.0261866291436778,-0.0200469476992429,0.0038551625146801,0.0220947877996796,-0.00590300261511671,0.00427578340188892,-0.00613624167664088,-0.00404254434036476,0.00310147328295297,-0.00396337266837668,"current_team"
"00-0034899",104,0.375,0.173076923076923,0.451923076923077,0.153846153846154,0.480769230769231,0.211538461538462,0.153846153846154,0.0576923076923077,0.0288461538461538,0.0673076923076923,0.0769230769230769,0.0576923076923077,0.0021539906694113,-0.0494549204784088,0.0473009298089975,-0.00573567757401927,-0.0248893487879707,-0.00526738491133036,0.0358924112733204,0.0112281333774947,0.00791075783547491,0.0167535200603508,0.0144854381552899,-0.066778464553236,"current_team"
"00-0034955",38,0.473684210526316,0.131578947368421,0.394736842105263,0.131578947368421,0.473684210526316,0.263157894736842,0.131578947368421,0.0789473684210526,0.0263157894736842,0.0263157894736842,0.0789473684210526,0,0.100838201195727,-0.0909528961869108,-0.00988530500881629,-0.0280028840517521,-0.0319743690308857,0.0463520482870502,0.0136252047955876,0.0324831941062396,0.00538039346300527,-0.0242383827736573,0.0165097296532656,-0.124470772245544,"current_team"
"00-0035040",58,0.431034482758621,0.172413793103448,0.396551724137931,0.189655172413793,0.46551724137931,0.224137931034483,0.120689655172414,0.0862068965517241,0.0172413793103448,0.0172413793103448,0.0344827586206897,0.120689655172414,0.058188473428032,-0.0501180504518836,-0.00807042297614841,0.03007334099362,-0.0401413381778912,0.00733208458469087,0.00273591259958038,0.0397427222369112,-0.00369401670033411,-0.0333127929369967,-0.0279548801470973,-0.00378111707312991,"current_team"
"00-0035100",368,0.377717391304348,0.222826086956522,0.39945652173913,0.239130434782609,0.4375,0.21195652173913,0.111413043478261,0.0407608695652174,0.016304347826087,0.0543478260869565,0.078804347826087,0.111413043478261,0.00487138197375914,0.000294243401189886,-0.00516562537494902,0.0795486033624356,-0.0681585795572015,-0.00484932471066146,-0.00654069909457256,-0.00570330474959559,-0.00463104818459198,0.00379365383961502,0.0163667090583,-0.0130577287672828,"current_team"
"00-0035146",82,0.378048780487805,0.182926829268293,0.439024390243902,0.219512195121951,0.451219512195122,0.231707317073171,0.0975609756097561,0.0853658536585366,0,0.0121951219512195,0.048780487804878,0.121951219512195,0.00520277115721618,-0.0396050142870392,0.034402243129823,0.0599303637017781,-0.0544390673620795,0.0149014706233788,-0.0203927669630773,0.0389016793437236,-0.0209353960106789,-0.038359050296122,-0.0136571509629089,-0.00251955273334858,"current_team"
"00-0035228",2924,0.4093707250342,0.202462380300958,0.388166894664843,0.203488372093023,0.494186046511628,0.179206566347469,0.12311901504788,0.045827633378933,0.0194938440492476,0.057797537619699,0.0413816689466484,0.119015047879617,0.036524715703611,-0.0200694632543743,-0.0164552524492368,0.0439065406728501,-0.0114725330455736,-0.0375992801023227,0.0051652724750462,-0.000636540935880017,-0.00144155196143133,0.00724336537235754,-0.0210559698211386,-0.00545572436592674,"current_team"
"00-0035232",441,0.351473922902494,0.301587301587302,0.346938775510204,0.147392290249433,0.519274376417234,0.224489795918367,0.108843537414966,0.0453514739229025,0.0272108843537415,0.036281179138322,0.0839002267573696,0.17687074829932,-0.0213720864280944,0.0790554580319697,-0.0576833716038754,-0.01218954117074,0.013615796860032,0.00768394946857545,-0.00911020515786744,-0.00111270039191049,0.00627548834306256,-0.0142729931090195,0.0214625879895826,0.052399976053776,"current_team"
"00-0035251",52,0.211538461538462,0.192307692307692,0.596153846153846,0.230769230769231,0.403846153846154,0.173076923076923,0.192307692307692,0.0192307692307692,0,0.173076923076923,0,0.173076923076923,-0.161307547792127,-0.0302241512476395,0.191531699039767,0.0711873993490577,-0.101812425711048,-0.0437289233728688,0.0743539497348589,-0.0272334050840438,-0.0209353960106789,0.122522750829582,-0.062437638767787,0.0486061508313794,"current_team"
"00-0035264",66,0.363636363636364,0.212121212121212,0.424242424242424,0.196969696969697,0.393939393939394,0.272727272727273,0.136363636363636,0.0606060606060606,0.0151515151515152,0.0606060606060606,0.0757575757575758,0.106060606060606,-0.00920964569422505,-0.0104106314341197,0.0196202771283448,0.0373878655495238,-0.111719185617808,0.0559214262774808,0.0184098937908029,0.0141418862912476,-0.00578388085916379,0.0100518883587191,0.0133199369897888,-0.0184101661849376,"current_team"
"00-0035282",174,0.448275862068966,0.149425287356322,0.402298850574713,0.17816091954023,0.540229885057471,0.172413793103448,0.109195402298851,0.0574712643678161,0.0114942528735632,0.0402298850574713,0.0114942528735632,0.103448275862069,0.0754298527383768,-0.07310655619901,-0.0023232965393668,0.0185790881200568,0.0345713055002698,-0.0443920533463436,-0.00875834027398284,0.0110070900530031,-0.00944114313711572,-0.0103242871898702,-0.0509433858942238,-0.0210224963834747,"current_team"
"00-0035577",160,0.39375,0.15625,0.45,0.20625,0.5125,0.1375,0.14375,0.06875,0.01875,0.05625,0.00625,0.10625,0.0209039906694113,-0.0662818435553318,0.0453778528859206,0.0466681685798269,0.00684142044279845,-0.0793058464497919,0.0257962574271666,0.022285825685187,-0.00218539601067894,0.0056958277526585,-0.056187638767787,-0.0182207722455437,"current_team"
"00-0035652",119,0.327731092436975,0.252100840336134,0.420168067226891,0.092436974789916,0.529411764705882,0.235294117647059,0.142857142857143,0.0420168067226891,0.0252100840336134,0.0756302521008403,0.0840336134453782,0.134453781512605,-0.0451149168936139,0.0295689967808026,0.0155459201128113,-0.0671448566302572,0.0237531851486809,0.0184882711972669,0.0249034002843094,-0.00444736759212391,0.00427468802293451,0.0250760798534988,0.0215959746775912,0.00998300926706133,"current_team"
"00-0035704",79,0.341772151898734,0.227848101265823,0.430379746835443,0.240506329113924,0.493670886075949,0.113924050632911,0.151898734177215,0.0632911392405063,0.0253164556962025,0.0632911392405063,0.0506329113924051,0.139240506329114,-0.0310738574318545,0.00531625771049093,0.0257575997213636,0.0809244976937509,-0.0119876934812521,-0.10288179581688,0.0339449916043818,0.0168269649256933,0.00438105968552359,0.0127369669931648,-0.0118047273753819,0.0147697340835702,"current_team"
"00-0035710",382,0.429319371727749,0.193717277486911,0.37696335078534,0.151832460732984,0.518324607329843,0.232984293193717,0.0968586387434555,0.0445026178010471,0.0183246073298429,0.0340314136125654,0.0654450261780105,0.0968586387434555,0.05647336239716,-0.0288145660684208,-0.0276587963287391,-0.00774937068718884,0.0126660277726415,0.0161784467439254,-0.0210951038293779,-0.00196155651376587,-0.00261078868083601,-0.0165227586347761,0.00300738741022347,-0.0276121335020882,"current_team"
"00-0035939",33,0.393939393939394,0.121212121212121,0.484848484848485,0.212121212121212,0.484848484848485,0.272727272727273,0.0303030303030303,0.0303030303030303,0,0,0.0303030303030303,0.0606060606060606,0.0210933846088052,-0.101319722343211,0.0802263377344054,0.052539380701039,-0.0208100947087166,0.0559214262774808,-0.0876507122698031,-0.0161611440117827,-0.0209353960106789,-0.0505541722473415,-0.0321346084647567,-0.0638647116394831,"current_team"
"00-0035993",403,0.317617866004963,0.258064516129032,0.424317617866005,0.129032258064516,0.602977667493797,0.176178660049628,0.0918114143920596,0.0198511166253102,0.0248138957816377,0.0471464019851117,0.0297766749379653,0.188585607940447,-0.0552281433256259,0.0355326725737004,0.0196954707519255,-0.030549573355657,0.097319087936595,-0.0406271864001641,-0.0261423281807739,-0.0266130576895028,0.00387849977095878,-0.00340777026222984,-0.0326609638298217,0.064114835694903,"current_team"
"00-0036197",60,0.4,0.15,0.45,0.166666666666667,0.533333333333333,0.166666666666667,0.133333333333333,0.0333333333333333,0.0333333333333333,0.0666666666666667,0.0333333333333333,0.0666666666666667,0.0271539906694113,-0.0725318435553318,0.0453778528859206,0.00708483524649353,0.0276747537761318,-0.0501391797831252,0.0153795907604999,-0.0131308409814797,0.0123979373226544,0.0161124944193252,-0.0291043054344537,-0.057804105578877,"current_team"
"00-0036212",2410,0.418672199170124,0.225311203319502,0.356016597510373,0.190871369294606,0.475103734439834,0.233609958506224,0.100414937759336,0.0443983402489627,0.016597510373444,0.0394190871369295,0.0850622406639004,0.0975103734439834,0.0458261898395358,0.00277935976417024,-0.048605549603706,0.0312895378744327,-0.0305548451173675,0.0168041120564322,-0.0175388048134973,-0.00206583406585033,-0.00433788563723496,-0.011135085110412,0.0226246018961134,-0.0269603988015603,"current_team"
"00-0036264",1522,0.396189224704336,0.208278580814717,0.395532194480946,0.185282522996058,0.460578186596583,0.211563731931669,0.14257555847569,0.0611038107752957,0.0361366622864652,0.045335085413929,0.0670170827858081,0.0860709592641262,0.0233432153737477,-0.0142532627406144,-0.00908995263313334,0.0257006915758847,-0.0450803929606181,-0.00524211451812304,0.0246218159028565,0.0146396364604827,0.0152012662757862,-0.00521908683341246,0.00457944401802115,-0.0383998129814175,"current_team"
"00-0036312",110,0.327272727272727,0.154545454545455,0.518181818181818,0.163636363636364,0.518181818181818,0.190909090909091,0.127272727272727,0.0545454545454545,0.0454545454545455,0.0272727272727273,0.0363636363636364,0.0727272727272727,-0.0455732820578614,-0.0679863890098773,0.113559671067739,0.00405453221619051,0.0125232386246167,-0.025896755540701,0.00931898469989384,0.00808128023064156,0.0245191494438665,-0.0232814449746142,-0.0260740024041506,-0.051743499518271,"current_team"
"00-0036355",3428,0.352683780630105,0.194574095682614,0.452742123687281,0.172987164527421,0.51779463243874,0.197491248541424,0.111726954492415,0.04463243873979,0.0134189031505251,0.0536756126021004,0.0498833138856476,0.11901983663944,-0.0201622287004837,-0.0279577478727181,0.0481199765732018,0.0134053331072481,0.0121360528815383,-0.0193145979083683,-0.00622678808041802,-0.00183173557502302,-0.00751649286015385,0.00312144035475885,-0.0125543248821394,-0.0054509356061038,"current_team"
"00-0036384",42,0.452380952380952,0.142857142857143,0.404761904761905,0.214285714285714,0.452380952380952,0.214285714285714,0.119047619047619,0.0476190476190476,0,0.0714285714285714,0,0.119047619047619,0.0795349430503637,-0.079674700698189,0.000139757647825312,0.0547038828655411,-0.0532776271762491,-0.00252013216407762,0.00109387647478562,0.00115487330423463,-0.0209353960106789,0.0208743991812299,-0.062437638767787,-0.00542315319792466,"current_team"
"00-0036389",2387,0.416003351487222,0.13782991202346,0.446166736489317,0.149560117302053,0.51403435274403,0.206535400083787,0.12987012987013,0.0515291160452451,0.0171763720150817,0.0611646418098031,0.0393799748638458,0.0691244239631336,0.0431573421566337,-0.0847019315318714,0.0415445893752377,-0.0100217141181203,0.0083757731868287,-0.0102704463660047,0.0119163872972964,0.00506494173043209,-0.00375902399559725,0.0106104695624616,-0.0230576639039412,-0.0553463482824101,"current_team"
"00-0036442",2796,0.352288984263233,0.218168812589413,0.429542203147353,0.161301859799714,0.532904148783977,0.209585121602289,0.09620886981402,0.0286123032904149,0.0171673819742489,0.0504291845493562,0.0661659513590844,0.120886981402003,-0.0205570250673555,-0.00436303096591839,0.0249200560332739,0.00172002837954074,0.0272455692267756,-0.00722072484750291,-0.0217448727588134,-0.0178518710243981,-0.00376801403643001,-0.000124987697985281,0.0037283125912974,-0.00358379084354084,"current_team"
"00-0036879",101,0.405940594059406,0.247524752475248,0.346534653465347,0.168316831683168,0.574257425742574,0.118811881188119,0.138613861386139,0.0594059405940594,0.0099009900990099,0.0693069306930693,0.0495049504950495,0.158415841584158,0.0330945847288173,0.0249929089199157,-0.058087493648733,0.0087350002629952,0.0685988461853727,-0.0979939652616731,0.0206601188133052,0.0129417662792464,-0.011034405911669,0.0187527584457278,-0.0129326882727375,0.0339450693386147,"current_team"
"00-0036898",1104,0.392210144927536,0.185688405797101,0.422101449275362,0.170289855072464,0.513586956521739,0.210144927536232,0.105978260869565,0.0407608695652174,0.0190217391304348,0.046195652173913,0.0489130434782609,0.0996376811594203,0.0193641355969476,-0.0368434377582304,0.0174793021612829,0.0107080236522906,0.00792837696453763,-0.00666091891356002,-0.0119754817032682,-0.00570330474959559,-0.00191365688024416,-0.00435852007342846,-0.0135245952895261,-0.0248330910861234,"current_team"
"00-0036945",202,0.391089108910891,0.242574257425743,0.366336633663366,0.133663366336634,0.608910891089109,0.178217821782178,0.0792079207920792,0.0544554455445545,0.00495049504950495,0.0198019801980198,0.0495049504950495,0.173267326732673,0.0182430995803024,0.0200424138704107,-0.0382855134507131,-0.0259184650835395,0.103252311531907,-0.0385880246676137,-0.0387458217807542,0.00799127122974147,-0.015984900961174,-0.0307521920493217,-0.0129326882727375,0.0487965544871296,"current_team"
"00-0036971",2585,0.398839458413926,0.192649903288201,0.408510638297872,0.166344294003868,0.480851063829787,0.230560928433269,0.122243713733075,0.058027079303675,0.0193423597678917,0.0448742746615087,0.0518375241779497,0.110251450676983,0.0259934490833378,-0.0298819402671307,0.00388849118379286,0.00676246258369534,-0.0248075157274143,0.013755081983477,0.00428997116024202,0.0115629049888621,-0.00159303624278725,-0.0056798975858328,-0.0106001145898373,-0.0142193215685611,"current_team"
"00-0036972",286,0.398601398601399,0.269230769230769,0.332167832167832,0.136363636363636,0.548951048951049,0.237762237762238,0.0769230769230769,0.041958041958042,0.0104895104895105,0.0244755244755245,0.0769230769230769,0.171328671328671,0.0257553892708099,0.0466989256754374,-0.0724543149462473,-0.0232181950565368,0.0432924693938475,0.0209563913124459,-0.0410306656497565,-0.00450613235677103,-0.0104458855211684,-0.026078647771817,0.0144854381552899,0.0468578990831276,"current_team"
"00-0037012",53,0.39622641509434,0.132075471698113,0.471698113207547,0.132075471698113,0.528301886792453,0.169811320754717,0.169811320754717,0.0943396226415094,0,0.0754716981132075,0.0377358490566038,0.0754716981132075,0.0233804057637509,-0.0904563718572186,0.0670759660934677,-0.0275063597220599,0.0226433072352513,-0.0469945256950749,0.0518575781818836,0.0478754483266965,-0.0209353960106789,0.024917525865866,-0.0247017897111832,-0.0489990741323362,"current_team"
"00-0037175",47,0.297872340425532,0.382978723404255,0.319148936170213,0.0851063829787234,0.574468085106383,0.234042553191489,0.106382978723404,0.0425531914893617,0.0212765957446809,0.0425531914893617,0.0638297872340425,0.276595744680851,-0.0749736689050568,0.160446879848923,-0.0854732109438667,-0.0744754484414497,0.0688095055491815,0.0172367067416975,-0.0115707638494292,-0.00391098282545128,0.000341199734001912,-0.0080009807579798,0.00139214846625555,0.152124972435307,"current_team"
"00-0037324",54,0.37037037037037,0.111111111111111,0.518518518518518,0.37037037037037,0.388888888888889,0.12962962962963,0.111111111111111,0.0555555555555556,0.037037037037037,0.0185185185185185,0,0.0555555555555556,-0.00247563896021835,-0.111420732444221,0.113896371404439,0.210788538950197,-0.116769690668313,-0.0871762168201623,-0.00684263146172231,0.00909138124074257,0.0161016410263581,-0.032035653728823,-0.062437638767787,-0.0689152166899882,"current_team"
"00-0037327",138,0.376811594202899,0.173913043478261,0.449275362318841,0.159420289855072,0.514492753623188,0.231884057971014,0.0942028985507246,0.0217391304347826,0.0217391304347826,0.0507246376811594,0.0869565217391304,0.0579710144927536,0.00396558487230986,-0.048618800077071,0.0446532152047611,-0.000161541565100676,0.00883417406598686,0.0150782115212226,-0.0237508440221088,-0.0247250438800304,0.000803734424103669,0.000170465433817921,0.0245188829713434,-0.0664997577527901,"current_team"
"00-0037834",1345,0.400743494423792,0.261710037174721,0.337546468401487,0.138289962825279,0.498884758364312,0.254275092936803,0.108550185873606,0.0483271375464684,0.0252788104089219,0.0349442379182156,0.0936802973977695,0.129368029739777,0.0278974850932031,0.0391781936193893,-0.0670756787125925,-0.0212918685948943,-0.00677382119288922,0.0374692464870111,-0.00940355669922747,0.00186296323165542,0.00434341439824299,-0.0156099343291259,0.0312426586299825,0.00489725749423325,"current_team"
"00-0038102",44,0.363636363636364,0.136363636363636,0.5,0.181818181818182,0.613636363636364,0.113636363636364,0.0909090909090909,0.0454545454545455,0.0227272727272727,0.0227272727272727,0,0.113636363636364,-0.00920964569422505,-0.0861682071916955,0.0953778528859205,0.0222363503980087,0.107977784079162,-0.103169482813428,-0.0270446516637425,-0.00100962886026753,0.00179187671659379,-0.0278268995200688,-0.062437638767787,-0.0108344086091801,"current_team"
"00-0038108",31,0.419354838709677,0.225806451612903,0.354838709677419,0.193548387096774,0.483870967741935,0.258064516129032,0.0645161290322581,0.0645161290322581,0,0,0.0645161290322581,0.161290322580645,0.0465088293790887,0.00327460805757138,-0.0497834374366601,0.0339665556766011,-0.021787611815266,0.0412586696792404,-0.0534376135405754,0.0180519547174451,-0.0209353960106789,-0.0505541722473415,0.00207849026447107,0.0368195503351015,"current_team"
"00-0038122",84,0.345238095238095,0.226190476190476,0.428571428571429,0.107142857142857,0.571428571428571,0.19047619047619,0.130952380952381,0.0595238095238095,0.0119047619047619,0.0595238095238095,0.0238095238095238,0.178571428571429,-0.0276079140924935,0.00365863263514435,0.0239492814573491,-0.052438974277316,0.0657699918713699,-0.0263296559736014,0.0129986383795475,0.0130596352089965,-0.00903063410591703,0.00896963727646802,-0.0386281149582632,0.0541006563258849,"current_team"
"00-0038128",89,0.348314606741573,0.146067415730337,0.50561797752809,0.235955056179775,0.404494382022472,0.179775280898876,0.179775280898876,0.101123595505618,0.0112359550561798,0.0674157303370786,0.0449438202247191,0.0674157303370786,-0.0245314025890156,-0.0764644278249948,0.10099583041401,0.0763732247596021,-0.10116419753473,-0.0370305655509155,0.061821538326043,0.054659421190805,-0.00969944095449916,0.0168615580897371,-0.0174938185430679,-0.057055041908465,"current_team"
"00-0038400",88,0.306818181818182,0.193181818181818,0.5,0.0909090909090909,0.511363636363636,0.329545454545455,0.0681818181818182,0.0340909090909091,0,0.0340909090909091,0.0681818181818182,0.125,-0.0660278275124069,-0.0293500253735137,0.0953778528859205,-0.0686727405110822,0.00570505680643485,0.112739608095663,-0.0497719243910152,-0.0123732652239039,-0.0209353960106789,-0.0164632631564324,0.00574417941403118,0.000529227754456296,"current_team"
"00-0038416",149,0.38255033557047,0.161073825503356,0.456375838926175,0.288590604026846,0.456375838926175,0.187919463087248,0.0671140939597315,0.0335570469798658,0.00671140939597315,0.0268456375838926,0.0738255033557047,0.0536912751677852,0.0097043262398811,-0.0614580180519761,0.051753691812095,0.129008772606673,-0.049282740631027,-0.0288863833625436,-0.0508396486131019,-0.0129071273349472,-0.0142239866147058,-0.0237085346634489,0.0113878645879177,-0.0707794970777585,"current_team"
"00-0038476",222,0.373873873873874,0.13963963963964,0.486486486486487,0.193693693693694,0.540540540540541,0.189189189189189,0.0765765765765766,0.018018018018018,0.00900900900900901,0.0495495495495495,0.0405405405405405,0.0765765765765766,0.00102786454328518,-0.0828922039156922,0.0818643393724071,0.0341118622735206,0.0348819609833391,-0.0276166572606027,-0.0413771659962568,-0.028446156296795,-0.0119263870016699,-0.00100462269779195,-0.0218970982272465,-0.0478941956689671,"current_team"
"00-0038579",606,0.386138613861386,0.194719471947195,0.419141914191419,0.166666666666667,0.536303630363036,0.183168316831683,0.113861386138614,0.0528052805280528,0.0132013201320132,0.0478547854785479,0.037953795379538,0.13036303630363,0.0132926045307974,-0.0278123716081371,0.0145197670773397,0.00708483524649353,0.0306450508058348,-0.0336375296181087,-0.00409235643421955,0.00634110621323982,-0.00773407587866574,-0.00269938676879364,-0.024483843388249,0.00589226405808665,"current_team"
"00-0038583",228,0.390350877192982,0.184210526315789,0.425438596491228,0.179824561403509,0.56140350877193,0.197368421052632,0.0614035087719298,0.0131578947368421,0.0175438596491228,0.0307017543859649,0.0526315789473684,0.105263157894737,0.0175048678623937,-0.0383213172395424,0.0208164493771486,0.0202427299833356,0.0557449292147283,-0.0194374253971603,-0.0565502338009036,-0.0333062795779709,-0.00339153636155613,-0.0198524178613766,-0.00980605982041858,-0.0192076143508069,"current_team"
"00-0038998",39,0.17948717948718,0.487179487179487,0.333333333333333,0.102564102564103,0.564102564102564,0.205128205128205,0.128205128205128,0,0.0769230769230769,0.0512820512820513,0.102564102564103,0.256410256410256,-0.193358829843409,0.264647643624155,-0.0712888137807461,-0.0570177288560706,0.0584439845453626,-0.0116776413215868,0.0102513856322948,-0.046464174314813,0.055987680912398,0.000727879034709777,0.0401264637963156,0.131939484164713,"current_team"
"00-0039150",1386,0.374458874458874,0.194805194805195,0.430735930735931,0.16955266955267,0.487734487734488,0.238095238095238,0.104617604617605,0.0404040404040404,0.0122655122655123,0.051948051948052,0.0678210678210678,0.106060606060606,0.00161286512828573,-0.027726648750137,0.0261137836218513,0.00997083813249644,-0.0179240918227138,0.0212893916454462,-0.0133361379552288,-0.00606013391077258,-0.00866988374516667,0.00139387970071045,0.00538342905328083,-0.0184101661849376,"current_team"
"00-0039152",554,0.395306859205776,0.205776173285199,0.398916967509025,0.211191335740072,0.406137184115523,0.203971119133574,0.17870036101083,0.0613718411552347,0.0306859205776173,0.0866425992779783,0.0577617328519856,0.0956678700361011,0.0224608498751875,-0.0167556702701333,-0.00570517960505418,0.0516095043198991,-0.099521395441678,-0.0128347273162179,0.0607466184379969,0.0149076668404217,0.00975052456693839,0.0360884270306368,-0.00467590591580144,-0.0288029022094426,"current_team"
"00-0039163",1444,0.339335180055402,0.225069252077562,0.435595567867036,0.152354570637119,0.476454293628809,0.252770083102493,0.118421052631579,0.0394736842105263,0.0256232686980609,0.0533240997229917,0.0976454293628809,0.0900277008310249,-0.0335108292751871,0.00253740852223047,0.0309734207529566,-0.00722726078305402,-0.0292042859283926,0.0359642366527012,0.000467310058745521,-0.00699049010428667,0.004687872687382,0.00276992747565018,0.0352077905950939,-0.0344430714145188,"current_team"
"00-0039164",348,0.390804597701149,0.224137931034483,0.385057471264368,0.135057471264368,0.408045977011494,0.25,0.206896551724138,0.0747126436781609,0.0488505747126437,0.0833333333333333,0.0833333333333333,0.0833333333333333,0.0179585883705607,0.00160608747915092,-0.0195646758497117,-0.0245243601558053,-0.0976126025457072,0.0331941535502081,0.0889428091513045,0.0282484693633479,0.0279151787019647,0.0327791610859918,0.0208956945655463,-0.0411374389122104,"current_team"
"00-0039376",481,0.340956340956341,0.205821205821206,0.453222453222453,0.16008316008316,0.507276507276507,0.197505197505198,0.135135135135135,0.0561330561330561,0.0207900207900208,0.0582120582120582,0.0561330561330561,0.112266112266112,-0.0318896683742477,-0.016710637734126,0.0486003061083738,0.000501328662986966,0.0016179277193058,-0.0193006489445944,0.0171813925623017,0.00966888181824315,-0.000145375220658148,0.00765788596471671,-0.00630458263473086,-0.0122046599794314,"current_team"
"00-0039732",1177,0.399320305862362,0.181818181818182,0.418861512319456,0.236193712829227,0.472387425658454,0.167374681393373,0.124044180118946,0.0628717077315208,0.0212404418011895,0.0399320305862362,0.0433305012744265,0.10875106202209,0.0264742965317732,-0.04071366173715,0.0142393652053768,0.0766118814090537,-0.0332711538987478,-0.0494311650564189,0.00609043754611305,0.0164075334167078,0.000305045790510525,-0.0106221416611053,-0.0191071374933605,-0.0157197102234536,"current_team"
"00-0039851",829,0.364294330518697,0.238841978287093,0.39686369119421,0.142340168878166,0.527141133896261,0.20627261761158,0.124246079613993,0.0361881785283474,0.0349819059107358,0.0530759951749095,0.0735826296743064,0.115802171290712,-0.00855167881189145,0.016310134731761,-0.00775845591986957,-0.0172416625420067,0.0214825543390591,-0.0105332288382117,0.00629233704115935,-0.0102759957864656,0.0140465099000569,0.00252182292756803,0.0111449909065194,-0.008668600954832,"current_team"
"00-0039910",664,0.322289156626506,0.239457831325301,0.438253012048193,0.219879518072289,0.457831325301205,0.221385542168675,0.100903614457831,0.0481927710843374,0.016566265060241,0.036144578313253,0.0662650602409639,0.120481927710843,-0.0505568527040827,0.0169259877699694,0.0336308649341133,0.060297686652116,-0.0478272542559967,0.00457969571888281,-0.0170501281150021,0.00172859676952437,-0.00436913095043797,-0.0144095939340885,0.00382742147317686,-0.00398884453470033,"current_team"
"00-0039917",381,0.446194225721785,0.144356955380577,0.409448818897638,0.16010498687664,0.427821522309711,0.270341207349081,0.141732283464567,0.0761154855643045,0.020997375328084,0.0446194225721785,0.0498687664041995,0.0656167979002625,0.0733482163911961,-0.0781748881747544,0.00482667178355833,0.000523155456467306,-0.0778370572474902,0.0535353608992895,0.0237785408917335,0.0296513112494915,6.19793174050504e-05,-0.00593474967516303,-0.0125688723635875,-0.0588539743452812,"current_team"
"00-0039918",1124,0.333629893238434,0.208185053380783,0.458185053380783,0.184163701067616,0.461743772241993,0.209964412811388,0.144128113879004,0.047153024911032,0.0284697508896797,0.0685053380782918,0.0569395017793594,0.104092526690391,-0.0392161160921545,-0.0143467901745489,0.0535629062667035,0.0245818696474425,-0.0439148073152086,-0.006841433638404,0.0261743713061701,0.000688850596219044,0.00753435487900077,0.0179511658309503,-0.00549813698842757,-0.0203782455551522,"current_team"
"00-0039923",243,0.349794238683128,0.176954732510288,0.473251028806584,0.176954732510288,0.432098765432099,0.246913580246914,0.1440329218107,0.065843621399177,0.0246913580246914,0.0534979423868313,0.0452674897119342,0.0905349794238683,-0.0230517706474611,-0.0455771110450438,0.0686288816925049,0.0173729010901149,-0.0735598141251028,0.0301077337971217,0.0260791792378662,0.019379447084364,0.00375596201401242,0.00294377013948977,-0.0171701490558528,-0.0339357928216754,"current_team"
"00-0040206",67,0.388059701492537,0.164179104477612,0.447761194029851,0.149253731343284,0.597014925373134,0.134328358208955,0.119402985074627,0.0298507462686567,0.0298507462686567,0.0597014925373134,0.0447761194029851,0.0447761194029851,0.0152136921619486,-0.0583527390777199,0.0431390469157713,-0.0103281000768896,0.0913563458159328,-0.0824774882408367,0.00144924250179344,-0.0166134280461563,0.00891535025797778,0.00914732028997193,-0.0176615193648019,-0.0796946528425586,"current_team"
"00-0040234",83,0.325301204819277,0.228915662650602,0.44578313253012,0.216867469879518,0.385542168674699,0.265060240963855,0.132530120481928,0.0240963855421687,0.036144578313253,0.072289156626506,0.0963855421686747,0.0602409638554217,-0.0475448045113116,0.00638381909527055,0.041160985416041,0.057285638459345,-0.120116410882503,0.0482543945140635,0.0145763779090943,-0.0223677887726443,0.0152091823025741,0.0217349843791645,0.0339479034008877,-0.064229808390122,"current_team"
"00-0040398",153,0.437908496732026,0.104575163398693,0.457516339869281,0.22875816993464,0.522875816993464,0.189542483660131,0.0588235294117647,0.0261437908496732,0,0.0326797385620915,0.0130718954248366,0.0784313725490196,0.0650624874014374,-0.117956680156639,0.0528941927552016,0.0691763385144674,0.0172172374362626,-0.0272633627896612,-0.0591302131610687,-0.0203203834651398,-0.0209353960106789,-0.01787443368525,-0.0493657433429504,-0.0460393996965241,"current_team"
"00-0040494",71,0.394366197183099,0.169014084507042,0.436619718309859,0.309859154929577,0.47887323943662,0.140845070422535,0.0704225352112676,0.028169014084507,0,0.0422535211267606,0.0422535211267606,0.126760563380282,0.0215201878525099,-0.0535177590482896,0.0319975711957797,0.150277323509404,-0.0267853401205818,-0.0759607760272567,-0.0475312073615658,-0.0182951602303059,-0.0209353960106789,-0.00830065112058094,-0.0201841176410264,0.00228979113473798,"current_team"
"00-0040668",212,0.320754716981132,0.273584905660377,0.405660377358491,0.235849056603774,0.466981132075472,0.165094339622642,0.132075471698113,0.0424528301886792,0.0283018867924528,0.0613207547169811,0.0566037735849057,0.14622641509434,-0.0520912923494566,0.0510530621050455,0.00103823024441113,0.0762672251836005,-0.0386774474817298,-0.0517115068271504,0.0141217291252798,-0.00401134412613374,0.00736649078177389,0.0107665824696396,-0.00583386518288134,0.0217556428487959,"current_team"
"00-0040676",537,0.363128491620112,0.202979515828678,0.43389199255121,0.208566108007449,0.480446927374302,0.208566108007449,0.102420856610801,0.037243947858473,0.0167597765363128,0.0484171322160149,0.0651769087523277,0.0968342644320298,-0.00971751771047696,-0.019552327726654,0.029269845437131,0.0489842765872757,-0.0252116521828998,-0.0082397384423431,-0.0155328859620327,-0.00922022645633998,-0.00417561947436609,-0.00213704003132661,0.00273926998454075,-0.0276365078135139,"current_team"
"00-0040691",338,0.35207100591716,0.251479289940828,0.396449704142012,0.210059171597633,0.455621301775148,0.201183431952663,0.133136094674556,0.0473372781065089,0.029585798816568,0.0562130177514793,0.0739644970414201,0.115384615384615,-0.0207750034134289,0.0289474463854966,-0.0081724429720676,0.05047734017746,-0.0500372777820536,-0.0156224144971292,0.0151823521017228,0.00087310379169589,0.00865040280588911,0.00565884550413779,0.0115268582736331,-0.00908615686092831,"current_team"
"00-0040704",184,0.489130434782609,0.266304347826087,0.244565217391304,0.168478260869565,0.565217391304348,0.21195652173913,0.0543478260869565,0.0326086956521739,0.00543478260869565,0.016304347826087,0.0652173913043478,0.168478260869565,0.11628442545202,0.0437725042707551,-0.160056929722775,0.00889642944939209,0.0595588117471463,-0.00484932471066146,-0.0636059164858769,-0.0138554786626391,-0.0155006134019833,-0.0342498244212545,0.00277975253656083,0.0440074886240215,"current_team"
"00-0040743",324,0.37037037037037,0.203703703703704,0.425925925925926,0.154320987654321,0.478395061728395,0.246913580246914,0.12037037037037,0.0462962962962963,0.00617283950617284,0.0679012345679012,0.0648148148148148,0.114197530864198,-0.00247563896021835,-0.0188281398516282,0.0213037788118465,-0.00526084376585215,-0.0272635178288064,0.0301077337971217,0.00241662779753694,-0.000167878018516691,-0.0147625565045061,0.0173470623205597,0.00237717604702781,-0.0102732413813462,"current_team"
