"season","through_week","feature","offense_team","defense_team","offense_rating","defense_rating","offense_percentile","defense_percentile","interaction_signal","predictive_status","confidence","output_class"
2026,2,"pass_epa_vs_pass_defense","ARI","ATL",-0.0545,-0.0299,0.1613,0.7419,-0.0968,"off:PREDICTIVE|def:NOT_PREDICTIVE","LOW","MODELED"
2026,2,"pass_epa_vs_pass_defense","ARI","BAL",-0.0545,-0.0514,0.1613,0.8065,-0.0323,"off:PREDICTIVE|def:NOT_PREDICTIVE","LOW","MODELED"
2026,2,"pass_epa_vs_pass_defense","ARI","BUF",-0.0545,0.0374,0.1613,0.2581,-0.5806,"off:PREDICTIVE|def:NOT_PREDICTIVE","LOW","MODELED"
2026,2,"pass_epa_vs_pass_defense","ARI","CAR",-0.0545,0.0321,0.1613,0.3226,-0.5161,"off:PREDICTIVE|def:NOT_PREDICTIVE","LOW","MODELED"
2026,2,"pass_epa_vs_pass_defense","ARI","CHI",-0.0545,-0.0159,0.1613,0.5484,-0.2903,"off:PREDICTIVE|def:NOT_PREDICTIVE","LOW","MODELED"
2026,2,"pass_epa_vs_pass_defense","ARI","CIN",-0.0545,0.0555,0.1613,0.1935,-0.6452,"off:PREDICTIVE|def:NOT_PREDICTIVE","LOW","MODELED"
2026,2,"pass_epa_vs_pass_defense","ARI","CLE",-0.0545,0.0365,0.1613,0.2903,-0.5484,"off:PREDICTIVE|def:NOT_PREDICTIVE","LOW","MODELED"
2026,2,"pass_epa_vs_pass_defense","ARI","DAL",-0.0545,0.075,0.1613,0.0968,-0.7419,"off:PREDICTIVE|def:NOT_PREDICTIVE","LOW","MODELED"
2026,2,"pass_epa_vs_pass_defense","ARI","DEN",-0.0545,-0.0873,0.1613,0.9355,0.0968,"off:PREDICTIVE|def:NOT_PREDICTIVE","LOW","MODELED"
2026,2,"pass_epa_vs_pass_defense","ARI","DET",-0.0545,-0.0689,0.1613,0.871,0.0323,"off:PREDICTIVE|def:NOT_PREDICTIVE","LOW","MODELED"
2026,2,"pass_epa_vs_pass_defense","ARI","GB",-0.0545,0.0166,0.1613,0.3871,-0.4516,"off:PREDICTIVE|def:NOT_PREDICTIVE","LOW","MODELED"
2026,2,"pass_epa_vs_pass_defense","ARI","HOU",-0.0545,-0.0276,0.1613,0.7097,-0.129,"off:PREDICTIVE|def:NOT_PREDICTIVE","LOW","MODELED"
2026,2,"pass_epa_vs_pass_defense","ARI","IND",-0.0545,0.0069,0.1613,0.4194,-0.4194,"off:PREDICTIVE|def:NOT_PREDICTIVE","LOW","MODELED"
2026,2,"pass_epa_vs_pass_defense","ARI","JAX",-0.0545,0.0229,0.1613,0.3548,-0.4839,"off:PREDICTIVE|def:NOT_PREDICTIVE","LOW","MODELED"
2026,2,"pass_epa_vs_pass_defense","ARI","KC",-0.0545,-0.0232,0.1613,0.6774,-0.1613,"off:PREDICTIVE|def:NOT_PREDICTIVE","LOW","MODELED"
2026,2,"pass_epa_vs_pass_defense","ARI","LAC",-0.0545,0.0615,0.1613,0.1613,-0.6774,"off:PREDICTIVE|def:NOT_PREDICTIVE","LOW","MODELED"
2026,2,"pass_epa_vs_pass_defense","ARI","LAR",-0.0545,-0.146,0.1613,1,0.1613,"off:PREDICTIVE|def:NOT_PREDICTIVE","LOW","MODELED"
2026,2,"pass_epa_vs_pass_defense","ARI","LV",-0.0545,-0.0504,0.1613,0.7742,-0.0645,"off:PREDICTIVE|def:NOT_PREDICTIVE","LOW","MODELED"
2026,2,"pass_epa_vs_pass_defense","ARI","MIA",-0.0545,0.0476,0.1613,0.2258,-0.6129,"off:PREDICTIVE|def:NOT_PREDICTIVE","LOW","MODELED"
2026,2,"pass_epa_vs_pass_defense","ARI","MIN",-0.0545,-0.104,0.1613,0.9677,0.129,"off:PREDICTIVE|def:NOT_PREDICTIVE","LOW","MODELED"
2026,2,"pass_epa_vs_pass_defense","ARI","NE",-0.0545,-0.0703,0.1613,0.9032,0.0645,"off:PREDICTIVE|def:NOT_PREDICTIVE","LOW","MODELED"
2026,2,"pass_epa_vs_pass_defense","ARI","NO",-0.0545,-0.0546,0.1613,0.8387,0,"off:PREDICTIVE|def:NOT_PREDICTIVE","LOW","MODELED"
2026,2,"pass_epa_vs_pass_defense","ARI","NYG",-0.0545,0.1081,0.1613,0.0323,-0.8065,"off:PREDICTIVE|def:NOT_PREDICTIVE","LOW","MODELED"
2026,2,"pass_epa_vs_pass_defense","ARI","NYJ",-0.0545,-0.01,0.1613,0.4839,-0.3548,"off:PREDICTIVE|def:NOT_PREDICTIVE","LOW","MODELED"
2026,2,"pass_epa_vs_pass_defense","ARI","PHI",-0.0545,-0.0167,0.1613,0.6129,-0.2258,"off:PREDICTIVE|def:NOT_PREDICTIVE","LOW","MODELED"
2026,2,"pass_epa_vs_pass_defense","ARI","PIT",-0.0545,-0.0049,0.1613,0.4516,-0.3871,"off:PREDICTIVE|def:NOT_PREDICTIVE","LOW","MODELED"
2026,2,"pass_epa_vs_pass_defense","ARI","SEA",-0.0545,-0.0208,0.1613,0.6452,-0.1935,"off:PREDICTIVE|def:NOT_PREDICTIVE","LOW","MODELED"
2026,2,"pass_epa_vs_pass_defense","ARI","SF",-0.0545,-0.0142,0.1613,0.5161,-0.3226,"off:PREDICTIVE|def:NOT_PREDICTIVE","LOW","MODELED"
2026,2,"pass_epa_vs_pass_defense","ARI","TB",-0.0545,0.0701,0.1613,0.129,-0.7097,"off:PREDICTIVE|def:NOT_PREDICTIVE","LOW","MODELED"
2026,2,"pass_epa_vs_pass_defense","ARI","TEN",-0.0545,0.0972,0.1613,0.0645,-0.7742,"off:PREDICTIVE|def:NOT_PREDICTIVE","LOW","MODELED"
2026,2,"pass_epa_vs_pass_defense","ARI","WAS",-0.0545,0.122,0.1613,0,-0.8387,"off:PREDICTIVE|def:NOT_PREDICTIVE","LOW","MODELED"
2026,2,"pass_epa_vs_pass_defense","ATL","ARI",-0.1511,-0.0165,0,0.5806,-0.4194,"off:PREDICTIVE|def:NOT_PREDICTIVE","LOW","MODELED"
2026,2,"pass_epa_vs_pass_defense","ATL","BAL",-0.1511,-0.0514,0,0.8065,-0.1935,"off:PREDICTIVE|def:NOT_PREDICTIVE","LOW","MODELED"
2026,2,"pass_epa_vs_pass_defense","ATL","BUF",-0.1511,0.0374,0,0.2581,-0.7419,"off:PREDICTIVE|def:NOT_PREDICTIVE","LOW","MODELED"
2026,2,"pass_epa_vs_pass_defense","ATL","CAR",-0.1511,0.0321,0,0.3226,-0.6774,"off:PREDICTIVE|def:NOT_PREDICTIVE","LOW","MODELED"
2026,2,"pass_epa_vs_pass_defense","ATL","CHI",-0.1511,-0.0159,0,0.5484,-0.4516,"off:PREDICTIVE|def:NOT_PREDICTIVE","LOW","MODELED"
2026,2,"pass_epa_vs_pass_defense","ATL","CIN",-0.1511,0.0555,0,0.1935,-0.8065,"off:PREDICTIVE|def:NOT_PREDICTIVE","LOW","MODELED"
2026,2,"pass_epa_vs_pass_defense","ATL","CLE",-0.1511,0.0365,0,0.2903,-0.7097,"off:PREDICTIVE|def:NOT_PREDICTIVE","LOW","MODELED"
2026,2,"pass_epa_vs_pass_defense","ATL","DAL",-0.1511,0.075,0,0.0968,-0.9032,"off:PREDICTIVE|def:NOT_PREDICTIVE","LOW","MODELED"
2026,2,"pass_epa_vs_pass_defense","ATL","DEN",-0.1511,-0.0873,0,0.9355,-0.0645,"off:PREDICTIVE|def:NOT_PREDICTIVE","LOW","MODELED"
2026,2,"pass_epa_vs_pass_defense","ATL","DET",-0.1511,-0.0689,0,0.871,-0.129,"off:PREDICTIVE|def:NOT_PREDICTIVE","LOW","MODELED"
2026,2,"pass_epa_vs_pass_defense","ATL","GB",-0.1511,0.0166,0,0.3871,-0.6129,"off:PREDICTIVE|def:NOT_PREDICTIVE","LOW","MODELED"
2026,2,"pass_epa_vs_pass_defense","ATL","HOU",-0.1511,-0.0276,0,0.7097,-0.2903,"off:PREDICTIVE|def:NOT_PREDICTIVE","LOW","MODELED"
2026,2,"pass_epa_vs_pass_defense","ATL","IND",-0.1511,0.0069,0,0.4194,-0.5806,"off:PREDICTIVE|def:NOT_PREDICTIVE","LOW","MODELED"
2026,2,"pass_epa_vs_pass_defense","ATL","JAX",-0.1511,0.0229,0,0.3548,-0.6452,"off:PREDICTIVE|def:NOT_PREDICTIVE","LOW","MODELED"
2026,2,"pass_epa_vs_pass_defense","ATL","KC",-0.1511,-0.0232,0,0.6774,-0.3226,"off:PREDICTIVE|def:NOT_PREDICTIVE","LOW","MODELED"
2026,2,"pass_epa_vs_pass_defense","ATL","LAC",-0.1511,0.0615,0,0.1613,-0.8387,"off:PREDICTIVE|def:NOT_PREDICTIVE","LOW","MODELED"
2026,2,"pass_epa_vs_pass_defense","ATL","LAR",-0.1511,-0.146,0,1,0,"off:PREDICTIVE|def:NOT_PREDICTIVE","LOW","MODELED"
2026,2,"pass_epa_vs_pass_defense","ATL","LV",-0.1511,-0.0504,0,0.7742,-0.2258,"off:PREDICTIVE|def:NOT_PREDICTIVE","LOW","MODELED"
2026,2,"pass_epa_vs_pass_defense","ATL","MIA",-0.1511,0.0476,0,0.2258,-0.7742,"off:PREDICTIVE|def:NOT_PREDICTIVE","LOW","MODELED"
2026,2,"pass_epa_vs_pass_defense","ATL","MIN",-0.1511,-0.104,0,0.9677,-0.0323,"off:PREDICTIVE|def:NOT_PREDICTIVE","LOW","MODELED"
2026,2,"pass_epa_vs_pass_defense","ATL","NE",-0.1511,-0.0703,0,0.9032,-0.0968,"off:PREDICTIVE|def:NOT_PREDICTIVE","LOW","MODELED"
2026,2,"pass_epa_vs_pass_defense","ATL","NO",-0.1511,-0.0546,0,0.8387,-0.1613,"off:PREDICTIVE|def:NOT_PREDICTIVE","LOW","MODELED"
2026,2,"pass_epa_vs_pass_defense","ATL","NYG",-0.1511,0.1081,0,0.0323,-0.9677,"off:PREDICTIVE|def:NOT_PREDICTIVE","LOW","MODELED"
2026,2,"pass_epa_vs_pass_defense","ATL","NYJ",-0.1511,-0.01,0,0.4839,-0.5161,"off:PREDICTIVE|def:NOT_PREDICTIVE","LOW","MODELED"
2026,2,"pass_epa_vs_pass_defense","ATL","PHI",-0.1511,-0.0167,0,0.6129,-0.3871,"off:PREDICTIVE|def:NOT_PREDICTIVE","LOW","MODELED"
2026,2,"pass_epa_vs_pass_defense","ATL","PIT",-0.1511,-0.0049,0,0.4516,-0.5484,"off:PREDICTIVE|def:NOT_PREDICTIVE","LOW","MODELED"
2026,2,"pass_epa_vs_pass_defense","ATL","SEA",-0.1511,-0.0208,0,0.6452,-0.3548,"off:PREDICTIVE|def:NOT_PREDICTIVE","LOW","MODELED"
2026,2,"pass_epa_vs_pass_defense","ATL","SF",-0.1511,-0.0142,0,0.5161,-0.4839,"off:PREDICTIVE|def:NOT_PREDICTIVE","LOW","MODELED"
2026,2,"pass_epa_vs_pass_defense","ATL","TB",-0.1511,0.0701,0,0.129,-0.871,"off:PREDICTIVE|def:NOT_PREDICTIVE","LOW","MODELED"
2026,2,"pass_epa_vs_pass_defense","ATL","TEN",-0.1511,0.0972,0,0.0645,-0.9355,"off:PREDICTIVE|def:NOT_PREDICTIVE","LOW","MODELED"
2026,2,"pass_epa_vs_pass_defense","ATL","WAS",-0.1511,0.122,0,0,-1,"off:PREDICTIVE|def:NOT_PREDICTIVE","LOW","MODELED"
2026,2,"pass_epa_vs_pass_defense","BAL","ARI",0.0725,-0.0165,0.9032,0.5806,0.4839,"off:PREDICTIVE|def:NOT_PREDICTIVE","LOW","MODELED"
2026,2,"pass_epa_vs_pass_defense","BAL","ATL",0.0725,-0.0299,0.9032,0.7419,0.6452,"off:PREDICTIVE|def:NOT_PREDICTIVE","LOW","MODELED"
2026,2,"pass_epa_vs_pass_defense","BAL","BUF",0.0725,0.0374,0.9032,0.2581,0.1613,"off:PREDICTIVE|def:NOT_PREDICTIVE","LOW","MODELED"
2026,2,"pass_epa_vs_pass_defense","BAL","CAR",0.0725,0.0321,0.9032,0.3226,0.2258,"off:PREDICTIVE|def:NOT_PREDICTIVE","LOW","MODELED"
2026,2,"pass_epa_vs_pass_defense","BAL","CHI",0.0725,-0.0159,0.9032,0.5484,0.4516,"off:PREDICTIVE|def:NOT_PREDICTIVE","LOW","MODELED"
2026,2,"pass_epa_vs_pass_defense","BAL","CIN",0.0725,0.0555,0.9032,0.1935,0.0968,"off:PREDICTIVE|def:NOT_PREDICTIVE","LOW","MODELED"
2026,2,"pass_epa_vs_pass_defense","BAL","CLE",0.0725,0.0365,0.9032,0.2903,0.1935,"off:PREDICTIVE|def:NOT_PREDICTIVE","LOW","MODELED"
2026,2,"pass_epa_vs_pass_defense","BAL","DAL",0.0725,0.075,0.9032,0.0968,0,"off:PREDICTIVE|def:NOT_PREDICTIVE","LOW","MODELED"
2026,2,"pass_epa_vs_pass_defense","BAL","DEN",0.0725,-0.0873,0.9032,0.9355,0.8387,"off:PREDICTIVE|def:NOT_PREDICTIVE","LOW","MODELED"
2026,2,"pass_epa_vs_pass_defense","BAL","DET",0.0725,-0.0689,0.9032,0.871,0.7742,"off:PREDICTIVE|def:NOT_PREDICTIVE","LOW","MODELED"
2026,2,"pass_epa_vs_pass_defense","BAL","GB",0.0725,0.0166,0.9032,0.3871,0.2903,"off:PREDICTIVE|def:NOT_PREDICTIVE","LOW","MODELED"
2026,2,"pass_epa_vs_pass_defense","BAL","HOU",0.0725,-0.0276,0.9032,0.7097,0.6129,"off:PREDICTIVE|def:NOT_PREDICTIVE","LOW","MODELED"
2026,2,"pass_epa_vs_pass_defense","BAL","IND",0.0725,0.0069,0.9032,0.4194,0.3226,"off:PREDICTIVE|def:NOT_PREDICTIVE","LOW","MODELED"
2026,2,"pass_epa_vs_pass_defense","BAL","JAX",0.0725,0.0229,0.9032,0.3548,0.2581,"off:PREDICTIVE|def:NOT_PREDICTIVE","LOW","MODELED"
2026,2,"pass_epa_vs_pass_defense","BAL","KC",0.0725,-0.0232,0.9032,0.6774,0.5806,"off:PREDICTIVE|def:NOT_PREDICTIVE","LOW","MODELED"
2026,2,"pass_epa_vs_pass_defense","BAL","LAC",0.0725,0.0615,0.9032,0.1613,0.0645,"off:PREDICTIVE|def:NOT_PREDICTIVE","LOW","MODELED"
2026,2,"pass_epa_vs_pass_defense","BAL","LAR",0.0725,-0.146,0.9032,1,0.9032,"off:PREDICTIVE|def:NOT_PREDICTIVE","LOW","MODELED"
2026,2,"pass_epa_vs_pass_defense","BAL","LV",0.0725,-0.0504,0.9032,0.7742,0.6774,"off:PREDICTIVE|def:NOT_PREDICTIVE","LOW","MODELED"
2026,2,"pass_epa_vs_pass_defense","BAL","MIA",0.0725,0.0476,0.9032,0.2258,0.129,"off:PREDICTIVE|def:NOT_PREDICTIVE","LOW","MODELED"
2026,2,"pass_epa_vs_pass_defense","BAL","MIN",0.0725,-0.104,0.9032,0.9677,0.871,"off:PREDICTIVE|def:NOT_PREDICTIVE","LOW","MODELED"
2026,2,"pass_epa_vs_pass_defense","BAL","NE",0.0725,-0.0703,0.9032,0.9032,0.8065,"off:PREDICTIVE|def:NOT_PREDICTIVE","LOW","MODELED"
2026,2,"pass_epa_vs_pass_defense","BAL","NO",0.0725,-0.0546,0.9032,0.8387,0.7419,"off:PREDICTIVE|def:NOT_PREDICTIVE","LOW","MODELED"
2026,2,"pass_epa_vs_pass_defense","BAL","NYG",0.0725,0.1081,0.9032,0.0323,-0.0645,"off:PREDICTIVE|def:NOT_PREDICTIVE","LOW","MODELED"
2026,2,"pass_epa_vs_pass_defense","BAL","NYJ",0.0725,-0.01,0.9032,0.4839,0.3871,"off:PREDICTIVE|def:NOT_PREDICTIVE","LOW","MODELED"
2026,2,"pass_epa_vs_pass_defense","BAL","PHI",0.0725,-0.0167,0.9032,0.6129,0.5161,"off:PREDICTIVE|def:NOT_PREDICTIVE","LOW","MODELED"
2026,2,"pass_epa_vs_pass_defense","BAL","PIT",0.0725,-0.0049,0.9032,0.4516,0.3548,"off:PREDICTIVE|def:NOT_PREDICTIVE","LOW","MODELED"
2026,2,"pass_epa_vs_pass_defense","BAL","SEA",0.0725,-0.0208,0.9032,0.6452,0.5484,"off:PREDICTIVE|def:NOT_PREDICTIVE","LOW","MODELED"
2026,2,"pass_epa_vs_pass_defense","BAL","SF",0.0725,-0.0142,0.9032,0.5161,0.4194,"off:PREDICTIVE|def:NOT_PREDICTIVE","LOW","MODELED"
2026,2,"pass_epa_vs_pass_defense","BAL","TB",0.0725,0.0701,0.9032,0.129,0.0323,"off:PREDICTIVE|def:NOT_PREDICTIVE","LOW","MODELED"
2026,2,"pass_epa_vs_pass_defense","BAL","TEN",0.0725,0.0972,0.9032,0.0645,-0.0323,"off:PREDICTIVE|def:NOT_PREDICTIVE","LOW","MODELED"
2026,2,"pass_epa_vs_pass_defense","BAL","WAS",0.0725,0.122,0.9032,0,-0.0968,"off:PREDICTIVE|def:NOT_PREDICTIVE","LOW","MODELED"
2026,2,"pass_epa_vs_pass_defense","BUF","ARI",0.1461,-0.0165,0.9677,0.5806,0.5484,"off:PREDICTIVE|def:NOT_PREDICTIVE","LOW","MODELED"
2026,2,"pass_epa_vs_pass_defense","BUF","ATL",0.1461,-0.0299,0.9677,0.7419,0.7097,"off:PREDICTIVE|def:NOT_PREDICTIVE","LOW","MODELED"
2026,2,"pass_epa_vs_pass_defense","BUF","BAL",0.1461,-0.0514,0.9677,0.8065,0.7742,"off:PREDICTIVE|def:NOT_PREDICTIVE","LOW","MODELED"
2026,2,"pass_epa_vs_pass_defense","BUF","CAR",0.1461,0.0321,0.9677,0.3226,0.2903,"off:PREDICTIVE|def:NOT_PREDICTIVE","LOW","MODELED"
2026,2,"pass_epa_vs_pass_defense","BUF","CHI",0.1461,-0.0159,0.9677,0.5484,0.5161,"off:PREDICTIVE|def:NOT_PREDICTIVE","LOW","MODELED"
2026,2,"pass_epa_vs_pass_defense","BUF","CIN",0.1461,0.0555,0.9677,0.1935,0.1613,"off:PREDICTIVE|def:NOT_PREDICTIVE","LOW","MODELED"
2026,2,"pass_epa_vs_pass_defense","BUF","CLE",0.1461,0.0365,0.9677,0.2903,0.2581,"off:PREDICTIVE|def:NOT_PREDICTIVE","LOW","MODELED"
2026,2,"pass_epa_vs_pass_defense","BUF","DAL",0.1461,0.075,0.9677,0.0968,0.0645,"off:PREDICTIVE|def:NOT_PREDICTIVE","LOW","MODELED"
2026,2,"pass_epa_vs_pass_defense","BUF","DEN",0.1461,-0.0873,0.9677,0.9355,0.9032,"off:PREDICTIVE|def:NOT_PREDICTIVE","LOW","MODELED"
2026,2,"pass_epa_vs_pass_defense","BUF","DET",0.1461,-0.0689,0.9677,0.871,0.8387,"off:PREDICTIVE|def:NOT_PREDICTIVE","LOW","MODELED"
2026,2,"pass_epa_vs_pass_defense","BUF","GB",0.1461,0.0166,0.9677,0.3871,0.3548,"off:PREDICTIVE|def:NOT_PREDICTIVE","LOW","MODELED"
2026,2,"pass_epa_vs_pass_defense","BUF","HOU",0.1461,-0.0276,0.9677,0.7097,0.6774,"off:PREDICTIVE|def:NOT_PREDICTIVE","LOW","MODELED"
2026,2,"pass_epa_vs_pass_defense","BUF","IND",0.1461,0.0069,0.9677,0.4194,0.3871,"off:PREDICTIVE|def:NOT_PREDICTIVE","LOW","MODELED"
2026,2,"pass_epa_vs_pass_defense","BUF","JAX",0.1461,0.0229,0.9677,0.3548,0.3226,"off:PREDICTIVE|def:NOT_PREDICTIVE","LOW","MODELED"
2026,2,"pass_epa_vs_pass_defense","BUF","KC",0.1461,-0.0232,0.9677,0.6774,0.6452,"off:PREDICTIVE|def:NOT_PREDICTIVE","LOW","MODELED"
2026,2,"pass_epa_vs_pass_defense","BUF","LAC",0.1461,0.0615,0.9677,0.1613,0.129,"off:PREDICTIVE|def:NOT_PREDICTIVE","LOW","MODELED"
2026,2,"pass_epa_vs_pass_defense","BUF","LAR",0.1461,-0.146,0.9677,1,0.9677,"off:PREDICTIVE|def:NOT_PREDICTIVE","LOW","MODELED"
2026,2,"pass_epa_vs_pass_defense","BUF","LV",0.1461,-0.0504,0.9677,0.7742,0.7419,"off:PREDICTIVE|def:NOT_PREDICTIVE","LOW","MODELED"
2026,2,"pass_epa_vs_pass_defense","BUF","MIA",0.1461,0.0476,0.9677,0.2258,0.1935,"off:PREDICTIVE|def:NOT_PREDICTIVE","LOW","MODELED"
2026,2,"pass_epa_vs_pass_defense","BUF","MIN",0.1461,-0.104,0.9677,0.9677,0.9355,"off:PREDICTIVE|def:NOT_PREDICTIVE","LOW","MODELED"
2026,2,"pass_epa_vs_pass_defense","BUF","NE",0.1461,-0.0703,0.9677,0.9032,0.871,"off:PREDICTIVE|def:NOT_PREDICTIVE","LOW","MODELED"
2026,2,"pass_epa_vs_pass_defense","BUF","NO",0.1461,-0.0546,0.9677,0.8387,0.8065,"off:PREDICTIVE|def:NOT_PREDICTIVE","LOW","MODELED"
2026,2,"pass_epa_vs_pass_defense","BUF","NYG",0.1461,0.1081,0.9677,0.0323,0,"off:PREDICTIVE|def:NOT_PREDICTIVE","LOW","MODELED"
2026,2,"pass_epa_vs_pass_defense","BUF","NYJ",0.1461,-0.01,0.9677,0.4839,0.4516,"off:PREDICTIVE|def:NOT_PREDICTIVE","LOW","MODELED"
2026,2,"pass_epa_vs_pass_defense","BUF","PHI",0.1461,-0.0167,0.9677,0.6129,0.5806,"off:PREDICTIVE|def:NOT_PREDICTIVE","LOW","MODELED"
2026,2,"pass_epa_vs_pass_defense","BUF","PIT",0.1461,-0.0049,0.9677,0.4516,0.4194,"off:PREDICTIVE|def:NOT_PREDICTIVE","LOW","MODELED"
2026,2,"pass_epa_vs_pass_defense","BUF","SEA",0.1461,-0.0208,0.9677,0.6452,0.6129,"off:PREDICTIVE|def:NOT_PREDICTIVE","LOW","MODELED"
2026,2,"pass_epa_vs_pass_defense","BUF","SF",0.1461,-0.0142,0.9677,0.5161,0.4839,"off:PREDICTIVE|def:NOT_PREDICTIVE","LOW","MODELED"
2026,2,"pass_epa_vs_pass_defense","BUF","TB",0.1461,0.0701,0.9677,0.129,0.0968,"off:PREDICTIVE|def:NOT_PREDICTIVE","LOW","MODELED"
2026,2,"pass_epa_vs_pass_defense","BUF","TEN",0.1461,0.0972,0.9677,0.0645,0.0323,"off:PREDICTIVE|def:NOT_PREDICTIVE","LOW","MODELED"
2026,2,"pass_epa_vs_pass_defense","BUF","WAS",0.1461,0.122,0.9677,0,-0.0323,"off:PREDICTIVE|def:NOT_PREDICTIVE","LOW","MODELED"
2026,2,"pass_epa_vs_pass_defense","CAR","ARI",0.0438,-0.0165,0.7419,0.5806,0.3226,"off:PREDICTIVE|def:NOT_PREDICTIVE","LOW","MODELED"
2026,2,"pass_epa_vs_pass_defense","CAR","ATL",0.0438,-0.0299,0.7419,0.7419,0.4839,"off:PREDICTIVE|def:NOT_PREDICTIVE","LOW","MODELED"
2026,2,"pass_epa_vs_pass_defense","CAR","BAL",0.0438,-0.0514,0.7419,0.8065,0.5484,"off:PREDICTIVE|def:NOT_PREDICTIVE","LOW","MODELED"
2026,2,"pass_epa_vs_pass_defense","CAR","BUF",0.0438,0.0374,0.7419,0.2581,0,"off:PREDICTIVE|def:NOT_PREDICTIVE","LOW","MODELED"
2026,2,"pass_epa_vs_pass_defense","CAR","CHI",0.0438,-0.0159,0.7419,0.5484,0.2903,"off:PREDICTIVE|def:NOT_PREDICTIVE","LOW","MODELED"
2026,2,"pass_epa_vs_pass_defense","CAR","CIN",0.0438,0.0555,0.7419,0.1935,-0.0645,"off:PREDICTIVE|def:NOT_PREDICTIVE","LOW","MODELED"
2026,2,"pass_epa_vs_pass_defense","CAR","CLE",0.0438,0.0365,0.7419,0.2903,0.0323,"off:PREDICTIVE|def:NOT_PREDICTIVE","LOW","MODELED"
2026,2,"pass_epa_vs_pass_defense","CAR","DAL",0.0438,0.075,0.7419,0.0968,-0.1613,"off:PREDICTIVE|def:NOT_PREDICTIVE","LOW","MODELED"
2026,2,"pass_epa_vs_pass_defense","CAR","DEN",0.0438,-0.0873,0.7419,0.9355,0.6774,"off:PREDICTIVE|def:NOT_PREDICTIVE","LOW","MODELED"
2026,2,"pass_epa_vs_pass_defense","CAR","DET",0.0438,-0.0689,0.7419,0.871,0.6129,"off:PREDICTIVE|def:NOT_PREDICTIVE","LOW","MODELED"
2026,2,"pass_epa_vs_pass_defense","CAR","GB",0.0438,0.0166,0.7419,0.3871,0.129,"off:PREDICTIVE|def:NOT_PREDICTIVE","LOW","MODELED"
2026,2,"pass_epa_vs_pass_defense","CAR","HOU",0.0438,-0.0276,0.7419,0.7097,0.4516,"off:PREDICTIVE|def:NOT_PREDICTIVE","LOW","MODELED"
2026,2,"pass_epa_vs_pass_defense","CAR","IND",0.0438,0.0069,0.7419,0.4194,0.1613,"off:PREDICTIVE|def:NOT_PREDICTIVE","LOW","MODELED"
2026,2,"pass_epa_vs_pass_defense","CAR","JAX",0.0438,0.0229,0.7419,0.3548,0.0968,"off:PREDICTIVE|def:NOT_PREDICTIVE","LOW","MODELED"
2026,2,"pass_epa_vs_pass_defense","CAR","KC",0.0438,-0.0232,0.7419,0.6774,0.4194,"off:PREDICTIVE|def:NOT_PREDICTIVE","LOW","MODELED"
2026,2,"pass_epa_vs_pass_defense","CAR","LAC",0.0438,0.0615,0.7419,0.1613,-0.0968,"off:PREDICTIVE|def:NOT_PREDICTIVE","LOW","MODELED"
2026,2,"pass_epa_vs_pass_defense","CAR","LAR",0.0438,-0.146,0.7419,1,0.7419,"off:PREDICTIVE|def:NOT_PREDICTIVE","LOW","MODELED"
2026,2,"pass_epa_vs_pass_defense","CAR","LV",0.0438,-0.0504,0.7419,0.7742,0.5161,"off:PREDICTIVE|def:NOT_PREDICTIVE","LOW","MODELED"
2026,2,"pass_epa_vs_pass_defense","CAR","MIA",0.0438,0.0476,0.7419,0.2258,-0.0323,"off:PREDICTIVE|def:NOT_PREDICTIVE","LOW","MODELED"
2026,2,"pass_epa_vs_pass_defense","CAR","MIN",0.0438,-0.104,0.7419,0.9677,0.7097,"off:PREDICTIVE|def:NOT_PREDICTIVE","LOW","MODELED"
2026,2,"pass_epa_vs_pass_defense","CAR","NE",0.0438,-0.0703,0.7419,0.9032,0.6452,"off:PREDICTIVE|def:NOT_PREDICTIVE","LOW","MODELED"
2026,2,"pass_epa_vs_pass_defense","CAR","NO",0.0438,-0.0546,0.7419,0.8387,0.5806,"off:PREDICTIVE|def:NOT_PREDICTIVE","LOW","MODELED"
2026,2,"pass_epa_vs_pass_defense","CAR","NYG",0.0438,0.1081,0.7419,0.0323,-0.2258,"off:PREDICTIVE|def:NOT_PREDICTIVE","LOW","MODELED"
2026,2,"pass_epa_vs_pass_defense","CAR","NYJ",0.0438,-0.01,0.7419,0.4839,0.2258,"off:PREDICTIVE|def:NOT_PREDICTIVE","LOW","MODELED"
2026,2,"pass_epa_vs_pass_defense","CAR","PHI",0.0438,-0.0167,0.7419,0.6129,0.3548,"off:PREDICTIVE|def:NOT_PREDICTIVE","LOW","MODELED"
2026,2,"pass_epa_vs_pass_defense","CAR","PIT",0.0438,-0.0049,0.7419,0.4516,0.1935,"off:PREDICTIVE|def:NOT_PREDICTIVE","LOW","MODELED"
2026,2,"pass_epa_vs_pass_defense","CAR","SEA",0.0438,-0.0208,0.7419,0.6452,0.3871,"off:PREDICTIVE|def:NOT_PREDICTIVE","LOW","MODELED"
2026,2,"pass_epa_vs_pass_defense","CAR","SF",0.0438,-0.0142,0.7419,0.5161,0.2581,"off:PREDICTIVE|def:NOT_PREDICTIVE","LOW","MODELED"
2026,2,"pass_epa_vs_pass_defense","CAR","TB",0.0438,0.0701,0.7419,0.129,-0.129,"off:PREDICTIVE|def:NOT_PREDICTIVE","LOW","MODELED"
2026,2,"pass_epa_vs_pass_defense","CAR","TEN",0.0438,0.0972,0.7419,0.0645,-0.1935,"off:PREDICTIVE|def:NOT_PREDICTIVE","LOW","MODELED"
2026,2,"pass_epa_vs_pass_defense","CAR","WAS",0.0438,0.122,0.7419,0,-0.2581,"off:PREDICTIVE|def:NOT_PREDICTIVE","LOW","MODELED"
2026,2,"pass_epa_vs_pass_defense","CHI","ARI",0.0515,-0.0165,0.7742,0.5806,0.3548,"off:PREDICTIVE|def:NOT_PREDICTIVE","LOW","MODELED"
2026,2,"pass_epa_vs_pass_defense","CHI","ATL",0.0515,-0.0299,0.7742,0.7419,0.5161,"off:PREDICTIVE|def:NOT_PREDICTIVE","LOW","MODELED"
2026,2,"pass_epa_vs_pass_defense","CHI","BAL",0.0515,-0.0514,0.7742,0.8065,0.5806,"off:PREDICTIVE|def:NOT_PREDICTIVE","LOW","MODELED"
2026,2,"pass_epa_vs_pass_defense","CHI","BUF",0.0515,0.0374,0.7742,0.2581,0.0323,"off:PREDICTIVE|def:NOT_PREDICTIVE","LOW","MODELED"
2026,2,"pass_epa_vs_pass_defense","CHI","CAR",0.0515,0.0321,0.7742,0.3226,0.0968,"off:PREDICTIVE|def:NOT_PREDICTIVE","LOW","MODELED"
2026,2,"pass_epa_vs_pass_defense","CHI","CIN",0.0515,0.0555,0.7742,0.1935,-0.0323,"off:PREDICTIVE|def:NOT_PREDICTIVE","LOW","MODELED"
2026,2,"pass_epa_vs_pass_defense","CHI","CLE",0.0515,0.0365,0.7742,0.2903,0.0645,"off:PREDICTIVE|def:NOT_PREDICTIVE","LOW","MODELED"
2026,2,"pass_epa_vs_pass_defense","CHI","DAL",0.0515,0.075,0.7742,0.0968,-0.129,"off:PREDICTIVE|def:NOT_PREDICTIVE","LOW","MODELED"
2026,2,"pass_epa_vs_pass_defense","CHI","DEN",0.0515,-0.0873,0.7742,0.9355,0.7097,"off:PREDICTIVE|def:NOT_PREDICTIVE","LOW","MODELED"
2026,2,"pass_epa_vs_pass_defense","CHI","DET",0.0515,-0.0689,0.7742,0.871,0.6452,"off:PREDICTIVE|def:NOT_PREDICTIVE","LOW","MODELED"
2026,2,"pass_epa_vs_pass_defense","CHI","GB",0.0515,0.0166,0.7742,0.3871,0.1613,"off:PREDICTIVE|def:NOT_PREDICTIVE","LOW","MODELED"
2026,2,"pass_epa_vs_pass_defense","CHI","HOU",0.0515,-0.0276,0.7742,0.7097,0.4839,"off:PREDICTIVE|def:NOT_PREDICTIVE","LOW","MODELED"
2026,2,"pass_epa_vs_pass_defense","CHI","IND",0.0515,0.0069,0.7742,0.4194,0.1935,"off:PREDICTIVE|def:NOT_PREDICTIVE","LOW","MODELED"
2026,2,"pass_epa_vs_pass_defense","CHI","JAX",0.0515,0.0229,0.7742,0.3548,0.129,"off:PREDICTIVE|def:NOT_PREDICTIVE","LOW","MODELED"
2026,2,"pass_epa_vs_pass_defense","CHI","KC",0.0515,-0.0232,0.7742,0.6774,0.4516,"off:PREDICTIVE|def:NOT_PREDICTIVE","LOW","MODELED"
2026,2,"pass_epa_vs_pass_defense","CHI","LAC",0.0515,0.0615,0.7742,0.1613,-0.0645,"off:PREDICTIVE|def:NOT_PREDICTIVE","LOW","MODELED"
2026,2,"pass_epa_vs_pass_defense","CHI","LAR",0.0515,-0.146,0.7742,1,0.7742,"off:PREDICTIVE|def:NOT_PREDICTIVE","LOW","MODELED"
2026,2,"pass_epa_vs_pass_defense","CHI","LV",0.0515,-0.0504,0.7742,0.7742,0.5484,"off:PREDICTIVE|def:NOT_PREDICTIVE","LOW","MODELED"
2026,2,"pass_epa_vs_pass_defense","CHI","MIA",0.0515,0.0476,0.7742,0.2258,0,"off:PREDICTIVE|def:NOT_PREDICTIVE","LOW","MODELED"
2026,2,"pass_epa_vs_pass_defense","CHI","MIN",0.0515,-0.104,0.7742,0.9677,0.7419,"off:PREDICTIVE|def:NOT_PREDICTIVE","LOW","MODELED"
2026,2,"pass_epa_vs_pass_defense","CHI","NE",0.0515,-0.0703,0.7742,0.9032,0.6774,"off:PREDICTIVE|def:NOT_PREDICTIVE","LOW","MODELED"
2026,2,"pass_epa_vs_pass_defense","CHI","NO",0.0515,-0.0546,0.7742,0.8387,0.6129,"off:PREDICTIVE|def:NOT_PREDICTIVE","LOW","MODELED"
2026,2,"pass_epa_vs_pass_defense","CHI","NYG",0.0515,0.1081,0.7742,0.0323,-0.1935,"off:PREDICTIVE|def:NOT_PREDICTIVE","LOW","MODELED"
2026,2,"pass_epa_vs_pass_defense","CHI","NYJ",0.0515,-0.01,0.7742,0.4839,0.2581,"off:PREDICTIVE|def:NOT_PREDICTIVE","LOW","MODELED"
2026,2,"pass_epa_vs_pass_defense","CHI","PHI",0.0515,-0.0167,0.7742,0.6129,0.3871,"off:PREDICTIVE|def:NOT_PREDICTIVE","LOW","MODELED"
2026,2,"pass_epa_vs_pass_defense","CHI","PIT",0.0515,-0.0049,0.7742,0.4516,0.2258,"off:PREDICTIVE|def:NOT_PREDICTIVE","LOW","MODELED"
2026,2,"pass_epa_vs_pass_defense","CHI","SEA",0.0515,-0.0208,0.7742,0.6452,0.4194,"off:PREDICTIVE|def:NOT_PREDICTIVE","LOW","MODELED"
2026,2,"pass_epa_vs_pass_defense","CHI","SF",0.0515,-0.0142,0.7742,0.5161,0.2903,"off:PREDICTIVE|def:NOT_PREDICTIVE","LOW","MODELED"
2026,2,"pass_epa_vs_pass_defense","CHI","TB",0.0515,0.0701,0.7742,0.129,-0.0968,"off:PREDICTIVE|def:NOT_PREDICTIVE","LOW","MODELED"
2026,2,"pass_epa_vs_pass_defense","CHI","TEN",0.0515,0.0972,0.7742,0.0645,-0.1613,"off:PREDICTIVE|def:NOT_PREDICTIVE","LOW","MODELED"
2026,2,"pass_epa_vs_pass_defense","CHI","WAS",0.0515,0.122,0.7742,0,-0.2258,"off:PREDICTIVE|def:NOT_PREDICTIVE","LOW","MODELED"
2026,2,"pass_epa_vs_pass_defense","CIN","ARI",-0.0442,-0.0165,0.2903,0.5806,-0.129,"off:PREDICTIVE|def:NOT_PREDICTIVE","LOW","MODELED"
2026,2,"pass_epa_vs_pass_defense","CIN","ATL",-0.0442,-0.0299,0.2903,0.7419,0.0323,"off:PREDICTIVE|def:NOT_PREDICTIVE","LOW","MODELED"
2026,2,"pass_epa_vs_pass_defense","CIN","BAL",-0.0442,-0.0514,0.2903,0.8065,0.0968,"off:PREDICTIVE|def:NOT_PREDICTIVE","LOW","MODELED"
2026,2,"pass_epa_vs_pass_defense","CIN","BUF",-0.0442,0.0374,0.2903,0.2581,-0.4516,"off:PREDICTIVE|def:NOT_PREDICTIVE","LOW","MODELED"
2026,2,"pass_epa_vs_pass_defense","CIN","CAR",-0.0442,0.0321,0.2903,0.3226,-0.3871,"off:PREDICTIVE|def:NOT_PREDICTIVE","LOW","MODELED"
2026,2,"pass_epa_vs_pass_defense","CIN","CHI",-0.0442,-0.0159,0.2903,0.5484,-0.1613,"off:PREDICTIVE|def:NOT_PREDICTIVE","LOW","MODELED"
2026,2,"pass_epa_vs_pass_defense","CIN","CLE",-0.0442,0.0365,0.2903,0.2903,-0.4194,"off:PREDICTIVE|def:NOT_PREDICTIVE","LOW","MODELED"
2026,2,"pass_epa_vs_pass_defense","CIN","DAL",-0.0442,0.075,0.2903,0.0968,-0.6129,"off:PREDICTIVE|def:NOT_PREDICTIVE","LOW","MODELED"
2026,2,"pass_epa_vs_pass_defense","CIN","DEN",-0.0442,-0.0873,0.2903,0.9355,0.2258,"off:PREDICTIVE|def:NOT_PREDICTIVE","LOW","MODELED"
2026,2,"pass_epa_vs_pass_defense","CIN","DET",-0.0442,-0.0689,0.2903,0.871,0.1613,"off:PREDICTIVE|def:NOT_PREDICTIVE","LOW","MODELED"
2026,2,"pass_epa_vs_pass_defense","CIN","GB",-0.0442,0.0166,0.2903,0.3871,-0.3226,"off:PREDICTIVE|def:NOT_PREDICTIVE","LOW","MODELED"
2026,2,"pass_epa_vs_pass_defense","CIN","HOU",-0.0442,-0.0276,0.2903,0.7097,0,"off:PREDICTIVE|def:NOT_PREDICTIVE","LOW","MODELED"
2026,2,"pass_epa_vs_pass_defense","CIN","IND",-0.0442,0.0069,0.2903,0.4194,-0.2903,"off:PREDICTIVE|def:NOT_PREDICTIVE","LOW","MODELED"
2026,2,"pass_epa_vs_pass_defense","CIN","JAX",-0.0442,0.0229,0.2903,0.3548,-0.3548,"off:PREDICTIVE|def:NOT_PREDICTIVE","LOW","MODELED"
2026,2,"pass_epa_vs_pass_defense","CIN","KC",-0.0442,-0.0232,0.2903,0.6774,-0.0323,"off:PREDICTIVE|def:NOT_PREDICTIVE","LOW","MODELED"
2026,2,"pass_epa_vs_pass_defense","CIN","LAC",-0.0442,0.0615,0.2903,0.1613,-0.5484,"off:PREDICTIVE|def:NOT_PREDICTIVE","LOW","MODELED"
2026,2,"pass_epa_vs_pass_defense","CIN","LAR",-0.0442,-0.146,0.2903,1,0.2903,"off:PREDICTIVE|def:NOT_PREDICTIVE","LOW","MODELED"
2026,2,"pass_epa_vs_pass_defense","CIN","LV",-0.0442,-0.0504,0.2903,0.7742,0.0645,"off:PREDICTIVE|def:NOT_PREDICTIVE","LOW","MODELED"
2026,2,"pass_epa_vs_pass_defense","CIN","MIA",-0.0442,0.0476,0.2903,0.2258,-0.4839,"off:PREDICTIVE|def:NOT_PREDICTIVE","LOW","MODELED"
2026,2,"pass_epa_vs_pass_defense","CIN","MIN",-0.0442,-0.104,0.2903,0.9677,0.2581,"off:PREDICTIVE|def:NOT_PREDICTIVE","LOW","MODELED"
2026,2,"pass_epa_vs_pass_defense","CIN","NE",-0.0442,-0.0703,0.2903,0.9032,0.1935,"off:PREDICTIVE|def:NOT_PREDICTIVE","LOW","MODELED"
2026,2,"pass_epa_vs_pass_defense","CIN","NO",-0.0442,-0.0546,0.2903,0.8387,0.129,"off:PREDICTIVE|def:NOT_PREDICTIVE","LOW","MODELED"
2026,2,"pass_epa_vs_pass_defense","CIN","NYG",-0.0442,0.1081,0.2903,0.0323,-0.6774,"off:PREDICTIVE|def:NOT_PREDICTIVE","LOW","MODELED"
2026,2,"pass_epa_vs_pass_defense","CIN","NYJ",-0.0442,-0.01,0.2903,0.4839,-0.2258,"off:PREDICTIVE|def:NOT_PREDICTIVE","LOW","MODELED"
2026,2,"pass_epa_vs_pass_defense","CIN","PHI",-0.0442,-0.0167,0.2903,0.6129,-0.0968,"off:PREDICTIVE|def:NOT_PREDICTIVE","LOW","MODELED"
2026,2,"pass_epa_vs_pass_defense","CIN","PIT",-0.0442,-0.0049,0.2903,0.4516,-0.2581,"off:PREDICTIVE|def:NOT_PREDICTIVE","LOW","MODELED"
2026,2,"pass_epa_vs_pass_defense","CIN","SEA",-0.0442,-0.0208,0.2903,0.6452,-0.0645,"off:PREDICTIVE|def:NOT_PREDICTIVE","LOW","MODELED"
2026,2,"pass_epa_vs_pass_defense","CIN","SF",-0.0442,-0.0142,0.2903,0.5161,-0.1935,"off:PREDICTIVE|def:NOT_PREDICTIVE","LOW","MODELED"
2026,2,"pass_epa_vs_pass_defense","CIN","TB",-0.0442,0.0701,0.2903,0.129,-0.5806,"off:PREDICTIVE|def:NOT_PREDICTIVE","LOW","MODELED"
2026,2,"pass_epa_vs_pass_defense","CIN","TEN",-0.0442,0.0972,0.2903,0.0645,-0.6452,"off:PREDICTIVE|def:NOT_PREDICTIVE","LOW","MODELED"
2026,2,"pass_epa_vs_pass_defense","CIN","WAS",-0.0442,0.122,0.2903,0,-0.7097,"off:PREDICTIVE|def:NOT_PREDICTIVE","LOW","MODELED"
2026,2,"pass_epa_vs_pass_defense","CLE","ARI",-0.0877,-0.0165,0.0323,0.5806,-0.3871,"off:PREDICTIVE|def:NOT_PREDICTIVE","LOW","MODELED"
2026,2,"pass_epa_vs_pass_defense","CLE","ATL",-0.0877,-0.0299,0.0323,0.7419,-0.2258,"off:PREDICTIVE|def:NOT_PREDICTIVE","LOW","MODELED"
2026,2,"pass_epa_vs_pass_defense","CLE","BAL",-0.0877,-0.0514,0.0323,0.8065,-0.1613,"off:PREDICTIVE|def:NOT_PREDICTIVE","LOW","MODELED"
2026,2,"pass_epa_vs_pass_defense","CLE","BUF",-0.0877,0.0374,0.0323,0.2581,-0.7097,"off:PREDICTIVE|def:NOT_PREDICTIVE","LOW","MODELED"
2026,2,"pass_epa_vs_pass_defense","CLE","CAR",-0.0877,0.0321,0.0323,0.3226,-0.6452,"off:PREDICTIVE|def:NOT_PREDICTIVE","LOW","MODELED"
2026,2,"pass_epa_vs_pass_defense","CLE","CHI",-0.0877,-0.0159,0.0323,0.5484,-0.4194,"off:PREDICTIVE|def:NOT_PREDICTIVE","LOW","MODELED"
2026,2,"pass_epa_vs_pass_defense","CLE","CIN",-0.0877,0.0555,0.0323,0.1935,-0.7742,"off:PREDICTIVE|def:NOT_PREDICTIVE","LOW","MODELED"
2026,2,"pass_epa_vs_pass_defense","CLE","DAL",-0.0877,0.075,0.0323,0.0968,-0.871,"off:PREDICTIVE|def:NOT_PREDICTIVE","LOW","MODELED"
2026,2,"pass_epa_vs_pass_defense","CLE","DEN",-0.0877,-0.0873,0.0323,0.9355,-0.0323,"off:PREDICTIVE|def:NOT_PREDICTIVE","LOW","MODELED"
2026,2,"pass_epa_vs_pass_defense","CLE","DET",-0.0877,-0.0689,0.0323,0.871,-0.0968,"off:PREDICTIVE|def:NOT_PREDICTIVE","LOW","MODELED"
2026,2,"pass_epa_vs_pass_defense","CLE","GB",-0.0877,0.0166,0.0323,0.3871,-0.5806,"off:PREDICTIVE|def:NOT_PREDICTIVE","LOW","MODELED"
2026,2,"pass_epa_vs_pass_defense","CLE","HOU",-0.0877,-0.0276,0.0323,0.7097,-0.2581,"off:PREDICTIVE|def:NOT_PREDICTIVE","LOW","MODELED"
2026,2,"pass_epa_vs_pass_defense","CLE","IND",-0.0877,0.0069,0.0323,0.4194,-0.5484,"off:PREDICTIVE|def:NOT_PREDICTIVE","LOW","MODELED"
2026,2,"pass_epa_vs_pass_defense","CLE","JAX",-0.0877,0.0229,0.0323,0.3548,-0.6129,"off:PREDICTIVE|def:NOT_PREDICTIVE","LOW","MODELED"
2026,2,"pass_epa_vs_pass_defense","CLE","KC",-0.0877,-0.0232,0.0323,0.6774,-0.2903,"off:PREDICTIVE|def:NOT_PREDICTIVE","LOW","MODELED"
2026,2,"pass_epa_vs_pass_defense","CLE","LAC",-0.0877,0.0615,0.0323,0.1613,-0.8065,"off:PREDICTIVE|def:NOT_PREDICTIVE","LOW","MODELED"
2026,2,"pass_epa_vs_pass_defense","CLE","LAR",-0.0877,-0.146,0.0323,1,0.0323,"off:PREDICTIVE|def:NOT_PREDICTIVE","LOW","MODELED"
2026,2,"pass_epa_vs_pass_defense","CLE","LV",-0.0877,-0.0504,0.0323,0.7742,-0.1935,"off:PREDICTIVE|def:NOT_PREDICTIVE","LOW","MODELED"
2026,2,"pass_epa_vs_pass_defense","CLE","MIA",-0.0877,0.0476,0.0323,0.2258,-0.7419,"off:PREDICTIVE|def:NOT_PREDICTIVE","LOW","MODELED"
2026,2,"pass_epa_vs_pass_defense","CLE","MIN",-0.0877,-0.104,0.0323,0.9677,0,"off:PREDICTIVE|def:NOT_PREDICTIVE","LOW","MODELED"
2026,2,"pass_epa_vs_pass_defense","CLE","NE",-0.0877,-0.0703,0.0323,0.9032,-0.0645,"off:PREDICTIVE|def:NOT_PREDICTIVE","LOW","MODELED"
2026,2,"pass_epa_vs_pass_defense","CLE","NO",-0.0877,-0.0546,0.0323,0.8387,-0.129,"off:PREDICTIVE|def:NOT_PREDICTIVE","LOW","MODELED"
2026,2,"pass_epa_vs_pass_defense","CLE","NYG",-0.0877,0.1081,0.0323,0.0323,-0.9355,"off:PREDICTIVE|def:NOT_PREDICTIVE","LOW","MODELED"
2026,2,"pass_epa_vs_pass_defense","CLE","NYJ",-0.0877,-0.01,0.0323,0.4839,-0.4839,"off:PREDICTIVE|def:NOT_PREDICTIVE","LOW","MODELED"
2026,2,"pass_epa_vs_pass_defense","CLE","PHI",-0.0877,-0.0167,0.0323,0.6129,-0.3548,"off:PREDICTIVE|def:NOT_PREDICTIVE","LOW","MODELED"
2026,2,"pass_epa_vs_pass_defense","CLE","PIT",-0.0877,-0.0049,0.0323,0.4516,-0.5161,"off:PREDICTIVE|def:NOT_PREDICTIVE","LOW","MODELED"
2026,2,"pass_epa_vs_pass_defense","CLE","SEA",-0.0877,-0.0208,0.0323,0.6452,-0.3226,"off:PREDICTIVE|def:NOT_PREDICTIVE","LOW","MODELED"
2026,2,"pass_epa_vs_pass_defense","CLE","SF",-0.0877,-0.0142,0.0323,0.5161,-0.4516,"off:PREDICTIVE|def:NOT_PREDICTIVE","LOW","MODELED"
2026,2,"pass_epa_vs_pass_defense","CLE","TB",-0.0877,0.0701,0.0323,0.129,-0.8387,"off:PREDICTIVE|def:NOT_PREDICTIVE","LOW","MODELED"
2026,2,"pass_epa_vs_pass_defense","CLE","TEN",-0.0877,0.0972,0.0323,0.0645,-0.9032,"off:PREDICTIVE|def:NOT_PREDICTIVE","LOW","MODELED"
2026,2,"pass_epa_vs_pass_defense","CLE","WAS",-0.0877,0.122,0.0323,0,-0.9677,"off:PREDICTIVE|def:NOT_PREDICTIVE","LOW","MODELED"
2026,2,"pass_epa_vs_pass_defense","DAL","ARI",-0.0229,-0.0165,0.4516,0.5806,0.0323,"off:PREDICTIVE|def:NOT_PREDICTIVE","LOW","MODELED"
2026,2,"pass_epa_vs_pass_defense","DAL","ATL",-0.0229,-0.0299,0.4516,0.7419,0.1935,"off:PREDICTIVE|def:NOT_PREDICTIVE","LOW","MODELED"
2026,2,"pass_epa_vs_pass_defense","DAL","BAL",-0.0229,-0.0514,0.4516,0.8065,0.2581,"off:PREDICTIVE|def:NOT_PREDICTIVE","LOW","MODELED"
2026,2,"pass_epa_vs_pass_defense","DAL","BUF",-0.0229,0.0374,0.4516,0.2581,-0.2903,"off:PREDICTIVE|def:NOT_PREDICTIVE","LOW","MODELED"
2026,2,"pass_epa_vs_pass_defense","DAL","CAR",-0.0229,0.0321,0.4516,0.3226,-0.2258,"off:PREDICTIVE|def:NOT_PREDICTIVE","LOW","MODELED"
2026,2,"pass_epa_vs_pass_defense","DAL","CHI",-0.0229,-0.0159,0.4516,0.5484,0,"off:PREDICTIVE|def:NOT_PREDICTIVE","LOW","MODELED"
2026,2,"pass_epa_vs_pass_defense","DAL","CIN",-0.0229,0.0555,0.4516,0.1935,-0.3548,"off:PREDICTIVE|def:NOT_PREDICTIVE","LOW","MODELED"
2026,2,"pass_epa_vs_pass_defense","DAL","CLE",-0.0229,0.0365,0.4516,0.2903,-0.2581,"off:PREDICTIVE|def:NOT_PREDICTIVE","LOW","MODELED"
2026,2,"pass_epa_vs_pass_defense","DAL","DEN",-0.0229,-0.0873,0.4516,0.9355,0.3871,"off:PREDICTIVE|def:NOT_PREDICTIVE","LOW","MODELED"
2026,2,"pass_epa_vs_pass_defense","DAL","DET",-0.0229,-0.0689,0.4516,0.871,0.3226,"off:PREDICTIVE|def:NOT_PREDICTIVE","LOW","MODELED"
2026,2,"pass_epa_vs_pass_defense","DAL","GB",-0.0229,0.0166,0.4516,0.3871,-0.1613,"off:PREDICTIVE|def:NOT_PREDICTIVE","LOW","MODELED"
2026,2,"pass_epa_vs_pass_defense","DAL","HOU",-0.0229,-0.0276,0.4516,0.7097,0.1613,"off:PREDICTIVE|def:NOT_PREDICTIVE","LOW","MODELED"
2026,2,"pass_epa_vs_pass_defense","DAL","IND",-0.0229,0.0069,0.4516,0.4194,-0.129,"off:PREDICTIVE|def:NOT_PREDICTIVE","LOW","MODELED"
2026,2,"pass_epa_vs_pass_defense","DAL","JAX",-0.0229,0.0229,0.4516,0.3548,-0.1935,"off:PREDICTIVE|def:NOT_PREDICTIVE","LOW","MODELED"
2026,2,"pass_epa_vs_pass_defense","DAL","KC",-0.0229,-0.0232,0.4516,0.6774,0.129,"off:PREDICTIVE|def:NOT_PREDICTIVE","LOW","MODELED"
2026,2,"pass_epa_vs_pass_defense","DAL","LAC",-0.0229,0.0615,0.4516,0.1613,-0.3871,"off:PREDICTIVE|def:NOT_PREDICTIVE","LOW","MODELED"
2026,2,"pass_epa_vs_pass_defense","DAL","LAR",-0.0229,-0.146,0.4516,1,0.4516,"off:PREDICTIVE|def:NOT_PREDICTIVE","LOW","MODELED"
2026,2,"pass_epa_vs_pass_defense","DAL","LV",-0.0229,-0.0504,0.4516,0.7742,0.2258,"off:PREDICTIVE|def:NOT_PREDICTIVE","LOW","MODELED"
2026,2,"pass_epa_vs_pass_defense","DAL","MIA",-0.0229,0.0476,0.4516,0.2258,-0.3226,"off:PREDICTIVE|def:NOT_PREDICTIVE","LOW","MODELED"
2026,2,"pass_epa_vs_pass_defense","DAL","MIN",-0.0229,-0.104,0.4516,0.9677,0.4194,"off:PREDICTIVE|def:NOT_PREDICTIVE","LOW","MODELED"
2026,2,"pass_epa_vs_pass_defense","DAL","NE",-0.0229,-0.0703,0.4516,0.9032,0.3548,"off:PREDICTIVE|def:NOT_PREDICTIVE","LOW","MODELED"
2026,2,"pass_epa_vs_pass_defense","DAL","NO",-0.0229,-0.0546,0.4516,0.8387,0.2903,"off:PREDICTIVE|def:NOT_PREDICTIVE","LOW","MODELED"
2026,2,"pass_epa_vs_pass_defense","DAL","NYG",-0.0229,0.1081,0.4516,0.0323,-0.5161,"off:PREDICTIVE|def:NOT_PREDICTIVE","LOW","MODELED"
2026,2,"pass_epa_vs_pass_defense","DAL","NYJ",-0.0229,-0.01,0.4516,0.4839,-0.0645,"off:PREDICTIVE|def:NOT_PREDICTIVE","LOW","MODELED"
2026,2,"pass_epa_vs_pass_defense","DAL","PHI",-0.0229,-0.0167,0.4516,0.6129,0.0645,"off:PREDICTIVE|def:NOT_PREDICTIVE","LOW","MODELED"
2026,2,"pass_epa_vs_pass_defense","DAL","PIT",-0.0229,-0.0049,0.4516,0.4516,-0.0968,"off:PREDICTIVE|def:NOT_PREDICTIVE","LOW","MODELED"
2026,2,"pass_epa_vs_pass_defense","DAL","SEA",-0.0229,-0.0208,0.4516,0.6452,0.0968,"off:PREDICTIVE|def:NOT_PREDICTIVE","LOW","MODELED"
2026,2,"pass_epa_vs_pass_defense","DAL","SF",-0.0229,-0.0142,0.4516,0.5161,-0.0323,"off:PREDICTIVE|def:NOT_PREDICTIVE","LOW","MODELED"
2026,2,"pass_epa_vs_pass_defense","DAL","TB",-0.0229,0.0701,0.4516,0.129,-0.4194,"off:PREDICTIVE|def:NOT_PREDICTIVE","LOW","MODELED"
2026,2,"pass_epa_vs_pass_defense","DAL","TEN",-0.0229,0.0972,0.4516,0.0645,-0.4839,"off:PREDICTIVE|def:NOT_PREDICTIVE","LOW","MODELED"
2026,2,"pass_epa_vs_pass_defense","DAL","WAS",-0.0229,0.122,0.4516,0,-0.5484,"off:PREDICTIVE|def:NOT_PREDICTIVE","LOW","MODELED"
2026,2,"pass_epa_vs_pass_defense","DEN","ARI",-0.0283,-0.0165,0.3548,0.5806,-0.0645,"off:PREDICTIVE|def:NOT_PREDICTIVE","LOW","MODELED"
2026,2,"pass_epa_vs_pass_defense","DEN","ATL",-0.0283,-0.0299,0.3548,0.7419,0.0968,"off:PREDICTIVE|def:NOT_PREDICTIVE","LOW","MODELED"
2026,2,"pass_epa_vs_pass_defense","DEN","BAL",-0.0283,-0.0514,0.3548,0.8065,0.1613,"off:PREDICTIVE|def:NOT_PREDICTIVE","LOW","MODELED"
2026,2,"pass_epa_vs_pass_defense","DEN","BUF",-0.0283,0.0374,0.3548,0.2581,-0.3871,"off:PREDICTIVE|def:NOT_PREDICTIVE","LOW","MODELED"
2026,2,"pass_epa_vs_pass_defense","DEN","CAR",-0.0283,0.0321,0.3548,0.3226,-0.3226,"off:PREDICTIVE|def:NOT_PREDICTIVE","LOW","MODELED"
2026,2,"pass_epa_vs_pass_defense","DEN","CHI",-0.0283,-0.0159,0.3548,0.5484,-0.0968,"off:PREDICTIVE|def:NOT_PREDICTIVE","LOW","MODELED"
2026,2,"pass_epa_vs_pass_defense","DEN","CIN",-0.0283,0.0555,0.3548,0.1935,-0.4516,"off:PREDICTIVE|def:NOT_PREDICTIVE","LOW","MODELED"
2026,2,"pass_epa_vs_pass_defense","DEN","CLE",-0.0283,0.0365,0.3548,0.2903,-0.3548,"off:PREDICTIVE|def:NOT_PREDICTIVE","LOW","MODELED"
2026,2,"pass_epa_vs_pass_defense","DEN","DAL",-0.0283,0.075,0.3548,0.0968,-0.5484,"off:PREDICTIVE|def:NOT_PREDICTIVE","LOW","MODELED"
2026,2,"pass_epa_vs_pass_defense","DEN","DET",-0.0283,-0.0689,0.3548,0.871,0.2258,"off:PREDICTIVE|def:NOT_PREDICTIVE","LOW","MODELED"
2026,2,"pass_epa_vs_pass_defense","DEN","GB",-0.0283,0.0166,0.3548,0.3871,-0.2581,"off:PREDICTIVE|def:NOT_PREDICTIVE","LOW","MODELED"
2026,2,"pass_epa_vs_pass_defense","DEN","HOU",-0.0283,-0.0276,0.3548,0.7097,0.0645,"off:PREDICTIVE|def:NOT_PREDICTIVE","LOW","MODELED"
2026,2,"pass_epa_vs_pass_defense","DEN","IND",-0.0283,0.0069,0.3548,0.4194,-0.2258,"off:PREDICTIVE|def:NOT_PREDICTIVE","LOW","MODELED"
2026,2,"pass_epa_vs_pass_defense","DEN","JAX",-0.0283,0.0229,0.3548,0.3548,-0.2903,"off:PREDICTIVE|def:NOT_PREDICTIVE","LOW","MODELED"
2026,2,"pass_epa_vs_pass_defense","DEN","KC",-0.0283,-0.0232,0.3548,0.6774,0.0323,"off:PREDICTIVE|def:NOT_PREDICTIVE","LOW","MODELED"
2026,2,"pass_epa_vs_pass_defense","DEN","LAC",-0.0283,0.0615,0.3548,0.1613,-0.4839,"off:PREDICTIVE|def:NOT_PREDICTIVE","LOW","MODELED"
2026,2,"pass_epa_vs_pass_defense","DEN","LAR",-0.0283,-0.146,0.3548,1,0.3548,"off:PREDICTIVE|def:NOT_PREDICTIVE","LOW","MODELED"
2026,2,"pass_epa_vs_pass_defense","DEN","LV",-0.0283,-0.0504,0.3548,0.7742,0.129,"off:PREDICTIVE|def:NOT_PREDICTIVE","LOW","MODELED"
2026,2,"pass_epa_vs_pass_defense","DEN","MIA",-0.0283,0.0476,0.3548,0.2258,-0.4194,"off:PREDICTIVE|def:NOT_PREDICTIVE","LOW","MODELED"
2026,2,"pass_epa_vs_pass_defense","DEN","MIN",-0.0283,-0.104,0.3548,0.9677,0.3226,"off:PREDICTIVE|def:NOT_PREDICTIVE","LOW","MODELED"
2026,2,"pass_epa_vs_pass_defense","DEN","NE",-0.0283,-0.0703,0.3548,0.9032,0.2581,"off:PREDICTIVE|def:NOT_PREDICTIVE","LOW","MODELED"
2026,2,"pass_epa_vs_pass_defense","DEN","NO",-0.0283,-0.0546,0.3548,0.8387,0.1935,"off:PREDICTIVE|def:NOT_PREDICTIVE","LOW","MODELED"
2026,2,"pass_epa_vs_pass_defense","DEN","NYG",-0.0283,0.1081,0.3548,0.0323,-0.6129,"off:PREDICTIVE|def:NOT_PREDICTIVE","LOW","MODELED"
2026,2,"pass_epa_vs_pass_defense","DEN","NYJ",-0.0283,-0.01,0.3548,0.4839,-0.1613,"off:PREDICTIVE|def:NOT_PREDICTIVE","LOW","MODELED"
2026,2,"pass_epa_vs_pass_defense","DEN","PHI",-0.0283,-0.0167,0.3548,0.6129,-0.0323,"off:PREDICTIVE|def:NOT_PREDICTIVE","LOW","MODELED"
2026,2,"pass_epa_vs_pass_defense","DEN","PIT",-0.0283,-0.0049,0.3548,0.4516,-0.1935,"off:PREDICTIVE|def:NOT_PREDICTIVE","LOW","MODELED"
2026,2,"pass_epa_vs_pass_defense","DEN","SEA",-0.0283,-0.0208,0.3548,0.6452,0,"off:PREDICTIVE|def:NOT_PREDICTIVE","LOW","MODELED"
2026,2,"pass_epa_vs_pass_defense","DEN","SF",-0.0283,-0.0142,0.3548,0.5161,-0.129,"off:PREDICTIVE|def:NOT_PREDICTIVE","LOW","MODELED"
2026,2,"pass_epa_vs_pass_defense","DEN","TB",-0.0283,0.0701,0.3548,0.129,-0.5161,"off:PREDICTIVE|def:NOT_PREDICTIVE","LOW","MODELED"
2026,2,"pass_epa_vs_pass_defense","DEN","TEN",-0.0283,0.0972,0.3548,0.0645,-0.5806,"off:PREDICTIVE|def:NOT_PREDICTIVE","LOW","MODELED"
2026,2,"pass_epa_vs_pass_defense","DEN","WAS",-0.0283,0.122,0.3548,0,-0.6452,"off:PREDICTIVE|def:NOT_PREDICTIVE","LOW","MODELED"
2026,2,"pass_epa_vs_pass_defense","DET","ARI",0.0646,-0.0165,0.8065,0.5806,0.3871,"off:PREDICTIVE|def:NOT_PREDICTIVE","LOW","MODELED"
2026,2,"pass_epa_vs_pass_defense","DET","ATL",0.0646,-0.0299,0.8065,0.7419,0.5484,"off:PREDICTIVE|def:NOT_PREDICTIVE","LOW","MODELED"
2026,2,"pass_epa_vs_pass_defense","DET","BAL",0.0646,-0.0514,0.8065,0.8065,0.6129,"off:PREDICTIVE|def:NOT_PREDICTIVE","LOW","MODELED"
2026,2,"pass_epa_vs_pass_defense","DET","BUF",0.0646,0.0374,0.8065,0.2581,0.0645,"off:PREDICTIVE|def:NOT_PREDICTIVE","LOW","MODELED"
2026,2,"pass_epa_vs_pass_defense","DET","CAR",0.0646,0.0321,0.8065,0.3226,0.129,"off:PREDICTIVE|def:NOT_PREDICTIVE","LOW","MODELED"
2026,2,"pass_epa_vs_pass_defense","DET","CHI",0.0646,-0.0159,0.8065,0.5484,0.3548,"off:PREDICTIVE|def:NOT_PREDICTIVE","LOW","MODELED"
2026,2,"pass_epa_vs_pass_defense","DET","CIN",0.0646,0.0555,0.8065,0.1935,0,"off:PREDICTIVE|def:NOT_PREDICTIVE","LOW","MODELED"
2026,2,"pass_epa_vs_pass_defense","DET","CLE",0.0646,0.0365,0.8065,0.2903,0.0968,"off:PREDICTIVE|def:NOT_PREDICTIVE","LOW","MODELED"
2026,2,"pass_epa_vs_pass_defense","DET","DAL",0.0646,0.075,0.8065,0.0968,-0.0968,"off:PREDICTIVE|def:NOT_PREDICTIVE","LOW","MODELED"
2026,2,"pass_epa_vs_pass_defense","DET","DEN",0.0646,-0.0873,0.8065,0.9355,0.7419,"off:PREDICTIVE|def:NOT_PREDICTIVE","LOW","MODELED"
2026,2,"pass_epa_vs_pass_defense","DET","GB",0.0646,0.0166,0.8065,0.3871,0.1935,"off:PREDICTIVE|def:NOT_PREDICTIVE","LOW","MODELED"
2026,2,"pass_epa_vs_pass_defense","DET","HOU",0.0646,-0.0276,0.8065,0.7097,0.5161,"off:PREDICTIVE|def:NOT_PREDICTIVE","LOW","MODELED"
2026,2,"pass_epa_vs_pass_defense","DET","IND",0.0646,0.0069,0.8065,0.4194,0.2258,"off:PREDICTIVE|def:NOT_PREDICTIVE","LOW","MODELED"
2026,2,"pass_epa_vs_pass_defense","DET","JAX",0.0646,0.0229,0.8065,0.3548,0.1613,"off:PREDICTIVE|def:NOT_PREDICTIVE","LOW","MODELED"
2026,2,"pass_epa_vs_pass_defense","DET","KC",0.0646,-0.0232,0.8065,0.6774,0.4839,"off:PREDICTIVE|def:NOT_PREDICTIVE","LOW","MODELED"
2026,2,"pass_epa_vs_pass_defense","DET","LAC",0.0646,0.0615,0.8065,0.1613,-0.0323,"off:PREDICTIVE|def:NOT_PREDICTIVE","LOW","MODELED"
2026,2,"pass_epa_vs_pass_defense","DET","LAR",0.0646,-0.146,0.8065,1,0.8065,"off:PREDICTIVE|def:NOT_PREDICTIVE","LOW","MODELED"
2026,2,"pass_epa_vs_pass_defense","DET","LV",0.0646,-0.0504,0.8065,0.7742,0.5806,"off:PREDICTIVE|def:NOT_PREDICTIVE","LOW","MODELED"
2026,2,"pass_epa_vs_pass_defense","DET","MIA",0.0646,0.0476,0.8065,0.2258,0.0323,"off:PREDICTIVE|def:NOT_PREDICTIVE","LOW","MODELED"
2026,2,"pass_epa_vs_pass_defense","DET","MIN",0.0646,-0.104,0.8065,0.9677,0.7742,"off:PREDICTIVE|def:NOT_PREDICTIVE","LOW","MODELED"
2026,2,"pass_epa_vs_pass_defense","DET","NE",0.0646,-0.0703,0.8065,0.9032,0.7097,"off:PREDICTIVE|def:NOT_PREDICTIVE","LOW","MODELED"
2026,2,"pass_epa_vs_pass_defense","DET","NO",0.0646,-0.0546,0.8065,0.8387,0.6452,"off:PREDICTIVE|def:NOT_PREDICTIVE","LOW","MODELED"
2026,2,"pass_epa_vs_pass_defense","DET","NYG",0.0646,0.1081,0.8065,0.0323,-0.1613,"off:PREDICTIVE|def:NOT_PREDICTIVE","LOW","MODELED"
2026,2,"pass_epa_vs_pass_defense","DET","NYJ",0.0646,-0.01,0.8065,0.4839,0.2903,"off:PREDICTIVE|def:NOT_PREDICTIVE","LOW","MODELED"
2026,2,"pass_epa_vs_pass_defense","DET","PHI",0.0646,-0.0167,0.8065,0.6129,0.4194,"off:PREDICTIVE|def:NOT_PREDICTIVE","LOW","MODELED"
2026,2,"pass_epa_vs_pass_defense","DET","PIT",0.0646,-0.0049,0.8065,0.4516,0.2581,"off:PREDICTIVE|def:NOT_PREDICTIVE","LOW","MODELED"
2026,2,"pass_epa_vs_pass_defense","DET","SEA",0.0646,-0.0208,0.8065,0.6452,0.4516,"off:PREDICTIVE|def:NOT_PREDICTIVE","LOW","MODELED"
2026,2,"pass_epa_vs_pass_defense","DET","SF",0.0646,-0.0142,0.8065,0.5161,0.3226,"off:PREDICTIVE|def:NOT_PREDICTIVE","LOW","MODELED"
2026,2,"pass_epa_vs_pass_defense","DET","TB",0.0646,0.0701,0.8065,0.129,-0.0645,"off:PREDICTIVE|def:NOT_PREDICTIVE","LOW","MODELED"
2026,2,"pass_epa_vs_pass_defense","DET","TEN",0.0646,0.0972,0.8065,0.0645,-0.129,"off:PREDICTIVE|def:NOT_PREDICTIVE","LOW","MODELED"
2026,2,"pass_epa_vs_pass_defense","DET","WAS",0.0646,0.122,0.8065,0,-0.1935,"off:PREDICTIVE|def:NOT_PREDICTIVE","LOW","MODELED"
2026,2,"pass_epa_vs_pass_defense","GB","ARI",0.0716,-0.0165,0.871,0.5806,0.4516,"off:PREDICTIVE|def:NOT_PREDICTIVE","LOW","MODELED"
2026,2,"pass_epa_vs_pass_defense","GB","ATL",0.0716,-0.0299,0.871,0.7419,0.6129,"off:PREDICTIVE|def:NOT_PREDICTIVE","LOW","MODELED"
2026,2,"pass_epa_vs_pass_defense","GB","BAL",0.0716,-0.0514,0.871,0.8065,0.6774,"off:PREDICTIVE|def:NOT_PREDICTIVE","LOW","MODELED"
2026,2,"pass_epa_vs_pass_defense","GB","BUF",0.0716,0.0374,0.871,0.2581,0.129,"off:PREDICTIVE|def:NOT_PREDICTIVE","LOW","MODELED"
2026,2,"pass_epa_vs_pass_defense","GB","CAR",0.0716,0.0321,0.871,0.3226,0.1935,"off:PREDICTIVE|def:NOT_PREDICTIVE","LOW","MODELED"
2026,2,"pass_epa_vs_pass_defense","GB","CHI",0.0716,-0.0159,0.871,0.5484,0.4194,"off:PREDICTIVE|def:NOT_PREDICTIVE","LOW","MODELED"
2026,2,"pass_epa_vs_pass_defense","GB","CIN",0.0716,0.0555,0.871,0.1935,0.0645,"off:PREDICTIVE|def:NOT_PREDICTIVE","LOW","MODELED"
2026,2,"pass_epa_vs_pass_defense","GB","CLE",0.0716,0.0365,0.871,0.2903,0.1613,"off:PREDICTIVE|def:NOT_PREDICTIVE","LOW","MODELED"
2026,2,"pass_epa_vs_pass_defense","GB","DAL",0.0716,0.075,0.871,0.0968,-0.0323,"off:PREDICTIVE|def:NOT_PREDICTIVE","LOW","MODELED"
2026,2,"pass_epa_vs_pass_defense","GB","DEN",0.0716,-0.0873,0.871,0.9355,0.8065,"off:PREDICTIVE|def:NOT_PREDICTIVE","LOW","MODELED"
2026,2,"pass_epa_vs_pass_defense","GB","DET",0.0716,-0.0689,0.871,0.871,0.7419,"off:PREDICTIVE|def:NOT_PREDICTIVE","LOW","MODELED"
2026,2,"pass_epa_vs_pass_defense","GB","HOU",0.0716,-0.0276,0.871,0.7097,0.5806,"off:PREDICTIVE|def:NOT_PREDICTIVE","LOW","MODELED"
2026,2,"pass_epa_vs_pass_defense","GB","IND",0.0716,0.0069,0.871,0.4194,0.2903,"off:PREDICTIVE|def:NOT_PREDICTIVE","LOW","MODELED"
2026,2,"pass_epa_vs_pass_defense","GB","JAX",0.0716,0.0229,0.871,0.3548,0.2258,"off:PREDICTIVE|def:NOT_PREDICTIVE","LOW","MODELED"
2026,2,"pass_epa_vs_pass_defense","GB","KC",0.0716,-0.0232,0.871,0.6774,0.5484,"off:PREDICTIVE|def:NOT_PREDICTIVE","LOW","MODELED"
2026,2,"pass_epa_vs_pass_defense","GB","LAC",0.0716,0.0615,0.871,0.1613,0.0323,"off:PREDICTIVE|def:NOT_PREDICTIVE","LOW","MODELED"
2026,2,"pass_epa_vs_pass_defense","GB","LAR",0.0716,-0.146,0.871,1,0.871,"off:PREDICTIVE|def:NOT_PREDICTIVE","LOW","MODELED"
2026,2,"pass_epa_vs_pass_defense","GB","LV",0.0716,-0.0504,0.871,0.7742,0.6452,"off:PREDICTIVE|def:NOT_PREDICTIVE","LOW","MODELED"
2026,2,"pass_epa_vs_pass_defense","GB","MIA",0.0716,0.0476,0.871,0.2258,0.0968,"off:PREDICTIVE|def:NOT_PREDICTIVE","LOW","MODELED"
2026,2,"pass_epa_vs_pass_defense","GB","MIN",0.0716,-0.104,0.871,0.9677,0.8387,"off:PREDICTIVE|def:NOT_PREDICTIVE","LOW","MODELED"
2026,2,"pass_epa_vs_pass_defense","GB","NE",0.0716,-0.0703,0.871,0.9032,0.7742,"off:PREDICTIVE|def:NOT_PREDICTIVE","LOW","MODELED"
2026,2,"pass_epa_vs_pass_defense","GB","NO",0.0716,-0.0546,0.871,0.8387,0.7097,"off:PREDICTIVE|def:NOT_PREDICTIVE","LOW","MODELED"
2026,2,"pass_epa_vs_pass_defense","GB","NYG",0.0716,0.1081,0.871,0.0323,-0.0968,"off:PREDICTIVE|def:NOT_PREDICTIVE","LOW","MODELED"
2026,2,"pass_epa_vs_pass_defense","GB","NYJ",0.0716,-0.01,0.871,0.4839,0.3548,"off:PREDICTIVE|def:NOT_PREDICTIVE","LOW","MODELED"
2026,2,"pass_epa_vs_pass_defense","GB","PHI",0.0716,-0.0167,0.871,0.6129,0.4839,"off:PREDICTIVE|def:NOT_PREDICTIVE","LOW","MODELED"
2026,2,"pass_epa_vs_pass_defense","GB","PIT",0.0716,-0.0049,0.871,0.4516,0.3226,"off:PREDICTIVE|def:NOT_PREDICTIVE","LOW","MODELED"
2026,2,"pass_epa_vs_pass_defense","GB","SEA",0.0716,-0.0208,0.871,0.6452,0.5161,"off:PREDICTIVE|def:NOT_PREDICTIVE","LOW","MODELED"
2026,2,"pass_epa_vs_pass_defense","GB","SF",0.0716,-0.0142,0.871,0.5161,0.3871,"off:PREDICTIVE|def:NOT_PREDICTIVE","LOW","MODELED"
2026,2,"pass_epa_vs_pass_defense","GB","TB",0.0716,0.0701,0.871,0.129,0,"off:PREDICTIVE|def:NOT_PREDICTIVE","LOW","MODELED"
2026,2,"pass_epa_vs_pass_defense","GB","TEN",0.0716,0.0972,0.871,0.0645,-0.0645,"off:PREDICTIVE|def:NOT_PREDICTIVE","LOW","MODELED"
2026,2,"pass_epa_vs_pass_defense","GB","WAS",0.0716,0.122,0.871,0,-0.129,"off:PREDICTIVE|def:NOT_PREDICTIVE","LOW","MODELED"
2026,2,"pass_epa_vs_pass_defense","HOU","ARI",-0.0712,-0.0165,0.129,0.5806,-0.2903,"off:PREDICTIVE|def:NOT_PREDICTIVE","LOW","MODELED"
2026,2,"pass_epa_vs_pass_defense","HOU","ATL",-0.0712,-0.0299,0.129,0.7419,-0.129,"off:PREDICTIVE|def:NOT_PREDICTIVE","LOW","MODELED"
2026,2,"pass_epa_vs_pass_defense","HOU","BAL",-0.0712,-0.0514,0.129,0.8065,-0.0645,"off:PREDICTIVE|def:NOT_PREDICTIVE","LOW","MODELED"
2026,2,"pass_epa_vs_pass_defense","HOU","BUF",-0.0712,0.0374,0.129,0.2581,-0.6129,"off:PREDICTIVE|def:NOT_PREDICTIVE","LOW","MODELED"
2026,2,"pass_epa_vs_pass_defense","HOU","CAR",-0.0712,0.0321,0.129,0.3226,-0.5484,"off:PREDICTIVE|def:NOT_PREDICTIVE","LOW","MODELED"
2026,2,"pass_epa_vs_pass_defense","HOU","CHI",-0.0712,-0.0159,0.129,0.5484,-0.3226,"off:PREDICTIVE|def:NOT_PREDICTIVE","LOW","MODELED"
2026,2,"pass_epa_vs_pass_defense","HOU","CIN",-0.0712,0.0555,0.129,0.1935,-0.6774,"off:PREDICTIVE|def:NOT_PREDICTIVE","LOW","MODELED"
2026,2,"pass_epa_vs_pass_defense","HOU","CLE",-0.0712,0.0365,0.129,0.2903,-0.5806,"off:PREDICTIVE|def:NOT_PREDICTIVE","LOW","MODELED"
2026,2,"pass_epa_vs_pass_defense","HOU","DAL",-0.0712,0.075,0.129,0.0968,-0.7742,"off:PREDICTIVE|def:NOT_PREDICTIVE","LOW","MODELED"
2026,2,"pass_epa_vs_pass_defense","HOU","DEN",-0.0712,-0.0873,0.129,0.9355,0.0645,"off:PREDICTIVE|def:NOT_PREDICTIVE","LOW","MODELED"
2026,2,"pass_epa_vs_pass_defense","HOU","DET",-0.0712,-0.0689,0.129,0.871,0,"off:PREDICTIVE|def:NOT_PREDICTIVE","LOW","MODELED"
2026,2,"pass_epa_vs_pass_defense","HOU","GB",-0.0712,0.0166,0.129,0.3871,-0.4839,"off:PREDICTIVE|def:NOT_PREDICTIVE","LOW","MODELED"
2026,2,"pass_epa_vs_pass_defense","HOU","IND",-0.0712,0.0069,0.129,0.4194,-0.4516,"off:PREDICTIVE|def:NOT_PREDICTIVE","LOW","MODELED"
2026,2,"pass_epa_vs_pass_defense","HOU","JAX",-0.0712,0.0229,0.129,0.3548,-0.5161,"off:PREDICTIVE|def:NOT_PREDICTIVE","LOW","MODELED"
2026,2,"pass_epa_vs_pass_defense","HOU","KC",-0.0712,-0.0232,0.129,0.6774,-0.1935,"off:PREDICTIVE|def:NOT_PREDICTIVE","LOW","MODELED"
2026,2,"pass_epa_vs_pass_defense","HOU","LAC",-0.0712,0.0615,0.129,0.1613,-0.7097,"off:PREDICTIVE|def:NOT_PREDICTIVE","LOW","MODELED"
2026,2,"pass_epa_vs_pass_defense","HOU","LAR",-0.0712,-0.146,0.129,1,0.129,"off:PREDICTIVE|def:NOT_PREDICTIVE","LOW","MODELED"
2026,2,"pass_epa_vs_pass_defense","HOU","LV",-0.0712,-0.0504,0.129,0.7742,-0.0968,"off:PREDICTIVE|def:NOT_PREDICTIVE","LOW","MODELED"
2026,2,"pass_epa_vs_pass_defense","HOU","MIA",-0.0712,0.0476,0.129,0.2258,-0.6452,"off:PREDICTIVE|def:NOT_PREDICTIVE","LOW","MODELED"
2026,2,"pass_epa_vs_pass_defense","HOU","MIN",-0.0712,-0.104,0.129,0.9677,0.0968,"off:PREDICTIVE|def:NOT_PREDICTIVE","LOW","MODELED"
2026,2,"pass_epa_vs_pass_defense","HOU","NE",-0.0712,-0.0703,0.129,0.9032,0.0323,"off:PREDICTIVE|def:NOT_PREDICTIVE","LOW","MODELED"
2026,2,"pass_epa_vs_pass_defense","HOU","NO",-0.0712,-0.0546,0.129,0.8387,-0.0323,"off:PREDICTIVE|def:NOT_PREDICTIVE","LOW","MODELED"
2026,2,"pass_epa_vs_pass_defense","HOU","NYG",-0.0712,0.1081,0.129,0.0323,-0.8387,"off:PREDICTIVE|def:NOT_PREDICTIVE","LOW","MODELED"
2026,2,"pass_epa_vs_pass_defense","HOU","NYJ",-0.0712,-0.01,0.129,0.4839,-0.3871,"off:PREDICTIVE|def:NOT_PREDICTIVE","LOW","MODELED"
2026,2,"pass_epa_vs_pass_defense","HOU","PHI",-0.0712,-0.0167,0.129,0.6129,-0.2581,"off:PREDICTIVE|def:NOT_PREDICTIVE","LOW","MODELED"
2026,2,"pass_epa_vs_pass_defense","HOU","PIT",-0.0712,-0.0049,0.129,0.4516,-0.4194,"off:PREDICTIVE|def:NOT_PREDICTIVE","LOW","MODELED"
2026,2,"pass_epa_vs_pass_defense","HOU","SEA",-0.0712,-0.0208,0.129,0.6452,-0.2258,"off:PREDICTIVE|def:NOT_PREDICTIVE","LOW","MODELED"
2026,2,"pass_epa_vs_pass_defense","HOU","SF",-0.0712,-0.0142,0.129,0.5161,-0.3548,"off:PREDICTIVE|def:NOT_PREDICTIVE","LOW","MODELED"
2026,2,"pass_epa_vs_pass_defense","HOU","TB",-0.0712,0.0701,0.129,0.129,-0.7419,"off:PREDICTIVE|def:NOT_PREDICTIVE","LOW","MODELED"
2026,2,"pass_epa_vs_pass_defense","HOU","TEN",-0.0712,0.0972,0.129,0.0645,-0.8065,"off:PREDICTIVE|def:NOT_PREDICTIVE","LOW","MODELED"
2026,2,"pass_epa_vs_pass_defense","HOU","WAS",-0.0712,0.122,0.129,0,-0.871,"off:PREDICTIVE|def:NOT_PREDICTIVE","LOW","MODELED"
2026,2,"pass_epa_vs_pass_defense","IND","ARI",-0.012,-0.0165,0.4839,0.5806,0.0645,"off:PREDICTIVE|def:NOT_PREDICTIVE","LOW","MODELED"
2026,2,"pass_epa_vs_pass_defense","IND","ATL",-0.012,-0.0299,0.4839,0.7419,0.2258,"off:PREDICTIVE|def:NOT_PREDICTIVE","LOW","MODELED"
2026,2,"pass_epa_vs_pass_defense","IND","BAL",-0.012,-0.0514,0.4839,0.8065,0.2903,"off:PREDICTIVE|def:NOT_PREDICTIVE","LOW","MODELED"
2026,2,"pass_epa_vs_pass_defense","IND","BUF",-0.012,0.0374,0.4839,0.2581,-0.2581,"off:PREDICTIVE|def:NOT_PREDICTIVE","LOW","MODELED"
2026,2,"pass_epa_vs_pass_defense","IND","CAR",-0.012,0.0321,0.4839,0.3226,-0.1935,"off:PREDICTIVE|def:NOT_PREDICTIVE","LOW","MODELED"
2026,2,"pass_epa_vs_pass_defense","IND","CHI",-0.012,-0.0159,0.4839,0.5484,0.0323,"off:PREDICTIVE|def:NOT_PREDICTIVE","LOW","MODELED"
2026,2,"pass_epa_vs_pass_defense","IND","CIN",-0.012,0.0555,0.4839,0.1935,-0.3226,"off:PREDICTIVE|def:NOT_PREDICTIVE","LOW","MODELED"
2026,2,"pass_epa_vs_pass_defense","IND","CLE",-0.012,0.0365,0.4839,0.2903,-0.2258,"off:PREDICTIVE|def:NOT_PREDICTIVE","LOW","MODELED"
2026,2,"pass_epa_vs_pass_defense","IND","DAL",-0.012,0.075,0.4839,0.0968,-0.4194,"off:PREDICTIVE|def:NOT_PREDICTIVE","LOW","MODELED"
2026,2,"pass_epa_vs_pass_defense","IND","DEN",-0.012,-0.0873,0.4839,0.9355,0.4194,"off:PREDICTIVE|def:NOT_PREDICTIVE","LOW","MODELED"
2026,2,"pass_epa_vs_pass_defense","IND","DET",-0.012,-0.0689,0.4839,0.871,0.3548,"off:PREDICTIVE|def:NOT_PREDICTIVE","LOW","MODELED"
2026,2,"pass_epa_vs_pass_defense","IND","GB",-0.012,0.0166,0.4839,0.3871,-0.129,"off:PREDICTIVE|def:NOT_PREDICTIVE","LOW","MODELED"
2026,2,"pass_epa_vs_pass_defense","IND","HOU",-0.012,-0.0276,0.4839,0.7097,0.1935,"off:PREDICTIVE|def:NOT_PREDICTIVE","LOW","MODELED"
2026,2,"pass_epa_vs_pass_defense","IND","JAX",-0.012,0.0229,0.4839,0.3548,-0.1613,"off:PREDICTIVE|def:NOT_PREDICTIVE","LOW","MODELED"
2026,2,"pass_epa_vs_pass_defense","IND","KC",-0.012,-0.0232,0.4839,0.6774,0.1613,"off:PREDICTIVE|def:NOT_PREDICTIVE","LOW","MODELED"
2026,2,"pass_epa_vs_pass_defense","IND","LAC",-0.012,0.0615,0.4839,0.1613,-0.3548,"off:PREDICTIVE|def:NOT_PREDICTIVE","LOW","MODELED"
2026,2,"pass_epa_vs_pass_defense","IND","LAR",-0.012,-0.146,0.4839,1,0.4839,"off:PREDICTIVE|def:NOT_PREDICTIVE","LOW","MODELED"
2026,2,"pass_epa_vs_pass_defense","IND","LV",-0.012,-0.0504,0.4839,0.7742,0.2581,"off:PREDICTIVE|def:NOT_PREDICTIVE","LOW","MODELED"
2026,2,"pass_epa_vs_pass_defense","IND","MIA",-0.012,0.0476,0.4839,0.2258,-0.2903,"off:PREDICTIVE|def:NOT_PREDICTIVE","LOW","MODELED"
2026,2,"pass_epa_vs_pass_defense","IND","MIN",-0.012,-0.104,0.4839,0.9677,0.4516,"off:PREDICTIVE|def:NOT_PREDICTIVE","LOW","MODELED"
2026,2,"pass_epa_vs_pass_defense","IND","NE",-0.012,-0.0703,0.4839,0.9032,0.3871,"off:PREDICTIVE|def:NOT_PREDICTIVE","LOW","MODELED"
2026,2,"pass_epa_vs_pass_defense","IND","NO",-0.012,-0.0546,0.4839,0.8387,0.3226,"off:PREDICTIVE|def:NOT_PREDICTIVE","LOW","MODELED"
2026,2,"pass_epa_vs_pass_defense","IND","NYG",-0.012,0.1081,0.4839,0.0323,-0.4839,"off:PREDICTIVE|def:NOT_PREDICTIVE","LOW","MODELED"
2026,2,"pass_epa_vs_pass_defense","IND","NYJ",-0.012,-0.01,0.4839,0.4839,-0.0323,"off:PREDICTIVE|def:NOT_PREDICTIVE","LOW","MODELED"
2026,2,"pass_epa_vs_pass_defense","IND","PHI",-0.012,-0.0167,0.4839,0.6129,0.0968,"off:PREDICTIVE|def:NOT_PREDICTIVE","LOW","MODELED"
2026,2,"pass_epa_vs_pass_defense","IND","PIT",-0.012,-0.0049,0.4839,0.4516,-0.0645,"off:PREDICTIVE|def:NOT_PREDICTIVE","LOW","MODELED"
2026,2,"pass_epa_vs_pass_defense","IND","SEA",-0.012,-0.0208,0.4839,0.6452,0.129,"off:PREDICTIVE|def:NOT_PREDICTIVE","LOW","MODELED"
2026,2,"pass_epa_vs_pass_defense","IND","SF",-0.012,-0.0142,0.4839,0.5161,0,"off:PREDICTIVE|def:NOT_PREDICTIVE","LOW","MODELED"
2026,2,"pass_epa_vs_pass_defense","IND","TB",-0.012,0.0701,0.4839,0.129,-0.3871,"off:PREDICTIVE|def:NOT_PREDICTIVE","LOW","MODELED"
2026,2,"pass_epa_vs_pass_defense","IND","TEN",-0.012,0.0972,0.4839,0.0645,-0.4516,"off:PREDICTIVE|def:NOT_PREDICTIVE","LOW","MODELED"
2026,2,"pass_epa_vs_pass_defense","IND","WAS",-0.012,0.122,0.4839,0,-0.5161,"off:PREDICTIVE|def:NOT_PREDICTIVE","LOW","MODELED"
2026,2,"pass_epa_vs_pass_defense","JAX","ARI",0.0433,-0.0165,0.7097,0.5806,0.2903,"off:PREDICTIVE|def:NOT_PREDICTIVE","LOW","MODELED"
2026,2,"pass_epa_vs_pass_defense","JAX","ATL",0.0433,-0.0299,0.7097,0.7419,0.4516,"off:PREDICTIVE|def:NOT_PREDICTIVE","LOW","MODELED"
2026,2,"pass_epa_vs_pass_defense","JAX","BAL",0.0433,-0.0514,0.7097,0.8065,0.5161,"off:PREDICTIVE|def:NOT_PREDICTIVE","LOW","MODELED"
2026,2,"pass_epa_vs_pass_defense","JAX","BUF",0.0433,0.0374,0.7097,0.2581,-0.0323,"off:PREDICTIVE|def:NOT_PREDICTIVE","LOW","MODELED"
2026,2,"pass_epa_vs_pass_defense","JAX","CAR",0.0433,0.0321,0.7097,0.3226,0.0323,"off:PREDICTIVE|def:NOT_PREDICTIVE","LOW","MODELED"
2026,2,"pass_epa_vs_pass_defense","JAX","CHI",0.0433,-0.0159,0.7097,0.5484,0.2581,"off:PREDICTIVE|def:NOT_PREDICTIVE","LOW","MODELED"
2026,2,"pass_epa_vs_pass_defense","JAX","CIN",0.0433,0.0555,0.7097,0.1935,-0.0968,"off:PREDICTIVE|def:NOT_PREDICTIVE","LOW","MODELED"
2026,2,"pass_epa_vs_pass_defense","JAX","CLE",0.0433,0.0365,0.7097,0.2903,0,"off:PREDICTIVE|def:NOT_PREDICTIVE","LOW","MODELED"
2026,2,"pass_epa_vs_pass_defense","JAX","DAL",0.0433,0.075,0.7097,0.0968,-0.1935,"off:PREDICTIVE|def:NOT_PREDICTIVE","LOW","MODELED"
2026,2,"pass_epa_vs_pass_defense","JAX","DEN",0.0433,-0.0873,0.7097,0.9355,0.6452,"off:PREDICTIVE|def:NOT_PREDICTIVE","LOW","MODELED"
2026,2,"pass_epa_vs_pass_defense","JAX","DET",0.0433,-0.0689,0.7097,0.871,0.5806,"off:PREDICTIVE|def:NOT_PREDICTIVE","LOW","MODELED"
2026,2,"pass_epa_vs_pass_defense","JAX","GB",0.0433,0.0166,0.7097,0.3871,0.0968,"off:PREDICTIVE|def:NOT_PREDICTIVE","LOW","MODELED"
2026,2,"pass_epa_vs_pass_defense","JAX","HOU",0.0433,-0.0276,0.7097,0.7097,0.4194,"off:PREDICTIVE|def:NOT_PREDICTIVE","LOW","MODELED"
2026,2,"pass_epa_vs_pass_defense","JAX","IND",0.0433,0.0069,0.7097,0.4194,0.129,"off:PREDICTIVE|def:NOT_PREDICTIVE","LOW","MODELED"
2026,2,"pass_epa_vs_pass_defense","JAX","KC",0.0433,-0.0232,0.7097,0.6774,0.3871,"off:PREDICTIVE|def:NOT_PREDICTIVE","LOW","MODELED"
2026,2,"pass_epa_vs_pass_defense","JAX","LAC",0.0433,0.0615,0.7097,0.1613,-0.129,"off:PREDICTIVE|def:NOT_PREDICTIVE","LOW","MODELED"
2026,2,"pass_epa_vs_pass_defense","JAX","LAR",0.0433,-0.146,0.7097,1,0.7097,"off:PREDICTIVE|def:NOT_PREDICTIVE","LOW","MODELED"
2026,2,"pass_epa_vs_pass_defense","JAX","LV",0.0433,-0.0504,0.7097,0.7742,0.4839,"off:PREDICTIVE|def:NOT_PREDICTIVE","LOW","MODELED"
2026,2,"pass_epa_vs_pass_defense","JAX","MIA",0.0433,0.0476,0.7097,0.2258,-0.0645,"off:PREDICTIVE|def:NOT_PREDICTIVE","LOW","MODELED"
2026,2,"pass_epa_vs_pass_defense","JAX","MIN",0.0433,-0.104,0.7097,0.9677,0.6774,"off:PREDICTIVE|def:NOT_PREDICTIVE","LOW","MODELED"
2026,2,"pass_epa_vs_pass_defense","JAX","NE",0.0433,-0.0703,0.7097,0.9032,0.6129,"off:PREDICTIVE|def:NOT_PREDICTIVE","LOW","MODELED"
2026,2,"pass_epa_vs_pass_defense","JAX","NO",0.0433,-0.0546,0.7097,0.8387,0.5484,"off:PREDICTIVE|def:NOT_PREDICTIVE","LOW","MODELED"
2026,2,"pass_epa_vs_pass_defense","JAX","NYG",0.0433,0.1081,0.7097,0.0323,-0.2581,"off:PREDICTIVE|def:NOT_PREDICTIVE","LOW","MODELED"
2026,2,"pass_epa_vs_pass_defense","JAX","NYJ",0.0433,-0.01,0.7097,0.4839,0.1935,"off:PREDICTIVE|def:NOT_PREDICTIVE","LOW","MODELED"
2026,2,"pass_epa_vs_pass_defense","JAX","PHI",0.0433,-0.0167,0.7097,0.6129,0.3226,"off:PREDICTIVE|def:NOT_PREDICTIVE","LOW","MODELED"
2026,2,"pass_epa_vs_pass_defense","JAX","PIT",0.0433,-0.0049,0.7097,0.4516,0.1613,"off:PREDICTIVE|def:NOT_PREDICTIVE","LOW","MODELED"
2026,2,"pass_epa_vs_pass_defense","JAX","SEA",0.0433,-0.0208,0.7097,0.6452,0.3548,"off:PREDICTIVE|def:NOT_PREDICTIVE","LOW","MODELED"
2026,2,"pass_epa_vs_pass_defense","JAX","SF",0.0433,-0.0142,0.7097,0.5161,0.2258,"off:PREDICTIVE|def:NOT_PREDICTIVE","LOW","MODELED"
2026,2,"pass_epa_vs_pass_defense","JAX","TB",0.0433,0.0701,0.7097,0.129,-0.1613,"off:PREDICTIVE|def:NOT_PREDICTIVE","LOW","MODELED"
2026,2,"pass_epa_vs_pass_defense","JAX","TEN",0.0433,0.0972,0.7097,0.0645,-0.2258,"off:PREDICTIVE|def:NOT_PREDICTIVE","LOW","MODELED"
2026,2,"pass_epa_vs_pass_defense","JAX","WAS",0.0433,0.122,0.7097,0,-0.2903,"off:PREDICTIVE|def:NOT_PREDICTIVE","LOW","MODELED"
2026,2,"pass_epa_vs_pass_defense","KC","ARI",0.0712,-0.0165,0.8387,0.5806,0.4194,"off:PREDICTIVE|def:NOT_PREDICTIVE","LOW","MODELED"
2026,2,"pass_epa_vs_pass_defense","KC","ATL",0.0712,-0.0299,0.8387,0.7419,0.5806,"off:PREDICTIVE|def:NOT_PREDICTIVE","LOW","MODELED"
2026,2,"pass_epa_vs_pass_defense","KC","BAL",0.0712,-0.0514,0.8387,0.8065,0.6452,"off:PREDICTIVE|def:NOT_PREDICTIVE","LOW","MODELED"
2026,2,"pass_epa_vs_pass_defense","KC","BUF",0.0712,0.0374,0.8387,0.2581,0.0968,"off:PREDICTIVE|def:NOT_PREDICTIVE","LOW","MODELED"
2026,2,"pass_epa_vs_pass_defense","KC","CAR",0.0712,0.0321,0.8387,0.3226,0.1613,"off:PREDICTIVE|def:NOT_PREDICTIVE","LOW","MODELED"
2026,2,"pass_epa_vs_pass_defense","KC","CHI",0.0712,-0.0159,0.8387,0.5484,0.3871,"off:PREDICTIVE|def:NOT_PREDICTIVE","LOW","MODELED"
2026,2,"pass_epa_vs_pass_defense","KC","CIN",0.0712,0.0555,0.8387,0.1935,0.0323,"off:PREDICTIVE|def:NOT_PREDICTIVE","LOW","MODELED"
2026,2,"pass_epa_vs_pass_defense","KC","CLE",0.0712,0.0365,0.8387,0.2903,0.129,"off:PREDICTIVE|def:NOT_PREDICTIVE","LOW","MODELED"
2026,2,"pass_epa_vs_pass_defense","KC","DAL",0.0712,0.075,0.8387,0.0968,-0.0645,"off:PREDICTIVE|def:NOT_PREDICTIVE","LOW","MODELED"
2026,2,"pass_epa_vs_pass_defense","KC","DEN",0.0712,-0.0873,0.8387,0.9355,0.7742,"off:PREDICTIVE|def:NOT_PREDICTIVE","LOW","MODELED"
2026,2,"pass_epa_vs_pass_defense","KC","DET",0.0712,-0.0689,0.8387,0.871,0.7097,"off:PREDICTIVE|def:NOT_PREDICTIVE","LOW","MODELED"
2026,2,"pass_epa_vs_pass_defense","KC","GB",0.0712,0.0166,0.8387,0.3871,0.2258,"off:PREDICTIVE|def:NOT_PREDICTIVE","LOW","MODELED"
2026,2,"pass_epa_vs_pass_defense","KC","HOU",0.0712,-0.0276,0.8387,0.7097,0.5484,"off:PREDICTIVE|def:NOT_PREDICTIVE","LOW","MODELED"
2026,2,"pass_epa_vs_pass_defense","KC","IND",0.0712,0.0069,0.8387,0.4194,0.2581,"off:PREDICTIVE|def:NOT_PREDICTIVE","LOW","MODELED"
2026,2,"pass_epa_vs_pass_defense","KC","JAX",0.0712,0.0229,0.8387,0.3548,0.1935,"off:PREDICTIVE|def:NOT_PREDICTIVE","LOW","MODELED"
2026,2,"pass_epa_vs_pass_defense","KC","LAC",0.0712,0.0615,0.8387,0.1613,0,"off:PREDICTIVE|def:NOT_PREDICTIVE","LOW","MODELED"
2026,2,"pass_epa_vs_pass_defense","KC","LAR",0.0712,-0.146,0.8387,1,0.8387,"off:PREDICTIVE|def:NOT_PREDICTIVE","LOW","MODELED"
2026,2,"pass_epa_vs_pass_defense","KC","LV",0.0712,-0.0504,0.8387,0.7742,0.6129,"off:PREDICTIVE|def:NOT_PREDICTIVE","LOW","MODELED"
2026,2,"pass_epa_vs_pass_defense","KC","MIA",0.0712,0.0476,0.8387,0.2258,0.0645,"off:PREDICTIVE|def:NOT_PREDICTIVE","LOW","MODELED"
2026,2,"pass_epa_vs_pass_defense","KC","MIN",0.0712,-0.104,0.8387,0.9677,0.8065,"off:PREDICTIVE|def:NOT_PREDICTIVE","LOW","MODELED"
2026,2,"pass_epa_vs_pass_defense","KC","NE",0.0712,-0.0703,0.8387,0.9032,0.7419,"off:PREDICTIVE|def:NOT_PREDICTIVE","LOW","MODELED"
2026,2,"pass_epa_vs_pass_defense","KC","NO",0.0712,-0.0546,0.8387,0.8387,0.6774,"off:PREDICTIVE|def:NOT_PREDICTIVE","LOW","MODELED"
2026,2,"pass_epa_vs_pass_defense","KC","NYG",0.0712,0.1081,0.8387,0.0323,-0.129,"off:PREDICTIVE|def:NOT_PREDICTIVE","LOW","MODELED"
2026,2,"pass_epa_vs_pass_defense","KC","NYJ",0.0712,-0.01,0.8387,0.4839,0.3226,"off:PREDICTIVE|def:NOT_PREDICTIVE","LOW","MODELED"
2026,2,"pass_epa_vs_pass_defense","KC","PHI",0.0712,-0.0167,0.8387,0.6129,0.4516,"off:PREDICTIVE|def:NOT_PREDICTIVE","LOW","MODELED"
2026,2,"pass_epa_vs_pass_defense","KC","PIT",0.0712,-0.0049,0.8387,0.4516,0.2903,"off:PREDICTIVE|def:NOT_PREDICTIVE","LOW","MODELED"
2026,2,"pass_epa_vs_pass_defense","KC","SEA",0.0712,-0.0208,0.8387,0.6452,0.4839,"off:PREDICTIVE|def:NOT_PREDICTIVE","LOW","MODELED"
2026,2,"pass_epa_vs_pass_defense","KC","SF",0.0712,-0.0142,0.8387,0.5161,0.3548,"off:PREDICTIVE|def:NOT_PREDICTIVE","LOW","MODELED"
2026,2,"pass_epa_vs_pass_defense","KC","TB",0.0712,0.0701,0.8387,0.129,-0.0323,"off:PREDICTIVE|def:NOT_PREDICTIVE","LOW","MODELED"
2026,2,"pass_epa_vs_pass_defense","KC","TEN",0.0712,0.0972,0.8387,0.0645,-0.0968,"off:PREDICTIVE|def:NOT_PREDICTIVE","LOW","MODELED"
2026,2,"pass_epa_vs_pass_defense","KC","WAS",0.0712,0.122,0.8387,0,-0.1613,"off:PREDICTIVE|def:NOT_PREDICTIVE","LOW","MODELED"
2026,2,"pass_epa_vs_pass_defense","LAC","ARI",0.0126,-0.0165,0.5484,0.5806,0.129,"off:PREDICTIVE|def:NOT_PREDICTIVE","LOW","MODELED"
2026,2,"pass_epa_vs_pass_defense","LAC","ATL",0.0126,-0.0299,0.5484,0.7419,0.2903,"off:PREDICTIVE|def:NOT_PREDICTIVE","LOW","MODELED"
2026,2,"pass_epa_vs_pass_defense","LAC","BAL",0.0126,-0.0514,0.5484,0.8065,0.3548,"off:PREDICTIVE|def:NOT_PREDICTIVE","LOW","MODELED"
2026,2,"pass_epa_vs_pass_defense","LAC","BUF",0.0126,0.0374,0.5484,0.2581,-0.1935,"off:PREDICTIVE|def:NOT_PREDICTIVE","LOW","MODELED"
2026,2,"pass_epa_vs_pass_defense","LAC","CAR",0.0126,0.0321,0.5484,0.3226,-0.129,"off:PREDICTIVE|def:NOT_PREDICTIVE","LOW","MODELED"
2026,2,"pass_epa_vs_pass_defense","LAC","CHI",0.0126,-0.0159,0.5484,0.5484,0.0968,"off:PREDICTIVE|def:NOT_PREDICTIVE","LOW","MODELED"
2026,2,"pass_epa_vs_pass_defense","LAC","CIN",0.0126,0.0555,0.5484,0.1935,-0.2581,"off:PREDICTIVE|def:NOT_PREDICTIVE","LOW","MODELED"
2026,2,"pass_epa_vs_pass_defense","LAC","CLE",0.0126,0.0365,0.5484,0.2903,-0.1613,"off:PREDICTIVE|def:NOT_PREDICTIVE","LOW","MODELED"
2026,2,"pass_epa_vs_pass_defense","LAC","DAL",0.0126,0.075,0.5484,0.0968,-0.3548,"off:PREDICTIVE|def:NOT_PREDICTIVE","LOW","MODELED"
2026,2,"pass_epa_vs_pass_defense","LAC","DEN",0.0126,-0.0873,0.5484,0.9355,0.4839,"off:PREDICTIVE|def:NOT_PREDICTIVE","LOW","MODELED"
2026,2,"pass_epa_vs_pass_defense","LAC","DET",0.0126,-0.0689,0.5484,0.871,0.4194,"off:PREDICTIVE|def:NOT_PREDICTIVE","LOW","MODELED"
2026,2,"pass_epa_vs_pass_defense","LAC","GB",0.0126,0.0166,0.5484,0.3871,-0.0645,"off:PREDICTIVE|def:NOT_PREDICTIVE","LOW","MODELED"
2026,2,"pass_epa_vs_pass_defense","LAC","HOU",0.0126,-0.0276,0.5484,0.7097,0.2581,"off:PREDICTIVE|def:NOT_PREDICTIVE","LOW","MODELED"
2026,2,"pass_epa_vs_pass_defense","LAC","IND",0.0126,0.0069,0.5484,0.4194,-0.0323,"off:PREDICTIVE|def:NOT_PREDICTIVE","LOW","MODELED"
2026,2,"pass_epa_vs_pass_defense","LAC","JAX",0.0126,0.0229,0.5484,0.3548,-0.0968,"off:PREDICTIVE|def:NOT_PREDICTIVE","LOW","MODELED"
2026,2,"pass_epa_vs_pass_defense","LAC","KC",0.0126,-0.0232,0.5484,0.6774,0.2258,"off:PREDICTIVE|def:NOT_PREDICTIVE","LOW","MODELED"
2026,2,"pass_epa_vs_pass_defense","LAC","LAR",0.0126,-0.146,0.5484,1,0.5484,"off:PREDICTIVE|def:NOT_PREDICTIVE","LOW","MODELED"
2026,2,"pass_epa_vs_pass_defense","LAC","LV",0.0126,-0.0504,0.5484,0.7742,0.3226,"off:PREDICTIVE|def:NOT_PREDICTIVE","LOW","MODELED"
2026,2,"pass_epa_vs_pass_defense","LAC","MIA",0.0126,0.0476,0.5484,0.2258,-0.2258,"off:PREDICTIVE|def:NOT_PREDICTIVE","LOW","MODELED"
2026,2,"pass_epa_vs_pass_defense","LAC","MIN",0.0126,-0.104,0.5484,0.9677,0.5161,"off:PREDICTIVE|def:NOT_PREDICTIVE","LOW","MODELED"
2026,2,"pass_epa_vs_pass_defense","LAC","NE",0.0126,-0.0703,0.5484,0.9032,0.4516,"off:PREDICTIVE|def:NOT_PREDICTIVE","LOW","MODELED"
2026,2,"pass_epa_vs_pass_defense","LAC","NO",0.0126,-0.0546,0.5484,0.8387,0.3871,"off:PREDICTIVE|def:NOT_PREDICTIVE","LOW","MODELED"
2026,2,"pass_epa_vs_pass_defense","LAC","NYG",0.0126,0.1081,0.5484,0.0323,-0.4194,"off:PREDICTIVE|def:NOT_PREDICTIVE","LOW","MODELED"
2026,2,"pass_epa_vs_pass_defense","LAC","NYJ",0.0126,-0.01,0.5484,0.4839,0.0323,"off:PREDICTIVE|def:NOT_PREDICTIVE","LOW","MODELED"
2026,2,"pass_epa_vs_pass_defense","LAC","PHI",0.0126,-0.0167,0.5484,0.6129,0.1613,"off:PREDICTIVE|def:NOT_PREDICTIVE","LOW","MODELED"
2026,2,"pass_epa_vs_pass_defense","LAC","PIT",0.0126,-0.0049,0.5484,0.4516,0,"off:PREDICTIVE|def:NOT_PREDICTIVE","LOW","MODELED"
2026,2,"pass_epa_vs_pass_defense","LAC","SEA",0.0126,-0.0208,0.5484,0.6452,0.1935,"off:PREDICTIVE|def:NOT_PREDICTIVE","LOW","MODELED"
2026,2,"pass_epa_vs_pass_defense","LAC","SF",0.0126,-0.0142,0.5484,0.5161,0.0645,"off:PREDICTIVE|def:NOT_PREDICTIVE","LOW","MODELED"
2026,2,"pass_epa_vs_pass_defense","LAC","TB",0.0126,0.0701,0.5484,0.129,-0.3226,"off:PREDICTIVE|def:NOT_PREDICTIVE","LOW","MODELED"
2026,2,"pass_epa_vs_pass_defense","LAC","TEN",0.0126,0.0972,0.5484,0.0645,-0.3871,"off:PREDICTIVE|def:NOT_PREDICTIVE","LOW","MODELED"
2026,2,"pass_epa_vs_pass_defense","LAC","WAS",0.0126,0.122,0.5484,0,-0.4516,"off:PREDICTIVE|def:NOT_PREDICTIVE","LOW","MODELED"
2026,2,"pass_epa_vs_pass_defense","LAR","ARI",0.0133,-0.0165,0.5806,0.5806,0.1613,"off:PREDICTIVE|def:NOT_PREDICTIVE","LOW","MODELED"
2026,2,"pass_epa_vs_pass_defense","LAR","ATL",0.0133,-0.0299,0.5806,0.7419,0.3226,"off:PREDICTIVE|def:NOT_PREDICTIVE","LOW","MODELED"
2026,2,"pass_epa_vs_pass_defense","LAR","BAL",0.0133,-0.0514,0.5806,0.8065,0.3871,"off:PREDICTIVE|def:NOT_PREDICTIVE","LOW","MODELED"
2026,2,"pass_epa_vs_pass_defense","LAR","BUF",0.0133,0.0374,0.5806,0.2581,-0.1613,"off:PREDICTIVE|def:NOT_PREDICTIVE","LOW","MODELED"
2026,2,"pass_epa_vs_pass_defense","LAR","CAR",0.0133,0.0321,0.5806,0.3226,-0.0968,"off:PREDICTIVE|def:NOT_PREDICTIVE","LOW","MODELED"
2026,2,"pass_epa_vs_pass_defense","LAR","CHI",0.0133,-0.0159,0.5806,0.5484,0.129,"off:PREDICTIVE|def:NOT_PREDICTIVE","LOW","MODELED"
2026,2,"pass_epa_vs_pass_defense","LAR","CIN",0.0133,0.0555,0.5806,0.1935,-0.2258,"off:PREDICTIVE|def:NOT_PREDICTIVE","LOW","MODELED"
2026,2,"pass_epa_vs_pass_defense","LAR","CLE",0.0133,0.0365,0.5806,0.2903,-0.129,"off:PREDICTIVE|def:NOT_PREDICTIVE","LOW","MODELED"
2026,2,"pass_epa_vs_pass_defense","LAR","DAL",0.0133,0.075,0.5806,0.0968,-0.3226,"off:PREDICTIVE|def:NOT_PREDICTIVE","LOW","MODELED"
2026,2,"pass_epa_vs_pass_defense","LAR","DEN",0.0133,-0.0873,0.5806,0.9355,0.5161,"off:PREDICTIVE|def:NOT_PREDICTIVE","LOW","MODELED"
2026,2,"pass_epa_vs_pass_defense","LAR","DET",0.0133,-0.0689,0.5806,0.871,0.4516,"off:PREDICTIVE|def:NOT_PREDICTIVE","LOW","MODELED"
2026,2,"pass_epa_vs_pass_defense","LAR","GB",0.0133,0.0166,0.5806,0.3871,-0.0323,"off:PREDICTIVE|def:NOT_PREDICTIVE","LOW","MODELED"
2026,2,"pass_epa_vs_pass_defense","LAR","HOU",0.0133,-0.0276,0.5806,0.7097,0.2903,"off:PREDICTIVE|def:NOT_PREDICTIVE","LOW","MODELED"
2026,2,"pass_epa_vs_pass_defense","LAR","IND",0.0133,0.0069,0.5806,0.4194,0,"off:PREDICTIVE|def:NOT_PREDICTIVE","LOW","MODELED"
2026,2,"pass_epa_vs_pass_defense","LAR","JAX",0.0133,0.0229,0.5806,0.3548,-0.0645,"off:PREDICTIVE|def:NOT_PREDICTIVE","LOW","MODELED"
2026,2,"pass_epa_vs_pass_defense","LAR","KC",0.0133,-0.0232,0.5806,0.6774,0.2581,"off:PREDICTIVE|def:NOT_PREDICTIVE","LOW","MODELED"
2026,2,"pass_epa_vs_pass_defense","LAR","LAC",0.0133,0.0615,0.5806,0.1613,-0.2581,"off:PREDICTIVE|def:NOT_PREDICTIVE","LOW","MODELED"
2026,2,"pass_epa_vs_pass_defense","LAR","LV",0.0133,-0.0504,0.5806,0.7742,0.3548,"off:PREDICTIVE|def:NOT_PREDICTIVE","LOW","MODELED"
2026,2,"pass_epa_vs_pass_defense","LAR","MIA",0.0133,0.0476,0.5806,0.2258,-0.1935,"off:PREDICTIVE|def:NOT_PREDICTIVE","LOW","MODELED"
2026,2,"pass_epa_vs_pass_defense","LAR","MIN",0.0133,-0.104,0.5806,0.9677,0.5484,"off:PREDICTIVE|def:NOT_PREDICTIVE","LOW","MODELED"
2026,2,"pass_epa_vs_pass_defense","LAR","NE",0.0133,-0.0703,0.5806,0.9032,0.4839,"off:PREDICTIVE|def:NOT_PREDICTIVE","LOW","MODELED"
2026,2,"pass_epa_vs_pass_defense","LAR","NO",0.0133,-0.0546,0.5806,0.8387,0.4194,"off:PREDICTIVE|def:NOT_PREDICTIVE","LOW","MODELED"
2026,2,"pass_epa_vs_pass_defense","LAR","NYG",0.0133,0.1081,0.5806,0.0323,-0.3871,"off:PREDICTIVE|def:NOT_PREDICTIVE","LOW","MODELED"
2026,2,"pass_epa_vs_pass_defense","LAR","NYJ",0.0133,-0.01,0.5806,0.4839,0.0645,"off:PREDICTIVE|def:NOT_PREDICTIVE","LOW","MODELED"
2026,2,"pass_epa_vs_pass_defense","LAR","PHI",0.0133,-0.0167,0.5806,0.6129,0.1935,"off:PREDICTIVE|def:NOT_PREDICTIVE","LOW","MODELED"
2026,2,"pass_epa_vs_pass_defense","LAR","PIT",0.0133,-0.0049,0.5806,0.4516,0.0323,"off:PREDICTIVE|def:NOT_PREDICTIVE","LOW","MODELED"
2026,2,"pass_epa_vs_pass_defense","LAR","SEA",0.0133,-0.0208,0.5806,0.6452,0.2258,"off:PREDICTIVE|def:NOT_PREDICTIVE","LOW","MODELED"
2026,2,"pass_epa_vs_pass_defense","LAR","SF",0.0133,-0.0142,0.5806,0.5161,0.0968,"off:PREDICTIVE|def:NOT_PREDICTIVE","LOW","MODELED"
2026,2,"pass_epa_vs_pass_defense","LAR","TB",0.0133,0.0701,0.5806,0.129,-0.2903,"off:PREDICTIVE|def:NOT_PREDICTIVE","LOW","MODELED"
2026,2,"pass_epa_vs_pass_defense","LAR","TEN",0.0133,0.0972,0.5806,0.0645,-0.3548,"off:PREDICTIVE|def:NOT_PREDICTIVE","LOW","MODELED"
2026,2,"pass_epa_vs_pass_defense","LAR","WAS",0.0133,0.122,0.5806,0,-0.4194,"off:PREDICTIVE|def:NOT_PREDICTIVE","LOW","MODELED"
2026,2,"pass_epa_vs_pass_defense","LV","ARI",-0.0802,-0.0165,0.0968,0.5806,-0.3226,"off:PREDICTIVE|def:NOT_PREDICTIVE","LOW","MODELED"
2026,2,"pass_epa_vs_pass_defense","LV","ATL",-0.0802,-0.0299,0.0968,0.7419,-0.1613,"off:PREDICTIVE|def:NOT_PREDICTIVE","LOW","MODELED"
2026,2,"pass_epa_vs_pass_defense","LV","BAL",-0.0802,-0.0514,0.0968,0.8065,-0.0968,"off:PREDICTIVE|def:NOT_PREDICTIVE","LOW","MODELED"
2026,2,"pass_epa_vs_pass_defense","LV","BUF",-0.0802,0.0374,0.0968,0.2581,-0.6452,"off:PREDICTIVE|def:NOT_PREDICTIVE","LOW","MODELED"
2026,2,"pass_epa_vs_pass_defense","LV","CAR",-0.0802,0.0321,0.0968,0.3226,-0.5806,"off:PREDICTIVE|def:NOT_PREDICTIVE","LOW","MODELED"
2026,2,"pass_epa_vs_pass_defense","LV","CHI",-0.0802,-0.0159,0.0968,0.5484,-0.3548,"off:PREDICTIVE|def:NOT_PREDICTIVE","LOW","MODELED"
2026,2,"pass_epa_vs_pass_defense","LV","CIN",-0.0802,0.0555,0.0968,0.1935,-0.7097,"off:PREDICTIVE|def:NOT_PREDICTIVE","LOW","MODELED"
2026,2,"pass_epa_vs_pass_defense","LV","CLE",-0.0802,0.0365,0.0968,0.2903,-0.6129,"off:PREDICTIVE|def:NOT_PREDICTIVE","LOW","MODELED"
2026,2,"pass_epa_vs_pass_defense","LV","DAL",-0.0802,0.075,0.0968,0.0968,-0.8065,"off:PREDICTIVE|def:NOT_PREDICTIVE","LOW","MODELED"
2026,2,"pass_epa_vs_pass_defense","LV","DEN",-0.0802,-0.0873,0.0968,0.9355,0.0323,"off:PREDICTIVE|def:NOT_PREDICTIVE","LOW","MODELED"
2026,2,"pass_epa_vs_pass_defense","LV","DET",-0.0802,-0.0689,0.0968,0.871,-0.0323,"off:PREDICTIVE|def:NOT_PREDICTIVE","LOW","MODELED"
2026,2,"pass_epa_vs_pass_defense","LV","GB",-0.0802,0.0166,0.0968,0.3871,-0.5161,"off:PREDICTIVE|def:NOT_PREDICTIVE","LOW","MODELED"
2026,2,"pass_epa_vs_pass_defense","LV","HOU",-0.0802,-0.0276,0.0968,0.7097,-0.1935,"off:PREDICTIVE|def:NOT_PREDICTIVE","LOW","MODELED"
2026,2,"pass_epa_vs_pass_defense","LV","IND",-0.0802,0.0069,0.0968,0.4194,-0.4839,"off:PREDICTIVE|def:NOT_PREDICTIVE","LOW","MODELED"
2026,2,"pass_epa_vs_pass_defense","LV","JAX",-0.0802,0.0229,0.0968,0.3548,-0.5484,"off:PREDICTIVE|def:NOT_PREDICTIVE","LOW","MODELED"
2026,2,"pass_epa_vs_pass_defense","LV","KC",-0.0802,-0.0232,0.0968,0.6774,-0.2258,"off:PREDICTIVE|def:NOT_PREDICTIVE","LOW","MODELED"
2026,2,"pass_epa_vs_pass_defense","LV","LAC",-0.0802,0.0615,0.0968,0.1613,-0.7419,"off:PREDICTIVE|def:NOT_PREDICTIVE","LOW","MODELED"
2026,2,"pass_epa_vs_pass_defense","LV","LAR",-0.0802,-0.146,0.0968,1,0.0968,"off:PREDICTIVE|def:NOT_PREDICTIVE","LOW","MODELED"
2026,2,"pass_epa_vs_pass_defense","LV","MIA",-0.0802,0.0476,0.0968,0.2258,-0.6774,"off:PREDICTIVE|def:NOT_PREDICTIVE","LOW","MODELED"
2026,2,"pass_epa_vs_pass_defense","LV","MIN",-0.0802,-0.104,0.0968,0.9677,0.0645,"off:PREDICTIVE|def:NOT_PREDICTIVE","LOW","MODELED"
2026,2,"pass_epa_vs_pass_defense","LV","NE",-0.0802,-0.0703,0.0968,0.9032,0,"off:PREDICTIVE|def:NOT_PREDICTIVE","LOW","MODELED"
2026,2,"pass_epa_vs_pass_defense","LV","NO",-0.0802,-0.0546,0.0968,0.8387,-0.0645,"off:PREDICTIVE|def:NOT_PREDICTIVE","LOW","MODELED"
2026,2,"pass_epa_vs_pass_defense","LV","NYG",-0.0802,0.1081,0.0968,0.0323,-0.871,"off:PREDICTIVE|def:NOT_PREDICTIVE","LOW","MODELED"
2026,2,"pass_epa_vs_pass_defense","LV","NYJ",-0.0802,-0.01,0.0968,0.4839,-0.4194,"off:PREDICTIVE|def:NOT_PREDICTIVE","LOW","MODELED"
2026,2,"pass_epa_vs_pass_defense","LV","PHI",-0.0802,-0.0167,0.0968,0.6129,-0.2903,"off:PREDICTIVE|def:NOT_PREDICTIVE","LOW","MODELED"
2026,2,"pass_epa_vs_pass_defense","LV","PIT",-0.0802,-0.0049,0.0968,0.4516,-0.4516,"off:PREDICTIVE|def:NOT_PREDICTIVE","LOW","MODELED"
2026,2,"pass_epa_vs_pass_defense","LV","SEA",-0.0802,-0.0208,0.0968,0.6452,-0.2581,"off:PREDICTIVE|def:NOT_PREDICTIVE","LOW","MODELED"
2026,2,"pass_epa_vs_pass_defense","LV","SF",-0.0802,-0.0142,0.0968,0.5161,-0.3871,"off:PREDICTIVE|def:NOT_PREDICTIVE","LOW","MODELED"
2026,2,"pass_epa_vs_pass_defense","LV","TB",-0.0802,0.0701,0.0968,0.129,-0.7742,"off:PREDICTIVE|def:NOT_PREDICTIVE","LOW","MODELED"
2026,2,"pass_epa_vs_pass_defense","LV","TEN",-0.0802,0.0972,0.0968,0.0645,-0.8387,"off:PREDICTIVE|def:NOT_PREDICTIVE","LOW","MODELED"
2026,2,"pass_epa_vs_pass_defense","LV","WAS",-0.0802,0.122,0.0968,0,-0.9032,"off:PREDICTIVE|def:NOT_PREDICTIVE","LOW","MODELED"
2026,2,"pass_epa_vs_pass_defense","MIA","ARI",0.0164,-0.0165,0.6129,0.5806,0.1935,"off:PREDICTIVE|def:NOT_PREDICTIVE","LOW","MODELED"
2026,2,"pass_epa_vs_pass_defense","MIA","ATL",0.0164,-0.0299,0.6129,0.7419,0.3548,"off:PREDICTIVE|def:NOT_PREDICTIVE","LOW","MODELED"
2026,2,"pass_epa_vs_pass_defense","MIA","BAL",0.0164,-0.0514,0.6129,0.8065,0.4194,"off:PREDICTIVE|def:NOT_PREDICTIVE","LOW","MODELED"
2026,2,"pass_epa_vs_pass_defense","MIA","BUF",0.0164,0.0374,0.6129,0.2581,-0.129,"off:PREDICTIVE|def:NOT_PREDICTIVE","LOW","MODELED"
2026,2,"pass_epa_vs_pass_defense","MIA","CAR",0.0164,0.0321,0.6129,0.3226,-0.0645,"off:PREDICTIVE|def:NOT_PREDICTIVE","LOW","MODELED"
2026,2,"pass_epa_vs_pass_defense","MIA","CHI",0.0164,-0.0159,0.6129,0.5484,0.1613,"off:PREDICTIVE|def:NOT_PREDICTIVE","LOW","MODELED"
2026,2,"pass_epa_vs_pass_defense","MIA","CIN",0.0164,0.0555,0.6129,0.1935,-0.1935,"off:PREDICTIVE|def:NOT_PREDICTIVE","LOW","MODELED"
2026,2,"pass_epa_vs_pass_defense","MIA","CLE",0.0164,0.0365,0.6129,0.2903,-0.0968,"off:PREDICTIVE|def:NOT_PREDICTIVE","LOW","MODELED"
2026,2,"pass_epa_vs_pass_defense","MIA","DAL",0.0164,0.075,0.6129,0.0968,-0.2903,"off:PREDICTIVE|def:NOT_PREDICTIVE","LOW","MODELED"
2026,2,"pass_epa_vs_pass_defense","MIA","DEN",0.0164,-0.0873,0.6129,0.9355,0.5484,"off:PREDICTIVE|def:NOT_PREDICTIVE","LOW","MODELED"
2026,2,"pass_epa_vs_pass_defense","MIA","DET",0.0164,-0.0689,0.6129,0.871,0.4839,"off:PREDICTIVE|def:NOT_PREDICTIVE","LOW","MODELED"
2026,2,"pass_epa_vs_pass_defense","MIA","GB",0.0164,0.0166,0.6129,0.3871,0,"off:PREDICTIVE|def:NOT_PREDICTIVE","LOW","MODELED"
2026,2,"pass_epa_vs_pass_defense","MIA","HOU",0.0164,-0.0276,0.6129,0.7097,0.3226,"off:PREDICTIVE|def:NOT_PREDICTIVE","LOW","MODELED"
2026,2,"pass_epa_vs_pass_defense","MIA","IND",0.0164,0.0069,0.6129,0.4194,0.0323,"off:PREDICTIVE|def:NOT_PREDICTIVE","LOW","MODELED"
2026,2,"pass_epa_vs_pass_defense","MIA","JAX",0.0164,0.0229,0.6129,0.3548,-0.0323,"off:PREDICTIVE|def:NOT_PREDICTIVE","LOW","MODELED"
2026,2,"pass_epa_vs_pass_defense","MIA","KC",0.0164,-0.0232,0.6129,0.6774,0.2903,"off:PREDICTIVE|def:NOT_PREDICTIVE","LOW","MODELED"
2026,2,"pass_epa_vs_pass_defense","MIA","LAC",0.0164,0.0615,0.6129,0.1613,-0.2258,"off:PREDICTIVE|def:NOT_PREDICTIVE","LOW","MODELED"
2026,2,"pass_epa_vs_pass_defense","MIA","LAR",0.0164,-0.146,0.6129,1,0.6129,"off:PREDICTIVE|def:NOT_PREDICTIVE","LOW","MODELED"
2026,2,"pass_epa_vs_pass_defense","MIA","LV",0.0164,-0.0504,0.6129,0.7742,0.3871,"off:PREDICTIVE|def:NOT_PREDICTIVE","LOW","MODELED"
2026,2,"pass_epa_vs_pass_defense","MIA","MIN",0.0164,-0.104,0.6129,0.9677,0.5806,"off:PREDICTIVE|def:NOT_PREDICTIVE","LOW","MODELED"
2026,2,"pass_epa_vs_pass_defense","MIA","NE",0.0164,-0.0703,0.6129,0.9032,0.5161,"off:PREDICTIVE|def:NOT_PREDICTIVE","LOW","MODELED"
2026,2,"pass_epa_vs_pass_defense","MIA","NO",0.0164,-0.0546,0.6129,0.8387,0.4516,"off:PREDICTIVE|def:NOT_PREDICTIVE","LOW","MODELED"
2026,2,"pass_epa_vs_pass_defense","MIA","NYG",0.0164,0.1081,0.6129,0.0323,-0.3548,"off:PREDICTIVE|def:NOT_PREDICTIVE","LOW","MODELED"
2026,2,"pass_epa_vs_pass_defense","MIA","NYJ",0.0164,-0.01,0.6129,0.4839,0.0968,"off:PREDICTIVE|def:NOT_PREDICTIVE","LOW","MODELED"
2026,2,"pass_epa_vs_pass_defense","MIA","PHI",0.0164,-0.0167,0.6129,0.6129,0.2258,"off:PREDICTIVE|def:NOT_PREDICTIVE","LOW","MODELED"
2026,2,"pass_epa_vs_pass_defense","MIA","PIT",0.0164,-0.0049,0.6129,0.4516,0.0645,"off:PREDICTIVE|def:NOT_PREDICTIVE","LOW","MODELED"
2026,2,"pass_epa_vs_pass_defense","MIA","SEA",0.0164,-0.0208,0.6129,0.6452,0.2581,"off:PREDICTIVE|def:NOT_PREDICTIVE","LOW","MODELED"
2026,2,"pass_epa_vs_pass_defense","MIA","SF",0.0164,-0.0142,0.6129,0.5161,0.129,"off:PREDICTIVE|def:NOT_PREDICTIVE","LOW","MODELED"
2026,2,"pass_epa_vs_pass_defense","MIA","TB",0.0164,0.0701,0.6129,0.129,-0.2581,"off:PREDICTIVE|def:NOT_PREDICTIVE","LOW","MODELED"
2026,2,"pass_epa_vs_pass_defense","MIA","TEN",0.0164,0.0972,0.6129,0.0645,-0.3226,"off:PREDICTIVE|def:NOT_PREDICTIVE","LOW","MODELED"
2026,2,"pass_epa_vs_pass_defense","MIA","WAS",0.0164,0.122,0.6129,0,-0.3871,"off:PREDICTIVE|def:NOT_PREDICTIVE","LOW","MODELED"
2026,2,"pass_epa_vs_pass_defense","MIN","ARI",-0.0246,-0.0165,0.3871,0.5806,-0.0323,"off:PREDICTIVE|def:NOT_PREDICTIVE","LOW","MODELED"
2026,2,"pass_epa_vs_pass_defense","MIN","ATL",-0.0246,-0.0299,0.3871,0.7419,0.129,"off:PREDICTIVE|def:NOT_PREDICTIVE","LOW","MODELED"
2026,2,"pass_epa_vs_pass_defense","MIN","BAL",-0.0246,-0.0514,0.3871,0.8065,0.1935,"off:PREDICTIVE|def:NOT_PREDICTIVE","LOW","MODELED"
2026,2,"pass_epa_vs_pass_defense","MIN","BUF",-0.0246,0.0374,0.3871,0.2581,-0.3548,"off:PREDICTIVE|def:NOT_PREDICTIVE","LOW","MODELED"
2026,2,"pass_epa_vs_pass_defense","MIN","CAR",-0.0246,0.0321,0.3871,0.3226,-0.2903,"off:PREDICTIVE|def:NOT_PREDICTIVE","LOW","MODELED"
2026,2,"pass_epa_vs_pass_defense","MIN","CHI",-0.0246,-0.0159,0.3871,0.5484,-0.0645,"off:PREDICTIVE|def:NOT_PREDICTIVE","LOW","MODELED"
2026,2,"pass_epa_vs_pass_defense","MIN","CIN",-0.0246,0.0555,0.3871,0.1935,-0.4194,"off:PREDICTIVE|def:NOT_PREDICTIVE","LOW","MODELED"
2026,2,"pass_epa_vs_pass_defense","MIN","CLE",-0.0246,0.0365,0.3871,0.2903,-0.3226,"off:PREDICTIVE|def:NOT_PREDICTIVE","LOW","MODELED"
2026,2,"pass_epa_vs_pass_defense","MIN","DAL",-0.0246,0.075,0.3871,0.0968,-0.5161,"off:PREDICTIVE|def:NOT_PREDICTIVE","LOW","MODELED"
2026,2,"pass_epa_vs_pass_defense","MIN","DEN",-0.0246,-0.0873,0.3871,0.9355,0.3226,"off:PREDICTIVE|def:NOT_PREDICTIVE","LOW","MODELED"
2026,2,"pass_epa_vs_pass_defense","MIN","DET",-0.0246,-0.0689,0.3871,0.871,0.2581,"off:PREDICTIVE|def:NOT_PREDICTIVE","LOW","MODELED"
2026,2,"pass_epa_vs_pass_defense","MIN","GB",-0.0246,0.0166,0.3871,0.3871,-0.2258,"off:PREDICTIVE|def:NOT_PREDICTIVE","LOW","MODELED"
2026,2,"pass_epa_vs_pass_defense","MIN","HOU",-0.0246,-0.0276,0.3871,0.7097,0.0968,"off:PREDICTIVE|def:NOT_PREDICTIVE","LOW","MODELED"
2026,2,"pass_epa_vs_pass_defense","MIN","IND",-0.0246,0.0069,0.3871,0.4194,-0.1935,"off:PREDICTIVE|def:NOT_PREDICTIVE","LOW","MODELED"
2026,2,"pass_epa_vs_pass_defense","MIN","JAX",-0.0246,0.0229,0.3871,0.3548,-0.2581,"off:PREDICTIVE|def:NOT_PREDICTIVE","LOW","MODELED"
2026,2,"pass_epa_vs_pass_defense","MIN","KC",-0.0246,-0.0232,0.3871,0.6774,0.0645,"off:PREDICTIVE|def:NOT_PREDICTIVE","LOW","MODELED"
2026,2,"pass_epa_vs_pass_defense","MIN","LAC",-0.0246,0.0615,0.3871,0.1613,-0.4516,"off:PREDICTIVE|def:NOT_PREDICTIVE","LOW","MODELED"
2026,2,"pass_epa_vs_pass_defense","MIN","LAR",-0.0246,-0.146,0.3871,1,0.3871,"off:PREDICTIVE|def:NOT_PREDICTIVE","LOW","MODELED"
2026,2,"pass_epa_vs_pass_defense","MIN","LV",-0.0246,-0.0504,0.3871,0.7742,0.1613,"off:PREDICTIVE|def:NOT_PREDICTIVE","LOW","MODELED"
2026,2,"pass_epa_vs_pass_defense","MIN","MIA",-0.0246,0.0476,0.3871,0.2258,-0.3871,"off:PREDICTIVE|def:NOT_PREDICTIVE","LOW","MODELED"
2026,2,"pass_epa_vs_pass_defense","MIN","NE",-0.0246,-0.0703,0.3871,0.9032,0.2903,"off:PREDICTIVE|def:NOT_PREDICTIVE","LOW","MODELED"
2026,2,"pass_epa_vs_pass_defense","MIN","NO",-0.0246,-0.0546,0.3871,0.8387,0.2258,"off:PREDICTIVE|def:NOT_PREDICTIVE","LOW","MODELED"
2026,2,"pass_epa_vs_pass_defense","MIN","NYG",-0.0246,0.1081,0.3871,0.0323,-0.5806,"off:PREDICTIVE|def:NOT_PREDICTIVE","LOW","MODELED"
2026,2,"pass_epa_vs_pass_defense","MIN","NYJ",-0.0246,-0.01,0.3871,0.4839,-0.129,"off:PREDICTIVE|def:NOT_PREDICTIVE","LOW","MODELED"
2026,2,"pass_epa_vs_pass_defense","MIN","PHI",-0.0246,-0.0167,0.3871,0.6129,0,"off:PREDICTIVE|def:NOT_PREDICTIVE","LOW","MODELED"
2026,2,"pass_epa_vs_pass_defense","MIN","PIT",-0.0246,-0.0049,0.3871,0.4516,-0.1613,"off:PREDICTIVE|def:NOT_PREDICTIVE","LOW","MODELED"
2026,2,"pass_epa_vs_pass_defense","MIN","SEA",-0.0246,-0.0208,0.3871,0.6452,0.0323,"off:PREDICTIVE|def:NOT_PREDICTIVE","LOW","MODELED"
2026,2,"pass_epa_vs_pass_defense","MIN","SF",-0.0246,-0.0142,0.3871,0.5161,-0.0968,"off:PREDICTIVE|def:NOT_PREDICTIVE","LOW","MODELED"
2026,2,"pass_epa_vs_pass_defense","MIN","TB",-0.0246,0.0701,0.3871,0.129,-0.4839,"off:PREDICTIVE|def:NOT_PREDICTIVE","LOW","MODELED"
2026,2,"pass_epa_vs_pass_defense","MIN","TEN",-0.0246,0.0972,0.3871,0.0645,-0.5484,"off:PREDICTIVE|def:NOT_PREDICTIVE","LOW","MODELED"
2026,2,"pass_epa_vs_pass_defense","MIN","WAS",-0.0246,0.122,0.3871,0,-0.6129,"off:PREDICTIVE|def:NOT_PREDICTIVE","LOW","MODELED"
2026,2,"pass_epa_vs_pass_defense","NE","ARI",3e-04,-0.0165,0.5161,0.5806,0.0968,"off:PREDICTIVE|def:NOT_PREDICTIVE","LOW","MODELED"
2026,2,"pass_epa_vs_pass_defense","NE","ATL",3e-04,-0.0299,0.5161,0.7419,0.2581,"off:PREDICTIVE|def:NOT_PREDICTIVE","LOW","MODELED"
2026,2,"pass_epa_vs_pass_defense","NE","BAL",3e-04,-0.0514,0.5161,0.8065,0.3226,"off:PREDICTIVE|def:NOT_PREDICTIVE","LOW","MODELED"
2026,2,"pass_epa_vs_pass_defense","NE","BUF",3e-04,0.0374,0.5161,0.2581,-0.2258,"off:PREDICTIVE|def:NOT_PREDICTIVE","LOW","MODELED"
2026,2,"pass_epa_vs_pass_defense","NE","CAR",3e-04,0.0321,0.5161,0.3226,-0.1613,"off:PREDICTIVE|def:NOT_PREDICTIVE","LOW","MODELED"
2026,2,"pass_epa_vs_pass_defense","NE","CHI",3e-04,-0.0159,0.5161,0.5484,0.0645,"off:PREDICTIVE|def:NOT_PREDICTIVE","LOW","MODELED"
2026,2,"pass_epa_vs_pass_defense","NE","CIN",3e-04,0.0555,0.5161,0.1935,-0.2903,"off:PREDICTIVE|def:NOT_PREDICTIVE","LOW","MODELED"
2026,2,"pass_epa_vs_pass_defense","NE","CLE",3e-04,0.0365,0.5161,0.2903,-0.1935,"off:PREDICTIVE|def:NOT_PREDICTIVE","LOW","MODELED"
2026,2,"pass_epa_vs_pass_defense","NE","DAL",3e-04,0.075,0.5161,0.0968,-0.3871,"off:PREDICTIVE|def:NOT_PREDICTIVE","LOW","MODELED"
2026,2,"pass_epa_vs_pass_defense","NE","DEN",3e-04,-0.0873,0.5161,0.9355,0.4516,"off:PREDICTIVE|def:NOT_PREDICTIVE","LOW","MODELED"
2026,2,"pass_epa_vs_pass_defense","NE","DET",3e-04,-0.0689,0.5161,0.871,0.3871,"off:PREDICTIVE|def:NOT_PREDICTIVE","LOW","MODELED"
2026,2,"pass_epa_vs_pass_defense","NE","GB",3e-04,0.0166,0.5161,0.3871,-0.0968,"off:PREDICTIVE|def:NOT_PREDICTIVE","LOW","MODELED"
2026,2,"pass_epa_vs_pass_defense","NE","HOU",3e-04,-0.0276,0.5161,0.7097,0.2258,"off:PREDICTIVE|def:NOT_PREDICTIVE","LOW","MODELED"
2026,2,"pass_epa_vs_pass_defense","NE","IND",3e-04,0.0069,0.5161,0.4194,-0.0645,"off:PREDICTIVE|def:NOT_PREDICTIVE","LOW","MODELED"
2026,2,"pass_epa_vs_pass_defense","NE","JAX",3e-04,0.0229,0.5161,0.3548,-0.129,"off:PREDICTIVE|def:NOT_PREDICTIVE","LOW","MODELED"
2026,2,"pass_epa_vs_pass_defense","NE","KC",3e-04,-0.0232,0.5161,0.6774,0.1935,"off:PREDICTIVE|def:NOT_PREDICTIVE","LOW","MODELED"
2026,2,"pass_epa_vs_pass_defense","NE","LAC",3e-04,0.0615,0.5161,0.1613,-0.3226,"off:PREDICTIVE|def:NOT_PREDICTIVE","LOW","MODELED"
2026,2,"pass_epa_vs_pass_defense","NE","LAR",3e-04,-0.146,0.5161,1,0.5161,"off:PREDICTIVE|def:NOT_PREDICTIVE","LOW","MODELED"
2026,2,"pass_epa_vs_pass_defense","NE","LV",3e-04,-0.0504,0.5161,0.7742,0.2903,"off:PREDICTIVE|def:NOT_PREDICTIVE","LOW","MODELED"
2026,2,"pass_epa_vs_pass_defense","NE","MIA",3e-04,0.0476,0.5161,0.2258,-0.2581,"off:PREDICTIVE|def:NOT_PREDICTIVE","LOW","MODELED"
2026,2,"pass_epa_vs_pass_defense","NE","MIN",3e-04,-0.104,0.5161,0.9677,0.4839,"off:PREDICTIVE|def:NOT_PREDICTIVE","LOW","MODELED"
2026,2,"pass_epa_vs_pass_defense","NE","NO",3e-04,-0.0546,0.5161,0.8387,0.3548,"off:PREDICTIVE|def:NOT_PREDICTIVE","LOW","MODELED"
2026,2,"pass_epa_vs_pass_defense","NE","NYG",3e-04,0.1081,0.5161,0.0323,-0.4516,"off:PREDICTIVE|def:NOT_PREDICTIVE","LOW","MODELED"
2026,2,"pass_epa_vs_pass_defense","NE","NYJ",3e-04,-0.01,0.5161,0.4839,0,"off:PREDICTIVE|def:NOT_PREDICTIVE","LOW","MODELED"
2026,2,"pass_epa_vs_pass_defense","NE","PHI",3e-04,-0.0167,0.5161,0.6129,0.129,"off:PREDICTIVE|def:NOT_PREDICTIVE","LOW","MODELED"
2026,2,"pass_epa_vs_pass_defense","NE","PIT",3e-04,-0.0049,0.5161,0.4516,-0.0323,"off:PREDICTIVE|def:NOT_PREDICTIVE","LOW","MODELED"
2026,2,"pass_epa_vs_pass_defense","NE","SEA",3e-04,-0.0208,0.5161,0.6452,0.1613,"off:PREDICTIVE|def:NOT_PREDICTIVE","LOW","MODELED"
2026,2,"pass_epa_vs_pass_defense","NE","SF",3e-04,-0.0142,0.5161,0.5161,0.0323,"off:PREDICTIVE|def:NOT_PREDICTIVE","LOW","MODELED"
2026,2,"pass_epa_vs_pass_defense","NE","TB",3e-04,0.0701,0.5161,0.129,-0.3548,"off:PREDICTIVE|def:NOT_PREDICTIVE","LOW","MODELED"
2026,2,"pass_epa_vs_pass_defense","NE","TEN",3e-04,0.0972,0.5161,0.0645,-0.4194,"off:PREDICTIVE|def:NOT_PREDICTIVE","LOW","MODELED"
2026,2,"pass_epa_vs_pass_defense","NE","WAS",3e-04,0.122,0.5161,0,-0.4839,"off:PREDICTIVE|def:NOT_PREDICTIVE","LOW","MODELED"
2026,2,"pass_epa_vs_pass_defense","NO","ARI",0.027,-0.0165,0.6452,0.5806,0.2258,"off:PREDICTIVE|def:NOT_PREDICTIVE","LOW","MODELED"
2026,2,"pass_epa_vs_pass_defense","NO","ATL",0.027,-0.0299,0.6452,0.7419,0.3871,"off:PREDICTIVE|def:NOT_PREDICTIVE","LOW","MODELED"
2026,2,"pass_epa_vs_pass_defense","NO","BAL",0.027,-0.0514,0.6452,0.8065,0.4516,"off:PREDICTIVE|def:NOT_PREDICTIVE","LOW","MODELED"
2026,2,"pass_epa_vs_pass_defense","NO","BUF",0.027,0.0374,0.6452,0.2581,-0.0968,"off:PREDICTIVE|def:NOT_PREDICTIVE","LOW","MODELED"
2026,2,"pass_epa_vs_pass_defense","NO","CAR",0.027,0.0321,0.6452,0.3226,-0.0323,"off:PREDICTIVE|def:NOT_PREDICTIVE","LOW","MODELED"
2026,2,"pass_epa_vs_pass_defense","NO","CHI",0.027,-0.0159,0.6452,0.5484,0.1935,"off:PREDICTIVE|def:NOT_PREDICTIVE","LOW","MODELED"
2026,2,"pass_epa_vs_pass_defense","NO","CIN",0.027,0.0555,0.6452,0.1935,-0.1613,"off:PREDICTIVE|def:NOT_PREDICTIVE","LOW","MODELED"
2026,2,"pass_epa_vs_pass_defense","NO","CLE",0.027,0.0365,0.6452,0.2903,-0.0645,"off:PREDICTIVE|def:NOT_PREDICTIVE","LOW","MODELED"
2026,2,"pass_epa_vs_pass_defense","NO","DAL",0.027,0.075,0.6452,0.0968,-0.2581,"off:PREDICTIVE|def:NOT_PREDICTIVE","LOW","MODELED"
2026,2,"pass_epa_vs_pass_defense","NO","DEN",0.027,-0.0873,0.6452,0.9355,0.5806,"off:PREDICTIVE|def:NOT_PREDICTIVE","LOW","MODELED"
2026,2,"pass_epa_vs_pass_defense","NO","DET",0.027,-0.0689,0.6452,0.871,0.5161,"off:PREDICTIVE|def:NOT_PREDICTIVE","LOW","MODELED"
2026,2,"pass_epa_vs_pass_defense","NO","GB",0.027,0.0166,0.6452,0.3871,0.0323,"off:PREDICTIVE|def:NOT_PREDICTIVE","LOW","MODELED"
2026,2,"pass_epa_vs_pass_defense","NO","HOU",0.027,-0.0276,0.6452,0.7097,0.3548,"off:PREDICTIVE|def:NOT_PREDICTIVE","LOW","MODELED"
2026,2,"pass_epa_vs_pass_defense","NO","IND",0.027,0.0069,0.6452,0.4194,0.0645,"off:PREDICTIVE|def:NOT_PREDICTIVE","LOW","MODELED"
2026,2,"pass_epa_vs_pass_defense","NO","JAX",0.027,0.0229,0.6452,0.3548,0,"off:PREDICTIVE|def:NOT_PREDICTIVE","LOW","MODELED"
2026,2,"pass_epa_vs_pass_defense","NO","KC",0.027,-0.0232,0.6452,0.6774,0.3226,"off:PREDICTIVE|def:NOT_PREDICTIVE","LOW","MODELED"
2026,2,"pass_epa_vs_pass_defense","NO","LAC",0.027,0.0615,0.6452,0.1613,-0.1935,"off:PREDICTIVE|def:NOT_PREDICTIVE","LOW","MODELED"
2026,2,"pass_epa_vs_pass_defense","NO","LAR",0.027,-0.146,0.6452,1,0.6452,"off:PREDICTIVE|def:NOT_PREDICTIVE","LOW","MODELED"
2026,2,"pass_epa_vs_pass_defense","NO","LV",0.027,-0.0504,0.6452,0.7742,0.4194,"off:PREDICTIVE|def:NOT_PREDICTIVE","LOW","MODELED"
2026,2,"pass_epa_vs_pass_defense","NO","MIA",0.027,0.0476,0.6452,0.2258,-0.129,"off:PREDICTIVE|def:NOT_PREDICTIVE","LOW","MODELED"
2026,2,"pass_epa_vs_pass_defense","NO","MIN",0.027,-0.104,0.6452,0.9677,0.6129,"off:PREDICTIVE|def:NOT_PREDICTIVE","LOW","MODELED"
2026,2,"pass_epa_vs_pass_defense","NO","NE",0.027,-0.0703,0.6452,0.9032,0.5484,"off:PREDICTIVE|def:NOT_PREDICTIVE","LOW","MODELED"
2026,2,"pass_epa_vs_pass_defense","NO","NYG",0.027,0.1081,0.6452,0.0323,-0.3226,"off:PREDICTIVE|def:NOT_PREDICTIVE","LOW","MODELED"
2026,2,"pass_epa_vs_pass_defense","NO","NYJ",0.027,-0.01,0.6452,0.4839,0.129,"off:PREDICTIVE|def:NOT_PREDICTIVE","LOW","MODELED"
2026,2,"pass_epa_vs_pass_defense","NO","PHI",0.027,-0.0167,0.6452,0.6129,0.2581,"off:PREDICTIVE|def:NOT_PREDICTIVE","LOW","MODELED"
2026,2,"pass_epa_vs_pass_defense","NO","PIT",0.027,-0.0049,0.6452,0.4516,0.0968,"off:PREDICTIVE|def:NOT_PREDICTIVE","LOW","MODELED"
2026,2,"pass_epa_vs_pass_defense","NO","SEA",0.027,-0.0208,0.6452,0.6452,0.2903,"off:PREDICTIVE|def:NOT_PREDICTIVE","LOW","MODELED"
2026,2,"pass_epa_vs_pass_defense","NO","SF",0.027,-0.0142,0.6452,0.5161,0.1613,"off:PREDICTIVE|def:NOT_PREDICTIVE","LOW","MODELED"
2026,2,"pass_epa_vs_pass_defense","NO","TB",0.027,0.0701,0.6452,0.129,-0.2258,"off:PREDICTIVE|def:NOT_PREDICTIVE","LOW","MODELED"
2026,2,"pass_epa_vs_pass_defense","NO","TEN",0.027,0.0972,0.6452,0.0645,-0.2903,"off:PREDICTIVE|def:NOT_PREDICTIVE","LOW","MODELED"
2026,2,"pass_epa_vs_pass_defense","NO","WAS",0.027,0.122,0.6452,0,-0.3548,"off:PREDICTIVE|def:NOT_PREDICTIVE","LOW","MODELED"
2026,2,"pass_epa_vs_pass_defense","NYG","ARI",0.0274,-0.0165,0.6774,0.5806,0.2581,"off:PREDICTIVE|def:NOT_PREDICTIVE","LOW","MODELED"
2026,2,"pass_epa_vs_pass_defense","NYG","ATL",0.0274,-0.0299,0.6774,0.7419,0.4194,"off:PREDICTIVE|def:NOT_PREDICTIVE","LOW","MODELED"
2026,2,"pass_epa_vs_pass_defense","NYG","BAL",0.0274,-0.0514,0.6774,0.8065,0.4839,"off:PREDICTIVE|def:NOT_PREDICTIVE","LOW","MODELED"
2026,2,"pass_epa_vs_pass_defense","NYG","BUF",0.0274,0.0374,0.6774,0.2581,-0.0645,"off:PREDICTIVE|def:NOT_PREDICTIVE","LOW","MODELED"
2026,2,"pass_epa_vs_pass_defense","NYG","CAR",0.0274,0.0321,0.6774,0.3226,0,"off:PREDICTIVE|def:NOT_PREDICTIVE","LOW","MODELED"
2026,2,"pass_epa_vs_pass_defense","NYG","CHI",0.0274,-0.0159,0.6774,0.5484,0.2258,"off:PREDICTIVE|def:NOT_PREDICTIVE","LOW","MODELED"
2026,2,"pass_epa_vs_pass_defense","NYG","CIN",0.0274,0.0555,0.6774,0.1935,-0.129,"off:PREDICTIVE|def:NOT_PREDICTIVE","LOW","MODELED"
2026,2,"pass_epa_vs_pass_defense","NYG","CLE",0.0274,0.0365,0.6774,0.2903,-0.0323,"off:PREDICTIVE|def:NOT_PREDICTIVE","LOW","MODELED"
2026,2,"pass_epa_vs_pass_defense","NYG","DAL",0.0274,0.075,0.6774,0.0968,-0.2258,"off:PREDICTIVE|def:NOT_PREDICTIVE","LOW","MODELED"
2026,2,"pass_epa_vs_pass_defense","NYG","DEN",0.0274,-0.0873,0.6774,0.9355,0.6129,"off:PREDICTIVE|def:NOT_PREDICTIVE","LOW","MODELED"
2026,2,"pass_epa_vs_pass_defense","NYG","DET",0.0274,-0.0689,0.6774,0.871,0.5484,"off:PREDICTIVE|def:NOT_PREDICTIVE","LOW","MODELED"
2026,2,"pass_epa_vs_pass_defense","NYG","GB",0.0274,0.0166,0.6774,0.3871,0.0645,"off:PREDICTIVE|def:NOT_PREDICTIVE","LOW","MODELED"
2026,2,"pass_epa_vs_pass_defense","NYG","HOU",0.0274,-0.0276,0.6774,0.7097,0.3871,"off:PREDICTIVE|def:NOT_PREDICTIVE","LOW","MODELED"
2026,2,"pass_epa_vs_pass_defense","NYG","IND",0.0274,0.0069,0.6774,0.4194,0.0968,"off:PREDICTIVE|def:NOT_PREDICTIVE","LOW","MODELED"
2026,2,"pass_epa_vs_pass_defense","NYG","JAX",0.0274,0.0229,0.6774,0.3548,0.0323,"off:PREDICTIVE|def:NOT_PREDICTIVE","LOW","MODELED"
2026,2,"pass_epa_vs_pass_defense","NYG","KC",0.0274,-0.0232,0.6774,0.6774,0.3548,"off:PREDICTIVE|def:NOT_PREDICTIVE","LOW","MODELED"
2026,2,"pass_epa_vs_pass_defense","NYG","LAC",0.0274,0.0615,0.6774,0.1613,-0.1613,"off:PREDICTIVE|def:NOT_PREDICTIVE","LOW","MODELED"
2026,2,"pass_epa_vs_pass_defense","NYG","LAR",0.0274,-0.146,0.6774,1,0.6774,"off:PREDICTIVE|def:NOT_PREDICTIVE","LOW","MODELED"
2026,2,"pass_epa_vs_pass_defense","NYG","LV",0.0274,-0.0504,0.6774,0.7742,0.4516,"off:PREDICTIVE|def:NOT_PREDICTIVE","LOW","MODELED"
2026,2,"pass_epa_vs_pass_defense","NYG","MIA",0.0274,0.0476,0.6774,0.2258,-0.0968,"off:PREDICTIVE|def:NOT_PREDICTIVE","LOW","MODELED"
2026,2,"pass_epa_vs_pass_defense","NYG","MIN",0.0274,-0.104,0.6774,0.9677,0.6452,"off:PREDICTIVE|def:NOT_PREDICTIVE","LOW","MODELED"
2026,2,"pass_epa_vs_pass_defense","NYG","NE",0.0274,-0.0703,0.6774,0.9032,0.5806,"off:PREDICTIVE|def:NOT_PREDICTIVE","LOW","MODELED"
2026,2,"pass_epa_vs_pass_defense","NYG","NO",0.0274,-0.0546,0.6774,0.8387,0.5161,"off:PREDICTIVE|def:NOT_PREDICTIVE","LOW","MODELED"
2026,2,"pass_epa_vs_pass_defense","NYG","NYJ",0.0274,-0.01,0.6774,0.4839,0.1613,"off:PREDICTIVE|def:NOT_PREDICTIVE","LOW","MODELED"
2026,2,"pass_epa_vs_pass_defense","NYG","PHI",0.0274,-0.0167,0.6774,0.6129,0.2903,"off:PREDICTIVE|def:NOT_PREDICTIVE","LOW","MODELED"
2026,2,"pass_epa_vs_pass_defense","NYG","PIT",0.0274,-0.0049,0.6774,0.4516,0.129,"off:PREDICTIVE|def:NOT_PREDICTIVE","LOW","MODELED"
2026,2,"pass_epa_vs_pass_defense","NYG","SEA",0.0274,-0.0208,0.6774,0.6452,0.3226,"off:PREDICTIVE|def:NOT_PREDICTIVE","LOW","MODELED"
2026,2,"pass_epa_vs_pass_defense","NYG","SF",0.0274,-0.0142,0.6774,0.5161,0.1935,"off:PREDICTIVE|def:NOT_PREDICTIVE","LOW","MODELED"
2026,2,"pass_epa_vs_pass_defense","NYG","TB",0.0274,0.0701,0.6774,0.129,-0.1935,"off:PREDICTIVE|def:NOT_PREDICTIVE","LOW","MODELED"
2026,2,"pass_epa_vs_pass_defense","NYG","TEN",0.0274,0.0972,0.6774,0.0645,-0.2581,"off:PREDICTIVE|def:NOT_PREDICTIVE","LOW","MODELED"
2026,2,"pass_epa_vs_pass_defense","NYG","WAS",0.0274,0.122,0.6774,0,-0.3226,"off:PREDICTIVE|def:NOT_PREDICTIVE","LOW","MODELED"
2026,2,"pass_epa_vs_pass_defense","NYJ","ARI",-0.0534,-0.0165,0.1935,0.5806,-0.2258,"off:PREDICTIVE|def:NOT_PREDICTIVE","LOW","MODELED"
2026,2,"pass_epa_vs_pass_defense","NYJ","ATL",-0.0534,-0.0299,0.1935,0.7419,-0.0645,"off:PREDICTIVE|def:NOT_PREDICTIVE","LOW","MODELED"
2026,2,"pass_epa_vs_pass_defense","NYJ","BAL",-0.0534,-0.0514,0.1935,0.8065,0,"off:PREDICTIVE|def:NOT_PREDICTIVE","LOW","MODELED"
2026,2,"pass_epa_vs_pass_defense","NYJ","BUF",-0.0534,0.0374,0.1935,0.2581,-0.5484,"off:PREDICTIVE|def:NOT_PREDICTIVE","LOW","MODELED"
2026,2,"pass_epa_vs_pass_defense","NYJ","CAR",-0.0534,0.0321,0.1935,0.3226,-0.4839,"off:PREDICTIVE|def:NOT_PREDICTIVE","LOW","MODELED"
2026,2,"pass_epa_vs_pass_defense","NYJ","CHI",-0.0534,-0.0159,0.1935,0.5484,-0.2581,"off:PREDICTIVE|def:NOT_PREDICTIVE","LOW","MODELED"
2026,2,"pass_epa_vs_pass_defense","NYJ","CIN",-0.0534,0.0555,0.1935,0.1935,-0.6129,"off:PREDICTIVE|def:NOT_PREDICTIVE","LOW","MODELED"
2026,2,"pass_epa_vs_pass_defense","NYJ","CLE",-0.0534,0.0365,0.1935,0.2903,-0.5161,"off:PREDICTIVE|def:NOT_PREDICTIVE","LOW","MODELED"
2026,2,"pass_epa_vs_pass_defense","NYJ","DAL",-0.0534,0.075,0.1935,0.0968,-0.7097,"off:PREDICTIVE|def:NOT_PREDICTIVE","LOW","MODELED"
2026,2,"pass_epa_vs_pass_defense","NYJ","DEN",-0.0534,-0.0873,0.1935,0.9355,0.129,"off:PREDICTIVE|def:NOT_PREDICTIVE","LOW","MODELED"
2026,2,"pass_epa_vs_pass_defense","NYJ","DET",-0.0534,-0.0689,0.1935,0.871,0.0645,"off:PREDICTIVE|def:NOT_PREDICTIVE","LOW","MODELED"
2026,2,"pass_epa_vs_pass_defense","NYJ","GB",-0.0534,0.0166,0.1935,0.3871,-0.4194,"off:PREDICTIVE|def:NOT_PREDICTIVE","LOW","MODELED"
2026,2,"pass_epa_vs_pass_defense","NYJ","HOU",-0.0534,-0.0276,0.1935,0.7097,-0.0968,"off:PREDICTIVE|def:NOT_PREDICTIVE","LOW","MODELED"
2026,2,"pass_epa_vs_pass_defense","NYJ","IND",-0.0534,0.0069,0.1935,0.4194,-0.3871,"off:PREDICTIVE|def:NOT_PREDICTIVE","LOW","MODELED"
2026,2,"pass_epa_vs_pass_defense","NYJ","JAX",-0.0534,0.0229,0.1935,0.3548,-0.4516,"off:PREDICTIVE|def:NOT_PREDICTIVE","LOW","MODELED"
2026,2,"pass_epa_vs_pass_defense","NYJ","KC",-0.0534,-0.0232,0.1935,0.6774,-0.129,"off:PREDICTIVE|def:NOT_PREDICTIVE","LOW","MODELED"
2026,2,"pass_epa_vs_pass_defense","NYJ","LAC",-0.0534,0.0615,0.1935,0.1613,-0.6452,"off:PREDICTIVE|def:NOT_PREDICTIVE","LOW","MODELED"
2026,2,"pass_epa_vs_pass_defense","NYJ","LAR",-0.0534,-0.146,0.1935,1,0.1935,"off:PREDICTIVE|def:NOT_PREDICTIVE","LOW","MODELED"
2026,2,"pass_epa_vs_pass_defense","NYJ","LV",-0.0534,-0.0504,0.1935,0.7742,-0.0323,"off:PREDICTIVE|def:NOT_PREDICTIVE","LOW","MODELED"
2026,2,"pass_epa_vs_pass_defense","NYJ","MIA",-0.0534,0.0476,0.1935,0.2258,-0.5806,"off:PREDICTIVE|def:NOT_PREDICTIVE","LOW","MODELED"
2026,2,"pass_epa_vs_pass_defense","NYJ","MIN",-0.0534,-0.104,0.1935,0.9677,0.1613,"off:PREDICTIVE|def:NOT_PREDICTIVE","LOW","MODELED"
2026,2,"pass_epa_vs_pass_defense","NYJ","NE",-0.0534,-0.0703,0.1935,0.9032,0.0968,"off:PREDICTIVE|def:NOT_PREDICTIVE","LOW","MODELED"
2026,2,"pass_epa_vs_pass_defense","NYJ","NO",-0.0534,-0.0546,0.1935,0.8387,0.0323,"off:PREDICTIVE|def:NOT_PREDICTIVE","LOW","MODELED"
2026,2,"pass_epa_vs_pass_defense","NYJ","NYG",-0.0534,0.1081,0.1935,0.0323,-0.7742,"off:PREDICTIVE|def:NOT_PREDICTIVE","LOW","MODELED"
2026,2,"pass_epa_vs_pass_defense","NYJ","PHI",-0.0534,-0.0167,0.1935,0.6129,-0.1935,"off:PREDICTIVE|def:NOT_PREDICTIVE","LOW","MODELED"
2026,2,"pass_epa_vs_pass_defense","NYJ","PIT",-0.0534,-0.0049,0.1935,0.4516,-0.3548,"off:PREDICTIVE|def:NOT_PREDICTIVE","LOW","MODELED"
2026,2,"pass_epa_vs_pass_defense","NYJ","SEA",-0.0534,-0.0208,0.1935,0.6452,-0.1613,"off:PREDICTIVE|def:NOT_PREDICTIVE","LOW","MODELED"
2026,2,"pass_epa_vs_pass_defense","NYJ","SF",-0.0534,-0.0142,0.1935,0.5161,-0.2903,"off:PREDICTIVE|def:NOT_PREDICTIVE","LOW","MODELED"
2026,2,"pass_epa_vs_pass_defense","NYJ","TB",-0.0534,0.0701,0.1935,0.129,-0.6774,"off:PREDICTIVE|def:NOT_PREDICTIVE","LOW","MODELED"
2026,2,"pass_epa_vs_pass_defense","NYJ","TEN",-0.0534,0.0972,0.1935,0.0645,-0.7419,"off:PREDICTIVE|def:NOT_PREDICTIVE","LOW","MODELED"
2026,2,"pass_epa_vs_pass_defense","NYJ","WAS",-0.0534,0.122,0.1935,0,-0.8065,"off:PREDICTIVE|def:NOT_PREDICTIVE","LOW","MODELED"
2026,2,"pass_epa_vs_pass_defense","PHI","ARI",-0.0505,-0.0165,0.2258,0.5806,-0.1935,"off:PREDICTIVE|def:NOT_PREDICTIVE","LOW","MODELED"
2026,2,"pass_epa_vs_pass_defense","PHI","ATL",-0.0505,-0.0299,0.2258,0.7419,-0.0323,"off:PREDICTIVE|def:NOT_PREDICTIVE","LOW","MODELED"
2026,2,"pass_epa_vs_pass_defense","PHI","BAL",-0.0505,-0.0514,0.2258,0.8065,0.0323,"off:PREDICTIVE|def:NOT_PREDICTIVE","LOW","MODELED"
2026,2,"pass_epa_vs_pass_defense","PHI","BUF",-0.0505,0.0374,0.2258,0.2581,-0.5161,"off:PREDICTIVE|def:NOT_PREDICTIVE","LOW","MODELED"
2026,2,"pass_epa_vs_pass_defense","PHI","CAR",-0.0505,0.0321,0.2258,0.3226,-0.4516,"off:PREDICTIVE|def:NOT_PREDICTIVE","LOW","MODELED"
2026,2,"pass_epa_vs_pass_defense","PHI","CHI",-0.0505,-0.0159,0.2258,0.5484,-0.2258,"off:PREDICTIVE|def:NOT_PREDICTIVE","LOW","MODELED"
2026,2,"pass_epa_vs_pass_defense","PHI","CIN",-0.0505,0.0555,0.2258,0.1935,-0.5806,"off:PREDICTIVE|def:NOT_PREDICTIVE","LOW","MODELED"
2026,2,"pass_epa_vs_pass_defense","PHI","CLE",-0.0505,0.0365,0.2258,0.2903,-0.4839,"off:PREDICTIVE|def:NOT_PREDICTIVE","LOW","MODELED"
2026,2,"pass_epa_vs_pass_defense","PHI","DAL",-0.0505,0.075,0.2258,0.0968,-0.6774,"off:PREDICTIVE|def:NOT_PREDICTIVE","LOW","MODELED"
2026,2,"pass_epa_vs_pass_defense","PHI","DEN",-0.0505,-0.0873,0.2258,0.9355,0.1613,"off:PREDICTIVE|def:NOT_PREDICTIVE","LOW","MODELED"
2026,2,"pass_epa_vs_pass_defense","PHI","DET",-0.0505,-0.0689,0.2258,0.871,0.0968,"off:PREDICTIVE|def:NOT_PREDICTIVE","LOW","MODELED"
2026,2,"pass_epa_vs_pass_defense","PHI","GB",-0.0505,0.0166,0.2258,0.3871,-0.3871,"off:PREDICTIVE|def:NOT_PREDICTIVE","LOW","MODELED"
2026,2,"pass_epa_vs_pass_defense","PHI","HOU",-0.0505,-0.0276,0.2258,0.7097,-0.0645,"off:PREDICTIVE|def:NOT_PREDICTIVE","LOW","MODELED"
2026,2,"pass_epa_vs_pass_defense","PHI","IND",-0.0505,0.0069,0.2258,0.4194,-0.3548,"off:PREDICTIVE|def:NOT_PREDICTIVE","LOW","MODELED"
2026,2,"pass_epa_vs_pass_defense","PHI","JAX",-0.0505,0.0229,0.2258,0.3548,-0.4194,"off:PREDICTIVE|def:NOT_PREDICTIVE","LOW","MODELED"
2026,2,"pass_epa_vs_pass_defense","PHI","KC",-0.0505,-0.0232,0.2258,0.6774,-0.0968,"off:PREDICTIVE|def:NOT_PREDICTIVE","LOW","MODELED"
2026,2,"pass_epa_vs_pass_defense","PHI","LAC",-0.0505,0.0615,0.2258,0.1613,-0.6129,"off:PREDICTIVE|def:NOT_PREDICTIVE","LOW","MODELED"
2026,2,"pass_epa_vs_pass_defense","PHI","LAR",-0.0505,-0.146,0.2258,1,0.2258,"off:PREDICTIVE|def:NOT_PREDICTIVE","LOW","MODELED"
2026,2,"pass_epa_vs_pass_defense","PHI","LV",-0.0505,-0.0504,0.2258,0.7742,0,"off:PREDICTIVE|def:NOT_PREDICTIVE","LOW","MODELED"
2026,2,"pass_epa_vs_pass_defense","PHI","MIA",-0.0505,0.0476,0.2258,0.2258,-0.5484,"off:PREDICTIVE|def:NOT_PREDICTIVE","LOW","MODELED"
2026,2,"pass_epa_vs_pass_defense","PHI","MIN",-0.0505,-0.104,0.2258,0.9677,0.1935,"off:PREDICTIVE|def:NOT_PREDICTIVE","LOW","MODELED"
2026,2,"pass_epa_vs_pass_defense","PHI","NE",-0.0505,-0.0703,0.2258,0.9032,0.129,"off:PREDICTIVE|def:NOT_PREDICTIVE","LOW","MODELED"
2026,2,"pass_epa_vs_pass_defense","PHI","NO",-0.0505,-0.0546,0.2258,0.8387,0.0645,"off:PREDICTIVE|def:NOT_PREDICTIVE","LOW","MODELED"
2026,2,"pass_epa_vs_pass_defense","PHI","NYG",-0.0505,0.1081,0.2258,0.0323,-0.7419,"off:PREDICTIVE|def:NOT_PREDICTIVE","LOW","MODELED"
2026,2,"pass_epa_vs_pass_defense","PHI","NYJ",-0.0505,-0.01,0.2258,0.4839,-0.2903,"off:PREDICTIVE|def:NOT_PREDICTIVE","LOW","MODELED"
2026,2,"pass_epa_vs_pass_defense","PHI","PIT",-0.0505,-0.0049,0.2258,0.4516,-0.3226,"off:PREDICTIVE|def:NOT_PREDICTIVE","LOW","MODELED"
2026,2,"pass_epa_vs_pass_defense","PHI","SEA",-0.0505,-0.0208,0.2258,0.6452,-0.129,"off:PREDICTIVE|def:NOT_PREDICTIVE","LOW","MODELED"
2026,2,"pass_epa_vs_pass_defense","PHI","SF",-0.0505,-0.0142,0.2258,0.5161,-0.2581,"off:PREDICTIVE|def:NOT_PREDICTIVE","LOW","MODELED"
2026,2,"pass_epa_vs_pass_defense","PHI","TB",-0.0505,0.0701,0.2258,0.129,-0.6452,"off:PREDICTIVE|def:NOT_PREDICTIVE","LOW","MODELED"
2026,2,"pass_epa_vs_pass_defense","PHI","TEN",-0.0505,0.0972,0.2258,0.0645,-0.7097,"off:PREDICTIVE|def:NOT_PREDICTIVE","LOW","MODELED"
2026,2,"pass_epa_vs_pass_defense","PHI","WAS",-0.0505,0.122,0.2258,0,-0.7742,"off:PREDICTIVE|def:NOT_PREDICTIVE","LOW","MODELED"
2026,2,"pass_epa_vs_pass_defense","PIT","ARI",-0.0481,-0.0165,0.2581,0.5806,-0.1613,"off:PREDICTIVE|def:NOT_PREDICTIVE","LOW","MODELED"
2026,2,"pass_epa_vs_pass_defense","PIT","ATL",-0.0481,-0.0299,0.2581,0.7419,0,"off:PREDICTIVE|def:NOT_PREDICTIVE","LOW","MODELED"
2026,2,"pass_epa_vs_pass_defense","PIT","BAL",-0.0481,-0.0514,0.2581,0.8065,0.0645,"off:PREDICTIVE|def:NOT_PREDICTIVE","LOW","MODELED"
2026,2,"pass_epa_vs_pass_defense","PIT","BUF",-0.0481,0.0374,0.2581,0.2581,-0.4839,"off:PREDICTIVE|def:NOT_PREDICTIVE","LOW","MODELED"
2026,2,"pass_epa_vs_pass_defense","PIT","CAR",-0.0481,0.0321,0.2581,0.3226,-0.4194,"off:PREDICTIVE|def:NOT_PREDICTIVE","LOW","MODELED"
2026,2,"pass_epa_vs_pass_defense","PIT","CHI",-0.0481,-0.0159,0.2581,0.5484,-0.1935,"off:PREDICTIVE|def:NOT_PREDICTIVE","LOW","MODELED"
2026,2,"pass_epa_vs_pass_defense","PIT","CIN",-0.0481,0.0555,0.2581,0.1935,-0.5484,"off:PREDICTIVE|def:NOT_PREDICTIVE","LOW","MODELED"
2026,2,"pass_epa_vs_pass_defense","PIT","CLE",-0.0481,0.0365,0.2581,0.2903,-0.4516,"off:PREDICTIVE|def:NOT_PREDICTIVE","LOW","MODELED"
2026,2,"pass_epa_vs_pass_defense","PIT","DAL",-0.0481,0.075,0.2581,0.0968,-0.6452,"off:PREDICTIVE|def:NOT_PREDICTIVE","LOW","MODELED"
2026,2,"pass_epa_vs_pass_defense","PIT","DEN",-0.0481,-0.0873,0.2581,0.9355,0.1935,"off:PREDICTIVE|def:NOT_PREDICTIVE","LOW","MODELED"
2026,2,"pass_epa_vs_pass_defense","PIT","DET",-0.0481,-0.0689,0.2581,0.871,0.129,"off:PREDICTIVE|def:NOT_PREDICTIVE","LOW","MODELED"
2026,2,"pass_epa_vs_pass_defense","PIT","GB",-0.0481,0.0166,0.2581,0.3871,-0.3548,"off:PREDICTIVE|def:NOT_PREDICTIVE","LOW","MODELED"
2026,2,"pass_epa_vs_pass_defense","PIT","HOU",-0.0481,-0.0276,0.2581,0.7097,-0.0323,"off:PREDICTIVE|def:NOT_PREDICTIVE","LOW","MODELED"
2026,2,"pass_epa_vs_pass_defense","PIT","IND",-0.0481,0.0069,0.2581,0.4194,-0.3226,"off:PREDICTIVE|def:NOT_PREDICTIVE","LOW","MODELED"
2026,2,"pass_epa_vs_pass_defense","PIT","JAX",-0.0481,0.0229,0.2581,0.3548,-0.3871,"off:PREDICTIVE|def:NOT_PREDICTIVE","LOW","MODELED"
2026,2,"pass_epa_vs_pass_defense","PIT","KC",-0.0481,-0.0232,0.2581,0.6774,-0.0645,"off:PREDICTIVE|def:NOT_PREDICTIVE","LOW","MODELED"
2026,2,"pass_epa_vs_pass_defense","PIT","LAC",-0.0481,0.0615,0.2581,0.1613,-0.5806,"off:PREDICTIVE|def:NOT_PREDICTIVE","LOW","MODELED"
2026,2,"pass_epa_vs_pass_defense","PIT","LAR",-0.0481,-0.146,0.2581,1,0.2581,"off:PREDICTIVE|def:NOT_PREDICTIVE","LOW","MODELED"
2026,2,"pass_epa_vs_pass_defense","PIT","LV",-0.0481,-0.0504,0.2581,0.7742,0.0323,"off:PREDICTIVE|def:NOT_PREDICTIVE","LOW","MODELED"
2026,2,"pass_epa_vs_pass_defense","PIT","MIA",-0.0481,0.0476,0.2581,0.2258,-0.5161,"off:PREDICTIVE|def:NOT_PREDICTIVE","LOW","MODELED"
2026,2,"pass_epa_vs_pass_defense","PIT","MIN",-0.0481,-0.104,0.2581,0.9677,0.2258,"off:PREDICTIVE|def:NOT_PREDICTIVE","LOW","MODELED"
2026,2,"pass_epa_vs_pass_defense","PIT","NE",-0.0481,-0.0703,0.2581,0.9032,0.1613,"off:PREDICTIVE|def:NOT_PREDICTIVE","LOW","MODELED"
2026,2,"pass_epa_vs_pass_defense","PIT","NO",-0.0481,-0.0546,0.2581,0.8387,0.0968,"off:PREDICTIVE|def:NOT_PREDICTIVE","LOW","MODELED"
2026,2,"pass_epa_vs_pass_defense","PIT","NYG",-0.0481,0.1081,0.2581,0.0323,-0.7097,"off:PREDICTIVE|def:NOT_PREDICTIVE","LOW","MODELED"
2026,2,"pass_epa_vs_pass_defense","PIT","NYJ",-0.0481,-0.01,0.2581,0.4839,-0.2581,"off:PREDICTIVE|def:NOT_PREDICTIVE","LOW","MODELED"
2026,2,"pass_epa_vs_pass_defense","PIT","PHI",-0.0481,-0.0167,0.2581,0.6129,-0.129,"off:PREDICTIVE|def:NOT_PREDICTIVE","LOW","MODELED"
2026,2,"pass_epa_vs_pass_defense","PIT","SEA",-0.0481,-0.0208,0.2581,0.6452,-0.0968,"off:PREDICTIVE|def:NOT_PREDICTIVE","LOW","MODELED"
2026,2,"pass_epa_vs_pass_defense","PIT","SF",-0.0481,-0.0142,0.2581,0.5161,-0.2258,"off:PREDICTIVE|def:NOT_PREDICTIVE","LOW","MODELED"
2026,2,"pass_epa_vs_pass_defense","PIT","TB",-0.0481,0.0701,0.2581,0.129,-0.6129,"off:PREDICTIVE|def:NOT_PREDICTIVE","LOW","MODELED"
2026,2,"pass_epa_vs_pass_defense","PIT","TEN",-0.0481,0.0972,0.2581,0.0645,-0.6774,"off:PREDICTIVE|def:NOT_PREDICTIVE","LOW","MODELED"
2026,2,"pass_epa_vs_pass_defense","PIT","WAS",-0.0481,0.122,0.2581,0,-0.7419,"off:PREDICTIVE|def:NOT_PREDICTIVE","LOW","MODELED"
2026,2,"pass_epa_vs_pass_defense","SEA","ARI",0.1141,-0.0165,0.9355,0.5806,0.5161,"off:PREDICTIVE|def:NOT_PREDICTIVE","LOW","MODELED"
2026,2,"pass_epa_vs_pass_defense","SEA","ATL",0.1141,-0.0299,0.9355,0.7419,0.6774,"off:PREDICTIVE|def:NOT_PREDICTIVE","LOW","MODELED"
2026,2,"pass_epa_vs_pass_defense","SEA","BAL",0.1141,-0.0514,0.9355,0.8065,0.7419,"off:PREDICTIVE|def:NOT_PREDICTIVE","LOW","MODELED"
2026,2,"pass_epa_vs_pass_defense","SEA","BUF",0.1141,0.0374,0.9355,0.2581,0.1935,"off:PREDICTIVE|def:NOT_PREDICTIVE","LOW","MODELED"
2026,2,"pass_epa_vs_pass_defense","SEA","CAR",0.1141,0.0321,0.9355,0.3226,0.2581,"off:PREDICTIVE|def:NOT_PREDICTIVE","LOW","MODELED"
2026,2,"pass_epa_vs_pass_defense","SEA","CHI",0.1141,-0.0159,0.9355,0.5484,0.4839,"off:PREDICTIVE|def:NOT_PREDICTIVE","LOW","MODELED"
2026,2,"pass_epa_vs_pass_defense","SEA","CIN",0.1141,0.0555,0.9355,0.1935,0.129,"off:PREDICTIVE|def:NOT_PREDICTIVE","LOW","MODELED"
2026,2,"pass_epa_vs_pass_defense","SEA","CLE",0.1141,0.0365,0.9355,0.2903,0.2258,"off:PREDICTIVE|def:NOT_PREDICTIVE","LOW","MODELED"
2026,2,"pass_epa_vs_pass_defense","SEA","DAL",0.1141,0.075,0.9355,0.0968,0.0323,"off:PREDICTIVE|def:NOT_PREDICTIVE","LOW","MODELED"
2026,2,"pass_epa_vs_pass_defense","SEA","DEN",0.1141,-0.0873,0.9355,0.9355,0.871,"off:PREDICTIVE|def:NOT_PREDICTIVE","LOW","MODELED"
2026,2,"pass_epa_vs_pass_defense","SEA","DET",0.1141,-0.0689,0.9355,0.871,0.8065,"off:PREDICTIVE|def:NOT_PREDICTIVE","LOW","MODELED"
2026,2,"pass_epa_vs_pass_defense","SEA","GB",0.1141,0.0166,0.9355,0.3871,0.3226,"off:PREDICTIVE|def:NOT_PREDICTIVE","LOW","MODELED"
2026,2,"pass_epa_vs_pass_defense","SEA","HOU",0.1141,-0.0276,0.9355,0.7097,0.6452,"off:PREDICTIVE|def:NOT_PREDICTIVE","LOW","MODELED"
2026,2,"pass_epa_vs_pass_defense","SEA","IND",0.1141,0.0069,0.9355,0.4194,0.3548,"off:PREDICTIVE|def:NOT_PREDICTIVE","LOW","MODELED"
2026,2,"pass_epa_vs_pass_defense","SEA","JAX",0.1141,0.0229,0.9355,0.3548,0.2903,"off:PREDICTIVE|def:NOT_PREDICTIVE","LOW","MODELED"
2026,2,"pass_epa_vs_pass_defense","SEA","KC",0.1141,-0.0232,0.9355,0.6774,0.6129,"off:PREDICTIVE|def:NOT_PREDICTIVE","LOW","MODELED"
2026,2,"pass_epa_vs_pass_defense","SEA","LAC",0.1141,0.0615,0.9355,0.1613,0.0968,"off:PREDICTIVE|def:NOT_PREDICTIVE","LOW","MODELED"
2026,2,"pass_epa_vs_pass_defense","SEA","LAR",0.1141,-0.146,0.9355,1,0.9355,"off:PREDICTIVE|def:NOT_PREDICTIVE","LOW","MODELED"
2026,2,"pass_epa_vs_pass_defense","SEA","LV",0.1141,-0.0504,0.9355,0.7742,0.7097,"off:PREDICTIVE|def:NOT_PREDICTIVE","LOW","MODELED"
2026,2,"pass_epa_vs_pass_defense","SEA","MIA",0.1141,0.0476,0.9355,0.2258,0.1613,"off:PREDICTIVE|def:NOT_PREDICTIVE","LOW","MODELED"
2026,2,"pass_epa_vs_pass_defense","SEA","MIN",0.1141,-0.104,0.9355,0.9677,0.9032,"off:PREDICTIVE|def:NOT_PREDICTIVE","LOW","MODELED"
2026,2,"pass_epa_vs_pass_defense","SEA","NE",0.1141,-0.0703,0.9355,0.9032,0.8387,"off:PREDICTIVE|def:NOT_PREDICTIVE","LOW","MODELED"
2026,2,"pass_epa_vs_pass_defense","SEA","NO",0.1141,-0.0546,0.9355,0.8387,0.7742,"off:PREDICTIVE|def:NOT_PREDICTIVE","LOW","MODELED"
2026,2,"pass_epa_vs_pass_defense","SEA","NYG",0.1141,0.1081,0.9355,0.0323,-0.0323,"off:PREDICTIVE|def:NOT_PREDICTIVE","LOW","MODELED"
2026,2,"pass_epa_vs_pass_defense","SEA","NYJ",0.1141,-0.01,0.9355,0.4839,0.4194,"off:PREDICTIVE|def:NOT_PREDICTIVE","LOW","MODELED"
2026,2,"pass_epa_vs_pass_defense","SEA","PHI",0.1141,-0.0167,0.9355,0.6129,0.5484,"off:PREDICTIVE|def:NOT_PREDICTIVE","LOW","MODELED"
2026,2,"pass_epa_vs_pass_defense","SEA","PIT",0.1141,-0.0049,0.9355,0.4516,0.3871,"off:PREDICTIVE|def:NOT_PREDICTIVE","LOW","MODELED"
2026,2,"pass_epa_vs_pass_defense","SEA","SF",0.1141,-0.0142,0.9355,0.5161,0.4516,"off:PREDICTIVE|def:NOT_PREDICTIVE","LOW","MODELED"
2026,2,"pass_epa_vs_pass_defense","SEA","TB",0.1141,0.0701,0.9355,0.129,0.0645,"off:PREDICTIVE|def:NOT_PREDICTIVE","LOW","MODELED"
2026,2,"pass_epa_vs_pass_defense","SEA","TEN",0.1141,0.0972,0.9355,0.0645,0,"off:PREDICTIVE|def:NOT_PREDICTIVE","LOW","MODELED"
2026,2,"pass_epa_vs_pass_defense","SEA","WAS",0.1141,0.122,0.9355,0,-0.0645,"off:PREDICTIVE|def:NOT_PREDICTIVE","LOW","MODELED"
2026,2,"pass_epa_vs_pass_defense","SF","ARI",0.1739,-0.0165,1,0.5806,0.5806,"off:PREDICTIVE|def:NOT_PREDICTIVE","LOW","MODELED"
2026,2,"pass_epa_vs_pass_defense","SF","ATL",0.1739,-0.0299,1,0.7419,0.7419,"off:PREDICTIVE|def:NOT_PREDICTIVE","LOW","MODELED"
2026,2,"pass_epa_vs_pass_defense","SF","BAL",0.1739,-0.0514,1,0.8065,0.8065,"off:PREDICTIVE|def:NOT_PREDICTIVE","LOW","MODELED"
2026,2,"pass_epa_vs_pass_defense","SF","BUF",0.1739,0.0374,1,0.2581,0.2581,"off:PREDICTIVE|def:NOT_PREDICTIVE","LOW","MODELED"
2026,2,"pass_epa_vs_pass_defense","SF","CAR",0.1739,0.0321,1,0.3226,0.3226,"off:PREDICTIVE|def:NOT_PREDICTIVE","LOW","MODELED"
2026,2,"pass_epa_vs_pass_defense","SF","CHI",0.1739,-0.0159,1,0.5484,0.5484,"off:PREDICTIVE|def:NOT_PREDICTIVE","LOW","MODELED"
2026,2,"pass_epa_vs_pass_defense","SF","CIN",0.1739,0.0555,1,0.1935,0.1935,"off:PREDICTIVE|def:NOT_PREDICTIVE","LOW","MODELED"
2026,2,"pass_epa_vs_pass_defense","SF","CLE",0.1739,0.0365,1,0.2903,0.2903,"off:PREDICTIVE|def:NOT_PREDICTIVE","LOW","MODELED"
2026,2,"pass_epa_vs_pass_defense","SF","DAL",0.1739,0.075,1,0.0968,0.0968,"off:PREDICTIVE|def:NOT_PREDICTIVE","LOW","MODELED"
2026,2,"pass_epa_vs_pass_defense","SF","DEN",0.1739,-0.0873,1,0.9355,0.9355,"off:PREDICTIVE|def:NOT_PREDICTIVE","LOW","MODELED"
2026,2,"pass_epa_vs_pass_defense","SF","DET",0.1739,-0.0689,1,0.871,0.871,"off:PREDICTIVE|def:NOT_PREDICTIVE","LOW","MODELED"
2026,2,"pass_epa_vs_pass_defense","SF","GB",0.1739,0.0166,1,0.3871,0.3871,"off:PREDICTIVE|def:NOT_PREDICTIVE","LOW","MODELED"
2026,2,"pass_epa_vs_pass_defense","SF","HOU",0.1739,-0.0276,1,0.7097,0.7097,"off:PREDICTIVE|def:NOT_PREDICTIVE","LOW","MODELED"
2026,2,"pass_epa_vs_pass_defense","SF","IND",0.1739,0.0069,1,0.4194,0.4194,"off:PREDICTIVE|def:NOT_PREDICTIVE","LOW","MODELED"
2026,2,"pass_epa_vs_pass_defense","SF","JAX",0.1739,0.0229,1,0.3548,0.3548,"off:PREDICTIVE|def:NOT_PREDICTIVE","LOW","MODELED"
2026,2,"pass_epa_vs_pass_defense","SF","KC",0.1739,-0.0232,1,0.6774,0.6774,"off:PREDICTIVE|def:NOT_PREDICTIVE","LOW","MODELED"
2026,2,"pass_epa_vs_pass_defense","SF","LAC",0.1739,0.0615,1,0.1613,0.1613,"off:PREDICTIVE|def:NOT_PREDICTIVE","LOW","MODELED"
2026,2,"pass_epa_vs_pass_defense","SF","LAR",0.1739,-0.146,1,1,1,"off:PREDICTIVE|def:NOT_PREDICTIVE","LOW","MODELED"
2026,2,"pass_epa_vs_pass_defense","SF","LV",0.1739,-0.0504,1,0.7742,0.7742,"off:PREDICTIVE|def:NOT_PREDICTIVE","LOW","MODELED"
2026,2,"pass_epa_vs_pass_defense","SF","MIA",0.1739,0.0476,1,0.2258,0.2258,"off:PREDICTIVE|def:NOT_PREDICTIVE","LOW","MODELED"
2026,2,"pass_epa_vs_pass_defense","SF","MIN",0.1739,-0.104,1,0.9677,0.9677,"off:PREDICTIVE|def:NOT_PREDICTIVE","LOW","MODELED"
2026,2,"pass_epa_vs_pass_defense","SF","NE",0.1739,-0.0703,1,0.9032,0.9032,"off:PREDICTIVE|def:NOT_PREDICTIVE","LOW","MODELED"
2026,2,"pass_epa_vs_pass_defense","SF","NO",0.1739,-0.0546,1,0.8387,0.8387,"off:PREDICTIVE|def:NOT_PREDICTIVE","LOW","MODELED"
2026,2,"pass_epa_vs_pass_defense","SF","NYG",0.1739,0.1081,1,0.0323,0.0323,"off:PREDICTIVE|def:NOT_PREDICTIVE","LOW","MODELED"
2026,2,"pass_epa_vs_pass_defense","SF","NYJ",0.1739,-0.01,1,0.4839,0.4839,"off:PREDICTIVE|def:NOT_PREDICTIVE","LOW","MODELED"
2026,2,"pass_epa_vs_pass_defense","SF","PHI",0.1739,-0.0167,1,0.6129,0.6129,"off:PREDICTIVE|def:NOT_PREDICTIVE","LOW","MODELED"
2026,2,"pass_epa_vs_pass_defense","SF","PIT",0.1739,-0.0049,1,0.4516,0.4516,"off:PREDICTIVE|def:NOT_PREDICTIVE","LOW","MODELED"
2026,2,"pass_epa_vs_pass_defense","SF","SEA",0.1739,-0.0208,1,0.6452,0.6452,"off:PREDICTIVE|def:NOT_PREDICTIVE","LOW","MODELED"
2026,2,"pass_epa_vs_pass_defense","SF","TB",0.1739,0.0701,1,0.129,0.129,"off:PREDICTIVE|def:NOT_PREDICTIVE","LOW","MODELED"
2026,2,"pass_epa_vs_pass_defense","SF","TEN",0.1739,0.0972,1,0.0645,0.0645,"off:PREDICTIVE|def:NOT_PREDICTIVE","LOW","MODELED"
2026,2,"pass_epa_vs_pass_defense","SF","WAS",0.1739,0.122,1,0,0,"off:PREDICTIVE|def:NOT_PREDICTIVE","LOW","MODELED"
2026,2,"pass_epa_vs_pass_defense","TB","ARI",-0.087,-0.0165,0.0645,0.5806,-0.3548,"off:PREDICTIVE|def:NOT_PREDICTIVE","LOW","MODELED"
2026,2,"pass_epa_vs_pass_defense","TB","ATL",-0.087,-0.0299,0.0645,0.7419,-0.1935,"off:PREDICTIVE|def:NOT_PREDICTIVE","LOW","MODELED"
2026,2,"pass_epa_vs_pass_defense","TB","BAL",-0.087,-0.0514,0.0645,0.8065,-0.129,"off:PREDICTIVE|def:NOT_PREDICTIVE","LOW","MODELED"
2026,2,"pass_epa_vs_pass_defense","TB","BUF",-0.087,0.0374,0.0645,0.2581,-0.6774,"off:PREDICTIVE|def:NOT_PREDICTIVE","LOW","MODELED"
2026,2,"pass_epa_vs_pass_defense","TB","CAR",-0.087,0.0321,0.0645,0.3226,-0.6129,"off:PREDICTIVE|def:NOT_PREDICTIVE","LOW","MODELED"
2026,2,"pass_epa_vs_pass_defense","TB","CHI",-0.087,-0.0159,0.0645,0.5484,-0.3871,"off:PREDICTIVE|def:NOT_PREDICTIVE","LOW","MODELED"
2026,2,"pass_epa_vs_pass_defense","TB","CIN",-0.087,0.0555,0.0645,0.1935,-0.7419,"off:PREDICTIVE|def:NOT_PREDICTIVE","LOW","MODELED"
2026,2,"pass_epa_vs_pass_defense","TB","CLE",-0.087,0.0365,0.0645,0.2903,-0.6452,"off:PREDICTIVE|def:NOT_PREDICTIVE","LOW","MODELED"
2026,2,"pass_epa_vs_pass_defense","TB","DAL",-0.087,0.075,0.0645,0.0968,-0.8387,"off:PREDICTIVE|def:NOT_PREDICTIVE","LOW","MODELED"
2026,2,"pass_epa_vs_pass_defense","TB","DEN",-0.087,-0.0873,0.0645,0.9355,0,"off:PREDICTIVE|def:NOT_PREDICTIVE","LOW","MODELED"
2026,2,"pass_epa_vs_pass_defense","TB","DET",-0.087,-0.0689,0.0645,0.871,-0.0645,"off:PREDICTIVE|def:NOT_PREDICTIVE","LOW","MODELED"
2026,2,"pass_epa_vs_pass_defense","TB","GB",-0.087,0.0166,0.0645,0.3871,-0.5484,"off:PREDICTIVE|def:NOT_PREDICTIVE","LOW","MODELED"
2026,2,"pass_epa_vs_pass_defense","TB","HOU",-0.087,-0.0276,0.0645,0.7097,-0.2258,"off:PREDICTIVE|def:NOT_PREDICTIVE","LOW","MODELED"
2026,2,"pass_epa_vs_pass_defense","TB","IND",-0.087,0.0069,0.0645,0.4194,-0.5161,"off:PREDICTIVE|def:NOT_PREDICTIVE","LOW","MODELED"
2026,2,"pass_epa_vs_pass_defense","TB","JAX",-0.087,0.0229,0.0645,0.3548,-0.5806,"off:PREDICTIVE|def:NOT_PREDICTIVE","LOW","MODELED"
2026,2,"pass_epa_vs_pass_defense","TB","KC",-0.087,-0.0232,0.0645,0.6774,-0.2581,"off:PREDICTIVE|def:NOT_PREDICTIVE","LOW","MODELED"
2026,2,"pass_epa_vs_pass_defense","TB","LAC",-0.087,0.0615,0.0645,0.1613,-0.7742,"off:PREDICTIVE|def:NOT_PREDICTIVE","LOW","MODELED"
2026,2,"pass_epa_vs_pass_defense","TB","LAR",-0.087,-0.146,0.0645,1,0.0645,"off:PREDICTIVE|def:NOT_PREDICTIVE","LOW","MODELED"
2026,2,"pass_epa_vs_pass_defense","TB","LV",-0.087,-0.0504,0.0645,0.7742,-0.1613,"off:PREDICTIVE|def:NOT_PREDICTIVE","LOW","MODELED"
2026,2,"pass_epa_vs_pass_defense","TB","MIA",-0.087,0.0476,0.0645,0.2258,-0.7097,"off:PREDICTIVE|def:NOT_PREDICTIVE","LOW","MODELED"
2026,2,"pass_epa_vs_pass_defense","TB","MIN",-0.087,-0.104,0.0645,0.9677,0.0323,"off:PREDICTIVE|def:NOT_PREDICTIVE","LOW","MODELED"
2026,2,"pass_epa_vs_pass_defense","TB","NE",-0.087,-0.0703,0.0645,0.9032,-0.0323,"off:PREDICTIVE|def:NOT_PREDICTIVE","LOW","MODELED"
2026,2,"pass_epa_vs_pass_defense","TB","NO",-0.087,-0.0546,0.0645,0.8387,-0.0968,"off:PREDICTIVE|def:NOT_PREDICTIVE","LOW","MODELED"
2026,2,"pass_epa_vs_pass_defense","TB","NYG",-0.087,0.1081,0.0645,0.0323,-0.9032,"off:PREDICTIVE|def:NOT_PREDICTIVE","LOW","MODELED"
2026,2,"pass_epa_vs_pass_defense","TB","NYJ",-0.087,-0.01,0.0645,0.4839,-0.4516,"off:PREDICTIVE|def:NOT_PREDICTIVE","LOW","MODELED"
2026,2,"pass_epa_vs_pass_defense","TB","PHI",-0.087,-0.0167,0.0645,0.6129,-0.3226,"off:PREDICTIVE|def:NOT_PREDICTIVE","LOW","MODELED"
2026,2,"pass_epa_vs_pass_defense","TB","PIT",-0.087,-0.0049,0.0645,0.4516,-0.4839,"off:PREDICTIVE|def:NOT_PREDICTIVE","LOW","MODELED"
2026,2,"pass_epa_vs_pass_defense","TB","SEA",-0.087,-0.0208,0.0645,0.6452,-0.2903,"off:PREDICTIVE|def:NOT_PREDICTIVE","LOW","MODELED"
2026,2,"pass_epa_vs_pass_defense","TB","SF",-0.087,-0.0142,0.0645,0.5161,-0.4194,"off:PREDICTIVE|def:NOT_PREDICTIVE","LOW","MODELED"
2026,2,"pass_epa_vs_pass_defense","TB","TEN",-0.087,0.0972,0.0645,0.0645,-0.871,"off:PREDICTIVE|def:NOT_PREDICTIVE","LOW","MODELED"
2026,2,"pass_epa_vs_pass_defense","TB","WAS",-0.087,0.122,0.0645,0,-0.9355,"off:PREDICTIVE|def:NOT_PREDICTIVE","LOW","MODELED"
2026,2,"pass_epa_vs_pass_defense","TEN","ARI",-0.0377,-0.0165,0.3226,0.5806,-0.0968,"off:PREDICTIVE|def:NOT_PREDICTIVE","LOW","MODELED"
2026,2,"pass_epa_vs_pass_defense","TEN","ATL",-0.0377,-0.0299,0.3226,0.7419,0.0645,"off:PREDICTIVE|def:NOT_PREDICTIVE","LOW","MODELED"
2026,2,"pass_epa_vs_pass_defense","TEN","BAL",-0.0377,-0.0514,0.3226,0.8065,0.129,"off:PREDICTIVE|def:NOT_PREDICTIVE","LOW","MODELED"
2026,2,"pass_epa_vs_pass_defense","TEN","BUF",-0.0377,0.0374,0.3226,0.2581,-0.4194,"off:PREDICTIVE|def:NOT_PREDICTIVE","LOW","MODELED"
2026,2,"pass_epa_vs_pass_defense","TEN","CAR",-0.0377,0.0321,0.3226,0.3226,-0.3548,"off:PREDICTIVE|def:NOT_PREDICTIVE","LOW","MODELED"
2026,2,"pass_epa_vs_pass_defense","TEN","CHI",-0.0377,-0.0159,0.3226,0.5484,-0.129,"off:PREDICTIVE|def:NOT_PREDICTIVE","LOW","MODELED"
2026,2,"pass_epa_vs_pass_defense","TEN","CIN",-0.0377,0.0555,0.3226,0.1935,-0.4839,"off:PREDICTIVE|def:NOT_PREDICTIVE","LOW","MODELED"
2026,2,"pass_epa_vs_pass_defense","TEN","CLE",-0.0377,0.0365,0.3226,0.2903,-0.3871,"off:PREDICTIVE|def:NOT_PREDICTIVE","LOW","MODELED"
2026,2,"pass_epa_vs_pass_defense","TEN","DAL",-0.0377,0.075,0.3226,0.0968,-0.5806,"off:PREDICTIVE|def:NOT_PREDICTIVE","LOW","MODELED"
2026,2,"pass_epa_vs_pass_defense","TEN","DEN",-0.0377,-0.0873,0.3226,0.9355,0.2581,"off:PREDICTIVE|def:NOT_PREDICTIVE","LOW","MODELED"
2026,2,"pass_epa_vs_pass_defense","TEN","DET",-0.0377,-0.0689,0.3226,0.871,0.1935,"off:PREDICTIVE|def:NOT_PREDICTIVE","LOW","MODELED"
2026,2,"pass_epa_vs_pass_defense","TEN","GB",-0.0377,0.0166,0.3226,0.3871,-0.2903,"off:PREDICTIVE|def:NOT_PREDICTIVE","LOW","MODELED"
2026,2,"pass_epa_vs_pass_defense","TEN","HOU",-0.0377,-0.0276,0.3226,0.7097,0.0323,"off:PREDICTIVE|def:NOT_PREDICTIVE","LOW","MODELED"
2026,2,"pass_epa_vs_pass_defense","TEN","IND",-0.0377,0.0069,0.3226,0.4194,-0.2581,"off:PREDICTIVE|def:NOT_PREDICTIVE","LOW","MODELED"
2026,2,"pass_epa_vs_pass_defense","TEN","JAX",-0.0377,0.0229,0.3226,0.3548,-0.3226,"off:PREDICTIVE|def:NOT_PREDICTIVE","LOW","MODELED"
2026,2,"pass_epa_vs_pass_defense","TEN","KC",-0.0377,-0.0232,0.3226,0.6774,0,"off:PREDICTIVE|def:NOT_PREDICTIVE","LOW","MODELED"
2026,2,"pass_epa_vs_pass_defense","TEN","LAC",-0.0377,0.0615,0.3226,0.1613,-0.5161,"off:PREDICTIVE|def:NOT_PREDICTIVE","LOW","MODELED"
2026,2,"pass_epa_vs_pass_defense","TEN","LAR",-0.0377,-0.146,0.3226,1,0.3226,"off:PREDICTIVE|def:NOT_PREDICTIVE","LOW","MODELED"
2026,2,"pass_epa_vs_pass_defense","TEN","LV",-0.0377,-0.0504,0.3226,0.7742,0.0968,"off:PREDICTIVE|def:NOT_PREDICTIVE","LOW","MODELED"
2026,2,"pass_epa_vs_pass_defense","TEN","MIA",-0.0377,0.0476,0.3226,0.2258,-0.4516,"off:PREDICTIVE|def:NOT_PREDICTIVE","LOW","MODELED"
2026,2,"pass_epa_vs_pass_defense","TEN","MIN",-0.0377,-0.104,0.3226,0.9677,0.2903,"off:PREDICTIVE|def:NOT_PREDICTIVE","LOW","MODELED"
2026,2,"pass_epa_vs_pass_defense","TEN","NE",-0.0377,-0.0703,0.3226,0.9032,0.2258,"off:PREDICTIVE|def:NOT_PREDICTIVE","LOW","MODELED"
2026,2,"pass_epa_vs_pass_defense","TEN","NO",-0.0377,-0.0546,0.3226,0.8387,0.1613,"off:PREDICTIVE|def:NOT_PREDICTIVE","LOW","MODELED"
2026,2,"pass_epa_vs_pass_defense","TEN","NYG",-0.0377,0.1081,0.3226,0.0323,-0.6452,"off:PREDICTIVE|def:NOT_PREDICTIVE","LOW","MODELED"
2026,2,"pass_epa_vs_pass_defense","TEN","NYJ",-0.0377,-0.01,0.3226,0.4839,-0.1935,"off:PREDICTIVE|def:NOT_PREDICTIVE","LOW","MODELED"
2026,2,"pass_epa_vs_pass_defense","TEN","PHI",-0.0377,-0.0167,0.3226,0.6129,-0.0645,"off:PREDICTIVE|def:NOT_PREDICTIVE","LOW","MODELED"
2026,2,"pass_epa_vs_pass_defense","TEN","PIT",-0.0377,-0.0049,0.3226,0.4516,-0.2258,"off:PREDICTIVE|def:NOT_PREDICTIVE","LOW","MODELED"
2026,2,"pass_epa_vs_pass_defense","TEN","SEA",-0.0377,-0.0208,0.3226,0.6452,-0.0323,"off:PREDICTIVE|def:NOT_PREDICTIVE","LOW","MODELED"
2026,2,"pass_epa_vs_pass_defense","TEN","SF",-0.0377,-0.0142,0.3226,0.5161,-0.1613,"off:PREDICTIVE|def:NOT_PREDICTIVE","LOW","MODELED"
2026,2,"pass_epa_vs_pass_defense","TEN","TB",-0.0377,0.0701,0.3226,0.129,-0.5484,"off:PREDICTIVE|def:NOT_PREDICTIVE","LOW","MODELED"
2026,2,"pass_epa_vs_pass_defense","TEN","WAS",-0.0377,0.122,0.3226,0,-0.6774,"off:PREDICTIVE|def:NOT_PREDICTIVE","LOW","MODELED"
2026,2,"pass_epa_vs_pass_defense","WAS","ARI",-0.0239,-0.0165,0.4194,0.5806,0,"off:PREDICTIVE|def:NOT_PREDICTIVE","LOW","MODELED"
2026,2,"pass_epa_vs_pass_defense","WAS","ATL",-0.0239,-0.0299,0.4194,0.7419,0.1613,"off:PREDICTIVE|def:NOT_PREDICTIVE","LOW","MODELED"
2026,2,"pass_epa_vs_pass_defense","WAS","BAL",-0.0239,-0.0514,0.4194,0.8065,0.2258,"off:PREDICTIVE|def:NOT_PREDICTIVE","LOW","MODELED"
2026,2,"pass_epa_vs_pass_defense","WAS","BUF",-0.0239,0.0374,0.4194,0.2581,-0.3226,"off:PREDICTIVE|def:NOT_PREDICTIVE","LOW","MODELED"
2026,2,"pass_epa_vs_pass_defense","WAS","CAR",-0.0239,0.0321,0.4194,0.3226,-0.2581,"off:PREDICTIVE|def:NOT_PREDICTIVE","LOW","MODELED"
2026,2,"pass_epa_vs_pass_defense","WAS","CHI",-0.0239,-0.0159,0.4194,0.5484,-0.0323,"off:PREDICTIVE|def:NOT_PREDICTIVE","LOW","MODELED"
2026,2,"pass_epa_vs_pass_defense","WAS","CIN",-0.0239,0.0555,0.4194,0.1935,-0.3871,"off:PREDICTIVE|def:NOT_PREDICTIVE","LOW","MODELED"
2026,2,"pass_epa_vs_pass_defense","WAS","CLE",-0.0239,0.0365,0.4194,0.2903,-0.2903,"off:PREDICTIVE|def:NOT_PREDICTIVE","LOW","MODELED"
2026,2,"pass_epa_vs_pass_defense","WAS","DAL",-0.0239,0.075,0.4194,0.0968,-0.4839,"off:PREDICTIVE|def:NOT_PREDICTIVE","LOW","MODELED"
2026,2,"pass_epa_vs_pass_defense","WAS","DEN",-0.0239,-0.0873,0.4194,0.9355,0.3548,"off:PREDICTIVE|def:NOT_PREDICTIVE","LOW","MODELED"
2026,2,"pass_epa_vs_pass_defense","WAS","DET",-0.0239,-0.0689,0.4194,0.871,0.2903,"off:PREDICTIVE|def:NOT_PREDICTIVE","LOW","MODELED"
2026,2,"pass_epa_vs_pass_defense","WAS","GB",-0.0239,0.0166,0.4194,0.3871,-0.1935,"off:PREDICTIVE|def:NOT_PREDICTIVE","LOW","MODELED"
2026,2,"pass_epa_vs_pass_defense","WAS","HOU",-0.0239,-0.0276,0.4194,0.7097,0.129,"off:PREDICTIVE|def:NOT_PREDICTIVE","LOW","MODELED"
2026,2,"pass_epa_vs_pass_defense","WAS","IND",-0.0239,0.0069,0.4194,0.4194,-0.1613,"off:PREDICTIVE|def:NOT_PREDICTIVE","LOW","MODELED"
2026,2,"pass_epa_vs_pass_defense","WAS","JAX",-0.0239,0.0229,0.4194,0.3548,-0.2258,"off:PREDICTIVE|def:NOT_PREDICTIVE","LOW","MODELED"
2026,2,"pass_epa_vs_pass_defense","WAS","KC",-0.0239,-0.0232,0.4194,0.6774,0.0968,"off:PREDICTIVE|def:NOT_PREDICTIVE","LOW","MODELED"
2026,2,"pass_epa_vs_pass_defense","WAS","LAC",-0.0239,0.0615,0.4194,0.1613,-0.4194,"off:PREDICTIVE|def:NOT_PREDICTIVE","LOW","MODELED"
2026,2,"pass_epa_vs_pass_defense","WAS","LAR",-0.0239,-0.146,0.4194,1,0.4194,"off:PREDICTIVE|def:NOT_PREDICTIVE","LOW","MODELED"
2026,2,"pass_epa_vs_pass_defense","WAS","LV",-0.0239,-0.0504,0.4194,0.7742,0.1935,"off:PREDICTIVE|def:NOT_PREDICTIVE","LOW","MODELED"
2026,2,"pass_epa_vs_pass_defense","WAS","MIA",-0.0239,0.0476,0.4194,0.2258,-0.3548,"off:PREDICTIVE|def:NOT_PREDICTIVE","LOW","MODELED"
2026,2,"pass_epa_vs_pass_defense","WAS","MIN",-0.0239,-0.104,0.4194,0.9677,0.3871,"off:PREDICTIVE|def:NOT_PREDICTIVE","LOW","MODELED"
2026,2,"pass_epa_vs_pass_defense","WAS","NE",-0.0239,-0.0703,0.4194,0.9032,0.3226,"off:PREDICTIVE|def:NOT_PREDICTIVE","LOW","MODELED"
2026,2,"pass_epa_vs_pass_defense","WAS","NO",-0.0239,-0.0546,0.4194,0.8387,0.2581,"off:PREDICTIVE|def:NOT_PREDICTIVE","LOW","MODELED"
2026,2,"pass_epa_vs_pass_defense","WAS","NYG",-0.0239,0.1081,0.4194,0.0323,-0.5484,"off:PREDICTIVE|def:NOT_PREDICTIVE","LOW","MODELED"
2026,2,"pass_epa_vs_pass_defense","WAS","NYJ",-0.0239,-0.01,0.4194,0.4839,-0.0968,"off:PREDICTIVE|def:NOT_PREDICTIVE","LOW","MODELED"
2026,2,"pass_epa_vs_pass_defense","WAS","PHI",-0.0239,-0.0167,0.4194,0.6129,0.0323,"off:PREDICTIVE|def:NOT_PREDICTIVE","LOW","MODELED"
2026,2,"pass_epa_vs_pass_defense","WAS","PIT",-0.0239,-0.0049,0.4194,0.4516,-0.129,"off:PREDICTIVE|def:NOT_PREDICTIVE","LOW","MODELED"
2026,2,"pass_epa_vs_pass_defense","WAS","SEA",-0.0239,-0.0208,0.4194,0.6452,0.0645,"off:PREDICTIVE|def:NOT_PREDICTIVE","LOW","MODELED"
2026,2,"pass_epa_vs_pass_defense","WAS","SF",-0.0239,-0.0142,0.4194,0.5161,-0.0645,"off:PREDICTIVE|def:NOT_PREDICTIVE","LOW","MODELED"
2026,2,"pass_epa_vs_pass_defense","WAS","TB",-0.0239,0.0701,0.4194,0.129,-0.4516,"off:PREDICTIVE|def:NOT_PREDICTIVE","LOW","MODELED"
2026,2,"pass_epa_vs_pass_defense","WAS","TEN",-0.0239,0.0972,0.4194,0.0645,-0.5161,"off:PREDICTIVE|def:NOT_PREDICTIVE","LOW","MODELED"
2026,2,"rush_epa_vs_rush_defense","ARI","ATL",0.0258,-0.021,0.7419,0.7742,0.5161,"off:PREDICTIVE|def:NOT_PREDICTIVE","LOW","MODELED"
2026,2,"rush_epa_vs_rush_defense","ARI","BAL",0.0258,0.0082,0.7419,0.4839,0.2258,"off:PREDICTIVE|def:NOT_PREDICTIVE","LOW","MODELED"
2026,2,"rush_epa_vs_rush_defense","ARI","BUF",0.0258,0.0481,0.7419,0.0645,-0.1935,"off:PREDICTIVE|def:NOT_PREDICTIVE","LOW","MODELED"
2026,2,"rush_epa_vs_rush_defense","ARI","CAR",0.0258,0.0457,0.7419,0.0968,-0.1613,"off:PREDICTIVE|def:NOT_PREDICTIVE","LOW","MODELED"
2026,2,"rush_epa_vs_rush_defense","ARI","CHI",0.0258,-0.0204,0.7419,0.7419,0.4839,"off:PREDICTIVE|def:NOT_PREDICTIVE","LOW","MODELED"
2026,2,"rush_epa_vs_rush_defense","ARI","CIN",0.0258,0.0011,0.7419,0.5806,0.3226,"off:PREDICTIVE|def:NOT_PREDICTIVE","LOW","MODELED"
2026,2,"rush_epa_vs_rush_defense","ARI","CLE",0.0258,-0.0195,0.7419,0.7097,0.4516,"off:PREDICTIVE|def:NOT_PREDICTIVE","LOW","MODELED"
2026,2,"rush_epa_vs_rush_defense","ARI","DAL",0.0258,0.0685,0.7419,0,-0.2581,"off:PREDICTIVE|def:NOT_PREDICTIVE","LOW","MODELED"
2026,2,"rush_epa_vs_rush_defense","ARI","DEN",0.0258,0.0081,0.7419,0.5161,0.2581,"off:PREDICTIVE|def:NOT_PREDICTIVE","LOW","MODELED"
2026,2,"rush_epa_vs_rush_defense","ARI","DET",0.0258,0.013,0.7419,0.4516,0.1935,"off:PREDICTIVE|def:NOT_PREDICTIVE","LOW","MODELED"
2026,2,"rush_epa_vs_rush_defense","ARI","GB",0.0258,-0.0386,0.7419,0.871,0.6129,"off:PREDICTIVE|def:NOT_PREDICTIVE","LOW","MODELED"
2026,2,"rush_epa_vs_rush_defense","ARI","HOU",0.0258,-0.068,0.7419,1,0.7419,"off:PREDICTIVE|def:NOT_PREDICTIVE","LOW","MODELED"
2026,2,"rush_epa_vs_rush_defense","ARI","IND",0.0258,0.0141,0.7419,0.4194,0.1613,"off:PREDICTIVE|def:NOT_PREDICTIVE","LOW","MODELED"
2026,2,"rush_epa_vs_rush_defense","ARI","JAX",0.0258,0.0248,0.7419,0.1613,-0.0968,"off:PREDICTIVE|def:NOT_PREDICTIVE","LOW","MODELED"
2026,2,"rush_epa_vs_rush_defense","ARI","KC",0.0258,0.0196,0.7419,0.2581,0,"off:PREDICTIVE|def:NOT_PREDICTIVE","LOW","MODELED"
2026,2,"rush_epa_vs_rush_defense","ARI","LAC",0.0258,-0.0434,0.7419,0.9032,0.6452,"off:PREDICTIVE|def:NOT_PREDICTIVE","LOW","MODELED"
2026,2,"rush_epa_vs_rush_defense","ARI","LAR",0.0258,0.0145,0.7419,0.3871,0.129,"off:PREDICTIVE|def:NOT_PREDICTIVE","LOW","MODELED"
2026,2,"rush_epa_vs_rush_defense","ARI","LV",0.0258,-0.0225,0.7419,0.8065,0.5484,"off:PREDICTIVE|def:NOT_PREDICTIVE","LOW","MODELED"
2026,2,"rush_epa_vs_rush_defense","ARI","MIA",0.0258,-0.0047,0.7419,0.6452,0.3871,"off:PREDICTIVE|def:NOT_PREDICTIVE","LOW","MODELED"
2026,2,"rush_epa_vs_rush_defense","ARI","MIN",0.0258,-0.0531,0.7419,0.9355,0.6774,"off:PREDICTIVE|def:NOT_PREDICTIVE","LOW","MODELED"
2026,2,"rush_epa_vs_rush_defense","ARI","NE",0.0258,-0.0045,0.7419,0.6129,0.3548,"off:PREDICTIVE|def:NOT_PREDICTIVE","LOW","MODELED"
2026,2,"rush_epa_vs_rush_defense","ARI","NO",0.0258,0.0236,0.7419,0.2258,-0.0323,"off:PREDICTIVE|def:NOT_PREDICTIVE","LOW","MODELED"
2026,2,"rush_epa_vs_rush_defense","ARI","NYG",0.0258,0.0497,0.7419,0.0323,-0.2258,"off:PREDICTIVE|def:NOT_PREDICTIVE","LOW","MODELED"
2026,2,"rush_epa_vs_rush_defense","ARI","NYJ",0.0258,-0.0078,0.7419,0.6774,0.4194,"off:PREDICTIVE|def:NOT_PREDICTIVE","LOW","MODELED"
2026,2,"rush_epa_vs_rush_defense","ARI","PHI",0.0258,0.0157,0.7419,0.3548,0.0968,"off:PREDICTIVE|def:NOT_PREDICTIVE","LOW","MODELED"
2026,2,"rush_epa_vs_rush_defense","ARI","PIT",0.0258,0.0178,0.7419,0.2903,0.0323,"off:PREDICTIVE|def:NOT_PREDICTIVE","LOW","MODELED"
2026,2,"rush_epa_vs_rush_defense","ARI","SEA",0.0258,-0.0676,0.7419,0.9677,0.7097,"off:PREDICTIVE|def:NOT_PREDICTIVE","LOW","MODELED"
2026,2,"rush_epa_vs_rush_defense","ARI","SF",0.0258,0.0169,0.7419,0.3226,0.0645,"off:PREDICTIVE|def:NOT_PREDICTIVE","LOW","MODELED"
2026,2,"rush_epa_vs_rush_defense","ARI","TB",0.0258,-0.0359,0.7419,0.8387,0.5806,"off:PREDICTIVE|def:NOT_PREDICTIVE","LOW","MODELED"
2026,2,"rush_epa_vs_rush_defense","ARI","TEN",0.0258,0.0328,0.7419,0.129,-0.129,"off:PREDICTIVE|def:NOT_PREDICTIVE","LOW","MODELED"
2026,2,"rush_epa_vs_rush_defense","ARI","WAS",0.0258,0.0237,0.7419,0.1935,-0.0645,"off:PREDICTIVE|def:NOT_PREDICTIVE","LOW","MODELED"
2026,2,"rush_epa_vs_rush_defense","ATL","ARI",-0.0198,0.0052,0.2581,0.5484,-0.1935,"off:PREDICTIVE|def:NOT_PREDICTIVE","LOW","MODELED"
2026,2,"rush_epa_vs_rush_defense","ATL","BAL",-0.0198,0.0082,0.2581,0.4839,-0.2581,"off:PREDICTIVE|def:NOT_PREDICTIVE","LOW","MODELED"
2026,2,"rush_epa_vs_rush_defense","ATL","BUF",-0.0198,0.0481,0.2581,0.0645,-0.6774,"off:PREDICTIVE|def:NOT_PREDICTIVE","LOW","MODELED"
2026,2,"rush_epa_vs_rush_defense","ATL","CAR",-0.0198,0.0457,0.2581,0.0968,-0.6452,"off:PREDICTIVE|def:NOT_PREDICTIVE","LOW","MODELED"
2026,2,"rush_epa_vs_rush_defense","ATL","CHI",-0.0198,-0.0204,0.2581,0.7419,0,"off:PREDICTIVE|def:NOT_PREDICTIVE","LOW","MODELED"
2026,2,"rush_epa_vs_rush_defense","ATL","CIN",-0.0198,0.0011,0.2581,0.5806,-0.1613,"off:PREDICTIVE|def:NOT_PREDICTIVE","LOW","MODELED"
2026,2,"rush_epa_vs_rush_defense","ATL","CLE",-0.0198,-0.0195,0.2581,0.7097,-0.0323,"off:PREDICTIVE|def:NOT_PREDICTIVE","LOW","MODELED"
2026,2,"rush_epa_vs_rush_defense","ATL","DAL",-0.0198,0.0685,0.2581,0,-0.7419,"off:PREDICTIVE|def:NOT_PREDICTIVE","LOW","MODELED"
2026,2,"rush_epa_vs_rush_defense","ATL","DEN",-0.0198,0.0081,0.2581,0.5161,-0.2258,"off:PREDICTIVE|def:NOT_PREDICTIVE","LOW","MODELED"
2026,2,"rush_epa_vs_rush_defense","ATL","DET",-0.0198,0.013,0.2581,0.4516,-0.2903,"off:PREDICTIVE|def:NOT_PREDICTIVE","LOW","MODELED"
2026,2,"rush_epa_vs_rush_defense","ATL","GB",-0.0198,-0.0386,0.2581,0.871,0.129,"off:PREDICTIVE|def:NOT_PREDICTIVE","LOW","MODELED"
2026,2,"rush_epa_vs_rush_defense","ATL","HOU",-0.0198,-0.068,0.2581,1,0.2581,"off:PREDICTIVE|def:NOT_PREDICTIVE","LOW","MODELED"
2026,2,"rush_epa_vs_rush_defense","ATL","IND",-0.0198,0.0141,0.2581,0.4194,-0.3226,"off:PREDICTIVE|def:NOT_PREDICTIVE","LOW","MODELED"
2026,2,"rush_epa_vs_rush_defense","ATL","JAX",-0.0198,0.0248,0.2581,0.1613,-0.5806,"off:PREDICTIVE|def:NOT_PREDICTIVE","LOW","MODELED"
2026,2,"rush_epa_vs_rush_defense","ATL","KC",-0.0198,0.0196,0.2581,0.2581,-0.4839,"off:PREDICTIVE|def:NOT_PREDICTIVE","LOW","MODELED"
2026,2,"rush_epa_vs_rush_defense","ATL","LAC",-0.0198,-0.0434,0.2581,0.9032,0.1613,"off:PREDICTIVE|def:NOT_PREDICTIVE","LOW","MODELED"
2026,2,"rush_epa_vs_rush_defense","ATL","LAR",-0.0198,0.0145,0.2581,0.3871,-0.3548,"off:PREDICTIVE|def:NOT_PREDICTIVE","LOW","MODELED"
2026,2,"rush_epa_vs_rush_defense","ATL","LV",-0.0198,-0.0225,0.2581,0.8065,0.0645,"off:PREDICTIVE|def:NOT_PREDICTIVE","LOW","MODELED"
2026,2,"rush_epa_vs_rush_defense","ATL","MIA",-0.0198,-0.0047,0.2581,0.6452,-0.0968,"off:PREDICTIVE|def:NOT_PREDICTIVE","LOW","MODELED"
2026,2,"rush_epa_vs_rush_defense","ATL","MIN",-0.0198,-0.0531,0.2581,0.9355,0.1935,"off:PREDICTIVE|def:NOT_PREDICTIVE","LOW","MODELED"
2026,2,"rush_epa_vs_rush_defense","ATL","NE",-0.0198,-0.0045,0.2581,0.6129,-0.129,"off:PREDICTIVE|def:NOT_PREDICTIVE","LOW","MODELED"
2026,2,"rush_epa_vs_rush_defense","ATL","NO",-0.0198,0.0236,0.2581,0.2258,-0.5161,"off:PREDICTIVE|def:NOT_PREDICTIVE","LOW","MODELED"
2026,2,"rush_epa_vs_rush_defense","ATL","NYG",-0.0198,0.0497,0.2581,0.0323,-0.7097,"off:PREDICTIVE|def:NOT_PREDICTIVE","LOW","MODELED"
2026,2,"rush_epa_vs_rush_defense","ATL","NYJ",-0.0198,-0.0078,0.2581,0.6774,-0.0645,"off:PREDICTIVE|def:NOT_PREDICTIVE","LOW","MODELED"
2026,2,"rush_epa_vs_rush_defense","ATL","PHI",-0.0198,0.0157,0.2581,0.3548,-0.3871,"off:PREDICTIVE|def:NOT_PREDICTIVE","LOW","MODELED"
2026,2,"rush_epa_vs_rush_defense","ATL","PIT",-0.0198,0.0178,0.2581,0.2903,-0.4516,"off:PREDICTIVE|def:NOT_PREDICTIVE","LOW","MODELED"
2026,2,"rush_epa_vs_rush_defense","ATL","SEA",-0.0198,-0.0676,0.2581,0.9677,0.2258,"off:PREDICTIVE|def:NOT_PREDICTIVE","LOW","MODELED"
2026,2,"rush_epa_vs_rush_defense","ATL","SF",-0.0198,0.0169,0.2581,0.3226,-0.4194,"off:PREDICTIVE|def:NOT_PREDICTIVE","LOW","MODELED"
2026,2,"rush_epa_vs_rush_defense","ATL","TB",-0.0198,-0.0359,0.2581,0.8387,0.0968,"off:PREDICTIVE|def:NOT_PREDICTIVE","LOW","MODELED"
2026,2,"rush_epa_vs_rush_defense","ATL","TEN",-0.0198,0.0328,0.2581,0.129,-0.6129,"off:PREDICTIVE|def:NOT_PREDICTIVE","LOW","MODELED"
2026,2,"rush_epa_vs_rush_defense","ATL","WAS",-0.0198,0.0237,0.2581,0.1935,-0.5484,"off:PREDICTIVE|def:NOT_PREDICTIVE","LOW","MODELED"
2026,2,"rush_epa_vs_rush_defense","BAL","ARI",0.0393,0.0052,0.9355,0.5484,0.4839,"off:PREDICTIVE|def:NOT_PREDICTIVE","LOW","MODELED"
2026,2,"rush_epa_vs_rush_defense","BAL","ATL",0.0393,-0.021,0.9355,0.7742,0.7097,"off:PREDICTIVE|def:NOT_PREDICTIVE","LOW","MODELED"
2026,2,"rush_epa_vs_rush_defense","BAL","BUF",0.0393,0.0481,0.9355,0.0645,0,"off:PREDICTIVE|def:NOT_PREDICTIVE","LOW","MODELED"
2026,2,"rush_epa_vs_rush_defense","BAL","CAR",0.0393,0.0457,0.9355,0.0968,0.0323,"off:PREDICTIVE|def:NOT_PREDICTIVE","LOW","MODELED"
2026,2,"rush_epa_vs_rush_defense","BAL","CHI",0.0393,-0.0204,0.9355,0.7419,0.6774,"off:PREDICTIVE|def:NOT_PREDICTIVE","LOW","MODELED"
2026,2,"rush_epa_vs_rush_defense","BAL","CIN",0.0393,0.0011,0.9355,0.5806,0.5161,"off:PREDICTIVE|def:NOT_PREDICTIVE","LOW","MODELED"
2026,2,"rush_epa_vs_rush_defense","BAL","CLE",0.0393,-0.0195,0.9355,0.7097,0.6452,"off:PREDICTIVE|def:NOT_PREDICTIVE","LOW","MODELED"
2026,2,"rush_epa_vs_rush_defense","BAL","DAL",0.0393,0.0685,0.9355,0,-0.0645,"off:PREDICTIVE|def:NOT_PREDICTIVE","LOW","MODELED"
2026,2,"rush_epa_vs_rush_defense","BAL","DEN",0.0393,0.0081,0.9355,0.5161,0.4516,"off:PREDICTIVE|def:NOT_PREDICTIVE","LOW","MODELED"
2026,2,"rush_epa_vs_rush_defense","BAL","DET",0.0393,0.013,0.9355,0.4516,0.3871,"off:PREDICTIVE|def:NOT_PREDICTIVE","LOW","MODELED"
2026,2,"rush_epa_vs_rush_defense","BAL","GB",0.0393,-0.0386,0.9355,0.871,0.8065,"off:PREDICTIVE|def:NOT_PREDICTIVE","LOW","MODELED"
2026,2,"rush_epa_vs_rush_defense","BAL","HOU",0.0393,-0.068,0.9355,1,0.9355,"off:PREDICTIVE|def:NOT_PREDICTIVE","LOW","MODELED"
2026,2,"rush_epa_vs_rush_defense","BAL","IND",0.0393,0.0141,0.9355,0.4194,0.3548,"off:PREDICTIVE|def:NOT_PREDICTIVE","LOW","MODELED"
2026,2,"rush_epa_vs_rush_defense","BAL","JAX",0.0393,0.0248,0.9355,0.1613,0.0968,"off:PREDICTIVE|def:NOT_PREDICTIVE","LOW","MODELED"
2026,2,"rush_epa_vs_rush_defense","BAL","KC",0.0393,0.0196,0.9355,0.2581,0.1935,"off:PREDICTIVE|def:NOT_PREDICTIVE","LOW","MODELED"
2026,2,"rush_epa_vs_rush_defense","BAL","LAC",0.0393,-0.0434,0.9355,0.9032,0.8387,"off:PREDICTIVE|def:NOT_PREDICTIVE","LOW","MODELED"
2026,2,"rush_epa_vs_rush_defense","BAL","LAR",0.0393,0.0145,0.9355,0.3871,0.3226,"off:PREDICTIVE|def:NOT_PREDICTIVE","LOW","MODELED"
2026,2,"rush_epa_vs_rush_defense","BAL","LV",0.0393,-0.0225,0.9355,0.8065,0.7419,"off:PREDICTIVE|def:NOT_PREDICTIVE","LOW","MODELED"
2026,2,"rush_epa_vs_rush_defense","BAL","MIA",0.0393,-0.0047,0.9355,0.6452,0.5806,"off:PREDICTIVE|def:NOT_PREDICTIVE","LOW","MODELED"
2026,2,"rush_epa_vs_rush_defense","BAL","MIN",0.0393,-0.0531,0.9355,0.9355,0.871,"off:PREDICTIVE|def:NOT_PREDICTIVE","LOW","MODELED"
2026,2,"rush_epa_vs_rush_defense","BAL","NE",0.0393,-0.0045,0.9355,0.6129,0.5484,"off:PREDICTIVE|def:NOT_PREDICTIVE","LOW","MODELED"
2026,2,"rush_epa_vs_rush_defense","BAL","NO",0.0393,0.0236,0.9355,0.2258,0.1613,"off:PREDICTIVE|def:NOT_PREDICTIVE","LOW","MODELED"
2026,2,"rush_epa_vs_rush_defense","BAL","NYG",0.0393,0.0497,0.9355,0.0323,-0.0323,"off:PREDICTIVE|def:NOT_PREDICTIVE","LOW","MODELED"
2026,2,"rush_epa_vs_rush_defense","BAL","NYJ",0.0393,-0.0078,0.9355,0.6774,0.6129,"off:PREDICTIVE|def:NOT_PREDICTIVE","LOW","MODELED"
2026,2,"rush_epa_vs_rush_defense","BAL","PHI",0.0393,0.0157,0.9355,0.3548,0.2903,"off:PREDICTIVE|def:NOT_PREDICTIVE","LOW","MODELED"
2026,2,"rush_epa_vs_rush_defense","BAL","PIT",0.0393,0.0178,0.9355,0.2903,0.2258,"off:PREDICTIVE|def:NOT_PREDICTIVE","LOW","MODELED"
2026,2,"rush_epa_vs_rush_defense","BAL","SEA",0.0393,-0.0676,0.9355,0.9677,0.9032,"off:PREDICTIVE|def:NOT_PREDICTIVE","LOW","MODELED"
2026,2,"rush_epa_vs_rush_defense","BAL","SF",0.0393,0.0169,0.9355,0.3226,0.2581,"off:PREDICTIVE|def:NOT_PREDICTIVE","LOW","MODELED"
2026,2,"rush_epa_vs_rush_defense","BAL","TB",0.0393,-0.0359,0.9355,0.8387,0.7742,"off:PREDICTIVE|def:NOT_PREDICTIVE","LOW","MODELED"
2026,2,"rush_epa_vs_rush_defense","BAL","TEN",0.0393,0.0328,0.9355,0.129,0.0645,"off:PREDICTIVE|def:NOT_PREDICTIVE","LOW","MODELED"
2026,2,"rush_epa_vs_rush_defense","BAL","WAS",0.0393,0.0237,0.9355,0.1935,0.129,"off:PREDICTIVE|def:NOT_PREDICTIVE","LOW","MODELED"
2026,2,"rush_epa_vs_rush_defense","BUF","ARI",0.0666,0.0052,1,0.5484,0.5484,"off:PREDICTIVE|def:NOT_PREDICTIVE","LOW","MODELED"
2026,2,"rush_epa_vs_rush_defense","BUF","ATL",0.0666,-0.021,1,0.7742,0.7742,"off:PREDICTIVE|def:NOT_PREDICTIVE","LOW","MODELED"
2026,2,"rush_epa_vs_rush_defense","BUF","BAL",0.0666,0.0082,1,0.4839,0.4839,"off:PREDICTIVE|def:NOT_PREDICTIVE","LOW","MODELED"
2026,2,"rush_epa_vs_rush_defense","BUF","CAR",0.0666,0.0457,1,0.0968,0.0968,"off:PREDICTIVE|def:NOT_PREDICTIVE","LOW","MODELED"
2026,2,"rush_epa_vs_rush_defense","BUF","CHI",0.0666,-0.0204,1,0.7419,0.7419,"off:PREDICTIVE|def:NOT_PREDICTIVE","LOW","MODELED"
2026,2,"rush_epa_vs_rush_defense","BUF","CIN",0.0666,0.0011,1,0.5806,0.5806,"off:PREDICTIVE|def:NOT_PREDICTIVE","LOW","MODELED"
2026,2,"rush_epa_vs_rush_defense","BUF","CLE",0.0666,-0.0195,1,0.7097,0.7097,"off:PREDICTIVE|def:NOT_PREDICTIVE","LOW","MODELED"
2026,2,"rush_epa_vs_rush_defense","BUF","DAL",0.0666,0.0685,1,0,0,"off:PREDICTIVE|def:NOT_PREDICTIVE","LOW","MODELED"
2026,2,"rush_epa_vs_rush_defense","BUF","DEN",0.0666,0.0081,1,0.5161,0.5161,"off:PREDICTIVE|def:NOT_PREDICTIVE","LOW","MODELED"
2026,2,"rush_epa_vs_rush_defense","BUF","DET",0.0666,0.013,1,0.4516,0.4516,"off:PREDICTIVE|def:NOT_PREDICTIVE","LOW","MODELED"
2026,2,"rush_epa_vs_rush_defense","BUF","GB",0.0666,-0.0386,1,0.871,0.871,"off:PREDICTIVE|def:NOT_PREDICTIVE","LOW","MODELED"
2026,2,"rush_epa_vs_rush_defense","BUF","HOU",0.0666,-0.068,1,1,1,"off:PREDICTIVE|def:NOT_PREDICTIVE","LOW","MODELED"
2026,2,"rush_epa_vs_rush_defense","BUF","IND",0.0666,0.0141,1,0.4194,0.4194,"off:PREDICTIVE|def:NOT_PREDICTIVE","LOW","MODELED"
2026,2,"rush_epa_vs_rush_defense","BUF","JAX",0.0666,0.0248,1,0.1613,0.1613,"off:PREDICTIVE|def:NOT_PREDICTIVE","LOW","MODELED"
2026,2,"rush_epa_vs_rush_defense","BUF","KC",0.0666,0.0196,1,0.2581,0.2581,"off:PREDICTIVE|def:NOT_PREDICTIVE","LOW","MODELED"
2026,2,"rush_epa_vs_rush_defense","BUF","LAC",0.0666,-0.0434,1,0.9032,0.9032,"off:PREDICTIVE|def:NOT_PREDICTIVE","LOW","MODELED"
2026,2,"rush_epa_vs_rush_defense","BUF","LAR",0.0666,0.0145,1,0.3871,0.3871,"off:PREDICTIVE|def:NOT_PREDICTIVE","LOW","MODELED"
2026,2,"rush_epa_vs_rush_defense","BUF","LV",0.0666,-0.0225,1,0.8065,0.8065,"off:PREDICTIVE|def:NOT_PREDICTIVE","LOW","MODELED"
2026,2,"rush_epa_vs_rush_defense","BUF","MIA",0.0666,-0.0047,1,0.6452,0.6452,"off:PREDICTIVE|def:NOT_PREDICTIVE","LOW","MODELED"
2026,2,"rush_epa_vs_rush_defense","BUF","MIN",0.0666,-0.0531,1,0.9355,0.9355,"off:PREDICTIVE|def:NOT_PREDICTIVE","LOW","MODELED"
2026,2,"rush_epa_vs_rush_defense","BUF","NE",0.0666,-0.0045,1,0.6129,0.6129,"off:PREDICTIVE|def:NOT_PREDICTIVE","LOW","MODELED"
2026,2,"rush_epa_vs_rush_defense","BUF","NO",0.0666,0.0236,1,0.2258,0.2258,"off:PREDICTIVE|def:NOT_PREDICTIVE","LOW","MODELED"
2026,2,"rush_epa_vs_rush_defense","BUF","NYG",0.0666,0.0497,1,0.0323,0.0323,"off:PREDICTIVE|def:NOT_PREDICTIVE","LOW","MODELED"
2026,2,"rush_epa_vs_rush_defense","BUF","NYJ",0.0666,-0.0078,1,0.6774,0.6774,"off:PREDICTIVE|def:NOT_PREDICTIVE","LOW","MODELED"
2026,2,"rush_epa_vs_rush_defense","BUF","PHI",0.0666,0.0157,1,0.3548,0.3548,"off:PREDICTIVE|def:NOT_PREDICTIVE","LOW","MODELED"
2026,2,"rush_epa_vs_rush_defense","BUF","PIT",0.0666,0.0178,1,0.2903,0.2903,"off:PREDICTIVE|def:NOT_PREDICTIVE","LOW","MODELED"
2026,2,"rush_epa_vs_rush_defense","BUF","SEA",0.0666,-0.0676,1,0.9677,0.9677,"off:PREDICTIVE|def:NOT_PREDICTIVE","LOW","MODELED"
2026,2,"rush_epa_vs_rush_defense","BUF","SF",0.0666,0.0169,1,0.3226,0.3226,"off:PREDICTIVE|def:NOT_PREDICTIVE","LOW","MODELED"
2026,2,"rush_epa_vs_rush_defense","BUF","TB",0.0666,-0.0359,1,0.8387,0.8387,"off:PREDICTIVE|def:NOT_PREDICTIVE","LOW","MODELED"
2026,2,"rush_epa_vs_rush_defense","BUF","TEN",0.0666,0.0328,1,0.129,0.129,"off:PREDICTIVE|def:NOT_PREDICTIVE","LOW","MODELED"
2026,2,"rush_epa_vs_rush_defense","BUF","WAS",0.0666,0.0237,1,0.1935,0.1935,"off:PREDICTIVE|def:NOT_PREDICTIVE","LOW","MODELED"
2026,2,"rush_epa_vs_rush_defense","CAR","ARI",0.0236,0.0052,0.7097,0.5484,0.2581,"off:PREDICTIVE|def:NOT_PREDICTIVE","LOW","MODELED"
2026,2,"rush_epa_vs_rush_defense","CAR","ATL",0.0236,-0.021,0.7097,0.7742,0.4839,"off:PREDICTIVE|def:NOT_PREDICTIVE","LOW","MODELED"
2026,2,"rush_epa_vs_rush_defense","CAR","BAL",0.0236,0.0082,0.7097,0.4839,0.1935,"off:PREDICTIVE|def:NOT_PREDICTIVE","LOW","MODELED"
2026,2,"rush_epa_vs_rush_defense","CAR","BUF",0.0236,0.0481,0.7097,0.0645,-0.2258,"off:PREDICTIVE|def:NOT_PREDICTIVE","LOW","MODELED"
2026,2,"rush_epa_vs_rush_defense","CAR","CHI",0.0236,-0.0204,0.7097,0.7419,0.4516,"off:PREDICTIVE|def:NOT_PREDICTIVE","LOW","MODELED"
2026,2,"rush_epa_vs_rush_defense","CAR","CIN",0.0236,0.0011,0.7097,0.5806,0.2903,"off:PREDICTIVE|def:NOT_PREDICTIVE","LOW","MODELED"
2026,2,"rush_epa_vs_rush_defense","CAR","CLE",0.0236,-0.0195,0.7097,0.7097,0.4194,"off:PREDICTIVE|def:NOT_PREDICTIVE","LOW","MODELED"
2026,2,"rush_epa_vs_rush_defense","CAR","DAL",0.0236,0.0685,0.7097,0,-0.2903,"off:PREDICTIVE|def:NOT_PREDICTIVE","LOW","MODELED"
2026,2,"rush_epa_vs_rush_defense","CAR","DEN",0.0236,0.0081,0.7097,0.5161,0.2258,"off:PREDICTIVE|def:NOT_PREDICTIVE","LOW","MODELED"
2026,2,"rush_epa_vs_rush_defense","CAR","DET",0.0236,0.013,0.7097,0.4516,0.1613,"off:PREDICTIVE|def:NOT_PREDICTIVE","LOW","MODELED"
2026,2,"rush_epa_vs_rush_defense","CAR","GB",0.0236,-0.0386,0.7097,0.871,0.5806,"off:PREDICTIVE|def:NOT_PREDICTIVE","LOW","MODELED"
2026,2,"rush_epa_vs_rush_defense","CAR","HOU",0.0236,-0.068,0.7097,1,0.7097,"off:PREDICTIVE|def:NOT_PREDICTIVE","LOW","MODELED"
2026,2,"rush_epa_vs_rush_defense","CAR","IND",0.0236,0.0141,0.7097,0.4194,0.129,"off:PREDICTIVE|def:NOT_PREDICTIVE","LOW","MODELED"
2026,2,"rush_epa_vs_rush_defense","CAR","JAX",0.0236,0.0248,0.7097,0.1613,-0.129,"off:PREDICTIVE|def:NOT_PREDICTIVE","LOW","MODELED"
2026,2,"rush_epa_vs_rush_defense","CAR","KC",0.0236,0.0196,0.7097,0.2581,-0.0323,"off:PREDICTIVE|def:NOT_PREDICTIVE","LOW","MODELED"
2026,2,"rush_epa_vs_rush_defense","CAR","LAC",0.0236,-0.0434,0.7097,0.9032,0.6129,"off:PREDICTIVE|def:NOT_PREDICTIVE","LOW","MODELED"
2026,2,"rush_epa_vs_rush_defense","CAR","LAR",0.0236,0.0145,0.7097,0.3871,0.0968,"off:PREDICTIVE|def:NOT_PREDICTIVE","LOW","MODELED"
2026,2,"rush_epa_vs_rush_defense","CAR","LV",0.0236,-0.0225,0.7097,0.8065,0.5161,"off:PREDICTIVE|def:NOT_PREDICTIVE","LOW","MODELED"
2026,2,"rush_epa_vs_rush_defense","CAR","MIA",0.0236,-0.0047,0.7097,0.6452,0.3548,"off:PREDICTIVE|def:NOT_PREDICTIVE","LOW","MODELED"
2026,2,"rush_epa_vs_rush_defense","CAR","MIN",0.0236,-0.0531,0.7097,0.9355,0.6452,"off:PREDICTIVE|def:NOT_PREDICTIVE","LOW","MODELED"
2026,2,"rush_epa_vs_rush_defense","CAR","NE",0.0236,-0.0045,0.7097,0.6129,0.3226,"off:PREDICTIVE|def:NOT_PREDICTIVE","LOW","MODELED"
2026,2,"rush_epa_vs_rush_defense","CAR","NO",0.0236,0.0236,0.7097,0.2258,-0.0645,"off:PREDICTIVE|def:NOT_PREDICTIVE","LOW","MODELED"
2026,2,"rush_epa_vs_rush_defense","CAR","NYG",0.0236,0.0497,0.7097,0.0323,-0.2581,"off:PREDICTIVE|def:NOT_PREDICTIVE","LOW","MODELED"
2026,2,"rush_epa_vs_rush_defense","CAR","NYJ",0.0236,-0.0078,0.7097,0.6774,0.3871,"off:PREDICTIVE|def:NOT_PREDICTIVE","LOW","MODELED"
2026,2,"rush_epa_vs_rush_defense","CAR","PHI",0.0236,0.0157,0.7097,0.3548,0.0645,"off:PREDICTIVE|def:NOT_PREDICTIVE","LOW","MODELED"
2026,2,"rush_epa_vs_rush_defense","CAR","PIT",0.0236,0.0178,0.7097,0.2903,0,"off:PREDICTIVE|def:NOT_PREDICTIVE","LOW","MODELED"
2026,2,"rush_epa_vs_rush_defense","CAR","SEA",0.0236,-0.0676,0.7097,0.9677,0.6774,"off:PREDICTIVE|def:NOT_PREDICTIVE","LOW","MODELED"
2026,2,"rush_epa_vs_rush_defense","CAR","SF",0.0236,0.0169,0.7097,0.3226,0.0323,"off:PREDICTIVE|def:NOT_PREDICTIVE","LOW","MODELED"
2026,2,"rush_epa_vs_rush_defense","CAR","TB",0.0236,-0.0359,0.7097,0.8387,0.5484,"off:PREDICTIVE|def:NOT_PREDICTIVE","LOW","MODELED"
2026,2,"rush_epa_vs_rush_defense","CAR","TEN",0.0236,0.0328,0.7097,0.129,-0.1613,"off:PREDICTIVE|def:NOT_PREDICTIVE","LOW","MODELED"
2026,2,"rush_epa_vs_rush_defense","CAR","WAS",0.0236,0.0237,0.7097,0.1935,-0.0968,"off:PREDICTIVE|def:NOT_PREDICTIVE","LOW","MODELED"
2026,2,"rush_epa_vs_rush_defense","CHI","ARI",0.0381,0.0052,0.9032,0.5484,0.4516,"off:PREDICTIVE|def:NOT_PREDICTIVE","LOW","MODELED"
2026,2,"rush_epa_vs_rush_defense","CHI","ATL",0.0381,-0.021,0.9032,0.7742,0.6774,"off:PREDICTIVE|def:NOT_PREDICTIVE","LOW","MODELED"
2026,2,"rush_epa_vs_rush_defense","CHI","BAL",0.0381,0.0082,0.9032,0.4839,0.3871,"off:PREDICTIVE|def:NOT_PREDICTIVE","LOW","MODELED"
2026,2,"rush_epa_vs_rush_defense","CHI","BUF",0.0381,0.0481,0.9032,0.0645,-0.0323,"off:PREDICTIVE|def:NOT_PREDICTIVE","LOW","MODELED"
2026,2,"rush_epa_vs_rush_defense","CHI","CAR",0.0381,0.0457,0.9032,0.0968,0,"off:PREDICTIVE|def:NOT_PREDICTIVE","LOW","MODELED"
2026,2,"rush_epa_vs_rush_defense","CHI","CIN",0.0381,0.0011,0.9032,0.5806,0.4839,"off:PREDICTIVE|def:NOT_PREDICTIVE","LOW","MODELED"
2026,2,"rush_epa_vs_rush_defense","CHI","CLE",0.0381,-0.0195,0.9032,0.7097,0.6129,"off:PREDICTIVE|def:NOT_PREDICTIVE","LOW","MODELED"
2026,2,"rush_epa_vs_rush_defense","CHI","DAL",0.0381,0.0685,0.9032,0,-0.0968,"off:PREDICTIVE|def:NOT_PREDICTIVE","LOW","MODELED"
2026,2,"rush_epa_vs_rush_defense","CHI","DEN",0.0381,0.0081,0.9032,0.5161,0.4194,"off:PREDICTIVE|def:NOT_PREDICTIVE","LOW","MODELED"
2026,2,"rush_epa_vs_rush_defense","CHI","DET",0.0381,0.013,0.9032,0.4516,0.3548,"off:PREDICTIVE|def:NOT_PREDICTIVE","LOW","MODELED"
2026,2,"rush_epa_vs_rush_defense","CHI","GB",0.0381,-0.0386,0.9032,0.871,0.7742,"off:PREDICTIVE|def:NOT_PREDICTIVE","LOW","MODELED"
2026,2,"rush_epa_vs_rush_defense","CHI","HOU",0.0381,-0.068,0.9032,1,0.9032,"off:PREDICTIVE|def:NOT_PREDICTIVE","LOW","MODELED"
2026,2,"rush_epa_vs_rush_defense","CHI","IND",0.0381,0.0141,0.9032,0.4194,0.3226,"off:PREDICTIVE|def:NOT_PREDICTIVE","LOW","MODELED"
2026,2,"rush_epa_vs_rush_defense","CHI","JAX",0.0381,0.0248,0.9032,0.1613,0.0645,"off:PREDICTIVE|def:NOT_PREDICTIVE","LOW","MODELED"
2026,2,"rush_epa_vs_rush_defense","CHI","KC",0.0381,0.0196,0.9032,0.2581,0.1613,"off:PREDICTIVE|def:NOT_PREDICTIVE","LOW","MODELED"
2026,2,"rush_epa_vs_rush_defense","CHI","LAC",0.0381,-0.0434,0.9032,0.9032,0.8065,"off:PREDICTIVE|def:NOT_PREDICTIVE","LOW","MODELED"
2026,2,"rush_epa_vs_rush_defense","CHI","LAR",0.0381,0.0145,0.9032,0.3871,0.2903,"off:PREDICTIVE|def:NOT_PREDICTIVE","LOW","MODELED"
2026,2,"rush_epa_vs_rush_defense","CHI","LV",0.0381,-0.0225,0.9032,0.8065,0.7097,"off:PREDICTIVE|def:NOT_PREDICTIVE","LOW","MODELED"
2026,2,"rush_epa_vs_rush_defense","CHI","MIA",0.0381,-0.0047,0.9032,0.6452,0.5484,"off:PREDICTIVE|def:NOT_PREDICTIVE","LOW","MODELED"
2026,2,"rush_epa_vs_rush_defense","CHI","MIN",0.0381,-0.0531,0.9032,0.9355,0.8387,"off:PREDICTIVE|def:NOT_PREDICTIVE","LOW","MODELED"
2026,2,"rush_epa_vs_rush_defense","CHI","NE",0.0381,-0.0045,0.9032,0.6129,0.5161,"off:PREDICTIVE|def:NOT_PREDICTIVE","LOW","MODELED"
2026,2,"rush_epa_vs_rush_defense","CHI","NO",0.0381,0.0236,0.9032,0.2258,0.129,"off:PREDICTIVE|def:NOT_PREDICTIVE","LOW","MODELED"
2026,2,"rush_epa_vs_rush_defense","CHI","NYG",0.0381,0.0497,0.9032,0.0323,-0.0645,"off:PREDICTIVE|def:NOT_PREDICTIVE","LOW","MODELED"
2026,2,"rush_epa_vs_rush_defense","CHI","NYJ",0.0381,-0.0078,0.9032,0.6774,0.5806,"off:PREDICTIVE|def:NOT_PREDICTIVE","LOW","MODELED"
2026,2,"rush_epa_vs_rush_defense","CHI","PHI",0.0381,0.0157,0.9032,0.3548,0.2581,"off:PREDICTIVE|def:NOT_PREDICTIVE","LOW","MODELED"
2026,2,"rush_epa_vs_rush_defense","CHI","PIT",0.0381,0.0178,0.9032,0.2903,0.1935,"off:PREDICTIVE|def:NOT_PREDICTIVE","LOW","MODELED"
2026,2,"rush_epa_vs_rush_defense","CHI","SEA",0.0381,-0.0676,0.9032,0.9677,0.871,"off:PREDICTIVE|def:NOT_PREDICTIVE","LOW","MODELED"
2026,2,"rush_epa_vs_rush_defense","CHI","SF",0.0381,0.0169,0.9032,0.3226,0.2258,"off:PREDICTIVE|def:NOT_PREDICTIVE","LOW","MODELED"
2026,2,"rush_epa_vs_rush_defense","CHI","TB",0.0381,-0.0359,0.9032,0.8387,0.7419,"off:PREDICTIVE|def:NOT_PREDICTIVE","LOW","MODELED"
2026,2,"rush_epa_vs_rush_defense","CHI","TEN",0.0381,0.0328,0.9032,0.129,0.0323,"off:PREDICTIVE|def:NOT_PREDICTIVE","LOW","MODELED"
2026,2,"rush_epa_vs_rush_defense","CHI","WAS",0.0381,0.0237,0.9032,0.1935,0.0968,"off:PREDICTIVE|def:NOT_PREDICTIVE","LOW","MODELED"
2026,2,"rush_epa_vs_rush_defense","CIN","ARI",0.0487,0.0052,0.9677,0.5484,0.5161,"off:PREDICTIVE|def:NOT_PREDICTIVE","LOW","MODELED"
2026,2,"rush_epa_vs_rush_defense","CIN","ATL",0.0487,-0.021,0.9677,0.7742,0.7419,"off:PREDICTIVE|def:NOT_PREDICTIVE","LOW","MODELED"
2026,2,"rush_epa_vs_rush_defense","CIN","BAL",0.0487,0.0082,0.9677,0.4839,0.4516,"off:PREDICTIVE|def:NOT_PREDICTIVE","LOW","MODELED"
2026,2,"rush_epa_vs_rush_defense","CIN","BUF",0.0487,0.0481,0.9677,0.0645,0.0323,"off:PREDICTIVE|def:NOT_PREDICTIVE","LOW","MODELED"
2026,2,"rush_epa_vs_rush_defense","CIN","CAR",0.0487,0.0457,0.9677,0.0968,0.0645,"off:PREDICTIVE|def:NOT_PREDICTIVE","LOW","MODELED"
2026,2,"rush_epa_vs_rush_defense","CIN","CHI",0.0487,-0.0204,0.9677,0.7419,0.7097,"off:PREDICTIVE|def:NOT_PREDICTIVE","LOW","MODELED"
2026,2,"rush_epa_vs_rush_defense","CIN","CLE",0.0487,-0.0195,0.9677,0.7097,0.6774,"off:PREDICTIVE|def:NOT_PREDICTIVE","LOW","MODELED"
2026,2,"rush_epa_vs_rush_defense","CIN","DAL",0.0487,0.0685,0.9677,0,-0.0323,"off:PREDICTIVE|def:NOT_PREDICTIVE","LOW","MODELED"
2026,2,"rush_epa_vs_rush_defense","CIN","DEN",0.0487,0.0081,0.9677,0.5161,0.4839,"off:PREDICTIVE|def:NOT_PREDICTIVE","LOW","MODELED"
2026,2,"rush_epa_vs_rush_defense","CIN","DET",0.0487,0.013,0.9677,0.4516,0.4194,"off:PREDICTIVE|def:NOT_PREDICTIVE","LOW","MODELED"
2026,2,"rush_epa_vs_rush_defense","CIN","GB",0.0487,-0.0386,0.9677,0.871,0.8387,"off:PREDICTIVE|def:NOT_PREDICTIVE","LOW","MODELED"
2026,2,"rush_epa_vs_rush_defense","CIN","HOU",0.0487,-0.068,0.9677,1,0.9677,"off:PREDICTIVE|def:NOT_PREDICTIVE","LOW","MODELED"
2026,2,"rush_epa_vs_rush_defense","CIN","IND",0.0487,0.0141,0.9677,0.4194,0.3871,"off:PREDICTIVE|def:NOT_PREDICTIVE","LOW","MODELED"
2026,2,"rush_epa_vs_rush_defense","CIN","JAX",0.0487,0.0248,0.9677,0.1613,0.129,"off:PREDICTIVE|def:NOT_PREDICTIVE","LOW","MODELED"
2026,2,"rush_epa_vs_rush_defense","CIN","KC",0.0487,0.0196,0.9677,0.2581,0.2258,"off:PREDICTIVE|def:NOT_PREDICTIVE","LOW","MODELED"
2026,2,"rush_epa_vs_rush_defense","CIN","LAC",0.0487,-0.0434,0.9677,0.9032,0.871,"off:PREDICTIVE|def:NOT_PREDICTIVE","LOW","MODELED"
2026,2,"rush_epa_vs_rush_defense","CIN","LAR",0.0487,0.0145,0.9677,0.3871,0.3548,"off:PREDICTIVE|def:NOT_PREDICTIVE","LOW","MODELED"
2026,2,"rush_epa_vs_rush_defense","CIN","LV",0.0487,-0.0225,0.9677,0.8065,0.7742,"off:PREDICTIVE|def:NOT_PREDICTIVE","LOW","MODELED"
2026,2,"rush_epa_vs_rush_defense","CIN","MIA",0.0487,-0.0047,0.9677,0.6452,0.6129,"off:PREDICTIVE|def:NOT_PREDICTIVE","LOW","MODELED"
2026,2,"rush_epa_vs_rush_defense","CIN","MIN",0.0487,-0.0531,0.9677,0.9355,0.9032,"off:PREDICTIVE|def:NOT_PREDICTIVE","LOW","MODELED"
2026,2,"rush_epa_vs_rush_defense","CIN","NE",0.0487,-0.0045,0.9677,0.6129,0.5806,"off:PREDICTIVE|def:NOT_PREDICTIVE","LOW","MODELED"
2026,2,"rush_epa_vs_rush_defense","CIN","NO",0.0487,0.0236,0.9677,0.2258,0.1935,"off:PREDICTIVE|def:NOT_PREDICTIVE","LOW","MODELED"
2026,2,"rush_epa_vs_rush_defense","CIN","NYG",0.0487,0.0497,0.9677,0.0323,0,"off:PREDICTIVE|def:NOT_PREDICTIVE","LOW","MODELED"
2026,2,"rush_epa_vs_rush_defense","CIN","NYJ",0.0487,-0.0078,0.9677,0.6774,0.6452,"off:PREDICTIVE|def:NOT_PREDICTIVE","LOW","MODELED"
2026,2,"rush_epa_vs_rush_defense","CIN","PHI",0.0487,0.0157,0.9677,0.3548,0.3226,"off:PREDICTIVE|def:NOT_PREDICTIVE","LOW","MODELED"
2026,2,"rush_epa_vs_rush_defense","CIN","PIT",0.0487,0.0178,0.9677,0.2903,0.2581,"off:PREDICTIVE|def:NOT_PREDICTIVE","LOW","MODELED"
2026,2,"rush_epa_vs_rush_defense","CIN","SEA",0.0487,-0.0676,0.9677,0.9677,0.9355,"off:PREDICTIVE|def:NOT_PREDICTIVE","LOW","MODELED"
2026,2,"rush_epa_vs_rush_defense","CIN","SF",0.0487,0.0169,0.9677,0.3226,0.2903,"off:PREDICTIVE|def:NOT_PREDICTIVE","LOW","MODELED"
2026,2,"rush_epa_vs_rush_defense","CIN","TB",0.0487,-0.0359,0.9677,0.8387,0.8065,"off:PREDICTIVE|def:NOT_PREDICTIVE","LOW","MODELED"
2026,2,"rush_epa_vs_rush_defense","CIN","TEN",0.0487,0.0328,0.9677,0.129,0.0968,"off:PREDICTIVE|def:NOT_PREDICTIVE","LOW","MODELED"
2026,2,"rush_epa_vs_rush_defense","CIN","WAS",0.0487,0.0237,0.9677,0.1935,0.1613,"off:PREDICTIVE|def:NOT_PREDICTIVE","LOW","MODELED"
2026,2,"rush_epa_vs_rush_defense","CLE","ARI",-0.0373,0.0052,0.0645,0.5484,-0.3871,"off:PREDICTIVE|def:NOT_PREDICTIVE","LOW","MODELED"
2026,2,"rush_epa_vs_rush_defense","CLE","ATL",-0.0373,-0.021,0.0645,0.7742,-0.1613,"off:PREDICTIVE|def:NOT_PREDICTIVE","LOW","MODELED"
2026,2,"rush_epa_vs_rush_defense","CLE","BAL",-0.0373,0.0082,0.0645,0.4839,-0.4516,"off:PREDICTIVE|def:NOT_PREDICTIVE","LOW","MODELED"
2026,2,"rush_epa_vs_rush_defense","CLE","BUF",-0.0373,0.0481,0.0645,0.0645,-0.871,"off:PREDICTIVE|def:NOT_PREDICTIVE","LOW","MODELED"
2026,2,"rush_epa_vs_rush_defense","CLE","CAR",-0.0373,0.0457,0.0645,0.0968,-0.8387,"off:PREDICTIVE|def:NOT_PREDICTIVE","LOW","MODELED"
2026,2,"rush_epa_vs_rush_defense","CLE","CHI",-0.0373,-0.0204,0.0645,0.7419,-0.1935,"off:PREDICTIVE|def:NOT_PREDICTIVE","LOW","MODELED"
2026,2,"rush_epa_vs_rush_defense","CLE","CIN",-0.0373,0.0011,0.0645,0.5806,-0.3548,"off:PREDICTIVE|def:NOT_PREDICTIVE","LOW","MODELED"
2026,2,"rush_epa_vs_rush_defense","CLE","DAL",-0.0373,0.0685,0.0645,0,-0.9355,"off:PREDICTIVE|def:NOT_PREDICTIVE","LOW","MODELED"
2026,2,"rush_epa_vs_rush_defense","CLE","DEN",-0.0373,0.0081,0.0645,0.5161,-0.4194,"off:PREDICTIVE|def:NOT_PREDICTIVE","LOW","MODELED"
2026,2,"rush_epa_vs_rush_defense","CLE","DET",-0.0373,0.013,0.0645,0.4516,-0.4839,"off:PREDICTIVE|def:NOT_PREDICTIVE","LOW","MODELED"
2026,2,"rush_epa_vs_rush_defense","CLE","GB",-0.0373,-0.0386,0.0645,0.871,-0.0645,"off:PREDICTIVE|def:NOT_PREDICTIVE","LOW","MODELED"
2026,2,"rush_epa_vs_rush_defense","CLE","HOU",-0.0373,-0.068,0.0645,1,0.0645,"off:PREDICTIVE|def:NOT_PREDICTIVE","LOW","MODELED"
2026,2,"rush_epa_vs_rush_defense","CLE","IND",-0.0373,0.0141,0.0645,0.4194,-0.5161,"off:PREDICTIVE|def:NOT_PREDICTIVE","LOW","MODELED"
2026,2,"rush_epa_vs_rush_defense","CLE","JAX",-0.0373,0.0248,0.0645,0.1613,-0.7742,"off:PREDICTIVE|def:NOT_PREDICTIVE","LOW","MODELED"
2026,2,"rush_epa_vs_rush_defense","CLE","KC",-0.0373,0.0196,0.0645,0.2581,-0.6774,"off:PREDICTIVE|def:NOT_PREDICTIVE","LOW","MODELED"
2026,2,"rush_epa_vs_rush_defense","CLE","LAC",-0.0373,-0.0434,0.0645,0.9032,-0.0323,"off:PREDICTIVE|def:NOT_PREDICTIVE","LOW","MODELED"
2026,2,"rush_epa_vs_rush_defense","CLE","LAR",-0.0373,0.0145,0.0645,0.3871,-0.5484,"off:PREDICTIVE|def:NOT_PREDICTIVE","LOW","MODELED"
2026,2,"rush_epa_vs_rush_defense","CLE","LV",-0.0373,-0.0225,0.0645,0.8065,-0.129,"off:PREDICTIVE|def:NOT_PREDICTIVE","LOW","MODELED"
2026,2,"rush_epa_vs_rush_defense","CLE","MIA",-0.0373,-0.0047,0.0645,0.6452,-0.2903,"off:PREDICTIVE|def:NOT_PREDICTIVE","LOW","MODELED"
2026,2,"rush_epa_vs_rush_defense","CLE","MIN",-0.0373,-0.0531,0.0645,0.9355,0,"off:PREDICTIVE|def:NOT_PREDICTIVE","LOW","MODELED"
2026,2,"rush_epa_vs_rush_defense","CLE","NE",-0.0373,-0.0045,0.0645,0.6129,-0.3226,"off:PREDICTIVE|def:NOT_PREDICTIVE","LOW","MODELED"
2026,2,"rush_epa_vs_rush_defense","CLE","NO",-0.0373,0.0236,0.0645,0.2258,-0.7097,"off:PREDICTIVE|def:NOT_PREDICTIVE","LOW","MODELED"
2026,2,"rush_epa_vs_rush_defense","CLE","NYG",-0.0373,0.0497,0.0645,0.0323,-0.9032,"off:PREDICTIVE|def:NOT_PREDICTIVE","LOW","MODELED"
2026,2,"rush_epa_vs_rush_defense","CLE","NYJ",-0.0373,-0.0078,0.0645,0.6774,-0.2581,"off:PREDICTIVE|def:NOT_PREDICTIVE","LOW","MODELED"
2026,2,"rush_epa_vs_rush_defense","CLE","PHI",-0.0373,0.0157,0.0645,0.3548,-0.5806,"off:PREDICTIVE|def:NOT_PREDICTIVE","LOW","MODELED"
2026,2,"rush_epa_vs_rush_defense","CLE","PIT",-0.0373,0.0178,0.0645,0.2903,-0.6452,"off:PREDICTIVE|def:NOT_PREDICTIVE","LOW","MODELED"
2026,2,"rush_epa_vs_rush_defense","CLE","SEA",-0.0373,-0.0676,0.0645,0.9677,0.0323,"off:PREDICTIVE|def:NOT_PREDICTIVE","LOW","MODELED"
2026,2,"rush_epa_vs_rush_defense","CLE","SF",-0.0373,0.0169,0.0645,0.3226,-0.6129,"off:PREDICTIVE|def:NOT_PREDICTIVE","LOW","MODELED"
2026,2,"rush_epa_vs_rush_defense","CLE","TB",-0.0373,-0.0359,0.0645,0.8387,-0.0968,"off:PREDICTIVE|def:NOT_PREDICTIVE","LOW","MODELED"
2026,2,"rush_epa_vs_rush_defense","CLE","TEN",-0.0373,0.0328,0.0645,0.129,-0.8065,"off:PREDICTIVE|def:NOT_PREDICTIVE","LOW","MODELED"
2026,2,"rush_epa_vs_rush_defense","CLE","WAS",-0.0373,0.0237,0.0645,0.1935,-0.7419,"off:PREDICTIVE|def:NOT_PREDICTIVE","LOW","MODELED"
2026,2,"rush_epa_vs_rush_defense","DAL","ARI",-0.0141,0.0052,0.4194,0.5484,-0.0323,"off:PREDICTIVE|def:NOT_PREDICTIVE","LOW","MODELED"
2026,2,"rush_epa_vs_rush_defense","DAL","ATL",-0.0141,-0.021,0.4194,0.7742,0.1935,"off:PREDICTIVE|def:NOT_PREDICTIVE","LOW","MODELED"
2026,2,"rush_epa_vs_rush_defense","DAL","BAL",-0.0141,0.0082,0.4194,0.4839,-0.0968,"off:PREDICTIVE|def:NOT_PREDICTIVE","LOW","MODELED"
2026,2,"rush_epa_vs_rush_defense","DAL","BUF",-0.0141,0.0481,0.4194,0.0645,-0.5161,"off:PREDICTIVE|def:NOT_PREDICTIVE","LOW","MODELED"
2026,2,"rush_epa_vs_rush_defense","DAL","CAR",-0.0141,0.0457,0.4194,0.0968,-0.4839,"off:PREDICTIVE|def:NOT_PREDICTIVE","LOW","MODELED"
2026,2,"rush_epa_vs_rush_defense","DAL","CHI",-0.0141,-0.0204,0.4194,0.7419,0.1613,"off:PREDICTIVE|def:NOT_PREDICTIVE","LOW","MODELED"
2026,2,"rush_epa_vs_rush_defense","DAL","CIN",-0.0141,0.0011,0.4194,0.5806,0,"off:PREDICTIVE|def:NOT_PREDICTIVE","LOW","MODELED"
2026,2,"rush_epa_vs_rush_defense","DAL","CLE",-0.0141,-0.0195,0.4194,0.7097,0.129,"off:PREDICTIVE|def:NOT_PREDICTIVE","LOW","MODELED"
2026,2,"rush_epa_vs_rush_defense","DAL","DEN",-0.0141,0.0081,0.4194,0.5161,-0.0645,"off:PREDICTIVE|def:NOT_PREDICTIVE","LOW","MODELED"
2026,2,"rush_epa_vs_rush_defense","DAL","DET",-0.0141,0.013,0.4194,0.4516,-0.129,"off:PREDICTIVE|def:NOT_PREDICTIVE","LOW","MODELED"
2026,2,"rush_epa_vs_rush_defense","DAL","GB",-0.0141,-0.0386,0.4194,0.871,0.2903,"off:PREDICTIVE|def:NOT_PREDICTIVE","LOW","MODELED"
2026,2,"rush_epa_vs_rush_defense","DAL","HOU",-0.0141,-0.068,0.4194,1,0.4194,"off:PREDICTIVE|def:NOT_PREDICTIVE","LOW","MODELED"
2026,2,"rush_epa_vs_rush_defense","DAL","IND",-0.0141,0.0141,0.4194,0.4194,-0.1613,"off:PREDICTIVE|def:NOT_PREDICTIVE","LOW","MODELED"
2026,2,"rush_epa_vs_rush_defense","DAL","JAX",-0.0141,0.0248,0.4194,0.1613,-0.4194,"off:PREDICTIVE|def:NOT_PREDICTIVE","LOW","MODELED"
2026,2,"rush_epa_vs_rush_defense","DAL","KC",-0.0141,0.0196,0.4194,0.2581,-0.3226,"off:PREDICTIVE|def:NOT_PREDICTIVE","LOW","MODELED"
2026,2,"rush_epa_vs_rush_defense","DAL","LAC",-0.0141,-0.0434,0.4194,0.9032,0.3226,"off:PREDICTIVE|def:NOT_PREDICTIVE","LOW","MODELED"
2026,2,"rush_epa_vs_rush_defense","DAL","LAR",-0.0141,0.0145,0.4194,0.3871,-0.1935,"off:PREDICTIVE|def:NOT_PREDICTIVE","LOW","MODELED"
2026,2,"rush_epa_vs_rush_defense","DAL","LV",-0.0141,-0.0225,0.4194,0.8065,0.2258,"off:PREDICTIVE|def:NOT_PREDICTIVE","LOW","MODELED"
2026,2,"rush_epa_vs_rush_defense","DAL","MIA",-0.0141,-0.0047,0.4194,0.6452,0.0645,"off:PREDICTIVE|def:NOT_PREDICTIVE","LOW","MODELED"
2026,2,"rush_epa_vs_rush_defense","DAL","MIN",-0.0141,-0.0531,0.4194,0.9355,0.3548,"off:PREDICTIVE|def:NOT_PREDICTIVE","LOW","MODELED"
2026,2,"rush_epa_vs_rush_defense","DAL","NE",-0.0141,-0.0045,0.4194,0.6129,0.0323,"off:PREDICTIVE|def:NOT_PREDICTIVE","LOW","MODELED"
2026,2,"rush_epa_vs_rush_defense","DAL","NO",-0.0141,0.0236,0.4194,0.2258,-0.3548,"off:PREDICTIVE|def:NOT_PREDICTIVE","LOW","MODELED"
2026,2,"rush_epa_vs_rush_defense","DAL","NYG",-0.0141,0.0497,0.4194,0.0323,-0.5484,"off:PREDICTIVE|def:NOT_PREDICTIVE","LOW","MODELED"
2026,2,"rush_epa_vs_rush_defense","DAL","NYJ",-0.0141,-0.0078,0.4194,0.6774,0.0968,"off:PREDICTIVE|def:NOT_PREDICTIVE","LOW","MODELED"
2026,2,"rush_epa_vs_rush_defense","DAL","PHI",-0.0141,0.0157,0.4194,0.3548,-0.2258,"off:PREDICTIVE|def:NOT_PREDICTIVE","LOW","MODELED"
2026,2,"rush_epa_vs_rush_defense","DAL","PIT",-0.0141,0.0178,0.4194,0.2903,-0.2903,"off:PREDICTIVE|def:NOT_PREDICTIVE","LOW","MODELED"
2026,2,"rush_epa_vs_rush_defense","DAL","SEA",-0.0141,-0.0676,0.4194,0.9677,0.3871,"off:PREDICTIVE|def:NOT_PREDICTIVE","LOW","MODELED"
2026,2,"rush_epa_vs_rush_defense","DAL","SF",-0.0141,0.0169,0.4194,0.3226,-0.2581,"off:PREDICTIVE|def:NOT_PREDICTIVE","LOW","MODELED"
2026,2,"rush_epa_vs_rush_defense","DAL","TB",-0.0141,-0.0359,0.4194,0.8387,0.2581,"off:PREDICTIVE|def:NOT_PREDICTIVE","LOW","MODELED"
2026,2,"rush_epa_vs_rush_defense","DAL","TEN",-0.0141,0.0328,0.4194,0.129,-0.4516,"off:PREDICTIVE|def:NOT_PREDICTIVE","LOW","MODELED"
2026,2,"rush_epa_vs_rush_defense","DAL","WAS",-0.0141,0.0237,0.4194,0.1935,-0.3871,"off:PREDICTIVE|def:NOT_PREDICTIVE","LOW","MODELED"
2026,2,"rush_epa_vs_rush_defense","DEN","ARI",-0.0203,0.0052,0.2258,0.5484,-0.2258,"off:PREDICTIVE|def:NOT_PREDICTIVE","LOW","MODELED"
2026,2,"rush_epa_vs_rush_defense","DEN","ATL",-0.0203,-0.021,0.2258,0.7742,0,"off:PREDICTIVE|def:NOT_PREDICTIVE","LOW","MODELED"
2026,2,"rush_epa_vs_rush_defense","DEN","BAL",-0.0203,0.0082,0.2258,0.4839,-0.2903,"off:PREDICTIVE|def:NOT_PREDICTIVE","LOW","MODELED"
2026,2,"rush_epa_vs_rush_defense","DEN","BUF",-0.0203,0.0481,0.2258,0.0645,-0.7097,"off:PREDICTIVE|def:NOT_PREDICTIVE","LOW","MODELED"
2026,2,"rush_epa_vs_rush_defense","DEN","CAR",-0.0203,0.0457,0.2258,0.0968,-0.6774,"off:PREDICTIVE|def:NOT_PREDICTIVE","LOW","MODELED"
2026,2,"rush_epa_vs_rush_defense","DEN","CHI",-0.0203,-0.0204,0.2258,0.7419,-0.0323,"off:PREDICTIVE|def:NOT_PREDICTIVE","LOW","MODELED"
2026,2,"rush_epa_vs_rush_defense","DEN","CIN",-0.0203,0.0011,0.2258,0.5806,-0.1935,"off:PREDICTIVE|def:NOT_PREDICTIVE","LOW","MODELED"
2026,2,"rush_epa_vs_rush_defense","DEN","CLE",-0.0203,-0.0195,0.2258,0.7097,-0.0645,"off:PREDICTIVE|def:NOT_PREDICTIVE","LOW","MODELED"
2026,2,"rush_epa_vs_rush_defense","DEN","DAL",-0.0203,0.0685,0.2258,0,-0.7742,"off:PREDICTIVE|def:NOT_PREDICTIVE","LOW","MODELED"
2026,2,"rush_epa_vs_rush_defense","DEN","DET",-0.0203,0.013,0.2258,0.4516,-0.3226,"off:PREDICTIVE|def:NOT_PREDICTIVE","LOW","MODELED"
2026,2,"rush_epa_vs_rush_defense","DEN","GB",-0.0203,-0.0386,0.2258,0.871,0.0968,"off:PREDICTIVE|def:NOT_PREDICTIVE","LOW","MODELED"
2026,2,"rush_epa_vs_rush_defense","DEN","HOU",-0.0203,-0.068,0.2258,1,0.2258,"off:PREDICTIVE|def:NOT_PREDICTIVE","LOW","MODELED"
2026,2,"rush_epa_vs_rush_defense","DEN","IND",-0.0203,0.0141,0.2258,0.4194,-0.3548,"off:PREDICTIVE|def:NOT_PREDICTIVE","LOW","MODELED"
2026,2,"rush_epa_vs_rush_defense","DEN","JAX",-0.0203,0.0248,0.2258,0.1613,-0.6129,"off:PREDICTIVE|def:NOT_PREDICTIVE","LOW","MODELED"
2026,2,"rush_epa_vs_rush_defense","DEN","KC",-0.0203,0.0196,0.2258,0.2581,-0.5161,"off:PREDICTIVE|def:NOT_PREDICTIVE","LOW","MODELED"
2026,2,"rush_epa_vs_rush_defense","DEN","LAC",-0.0203,-0.0434,0.2258,0.9032,0.129,"off:PREDICTIVE|def:NOT_PREDICTIVE","LOW","MODELED"
2026,2,"rush_epa_vs_rush_defense","DEN","LAR",-0.0203,0.0145,0.2258,0.3871,-0.3871,"off:PREDICTIVE|def:NOT_PREDICTIVE","LOW","MODELED"
2026,2,"rush_epa_vs_rush_defense","DEN","LV",-0.0203,-0.0225,0.2258,0.8065,0.0323,"off:PREDICTIVE|def:NOT_PREDICTIVE","LOW","MODELED"
2026,2,"rush_epa_vs_rush_defense","DEN","MIA",-0.0203,-0.0047,0.2258,0.6452,-0.129,"off:PREDICTIVE|def:NOT_PREDICTIVE","LOW","MODELED"
2026,2,"rush_epa_vs_rush_defense","DEN","MIN",-0.0203,-0.0531,0.2258,0.9355,0.1613,"off:PREDICTIVE|def:NOT_PREDICTIVE","LOW","MODELED"
2026,2,"rush_epa_vs_rush_defense","DEN","NE",-0.0203,-0.0045,0.2258,0.6129,-0.1613,"off:PREDICTIVE|def:NOT_PREDICTIVE","LOW","MODELED"
2026,2,"rush_epa_vs_rush_defense","DEN","NO",-0.0203,0.0236,0.2258,0.2258,-0.5484,"off:PREDICTIVE|def:NOT_PREDICTIVE","LOW","MODELED"
2026,2,"rush_epa_vs_rush_defense","DEN","NYG",-0.0203,0.0497,0.2258,0.0323,-0.7419,"off:PREDICTIVE|def:NOT_PREDICTIVE","LOW","MODELED"
2026,2,"rush_epa_vs_rush_defense","DEN","NYJ",-0.0203,-0.0078,0.2258,0.6774,-0.0968,"off:PREDICTIVE|def:NOT_PREDICTIVE","LOW","MODELED"
2026,2,"rush_epa_vs_rush_defense","DEN","PHI",-0.0203,0.0157,0.2258,0.3548,-0.4194,"off:PREDICTIVE|def:NOT_PREDICTIVE","LOW","MODELED"
2026,2,"rush_epa_vs_rush_defense","DEN","PIT",-0.0203,0.0178,0.2258,0.2903,-0.4839,"off:PREDICTIVE|def:NOT_PREDICTIVE","LOW","MODELED"
2026,2,"rush_epa_vs_rush_defense","DEN","SEA",-0.0203,-0.0676,0.2258,0.9677,0.1935,"off:PREDICTIVE|def:NOT_PREDICTIVE","LOW","MODELED"
2026,2,"rush_epa_vs_rush_defense","DEN","SF",-0.0203,0.0169,0.2258,0.3226,-0.4516,"off:PREDICTIVE|def:NOT_PREDICTIVE","LOW","MODELED"
2026,2,"rush_epa_vs_rush_defense","DEN","TB",-0.0203,-0.0359,0.2258,0.8387,0.0645,"off:PREDICTIVE|def:NOT_PREDICTIVE","LOW","MODELED"
2026,2,"rush_epa_vs_rush_defense","DEN","TEN",-0.0203,0.0328,0.2258,0.129,-0.6452,"off:PREDICTIVE|def:NOT_PREDICTIVE","LOW","MODELED"
2026,2,"rush_epa_vs_rush_defense","DEN","WAS",-0.0203,0.0237,0.2258,0.1935,-0.5806,"off:PREDICTIVE|def:NOT_PREDICTIVE","LOW","MODELED"
2026,2,"rush_epa_vs_rush_defense","DET","ARI",-0.0188,0.0052,0.2903,0.5484,-0.1613,"off:PREDICTIVE|def:NOT_PREDICTIVE","LOW","MODELED"
2026,2,"rush_epa_vs_rush_defense","DET","ATL",-0.0188,-0.021,0.2903,0.7742,0.0645,"off:PREDICTIVE|def:NOT_PREDICTIVE","LOW","MODELED"
2026,2,"rush_epa_vs_rush_defense","DET","BAL",-0.0188,0.0082,0.2903,0.4839,-0.2258,"off:PREDICTIVE|def:NOT_PREDICTIVE","LOW","MODELED"
2026,2,"rush_epa_vs_rush_defense","DET","BUF",-0.0188,0.0481,0.2903,0.0645,-0.6452,"off:PREDICTIVE|def:NOT_PREDICTIVE","LOW","MODELED"
2026,2,"rush_epa_vs_rush_defense","DET","CAR",-0.0188,0.0457,0.2903,0.0968,-0.6129,"off:PREDICTIVE|def:NOT_PREDICTIVE","LOW","MODELED"
2026,2,"rush_epa_vs_rush_defense","DET","CHI",-0.0188,-0.0204,0.2903,0.7419,0.0323,"off:PREDICTIVE|def:NOT_PREDICTIVE","LOW","MODELED"
2026,2,"rush_epa_vs_rush_defense","DET","CIN",-0.0188,0.0011,0.2903,0.5806,-0.129,"off:PREDICTIVE|def:NOT_PREDICTIVE","LOW","MODELED"
2026,2,"rush_epa_vs_rush_defense","DET","CLE",-0.0188,-0.0195,0.2903,0.7097,0,"off:PREDICTIVE|def:NOT_PREDICTIVE","LOW","MODELED"
2026,2,"rush_epa_vs_rush_defense","DET","DAL",-0.0188,0.0685,0.2903,0,-0.7097,"off:PREDICTIVE|def:NOT_PREDICTIVE","LOW","MODELED"
2026,2,"rush_epa_vs_rush_defense","DET","DEN",-0.0188,0.0081,0.2903,0.5161,-0.1935,"off:PREDICTIVE|def:NOT_PREDICTIVE","LOW","MODELED"
2026,2,"rush_epa_vs_rush_defense","DET","GB",-0.0188,-0.0386,0.2903,0.871,0.1613,"off:PREDICTIVE|def:NOT_PREDICTIVE","LOW","MODELED"
2026,2,"rush_epa_vs_rush_defense","DET","HOU",-0.0188,-0.068,0.2903,1,0.2903,"off:PREDICTIVE|def:NOT_PREDICTIVE","LOW","MODELED"
2026,2,"rush_epa_vs_rush_defense","DET","IND",-0.0188,0.0141,0.2903,0.4194,-0.2903,"off:PREDICTIVE|def:NOT_PREDICTIVE","LOW","MODELED"
2026,2,"rush_epa_vs_rush_defense","DET","JAX",-0.0188,0.0248,0.2903,0.1613,-0.5484,"off:PREDICTIVE|def:NOT_PREDICTIVE","LOW","MODELED"
2026,2,"rush_epa_vs_rush_defense","DET","KC",-0.0188,0.0196,0.2903,0.2581,-0.4516,"off:PREDICTIVE|def:NOT_PREDICTIVE","LOW","MODELED"
2026,2,"rush_epa_vs_rush_defense","DET","LAC",-0.0188,-0.0434,0.2903,0.9032,0.1935,"off:PREDICTIVE|def:NOT_PREDICTIVE","LOW","MODELED"
2026,2,"rush_epa_vs_rush_defense","DET","LAR",-0.0188,0.0145,0.2903,0.3871,-0.3226,"off:PREDICTIVE|def:NOT_PREDICTIVE","LOW","MODELED"
2026,2,"rush_epa_vs_rush_defense","DET","LV",-0.0188,-0.0225,0.2903,0.8065,0.0968,"off:PREDICTIVE|def:NOT_PREDICTIVE","LOW","MODELED"
2026,2,"rush_epa_vs_rush_defense","DET","MIA",-0.0188,-0.0047,0.2903,0.6452,-0.0645,"off:PREDICTIVE|def:NOT_PREDICTIVE","LOW","MODELED"
2026,2,"rush_epa_vs_rush_defense","DET","MIN",-0.0188,-0.0531,0.2903,0.9355,0.2258,"off:PREDICTIVE|def:NOT_PREDICTIVE","LOW","MODELED"
2026,2,"rush_epa_vs_rush_defense","DET","NE",-0.0188,-0.0045,0.2903,0.6129,-0.0968,"off:PREDICTIVE|def:NOT_PREDICTIVE","LOW","MODELED"
2026,2,"rush_epa_vs_rush_defense","DET","NO",-0.0188,0.0236,0.2903,0.2258,-0.4839,"off:PREDICTIVE|def:NOT_PREDICTIVE","LOW","MODELED"
2026,2,"rush_epa_vs_rush_defense","DET","NYG",-0.0188,0.0497,0.2903,0.0323,-0.6774,"off:PREDICTIVE|def:NOT_PREDICTIVE","LOW","MODELED"
2026,2,"rush_epa_vs_rush_defense","DET","NYJ",-0.0188,-0.0078,0.2903,0.6774,-0.0323,"off:PREDICTIVE|def:NOT_PREDICTIVE","LOW","MODELED"
2026,2,"rush_epa_vs_rush_defense","DET","PHI",-0.0188,0.0157,0.2903,0.3548,-0.3548,"off:PREDICTIVE|def:NOT_PREDICTIVE","LOW","MODELED"
2026,2,"rush_epa_vs_rush_defense","DET","PIT",-0.0188,0.0178,0.2903,0.2903,-0.4194,"off:PREDICTIVE|def:NOT_PREDICTIVE","LOW","MODELED"
2026,2,"rush_epa_vs_rush_defense","DET","SEA",-0.0188,-0.0676,0.2903,0.9677,0.2581,"off:PREDICTIVE|def:NOT_PREDICTIVE","LOW","MODELED"
2026,2,"rush_epa_vs_rush_defense","DET","SF",-0.0188,0.0169,0.2903,0.3226,-0.3871,"off:PREDICTIVE|def:NOT_PREDICTIVE","LOW","MODELED"
2026,2,"rush_epa_vs_rush_defense","DET","TB",-0.0188,-0.0359,0.2903,0.8387,0.129,"off:PREDICTIVE|def:NOT_PREDICTIVE","LOW","MODELED"
2026,2,"rush_epa_vs_rush_defense","DET","TEN",-0.0188,0.0328,0.2903,0.129,-0.5806,"off:PREDICTIVE|def:NOT_PREDICTIVE","LOW","MODELED"
2026,2,"rush_epa_vs_rush_defense","DET","WAS",-0.0188,0.0237,0.2903,0.1935,-0.5161,"off:PREDICTIVE|def:NOT_PREDICTIVE","LOW","MODELED"
2026,2,"rush_epa_vs_rush_defense","GB","ARI",-0.0085,0.0052,0.4839,0.5484,0.0323,"off:PREDICTIVE|def:NOT_PREDICTIVE","LOW","MODELED"
2026,2,"rush_epa_vs_rush_defense","GB","ATL",-0.0085,-0.021,0.4839,0.7742,0.2581,"off:PREDICTIVE|def:NOT_PREDICTIVE","LOW","MODELED"
2026,2,"rush_epa_vs_rush_defense","GB","BAL",-0.0085,0.0082,0.4839,0.4839,-0.0323,"off:PREDICTIVE|def:NOT_PREDICTIVE","LOW","MODELED"
2026,2,"rush_epa_vs_rush_defense","GB","BUF",-0.0085,0.0481,0.4839,0.0645,-0.4516,"off:PREDICTIVE|def:NOT_PREDICTIVE","LOW","MODELED"
2026,2,"rush_epa_vs_rush_defense","GB","CAR",-0.0085,0.0457,0.4839,0.0968,-0.4194,"off:PREDICTIVE|def:NOT_PREDICTIVE","LOW","MODELED"
2026,2,"rush_epa_vs_rush_defense","GB","CHI",-0.0085,-0.0204,0.4839,0.7419,0.2258,"off:PREDICTIVE|def:NOT_PREDICTIVE","LOW","MODELED"
2026,2,"rush_epa_vs_rush_defense","GB","CIN",-0.0085,0.0011,0.4839,0.5806,0.0645,"off:PREDICTIVE|def:NOT_PREDICTIVE","LOW","MODELED"
2026,2,"rush_epa_vs_rush_defense","GB","CLE",-0.0085,-0.0195,0.4839,0.7097,0.1935,"off:PREDICTIVE|def:NOT_PREDICTIVE","LOW","MODELED"
2026,2,"rush_epa_vs_rush_defense","GB","DAL",-0.0085,0.0685,0.4839,0,-0.5161,"off:PREDICTIVE|def:NOT_PREDICTIVE","LOW","MODELED"
2026,2,"rush_epa_vs_rush_defense","GB","DEN",-0.0085,0.0081,0.4839,0.5161,0,"off:PREDICTIVE|def:NOT_PREDICTIVE","LOW","MODELED"
2026,2,"rush_epa_vs_rush_defense","GB","DET",-0.0085,0.013,0.4839,0.4516,-0.0645,"off:PREDICTIVE|def:NOT_PREDICTIVE","LOW","MODELED"
2026,2,"rush_epa_vs_rush_defense","GB","HOU",-0.0085,-0.068,0.4839,1,0.4839,"off:PREDICTIVE|def:NOT_PREDICTIVE","LOW","MODELED"
2026,2,"rush_epa_vs_rush_defense","GB","IND",-0.0085,0.0141,0.4839,0.4194,-0.0968,"off:PREDICTIVE|def:NOT_PREDICTIVE","LOW","MODELED"
2026,2,"rush_epa_vs_rush_defense","GB","JAX",-0.0085,0.0248,0.4839,0.1613,-0.3548,"off:PREDICTIVE|def:NOT_PREDICTIVE","LOW","MODELED"
2026,2,"rush_epa_vs_rush_defense","GB","KC",-0.0085,0.0196,0.4839,0.2581,-0.2581,"off:PREDICTIVE|def:NOT_PREDICTIVE","LOW","MODELED"
2026,2,"rush_epa_vs_rush_defense","GB","LAC",-0.0085,-0.0434,0.4839,0.9032,0.3871,"off:PREDICTIVE|def:NOT_PREDICTIVE","LOW","MODELED"
2026,2,"rush_epa_vs_rush_defense","GB","LAR",-0.0085,0.0145,0.4839,0.3871,-0.129,"off:PREDICTIVE|def:NOT_PREDICTIVE","LOW","MODELED"
2026,2,"rush_epa_vs_rush_defense","GB","LV",-0.0085,-0.0225,0.4839,0.8065,0.2903,"off:PREDICTIVE|def:NOT_PREDICTIVE","LOW","MODELED"
2026,2,"rush_epa_vs_rush_defense","GB","MIA",-0.0085,-0.0047,0.4839,0.6452,0.129,"off:PREDICTIVE|def:NOT_PREDICTIVE","LOW","MODELED"
2026,2,"rush_epa_vs_rush_defense","GB","MIN",-0.0085,-0.0531,0.4839,0.9355,0.4194,"off:PREDICTIVE|def:NOT_PREDICTIVE","LOW","MODELED"
2026,2,"rush_epa_vs_rush_defense","GB","NE",-0.0085,-0.0045,0.4839,0.6129,0.0968,"off:PREDICTIVE|def:NOT_PREDICTIVE","LOW","MODELED"
2026,2,"rush_epa_vs_rush_defense","GB","NO",-0.0085,0.0236,0.4839,0.2258,-0.2903,"off:PREDICTIVE|def:NOT_PREDICTIVE","LOW","MODELED"
2026,2,"rush_epa_vs_rush_defense","GB","NYG",-0.0085,0.0497,0.4839,0.0323,-0.4839,"off:PREDICTIVE|def:NOT_PREDICTIVE","LOW","MODELED"
2026,2,"rush_epa_vs_rush_defense","GB","NYJ",-0.0085,-0.0078,0.4839,0.6774,0.1613,"off:PREDICTIVE|def:NOT_PREDICTIVE","LOW","MODELED"
2026,2,"rush_epa_vs_rush_defense","GB","PHI",-0.0085,0.0157,0.4839,0.3548,-0.1613,"off:PREDICTIVE|def:NOT_PREDICTIVE","LOW","MODELED"
2026,2,"rush_epa_vs_rush_defense","GB","PIT",-0.0085,0.0178,0.4839,0.2903,-0.2258,"off:PREDICTIVE|def:NOT_PREDICTIVE","LOW","MODELED"
2026,2,"rush_epa_vs_rush_defense","GB","SEA",-0.0085,-0.0676,0.4839,0.9677,0.4516,"off:PREDICTIVE|def:NOT_PREDICTIVE","LOW","MODELED"
2026,2,"rush_epa_vs_rush_defense","GB","SF",-0.0085,0.0169,0.4839,0.3226,-0.1935,"off:PREDICTIVE|def:NOT_PREDICTIVE","LOW","MODELED"
2026,2,"rush_epa_vs_rush_defense","GB","TB",-0.0085,-0.0359,0.4839,0.8387,0.3226,"off:PREDICTIVE|def:NOT_PREDICTIVE","LOW","MODELED"
2026,2,"rush_epa_vs_rush_defense","GB","TEN",-0.0085,0.0328,0.4839,0.129,-0.3871,"off:PREDICTIVE|def:NOT_PREDICTIVE","LOW","MODELED"
2026,2,"rush_epa_vs_rush_defense","GB","WAS",-0.0085,0.0237,0.4839,0.1935,-0.3226,"off:PREDICTIVE|def:NOT_PREDICTIVE","LOW","MODELED"
2026,2,"rush_epa_vs_rush_defense","HOU","ARI",-0.0439,0.0052,0,0.5484,-0.4516,"off:PREDICTIVE|def:NOT_PREDICTIVE","LOW","MODELED"
2026,2,"rush_epa_vs_rush_defense","HOU","ATL",-0.0439,-0.021,0,0.7742,-0.2258,"off:PREDICTIVE|def:NOT_PREDICTIVE","LOW","MODELED"
2026,2,"rush_epa_vs_rush_defense","HOU","BAL",-0.0439,0.0082,0,0.4839,-0.5161,"off:PREDICTIVE|def:NOT_PREDICTIVE","LOW","MODELED"
2026,2,"rush_epa_vs_rush_defense","HOU","BUF",-0.0439,0.0481,0,0.0645,-0.9355,"off:PREDICTIVE|def:NOT_PREDICTIVE","LOW","MODELED"
2026,2,"rush_epa_vs_rush_defense","HOU","CAR",-0.0439,0.0457,0,0.0968,-0.9032,"off:PREDICTIVE|def:NOT_PREDICTIVE","LOW","MODELED"
2026,2,"rush_epa_vs_rush_defense","HOU","CHI",-0.0439,-0.0204,0,0.7419,-0.2581,"off:PREDICTIVE|def:NOT_PREDICTIVE","LOW","MODELED"
2026,2,"rush_epa_vs_rush_defense","HOU","CIN",-0.0439,0.0011,0,0.5806,-0.4194,"off:PREDICTIVE|def:NOT_PREDICTIVE","LOW","MODELED"
2026,2,"rush_epa_vs_rush_defense","HOU","CLE",-0.0439,-0.0195,0,0.7097,-0.2903,"off:PREDICTIVE|def:NOT_PREDICTIVE","LOW","MODELED"
2026,2,"rush_epa_vs_rush_defense","HOU","DAL",-0.0439,0.0685,0,0,-1,"off:PREDICTIVE|def:NOT_PREDICTIVE","LOW","MODELED"
2026,2,"rush_epa_vs_rush_defense","HOU","DEN",-0.0439,0.0081,0,0.5161,-0.4839,"off:PREDICTIVE|def:NOT_PREDICTIVE","LOW","MODELED"
2026,2,"rush_epa_vs_rush_defense","HOU","DET",-0.0439,0.013,0,0.4516,-0.5484,"off:PREDICTIVE|def:NOT_PREDICTIVE","LOW","MODELED"
2026,2,"rush_epa_vs_rush_defense","HOU","GB",-0.0439,-0.0386,0,0.871,-0.129,"off:PREDICTIVE|def:NOT_PREDICTIVE","LOW","MODELED"
2026,2,"rush_epa_vs_rush_defense","HOU","IND",-0.0439,0.0141,0,0.4194,-0.5806,"off:PREDICTIVE|def:NOT_PREDICTIVE","LOW","MODELED"
2026,2,"rush_epa_vs_rush_defense","HOU","JAX",-0.0439,0.0248,0,0.1613,-0.8387,"off:PREDICTIVE|def:NOT_PREDICTIVE","LOW","MODELED"
2026,2,"rush_epa_vs_rush_defense","HOU","KC",-0.0439,0.0196,0,0.2581,-0.7419,"off:PREDICTIVE|def:NOT_PREDICTIVE","LOW","MODELED"
2026,2,"rush_epa_vs_rush_defense","HOU","LAC",-0.0439,-0.0434,0,0.9032,-0.0968,"off:PREDICTIVE|def:NOT_PREDICTIVE","LOW","MODELED"
2026,2,"rush_epa_vs_rush_defense","HOU","LAR",-0.0439,0.0145,0,0.3871,-0.6129,"off:PREDICTIVE|def:NOT_PREDICTIVE","LOW","MODELED"
2026,2,"rush_epa_vs_rush_defense","HOU","LV",-0.0439,-0.0225,0,0.8065,-0.1935,"off:PREDICTIVE|def:NOT_PREDICTIVE","LOW","MODELED"
2026,2,"rush_epa_vs_rush_defense","HOU","MIA",-0.0439,-0.0047,0,0.6452,-0.3548,"off:PREDICTIVE|def:NOT_PREDICTIVE","LOW","MODELED"
2026,2,"rush_epa_vs_rush_defense","HOU","MIN",-0.0439,-0.0531,0,0.9355,-0.0645,"off:PREDICTIVE|def:NOT_PREDICTIVE","LOW","MODELED"
2026,2,"rush_epa_vs_rush_defense","HOU","NE",-0.0439,-0.0045,0,0.6129,-0.3871,"off:PREDICTIVE|def:NOT_PREDICTIVE","LOW","MODELED"
2026,2,"rush_epa_vs_rush_defense","HOU","NO",-0.0439,0.0236,0,0.2258,-0.7742,"off:PREDICTIVE|def:NOT_PREDICTIVE","LOW","MODELED"
2026,2,"rush_epa_vs_rush_defense","HOU","NYG",-0.0439,0.0497,0,0.0323,-0.9677,"off:PREDICTIVE|def:NOT_PREDICTIVE","LOW","MODELED"
2026,2,"rush_epa_vs_rush_defense","HOU","NYJ",-0.0439,-0.0078,0,0.6774,-0.3226,"off:PREDICTIVE|def:NOT_PREDICTIVE","LOW","MODELED"
2026,2,"rush_epa_vs_rush_defense","HOU","PHI",-0.0439,0.0157,0,0.3548,-0.6452,"off:PREDICTIVE|def:NOT_PREDICTIVE","LOW","MODELED"
2026,2,"rush_epa_vs_rush_defense","HOU","PIT",-0.0439,0.0178,0,0.2903,-0.7097,"off:PREDICTIVE|def:NOT_PREDICTIVE","LOW","MODELED"
2026,2,"rush_epa_vs_rush_defense","HOU","SEA",-0.0439,-0.0676,0,0.9677,-0.0323,"off:PREDICTIVE|def:NOT_PREDICTIVE","LOW","MODELED"
2026,2,"rush_epa_vs_rush_defense","HOU","SF",-0.0439,0.0169,0,0.3226,-0.6774,"off:PREDICTIVE|def:NOT_PREDICTIVE","LOW","MODELED"
2026,2,"rush_epa_vs_rush_defense","HOU","TB",-0.0439,-0.0359,0,0.8387,-0.1613,"off:PREDICTIVE|def:NOT_PREDICTIVE","LOW","MODELED"
2026,2,"rush_epa_vs_rush_defense","HOU","TEN",-0.0439,0.0328,0,0.129,-0.871,"off:PREDICTIVE|def:NOT_PREDICTIVE","LOW","MODELED"
2026,2,"rush_epa_vs_rush_defense","HOU","WAS",-0.0439,0.0237,0,0.1935,-0.8065,"off:PREDICTIVE|def:NOT_PREDICTIVE","LOW","MODELED"
2026,2,"rush_epa_vs_rush_defense","IND","ARI",0.0358,0.0052,0.871,0.5484,0.4194,"off:PREDICTIVE|def:NOT_PREDICTIVE","LOW","MODELED"
2026,2,"rush_epa_vs_rush_defense","IND","ATL",0.0358,-0.021,0.871,0.7742,0.6452,"off:PREDICTIVE|def:NOT_PREDICTIVE","LOW","MODELED"
2026,2,"rush_epa_vs_rush_defense","IND","BAL",0.0358,0.0082,0.871,0.4839,0.3548,"off:PREDICTIVE|def:NOT_PREDICTIVE","LOW","MODELED"
2026,2,"rush_epa_vs_rush_defense","IND","BUF",0.0358,0.0481,0.871,0.0645,-0.0645,"off:PREDICTIVE|def:NOT_PREDICTIVE","LOW","MODELED"
2026,2,"rush_epa_vs_rush_defense","IND","CAR",0.0358,0.0457,0.871,0.0968,-0.0323,"off:PREDICTIVE|def:NOT_PREDICTIVE","LOW","MODELED"
2026,2,"rush_epa_vs_rush_defense","IND","CHI",0.0358,-0.0204,0.871,0.7419,0.6129,"off:PREDICTIVE|def:NOT_PREDICTIVE","LOW","MODELED"
2026,2,"rush_epa_vs_rush_defense","IND","CIN",0.0358,0.0011,0.871,0.5806,0.4516,"off:PREDICTIVE|def:NOT_PREDICTIVE","LOW","MODELED"
2026,2,"rush_epa_vs_rush_defense","IND","CLE",0.0358,-0.0195,0.871,0.7097,0.5806,"off:PREDICTIVE|def:NOT_PREDICTIVE","LOW","MODELED"
2026,2,"rush_epa_vs_rush_defense","IND","DAL",0.0358,0.0685,0.871,0,-0.129,"off:PREDICTIVE|def:NOT_PREDICTIVE","LOW","MODELED"
2026,2,"rush_epa_vs_rush_defense","IND","DEN",0.0358,0.0081,0.871,0.5161,0.3871,"off:PREDICTIVE|def:NOT_PREDICTIVE","LOW","MODELED"
2026,2,"rush_epa_vs_rush_defense","IND","DET",0.0358,0.013,0.871,0.4516,0.3226,"off:PREDICTIVE|def:NOT_PREDICTIVE","LOW","MODELED"
2026,2,"rush_epa_vs_rush_defense","IND","GB",0.0358,-0.0386,0.871,0.871,0.7419,"off:PREDICTIVE|def:NOT_PREDICTIVE","LOW","MODELED"
2026,2,"rush_epa_vs_rush_defense","IND","HOU",0.0358,-0.068,0.871,1,0.871,"off:PREDICTIVE|def:NOT_PREDICTIVE","LOW","MODELED"
2026,2,"rush_epa_vs_rush_defense","IND","JAX",0.0358,0.0248,0.871,0.1613,0.0323,"off:PREDICTIVE|def:NOT_PREDICTIVE","LOW","MODELED"
2026,2,"rush_epa_vs_rush_defense","IND","KC",0.0358,0.0196,0.871,0.2581,0.129,"off:PREDICTIVE|def:NOT_PREDICTIVE","LOW","MODELED"
2026,2,"rush_epa_vs_rush_defense","IND","LAC",0.0358,-0.0434,0.871,0.9032,0.7742,"off:PREDICTIVE|def:NOT_PREDICTIVE","LOW","MODELED"
2026,2,"rush_epa_vs_rush_defense","IND","LAR",0.0358,0.0145,0.871,0.3871,0.2581,"off:PREDICTIVE|def:NOT_PREDICTIVE","LOW","MODELED"
2026,2,"rush_epa_vs_rush_defense","IND","LV",0.0358,-0.0225,0.871,0.8065,0.6774,"off:PREDICTIVE|def:NOT_PREDICTIVE","LOW","MODELED"
2026,2,"rush_epa_vs_rush_defense","IND","MIA",0.0358,-0.0047,0.871,0.6452,0.5161,"off:PREDICTIVE|def:NOT_PREDICTIVE","LOW","MODELED"
2026,2,"rush_epa_vs_rush_defense","IND","MIN",0.0358,-0.0531,0.871,0.9355,0.8065,"off:PREDICTIVE|def:NOT_PREDICTIVE","LOW","MODELED"
2026,2,"rush_epa_vs_rush_defense","IND","NE",0.0358,-0.0045,0.871,0.6129,0.4839,"off:PREDICTIVE|def:NOT_PREDICTIVE","LOW","MODELED"
2026,2,"rush_epa_vs_rush_defense","IND","NO",0.0358,0.0236,0.871,0.2258,0.0968,"off:PREDICTIVE|def:NOT_PREDICTIVE","LOW","MODELED"
2026,2,"rush_epa_vs_rush_defense","IND","NYG",0.0358,0.0497,0.871,0.0323,-0.0968,"off:PREDICTIVE|def:NOT_PREDICTIVE","LOW","MODELED"
2026,2,"rush_epa_vs_rush_defense","IND","NYJ",0.0358,-0.0078,0.871,0.6774,0.5484,"off:PREDICTIVE|def:NOT_PREDICTIVE","LOW","MODELED"
2026,2,"rush_epa_vs_rush_defense","IND","PHI",0.0358,0.0157,0.871,0.3548,0.2258,"off:PREDICTIVE|def:NOT_PREDICTIVE","LOW","MODELED"
2026,2,"rush_epa_vs_rush_defense","IND","PIT",0.0358,0.0178,0.871,0.2903,0.1613,"off:PREDICTIVE|def:NOT_PREDICTIVE","LOW","MODELED"
2026,2,"rush_epa_vs_rush_defense","IND","SEA",0.0358,-0.0676,0.871,0.9677,0.8387,"off:PREDICTIVE|def:NOT_PREDICTIVE","LOW","MODELED"
2026,2,"rush_epa_vs_rush_defense","IND","SF",0.0358,0.0169,0.871,0.3226,0.1935,"off:PREDICTIVE|def:NOT_PREDICTIVE","LOW","MODELED"
2026,2,"rush_epa_vs_rush_defense","IND","TB",0.0358,-0.0359,0.871,0.8387,0.7097,"off:PREDICTIVE|def:NOT_PREDICTIVE","LOW","MODELED"
2026,2,"rush_epa_vs_rush_defense","IND","TEN",0.0358,0.0328,0.871,0.129,0,"off:PREDICTIVE|def:NOT_PREDICTIVE","LOW","MODELED"
2026,2,"rush_epa_vs_rush_defense","IND","WAS",0.0358,0.0237,0.871,0.1935,0.0645,"off:PREDICTIVE|def:NOT_PREDICTIVE","LOW","MODELED"
2026,2,"rush_epa_vs_rush_defense","JAX","ARI",0.0156,0.0052,0.6129,0.5484,0.1613,"off:PREDICTIVE|def:NOT_PREDICTIVE","LOW","MODELED"
2026,2,"rush_epa_vs_rush_defense","JAX","ATL",0.0156,-0.021,0.6129,0.7742,0.3871,"off:PREDICTIVE|def:NOT_PREDICTIVE","LOW","MODELED"
2026,2,"rush_epa_vs_rush_defense","JAX","BAL",0.0156,0.0082,0.6129,0.4839,0.0968,"off:PREDICTIVE|def:NOT_PREDICTIVE","LOW","MODELED"
2026,2,"rush_epa_vs_rush_defense","JAX","BUF",0.0156,0.0481,0.6129,0.0645,-0.3226,"off:PREDICTIVE|def:NOT_PREDICTIVE","LOW","MODELED"
2026,2,"rush_epa_vs_rush_defense","JAX","CAR",0.0156,0.0457,0.6129,0.0968,-0.2903,"off:PREDICTIVE|def:NOT_PREDICTIVE","LOW","MODELED"
2026,2,"rush_epa_vs_rush_defense","JAX","CHI",0.0156,-0.0204,0.6129,0.7419,0.3548,"off:PREDICTIVE|def:NOT_PREDICTIVE","LOW","MODELED"
2026,2,"rush_epa_vs_rush_defense","JAX","CIN",0.0156,0.0011,0.6129,0.5806,0.1935,"off:PREDICTIVE|def:NOT_PREDICTIVE","LOW","MODELED"
2026,2,"rush_epa_vs_rush_defense","JAX","CLE",0.0156,-0.0195,0.6129,0.7097,0.3226,"off:PREDICTIVE|def:NOT_PREDICTIVE","LOW","MODELED"
2026,2,"rush_epa_vs_rush_defense","JAX","DAL",0.0156,0.0685,0.6129,0,-0.3871,"off:PREDICTIVE|def:NOT_PREDICTIVE","LOW","MODELED"
2026,2,"rush_epa_vs_rush_defense","JAX","DEN",0.0156,0.0081,0.6129,0.5161,0.129,"off:PREDICTIVE|def:NOT_PREDICTIVE","LOW","MODELED"
2026,2,"rush_epa_vs_rush_defense","JAX","DET",0.0156,0.013,0.6129,0.4516,0.0645,"off:PREDICTIVE|def:NOT_PREDICTIVE","LOW","MODELED"
2026,2,"rush_epa_vs_rush_defense","JAX","GB",0.0156,-0.0386,0.6129,0.871,0.4839,"off:PREDICTIVE|def:NOT_PREDICTIVE","LOW","MODELED"
2026,2,"rush_epa_vs_rush_defense","JAX","HOU",0.0156,-0.068,0.6129,1,0.6129,"off:PREDICTIVE|def:NOT_PREDICTIVE","LOW","MODELED"
2026,2,"rush_epa_vs_rush_defense","JAX","IND",0.0156,0.0141,0.6129,0.4194,0.0323,"off:PREDICTIVE|def:NOT_PREDICTIVE","LOW","MODELED"
2026,2,"rush_epa_vs_rush_defense","JAX","KC",0.0156,0.0196,0.6129,0.2581,-0.129,"off:PREDICTIVE|def:NOT_PREDICTIVE","LOW","MODELED"
2026,2,"rush_epa_vs_rush_defense","JAX","LAC",0.0156,-0.0434,0.6129,0.9032,0.5161,"off:PREDICTIVE|def:NOT_PREDICTIVE","LOW","MODELED"
2026,2,"rush_epa_vs_rush_defense","JAX","LAR",0.0156,0.0145,0.6129,0.3871,0,"off:PREDICTIVE|def:NOT_PREDICTIVE","LOW","MODELED"
2026,2,"rush_epa_vs_rush_defense","JAX","LV",0.0156,-0.0225,0.6129,0.8065,0.4194,"off:PREDICTIVE|def:NOT_PREDICTIVE","LOW","MODELED"
2026,2,"rush_epa_vs_rush_defense","JAX","MIA",0.0156,-0.0047,0.6129,0.6452,0.2581,"off:PREDICTIVE|def:NOT_PREDICTIVE","LOW","MODELED"
2026,2,"rush_epa_vs_rush_defense","JAX","MIN",0.0156,-0.0531,0.6129,0.9355,0.5484,"off:PREDICTIVE|def:NOT_PREDICTIVE","LOW","MODELED"
2026,2,"rush_epa_vs_rush_defense","JAX","NE",0.0156,-0.0045,0.6129,0.6129,0.2258,"off:PREDICTIVE|def:NOT_PREDICTIVE","LOW","MODELED"
2026,2,"rush_epa_vs_rush_defense","JAX","NO",0.0156,0.0236,0.6129,0.2258,-0.1613,"off:PREDICTIVE|def:NOT_PREDICTIVE","LOW","MODELED"
2026,2,"rush_epa_vs_rush_defense","JAX","NYG",0.0156,0.0497,0.6129,0.0323,-0.3548,"off:PREDICTIVE|def:NOT_PREDICTIVE","LOW","MODELED"
2026,2,"rush_epa_vs_rush_defense","JAX","NYJ",0.0156,-0.0078,0.6129,0.6774,0.2903,"off:PREDICTIVE|def:NOT_PREDICTIVE","LOW","MODELED"
2026,2,"rush_epa_vs_rush_defense","JAX","PHI",0.0156,0.0157,0.6129,0.3548,-0.0323,"off:PREDICTIVE|def:NOT_PREDICTIVE","LOW","MODELED"
2026,2,"rush_epa_vs_rush_defense","JAX","PIT",0.0156,0.0178,0.6129,0.2903,-0.0968,"off:PREDICTIVE|def:NOT_PREDICTIVE","LOW","MODELED"
2026,2,"rush_epa_vs_rush_defense","JAX","SEA",0.0156,-0.0676,0.6129,0.9677,0.5806,"off:PREDICTIVE|def:NOT_PREDICTIVE","LOW","MODELED"
2026,2,"rush_epa_vs_rush_defense","JAX","SF",0.0156,0.0169,0.6129,0.3226,-0.0645,"off:PREDICTIVE|def:NOT_PREDICTIVE","LOW","MODELED"
2026,2,"rush_epa_vs_rush_defense","JAX","TB",0.0156,-0.0359,0.6129,0.8387,0.4516,"off:PREDICTIVE|def:NOT_PREDICTIVE","LOW","MODELED"
2026,2,"rush_epa_vs_rush_defense","JAX","TEN",0.0156,0.0328,0.6129,0.129,-0.2581,"off:PREDICTIVE|def:NOT_PREDICTIVE","LOW","MODELED"
2026,2,"rush_epa_vs_rush_defense","JAX","WAS",0.0156,0.0237,0.6129,0.1935,-0.1935,"off:PREDICTIVE|def:NOT_PREDICTIVE","LOW","MODELED"
2026,2,"rush_epa_vs_rush_defense","KC","ARI",0.0334,0.0052,0.8387,0.5484,0.3871,"off:PREDICTIVE|def:NOT_PREDICTIVE","LOW","MODELED"
2026,2,"rush_epa_vs_rush_defense","KC","ATL",0.0334,-0.021,0.8387,0.7742,0.6129,"off:PREDICTIVE|def:NOT_PREDICTIVE","LOW","MODELED"
2026,2,"rush_epa_vs_rush_defense","KC","BAL",0.0334,0.0082,0.8387,0.4839,0.3226,"off:PREDICTIVE|def:NOT_PREDICTIVE","LOW","MODELED"
2026,2,"rush_epa_vs_rush_defense","KC","BUF",0.0334,0.0481,0.8387,0.0645,-0.0968,"off:PREDICTIVE|def:NOT_PREDICTIVE","LOW","MODELED"
2026,2,"rush_epa_vs_rush_defense","KC","CAR",0.0334,0.0457,0.8387,0.0968,-0.0645,"off:PREDICTIVE|def:NOT_PREDICTIVE","LOW","MODELED"
2026,2,"rush_epa_vs_rush_defense","KC","CHI",0.0334,-0.0204,0.8387,0.7419,0.5806,"off:PREDICTIVE|def:NOT_PREDICTIVE","LOW","MODELED"
2026,2,"rush_epa_vs_rush_defense","KC","CIN",0.0334,0.0011,0.8387,0.5806,0.4194,"off:PREDICTIVE|def:NOT_PREDICTIVE","LOW","MODELED"
2026,2,"rush_epa_vs_rush_defense","KC","CLE",0.0334,-0.0195,0.8387,0.7097,0.5484,"off:PREDICTIVE|def:NOT_PREDICTIVE","LOW","MODELED"
2026,2,"rush_epa_vs_rush_defense","KC","DAL",0.0334,0.0685,0.8387,0,-0.1613,"off:PREDICTIVE|def:NOT_PREDICTIVE","LOW","MODELED"
2026,2,"rush_epa_vs_rush_defense","KC","DEN",0.0334,0.0081,0.8387,0.5161,0.3548,"off:PREDICTIVE|def:NOT_PREDICTIVE","LOW","MODELED"
2026,2,"rush_epa_vs_rush_defense","KC","DET",0.0334,0.013,0.8387,0.4516,0.2903,"off:PREDICTIVE|def:NOT_PREDICTIVE","LOW","MODELED"
2026,2,"rush_epa_vs_rush_defense","KC","GB",0.0334,-0.0386,0.8387,0.871,0.7097,"off:PREDICTIVE|def:NOT_PREDICTIVE","LOW","MODELED"
2026,2,"rush_epa_vs_rush_defense","KC","HOU",0.0334,-0.068,0.8387,1,0.8387,"off:PREDICTIVE|def:NOT_PREDICTIVE","LOW","MODELED"
2026,2,"rush_epa_vs_rush_defense","KC","IND",0.0334,0.0141,0.8387,0.4194,0.2581,"off:PREDICTIVE|def:NOT_PREDICTIVE","LOW","MODELED"
2026,2,"rush_epa_vs_rush_defense","KC","JAX",0.0334,0.0248,0.8387,0.1613,0,"off:PREDICTIVE|def:NOT_PREDICTIVE","LOW","MODELED"
2026,2,"rush_epa_vs_rush_defense","KC","LAC",0.0334,-0.0434,0.8387,0.9032,0.7419,"off:PREDICTIVE|def:NOT_PREDICTIVE","LOW","MODELED"
2026,2,"rush_epa_vs_rush_defense","KC","LAR",0.0334,0.0145,0.8387,0.3871,0.2258,"off:PREDICTIVE|def:NOT_PREDICTIVE","LOW","MODELED"
2026,2,"rush_epa_vs_rush_defense","KC","LV",0.0334,-0.0225,0.8387,0.8065,0.6452,"off:PREDICTIVE|def:NOT_PREDICTIVE","LOW","MODELED"
2026,2,"rush_epa_vs_rush_defense","KC","MIA",0.0334,-0.0047,0.8387,0.6452,0.4839,"off:PREDICTIVE|def:NOT_PREDICTIVE","LOW","MODELED"
2026,2,"rush_epa_vs_rush_defense","KC","MIN",0.0334,-0.0531,0.8387,0.9355,0.7742,"off:PREDICTIVE|def:NOT_PREDICTIVE","LOW","MODELED"
2026,2,"rush_epa_vs_rush_defense","KC","NE",0.0334,-0.0045,0.8387,0.6129,0.4516,"off:PREDICTIVE|def:NOT_PREDICTIVE","LOW","MODELED"
2026,2,"rush_epa_vs_rush_defense","KC","NO",0.0334,0.0236,0.8387,0.2258,0.0645,"off:PREDICTIVE|def:NOT_PREDICTIVE","LOW","MODELED"
2026,2,"rush_epa_vs_rush_defense","KC","NYG",0.0334,0.0497,0.8387,0.0323,-0.129,"off:PREDICTIVE|def:NOT_PREDICTIVE","LOW","MODELED"
2026,2,"rush_epa_vs_rush_defense","KC","NYJ",0.0334,-0.0078,0.8387,0.6774,0.5161,"off:PREDICTIVE|def:NOT_PREDICTIVE","LOW","MODELED"
2026,2,"rush_epa_vs_rush_defense","KC","PHI",0.0334,0.0157,0.8387,0.3548,0.1935,"off:PREDICTIVE|def:NOT_PREDICTIVE","LOW","MODELED"
2026,2,"rush_epa_vs_rush_defense","KC","PIT",0.0334,0.0178,0.8387,0.2903,0.129,"off:PREDICTIVE|def:NOT_PREDICTIVE","LOW","MODELED"
2026,2,"rush_epa_vs_rush_defense","KC","SEA",0.0334,-0.0676,0.8387,0.9677,0.8065,"off:PREDICTIVE|def:NOT_PREDICTIVE","LOW","MODELED"
2026,2,"rush_epa_vs_rush_defense","KC","SF",0.0334,0.0169,0.8387,0.3226,0.1613,"off:PREDICTIVE|def:NOT_PREDICTIVE","LOW","MODELED"
2026,2,"rush_epa_vs_rush_defense","KC","TB",0.0334,-0.0359,0.8387,0.8387,0.6774,"off:PREDICTIVE|def:NOT_PREDICTIVE","LOW","MODELED"
2026,2,"rush_epa_vs_rush_defense","KC","TEN",0.0334,0.0328,0.8387,0.129,-0.0323,"off:PREDICTIVE|def:NOT_PREDICTIVE","LOW","MODELED"
2026,2,"rush_epa_vs_rush_defense","KC","WAS",0.0334,0.0237,0.8387,0.1935,0.0323,"off:PREDICTIVE|def:NOT_PREDICTIVE","LOW","MODELED"
2026,2,"rush_epa_vs_rush_defense","LAC","ARI",-0.0386,0.0052,0.0323,0.5484,-0.4194,"off:PREDICTIVE|def:NOT_PREDICTIVE","LOW","MODELED"
2026,2,"rush_epa_vs_rush_defense","LAC","ATL",-0.0386,-0.021,0.0323,0.7742,-0.1935,"off:PREDICTIVE|def:NOT_PREDICTIVE","LOW","MODELED"
2026,2,"rush_epa_vs_rush_defense","LAC","BAL",-0.0386,0.0082,0.0323,0.4839,-0.4839,"off:PREDICTIVE|def:NOT_PREDICTIVE","LOW","MODELED"
2026,2,"rush_epa_vs_rush_defense","LAC","BUF",-0.0386,0.0481,0.0323,0.0645,-0.9032,"off:PREDICTIVE|def:NOT_PREDICTIVE","LOW","MODELED"
2026,2,"rush_epa_vs_rush_defense","LAC","CAR",-0.0386,0.0457,0.0323,0.0968,-0.871,"off:PREDICTIVE|def:NOT_PREDICTIVE","LOW","MODELED"
2026,2,"rush_epa_vs_rush_defense","LAC","CHI",-0.0386,-0.0204,0.0323,0.7419,-0.2258,"off:PREDICTIVE|def:NOT_PREDICTIVE","LOW","MODELED"
2026,2,"rush_epa_vs_rush_defense","LAC","CIN",-0.0386,0.0011,0.0323,0.5806,-0.3871,"off:PREDICTIVE|def:NOT_PREDICTIVE","LOW","MODELED"
2026,2,"rush_epa_vs_rush_defense","LAC","CLE",-0.0386,-0.0195,0.0323,0.7097,-0.2581,"off:PREDICTIVE|def:NOT_PREDICTIVE","LOW","MODELED"
2026,2,"rush_epa_vs_rush_defense","LAC","DAL",-0.0386,0.0685,0.0323,0,-0.9677,"off:PREDICTIVE|def:NOT_PREDICTIVE","LOW","MODELED"
2026,2,"rush_epa_vs_rush_defense","LAC","DEN",-0.0386,0.0081,0.0323,0.5161,-0.4516,"off:PREDICTIVE|def:NOT_PREDICTIVE","LOW","MODELED"
2026,2,"rush_epa_vs_rush_defense","LAC","DET",-0.0386,0.013,0.0323,0.4516,-0.5161,"off:PREDICTIVE|def:NOT_PREDICTIVE","LOW","MODELED"
2026,2,"rush_epa_vs_rush_defense","LAC","GB",-0.0386,-0.0386,0.0323,0.871,-0.0968,"off:PREDICTIVE|def:NOT_PREDICTIVE","LOW","MODELED"
2026,2,"rush_epa_vs_rush_defense","LAC","HOU",-0.0386,-0.068,0.0323,1,0.0323,"off:PREDICTIVE|def:NOT_PREDICTIVE","LOW","MODELED"
2026,2,"rush_epa_vs_rush_defense","LAC","IND",-0.0386,0.0141,0.0323,0.4194,-0.5484,"off:PREDICTIVE|def:NOT_PREDICTIVE","LOW","MODELED"
2026,2,"rush_epa_vs_rush_defense","LAC","JAX",-0.0386,0.0248,0.0323,0.1613,-0.8065,"off:PREDICTIVE|def:NOT_PREDICTIVE","LOW","MODELED"
2026,2,"rush_epa_vs_rush_defense","LAC","KC",-0.0386,0.0196,0.0323,0.2581,-0.7097,"off:PREDICTIVE|def:NOT_PREDICTIVE","LOW","MODELED"
2026,2,"rush_epa_vs_rush_defense","LAC","LAR",-0.0386,0.0145,0.0323,0.3871,-0.5806,"off:PREDICTIVE|def:NOT_PREDICTIVE","LOW","MODELED"
2026,2,"rush_epa_vs_rush_defense","LAC","LV",-0.0386,-0.0225,0.0323,0.8065,-0.1613,"off:PREDICTIVE|def:NOT_PREDICTIVE","LOW","MODELED"
2026,2,"rush_epa_vs_rush_defense","LAC","MIA",-0.0386,-0.0047,0.0323,0.6452,-0.3226,"off:PREDICTIVE|def:NOT_PREDICTIVE","LOW","MODELED"
2026,2,"rush_epa_vs_rush_defense","LAC","MIN",-0.0386,-0.0531,0.0323,0.9355,-0.0323,"off:PREDICTIVE|def:NOT_PREDICTIVE","LOW","MODELED"
2026,2,"rush_epa_vs_rush_defense","LAC","NE",-0.0386,-0.0045,0.0323,0.6129,-0.3548,"off:PREDICTIVE|def:NOT_PREDICTIVE","LOW","MODELED"
2026,2,"rush_epa_vs_rush_defense","LAC","NO",-0.0386,0.0236,0.0323,0.2258,-0.7419,"off:PREDICTIVE|def:NOT_PREDICTIVE","LOW","MODELED"
2026,2,"rush_epa_vs_rush_defense","LAC","NYG",-0.0386,0.0497,0.0323,0.0323,-0.9355,"off:PREDICTIVE|def:NOT_PREDICTIVE","LOW","MODELED"
2026,2,"rush_epa_vs_rush_defense","LAC","NYJ",-0.0386,-0.0078,0.0323,0.6774,-0.2903,"off:PREDICTIVE|def:NOT_PREDICTIVE","LOW","MODELED"
2026,2,"rush_epa_vs_rush_defense","LAC","PHI",-0.0386,0.0157,0.0323,0.3548,-0.6129,"off:PREDICTIVE|def:NOT_PREDICTIVE","LOW","MODELED"
2026,2,"rush_epa_vs_rush_defense","LAC","PIT",-0.0386,0.0178,0.0323,0.2903,-0.6774,"off:PREDICTIVE|def:NOT_PREDICTIVE","LOW","MODELED"
2026,2,"rush_epa_vs_rush_defense","LAC","SEA",-0.0386,-0.0676,0.0323,0.9677,0,"off:PREDICTIVE|def:NOT_PREDICTIVE","LOW","MODELED"
2026,2,"rush_epa_vs_rush_defense","LAC","SF",-0.0386,0.0169,0.0323,0.3226,-0.6452,"off:PREDICTIVE|def:NOT_PREDICTIVE","LOW","MODELED"
2026,2,"rush_epa_vs_rush_defense","LAC","TB",-0.0386,-0.0359,0.0323,0.8387,-0.129,"off:PREDICTIVE|def:NOT_PREDICTIVE","LOW","MODELED"
2026,2,"rush_epa_vs_rush_defense","LAC","TEN",-0.0386,0.0328,0.0323,0.129,-0.8387,"off:PREDICTIVE|def:NOT_PREDICTIVE","LOW","MODELED"
2026,2,"rush_epa_vs_rush_defense","LAC","WAS",-0.0386,0.0237,0.0323,0.1935,-0.7742,"off:PREDICTIVE|def:NOT_PREDICTIVE","LOW","MODELED"
2026,2,"rush_epa_vs_rush_defense","LAR","ARI",0.0048,0.0052,0.5806,0.5484,0.129,"off:PREDICTIVE|def:NOT_PREDICTIVE","LOW","MODELED"
2026,2,"rush_epa_vs_rush_defense","LAR","ATL",0.0048,-0.021,0.5806,0.7742,0.3548,"off:PREDICTIVE|def:NOT_PREDICTIVE","LOW","MODELED"
2026,2,"rush_epa_vs_rush_defense","LAR","BAL",0.0048,0.0082,0.5806,0.4839,0.0645,"off:PREDICTIVE|def:NOT_PREDICTIVE","LOW","MODELED"
2026,2,"rush_epa_vs_rush_defense","LAR","BUF",0.0048,0.0481,0.5806,0.0645,-0.3548,"off:PREDICTIVE|def:NOT_PREDICTIVE","LOW","MODELED"
2026,2,"rush_epa_vs_rush_defense","LAR","CAR",0.0048,0.0457,0.5806,0.0968,-0.3226,"off:PREDICTIVE|def:NOT_PREDICTIVE","LOW","MODELED"
2026,2,"rush_epa_vs_rush_defense","LAR","CHI",0.0048,-0.0204,0.5806,0.7419,0.3226,"off:PREDICTIVE|def:NOT_PREDICTIVE","LOW","MODELED"
2026,2,"rush_epa_vs_rush_defense","LAR","CIN",0.0048,0.0011,0.5806,0.5806,0.1613,"off:PREDICTIVE|def:NOT_PREDICTIVE","LOW","MODELED"
2026,2,"rush_epa_vs_rush_defense","LAR","CLE",0.0048,-0.0195,0.5806,0.7097,0.2903,"off:PREDICTIVE|def:NOT_PREDICTIVE","LOW","MODELED"
2026,2,"rush_epa_vs_rush_defense","LAR","DAL",0.0048,0.0685,0.5806,0,-0.4194,"off:PREDICTIVE|def:NOT_PREDICTIVE","LOW","MODELED"
2026,2,"rush_epa_vs_rush_defense","LAR","DEN",0.0048,0.0081,0.5806,0.5161,0.0968,"off:PREDICTIVE|def:NOT_PREDICTIVE","LOW","MODELED"
2026,2,"rush_epa_vs_rush_defense","LAR","DET",0.0048,0.013,0.5806,0.4516,0.0323,"off:PREDICTIVE|def:NOT_PREDICTIVE","LOW","MODELED"
2026,2,"rush_epa_vs_rush_defense","LAR","GB",0.0048,-0.0386,0.5806,0.871,0.4516,"off:PREDICTIVE|def:NOT_PREDICTIVE","LOW","MODELED"
2026,2,"rush_epa_vs_rush_defense","LAR","HOU",0.0048,-0.068,0.5806,1,0.5806,"off:PREDICTIVE|def:NOT_PREDICTIVE","LOW","MODELED"
2026,2,"rush_epa_vs_rush_defense","LAR","IND",0.0048,0.0141,0.5806,0.4194,0,"off:PREDICTIVE|def:NOT_PREDICTIVE","LOW","MODELED"
2026,2,"rush_epa_vs_rush_defense","LAR","JAX",0.0048,0.0248,0.5806,0.1613,-0.2581,"off:PREDICTIVE|def:NOT_PREDICTIVE","LOW","MODELED"
2026,2,"rush_epa_vs_rush_defense","LAR","KC",0.0048,0.0196,0.5806,0.2581,-0.1613,"off:PREDICTIVE|def:NOT_PREDICTIVE","LOW","MODELED"
2026,2,"rush_epa_vs_rush_defense","LAR","LAC",0.0048,-0.0434,0.5806,0.9032,0.4839,"off:PREDICTIVE|def:NOT_PREDICTIVE","LOW","MODELED"
2026,2,"rush_epa_vs_rush_defense","LAR","LV",0.0048,-0.0225,0.5806,0.8065,0.3871,"off:PREDICTIVE|def:NOT_PREDICTIVE","LOW","MODELED"
2026,2,"rush_epa_vs_rush_defense","LAR","MIA",0.0048,-0.0047,0.5806,0.6452,0.2258,"off:PREDICTIVE|def:NOT_PREDICTIVE","LOW","MODELED"
2026,2,"rush_epa_vs_rush_defense","LAR","MIN",0.0048,-0.0531,0.5806,0.9355,0.5161,"off:PREDICTIVE|def:NOT_PREDICTIVE","LOW","MODELED"
2026,2,"rush_epa_vs_rush_defense","LAR","NE",0.0048,-0.0045,0.5806,0.6129,0.1935,"off:PREDICTIVE|def:NOT_PREDICTIVE","LOW","MODELED"
2026,2,"rush_epa_vs_rush_defense","LAR","NO",0.0048,0.0236,0.5806,0.2258,-0.1935,"off:PREDICTIVE|def:NOT_PREDICTIVE","LOW","MODELED"
2026,2,"rush_epa_vs_rush_defense","LAR","NYG",0.0048,0.0497,0.5806,0.0323,-0.3871,"off:PREDICTIVE|def:NOT_PREDICTIVE","LOW","MODELED"
2026,2,"rush_epa_vs_rush_defense","LAR","NYJ",0.0048,-0.0078,0.5806,0.6774,0.2581,"off:PREDICTIVE|def:NOT_PREDICTIVE","LOW","MODELED"
2026,2,"rush_epa_vs_rush_defense","LAR","PHI",0.0048,0.0157,0.5806,0.3548,-0.0645,"off:PREDICTIVE|def:NOT_PREDICTIVE","LOW","MODELED"
2026,2,"rush_epa_vs_rush_defense","LAR","PIT",0.0048,0.0178,0.5806,0.2903,-0.129,"off:PREDICTIVE|def:NOT_PREDICTIVE","LOW","MODELED"
2026,2,"rush_epa_vs_rush_defense","LAR","SEA",0.0048,-0.0676,0.5806,0.9677,0.5484,"off:PREDICTIVE|def:NOT_PREDICTIVE","LOW","MODELED"
2026,2,"rush_epa_vs_rush_defense","LAR","SF",0.0048,0.0169,0.5806,0.3226,-0.0968,"off:PREDICTIVE|def:NOT_PREDICTIVE","LOW","MODELED"
2026,2,"rush_epa_vs_rush_defense","LAR","TB",0.0048,-0.0359,0.5806,0.8387,0.4194,"off:PREDICTIVE|def:NOT_PREDICTIVE","LOW","MODELED"
2026,2,"rush_epa_vs_rush_defense","LAR","TEN",0.0048,0.0328,0.5806,0.129,-0.2903,"off:PREDICTIVE|def:NOT_PREDICTIVE","LOW","MODELED"
2026,2,"rush_epa_vs_rush_defense","LAR","WAS",0.0048,0.0237,0.5806,0.1935,-0.2258,"off:PREDICTIVE|def:NOT_PREDICTIVE","LOW","MODELED"
2026,2,"rush_epa_vs_rush_defense","LV","ARI",-0.0296,0.0052,0.129,0.5484,-0.3226,"off:PREDICTIVE|def:NOT_PREDICTIVE","LOW","MODELED"
2026,2,"rush_epa_vs_rush_defense","LV","ATL",-0.0296,-0.021,0.129,0.7742,-0.0968,"off:PREDICTIVE|def:NOT_PREDICTIVE","LOW","MODELED"
2026,2,"rush_epa_vs_rush_defense","LV","BAL",-0.0296,0.0082,0.129,0.4839,-0.3871,"off:PREDICTIVE|def:NOT_PREDICTIVE","LOW","MODELED"
2026,2,"rush_epa_vs_rush_defense","LV","BUF",-0.0296,0.0481,0.129,0.0645,-0.8065,"off:PREDICTIVE|def:NOT_PREDICTIVE","LOW","MODELED"
2026,2,"rush_epa_vs_rush_defense","LV","CAR",-0.0296,0.0457,0.129,0.0968,-0.7742,"off:PREDICTIVE|def:NOT_PREDICTIVE","LOW","MODELED"
2026,2,"rush_epa_vs_rush_defense","LV","CHI",-0.0296,-0.0204,0.129,0.7419,-0.129,"off:PREDICTIVE|def:NOT_PREDICTIVE","LOW","MODELED"
2026,2,"rush_epa_vs_rush_defense","LV","CIN",-0.0296,0.0011,0.129,0.5806,-0.2903,"off:PREDICTIVE|def:NOT_PREDICTIVE","LOW","MODELED"
2026,2,"rush_epa_vs_rush_defense","LV","CLE",-0.0296,-0.0195,0.129,0.7097,-0.1613,"off:PREDICTIVE|def:NOT_PREDICTIVE","LOW","MODELED"
2026,2,"rush_epa_vs_rush_defense","LV","DAL",-0.0296,0.0685,0.129,0,-0.871,"off:PREDICTIVE|def:NOT_PREDICTIVE","LOW","MODELED"
2026,2,"rush_epa_vs_rush_defense","LV","DEN",-0.0296,0.0081,0.129,0.5161,-0.3548,"off:PREDICTIVE|def:NOT_PREDICTIVE","LOW","MODELED"
2026,2,"rush_epa_vs_rush_defense","LV","DET",-0.0296,0.013,0.129,0.4516,-0.4194,"off:PREDICTIVE|def:NOT_PREDICTIVE","LOW","MODELED"
2026,2,"rush_epa_vs_rush_defense","LV","GB",-0.0296,-0.0386,0.129,0.871,0,"off:PREDICTIVE|def:NOT_PREDICTIVE","LOW","MODELED"
2026,2,"rush_epa_vs_rush_defense","LV","HOU",-0.0296,-0.068,0.129,1,0.129,"off:PREDICTIVE|def:NOT_PREDICTIVE","LOW","MODELED"
2026,2,"rush_epa_vs_rush_defense","LV","IND",-0.0296,0.0141,0.129,0.4194,-0.4516,"off:PREDICTIVE|def:NOT_PREDICTIVE","LOW","MODELED"
2026,2,"rush_epa_vs_rush_defense","LV","JAX",-0.0296,0.0248,0.129,0.1613,-0.7097,"off:PREDICTIVE|def:NOT_PREDICTIVE","LOW","MODELED"
2026,2,"rush_epa_vs_rush_defense","LV","KC",-0.0296,0.0196,0.129,0.2581,-0.6129,"off:PREDICTIVE|def:NOT_PREDICTIVE","LOW","MODELED"
2026,2,"rush_epa_vs_rush_defense","LV","LAC",-0.0296,-0.0434,0.129,0.9032,0.0323,"off:PREDICTIVE|def:NOT_PREDICTIVE","LOW","MODELED"
2026,2,"rush_epa_vs_rush_defense","LV","LAR",-0.0296,0.0145,0.129,0.3871,-0.4839,"off:PREDICTIVE|def:NOT_PREDICTIVE","LOW","MODELED"
2026,2,"rush_epa_vs_rush_defense","LV","MIA",-0.0296,-0.0047,0.129,0.6452,-0.2258,"off:PREDICTIVE|def:NOT_PREDICTIVE","LOW","MODELED"
2026,2,"rush_epa_vs_rush_defense","LV","MIN",-0.0296,-0.0531,0.129,0.9355,0.0645,"off:PREDICTIVE|def:NOT_PREDICTIVE","LOW","MODELED"
2026,2,"rush_epa_vs_rush_defense","LV","NE",-0.0296,-0.0045,0.129,0.6129,-0.2581,"off:PREDICTIVE|def:NOT_PREDICTIVE","LOW","MODELED"
2026,2,"rush_epa_vs_rush_defense","LV","NO",-0.0296,0.0236,0.129,0.2258,-0.6452,"off:PREDICTIVE|def:NOT_PREDICTIVE","LOW","MODELED"
2026,2,"rush_epa_vs_rush_defense","LV","NYG",-0.0296,0.0497,0.129,0.0323,-0.8387,"off:PREDICTIVE|def:NOT_PREDICTIVE","LOW","MODELED"
2026,2,"rush_epa_vs_rush_defense","LV","NYJ",-0.0296,-0.0078,0.129,0.6774,-0.1935,"off:PREDICTIVE|def:NOT_PREDICTIVE","LOW","MODELED"
2026,2,"rush_epa_vs_rush_defense","LV","PHI",-0.0296,0.0157,0.129,0.3548,-0.5161,"off:PREDICTIVE|def:NOT_PREDICTIVE","LOW","MODELED"
2026,2,"rush_epa_vs_rush_defense","LV","PIT",-0.0296,0.0178,0.129,0.2903,-0.5806,"off:PREDICTIVE|def:NOT_PREDICTIVE","LOW","MODELED"
2026,2,"rush_epa_vs_rush_defense","LV","SEA",-0.0296,-0.0676,0.129,0.9677,0.0968,"off:PREDICTIVE|def:NOT_PREDICTIVE","LOW","MODELED"
2026,2,"rush_epa_vs_rush_defense","LV","SF",-0.0296,0.0169,0.129,0.3226,-0.5484,"off:PREDICTIVE|def:NOT_PREDICTIVE","LOW","MODELED"
2026,2,"rush_epa_vs_rush_defense","LV","TB",-0.0296,-0.0359,0.129,0.8387,-0.0323,"off:PREDICTIVE|def:NOT_PREDICTIVE","LOW","MODELED"
2026,2,"rush_epa_vs_rush_defense","LV","TEN",-0.0296,0.0328,0.129,0.129,-0.7419,"off:PREDICTIVE|def:NOT_PREDICTIVE","LOW","MODELED"
2026,2,"rush_epa_vs_rush_defense","LV","WAS",-0.0296,0.0237,0.129,0.1935,-0.6774,"off:PREDICTIVE|def:NOT_PREDICTIVE","LOW","MODELED"
2026,2,"rush_epa_vs_rush_defense","MIA","ARI",-0.0187,0.0052,0.3226,0.5484,-0.129,"off:PREDICTIVE|def:NOT_PREDICTIVE","LOW","MODELED"
2026,2,"rush_epa_vs_rush_defense","MIA","ATL",-0.0187,-0.021,0.3226,0.7742,0.0968,"off:PREDICTIVE|def:NOT_PREDICTIVE","LOW","MODELED"
2026,2,"rush_epa_vs_rush_defense","MIA","BAL",-0.0187,0.0082,0.3226,0.4839,-0.1935,"off:PREDICTIVE|def:NOT_PREDICTIVE","LOW","MODELED"
2026,2,"rush_epa_vs_rush_defense","MIA","BUF",-0.0187,0.0481,0.3226,0.0645,-0.6129,"off:PREDICTIVE|def:NOT_PREDICTIVE","LOW","MODELED"
2026,2,"rush_epa_vs_rush_defense","MIA","CAR",-0.0187,0.0457,0.3226,0.0968,-0.5806,"off:PREDICTIVE|def:NOT_PREDICTIVE","LOW","MODELED"
2026,2,"rush_epa_vs_rush_defense","MIA","CHI",-0.0187,-0.0204,0.3226,0.7419,0.0645,"off:PREDICTIVE|def:NOT_PREDICTIVE","LOW","MODELED"
2026,2,"rush_epa_vs_rush_defense","MIA","CIN",-0.0187,0.0011,0.3226,0.5806,-0.0968,"off:PREDICTIVE|def:NOT_PREDICTIVE","LOW","MODELED"
2026,2,"rush_epa_vs_rush_defense","MIA","CLE",-0.0187,-0.0195,0.3226,0.7097,0.0323,"off:PREDICTIVE|def:NOT_PREDICTIVE","LOW","MODELED"
2026,2,"rush_epa_vs_rush_defense","MIA","DAL",-0.0187,0.0685,0.3226,0,-0.6774,"off:PREDICTIVE|def:NOT_PREDICTIVE","LOW","MODELED"
2026,2,"rush_epa_vs_rush_defense","MIA","DEN",-0.0187,0.0081,0.3226,0.5161,-0.1613,"off:PREDICTIVE|def:NOT_PREDICTIVE","LOW","MODELED"
2026,2,"rush_epa_vs_rush_defense","MIA","DET",-0.0187,0.013,0.3226,0.4516,-0.2258,"off:PREDICTIVE|def:NOT_PREDICTIVE","LOW","MODELED"
2026,2,"rush_epa_vs_rush_defense","MIA","GB",-0.0187,-0.0386,0.3226,0.871,0.1935,"off:PREDICTIVE|def:NOT_PREDICTIVE","LOW","MODELED"
2026,2,"rush_epa_vs_rush_defense","MIA","HOU",-0.0187,-0.068,0.3226,1,0.3226,"off:PREDICTIVE|def:NOT_PREDICTIVE","LOW","MODELED"
2026,2,"rush_epa_vs_rush_defense","MIA","IND",-0.0187,0.0141,0.3226,0.4194,-0.2581,"off:PREDICTIVE|def:NOT_PREDICTIVE","LOW","MODELED"
2026,2,"rush_epa_vs_rush_defense","MIA","JAX",-0.0187,0.0248,0.3226,0.1613,-0.5161,"off:PREDICTIVE|def:NOT_PREDICTIVE","LOW","MODELED"
2026,2,"rush_epa_vs_rush_defense","MIA","KC",-0.0187,0.0196,0.3226,0.2581,-0.4194,"off:PREDICTIVE|def:NOT_PREDICTIVE","LOW","MODELED"
2026,2,"rush_epa_vs_rush_defense","MIA","LAC",-0.0187,-0.0434,0.3226,0.9032,0.2258,"off:PREDICTIVE|def:NOT_PREDICTIVE","LOW","MODELED"
2026,2,"rush_epa_vs_rush_defense","MIA","LAR",-0.0187,0.0145,0.3226,0.3871,-0.2903,"off:PREDICTIVE|def:NOT_PREDICTIVE","LOW","MODELED"
2026,2,"rush_epa_vs_rush_defense","MIA","LV",-0.0187,-0.0225,0.3226,0.8065,0.129,"off:PREDICTIVE|def:NOT_PREDICTIVE","LOW","MODELED"
2026,2,"rush_epa_vs_rush_defense","MIA","MIN",-0.0187,-0.0531,0.3226,0.9355,0.2581,"off:PREDICTIVE|def:NOT_PREDICTIVE","LOW","MODELED"
2026,2,"rush_epa_vs_rush_defense","MIA","NE",-0.0187,-0.0045,0.3226,0.6129,-0.0645,"off:PREDICTIVE|def:NOT_PREDICTIVE","LOW","MODELED"
2026,2,"rush_epa_vs_rush_defense","MIA","NO",-0.0187,0.0236,0.3226,0.2258,-0.4516,"off:PREDICTIVE|def:NOT_PREDICTIVE","LOW","MODELED"
2026,2,"rush_epa_vs_rush_defense","MIA","NYG",-0.0187,0.0497,0.3226,0.0323,-0.6452,"off:PREDICTIVE|def:NOT_PREDICTIVE","LOW","MODELED"
2026,2,"rush_epa_vs_rush_defense","MIA","NYJ",-0.0187,-0.0078,0.3226,0.6774,0,"off:PREDICTIVE|def:NOT_PREDICTIVE","LOW","MODELED"
2026,2,"rush_epa_vs_rush_defense","MIA","PHI",-0.0187,0.0157,0.3226,0.3548,-0.3226,"off:PREDICTIVE|def:NOT_PREDICTIVE","LOW","MODELED"
2026,2,"rush_epa_vs_rush_defense","MIA","PIT",-0.0187,0.0178,0.3226,0.2903,-0.3871,"off:PREDICTIVE|def:NOT_PREDICTIVE","LOW","MODELED"
2026,2,"rush_epa_vs_rush_defense","MIA","SEA",-0.0187,-0.0676,0.3226,0.9677,0.2903,"off:PREDICTIVE|def:NOT_PREDICTIVE","LOW","MODELED"
2026,2,"rush_epa_vs_rush_defense","MIA","SF",-0.0187,0.0169,0.3226,0.3226,-0.3548,"off:PREDICTIVE|def:NOT_PREDICTIVE","LOW","MODELED"
2026,2,"rush_epa_vs_rush_defense","MIA","TB",-0.0187,-0.0359,0.3226,0.8387,0.1613,"off:PREDICTIVE|def:NOT_PREDICTIVE","LOW","MODELED"
2026,2,"rush_epa_vs_rush_defense","MIA","TEN",-0.0187,0.0328,0.3226,0.129,-0.5484,"off:PREDICTIVE|def:NOT_PREDICTIVE","LOW","MODELED"
2026,2,"rush_epa_vs_rush_defense","MIA","WAS",-0.0187,0.0237,0.3226,0.1935,-0.4839,"off:PREDICTIVE|def:NOT_PREDICTIVE","LOW","MODELED"
2026,2,"rush_epa_vs_rush_defense","MIN","ARI",0.0269,0.0052,0.8065,0.5484,0.3548,"off:PREDICTIVE|def:NOT_PREDICTIVE","LOW","MODELED"
2026,2,"rush_epa_vs_rush_defense","MIN","ATL",0.0269,-0.021,0.8065,0.7742,0.5806,"off:PREDICTIVE|def:NOT_PREDICTIVE","LOW","MODELED"
2026,2,"rush_epa_vs_rush_defense","MIN","BAL",0.0269,0.0082,0.8065,0.4839,0.2903,"off:PREDICTIVE|def:NOT_PREDICTIVE","LOW","MODELED"
2026,2,"rush_epa_vs_rush_defense","MIN","BUF",0.0269,0.0481,0.8065,0.0645,-0.129,"off:PREDICTIVE|def:NOT_PREDICTIVE","LOW","MODELED"
2026,2,"rush_epa_vs_rush_defense","MIN","CAR",0.0269,0.0457,0.8065,0.0968,-0.0968,"off:PREDICTIVE|def:NOT_PREDICTIVE","LOW","MODELED"
2026,2,"rush_epa_vs_rush_defense","MIN","CHI",0.0269,-0.0204,0.8065,0.7419,0.5484,"off:PREDICTIVE|def:NOT_PREDICTIVE","LOW","MODELED"
2026,2,"rush_epa_vs_rush_defense","MIN","CIN",0.0269,0.0011,0.8065,0.5806,0.3871,"off:PREDICTIVE|def:NOT_PREDICTIVE","LOW","MODELED"
2026,2,"rush_epa_vs_rush_defense","MIN","CLE",0.0269,-0.0195,0.8065,0.7097,0.5161,"off:PREDICTIVE|def:NOT_PREDICTIVE","LOW","MODELED"
2026,2,"rush_epa_vs_rush_defense","MIN","DAL",0.0269,0.0685,0.8065,0,-0.1935,"off:PREDICTIVE|def:NOT_PREDICTIVE","LOW","MODELED"
2026,2,"rush_epa_vs_rush_defense","MIN","DEN",0.0269,0.0081,0.8065,0.5161,0.3226,"off:PREDICTIVE|def:NOT_PREDICTIVE","LOW","MODELED"
2026,2,"rush_epa_vs_rush_defense","MIN","DET",0.0269,0.013,0.8065,0.4516,0.2581,"off:PREDICTIVE|def:NOT_PREDICTIVE","LOW","MODELED"
2026,2,"rush_epa_vs_rush_defense","MIN","GB",0.0269,-0.0386,0.8065,0.871,0.6774,"off:PREDICTIVE|def:NOT_PREDICTIVE","LOW","MODELED"
2026,2,"rush_epa_vs_rush_defense","MIN","HOU",0.0269,-0.068,0.8065,1,0.8065,"off:PREDICTIVE|def:NOT_PREDICTIVE","LOW","MODELED"
2026,2,"rush_epa_vs_rush_defense","MIN","IND",0.0269,0.0141,0.8065,0.4194,0.2258,"off:PREDICTIVE|def:NOT_PREDICTIVE","LOW","MODELED"
2026,2,"rush_epa_vs_rush_defense","MIN","JAX",0.0269,0.0248,0.8065,0.1613,-0.0323,"off:PREDICTIVE|def:NOT_PREDICTIVE","LOW","MODELED"
2026,2,"rush_epa_vs_rush_defense","MIN","KC",0.0269,0.0196,0.8065,0.2581,0.0645,"off:PREDICTIVE|def:NOT_PREDICTIVE","LOW","MODELED"
2026,2,"rush_epa_vs_rush_defense","MIN","LAC",0.0269,-0.0434,0.8065,0.9032,0.7097,"off:PREDICTIVE|def:NOT_PREDICTIVE","LOW","MODELED"
2026,2,"rush_epa_vs_rush_defense","MIN","LAR",0.0269,0.0145,0.8065,0.3871,0.1935,"off:PREDICTIVE|def:NOT_PREDICTIVE","LOW","MODELED"
2026,2,"rush_epa_vs_rush_defense","MIN","LV",0.0269,-0.0225,0.8065,0.8065,0.6129,"off:PREDICTIVE|def:NOT_PREDICTIVE","LOW","MODELED"
2026,2,"rush_epa_vs_rush_defense","MIN","MIA",0.0269,-0.0047,0.8065,0.6452,0.4516,"off:PREDICTIVE|def:NOT_PREDICTIVE","LOW","MODELED"
2026,2,"rush_epa_vs_rush_defense","MIN","NE",0.0269,-0.0045,0.8065,0.6129,0.4194,"off:PREDICTIVE|def:NOT_PREDICTIVE","LOW","MODELED"
2026,2,"rush_epa_vs_rush_defense","MIN","NO",0.0269,0.0236,0.8065,0.2258,0.0323,"off:PREDICTIVE|def:NOT_PREDICTIVE","LOW","MODELED"
2026,2,"rush_epa_vs_rush_defense","MIN","NYG",0.0269,0.0497,0.8065,0.0323,-0.1613,"off:PREDICTIVE|def:NOT_PREDICTIVE","LOW","MODELED"
2026,2,"rush_epa_vs_rush_defense","MIN","NYJ",0.0269,-0.0078,0.8065,0.6774,0.4839,"off:PREDICTIVE|def:NOT_PREDICTIVE","LOW","MODELED"
2026,2,"rush_epa_vs_rush_defense","MIN","PHI",0.0269,0.0157,0.8065,0.3548,0.1613,"off:PREDICTIVE|def:NOT_PREDICTIVE","LOW","MODELED"
2026,2,"rush_epa_vs_rush_defense","MIN","PIT",0.0269,0.0178,0.8065,0.2903,0.0968,"off:PREDICTIVE|def:NOT_PREDICTIVE","LOW","MODELED"
2026,2,"rush_epa_vs_rush_defense","MIN","SEA",0.0269,-0.0676,0.8065,0.9677,0.7742,"off:PREDICTIVE|def:NOT_PREDICTIVE","LOW","MODELED"
2026,2,"rush_epa_vs_rush_defense","MIN","SF",0.0269,0.0169,0.8065,0.3226,0.129,"off:PREDICTIVE|def:NOT_PREDICTIVE","LOW","MODELED"
2026,2,"rush_epa_vs_rush_defense","MIN","TB",0.0269,-0.0359,0.8065,0.8387,0.6452,"off:PREDICTIVE|def:NOT_PREDICTIVE","LOW","MODELED"
2026,2,"rush_epa_vs_rush_defense","MIN","TEN",0.0269,0.0328,0.8065,0.129,-0.0645,"off:PREDICTIVE|def:NOT_PREDICTIVE","LOW","MODELED"
2026,2,"rush_epa_vs_rush_defense","MIN","WAS",0.0269,0.0237,0.8065,0.1935,0,"off:PREDICTIVE|def:NOT_PREDICTIVE","LOW","MODELED"
2026,2,"rush_epa_vs_rush_defense","NE","ARI",-0.0143,0.0052,0.3871,0.5484,-0.0645,"off:PREDICTIVE|def:NOT_PREDICTIVE","LOW","MODELED"
2026,2,"rush_epa_vs_rush_defense","NE","ATL",-0.0143,-0.021,0.3871,0.7742,0.1613,"off:PREDICTIVE|def:NOT_PREDICTIVE","LOW","MODELED"
2026,2,"rush_epa_vs_rush_defense","NE","BAL",-0.0143,0.0082,0.3871,0.4839,-0.129,"off:PREDICTIVE|def:NOT_PREDICTIVE","LOW","MODELED"
2026,2,"rush_epa_vs_rush_defense","NE","BUF",-0.0143,0.0481,0.3871,0.0645,-0.5484,"off:PREDICTIVE|def:NOT_PREDICTIVE","LOW","MODELED"
2026,2,"rush_epa_vs_rush_defense","NE","CAR",-0.0143,0.0457,0.3871,0.0968,-0.5161,"off:PREDICTIVE|def:NOT_PREDICTIVE","LOW","MODELED"
2026,2,"rush_epa_vs_rush_defense","NE","CHI",-0.0143,-0.0204,0.3871,0.7419,0.129,"off:PREDICTIVE|def:NOT_PREDICTIVE","LOW","MODELED"
2026,2,"rush_epa_vs_rush_defense","NE","CIN",-0.0143,0.0011,0.3871,0.5806,-0.0323,"off:PREDICTIVE|def:NOT_PREDICTIVE","LOW","MODELED"
2026,2,"rush_epa_vs_rush_defense","NE","CLE",-0.0143,-0.0195,0.3871,0.7097,0.0968,"off:PREDICTIVE|def:NOT_PREDICTIVE","LOW","MODELED"
2026,2,"rush_epa_vs_rush_defense","NE","DAL",-0.0143,0.0685,0.3871,0,-0.6129,"off:PREDICTIVE|def:NOT_PREDICTIVE","LOW","MODELED"
2026,2,"rush_epa_vs_rush_defense","NE","DEN",-0.0143,0.0081,0.3871,0.5161,-0.0968,"off:PREDICTIVE|def:NOT_PREDICTIVE","LOW","MODELED"
2026,2,"rush_epa_vs_rush_defense","NE","DET",-0.0143,0.013,0.3871,0.4516,-0.1613,"off:PREDICTIVE|def:NOT_PREDICTIVE","LOW","MODELED"
2026,2,"rush_epa_vs_rush_defense","NE","GB",-0.0143,-0.0386,0.3871,0.871,0.2581,"off:PREDICTIVE|def:NOT_PREDICTIVE","LOW","MODELED"
2026,2,"rush_epa_vs_rush_defense","NE","HOU",-0.0143,-0.068,0.3871,1,0.3871,"off:PREDICTIVE|def:NOT_PREDICTIVE","LOW","MODELED"
2026,2,"rush_epa_vs_rush_defense","NE","IND",-0.0143,0.0141,0.3871,0.4194,-0.1935,"off:PREDICTIVE|def:NOT_PREDICTIVE","LOW","MODELED"
2026,2,"rush_epa_vs_rush_defense","NE","JAX",-0.0143,0.0248,0.3871,0.1613,-0.4516,"off:PREDICTIVE|def:NOT_PREDICTIVE","LOW","MODELED"
2026,2,"rush_epa_vs_rush_defense","NE","KC",-0.0143,0.0196,0.3871,0.2581,-0.3548,"off:PREDICTIVE|def:NOT_PREDICTIVE","LOW","MODELED"
2026,2,"rush_epa_vs_rush_defense","NE","LAC",-0.0143,-0.0434,0.3871,0.9032,0.2903,"off:PREDICTIVE|def:NOT_PREDICTIVE","LOW","MODELED"
2026,2,"rush_epa_vs_rush_defense","NE","LAR",-0.0143,0.0145,0.3871,0.3871,-0.2258,"off:PREDICTIVE|def:NOT_PREDICTIVE","LOW","MODELED"
2026,2,"rush_epa_vs_rush_defense","NE","LV",-0.0143,-0.0225,0.3871,0.8065,0.1935,"off:PREDICTIVE|def:NOT_PREDICTIVE","LOW","MODELED"
2026,2,"rush_epa_vs_rush_defense","NE","MIA",-0.0143,-0.0047,0.3871,0.6452,0.0323,"off:PREDICTIVE|def:NOT_PREDICTIVE","LOW","MODELED"
2026,2,"rush_epa_vs_rush_defense","NE","MIN",-0.0143,-0.0531,0.3871,0.9355,0.3226,"off:PREDICTIVE|def:NOT_PREDICTIVE","LOW","MODELED"
2026,2,"rush_epa_vs_rush_defense","NE","NO",-0.0143,0.0236,0.3871,0.2258,-0.3871,"off:PREDICTIVE|def:NOT_PREDICTIVE","LOW","MODELED"
2026,2,"rush_epa_vs_rush_defense","NE","NYG",-0.0143,0.0497,0.3871,0.0323,-0.5806,"off:PREDICTIVE|def:NOT_PREDICTIVE","LOW","MODELED"
2026,2,"rush_epa_vs_rush_defense","NE","NYJ",-0.0143,-0.0078,0.3871,0.6774,0.0645,"off:PREDICTIVE|def:NOT_PREDICTIVE","LOW","MODELED"
2026,2,"rush_epa_vs_rush_defense","NE","PHI",-0.0143,0.0157,0.3871,0.3548,-0.2581,"off:PREDICTIVE|def:NOT_PREDICTIVE","LOW","MODELED"
2026,2,"rush_epa_vs_rush_defense","NE","PIT",-0.0143,0.0178,0.3871,0.2903,-0.3226,"off:PREDICTIVE|def:NOT_PREDICTIVE","LOW","MODELED"
2026,2,"rush_epa_vs_rush_defense","NE","SEA",-0.0143,-0.0676,0.3871,0.9677,0.3548,"off:PREDICTIVE|def:NOT_PREDICTIVE","LOW","MODELED"
2026,2,"rush_epa_vs_rush_defense","NE","SF",-0.0143,0.0169,0.3871,0.3226,-0.2903,"off:PREDICTIVE|def:NOT_PREDICTIVE","LOW","MODELED"
2026,2,"rush_epa_vs_rush_defense","NE","TB",-0.0143,-0.0359,0.3871,0.8387,0.2258,"off:PREDICTIVE|def:NOT_PREDICTIVE","LOW","MODELED"
2026,2,"rush_epa_vs_rush_defense","NE","TEN",-0.0143,0.0328,0.3871,0.129,-0.4839,"off:PREDICTIVE|def:NOT_PREDICTIVE","LOW","MODELED"
2026,2,"rush_epa_vs_rush_defense","NE","WAS",-0.0143,0.0237,0.3871,0.1935,-0.4194,"off:PREDICTIVE|def:NOT_PREDICTIVE","LOW","MODELED"
2026,2,"rush_epa_vs_rush_defense","NO","ARI",-0.0277,0.0052,0.1935,0.5484,-0.2581,"off:PREDICTIVE|def:NOT_PREDICTIVE","LOW","MODELED"
2026,2,"rush_epa_vs_rush_defense","NO","ATL",-0.0277,-0.021,0.1935,0.7742,-0.0323,"off:PREDICTIVE|def:NOT_PREDICTIVE","LOW","MODELED"
2026,2,"rush_epa_vs_rush_defense","NO","BAL",-0.0277,0.0082,0.1935,0.4839,-0.3226,"off:PREDICTIVE|def:NOT_PREDICTIVE","LOW","MODELED"
2026,2,"rush_epa_vs_rush_defense","NO","BUF",-0.0277,0.0481,0.1935,0.0645,-0.7419,"off:PREDICTIVE|def:NOT_PREDICTIVE","LOW","MODELED"
2026,2,"rush_epa_vs_rush_defense","NO","CAR",-0.0277,0.0457,0.1935,0.0968,-0.7097,"off:PREDICTIVE|def:NOT_PREDICTIVE","LOW","MODELED"
2026,2,"rush_epa_vs_rush_defense","NO","CHI",-0.0277,-0.0204,0.1935,0.7419,-0.0645,"off:PREDICTIVE|def:NOT_PREDICTIVE","LOW","MODELED"
2026,2,"rush_epa_vs_rush_defense","NO","CIN",-0.0277,0.0011,0.1935,0.5806,-0.2258,"off:PREDICTIVE|def:NOT_PREDICTIVE","LOW","MODELED"
2026,2,"rush_epa_vs_rush_defense","NO","CLE",-0.0277,-0.0195,0.1935,0.7097,-0.0968,"off:PREDICTIVE|def:NOT_PREDICTIVE","LOW","MODELED"
2026,2,"rush_epa_vs_rush_defense","NO","DAL",-0.0277,0.0685,0.1935,0,-0.8065,"off:PREDICTIVE|def:NOT_PREDICTIVE","LOW","MODELED"
2026,2,"rush_epa_vs_rush_defense","NO","DEN",-0.0277,0.0081,0.1935,0.5161,-0.2903,"off:PREDICTIVE|def:NOT_PREDICTIVE","LOW","MODELED"
2026,2,"rush_epa_vs_rush_defense","NO","DET",-0.0277,0.013,0.1935,0.4516,-0.3548,"off:PREDICTIVE|def:NOT_PREDICTIVE","LOW","MODELED"
2026,2,"rush_epa_vs_rush_defense","NO","GB",-0.0277,-0.0386,0.1935,0.871,0.0645,"off:PREDICTIVE|def:NOT_PREDICTIVE","LOW","MODELED"
2026,2,"rush_epa_vs_rush_defense","NO","HOU",-0.0277,-0.068,0.1935,1,0.1935,"off:PREDICTIVE|def:NOT_PREDICTIVE","LOW","MODELED"
2026,2,"rush_epa_vs_rush_defense","NO","IND",-0.0277,0.0141,0.1935,0.4194,-0.3871,"off:PREDICTIVE|def:NOT_PREDICTIVE","LOW","MODELED"
2026,2,"rush_epa_vs_rush_defense","NO","JAX",-0.0277,0.0248,0.1935,0.1613,-0.6452,"off:PREDICTIVE|def:NOT_PREDICTIVE","LOW","MODELED"
2026,2,"rush_epa_vs_rush_defense","NO","KC",-0.0277,0.0196,0.1935,0.2581,-0.5484,"off:PREDICTIVE|def:NOT_PREDICTIVE","LOW","MODELED"
2026,2,"rush_epa_vs_rush_defense","NO","LAC",-0.0277,-0.0434,0.1935,0.9032,0.0968,"off:PREDICTIVE|def:NOT_PREDICTIVE","LOW","MODELED"
2026,2,"rush_epa_vs_rush_defense","NO","LAR",-0.0277,0.0145,0.1935,0.3871,-0.4194,"off:PREDICTIVE|def:NOT_PREDICTIVE","LOW","MODELED"
2026,2,"rush_epa_vs_rush_defense","NO","LV",-0.0277,-0.0225,0.1935,0.8065,0,"off:PREDICTIVE|def:NOT_PREDICTIVE","LOW","MODELED"
2026,2,"rush_epa_vs_rush_defense","NO","MIA",-0.0277,-0.0047,0.1935,0.6452,-0.1613,"off:PREDICTIVE|def:NOT_PREDICTIVE","LOW","MODELED"
2026,2,"rush_epa_vs_rush_defense","NO","MIN",-0.0277,-0.0531,0.1935,0.9355,0.129,"off:PREDICTIVE|def:NOT_PREDICTIVE","LOW","MODELED"
2026,2,"rush_epa_vs_rush_defense","NO","NE",-0.0277,-0.0045,0.1935,0.6129,-0.1935,"off:PREDICTIVE|def:NOT_PREDICTIVE","LOW","MODELED"
2026,2,"rush_epa_vs_rush_defense","NO","NYG",-0.0277,0.0497,0.1935,0.0323,-0.7742,"off:PREDICTIVE|def:NOT_PREDICTIVE","LOW","MODELED"
2026,2,"rush_epa_vs_rush_defense","NO","NYJ",-0.0277,-0.0078,0.1935,0.6774,-0.129,"off:PREDICTIVE|def:NOT_PREDICTIVE","LOW","MODELED"
2026,2,"rush_epa_vs_rush_defense","NO","PHI",-0.0277,0.0157,0.1935,0.3548,-0.4516,"off:PREDICTIVE|def:NOT_PREDICTIVE","LOW","MODELED"
2026,2,"rush_epa_vs_rush_defense","NO","PIT",-0.0277,0.0178,0.1935,0.2903,-0.5161,"off:PREDICTIVE|def:NOT_PREDICTIVE","LOW","MODELED"
2026,2,"rush_epa_vs_rush_defense","NO","SEA",-0.0277,-0.0676,0.1935,0.9677,0.1613,"off:PREDICTIVE|def:NOT_PREDICTIVE","LOW","MODELED"
2026,2,"rush_epa_vs_rush_defense","NO","SF",-0.0277,0.0169,0.1935,0.3226,-0.4839,"off:PREDICTIVE|def:NOT_PREDICTIVE","LOW","MODELED"
2026,2,"rush_epa_vs_rush_defense","NO","TB",-0.0277,-0.0359,0.1935,0.8387,0.0323,"off:PREDICTIVE|def:NOT_PREDICTIVE","LOW","MODELED"
2026,2,"rush_epa_vs_rush_defense","NO","TEN",-0.0277,0.0328,0.1935,0.129,-0.6774,"off:PREDICTIVE|def:NOT_PREDICTIVE","LOW","MODELED"
2026,2,"rush_epa_vs_rush_defense","NO","WAS",-0.0277,0.0237,0.1935,0.1935,-0.6129,"off:PREDICTIVE|def:NOT_PREDICTIVE","LOW","MODELED"
2026,2,"rush_epa_vs_rush_defense","NYG","ARI",-0.0345,0.0052,0.0968,0.5484,-0.3548,"off:PREDICTIVE|def:NOT_PREDICTIVE","LOW","MODELED"
2026,2,"rush_epa_vs_rush_defense","NYG","ATL",-0.0345,-0.021,0.0968,0.7742,-0.129,"off:PREDICTIVE|def:NOT_PREDICTIVE","LOW","MODELED"
2026,2,"rush_epa_vs_rush_defense","NYG","BAL",-0.0345,0.0082,0.0968,0.4839,-0.4194,"off:PREDICTIVE|def:NOT_PREDICTIVE","LOW","MODELED"
2026,2,"rush_epa_vs_rush_defense","NYG","BUF",-0.0345,0.0481,0.0968,0.0645,-0.8387,"off:PREDICTIVE|def:NOT_PREDICTIVE","LOW","MODELED"
2026,2,"rush_epa_vs_rush_defense","NYG","CAR",-0.0345,0.0457,0.0968,0.0968,-0.8065,"off:PREDICTIVE|def:NOT_PREDICTIVE","LOW","MODELED"
2026,2,"rush_epa_vs_rush_defense","NYG","CHI",-0.0345,-0.0204,0.0968,0.7419,-0.1613,"off:PREDICTIVE|def:NOT_PREDICTIVE","LOW","MODELED"
2026,2,"rush_epa_vs_rush_defense","NYG","CIN",-0.0345,0.0011,0.0968,0.5806,-0.3226,"off:PREDICTIVE|def:NOT_PREDICTIVE","LOW","MODELED"
2026,2,"rush_epa_vs_rush_defense","NYG","CLE",-0.0345,-0.0195,0.0968,0.7097,-0.1935,"off:PREDICTIVE|def:NOT_PREDICTIVE","LOW","MODELED"
2026,2,"rush_epa_vs_rush_defense","NYG","DAL",-0.0345,0.0685,0.0968,0,-0.9032,"off:PREDICTIVE|def:NOT_PREDICTIVE","LOW","MODELED"
2026,2,"rush_epa_vs_rush_defense","NYG","DEN",-0.0345,0.0081,0.0968,0.5161,-0.3871,"off:PREDICTIVE|def:NOT_PREDICTIVE","LOW","MODELED"
2026,2,"rush_epa_vs_rush_defense","NYG","DET",-0.0345,0.013,0.0968,0.4516,-0.4516,"off:PREDICTIVE|def:NOT_PREDICTIVE","LOW","MODELED"
2026,2,"rush_epa_vs_rush_defense","NYG","GB",-0.0345,-0.0386,0.0968,0.871,-0.0323,"off:PREDICTIVE|def:NOT_PREDICTIVE","LOW","MODELED"
2026,2,"rush_epa_vs_rush_defense","NYG","HOU",-0.0345,-0.068,0.0968,1,0.0968,"off:PREDICTIVE|def:NOT_PREDICTIVE","LOW","MODELED"
2026,2,"rush_epa_vs_rush_defense","NYG","IND",-0.0345,0.0141,0.0968,0.4194,-0.4839,"off:PREDICTIVE|def:NOT_PREDICTIVE","LOW","MODELED"
2026,2,"rush_epa_vs_rush_defense","NYG","JAX",-0.0345,0.0248,0.0968,0.1613,-0.7419,"off:PREDICTIVE|def:NOT_PREDICTIVE","LOW","MODELED"
2026,2,"rush_epa_vs_rush_defense","NYG","KC",-0.0345,0.0196,0.0968,0.2581,-0.6452,"off:PREDICTIVE|def:NOT_PREDICTIVE","LOW","MODELED"
2026,2,"rush_epa_vs_rush_defense","NYG","LAC",-0.0345,-0.0434,0.0968,0.9032,0,"off:PREDICTIVE|def:NOT_PREDICTIVE","LOW","MODELED"
2026,2,"rush_epa_vs_rush_defense","NYG","LAR",-0.0345,0.0145,0.0968,0.3871,-0.5161,"off:PREDICTIVE|def:NOT_PREDICTIVE","LOW","MODELED"
2026,2,"rush_epa_vs_rush_defense","NYG","LV",-0.0345,-0.0225,0.0968,0.8065,-0.0968,"off:PREDICTIVE|def:NOT_PREDICTIVE","LOW","MODELED"
2026,2,"rush_epa_vs_rush_defense","NYG","MIA",-0.0345,-0.0047,0.0968,0.6452,-0.2581,"off:PREDICTIVE|def:NOT_PREDICTIVE","LOW","MODELED"
2026,2,"rush_epa_vs_rush_defense","NYG","MIN",-0.0345,-0.0531,0.0968,0.9355,0.0323,"off:PREDICTIVE|def:NOT_PREDICTIVE","LOW","MODELED"
2026,2,"rush_epa_vs_rush_defense","NYG","NE",-0.0345,-0.0045,0.0968,0.6129,-0.2903,"off:PREDICTIVE|def:NOT_PREDICTIVE","LOW","MODELED"
2026,2,"rush_epa_vs_rush_defense","NYG","NO",-0.0345,0.0236,0.0968,0.2258,-0.6774,"off:PREDICTIVE|def:NOT_PREDICTIVE","LOW","MODELED"
2026,2,"rush_epa_vs_rush_defense","NYG","NYJ",-0.0345,-0.0078,0.0968,0.6774,-0.2258,"off:PREDICTIVE|def:NOT_PREDICTIVE","LOW","MODELED"
2026,2,"rush_epa_vs_rush_defense","NYG","PHI",-0.0345,0.0157,0.0968,0.3548,-0.5484,"off:PREDICTIVE|def:NOT_PREDICTIVE","LOW","MODELED"
2026,2,"rush_epa_vs_rush_defense","NYG","PIT",-0.0345,0.0178,0.0968,0.2903,-0.6129,"off:PREDICTIVE|def:NOT_PREDICTIVE","LOW","MODELED"
2026,2,"rush_epa_vs_rush_defense","NYG","SEA",-0.0345,-0.0676,0.0968,0.9677,0.0645,"off:PREDICTIVE|def:NOT_PREDICTIVE","LOW","MODELED"
2026,2,"rush_epa_vs_rush_defense","NYG","SF",-0.0345,0.0169,0.0968,0.3226,-0.5806,"off:PREDICTIVE|def:NOT_PREDICTIVE","LOW","MODELED"
2026,2,"rush_epa_vs_rush_defense","NYG","TB",-0.0345,-0.0359,0.0968,0.8387,-0.0645,"off:PREDICTIVE|def:NOT_PREDICTIVE","LOW","MODELED"
2026,2,"rush_epa_vs_rush_defense","NYG","TEN",-0.0345,0.0328,0.0968,0.129,-0.7742,"off:PREDICTIVE|def:NOT_PREDICTIVE","LOW","MODELED"
2026,2,"rush_epa_vs_rush_defense","NYG","WAS",-0.0345,0.0237,0.0968,0.1935,-0.7097,"off:PREDICTIVE|def:NOT_PREDICTIVE","LOW","MODELED"
2026,2,"rush_epa_vs_rush_defense","NYJ","ARI",-0.0182,0.0052,0.3548,0.5484,-0.0968,"off:PREDICTIVE|def:NOT_PREDICTIVE","LOW","MODELED"
2026,2,"rush_epa_vs_rush_defense","NYJ","ATL",-0.0182,-0.021,0.3548,0.7742,0.129,"off:PREDICTIVE|def:NOT_PREDICTIVE","LOW","MODELED"
2026,2,"rush_epa_vs_rush_defense","NYJ","BAL",-0.0182,0.0082,0.3548,0.4839,-0.1613,"off:PREDICTIVE|def:NOT_PREDICTIVE","LOW","MODELED"
2026,2,"rush_epa_vs_rush_defense","NYJ","BUF",-0.0182,0.0481,0.3548,0.0645,-0.5806,"off:PREDICTIVE|def:NOT_PREDICTIVE","LOW","MODELED"
2026,2,"rush_epa_vs_rush_defense","NYJ","CAR",-0.0182,0.0457,0.3548,0.0968,-0.5484,"off:PREDICTIVE|def:NOT_PREDICTIVE","LOW","MODELED"
2026,2,"rush_epa_vs_rush_defense","NYJ","CHI",-0.0182,-0.0204,0.3548,0.7419,0.0968,"off:PREDICTIVE|def:NOT_PREDICTIVE","LOW","MODELED"
2026,2,"rush_epa_vs_rush_defense","NYJ","CIN",-0.0182,0.0011,0.3548,0.5806,-0.0645,"off:PREDICTIVE|def:NOT_PREDICTIVE","LOW","MODELED"
2026,2,"rush_epa_vs_rush_defense","NYJ","CLE",-0.0182,-0.0195,0.3548,0.7097,0.0645,"off:PREDICTIVE|def:NOT_PREDICTIVE","LOW","MODELED"
2026,2,"rush_epa_vs_rush_defense","NYJ","DAL",-0.0182,0.0685,0.3548,0,-0.6452,"off:PREDICTIVE|def:NOT_PREDICTIVE","LOW","MODELED"
2026,2,"rush_epa_vs_rush_defense","NYJ","DEN",-0.0182,0.0081,0.3548,0.5161,-0.129,"off:PREDICTIVE|def:NOT_PREDICTIVE","LOW","MODELED"
2026,2,"rush_epa_vs_rush_defense","NYJ","DET",-0.0182,0.013,0.3548,0.4516,-0.1935,"off:PREDICTIVE|def:NOT_PREDICTIVE","LOW","MODELED"
2026,2,"rush_epa_vs_rush_defense","NYJ","GB",-0.0182,-0.0386,0.3548,0.871,0.2258,"off:PREDICTIVE|def:NOT_PREDICTIVE","LOW","MODELED"
2026,2,"rush_epa_vs_rush_defense","NYJ","HOU",-0.0182,-0.068,0.3548,1,0.3548,"off:PREDICTIVE|def:NOT_PREDICTIVE","LOW","MODELED"
2026,2,"rush_epa_vs_rush_defense","NYJ","IND",-0.0182,0.0141,0.3548,0.4194,-0.2258,"off:PREDICTIVE|def:NOT_PREDICTIVE","LOW","MODELED"
2026,2,"rush_epa_vs_rush_defense","NYJ","JAX",-0.0182,0.0248,0.3548,0.1613,-0.4839,"off:PREDICTIVE|def:NOT_PREDICTIVE","LOW","MODELED"
2026,2,"rush_epa_vs_rush_defense","NYJ","KC",-0.0182,0.0196,0.3548,0.2581,-0.3871,"off:PREDICTIVE|def:NOT_PREDICTIVE","LOW","MODELED"
2026,2,"rush_epa_vs_rush_defense","NYJ","LAC",-0.0182,-0.0434,0.3548,0.9032,0.2581,"off:PREDICTIVE|def:NOT_PREDICTIVE","LOW","MODELED"
2026,2,"rush_epa_vs_rush_defense","NYJ","LAR",-0.0182,0.0145,0.3548,0.3871,-0.2581,"off:PREDICTIVE|def:NOT_PREDICTIVE","LOW","MODELED"
2026,2,"rush_epa_vs_rush_defense","NYJ","LV",-0.0182,-0.0225,0.3548,0.8065,0.1613,"off:PREDICTIVE|def:NOT_PREDICTIVE","LOW","MODELED"
2026,2,"rush_epa_vs_rush_defense","NYJ","MIA",-0.0182,-0.0047,0.3548,0.6452,0,"off:PREDICTIVE|def:NOT_PREDICTIVE","LOW","MODELED"
2026,2,"rush_epa_vs_rush_defense","NYJ","MIN",-0.0182,-0.0531,0.3548,0.9355,0.2903,"off:PREDICTIVE|def:NOT_PREDICTIVE","LOW","MODELED"
2026,2,"rush_epa_vs_rush_defense","NYJ","NE",-0.0182,-0.0045,0.3548,0.6129,-0.0323,"off:PREDICTIVE|def:NOT_PREDICTIVE","LOW","MODELED"
2026,2,"rush_epa_vs_rush_defense","NYJ","NO",-0.0182,0.0236,0.3548,0.2258,-0.4194,"off:PREDICTIVE|def:NOT_PREDICTIVE","LOW","MODELED"
2026,2,"rush_epa_vs_rush_defense","NYJ","NYG",-0.0182,0.0497,0.3548,0.0323,-0.6129,"off:PREDICTIVE|def:NOT_PREDICTIVE","LOW","MODELED"
2026,2,"rush_epa_vs_rush_defense","NYJ","PHI",-0.0182,0.0157,0.3548,0.3548,-0.2903,"off:PREDICTIVE|def:NOT_PREDICTIVE","LOW","MODELED"
2026,2,"rush_epa_vs_rush_defense","NYJ","PIT",-0.0182,0.0178,0.3548,0.2903,-0.3548,"off:PREDICTIVE|def:NOT_PREDICTIVE","LOW","MODELED"
2026,2,"rush_epa_vs_rush_defense","NYJ","SEA",-0.0182,-0.0676,0.3548,0.9677,0.3226,"off:PREDICTIVE|def:NOT_PREDICTIVE","LOW","MODELED"
2026,2,"rush_epa_vs_rush_defense","NYJ","SF",-0.0182,0.0169,0.3548,0.3226,-0.3226,"off:PREDICTIVE|def:NOT_PREDICTIVE","LOW","MODELED"
2026,2,"rush_epa_vs_rush_defense","NYJ","TB",-0.0182,-0.0359,0.3548,0.8387,0.1935,"off:PREDICTIVE|def:NOT_PREDICTIVE","LOW","MODELED"
2026,2,"rush_epa_vs_rush_defense","NYJ","TEN",-0.0182,0.0328,0.3548,0.129,-0.5161,"off:PREDICTIVE|def:NOT_PREDICTIVE","LOW","MODELED"
2026,2,"rush_epa_vs_rush_defense","NYJ","WAS",-0.0182,0.0237,0.3548,0.1935,-0.4516,"off:PREDICTIVE|def:NOT_PREDICTIVE","LOW","MODELED"
2026,2,"rush_epa_vs_rush_defense","PHI","ARI",-0.0069,0.0052,0.5161,0.5484,0.0645,"off:PREDICTIVE|def:NOT_PREDICTIVE","LOW","MODELED"
2026,2,"rush_epa_vs_rush_defense","PHI","ATL",-0.0069,-0.021,0.5161,0.7742,0.2903,"off:PREDICTIVE|def:NOT_PREDICTIVE","LOW","MODELED"
2026,2,"rush_epa_vs_rush_defense","PHI","BAL",-0.0069,0.0082,0.5161,0.4839,0,"off:PREDICTIVE|def:NOT_PREDICTIVE","LOW","MODELED"
2026,2,"rush_epa_vs_rush_defense","PHI","BUF",-0.0069,0.0481,0.5161,0.0645,-0.4194,"off:PREDICTIVE|def:NOT_PREDICTIVE","LOW","MODELED"
2026,2,"rush_epa_vs_rush_defense","PHI","CAR",-0.0069,0.0457,0.5161,0.0968,-0.3871,"off:PREDICTIVE|def:NOT_PREDICTIVE","LOW","MODELED"
2026,2,"rush_epa_vs_rush_defense","PHI","CHI",-0.0069,-0.0204,0.5161,0.7419,0.2581,"off:PREDICTIVE|def:NOT_PREDICTIVE","LOW","MODELED"
2026,2,"rush_epa_vs_rush_defense","PHI","CIN",-0.0069,0.0011,0.5161,0.5806,0.0968,"off:PREDICTIVE|def:NOT_PREDICTIVE","LOW","MODELED"
2026,2,"rush_epa_vs_rush_defense","PHI","CLE",-0.0069,-0.0195,0.5161,0.7097,0.2258,"off:PREDICTIVE|def:NOT_PREDICTIVE","LOW","MODELED"
2026,2,"rush_epa_vs_rush_defense","PHI","DAL",-0.0069,0.0685,0.5161,0,-0.4839,"off:PREDICTIVE|def:NOT_PREDICTIVE","LOW","MODELED"
2026,2,"rush_epa_vs_rush_defense","PHI","DEN",-0.0069,0.0081,0.5161,0.5161,0.0323,"off:PREDICTIVE|def:NOT_PREDICTIVE","LOW","MODELED"
2026,2,"rush_epa_vs_rush_defense","PHI","DET",-0.0069,0.013,0.5161,0.4516,-0.0323,"off:PREDICTIVE|def:NOT_PREDICTIVE","LOW","MODELED"
2026,2,"rush_epa_vs_rush_defense","PHI","GB",-0.0069,-0.0386,0.5161,0.871,0.3871,"off:PREDICTIVE|def:NOT_PREDICTIVE","LOW","MODELED"
2026,2,"rush_epa_vs_rush_defense","PHI","HOU",-0.0069,-0.068,0.5161,1,0.5161,"off:PREDICTIVE|def:NOT_PREDICTIVE","LOW","MODELED"
2026,2,"rush_epa_vs_rush_defense","PHI","IND",-0.0069,0.0141,0.5161,0.4194,-0.0645,"off:PREDICTIVE|def:NOT_PREDICTIVE","LOW","MODELED"
2026,2,"rush_epa_vs_rush_defense","PHI","JAX",-0.0069,0.0248,0.5161,0.1613,-0.3226,"off:PREDICTIVE|def:NOT_PREDICTIVE","LOW","MODELED"
2026,2,"rush_epa_vs_rush_defense","PHI","KC",-0.0069,0.0196,0.5161,0.2581,-0.2258,"off:PREDICTIVE|def:NOT_PREDICTIVE","LOW","MODELED"
2026,2,"rush_epa_vs_rush_defense","PHI","LAC",-0.0069,-0.0434,0.5161,0.9032,0.4194,"off:PREDICTIVE|def:NOT_PREDICTIVE","LOW","MODELED"
2026,2,"rush_epa_vs_rush_defense","PHI","LAR",-0.0069,0.0145,0.5161,0.3871,-0.0968,"off:PREDICTIVE|def:NOT_PREDICTIVE","LOW","MODELED"
2026,2,"rush_epa_vs_rush_defense","PHI","LV",-0.0069,-0.0225,0.5161,0.8065,0.3226,"off:PREDICTIVE|def:NOT_PREDICTIVE","LOW","MODELED"
2026,2,"rush_epa_vs_rush_defense","PHI","MIA",-0.0069,-0.0047,0.5161,0.6452,0.1613,"off:PREDICTIVE|def:NOT_PREDICTIVE","LOW","MODELED"
2026,2,"rush_epa_vs_rush_defense","PHI","MIN",-0.0069,-0.0531,0.5161,0.9355,0.4516,"off:PREDICTIVE|def:NOT_PREDICTIVE","LOW","MODELED"
2026,2,"rush_epa_vs_rush_defense","PHI","NE",-0.0069,-0.0045,0.5161,0.6129,0.129,"off:PREDICTIVE|def:NOT_PREDICTIVE","LOW","MODELED"
2026,2,"rush_epa_vs_rush_defense","PHI","NO",-0.0069,0.0236,0.5161,0.2258,-0.2581,"off:PREDICTIVE|def:NOT_PREDICTIVE","LOW","MODELED"
2026,2,"rush_epa_vs_rush_defense","PHI","NYG",-0.0069,0.0497,0.5161,0.0323,-0.4516,"off:PREDICTIVE|def:NOT_PREDICTIVE","LOW","MODELED"
2026,2,"rush_epa_vs_rush_defense","PHI","NYJ",-0.0069,-0.0078,0.5161,0.6774,0.1935,"off:PREDICTIVE|def:NOT_PREDICTIVE","LOW","MODELED"
2026,2,"rush_epa_vs_rush_defense","PHI","PIT",-0.0069,0.0178,0.5161,0.2903,-0.1935,"off:PREDICTIVE|def:NOT_PREDICTIVE","LOW","MODELED"
2026,2,"rush_epa_vs_rush_defense","PHI","SEA",-0.0069,-0.0676,0.5161,0.9677,0.4839,"off:PREDICTIVE|def:NOT_PREDICTIVE","LOW","MODELED"
2026,2,"rush_epa_vs_rush_defense","PHI","SF",-0.0069,0.0169,0.5161,0.3226,-0.1613,"off:PREDICTIVE|def:NOT_PREDICTIVE","LOW","MODELED"
2026,2,"rush_epa_vs_rush_defense","PHI","TB",-0.0069,-0.0359,0.5161,0.8387,0.3548,"off:PREDICTIVE|def:NOT_PREDICTIVE","LOW","MODELED"
2026,2,"rush_epa_vs_rush_defense","PHI","TEN",-0.0069,0.0328,0.5161,0.129,-0.3548,"off:PREDICTIVE|def:NOT_PREDICTIVE","LOW","MODELED"
2026,2,"rush_epa_vs_rush_defense","PHI","WAS",-0.0069,0.0237,0.5161,0.1935,-0.2903,"off:PREDICTIVE|def:NOT_PREDICTIVE","LOW","MODELED"
2026,2,"rush_epa_vs_rush_defense","PIT","ARI",0.0171,0.0052,0.6774,0.5484,0.2258,"off:PREDICTIVE|def:NOT_PREDICTIVE","LOW","MODELED"
2026,2,"rush_epa_vs_rush_defense","PIT","ATL",0.0171,-0.021,0.6774,0.7742,0.4516,"off:PREDICTIVE|def:NOT_PREDICTIVE","LOW","MODELED"
2026,2,"rush_epa_vs_rush_defense","PIT","BAL",0.0171,0.0082,0.6774,0.4839,0.1613,"off:PREDICTIVE|def:NOT_PREDICTIVE","LOW","MODELED"
2026,2,"rush_epa_vs_rush_defense","PIT","BUF",0.0171,0.0481,0.6774,0.0645,-0.2581,"off:PREDICTIVE|def:NOT_PREDICTIVE","LOW","MODELED"
2026,2,"rush_epa_vs_rush_defense","PIT","CAR",0.0171,0.0457,0.6774,0.0968,-0.2258,"off:PREDICTIVE|def:NOT_PREDICTIVE","LOW","MODELED"
2026,2,"rush_epa_vs_rush_defense","PIT","CHI",0.0171,-0.0204,0.6774,0.7419,0.4194,"off:PREDICTIVE|def:NOT_PREDICTIVE","LOW","MODELED"
2026,2,"rush_epa_vs_rush_defense","PIT","CIN",0.0171,0.0011,0.6774,0.5806,0.2581,"off:PREDICTIVE|def:NOT_PREDICTIVE","LOW","MODELED"
2026,2,"rush_epa_vs_rush_defense","PIT","CLE",0.0171,-0.0195,0.6774,0.7097,0.3871,"off:PREDICTIVE|def:NOT_PREDICTIVE","LOW","MODELED"
2026,2,"rush_epa_vs_rush_defense","PIT","DAL",0.0171,0.0685,0.6774,0,-0.3226,"off:PREDICTIVE|def:NOT_PREDICTIVE","LOW","MODELED"
2026,2,"rush_epa_vs_rush_defense","PIT","DEN",0.0171,0.0081,0.6774,0.5161,0.1935,"off:PREDICTIVE|def:NOT_PREDICTIVE","LOW","MODELED"
2026,2,"rush_epa_vs_rush_defense","PIT","DET",0.0171,0.013,0.6774,0.4516,0.129,"off:PREDICTIVE|def:NOT_PREDICTIVE","LOW","MODELED"
2026,2,"rush_epa_vs_rush_defense","PIT","GB",0.0171,-0.0386,0.6774,0.871,0.5484,"off:PREDICTIVE|def:NOT_PREDICTIVE","LOW","MODELED"
2026,2,"rush_epa_vs_rush_defense","PIT","HOU",0.0171,-0.068,0.6774,1,0.6774,"off:PREDICTIVE|def:NOT_PREDICTIVE","LOW","MODELED"
2026,2,"rush_epa_vs_rush_defense","PIT","IND",0.0171,0.0141,0.6774,0.4194,0.0968,"off:PREDICTIVE|def:NOT_PREDICTIVE","LOW","MODELED"
2026,2,"rush_epa_vs_rush_defense","PIT","JAX",0.0171,0.0248,0.6774,0.1613,-0.1613,"off:PREDICTIVE|def:NOT_PREDICTIVE","LOW","MODELED"
2026,2,"rush_epa_vs_rush_defense","PIT","KC",0.0171,0.0196,0.6774,0.2581,-0.0645,"off:PREDICTIVE|def:NOT_PREDICTIVE","LOW","MODELED"
2026,2,"rush_epa_vs_rush_defense","PIT","LAC",0.0171,-0.0434,0.6774,0.9032,0.5806,"off:PREDICTIVE|def:NOT_PREDICTIVE","LOW","MODELED"
2026,2,"rush_epa_vs_rush_defense","PIT","LAR",0.0171,0.0145,0.6774,0.3871,0.0645,"off:PREDICTIVE|def:NOT_PREDICTIVE","LOW","MODELED"
2026,2,"rush_epa_vs_rush_defense","PIT","LV",0.0171,-0.0225,0.6774,0.8065,0.4839,"off:PREDICTIVE|def:NOT_PREDICTIVE","LOW","MODELED"
2026,2,"rush_epa_vs_rush_defense","PIT","MIA",0.0171,-0.0047,0.6774,0.6452,0.3226,"off:PREDICTIVE|def:NOT_PREDICTIVE","LOW","MODELED"
2026,2,"rush_epa_vs_rush_defense","PIT","MIN",0.0171,-0.0531,0.6774,0.9355,0.6129,"off:PREDICTIVE|def:NOT_PREDICTIVE","LOW","MODELED"
2026,2,"rush_epa_vs_rush_defense","PIT","NE",0.0171,-0.0045,0.6774,0.6129,0.2903,"off:PREDICTIVE|def:NOT_PREDICTIVE","LOW","MODELED"
2026,2,"rush_epa_vs_rush_defense","PIT","NO",0.0171,0.0236,0.6774,0.2258,-0.0968,"off:PREDICTIVE|def:NOT_PREDICTIVE","LOW","MODELED"
2026,2,"rush_epa_vs_rush_defense","PIT","NYG",0.0171,0.0497,0.6774,0.0323,-0.2903,"off:PREDICTIVE|def:NOT_PREDICTIVE","LOW","MODELED"
2026,2,"rush_epa_vs_rush_defense","PIT","NYJ",0.0171,-0.0078,0.6774,0.6774,0.3548,"off:PREDICTIVE|def:NOT_PREDICTIVE","LOW","MODELED"
2026,2,"rush_epa_vs_rush_defense","PIT","PHI",0.0171,0.0157,0.6774,0.3548,0.0323,"off:PREDICTIVE|def:NOT_PREDICTIVE","LOW","MODELED"
2026,2,"rush_epa_vs_rush_defense","PIT","SEA",0.0171,-0.0676,0.6774,0.9677,0.6452,"off:PREDICTIVE|def:NOT_PREDICTIVE","LOW","MODELED"
2026,2,"rush_epa_vs_rush_defense","PIT","SF",0.0171,0.0169,0.6774,0.3226,0,"off:PREDICTIVE|def:NOT_PREDICTIVE","LOW","MODELED"
2026,2,"rush_epa_vs_rush_defense","PIT","TB",0.0171,-0.0359,0.6774,0.8387,0.5161,"off:PREDICTIVE|def:NOT_PREDICTIVE","LOW","MODELED"
2026,2,"rush_epa_vs_rush_defense","PIT","TEN",0.0171,0.0328,0.6774,0.129,-0.1935,"off:PREDICTIVE|def:NOT_PREDICTIVE","LOW","MODELED"
2026,2,"rush_epa_vs_rush_defense","PIT","WAS",0.0171,0.0237,0.6774,0.1935,-0.129,"off:PREDICTIVE|def:NOT_PREDICTIVE","LOW","MODELED"
2026,2,"rush_epa_vs_rush_defense","SEA","ARI",-0.0091,0.0052,0.4516,0.5484,0,"off:PREDICTIVE|def:NOT_PREDICTIVE","LOW","MODELED"
2026,2,"rush_epa_vs_rush_defense","SEA","ATL",-0.0091,-0.021,0.4516,0.7742,0.2258,"off:PREDICTIVE|def:NOT_PREDICTIVE","LOW","MODELED"
2026,2,"rush_epa_vs_rush_defense","SEA","BAL",-0.0091,0.0082,0.4516,0.4839,-0.0645,"off:PREDICTIVE|def:NOT_PREDICTIVE","LOW","MODELED"
2026,2,"rush_epa_vs_rush_defense","SEA","BUF",-0.0091,0.0481,0.4516,0.0645,-0.4839,"off:PREDICTIVE|def:NOT_PREDICTIVE","LOW","MODELED"
2026,2,"rush_epa_vs_rush_defense","SEA","CAR",-0.0091,0.0457,0.4516,0.0968,-0.4516,"off:PREDICTIVE|def:NOT_PREDICTIVE","LOW","MODELED"
2026,2,"rush_epa_vs_rush_defense","SEA","CHI",-0.0091,-0.0204,0.4516,0.7419,0.1935,"off:PREDICTIVE|def:NOT_PREDICTIVE","LOW","MODELED"
2026,2,"rush_epa_vs_rush_defense","SEA","CIN",-0.0091,0.0011,0.4516,0.5806,0.0323,"off:PREDICTIVE|def:NOT_PREDICTIVE","LOW","MODELED"
2026,2,"rush_epa_vs_rush_defense","SEA","CLE",-0.0091,-0.0195,0.4516,0.7097,0.1613,"off:PREDICTIVE|def:NOT_PREDICTIVE","LOW","MODELED"
2026,2,"rush_epa_vs_rush_defense","SEA","DAL",-0.0091,0.0685,0.4516,0,-0.5484,"off:PREDICTIVE|def:NOT_PREDICTIVE","LOW","MODELED"
2026,2,"rush_epa_vs_rush_defense","SEA","DEN",-0.0091,0.0081,0.4516,0.5161,-0.0323,"off:PREDICTIVE|def:NOT_PREDICTIVE","LOW","MODELED"
2026,2,"rush_epa_vs_rush_defense","SEA","DET",-0.0091,0.013,0.4516,0.4516,-0.0968,"off:PREDICTIVE|def:NOT_PREDICTIVE","LOW","MODELED"
2026,2,"rush_epa_vs_rush_defense","SEA","GB",-0.0091,-0.0386,0.4516,0.871,0.3226,"off:PREDICTIVE|def:NOT_PREDICTIVE","LOW","MODELED"
2026,2,"rush_epa_vs_rush_defense","SEA","HOU",-0.0091,-0.068,0.4516,1,0.4516,"off:PREDICTIVE|def:NOT_PREDICTIVE","LOW","MODELED"
2026,2,"rush_epa_vs_rush_defense","SEA","IND",-0.0091,0.0141,0.4516,0.4194,-0.129,"off:PREDICTIVE|def:NOT_PREDICTIVE","LOW","MODELED"
2026,2,"rush_epa_vs_rush_defense","SEA","JAX",-0.0091,0.0248,0.4516,0.1613,-0.3871,"off:PREDICTIVE|def:NOT_PREDICTIVE","LOW","MODELED"
2026,2,"rush_epa_vs_rush_defense","SEA","KC",-0.0091,0.0196,0.4516,0.2581,-0.2903,"off:PREDICTIVE|def:NOT_PREDICTIVE","LOW","MODELED"
2026,2,"rush_epa_vs_rush_defense","SEA","LAC",-0.0091,-0.0434,0.4516,0.9032,0.3548,"off:PREDICTIVE|def:NOT_PREDICTIVE","LOW","MODELED"
2026,2,"rush_epa_vs_rush_defense","SEA","LAR",-0.0091,0.0145,0.4516,0.3871,-0.1613,"off:PREDICTIVE|def:NOT_PREDICTIVE","LOW","MODELED"
2026,2,"rush_epa_vs_rush_defense","SEA","LV",-0.0091,-0.0225,0.4516,0.8065,0.2581,"off:PREDICTIVE|def:NOT_PREDICTIVE","LOW","MODELED"
2026,2,"rush_epa_vs_rush_defense","SEA","MIA",-0.0091,-0.0047,0.4516,0.6452,0.0968,"off:PREDICTIVE|def:NOT_PREDICTIVE","LOW","MODELED"
2026,2,"rush_epa_vs_rush_defense","SEA","MIN",-0.0091,-0.0531,0.4516,0.9355,0.3871,"off:PREDICTIVE|def:NOT_PREDICTIVE","LOW","MODELED"
2026,2,"rush_epa_vs_rush_defense","SEA","NE",-0.0091,-0.0045,0.4516,0.6129,0.0645,"off:PREDICTIVE|def:NOT_PREDICTIVE","LOW","MODELED"
2026,2,"rush_epa_vs_rush_defense","SEA","NO",-0.0091,0.0236,0.4516,0.2258,-0.3226,"off:PREDICTIVE|def:NOT_PREDICTIVE","LOW","MODELED"
2026,2,"rush_epa_vs_rush_defense","SEA","NYG",-0.0091,0.0497,0.4516,0.0323,-0.5161,"off:PREDICTIVE|def:NOT_PREDICTIVE","LOW","MODELED"
2026,2,"rush_epa_vs_rush_defense","SEA","NYJ",-0.0091,-0.0078,0.4516,0.6774,0.129,"off:PREDICTIVE|def:NOT_PREDICTIVE","LOW","MODELED"
2026,2,"rush_epa_vs_rush_defense","SEA","PHI",-0.0091,0.0157,0.4516,0.3548,-0.1935,"off:PREDICTIVE|def:NOT_PREDICTIVE","LOW","MODELED"
2026,2,"rush_epa_vs_rush_defense","SEA","PIT",-0.0091,0.0178,0.4516,0.2903,-0.2581,"off:PREDICTIVE|def:NOT_PREDICTIVE","LOW","MODELED"
2026,2,"rush_epa_vs_rush_defense","SEA","SF",-0.0091,0.0169,0.4516,0.3226,-0.2258,"off:PREDICTIVE|def:NOT_PREDICTIVE","LOW","MODELED"
2026,2,"rush_epa_vs_rush_defense","SEA","TB",-0.0091,-0.0359,0.4516,0.8387,0.2903,"off:PREDICTIVE|def:NOT_PREDICTIVE","LOW","MODELED"
2026,2,"rush_epa_vs_rush_defense","SEA","TEN",-0.0091,0.0328,0.4516,0.129,-0.4194,"off:PREDICTIVE|def:NOT_PREDICTIVE","LOW","MODELED"
2026,2,"rush_epa_vs_rush_defense","SEA","WAS",-0.0091,0.0237,0.4516,0.1935,-0.3548,"off:PREDICTIVE|def:NOT_PREDICTIVE","LOW","MODELED"
2026,2,"rush_epa_vs_rush_defense","SF","ARI",0.0165,0.0052,0.6452,0.5484,0.1935,"off:PREDICTIVE|def:NOT_PREDICTIVE","LOW","MODELED"
2026,2,"rush_epa_vs_rush_defense","SF","ATL",0.0165,-0.021,0.6452,0.7742,0.4194,"off:PREDICTIVE|def:NOT_PREDICTIVE","LOW","MODELED"
2026,2,"rush_epa_vs_rush_defense","SF","BAL",0.0165,0.0082,0.6452,0.4839,0.129,"off:PREDICTIVE|def:NOT_PREDICTIVE","LOW","MODELED"
2026,2,"rush_epa_vs_rush_defense","SF","BUF",0.0165,0.0481,0.6452,0.0645,-0.2903,"off:PREDICTIVE|def:NOT_PREDICTIVE","LOW","MODELED"
2026,2,"rush_epa_vs_rush_defense","SF","CAR",0.0165,0.0457,0.6452,0.0968,-0.2581,"off:PREDICTIVE|def:NOT_PREDICTIVE","LOW","MODELED"
2026,2,"rush_epa_vs_rush_defense","SF","CHI",0.0165,-0.0204,0.6452,0.7419,0.3871,"off:PREDICTIVE|def:NOT_PREDICTIVE","LOW","MODELED"
2026,2,"rush_epa_vs_rush_defense","SF","CIN",0.0165,0.0011,0.6452,0.5806,0.2258,"off:PREDICTIVE|def:NOT_PREDICTIVE","LOW","MODELED"
2026,2,"rush_epa_vs_rush_defense","SF","CLE",0.0165,-0.0195,0.6452,0.7097,0.3548,"off:PREDICTIVE|def:NOT_PREDICTIVE","LOW","MODELED"
2026,2,"rush_epa_vs_rush_defense","SF","DAL",0.0165,0.0685,0.6452,0,-0.3548,"off:PREDICTIVE|def:NOT_PREDICTIVE","LOW","MODELED"
2026,2,"rush_epa_vs_rush_defense","SF","DEN",0.0165,0.0081,0.6452,0.5161,0.1613,"off:PREDICTIVE|def:NOT_PREDICTIVE","LOW","MODELED"
2026,2,"rush_epa_vs_rush_defense","SF","DET",0.0165,0.013,0.6452,0.4516,0.0968,"off:PREDICTIVE|def:NOT_PREDICTIVE","LOW","MODELED"
2026,2,"rush_epa_vs_rush_defense","SF","GB",0.0165,-0.0386,0.6452,0.871,0.5161,"off:PREDICTIVE|def:NOT_PREDICTIVE","LOW","MODELED"
2026,2,"rush_epa_vs_rush_defense","SF","HOU",0.0165,-0.068,0.6452,1,0.6452,"off:PREDICTIVE|def:NOT_PREDICTIVE","LOW","MODELED"
2026,2,"rush_epa_vs_rush_defense","SF","IND",0.0165,0.0141,0.6452,0.4194,0.0645,"off:PREDICTIVE|def:NOT_PREDICTIVE","LOW","MODELED"
2026,2,"rush_epa_vs_rush_defense","SF","JAX",0.0165,0.0248,0.6452,0.1613,-0.1935,"off:PREDICTIVE|def:NOT_PREDICTIVE","LOW","MODELED"
2026,2,"rush_epa_vs_rush_defense","SF","KC",0.0165,0.0196,0.6452,0.2581,-0.0968,"off:PREDICTIVE|def:NOT_PREDICTIVE","LOW","MODELED"
2026,2,"rush_epa_vs_rush_defense","SF","LAC",0.0165,-0.0434,0.6452,0.9032,0.5484,"off:PREDICTIVE|def:NOT_PREDICTIVE","LOW","MODELED"
2026,2,"rush_epa_vs_rush_defense","SF","LAR",0.0165,0.0145,0.6452,0.3871,0.0323,"off:PREDICTIVE|def:NOT_PREDICTIVE","LOW","MODELED"
2026,2,"rush_epa_vs_rush_defense","SF","LV",0.0165,-0.0225,0.6452,0.8065,0.4516,"off:PREDICTIVE|def:NOT_PREDICTIVE","LOW","MODELED"
2026,2,"rush_epa_vs_rush_defense","SF","MIA",0.0165,-0.0047,0.6452,0.6452,0.2903,"off:PREDICTIVE|def:NOT_PREDICTIVE","LOW","MODELED"
2026,2,"rush_epa_vs_rush_defense","SF","MIN",0.0165,-0.0531,0.6452,0.9355,0.5806,"off:PREDICTIVE|def:NOT_PREDICTIVE","LOW","MODELED"
2026,2,"rush_epa_vs_rush_defense","SF","NE",0.0165,-0.0045,0.6452,0.6129,0.2581,"off:PREDICTIVE|def:NOT_PREDICTIVE","LOW","MODELED"
2026,2,"rush_epa_vs_rush_defense","SF","NO",0.0165,0.0236,0.6452,0.2258,-0.129,"off:PREDICTIVE|def:NOT_PREDICTIVE","LOW","MODELED"
2026,2,"rush_epa_vs_rush_defense","SF","NYG",0.0165,0.0497,0.6452,0.0323,-0.3226,"off:PREDICTIVE|def:NOT_PREDICTIVE","LOW","MODELED"
2026,2,"rush_epa_vs_rush_defense","SF","NYJ",0.0165,-0.0078,0.6452,0.6774,0.3226,"off:PREDICTIVE|def:NOT_PREDICTIVE","LOW","MODELED"
2026,2,"rush_epa_vs_rush_defense","SF","PHI",0.0165,0.0157,0.6452,0.3548,0,"off:PREDICTIVE|def:NOT_PREDICTIVE","LOW","MODELED"
2026,2,"rush_epa_vs_rush_defense","SF","PIT",0.0165,0.0178,0.6452,0.2903,-0.0645,"off:PREDICTIVE|def:NOT_PREDICTIVE","LOW","MODELED"
2026,2,"rush_epa_vs_rush_defense","SF","SEA",0.0165,-0.0676,0.6452,0.9677,0.6129,"off:PREDICTIVE|def:NOT_PREDICTIVE","LOW","MODELED"
2026,2,"rush_epa_vs_rush_defense","SF","TB",0.0165,-0.0359,0.6452,0.8387,0.4839,"off:PREDICTIVE|def:NOT_PREDICTIVE","LOW","MODELED"
2026,2,"rush_epa_vs_rush_defense","SF","TEN",0.0165,0.0328,0.6452,0.129,-0.2258,"off:PREDICTIVE|def:NOT_PREDICTIVE","LOW","MODELED"
2026,2,"rush_epa_vs_rush_defense","SF","WAS",0.0165,0.0237,0.6452,0.1935,-0.1613,"off:PREDICTIVE|def:NOT_PREDICTIVE","LOW","MODELED"
2026,2,"rush_epa_vs_rush_defense","TB","ARI",0.0267,0.0052,0.7742,0.5484,0.3226,"off:PREDICTIVE|def:NOT_PREDICTIVE","LOW","MODELED"
2026,2,"rush_epa_vs_rush_defense","TB","ATL",0.0267,-0.021,0.7742,0.7742,0.5484,"off:PREDICTIVE|def:NOT_PREDICTIVE","LOW","MODELED"
2026,2,"rush_epa_vs_rush_defense","TB","BAL",0.0267,0.0082,0.7742,0.4839,0.2581,"off:PREDICTIVE|def:NOT_PREDICTIVE","LOW","MODELED"
2026,2,"rush_epa_vs_rush_defense","TB","BUF",0.0267,0.0481,0.7742,0.0645,-0.1613,"off:PREDICTIVE|def:NOT_PREDICTIVE","LOW","MODELED"
2026,2,"rush_epa_vs_rush_defense","TB","CAR",0.0267,0.0457,0.7742,0.0968,-0.129,"off:PREDICTIVE|def:NOT_PREDICTIVE","LOW","MODELED"
2026,2,"rush_epa_vs_rush_defense","TB","CHI",0.0267,-0.0204,0.7742,0.7419,0.5161,"off:PREDICTIVE|def:NOT_PREDICTIVE","LOW","MODELED"
2026,2,"rush_epa_vs_rush_defense","TB","CIN",0.0267,0.0011,0.7742,0.5806,0.3548,"off:PREDICTIVE|def:NOT_PREDICTIVE","LOW","MODELED"
2026,2,"rush_epa_vs_rush_defense","TB","CLE",0.0267,-0.0195,0.7742,0.7097,0.4839,"off:PREDICTIVE|def:NOT_PREDICTIVE","LOW","MODELED"
2026,2,"rush_epa_vs_rush_defense","TB","DAL",0.0267,0.0685,0.7742,0,-0.2258,"off:PREDICTIVE|def:NOT_PREDICTIVE","LOW","MODELED"
2026,2,"rush_epa_vs_rush_defense","TB","DEN",0.0267,0.0081,0.7742,0.5161,0.2903,"off:PREDICTIVE|def:NOT_PREDICTIVE","LOW","MODELED"
2026,2,"rush_epa_vs_rush_defense","TB","DET",0.0267,0.013,0.7742,0.4516,0.2258,"off:PREDICTIVE|def:NOT_PREDICTIVE","LOW","MODELED"
2026,2,"rush_epa_vs_rush_defense","TB","GB",0.0267,-0.0386,0.7742,0.871,0.6452,"off:PREDICTIVE|def:NOT_PREDICTIVE","LOW","MODELED"
2026,2,"rush_epa_vs_rush_defense","TB","HOU",0.0267,-0.068,0.7742,1,0.7742,"off:PREDICTIVE|def:NOT_PREDICTIVE","LOW","MODELED"
2026,2,"rush_epa_vs_rush_defense","TB","IND",0.0267,0.0141,0.7742,0.4194,0.1935,"off:PREDICTIVE|def:NOT_PREDICTIVE","LOW","MODELED"
2026,2,"rush_epa_vs_rush_defense","TB","JAX",0.0267,0.0248,0.7742,0.1613,-0.0645,"off:PREDICTIVE|def:NOT_PREDICTIVE","LOW","MODELED"
2026,2,"rush_epa_vs_rush_defense","TB","KC",0.0267,0.0196,0.7742,0.2581,0.0323,"off:PREDICTIVE|def:NOT_PREDICTIVE","LOW","MODELED"
2026,2,"rush_epa_vs_rush_defense","TB","LAC",0.0267,-0.0434,0.7742,0.9032,0.6774,"off:PREDICTIVE|def:NOT_PREDICTIVE","LOW","MODELED"
2026,2,"rush_epa_vs_rush_defense","TB","LAR",0.0267,0.0145,0.7742,0.3871,0.1613,"off:PREDICTIVE|def:NOT_PREDICTIVE","LOW","MODELED"
2026,2,"rush_epa_vs_rush_defense","TB","LV",0.0267,-0.0225,0.7742,0.8065,0.5806,"off:PREDICTIVE|def:NOT_PREDICTIVE","LOW","MODELED"
2026,2,"rush_epa_vs_rush_defense","TB","MIA",0.0267,-0.0047,0.7742,0.6452,0.4194,"off:PREDICTIVE|def:NOT_PREDICTIVE","LOW","MODELED"
2026,2,"rush_epa_vs_rush_defense","TB","MIN",0.0267,-0.0531,0.7742,0.9355,0.7097,"off:PREDICTIVE|def:NOT_PREDICTIVE","LOW","MODELED"
2026,2,"rush_epa_vs_rush_defense","TB","NE",0.0267,-0.0045,0.7742,0.6129,0.3871,"off:PREDICTIVE|def:NOT_PREDICTIVE","LOW","MODELED"
2026,2,"rush_epa_vs_rush_defense","TB","NO",0.0267,0.0236,0.7742,0.2258,0,"off:PREDICTIVE|def:NOT_PREDICTIVE","LOW","MODELED"
2026,2,"rush_epa_vs_rush_defense","TB","NYG",0.0267,0.0497,0.7742,0.0323,-0.1935,"off:PREDICTIVE|def:NOT_PREDICTIVE","LOW","MODELED"
2026,2,"rush_epa_vs_rush_defense","TB","NYJ",0.0267,-0.0078,0.7742,0.6774,0.4516,"off:PREDICTIVE|def:NOT_PREDICTIVE","LOW","MODELED"
2026,2,"rush_epa_vs_rush_defense","TB","PHI",0.0267,0.0157,0.7742,0.3548,0.129,"off:PREDICTIVE|def:NOT_PREDICTIVE","LOW","MODELED"
2026,2,"rush_epa_vs_rush_defense","TB","PIT",0.0267,0.0178,0.7742,0.2903,0.0645,"off:PREDICTIVE|def:NOT_PREDICTIVE","LOW","MODELED"
2026,2,"rush_epa_vs_rush_defense","TB","SEA",0.0267,-0.0676,0.7742,0.9677,0.7419,"off:PREDICTIVE|def:NOT_PREDICTIVE","LOW","MODELED"
2026,2,"rush_epa_vs_rush_defense","TB","SF",0.0267,0.0169,0.7742,0.3226,0.0968,"off:PREDICTIVE|def:NOT_PREDICTIVE","LOW","MODELED"
2026,2,"rush_epa_vs_rush_defense","TB","TEN",0.0267,0.0328,0.7742,0.129,-0.0968,"off:PREDICTIVE|def:NOT_PREDICTIVE","LOW","MODELED"
2026,2,"rush_epa_vs_rush_defense","TB","WAS",0.0267,0.0237,0.7742,0.1935,-0.0323,"off:PREDICTIVE|def:NOT_PREDICTIVE","LOW","MODELED"
2026,2,"rush_epa_vs_rush_defense","TEN","ARI",-0.0013,0.0052,0.5484,0.5484,0.0968,"off:PREDICTIVE|def:NOT_PREDICTIVE","LOW","MODELED"
2026,2,"rush_epa_vs_rush_defense","TEN","ATL",-0.0013,-0.021,0.5484,0.7742,0.3226,"off:PREDICTIVE|def:NOT_PREDICTIVE","LOW","MODELED"
2026,2,"rush_epa_vs_rush_defense","TEN","BAL",-0.0013,0.0082,0.5484,0.4839,0.0323,"off:PREDICTIVE|def:NOT_PREDICTIVE","LOW","MODELED"
2026,2,"rush_epa_vs_rush_defense","TEN","BUF",-0.0013,0.0481,0.5484,0.0645,-0.3871,"off:PREDICTIVE|def:NOT_PREDICTIVE","LOW","MODELED"
2026,2,"rush_epa_vs_rush_defense","TEN","CAR",-0.0013,0.0457,0.5484,0.0968,-0.3548,"off:PREDICTIVE|def:NOT_PREDICTIVE","LOW","MODELED"
2026,2,"rush_epa_vs_rush_defense","TEN","CHI",-0.0013,-0.0204,0.5484,0.7419,0.2903,"off:PREDICTIVE|def:NOT_PREDICTIVE","LOW","MODELED"
2026,2,"rush_epa_vs_rush_defense","TEN","CIN",-0.0013,0.0011,0.5484,0.5806,0.129,"off:PREDICTIVE|def:NOT_PREDICTIVE","LOW","MODELED"
2026,2,"rush_epa_vs_rush_defense","TEN","CLE",-0.0013,-0.0195,0.5484,0.7097,0.2581,"off:PREDICTIVE|def:NOT_PREDICTIVE","LOW","MODELED"
2026,2,"rush_epa_vs_rush_defense","TEN","DAL",-0.0013,0.0685,0.5484,0,-0.4516,"off:PREDICTIVE|def:NOT_PREDICTIVE","LOW","MODELED"
2026,2,"rush_epa_vs_rush_defense","TEN","DEN",-0.0013,0.0081,0.5484,0.5161,0.0645,"off:PREDICTIVE|def:NOT_PREDICTIVE","LOW","MODELED"
2026,2,"rush_epa_vs_rush_defense","TEN","DET",-0.0013,0.013,0.5484,0.4516,0,"off:PREDICTIVE|def:NOT_PREDICTIVE","LOW","MODELED"
2026,2,"rush_epa_vs_rush_defense","TEN","GB",-0.0013,-0.0386,0.5484,0.871,0.4194,"off:PREDICTIVE|def:NOT_PREDICTIVE","LOW","MODELED"
2026,2,"rush_epa_vs_rush_defense","TEN","HOU",-0.0013,-0.068,0.5484,1,0.5484,"off:PREDICTIVE|def:NOT_PREDICTIVE","LOW","MODELED"
2026,2,"rush_epa_vs_rush_defense","TEN","IND",-0.0013,0.0141,0.5484,0.4194,-0.0323,"off:PREDICTIVE|def:NOT_PREDICTIVE","LOW","MODELED"
2026,2,"rush_epa_vs_rush_defense","TEN","JAX",-0.0013,0.0248,0.5484,0.1613,-0.2903,"off:PREDICTIVE|def:NOT_PREDICTIVE","LOW","MODELED"
2026,2,"rush_epa_vs_rush_defense","TEN","KC",-0.0013,0.0196,0.5484,0.2581,-0.1935,"off:PREDICTIVE|def:NOT_PREDICTIVE","LOW","MODELED"
2026,2,"rush_epa_vs_rush_defense","TEN","LAC",-0.0013,-0.0434,0.5484,0.9032,0.4516,"off:PREDICTIVE|def:NOT_PREDICTIVE","LOW","MODELED"
2026,2,"rush_epa_vs_rush_defense","TEN","LAR",-0.0013,0.0145,0.5484,0.3871,-0.0645,"off:PREDICTIVE|def:NOT_PREDICTIVE","LOW","MODELED"
2026,2,"rush_epa_vs_rush_defense","TEN","LV",-0.0013,-0.0225,0.5484,0.8065,0.3548,"off:PREDICTIVE|def:NOT_PREDICTIVE","LOW","MODELED"
2026,2,"rush_epa_vs_rush_defense","TEN","MIA",-0.0013,-0.0047,0.5484,0.6452,0.1935,"off:PREDICTIVE|def:NOT_PREDICTIVE","LOW","MODELED"
2026,2,"rush_epa_vs_rush_defense","TEN","MIN",-0.0013,-0.0531,0.5484,0.9355,0.4839,"off:PREDICTIVE|def:NOT_PREDICTIVE","LOW","MODELED"
2026,2,"rush_epa_vs_rush_defense","TEN","NE",-0.0013,-0.0045,0.5484,0.6129,0.1613,"off:PREDICTIVE|def:NOT_PREDICTIVE","LOW","MODELED"
2026,2,"rush_epa_vs_rush_defense","TEN","NO",-0.0013,0.0236,0.5484,0.2258,-0.2258,"off:PREDICTIVE|def:NOT_PREDICTIVE","LOW","MODELED"
2026,2,"rush_epa_vs_rush_defense","TEN","NYG",-0.0013,0.0497,0.5484,0.0323,-0.4194,"off:PREDICTIVE|def:NOT_PREDICTIVE","LOW","MODELED"
2026,2,"rush_epa_vs_rush_defense","TEN","NYJ",-0.0013,-0.0078,0.5484,0.6774,0.2258,"off:PREDICTIVE|def:NOT_PREDICTIVE","LOW","MODELED"
2026,2,"rush_epa_vs_rush_defense","TEN","PHI",-0.0013,0.0157,0.5484,0.3548,-0.0968,"off:PREDICTIVE|def:NOT_PREDICTIVE","LOW","MODELED"
2026,2,"rush_epa_vs_rush_defense","TEN","PIT",-0.0013,0.0178,0.5484,0.2903,-0.1613,"off:PREDICTIVE|def:NOT_PREDICTIVE","LOW","MODELED"
2026,2,"rush_epa_vs_rush_defense","TEN","SEA",-0.0013,-0.0676,0.5484,0.9677,0.5161,"off:PREDICTIVE|def:NOT_PREDICTIVE","LOW","MODELED"
2026,2,"rush_epa_vs_rush_defense","TEN","SF",-0.0013,0.0169,0.5484,0.3226,-0.129,"off:PREDICTIVE|def:NOT_PREDICTIVE","LOW","MODELED"
2026,2,"rush_epa_vs_rush_defense","TEN","TB",-0.0013,-0.0359,0.5484,0.8387,0.3871,"off:PREDICTIVE|def:NOT_PREDICTIVE","LOW","MODELED"
2026,2,"rush_epa_vs_rush_defense","TEN","WAS",-0.0013,0.0237,0.5484,0.1935,-0.2581,"off:PREDICTIVE|def:NOT_PREDICTIVE","LOW","MODELED"
2026,2,"rush_epa_vs_rush_defense","WAS","ARI",-0.0282,0.0052,0.1613,0.5484,-0.2903,"off:PREDICTIVE|def:NOT_PREDICTIVE","LOW","MODELED"
2026,2,"rush_epa_vs_rush_defense","WAS","ATL",-0.0282,-0.021,0.1613,0.7742,-0.0645,"off:PREDICTIVE|def:NOT_PREDICTIVE","LOW","MODELED"
2026,2,"rush_epa_vs_rush_defense","WAS","BAL",-0.0282,0.0082,0.1613,0.4839,-0.3548,"off:PREDICTIVE|def:NOT_PREDICTIVE","LOW","MODELED"
2026,2,"rush_epa_vs_rush_defense","WAS","BUF",-0.0282,0.0481,0.1613,0.0645,-0.7742,"off:PREDICTIVE|def:NOT_PREDICTIVE","LOW","MODELED"
2026,2,"rush_epa_vs_rush_defense","WAS","CAR",-0.0282,0.0457,0.1613,0.0968,-0.7419,"off:PREDICTIVE|def:NOT_PREDICTIVE","LOW","MODELED"
2026,2,"rush_epa_vs_rush_defense","WAS","CHI",-0.0282,-0.0204,0.1613,0.7419,-0.0968,"off:PREDICTIVE|def:NOT_PREDICTIVE","LOW","MODELED"
2026,2,"rush_epa_vs_rush_defense","WAS","CIN",-0.0282,0.0011,0.1613,0.5806,-0.2581,"off:PREDICTIVE|def:NOT_PREDICTIVE","LOW","MODELED"
2026,2,"rush_epa_vs_rush_defense","WAS","CLE",-0.0282,-0.0195,0.1613,0.7097,-0.129,"off:PREDICTIVE|def:NOT_PREDICTIVE","LOW","MODELED"
2026,2,"rush_epa_vs_rush_defense","WAS","DAL",-0.0282,0.0685,0.1613,0,-0.8387,"off:PREDICTIVE|def:NOT_PREDICTIVE","LOW","MODELED"
2026,2,"rush_epa_vs_rush_defense","WAS","DEN",-0.0282,0.0081,0.1613,0.5161,-0.3226,"off:PREDICTIVE|def:NOT_PREDICTIVE","LOW","MODELED"
2026,2,"rush_epa_vs_rush_defense","WAS","DET",-0.0282,0.013,0.1613,0.4516,-0.3871,"off:PREDICTIVE|def:NOT_PREDICTIVE","LOW","MODELED"
2026,2,"rush_epa_vs_rush_defense","WAS","GB",-0.0282,-0.0386,0.1613,0.871,0.0323,"off:PREDICTIVE|def:NOT_PREDICTIVE","LOW","MODELED"
2026,2,"rush_epa_vs_rush_defense","WAS","HOU",-0.0282,-0.068,0.1613,1,0.1613,"off:PREDICTIVE|def:NOT_PREDICTIVE","LOW","MODELED"
2026,2,"rush_epa_vs_rush_defense","WAS","IND",-0.0282,0.0141,0.1613,0.4194,-0.4194,"off:PREDICTIVE|def:NOT_PREDICTIVE","LOW","MODELED"
2026,2,"rush_epa_vs_rush_defense","WAS","JAX",-0.0282,0.0248,0.1613,0.1613,-0.6774,"off:PREDICTIVE|def:NOT_PREDICTIVE","LOW","MODELED"
2026,2,"rush_epa_vs_rush_defense","WAS","KC",-0.0282,0.0196,0.1613,0.2581,-0.5806,"off:PREDICTIVE|def:NOT_PREDICTIVE","LOW","MODELED"
2026,2,"rush_epa_vs_rush_defense","WAS","LAC",-0.0282,-0.0434,0.1613,0.9032,0.0645,"off:PREDICTIVE|def:NOT_PREDICTIVE","LOW","MODELED"
2026,2,"rush_epa_vs_rush_defense","WAS","LAR",-0.0282,0.0145,0.1613,0.3871,-0.4516,"off:PREDICTIVE|def:NOT_PREDICTIVE","LOW","MODELED"
2026,2,"rush_epa_vs_rush_defense","WAS","LV",-0.0282,-0.0225,0.1613,0.8065,-0.0323,"off:PREDICTIVE|def:NOT_PREDICTIVE","LOW","MODELED"
2026,2,"rush_epa_vs_rush_defense","WAS","MIA",-0.0282,-0.0047,0.1613,0.6452,-0.1935,"off:PREDICTIVE|def:NOT_PREDICTIVE","LOW","MODELED"
2026,2,"rush_epa_vs_rush_defense","WAS","MIN",-0.0282,-0.0531,0.1613,0.9355,0.0968,"off:PREDICTIVE|def:NOT_PREDICTIVE","LOW","MODELED"
2026,2,"rush_epa_vs_rush_defense","WAS","NE",-0.0282,-0.0045,0.1613,0.6129,-0.2258,"off:PREDICTIVE|def:NOT_PREDICTIVE","LOW","MODELED"
2026,2,"rush_epa_vs_rush_defense","WAS","NO",-0.0282,0.0236,0.1613,0.2258,-0.6129,"off:PREDICTIVE|def:NOT_PREDICTIVE","LOW","MODELED"
2026,2,"rush_epa_vs_rush_defense","WAS","NYG",-0.0282,0.0497,0.1613,0.0323,-0.8065,"off:PREDICTIVE|def:NOT_PREDICTIVE","LOW","MODELED"
2026,2,"rush_epa_vs_rush_defense","WAS","NYJ",-0.0282,-0.0078,0.1613,0.6774,-0.1613,"off:PREDICTIVE|def:NOT_PREDICTIVE","LOW","MODELED"
2026,2,"rush_epa_vs_rush_defense","WAS","PHI",-0.0282,0.0157,0.1613,0.3548,-0.4839,"off:PREDICTIVE|def:NOT_PREDICTIVE","LOW","MODELED"
2026,2,"rush_epa_vs_rush_defense","WAS","PIT",-0.0282,0.0178,0.1613,0.2903,-0.5484,"off:PREDICTIVE|def:NOT_PREDICTIVE","LOW","MODELED"
2026,2,"rush_epa_vs_rush_defense","WAS","SEA",-0.0282,-0.0676,0.1613,0.9677,0.129,"off:PREDICTIVE|def:NOT_PREDICTIVE","LOW","MODELED"
2026,2,"rush_epa_vs_rush_defense","WAS","SF",-0.0282,0.0169,0.1613,0.3226,-0.5161,"off:PREDICTIVE|def:NOT_PREDICTIVE","LOW","MODELED"
2026,2,"rush_epa_vs_rush_defense","WAS","TB",-0.0282,-0.0359,0.1613,0.8387,0,"off:PREDICTIVE|def:NOT_PREDICTIVE","LOW","MODELED"
2026,2,"rush_epa_vs_rush_defense","WAS","TEN",-0.0282,0.0328,0.1613,0.129,-0.7097,"off:PREDICTIVE|def:NOT_PREDICTIVE","LOW","MODELED"
2026,2,"pressure_allowed_vs_pressure_generated","ARI","ATL",-0.0127,0.0135,0.7742,0.7419,0.5161,"off:WEAKLY_PREDICTIVE|def:WEAKLY_PREDICTIVE","MEDIUM","MODELED"
2026,2,"pressure_allowed_vs_pressure_generated","ARI","BAL",-0.0127,0.0324,0.7742,0.9355,0.7097,"off:WEAKLY_PREDICTIVE|def:WEAKLY_PREDICTIVE","MEDIUM","MODELED"
2026,2,"pressure_allowed_vs_pressure_generated","ARI","BUF",-0.0127,0.0201,0.7742,0.7742,0.5484,"off:WEAKLY_PREDICTIVE|def:WEAKLY_PREDICTIVE","MEDIUM","MODELED"
2026,2,"pressure_allowed_vs_pressure_generated","ARI","CAR",-0.0127,-6e-04,0.7742,0.4839,0.2581,"off:WEAKLY_PREDICTIVE|def:WEAKLY_PREDICTIVE","MEDIUM","MODELED"
2026,2,"pressure_allowed_vs_pressure_generated","ARI","CHI",-0.0127,0.0032,0.7742,0.5484,0.3226,"off:WEAKLY_PREDICTIVE|def:WEAKLY_PREDICTIVE","MEDIUM","MODELED"
2026,2,"pressure_allowed_vs_pressure_generated","ARI","CIN",-0.0127,-0.0133,0.7742,0.3226,0.0968,"off:WEAKLY_PREDICTIVE|def:WEAKLY_PREDICTIVE","MEDIUM","MODELED"
2026,2,"pressure_allowed_vs_pressure_generated","ARI","CLE",-0.0127,-0.0127,0.7742,0.3548,0.129,"off:WEAKLY_PREDICTIVE|def:WEAKLY_PREDICTIVE","MEDIUM","MODELED"
2026,2,"pressure_allowed_vs_pressure_generated","ARI","DAL",-0.0127,-0.0204,0.7742,0.1935,-0.0323,"off:WEAKLY_PREDICTIVE|def:WEAKLY_PREDICTIVE","MEDIUM","MODELED"
2026,2,"pressure_allowed_vs_pressure_generated","ARI","DEN",-0.0127,0.0215,0.7742,0.8065,0.5806,"off:WEAKLY_PREDICTIVE|def:WEAKLY_PREDICTIVE","MEDIUM","MODELED"
2026,2,"pressure_allowed_vs_pressure_generated","ARI","DET",-0.0127,0.0415,0.7742,0.9677,0.7419,"off:WEAKLY_PREDICTIVE|def:WEAKLY_PREDICTIVE","MEDIUM","MODELED"
2026,2,"pressure_allowed_vs_pressure_generated","ARI","GB",-0.0127,0.0133,0.7742,0.6774,0.4516,"off:WEAKLY_PREDICTIVE|def:WEAKLY_PREDICTIVE","MEDIUM","MODELED"
2026,2,"pressure_allowed_vs_pressure_generated","ARI","HOU",-0.0127,-0.0074,0.7742,0.4516,0.2258,"off:WEAKLY_PREDICTIVE|def:WEAKLY_PREDICTIVE","MEDIUM","MODELED"
2026,2,"pressure_allowed_vs_pressure_generated","ARI","IND",-0.0127,-0.0107,0.7742,0.3871,0.1613,"off:WEAKLY_PREDICTIVE|def:WEAKLY_PREDICTIVE","MEDIUM","MODELED"
2026,2,"pressure_allowed_vs_pressure_generated","ARI","JAX",-0.0127,-0.0139,0.7742,0.2903,0.0645,"off:WEAKLY_PREDICTIVE|def:WEAKLY_PREDICTIVE","MEDIUM","MODELED"
2026,2,"pressure_allowed_vs_pressure_generated","ARI","KC",-0.0127,0.0134,0.7742,0.7097,0.4839,"off:WEAKLY_PREDICTIVE|def:WEAKLY_PREDICTIVE","MEDIUM","MODELED"
2026,2,"pressure_allowed_vs_pressure_generated","ARI","LAC",-0.0127,0.0126,0.7742,0.6452,0.4194,"off:WEAKLY_PREDICTIVE|def:WEAKLY_PREDICTIVE","MEDIUM","MODELED"
2026,2,"pressure_allowed_vs_pressure_generated","ARI","LAR",-0.0127,-0.0103,0.7742,0.4194,0.1935,"off:WEAKLY_PREDICTIVE|def:WEAKLY_PREDICTIVE","MEDIUM","MODELED"
2026,2,"pressure_allowed_vs_pressure_generated","ARI","LV",-0.0127,0.0322,0.7742,0.9032,0.6774,"off:WEAKLY_PREDICTIVE|def:WEAKLY_PREDICTIVE","MEDIUM","MODELED"
2026,2,"pressure_allowed_vs_pressure_generated","ARI","MIA",-0.0127,-0.0262,0.7742,0.0968,-0.129,"off:WEAKLY_PREDICTIVE|def:WEAKLY_PREDICTIVE","MEDIUM","MODELED"
2026,2,"pressure_allowed_vs_pressure_generated","ARI","MIN",-0.0127,0.0519,0.7742,1,0.7742,"off:WEAKLY_PREDICTIVE|def:WEAKLY_PREDICTIVE","MEDIUM","MODELED"
2026,2,"pressure_allowed_vs_pressure_generated","ARI","NE",-0.0127,0.0109,0.7742,0.6129,0.3871,"off:WEAKLY_PREDICTIVE|def:WEAKLY_PREDICTIVE","MEDIUM","MODELED"
2026,2,"pressure_allowed_vs_pressure_generated","ARI","NO",-0.0127,6e-04,0.7742,0.5161,0.2903,"off:WEAKLY_PREDICTIVE|def:WEAKLY_PREDICTIVE","MEDIUM","MODELED"
2026,2,"pressure_allowed_vs_pressure_generated","ARI","NYG",-0.0127,-0.0443,0.7742,0,-0.2258,"off:WEAKLY_PREDICTIVE|def:WEAKLY_PREDICTIVE","MEDIUM","MODELED"
2026,2,"pressure_allowed_vs_pressure_generated","ARI","NYJ",-0.0127,-0.0222,0.7742,0.1613,-0.0645,"off:WEAKLY_PREDICTIVE|def:WEAKLY_PREDICTIVE","MEDIUM","MODELED"
2026,2,"pressure_allowed_vs_pressure_generated","ARI","PHI",-0.0127,-0.0291,0.7742,0.0645,-0.1613,"off:WEAKLY_PREDICTIVE|def:WEAKLY_PREDICTIVE","MEDIUM","MODELED"
2026,2,"pressure_allowed_vs_pressure_generated","ARI","PIT",-0.0127,0.0277,0.7742,0.871,0.6452,"off:WEAKLY_PREDICTIVE|def:WEAKLY_PREDICTIVE","MEDIUM","MODELED"
2026,2,"pressure_allowed_vs_pressure_generated","ARI","SEA",-0.0127,0.0269,0.7742,0.8387,0.6129,"off:WEAKLY_PREDICTIVE|def:WEAKLY_PREDICTIVE","MEDIUM","MODELED"
2026,2,"pressure_allowed_vs_pressure_generated","ARI","SF",-0.0127,0.0055,0.7742,0.5806,0.3548,"off:WEAKLY_PREDICTIVE|def:WEAKLY_PREDICTIVE","MEDIUM","MODELED"
2026,2,"pressure_allowed_vs_pressure_generated","ARI","TB",-0.0127,-0.0432,0.7742,0.0323,-0.1935,"off:WEAKLY_PREDICTIVE|def:WEAKLY_PREDICTIVE","MEDIUM","MODELED"
2026,2,"pressure_allowed_vs_pressure_generated","ARI","TEN",-0.0127,-0.0182,0.7742,0.2581,0.0323,"off:WEAKLY_PREDICTIVE|def:WEAKLY_PREDICTIVE","MEDIUM","MODELED"
2026,2,"pressure_allowed_vs_pressure_generated","ARI","WAS",-0.0127,-0.0227,0.7742,0.129,-0.0968,"off:WEAKLY_PREDICTIVE|def:WEAKLY_PREDICTIVE","MEDIUM","MODELED"
2026,2,"pressure_allowed_vs_pressure_generated","ATL","ARI",-0.0135,-0.0199,0.8065,0.2258,0.0323,"off:WEAKLY_PREDICTIVE|def:WEAKLY_PREDICTIVE","MEDIUM","MODELED"
2026,2,"pressure_allowed_vs_pressure_generated","ATL","BAL",-0.0135,0.0324,0.8065,0.9355,0.7419,"off:WEAKLY_PREDICTIVE|def:WEAKLY_PREDICTIVE","MEDIUM","MODELED"
2026,2,"pressure_allowed_vs_pressure_generated","ATL","BUF",-0.0135,0.0201,0.8065,0.7742,0.5806,"off:WEAKLY_PREDICTIVE|def:WEAKLY_PREDICTIVE","MEDIUM","MODELED"
2026,2,"pressure_allowed_vs_pressure_generated","ATL","CAR",-0.0135,-6e-04,0.8065,0.4839,0.2903,"off:WEAKLY_PREDICTIVE|def:WEAKLY_PREDICTIVE","MEDIUM","MODELED"
2026,2,"pressure_allowed_vs_pressure_generated","ATL","CHI",-0.0135,0.0032,0.8065,0.5484,0.3548,"off:WEAKLY_PREDICTIVE|def:WEAKLY_PREDICTIVE","MEDIUM","MODELED"
2026,2,"pressure_allowed_vs_pressure_generated","ATL","CIN",-0.0135,-0.0133,0.8065,0.3226,0.129,"off:WEAKLY_PREDICTIVE|def:WEAKLY_PREDICTIVE","MEDIUM","MODELED"
2026,2,"pressure_allowed_vs_pressure_generated","ATL","CLE",-0.0135,-0.0127,0.8065,0.3548,0.1613,"off:WEAKLY_PREDICTIVE|def:WEAKLY_PREDICTIVE","MEDIUM","MODELED"
2026,2,"pressure_allowed_vs_pressure_generated","ATL","DAL",-0.0135,-0.0204,0.8065,0.1935,0,"off:WEAKLY_PREDICTIVE|def:WEAKLY_PREDICTIVE","MEDIUM","MODELED"
2026,2,"pressure_allowed_vs_pressure_generated","ATL","DEN",-0.0135,0.0215,0.8065,0.8065,0.6129,"off:WEAKLY_PREDICTIVE|def:WEAKLY_PREDICTIVE","MEDIUM","MODELED"
2026,2,"pressure_allowed_vs_pressure_generated","ATL","DET",-0.0135,0.0415,0.8065,0.9677,0.7742,"off:WEAKLY_PREDICTIVE|def:WEAKLY_PREDICTIVE","MEDIUM","MODELED"
2026,2,"pressure_allowed_vs_pressure_generated","ATL","GB",-0.0135,0.0133,0.8065,0.6774,0.4839,"off:WEAKLY_PREDICTIVE|def:WEAKLY_PREDICTIVE","MEDIUM","MODELED"
2026,2,"pressure_allowed_vs_pressure_generated","ATL","HOU",-0.0135,-0.0074,0.8065,0.4516,0.2581,"off:WEAKLY_PREDICTIVE|def:WEAKLY_PREDICTIVE","MEDIUM","MODELED"
2026,2,"pressure_allowed_vs_pressure_generated","ATL","IND",-0.0135,-0.0107,0.8065,0.3871,0.1935,"off:WEAKLY_PREDICTIVE|def:WEAKLY_PREDICTIVE","MEDIUM","MODELED"
2026,2,"pressure_allowed_vs_pressure_generated","ATL","JAX",-0.0135,-0.0139,0.8065,0.2903,0.0968,"off:WEAKLY_PREDICTIVE|def:WEAKLY_PREDICTIVE","MEDIUM","MODELED"
2026,2,"pressure_allowed_vs_pressure_generated","ATL","KC",-0.0135,0.0134,0.8065,0.7097,0.5161,"off:WEAKLY_PREDICTIVE|def:WEAKLY_PREDICTIVE","MEDIUM","MODELED"
2026,2,"pressure_allowed_vs_pressure_generated","ATL","LAC",-0.0135,0.0126,0.8065,0.6452,0.4516,"off:WEAKLY_PREDICTIVE|def:WEAKLY_PREDICTIVE","MEDIUM","MODELED"
2026,2,"pressure_allowed_vs_pressure_generated","ATL","LAR",-0.0135,-0.0103,0.8065,0.4194,0.2258,"off:WEAKLY_PREDICTIVE|def:WEAKLY_PREDICTIVE","MEDIUM","MODELED"
2026,2,"pressure_allowed_vs_pressure_generated","ATL","LV",-0.0135,0.0322,0.8065,0.9032,0.7097,"off:WEAKLY_PREDICTIVE|def:WEAKLY_PREDICTIVE","MEDIUM","MODELED"
2026,2,"pressure_allowed_vs_pressure_generated","ATL","MIA",-0.0135,-0.0262,0.8065,0.0968,-0.0968,"off:WEAKLY_PREDICTIVE|def:WEAKLY_PREDICTIVE","MEDIUM","MODELED"
2026,2,"pressure_allowed_vs_pressure_generated","ATL","MIN",-0.0135,0.0519,0.8065,1,0.8065,"off:WEAKLY_PREDICTIVE|def:WEAKLY_PREDICTIVE","MEDIUM","MODELED"
2026,2,"pressure_allowed_vs_pressure_generated","ATL","NE",-0.0135,0.0109,0.8065,0.6129,0.4194,"off:WEAKLY_PREDICTIVE|def:WEAKLY_PREDICTIVE","MEDIUM","MODELED"
2026,2,"pressure_allowed_vs_pressure_generated","ATL","NO",-0.0135,6e-04,0.8065,0.5161,0.3226,"off:WEAKLY_PREDICTIVE|def:WEAKLY_PREDICTIVE","MEDIUM","MODELED"
2026,2,"pressure_allowed_vs_pressure_generated","ATL","NYG",-0.0135,-0.0443,0.8065,0,-0.1935,"off:WEAKLY_PREDICTIVE|def:WEAKLY_PREDICTIVE","MEDIUM","MODELED"
2026,2,"pressure_allowed_vs_pressure_generated","ATL","NYJ",-0.0135,-0.0222,0.8065,0.1613,-0.0323,"off:WEAKLY_PREDICTIVE|def:WEAKLY_PREDICTIVE","MEDIUM","MODELED"
2026,2,"pressure_allowed_vs_pressure_generated","ATL","PHI",-0.0135,-0.0291,0.8065,0.0645,-0.129,"off:WEAKLY_PREDICTIVE|def:WEAKLY_PREDICTIVE","MEDIUM","MODELED"
2026,2,"pressure_allowed_vs_pressure_generated","ATL","PIT",-0.0135,0.0277,0.8065,0.871,0.6774,"off:WEAKLY_PREDICTIVE|def:WEAKLY_PREDICTIVE","MEDIUM","MODELED"
2026,2,"pressure_allowed_vs_pressure_generated","ATL","SEA",-0.0135,0.0269,0.8065,0.8387,0.6452,"off:WEAKLY_PREDICTIVE|def:WEAKLY_PREDICTIVE","MEDIUM","MODELED"
2026,2,"pressure_allowed_vs_pressure_generated","ATL","SF",-0.0135,0.0055,0.8065,0.5806,0.3871,"off:WEAKLY_PREDICTIVE|def:WEAKLY_PREDICTIVE","MEDIUM","MODELED"
2026,2,"pressure_allowed_vs_pressure_generated","ATL","TB",-0.0135,-0.0432,0.8065,0.0323,-0.1613,"off:WEAKLY_PREDICTIVE|def:WEAKLY_PREDICTIVE","MEDIUM","MODELED"
2026,2,"pressure_allowed_vs_pressure_generated","ATL","TEN",-0.0135,-0.0182,0.8065,0.2581,0.0645,"off:WEAKLY_PREDICTIVE|def:WEAKLY_PREDICTIVE","MEDIUM","MODELED"
2026,2,"pressure_allowed_vs_pressure_generated","ATL","WAS",-0.0135,-0.0227,0.8065,0.129,-0.0645,"off:WEAKLY_PREDICTIVE|def:WEAKLY_PREDICTIVE","MEDIUM","MODELED"
2026,2,"pressure_allowed_vs_pressure_generated","BAL","ARI",-0.0125,-0.0199,0.7419,0.2258,-0.0323,"off:WEAKLY_PREDICTIVE|def:WEAKLY_PREDICTIVE","MEDIUM","MODELED"
2026,2,"pressure_allowed_vs_pressure_generated","BAL","ATL",-0.0125,0.0135,0.7419,0.7419,0.4839,"off:WEAKLY_PREDICTIVE|def:WEAKLY_PREDICTIVE","MEDIUM","MODELED"
2026,2,"pressure_allowed_vs_pressure_generated","BAL","BUF",-0.0125,0.0201,0.7419,0.7742,0.5161,"off:WEAKLY_PREDICTIVE|def:WEAKLY_PREDICTIVE","MEDIUM","MODELED"
2026,2,"pressure_allowed_vs_pressure_generated","BAL","CAR",-0.0125,-6e-04,0.7419,0.4839,0.2258,"off:WEAKLY_PREDICTIVE|def:WEAKLY_PREDICTIVE","MEDIUM","MODELED"
2026,2,"pressure_allowed_vs_pressure_generated","BAL","CHI",-0.0125,0.0032,0.7419,0.5484,0.2903,"off:WEAKLY_PREDICTIVE|def:WEAKLY_PREDICTIVE","MEDIUM","MODELED"
2026,2,"pressure_allowed_vs_pressure_generated","BAL","CIN",-0.0125,-0.0133,0.7419,0.3226,0.0645,"off:WEAKLY_PREDICTIVE|def:WEAKLY_PREDICTIVE","MEDIUM","MODELED"
2026,2,"pressure_allowed_vs_pressure_generated","BAL","CLE",-0.0125,-0.0127,0.7419,0.3548,0.0968,"off:WEAKLY_PREDICTIVE|def:WEAKLY_PREDICTIVE","MEDIUM","MODELED"
2026,2,"pressure_allowed_vs_pressure_generated","BAL","DAL",-0.0125,-0.0204,0.7419,0.1935,-0.0645,"off:WEAKLY_PREDICTIVE|def:WEAKLY_PREDICTIVE","MEDIUM","MODELED"
2026,2,"pressure_allowed_vs_pressure_generated","BAL","DEN",-0.0125,0.0215,0.7419,0.8065,0.5484,"off:WEAKLY_PREDICTIVE|def:WEAKLY_PREDICTIVE","MEDIUM","MODELED"
2026,2,"pressure_allowed_vs_pressure_generated","BAL","DET",-0.0125,0.0415,0.7419,0.9677,0.7097,"off:WEAKLY_PREDICTIVE|def:WEAKLY_PREDICTIVE","MEDIUM","MODELED"
2026,2,"pressure_allowed_vs_pressure_generated","BAL","GB",-0.0125,0.0133,0.7419,0.6774,0.4194,"off:WEAKLY_PREDICTIVE|def:WEAKLY_PREDICTIVE","MEDIUM","MODELED"
2026,2,"pressure_allowed_vs_pressure_generated","BAL","HOU",-0.0125,-0.0074,0.7419,0.4516,0.1935,"off:WEAKLY_PREDICTIVE|def:WEAKLY_PREDICTIVE","MEDIUM","MODELED"
2026,2,"pressure_allowed_vs_pressure_generated","BAL","IND",-0.0125,-0.0107,0.7419,0.3871,0.129,"off:WEAKLY_PREDICTIVE|def:WEAKLY_PREDICTIVE","MEDIUM","MODELED"
2026,2,"pressure_allowed_vs_pressure_generated","BAL","JAX",-0.0125,-0.0139,0.7419,0.2903,0.0323,"off:WEAKLY_PREDICTIVE|def:WEAKLY_PREDICTIVE","MEDIUM","MODELED"
2026,2,"pressure_allowed_vs_pressure_generated","BAL","KC",-0.0125,0.0134,0.7419,0.7097,0.4516,"off:WEAKLY_PREDICTIVE|def:WEAKLY_PREDICTIVE","MEDIUM","MODELED"
2026,2,"pressure_allowed_vs_pressure_generated","BAL","LAC",-0.0125,0.0126,0.7419,0.6452,0.3871,"off:WEAKLY_PREDICTIVE|def:WEAKLY_PREDICTIVE","MEDIUM","MODELED"
2026,2,"pressure_allowed_vs_pressure_generated","BAL","LAR",-0.0125,-0.0103,0.7419,0.4194,0.1613,"off:WEAKLY_PREDICTIVE|def:WEAKLY_PREDICTIVE","MEDIUM","MODELED"
2026,2,"pressure_allowed_vs_pressure_generated","BAL","LV",-0.0125,0.0322,0.7419,0.9032,0.6452,"off:WEAKLY_PREDICTIVE|def:WEAKLY_PREDICTIVE","MEDIUM","MODELED"
2026,2,"pressure_allowed_vs_pressure_generated","BAL","MIA",-0.0125,-0.0262,0.7419,0.0968,-0.1613,"off:WEAKLY_PREDICTIVE|def:WEAKLY_PREDICTIVE","MEDIUM","MODELED"
2026,2,"pressure_allowed_vs_pressure_generated","BAL","MIN",-0.0125,0.0519,0.7419,1,0.7419,"off:WEAKLY_PREDICTIVE|def:WEAKLY_PREDICTIVE","MEDIUM","MODELED"
2026,2,"pressure_allowed_vs_pressure_generated","BAL","NE",-0.0125,0.0109,0.7419,0.6129,0.3548,"off:WEAKLY_PREDICTIVE|def:WEAKLY_PREDICTIVE","MEDIUM","MODELED"
2026,2,"pressure_allowed_vs_pressure_generated","BAL","NO",-0.0125,6e-04,0.7419,0.5161,0.2581,"off:WEAKLY_PREDICTIVE|def:WEAKLY_PREDICTIVE","MEDIUM","MODELED"
2026,2,"pressure_allowed_vs_pressure_generated","BAL","NYG",-0.0125,-0.0443,0.7419,0,-0.2581,"off:WEAKLY_PREDICTIVE|def:WEAKLY_PREDICTIVE","MEDIUM","MODELED"
2026,2,"pressure_allowed_vs_pressure_generated","BAL","NYJ",-0.0125,-0.0222,0.7419,0.1613,-0.0968,"off:WEAKLY_PREDICTIVE|def:WEAKLY_PREDICTIVE","MEDIUM","MODELED"
2026,2,"pressure_allowed_vs_pressure_generated","BAL","PHI",-0.0125,-0.0291,0.7419,0.0645,-0.1935,"off:WEAKLY_PREDICTIVE|def:WEAKLY_PREDICTIVE","MEDIUM","MODELED"
2026,2,"pressure_allowed_vs_pressure_generated","BAL","PIT",-0.0125,0.0277,0.7419,0.871,0.6129,"off:WEAKLY_PREDICTIVE|def:WEAKLY_PREDICTIVE","MEDIUM","MODELED"
2026,2,"pressure_allowed_vs_pressure_generated","BAL","SEA",-0.0125,0.0269,0.7419,0.8387,0.5806,"off:WEAKLY_PREDICTIVE|def:WEAKLY_PREDICTIVE","MEDIUM","MODELED"
2026,2,"pressure_allowed_vs_pressure_generated","BAL","SF",-0.0125,0.0055,0.7419,0.5806,0.3226,"off:WEAKLY_PREDICTIVE|def:WEAKLY_PREDICTIVE","MEDIUM","MODELED"
2026,2,"pressure_allowed_vs_pressure_generated","BAL","TB",-0.0125,-0.0432,0.7419,0.0323,-0.2258,"off:WEAKLY_PREDICTIVE|def:WEAKLY_PREDICTIVE","MEDIUM","MODELED"
2026,2,"pressure_allowed_vs_pressure_generated","BAL","TEN",-0.0125,-0.0182,0.7419,0.2581,0,"off:WEAKLY_PREDICTIVE|def:WEAKLY_PREDICTIVE","MEDIUM","MODELED"
2026,2,"pressure_allowed_vs_pressure_generated","BAL","WAS",-0.0125,-0.0227,0.7419,0.129,-0.129,"off:WEAKLY_PREDICTIVE|def:WEAKLY_PREDICTIVE","MEDIUM","MODELED"
2026,2,"pressure_allowed_vs_pressure_generated","BUF","ARI",-0.0217,-0.0199,0.9032,0.2258,0.129,"off:WEAKLY_PREDICTIVE|def:WEAKLY_PREDICTIVE","MEDIUM","MODELED"
2026,2,"pressure_allowed_vs_pressure_generated","BUF","ATL",-0.0217,0.0135,0.9032,0.7419,0.6452,"off:WEAKLY_PREDICTIVE|def:WEAKLY_PREDICTIVE","MEDIUM","MODELED"
2026,2,"pressure_allowed_vs_pressure_generated","BUF","BAL",-0.0217,0.0324,0.9032,0.9355,0.8387,"off:WEAKLY_PREDICTIVE|def:WEAKLY_PREDICTIVE","MEDIUM","MODELED"
2026,2,"pressure_allowed_vs_pressure_generated","BUF","CAR",-0.0217,-6e-04,0.9032,0.4839,0.3871,"off:WEAKLY_PREDICTIVE|def:WEAKLY_PREDICTIVE","MEDIUM","MODELED"
2026,2,"pressure_allowed_vs_pressure_generated","BUF","CHI",-0.0217,0.0032,0.9032,0.5484,0.4516,"off:WEAKLY_PREDICTIVE|def:WEAKLY_PREDICTIVE","MEDIUM","MODELED"
2026,2,"pressure_allowed_vs_pressure_generated","BUF","CIN",-0.0217,-0.0133,0.9032,0.3226,0.2258,"off:WEAKLY_PREDICTIVE|def:WEAKLY_PREDICTIVE","MEDIUM","MODELED"
2026,2,"pressure_allowed_vs_pressure_generated","BUF","CLE",-0.0217,-0.0127,0.9032,0.3548,0.2581,"off:WEAKLY_PREDICTIVE|def:WEAKLY_PREDICTIVE","MEDIUM","MODELED"
2026,2,"pressure_allowed_vs_pressure_generated","BUF","DAL",-0.0217,-0.0204,0.9032,0.1935,0.0968,"off:WEAKLY_PREDICTIVE|def:WEAKLY_PREDICTIVE","MEDIUM","MODELED"
2026,2,"pressure_allowed_vs_pressure_generated","BUF","DEN",-0.0217,0.0215,0.9032,0.8065,0.7097,"off:WEAKLY_PREDICTIVE|def:WEAKLY_PREDICTIVE","MEDIUM","MODELED"
2026,2,"pressure_allowed_vs_pressure_generated","BUF","DET",-0.0217,0.0415,0.9032,0.9677,0.871,"off:WEAKLY_PREDICTIVE|def:WEAKLY_PREDICTIVE","MEDIUM","MODELED"
2026,2,"pressure_allowed_vs_pressure_generated","BUF","GB",-0.0217,0.0133,0.9032,0.6774,0.5806,"off:WEAKLY_PREDICTIVE|def:WEAKLY_PREDICTIVE","MEDIUM","MODELED"
2026,2,"pressure_allowed_vs_pressure_generated","BUF","HOU",-0.0217,-0.0074,0.9032,0.4516,0.3548,"off:WEAKLY_PREDICTIVE|def:WEAKLY_PREDICTIVE","MEDIUM","MODELED"
2026,2,"pressure_allowed_vs_pressure_generated","BUF","IND",-0.0217,-0.0107,0.9032,0.3871,0.2903,"off:WEAKLY_PREDICTIVE|def:WEAKLY_PREDICTIVE","MEDIUM","MODELED"
2026,2,"pressure_allowed_vs_pressure_generated","BUF","JAX",-0.0217,-0.0139,0.9032,0.2903,0.1935,"off:WEAKLY_PREDICTIVE|def:WEAKLY_PREDICTIVE","MEDIUM","MODELED"
2026,2,"pressure_allowed_vs_pressure_generated","BUF","KC",-0.0217,0.0134,0.9032,0.7097,0.6129,"off:WEAKLY_PREDICTIVE|def:WEAKLY_PREDICTIVE","MEDIUM","MODELED"
2026,2,"pressure_allowed_vs_pressure_generated","BUF","LAC",-0.0217,0.0126,0.9032,0.6452,0.5484,"off:WEAKLY_PREDICTIVE|def:WEAKLY_PREDICTIVE","MEDIUM","MODELED"
2026,2,"pressure_allowed_vs_pressure_generated","BUF","LAR",-0.0217,-0.0103,0.9032,0.4194,0.3226,"off:WEAKLY_PREDICTIVE|def:WEAKLY_PREDICTIVE","MEDIUM","MODELED"
2026,2,"pressure_allowed_vs_pressure_generated","BUF","LV",-0.0217,0.0322,0.9032,0.9032,0.8065,"off:WEAKLY_PREDICTIVE|def:WEAKLY_PREDICTIVE","MEDIUM","MODELED"
2026,2,"pressure_allowed_vs_pressure_generated","BUF","MIA",-0.0217,-0.0262,0.9032,0.0968,0,"off:WEAKLY_PREDICTIVE|def:WEAKLY_PREDICTIVE","MEDIUM","MODELED"
2026,2,"pressure_allowed_vs_pressure_generated","BUF","MIN",-0.0217,0.0519,0.9032,1,0.9032,"off:WEAKLY_PREDICTIVE|def:WEAKLY_PREDICTIVE","MEDIUM","MODELED"
2026,2,"pressure_allowed_vs_pressure_generated","BUF","NE",-0.0217,0.0109,0.9032,0.6129,0.5161,"off:WEAKLY_PREDICTIVE|def:WEAKLY_PREDICTIVE","MEDIUM","MODELED"
2026,2,"pressure_allowed_vs_pressure_generated","BUF","NO",-0.0217,6e-04,0.9032,0.5161,0.4194,"off:WEAKLY_PREDICTIVE|def:WEAKLY_PREDICTIVE","MEDIUM","MODELED"
2026,2,"pressure_allowed_vs_pressure_generated","BUF","NYG",-0.0217,-0.0443,0.9032,0,-0.0968,"off:WEAKLY_PREDICTIVE|def:WEAKLY_PREDICTIVE","MEDIUM","MODELED"
2026,2,"pressure_allowed_vs_pressure_generated","BUF","NYJ",-0.0217,-0.0222,0.9032,0.1613,0.0645,"off:WEAKLY_PREDICTIVE|def:WEAKLY_PREDICTIVE","MEDIUM","MODELED"
2026,2,"pressure_allowed_vs_pressure_generated","BUF","PHI",-0.0217,-0.0291,0.9032,0.0645,-0.0323,"off:WEAKLY_PREDICTIVE|def:WEAKLY_PREDICTIVE","MEDIUM","MODELED"
2026,2,"pressure_allowed_vs_pressure_generated","BUF","PIT",-0.0217,0.0277,0.9032,0.871,0.7742,"off:WEAKLY_PREDICTIVE|def:WEAKLY_PREDICTIVE","MEDIUM","MODELED"
2026,2,"pressure_allowed_vs_pressure_generated","BUF","SEA",-0.0217,0.0269,0.9032,0.8387,0.7419,"off:WEAKLY_PREDICTIVE|def:WEAKLY_PREDICTIVE","MEDIUM","MODELED"
2026,2,"pressure_allowed_vs_pressure_generated","BUF","SF",-0.0217,0.0055,0.9032,0.5806,0.4839,"off:WEAKLY_PREDICTIVE|def:WEAKLY_PREDICTIVE","MEDIUM","MODELED"
2026,2,"pressure_allowed_vs_pressure_generated","BUF","TB",-0.0217,-0.0432,0.9032,0.0323,-0.0645,"off:WEAKLY_PREDICTIVE|def:WEAKLY_PREDICTIVE","MEDIUM","MODELED"
2026,2,"pressure_allowed_vs_pressure_generated","BUF","TEN",-0.0217,-0.0182,0.9032,0.2581,0.1613,"off:WEAKLY_PREDICTIVE|def:WEAKLY_PREDICTIVE","MEDIUM","MODELED"
2026,2,"pressure_allowed_vs_pressure_generated","BUF","WAS",-0.0217,-0.0227,0.9032,0.129,0.0323,"off:WEAKLY_PREDICTIVE|def:WEAKLY_PREDICTIVE","MEDIUM","MODELED"
2026,2,"pressure_allowed_vs_pressure_generated","CAR","ARI",-0.018,-0.0199,0.871,0.2258,0.0968,"off:WEAKLY_PREDICTIVE|def:WEAKLY_PREDICTIVE","MEDIUM","MODELED"
2026,2,"pressure_allowed_vs_pressure_generated","CAR","ATL",-0.018,0.0135,0.871,0.7419,0.6129,"off:WEAKLY_PREDICTIVE|def:WEAKLY_PREDICTIVE","MEDIUM","MODELED"
2026,2,"pressure_allowed_vs_pressure_generated","CAR","BAL",-0.018,0.0324,0.871,0.9355,0.8065,"off:WEAKLY_PREDICTIVE|def:WEAKLY_PREDICTIVE","MEDIUM","MODELED"
2026,2,"pressure_allowed_vs_pressure_generated","CAR","BUF",-0.018,0.0201,0.871,0.7742,0.6452,"off:WEAKLY_PREDICTIVE|def:WEAKLY_PREDICTIVE","MEDIUM","MODELED"
2026,2,"pressure_allowed_vs_pressure_generated","CAR","CHI",-0.018,0.0032,0.871,0.5484,0.4194,"off:WEAKLY_PREDICTIVE|def:WEAKLY_PREDICTIVE","MEDIUM","MODELED"
2026,2,"pressure_allowed_vs_pressure_generated","CAR","CIN",-0.018,-0.0133,0.871,0.3226,0.1935,"off:WEAKLY_PREDICTIVE|def:WEAKLY_PREDICTIVE","MEDIUM","MODELED"
2026,2,"pressure_allowed_vs_pressure_generated","CAR","CLE",-0.018,-0.0127,0.871,0.3548,0.2258,"off:WEAKLY_PREDICTIVE|def:WEAKLY_PREDICTIVE","MEDIUM","MODELED"
2026,2,"pressure_allowed_vs_pressure_generated","CAR","DAL",-0.018,-0.0204,0.871,0.1935,0.0645,"off:WEAKLY_PREDICTIVE|def:WEAKLY_PREDICTIVE","MEDIUM","MODELED"
2026,2,"pressure_allowed_vs_pressure_generated","CAR","DEN",-0.018,0.0215,0.871,0.8065,0.6774,"off:WEAKLY_PREDICTIVE|def:WEAKLY_PREDICTIVE","MEDIUM","MODELED"
2026,2,"pressure_allowed_vs_pressure_generated","CAR","DET",-0.018,0.0415,0.871,0.9677,0.8387,"off:WEAKLY_PREDICTIVE|def:WEAKLY_PREDICTIVE","MEDIUM","MODELED"
2026,2,"pressure_allowed_vs_pressure_generated","CAR","GB",-0.018,0.0133,0.871,0.6774,0.5484,"off:WEAKLY_PREDICTIVE|def:WEAKLY_PREDICTIVE","MEDIUM","MODELED"
2026,2,"pressure_allowed_vs_pressure_generated","CAR","HOU",-0.018,-0.0074,0.871,0.4516,0.3226,"off:WEAKLY_PREDICTIVE|def:WEAKLY_PREDICTIVE","MEDIUM","MODELED"
2026,2,"pressure_allowed_vs_pressure_generated","CAR","IND",-0.018,-0.0107,0.871,0.3871,0.2581,"off:WEAKLY_PREDICTIVE|def:WEAKLY_PREDICTIVE","MEDIUM","MODELED"
2026,2,"pressure_allowed_vs_pressure_generated","CAR","JAX",-0.018,-0.0139,0.871,0.2903,0.1613,"off:WEAKLY_PREDICTIVE|def:WEAKLY_PREDICTIVE","MEDIUM","MODELED"
2026,2,"pressure_allowed_vs_pressure_generated","CAR","KC",-0.018,0.0134,0.871,0.7097,0.5806,"off:WEAKLY_PREDICTIVE|def:WEAKLY_PREDICTIVE","MEDIUM","MODELED"
2026,2,"pressure_allowed_vs_pressure_generated","CAR","LAC",-0.018,0.0126,0.871,0.6452,0.5161,"off:WEAKLY_PREDICTIVE|def:WEAKLY_PREDICTIVE","MEDIUM","MODELED"
2026,2,"pressure_allowed_vs_pressure_generated","CAR","LAR",-0.018,-0.0103,0.871,0.4194,0.2903,"off:WEAKLY_PREDICTIVE|def:WEAKLY_PREDICTIVE","MEDIUM","MODELED"
2026,2,"pressure_allowed_vs_pressure_generated","CAR","LV",-0.018,0.0322,0.871,0.9032,0.7742,"off:WEAKLY_PREDICTIVE|def:WEAKLY_PREDICTIVE","MEDIUM","MODELED"
2026,2,"pressure_allowed_vs_pressure_generated","CAR","MIA",-0.018,-0.0262,0.871,0.0968,-0.0323,"off:WEAKLY_PREDICTIVE|def:WEAKLY_PREDICTIVE","MEDIUM","MODELED"
2026,2,"pressure_allowed_vs_pressure_generated","CAR","MIN",-0.018,0.0519,0.871,1,0.871,"off:WEAKLY_PREDICTIVE|def:WEAKLY_PREDICTIVE","MEDIUM","MODELED"
2026,2,"pressure_allowed_vs_pressure_generated","CAR","NE",-0.018,0.0109,0.871,0.6129,0.4839,"off:WEAKLY_PREDICTIVE|def:WEAKLY_PREDICTIVE","MEDIUM","MODELED"
2026,2,"pressure_allowed_vs_pressure_generated","CAR","NO",-0.018,6e-04,0.871,0.5161,0.3871,"off:WEAKLY_PREDICTIVE|def:WEAKLY_PREDICTIVE","MEDIUM","MODELED"
2026,2,"pressure_allowed_vs_pressure_generated","CAR","NYG",-0.018,-0.0443,0.871,0,-0.129,"off:WEAKLY_PREDICTIVE|def:WEAKLY_PREDICTIVE","MEDIUM","MODELED"
2026,2,"pressure_allowed_vs_pressure_generated","CAR","NYJ",-0.018,-0.0222,0.871,0.1613,0.0323,"off:WEAKLY_PREDICTIVE|def:WEAKLY_PREDICTIVE","MEDIUM","MODELED"
2026,2,"pressure_allowed_vs_pressure_generated","CAR","PHI",-0.018,-0.0291,0.871,0.0645,-0.0645,"off:WEAKLY_PREDICTIVE|def:WEAKLY_PREDICTIVE","MEDIUM","MODELED"
2026,2,"pressure_allowed_vs_pressure_generated","CAR","PIT",-0.018,0.0277,0.871,0.871,0.7419,"off:WEAKLY_PREDICTIVE|def:WEAKLY_PREDICTIVE","MEDIUM","MODELED"
2026,2,"pressure_allowed_vs_pressure_generated","CAR","SEA",-0.018,0.0269,0.871,0.8387,0.7097,"off:WEAKLY_PREDICTIVE|def:WEAKLY_PREDICTIVE","MEDIUM","MODELED"
2026,2,"pressure_allowed_vs_pressure_generated","CAR","SF",-0.018,0.0055,0.871,0.5806,0.4516,"off:WEAKLY_PREDICTIVE|def:WEAKLY_PREDICTIVE","MEDIUM","MODELED"
2026,2,"pressure_allowed_vs_pressure_generated","CAR","TB",-0.018,-0.0432,0.871,0.0323,-0.0968,"off:WEAKLY_PREDICTIVE|def:WEAKLY_PREDICTIVE","MEDIUM","MODELED"
2026,2,"pressure_allowed_vs_pressure_generated","CAR","TEN",-0.018,-0.0182,0.871,0.2581,0.129,"off:WEAKLY_PREDICTIVE|def:WEAKLY_PREDICTIVE","MEDIUM","MODELED"
2026,2,"pressure_allowed_vs_pressure_generated","CAR","WAS",-0.018,-0.0227,0.871,0.129,0,"off:WEAKLY_PREDICTIVE|def:WEAKLY_PREDICTIVE","MEDIUM","MODELED"
2026,2,"pressure_allowed_vs_pressure_generated","CHI","ARI",-0.0284,-0.0199,0.9677,0.2258,0.1935,"off:WEAKLY_PREDICTIVE|def:WEAKLY_PREDICTIVE","MEDIUM","MODELED"
2026,2,"pressure_allowed_vs_pressure_generated","CHI","ATL",-0.0284,0.0135,0.9677,0.7419,0.7097,"off:WEAKLY_PREDICTIVE|def:WEAKLY_PREDICTIVE","MEDIUM","MODELED"
2026,2,"pressure_allowed_vs_pressure_generated","CHI","BAL",-0.0284,0.0324,0.9677,0.9355,0.9032,"off:WEAKLY_PREDICTIVE|def:WEAKLY_PREDICTIVE","MEDIUM","MODELED"
2026,2,"pressure_allowed_vs_pressure_generated","CHI","BUF",-0.0284,0.0201,0.9677,0.7742,0.7419,"off:WEAKLY_PREDICTIVE|def:WEAKLY_PREDICTIVE","MEDIUM","MODELED"
2026,2,"pressure_allowed_vs_pressure_generated","CHI","CAR",-0.0284,-6e-04,0.9677,0.4839,0.4516,"off:WEAKLY_PREDICTIVE|def:WEAKLY_PREDICTIVE","MEDIUM","MODELED"
2026,2,"pressure_allowed_vs_pressure_generated","CHI","CIN",-0.0284,-0.0133,0.9677,0.3226,0.2903,"off:WEAKLY_PREDICTIVE|def:WEAKLY_PREDICTIVE","MEDIUM","MODELED"
2026,2,"pressure_allowed_vs_pressure_generated","CHI","CLE",-0.0284,-0.0127,0.9677,0.3548,0.3226,"off:WEAKLY_PREDICTIVE|def:WEAKLY_PREDICTIVE","MEDIUM","MODELED"
2026,2,"pressure_allowed_vs_pressure_generated","CHI","DAL",-0.0284,-0.0204,0.9677,0.1935,0.1613,"off:WEAKLY_PREDICTIVE|def:WEAKLY_PREDICTIVE","MEDIUM","MODELED"
2026,2,"pressure_allowed_vs_pressure_generated","CHI","DEN",-0.0284,0.0215,0.9677,0.8065,0.7742,"off:WEAKLY_PREDICTIVE|def:WEAKLY_PREDICTIVE","MEDIUM","MODELED"
2026,2,"pressure_allowed_vs_pressure_generated","CHI","DET",-0.0284,0.0415,0.9677,0.9677,0.9355,"off:WEAKLY_PREDICTIVE|def:WEAKLY_PREDICTIVE","MEDIUM","MODELED"
2026,2,"pressure_allowed_vs_pressure_generated","CHI","GB",-0.0284,0.0133,0.9677,0.6774,0.6452,"off:WEAKLY_PREDICTIVE|def:WEAKLY_PREDICTIVE","MEDIUM","MODELED"
2026,2,"pressure_allowed_vs_pressure_generated","CHI","HOU",-0.0284,-0.0074,0.9677,0.4516,0.4194,"off:WEAKLY_PREDICTIVE|def:WEAKLY_PREDICTIVE","MEDIUM","MODELED"
2026,2,"pressure_allowed_vs_pressure_generated","CHI","IND",-0.0284,-0.0107,0.9677,0.3871,0.3548,"off:WEAKLY_PREDICTIVE|def:WEAKLY_PREDICTIVE","MEDIUM","MODELED"
2026,2,"pressure_allowed_vs_pressure_generated","CHI","JAX",-0.0284,-0.0139,0.9677,0.2903,0.2581,"off:WEAKLY_PREDICTIVE|def:WEAKLY_PREDICTIVE","MEDIUM","MODELED"
2026,2,"pressure_allowed_vs_pressure_generated","CHI","KC",-0.0284,0.0134,0.9677,0.7097,0.6774,"off:WEAKLY_PREDICTIVE|def:WEAKLY_PREDICTIVE","MEDIUM","MODELED"
2026,2,"pressure_allowed_vs_pressure_generated","CHI","LAC",-0.0284,0.0126,0.9677,0.6452,0.6129,"off:WEAKLY_PREDICTIVE|def:WEAKLY_PREDICTIVE","MEDIUM","MODELED"
2026,2,"pressure_allowed_vs_pressure_generated","CHI","LAR",-0.0284,-0.0103,0.9677,0.4194,0.3871,"off:WEAKLY_PREDICTIVE|def:WEAKLY_PREDICTIVE","MEDIUM","MODELED"
2026,2,"pressure_allowed_vs_pressure_generated","CHI","LV",-0.0284,0.0322,0.9677,0.9032,0.871,"off:WEAKLY_PREDICTIVE|def:WEAKLY_PREDICTIVE","MEDIUM","MODELED"
2026,2,"pressure_allowed_vs_pressure_generated","CHI","MIA",-0.0284,-0.0262,0.9677,0.0968,0.0645,"off:WEAKLY_PREDICTIVE|def:WEAKLY_PREDICTIVE","MEDIUM","MODELED"
2026,2,"pressure_allowed_vs_pressure_generated","CHI","MIN",-0.0284,0.0519,0.9677,1,0.9677,"off:WEAKLY_PREDICTIVE|def:WEAKLY_PREDICTIVE","MEDIUM","MODELED"
2026,2,"pressure_allowed_vs_pressure_generated","CHI","NE",-0.0284,0.0109,0.9677,0.6129,0.5806,"off:WEAKLY_PREDICTIVE|def:WEAKLY_PREDICTIVE","MEDIUM","MODELED"
2026,2,"pressure_allowed_vs_pressure_generated","CHI","NO",-0.0284,6e-04,0.9677,0.5161,0.4839,"off:WEAKLY_PREDICTIVE|def:WEAKLY_PREDICTIVE","MEDIUM","MODELED"
2026,2,"pressure_allowed_vs_pressure_generated","CHI","NYG",-0.0284,-0.0443,0.9677,0,-0.0323,"off:WEAKLY_PREDICTIVE|def:WEAKLY_PREDICTIVE","MEDIUM","MODELED"
2026,2,"pressure_allowed_vs_pressure_generated","CHI","NYJ",-0.0284,-0.0222,0.9677,0.1613,0.129,"off:WEAKLY_PREDICTIVE|def:WEAKLY_PREDICTIVE","MEDIUM","MODELED"
2026,2,"pressure_allowed_vs_pressure_generated","CHI","PHI",-0.0284,-0.0291,0.9677,0.0645,0.0323,"off:WEAKLY_PREDICTIVE|def:WEAKLY_PREDICTIVE","MEDIUM","MODELED"
2026,2,"pressure_allowed_vs_pressure_generated","CHI","PIT",-0.0284,0.0277,0.9677,0.871,0.8387,"off:WEAKLY_PREDICTIVE|def:WEAKLY_PREDICTIVE","MEDIUM","MODELED"
2026,2,"pressure_allowed_vs_pressure_generated","CHI","SEA",-0.0284,0.0269,0.9677,0.8387,0.8065,"off:WEAKLY_PREDICTIVE|def:WEAKLY_PREDICTIVE","MEDIUM","MODELED"
2026,2,"pressure_allowed_vs_pressure_generated","CHI","SF",-0.0284,0.0055,0.9677,0.5806,0.5484,"off:WEAKLY_PREDICTIVE|def:WEAKLY_PREDICTIVE","MEDIUM","MODELED"
2026,2,"pressure_allowed_vs_pressure_generated","CHI","TB",-0.0284,-0.0432,0.9677,0.0323,0,"off:WEAKLY_PREDICTIVE|def:WEAKLY_PREDICTIVE","MEDIUM","MODELED"
2026,2,"pressure_allowed_vs_pressure_generated","CHI","TEN",-0.0284,-0.0182,0.9677,0.2581,0.2258,"off:WEAKLY_PREDICTIVE|def:WEAKLY_PREDICTIVE","MEDIUM","MODELED"
2026,2,"pressure_allowed_vs_pressure_generated","CHI","WAS",-0.0284,-0.0227,0.9677,0.129,0.0968,"off:WEAKLY_PREDICTIVE|def:WEAKLY_PREDICTIVE","MEDIUM","MODELED"
2026,2,"pressure_allowed_vs_pressure_generated","CIN","ARI",0.0364,-0.0199,0.0323,0.2258,-0.7419,"off:WEAKLY_PREDICTIVE|def:WEAKLY_PREDICTIVE","MEDIUM","MODELED"
2026,2,"pressure_allowed_vs_pressure_generated","CIN","ATL",0.0364,0.0135,0.0323,0.7419,-0.2258,"off:WEAKLY_PREDICTIVE|def:WEAKLY_PREDICTIVE","MEDIUM","MODELED"
2026,2,"pressure_allowed_vs_pressure_generated","CIN","BAL",0.0364,0.0324,0.0323,0.9355,-0.0323,"off:WEAKLY_PREDICTIVE|def:WEAKLY_PREDICTIVE","MEDIUM","MODELED"
2026,2,"pressure_allowed_vs_pressure_generated","CIN","BUF",0.0364,0.0201,0.0323,0.7742,-0.1935,"off:WEAKLY_PREDICTIVE|def:WEAKLY_PREDICTIVE","MEDIUM","MODELED"
2026,2,"pressure_allowed_vs_pressure_generated","CIN","CAR",0.0364,-6e-04,0.0323,0.4839,-0.4839,"off:WEAKLY_PREDICTIVE|def:WEAKLY_PREDICTIVE","MEDIUM","MODELED"
2026,2,"pressure_allowed_vs_pressure_generated","CIN","CHI",0.0364,0.0032,0.0323,0.5484,-0.4194,"off:WEAKLY_PREDICTIVE|def:WEAKLY_PREDICTIVE","MEDIUM","MODELED"
2026,2,"pressure_allowed_vs_pressure_generated","CIN","CLE",0.0364,-0.0127,0.0323,0.3548,-0.6129,"off:WEAKLY_PREDICTIVE|def:WEAKLY_PREDICTIVE","MEDIUM","MODELED"
2026,2,"pressure_allowed_vs_pressure_generated","CIN","DAL",0.0364,-0.0204,0.0323,0.1935,-0.7742,"off:WEAKLY_PREDICTIVE|def:WEAKLY_PREDICTIVE","MEDIUM","MODELED"
2026,2,"pressure_allowed_vs_pressure_generated","CIN","DEN",0.0364,0.0215,0.0323,0.8065,-0.1613,"off:WEAKLY_PREDICTIVE|def:WEAKLY_PREDICTIVE","MEDIUM","MODELED"
2026,2,"pressure_allowed_vs_pressure_generated","CIN","DET",0.0364,0.0415,0.0323,0.9677,0,"off:WEAKLY_PREDICTIVE|def:WEAKLY_PREDICTIVE","MEDIUM","MODELED"
2026,2,"pressure_allowed_vs_pressure_generated","CIN","GB",0.0364,0.0133,0.0323,0.6774,-0.2903,"off:WEAKLY_PREDICTIVE|def:WEAKLY_PREDICTIVE","MEDIUM","MODELED"
2026,2,"pressure_allowed_vs_pressure_generated","CIN","HOU",0.0364,-0.0074,0.0323,0.4516,-0.5161,"off:WEAKLY_PREDICTIVE|def:WEAKLY_PREDICTIVE","MEDIUM","MODELED"
2026,2,"pressure_allowed_vs_pressure_generated","CIN","IND",0.0364,-0.0107,0.0323,0.3871,-0.5806,"off:WEAKLY_PREDICTIVE|def:WEAKLY_PREDICTIVE","MEDIUM","MODELED"
2026,2,"pressure_allowed_vs_pressure_generated","CIN","JAX",0.0364,-0.0139,0.0323,0.2903,-0.6774,"off:WEAKLY_PREDICTIVE|def:WEAKLY_PREDICTIVE","MEDIUM","MODELED"
2026,2,"pressure_allowed_vs_pressure_generated","CIN","KC",0.0364,0.0134,0.0323,0.7097,-0.2581,"off:WEAKLY_PREDICTIVE|def:WEAKLY_PREDICTIVE","MEDIUM","MODELED"
2026,2,"pressure_allowed_vs_pressure_generated","CIN","LAC",0.0364,0.0126,0.0323,0.6452,-0.3226,"off:WEAKLY_PREDICTIVE|def:WEAKLY_PREDICTIVE","MEDIUM","MODELED"
2026,2,"pressure_allowed_vs_pressure_generated","CIN","LAR",0.0364,-0.0103,0.0323,0.4194,-0.5484,"off:WEAKLY_PREDICTIVE|def:WEAKLY_PREDICTIVE","MEDIUM","MODELED"
2026,2,"pressure_allowed_vs_pressure_generated","CIN","LV",0.0364,0.0322,0.0323,0.9032,-0.0645,"off:WEAKLY_PREDICTIVE|def:WEAKLY_PREDICTIVE","MEDIUM","MODELED"
2026,2,"pressure_allowed_vs_pressure_generated","CIN","MIA",0.0364,-0.0262,0.0323,0.0968,-0.871,"off:WEAKLY_PREDICTIVE|def:WEAKLY_PREDICTIVE","MEDIUM","MODELED"
2026,2,"pressure_allowed_vs_pressure_generated","CIN","MIN",0.0364,0.0519,0.0323,1,0.0323,"off:WEAKLY_PREDICTIVE|def:WEAKLY_PREDICTIVE","MEDIUM","MODELED"
2026,2,"pressure_allowed_vs_pressure_generated","CIN","NE",0.0364,0.0109,0.0323,0.6129,-0.3548,"off:WEAKLY_PREDICTIVE|def:WEAKLY_PREDICTIVE","MEDIUM","MODELED"
2026,2,"pressure_allowed_vs_pressure_generated","CIN","NO",0.0364,6e-04,0.0323,0.5161,-0.4516,"off:WEAKLY_PREDICTIVE|def:WEAKLY_PREDICTIVE","MEDIUM","MODELED"
2026,2,"pressure_allowed_vs_pressure_generated","CIN","NYG",0.0364,-0.0443,0.0323,0,-0.9677,"off:WEAKLY_PREDICTIVE|def:WEAKLY_PREDICTIVE","MEDIUM","MODELED"
2026,2,"pressure_allowed_vs_pressure_generated","CIN","NYJ",0.0364,-0.0222,0.0323,0.1613,-0.8065,"off:WEAKLY_PREDICTIVE|def:WEAKLY_PREDICTIVE","MEDIUM","MODELED"
2026,2,"pressure_allowed_vs_pressure_generated","CIN","PHI",0.0364,-0.0291,0.0323,0.0645,-0.9032,"off:WEAKLY_PREDICTIVE|def:WEAKLY_PREDICTIVE","MEDIUM","MODELED"
2026,2,"pressure_allowed_vs_pressure_generated","CIN","PIT",0.0364,0.0277,0.0323,0.871,-0.0968,"off:WEAKLY_PREDICTIVE|def:WEAKLY_PREDICTIVE","MEDIUM","MODELED"
2026,2,"pressure_allowed_vs_pressure_generated","CIN","SEA",0.0364,0.0269,0.0323,0.8387,-0.129,"off:WEAKLY_PREDICTIVE|def:WEAKLY_PREDICTIVE","MEDIUM","MODELED"
2026,2,"pressure_allowed_vs_pressure_generated","CIN","SF",0.0364,0.0055,0.0323,0.5806,-0.3871,"off:WEAKLY_PREDICTIVE|def:WEAKLY_PREDICTIVE","MEDIUM","MODELED"
2026,2,"pressure_allowed_vs_pressure_generated","CIN","TB",0.0364,-0.0432,0.0323,0.0323,-0.9355,"off:WEAKLY_PREDICTIVE|def:WEAKLY_PREDICTIVE","MEDIUM","MODELED"
2026,2,"pressure_allowed_vs_pressure_generated","CIN","TEN",0.0364,-0.0182,0.0323,0.2581,-0.7097,"off:WEAKLY_PREDICTIVE|def:WEAKLY_PREDICTIVE","MEDIUM","MODELED"
2026,2,"pressure_allowed_vs_pressure_generated","CIN","WAS",0.0364,-0.0227,0.0323,0.129,-0.8387,"off:WEAKLY_PREDICTIVE|def:WEAKLY_PREDICTIVE","MEDIUM","MODELED"
2026,2,"pressure_allowed_vs_pressure_generated","CLE","ARI",0.045,-0.0199,0,0.2258,-0.7742,"off:WEAKLY_PREDICTIVE|def:WEAKLY_PREDICTIVE","MEDIUM","MODELED"
2026,2,"pressure_allowed_vs_pressure_generated","CLE","ATL",0.045,0.0135,0,0.7419,-0.2581,"off:WEAKLY_PREDICTIVE|def:WEAKLY_PREDICTIVE","MEDIUM","MODELED"
2026,2,"pressure_allowed_vs_pressure_generated","CLE","BAL",0.045,0.0324,0,0.9355,-0.0645,"off:WEAKLY_PREDICTIVE|def:WEAKLY_PREDICTIVE","MEDIUM","MODELED"
2026,2,"pressure_allowed_vs_pressure_generated","CLE","BUF",0.045,0.0201,0,0.7742,-0.2258,"off:WEAKLY_PREDICTIVE|def:WEAKLY_PREDICTIVE","MEDIUM","MODELED"
2026,2,"pressure_allowed_vs_pressure_generated","CLE","CAR",0.045,-6e-04,0,0.4839,-0.5161,"off:WEAKLY_PREDICTIVE|def:WEAKLY_PREDICTIVE","MEDIUM","MODELED"
2026,2,"pressure_allowed_vs_pressure_generated","CLE","CHI",0.045,0.0032,0,0.5484,-0.4516,"off:WEAKLY_PREDICTIVE|def:WEAKLY_PREDICTIVE","MEDIUM","MODELED"
2026,2,"pressure_allowed_vs_pressure_generated","CLE","CIN",0.045,-0.0133,0,0.3226,-0.6774,"off:WEAKLY_PREDICTIVE|def:WEAKLY_PREDICTIVE","MEDIUM","MODELED"
2026,2,"pressure_allowed_vs_pressure_generated","CLE","DAL",0.045,-0.0204,0,0.1935,-0.8065,"off:WEAKLY_PREDICTIVE|def:WEAKLY_PREDICTIVE","MEDIUM","MODELED"
2026,2,"pressure_allowed_vs_pressure_generated","CLE","DEN",0.045,0.0215,0,0.8065,-0.1935,"off:WEAKLY_PREDICTIVE|def:WEAKLY_PREDICTIVE","MEDIUM","MODELED"
2026,2,"pressure_allowed_vs_pressure_generated","CLE","DET",0.045,0.0415,0,0.9677,-0.0323,"off:WEAKLY_PREDICTIVE|def:WEAKLY_PREDICTIVE","MEDIUM","MODELED"
2026,2,"pressure_allowed_vs_pressure_generated","CLE","GB",0.045,0.0133,0,0.6774,-0.3226,"off:WEAKLY_PREDICTIVE|def:WEAKLY_PREDICTIVE","MEDIUM","MODELED"
2026,2,"pressure_allowed_vs_pressure_generated","CLE","HOU",0.045,-0.0074,0,0.4516,-0.5484,"off:WEAKLY_PREDICTIVE|def:WEAKLY_PREDICTIVE","MEDIUM","MODELED"
2026,2,"pressure_allowed_vs_pressure_generated","CLE","IND",0.045,-0.0107,0,0.3871,-0.6129,"off:WEAKLY_PREDICTIVE|def:WEAKLY_PREDICTIVE","MEDIUM","MODELED"
2026,2,"pressure_allowed_vs_pressure_generated","CLE","JAX",0.045,-0.0139,0,0.2903,-0.7097,"off:WEAKLY_PREDICTIVE|def:WEAKLY_PREDICTIVE","MEDIUM","MODELED"
2026,2,"pressure_allowed_vs_pressure_generated","CLE","KC",0.045,0.0134,0,0.7097,-0.2903,"off:WEAKLY_PREDICTIVE|def:WEAKLY_PREDICTIVE","MEDIUM","MODELED"
2026,2,"pressure_allowed_vs_pressure_generated","CLE","LAC",0.045,0.0126,0,0.6452,-0.3548,"off:WEAKLY_PREDICTIVE|def:WEAKLY_PREDICTIVE","MEDIUM","MODELED"
2026,2,"pressure_allowed_vs_pressure_generated","CLE","LAR",0.045,-0.0103,0,0.4194,-0.5806,"off:WEAKLY_PREDICTIVE|def:WEAKLY_PREDICTIVE","MEDIUM","MODELED"
2026,2,"pressure_allowed_vs_pressure_generated","CLE","LV",0.045,0.0322,0,0.9032,-0.0968,"off:WEAKLY_PREDICTIVE|def:WEAKLY_PREDICTIVE","MEDIUM","MODELED"
2026,2,"pressure_allowed_vs_pressure_generated","CLE","MIA",0.045,-0.0262,0,0.0968,-0.9032,"off:WEAKLY_PREDICTIVE|def:WEAKLY_PREDICTIVE","MEDIUM","MODELED"
2026,2,"pressure_allowed_vs_pressure_generated","CLE","MIN",0.045,0.0519,0,1,0,"off:WEAKLY_PREDICTIVE|def:WEAKLY_PREDICTIVE","MEDIUM","MODELED"
2026,2,"pressure_allowed_vs_pressure_generated","CLE","NE",0.045,0.0109,0,0.6129,-0.3871,"off:WEAKLY_PREDICTIVE|def:WEAKLY_PREDICTIVE","MEDIUM","MODELED"
2026,2,"pressure_allowed_vs_pressure_generated","CLE","NO",0.045,6e-04,0,0.5161,-0.4839,"off:WEAKLY_PREDICTIVE|def:WEAKLY_PREDICTIVE","MEDIUM","MODELED"
2026,2,"pressure_allowed_vs_pressure_generated","CLE","NYG",0.045,-0.0443,0,0,-1,"off:WEAKLY_PREDICTIVE|def:WEAKLY_PREDICTIVE","MEDIUM","MODELED"
2026,2,"pressure_allowed_vs_pressure_generated","CLE","NYJ",0.045,-0.0222,0,0.1613,-0.8387,"off:WEAKLY_PREDICTIVE|def:WEAKLY_PREDICTIVE","MEDIUM","MODELED"
2026,2,"pressure_allowed_vs_pressure_generated","CLE","PHI",0.045,-0.0291,0,0.0645,-0.9355,"off:WEAKLY_PREDICTIVE|def:WEAKLY_PREDICTIVE","MEDIUM","MODELED"
2026,2,"pressure_allowed_vs_pressure_generated","CLE","PIT",0.045,0.0277,0,0.871,-0.129,"off:WEAKLY_PREDICTIVE|def:WEAKLY_PREDICTIVE","MEDIUM","MODELED"
2026,2,"pressure_allowed_vs_pressure_generated","CLE","SEA",0.045,0.0269,0,0.8387,-0.1613,"off:WEAKLY_PREDICTIVE|def:WEAKLY_PREDICTIVE","MEDIUM","MODELED"
2026,2,"pressure_allowed_vs_pressure_generated","CLE","SF",0.045,0.0055,0,0.5806,-0.4194,"off:WEAKLY_PREDICTIVE|def:WEAKLY_PREDICTIVE","MEDIUM","MODELED"
2026,2,"pressure_allowed_vs_pressure_generated","CLE","TB",0.045,-0.0432,0,0.0323,-0.9677,"off:WEAKLY_PREDICTIVE|def:WEAKLY_PREDICTIVE","MEDIUM","MODELED"
2026,2,"pressure_allowed_vs_pressure_generated","CLE","TEN",0.045,-0.0182,0,0.2581,-0.7419,"off:WEAKLY_PREDICTIVE|def:WEAKLY_PREDICTIVE","MEDIUM","MODELED"
2026,2,"pressure_allowed_vs_pressure_generated","CLE","WAS",0.045,-0.0227,0,0.129,-0.871,"off:WEAKLY_PREDICTIVE|def:WEAKLY_PREDICTIVE","MEDIUM","MODELED"
2026,2,"pressure_allowed_vs_pressure_generated","DAL","ARI",0.0164,-0.0199,0.129,0.2258,-0.6452,"off:WEAKLY_PREDICTIVE|def:WEAKLY_PREDICTIVE","MEDIUM","MODELED"
2026,2,"pressure_allowed_vs_pressure_generated","DAL","ATL",0.0164,0.0135,0.129,0.7419,-0.129,"off:WEAKLY_PREDICTIVE|def:WEAKLY_PREDICTIVE","MEDIUM","MODELED"
2026,2,"pressure_allowed_vs_pressure_generated","DAL","BAL",0.0164,0.0324,0.129,0.9355,0.0645,"off:WEAKLY_PREDICTIVE|def:WEAKLY_PREDICTIVE","MEDIUM","MODELED"
2026,2,"pressure_allowed_vs_pressure_generated","DAL","BUF",0.0164,0.0201,0.129,0.7742,-0.0968,"off:WEAKLY_PREDICTIVE|def:WEAKLY_PREDICTIVE","MEDIUM","MODELED"
2026,2,"pressure_allowed_vs_pressure_generated","DAL","CAR",0.0164,-6e-04,0.129,0.4839,-0.3871,"off:WEAKLY_PREDICTIVE|def:WEAKLY_PREDICTIVE","MEDIUM","MODELED"
2026,2,"pressure_allowed_vs_pressure_generated","DAL","CHI",0.0164,0.0032,0.129,0.5484,-0.3226,"off:WEAKLY_PREDICTIVE|def:WEAKLY_PREDICTIVE","MEDIUM","MODELED"
2026,2,"pressure_allowed_vs_pressure_generated","DAL","CIN",0.0164,-0.0133,0.129,0.3226,-0.5484,"off:WEAKLY_PREDICTIVE|def:WEAKLY_PREDICTIVE","MEDIUM","MODELED"
2026,2,"pressure_allowed_vs_pressure_generated","DAL","CLE",0.0164,-0.0127,0.129,0.3548,-0.5161,"off:WEAKLY_PREDICTIVE|def:WEAKLY_PREDICTIVE","MEDIUM","MODELED"
2026,2,"pressure_allowed_vs_pressure_generated","DAL","DEN",0.0164,0.0215,0.129,0.8065,-0.0645,"off:WEAKLY_PREDICTIVE|def:WEAKLY_PREDICTIVE","MEDIUM","MODELED"
2026,2,"pressure_allowed_vs_pressure_generated","DAL","DET",0.0164,0.0415,0.129,0.9677,0.0968,"off:WEAKLY_PREDICTIVE|def:WEAKLY_PREDICTIVE","MEDIUM","MODELED"
2026,2,"pressure_allowed_vs_pressure_generated","DAL","GB",0.0164,0.0133,0.129,0.6774,-0.1935,"off:WEAKLY_PREDICTIVE|def:WEAKLY_PREDICTIVE","MEDIUM","MODELED"
2026,2,"pressure_allowed_vs_pressure_generated","DAL","HOU",0.0164,-0.0074,0.129,0.4516,-0.4194,"off:WEAKLY_PREDICTIVE|def:WEAKLY_PREDICTIVE","MEDIUM","MODELED"
2026,2,"pressure_allowed_vs_pressure_generated","DAL","IND",0.0164,-0.0107,0.129,0.3871,-0.4839,"off:WEAKLY_PREDICTIVE|def:WEAKLY_PREDICTIVE","MEDIUM","MODELED"
2026,2,"pressure_allowed_vs_pressure_generated","DAL","JAX",0.0164,-0.0139,0.129,0.2903,-0.5806,"off:WEAKLY_PREDICTIVE|def:WEAKLY_PREDICTIVE","MEDIUM","MODELED"
2026,2,"pressure_allowed_vs_pressure_generated","DAL","KC",0.0164,0.0134,0.129,0.7097,-0.1613,"off:WEAKLY_PREDICTIVE|def:WEAKLY_PREDICTIVE","MEDIUM","MODELED"
2026,2,"pressure_allowed_vs_pressure_generated","DAL","LAC",0.0164,0.0126,0.129,0.6452,-0.2258,"off:WEAKLY_PREDICTIVE|def:WEAKLY_PREDICTIVE","MEDIUM","MODELED"
2026,2,"pressure_allowed_vs_pressure_generated","DAL","LAR",0.0164,-0.0103,0.129,0.4194,-0.4516,"off:WEAKLY_PREDICTIVE|def:WEAKLY_PREDICTIVE","MEDIUM","MODELED"
2026,2,"pressure_allowed_vs_pressure_generated","DAL","LV",0.0164,0.0322,0.129,0.9032,0.0323,"off:WEAKLY_PREDICTIVE|def:WEAKLY_PREDICTIVE","MEDIUM","MODELED"
2026,2,"pressure_allowed_vs_pressure_generated","DAL","MIA",0.0164,-0.0262,0.129,0.0968,-0.7742,"off:WEAKLY_PREDICTIVE|def:WEAKLY_PREDICTIVE","MEDIUM","MODELED"
2026,2,"pressure_allowed_vs_pressure_generated","DAL","MIN",0.0164,0.0519,0.129,1,0.129,"off:WEAKLY_PREDICTIVE|def:WEAKLY_PREDICTIVE","MEDIUM","MODELED"
2026,2,"pressure_allowed_vs_pressure_generated","DAL","NE",0.0164,0.0109,0.129,0.6129,-0.2581,"off:WEAKLY_PREDICTIVE|def:WEAKLY_PREDICTIVE","MEDIUM","MODELED"
2026,2,"pressure_allowed_vs_pressure_generated","DAL","NO",0.0164,6e-04,0.129,0.5161,-0.3548,"off:WEAKLY_PREDICTIVE|def:WEAKLY_PREDICTIVE","MEDIUM","MODELED"
2026,2,"pressure_allowed_vs_pressure_generated","DAL","NYG",0.0164,-0.0443,0.129,0,-0.871,"off:WEAKLY_PREDICTIVE|def:WEAKLY_PREDICTIVE","MEDIUM","MODELED"
2026,2,"pressure_allowed_vs_pressure_generated","DAL","NYJ",0.0164,-0.0222,0.129,0.1613,-0.7097,"off:WEAKLY_PREDICTIVE|def:WEAKLY_PREDICTIVE","MEDIUM","MODELED"
2026,2,"pressure_allowed_vs_pressure_generated","DAL","PHI",0.0164,-0.0291,0.129,0.0645,-0.8065,"off:WEAKLY_PREDICTIVE|def:WEAKLY_PREDICTIVE","MEDIUM","MODELED"
2026,2,"pressure_allowed_vs_pressure_generated","DAL","PIT",0.0164,0.0277,0.129,0.871,0,"off:WEAKLY_PREDICTIVE|def:WEAKLY_PREDICTIVE","MEDIUM","MODELED"
2026,2,"pressure_allowed_vs_pressure_generated","DAL","SEA",0.0164,0.0269,0.129,0.8387,-0.0323,"off:WEAKLY_PREDICTIVE|def:WEAKLY_PREDICTIVE","MEDIUM","MODELED"
2026,2,"pressure_allowed_vs_pressure_generated","DAL","SF",0.0164,0.0055,0.129,0.5806,-0.2903,"off:WEAKLY_PREDICTIVE|def:WEAKLY_PREDICTIVE","MEDIUM","MODELED"
2026,2,"pressure_allowed_vs_pressure_generated","DAL","TB",0.0164,-0.0432,0.129,0.0323,-0.8387,"off:WEAKLY_PREDICTIVE|def:WEAKLY_PREDICTIVE","MEDIUM","MODELED"
2026,2,"pressure_allowed_vs_pressure_generated","DAL","TEN",0.0164,-0.0182,0.129,0.2581,-0.6129,"off:WEAKLY_PREDICTIVE|def:WEAKLY_PREDICTIVE","MEDIUM","MODELED"
2026,2,"pressure_allowed_vs_pressure_generated","DAL","WAS",0.0164,-0.0227,0.129,0.129,-0.7419,"off:WEAKLY_PREDICTIVE|def:WEAKLY_PREDICTIVE","MEDIUM","MODELED"
2026,2,"pressure_allowed_vs_pressure_generated","DEN","ARI",-0.0093,-0.0199,0.6452,0.2258,-0.129,"off:WEAKLY_PREDICTIVE|def:WEAKLY_PREDICTIVE","MEDIUM","MODELED"
2026,2,"pressure_allowed_vs_pressure_generated","DEN","ATL",-0.0093,0.0135,0.6452,0.7419,0.3871,"off:WEAKLY_PREDICTIVE|def:WEAKLY_PREDICTIVE","MEDIUM","MODELED"
2026,2,"pressure_allowed_vs_pressure_generated","DEN","BAL",-0.0093,0.0324,0.6452,0.9355,0.5806,"off:WEAKLY_PREDICTIVE|def:WEAKLY_PREDICTIVE","MEDIUM","MODELED"
2026,2,"pressure_allowed_vs_pressure_generated","DEN","BUF",-0.0093,0.0201,0.6452,0.7742,0.4194,"off:WEAKLY_PREDICTIVE|def:WEAKLY_PREDICTIVE","MEDIUM","MODELED"
2026,2,"pressure_allowed_vs_pressure_generated","DEN","CAR",-0.0093,-6e-04,0.6452,0.4839,0.129,"off:WEAKLY_PREDICTIVE|def:WEAKLY_PREDICTIVE","MEDIUM","MODELED"
2026,2,"pressure_allowed_vs_pressure_generated","DEN","CHI",-0.0093,0.0032,0.6452,0.5484,0.1935,"off:WEAKLY_PREDICTIVE|def:WEAKLY_PREDICTIVE","MEDIUM","MODELED"
2026,2,"pressure_allowed_vs_pressure_generated","DEN","CIN",-0.0093,-0.0133,0.6452,0.3226,-0.0323,"off:WEAKLY_PREDICTIVE|def:WEAKLY_PREDICTIVE","MEDIUM","MODELED"
2026,2,"pressure_allowed_vs_pressure_generated","DEN","CLE",-0.0093,-0.0127,0.6452,0.3548,0,"off:WEAKLY_PREDICTIVE|def:WEAKLY_PREDICTIVE","MEDIUM","MODELED"
2026,2,"pressure_allowed_vs_pressure_generated","DEN","DAL",-0.0093,-0.0204,0.6452,0.1935,-0.1613,"off:WEAKLY_PREDICTIVE|def:WEAKLY_PREDICTIVE","MEDIUM","MODELED"
2026,2,"pressure_allowed_vs_pressure_generated","DEN","DET",-0.0093,0.0415,0.6452,0.9677,0.6129,"off:WEAKLY_PREDICTIVE|def:WEAKLY_PREDICTIVE","MEDIUM","MODELED"
2026,2,"pressure_allowed_vs_pressure_generated","DEN","GB",-0.0093,0.0133,0.6452,0.6774,0.3226,"off:WEAKLY_PREDICTIVE|def:WEAKLY_PREDICTIVE","MEDIUM","MODELED"
2026,2,"pressure_allowed_vs_pressure_generated","DEN","HOU",-0.0093,-0.0074,0.6452,0.4516,0.0968,"off:WEAKLY_PREDICTIVE|def:WEAKLY_PREDICTIVE","MEDIUM","MODELED"
2026,2,"pressure_allowed_vs_pressure_generated","DEN","IND",-0.0093,-0.0107,0.6452,0.3871,0.0323,"off:WEAKLY_PREDICTIVE|def:WEAKLY_PREDICTIVE","MEDIUM","MODELED"
2026,2,"pressure_allowed_vs_pressure_generated","DEN","JAX",-0.0093,-0.0139,0.6452,0.2903,-0.0645,"off:WEAKLY_PREDICTIVE|def:WEAKLY_PREDICTIVE","MEDIUM","MODELED"
2026,2,"pressure_allowed_vs_pressure_generated","DEN","KC",-0.0093,0.0134,0.6452,0.7097,0.3548,"off:WEAKLY_PREDICTIVE|def:WEAKLY_PREDICTIVE","MEDIUM","MODELED"
2026,2,"pressure_allowed_vs_pressure_generated","DEN","LAC",-0.0093,0.0126,0.6452,0.6452,0.2903,"off:WEAKLY_PREDICTIVE|def:WEAKLY_PREDICTIVE","MEDIUM","MODELED"
2026,2,"pressure_allowed_vs_pressure_generated","DEN","LAR",-0.0093,-0.0103,0.6452,0.4194,0.0645,"off:WEAKLY_PREDICTIVE|def:WEAKLY_PREDICTIVE","MEDIUM","MODELED"
2026,2,"pressure_allowed_vs_pressure_generated","DEN","LV",-0.0093,0.0322,0.6452,0.9032,0.5484,"off:WEAKLY_PREDICTIVE|def:WEAKLY_PREDICTIVE","MEDIUM","MODELED"
2026,2,"pressure_allowed_vs_pressure_generated","DEN","MIA",-0.0093,-0.0262,0.6452,0.0968,-0.2581,"off:WEAKLY_PREDICTIVE|def:WEAKLY_PREDICTIVE","MEDIUM","MODELED"
2026,2,"pressure_allowed_vs_pressure_generated","DEN","MIN",-0.0093,0.0519,0.6452,1,0.6452,"off:WEAKLY_PREDICTIVE|def:WEAKLY_PREDICTIVE","MEDIUM","MODELED"
2026,2,"pressure_allowed_vs_pressure_generated","DEN","NE",-0.0093,0.0109,0.6452,0.6129,0.2581,"off:WEAKLY_PREDICTIVE|def:WEAKLY_PREDICTIVE","MEDIUM","MODELED"
2026,2,"pressure_allowed_vs_pressure_generated","DEN","NO",-0.0093,6e-04,0.6452,0.5161,0.1613,"off:WEAKLY_PREDICTIVE|def:WEAKLY_PREDICTIVE","MEDIUM","MODELED"
2026,2,"pressure_allowed_vs_pressure_generated","DEN","NYG",-0.0093,-0.0443,0.6452,0,-0.3548,"off:WEAKLY_PREDICTIVE|def:WEAKLY_PREDICTIVE","MEDIUM","MODELED"
2026,2,"pressure_allowed_vs_pressure_generated","DEN","NYJ",-0.0093,-0.0222,0.6452,0.1613,-0.1935,"off:WEAKLY_PREDICTIVE|def:WEAKLY_PREDICTIVE","MEDIUM","MODELED"
2026,2,"pressure_allowed_vs_pressure_generated","DEN","PHI",-0.0093,-0.0291,0.6452,0.0645,-0.2903,"off:WEAKLY_PREDICTIVE|def:WEAKLY_PREDICTIVE","MEDIUM","MODELED"
2026,2,"pressure_allowed_vs_pressure_generated","DEN","PIT",-0.0093,0.0277,0.6452,0.871,0.5161,"off:WEAKLY_PREDICTIVE|def:WEAKLY_PREDICTIVE","MEDIUM","MODELED"
2026,2,"pressure_allowed_vs_pressure_generated","DEN","SEA",-0.0093,0.0269,0.6452,0.8387,0.4839,"off:WEAKLY_PREDICTIVE|def:WEAKLY_PREDICTIVE","MEDIUM","MODELED"
2026,2,"pressure_allowed_vs_pressure_generated","DEN","SF",-0.0093,0.0055,0.6452,0.5806,0.2258,"off:WEAKLY_PREDICTIVE|def:WEAKLY_PREDICTIVE","MEDIUM","MODELED"
2026,2,"pressure_allowed_vs_pressure_generated","DEN","TB",-0.0093,-0.0432,0.6452,0.0323,-0.3226,"off:WEAKLY_PREDICTIVE|def:WEAKLY_PREDICTIVE","MEDIUM","MODELED"
2026,2,"pressure_allowed_vs_pressure_generated","DEN","TEN",-0.0093,-0.0182,0.6452,0.2581,-0.0968,"off:WEAKLY_PREDICTIVE|def:WEAKLY_PREDICTIVE","MEDIUM","MODELED"
2026,2,"pressure_allowed_vs_pressure_generated","DEN","WAS",-0.0093,-0.0227,0.6452,0.129,-0.2258,"off:WEAKLY_PREDICTIVE|def:WEAKLY_PREDICTIVE","MEDIUM","MODELED"
2026,2,"pressure_allowed_vs_pressure_generated","DET","ARI",0.009,-0.0199,0.3226,0.2258,-0.4516,"off:WEAKLY_PREDICTIVE|def:WEAKLY_PREDICTIVE","MEDIUM","MODELED"
2026,2,"pressure_allowed_vs_pressure_generated","DET","ATL",0.009,0.0135,0.3226,0.7419,0.0645,"off:WEAKLY_PREDICTIVE|def:WEAKLY_PREDICTIVE","MEDIUM","MODELED"
2026,2,"pressure_allowed_vs_pressure_generated","DET","BAL",0.009,0.0324,0.3226,0.9355,0.2581,"off:WEAKLY_PREDICTIVE|def:WEAKLY_PREDICTIVE","MEDIUM","MODELED"
2026,2,"pressure_allowed_vs_pressure_generated","DET","BUF",0.009,0.0201,0.3226,0.7742,0.0968,"off:WEAKLY_PREDICTIVE|def:WEAKLY_PREDICTIVE","MEDIUM","MODELED"
2026,2,"pressure_allowed_vs_pressure_generated","DET","CAR",0.009,-6e-04,0.3226,0.4839,-0.1935,"off:WEAKLY_PREDICTIVE|def:WEAKLY_PREDICTIVE","MEDIUM","MODELED"
2026,2,"pressure_allowed_vs_pressure_generated","DET","CHI",0.009,0.0032,0.3226,0.5484,-0.129,"off:WEAKLY_PREDICTIVE|def:WEAKLY_PREDICTIVE","MEDIUM","MODELED"
2026,2,"pressure_allowed_vs_pressure_generated","DET","CIN",0.009,-0.0133,0.3226,0.3226,-0.3548,"off:WEAKLY_PREDICTIVE|def:WEAKLY_PREDICTIVE","MEDIUM","MODELED"
2026,2,"pressure_allowed_vs_pressure_generated","DET","CLE",0.009,-0.0127,0.3226,0.3548,-0.3226,"off:WEAKLY_PREDICTIVE|def:WEAKLY_PREDICTIVE","MEDIUM","MODELED"
2026,2,"pressure_allowed_vs_pressure_generated","DET","DAL",0.009,-0.0204,0.3226,0.1935,-0.4839,"off:WEAKLY_PREDICTIVE|def:WEAKLY_PREDICTIVE","MEDIUM","MODELED"
2026,2,"pressure_allowed_vs_pressure_generated","DET","DEN",0.009,0.0215,0.3226,0.8065,0.129,"off:WEAKLY_PREDICTIVE|def:WEAKLY_PREDICTIVE","MEDIUM","MODELED"
2026,2,"pressure_allowed_vs_pressure_generated","DET","GB",0.009,0.0133,0.3226,0.6774,0,"off:WEAKLY_PREDICTIVE|def:WEAKLY_PREDICTIVE","MEDIUM","MODELED"
2026,2,"pressure_allowed_vs_pressure_generated","DET","HOU",0.009,-0.0074,0.3226,0.4516,-0.2258,"off:WEAKLY_PREDICTIVE|def:WEAKLY_PREDICTIVE","MEDIUM","MODELED"
2026,2,"pressure_allowed_vs_pressure_generated","DET","IND",0.009,-0.0107,0.3226,0.3871,-0.2903,"off:WEAKLY_PREDICTIVE|def:WEAKLY_PREDICTIVE","MEDIUM","MODELED"
2026,2,"pressure_allowed_vs_pressure_generated","DET","JAX",0.009,-0.0139,0.3226,0.2903,-0.3871,"off:WEAKLY_PREDICTIVE|def:WEAKLY_PREDICTIVE","MEDIUM","MODELED"
2026,2,"pressure_allowed_vs_pressure_generated","DET","KC",0.009,0.0134,0.3226,0.7097,0.0323,"off:WEAKLY_PREDICTIVE|def:WEAKLY_PREDICTIVE","MEDIUM","MODELED"
2026,2,"pressure_allowed_vs_pressure_generated","DET","LAC",0.009,0.0126,0.3226,0.6452,-0.0323,"off:WEAKLY_PREDICTIVE|def:WEAKLY_PREDICTIVE","MEDIUM","MODELED"
2026,2,"pressure_allowed_vs_pressure_generated","DET","LAR",0.009,-0.0103,0.3226,0.4194,-0.2581,"off:WEAKLY_PREDICTIVE|def:WEAKLY_PREDICTIVE","MEDIUM","MODELED"
2026,2,"pressure_allowed_vs_pressure_generated","DET","LV",0.009,0.0322,0.3226,0.9032,0.2258,"off:WEAKLY_PREDICTIVE|def:WEAKLY_PREDICTIVE","MEDIUM","MODELED"
2026,2,"pressure_allowed_vs_pressure_generated","DET","MIA",0.009,-0.0262,0.3226,0.0968,-0.5806,"off:WEAKLY_PREDICTIVE|def:WEAKLY_PREDICTIVE","MEDIUM","MODELED"
2026,2,"pressure_allowed_vs_pressure_generated","DET","MIN",0.009,0.0519,0.3226,1,0.3226,"off:WEAKLY_PREDICTIVE|def:WEAKLY_PREDICTIVE","MEDIUM","MODELED"
2026,2,"pressure_allowed_vs_pressure_generated","DET","NE",0.009,0.0109,0.3226,0.6129,-0.0645,"off:WEAKLY_PREDICTIVE|def:WEAKLY_PREDICTIVE","MEDIUM","MODELED"
2026,2,"pressure_allowed_vs_pressure_generated","DET","NO",0.009,6e-04,0.3226,0.5161,-0.1613,"off:WEAKLY_PREDICTIVE|def:WEAKLY_PREDICTIVE","MEDIUM","MODELED"
2026,2,"pressure_allowed_vs_pressure_generated","DET","NYG",0.009,-0.0443,0.3226,0,-0.6774,"off:WEAKLY_PREDICTIVE|def:WEAKLY_PREDICTIVE","MEDIUM","MODELED"
2026,2,"pressure_allowed_vs_pressure_generated","DET","NYJ",0.009,-0.0222,0.3226,0.1613,-0.5161,"off:WEAKLY_PREDICTIVE|def:WEAKLY_PREDICTIVE","MEDIUM","MODELED"
2026,2,"pressure_allowed_vs_pressure_generated","DET","PHI",0.009,-0.0291,0.3226,0.0645,-0.6129,"off:WEAKLY_PREDICTIVE|def:WEAKLY_PREDICTIVE","MEDIUM","MODELED"
2026,2,"pressure_allowed_vs_pressure_generated","DET","PIT",0.009,0.0277,0.3226,0.871,0.1935,"off:WEAKLY_PREDICTIVE|def:WEAKLY_PREDICTIVE","MEDIUM","MODELED"
2026,2,"pressure_allowed_vs_pressure_generated","DET","SEA",0.009,0.0269,0.3226,0.8387,0.1613,"off:WEAKLY_PREDICTIVE|def:WEAKLY_PREDICTIVE","MEDIUM","MODELED"
2026,2,"pressure_allowed_vs_pressure_generated","DET","SF",0.009,0.0055,0.3226,0.5806,-0.0968,"off:WEAKLY_PREDICTIVE|def:WEAKLY_PREDICTIVE","MEDIUM","MODELED"
2026,2,"pressure_allowed_vs_pressure_generated","DET","TB",0.009,-0.0432,0.3226,0.0323,-0.6452,"off:WEAKLY_PREDICTIVE|def:WEAKLY_PREDICTIVE","MEDIUM","MODELED"
2026,2,"pressure_allowed_vs_pressure_generated","DET","TEN",0.009,-0.0182,0.3226,0.2581,-0.4194,"off:WEAKLY_PREDICTIVE|def:WEAKLY_PREDICTIVE","MEDIUM","MODELED"
2026,2,"pressure_allowed_vs_pressure_generated","DET","WAS",0.009,-0.0227,0.3226,0.129,-0.5484,"off:WEAKLY_PREDICTIVE|def:WEAKLY_PREDICTIVE","MEDIUM","MODELED"
2026,2,"pressure_allowed_vs_pressure_generated","GB","ARI",0.0031,-0.0199,0.3548,0.2258,-0.4194,"off:WEAKLY_PREDICTIVE|def:WEAKLY_PREDICTIVE","MEDIUM","MODELED"
2026,2,"pressure_allowed_vs_pressure_generated","GB","ATL",0.0031,0.0135,0.3548,0.7419,0.0968,"off:WEAKLY_PREDICTIVE|def:WEAKLY_PREDICTIVE","MEDIUM","MODELED"
2026,2,"pressure_allowed_vs_pressure_generated","GB","BAL",0.0031,0.0324,0.3548,0.9355,0.2903,"off:WEAKLY_PREDICTIVE|def:WEAKLY_PREDICTIVE","MEDIUM","MODELED"
2026,2,"pressure_allowed_vs_pressure_generated","GB","BUF",0.0031,0.0201,0.3548,0.7742,0.129,"off:WEAKLY_PREDICTIVE|def:WEAKLY_PREDICTIVE","MEDIUM","MODELED"
2026,2,"pressure_allowed_vs_pressure_generated","GB","CAR",0.0031,-6e-04,0.3548,0.4839,-0.1613,"off:WEAKLY_PREDICTIVE|def:WEAKLY_PREDICTIVE","MEDIUM","MODELED"
2026,2,"pressure_allowed_vs_pressure_generated","GB","CHI",0.0031,0.0032,0.3548,0.5484,-0.0968,"off:WEAKLY_PREDICTIVE|def:WEAKLY_PREDICTIVE","MEDIUM","MODELED"
2026,2,"pressure_allowed_vs_pressure_generated","GB","CIN",0.0031,-0.0133,0.3548,0.3226,-0.3226,"off:WEAKLY_PREDICTIVE|def:WEAKLY_PREDICTIVE","MEDIUM","MODELED"
2026,2,"pressure_allowed_vs_pressure_generated","GB","CLE",0.0031,-0.0127,0.3548,0.3548,-0.2903,"off:WEAKLY_PREDICTIVE|def:WEAKLY_PREDICTIVE","MEDIUM","MODELED"
2026,2,"pressure_allowed_vs_pressure_generated","GB","DAL",0.0031,-0.0204,0.3548,0.1935,-0.4516,"off:WEAKLY_PREDICTIVE|def:WEAKLY_PREDICTIVE","MEDIUM","MODELED"
2026,2,"pressure_allowed_vs_pressure_generated","GB","DEN",0.0031,0.0215,0.3548,0.8065,0.1613,"off:WEAKLY_PREDICTIVE|def:WEAKLY_PREDICTIVE","MEDIUM","MODELED"
2026,2,"pressure_allowed_vs_pressure_generated","GB","DET",0.0031,0.0415,0.3548,0.9677,0.3226,"off:WEAKLY_PREDICTIVE|def:WEAKLY_PREDICTIVE","MEDIUM","MODELED"
2026,2,"pressure_allowed_vs_pressure_generated","GB","HOU",0.0031,-0.0074,0.3548,0.4516,-0.1935,"off:WEAKLY_PREDICTIVE|def:WEAKLY_PREDICTIVE","MEDIUM","MODELED"
2026,2,"pressure_allowed_vs_pressure_generated","GB","IND",0.0031,-0.0107,0.3548,0.3871,-0.2581,"off:WEAKLY_PREDICTIVE|def:WEAKLY_PREDICTIVE","MEDIUM","MODELED"
2026,2,"pressure_allowed_vs_pressure_generated","GB","JAX",0.0031,-0.0139,0.3548,0.2903,-0.3548,"off:WEAKLY_PREDICTIVE|def:WEAKLY_PREDICTIVE","MEDIUM","MODELED"
2026,2,"pressure_allowed_vs_pressure_generated","GB","KC",0.0031,0.0134,0.3548,0.7097,0.0645,"off:WEAKLY_PREDICTIVE|def:WEAKLY_PREDICTIVE","MEDIUM","MODELED"
2026,2,"pressure_allowed_vs_pressure_generated","GB","LAC",0.0031,0.0126,0.3548,0.6452,0,"off:WEAKLY_PREDICTIVE|def:WEAKLY_PREDICTIVE","MEDIUM","MODELED"
2026,2,"pressure_allowed_vs_pressure_generated","GB","LAR",0.0031,-0.0103,0.3548,0.4194,-0.2258,"off:WEAKLY_PREDICTIVE|def:WEAKLY_PREDICTIVE","MEDIUM","MODELED"
2026,2,"pressure_allowed_vs_pressure_generated","GB","LV",0.0031,0.0322,0.3548,0.9032,0.2581,"off:WEAKLY_PREDICTIVE|def:WEAKLY_PREDICTIVE","MEDIUM","MODELED"
2026,2,"pressure_allowed_vs_pressure_generated","GB","MIA",0.0031,-0.0262,0.3548,0.0968,-0.5484,"off:WEAKLY_PREDICTIVE|def:WEAKLY_PREDICTIVE","MEDIUM","MODELED"
2026,2,"pressure_allowed_vs_pressure_generated","GB","MIN",0.0031,0.0519,0.3548,1,0.3548,"off:WEAKLY_PREDICTIVE|def:WEAKLY_PREDICTIVE","MEDIUM","MODELED"
2026,2,"pressure_allowed_vs_pressure_generated","GB","NE",0.0031,0.0109,0.3548,0.6129,-0.0323,"off:WEAKLY_PREDICTIVE|def:WEAKLY_PREDICTIVE","MEDIUM","MODELED"
2026,2,"pressure_allowed_vs_pressure_generated","GB","NO",0.0031,6e-04,0.3548,0.5161,-0.129,"off:WEAKLY_PREDICTIVE|def:WEAKLY_PREDICTIVE","MEDIUM","MODELED"
2026,2,"pressure_allowed_vs_pressure_generated","GB","NYG",0.0031,-0.0443,0.3548,0,-0.6452,"off:WEAKLY_PREDICTIVE|def:WEAKLY_PREDICTIVE","MEDIUM","MODELED"
2026,2,"pressure_allowed_vs_pressure_generated","GB","NYJ",0.0031,-0.0222,0.3548,0.1613,-0.4839,"off:WEAKLY_PREDICTIVE|def:WEAKLY_PREDICTIVE","MEDIUM","MODELED"
2026,2,"pressure_allowed_vs_pressure_generated","GB","PHI",0.0031,-0.0291,0.3548,0.0645,-0.5806,"off:WEAKLY_PREDICTIVE|def:WEAKLY_PREDICTIVE","MEDIUM","MODELED"
2026,2,"pressure_allowed_vs_pressure_generated","GB","PIT",0.0031,0.0277,0.3548,0.871,0.2258,"off:WEAKLY_PREDICTIVE|def:WEAKLY_PREDICTIVE","MEDIUM","MODELED"
2026,2,"pressure_allowed_vs_pressure_generated","GB","SEA",0.0031,0.0269,0.3548,0.8387,0.1935,"off:WEAKLY_PREDICTIVE|def:WEAKLY_PREDICTIVE","MEDIUM","MODELED"
2026,2,"pressure_allowed_vs_pressure_generated","GB","SF",0.0031,0.0055,0.3548,0.5806,-0.0645,"off:WEAKLY_PREDICTIVE|def:WEAKLY_PREDICTIVE","MEDIUM","MODELED"
2026,2,"pressure_allowed_vs_pressure_generated","GB","TB",0.0031,-0.0432,0.3548,0.0323,-0.6129,"off:WEAKLY_PREDICTIVE|def:WEAKLY_PREDICTIVE","MEDIUM","MODELED"
2026,2,"pressure_allowed_vs_pressure_generated","GB","TEN",0.0031,-0.0182,0.3548,0.2581,-0.3871,"off:WEAKLY_PREDICTIVE|def:WEAKLY_PREDICTIVE","MEDIUM","MODELED"
2026,2,"pressure_allowed_vs_pressure_generated","GB","WAS",0.0031,-0.0227,0.3548,0.129,-0.5161,"off:WEAKLY_PREDICTIVE|def:WEAKLY_PREDICTIVE","MEDIUM","MODELED"
2026,2,"pressure_allowed_vs_pressure_generated","HOU","ARI",-0.0037,-0.0199,0.4839,0.2258,-0.2903,"off:WEAKLY_PREDICTIVE|def:WEAKLY_PREDICTIVE","MEDIUM","MODELED"
2026,2,"pressure_allowed_vs_pressure_generated","HOU","ATL",-0.0037,0.0135,0.4839,0.7419,0.2258,"off:WEAKLY_PREDICTIVE|def:WEAKLY_PREDICTIVE","MEDIUM","MODELED"
2026,2,"pressure_allowed_vs_pressure_generated","HOU","BAL",-0.0037,0.0324,0.4839,0.9355,0.4194,"off:WEAKLY_PREDICTIVE|def:WEAKLY_PREDICTIVE","MEDIUM","MODELED"
2026,2,"pressure_allowed_vs_pressure_generated","HOU","BUF",-0.0037,0.0201,0.4839,0.7742,0.2581,"off:WEAKLY_PREDICTIVE|def:WEAKLY_PREDICTIVE","MEDIUM","MODELED"
2026,2,"pressure_allowed_vs_pressure_generated","HOU","CAR",-0.0037,-6e-04,0.4839,0.4839,-0.0323,"off:WEAKLY_PREDICTIVE|def:WEAKLY_PREDICTIVE","MEDIUM","MODELED"
2026,2,"pressure_allowed_vs_pressure_generated","HOU","CHI",-0.0037,0.0032,0.4839,0.5484,0.0323,"off:WEAKLY_PREDICTIVE|def:WEAKLY_PREDICTIVE","MEDIUM","MODELED"
2026,2,"pressure_allowed_vs_pressure_generated","HOU","CIN",-0.0037,-0.0133,0.4839,0.3226,-0.1935,"off:WEAKLY_PREDICTIVE|def:WEAKLY_PREDICTIVE","MEDIUM","MODELED"
2026,2,"pressure_allowed_vs_pressure_generated","HOU","CLE",-0.0037,-0.0127,0.4839,0.3548,-0.1613,"off:WEAKLY_PREDICTIVE|def:WEAKLY_PREDICTIVE","MEDIUM","MODELED"
2026,2,"pressure_allowed_vs_pressure_generated","HOU","DAL",-0.0037,-0.0204,0.4839,0.1935,-0.3226,"off:WEAKLY_PREDICTIVE|def:WEAKLY_PREDICTIVE","MEDIUM","MODELED"
2026,2,"pressure_allowed_vs_pressure_generated","HOU","DEN",-0.0037,0.0215,0.4839,0.8065,0.2903,"off:WEAKLY_PREDICTIVE|def:WEAKLY_PREDICTIVE","MEDIUM","MODELED"
2026,2,"pressure_allowed_vs_pressure_generated","HOU","DET",-0.0037,0.0415,0.4839,0.9677,0.4516,"off:WEAKLY_PREDICTIVE|def:WEAKLY_PREDICTIVE","MEDIUM","MODELED"
2026,2,"pressure_allowed_vs_pressure_generated","HOU","GB",-0.0037,0.0133,0.4839,0.6774,0.1613,"off:WEAKLY_PREDICTIVE|def:WEAKLY_PREDICTIVE","MEDIUM","MODELED"
2026,2,"pressure_allowed_vs_pressure_generated","HOU","IND",-0.0037,-0.0107,0.4839,0.3871,-0.129,"off:WEAKLY_PREDICTIVE|def:WEAKLY_PREDICTIVE","MEDIUM","MODELED"
2026,2,"pressure_allowed_vs_pressure_generated","HOU","JAX",-0.0037,-0.0139,0.4839,0.2903,-0.2258,"off:WEAKLY_PREDICTIVE|def:WEAKLY_PREDICTIVE","MEDIUM","MODELED"
2026,2,"pressure_allowed_vs_pressure_generated","HOU","KC",-0.0037,0.0134,0.4839,0.7097,0.1935,"off:WEAKLY_PREDICTIVE|def:WEAKLY_PREDICTIVE","MEDIUM","MODELED"
2026,2,"pressure_allowed_vs_pressure_generated","HOU","LAC",-0.0037,0.0126,0.4839,0.6452,0.129,"off:WEAKLY_PREDICTIVE|def:WEAKLY_PREDICTIVE","MEDIUM","MODELED"
2026,2,"pressure_allowed_vs_pressure_generated","HOU","LAR",-0.0037,-0.0103,0.4839,0.4194,-0.0968,"off:WEAKLY_PREDICTIVE|def:WEAKLY_PREDICTIVE","MEDIUM","MODELED"
2026,2,"pressure_allowed_vs_pressure_generated","HOU","LV",-0.0037,0.0322,0.4839,0.9032,0.3871,"off:WEAKLY_PREDICTIVE|def:WEAKLY_PREDICTIVE","MEDIUM","MODELED"
2026,2,"pressure_allowed_vs_pressure_generated","HOU","MIA",-0.0037,-0.0262,0.4839,0.0968,-0.4194,"off:WEAKLY_PREDICTIVE|def:WEAKLY_PREDICTIVE","MEDIUM","MODELED"
2026,2,"pressure_allowed_vs_pressure_generated","HOU","MIN",-0.0037,0.0519,0.4839,1,0.4839,"off:WEAKLY_PREDICTIVE|def:WEAKLY_PREDICTIVE","MEDIUM","MODELED"
2026,2,"pressure_allowed_vs_pressure_generated","HOU","NE",-0.0037,0.0109,0.4839,0.6129,0.0968,"off:WEAKLY_PREDICTIVE|def:WEAKLY_PREDICTIVE","MEDIUM","MODELED"
2026,2,"pressure_allowed_vs_pressure_generated","HOU","NO",-0.0037,6e-04,0.4839,0.5161,0,"off:WEAKLY_PREDICTIVE|def:WEAKLY_PREDICTIVE","MEDIUM","MODELED"
2026,2,"pressure_allowed_vs_pressure_generated","HOU","NYG",-0.0037,-0.0443,0.4839,0,-0.5161,"off:WEAKLY_PREDICTIVE|def:WEAKLY_PREDICTIVE","MEDIUM","MODELED"
2026,2,"pressure_allowed_vs_pressure_generated","HOU","NYJ",-0.0037,-0.0222,0.4839,0.1613,-0.3548,"off:WEAKLY_PREDICTIVE|def:WEAKLY_PREDICTIVE","MEDIUM","MODELED"
2026,2,"pressure_allowed_vs_pressure_generated","HOU","PHI",-0.0037,-0.0291,0.4839,0.0645,-0.4516,"off:WEAKLY_PREDICTIVE|def:WEAKLY_PREDICTIVE","MEDIUM","MODELED"
2026,2,"pressure_allowed_vs_pressure_generated","HOU","PIT",-0.0037,0.0277,0.4839,0.871,0.3548,"off:WEAKLY_PREDICTIVE|def:WEAKLY_PREDICTIVE","MEDIUM","MODELED"
2026,2,"pressure_allowed_vs_pressure_generated","HOU","SEA",-0.0037,0.0269,0.4839,0.8387,0.3226,"off:WEAKLY_PREDICTIVE|def:WEAKLY_PREDICTIVE","MEDIUM","MODELED"
2026,2,"pressure_allowed_vs_pressure_generated","HOU","SF",-0.0037,0.0055,0.4839,0.5806,0.0645,"off:WEAKLY_PREDICTIVE|def:WEAKLY_PREDICTIVE","MEDIUM","MODELED"
2026,2,"pressure_allowed_vs_pressure_generated","HOU","TB",-0.0037,-0.0432,0.4839,0.0323,-0.4839,"off:WEAKLY_PREDICTIVE|def:WEAKLY_PREDICTIVE","MEDIUM","MODELED"
2026,2,"pressure_allowed_vs_pressure_generated","HOU","TEN",-0.0037,-0.0182,0.4839,0.2581,-0.2581,"off:WEAKLY_PREDICTIVE|def:WEAKLY_PREDICTIVE","MEDIUM","MODELED"
2026,2,"pressure_allowed_vs_pressure_generated","HOU","WAS",-0.0037,-0.0227,0.4839,0.129,-0.3871,"off:WEAKLY_PREDICTIVE|def:WEAKLY_PREDICTIVE","MEDIUM","MODELED"
2026,2,"pressure_allowed_vs_pressure_generated","IND","ARI",-0.0082,-0.0199,0.5806,0.2258,-0.1935,"off:WEAKLY_PREDICTIVE|def:WEAKLY_PREDICTIVE","MEDIUM","MODELED"
2026,2,"pressure_allowed_vs_pressure_generated","IND","ATL",-0.0082,0.0135,0.5806,0.7419,0.3226,"off:WEAKLY_PREDICTIVE|def:WEAKLY_PREDICTIVE","MEDIUM","MODELED"
2026,2,"pressure_allowed_vs_pressure_generated","IND","BAL",-0.0082,0.0324,0.5806,0.9355,0.5161,"off:WEAKLY_PREDICTIVE|def:WEAKLY_PREDICTIVE","MEDIUM","MODELED"
2026,2,"pressure_allowed_vs_pressure_generated","IND","BUF",-0.0082,0.0201,0.5806,0.7742,0.3548,"off:WEAKLY_PREDICTIVE|def:WEAKLY_PREDICTIVE","MEDIUM","MODELED"
2026,2,"pressure_allowed_vs_pressure_generated","IND","CAR",-0.0082,-6e-04,0.5806,0.4839,0.0645,"off:WEAKLY_PREDICTIVE|def:WEAKLY_PREDICTIVE","MEDIUM","MODELED"
2026,2,"pressure_allowed_vs_pressure_generated","IND","CHI",-0.0082,0.0032,0.5806,0.5484,0.129,"off:WEAKLY_PREDICTIVE|def:WEAKLY_PREDICTIVE","MEDIUM","MODELED"
2026,2,"pressure_allowed_vs_pressure_generated","IND","CIN",-0.0082,-0.0133,0.5806,0.3226,-0.0968,"off:WEAKLY_PREDICTIVE|def:WEAKLY_PREDICTIVE","MEDIUM","MODELED"
2026,2,"pressure_allowed_vs_pressure_generated","IND","CLE",-0.0082,-0.0127,0.5806,0.3548,-0.0645,"off:WEAKLY_PREDICTIVE|def:WEAKLY_PREDICTIVE","MEDIUM","MODELED"
2026,2,"pressure_allowed_vs_pressure_generated","IND","DAL",-0.0082,-0.0204,0.5806,0.1935,-0.2258,"off:WEAKLY_PREDICTIVE|def:WEAKLY_PREDICTIVE","MEDIUM","MODELED"
2026,2,"pressure_allowed_vs_pressure_generated","IND","DEN",-0.0082,0.0215,0.5806,0.8065,0.3871,"off:WEAKLY_PREDICTIVE|def:WEAKLY_PREDICTIVE","MEDIUM","MODELED"
2026,2,"pressure_allowed_vs_pressure_generated","IND","DET",-0.0082,0.0415,0.5806,0.9677,0.5484,"off:WEAKLY_PREDICTIVE|def:WEAKLY_PREDICTIVE","MEDIUM","MODELED"
2026,2,"pressure_allowed_vs_pressure_generated","IND","GB",-0.0082,0.0133,0.5806,0.6774,0.2581,"off:WEAKLY_PREDICTIVE|def:WEAKLY_PREDICTIVE","MEDIUM","MODELED"
2026,2,"pressure_allowed_vs_pressure_generated","IND","HOU",-0.0082,-0.0074,0.5806,0.4516,0.0323,"off:WEAKLY_PREDICTIVE|def:WEAKLY_PREDICTIVE","MEDIUM","MODELED"
2026,2,"pressure_allowed_vs_pressure_generated","IND","JAX",-0.0082,-0.0139,0.5806,0.2903,-0.129,"off:WEAKLY_PREDICTIVE|def:WEAKLY_PREDICTIVE","MEDIUM","MODELED"
2026,2,"pressure_allowed_vs_pressure_generated","IND","KC",-0.0082,0.0134,0.5806,0.7097,0.2903,"off:WEAKLY_PREDICTIVE|def:WEAKLY_PREDICTIVE","MEDIUM","MODELED"
2026,2,"pressure_allowed_vs_pressure_generated","IND","LAC",-0.0082,0.0126,0.5806,0.6452,0.2258,"off:WEAKLY_PREDICTIVE|def:WEAKLY_PREDICTIVE","MEDIUM","MODELED"
2026,2,"pressure_allowed_vs_pressure_generated","IND","LAR",-0.0082,-0.0103,0.5806,0.4194,0,"off:WEAKLY_PREDICTIVE|def:WEAKLY_PREDICTIVE","MEDIUM","MODELED"
2026,2,"pressure_allowed_vs_pressure_generated","IND","LV",-0.0082,0.0322,0.5806,0.9032,0.4839,"off:WEAKLY_PREDICTIVE|def:WEAKLY_PREDICTIVE","MEDIUM","MODELED"
2026,2,"pressure_allowed_vs_pressure_generated","IND","MIA",-0.0082,-0.0262,0.5806,0.0968,-0.3226,"off:WEAKLY_PREDICTIVE|def:WEAKLY_PREDICTIVE","MEDIUM","MODELED"
2026,2,"pressure_allowed_vs_pressure_generated","IND","MIN",-0.0082,0.0519,0.5806,1,0.5806,"off:WEAKLY_PREDICTIVE|def:WEAKLY_PREDICTIVE","MEDIUM","MODELED"
2026,2,"pressure_allowed_vs_pressure_generated","IND","NE",-0.0082,0.0109,0.5806,0.6129,0.1935,"off:WEAKLY_PREDICTIVE|def:WEAKLY_PREDICTIVE","MEDIUM","MODELED"
2026,2,"pressure_allowed_vs_pressure_generated","IND","NO",-0.0082,6e-04,0.5806,0.5161,0.0968,"off:WEAKLY_PREDICTIVE|def:WEAKLY_PREDICTIVE","MEDIUM","MODELED"
2026,2,"pressure_allowed_vs_pressure_generated","IND","NYG",-0.0082,-0.0443,0.5806,0,-0.4194,"off:WEAKLY_PREDICTIVE|def:WEAKLY_PREDICTIVE","MEDIUM","MODELED"
2026,2,"pressure_allowed_vs_pressure_generated","IND","NYJ",-0.0082,-0.0222,0.5806,0.1613,-0.2581,"off:WEAKLY_PREDICTIVE|def:WEAKLY_PREDICTIVE","MEDIUM","MODELED"
2026,2,"pressure_allowed_vs_pressure_generated","IND","PHI",-0.0082,-0.0291,0.5806,0.0645,-0.3548,"off:WEAKLY_PREDICTIVE|def:WEAKLY_PREDICTIVE","MEDIUM","MODELED"
2026,2,"pressure_allowed_vs_pressure_generated","IND","PIT",-0.0082,0.0277,0.5806,0.871,0.4516,"off:WEAKLY_PREDICTIVE|def:WEAKLY_PREDICTIVE","MEDIUM","MODELED"
2026,2,"pressure_allowed_vs_pressure_generated","IND","SEA",-0.0082,0.0269,0.5806,0.8387,0.4194,"off:WEAKLY_PREDICTIVE|def:WEAKLY_PREDICTIVE","MEDIUM","MODELED"
2026,2,"pressure_allowed_vs_pressure_generated","IND","SF",-0.0082,0.0055,0.5806,0.5806,0.1613,"off:WEAKLY_PREDICTIVE|def:WEAKLY_PREDICTIVE","MEDIUM","MODELED"
2026,2,"pressure_allowed_vs_pressure_generated","IND","TB",-0.0082,-0.0432,0.5806,0.0323,-0.3871,"off:WEAKLY_PREDICTIVE|def:WEAKLY_PREDICTIVE","MEDIUM","MODELED"
2026,2,"pressure_allowed_vs_pressure_generated","IND","TEN",-0.0082,-0.0182,0.5806,0.2581,-0.1613,"off:WEAKLY_PREDICTIVE|def:WEAKLY_PREDICTIVE","MEDIUM","MODELED"
2026,2,"pressure_allowed_vs_pressure_generated","IND","WAS",-0.0082,-0.0227,0.5806,0.129,-0.2903,"off:WEAKLY_PREDICTIVE|def:WEAKLY_PREDICTIVE","MEDIUM","MODELED"
2026,2,"pressure_allowed_vs_pressure_generated","JAX","ARI",-0.0014,-0.0199,0.4516,0.2258,-0.3226,"off:WEAKLY_PREDICTIVE|def:WEAKLY_PREDICTIVE","MEDIUM","MODELED"
2026,2,"pressure_allowed_vs_pressure_generated","JAX","ATL",-0.0014,0.0135,0.4516,0.7419,0.1935,"off:WEAKLY_PREDICTIVE|def:WEAKLY_PREDICTIVE","MEDIUM","MODELED"
2026,2,"pressure_allowed_vs_pressure_generated","JAX","BAL",-0.0014,0.0324,0.4516,0.9355,0.3871,"off:WEAKLY_PREDICTIVE|def:WEAKLY_PREDICTIVE","MEDIUM","MODELED"
2026,2,"pressure_allowed_vs_pressure_generated","JAX","BUF",-0.0014,0.0201,0.4516,0.7742,0.2258,"off:WEAKLY_PREDICTIVE|def:WEAKLY_PREDICTIVE","MEDIUM","MODELED"
2026,2,"pressure_allowed_vs_pressure_generated","JAX","CAR",-0.0014,-6e-04,0.4516,0.4839,-0.0645,"off:WEAKLY_PREDICTIVE|def:WEAKLY_PREDICTIVE","MEDIUM","MODELED"
2026,2,"pressure_allowed_vs_pressure_generated","JAX","CHI",-0.0014,0.0032,0.4516,0.5484,0,"off:WEAKLY_PREDICTIVE|def:WEAKLY_PREDICTIVE","MEDIUM","MODELED"
2026,2,"pressure_allowed_vs_pressure_generated","JAX","CIN",-0.0014,-0.0133,0.4516,0.3226,-0.2258,"off:WEAKLY_PREDICTIVE|def:WEAKLY_PREDICTIVE","MEDIUM","MODELED"
2026,2,"pressure_allowed_vs_pressure_generated","JAX","CLE",-0.0014,-0.0127,0.4516,0.3548,-0.1935,"off:WEAKLY_PREDICTIVE|def:WEAKLY_PREDICTIVE","MEDIUM","MODELED"
2026,2,"pressure_allowed_vs_pressure_generated","JAX","DAL",-0.0014,-0.0204,0.4516,0.1935,-0.3548,"off:WEAKLY_PREDICTIVE|def:WEAKLY_PREDICTIVE","MEDIUM","MODELED"
2026,2,"pressure_allowed_vs_pressure_generated","JAX","DEN",-0.0014,0.0215,0.4516,0.8065,0.2581,"off:WEAKLY_PREDICTIVE|def:WEAKLY_PREDICTIVE","MEDIUM","MODELED"
2026,2,"pressure_allowed_vs_pressure_generated","JAX","DET",-0.0014,0.0415,0.4516,0.9677,0.4194,"off:WEAKLY_PREDICTIVE|def:WEAKLY_PREDICTIVE","MEDIUM","MODELED"
2026,2,"pressure_allowed_vs_pressure_generated","JAX","GB",-0.0014,0.0133,0.4516,0.6774,0.129,"off:WEAKLY_PREDICTIVE|def:WEAKLY_PREDICTIVE","MEDIUM","MODELED"
2026,2,"pressure_allowed_vs_pressure_generated","JAX","HOU",-0.0014,-0.0074,0.4516,0.4516,-0.0968,"off:WEAKLY_PREDICTIVE|def:WEAKLY_PREDICTIVE","MEDIUM","MODELED"
2026,2,"pressure_allowed_vs_pressure_generated","JAX","IND",-0.0014,-0.0107,0.4516,0.3871,-0.1613,"off:WEAKLY_PREDICTIVE|def:WEAKLY_PREDICTIVE","MEDIUM","MODELED"
2026,2,"pressure_allowed_vs_pressure_generated","JAX","KC",-0.0014,0.0134,0.4516,0.7097,0.1613,"off:WEAKLY_PREDICTIVE|def:WEAKLY_PREDICTIVE","MEDIUM","MODELED"
2026,2,"pressure_allowed_vs_pressure_generated","JAX","LAC",-0.0014,0.0126,0.4516,0.6452,0.0968,"off:WEAKLY_PREDICTIVE|def:WEAKLY_PREDICTIVE","MEDIUM","MODELED"
2026,2,"pressure_allowed_vs_pressure_generated","JAX","LAR",-0.0014,-0.0103,0.4516,0.4194,-0.129,"off:WEAKLY_PREDICTIVE|def:WEAKLY_PREDICTIVE","MEDIUM","MODELED"
2026,2,"pressure_allowed_vs_pressure_generated","JAX","LV",-0.0014,0.0322,0.4516,0.9032,0.3548,"off:WEAKLY_PREDICTIVE|def:WEAKLY_PREDICTIVE","MEDIUM","MODELED"
2026,2,"pressure_allowed_vs_pressure_generated","JAX","MIA",-0.0014,-0.0262,0.4516,0.0968,-0.4516,"off:WEAKLY_PREDICTIVE|def:WEAKLY_PREDICTIVE","MEDIUM","MODELED"
2026,2,"pressure_allowed_vs_pressure_generated","JAX","MIN",-0.0014,0.0519,0.4516,1,0.4516,"off:WEAKLY_PREDICTIVE|def:WEAKLY_PREDICTIVE","MEDIUM","MODELED"
2026,2,"pressure_allowed_vs_pressure_generated","JAX","NE",-0.0014,0.0109,0.4516,0.6129,0.0645,"off:WEAKLY_PREDICTIVE|def:WEAKLY_PREDICTIVE","MEDIUM","MODELED"
2026,2,"pressure_allowed_vs_pressure_generated","JAX","NO",-0.0014,6e-04,0.4516,0.5161,-0.0323,"off:WEAKLY_PREDICTIVE|def:WEAKLY_PREDICTIVE","MEDIUM","MODELED"
2026,2,"pressure_allowed_vs_pressure_generated","JAX","NYG",-0.0014,-0.0443,0.4516,0,-0.5484,"off:WEAKLY_PREDICTIVE|def:WEAKLY_PREDICTIVE","MEDIUM","MODELED"
2026,2,"pressure_allowed_vs_pressure_generated","JAX","NYJ",-0.0014,-0.0222,0.4516,0.1613,-0.3871,"off:WEAKLY_PREDICTIVE|def:WEAKLY_PREDICTIVE","MEDIUM","MODELED"
2026,2,"pressure_allowed_vs_pressure_generated","JAX","PHI",-0.0014,-0.0291,0.4516,0.0645,-0.4839,"off:WEAKLY_PREDICTIVE|def:WEAKLY_PREDICTIVE","MEDIUM","MODELED"
2026,2,"pressure_allowed_vs_pressure_generated","JAX","PIT",-0.0014,0.0277,0.4516,0.871,0.3226,"off:WEAKLY_PREDICTIVE|def:WEAKLY_PREDICTIVE","MEDIUM","MODELED"
2026,2,"pressure_allowed_vs_pressure_generated","JAX","SEA",-0.0014,0.0269,0.4516,0.8387,0.2903,"off:WEAKLY_PREDICTIVE|def:WEAKLY_PREDICTIVE","MEDIUM","MODELED"
2026,2,"pressure_allowed_vs_pressure_generated","JAX","SF",-0.0014,0.0055,0.4516,0.5806,0.0323,"off:WEAKLY_PREDICTIVE|def:WEAKLY_PREDICTIVE","MEDIUM","MODELED"
2026,2,"pressure_allowed_vs_pressure_generated","JAX","TB",-0.0014,-0.0432,0.4516,0.0323,-0.5161,"off:WEAKLY_PREDICTIVE|def:WEAKLY_PREDICTIVE","MEDIUM","MODELED"
2026,2,"pressure_allowed_vs_pressure_generated","JAX","TEN",-0.0014,-0.0182,0.4516,0.2581,-0.2903,"off:WEAKLY_PREDICTIVE|def:WEAKLY_PREDICTIVE","MEDIUM","MODELED"
2026,2,"pressure_allowed_vs_pressure_generated","JAX","WAS",-0.0014,-0.0227,0.4516,0.129,-0.4194,"off:WEAKLY_PREDICTIVE|def:WEAKLY_PREDICTIVE","MEDIUM","MODELED"
2026,2,"pressure_allowed_vs_pressure_generated","KC","ARI",-0.0104,-0.0199,0.6774,0.2258,-0.0968,"off:WEAKLY_PREDICTIVE|def:WEAKLY_PREDICTIVE","MEDIUM","MODELED"
2026,2,"pressure_allowed_vs_pressure_generated","KC","ATL",-0.0104,0.0135,0.6774,0.7419,0.4194,"off:WEAKLY_PREDICTIVE|def:WEAKLY_PREDICTIVE","MEDIUM","MODELED"
2026,2,"pressure_allowed_vs_pressure_generated","KC","BAL",-0.0104,0.0324,0.6774,0.9355,0.6129,"off:WEAKLY_PREDICTIVE|def:WEAKLY_PREDICTIVE","MEDIUM","MODELED"
2026,2,"pressure_allowed_vs_pressure_generated","KC","BUF",-0.0104,0.0201,0.6774,0.7742,0.4516,"off:WEAKLY_PREDICTIVE|def:WEAKLY_PREDICTIVE","MEDIUM","MODELED"
2026,2,"pressure_allowed_vs_pressure_generated","KC","CAR",-0.0104,-6e-04,0.6774,0.4839,0.1613,"off:WEAKLY_PREDICTIVE|def:WEAKLY_PREDICTIVE","MEDIUM","MODELED"
2026,2,"pressure_allowed_vs_pressure_generated","KC","CHI",-0.0104,0.0032,0.6774,0.5484,0.2258,"off:WEAKLY_PREDICTIVE|def:WEAKLY_PREDICTIVE","MEDIUM","MODELED"
2026,2,"pressure_allowed_vs_pressure_generated","KC","CIN",-0.0104,-0.0133,0.6774,0.3226,0,"off:WEAKLY_PREDICTIVE|def:WEAKLY_PREDICTIVE","MEDIUM","MODELED"
2026,2,"pressure_allowed_vs_pressure_generated","KC","CLE",-0.0104,-0.0127,0.6774,0.3548,0.0323,"off:WEAKLY_PREDICTIVE|def:WEAKLY_PREDICTIVE","MEDIUM","MODELED"
2026,2,"pressure_allowed_vs_pressure_generated","KC","DAL",-0.0104,-0.0204,0.6774,0.1935,-0.129,"off:WEAKLY_PREDICTIVE|def:WEAKLY_PREDICTIVE","MEDIUM","MODELED"
2026,2,"pressure_allowed_vs_pressure_generated","KC","DEN",-0.0104,0.0215,0.6774,0.8065,0.4839,"off:WEAKLY_PREDICTIVE|def:WEAKLY_PREDICTIVE","MEDIUM","MODELED"
2026,2,"pressure_allowed_vs_pressure_generated","KC","DET",-0.0104,0.0415,0.6774,0.9677,0.6452,"off:WEAKLY_PREDICTIVE|def:WEAKLY_PREDICTIVE","MEDIUM","MODELED"
2026,2,"pressure_allowed_vs_pressure_generated","KC","GB",-0.0104,0.0133,0.6774,0.6774,0.3548,"off:WEAKLY_PREDICTIVE|def:WEAKLY_PREDICTIVE","MEDIUM","MODELED"
2026,2,"pressure_allowed_vs_pressure_generated","KC","HOU",-0.0104,-0.0074,0.6774,0.4516,0.129,"off:WEAKLY_PREDICTIVE|def:WEAKLY_PREDICTIVE","MEDIUM","MODELED"
2026,2,"pressure_allowed_vs_pressure_generated","KC","IND",-0.0104,-0.0107,0.6774,0.3871,0.0645,"off:WEAKLY_PREDICTIVE|def:WEAKLY_PREDICTIVE","MEDIUM","MODELED"
2026,2,"pressure_allowed_vs_pressure_generated","KC","JAX",-0.0104,-0.0139,0.6774,0.2903,-0.0323,"off:WEAKLY_PREDICTIVE|def:WEAKLY_PREDICTIVE","MEDIUM","MODELED"
2026,2,"pressure_allowed_vs_pressure_generated","KC","LAC",-0.0104,0.0126,0.6774,0.6452,0.3226,"off:WEAKLY_PREDICTIVE|def:WEAKLY_PREDICTIVE","MEDIUM","MODELED"
2026,2,"pressure_allowed_vs_pressure_generated","KC","LAR",-0.0104,-0.0103,0.6774,0.4194,0.0968,"off:WEAKLY_PREDICTIVE|def:WEAKLY_PREDICTIVE","MEDIUM","MODELED"
2026,2,"pressure_allowed_vs_pressure_generated","KC","LV",-0.0104,0.0322,0.6774,0.9032,0.5806,"off:WEAKLY_PREDICTIVE|def:WEAKLY_PREDICTIVE","MEDIUM","MODELED"
2026,2,"pressure_allowed_vs_pressure_generated","KC","MIA",-0.0104,-0.0262,0.6774,0.0968,-0.2258,"off:WEAKLY_PREDICTIVE|def:WEAKLY_PREDICTIVE","MEDIUM","MODELED"
2026,2,"pressure_allowed_vs_pressure_generated","KC","MIN",-0.0104,0.0519,0.6774,1,0.6774,"off:WEAKLY_PREDICTIVE|def:WEAKLY_PREDICTIVE","MEDIUM","MODELED"
2026,2,"pressure_allowed_vs_pressure_generated","KC","NE",-0.0104,0.0109,0.6774,0.6129,0.2903,"off:WEAKLY_PREDICTIVE|def:WEAKLY_PREDICTIVE","MEDIUM","MODELED"
2026,2,"pressure_allowed_vs_pressure_generated","KC","NO",-0.0104,6e-04,0.6774,0.5161,0.1935,"off:WEAKLY_PREDICTIVE|def:WEAKLY_PREDICTIVE","MEDIUM","MODELED"
2026,2,"pressure_allowed_vs_pressure_generated","KC","NYG",-0.0104,-0.0443,0.6774,0,-0.3226,"off:WEAKLY_PREDICTIVE|def:WEAKLY_PREDICTIVE","MEDIUM","MODELED"
2026,2,"pressure_allowed_vs_pressure_generated","KC","NYJ",-0.0104,-0.0222,0.6774,0.1613,-0.1613,"off:WEAKLY_PREDICTIVE|def:WEAKLY_PREDICTIVE","MEDIUM","MODELED"
2026,2,"pressure_allowed_vs_pressure_generated","KC","PHI",-0.0104,-0.0291,0.6774,0.0645,-0.2581,"off:WEAKLY_PREDICTIVE|def:WEAKLY_PREDICTIVE","MEDIUM","MODELED"
2026,2,"pressure_allowed_vs_pressure_generated","KC","PIT",-0.0104,0.0277,0.6774,0.871,0.5484,"off:WEAKLY_PREDICTIVE|def:WEAKLY_PREDICTIVE","MEDIUM","MODELED"
2026,2,"pressure_allowed_vs_pressure_generated","KC","SEA",-0.0104,0.0269,0.6774,0.8387,0.5161,"off:WEAKLY_PREDICTIVE|def:WEAKLY_PREDICTIVE","MEDIUM","MODELED"
2026,2,"pressure_allowed_vs_pressure_generated","KC","SF",-0.0104,0.0055,0.6774,0.5806,0.2581,"off:WEAKLY_PREDICTIVE|def:WEAKLY_PREDICTIVE","MEDIUM","MODELED"
2026,2,"pressure_allowed_vs_pressure_generated","KC","TB",-0.0104,-0.0432,0.6774,0.0323,-0.2903,"off:WEAKLY_PREDICTIVE|def:WEAKLY_PREDICTIVE","MEDIUM","MODELED"
2026,2,"pressure_allowed_vs_pressure_generated","KC","TEN",-0.0104,-0.0182,0.6774,0.2581,-0.0645,"off:WEAKLY_PREDICTIVE|def:WEAKLY_PREDICTIVE","MEDIUM","MODELED"
2026,2,"pressure_allowed_vs_pressure_generated","KC","WAS",-0.0104,-0.0227,0.6774,0.129,-0.1935,"off:WEAKLY_PREDICTIVE|def:WEAKLY_PREDICTIVE","MEDIUM","MODELED"
2026,2,"pressure_allowed_vs_pressure_generated","LAC","ARI",0.0099,-0.0199,0.2903,0.2258,-0.4839,"off:WEAKLY_PREDICTIVE|def:WEAKLY_PREDICTIVE","MEDIUM","MODELED"
2026,2,"pressure_allowed_vs_pressure_generated","LAC","ATL",0.0099,0.0135,0.2903,0.7419,0.0323,"off:WEAKLY_PREDICTIVE|def:WEAKLY_PREDICTIVE","MEDIUM","MODELED"
2026,2,"pressure_allowed_vs_pressure_generated","LAC","BAL",0.0099,0.0324,0.2903,0.9355,0.2258,"off:WEAKLY_PREDICTIVE|def:WEAKLY_PREDICTIVE","MEDIUM","MODELED"
2026,2,"pressure_allowed_vs_pressure_generated","LAC","BUF",0.0099,0.0201,0.2903,0.7742,0.0645,"off:WEAKLY_PREDICTIVE|def:WEAKLY_PREDICTIVE","MEDIUM","MODELED"
2026,2,"pressure_allowed_vs_pressure_generated","LAC","CAR",0.0099,-6e-04,0.2903,0.4839,-0.2258,"off:WEAKLY_PREDICTIVE|def:WEAKLY_PREDICTIVE","MEDIUM","MODELED"
2026,2,"pressure_allowed_vs_pressure_generated","LAC","CHI",0.0099,0.0032,0.2903,0.5484,-0.1613,"off:WEAKLY_PREDICTIVE|def:WEAKLY_PREDICTIVE","MEDIUM","MODELED"
2026,2,"pressure_allowed_vs_pressure_generated","LAC","CIN",0.0099,-0.0133,0.2903,0.3226,-0.3871,"off:WEAKLY_PREDICTIVE|def:WEAKLY_PREDICTIVE","MEDIUM","MODELED"
2026,2,"pressure_allowed_vs_pressure_generated","LAC","CLE",0.0099,-0.0127,0.2903,0.3548,-0.3548,"off:WEAKLY_PREDICTIVE|def:WEAKLY_PREDICTIVE","MEDIUM","MODELED"
2026,2,"pressure_allowed_vs_pressure_generated","LAC","DAL",0.0099,-0.0204,0.2903,0.1935,-0.5161,"off:WEAKLY_PREDICTIVE|def:WEAKLY_PREDICTIVE","MEDIUM","MODELED"
2026,2,"pressure_allowed_vs_pressure_generated","LAC","DEN",0.0099,0.0215,0.2903,0.8065,0.0968,"off:WEAKLY_PREDICTIVE|def:WEAKLY_PREDICTIVE","MEDIUM","MODELED"
2026,2,"pressure_allowed_vs_pressure_generated","LAC","DET",0.0099,0.0415,0.2903,0.9677,0.2581,"off:WEAKLY_PREDICTIVE|def:WEAKLY_PREDICTIVE","MEDIUM","MODELED"
2026,2,"pressure_allowed_vs_pressure_generated","LAC","GB",0.0099,0.0133,0.2903,0.6774,-0.0323,"off:WEAKLY_PREDICTIVE|def:WEAKLY_PREDICTIVE","MEDIUM","MODELED"
2026,2,"pressure_allowed_vs_pressure_generated","LAC","HOU",0.0099,-0.0074,0.2903,0.4516,-0.2581,"off:WEAKLY_PREDICTIVE|def:WEAKLY_PREDICTIVE","MEDIUM","MODELED"
2026,2,"pressure_allowed_vs_pressure_generated","LAC","IND",0.0099,-0.0107,0.2903,0.3871,-0.3226,"off:WEAKLY_PREDICTIVE|def:WEAKLY_PREDICTIVE","MEDIUM","MODELED"
2026,2,"pressure_allowed_vs_pressure_generated","LAC","JAX",0.0099,-0.0139,0.2903,0.2903,-0.4194,"off:WEAKLY_PREDICTIVE|def:WEAKLY_PREDICTIVE","MEDIUM","MODELED"
2026,2,"pressure_allowed_vs_pressure_generated","LAC","KC",0.0099,0.0134,0.2903,0.7097,0,"off:WEAKLY_PREDICTIVE|def:WEAKLY_PREDICTIVE","MEDIUM","MODELED"
2026,2,"pressure_allowed_vs_pressure_generated","LAC","LAR",0.0099,-0.0103,0.2903,0.4194,-0.2903,"off:WEAKLY_PREDICTIVE|def:WEAKLY_PREDICTIVE","MEDIUM","MODELED"
2026,2,"pressure_allowed_vs_pressure_generated","LAC","LV",0.0099,0.0322,0.2903,0.9032,0.1935,"off:WEAKLY_PREDICTIVE|def:WEAKLY_PREDICTIVE","MEDIUM","MODELED"
2026,2,"pressure_allowed_vs_pressure_generated","LAC","MIA",0.0099,-0.0262,0.2903,0.0968,-0.6129,"off:WEAKLY_PREDICTIVE|def:WEAKLY_PREDICTIVE","MEDIUM","MODELED"
2026,2,"pressure_allowed_vs_pressure_generated","LAC","MIN",0.0099,0.0519,0.2903,1,0.2903,"off:WEAKLY_PREDICTIVE|def:WEAKLY_PREDICTIVE","MEDIUM","MODELED"
2026,2,"pressure_allowed_vs_pressure_generated","LAC","NE",0.0099,0.0109,0.2903,0.6129,-0.0968,"off:WEAKLY_PREDICTIVE|def:WEAKLY_PREDICTIVE","MEDIUM","MODELED"
2026,2,"pressure_allowed_vs_pressure_generated","LAC","NO",0.0099,6e-04,0.2903,0.5161,-0.1935,"off:WEAKLY_PREDICTIVE|def:WEAKLY_PREDICTIVE","MEDIUM","MODELED"
2026,2,"pressure_allowed_vs_pressure_generated","LAC","NYG",0.0099,-0.0443,0.2903,0,-0.7097,"off:WEAKLY_PREDICTIVE|def:WEAKLY_PREDICTIVE","MEDIUM","MODELED"
2026,2,"pressure_allowed_vs_pressure_generated","LAC","NYJ",0.0099,-0.0222,0.2903,0.1613,-0.5484,"off:WEAKLY_PREDICTIVE|def:WEAKLY_PREDICTIVE","MEDIUM","MODELED"
2026,2,"pressure_allowed_vs_pressure_generated","LAC","PHI",0.0099,-0.0291,0.2903,0.0645,-0.6452,"off:WEAKLY_PREDICTIVE|def:WEAKLY_PREDICTIVE","MEDIUM","MODELED"
2026,2,"pressure_allowed_vs_pressure_generated","LAC","PIT",0.0099,0.0277,0.2903,0.871,0.1613,"off:WEAKLY_PREDICTIVE|def:WEAKLY_PREDICTIVE","MEDIUM","MODELED"
2026,2,"pressure_allowed_vs_pressure_generated","LAC","SEA",0.0099,0.0269,0.2903,0.8387,0.129,"off:WEAKLY_PREDICTIVE|def:WEAKLY_PREDICTIVE","MEDIUM","MODELED"
2026,2,"pressure_allowed_vs_pressure_generated","LAC","SF",0.0099,0.0055,0.2903,0.5806,-0.129,"off:WEAKLY_PREDICTIVE|def:WEAKLY_PREDICTIVE","MEDIUM","MODELED"
2026,2,"pressure_allowed_vs_pressure_generated","LAC","TB",0.0099,-0.0432,0.2903,0.0323,-0.6774,"off:WEAKLY_PREDICTIVE|def:WEAKLY_PREDICTIVE","MEDIUM","MODELED"
2026,2,"pressure_allowed_vs_pressure_generated","LAC","TEN",0.0099,-0.0182,0.2903,0.2581,-0.4516,"off:WEAKLY_PREDICTIVE|def:WEAKLY_PREDICTIVE","MEDIUM","MODELED"
2026,2,"pressure_allowed_vs_pressure_generated","LAC","WAS",0.0099,-0.0227,0.2903,0.129,-0.5806,"off:WEAKLY_PREDICTIVE|def:WEAKLY_PREDICTIVE","MEDIUM","MODELED"
2026,2,"pressure_allowed_vs_pressure_generated","LAR","ARI",0.0138,-0.0199,0.1613,0.2258,-0.6129,"off:WEAKLY_PREDICTIVE|def:WEAKLY_PREDICTIVE","MEDIUM","MODELED"
2026,2,"pressure_allowed_vs_pressure_generated","LAR","ATL",0.0138,0.0135,0.1613,0.7419,-0.0968,"off:WEAKLY_PREDICTIVE|def:WEAKLY_PREDICTIVE","MEDIUM","MODELED"
2026,2,"pressure_allowed_vs_pressure_generated","LAR","BAL",0.0138,0.0324,0.1613,0.9355,0.0968,"off:WEAKLY_PREDICTIVE|def:WEAKLY_PREDICTIVE","MEDIUM","MODELED"
2026,2,"pressure_allowed_vs_pressure_generated","LAR","BUF",0.0138,0.0201,0.1613,0.7742,-0.0645,"off:WEAKLY_PREDICTIVE|def:WEAKLY_PREDICTIVE","MEDIUM","MODELED"
2026,2,"pressure_allowed_vs_pressure_generated","LAR","CAR",0.0138,-6e-04,0.1613,0.4839,-0.3548,"off:WEAKLY_PREDICTIVE|def:WEAKLY_PREDICTIVE","MEDIUM","MODELED"
2026,2,"pressure_allowed_vs_pressure_generated","LAR","CHI",0.0138,0.0032,0.1613,0.5484,-0.2903,"off:WEAKLY_PREDICTIVE|def:WEAKLY_PREDICTIVE","MEDIUM","MODELED"
2026,2,"pressure_allowed_vs_pressure_generated","LAR","CIN",0.0138,-0.0133,0.1613,0.3226,-0.5161,"off:WEAKLY_PREDICTIVE|def:WEAKLY_PREDICTIVE","MEDIUM","MODELED"
2026,2,"pressure_allowed_vs_pressure_generated","LAR","CLE",0.0138,-0.0127,0.1613,0.3548,-0.4839,"off:WEAKLY_PREDICTIVE|def:WEAKLY_PREDICTIVE","MEDIUM","MODELED"
2026,2,"pressure_allowed_vs_pressure_generated","LAR","DAL",0.0138,-0.0204,0.1613,0.1935,-0.6452,"off:WEAKLY_PREDICTIVE|def:WEAKLY_PREDICTIVE","MEDIUM","MODELED"
2026,2,"pressure_allowed_vs_pressure_generated","LAR","DEN",0.0138,0.0215,0.1613,0.8065,-0.0323,"off:WEAKLY_PREDICTIVE|def:WEAKLY_PREDICTIVE","MEDIUM","MODELED"
2026,2,"pressure_allowed_vs_pressure_generated","LAR","DET",0.0138,0.0415,0.1613,0.9677,0.129,"off:WEAKLY_PREDICTIVE|def:WEAKLY_PREDICTIVE","MEDIUM","MODELED"
2026,2,"pressure_allowed_vs_pressure_generated","LAR","GB",0.0138,0.0133,0.1613,0.6774,-0.1613,"off:WEAKLY_PREDICTIVE|def:WEAKLY_PREDICTIVE","MEDIUM","MODELED"
2026,2,"pressure_allowed_vs_pressure_generated","LAR","HOU",0.0138,-0.0074,0.1613,0.4516,-0.3871,"off:WEAKLY_PREDICTIVE|def:WEAKLY_PREDICTIVE","MEDIUM","MODELED"
2026,2,"pressure_allowed_vs_pressure_generated","LAR","IND",0.0138,-0.0107,0.1613,0.3871,-0.4516,"off:WEAKLY_PREDICTIVE|def:WEAKLY_PREDICTIVE","MEDIUM","MODELED"
2026,2,"pressure_allowed_vs_pressure_generated","LAR","JAX",0.0138,-0.0139,0.1613,0.2903,-0.5484,"off:WEAKLY_PREDICTIVE|def:WEAKLY_PREDICTIVE","MEDIUM","MODELED"
2026,2,"pressure_allowed_vs_pressure_generated","LAR","KC",0.0138,0.0134,0.1613,0.7097,-0.129,"off:WEAKLY_PREDICTIVE|def:WEAKLY_PREDICTIVE","MEDIUM","MODELED"
2026,2,"pressure_allowed_vs_pressure_generated","LAR","LAC",0.0138,0.0126,0.1613,0.6452,-0.1935,"off:WEAKLY_PREDICTIVE|def:WEAKLY_PREDICTIVE","MEDIUM","MODELED"
2026,2,"pressure_allowed_vs_pressure_generated","LAR","LV",0.0138,0.0322,0.1613,0.9032,0.0645,"off:WEAKLY_PREDICTIVE|def:WEAKLY_PREDICTIVE","MEDIUM","MODELED"
2026,2,"pressure_allowed_vs_pressure_generated","LAR","MIA",0.0138,-0.0262,0.1613,0.0968,-0.7419,"off:WEAKLY_PREDICTIVE|def:WEAKLY_PREDICTIVE","MEDIUM","MODELED"
2026,2,"pressure_allowed_vs_pressure_generated","LAR","MIN",0.0138,0.0519,0.1613,1,0.1613,"off:WEAKLY_PREDICTIVE|def:WEAKLY_PREDICTIVE","MEDIUM","MODELED"
2026,2,"pressure_allowed_vs_pressure_generated","LAR","NE",0.0138,0.0109,0.1613,0.6129,-0.2258,"off:WEAKLY_PREDICTIVE|def:WEAKLY_PREDICTIVE","MEDIUM","MODELED"
2026,2,"pressure_allowed_vs_pressure_generated","LAR","NO",0.0138,6e-04,0.1613,0.5161,-0.3226,"off:WEAKLY_PREDICTIVE|def:WEAKLY_PREDICTIVE","MEDIUM","MODELED"
2026,2,"pressure_allowed_vs_pressure_generated","LAR","NYG",0.0138,-0.0443,0.1613,0,-0.8387,"off:WEAKLY_PREDICTIVE|def:WEAKLY_PREDICTIVE","MEDIUM","MODELED"
2026,2,"pressure_allowed_vs_pressure_generated","LAR","NYJ",0.0138,-0.0222,0.1613,0.1613,-0.6774,"off:WEAKLY_PREDICTIVE|def:WEAKLY_PREDICTIVE","MEDIUM","MODELED"
2026,2,"pressure_allowed_vs_pressure_generated","LAR","PHI",0.0138,-0.0291,0.1613,0.0645,-0.7742,"off:WEAKLY_PREDICTIVE|def:WEAKLY_PREDICTIVE","MEDIUM","MODELED"
2026,2,"pressure_allowed_vs_pressure_generated","LAR","PIT",0.0138,0.0277,0.1613,0.871,0.0323,"off:WEAKLY_PREDICTIVE|def:WEAKLY_PREDICTIVE","MEDIUM","MODELED"
2026,2,"pressure_allowed_vs_pressure_generated","LAR","SEA",0.0138,0.0269,0.1613,0.8387,0,"off:WEAKLY_PREDICTIVE|def:WEAKLY_PREDICTIVE","MEDIUM","MODELED"
2026,2,"pressure_allowed_vs_pressure_generated","LAR","SF",0.0138,0.0055,0.1613,0.5806,-0.2581,"off:WEAKLY_PREDICTIVE|def:WEAKLY_PREDICTIVE","MEDIUM","MODELED"
2026,2,"pressure_allowed_vs_pressure_generated","LAR","TB",0.0138,-0.0432,0.1613,0.0323,-0.8065,"off:WEAKLY_PREDICTIVE|def:WEAKLY_PREDICTIVE","MEDIUM","MODELED"
2026,2,"pressure_allowed_vs_pressure_generated","LAR","TEN",0.0138,-0.0182,0.1613,0.2581,-0.5806,"off:WEAKLY_PREDICTIVE|def:WEAKLY_PREDICTIVE","MEDIUM","MODELED"
2026,2,"pressure_allowed_vs_pressure_generated","LAR","WAS",0.0138,-0.0227,0.1613,0.129,-0.7097,"off:WEAKLY_PREDICTIVE|def:WEAKLY_PREDICTIVE","MEDIUM","MODELED"
2026,2,"pressure_allowed_vs_pressure_generated","LV","ARI",0.0128,-0.0199,0.1935,0.2258,-0.5806,"off:WEAKLY_PREDICTIVE|def:WEAKLY_PREDICTIVE","MEDIUM","MODELED"
2026,2,"pressure_allowed_vs_pressure_generated","LV","ATL",0.0128,0.0135,0.1935,0.7419,-0.0645,"off:WEAKLY_PREDICTIVE|def:WEAKLY_PREDICTIVE","MEDIUM","MODELED"
2026,2,"pressure_allowed_vs_pressure_generated","LV","BAL",0.0128,0.0324,0.1935,0.9355,0.129,"off:WEAKLY_PREDICTIVE|def:WEAKLY_PREDICTIVE","MEDIUM","MODELED"
2026,2,"pressure_allowed_vs_pressure_generated","LV","BUF",0.0128,0.0201,0.1935,0.7742,-0.0323,"off:WEAKLY_PREDICTIVE|def:WEAKLY_PREDICTIVE","MEDIUM","MODELED"
2026,2,"pressure_allowed_vs_pressure_generated","LV","CAR",0.0128,-6e-04,0.1935,0.4839,-0.3226,"off:WEAKLY_PREDICTIVE|def:WEAKLY_PREDICTIVE","MEDIUM","MODELED"
2026,2,"pressure_allowed_vs_pressure_generated","LV","CHI",0.0128,0.0032,0.1935,0.5484,-0.2581,"off:WEAKLY_PREDICTIVE|def:WEAKLY_PREDICTIVE","MEDIUM","MODELED"
2026,2,"pressure_allowed_vs_pressure_generated","LV","CIN",0.0128,-0.0133,0.1935,0.3226,-0.4839,"off:WEAKLY_PREDICTIVE|def:WEAKLY_PREDICTIVE","MEDIUM","MODELED"
2026,2,"pressure_allowed_vs_pressure_generated","LV","CLE",0.0128,-0.0127,0.1935,0.3548,-0.4516,"off:WEAKLY_PREDICTIVE|def:WEAKLY_PREDICTIVE","MEDIUM","MODELED"
2026,2,"pressure_allowed_vs_pressure_generated","LV","DAL",0.0128,-0.0204,0.1935,0.1935,-0.6129,"off:WEAKLY_PREDICTIVE|def:WEAKLY_PREDICTIVE","MEDIUM","MODELED"
2026,2,"pressure_allowed_vs_pressure_generated","LV","DEN",0.0128,0.0215,0.1935,0.8065,0,"off:WEAKLY_PREDICTIVE|def:WEAKLY_PREDICTIVE","MEDIUM","MODELED"
2026,2,"pressure_allowed_vs_pressure_generated","LV","DET",0.0128,0.0415,0.1935,0.9677,0.1613,"off:WEAKLY_PREDICTIVE|def:WEAKLY_PREDICTIVE","MEDIUM","MODELED"
2026,2,"pressure_allowed_vs_pressure_generated","LV","GB",0.0128,0.0133,0.1935,0.6774,-0.129,"off:WEAKLY_PREDICTIVE|def:WEAKLY_PREDICTIVE","MEDIUM","MODELED"
2026,2,"pressure_allowed_vs_pressure_generated","LV","HOU",0.0128,-0.0074,0.1935,0.4516,-0.3548,"off:WEAKLY_PREDICTIVE|def:WEAKLY_PREDICTIVE","MEDIUM","MODELED"
2026,2,"pressure_allowed_vs_pressure_generated","LV","IND",0.0128,-0.0107,0.1935,0.3871,-0.4194,"off:WEAKLY_PREDICTIVE|def:WEAKLY_PREDICTIVE","MEDIUM","MODELED"
2026,2,"pressure_allowed_vs_pressure_generated","LV","JAX",0.0128,-0.0139,0.1935,0.2903,-0.5161,"off:WEAKLY_PREDICTIVE|def:WEAKLY_PREDICTIVE","MEDIUM","MODELED"
2026,2,"pressure_allowed_vs_pressure_generated","LV","KC",0.0128,0.0134,0.1935,0.7097,-0.0968,"off:WEAKLY_PREDICTIVE|def:WEAKLY_PREDICTIVE","MEDIUM","MODELED"
2026,2,"pressure_allowed_vs_pressure_generated","LV","LAC",0.0128,0.0126,0.1935,0.6452,-0.1613,"off:WEAKLY_PREDICTIVE|def:WEAKLY_PREDICTIVE","MEDIUM","MODELED"
2026,2,"pressure_allowed_vs_pressure_generated","LV","LAR",0.0128,-0.0103,0.1935,0.4194,-0.3871,"off:WEAKLY_PREDICTIVE|def:WEAKLY_PREDICTIVE","MEDIUM","MODELED"
2026,2,"pressure_allowed_vs_pressure_generated","LV","MIA",0.0128,-0.0262,0.1935,0.0968,-0.7097,"off:WEAKLY_PREDICTIVE|def:WEAKLY_PREDICTIVE","MEDIUM","MODELED"
2026,2,"pressure_allowed_vs_pressure_generated","LV","MIN",0.0128,0.0519,0.1935,1,0.1935,"off:WEAKLY_PREDICTIVE|def:WEAKLY_PREDICTIVE","MEDIUM","MODELED"
2026,2,"pressure_allowed_vs_pressure_generated","LV","NE",0.0128,0.0109,0.1935,0.6129,-0.1935,"off:WEAKLY_PREDICTIVE|def:WEAKLY_PREDICTIVE","MEDIUM","MODELED"
2026,2,"pressure_allowed_vs_pressure_generated","LV","NO",0.0128,6e-04,0.1935,0.5161,-0.2903,"off:WEAKLY_PREDICTIVE|def:WEAKLY_PREDICTIVE","MEDIUM","MODELED"
2026,2,"pressure_allowed_vs_pressure_generated","LV","NYG",0.0128,-0.0443,0.1935,0,-0.8065,"off:WEAKLY_PREDICTIVE|def:WEAKLY_PREDICTIVE","MEDIUM","MODELED"
2026,2,"pressure_allowed_vs_pressure_generated","LV","NYJ",0.0128,-0.0222,0.1935,0.1613,-0.6452,"off:WEAKLY_PREDICTIVE|def:WEAKLY_PREDICTIVE","MEDIUM","MODELED"
2026,2,"pressure_allowed_vs_pressure_generated","LV","PHI",0.0128,-0.0291,0.1935,0.0645,-0.7419,"off:WEAKLY_PREDICTIVE|def:WEAKLY_PREDICTIVE","MEDIUM","MODELED"
2026,2,"pressure_allowed_vs_pressure_generated","LV","PIT",0.0128,0.0277,0.1935,0.871,0.0645,"off:WEAKLY_PREDICTIVE|def:WEAKLY_PREDICTIVE","MEDIUM","MODELED"
2026,2,"pressure_allowed_vs_pressure_generated","LV","SEA",0.0128,0.0269,0.1935,0.8387,0.0323,"off:WEAKLY_PREDICTIVE|def:WEAKLY_PREDICTIVE","MEDIUM","MODELED"
2026,2,"pressure_allowed_vs_pressure_generated","LV","SF",0.0128,0.0055,0.1935,0.5806,-0.2258,"off:WEAKLY_PREDICTIVE|def:WEAKLY_PREDICTIVE","MEDIUM","MODELED"
2026,2,"pressure_allowed_vs_pressure_generated","LV","TB",0.0128,-0.0432,0.1935,0.0323,-0.7742,"off:WEAKLY_PREDICTIVE|def:WEAKLY_PREDICTIVE","MEDIUM","MODELED"
2026,2,"pressure_allowed_vs_pressure_generated","LV","TEN",0.0128,-0.0182,0.1935,0.2581,-0.5484,"off:WEAKLY_PREDICTIVE|def:WEAKLY_PREDICTIVE","MEDIUM","MODELED"
2026,2,"pressure_allowed_vs_pressure_generated","LV","WAS",0.0128,-0.0227,0.1935,0.129,-0.6774,"off:WEAKLY_PREDICTIVE|def:WEAKLY_PREDICTIVE","MEDIUM","MODELED"
2026,2,"pressure_allowed_vs_pressure_generated","MIA","ARI",-0.0118,-0.0199,0.7097,0.2258,-0.0645,"off:WEAKLY_PREDICTIVE|def:WEAKLY_PREDICTIVE","MEDIUM","MODELED"
2026,2,"pressure_allowed_vs_pressure_generated","MIA","ATL",-0.0118,0.0135,0.7097,0.7419,0.4516,"off:WEAKLY_PREDICTIVE|def:WEAKLY_PREDICTIVE","MEDIUM","MODELED"
2026,2,"pressure_allowed_vs_pressure_generated","MIA","BAL",-0.0118,0.0324,0.7097,0.9355,0.6452,"off:WEAKLY_PREDICTIVE|def:WEAKLY_PREDICTIVE","MEDIUM","MODELED"
2026,2,"pressure_allowed_vs_pressure_generated","MIA","BUF",-0.0118,0.0201,0.7097,0.7742,0.4839,"off:WEAKLY_PREDICTIVE|def:WEAKLY_PREDICTIVE","MEDIUM","MODELED"
2026,2,"pressure_allowed_vs_pressure_generated","MIA","CAR",-0.0118,-6e-04,0.7097,0.4839,0.1935,"off:WEAKLY_PREDICTIVE|def:WEAKLY_PREDICTIVE","MEDIUM","MODELED"
2026,2,"pressure_allowed_vs_pressure_generated","MIA","CHI",-0.0118,0.0032,0.7097,0.5484,0.2581,"off:WEAKLY_PREDICTIVE|def:WEAKLY_PREDICTIVE","MEDIUM","MODELED"
2026,2,"pressure_allowed_vs_pressure_generated","MIA","CIN",-0.0118,-0.0133,0.7097,0.3226,0.0323,"off:WEAKLY_PREDICTIVE|def:WEAKLY_PREDICTIVE","MEDIUM","MODELED"
2026,2,"pressure_allowed_vs_pressure_generated","MIA","CLE",-0.0118,-0.0127,0.7097,0.3548,0.0645,"off:WEAKLY_PREDICTIVE|def:WEAKLY_PREDICTIVE","MEDIUM","MODELED"
2026,2,"pressure_allowed_vs_pressure_generated","MIA","DAL",-0.0118,-0.0204,0.7097,0.1935,-0.0968,"off:WEAKLY_PREDICTIVE|def:WEAKLY_PREDICTIVE","MEDIUM","MODELED"
2026,2,"pressure_allowed_vs_pressure_generated","MIA","DEN",-0.0118,0.0215,0.7097,0.8065,0.5161,"off:WEAKLY_PREDICTIVE|def:WEAKLY_PREDICTIVE","MEDIUM","MODELED"
2026,2,"pressure_allowed_vs_pressure_generated","MIA","DET",-0.0118,0.0415,0.7097,0.9677,0.6774,"off:WEAKLY_PREDICTIVE|def:WEAKLY_PREDICTIVE","MEDIUM","MODELED"
2026,2,"pressure_allowed_vs_pressure_generated","MIA","GB",-0.0118,0.0133,0.7097,0.6774,0.3871,"off:WEAKLY_PREDICTIVE|def:WEAKLY_PREDICTIVE","MEDIUM","MODELED"
2026,2,"pressure_allowed_vs_pressure_generated","MIA","HOU",-0.0118,-0.0074,0.7097,0.4516,0.1613,"off:WEAKLY_PREDICTIVE|def:WEAKLY_PREDICTIVE","MEDIUM","MODELED"
2026,2,"pressure_allowed_vs_pressure_generated","MIA","IND",-0.0118,-0.0107,0.7097,0.3871,0.0968,"off:WEAKLY_PREDICTIVE|def:WEAKLY_PREDICTIVE","MEDIUM","MODELED"
2026,2,"pressure_allowed_vs_pressure_generated","MIA","JAX",-0.0118,-0.0139,0.7097,0.2903,0,"off:WEAKLY_PREDICTIVE|def:WEAKLY_PREDICTIVE","MEDIUM","MODELED"
2026,2,"pressure_allowed_vs_pressure_generated","MIA","KC",-0.0118,0.0134,0.7097,0.7097,0.4194,"off:WEAKLY_PREDICTIVE|def:WEAKLY_PREDICTIVE","MEDIUM","MODELED"
2026,2,"pressure_allowed_vs_pressure_generated","MIA","LAC",-0.0118,0.0126,0.7097,0.6452,0.3548,"off:WEAKLY_PREDICTIVE|def:WEAKLY_PREDICTIVE","MEDIUM","MODELED"
2026,2,"pressure_allowed_vs_pressure_generated","MIA","LAR",-0.0118,-0.0103,0.7097,0.4194,0.129,"off:WEAKLY_PREDICTIVE|def:WEAKLY_PREDICTIVE","MEDIUM","MODELED"
2026,2,"pressure_allowed_vs_pressure_generated","MIA","LV",-0.0118,0.0322,0.7097,0.9032,0.6129,"off:WEAKLY_PREDICTIVE|def:WEAKLY_PREDICTIVE","MEDIUM","MODELED"
2026,2,"pressure_allowed_vs_pressure_generated","MIA","MIN",-0.0118,0.0519,0.7097,1,0.7097,"off:WEAKLY_PREDICTIVE|def:WEAKLY_PREDICTIVE","MEDIUM","MODELED"
2026,2,"pressure_allowed_vs_pressure_generated","MIA","NE",-0.0118,0.0109,0.7097,0.6129,0.3226,"off:WEAKLY_PREDICTIVE|def:WEAKLY_PREDICTIVE","MEDIUM","MODELED"
2026,2,"pressure_allowed_vs_pressure_generated","MIA","NO",-0.0118,6e-04,0.7097,0.5161,0.2258,"off:WEAKLY_PREDICTIVE|def:WEAKLY_PREDICTIVE","MEDIUM","MODELED"
2026,2,"pressure_allowed_vs_pressure_generated","MIA","NYG",-0.0118,-0.0443,0.7097,0,-0.2903,"off:WEAKLY_PREDICTIVE|def:WEAKLY_PREDICTIVE","MEDIUM","MODELED"
2026,2,"pressure_allowed_vs_pressure_generated","MIA","NYJ",-0.0118,-0.0222,0.7097,0.1613,-0.129,"off:WEAKLY_PREDICTIVE|def:WEAKLY_PREDICTIVE","MEDIUM","MODELED"
2026,2,"pressure_allowed_vs_pressure_generated","MIA","PHI",-0.0118,-0.0291,0.7097,0.0645,-0.2258,"off:WEAKLY_PREDICTIVE|def:WEAKLY_PREDICTIVE","MEDIUM","MODELED"
2026,2,"pressure_allowed_vs_pressure_generated","MIA","PIT",-0.0118,0.0277,0.7097,0.871,0.5806,"off:WEAKLY_PREDICTIVE|def:WEAKLY_PREDICTIVE","MEDIUM","MODELED"
2026,2,"pressure_allowed_vs_pressure_generated","MIA","SEA",-0.0118,0.0269,0.7097,0.8387,0.5484,"off:WEAKLY_PREDICTIVE|def:WEAKLY_PREDICTIVE","MEDIUM","MODELED"
2026,2,"pressure_allowed_vs_pressure_generated","MIA","SF",-0.0118,0.0055,0.7097,0.5806,0.2903,"off:WEAKLY_PREDICTIVE|def:WEAKLY_PREDICTIVE","MEDIUM","MODELED"
2026,2,"pressure_allowed_vs_pressure_generated","MIA","TB",-0.0118,-0.0432,0.7097,0.0323,-0.2581,"off:WEAKLY_PREDICTIVE|def:WEAKLY_PREDICTIVE","MEDIUM","MODELED"
2026,2,"pressure_allowed_vs_pressure_generated","MIA","TEN",-0.0118,-0.0182,0.7097,0.2581,-0.0323,"off:WEAKLY_PREDICTIVE|def:WEAKLY_PREDICTIVE","MEDIUM","MODELED"
2026,2,"pressure_allowed_vs_pressure_generated","MIA","WAS",-0.0118,-0.0227,0.7097,0.129,-0.1613,"off:WEAKLY_PREDICTIVE|def:WEAKLY_PREDICTIVE","MEDIUM","MODELED"
2026,2,"pressure_allowed_vs_pressure_generated","MIN","ARI",0.003,-0.0199,0.3871,0.2258,-0.3871,"off:WEAKLY_PREDICTIVE|def:WEAKLY_PREDICTIVE","MEDIUM","MODELED"
2026,2,"pressure_allowed_vs_pressure_generated","MIN","ATL",0.003,0.0135,0.3871,0.7419,0.129,"off:WEAKLY_PREDICTIVE|def:WEAKLY_PREDICTIVE","MEDIUM","MODELED"
2026,2,"pressure_allowed_vs_pressure_generated","MIN","BAL",0.003,0.0324,0.3871,0.9355,0.3226,"off:WEAKLY_PREDICTIVE|def:WEAKLY_PREDICTIVE","MEDIUM","MODELED"
2026,2,"pressure_allowed_vs_pressure_generated","MIN","BUF",0.003,0.0201,0.3871,0.7742,0.1613,"off:WEAKLY_PREDICTIVE|def:WEAKLY_PREDICTIVE","MEDIUM","MODELED"
2026,2,"pressure_allowed_vs_pressure_generated","MIN","CAR",0.003,-6e-04,0.3871,0.4839,-0.129,"off:WEAKLY_PREDICTIVE|def:WEAKLY_PREDICTIVE","MEDIUM","MODELED"
2026,2,"pressure_allowed_vs_pressure_generated","MIN","CHI",0.003,0.0032,0.3871,0.5484,-0.0645,"off:WEAKLY_PREDICTIVE|def:WEAKLY_PREDICTIVE","MEDIUM","MODELED"
2026,2,"pressure_allowed_vs_pressure_generated","MIN","CIN",0.003,-0.0133,0.3871,0.3226,-0.2903,"off:WEAKLY_PREDICTIVE|def:WEAKLY_PREDICTIVE","MEDIUM","MODELED"
2026,2,"pressure_allowed_vs_pressure_generated","MIN","CLE",0.003,-0.0127,0.3871,0.3548,-0.2581,"off:WEAKLY_PREDICTIVE|def:WEAKLY_PREDICTIVE","MEDIUM","MODELED"
2026,2,"pressure_allowed_vs_pressure_generated","MIN","DAL",0.003,-0.0204,0.3871,0.1935,-0.4194,"off:WEAKLY_PREDICTIVE|def:WEAKLY_PREDICTIVE","MEDIUM","MODELED"
2026,2,"pressure_allowed_vs_pressure_generated","MIN","DEN",0.003,0.0215,0.3871,0.8065,0.1935,"off:WEAKLY_PREDICTIVE|def:WEAKLY_PREDICTIVE","MEDIUM","MODELED"
2026,2,"pressure_allowed_vs_pressure_generated","MIN","DET",0.003,0.0415,0.3871,0.9677,0.3548,"off:WEAKLY_PREDICTIVE|def:WEAKLY_PREDICTIVE","MEDIUM","MODELED"
2026,2,"pressure_allowed_vs_pressure_generated","MIN","GB",0.003,0.0133,0.3871,0.6774,0.0645,"off:WEAKLY_PREDICTIVE|def:WEAKLY_PREDICTIVE","MEDIUM","MODELED"
2026,2,"pressure_allowed_vs_pressure_generated","MIN","HOU",0.003,-0.0074,0.3871,0.4516,-0.1613,"off:WEAKLY_PREDICTIVE|def:WEAKLY_PREDICTIVE","MEDIUM","MODELED"
2026,2,"pressure_allowed_vs_pressure_generated","MIN","IND",0.003,-0.0107,0.3871,0.3871,-0.2258,"off:WEAKLY_PREDICTIVE|def:WEAKLY_PREDICTIVE","MEDIUM","MODELED"
2026,2,"pressure_allowed_vs_pressure_generated","MIN","JAX",0.003,-0.0139,0.3871,0.2903,-0.3226,"off:WEAKLY_PREDICTIVE|def:WEAKLY_PREDICTIVE","MEDIUM","MODELED"
2026,2,"pressure_allowed_vs_pressure_generated","MIN","KC",0.003,0.0134,0.3871,0.7097,0.0968,"off:WEAKLY_PREDICTIVE|def:WEAKLY_PREDICTIVE","MEDIUM","MODELED"
2026,2,"pressure_allowed_vs_pressure_generated","MIN","LAC",0.003,0.0126,0.3871,0.6452,0.0323,"off:WEAKLY_PREDICTIVE|def:WEAKLY_PREDICTIVE","MEDIUM","MODELED"
2026,2,"pressure_allowed_vs_pressure_generated","MIN","LAR",0.003,-0.0103,0.3871,0.4194,-0.1935,"off:WEAKLY_PREDICTIVE|def:WEAKLY_PREDICTIVE","MEDIUM","MODELED"
2026,2,"pressure_allowed_vs_pressure_generated","MIN","LV",0.003,0.0322,0.3871,0.9032,0.2903,"off:WEAKLY_PREDICTIVE|def:WEAKLY_PREDICTIVE","MEDIUM","MODELED"
2026,2,"pressure_allowed_vs_pressure_generated","MIN","MIA",0.003,-0.0262,0.3871,0.0968,-0.5161,"off:WEAKLY_PREDICTIVE|def:WEAKLY_PREDICTIVE","MEDIUM","MODELED"
2026,2,"pressure_allowed_vs_pressure_generated","MIN","NE",0.003,0.0109,0.3871,0.6129,0,"off:WEAKLY_PREDICTIVE|def:WEAKLY_PREDICTIVE","MEDIUM","MODELED"
2026,2,"pressure_allowed_vs_pressure_generated","MIN","NO",0.003,6e-04,0.3871,0.5161,-0.0968,"off:WEAKLY_PREDICTIVE|def:WEAKLY_PREDICTIVE","MEDIUM","MODELED"
2026,2,"pressure_allowed_vs_pressure_generated","MIN","NYG",0.003,-0.0443,0.3871,0,-0.6129,"off:WEAKLY_PREDICTIVE|def:WEAKLY_PREDICTIVE","MEDIUM","MODELED"
2026,2,"pressure_allowed_vs_pressure_generated","MIN","NYJ",0.003,-0.0222,0.3871,0.1613,-0.4516,"off:WEAKLY_PREDICTIVE|def:WEAKLY_PREDICTIVE","MEDIUM","MODELED"
2026,2,"pressure_allowed_vs_pressure_generated","MIN","PHI",0.003,-0.0291,0.3871,0.0645,-0.5484,"off:WEAKLY_PREDICTIVE|def:WEAKLY_PREDICTIVE","MEDIUM","MODELED"
2026,2,"pressure_allowed_vs_pressure_generated","MIN","PIT",0.003,0.0277,0.3871,0.871,0.2581,"off:WEAKLY_PREDICTIVE|def:WEAKLY_PREDICTIVE","MEDIUM","MODELED"
2026,2,"pressure_allowed_vs_pressure_generated","MIN","SEA",0.003,0.0269,0.3871,0.8387,0.2258,"off:WEAKLY_PREDICTIVE|def:WEAKLY_PREDICTIVE","MEDIUM","MODELED"
2026,2,"pressure_allowed_vs_pressure_generated","MIN","SF",0.003,0.0055,0.3871,0.5806,-0.0323,"off:WEAKLY_PREDICTIVE|def:WEAKLY_PREDICTIVE","MEDIUM","MODELED"
2026,2,"pressure_allowed_vs_pressure_generated","MIN","TB",0.003,-0.0432,0.3871,0.0323,-0.5806,"off:WEAKLY_PREDICTIVE|def:WEAKLY_PREDICTIVE","MEDIUM","MODELED"
2026,2,"pressure_allowed_vs_pressure_generated","MIN","TEN",0.003,-0.0182,0.3871,0.2581,-0.3548,"off:WEAKLY_PREDICTIVE|def:WEAKLY_PREDICTIVE","MEDIUM","MODELED"
2026,2,"pressure_allowed_vs_pressure_generated","MIN","WAS",0.003,-0.0227,0.3871,0.129,-0.4839,"off:WEAKLY_PREDICTIVE|def:WEAKLY_PREDICTIVE","MEDIUM","MODELED"
2026,2,"pressure_allowed_vs_pressure_generated","NE","ARI",-0.0159,-0.0199,0.8387,0.2258,0.0645,"off:WEAKLY_PREDICTIVE|def:WEAKLY_PREDICTIVE","MEDIUM","MODELED"
2026,2,"pressure_allowed_vs_pressure_generated","NE","ATL",-0.0159,0.0135,0.8387,0.7419,0.5806,"off:WEAKLY_PREDICTIVE|def:WEAKLY_PREDICTIVE","MEDIUM","MODELED"
2026,2,"pressure_allowed_vs_pressure_generated","NE","BAL",-0.0159,0.0324,0.8387,0.9355,0.7742,"off:WEAKLY_PREDICTIVE|def:WEAKLY_PREDICTIVE","MEDIUM","MODELED"
2026,2,"pressure_allowed_vs_pressure_generated","NE","BUF",-0.0159,0.0201,0.8387,0.7742,0.6129,"off:WEAKLY_PREDICTIVE|def:WEAKLY_PREDICTIVE","MEDIUM","MODELED"
2026,2,"pressure_allowed_vs_pressure_generated","NE","CAR",-0.0159,-6e-04,0.8387,0.4839,0.3226,"off:WEAKLY_PREDICTIVE|def:WEAKLY_PREDICTIVE","MEDIUM","MODELED"
2026,2,"pressure_allowed_vs_pressure_generated","NE","CHI",-0.0159,0.0032,0.8387,0.5484,0.3871,"off:WEAKLY_PREDICTIVE|def:WEAKLY_PREDICTIVE","MEDIUM","MODELED"
2026,2,"pressure_allowed_vs_pressure_generated","NE","CIN",-0.0159,-0.0133,0.8387,0.3226,0.1613,"off:WEAKLY_PREDICTIVE|def:WEAKLY_PREDICTIVE","MEDIUM","MODELED"
2026,2,"pressure_allowed_vs_pressure_generated","NE","CLE",-0.0159,-0.0127,0.8387,0.3548,0.1935,"off:WEAKLY_PREDICTIVE|def:WEAKLY_PREDICTIVE","MEDIUM","MODELED"
2026,2,"pressure_allowed_vs_pressure_generated","NE","DAL",-0.0159,-0.0204,0.8387,0.1935,0.0323,"off:WEAKLY_PREDICTIVE|def:WEAKLY_PREDICTIVE","MEDIUM","MODELED"
2026,2,"pressure_allowed_vs_pressure_generated","NE","DEN",-0.0159,0.0215,0.8387,0.8065,0.6452,"off:WEAKLY_PREDICTIVE|def:WEAKLY_PREDICTIVE","MEDIUM","MODELED"
2026,2,"pressure_allowed_vs_pressure_generated","NE","DET",-0.0159,0.0415,0.8387,0.9677,0.8065,"off:WEAKLY_PREDICTIVE|def:WEAKLY_PREDICTIVE","MEDIUM","MODELED"
2026,2,"pressure_allowed_vs_pressure_generated","NE","GB",-0.0159,0.0133,0.8387,0.6774,0.5161,"off:WEAKLY_PREDICTIVE|def:WEAKLY_PREDICTIVE","MEDIUM","MODELED"
2026,2,"pressure_allowed_vs_pressure_generated","NE","HOU",-0.0159,-0.0074,0.8387,0.4516,0.2903,"off:WEAKLY_PREDICTIVE|def:WEAKLY_PREDICTIVE","MEDIUM","MODELED"
2026,2,"pressure_allowed_vs_pressure_generated","NE","IND",-0.0159,-0.0107,0.8387,0.3871,0.2258,"off:WEAKLY_PREDICTIVE|def:WEAKLY_PREDICTIVE","MEDIUM","MODELED"
2026,2,"pressure_allowed_vs_pressure_generated","NE","JAX",-0.0159,-0.0139,0.8387,0.2903,0.129,"off:WEAKLY_PREDICTIVE|def:WEAKLY_PREDICTIVE","MEDIUM","MODELED"
2026,2,"pressure_allowed_vs_pressure_generated","NE","KC",-0.0159,0.0134,0.8387,0.7097,0.5484,"off:WEAKLY_PREDICTIVE|def:WEAKLY_PREDICTIVE","MEDIUM","MODELED"
2026,2,"pressure_allowed_vs_pressure_generated","NE","LAC",-0.0159,0.0126,0.8387,0.6452,0.4839,"off:WEAKLY_PREDICTIVE|def:WEAKLY_PREDICTIVE","MEDIUM","MODELED"
2026,2,"pressure_allowed_vs_pressure_generated","NE","LAR",-0.0159,-0.0103,0.8387,0.4194,0.2581,"off:WEAKLY_PREDICTIVE|def:WEAKLY_PREDICTIVE","MEDIUM","MODELED"
2026,2,"pressure_allowed_vs_pressure_generated","NE","LV",-0.0159,0.0322,0.8387,0.9032,0.7419,"off:WEAKLY_PREDICTIVE|def:WEAKLY_PREDICTIVE","MEDIUM","MODELED"
2026,2,"pressure_allowed_vs_pressure_generated","NE","MIA",-0.0159,-0.0262,0.8387,0.0968,-0.0645,"off:WEAKLY_PREDICTIVE|def:WEAKLY_PREDICTIVE","MEDIUM","MODELED"
2026,2,"pressure_allowed_vs_pressure_generated","NE","MIN",-0.0159,0.0519,0.8387,1,0.8387,"off:WEAKLY_PREDICTIVE|def:WEAKLY_PREDICTIVE","MEDIUM","MODELED"
2026,2,"pressure_allowed_vs_pressure_generated","NE","NO",-0.0159,6e-04,0.8387,0.5161,0.3548,"off:WEAKLY_PREDICTIVE|def:WEAKLY_PREDICTIVE","MEDIUM","MODELED"
2026,2,"pressure_allowed_vs_pressure_generated","NE","NYG",-0.0159,-0.0443,0.8387,0,-0.1613,"off:WEAKLY_PREDICTIVE|def:WEAKLY_PREDICTIVE","MEDIUM","MODELED"
2026,2,"pressure_allowed_vs_pressure_generated","NE","NYJ",-0.0159,-0.0222,0.8387,0.1613,0,"off:WEAKLY_PREDICTIVE|def:WEAKLY_PREDICTIVE","MEDIUM","MODELED"
2026,2,"pressure_allowed_vs_pressure_generated","NE","PHI",-0.0159,-0.0291,0.8387,0.0645,-0.0968,"off:WEAKLY_PREDICTIVE|def:WEAKLY_PREDICTIVE","MEDIUM","MODELED"
2026,2,"pressure_allowed_vs_pressure_generated","NE","PIT",-0.0159,0.0277,0.8387,0.871,0.7097,"off:WEAKLY_PREDICTIVE|def:WEAKLY_PREDICTIVE","MEDIUM","MODELED"
2026,2,"pressure_allowed_vs_pressure_generated","NE","SEA",-0.0159,0.0269,0.8387,0.8387,0.6774,"off:WEAKLY_PREDICTIVE|def:WEAKLY_PREDICTIVE","MEDIUM","MODELED"
2026,2,"pressure_allowed_vs_pressure_generated","NE","SF",-0.0159,0.0055,0.8387,0.5806,0.4194,"off:WEAKLY_PREDICTIVE|def:WEAKLY_PREDICTIVE","MEDIUM","MODELED"
2026,2,"pressure_allowed_vs_pressure_generated","NE","TB",-0.0159,-0.0432,0.8387,0.0323,-0.129,"off:WEAKLY_PREDICTIVE|def:WEAKLY_PREDICTIVE","MEDIUM","MODELED"
2026,2,"pressure_allowed_vs_pressure_generated","NE","TEN",-0.0159,-0.0182,0.8387,0.2581,0.0968,"off:WEAKLY_PREDICTIVE|def:WEAKLY_PREDICTIVE","MEDIUM","MODELED"
2026,2,"pressure_allowed_vs_pressure_generated","NE","WAS",-0.0159,-0.0227,0.8387,0.129,-0.0323,"off:WEAKLY_PREDICTIVE|def:WEAKLY_PREDICTIVE","MEDIUM","MODELED"
2026,2,"pressure_allowed_vs_pressure_generated","NO","ARI",-0.0517,-0.0199,1,0.2258,0.2258,"off:WEAKLY_PREDICTIVE|def:WEAKLY_PREDICTIVE","MEDIUM","MODELED"
2026,2,"pressure_allowed_vs_pressure_generated","NO","ATL",-0.0517,0.0135,1,0.7419,0.7419,"off:WEAKLY_PREDICTIVE|def:WEAKLY_PREDICTIVE","MEDIUM","MODELED"
2026,2,"pressure_allowed_vs_pressure_generated","NO","BAL",-0.0517,0.0324,1,0.9355,0.9355,"off:WEAKLY_PREDICTIVE|def:WEAKLY_PREDICTIVE","MEDIUM","MODELED"
2026,2,"pressure_allowed_vs_pressure_generated","NO","BUF",-0.0517,0.0201,1,0.7742,0.7742,"off:WEAKLY_PREDICTIVE|def:WEAKLY_PREDICTIVE","MEDIUM","MODELED"
2026,2,"pressure_allowed_vs_pressure_generated","NO","CAR",-0.0517,-6e-04,1,0.4839,0.4839,"off:WEAKLY_PREDICTIVE|def:WEAKLY_PREDICTIVE","MEDIUM","MODELED"
2026,2,"pressure_allowed_vs_pressure_generated","NO","CHI",-0.0517,0.0032,1,0.5484,0.5484,"off:WEAKLY_PREDICTIVE|def:WEAKLY_PREDICTIVE","MEDIUM","MODELED"
2026,2,"pressure_allowed_vs_pressure_generated","NO","CIN",-0.0517,-0.0133,1,0.3226,0.3226,"off:WEAKLY_PREDICTIVE|def:WEAKLY_PREDICTIVE","MEDIUM","MODELED"
2026,2,"pressure_allowed_vs_pressure_generated","NO","CLE",-0.0517,-0.0127,1,0.3548,0.3548,"off:WEAKLY_PREDICTIVE|def:WEAKLY_PREDICTIVE","MEDIUM","MODELED"
2026,2,"pressure_allowed_vs_pressure_generated","NO","DAL",-0.0517,-0.0204,1,0.1935,0.1935,"off:WEAKLY_PREDICTIVE|def:WEAKLY_PREDICTIVE","MEDIUM","MODELED"
2026,2,"pressure_allowed_vs_pressure_generated","NO","DEN",-0.0517,0.0215,1,0.8065,0.8065,"off:WEAKLY_PREDICTIVE|def:WEAKLY_PREDICTIVE","MEDIUM","MODELED"
2026,2,"pressure_allowed_vs_pressure_generated","NO","DET",-0.0517,0.0415,1,0.9677,0.9677,"off:WEAKLY_PREDICTIVE|def:WEAKLY_PREDICTIVE","MEDIUM","MODELED"
2026,2,"pressure_allowed_vs_pressure_generated","NO","GB",-0.0517,0.0133,1,0.6774,0.6774,"off:WEAKLY_PREDICTIVE|def:WEAKLY_PREDICTIVE","MEDIUM","MODELED"
2026,2,"pressure_allowed_vs_pressure_generated","NO","HOU",-0.0517,-0.0074,1,0.4516,0.4516,"off:WEAKLY_PREDICTIVE|def:WEAKLY_PREDICTIVE","MEDIUM","MODELED"
2026,2,"pressure_allowed_vs_pressure_generated","NO","IND",-0.0517,-0.0107,1,0.3871,0.3871,"off:WEAKLY_PREDICTIVE|def:WEAKLY_PREDICTIVE","MEDIUM","MODELED"
2026,2,"pressure_allowed_vs_pressure_generated","NO","JAX",-0.0517,-0.0139,1,0.2903,0.2903,"off:WEAKLY_PREDICTIVE|def:WEAKLY_PREDICTIVE","MEDIUM","MODELED"
2026,2,"pressure_allowed_vs_pressure_generated","NO","KC",-0.0517,0.0134,1,0.7097,0.7097,"off:WEAKLY_PREDICTIVE|def:WEAKLY_PREDICTIVE","MEDIUM","MODELED"
2026,2,"pressure_allowed_vs_pressure_generated","NO","LAC",-0.0517,0.0126,1,0.6452,0.6452,"off:WEAKLY_PREDICTIVE|def:WEAKLY_PREDICTIVE","MEDIUM","MODELED"
2026,2,"pressure_allowed_vs_pressure_generated","NO","LAR",-0.0517,-0.0103,1,0.4194,0.4194,"off:WEAKLY_PREDICTIVE|def:WEAKLY_PREDICTIVE","MEDIUM","MODELED"
2026,2,"pressure_allowed_vs_pressure_generated","NO","LV",-0.0517,0.0322,1,0.9032,0.9032,"off:WEAKLY_PREDICTIVE|def:WEAKLY_PREDICTIVE","MEDIUM","MODELED"
2026,2,"pressure_allowed_vs_pressure_generated","NO","MIA",-0.0517,-0.0262,1,0.0968,0.0968,"off:WEAKLY_PREDICTIVE|def:WEAKLY_PREDICTIVE","MEDIUM","MODELED"
2026,2,"pressure_allowed_vs_pressure_generated","NO","MIN",-0.0517,0.0519,1,1,1,"off:WEAKLY_PREDICTIVE|def:WEAKLY_PREDICTIVE","MEDIUM","MODELED"
2026,2,"pressure_allowed_vs_pressure_generated","NO","NE",-0.0517,0.0109,1,0.6129,0.6129,"off:WEAKLY_PREDICTIVE|def:WEAKLY_PREDICTIVE","MEDIUM","MODELED"
2026,2,"pressure_allowed_vs_pressure_generated","NO","NYG",-0.0517,-0.0443,1,0,0,"off:WEAKLY_PREDICTIVE|def:WEAKLY_PREDICTIVE","MEDIUM","MODELED"
2026,2,"pressure_allowed_vs_pressure_generated","NO","NYJ",-0.0517,-0.0222,1,0.1613,0.1613,"off:WEAKLY_PREDICTIVE|def:WEAKLY_PREDICTIVE","MEDIUM","MODELED"
2026,2,"pressure_allowed_vs_pressure_generated","NO","PHI",-0.0517,-0.0291,1,0.0645,0.0645,"off:WEAKLY_PREDICTIVE|def:WEAKLY_PREDICTIVE","MEDIUM","MODELED"
2026,2,"pressure_allowed_vs_pressure_generated","NO","PIT",-0.0517,0.0277,1,0.871,0.871,"off:WEAKLY_PREDICTIVE|def:WEAKLY_PREDICTIVE","MEDIUM","MODELED"
2026,2,"pressure_allowed_vs_pressure_generated","NO","SEA",-0.0517,0.0269,1,0.8387,0.8387,"off:WEAKLY_PREDICTIVE|def:WEAKLY_PREDICTIVE","MEDIUM","MODELED"
2026,2,"pressure_allowed_vs_pressure_generated","NO","SF",-0.0517,0.0055,1,0.5806,0.5806,"off:WEAKLY_PREDICTIVE|def:WEAKLY_PREDICTIVE","MEDIUM","MODELED"
2026,2,"pressure_allowed_vs_pressure_generated","NO","TB",-0.0517,-0.0432,1,0.0323,0.0323,"off:WEAKLY_PREDICTIVE|def:WEAKLY_PREDICTIVE","MEDIUM","MODELED"
2026,2,"pressure_allowed_vs_pressure_generated","NO","TEN",-0.0517,-0.0182,1,0.2581,0.2581,"off:WEAKLY_PREDICTIVE|def:WEAKLY_PREDICTIVE","MEDIUM","MODELED"
2026,2,"pressure_allowed_vs_pressure_generated","NO","WAS",-0.0517,-0.0227,1,0.129,0.129,"off:WEAKLY_PREDICTIVE|def:WEAKLY_PREDICTIVE","MEDIUM","MODELED"
2026,2,"pressure_allowed_vs_pressure_generated","NYG","ARI",0.0338,-0.0199,0.0645,0.2258,-0.7097,"off:WEAKLY_PREDICTIVE|def:WEAKLY_PREDICTIVE","MEDIUM","MODELED"
2026,2,"pressure_allowed_vs_pressure_generated","NYG","ATL",0.0338,0.0135,0.0645,0.7419,-0.1935,"off:WEAKLY_PREDICTIVE|def:WEAKLY_PREDICTIVE","MEDIUM","MODELED"
2026,2,"pressure_allowed_vs_pressure_generated","NYG","BAL",0.0338,0.0324,0.0645,0.9355,0,"off:WEAKLY_PREDICTIVE|def:WEAKLY_PREDICTIVE","MEDIUM","MODELED"
2026,2,"pressure_allowed_vs_pressure_generated","NYG","BUF",0.0338,0.0201,0.0645,0.7742,-0.1613,"off:WEAKLY_PREDICTIVE|def:WEAKLY_PREDICTIVE","MEDIUM","MODELED"
2026,2,"pressure_allowed_vs_pressure_generated","NYG","CAR",0.0338,-6e-04,0.0645,0.4839,-0.4516,"off:WEAKLY_PREDICTIVE|def:WEAKLY_PREDICTIVE","MEDIUM","MODELED"
2026,2,"pressure_allowed_vs_pressure_generated","NYG","CHI",0.0338,0.0032,0.0645,0.5484,-0.3871,"off:WEAKLY_PREDICTIVE|def:WEAKLY_PREDICTIVE","MEDIUM","MODELED"
2026,2,"pressure_allowed_vs_pressure_generated","NYG","CIN",0.0338,-0.0133,0.0645,0.3226,-0.6129,"off:WEAKLY_PREDICTIVE|def:WEAKLY_PREDICTIVE","MEDIUM","MODELED"
2026,2,"pressure_allowed_vs_pressure_generated","NYG","CLE",0.0338,-0.0127,0.0645,0.3548,-0.5806,"off:WEAKLY_PREDICTIVE|def:WEAKLY_PREDICTIVE","MEDIUM","MODELED"
2026,2,"pressure_allowed_vs_pressure_generated","NYG","DAL",0.0338,-0.0204,0.0645,0.1935,-0.7419,"off:WEAKLY_PREDICTIVE|def:WEAKLY_PREDICTIVE","MEDIUM","MODELED"
2026,2,"pressure_allowed_vs_pressure_generated","NYG","DEN",0.0338,0.0215,0.0645,0.8065,-0.129,"off:WEAKLY_PREDICTIVE|def:WEAKLY_PREDICTIVE","MEDIUM","MODELED"
2026,2,"pressure_allowed_vs_pressure_generated","NYG","DET",0.0338,0.0415,0.0645,0.9677,0.0323,"off:WEAKLY_PREDICTIVE|def:WEAKLY_PREDICTIVE","MEDIUM","MODELED"
2026,2,"pressure_allowed_vs_pressure_generated","NYG","GB",0.0338,0.0133,0.0645,0.6774,-0.2581,"off:WEAKLY_PREDICTIVE|def:WEAKLY_PREDICTIVE","MEDIUM","MODELED"
2026,2,"pressure_allowed_vs_pressure_generated","NYG","HOU",0.0338,-0.0074,0.0645,0.4516,-0.4839,"off:WEAKLY_PREDICTIVE|def:WEAKLY_PREDICTIVE","MEDIUM","MODELED"
2026,2,"pressure_allowed_vs_pressure_generated","NYG","IND",0.0338,-0.0107,0.0645,0.3871,-0.5484,"off:WEAKLY_PREDICTIVE|def:WEAKLY_PREDICTIVE","MEDIUM","MODELED"
2026,2,"pressure_allowed_vs_pressure_generated","NYG","JAX",0.0338,-0.0139,0.0645,0.2903,-0.6452,"off:WEAKLY_PREDICTIVE|def:WEAKLY_PREDICTIVE","MEDIUM","MODELED"
2026,2,"pressure_allowed_vs_pressure_generated","NYG","KC",0.0338,0.0134,0.0645,0.7097,-0.2258,"off:WEAKLY_PREDICTIVE|def:WEAKLY_PREDICTIVE","MEDIUM","MODELED"
2026,2,"pressure_allowed_vs_pressure_generated","NYG","LAC",0.0338,0.0126,0.0645,0.6452,-0.2903,"off:WEAKLY_PREDICTIVE|def:WEAKLY_PREDICTIVE","MEDIUM","MODELED"
2026,2,"pressure_allowed_vs_pressure_generated","NYG","LAR",0.0338,-0.0103,0.0645,0.4194,-0.5161,"off:WEAKLY_PREDICTIVE|def:WEAKLY_PREDICTIVE","MEDIUM","MODELED"
2026,2,"pressure_allowed_vs_pressure_generated","NYG","LV",0.0338,0.0322,0.0645,0.9032,-0.0323,"off:WEAKLY_PREDICTIVE|def:WEAKLY_PREDICTIVE","MEDIUM","MODELED"
2026,2,"pressure_allowed_vs_pressure_generated","NYG","MIA",0.0338,-0.0262,0.0645,0.0968,-0.8387,"off:WEAKLY_PREDICTIVE|def:WEAKLY_PREDICTIVE","MEDIUM","MODELED"
2026,2,"pressure_allowed_vs_pressure_generated","NYG","MIN",0.0338,0.0519,0.0645,1,0.0645,"off:WEAKLY_PREDICTIVE|def:WEAKLY_PREDICTIVE","MEDIUM","MODELED"
2026,2,"pressure_allowed_vs_pressure_generated","NYG","NE",0.0338,0.0109,0.0645,0.6129,-0.3226,"off:WEAKLY_PREDICTIVE|def:WEAKLY_PREDICTIVE","MEDIUM","MODELED"
2026,2,"pressure_allowed_vs_pressure_generated","NYG","NO",0.0338,6e-04,0.0645,0.5161,-0.4194,"off:WEAKLY_PREDICTIVE|def:WEAKLY_PREDICTIVE","MEDIUM","MODELED"
2026,2,"pressure_allowed_vs_pressure_generated","NYG","NYJ",0.0338,-0.0222,0.0645,0.1613,-0.7742,"off:WEAKLY_PREDICTIVE|def:WEAKLY_PREDICTIVE","MEDIUM","MODELED"
2026,2,"pressure_allowed_vs_pressure_generated","NYG","PHI",0.0338,-0.0291,0.0645,0.0645,-0.871,"off:WEAKLY_PREDICTIVE|def:WEAKLY_PREDICTIVE","MEDIUM","MODELED"
2026,2,"pressure_allowed_vs_pressure_generated","NYG","PIT",0.0338,0.0277,0.0645,0.871,-0.0645,"off:WEAKLY_PREDICTIVE|def:WEAKLY_PREDICTIVE","MEDIUM","MODELED"
2026,2,"pressure_allowed_vs_pressure_generated","NYG","SEA",0.0338,0.0269,0.0645,0.8387,-0.0968,"off:WEAKLY_PREDICTIVE|def:WEAKLY_PREDICTIVE","MEDIUM","MODELED"
2026,2,"pressure_allowed_vs_pressure_generated","NYG","SF",0.0338,0.0055,0.0645,0.5806,-0.3548,"off:WEAKLY_PREDICTIVE|def:WEAKLY_PREDICTIVE","MEDIUM","MODELED"
2026,2,"pressure_allowed_vs_pressure_generated","NYG","TB",0.0338,-0.0432,0.0645,0.0323,-0.9032,"off:WEAKLY_PREDICTIVE|def:WEAKLY_PREDICTIVE","MEDIUM","MODELED"
2026,2,"pressure_allowed_vs_pressure_generated","NYG","TEN",0.0338,-0.0182,0.0645,0.2581,-0.6774,"off:WEAKLY_PREDICTIVE|def:WEAKLY_PREDICTIVE","MEDIUM","MODELED"
2026,2,"pressure_allowed_vs_pressure_generated","NYG","WAS",0.0338,-0.0227,0.0645,0.129,-0.8065,"off:WEAKLY_PREDICTIVE|def:WEAKLY_PREDICTIVE","MEDIUM","MODELED"
2026,2,"pressure_allowed_vs_pressure_generated","NYJ","ARI",-0.0079,-0.0199,0.5484,0.2258,-0.2258,"off:WEAKLY_PREDICTIVE|def:WEAKLY_PREDICTIVE","MEDIUM","MODELED"
2026,2,"pressure_allowed_vs_pressure_generated","NYJ","ATL",-0.0079,0.0135,0.5484,0.7419,0.2903,"off:WEAKLY_PREDICTIVE|def:WEAKLY_PREDICTIVE","MEDIUM","MODELED"
2026,2,"pressure_allowed_vs_pressure_generated","NYJ","BAL",-0.0079,0.0324,0.5484,0.9355,0.4839,"off:WEAKLY_PREDICTIVE|def:WEAKLY_PREDICTIVE","MEDIUM","MODELED"
2026,2,"pressure_allowed_vs_pressure_generated","NYJ","BUF",-0.0079,0.0201,0.5484,0.7742,0.3226,"off:WEAKLY_PREDICTIVE|def:WEAKLY_PREDICTIVE","MEDIUM","MODELED"
2026,2,"pressure_allowed_vs_pressure_generated","NYJ","CAR",-0.0079,-6e-04,0.5484,0.4839,0.0323,"off:WEAKLY_PREDICTIVE|def:WEAKLY_PREDICTIVE","MEDIUM","MODELED"
2026,2,"pressure_allowed_vs_pressure_generated","NYJ","CHI",-0.0079,0.0032,0.5484,0.5484,0.0968,"off:WEAKLY_PREDICTIVE|def:WEAKLY_PREDICTIVE","MEDIUM","MODELED"
2026,2,"pressure_allowed_vs_pressure_generated","NYJ","CIN",-0.0079,-0.0133,0.5484,0.3226,-0.129,"off:WEAKLY_PREDICTIVE|def:WEAKLY_PREDICTIVE","MEDIUM","MODELED"
2026,2,"pressure_allowed_vs_pressure_generated","NYJ","CLE",-0.0079,-0.0127,0.5484,0.3548,-0.0968,"off:WEAKLY_PREDICTIVE|def:WEAKLY_PREDICTIVE","MEDIUM","MODELED"
2026,2,"pressure_allowed_vs_pressure_generated","NYJ","DAL",-0.0079,-0.0204,0.5484,0.1935,-0.2581,"off:WEAKLY_PREDICTIVE|def:WEAKLY_PREDICTIVE","MEDIUM","MODELED"
2026,2,"pressure_allowed_vs_pressure_generated","NYJ","DEN",-0.0079,0.0215,0.5484,0.8065,0.3548,"off:WEAKLY_PREDICTIVE|def:WEAKLY_PREDICTIVE","MEDIUM","MODELED"
2026,2,"pressure_allowed_vs_pressure_generated","NYJ","DET",-0.0079,0.0415,0.5484,0.9677,0.5161,"off:WEAKLY_PREDICTIVE|def:WEAKLY_PREDICTIVE","MEDIUM","MODELED"
2026,2,"pressure_allowed_vs_pressure_generated","NYJ","GB",-0.0079,0.0133,0.5484,0.6774,0.2258,"off:WEAKLY_PREDICTIVE|def:WEAKLY_PREDICTIVE","MEDIUM","MODELED"
2026,2,"pressure_allowed_vs_pressure_generated","NYJ","HOU",-0.0079,-0.0074,0.5484,0.4516,0,"off:WEAKLY_PREDICTIVE|def:WEAKLY_PREDICTIVE","MEDIUM","MODELED"
2026,2,"pressure_allowed_vs_pressure_generated","NYJ","IND",-0.0079,-0.0107,0.5484,0.3871,-0.0645,"off:WEAKLY_PREDICTIVE|def:WEAKLY_PREDICTIVE","MEDIUM","MODELED"
2026,2,"pressure_allowed_vs_pressure_generated","NYJ","JAX",-0.0079,-0.0139,0.5484,0.2903,-0.1613,"off:WEAKLY_PREDICTIVE|def:WEAKLY_PREDICTIVE","MEDIUM","MODELED"
2026,2,"pressure_allowed_vs_pressure_generated","NYJ","KC",-0.0079,0.0134,0.5484,0.7097,0.2581,"off:WEAKLY_PREDICTIVE|def:WEAKLY_PREDICTIVE","MEDIUM","MODELED"
2026,2,"pressure_allowed_vs_pressure_generated","NYJ","LAC",-0.0079,0.0126,0.5484,0.6452,0.1935,"off:WEAKLY_PREDICTIVE|def:WEAKLY_PREDICTIVE","MEDIUM","MODELED"
2026,2,"pressure_allowed_vs_pressure_generated","NYJ","LAR",-0.0079,-0.0103,0.5484,0.4194,-0.0323,"off:WEAKLY_PREDICTIVE|def:WEAKLY_PREDICTIVE","MEDIUM","MODELED"
2026,2,"pressure_allowed_vs_pressure_generated","NYJ","LV",-0.0079,0.0322,0.5484,0.9032,0.4516,"off:WEAKLY_PREDICTIVE|def:WEAKLY_PREDICTIVE","MEDIUM","MODELED"
2026,2,"pressure_allowed_vs_pressure_generated","NYJ","MIA",-0.0079,-0.0262,0.5484,0.0968,-0.3548,"off:WEAKLY_PREDICTIVE|def:WEAKLY_PREDICTIVE","MEDIUM","MODELED"
2026,2,"pressure_allowed_vs_pressure_generated","NYJ","MIN",-0.0079,0.0519,0.5484,1,0.5484,"off:WEAKLY_PREDICTIVE|def:WEAKLY_PREDICTIVE","MEDIUM","MODELED"
2026,2,"pressure_allowed_vs_pressure_generated","NYJ","NE",-0.0079,0.0109,0.5484,0.6129,0.1613,"off:WEAKLY_PREDICTIVE|def:WEAKLY_PREDICTIVE","MEDIUM","MODELED"
2026,2,"pressure_allowed_vs_pressure_generated","NYJ","NO",-0.0079,6e-04,0.5484,0.5161,0.0645,"off:WEAKLY_PREDICTIVE|def:WEAKLY_PREDICTIVE","MEDIUM","MODELED"
2026,2,"pressure_allowed_vs_pressure_generated","NYJ","NYG",-0.0079,-0.0443,0.5484,0,-0.4516,"off:WEAKLY_PREDICTIVE|def:WEAKLY_PREDICTIVE","MEDIUM","MODELED"
2026,2,"pressure_allowed_vs_pressure_generated","NYJ","PHI",-0.0079,-0.0291,0.5484,0.0645,-0.3871,"off:WEAKLY_PREDICTIVE|def:WEAKLY_PREDICTIVE","MEDIUM","MODELED"
2026,2,"pressure_allowed_vs_pressure_generated","NYJ","PIT",-0.0079,0.0277,0.5484,0.871,0.4194,"off:WEAKLY_PREDICTIVE|def:WEAKLY_PREDICTIVE","MEDIUM","MODELED"
2026,2,"pressure_allowed_vs_pressure_generated","NYJ","SEA",-0.0079,0.0269,0.5484,0.8387,0.3871,"off:WEAKLY_PREDICTIVE|def:WEAKLY_PREDICTIVE","MEDIUM","MODELED"
2026,2,"pressure_allowed_vs_pressure_generated","NYJ","SF",-0.0079,0.0055,0.5484,0.5806,0.129,"off:WEAKLY_PREDICTIVE|def:WEAKLY_PREDICTIVE","MEDIUM","MODELED"
2026,2,"pressure_allowed_vs_pressure_generated","NYJ","TB",-0.0079,-0.0432,0.5484,0.0323,-0.4194,"off:WEAKLY_PREDICTIVE|def:WEAKLY_PREDICTIVE","MEDIUM","MODELED"
2026,2,"pressure_allowed_vs_pressure_generated","NYJ","TEN",-0.0079,-0.0182,0.5484,0.2581,-0.1935,"off:WEAKLY_PREDICTIVE|def:WEAKLY_PREDICTIVE","MEDIUM","MODELED"
2026,2,"pressure_allowed_vs_pressure_generated","NYJ","WAS",-0.0079,-0.0227,0.5484,0.129,-0.3226,"off:WEAKLY_PREDICTIVE|def:WEAKLY_PREDICTIVE","MEDIUM","MODELED"
2026,2,"pressure_allowed_vs_pressure_generated","PHI","ARI",0.0115,-0.0199,0.2581,0.2258,-0.5161,"off:WEAKLY_PREDICTIVE|def:WEAKLY_PREDICTIVE","MEDIUM","MODELED"
2026,2,"pressure_allowed_vs_pressure_generated","PHI","ATL",0.0115,0.0135,0.2581,0.7419,0,"off:WEAKLY_PREDICTIVE|def:WEAKLY_PREDICTIVE","MEDIUM","MODELED"
2026,2,"pressure_allowed_vs_pressure_generated","PHI","BAL",0.0115,0.0324,0.2581,0.9355,0.1935,"off:WEAKLY_PREDICTIVE|def:WEAKLY_PREDICTIVE","MEDIUM","MODELED"
2026,2,"pressure_allowed_vs_pressure_generated","PHI","BUF",0.0115,0.0201,0.2581,0.7742,0.0323,"off:WEAKLY_PREDICTIVE|def:WEAKLY_PREDICTIVE","MEDIUM","MODELED"
2026,2,"pressure_allowed_vs_pressure_generated","PHI","CAR",0.0115,-6e-04,0.2581,0.4839,-0.2581,"off:WEAKLY_PREDICTIVE|def:WEAKLY_PREDICTIVE","MEDIUM","MODELED"
2026,2,"pressure_allowed_vs_pressure_generated","PHI","CHI",0.0115,0.0032,0.2581,0.5484,-0.1935,"off:WEAKLY_PREDICTIVE|def:WEAKLY_PREDICTIVE","MEDIUM","MODELED"
2026,2,"pressure_allowed_vs_pressure_generated","PHI","CIN",0.0115,-0.0133,0.2581,0.3226,-0.4194,"off:WEAKLY_PREDICTIVE|def:WEAKLY_PREDICTIVE","MEDIUM","MODELED"
2026,2,"pressure_allowed_vs_pressure_generated","PHI","CLE",0.0115,-0.0127,0.2581,0.3548,-0.3871,"off:WEAKLY_PREDICTIVE|def:WEAKLY_PREDICTIVE","MEDIUM","MODELED"
2026,2,"pressure_allowed_vs_pressure_generated","PHI","DAL",0.0115,-0.0204,0.2581,0.1935,-0.5484,"off:WEAKLY_PREDICTIVE|def:WEAKLY_PREDICTIVE","MEDIUM","MODELED"
2026,2,"pressure_allowed_vs_pressure_generated","PHI","DEN",0.0115,0.0215,0.2581,0.8065,0.0645,"off:WEAKLY_PREDICTIVE|def:WEAKLY_PREDICTIVE","MEDIUM","MODELED"
2026,2,"pressure_allowed_vs_pressure_generated","PHI","DET",0.0115,0.0415,0.2581,0.9677,0.2258,"off:WEAKLY_PREDICTIVE|def:WEAKLY_PREDICTIVE","MEDIUM","MODELED"
2026,2,"pressure_allowed_vs_pressure_generated","PHI","GB",0.0115,0.0133,0.2581,0.6774,-0.0645,"off:WEAKLY_PREDICTIVE|def:WEAKLY_PREDICTIVE","MEDIUM","MODELED"
2026,2,"pressure_allowed_vs_pressure_generated","PHI","HOU",0.0115,-0.0074,0.2581,0.4516,-0.2903,"off:WEAKLY_PREDICTIVE|def:WEAKLY_PREDICTIVE","MEDIUM","MODELED"
2026,2,"pressure_allowed_vs_pressure_generated","PHI","IND",0.0115,-0.0107,0.2581,0.3871,-0.3548,"off:WEAKLY_PREDICTIVE|def:WEAKLY_PREDICTIVE","MEDIUM","MODELED"
2026,2,"pressure_allowed_vs_pressure_generated","PHI","JAX",0.0115,-0.0139,0.2581,0.2903,-0.4516,"off:WEAKLY_PREDICTIVE|def:WEAKLY_PREDICTIVE","MEDIUM","MODELED"
2026,2,"pressure_allowed_vs_pressure_generated","PHI","KC",0.0115,0.0134,0.2581,0.7097,-0.0323,"off:WEAKLY_PREDICTIVE|def:WEAKLY_PREDICTIVE","MEDIUM","MODELED"
2026,2,"pressure_allowed_vs_pressure_generated","PHI","LAC",0.0115,0.0126,0.2581,0.6452,-0.0968,"off:WEAKLY_PREDICTIVE|def:WEAKLY_PREDICTIVE","MEDIUM","MODELED"
2026,2,"pressure_allowed_vs_pressure_generated","PHI","LAR",0.0115,-0.0103,0.2581,0.4194,-0.3226,"off:WEAKLY_PREDICTIVE|def:WEAKLY_PREDICTIVE","MEDIUM","MODELED"
2026,2,"pressure_allowed_vs_pressure_generated","PHI","LV",0.0115,0.0322,0.2581,0.9032,0.1613,"off:WEAKLY_PREDICTIVE|def:WEAKLY_PREDICTIVE","MEDIUM","MODELED"
2026,2,"pressure_allowed_vs_pressure_generated","PHI","MIA",0.0115,-0.0262,0.2581,0.0968,-0.6452,"off:WEAKLY_PREDICTIVE|def:WEAKLY_PREDICTIVE","MEDIUM","MODELED"
2026,2,"pressure_allowed_vs_pressure_generated","PHI","MIN",0.0115,0.0519,0.2581,1,0.2581,"off:WEAKLY_PREDICTIVE|def:WEAKLY_PREDICTIVE","MEDIUM","MODELED"
2026,2,"pressure_allowed_vs_pressure_generated","PHI","NE",0.0115,0.0109,0.2581,0.6129,-0.129,"off:WEAKLY_PREDICTIVE|def:WEAKLY_PREDICTIVE","MEDIUM","MODELED"
2026,2,"pressure_allowed_vs_pressure_generated","PHI","NO",0.0115,6e-04,0.2581,0.5161,-0.2258,"off:WEAKLY_PREDICTIVE|def:WEAKLY_PREDICTIVE","MEDIUM","MODELED"
2026,2,"pressure_allowed_vs_pressure_generated","PHI","NYG",0.0115,-0.0443,0.2581,0,-0.7419,"off:WEAKLY_PREDICTIVE|def:WEAKLY_PREDICTIVE","MEDIUM","MODELED"
2026,2,"pressure_allowed_vs_pressure_generated","PHI","NYJ",0.0115,-0.0222,0.2581,0.1613,-0.5806,"off:WEAKLY_PREDICTIVE|def:WEAKLY_PREDICTIVE","MEDIUM","MODELED"
2026,2,"pressure_allowed_vs_pressure_generated","PHI","PIT",0.0115,0.0277,0.2581,0.871,0.129,"off:WEAKLY_PREDICTIVE|def:WEAKLY_PREDICTIVE","MEDIUM","MODELED"
2026,2,"pressure_allowed_vs_pressure_generated","PHI","SEA",0.0115,0.0269,0.2581,0.8387,0.0968,"off:WEAKLY_PREDICTIVE|def:WEAKLY_PREDICTIVE","MEDIUM","MODELED"
2026,2,"pressure_allowed_vs_pressure_generated","PHI","SF",0.0115,0.0055,0.2581,0.5806,-0.1613,"off:WEAKLY_PREDICTIVE|def:WEAKLY_PREDICTIVE","MEDIUM","MODELED"
2026,2,"pressure_allowed_vs_pressure_generated","PHI","TB",0.0115,-0.0432,0.2581,0.0323,-0.7097,"off:WEAKLY_PREDICTIVE|def:WEAKLY_PREDICTIVE","MEDIUM","MODELED"
2026,2,"pressure_allowed_vs_pressure_generated","PHI","TEN",0.0115,-0.0182,0.2581,0.2581,-0.4839,"off:WEAKLY_PREDICTIVE|def:WEAKLY_PREDICTIVE","MEDIUM","MODELED"
2026,2,"pressure_allowed_vs_pressure_generated","PHI","WAS",0.0115,-0.0227,0.2581,0.129,-0.6129,"off:WEAKLY_PREDICTIVE|def:WEAKLY_PREDICTIVE","MEDIUM","MODELED"
2026,2,"pressure_allowed_vs_pressure_generated","PIT","ARI",-0.0257,-0.0199,0.9355,0.2258,0.1613,"off:WEAKLY_PREDICTIVE|def:WEAKLY_PREDICTIVE","MEDIUM","MODELED"
2026,2,"pressure_allowed_vs_pressure_generated","PIT","ATL",-0.0257,0.0135,0.9355,0.7419,0.6774,"off:WEAKLY_PREDICTIVE|def:WEAKLY_PREDICTIVE","MEDIUM","MODELED"
2026,2,"pressure_allowed_vs_pressure_generated","PIT","BAL",-0.0257,0.0324,0.9355,0.9355,0.871,"off:WEAKLY_PREDICTIVE|def:WEAKLY_PREDICTIVE","MEDIUM","MODELED"
2026,2,"pressure_allowed_vs_pressure_generated","PIT","BUF",-0.0257,0.0201,0.9355,0.7742,0.7097,"off:WEAKLY_PREDICTIVE|def:WEAKLY_PREDICTIVE","MEDIUM","MODELED"
2026,2,"pressure_allowed_vs_pressure_generated","PIT","CAR",-0.0257,-6e-04,0.9355,0.4839,0.4194,"off:WEAKLY_PREDICTIVE|def:WEAKLY_PREDICTIVE","MEDIUM","MODELED"
2026,2,"pressure_allowed_vs_pressure_generated","PIT","CHI",-0.0257,0.0032,0.9355,0.5484,0.4839,"off:WEAKLY_PREDICTIVE|def:WEAKLY_PREDICTIVE","MEDIUM","MODELED"
2026,2,"pressure_allowed_vs_pressure_generated","PIT","CIN",-0.0257,-0.0133,0.9355,0.3226,0.2581,"off:WEAKLY_PREDICTIVE|def:WEAKLY_PREDICTIVE","MEDIUM","MODELED"
2026,2,"pressure_allowed_vs_pressure_generated","PIT","CLE",-0.0257,-0.0127,0.9355,0.3548,0.2903,"off:WEAKLY_PREDICTIVE|def:WEAKLY_PREDICTIVE","MEDIUM","MODELED"
2026,2,"pressure_allowed_vs_pressure_generated","PIT","DAL",-0.0257,-0.0204,0.9355,0.1935,0.129,"off:WEAKLY_PREDICTIVE|def:WEAKLY_PREDICTIVE","MEDIUM","MODELED"
2026,2,"pressure_allowed_vs_pressure_generated","PIT","DEN",-0.0257,0.0215,0.9355,0.8065,0.7419,"off:WEAKLY_PREDICTIVE|def:WEAKLY_PREDICTIVE","MEDIUM","MODELED"
2026,2,"pressure_allowed_vs_pressure_generated","PIT","DET",-0.0257,0.0415,0.9355,0.9677,0.9032,"off:WEAKLY_PREDICTIVE|def:WEAKLY_PREDICTIVE","MEDIUM","MODELED"
2026,2,"pressure_allowed_vs_pressure_generated","PIT","GB",-0.0257,0.0133,0.9355,0.6774,0.6129,"off:WEAKLY_PREDICTIVE|def:WEAKLY_PREDICTIVE","MEDIUM","MODELED"
2026,2,"pressure_allowed_vs_pressure_generated","PIT","HOU",-0.0257,-0.0074,0.9355,0.4516,0.3871,"off:WEAKLY_PREDICTIVE|def:WEAKLY_PREDICTIVE","MEDIUM","MODELED"
2026,2,"pressure_allowed_vs_pressure_generated","PIT","IND",-0.0257,-0.0107,0.9355,0.3871,0.3226,"off:WEAKLY_PREDICTIVE|def:WEAKLY_PREDICTIVE","MEDIUM","MODELED"
2026,2,"pressure_allowed_vs_pressure_generated","PIT","JAX",-0.0257,-0.0139,0.9355,0.2903,0.2258,"off:WEAKLY_PREDICTIVE|def:WEAKLY_PREDICTIVE","MEDIUM","MODELED"
2026,2,"pressure_allowed_vs_pressure_generated","PIT","KC",-0.0257,0.0134,0.9355,0.7097,0.6452,"off:WEAKLY_PREDICTIVE|def:WEAKLY_PREDICTIVE","MEDIUM","MODELED"
2026,2,"pressure_allowed_vs_pressure_generated","PIT","LAC",-0.0257,0.0126,0.9355,0.6452,0.5806,"off:WEAKLY_PREDICTIVE|def:WEAKLY_PREDICTIVE","MEDIUM","MODELED"
2026,2,"pressure_allowed_vs_pressure_generated","PIT","LAR",-0.0257,-0.0103,0.9355,0.4194,0.3548,"off:WEAKLY_PREDICTIVE|def:WEAKLY_PREDICTIVE","MEDIUM","MODELED"
2026,2,"pressure_allowed_vs_pressure_generated","PIT","LV",-0.0257,0.0322,0.9355,0.9032,0.8387,"off:WEAKLY_PREDICTIVE|def:WEAKLY_PREDICTIVE","MEDIUM","MODELED"
2026,2,"pressure_allowed_vs_pressure_generated","PIT","MIA",-0.0257,-0.0262,0.9355,0.0968,0.0323,"off:WEAKLY_PREDICTIVE|def:WEAKLY_PREDICTIVE","MEDIUM","MODELED"
2026,2,"pressure_allowed_vs_pressure_generated","PIT","MIN",-0.0257,0.0519,0.9355,1,0.9355,"off:WEAKLY_PREDICTIVE|def:WEAKLY_PREDICTIVE","MEDIUM","MODELED"
2026,2,"pressure_allowed_vs_pressure_generated","PIT","NE",-0.0257,0.0109,0.9355,0.6129,0.5484,"off:WEAKLY_PREDICTIVE|def:WEAKLY_PREDICTIVE","MEDIUM","MODELED"
2026,2,"pressure_allowed_vs_pressure_generated","PIT","NO",-0.0257,6e-04,0.9355,0.5161,0.4516,"off:WEAKLY_PREDICTIVE|def:WEAKLY_PREDICTIVE","MEDIUM","MODELED"
2026,2,"pressure_allowed_vs_pressure_generated","PIT","NYG",-0.0257,-0.0443,0.9355,0,-0.0645,"off:WEAKLY_PREDICTIVE|def:WEAKLY_PREDICTIVE","MEDIUM","MODELED"
2026,2,"pressure_allowed_vs_pressure_generated","PIT","NYJ",-0.0257,-0.0222,0.9355,0.1613,0.0968,"off:WEAKLY_PREDICTIVE|def:WEAKLY_PREDICTIVE","MEDIUM","MODELED"
2026,2,"pressure_allowed_vs_pressure_generated","PIT","PHI",-0.0257,-0.0291,0.9355,0.0645,0,"off:WEAKLY_PREDICTIVE|def:WEAKLY_PREDICTIVE","MEDIUM","MODELED"
2026,2,"pressure_allowed_vs_pressure_generated","PIT","SEA",-0.0257,0.0269,0.9355,0.8387,0.7742,"off:WEAKLY_PREDICTIVE|def:WEAKLY_PREDICTIVE","MEDIUM","MODELED"
2026,2,"pressure_allowed_vs_pressure_generated","PIT","SF",-0.0257,0.0055,0.9355,0.5806,0.5161,"off:WEAKLY_PREDICTIVE|def:WEAKLY_PREDICTIVE","MEDIUM","MODELED"
2026,2,"pressure_allowed_vs_pressure_generated","PIT","TB",-0.0257,-0.0432,0.9355,0.0323,-0.0323,"off:WEAKLY_PREDICTIVE|def:WEAKLY_PREDICTIVE","MEDIUM","MODELED"
2026,2,"pressure_allowed_vs_pressure_generated","PIT","TEN",-0.0257,-0.0182,0.9355,0.2581,0.1935,"off:WEAKLY_PREDICTIVE|def:WEAKLY_PREDICTIVE","MEDIUM","MODELED"
2026,2,"pressure_allowed_vs_pressure_generated","PIT","WAS",-0.0257,-0.0227,0.9355,0.129,0.0645,"off:WEAKLY_PREDICTIVE|def:WEAKLY_PREDICTIVE","MEDIUM","MODELED"
2026,2,"pressure_allowed_vs_pressure_generated","SEA","ARI",2e-04,-0.0199,0.4194,0.2258,-0.3548,"off:WEAKLY_PREDICTIVE|def:WEAKLY_PREDICTIVE","MEDIUM","MODELED"
2026,2,"pressure_allowed_vs_pressure_generated","SEA","ATL",2e-04,0.0135,0.4194,0.7419,0.1613,"off:WEAKLY_PREDICTIVE|def:WEAKLY_PREDICTIVE","MEDIUM","MODELED"
2026,2,"pressure_allowed_vs_pressure_generated","SEA","BAL",2e-04,0.0324,0.4194,0.9355,0.3548,"off:WEAKLY_PREDICTIVE|def:WEAKLY_PREDICTIVE","MEDIUM","MODELED"
2026,2,"pressure_allowed_vs_pressure_generated","SEA","BUF",2e-04,0.0201,0.4194,0.7742,0.1935,"off:WEAKLY_PREDICTIVE|def:WEAKLY_PREDICTIVE","MEDIUM","MODELED"
2026,2,"pressure_allowed_vs_pressure_generated","SEA","CAR",2e-04,-6e-04,0.4194,0.4839,-0.0968,"off:WEAKLY_PREDICTIVE|def:WEAKLY_PREDICTIVE","MEDIUM","MODELED"
2026,2,"pressure_allowed_vs_pressure_generated","SEA","CHI",2e-04,0.0032,0.4194,0.5484,-0.0323,"off:WEAKLY_PREDICTIVE|def:WEAKLY_PREDICTIVE","MEDIUM","MODELED"
2026,2,"pressure_allowed_vs_pressure_generated","SEA","CIN",2e-04,-0.0133,0.4194,0.3226,-0.2581,"off:WEAKLY_PREDICTIVE|def:WEAKLY_PREDICTIVE","MEDIUM","MODELED"
2026,2,"pressure_allowed_vs_pressure_generated","SEA","CLE",2e-04,-0.0127,0.4194,0.3548,-0.2258,"off:WEAKLY_PREDICTIVE|def:WEAKLY_PREDICTIVE","MEDIUM","MODELED"
2026,2,"pressure_allowed_vs_pressure_generated","SEA","DAL",2e-04,-0.0204,0.4194,0.1935,-0.3871,"off:WEAKLY_PREDICTIVE|def:WEAKLY_PREDICTIVE","MEDIUM","MODELED"
2026,2,"pressure_allowed_vs_pressure_generated","SEA","DEN",2e-04,0.0215,0.4194,0.8065,0.2258,"off:WEAKLY_PREDICTIVE|def:WEAKLY_PREDICTIVE","MEDIUM","MODELED"
2026,2,"pressure_allowed_vs_pressure_generated","SEA","DET",2e-04,0.0415,0.4194,0.9677,0.3871,"off:WEAKLY_PREDICTIVE|def:WEAKLY_PREDICTIVE","MEDIUM","MODELED"
2026,2,"pressure_allowed_vs_pressure_generated","SEA","GB",2e-04,0.0133,0.4194,0.6774,0.0968,"off:WEAKLY_PREDICTIVE|def:WEAKLY_PREDICTIVE","MEDIUM","MODELED"
2026,2,"pressure_allowed_vs_pressure_generated","SEA","HOU",2e-04,-0.0074,0.4194,0.4516,-0.129,"off:WEAKLY_PREDICTIVE|def:WEAKLY_PREDICTIVE","MEDIUM","MODELED"
2026,2,"pressure_allowed_vs_pressure_generated","SEA","IND",2e-04,-0.0107,0.4194,0.3871,-0.1935,"off:WEAKLY_PREDICTIVE|def:WEAKLY_PREDICTIVE","MEDIUM","MODELED"
2026,2,"pressure_allowed_vs_pressure_generated","SEA","JAX",2e-04,-0.0139,0.4194,0.2903,-0.2903,"off:WEAKLY_PREDICTIVE|def:WEAKLY_PREDICTIVE","MEDIUM","MODELED"
2026,2,"pressure_allowed_vs_pressure_generated","SEA","KC",2e-04,0.0134,0.4194,0.7097,0.129,"off:WEAKLY_PREDICTIVE|def:WEAKLY_PREDICTIVE","MEDIUM","MODELED"
2026,2,"pressure_allowed_vs_pressure_generated","SEA","LAC",2e-04,0.0126,0.4194,0.6452,0.0645,"off:WEAKLY_PREDICTIVE|def:WEAKLY_PREDICTIVE","MEDIUM","MODELED"
2026,2,"pressure_allowed_vs_pressure_generated","SEA","LAR",2e-04,-0.0103,0.4194,0.4194,-0.1613,"off:WEAKLY_PREDICTIVE|def:WEAKLY_PREDICTIVE","MEDIUM","MODELED"
2026,2,"pressure_allowed_vs_pressure_generated","SEA","LV",2e-04,0.0322,0.4194,0.9032,0.3226,"off:WEAKLY_PREDICTIVE|def:WEAKLY_PREDICTIVE","MEDIUM","MODELED"
2026,2,"pressure_allowed_vs_pressure_generated","SEA","MIA",2e-04,-0.0262,0.4194,0.0968,-0.4839,"off:WEAKLY_PREDICTIVE|def:WEAKLY_PREDICTIVE","MEDIUM","MODELED"
2026,2,"pressure_allowed_vs_pressure_generated","SEA","MIN",2e-04,0.0519,0.4194,1,0.4194,"off:WEAKLY_PREDICTIVE|def:WEAKLY_PREDICTIVE","MEDIUM","MODELED"
2026,2,"pressure_allowed_vs_pressure_generated","SEA","NE",2e-04,0.0109,0.4194,0.6129,0.0323,"off:WEAKLY_PREDICTIVE|def:WEAKLY_PREDICTIVE","MEDIUM","MODELED"
2026,2,"pressure_allowed_vs_pressure_generated","SEA","NO",2e-04,6e-04,0.4194,0.5161,-0.0645,"off:WEAKLY_PREDICTIVE|def:WEAKLY_PREDICTIVE","MEDIUM","MODELED"
2026,2,"pressure_allowed_vs_pressure_generated","SEA","NYG",2e-04,-0.0443,0.4194,0,-0.5806,"off:WEAKLY_PREDICTIVE|def:WEAKLY_PREDICTIVE","MEDIUM","MODELED"
2026,2,"pressure_allowed_vs_pressure_generated","SEA","NYJ",2e-04,-0.0222,0.4194,0.1613,-0.4194,"off:WEAKLY_PREDICTIVE|def:WEAKLY_PREDICTIVE","MEDIUM","MODELED"
2026,2,"pressure_allowed_vs_pressure_generated","SEA","PHI",2e-04,-0.0291,0.4194,0.0645,-0.5161,"off:WEAKLY_PREDICTIVE|def:WEAKLY_PREDICTIVE","MEDIUM","MODELED"
2026,2,"pressure_allowed_vs_pressure_generated","SEA","PIT",2e-04,0.0277,0.4194,0.871,0.2903,"off:WEAKLY_PREDICTIVE|def:WEAKLY_PREDICTIVE","MEDIUM","MODELED"
2026,2,"pressure_allowed_vs_pressure_generated","SEA","SF",2e-04,0.0055,0.4194,0.5806,0,"off:WEAKLY_PREDICTIVE|def:WEAKLY_PREDICTIVE","MEDIUM","MODELED"
2026,2,"pressure_allowed_vs_pressure_generated","SEA","TB",2e-04,-0.0432,0.4194,0.0323,-0.5484,"off:WEAKLY_PREDICTIVE|def:WEAKLY_PREDICTIVE","MEDIUM","MODELED"
2026,2,"pressure_allowed_vs_pressure_generated","SEA","TEN",2e-04,-0.0182,0.4194,0.2581,-0.3226,"off:WEAKLY_PREDICTIVE|def:WEAKLY_PREDICTIVE","MEDIUM","MODELED"
2026,2,"pressure_allowed_vs_pressure_generated","SEA","WAS",2e-04,-0.0227,0.4194,0.129,-0.4516,"off:WEAKLY_PREDICTIVE|def:WEAKLY_PREDICTIVE","MEDIUM","MODELED"
2026,2,"pressure_allowed_vs_pressure_generated","SF","ARI",-0.009,-0.0199,0.6129,0.2258,-0.1613,"off:WEAKLY_PREDICTIVE|def:WEAKLY_PREDICTIVE","MEDIUM","MODELED"
2026,2,"pressure_allowed_vs_pressure_generated","SF","ATL",-0.009,0.0135,0.6129,0.7419,0.3548,"off:WEAKLY_PREDICTIVE|def:WEAKLY_PREDICTIVE","MEDIUM","MODELED"
2026,2,"pressure_allowed_vs_pressure_generated","SF","BAL",-0.009,0.0324,0.6129,0.9355,0.5484,"off:WEAKLY_PREDICTIVE|def:WEAKLY_PREDICTIVE","MEDIUM","MODELED"
2026,2,"pressure_allowed_vs_pressure_generated","SF","BUF",-0.009,0.0201,0.6129,0.7742,0.3871,"off:WEAKLY_PREDICTIVE|def:WEAKLY_PREDICTIVE","MEDIUM","MODELED"
2026,2,"pressure_allowed_vs_pressure_generated","SF","CAR",-0.009,-6e-04,0.6129,0.4839,0.0968,"off:WEAKLY_PREDICTIVE|def:WEAKLY_PREDICTIVE","MEDIUM","MODELED"
2026,2,"pressure_allowed_vs_pressure_generated","SF","CHI",-0.009,0.0032,0.6129,0.5484,0.1613,"off:WEAKLY_PREDICTIVE|def:WEAKLY_PREDICTIVE","MEDIUM","MODELED"
2026,2,"pressure_allowed_vs_pressure_generated","SF","CIN",-0.009,-0.0133,0.6129,0.3226,-0.0645,"off:WEAKLY_PREDICTIVE|def:WEAKLY_PREDICTIVE","MEDIUM","MODELED"
2026,2,"pressure_allowed_vs_pressure_generated","SF","CLE",-0.009,-0.0127,0.6129,0.3548,-0.0323,"off:WEAKLY_PREDICTIVE|def:WEAKLY_PREDICTIVE","MEDIUM","MODELED"
2026,2,"pressure_allowed_vs_pressure_generated","SF","DAL",-0.009,-0.0204,0.6129,0.1935,-0.1935,"off:WEAKLY_PREDICTIVE|def:WEAKLY_PREDICTIVE","MEDIUM","MODELED"
2026,2,"pressure_allowed_vs_pressure_generated","SF","DEN",-0.009,0.0215,0.6129,0.8065,0.4194,"off:WEAKLY_PREDICTIVE|def:WEAKLY_PREDICTIVE","MEDIUM","MODELED"
2026,2,"pressure_allowed_vs_pressure_generated","SF","DET",-0.009,0.0415,0.6129,0.9677,0.5806,"off:WEAKLY_PREDICTIVE|def:WEAKLY_PREDICTIVE","MEDIUM","MODELED"
2026,2,"pressure_allowed_vs_pressure_generated","SF","GB",-0.009,0.0133,0.6129,0.6774,0.2903,"off:WEAKLY_PREDICTIVE|def:WEAKLY_PREDICTIVE","MEDIUM","MODELED"
2026,2,"pressure_allowed_vs_pressure_generated","SF","HOU",-0.009,-0.0074,0.6129,0.4516,0.0645,"off:WEAKLY_PREDICTIVE|def:WEAKLY_PREDICTIVE","MEDIUM","MODELED"
2026,2,"pressure_allowed_vs_pressure_generated","SF","IND",-0.009,-0.0107,0.6129,0.3871,0,"off:WEAKLY_PREDICTIVE|def:WEAKLY_PREDICTIVE","MEDIUM","MODELED"
2026,2,"pressure_allowed_vs_pressure_generated","SF","JAX",-0.009,-0.0139,0.6129,0.2903,-0.0968,"off:WEAKLY_PREDICTIVE|def:WEAKLY_PREDICTIVE","MEDIUM","MODELED"
2026,2,"pressure_allowed_vs_pressure_generated","SF","KC",-0.009,0.0134,0.6129,0.7097,0.3226,"off:WEAKLY_PREDICTIVE|def:WEAKLY_PREDICTIVE","MEDIUM","MODELED"
2026,2,"pressure_allowed_vs_pressure_generated","SF","LAC",-0.009,0.0126,0.6129,0.6452,0.2581,"off:WEAKLY_PREDICTIVE|def:WEAKLY_PREDICTIVE","MEDIUM","MODELED"
2026,2,"pressure_allowed_vs_pressure_generated","SF","LAR",-0.009,-0.0103,0.6129,0.4194,0.0323,"off:WEAKLY_PREDICTIVE|def:WEAKLY_PREDICTIVE","MEDIUM","MODELED"
2026,2,"pressure_allowed_vs_pressure_generated","SF","LV",-0.009,0.0322,0.6129,0.9032,0.5161,"off:WEAKLY_PREDICTIVE|def:WEAKLY_PREDICTIVE","MEDIUM","MODELED"
2026,2,"pressure_allowed_vs_pressure_generated","SF","MIA",-0.009,-0.0262,0.6129,0.0968,-0.2903,"off:WEAKLY_PREDICTIVE|def:WEAKLY_PREDICTIVE","MEDIUM","MODELED"
2026,2,"pressure_allowed_vs_pressure_generated","SF","MIN",-0.009,0.0519,0.6129,1,0.6129,"off:WEAKLY_PREDICTIVE|def:WEAKLY_PREDICTIVE","MEDIUM","MODELED"
2026,2,"pressure_allowed_vs_pressure_generated","SF","NE",-0.009,0.0109,0.6129,0.6129,0.2258,"off:WEAKLY_PREDICTIVE|def:WEAKLY_PREDICTIVE","MEDIUM","MODELED"
2026,2,"pressure_allowed_vs_pressure_generated","SF","NO",-0.009,6e-04,0.6129,0.5161,0.129,"off:WEAKLY_PREDICTIVE|def:WEAKLY_PREDICTIVE","MEDIUM","MODELED"
2026,2,"pressure_allowed_vs_pressure_generated","SF","NYG",-0.009,-0.0443,0.6129,0,-0.3871,"off:WEAKLY_PREDICTIVE|def:WEAKLY_PREDICTIVE","MEDIUM","MODELED"
2026,2,"pressure_allowed_vs_pressure_generated","SF","NYJ",-0.009,-0.0222,0.6129,0.1613,-0.2258,"off:WEAKLY_PREDICTIVE|def:WEAKLY_PREDICTIVE","MEDIUM","MODELED"
2026,2,"pressure_allowed_vs_pressure_generated","SF","PHI",-0.009,-0.0291,0.6129,0.0645,-0.3226,"off:WEAKLY_PREDICTIVE|def:WEAKLY_PREDICTIVE","MEDIUM","MODELED"
2026,2,"pressure_allowed_vs_pressure_generated","SF","PIT",-0.009,0.0277,0.6129,0.871,0.4839,"off:WEAKLY_PREDICTIVE|def:WEAKLY_PREDICTIVE","MEDIUM","MODELED"
2026,2,"pressure_allowed_vs_pressure_generated","SF","SEA",-0.009,0.0269,0.6129,0.8387,0.4516,"off:WEAKLY_PREDICTIVE|def:WEAKLY_PREDICTIVE","MEDIUM","MODELED"
2026,2,"pressure_allowed_vs_pressure_generated","SF","TB",-0.009,-0.0432,0.6129,0.0323,-0.3548,"off:WEAKLY_PREDICTIVE|def:WEAKLY_PREDICTIVE","MEDIUM","MODELED"
2026,2,"pressure_allowed_vs_pressure_generated","SF","TEN",-0.009,-0.0182,0.6129,0.2581,-0.129,"off:WEAKLY_PREDICTIVE|def:WEAKLY_PREDICTIVE","MEDIUM","MODELED"
2026,2,"pressure_allowed_vs_pressure_generated","SF","WAS",-0.009,-0.0227,0.6129,0.129,-0.2581,"off:WEAKLY_PREDICTIVE|def:WEAKLY_PREDICTIVE","MEDIUM","MODELED"
2026,2,"pressure_allowed_vs_pressure_generated","TB","ARI",-0.0038,-0.0199,0.5161,0.2258,-0.2581,"off:WEAKLY_PREDICTIVE|def:WEAKLY_PREDICTIVE","MEDIUM","MODELED"
2026,2,"pressure_allowed_vs_pressure_generated","TB","ATL",-0.0038,0.0135,0.5161,0.7419,0.2581,"off:WEAKLY_PREDICTIVE|def:WEAKLY_PREDICTIVE","MEDIUM","MODELED"
2026,2,"pressure_allowed_vs_pressure_generated","TB","BAL",-0.0038,0.0324,0.5161,0.9355,0.4516,"off:WEAKLY_PREDICTIVE|def:WEAKLY_PREDICTIVE","MEDIUM","MODELED"
2026,2,"pressure_allowed_vs_pressure_generated","TB","BUF",-0.0038,0.0201,0.5161,0.7742,0.2903,"off:WEAKLY_PREDICTIVE|def:WEAKLY_PREDICTIVE","MEDIUM","MODELED"
2026,2,"pressure_allowed_vs_pressure_generated","TB","CAR",-0.0038,-6e-04,0.5161,0.4839,0,"off:WEAKLY_PREDICTIVE|def:WEAKLY_PREDICTIVE","MEDIUM","MODELED"
2026,2,"pressure_allowed_vs_pressure_generated","TB","CHI",-0.0038,0.0032,0.5161,0.5484,0.0645,"off:WEAKLY_PREDICTIVE|def:WEAKLY_PREDICTIVE","MEDIUM","MODELED"
2026,2,"pressure_allowed_vs_pressure_generated","TB","CIN",-0.0038,-0.0133,0.5161,0.3226,-0.1613,"off:WEAKLY_PREDICTIVE|def:WEAKLY_PREDICTIVE","MEDIUM","MODELED"
2026,2,"pressure_allowed_vs_pressure_generated","TB","CLE",-0.0038,-0.0127,0.5161,0.3548,-0.129,"off:WEAKLY_PREDICTIVE|def:WEAKLY_PREDICTIVE","MEDIUM","MODELED"
2026,2,"pressure_allowed_vs_pressure_generated","TB","DAL",-0.0038,-0.0204,0.5161,0.1935,-0.2903,"off:WEAKLY_PREDICTIVE|def:WEAKLY_PREDICTIVE","MEDIUM","MODELED"
2026,2,"pressure_allowed_vs_pressure_generated","TB","DEN",-0.0038,0.0215,0.5161,0.8065,0.3226,"off:WEAKLY_PREDICTIVE|def:WEAKLY_PREDICTIVE","MEDIUM","MODELED"
2026,2,"pressure_allowed_vs_pressure_generated","TB","DET",-0.0038,0.0415,0.5161,0.9677,0.4839,"off:WEAKLY_PREDICTIVE|def:WEAKLY_PREDICTIVE","MEDIUM","MODELED"
2026,2,"pressure_allowed_vs_pressure_generated","TB","GB",-0.0038,0.0133,0.5161,0.6774,0.1935,"off:WEAKLY_PREDICTIVE|def:WEAKLY_PREDICTIVE","MEDIUM","MODELED"
2026,2,"pressure_allowed_vs_pressure_generated","TB","HOU",-0.0038,-0.0074,0.5161,0.4516,-0.0323,"off:WEAKLY_PREDICTIVE|def:WEAKLY_PREDICTIVE","MEDIUM","MODELED"
2026,2,"pressure_allowed_vs_pressure_generated","TB","IND",-0.0038,-0.0107,0.5161,0.3871,-0.0968,"off:WEAKLY_PREDICTIVE|def:WEAKLY_PREDICTIVE","MEDIUM","MODELED"
2026,2,"pressure_allowed_vs_pressure_generated","TB","JAX",-0.0038,-0.0139,0.5161,0.2903,-0.1935,"off:WEAKLY_PREDICTIVE|def:WEAKLY_PREDICTIVE","MEDIUM","MODELED"
2026,2,"pressure_allowed_vs_pressure_generated","TB","KC",-0.0038,0.0134,0.5161,0.7097,0.2258,"off:WEAKLY_PREDICTIVE|def:WEAKLY_PREDICTIVE","MEDIUM","MODELED"
2026,2,"pressure_allowed_vs_pressure_generated","TB","LAC",-0.0038,0.0126,0.5161,0.6452,0.1613,"off:WEAKLY_PREDICTIVE|def:WEAKLY_PREDICTIVE","MEDIUM","MODELED"
2026,2,"pressure_allowed_vs_pressure_generated","TB","LAR",-0.0038,-0.0103,0.5161,0.4194,-0.0645,"off:WEAKLY_PREDICTIVE|def:WEAKLY_PREDICTIVE","MEDIUM","MODELED"
2026,2,"pressure_allowed_vs_pressure_generated","TB","LV",-0.0038,0.0322,0.5161,0.9032,0.4194,"off:WEAKLY_PREDICTIVE|def:WEAKLY_PREDICTIVE","MEDIUM","MODELED"
2026,2,"pressure_allowed_vs_pressure_generated","TB","MIA",-0.0038,-0.0262,0.5161,0.0968,-0.3871,"off:WEAKLY_PREDICTIVE|def:WEAKLY_PREDICTIVE","MEDIUM","MODELED"
2026,2,"pressure_allowed_vs_pressure_generated","TB","MIN",-0.0038,0.0519,0.5161,1,0.5161,"off:WEAKLY_PREDICTIVE|def:WEAKLY_PREDICTIVE","MEDIUM","MODELED"
2026,2,"pressure_allowed_vs_pressure_generated","TB","NE",-0.0038,0.0109,0.5161,0.6129,0.129,"off:WEAKLY_PREDICTIVE|def:WEAKLY_PREDICTIVE","MEDIUM","MODELED"
2026,2,"pressure_allowed_vs_pressure_generated","TB","NO",-0.0038,6e-04,0.5161,0.5161,0.0323,"off:WEAKLY_PREDICTIVE|def:WEAKLY_PREDICTIVE","MEDIUM","MODELED"
2026,2,"pressure_allowed_vs_pressure_generated","TB","NYG",-0.0038,-0.0443,0.5161,0,-0.4839,"off:WEAKLY_PREDICTIVE|def:WEAKLY_PREDICTIVE","MEDIUM","MODELED"
2026,2,"pressure_allowed_vs_pressure_generated","TB","NYJ",-0.0038,-0.0222,0.5161,0.1613,-0.3226,"off:WEAKLY_PREDICTIVE|def:WEAKLY_PREDICTIVE","MEDIUM","MODELED"
2026,2,"pressure_allowed_vs_pressure_generated","TB","PHI",-0.0038,-0.0291,0.5161,0.0645,-0.4194,"off:WEAKLY_PREDICTIVE|def:WEAKLY_PREDICTIVE","MEDIUM","MODELED"
2026,2,"pressure_allowed_vs_pressure_generated","TB","PIT",-0.0038,0.0277,0.5161,0.871,0.3871,"off:WEAKLY_PREDICTIVE|def:WEAKLY_PREDICTIVE","MEDIUM","MODELED"
2026,2,"pressure_allowed_vs_pressure_generated","TB","SEA",-0.0038,0.0269,0.5161,0.8387,0.3548,"off:WEAKLY_PREDICTIVE|def:WEAKLY_PREDICTIVE","MEDIUM","MODELED"
2026,2,"pressure_allowed_vs_pressure_generated","TB","SF",-0.0038,0.0055,0.5161,0.5806,0.0968,"off:WEAKLY_PREDICTIVE|def:WEAKLY_PREDICTIVE","MEDIUM","MODELED"
2026,2,"pressure_allowed_vs_pressure_generated","TB","TEN",-0.0038,-0.0182,0.5161,0.2581,-0.2258,"off:WEAKLY_PREDICTIVE|def:WEAKLY_PREDICTIVE","MEDIUM","MODELED"
2026,2,"pressure_allowed_vs_pressure_generated","TB","WAS",-0.0038,-0.0227,0.5161,0.129,-0.3548,"off:WEAKLY_PREDICTIVE|def:WEAKLY_PREDICTIVE","MEDIUM","MODELED"
2026,2,"pressure_allowed_vs_pressure_generated","TEN","ARI",0.0276,-0.0199,0.0968,0.2258,-0.6774,"off:WEAKLY_PREDICTIVE|def:WEAKLY_PREDICTIVE","MEDIUM","MODELED"
2026,2,"pressure_allowed_vs_pressure_generated","TEN","ATL",0.0276,0.0135,0.0968,0.7419,-0.1613,"off:WEAKLY_PREDICTIVE|def:WEAKLY_PREDICTIVE","MEDIUM","MODELED"
2026,2,"pressure_allowed_vs_pressure_generated","TEN","BAL",0.0276,0.0324,0.0968,0.9355,0.0323,"off:WEAKLY_PREDICTIVE|def:WEAKLY_PREDICTIVE","MEDIUM","MODELED"
2026,2,"pressure_allowed_vs_pressure_generated","TEN","BUF",0.0276,0.0201,0.0968,0.7742,-0.129,"off:WEAKLY_PREDICTIVE|def:WEAKLY_PREDICTIVE","MEDIUM","MODELED"
2026,2,"pressure_allowed_vs_pressure_generated","TEN","CAR",0.0276,-6e-04,0.0968,0.4839,-0.4194,"off:WEAKLY_PREDICTIVE|def:WEAKLY_PREDICTIVE","MEDIUM","MODELED"
2026,2,"pressure_allowed_vs_pressure_generated","TEN","CHI",0.0276,0.0032,0.0968,0.5484,-0.3548,"off:WEAKLY_PREDICTIVE|def:WEAKLY_PREDICTIVE","MEDIUM","MODELED"
2026,2,"pressure_allowed_vs_pressure_generated","TEN","CIN",0.0276,-0.0133,0.0968,0.3226,-0.5806,"off:WEAKLY_PREDICTIVE|def:WEAKLY_PREDICTIVE","MEDIUM","MODELED"
2026,2,"pressure_allowed_vs_pressure_generated","TEN","CLE",0.0276,-0.0127,0.0968,0.3548,-0.5484,"off:WEAKLY_PREDICTIVE|def:WEAKLY_PREDICTIVE","MEDIUM","MODELED"
2026,2,"pressure_allowed_vs_pressure_generated","TEN","DAL",0.0276,-0.0204,0.0968,0.1935,-0.7097,"off:WEAKLY_PREDICTIVE|def:WEAKLY_PREDICTIVE","MEDIUM","MODELED"
2026,2,"pressure_allowed_vs_pressure_generated","TEN","DEN",0.0276,0.0215,0.0968,0.8065,-0.0968,"off:WEAKLY_PREDICTIVE|def:WEAKLY_PREDICTIVE","MEDIUM","MODELED"
2026,2,"pressure_allowed_vs_pressure_generated","TEN","DET",0.0276,0.0415,0.0968,0.9677,0.0645,"off:WEAKLY_PREDICTIVE|def:WEAKLY_PREDICTIVE","MEDIUM","MODELED"
2026,2,"pressure_allowed_vs_pressure_generated","TEN","GB",0.0276,0.0133,0.0968,0.6774,-0.2258,"off:WEAKLY_PREDICTIVE|def:WEAKLY_PREDICTIVE","MEDIUM","MODELED"
2026,2,"pressure_allowed_vs_pressure_generated","TEN","HOU",0.0276,-0.0074,0.0968,0.4516,-0.4516,"off:WEAKLY_PREDICTIVE|def:WEAKLY_PREDICTIVE","MEDIUM","MODELED"
2026,2,"pressure_allowed_vs_pressure_generated","TEN","IND",0.0276,-0.0107,0.0968,0.3871,-0.5161,"off:WEAKLY_PREDICTIVE|def:WEAKLY_PREDICTIVE","MEDIUM","MODELED"
2026,2,"pressure_allowed_vs_pressure_generated","TEN","JAX",0.0276,-0.0139,0.0968,0.2903,-0.6129,"off:WEAKLY_PREDICTIVE|def:WEAKLY_PREDICTIVE","MEDIUM","MODELED"
2026,2,"pressure_allowed_vs_pressure_generated","TEN","KC",0.0276,0.0134,0.0968,0.7097,-0.1935,"off:WEAKLY_PREDICTIVE|def:WEAKLY_PREDICTIVE","MEDIUM","MODELED"
2026,2,"pressure_allowed_vs_pressure_generated","TEN","LAC",0.0276,0.0126,0.0968,0.6452,-0.2581,"off:WEAKLY_PREDICTIVE|def:WEAKLY_PREDICTIVE","MEDIUM","MODELED"
2026,2,"pressure_allowed_vs_pressure_generated","TEN","LAR",0.0276,-0.0103,0.0968,0.4194,-0.4839,"off:WEAKLY_PREDICTIVE|def:WEAKLY_PREDICTIVE","MEDIUM","MODELED"
2026,2,"pressure_allowed_vs_pressure_generated","TEN","LV",0.0276,0.0322,0.0968,0.9032,0,"off:WEAKLY_PREDICTIVE|def:WEAKLY_PREDICTIVE","MEDIUM","MODELED"
2026,2,"pressure_allowed_vs_pressure_generated","TEN","MIA",0.0276,-0.0262,0.0968,0.0968,-0.8065,"off:WEAKLY_PREDICTIVE|def:WEAKLY_PREDICTIVE","MEDIUM","MODELED"
2026,2,"pressure_allowed_vs_pressure_generated","TEN","MIN",0.0276,0.0519,0.0968,1,0.0968,"off:WEAKLY_PREDICTIVE|def:WEAKLY_PREDICTIVE","MEDIUM","MODELED"
2026,2,"pressure_allowed_vs_pressure_generated","TEN","NE",0.0276,0.0109,0.0968,0.6129,-0.2903,"off:WEAKLY_PREDICTIVE|def:WEAKLY_PREDICTIVE","MEDIUM","MODELED"
2026,2,"pressure_allowed_vs_pressure_generated","TEN","NO",0.0276,6e-04,0.0968,0.5161,-0.3871,"off:WEAKLY_PREDICTIVE|def:WEAKLY_PREDICTIVE","MEDIUM","MODELED"
2026,2,"pressure_allowed_vs_pressure_generated","TEN","NYG",0.0276,-0.0443,0.0968,0,-0.9032,"off:WEAKLY_PREDICTIVE|def:WEAKLY_PREDICTIVE","MEDIUM","MODELED"
2026,2,"pressure_allowed_vs_pressure_generated","TEN","NYJ",0.0276,-0.0222,0.0968,0.1613,-0.7419,"off:WEAKLY_PREDICTIVE|def:WEAKLY_PREDICTIVE","MEDIUM","MODELED"
2026,2,"pressure_allowed_vs_pressure_generated","TEN","PHI",0.0276,-0.0291,0.0968,0.0645,-0.8387,"off:WEAKLY_PREDICTIVE|def:WEAKLY_PREDICTIVE","MEDIUM","MODELED"
2026,2,"pressure_allowed_vs_pressure_generated","TEN","PIT",0.0276,0.0277,0.0968,0.871,-0.0323,"off:WEAKLY_PREDICTIVE|def:WEAKLY_PREDICTIVE","MEDIUM","MODELED"
2026,2,"pressure_allowed_vs_pressure_generated","TEN","SEA",0.0276,0.0269,0.0968,0.8387,-0.0645,"off:WEAKLY_PREDICTIVE|def:WEAKLY_PREDICTIVE","MEDIUM","MODELED"
2026,2,"pressure_allowed_vs_pressure_generated","TEN","SF",0.0276,0.0055,0.0968,0.5806,-0.3226,"off:WEAKLY_PREDICTIVE|def:WEAKLY_PREDICTIVE","MEDIUM","MODELED"
2026,2,"pressure_allowed_vs_pressure_generated","TEN","TB",0.0276,-0.0432,0.0968,0.0323,-0.871,"off:WEAKLY_PREDICTIVE|def:WEAKLY_PREDICTIVE","MEDIUM","MODELED"
2026,2,"pressure_allowed_vs_pressure_generated","TEN","WAS",0.0276,-0.0227,0.0968,0.129,-0.7742,"off:WEAKLY_PREDICTIVE|def:WEAKLY_PREDICTIVE","MEDIUM","MODELED"
2026,2,"pressure_allowed_vs_pressure_generated","WAS","ARI",0.0118,-0.0199,0.2258,0.2258,-0.5484,"off:WEAKLY_PREDICTIVE|def:WEAKLY_PREDICTIVE","MEDIUM","MODELED"
2026,2,"pressure_allowed_vs_pressure_generated","WAS","ATL",0.0118,0.0135,0.2258,0.7419,-0.0323,"off:WEAKLY_PREDICTIVE|def:WEAKLY_PREDICTIVE","MEDIUM","MODELED"
2026,2,"pressure_allowed_vs_pressure_generated","WAS","BAL",0.0118,0.0324,0.2258,0.9355,0.1613,"off:WEAKLY_PREDICTIVE|def:WEAKLY_PREDICTIVE","MEDIUM","MODELED"
2026,2,"pressure_allowed_vs_pressure_generated","WAS","BUF",0.0118,0.0201,0.2258,0.7742,0,"off:WEAKLY_PREDICTIVE|def:WEAKLY_PREDICTIVE","MEDIUM","MODELED"
2026,2,"pressure_allowed_vs_pressure_generated","WAS","CAR",0.0118,-6e-04,0.2258,0.4839,-0.2903,"off:WEAKLY_PREDICTIVE|def:WEAKLY_PREDICTIVE","MEDIUM","MODELED"
2026,2,"pressure_allowed_vs_pressure_generated","WAS","CHI",0.0118,0.0032,0.2258,0.5484,-0.2258,"off:WEAKLY_PREDICTIVE|def:WEAKLY_PREDICTIVE","MEDIUM","MODELED"
2026,2,"pressure_allowed_vs_pressure_generated","WAS","CIN",0.0118,-0.0133,0.2258,0.3226,-0.4516,"off:WEAKLY_PREDICTIVE|def:WEAKLY_PREDICTIVE","MEDIUM","MODELED"
2026,2,"pressure_allowed_vs_pressure_generated","WAS","CLE",0.0118,-0.0127,0.2258,0.3548,-0.4194,"off:WEAKLY_PREDICTIVE|def:WEAKLY_PREDICTIVE","MEDIUM","MODELED"
2026,2,"pressure_allowed_vs_pressure_generated","WAS","DAL",0.0118,-0.0204,0.2258,0.1935,-0.5806,"off:WEAKLY_PREDICTIVE|def:WEAKLY_PREDICTIVE","MEDIUM","MODELED"
2026,2,"pressure_allowed_vs_pressure_generated","WAS","DEN",0.0118,0.0215,0.2258,0.8065,0.0323,"off:WEAKLY_PREDICTIVE|def:WEAKLY_PREDICTIVE","MEDIUM","MODELED"
2026,2,"pressure_allowed_vs_pressure_generated","WAS","DET",0.0118,0.0415,0.2258,0.9677,0.1935,"off:WEAKLY_PREDICTIVE|def:WEAKLY_PREDICTIVE","MEDIUM","MODELED"
2026,2,"pressure_allowed_vs_pressure_generated","WAS","GB",0.0118,0.0133,0.2258,0.6774,-0.0968,"off:WEAKLY_PREDICTIVE|def:WEAKLY_PREDICTIVE","MEDIUM","MODELED"
2026,2,"pressure_allowed_vs_pressure_generated","WAS","HOU",0.0118,-0.0074,0.2258,0.4516,-0.3226,"off:WEAKLY_PREDICTIVE|def:WEAKLY_PREDICTIVE","MEDIUM","MODELED"
2026,2,"pressure_allowed_vs_pressure_generated","WAS","IND",0.0118,-0.0107,0.2258,0.3871,-0.3871,"off:WEAKLY_PREDICTIVE|def:WEAKLY_PREDICTIVE","MEDIUM","MODELED"
2026,2,"pressure_allowed_vs_pressure_generated","WAS","JAX",0.0118,-0.0139,0.2258,0.2903,-0.4839,"off:WEAKLY_PREDICTIVE|def:WEAKLY_PREDICTIVE","MEDIUM","MODELED"
2026,2,"pressure_allowed_vs_pressure_generated","WAS","KC",0.0118,0.0134,0.2258,0.7097,-0.0645,"off:WEAKLY_PREDICTIVE|def:WEAKLY_PREDICTIVE","MEDIUM","MODELED"
2026,2,"pressure_allowed_vs_pressure_generated","WAS","LAC",0.0118,0.0126,0.2258,0.6452,-0.129,"off:WEAKLY_PREDICTIVE|def:WEAKLY_PREDICTIVE","MEDIUM","MODELED"
2026,2,"pressure_allowed_vs_pressure_generated","WAS","LAR",0.0118,-0.0103,0.2258,0.4194,-0.3548,"off:WEAKLY_PREDICTIVE|def:WEAKLY_PREDICTIVE","MEDIUM","MODELED"
2026,2,"pressure_allowed_vs_pressure_generated","WAS","LV",0.0118,0.0322,0.2258,0.9032,0.129,"off:WEAKLY_PREDICTIVE|def:WEAKLY_PREDICTIVE","MEDIUM","MODELED"
2026,2,"pressure_allowed_vs_pressure_generated","WAS","MIA",0.0118,-0.0262,0.2258,0.0968,-0.6774,"off:WEAKLY_PREDICTIVE|def:WEAKLY_PREDICTIVE","MEDIUM","MODELED"
2026,2,"pressure_allowed_vs_pressure_generated","WAS","MIN",0.0118,0.0519,0.2258,1,0.2258,"off:WEAKLY_PREDICTIVE|def:WEAKLY_PREDICTIVE","MEDIUM","MODELED"
2026,2,"pressure_allowed_vs_pressure_generated","WAS","NE",0.0118,0.0109,0.2258,0.6129,-0.1613,"off:WEAKLY_PREDICTIVE|def:WEAKLY_PREDICTIVE","MEDIUM","MODELED"
2026,2,"pressure_allowed_vs_pressure_generated","WAS","NO",0.0118,6e-04,0.2258,0.5161,-0.2581,"off:WEAKLY_PREDICTIVE|def:WEAKLY_PREDICTIVE","MEDIUM","MODELED"
2026,2,"pressure_allowed_vs_pressure_generated","WAS","NYG",0.0118,-0.0443,0.2258,0,-0.7742,"off:WEAKLY_PREDICTIVE|def:WEAKLY_PREDICTIVE","MEDIUM","MODELED"
2026,2,"pressure_allowed_vs_pressure_generated","WAS","NYJ",0.0118,-0.0222,0.2258,0.1613,-0.6129,"off:WEAKLY_PREDICTIVE|def:WEAKLY_PREDICTIVE","MEDIUM","MODELED"
2026,2,"pressure_allowed_vs_pressure_generated","WAS","PHI",0.0118,-0.0291,0.2258,0.0645,-0.7097,"off:WEAKLY_PREDICTIVE|def:WEAKLY_PREDICTIVE","MEDIUM","MODELED"
2026,2,"pressure_allowed_vs_pressure_generated","WAS","PIT",0.0118,0.0277,0.2258,0.871,0.0968,"off:WEAKLY_PREDICTIVE|def:WEAKLY_PREDICTIVE","MEDIUM","MODELED"
2026,2,"pressure_allowed_vs_pressure_generated","WAS","SEA",0.0118,0.0269,0.2258,0.8387,0.0645,"off:WEAKLY_PREDICTIVE|def:WEAKLY_PREDICTIVE","MEDIUM","MODELED"
2026,2,"pressure_allowed_vs_pressure_generated","WAS","SF",0.0118,0.0055,0.2258,0.5806,-0.1935,"off:WEAKLY_PREDICTIVE|def:WEAKLY_PREDICTIVE","MEDIUM","MODELED"
2026,2,"pressure_allowed_vs_pressure_generated","WAS","TB",0.0118,-0.0432,0.2258,0.0323,-0.7419,"off:WEAKLY_PREDICTIVE|def:WEAKLY_PREDICTIVE","MEDIUM","MODELED"
2026,2,"pressure_allowed_vs_pressure_generated","WAS","TEN",0.0118,-0.0182,0.2258,0.2581,-0.5161,"off:WEAKLY_PREDICTIVE|def:WEAKLY_PREDICTIVE","MEDIUM","MODELED"
2026,2,"explosive_pass_vs_explosive_prevention","ARI","ATL",-0.0481,-0.007,0.0323,0.5161,-0.4516,"off:PREDICTIVE|def:WEAKLY_PREDICTIVE","MEDIUM","MODELED"
2026,2,"explosive_pass_vs_explosive_prevention","ARI","BAL",-0.0481,-0.0228,0.0323,0.871,-0.0968,"off:PREDICTIVE|def:WEAKLY_PREDICTIVE","MEDIUM","MODELED"
2026,2,"explosive_pass_vs_explosive_prevention","ARI","BUF",-0.0481,0.0176,0.0323,0.2903,-0.6774,"off:PREDICTIVE|def:WEAKLY_PREDICTIVE","MEDIUM","MODELED"
2026,2,"explosive_pass_vs_explosive_prevention","ARI","CAR",-0.0481,-0.0074,0.0323,0.5806,-0.3871,"off:PREDICTIVE|def:WEAKLY_PREDICTIVE","MEDIUM","MODELED"
2026,2,"explosive_pass_vs_explosive_prevention","ARI","CHI",-0.0481,0.0148,0.0323,0.3226,-0.6452,"off:PREDICTIVE|def:WEAKLY_PREDICTIVE","MEDIUM","MODELED"
2026,2,"explosive_pass_vs_explosive_prevention","ARI","CIN",-0.0481,0.012,0.0323,0.3871,-0.5806,"off:PREDICTIVE|def:WEAKLY_PREDICTIVE","MEDIUM","MODELED"
2026,2,"explosive_pass_vs_explosive_prevention","ARI","CLE",-0.0481,0.0025,0.0323,0.4516,-0.5161,"off:PREDICTIVE|def:WEAKLY_PREDICTIVE","MEDIUM","MODELED"
2026,2,"explosive_pass_vs_explosive_prevention","ARI","DAL",-0.0481,-0.0062,0.0323,0.4839,-0.4839,"off:PREDICTIVE|def:WEAKLY_PREDICTIVE","MEDIUM","MODELED"
2026,2,"explosive_pass_vs_explosive_prevention","ARI","DEN",-0.0481,-0.014,0.0323,0.6452,-0.3226,"off:PREDICTIVE|def:WEAKLY_PREDICTIVE","MEDIUM","MODELED"
2026,2,"explosive_pass_vs_explosive_prevention","ARI","DET",-0.0481,-0.0176,0.0323,0.7097,-0.2581,"off:PREDICTIVE|def:WEAKLY_PREDICTIVE","MEDIUM","MODELED"
2026,2,"explosive_pass_vs_explosive_prevention","ARI","GB",-0.0481,-0.0122,0.0323,0.6129,-0.3548,"off:PREDICTIVE|def:WEAKLY_PREDICTIVE","MEDIUM","MODELED"
2026,2,"explosive_pass_vs_explosive_prevention","ARI","HOU",-0.0481,0.0204,0.0323,0.2258,-0.7419,"off:PREDICTIVE|def:WEAKLY_PREDICTIVE","MEDIUM","MODELED"
2026,2,"explosive_pass_vs_explosive_prevention","ARI","IND",-0.0481,0.0277,0.0323,0.0968,-0.871,"off:PREDICTIVE|def:WEAKLY_PREDICTIVE","MEDIUM","MODELED"
2026,2,"explosive_pass_vs_explosive_prevention","ARI","JAX",-0.0481,0.0272,0.0323,0.1935,-0.7742,"off:PREDICTIVE|def:WEAKLY_PREDICTIVE","MEDIUM","MODELED"
2026,2,"explosive_pass_vs_explosive_prevention","ARI","KC",-0.0481,-0.0267,0.0323,0.9032,-0.0645,"off:PREDICTIVE|def:WEAKLY_PREDICTIVE","MEDIUM","MODELED"
2026,2,"explosive_pass_vs_explosive_prevention","ARI","LAC",-0.0481,0.0418,0.0323,0,-0.9677,"off:PREDICTIVE|def:WEAKLY_PREDICTIVE","MEDIUM","MODELED"
2026,2,"explosive_pass_vs_explosive_prevention","ARI","LAR",-0.0481,-0.0369,0.0323,0.9677,0,"off:PREDICTIVE|def:WEAKLY_PREDICTIVE","MEDIUM","MODELED"
2026,2,"explosive_pass_vs_explosive_prevention","ARI","LV",-0.0481,-0.0157,0.0323,0.6774,-0.2903,"off:PREDICTIVE|def:WEAKLY_PREDICTIVE","MEDIUM","MODELED"
2026,2,"explosive_pass_vs_explosive_prevention","ARI","MIA",-0.0481,0.0352,0.0323,0.0323,-0.9355,"off:PREDICTIVE|def:WEAKLY_PREDICTIVE","MEDIUM","MODELED"
2026,2,"explosive_pass_vs_explosive_prevention","ARI","MIN",-0.0481,-0.0293,0.0323,0.9355,-0.0323,"off:PREDICTIVE|def:WEAKLY_PREDICTIVE","MEDIUM","MODELED"
2026,2,"explosive_pass_vs_explosive_prevention","ARI","NE",-0.0481,-0.0182,0.0323,0.7419,-0.2258,"off:PREDICTIVE|def:WEAKLY_PREDICTIVE","MEDIUM","MODELED"
2026,2,"explosive_pass_vs_explosive_prevention","ARI","NO",-0.0481,-0.0198,0.0323,0.7742,-0.1935,"off:PREDICTIVE|def:WEAKLY_PREDICTIVE","MEDIUM","MODELED"
2026,2,"explosive_pass_vs_explosive_prevention","ARI","NYG",-0.0481,0.0144,0.0323,0.3548,-0.6129,"off:PREDICTIVE|def:WEAKLY_PREDICTIVE","MEDIUM","MODELED"
2026,2,"explosive_pass_vs_explosive_prevention","ARI","NYJ",-0.0481,-0.049,0.0323,1,0.0323,"off:PREDICTIVE|def:WEAKLY_PREDICTIVE","MEDIUM","MODELED"
2026,2,"explosive_pass_vs_explosive_prevention","ARI","PHI",-0.0481,-0.0205,0.0323,0.8065,-0.1613,"off:PREDICTIVE|def:WEAKLY_PREDICTIVE","MEDIUM","MODELED"
2026,2,"explosive_pass_vs_explosive_prevention","ARI","PIT",-0.0481,0.0272,0.0323,0.1613,-0.8065,"off:PREDICTIVE|def:WEAKLY_PREDICTIVE","MEDIUM","MODELED"
2026,2,"explosive_pass_vs_explosive_prevention","ARI","SEA",-0.0481,0.0047,0.0323,0.4194,-0.5484,"off:PREDICTIVE|def:WEAKLY_PREDICTIVE","MEDIUM","MODELED"
2026,2,"explosive_pass_vs_explosive_prevention","ARI","SF",-0.0481,-0.022,0.0323,0.8387,-0.129,"off:PREDICTIVE|def:WEAKLY_PREDICTIVE","MEDIUM","MODELED"
2026,2,"explosive_pass_vs_explosive_prevention","ARI","TB",-0.0481,0.0189,0.0323,0.2581,-0.7097,"off:PREDICTIVE|def:WEAKLY_PREDICTIVE","MEDIUM","MODELED"
2026,2,"explosive_pass_vs_explosive_prevention","ARI","TEN",-0.0481,0.0272,0.0323,0.129,-0.8387,"off:PREDICTIVE|def:WEAKLY_PREDICTIVE","MEDIUM","MODELED"
2026,2,"explosive_pass_vs_explosive_prevention","ARI","WAS",-0.0481,0.0295,0.0323,0.0645,-0.9032,"off:PREDICTIVE|def:WEAKLY_PREDICTIVE","MEDIUM","MODELED"
2026,2,"explosive_pass_vs_explosive_prevention","ATL","ARI",-0.0204,-0.0071,0.1613,0.5484,-0.2903,"off:PREDICTIVE|def:WEAKLY_PREDICTIVE","MEDIUM","MODELED"
2026,2,"explosive_pass_vs_explosive_prevention","ATL","BAL",-0.0204,-0.0228,0.1613,0.871,0.0323,"off:PREDICTIVE|def:WEAKLY_PREDICTIVE","MEDIUM","MODELED"
2026,2,"explosive_pass_vs_explosive_prevention","ATL","BUF",-0.0204,0.0176,0.1613,0.2903,-0.5484,"off:PREDICTIVE|def:WEAKLY_PREDICTIVE","MEDIUM","MODELED"
2026,2,"explosive_pass_vs_explosive_prevention","ATL","CAR",-0.0204,-0.0074,0.1613,0.5806,-0.2581,"off:PREDICTIVE|def:WEAKLY_PREDICTIVE","MEDIUM","MODELED"
2026,2,"explosive_pass_vs_explosive_prevention","ATL","CHI",-0.0204,0.0148,0.1613,0.3226,-0.5161,"off:PREDICTIVE|def:WEAKLY_PREDICTIVE","MEDIUM","MODELED"
2026,2,"explosive_pass_vs_explosive_prevention","ATL","CIN",-0.0204,0.012,0.1613,0.3871,-0.4516,"off:PREDICTIVE|def:WEAKLY_PREDICTIVE","MEDIUM","MODELED"
2026,2,"explosive_pass_vs_explosive_prevention","ATL","CLE",-0.0204,0.0025,0.1613,0.4516,-0.3871,"off:PREDICTIVE|def:WEAKLY_PREDICTIVE","MEDIUM","MODELED"
2026,2,"explosive_pass_vs_explosive_prevention","ATL","DAL",-0.0204,-0.0062,0.1613,0.4839,-0.3548,"off:PREDICTIVE|def:WEAKLY_PREDICTIVE","MEDIUM","MODELED"
2026,2,"explosive_pass_vs_explosive_prevention","ATL","DEN",-0.0204,-0.014,0.1613,0.6452,-0.1935,"off:PREDICTIVE|def:WEAKLY_PREDICTIVE","MEDIUM","MODELED"
2026,2,"explosive_pass_vs_explosive_prevention","ATL","DET",-0.0204,-0.0176,0.1613,0.7097,-0.129,"off:PREDICTIVE|def:WEAKLY_PREDICTIVE","MEDIUM","MODELED"
2026,2,"explosive_pass_vs_explosive_prevention","ATL","GB",-0.0204,-0.0122,0.1613,0.6129,-0.2258,"off:PREDICTIVE|def:WEAKLY_PREDICTIVE","MEDIUM","MODELED"
2026,2,"explosive_pass_vs_explosive_prevention","ATL","HOU",-0.0204,0.0204,0.1613,0.2258,-0.6129,"off:PREDICTIVE|def:WEAKLY_PREDICTIVE","MEDIUM","MODELED"
2026,2,"explosive_pass_vs_explosive_prevention","ATL","IND",-0.0204,0.0277,0.1613,0.0968,-0.7419,"off:PREDICTIVE|def:WEAKLY_PREDICTIVE","MEDIUM","MODELED"
2026,2,"explosive_pass_vs_explosive_prevention","ATL","JAX",-0.0204,0.0272,0.1613,0.1935,-0.6452,"off:PREDICTIVE|def:WEAKLY_PREDICTIVE","MEDIUM","MODELED"
2026,2,"explosive_pass_vs_explosive_prevention","ATL","KC",-0.0204,-0.0267,0.1613,0.9032,0.0645,"off:PREDICTIVE|def:WEAKLY_PREDICTIVE","MEDIUM","MODELED"
2026,2,"explosive_pass_vs_explosive_prevention","ATL","LAC",-0.0204,0.0418,0.1613,0,-0.8387,"off:PREDICTIVE|def:WEAKLY_PREDICTIVE","MEDIUM","MODELED"
2026,2,"explosive_pass_vs_explosive_prevention","ATL","LAR",-0.0204,-0.0369,0.1613,0.9677,0.129,"off:PREDICTIVE|def:WEAKLY_PREDICTIVE","MEDIUM","MODELED"
2026,2,"explosive_pass_vs_explosive_prevention","ATL","LV",-0.0204,-0.0157,0.1613,0.6774,-0.1613,"off:PREDICTIVE|def:WEAKLY_PREDICTIVE","MEDIUM","MODELED"
2026,2,"explosive_pass_vs_explosive_prevention","ATL","MIA",-0.0204,0.0352,0.1613,0.0323,-0.8065,"off:PREDICTIVE|def:WEAKLY_PREDICTIVE","MEDIUM","MODELED"
2026,2,"explosive_pass_vs_explosive_prevention","ATL","MIN",-0.0204,-0.0293,0.1613,0.9355,0.0968,"off:PREDICTIVE|def:WEAKLY_PREDICTIVE","MEDIUM","MODELED"
2026,2,"explosive_pass_vs_explosive_prevention","ATL","NE",-0.0204,-0.0182,0.1613,0.7419,-0.0968,"off:PREDICTIVE|def:WEAKLY_PREDICTIVE","MEDIUM","MODELED"
2026,2,"explosive_pass_vs_explosive_prevention","ATL","NO",-0.0204,-0.0198,0.1613,0.7742,-0.0645,"off:PREDICTIVE|def:WEAKLY_PREDICTIVE","MEDIUM","MODELED"
2026,2,"explosive_pass_vs_explosive_prevention","ATL","NYG",-0.0204,0.0144,0.1613,0.3548,-0.4839,"off:PREDICTIVE|def:WEAKLY_PREDICTIVE","MEDIUM","MODELED"
2026,2,"explosive_pass_vs_explosive_prevention","ATL","NYJ",-0.0204,-0.049,0.1613,1,0.1613,"off:PREDICTIVE|def:WEAKLY_PREDICTIVE","MEDIUM","MODELED"
2026,2,"explosive_pass_vs_explosive_prevention","ATL","PHI",-0.0204,-0.0205,0.1613,0.8065,-0.0323,"off:PREDICTIVE|def:WEAKLY_PREDICTIVE","MEDIUM","MODELED"
2026,2,"explosive_pass_vs_explosive_prevention","ATL","PIT",-0.0204,0.0272,0.1613,0.1613,-0.6774,"off:PREDICTIVE|def:WEAKLY_PREDICTIVE","MEDIUM","MODELED"
2026,2,"explosive_pass_vs_explosive_prevention","ATL","SEA",-0.0204,0.0047,0.1613,0.4194,-0.4194,"off:PREDICTIVE|def:WEAKLY_PREDICTIVE","MEDIUM","MODELED"
2026,2,"explosive_pass_vs_explosive_prevention","ATL","SF",-0.0204,-0.022,0.1613,0.8387,0,"off:PREDICTIVE|def:WEAKLY_PREDICTIVE","MEDIUM","MODELED"
2026,2,"explosive_pass_vs_explosive_prevention","ATL","TB",-0.0204,0.0189,0.1613,0.2581,-0.5806,"off:PREDICTIVE|def:WEAKLY_PREDICTIVE","MEDIUM","MODELED"
2026,2,"explosive_pass_vs_explosive_prevention","ATL","TEN",-0.0204,0.0272,0.1613,0.129,-0.7097,"off:PREDICTIVE|def:WEAKLY_PREDICTIVE","MEDIUM","MODELED"
2026,2,"explosive_pass_vs_explosive_prevention","ATL","WAS",-0.0204,0.0295,0.1613,0.0645,-0.7742,"off:PREDICTIVE|def:WEAKLY_PREDICTIVE","MEDIUM","MODELED"
2026,2,"explosive_pass_vs_explosive_prevention","BAL","ARI",0.0255,-0.0071,0.9032,0.5484,0.4516,"off:PREDICTIVE|def:WEAKLY_PREDICTIVE","MEDIUM","MODELED"
2026,2,"explosive_pass_vs_explosive_prevention","BAL","ATL",0.0255,-0.007,0.9032,0.5161,0.4194,"off:PREDICTIVE|def:WEAKLY_PREDICTIVE","MEDIUM","MODELED"
2026,2,"explosive_pass_vs_explosive_prevention","BAL","BUF",0.0255,0.0176,0.9032,0.2903,0.1935,"off:PREDICTIVE|def:WEAKLY_PREDICTIVE","MEDIUM","MODELED"
2026,2,"explosive_pass_vs_explosive_prevention","BAL","CAR",0.0255,-0.0074,0.9032,0.5806,0.4839,"off:PREDICTIVE|def:WEAKLY_PREDICTIVE","MEDIUM","MODELED"
2026,2,"explosive_pass_vs_explosive_prevention","BAL","CHI",0.0255,0.0148,0.9032,0.3226,0.2258,"off:PREDICTIVE|def:WEAKLY_PREDICTIVE","MEDIUM","MODELED"
2026,2,"explosive_pass_vs_explosive_prevention","BAL","CIN",0.0255,0.012,0.9032,0.3871,0.2903,"off:PREDICTIVE|def:WEAKLY_PREDICTIVE","MEDIUM","MODELED"
2026,2,"explosive_pass_vs_explosive_prevention","BAL","CLE",0.0255,0.0025,0.9032,0.4516,0.3548,"off:PREDICTIVE|def:WEAKLY_PREDICTIVE","MEDIUM","MODELED"
2026,2,"explosive_pass_vs_explosive_prevention","BAL","DAL",0.0255,-0.0062,0.9032,0.4839,0.3871,"off:PREDICTIVE|def:WEAKLY_PREDICTIVE","MEDIUM","MODELED"
2026,2,"explosive_pass_vs_explosive_prevention","BAL","DEN",0.0255,-0.014,0.9032,0.6452,0.5484,"off:PREDICTIVE|def:WEAKLY_PREDICTIVE","MEDIUM","MODELED"
2026,2,"explosive_pass_vs_explosive_prevention","BAL","DET",0.0255,-0.0176,0.9032,0.7097,0.6129,"off:PREDICTIVE|def:WEAKLY_PREDICTIVE","MEDIUM","MODELED"
2026,2,"explosive_pass_vs_explosive_prevention","BAL","GB",0.0255,-0.0122,0.9032,0.6129,0.5161,"off:PREDICTIVE|def:WEAKLY_PREDICTIVE","MEDIUM","MODELED"
2026,2,"explosive_pass_vs_explosive_prevention","BAL","HOU",0.0255,0.0204,0.9032,0.2258,0.129,"off:PREDICTIVE|def:WEAKLY_PREDICTIVE","MEDIUM","MODELED"
2026,2,"explosive_pass_vs_explosive_prevention","BAL","IND",0.0255,0.0277,0.9032,0.0968,0,"off:PREDICTIVE|def:WEAKLY_PREDICTIVE","MEDIUM","MODELED"
2026,2,"explosive_pass_vs_explosive_prevention","BAL","JAX",0.0255,0.0272,0.9032,0.1935,0.0968,"off:PREDICTIVE|def:WEAKLY_PREDICTIVE","MEDIUM","MODELED"
2026,2,"explosive_pass_vs_explosive_prevention","BAL","KC",0.0255,-0.0267,0.9032,0.9032,0.8065,"off:PREDICTIVE|def:WEAKLY_PREDICTIVE","MEDIUM","MODELED"
2026,2,"explosive_pass_vs_explosive_prevention","BAL","LAC",0.0255,0.0418,0.9032,0,-0.0968,"off:PREDICTIVE|def:WEAKLY_PREDICTIVE","MEDIUM","MODELED"
2026,2,"explosive_pass_vs_explosive_prevention","BAL","LAR",0.0255,-0.0369,0.9032,0.9677,0.871,"off:PREDICTIVE|def:WEAKLY_PREDICTIVE","MEDIUM","MODELED"
2026,2,"explosive_pass_vs_explosive_prevention","BAL","LV",0.0255,-0.0157,0.9032,0.6774,0.5806,"off:PREDICTIVE|def:WEAKLY_PREDICTIVE","MEDIUM","MODELED"
2026,2,"explosive_pass_vs_explosive_prevention","BAL","MIA",0.0255,0.0352,0.9032,0.0323,-0.0645,"off:PREDICTIVE|def:WEAKLY_PREDICTIVE","MEDIUM","MODELED"
2026,2,"explosive_pass_vs_explosive_prevention","BAL","MIN",0.0255,-0.0293,0.9032,0.9355,0.8387,"off:PREDICTIVE|def:WEAKLY_PREDICTIVE","MEDIUM","MODELED"
2026,2,"explosive_pass_vs_explosive_prevention","BAL","NE",0.0255,-0.0182,0.9032,0.7419,0.6452,"off:PREDICTIVE|def:WEAKLY_PREDICTIVE","MEDIUM","MODELED"
2026,2,"explosive_pass_vs_explosive_prevention","BAL","NO",0.0255,-0.0198,0.9032,0.7742,0.6774,"off:PREDICTIVE|def:WEAKLY_PREDICTIVE","MEDIUM","MODELED"
2026,2,"explosive_pass_vs_explosive_prevention","BAL","NYG",0.0255,0.0144,0.9032,0.3548,0.2581,"off:PREDICTIVE|def:WEAKLY_PREDICTIVE","MEDIUM","MODELED"
2026,2,"explosive_pass_vs_explosive_prevention","BAL","NYJ",0.0255,-0.049,0.9032,1,0.9032,"off:PREDICTIVE|def:WEAKLY_PREDICTIVE","MEDIUM","MODELED"
2026,2,"explosive_pass_vs_explosive_prevention","BAL","PHI",0.0255,-0.0205,0.9032,0.8065,0.7097,"off:PREDICTIVE|def:WEAKLY_PREDICTIVE","MEDIUM","MODELED"
2026,2,"explosive_pass_vs_explosive_prevention","BAL","PIT",0.0255,0.0272,0.9032,0.1613,0.0645,"off:PREDICTIVE|def:WEAKLY_PREDICTIVE","MEDIUM","MODELED"
2026,2,"explosive_pass_vs_explosive_prevention","BAL","SEA",0.0255,0.0047,0.9032,0.4194,0.3226,"off:PREDICTIVE|def:WEAKLY_PREDICTIVE","MEDIUM","MODELED"
2026,2,"explosive_pass_vs_explosive_prevention","BAL","SF",0.0255,-0.022,0.9032,0.8387,0.7419,"off:PREDICTIVE|def:WEAKLY_PREDICTIVE","MEDIUM","MODELED"
2026,2,"explosive_pass_vs_explosive_prevention","BAL","TB",0.0255,0.0189,0.9032,0.2581,0.1613,"off:PREDICTIVE|def:WEAKLY_PREDICTIVE","MEDIUM","MODELED"
2026,2,"explosive_pass_vs_explosive_prevention","BAL","TEN",0.0255,0.0272,0.9032,0.129,0.0323,"off:PREDICTIVE|def:WEAKLY_PREDICTIVE","MEDIUM","MODELED"
2026,2,"explosive_pass_vs_explosive_prevention","BAL","WAS",0.0255,0.0295,0.9032,0.0645,-0.0323,"off:PREDICTIVE|def:WEAKLY_PREDICTIVE","MEDIUM","MODELED"
2026,2,"explosive_pass_vs_explosive_prevention","BUF","ARI",0.0299,-0.0071,0.9677,0.5484,0.5161,"off:PREDICTIVE|def:WEAKLY_PREDICTIVE","MEDIUM","MODELED"
2026,2,"explosive_pass_vs_explosive_prevention","BUF","ATL",0.0299,-0.007,0.9677,0.5161,0.4839,"off:PREDICTIVE|def:WEAKLY_PREDICTIVE","MEDIUM","MODELED"
2026,2,"explosive_pass_vs_explosive_prevention","BUF","BAL",0.0299,-0.0228,0.9677,0.871,0.8387,"off:PREDICTIVE|def:WEAKLY_PREDICTIVE","MEDIUM","MODELED"
2026,2,"explosive_pass_vs_explosive_prevention","BUF","CAR",0.0299,-0.0074,0.9677,0.5806,0.5484,"off:PREDICTIVE|def:WEAKLY_PREDICTIVE","MEDIUM","MODELED"
2026,2,"explosive_pass_vs_explosive_prevention","BUF","CHI",0.0299,0.0148,0.9677,0.3226,0.2903,"off:PREDICTIVE|def:WEAKLY_PREDICTIVE","MEDIUM","MODELED"
2026,2,"explosive_pass_vs_explosive_prevention","BUF","CIN",0.0299,0.012,0.9677,0.3871,0.3548,"off:PREDICTIVE|def:WEAKLY_PREDICTIVE","MEDIUM","MODELED"
2026,2,"explosive_pass_vs_explosive_prevention","BUF","CLE",0.0299,0.0025,0.9677,0.4516,0.4194,"off:PREDICTIVE|def:WEAKLY_PREDICTIVE","MEDIUM","MODELED"
2026,2,"explosive_pass_vs_explosive_prevention","BUF","DAL",0.0299,-0.0062,0.9677,0.4839,0.4516,"off:PREDICTIVE|def:WEAKLY_PREDICTIVE","MEDIUM","MODELED"
2026,2,"explosive_pass_vs_explosive_prevention","BUF","DEN",0.0299,-0.014,0.9677,0.6452,0.6129,"off:PREDICTIVE|def:WEAKLY_PREDICTIVE","MEDIUM","MODELED"
2026,2,"explosive_pass_vs_explosive_prevention","BUF","DET",0.0299,-0.0176,0.9677,0.7097,0.6774,"off:PREDICTIVE|def:WEAKLY_PREDICTIVE","MEDIUM","MODELED"
2026,2,"explosive_pass_vs_explosive_prevention","BUF","GB",0.0299,-0.0122,0.9677,0.6129,0.5806,"off:PREDICTIVE|def:WEAKLY_PREDICTIVE","MEDIUM","MODELED"
2026,2,"explosive_pass_vs_explosive_prevention","BUF","HOU",0.0299,0.0204,0.9677,0.2258,0.1935,"off:PREDICTIVE|def:WEAKLY_PREDICTIVE","MEDIUM","MODELED"
2026,2,"explosive_pass_vs_explosive_prevention","BUF","IND",0.0299,0.0277,0.9677,0.0968,0.0645,"off:PREDICTIVE|def:WEAKLY_PREDICTIVE","MEDIUM","MODELED"
2026,2,"explosive_pass_vs_explosive_prevention","BUF","JAX",0.0299,0.0272,0.9677,0.1935,0.1613,"off:PREDICTIVE|def:WEAKLY_PREDICTIVE","MEDIUM","MODELED"
2026,2,"explosive_pass_vs_explosive_prevention","BUF","KC",0.0299,-0.0267,0.9677,0.9032,0.871,"off:PREDICTIVE|def:WEAKLY_PREDICTIVE","MEDIUM","MODELED"
2026,2,"explosive_pass_vs_explosive_prevention","BUF","LAC",0.0299,0.0418,0.9677,0,-0.0323,"off:PREDICTIVE|def:WEAKLY_PREDICTIVE","MEDIUM","MODELED"
2026,2,"explosive_pass_vs_explosive_prevention","BUF","LAR",0.0299,-0.0369,0.9677,0.9677,0.9355,"off:PREDICTIVE|def:WEAKLY_PREDICTIVE","MEDIUM","MODELED"
2026,2,"explosive_pass_vs_explosive_prevention","BUF","LV",0.0299,-0.0157,0.9677,0.6774,0.6452,"off:PREDICTIVE|def:WEAKLY_PREDICTIVE","MEDIUM","MODELED"
2026,2,"explosive_pass_vs_explosive_prevention","BUF","MIA",0.0299,0.0352,0.9677,0.0323,0,"off:PREDICTIVE|def:WEAKLY_PREDICTIVE","MEDIUM","MODELED"
2026,2,"explosive_pass_vs_explosive_prevention","BUF","MIN",0.0299,-0.0293,0.9677,0.9355,0.9032,"off:PREDICTIVE|def:WEAKLY_PREDICTIVE","MEDIUM","MODELED"
2026,2,"explosive_pass_vs_explosive_prevention","BUF","NE",0.0299,-0.0182,0.9677,0.7419,0.7097,"off:PREDICTIVE|def:WEAKLY_PREDICTIVE","MEDIUM","MODELED"
2026,2,"explosive_pass_vs_explosive_prevention","BUF","NO",0.0299,-0.0198,0.9677,0.7742,0.7419,"off:PREDICTIVE|def:WEAKLY_PREDICTIVE","MEDIUM","MODELED"
2026,2,"explosive_pass_vs_explosive_prevention","BUF","NYG",0.0299,0.0144,0.9677,0.3548,0.3226,"off:PREDICTIVE|def:WEAKLY_PREDICTIVE","MEDIUM","MODELED"
2026,2,"explosive_pass_vs_explosive_prevention","BUF","NYJ",0.0299,-0.049,0.9677,1,0.9677,"off:PREDICTIVE|def:WEAKLY_PREDICTIVE","MEDIUM","MODELED"
2026,2,"explosive_pass_vs_explosive_prevention","BUF","PHI",0.0299,-0.0205,0.9677,0.8065,0.7742,"off:PREDICTIVE|def:WEAKLY_PREDICTIVE","MEDIUM","MODELED"
2026,2,"explosive_pass_vs_explosive_prevention","BUF","PIT",0.0299,0.0272,0.9677,0.1613,0.129,"off:PREDICTIVE|def:WEAKLY_PREDICTIVE","MEDIUM","MODELED"
2026,2,"explosive_pass_vs_explosive_prevention","BUF","SEA",0.0299,0.0047,0.9677,0.4194,0.3871,"off:PREDICTIVE|def:WEAKLY_PREDICTIVE","MEDIUM","MODELED"
2026,2,"explosive_pass_vs_explosive_prevention","BUF","SF",0.0299,-0.022,0.9677,0.8387,0.8065,"off:PREDICTIVE|def:WEAKLY_PREDICTIVE","MEDIUM","MODELED"
2026,2,"explosive_pass_vs_explosive_prevention","BUF","TB",0.0299,0.0189,0.9677,0.2581,0.2258,"off:PREDICTIVE|def:WEAKLY_PREDICTIVE","MEDIUM","MODELED"
2026,2,"explosive_pass_vs_explosive_prevention","BUF","TEN",0.0299,0.0272,0.9677,0.129,0.0968,"off:PREDICTIVE|def:WEAKLY_PREDICTIVE","MEDIUM","MODELED"
2026,2,"explosive_pass_vs_explosive_prevention","BUF","WAS",0.0299,0.0295,0.9677,0.0645,0.0323,"off:PREDICTIVE|def:WEAKLY_PREDICTIVE","MEDIUM","MODELED"
2026,2,"explosive_pass_vs_explosive_prevention","CAR","ARI",0.004,-0.0071,0.5161,0.5484,0.0645,"off:PREDICTIVE|def:WEAKLY_PREDICTIVE","MEDIUM","MODELED"
2026,2,"explosive_pass_vs_explosive_prevention","CAR","ATL",0.004,-0.007,0.5161,0.5161,0.0323,"off:PREDICTIVE|def:WEAKLY_PREDICTIVE","MEDIUM","MODELED"
2026,2,"explosive_pass_vs_explosive_prevention","CAR","BAL",0.004,-0.0228,0.5161,0.871,0.3871,"off:PREDICTIVE|def:WEAKLY_PREDICTIVE","MEDIUM","MODELED"
2026,2,"explosive_pass_vs_explosive_prevention","CAR","BUF",0.004,0.0176,0.5161,0.2903,-0.1935,"off:PREDICTIVE|def:WEAKLY_PREDICTIVE","MEDIUM","MODELED"
2026,2,"explosive_pass_vs_explosive_prevention","CAR","CHI",0.004,0.0148,0.5161,0.3226,-0.1613,"off:PREDICTIVE|def:WEAKLY_PREDICTIVE","MEDIUM","MODELED"
2026,2,"explosive_pass_vs_explosive_prevention","CAR","CIN",0.004,0.012,0.5161,0.3871,-0.0968,"off:PREDICTIVE|def:WEAKLY_PREDICTIVE","MEDIUM","MODELED"
2026,2,"explosive_pass_vs_explosive_prevention","CAR","CLE",0.004,0.0025,0.5161,0.4516,-0.0323,"off:PREDICTIVE|def:WEAKLY_PREDICTIVE","MEDIUM","MODELED"
2026,2,"explosive_pass_vs_explosive_prevention","CAR","DAL",0.004,-0.0062,0.5161,0.4839,0,"off:PREDICTIVE|def:WEAKLY_PREDICTIVE","MEDIUM","MODELED"
2026,2,"explosive_pass_vs_explosive_prevention","CAR","DEN",0.004,-0.014,0.5161,0.6452,0.1613,"off:PREDICTIVE|def:WEAKLY_PREDICTIVE","MEDIUM","MODELED"
2026,2,"explosive_pass_vs_explosive_prevention","CAR","DET",0.004,-0.0176,0.5161,0.7097,0.2258,"off:PREDICTIVE|def:WEAKLY_PREDICTIVE","MEDIUM","MODELED"
2026,2,"explosive_pass_vs_explosive_prevention","CAR","GB",0.004,-0.0122,0.5161,0.6129,0.129,"off:PREDICTIVE|def:WEAKLY_PREDICTIVE","MEDIUM","MODELED"
2026,2,"explosive_pass_vs_explosive_prevention","CAR","HOU",0.004,0.0204,0.5161,0.2258,-0.2581,"off:PREDICTIVE|def:WEAKLY_PREDICTIVE","MEDIUM","MODELED"
2026,2,"explosive_pass_vs_explosive_prevention","CAR","IND",0.004,0.0277,0.5161,0.0968,-0.3871,"off:PREDICTIVE|def:WEAKLY_PREDICTIVE","MEDIUM","MODELED"
2026,2,"explosive_pass_vs_explosive_prevention","CAR","JAX",0.004,0.0272,0.5161,0.1935,-0.2903,"off:PREDICTIVE|def:WEAKLY_PREDICTIVE","MEDIUM","MODELED"
2026,2,"explosive_pass_vs_explosive_prevention","CAR","KC",0.004,-0.0267,0.5161,0.9032,0.4194,"off:PREDICTIVE|def:WEAKLY_PREDICTIVE","MEDIUM","MODELED"
2026,2,"explosive_pass_vs_explosive_prevention","CAR","LAC",0.004,0.0418,0.5161,0,-0.4839,"off:PREDICTIVE|def:WEAKLY_PREDICTIVE","MEDIUM","MODELED"
2026,2,"explosive_pass_vs_explosive_prevention","CAR","LAR",0.004,-0.0369,0.5161,0.9677,0.4839,"off:PREDICTIVE|def:WEAKLY_PREDICTIVE","MEDIUM","MODELED"
2026,2,"explosive_pass_vs_explosive_prevention","CAR","LV",0.004,-0.0157,0.5161,0.6774,0.1935,"off:PREDICTIVE|def:WEAKLY_PREDICTIVE","MEDIUM","MODELED"
2026,2,"explosive_pass_vs_explosive_prevention","CAR","MIA",0.004,0.0352,0.5161,0.0323,-0.4516,"off:PREDICTIVE|def:WEAKLY_PREDICTIVE","MEDIUM","MODELED"
2026,2,"explosive_pass_vs_explosive_prevention","CAR","MIN",0.004,-0.0293,0.5161,0.9355,0.4516,"off:PREDICTIVE|def:WEAKLY_PREDICTIVE","MEDIUM","MODELED"
2026,2,"explosive_pass_vs_explosive_prevention","CAR","NE",0.004,-0.0182,0.5161,0.7419,0.2581,"off:PREDICTIVE|def:WEAKLY_PREDICTIVE","MEDIUM","MODELED"
2026,2,"explosive_pass_vs_explosive_prevention","CAR","NO",0.004,-0.0198,0.5161,0.7742,0.2903,"off:PREDICTIVE|def:WEAKLY_PREDICTIVE","MEDIUM","MODELED"
2026,2,"explosive_pass_vs_explosive_prevention","CAR","NYG",0.004,0.0144,0.5161,0.3548,-0.129,"off:PREDICTIVE|def:WEAKLY_PREDICTIVE","MEDIUM","MODELED"
2026,2,"explosive_pass_vs_explosive_prevention","CAR","NYJ",0.004,-0.049,0.5161,1,0.5161,"off:PREDICTIVE|def:WEAKLY_PREDICTIVE","MEDIUM","MODELED"
2026,2,"explosive_pass_vs_explosive_prevention","CAR","PHI",0.004,-0.0205,0.5161,0.8065,0.3226,"off:PREDICTIVE|def:WEAKLY_PREDICTIVE","MEDIUM","MODELED"
2026,2,"explosive_pass_vs_explosive_prevention","CAR","PIT",0.004,0.0272,0.5161,0.1613,-0.3226,"off:PREDICTIVE|def:WEAKLY_PREDICTIVE","MEDIUM","MODELED"
2026,2,"explosive_pass_vs_explosive_prevention","CAR","SEA",0.004,0.0047,0.5161,0.4194,-0.0645,"off:PREDICTIVE|def:WEAKLY_PREDICTIVE","MEDIUM","MODELED"
2026,2,"explosive_pass_vs_explosive_prevention","CAR","SF",0.004,-0.022,0.5161,0.8387,0.3548,"off:PREDICTIVE|def:WEAKLY_PREDICTIVE","MEDIUM","MODELED"
2026,2,"explosive_pass_vs_explosive_prevention","CAR","TB",0.004,0.0189,0.5161,0.2581,-0.2258,"off:PREDICTIVE|def:WEAKLY_PREDICTIVE","MEDIUM","MODELED"
2026,2,"explosive_pass_vs_explosive_prevention","CAR","TEN",0.004,0.0272,0.5161,0.129,-0.3548,"off:PREDICTIVE|def:WEAKLY_PREDICTIVE","MEDIUM","MODELED"
2026,2,"explosive_pass_vs_explosive_prevention","CAR","WAS",0.004,0.0295,0.5161,0.0645,-0.4194,"off:PREDICTIVE|def:WEAKLY_PREDICTIVE","MEDIUM","MODELED"
2026,2,"explosive_pass_vs_explosive_prevention","CHI","ARI",0.0161,-0.0071,0.6774,0.5484,0.2258,"off:PREDICTIVE|def:WEAKLY_PREDICTIVE","MEDIUM","MODELED"
2026,2,"explosive_pass_vs_explosive_prevention","CHI","ATL",0.0161,-0.007,0.6774,0.5161,0.1935,"off:PREDICTIVE|def:WEAKLY_PREDICTIVE","MEDIUM","MODELED"
2026,2,"explosive_pass_vs_explosive_prevention","CHI","BAL",0.0161,-0.0228,0.6774,0.871,0.5484,"off:PREDICTIVE|def:WEAKLY_PREDICTIVE","MEDIUM","MODELED"
2026,2,"explosive_pass_vs_explosive_prevention","CHI","BUF",0.0161,0.0176,0.6774,0.2903,-0.0323,"off:PREDICTIVE|def:WEAKLY_PREDICTIVE","MEDIUM","MODELED"
2026,2,"explosive_pass_vs_explosive_prevention","CHI","CAR",0.0161,-0.0074,0.6774,0.5806,0.2581,"off:PREDICTIVE|def:WEAKLY_PREDICTIVE","MEDIUM","MODELED"
2026,2,"explosive_pass_vs_explosive_prevention","CHI","CIN",0.0161,0.012,0.6774,0.3871,0.0645,"off:PREDICTIVE|def:WEAKLY_PREDICTIVE","MEDIUM","MODELED"
2026,2,"explosive_pass_vs_explosive_prevention","CHI","CLE",0.0161,0.0025,0.6774,0.4516,0.129,"off:PREDICTIVE|def:WEAKLY_PREDICTIVE","MEDIUM","MODELED"
2026,2,"explosive_pass_vs_explosive_prevention","CHI","DAL",0.0161,-0.0062,0.6774,0.4839,0.1613,"off:PREDICTIVE|def:WEAKLY_PREDICTIVE","MEDIUM","MODELED"
2026,2,"explosive_pass_vs_explosive_prevention","CHI","DEN",0.0161,-0.014,0.6774,0.6452,0.3226,"off:PREDICTIVE|def:WEAKLY_PREDICTIVE","MEDIUM","MODELED"
2026,2,"explosive_pass_vs_explosive_prevention","CHI","DET",0.0161,-0.0176,0.6774,0.7097,0.3871,"off:PREDICTIVE|def:WEAKLY_PREDICTIVE","MEDIUM","MODELED"
2026,2,"explosive_pass_vs_explosive_prevention","CHI","GB",0.0161,-0.0122,0.6774,0.6129,0.2903,"off:PREDICTIVE|def:WEAKLY_PREDICTIVE","MEDIUM","MODELED"
2026,2,"explosive_pass_vs_explosive_prevention","CHI","HOU",0.0161,0.0204,0.6774,0.2258,-0.0968,"off:PREDICTIVE|def:WEAKLY_PREDICTIVE","MEDIUM","MODELED"
2026,2,"explosive_pass_vs_explosive_prevention","CHI","IND",0.0161,0.0277,0.6774,0.0968,-0.2258,"off:PREDICTIVE|def:WEAKLY_PREDICTIVE","MEDIUM","MODELED"
2026,2,"explosive_pass_vs_explosive_prevention","CHI","JAX",0.0161,0.0272,0.6774,0.1935,-0.129,"off:PREDICTIVE|def:WEAKLY_PREDICTIVE","MEDIUM","MODELED"
2026,2,"explosive_pass_vs_explosive_prevention","CHI","KC",0.0161,-0.0267,0.6774,0.9032,0.5806,"off:PREDICTIVE|def:WEAKLY_PREDICTIVE","MEDIUM","MODELED"
2026,2,"explosive_pass_vs_explosive_prevention","CHI","LAC",0.0161,0.0418,0.6774,0,-0.3226,"off:PREDICTIVE|def:WEAKLY_PREDICTIVE","MEDIUM","MODELED"
2026,2,"explosive_pass_vs_explosive_prevention","CHI","LAR",0.0161,-0.0369,0.6774,0.9677,0.6452,"off:PREDICTIVE|def:WEAKLY_PREDICTIVE","MEDIUM","MODELED"
2026,2,"explosive_pass_vs_explosive_prevention","CHI","LV",0.0161,-0.0157,0.6774,0.6774,0.3548,"off:PREDICTIVE|def:WEAKLY_PREDICTIVE","MEDIUM","MODELED"
2026,2,"explosive_pass_vs_explosive_prevention","CHI","MIA",0.0161,0.0352,0.6774,0.0323,-0.2903,"off:PREDICTIVE|def:WEAKLY_PREDICTIVE","MEDIUM","MODELED"
2026,2,"explosive_pass_vs_explosive_prevention","CHI","MIN",0.0161,-0.0293,0.6774,0.9355,0.6129,"off:PREDICTIVE|def:WEAKLY_PREDICTIVE","MEDIUM","MODELED"
2026,2,"explosive_pass_vs_explosive_prevention","CHI","NE",0.0161,-0.0182,0.6774,0.7419,0.4194,"off:PREDICTIVE|def:WEAKLY_PREDICTIVE","MEDIUM","MODELED"
2026,2,"explosive_pass_vs_explosive_prevention","CHI","NO",0.0161,-0.0198,0.6774,0.7742,0.4516,"off:PREDICTIVE|def:WEAKLY_PREDICTIVE","MEDIUM","MODELED"
2026,2,"explosive_pass_vs_explosive_prevention","CHI","NYG",0.0161,0.0144,0.6774,0.3548,0.0323,"off:PREDICTIVE|def:WEAKLY_PREDICTIVE","MEDIUM","MODELED"
2026,2,"explosive_pass_vs_explosive_prevention","CHI","NYJ",0.0161,-0.049,0.6774,1,0.6774,"off:PREDICTIVE|def:WEAKLY_PREDICTIVE","MEDIUM","MODELED"
2026,2,"explosive_pass_vs_explosive_prevention","CHI","PHI",0.0161,-0.0205,0.6774,0.8065,0.4839,"off:PREDICTIVE|def:WEAKLY_PREDICTIVE","MEDIUM","MODELED"
2026,2,"explosive_pass_vs_explosive_prevention","CHI","PIT",0.0161,0.0272,0.6774,0.1613,-0.1613,"off:PREDICTIVE|def:WEAKLY_PREDICTIVE","MEDIUM","MODELED"
2026,2,"explosive_pass_vs_explosive_prevention","CHI","SEA",0.0161,0.0047,0.6774,0.4194,0.0968,"off:PREDICTIVE|def:WEAKLY_PREDICTIVE","MEDIUM","MODELED"
2026,2,"explosive_pass_vs_explosive_prevention","CHI","SF",0.0161,-0.022,0.6774,0.8387,0.5161,"off:PREDICTIVE|def:WEAKLY_PREDICTIVE","MEDIUM","MODELED"
2026,2,"explosive_pass_vs_explosive_prevention","CHI","TB",0.0161,0.0189,0.6774,0.2581,-0.0645,"off:PREDICTIVE|def:WEAKLY_PREDICTIVE","MEDIUM","MODELED"
2026,2,"explosive_pass_vs_explosive_prevention","CHI","TEN",0.0161,0.0272,0.6774,0.129,-0.1935,"off:PREDICTIVE|def:WEAKLY_PREDICTIVE","MEDIUM","MODELED"
2026,2,"explosive_pass_vs_explosive_prevention","CHI","WAS",0.0161,0.0295,0.6774,0.0645,-0.2581,"off:PREDICTIVE|def:WEAKLY_PREDICTIVE","MEDIUM","MODELED"
2026,2,"explosive_pass_vs_explosive_prevention","CIN","ARI",-0.0075,-0.0071,0.3226,0.5484,-0.129,"off:PREDICTIVE|def:WEAKLY_PREDICTIVE","MEDIUM","MODELED"
2026,2,"explosive_pass_vs_explosive_prevention","CIN","ATL",-0.0075,-0.007,0.3226,0.5161,-0.1613,"off:PREDICTIVE|def:WEAKLY_PREDICTIVE","MEDIUM","MODELED"
2026,2,"explosive_pass_vs_explosive_prevention","CIN","BAL",-0.0075,-0.0228,0.3226,0.871,0.1935,"off:PREDICTIVE|def:WEAKLY_PREDICTIVE","MEDIUM","MODELED"
2026,2,"explosive_pass_vs_explosive_prevention","CIN","BUF",-0.0075,0.0176,0.3226,0.2903,-0.3871,"off:PREDICTIVE|def:WEAKLY_PREDICTIVE","MEDIUM","MODELED"
2026,2,"explosive_pass_vs_explosive_prevention","CIN","CAR",-0.0075,-0.0074,0.3226,0.5806,-0.0968,"off:PREDICTIVE|def:WEAKLY_PREDICTIVE","MEDIUM","MODELED"
2026,2,"explosive_pass_vs_explosive_prevention","CIN","CHI",-0.0075,0.0148,0.3226,0.3226,-0.3548,"off:PREDICTIVE|def:WEAKLY_PREDICTIVE","MEDIUM","MODELED"
2026,2,"explosive_pass_vs_explosive_prevention","CIN","CLE",-0.0075,0.0025,0.3226,0.4516,-0.2258,"off:PREDICTIVE|def:WEAKLY_PREDICTIVE","MEDIUM","MODELED"
2026,2,"explosive_pass_vs_explosive_prevention","CIN","DAL",-0.0075,-0.0062,0.3226,0.4839,-0.1935,"off:PREDICTIVE|def:WEAKLY_PREDICTIVE","MEDIUM","MODELED"
2026,2,"explosive_pass_vs_explosive_prevention","CIN","DEN",-0.0075,-0.014,0.3226,0.6452,-0.0323,"off:PREDICTIVE|def:WEAKLY_PREDICTIVE","MEDIUM","MODELED"
2026,2,"explosive_pass_vs_explosive_prevention","CIN","DET",-0.0075,-0.0176,0.3226,0.7097,0.0323,"off:PREDICTIVE|def:WEAKLY_PREDICTIVE","MEDIUM","MODELED"
2026,2,"explosive_pass_vs_explosive_prevention","CIN","GB",-0.0075,-0.0122,0.3226,0.6129,-0.0645,"off:PREDICTIVE|def:WEAKLY_PREDICTIVE","MEDIUM","MODELED"
2026,2,"explosive_pass_vs_explosive_prevention","CIN","HOU",-0.0075,0.0204,0.3226,0.2258,-0.4516,"off:PREDICTIVE|def:WEAKLY_PREDICTIVE","MEDIUM","MODELED"
2026,2,"explosive_pass_vs_explosive_prevention","CIN","IND",-0.0075,0.0277,0.3226,0.0968,-0.5806,"off:PREDICTIVE|def:WEAKLY_PREDICTIVE","MEDIUM","MODELED"
2026,2,"explosive_pass_vs_explosive_prevention","CIN","JAX",-0.0075,0.0272,0.3226,0.1935,-0.4839,"off:PREDICTIVE|def:WEAKLY_PREDICTIVE","MEDIUM","MODELED"
2026,2,"explosive_pass_vs_explosive_prevention","CIN","KC",-0.0075,-0.0267,0.3226,0.9032,0.2258,"off:PREDICTIVE|def:WEAKLY_PREDICTIVE","MEDIUM","MODELED"
2026,2,"explosive_pass_vs_explosive_prevention","CIN","LAC",-0.0075,0.0418,0.3226,0,-0.6774,"off:PREDICTIVE|def:WEAKLY_PREDICTIVE","MEDIUM","MODELED"
2026,2,"explosive_pass_vs_explosive_prevention","CIN","LAR",-0.0075,-0.0369,0.3226,0.9677,0.2903,"off:PREDICTIVE|def:WEAKLY_PREDICTIVE","MEDIUM","MODELED"
2026,2,"explosive_pass_vs_explosive_prevention","CIN","LV",-0.0075,-0.0157,0.3226,0.6774,0,"off:PREDICTIVE|def:WEAKLY_PREDICTIVE","MEDIUM","MODELED"
2026,2,"explosive_pass_vs_explosive_prevention","CIN","MIA",-0.0075,0.0352,0.3226,0.0323,-0.6452,"off:PREDICTIVE|def:WEAKLY_PREDICTIVE","MEDIUM","MODELED"
2026,2,"explosive_pass_vs_explosive_prevention","CIN","MIN",-0.0075,-0.0293,0.3226,0.9355,0.2581,"off:PREDICTIVE|def:WEAKLY_PREDICTIVE","MEDIUM","MODELED"
2026,2,"explosive_pass_vs_explosive_prevention","CIN","NE",-0.0075,-0.0182,0.3226,0.7419,0.0645,"off:PREDICTIVE|def:WEAKLY_PREDICTIVE","MEDIUM","MODELED"
2026,2,"explosive_pass_vs_explosive_prevention","CIN","NO",-0.0075,-0.0198,0.3226,0.7742,0.0968,"off:PREDICTIVE|def:WEAKLY_PREDICTIVE","MEDIUM","MODELED"
2026,2,"explosive_pass_vs_explosive_prevention","CIN","NYG",-0.0075,0.0144,0.3226,0.3548,-0.3226,"off:PREDICTIVE|def:WEAKLY_PREDICTIVE","MEDIUM","MODELED"
2026,2,"explosive_pass_vs_explosive_prevention","CIN","NYJ",-0.0075,-0.049,0.3226,1,0.3226,"off:PREDICTIVE|def:WEAKLY_PREDICTIVE","MEDIUM","MODELED"
2026,2,"explosive_pass_vs_explosive_prevention","CIN","PHI",-0.0075,-0.0205,0.3226,0.8065,0.129,"off:PREDICTIVE|def:WEAKLY_PREDICTIVE","MEDIUM","MODELED"
2026,2,"explosive_pass_vs_explosive_prevention","CIN","PIT",-0.0075,0.0272,0.3226,0.1613,-0.5161,"off:PREDICTIVE|def:WEAKLY_PREDICTIVE","MEDIUM","MODELED"
2026,2,"explosive_pass_vs_explosive_prevention","CIN","SEA",-0.0075,0.0047,0.3226,0.4194,-0.2581,"off:PREDICTIVE|def:WEAKLY_PREDICTIVE","MEDIUM","MODELED"
2026,2,"explosive_pass_vs_explosive_prevention","CIN","SF",-0.0075,-0.022,0.3226,0.8387,0.1613,"off:PREDICTIVE|def:WEAKLY_PREDICTIVE","MEDIUM","MODELED"
2026,2,"explosive_pass_vs_explosive_prevention","CIN","TB",-0.0075,0.0189,0.3226,0.2581,-0.4194,"off:PREDICTIVE|def:WEAKLY_PREDICTIVE","MEDIUM","MODELED"
2026,2,"explosive_pass_vs_explosive_prevention","CIN","TEN",-0.0075,0.0272,0.3226,0.129,-0.5484,"off:PREDICTIVE|def:WEAKLY_PREDICTIVE","MEDIUM","MODELED"
2026,2,"explosive_pass_vs_explosive_prevention","CIN","WAS",-0.0075,0.0295,0.3226,0.0645,-0.6129,"off:PREDICTIVE|def:WEAKLY_PREDICTIVE","MEDIUM","MODELED"
2026,2,"explosive_pass_vs_explosive_prevention","CLE","ARI",-0.0385,-0.0071,0.0645,0.5484,-0.3871,"off:PREDICTIVE|def:WEAKLY_PREDICTIVE","MEDIUM","MODELED"
2026,2,"explosive_pass_vs_explosive_prevention","CLE","ATL",-0.0385,-0.007,0.0645,0.5161,-0.4194,"off:PREDICTIVE|def:WEAKLY_PREDICTIVE","MEDIUM","MODELED"
2026,2,"explosive_pass_vs_explosive_prevention","CLE","BAL",-0.0385,-0.0228,0.0645,0.871,-0.0645,"off:PREDICTIVE|def:WEAKLY_PREDICTIVE","MEDIUM","MODELED"
2026,2,"explosive_pass_vs_explosive_prevention","CLE","BUF",-0.0385,0.0176,0.0645,0.2903,-0.6452,"off:PREDICTIVE|def:WEAKLY_PREDICTIVE","MEDIUM","MODELED"
2026,2,"explosive_pass_vs_explosive_prevention","CLE","CAR",-0.0385,-0.0074,0.0645,0.5806,-0.3548,"off:PREDICTIVE|def:WEAKLY_PREDICTIVE","MEDIUM","MODELED"
2026,2,"explosive_pass_vs_explosive_prevention","CLE","CHI",-0.0385,0.0148,0.0645,0.3226,-0.6129,"off:PREDICTIVE|def:WEAKLY_PREDICTIVE","MEDIUM","MODELED"
2026,2,"explosive_pass_vs_explosive_prevention","CLE","CIN",-0.0385,0.012,0.0645,0.3871,-0.5484,"off:PREDICTIVE|def:WEAKLY_PREDICTIVE","MEDIUM","MODELED"
2026,2,"explosive_pass_vs_explosive_prevention","CLE","DAL",-0.0385,-0.0062,0.0645,0.4839,-0.4516,"off:PREDICTIVE|def:WEAKLY_PREDICTIVE","MEDIUM","MODELED"
2026,2,"explosive_pass_vs_explosive_prevention","CLE","DEN",-0.0385,-0.014,0.0645,0.6452,-0.2903,"off:PREDICTIVE|def:WEAKLY_PREDICTIVE","MEDIUM","MODELED"
2026,2,"explosive_pass_vs_explosive_prevention","CLE","DET",-0.0385,-0.0176,0.0645,0.7097,-0.2258,"off:PREDICTIVE|def:WEAKLY_PREDICTIVE","MEDIUM","MODELED"
2026,2,"explosive_pass_vs_explosive_prevention","CLE","GB",-0.0385,-0.0122,0.0645,0.6129,-0.3226,"off:PREDICTIVE|def:WEAKLY_PREDICTIVE","MEDIUM","MODELED"
2026,2,"explosive_pass_vs_explosive_prevention","CLE","HOU",-0.0385,0.0204,0.0645,0.2258,-0.7097,"off:PREDICTIVE|def:WEAKLY_PREDICTIVE","MEDIUM","MODELED"
2026,2,"explosive_pass_vs_explosive_prevention","CLE","IND",-0.0385,0.0277,0.0645,0.0968,-0.8387,"off:PREDICTIVE|def:WEAKLY_PREDICTIVE","MEDIUM","MODELED"
2026,2,"explosive_pass_vs_explosive_prevention","CLE","JAX",-0.0385,0.0272,0.0645,0.1935,-0.7419,"off:PREDICTIVE|def:WEAKLY_PREDICTIVE","MEDIUM","MODELED"
2026,2,"explosive_pass_vs_explosive_prevention","CLE","KC",-0.0385,-0.0267,0.0645,0.9032,-0.0323,"off:PREDICTIVE|def:WEAKLY_PREDICTIVE","MEDIUM","MODELED"
2026,2,"explosive_pass_vs_explosive_prevention","CLE","LAC",-0.0385,0.0418,0.0645,0,-0.9355,"off:PREDICTIVE|def:WEAKLY_PREDICTIVE","MEDIUM","MODELED"
2026,2,"explosive_pass_vs_explosive_prevention","CLE","LAR",-0.0385,-0.0369,0.0645,0.9677,0.0323,"off:PREDICTIVE|def:WEAKLY_PREDICTIVE","MEDIUM","MODELED"
2026,2,"explosive_pass_vs_explosive_prevention","CLE","LV",-0.0385,-0.0157,0.0645,0.6774,-0.2581,"off:PREDICTIVE|def:WEAKLY_PREDICTIVE","MEDIUM","MODELED"
2026,2,"explosive_pass_vs_explosive_prevention","CLE","MIA",-0.0385,0.0352,0.0645,0.0323,-0.9032,"off:PREDICTIVE|def:WEAKLY_PREDICTIVE","MEDIUM","MODELED"
2026,2,"explosive_pass_vs_explosive_prevention","CLE","MIN",-0.0385,-0.0293,0.0645,0.9355,0,"off:PREDICTIVE|def:WEAKLY_PREDICTIVE","MEDIUM","MODELED"
2026,2,"explosive_pass_vs_explosive_prevention","CLE","NE",-0.0385,-0.0182,0.0645,0.7419,-0.1935,"off:PREDICTIVE|def:WEAKLY_PREDICTIVE","MEDIUM","MODELED"
2026,2,"explosive_pass_vs_explosive_prevention","CLE","NO",-0.0385,-0.0198,0.0645,0.7742,-0.1613,"off:PREDICTIVE|def:WEAKLY_PREDICTIVE","MEDIUM","MODELED"
2026,2,"explosive_pass_vs_explosive_prevention","CLE","NYG",-0.0385,0.0144,0.0645,0.3548,-0.5806,"off:PREDICTIVE|def:WEAKLY_PREDICTIVE","MEDIUM","MODELED"
2026,2,"explosive_pass_vs_explosive_prevention","CLE","NYJ",-0.0385,-0.049,0.0645,1,0.0645,"off:PREDICTIVE|def:WEAKLY_PREDICTIVE","MEDIUM","MODELED"
2026,2,"explosive_pass_vs_explosive_prevention","CLE","PHI",-0.0385,-0.0205,0.0645,0.8065,-0.129,"off:PREDICTIVE|def:WEAKLY_PREDICTIVE","MEDIUM","MODELED"
2026,2,"explosive_pass_vs_explosive_prevention","CLE","PIT",-0.0385,0.0272,0.0645,0.1613,-0.7742,"off:PREDICTIVE|def:WEAKLY_PREDICTIVE","MEDIUM","MODELED"
2026,2,"explosive_pass_vs_explosive_prevention","CLE","SEA",-0.0385,0.0047,0.0645,0.4194,-0.5161,"off:PREDICTIVE|def:WEAKLY_PREDICTIVE","MEDIUM","MODELED"
2026,2,"explosive_pass_vs_explosive_prevention","CLE","SF",-0.0385,-0.022,0.0645,0.8387,-0.0968,"off:PREDICTIVE|def:WEAKLY_PREDICTIVE","MEDIUM","MODELED"
2026,2,"explosive_pass_vs_explosive_prevention","CLE","TB",-0.0385,0.0189,0.0645,0.2581,-0.6774,"off:PREDICTIVE|def:WEAKLY_PREDICTIVE","MEDIUM","MODELED"
2026,2,"explosive_pass_vs_explosive_prevention","CLE","TEN",-0.0385,0.0272,0.0645,0.129,-0.8065,"off:PREDICTIVE|def:WEAKLY_PREDICTIVE","MEDIUM","MODELED"
2026,2,"explosive_pass_vs_explosive_prevention","CLE","WAS",-0.0385,0.0295,0.0645,0.0645,-0.871,"off:PREDICTIVE|def:WEAKLY_PREDICTIVE","MEDIUM","MODELED"
2026,2,"explosive_pass_vs_explosive_prevention","DAL","ARI",-0.0299,-0.0071,0.0968,0.5484,-0.3548,"off:PREDICTIVE|def:WEAKLY_PREDICTIVE","MEDIUM","MODELED"
2026,2,"explosive_pass_vs_explosive_prevention","DAL","ATL",-0.0299,-0.007,0.0968,0.5161,-0.3871,"off:PREDICTIVE|def:WEAKLY_PREDICTIVE","MEDIUM","MODELED"
2026,2,"explosive_pass_vs_explosive_prevention","DAL","BAL",-0.0299,-0.0228,0.0968,0.871,-0.0323,"off:PREDICTIVE|def:WEAKLY_PREDICTIVE","MEDIUM","MODELED"
2026,2,"explosive_pass_vs_explosive_prevention","DAL","BUF",-0.0299,0.0176,0.0968,0.2903,-0.6129,"off:PREDICTIVE|def:WEAKLY_PREDICTIVE","MEDIUM","MODELED"
2026,2,"explosive_pass_vs_explosive_prevention","DAL","CAR",-0.0299,-0.0074,0.0968,0.5806,-0.3226,"off:PREDICTIVE|def:WEAKLY_PREDICTIVE","MEDIUM","MODELED"
2026,2,"explosive_pass_vs_explosive_prevention","DAL","CHI",-0.0299,0.0148,0.0968,0.3226,-0.5806,"off:PREDICTIVE|def:WEAKLY_PREDICTIVE","MEDIUM","MODELED"
2026,2,"explosive_pass_vs_explosive_prevention","DAL","CIN",-0.0299,0.012,0.0968,0.3871,-0.5161,"off:PREDICTIVE|def:WEAKLY_PREDICTIVE","MEDIUM","MODELED"
2026,2,"explosive_pass_vs_explosive_prevention","DAL","CLE",-0.0299,0.0025,0.0968,0.4516,-0.4516,"off:PREDICTIVE|def:WEAKLY_PREDICTIVE","MEDIUM","MODELED"
2026,2,"explosive_pass_vs_explosive_prevention","DAL","DEN",-0.0299,-0.014,0.0968,0.6452,-0.2581,"off:PREDICTIVE|def:WEAKLY_PREDICTIVE","MEDIUM","MODELED"
2026,2,"explosive_pass_vs_explosive_prevention","DAL","DET",-0.0299,-0.0176,0.0968,0.7097,-0.1935,"off:PREDICTIVE|def:WEAKLY_PREDICTIVE","MEDIUM","MODELED"
2026,2,"explosive_pass_vs_explosive_prevention","DAL","GB",-0.0299,-0.0122,0.0968,0.6129,-0.2903,"off:PREDICTIVE|def:WEAKLY_PREDICTIVE","MEDIUM","MODELED"
2026,2,"explosive_pass_vs_explosive_prevention","DAL","HOU",-0.0299,0.0204,0.0968,0.2258,-0.6774,"off:PREDICTIVE|def:WEAKLY_PREDICTIVE","MEDIUM","MODELED"
2026,2,"explosive_pass_vs_explosive_prevention","DAL","IND",-0.0299,0.0277,0.0968,0.0968,-0.8065,"off:PREDICTIVE|def:WEAKLY_PREDICTIVE","MEDIUM","MODELED"
2026,2,"explosive_pass_vs_explosive_prevention","DAL","JAX",-0.0299,0.0272,0.0968,0.1935,-0.7097,"off:PREDICTIVE|def:WEAKLY_PREDICTIVE","MEDIUM","MODELED"
2026,2,"explosive_pass_vs_explosive_prevention","DAL","KC",-0.0299,-0.0267,0.0968,0.9032,0,"off:PREDICTIVE|def:WEAKLY_PREDICTIVE","MEDIUM","MODELED"
2026,2,"explosive_pass_vs_explosive_prevention","DAL","LAC",-0.0299,0.0418,0.0968,0,-0.9032,"off:PREDICTIVE|def:WEAKLY_PREDICTIVE","MEDIUM","MODELED"
2026,2,"explosive_pass_vs_explosive_prevention","DAL","LAR",-0.0299,-0.0369,0.0968,0.9677,0.0645,"off:PREDICTIVE|def:WEAKLY_PREDICTIVE","MEDIUM","MODELED"
2026,2,"explosive_pass_vs_explosive_prevention","DAL","LV",-0.0299,-0.0157,0.0968,0.6774,-0.2258,"off:PREDICTIVE|def:WEAKLY_PREDICTIVE","MEDIUM","MODELED"
2026,2,"explosive_pass_vs_explosive_prevention","DAL","MIA",-0.0299,0.0352,0.0968,0.0323,-0.871,"off:PREDICTIVE|def:WEAKLY_PREDICTIVE","MEDIUM","MODELED"
2026,2,"explosive_pass_vs_explosive_prevention","DAL","MIN",-0.0299,-0.0293,0.0968,0.9355,0.0323,"off:PREDICTIVE|def:WEAKLY_PREDICTIVE","MEDIUM","MODELED"
2026,2,"explosive_pass_vs_explosive_prevention","DAL","NE",-0.0299,-0.0182,0.0968,0.7419,-0.1613,"off:PREDICTIVE|def:WEAKLY_PREDICTIVE","MEDIUM","MODELED"
2026,2,"explosive_pass_vs_explosive_prevention","DAL","NO",-0.0299,-0.0198,0.0968,0.7742,-0.129,"off:PREDICTIVE|def:WEAKLY_PREDICTIVE","MEDIUM","MODELED"
2026,2,"explosive_pass_vs_explosive_prevention","DAL","NYG",-0.0299,0.0144,0.0968,0.3548,-0.5484,"off:PREDICTIVE|def:WEAKLY_PREDICTIVE","MEDIUM","MODELED"
2026,2,"explosive_pass_vs_explosive_prevention","DAL","NYJ",-0.0299,-0.049,0.0968,1,0.0968,"off:PREDICTIVE|def:WEAKLY_PREDICTIVE","MEDIUM","MODELED"
2026,2,"explosive_pass_vs_explosive_prevention","DAL","PHI",-0.0299,-0.0205,0.0968,0.8065,-0.0968,"off:PREDICTIVE|def:WEAKLY_PREDICTIVE","MEDIUM","MODELED"
2026,2,"explosive_pass_vs_explosive_prevention","DAL","PIT",-0.0299,0.0272,0.0968,0.1613,-0.7419,"off:PREDICTIVE|def:WEAKLY_PREDICTIVE","MEDIUM","MODELED"
2026,2,"explosive_pass_vs_explosive_prevention","DAL","SEA",-0.0299,0.0047,0.0968,0.4194,-0.4839,"off:PREDICTIVE|def:WEAKLY_PREDICTIVE","MEDIUM","MODELED"
2026,2,"explosive_pass_vs_explosive_prevention","DAL","SF",-0.0299,-0.022,0.0968,0.8387,-0.0645,"off:PREDICTIVE|def:WEAKLY_PREDICTIVE","MEDIUM","MODELED"
2026,2,"explosive_pass_vs_explosive_prevention","DAL","TB",-0.0299,0.0189,0.0968,0.2581,-0.6452,"off:PREDICTIVE|def:WEAKLY_PREDICTIVE","MEDIUM","MODELED"
2026,2,"explosive_pass_vs_explosive_prevention","DAL","TEN",-0.0299,0.0272,0.0968,0.129,-0.7742,"off:PREDICTIVE|def:WEAKLY_PREDICTIVE","MEDIUM","MODELED"
2026,2,"explosive_pass_vs_explosive_prevention","DAL","WAS",-0.0299,0.0295,0.0968,0.0645,-0.8387,"off:PREDICTIVE|def:WEAKLY_PREDICTIVE","MEDIUM","MODELED"
2026,2,"explosive_pass_vs_explosive_prevention","DEN","ARI",-0.0034,-0.0071,0.3871,0.5484,-0.0645,"off:PREDICTIVE|def:WEAKLY_PREDICTIVE","MEDIUM","MODELED"
2026,2,"explosive_pass_vs_explosive_prevention","DEN","ATL",-0.0034,-0.007,0.3871,0.5161,-0.0968,"off:PREDICTIVE|def:WEAKLY_PREDICTIVE","MEDIUM","MODELED"
2026,2,"explosive_pass_vs_explosive_prevention","DEN","BAL",-0.0034,-0.0228,0.3871,0.871,0.2581,"off:PREDICTIVE|def:WEAKLY_PREDICTIVE","MEDIUM","MODELED"
2026,2,"explosive_pass_vs_explosive_prevention","DEN","BUF",-0.0034,0.0176,0.3871,0.2903,-0.3226,"off:PREDICTIVE|def:WEAKLY_PREDICTIVE","MEDIUM","MODELED"
2026,2,"explosive_pass_vs_explosive_prevention","DEN","CAR",-0.0034,-0.0074,0.3871,0.5806,-0.0323,"off:PREDICTIVE|def:WEAKLY_PREDICTIVE","MEDIUM","MODELED"
2026,2,"explosive_pass_vs_explosive_prevention","DEN","CHI",-0.0034,0.0148,0.3871,0.3226,-0.2903,"off:PREDICTIVE|def:WEAKLY_PREDICTIVE","MEDIUM","MODELED"
2026,2,"explosive_pass_vs_explosive_prevention","DEN","CIN",-0.0034,0.012,0.3871,0.3871,-0.2258,"off:PREDICTIVE|def:WEAKLY_PREDICTIVE","MEDIUM","MODELED"
2026,2,"explosive_pass_vs_explosive_prevention","DEN","CLE",-0.0034,0.0025,0.3871,0.4516,-0.1613,"off:PREDICTIVE|def:WEAKLY_PREDICTIVE","MEDIUM","MODELED"
2026,2,"explosive_pass_vs_explosive_prevention","DEN","DAL",-0.0034,-0.0062,0.3871,0.4839,-0.129,"off:PREDICTIVE|def:WEAKLY_PREDICTIVE","MEDIUM","MODELED"
2026,2,"explosive_pass_vs_explosive_prevention","DEN","DET",-0.0034,-0.0176,0.3871,0.7097,0.0968,"off:PREDICTIVE|def:WEAKLY_PREDICTIVE","MEDIUM","MODELED"
2026,2,"explosive_pass_vs_explosive_prevention","DEN","GB",-0.0034,-0.0122,0.3871,0.6129,0,"off:PREDICTIVE|def:WEAKLY_PREDICTIVE","MEDIUM","MODELED"
2026,2,"explosive_pass_vs_explosive_prevention","DEN","HOU",-0.0034,0.0204,0.3871,0.2258,-0.3871,"off:PREDICTIVE|def:WEAKLY_PREDICTIVE","MEDIUM","MODELED"
2026,2,"explosive_pass_vs_explosive_prevention","DEN","IND",-0.0034,0.0277,0.3871,0.0968,-0.5161,"off:PREDICTIVE|def:WEAKLY_PREDICTIVE","MEDIUM","MODELED"
2026,2,"explosive_pass_vs_explosive_prevention","DEN","JAX",-0.0034,0.0272,0.3871,0.1935,-0.4194,"off:PREDICTIVE|def:WEAKLY_PREDICTIVE","MEDIUM","MODELED"
2026,2,"explosive_pass_vs_explosive_prevention","DEN","KC",-0.0034,-0.0267,0.3871,0.9032,0.2903,"off:PREDICTIVE|def:WEAKLY_PREDICTIVE","MEDIUM","MODELED"
2026,2,"explosive_pass_vs_explosive_prevention","DEN","LAC",-0.0034,0.0418,0.3871,0,-0.6129,"off:PREDICTIVE|def:WEAKLY_PREDICTIVE","MEDIUM","MODELED"
2026,2,"explosive_pass_vs_explosive_prevention","DEN","LAR",-0.0034,-0.0369,0.3871,0.9677,0.3548,"off:PREDICTIVE|def:WEAKLY_PREDICTIVE","MEDIUM","MODELED"
2026,2,"explosive_pass_vs_explosive_prevention","DEN","LV",-0.0034,-0.0157,0.3871,0.6774,0.0645,"off:PREDICTIVE|def:WEAKLY_PREDICTIVE","MEDIUM","MODELED"
2026,2,"explosive_pass_vs_explosive_prevention","DEN","MIA",-0.0034,0.0352,0.3871,0.0323,-0.5806,"off:PREDICTIVE|def:WEAKLY_PREDICTIVE","MEDIUM","MODELED"
2026,2,"explosive_pass_vs_explosive_prevention","DEN","MIN",-0.0034,-0.0293,0.3871,0.9355,0.3226,"off:PREDICTIVE|def:WEAKLY_PREDICTIVE","MEDIUM","MODELED"
2026,2,"explosive_pass_vs_explosive_prevention","DEN","NE",-0.0034,-0.0182,0.3871,0.7419,0.129,"off:PREDICTIVE|def:WEAKLY_PREDICTIVE","MEDIUM","MODELED"
2026,2,"explosive_pass_vs_explosive_prevention","DEN","NO",-0.0034,-0.0198,0.3871,0.7742,0.1613,"off:PREDICTIVE|def:WEAKLY_PREDICTIVE","MEDIUM","MODELED"
2026,2,"explosive_pass_vs_explosive_prevention","DEN","NYG",-0.0034,0.0144,0.3871,0.3548,-0.2581,"off:PREDICTIVE|def:WEAKLY_PREDICTIVE","MEDIUM","MODELED"
2026,2,"explosive_pass_vs_explosive_prevention","DEN","NYJ",-0.0034,-0.049,0.3871,1,0.3871,"off:PREDICTIVE|def:WEAKLY_PREDICTIVE","MEDIUM","MODELED"
2026,2,"explosive_pass_vs_explosive_prevention","DEN","PHI",-0.0034,-0.0205,0.3871,0.8065,0.1935,"off:PREDICTIVE|def:WEAKLY_PREDICTIVE","MEDIUM","MODELED"
2026,2,"explosive_pass_vs_explosive_prevention","DEN","PIT",-0.0034,0.0272,0.3871,0.1613,-0.4516,"off:PREDICTIVE|def:WEAKLY_PREDICTIVE","MEDIUM","MODELED"
2026,2,"explosive_pass_vs_explosive_prevention","DEN","SEA",-0.0034,0.0047,0.3871,0.4194,-0.1935,"off:PREDICTIVE|def:WEAKLY_PREDICTIVE","MEDIUM","MODELED"
2026,2,"explosive_pass_vs_explosive_prevention","DEN","SF",-0.0034,-0.022,0.3871,0.8387,0.2258,"off:PREDICTIVE|def:WEAKLY_PREDICTIVE","MEDIUM","MODELED"
2026,2,"explosive_pass_vs_explosive_prevention","DEN","TB",-0.0034,0.0189,0.3871,0.2581,-0.3548,"off:PREDICTIVE|def:WEAKLY_PREDICTIVE","MEDIUM","MODELED"
2026,2,"explosive_pass_vs_explosive_prevention","DEN","TEN",-0.0034,0.0272,0.3871,0.129,-0.4839,"off:PREDICTIVE|def:WEAKLY_PREDICTIVE","MEDIUM","MODELED"
2026,2,"explosive_pass_vs_explosive_prevention","DEN","WAS",-0.0034,0.0295,0.3871,0.0645,-0.5484,"off:PREDICTIVE|def:WEAKLY_PREDICTIVE","MEDIUM","MODELED"
2026,2,"explosive_pass_vs_explosive_prevention","DET","ARI",0.0067,-0.0071,0.5806,0.5484,0.129,"off:PREDICTIVE|def:WEAKLY_PREDICTIVE","MEDIUM","MODELED"
2026,2,"explosive_pass_vs_explosive_prevention","DET","ATL",0.0067,-0.007,0.5806,0.5161,0.0968,"off:PREDICTIVE|def:WEAKLY_PREDICTIVE","MEDIUM","MODELED"
2026,2,"explosive_pass_vs_explosive_prevention","DET","BAL",0.0067,-0.0228,0.5806,0.871,0.4516,"off:PREDICTIVE|def:WEAKLY_PREDICTIVE","MEDIUM","MODELED"
2026,2,"explosive_pass_vs_explosive_prevention","DET","BUF",0.0067,0.0176,0.5806,0.2903,-0.129,"off:PREDICTIVE|def:WEAKLY_PREDICTIVE","MEDIUM","MODELED"
2026,2,"explosive_pass_vs_explosive_prevention","DET","CAR",0.0067,-0.0074,0.5806,0.5806,0.1613,"off:PREDICTIVE|def:WEAKLY_PREDICTIVE","MEDIUM","MODELED"
2026,2,"explosive_pass_vs_explosive_prevention","DET","CHI",0.0067,0.0148,0.5806,0.3226,-0.0968,"off:PREDICTIVE|def:WEAKLY_PREDICTIVE","MEDIUM","MODELED"
2026,2,"explosive_pass_vs_explosive_prevention","DET","CIN",0.0067,0.012,0.5806,0.3871,-0.0323,"off:PREDICTIVE|def:WEAKLY_PREDICTIVE","MEDIUM","MODELED"
2026,2,"explosive_pass_vs_explosive_prevention","DET","CLE",0.0067,0.0025,0.5806,0.4516,0.0323,"off:PREDICTIVE|def:WEAKLY_PREDICTIVE","MEDIUM","MODELED"
2026,2,"explosive_pass_vs_explosive_prevention","DET","DAL",0.0067,-0.0062,0.5806,0.4839,0.0645,"off:PREDICTIVE|def:WEAKLY_PREDICTIVE","MEDIUM","MODELED"
2026,2,"explosive_pass_vs_explosive_prevention","DET","DEN",0.0067,-0.014,0.5806,0.6452,0.2258,"off:PREDICTIVE|def:WEAKLY_PREDICTIVE","MEDIUM","MODELED"
2026,2,"explosive_pass_vs_explosive_prevention","DET","GB",0.0067,-0.0122,0.5806,0.6129,0.1935,"off:PREDICTIVE|def:WEAKLY_PREDICTIVE","MEDIUM","MODELED"
2026,2,"explosive_pass_vs_explosive_prevention","DET","HOU",0.0067,0.0204,0.5806,0.2258,-0.1935,"off:PREDICTIVE|def:WEAKLY_PREDICTIVE","MEDIUM","MODELED"
2026,2,"explosive_pass_vs_explosive_prevention","DET","IND",0.0067,0.0277,0.5806,0.0968,-0.3226,"off:PREDICTIVE|def:WEAKLY_PREDICTIVE","MEDIUM","MODELED"
2026,2,"explosive_pass_vs_explosive_prevention","DET","JAX",0.0067,0.0272,0.5806,0.1935,-0.2258,"off:PREDICTIVE|def:WEAKLY_PREDICTIVE","MEDIUM","MODELED"
2026,2,"explosive_pass_vs_explosive_prevention","DET","KC",0.0067,-0.0267,0.5806,0.9032,0.4839,"off:PREDICTIVE|def:WEAKLY_PREDICTIVE","MEDIUM","MODELED"
2026,2,"explosive_pass_vs_explosive_prevention","DET","LAC",0.0067,0.0418,0.5806,0,-0.4194,"off:PREDICTIVE|def:WEAKLY_PREDICTIVE","MEDIUM","MODELED"
2026,2,"explosive_pass_vs_explosive_prevention","DET","LAR",0.0067,-0.0369,0.5806,0.9677,0.5484,"off:PREDICTIVE|def:WEAKLY_PREDICTIVE","MEDIUM","MODELED"
2026,2,"explosive_pass_vs_explosive_prevention","DET","LV",0.0067,-0.0157,0.5806,0.6774,0.2581,"off:PREDICTIVE|def:WEAKLY_PREDICTIVE","MEDIUM","MODELED"
2026,2,"explosive_pass_vs_explosive_prevention","DET","MIA",0.0067,0.0352,0.5806,0.0323,-0.3871,"off:PREDICTIVE|def:WEAKLY_PREDICTIVE","MEDIUM","MODELED"
2026,2,"explosive_pass_vs_explosive_prevention","DET","MIN",0.0067,-0.0293,0.5806,0.9355,0.5161,"off:PREDICTIVE|def:WEAKLY_PREDICTIVE","MEDIUM","MODELED"
2026,2,"explosive_pass_vs_explosive_prevention","DET","NE",0.0067,-0.0182,0.5806,0.7419,0.3226,"off:PREDICTIVE|def:WEAKLY_PREDICTIVE","MEDIUM","MODELED"
2026,2,"explosive_pass_vs_explosive_prevention","DET","NO",0.0067,-0.0198,0.5806,0.7742,0.3548,"off:PREDICTIVE|def:WEAKLY_PREDICTIVE","MEDIUM","MODELED"
2026,2,"explosive_pass_vs_explosive_prevention","DET","NYG",0.0067,0.0144,0.5806,0.3548,-0.0645,"off:PREDICTIVE|def:WEAKLY_PREDICTIVE","MEDIUM","MODELED"
2026,2,"explosive_pass_vs_explosive_prevention","DET","NYJ",0.0067,-0.049,0.5806,1,0.5806,"off:PREDICTIVE|def:WEAKLY_PREDICTIVE","MEDIUM","MODELED"
2026,2,"explosive_pass_vs_explosive_prevention","DET","PHI",0.0067,-0.0205,0.5806,0.8065,0.3871,"off:PREDICTIVE|def:WEAKLY_PREDICTIVE","MEDIUM","MODELED"
2026,2,"explosive_pass_vs_explosive_prevention","DET","PIT",0.0067,0.0272,0.5806,0.1613,-0.2581,"off:PREDICTIVE|def:WEAKLY_PREDICTIVE","MEDIUM","MODELED"
2026,2,"explosive_pass_vs_explosive_prevention","DET","SEA",0.0067,0.0047,0.5806,0.4194,0,"off:PREDICTIVE|def:WEAKLY_PREDICTIVE","MEDIUM","MODELED"
2026,2,"explosive_pass_vs_explosive_prevention","DET","SF",0.0067,-0.022,0.5806,0.8387,0.4194,"off:PREDICTIVE|def:WEAKLY_PREDICTIVE","MEDIUM","MODELED"
2026,2,"explosive_pass_vs_explosive_prevention","DET","TB",0.0067,0.0189,0.5806,0.2581,-0.1613,"off:PREDICTIVE|def:WEAKLY_PREDICTIVE","MEDIUM","MODELED"
2026,2,"explosive_pass_vs_explosive_prevention","DET","TEN",0.0067,0.0272,0.5806,0.129,-0.2903,"off:PREDICTIVE|def:WEAKLY_PREDICTIVE","MEDIUM","MODELED"
2026,2,"explosive_pass_vs_explosive_prevention","DET","WAS",0.0067,0.0295,0.5806,0.0645,-0.3548,"off:PREDICTIVE|def:WEAKLY_PREDICTIVE","MEDIUM","MODELED"
2026,2,"explosive_pass_vs_explosive_prevention","GB","ARI",0.0462,-0.0071,1,0.5484,0.5484,"off:PREDICTIVE|def:WEAKLY_PREDICTIVE","MEDIUM","MODELED"
2026,2,"explosive_pass_vs_explosive_prevention","GB","ATL",0.0462,-0.007,1,0.5161,0.5161,"off:PREDICTIVE|def:WEAKLY_PREDICTIVE","MEDIUM","MODELED"
2026,2,"explosive_pass_vs_explosive_prevention","GB","BAL",0.0462,-0.0228,1,0.871,0.871,"off:PREDICTIVE|def:WEAKLY_PREDICTIVE","MEDIUM","MODELED"
2026,2,"explosive_pass_vs_explosive_prevention","GB","BUF",0.0462,0.0176,1,0.2903,0.2903,"off:PREDICTIVE|def:WEAKLY_PREDICTIVE","MEDIUM","MODELED"
2026,2,"explosive_pass_vs_explosive_prevention","GB","CAR",0.0462,-0.0074,1,0.5806,0.5806,"off:PREDICTIVE|def:WEAKLY_PREDICTIVE","MEDIUM","MODELED"
2026,2,"explosive_pass_vs_explosive_prevention","GB","CHI",0.0462,0.0148,1,0.3226,0.3226,"off:PREDICTIVE|def:WEAKLY_PREDICTIVE","MEDIUM","MODELED"
2026,2,"explosive_pass_vs_explosive_prevention","GB","CIN",0.0462,0.012,1,0.3871,0.3871,"off:PREDICTIVE|def:WEAKLY_PREDICTIVE","MEDIUM","MODELED"
2026,2,"explosive_pass_vs_explosive_prevention","GB","CLE",0.0462,0.0025,1,0.4516,0.4516,"off:PREDICTIVE|def:WEAKLY_PREDICTIVE","MEDIUM","MODELED"
2026,2,"explosive_pass_vs_explosive_prevention","GB","DAL",0.0462,-0.0062,1,0.4839,0.4839,"off:PREDICTIVE|def:WEAKLY_PREDICTIVE","MEDIUM","MODELED"
2026,2,"explosive_pass_vs_explosive_prevention","GB","DEN",0.0462,-0.014,1,0.6452,0.6452,"off:PREDICTIVE|def:WEAKLY_PREDICTIVE","MEDIUM","MODELED"
2026,2,"explosive_pass_vs_explosive_prevention","GB","DET",0.0462,-0.0176,1,0.7097,0.7097,"off:PREDICTIVE|def:WEAKLY_PREDICTIVE","MEDIUM","MODELED"
2026,2,"explosive_pass_vs_explosive_prevention","GB","HOU",0.0462,0.0204,1,0.2258,0.2258,"off:PREDICTIVE|def:WEAKLY_PREDICTIVE","MEDIUM","MODELED"
2026,2,"explosive_pass_vs_explosive_prevention","GB","IND",0.0462,0.0277,1,0.0968,0.0968,"off:PREDICTIVE|def:WEAKLY_PREDICTIVE","MEDIUM","MODELED"
2026,2,"explosive_pass_vs_explosive_prevention","GB","JAX",0.0462,0.0272,1,0.1935,0.1935,"off:PREDICTIVE|def:WEAKLY_PREDICTIVE","MEDIUM","MODELED"
2026,2,"explosive_pass_vs_explosive_prevention","GB","KC",0.0462,-0.0267,1,0.9032,0.9032,"off:PREDICTIVE|def:WEAKLY_PREDICTIVE","MEDIUM","MODELED"
2026,2,"explosive_pass_vs_explosive_prevention","GB","LAC",0.0462,0.0418,1,0,0,"off:PREDICTIVE|def:WEAKLY_PREDICTIVE","MEDIUM","MODELED"
2026,2,"explosive_pass_vs_explosive_prevention","GB","LAR",0.0462,-0.0369,1,0.9677,0.9677,"off:PREDICTIVE|def:WEAKLY_PREDICTIVE","MEDIUM","MODELED"
2026,2,"explosive_pass_vs_explosive_prevention","GB","LV",0.0462,-0.0157,1,0.6774,0.6774,"off:PREDICTIVE|def:WEAKLY_PREDICTIVE","MEDIUM","MODELED"
2026,2,"explosive_pass_vs_explosive_prevention","GB","MIA",0.0462,0.0352,1,0.0323,0.0323,"off:PREDICTIVE|def:WEAKLY_PREDICTIVE","MEDIUM","MODELED"
2026,2,"explosive_pass_vs_explosive_prevention","GB","MIN",0.0462,-0.0293,1,0.9355,0.9355,"off:PREDICTIVE|def:WEAKLY_PREDICTIVE","MEDIUM","MODELED"
2026,2,"explosive_pass_vs_explosive_prevention","GB","NE",0.0462,-0.0182,1,0.7419,0.7419,"off:PREDICTIVE|def:WEAKLY_PREDICTIVE","MEDIUM","MODELED"
2026,2,"explosive_pass_vs_explosive_prevention","GB","NO",0.0462,-0.0198,1,0.7742,0.7742,"off:PREDICTIVE|def:WEAKLY_PREDICTIVE","MEDIUM","MODELED"
2026,2,"explosive_pass_vs_explosive_prevention","GB","NYG",0.0462,0.0144,1,0.3548,0.3548,"off:PREDICTIVE|def:WEAKLY_PREDICTIVE","MEDIUM","MODELED"
2026,2,"explosive_pass_vs_explosive_prevention","GB","NYJ",0.0462,-0.049,1,1,1,"off:PREDICTIVE|def:WEAKLY_PREDICTIVE","MEDIUM","MODELED"
2026,2,"explosive_pass_vs_explosive_prevention","GB","PHI",0.0462,-0.0205,1,0.8065,0.8065,"off:PREDICTIVE|def:WEAKLY_PREDICTIVE","MEDIUM","MODELED"
2026,2,"explosive_pass_vs_explosive_prevention","GB","PIT",0.0462,0.0272,1,0.1613,0.1613,"off:PREDICTIVE|def:WEAKLY_PREDICTIVE","MEDIUM","MODELED"
2026,2,"explosive_pass_vs_explosive_prevention","GB","SEA",0.0462,0.0047,1,0.4194,0.4194,"off:PREDICTIVE|def:WEAKLY_PREDICTIVE","MEDIUM","MODELED"
2026,2,"explosive_pass_vs_explosive_prevention","GB","SF",0.0462,-0.022,1,0.8387,0.8387,"off:PREDICTIVE|def:WEAKLY_PREDICTIVE","MEDIUM","MODELED"
2026,2,"explosive_pass_vs_explosive_prevention","GB","TB",0.0462,0.0189,1,0.2581,0.2581,"off:PREDICTIVE|def:WEAKLY_PREDICTIVE","MEDIUM","MODELED"
2026,2,"explosive_pass_vs_explosive_prevention","GB","TEN",0.0462,0.0272,1,0.129,0.129,"off:PREDICTIVE|def:WEAKLY_PREDICTIVE","MEDIUM","MODELED"
2026,2,"explosive_pass_vs_explosive_prevention","GB","WAS",0.0462,0.0295,1,0.0645,0.0645,"off:PREDICTIVE|def:WEAKLY_PREDICTIVE","MEDIUM","MODELED"
2026,2,"explosive_pass_vs_explosive_prevention","HOU","ARI",-0.0102,-0.0071,0.2903,0.5484,-0.1613,"off:PREDICTIVE|def:WEAKLY_PREDICTIVE","MEDIUM","MODELED"
2026,2,"explosive_pass_vs_explosive_prevention","HOU","ATL",-0.0102,-0.007,0.2903,0.5161,-0.1935,"off:PREDICTIVE|def:WEAKLY_PREDICTIVE","MEDIUM","MODELED"
2026,2,"explosive_pass_vs_explosive_prevention","HOU","BAL",-0.0102,-0.0228,0.2903,0.871,0.1613,"off:PREDICTIVE|def:WEAKLY_PREDICTIVE","MEDIUM","MODELED"
2026,2,"explosive_pass_vs_explosive_prevention","HOU","BUF",-0.0102,0.0176,0.2903,0.2903,-0.4194,"off:PREDICTIVE|def:WEAKLY_PREDICTIVE","MEDIUM","MODELED"
2026,2,"explosive_pass_vs_explosive_prevention","HOU","CAR",-0.0102,-0.0074,0.2903,0.5806,-0.129,"off:PREDICTIVE|def:WEAKLY_PREDICTIVE","MEDIUM","MODELED"
2026,2,"explosive_pass_vs_explosive_prevention","HOU","CHI",-0.0102,0.0148,0.2903,0.3226,-0.3871,"off:PREDICTIVE|def:WEAKLY_PREDICTIVE","MEDIUM","MODELED"
2026,2,"explosive_pass_vs_explosive_prevention","HOU","CIN",-0.0102,0.012,0.2903,0.3871,-0.3226,"off:PREDICTIVE|def:WEAKLY_PREDICTIVE","MEDIUM","MODELED"
2026,2,"explosive_pass_vs_explosive_prevention","HOU","CLE",-0.0102,0.0025,0.2903,0.4516,-0.2581,"off:PREDICTIVE|def:WEAKLY_PREDICTIVE","MEDIUM","MODELED"
2026,2,"explosive_pass_vs_explosive_prevention","HOU","DAL",-0.0102,-0.0062,0.2903,0.4839,-0.2258,"off:PREDICTIVE|def:WEAKLY_PREDICTIVE","MEDIUM","MODELED"
2026,2,"explosive_pass_vs_explosive_prevention","HOU","DEN",-0.0102,-0.014,0.2903,0.6452,-0.0645,"off:PREDICTIVE|def:WEAKLY_PREDICTIVE","MEDIUM","MODELED"
2026,2,"explosive_pass_vs_explosive_prevention","HOU","DET",-0.0102,-0.0176,0.2903,0.7097,0,"off:PREDICTIVE|def:WEAKLY_PREDICTIVE","MEDIUM","MODELED"
2026,2,"explosive_pass_vs_explosive_prevention","HOU","GB",-0.0102,-0.0122,0.2903,0.6129,-0.0968,"off:PREDICTIVE|def:WEAKLY_PREDICTIVE","MEDIUM","MODELED"
2026,2,"explosive_pass_vs_explosive_prevention","HOU","IND",-0.0102,0.0277,0.2903,0.0968,-0.6129,"off:PREDICTIVE|def:WEAKLY_PREDICTIVE","MEDIUM","MODELED"
2026,2,"explosive_pass_vs_explosive_prevention","HOU","JAX",-0.0102,0.0272,0.2903,0.1935,-0.5161,"off:PREDICTIVE|def:WEAKLY_PREDICTIVE","MEDIUM","MODELED"
2026,2,"explosive_pass_vs_explosive_prevention","HOU","KC",-0.0102,-0.0267,0.2903,0.9032,0.1935,"off:PREDICTIVE|def:WEAKLY_PREDICTIVE","MEDIUM","MODELED"
2026,2,"explosive_pass_vs_explosive_prevention","HOU","LAC",-0.0102,0.0418,0.2903,0,-0.7097,"off:PREDICTIVE|def:WEAKLY_PREDICTIVE","MEDIUM","MODELED"
2026,2,"explosive_pass_vs_explosive_prevention","HOU","LAR",-0.0102,-0.0369,0.2903,0.9677,0.2581,"off:PREDICTIVE|def:WEAKLY_PREDICTIVE","MEDIUM","MODELED"
2026,2,"explosive_pass_vs_explosive_prevention","HOU","LV",-0.0102,-0.0157,0.2903,0.6774,-0.0323,"off:PREDICTIVE|def:WEAKLY_PREDICTIVE","MEDIUM","MODELED"
2026,2,"explosive_pass_vs_explosive_prevention","HOU","MIA",-0.0102,0.0352,0.2903,0.0323,-0.6774,"off:PREDICTIVE|def:WEAKLY_PREDICTIVE","MEDIUM","MODELED"
2026,2,"explosive_pass_vs_explosive_prevention","HOU","MIN",-0.0102,-0.0293,0.2903,0.9355,0.2258,"off:PREDICTIVE|def:WEAKLY_PREDICTIVE","MEDIUM","MODELED"
2026,2,"explosive_pass_vs_explosive_prevention","HOU","NE",-0.0102,-0.0182,0.2903,0.7419,0.0323,"off:PREDICTIVE|def:WEAKLY_PREDICTIVE","MEDIUM","MODELED"
2026,2,"explosive_pass_vs_explosive_prevention","HOU","NO",-0.0102,-0.0198,0.2903,0.7742,0.0645,"off:PREDICTIVE|def:WEAKLY_PREDICTIVE","MEDIUM","MODELED"
2026,2,"explosive_pass_vs_explosive_prevention","HOU","NYG",-0.0102,0.0144,0.2903,0.3548,-0.3548,"off:PREDICTIVE|def:WEAKLY_PREDICTIVE","MEDIUM","MODELED"
2026,2,"explosive_pass_vs_explosive_prevention","HOU","NYJ",-0.0102,-0.049,0.2903,1,0.2903,"off:PREDICTIVE|def:WEAKLY_PREDICTIVE","MEDIUM","MODELED"
2026,2,"explosive_pass_vs_explosive_prevention","HOU","PHI",-0.0102,-0.0205,0.2903,0.8065,0.0968,"off:PREDICTIVE|def:WEAKLY_PREDICTIVE","MEDIUM","MODELED"
2026,2,"explosive_pass_vs_explosive_prevention","HOU","PIT",-0.0102,0.0272,0.2903,0.1613,-0.5484,"off:PREDICTIVE|def:WEAKLY_PREDICTIVE","MEDIUM","MODELED"
2026,2,"explosive_pass_vs_explosive_prevention","HOU","SEA",-0.0102,0.0047,0.2903,0.4194,-0.2903,"off:PREDICTIVE|def:WEAKLY_PREDICTIVE","MEDIUM","MODELED"
2026,2,"explosive_pass_vs_explosive_prevention","HOU","SF",-0.0102,-0.022,0.2903,0.8387,0.129,"off:PREDICTIVE|def:WEAKLY_PREDICTIVE","MEDIUM","MODELED"
2026,2,"explosive_pass_vs_explosive_prevention","HOU","TB",-0.0102,0.0189,0.2903,0.2581,-0.4516,"off:PREDICTIVE|def:WEAKLY_PREDICTIVE","MEDIUM","MODELED"
2026,2,"explosive_pass_vs_explosive_prevention","HOU","TEN",-0.0102,0.0272,0.2903,0.129,-0.5806,"off:PREDICTIVE|def:WEAKLY_PREDICTIVE","MEDIUM","MODELED"
2026,2,"explosive_pass_vs_explosive_prevention","HOU","WAS",-0.0102,0.0295,0.2903,0.0645,-0.6452,"off:PREDICTIVE|def:WEAKLY_PREDICTIVE","MEDIUM","MODELED"
2026,2,"explosive_pass_vs_explosive_prevention","IND","ARI",0.0064,-0.0071,0.5484,0.5484,0.0968,"off:PREDICTIVE|def:WEAKLY_PREDICTIVE","MEDIUM","MODELED"
2026,2,"explosive_pass_vs_explosive_prevention","IND","ATL",0.0064,-0.007,0.5484,0.5161,0.0645,"off:PREDICTIVE|def:WEAKLY_PREDICTIVE","MEDIUM","MODELED"
2026,2,"explosive_pass_vs_explosive_prevention","IND","BAL",0.0064,-0.0228,0.5484,0.871,0.4194,"off:PREDICTIVE|def:WEAKLY_PREDICTIVE","MEDIUM","MODELED"
2026,2,"explosive_pass_vs_explosive_prevention","IND","BUF",0.0064,0.0176,0.5484,0.2903,-0.1613,"off:PREDICTIVE|def:WEAKLY_PREDICTIVE","MEDIUM","MODELED"
2026,2,"explosive_pass_vs_explosive_prevention","IND","CAR",0.0064,-0.0074,0.5484,0.5806,0.129,"off:PREDICTIVE|def:WEAKLY_PREDICTIVE","MEDIUM","MODELED"
2026,2,"explosive_pass_vs_explosive_prevention","IND","CHI",0.0064,0.0148,0.5484,0.3226,-0.129,"off:PREDICTIVE|def:WEAKLY_PREDICTIVE","MEDIUM","MODELED"
2026,2,"explosive_pass_vs_explosive_prevention","IND","CIN",0.0064,0.012,0.5484,0.3871,-0.0645,"off:PREDICTIVE|def:WEAKLY_PREDICTIVE","MEDIUM","MODELED"
2026,2,"explosive_pass_vs_explosive_prevention","IND","CLE",0.0064,0.0025,0.5484,0.4516,0,"off:PREDICTIVE|def:WEAKLY_PREDICTIVE","MEDIUM","MODELED"
2026,2,"explosive_pass_vs_explosive_prevention","IND","DAL",0.0064,-0.0062,0.5484,0.4839,0.0323,"off:PREDICTIVE|def:WEAKLY_PREDICTIVE","MEDIUM","MODELED"
2026,2,"explosive_pass_vs_explosive_prevention","IND","DEN",0.0064,-0.014,0.5484,0.6452,0.1935,"off:PREDICTIVE|def:WEAKLY_PREDICTIVE","MEDIUM","MODELED"
2026,2,"explosive_pass_vs_explosive_prevention","IND","DET",0.0064,-0.0176,0.5484,0.7097,0.2581,"off:PREDICTIVE|def:WEAKLY_PREDICTIVE","MEDIUM","MODELED"
2026,2,"explosive_pass_vs_explosive_prevention","IND","GB",0.0064,-0.0122,0.5484,0.6129,0.1613,"off:PREDICTIVE|def:WEAKLY_PREDICTIVE","MEDIUM","MODELED"
2026,2,"explosive_pass_vs_explosive_prevention","IND","HOU",0.0064,0.0204,0.5484,0.2258,-0.2258,"off:PREDICTIVE|def:WEAKLY_PREDICTIVE","MEDIUM","MODELED"
2026,2,"explosive_pass_vs_explosive_prevention","IND","JAX",0.0064,0.0272,0.5484,0.1935,-0.2581,"off:PREDICTIVE|def:WEAKLY_PREDICTIVE","MEDIUM","MODELED"
2026,2,"explosive_pass_vs_explosive_prevention","IND","KC",0.0064,-0.0267,0.5484,0.9032,0.4516,"off:PREDICTIVE|def:WEAKLY_PREDICTIVE","MEDIUM","MODELED"
2026,2,"explosive_pass_vs_explosive_prevention","IND","LAC",0.0064,0.0418,0.5484,0,-0.4516,"off:PREDICTIVE|def:WEAKLY_PREDICTIVE","MEDIUM","MODELED"
2026,2,"explosive_pass_vs_explosive_prevention","IND","LAR",0.0064,-0.0369,0.5484,0.9677,0.5161,"off:PREDICTIVE|def:WEAKLY_PREDICTIVE","MEDIUM","MODELED"
2026,2,"explosive_pass_vs_explosive_prevention","IND","LV",0.0064,-0.0157,0.5484,0.6774,0.2258,"off:PREDICTIVE|def:WEAKLY_PREDICTIVE","MEDIUM","MODELED"
2026,2,"explosive_pass_vs_explosive_prevention","IND","MIA",0.0064,0.0352,0.5484,0.0323,-0.4194,"off:PREDICTIVE|def:WEAKLY_PREDICTIVE","MEDIUM","MODELED"
2026,2,"explosive_pass_vs_explosive_prevention","IND","MIN",0.0064,-0.0293,0.5484,0.9355,0.4839,"off:PREDICTIVE|def:WEAKLY_PREDICTIVE","MEDIUM","MODELED"
2026,2,"explosive_pass_vs_explosive_prevention","IND","NE",0.0064,-0.0182,0.5484,0.7419,0.2903,"off:PREDICTIVE|def:WEAKLY_PREDICTIVE","MEDIUM","MODELED"
2026,2,"explosive_pass_vs_explosive_prevention","IND","NO",0.0064,-0.0198,0.5484,0.7742,0.3226,"off:PREDICTIVE|def:WEAKLY_PREDICTIVE","MEDIUM","MODELED"
2026,2,"explosive_pass_vs_explosive_prevention","IND","NYG",0.0064,0.0144,0.5484,0.3548,-0.0968,"off:PREDICTIVE|def:WEAKLY_PREDICTIVE","MEDIUM","MODELED"
2026,2,"explosive_pass_vs_explosive_prevention","IND","NYJ",0.0064,-0.049,0.5484,1,0.5484,"off:PREDICTIVE|def:WEAKLY_PREDICTIVE","MEDIUM","MODELED"
2026,2,"explosive_pass_vs_explosive_prevention","IND","PHI",0.0064,-0.0205,0.5484,0.8065,0.3548,"off:PREDICTIVE|def:WEAKLY_PREDICTIVE","MEDIUM","MODELED"
2026,2,"explosive_pass_vs_explosive_prevention","IND","PIT",0.0064,0.0272,0.5484,0.1613,-0.2903,"off:PREDICTIVE|def:WEAKLY_PREDICTIVE","MEDIUM","MODELED"
2026,2,"explosive_pass_vs_explosive_prevention","IND","SEA",0.0064,0.0047,0.5484,0.4194,-0.0323,"off:PREDICTIVE|def:WEAKLY_PREDICTIVE","MEDIUM","MODELED"
2026,2,"explosive_pass_vs_explosive_prevention","IND","SF",0.0064,-0.022,0.5484,0.8387,0.3871,"off:PREDICTIVE|def:WEAKLY_PREDICTIVE","MEDIUM","MODELED"
2026,2,"explosive_pass_vs_explosive_prevention","IND","TB",0.0064,0.0189,0.5484,0.2581,-0.1935,"off:PREDICTIVE|def:WEAKLY_PREDICTIVE","MEDIUM","MODELED"
2026,2,"explosive_pass_vs_explosive_prevention","IND","TEN",0.0064,0.0272,0.5484,0.129,-0.3226,"off:PREDICTIVE|def:WEAKLY_PREDICTIVE","MEDIUM","MODELED"
2026,2,"explosive_pass_vs_explosive_prevention","IND","WAS",0.0064,0.0295,0.5484,0.0645,-0.3871,"off:PREDICTIVE|def:WEAKLY_PREDICTIVE","MEDIUM","MODELED"
2026,2,"explosive_pass_vs_explosive_prevention","JAX","ARI",0.0193,-0.0071,0.8387,0.5484,0.3871,"off:PREDICTIVE|def:WEAKLY_PREDICTIVE","MEDIUM","MODELED"
2026,2,"explosive_pass_vs_explosive_prevention","JAX","ATL",0.0193,-0.007,0.8387,0.5161,0.3548,"off:PREDICTIVE|def:WEAKLY_PREDICTIVE","MEDIUM","MODELED"
2026,2,"explosive_pass_vs_explosive_prevention","JAX","BAL",0.0193,-0.0228,0.8387,0.871,0.7097,"off:PREDICTIVE|def:WEAKLY_PREDICTIVE","MEDIUM","MODELED"
2026,2,"explosive_pass_vs_explosive_prevention","JAX","BUF",0.0193,0.0176,0.8387,0.2903,0.129,"off:PREDICTIVE|def:WEAKLY_PREDICTIVE","MEDIUM","MODELED"
2026,2,"explosive_pass_vs_explosive_prevention","JAX","CAR",0.0193,-0.0074,0.8387,0.5806,0.4194,"off:PREDICTIVE|def:WEAKLY_PREDICTIVE","MEDIUM","MODELED"
2026,2,"explosive_pass_vs_explosive_prevention","JAX","CHI",0.0193,0.0148,0.8387,0.3226,0.1613,"off:PREDICTIVE|def:WEAKLY_PREDICTIVE","MEDIUM","MODELED"
2026,2,"explosive_pass_vs_explosive_prevention","JAX","CIN",0.0193,0.012,0.8387,0.3871,0.2258,"off:PREDICTIVE|def:WEAKLY_PREDICTIVE","MEDIUM","MODELED"
2026,2,"explosive_pass_vs_explosive_prevention","JAX","CLE",0.0193,0.0025,0.8387,0.4516,0.2903,"off:PREDICTIVE|def:WEAKLY_PREDICTIVE","MEDIUM","MODELED"
2026,2,"explosive_pass_vs_explosive_prevention","JAX","DAL",0.0193,-0.0062,0.8387,0.4839,0.3226,"off:PREDICTIVE|def:WEAKLY_PREDICTIVE","MEDIUM","MODELED"
2026,2,"explosive_pass_vs_explosive_prevention","JAX","DEN",0.0193,-0.014,0.8387,0.6452,0.4839,"off:PREDICTIVE|def:WEAKLY_PREDICTIVE","MEDIUM","MODELED"
2026,2,"explosive_pass_vs_explosive_prevention","JAX","DET",0.0193,-0.0176,0.8387,0.7097,0.5484,"off:PREDICTIVE|def:WEAKLY_PREDICTIVE","MEDIUM","MODELED"
2026,2,"explosive_pass_vs_explosive_prevention","JAX","GB",0.0193,-0.0122,0.8387,0.6129,0.4516,"off:PREDICTIVE|def:WEAKLY_PREDICTIVE","MEDIUM","MODELED"
2026,2,"explosive_pass_vs_explosive_prevention","JAX","HOU",0.0193,0.0204,0.8387,0.2258,0.0645,"off:PREDICTIVE|def:WEAKLY_PREDICTIVE","MEDIUM","MODELED"
2026,2,"explosive_pass_vs_explosive_prevention","JAX","IND",0.0193,0.0277,0.8387,0.0968,-0.0645,"off:PREDICTIVE|def:WEAKLY_PREDICTIVE","MEDIUM","MODELED"
2026,2,"explosive_pass_vs_explosive_prevention","JAX","KC",0.0193,-0.0267,0.8387,0.9032,0.7419,"off:PREDICTIVE|def:WEAKLY_PREDICTIVE","MEDIUM","MODELED"
2026,2,"explosive_pass_vs_explosive_prevention","JAX","LAC",0.0193,0.0418,0.8387,0,-0.1613,"off:PREDICTIVE|def:WEAKLY_PREDICTIVE","MEDIUM","MODELED"
2026,2,"explosive_pass_vs_explosive_prevention","JAX","LAR",0.0193,-0.0369,0.8387,0.9677,0.8065,"off:PREDICTIVE|def:WEAKLY_PREDICTIVE","MEDIUM","MODELED"
2026,2,"explosive_pass_vs_explosive_prevention","JAX","LV",0.0193,-0.0157,0.8387,0.6774,0.5161,"off:PREDICTIVE|def:WEAKLY_PREDICTIVE","MEDIUM","MODELED"
2026,2,"explosive_pass_vs_explosive_prevention","JAX","MIA",0.0193,0.0352,0.8387,0.0323,-0.129,"off:PREDICTIVE|def:WEAKLY_PREDICTIVE","MEDIUM","MODELED"
2026,2,"explosive_pass_vs_explosive_prevention","JAX","MIN",0.0193,-0.0293,0.8387,0.9355,0.7742,"off:PREDICTIVE|def:WEAKLY_PREDICTIVE","MEDIUM","MODELED"
2026,2,"explosive_pass_vs_explosive_prevention","JAX","NE",0.0193,-0.0182,0.8387,0.7419,0.5806,"off:PREDICTIVE|def:WEAKLY_PREDICTIVE","MEDIUM","MODELED"
2026,2,"explosive_pass_vs_explosive_prevention","JAX","NO",0.0193,-0.0198,0.8387,0.7742,0.6129,"off:PREDICTIVE|def:WEAKLY_PREDICTIVE","MEDIUM","MODELED"
2026,2,"explosive_pass_vs_explosive_prevention","JAX","NYG",0.0193,0.0144,0.8387,0.3548,0.1935,"off:PREDICTIVE|def:WEAKLY_PREDICTIVE","MEDIUM","MODELED"
2026,2,"explosive_pass_vs_explosive_prevention","JAX","NYJ",0.0193,-0.049,0.8387,1,0.8387,"off:PREDICTIVE|def:WEAKLY_PREDICTIVE","MEDIUM","MODELED"
2026,2,"explosive_pass_vs_explosive_prevention","JAX","PHI",0.0193,-0.0205,0.8387,0.8065,0.6452,"off:PREDICTIVE|def:WEAKLY_PREDICTIVE","MEDIUM","MODELED"
2026,2,"explosive_pass_vs_explosive_prevention","JAX","PIT",0.0193,0.0272,0.8387,0.1613,0,"off:PREDICTIVE|def:WEAKLY_PREDICTIVE","MEDIUM","MODELED"
2026,2,"explosive_pass_vs_explosive_prevention","JAX","SEA",0.0193,0.0047,0.8387,0.4194,0.2581,"off:PREDICTIVE|def:WEAKLY_PREDICTIVE","MEDIUM","MODELED"
2026,2,"explosive_pass_vs_explosive_prevention","JAX","SF",0.0193,-0.022,0.8387,0.8387,0.6774,"off:PREDICTIVE|def:WEAKLY_PREDICTIVE","MEDIUM","MODELED"
2026,2,"explosive_pass_vs_explosive_prevention","JAX","TB",0.0193,0.0189,0.8387,0.2581,0.0968,"off:PREDICTIVE|def:WEAKLY_PREDICTIVE","MEDIUM","MODELED"
2026,2,"explosive_pass_vs_explosive_prevention","JAX","TEN",0.0193,0.0272,0.8387,0.129,-0.0323,"off:PREDICTIVE|def:WEAKLY_PREDICTIVE","MEDIUM","MODELED"
2026,2,"explosive_pass_vs_explosive_prevention","JAX","WAS",0.0193,0.0295,0.8387,0.0645,-0.0968,"off:PREDICTIVE|def:WEAKLY_PREDICTIVE","MEDIUM","MODELED"
2026,2,"explosive_pass_vs_explosive_prevention","KC","ARI",-0.0065,-0.0071,0.3548,0.5484,-0.0968,"off:PREDICTIVE|def:WEAKLY_PREDICTIVE","MEDIUM","MODELED"
2026,2,"explosive_pass_vs_explosive_prevention","KC","ATL",-0.0065,-0.007,0.3548,0.5161,-0.129,"off:PREDICTIVE|def:WEAKLY_PREDICTIVE","MEDIUM","MODELED"
2026,2,"explosive_pass_vs_explosive_prevention","KC","BAL",-0.0065,-0.0228,0.3548,0.871,0.2258,"off:PREDICTIVE|def:WEAKLY_PREDICTIVE","MEDIUM","MODELED"
2026,2,"explosive_pass_vs_explosive_prevention","KC","BUF",-0.0065,0.0176,0.3548,0.2903,-0.3548,"off:PREDICTIVE|def:WEAKLY_PREDICTIVE","MEDIUM","MODELED"
2026,2,"explosive_pass_vs_explosive_prevention","KC","CAR",-0.0065,-0.0074,0.3548,0.5806,-0.0645,"off:PREDICTIVE|def:WEAKLY_PREDICTIVE","MEDIUM","MODELED"
2026,2,"explosive_pass_vs_explosive_prevention","KC","CHI",-0.0065,0.0148,0.3548,0.3226,-0.3226,"off:PREDICTIVE|def:WEAKLY_PREDICTIVE","MEDIUM","MODELED"
2026,2,"explosive_pass_vs_explosive_prevention","KC","CIN",-0.0065,0.012,0.3548,0.3871,-0.2581,"off:PREDICTIVE|def:WEAKLY_PREDICTIVE","MEDIUM","MODELED"
2026,2,"explosive_pass_vs_explosive_prevention","KC","CLE",-0.0065,0.0025,0.3548,0.4516,-0.1935,"off:PREDICTIVE|def:WEAKLY_PREDICTIVE","MEDIUM","MODELED"
2026,2,"explosive_pass_vs_explosive_prevention","KC","DAL",-0.0065,-0.0062,0.3548,0.4839,-0.1613,"off:PREDICTIVE|def:WEAKLY_PREDICTIVE","MEDIUM","MODELED"
2026,2,"explosive_pass_vs_explosive_prevention","KC","DEN",-0.0065,-0.014,0.3548,0.6452,0,"off:PREDICTIVE|def:WEAKLY_PREDICTIVE","MEDIUM","MODELED"
2026,2,"explosive_pass_vs_explosive_prevention","KC","DET",-0.0065,-0.0176,0.3548,0.7097,0.0645,"off:PREDICTIVE|def:WEAKLY_PREDICTIVE","MEDIUM","MODELED"
2026,2,"explosive_pass_vs_explosive_prevention","KC","GB",-0.0065,-0.0122,0.3548,0.6129,-0.0323,"off:PREDICTIVE|def:WEAKLY_PREDICTIVE","MEDIUM","MODELED"
2026,2,"explosive_pass_vs_explosive_prevention","KC","HOU",-0.0065,0.0204,0.3548,0.2258,-0.4194,"off:PREDICTIVE|def:WEAKLY_PREDICTIVE","MEDIUM","MODELED"
2026,2,"explosive_pass_vs_explosive_prevention","KC","IND",-0.0065,0.0277,0.3548,0.0968,-0.5484,"off:PREDICTIVE|def:WEAKLY_PREDICTIVE","MEDIUM","MODELED"
2026,2,"explosive_pass_vs_explosive_prevention","KC","JAX",-0.0065,0.0272,0.3548,0.1935,-0.4516,"off:PREDICTIVE|def:WEAKLY_PREDICTIVE","MEDIUM","MODELED"
2026,2,"explosive_pass_vs_explosive_prevention","KC","LAC",-0.0065,0.0418,0.3548,0,-0.6452,"off:PREDICTIVE|def:WEAKLY_PREDICTIVE","MEDIUM","MODELED"
2026,2,"explosive_pass_vs_explosive_prevention","KC","LAR",-0.0065,-0.0369,0.3548,0.9677,0.3226,"off:PREDICTIVE|def:WEAKLY_PREDICTIVE","MEDIUM","MODELED"
2026,2,"explosive_pass_vs_explosive_prevention","KC","LV",-0.0065,-0.0157,0.3548,0.6774,0.0323,"off:PREDICTIVE|def:WEAKLY_PREDICTIVE","MEDIUM","MODELED"
2026,2,"explosive_pass_vs_explosive_prevention","KC","MIA",-0.0065,0.0352,0.3548,0.0323,-0.6129,"off:PREDICTIVE|def:WEAKLY_PREDICTIVE","MEDIUM","MODELED"
2026,2,"explosive_pass_vs_explosive_prevention","KC","MIN",-0.0065,-0.0293,0.3548,0.9355,0.2903,"off:PREDICTIVE|def:WEAKLY_PREDICTIVE","MEDIUM","MODELED"
2026,2,"explosive_pass_vs_explosive_prevention","KC","NE",-0.0065,-0.0182,0.3548,0.7419,0.0968,"off:PREDICTIVE|def:WEAKLY_PREDICTIVE","MEDIUM","MODELED"
2026,2,"explosive_pass_vs_explosive_prevention","KC","NO",-0.0065,-0.0198,0.3548,0.7742,0.129,"off:PREDICTIVE|def:WEAKLY_PREDICTIVE","MEDIUM","MODELED"
2026,2,"explosive_pass_vs_explosive_prevention","KC","NYG",-0.0065,0.0144,0.3548,0.3548,-0.2903,"off:PREDICTIVE|def:WEAKLY_PREDICTIVE","MEDIUM","MODELED"
2026,2,"explosive_pass_vs_explosive_prevention","KC","NYJ",-0.0065,-0.049,0.3548,1,0.3548,"off:PREDICTIVE|def:WEAKLY_PREDICTIVE","MEDIUM","MODELED"
2026,2,"explosive_pass_vs_explosive_prevention","KC","PHI",-0.0065,-0.0205,0.3548,0.8065,0.1613,"off:PREDICTIVE|def:WEAKLY_PREDICTIVE","MEDIUM","MODELED"
2026,2,"explosive_pass_vs_explosive_prevention","KC","PIT",-0.0065,0.0272,0.3548,0.1613,-0.4839,"off:PREDICTIVE|def:WEAKLY_PREDICTIVE","MEDIUM","MODELED"
2026,2,"explosive_pass_vs_explosive_prevention","KC","SEA",-0.0065,0.0047,0.3548,0.4194,-0.2258,"off:PREDICTIVE|def:WEAKLY_PREDICTIVE","MEDIUM","MODELED"
2026,2,"explosive_pass_vs_explosive_prevention","KC","SF",-0.0065,-0.022,0.3548,0.8387,0.1935,"off:PREDICTIVE|def:WEAKLY_PREDICTIVE","MEDIUM","MODELED"
2026,2,"explosive_pass_vs_explosive_prevention","KC","TB",-0.0065,0.0189,0.3548,0.2581,-0.3871,"off:PREDICTIVE|def:WEAKLY_PREDICTIVE","MEDIUM","MODELED"
2026,2,"explosive_pass_vs_explosive_prevention","KC","TEN",-0.0065,0.0272,0.3548,0.129,-0.5161,"off:PREDICTIVE|def:WEAKLY_PREDICTIVE","MEDIUM","MODELED"
2026,2,"explosive_pass_vs_explosive_prevention","KC","WAS",-0.0065,0.0295,0.3548,0.0645,-0.5806,"off:PREDICTIVE|def:WEAKLY_PREDICTIVE","MEDIUM","MODELED"
2026,2,"explosive_pass_vs_explosive_prevention","LAC","ARI",0.0034,-0.0071,0.4839,0.5484,0.0323,"off:PREDICTIVE|def:WEAKLY_PREDICTIVE","MEDIUM","MODELED"
2026,2,"explosive_pass_vs_explosive_prevention","LAC","ATL",0.0034,-0.007,0.4839,0.5161,0,"off:PREDICTIVE|def:WEAKLY_PREDICTIVE","MEDIUM","MODELED"
2026,2,"explosive_pass_vs_explosive_prevention","LAC","BAL",0.0034,-0.0228,0.4839,0.871,0.3548,"off:PREDICTIVE|def:WEAKLY_PREDICTIVE","MEDIUM","MODELED"
2026,2,"explosive_pass_vs_explosive_prevention","LAC","BUF",0.0034,0.0176,0.4839,0.2903,-0.2258,"off:PREDICTIVE|def:WEAKLY_PREDICTIVE","MEDIUM","MODELED"
2026,2,"explosive_pass_vs_explosive_prevention","LAC","CAR",0.0034,-0.0074,0.4839,0.5806,0.0645,"off:PREDICTIVE|def:WEAKLY_PREDICTIVE","MEDIUM","MODELED"
2026,2,"explosive_pass_vs_explosive_prevention","LAC","CHI",0.0034,0.0148,0.4839,0.3226,-0.1935,"off:PREDICTIVE|def:WEAKLY_PREDICTIVE","MEDIUM","MODELED"
2026,2,"explosive_pass_vs_explosive_prevention","LAC","CIN",0.0034,0.012,0.4839,0.3871,-0.129,"off:PREDICTIVE|def:WEAKLY_PREDICTIVE","MEDIUM","MODELED"
2026,2,"explosive_pass_vs_explosive_prevention","LAC","CLE",0.0034,0.0025,0.4839,0.4516,-0.0645,"off:PREDICTIVE|def:WEAKLY_PREDICTIVE","MEDIUM","MODELED"
2026,2,"explosive_pass_vs_explosive_prevention","LAC","DAL",0.0034,-0.0062,0.4839,0.4839,-0.0323,"off:PREDICTIVE|def:WEAKLY_PREDICTIVE","MEDIUM","MODELED"
2026,2,"explosive_pass_vs_explosive_prevention","LAC","DEN",0.0034,-0.014,0.4839,0.6452,0.129,"off:PREDICTIVE|def:WEAKLY_PREDICTIVE","MEDIUM","MODELED"
2026,2,"explosive_pass_vs_explosive_prevention","LAC","DET",0.0034,-0.0176,0.4839,0.7097,0.1935,"off:PREDICTIVE|def:WEAKLY_PREDICTIVE","MEDIUM","MODELED"
2026,2,"explosive_pass_vs_explosive_prevention","LAC","GB",0.0034,-0.0122,0.4839,0.6129,0.0968,"off:PREDICTIVE|def:WEAKLY_PREDICTIVE","MEDIUM","MODELED"
2026,2,"explosive_pass_vs_explosive_prevention","LAC","HOU",0.0034,0.0204,0.4839,0.2258,-0.2903,"off:PREDICTIVE|def:WEAKLY_PREDICTIVE","MEDIUM","MODELED"
2026,2,"explosive_pass_vs_explosive_prevention","LAC","IND",0.0034,0.0277,0.4839,0.0968,-0.4194,"off:PREDICTIVE|def:WEAKLY_PREDICTIVE","MEDIUM","MODELED"
2026,2,"explosive_pass_vs_explosive_prevention","LAC","JAX",0.0034,0.0272,0.4839,0.1935,-0.3226,"off:PREDICTIVE|def:WEAKLY_PREDICTIVE","MEDIUM","MODELED"
2026,2,"explosive_pass_vs_explosive_prevention","LAC","KC",0.0034,-0.0267,0.4839,0.9032,0.3871,"off:PREDICTIVE|def:WEAKLY_PREDICTIVE","MEDIUM","MODELED"
2026,2,"explosive_pass_vs_explosive_prevention","LAC","LAR",0.0034,-0.0369,0.4839,0.9677,0.4516,"off:PREDICTIVE|def:WEAKLY_PREDICTIVE","MEDIUM","MODELED"
2026,2,"explosive_pass_vs_explosive_prevention","LAC","LV",0.0034,-0.0157,0.4839,0.6774,0.1613,"off:PREDICTIVE|def:WEAKLY_PREDICTIVE","MEDIUM","MODELED"
2026,2,"explosive_pass_vs_explosive_prevention","LAC","MIA",0.0034,0.0352,0.4839,0.0323,-0.4839,"off:PREDICTIVE|def:WEAKLY_PREDICTIVE","MEDIUM","MODELED"
2026,2,"explosive_pass_vs_explosive_prevention","LAC","MIN",0.0034,-0.0293,0.4839,0.9355,0.4194,"off:PREDICTIVE|def:WEAKLY_PREDICTIVE","MEDIUM","MODELED"
2026,2,"explosive_pass_vs_explosive_prevention","LAC","NE",0.0034,-0.0182,0.4839,0.7419,0.2258,"off:PREDICTIVE|def:WEAKLY_PREDICTIVE","MEDIUM","MODELED"
2026,2,"explosive_pass_vs_explosive_prevention","LAC","NO",0.0034,-0.0198,0.4839,0.7742,0.2581,"off:PREDICTIVE|def:WEAKLY_PREDICTIVE","MEDIUM","MODELED"
2026,2,"explosive_pass_vs_explosive_prevention","LAC","NYG",0.0034,0.0144,0.4839,0.3548,-0.1613,"off:PREDICTIVE|def:WEAKLY_PREDICTIVE","MEDIUM","MODELED"
2026,2,"explosive_pass_vs_explosive_prevention","LAC","NYJ",0.0034,-0.049,0.4839,1,0.4839,"off:PREDICTIVE|def:WEAKLY_PREDICTIVE","MEDIUM","MODELED"
2026,2,"explosive_pass_vs_explosive_prevention","LAC","PHI",0.0034,-0.0205,0.4839,0.8065,0.2903,"off:PREDICTIVE|def:WEAKLY_PREDICTIVE","MEDIUM","MODELED"
2026,2,"explosive_pass_vs_explosive_prevention","LAC","PIT",0.0034,0.0272,0.4839,0.1613,-0.3548,"off:PREDICTIVE|def:WEAKLY_PREDICTIVE","MEDIUM","MODELED"
2026,2,"explosive_pass_vs_explosive_prevention","LAC","SEA",0.0034,0.0047,0.4839,0.4194,-0.0968,"off:PREDICTIVE|def:WEAKLY_PREDICTIVE","MEDIUM","MODELED"
2026,2,"explosive_pass_vs_explosive_prevention","LAC","SF",0.0034,-0.022,0.4839,0.8387,0.3226,"off:PREDICTIVE|def:WEAKLY_PREDICTIVE","MEDIUM","MODELED"
2026,2,"explosive_pass_vs_explosive_prevention","LAC","TB",0.0034,0.0189,0.4839,0.2581,-0.2581,"off:PREDICTIVE|def:WEAKLY_PREDICTIVE","MEDIUM","MODELED"
2026,2,"explosive_pass_vs_explosive_prevention","LAC","TEN",0.0034,0.0272,0.4839,0.129,-0.3871,"off:PREDICTIVE|def:WEAKLY_PREDICTIVE","MEDIUM","MODELED"
2026,2,"explosive_pass_vs_explosive_prevention","LAC","WAS",0.0034,0.0295,0.4839,0.0645,-0.4516,"off:PREDICTIVE|def:WEAKLY_PREDICTIVE","MEDIUM","MODELED"
2026,2,"explosive_pass_vs_explosive_prevention","LAR","ARI",0.022,-0.0071,0.871,0.5484,0.4194,"off:PREDICTIVE|def:WEAKLY_PREDICTIVE","MEDIUM","MODELED"
2026,2,"explosive_pass_vs_explosive_prevention","LAR","ATL",0.022,-0.007,0.871,0.5161,0.3871,"off:PREDICTIVE|def:WEAKLY_PREDICTIVE","MEDIUM","MODELED"
2026,2,"explosive_pass_vs_explosive_prevention","LAR","BAL",0.022,-0.0228,0.871,0.871,0.7419,"off:PREDICTIVE|def:WEAKLY_PREDICTIVE","MEDIUM","MODELED"
2026,2,"explosive_pass_vs_explosive_prevention","LAR","BUF",0.022,0.0176,0.871,0.2903,0.1613,"off:PREDICTIVE|def:WEAKLY_PREDICTIVE","MEDIUM","MODELED"
2026,2,"explosive_pass_vs_explosive_prevention","LAR","CAR",0.022,-0.0074,0.871,0.5806,0.4516,"off:PREDICTIVE|def:WEAKLY_PREDICTIVE","MEDIUM","MODELED"
2026,2,"explosive_pass_vs_explosive_prevention","LAR","CHI",0.022,0.0148,0.871,0.3226,0.1935,"off:PREDICTIVE|def:WEAKLY_PREDICTIVE","MEDIUM","MODELED"
2026,2,"explosive_pass_vs_explosive_prevention","LAR","CIN",0.022,0.012,0.871,0.3871,0.2581,"off:PREDICTIVE|def:WEAKLY_PREDICTIVE","MEDIUM","MODELED"
2026,2,"explosive_pass_vs_explosive_prevention","LAR","CLE",0.022,0.0025,0.871,0.4516,0.3226,"off:PREDICTIVE|def:WEAKLY_PREDICTIVE","MEDIUM","MODELED"
2026,2,"explosive_pass_vs_explosive_prevention","LAR","DAL",0.022,-0.0062,0.871,0.4839,0.3548,"off:PREDICTIVE|def:WEAKLY_PREDICTIVE","MEDIUM","MODELED"
2026,2,"explosive_pass_vs_explosive_prevention","LAR","DEN",0.022,-0.014,0.871,0.6452,0.5161,"off:PREDICTIVE|def:WEAKLY_PREDICTIVE","MEDIUM","MODELED"
2026,2,"explosive_pass_vs_explosive_prevention","LAR","DET",0.022,-0.0176,0.871,0.7097,0.5806,"off:PREDICTIVE|def:WEAKLY_PREDICTIVE","MEDIUM","MODELED"
2026,2,"explosive_pass_vs_explosive_prevention","LAR","GB",0.022,-0.0122,0.871,0.6129,0.4839,"off:PREDICTIVE|def:WEAKLY_PREDICTIVE","MEDIUM","MODELED"
2026,2,"explosive_pass_vs_explosive_prevention","LAR","HOU",0.022,0.0204,0.871,0.2258,0.0968,"off:PREDICTIVE|def:WEAKLY_PREDICTIVE","MEDIUM","MODELED"
2026,2,"explosive_pass_vs_explosive_prevention","LAR","IND",0.022,0.0277,0.871,0.0968,-0.0323,"off:PREDICTIVE|def:WEAKLY_PREDICTIVE","MEDIUM","MODELED"
2026,2,"explosive_pass_vs_explosive_prevention","LAR","JAX",0.022,0.0272,0.871,0.1935,0.0645,"off:PREDICTIVE|def:WEAKLY_PREDICTIVE","MEDIUM","MODELED"
2026,2,"explosive_pass_vs_explosive_prevention","LAR","KC",0.022,-0.0267,0.871,0.9032,0.7742,"off:PREDICTIVE|def:WEAKLY_PREDICTIVE","MEDIUM","MODELED"
2026,2,"explosive_pass_vs_explosive_prevention","LAR","LAC",0.022,0.0418,0.871,0,-0.129,"off:PREDICTIVE|def:WEAKLY_PREDICTIVE","MEDIUM","MODELED"
2026,2,"explosive_pass_vs_explosive_prevention","LAR","LV",0.022,-0.0157,0.871,0.6774,0.5484,"off:PREDICTIVE|def:WEAKLY_PREDICTIVE","MEDIUM","MODELED"
2026,2,"explosive_pass_vs_explosive_prevention","LAR","MIA",0.022,0.0352,0.871,0.0323,-0.0968,"off:PREDICTIVE|def:WEAKLY_PREDICTIVE","MEDIUM","MODELED"
2026,2,"explosive_pass_vs_explosive_prevention","LAR","MIN",0.022,-0.0293,0.871,0.9355,0.8065,"off:PREDICTIVE|def:WEAKLY_PREDICTIVE","MEDIUM","MODELED"
2026,2,"explosive_pass_vs_explosive_prevention","LAR","NE",0.022,-0.0182,0.871,0.7419,0.6129,"off:PREDICTIVE|def:WEAKLY_PREDICTIVE","MEDIUM","MODELED"
2026,2,"explosive_pass_vs_explosive_prevention","LAR","NO",0.022,-0.0198,0.871,0.7742,0.6452,"off:PREDICTIVE|def:WEAKLY_PREDICTIVE","MEDIUM","MODELED"
2026,2,"explosive_pass_vs_explosive_prevention","LAR","NYG",0.022,0.0144,0.871,0.3548,0.2258,"off:PREDICTIVE|def:WEAKLY_PREDICTIVE","MEDIUM","MODELED"
2026,2,"explosive_pass_vs_explosive_prevention","LAR","NYJ",0.022,-0.049,0.871,1,0.871,"off:PREDICTIVE|def:WEAKLY_PREDICTIVE","MEDIUM","MODELED"
2026,2,"explosive_pass_vs_explosive_prevention","LAR","PHI",0.022,-0.0205,0.871,0.8065,0.6774,"off:PREDICTIVE|def:WEAKLY_PREDICTIVE","MEDIUM","MODELED"
2026,2,"explosive_pass_vs_explosive_prevention","LAR","PIT",0.022,0.0272,0.871,0.1613,0.0323,"off:PREDICTIVE|def:WEAKLY_PREDICTIVE","MEDIUM","MODELED"
2026,2,"explosive_pass_vs_explosive_prevention","LAR","SEA",0.022,0.0047,0.871,0.4194,0.2903,"off:PREDICTIVE|def:WEAKLY_PREDICTIVE","MEDIUM","MODELED"
2026,2,"explosive_pass_vs_explosive_prevention","LAR","SF",0.022,-0.022,0.871,0.8387,0.7097,"off:PREDICTIVE|def:WEAKLY_PREDICTIVE","MEDIUM","MODELED"
2026,2,"explosive_pass_vs_explosive_prevention","LAR","TB",0.022,0.0189,0.871,0.2581,0.129,"off:PREDICTIVE|def:WEAKLY_PREDICTIVE","MEDIUM","MODELED"
2026,2,"explosive_pass_vs_explosive_prevention","LAR","TEN",0.022,0.0272,0.871,0.129,0,"off:PREDICTIVE|def:WEAKLY_PREDICTIVE","MEDIUM","MODELED"
2026,2,"explosive_pass_vs_explosive_prevention","LAR","WAS",0.022,0.0295,0.871,0.0645,-0.0645,"off:PREDICTIVE|def:WEAKLY_PREDICTIVE","MEDIUM","MODELED"
2026,2,"explosive_pass_vs_explosive_prevention","LV","ARI",-0.0606,-0.0071,0,0.5484,-0.4516,"off:PREDICTIVE|def:WEAKLY_PREDICTIVE","MEDIUM","MODELED"
2026,2,"explosive_pass_vs_explosive_prevention","LV","ATL",-0.0606,-0.007,0,0.5161,-0.4839,"off:PREDICTIVE|def:WEAKLY_PREDICTIVE","MEDIUM","MODELED"
2026,2,"explosive_pass_vs_explosive_prevention","LV","BAL",-0.0606,-0.0228,0,0.871,-0.129,"off:PREDICTIVE|def:WEAKLY_PREDICTIVE","MEDIUM","MODELED"
2026,2,"explosive_pass_vs_explosive_prevention","LV","BUF",-0.0606,0.0176,0,0.2903,-0.7097,"off:PREDICTIVE|def:WEAKLY_PREDICTIVE","MEDIUM","MODELED"
2026,2,"explosive_pass_vs_explosive_prevention","LV","CAR",-0.0606,-0.0074,0,0.5806,-0.4194,"off:PREDICTIVE|def:WEAKLY_PREDICTIVE","MEDIUM","MODELED"
2026,2,"explosive_pass_vs_explosive_prevention","LV","CHI",-0.0606,0.0148,0,0.3226,-0.6774,"off:PREDICTIVE|def:WEAKLY_PREDICTIVE","MEDIUM","MODELED"
2026,2,"explosive_pass_vs_explosive_prevention","LV","CIN",-0.0606,0.012,0,0.3871,-0.6129,"off:PREDICTIVE|def:WEAKLY_PREDICTIVE","MEDIUM","MODELED"
2026,2,"explosive_pass_vs_explosive_prevention","LV","CLE",-0.0606,0.0025,0,0.4516,-0.5484,"off:PREDICTIVE|def:WEAKLY_PREDICTIVE","MEDIUM","MODELED"
2026,2,"explosive_pass_vs_explosive_prevention","LV","DAL",-0.0606,-0.0062,0,0.4839,-0.5161,"off:PREDICTIVE|def:WEAKLY_PREDICTIVE","MEDIUM","MODELED"
2026,2,"explosive_pass_vs_explosive_prevention","LV","DEN",-0.0606,-0.014,0,0.6452,-0.3548,"off:PREDICTIVE|def:WEAKLY_PREDICTIVE","MEDIUM","MODELED"
2026,2,"explosive_pass_vs_explosive_prevention","LV","DET",-0.0606,-0.0176,0,0.7097,-0.2903,"off:PREDICTIVE|def:WEAKLY_PREDICTIVE","MEDIUM","MODELED"
2026,2,"explosive_pass_vs_explosive_prevention","LV","GB",-0.0606,-0.0122,0,0.6129,-0.3871,"off:PREDICTIVE|def:WEAKLY_PREDICTIVE","MEDIUM","MODELED"
2026,2,"explosive_pass_vs_explosive_prevention","LV","HOU",-0.0606,0.0204,0,0.2258,-0.7742,"off:PREDICTIVE|def:WEAKLY_PREDICTIVE","MEDIUM","MODELED"
2026,2,"explosive_pass_vs_explosive_prevention","LV","IND",-0.0606,0.0277,0,0.0968,-0.9032,"off:PREDICTIVE|def:WEAKLY_PREDICTIVE","MEDIUM","MODELED"
2026,2,"explosive_pass_vs_explosive_prevention","LV","JAX",-0.0606,0.0272,0,0.1935,-0.8065,"off:PREDICTIVE|def:WEAKLY_PREDICTIVE","MEDIUM","MODELED"
2026,2,"explosive_pass_vs_explosive_prevention","LV","KC",-0.0606,-0.0267,0,0.9032,-0.0968,"off:PREDICTIVE|def:WEAKLY_PREDICTIVE","MEDIUM","MODELED"
2026,2,"explosive_pass_vs_explosive_prevention","LV","LAC",-0.0606,0.0418,0,0,-1,"off:PREDICTIVE|def:WEAKLY_PREDICTIVE","MEDIUM","MODELED"
2026,2,"explosive_pass_vs_explosive_prevention","LV","LAR",-0.0606,-0.0369,0,0.9677,-0.0323,"off:PREDICTIVE|def:WEAKLY_PREDICTIVE","MEDIUM","MODELED"
2026,2,"explosive_pass_vs_explosive_prevention","LV","MIA",-0.0606,0.0352,0,0.0323,-0.9677,"off:PREDICTIVE|def:WEAKLY_PREDICTIVE","MEDIUM","MODELED"
2026,2,"explosive_pass_vs_explosive_prevention","LV","MIN",-0.0606,-0.0293,0,0.9355,-0.0645,"off:PREDICTIVE|def:WEAKLY_PREDICTIVE","MEDIUM","MODELED"
2026,2,"explosive_pass_vs_explosive_prevention","LV","NE",-0.0606,-0.0182,0,0.7419,-0.2581,"off:PREDICTIVE|def:WEAKLY_PREDICTIVE","MEDIUM","MODELED"
2026,2,"explosive_pass_vs_explosive_prevention","LV","NO",-0.0606,-0.0198,0,0.7742,-0.2258,"off:PREDICTIVE|def:WEAKLY_PREDICTIVE","MEDIUM","MODELED"
2026,2,"explosive_pass_vs_explosive_prevention","LV","NYG",-0.0606,0.0144,0,0.3548,-0.6452,"off:PREDICTIVE|def:WEAKLY_PREDICTIVE","MEDIUM","MODELED"
2026,2,"explosive_pass_vs_explosive_prevention","LV","NYJ",-0.0606,-0.049,0,1,0,"off:PREDICTIVE|def:WEAKLY_PREDICTIVE","MEDIUM","MODELED"
2026,2,"explosive_pass_vs_explosive_prevention","LV","PHI",-0.0606,-0.0205,0,0.8065,-0.1935,"off:PREDICTIVE|def:WEAKLY_PREDICTIVE","MEDIUM","MODELED"
2026,2,"explosive_pass_vs_explosive_prevention","LV","PIT",-0.0606,0.0272,0,0.1613,-0.8387,"off:PREDICTIVE|def:WEAKLY_PREDICTIVE","MEDIUM","MODELED"
2026,2,"explosive_pass_vs_explosive_prevention","LV","SEA",-0.0606,0.0047,0,0.4194,-0.5806,"off:PREDICTIVE|def:WEAKLY_PREDICTIVE","MEDIUM","MODELED"
2026,2,"explosive_pass_vs_explosive_prevention","LV","SF",-0.0606,-0.022,0,0.8387,-0.1613,"off:PREDICTIVE|def:WEAKLY_PREDICTIVE","MEDIUM","MODELED"
2026,2,"explosive_pass_vs_explosive_prevention","LV","TB",-0.0606,0.0189,0,0.2581,-0.7419,"off:PREDICTIVE|def:WEAKLY_PREDICTIVE","MEDIUM","MODELED"
2026,2,"explosive_pass_vs_explosive_prevention","LV","TEN",-0.0606,0.0272,0,0.129,-0.871,"off:PREDICTIVE|def:WEAKLY_PREDICTIVE","MEDIUM","MODELED"
2026,2,"explosive_pass_vs_explosive_prevention","LV","WAS",-0.0606,0.0295,0,0.0645,-0.9355,"off:PREDICTIVE|def:WEAKLY_PREDICTIVE","MEDIUM","MODELED"
2026,2,"explosive_pass_vs_explosive_prevention","MIA","ARI",0.0164,-0.0071,0.7097,0.5484,0.2581,"off:PREDICTIVE|def:WEAKLY_PREDICTIVE","MEDIUM","MODELED"
2026,2,"explosive_pass_vs_explosive_prevention","MIA","ATL",0.0164,-0.007,0.7097,0.5161,0.2258,"off:PREDICTIVE|def:WEAKLY_PREDICTIVE","MEDIUM","MODELED"
2026,2,"explosive_pass_vs_explosive_prevention","MIA","BAL",0.0164,-0.0228,0.7097,0.871,0.5806,"off:PREDICTIVE|def:WEAKLY_PREDICTIVE","MEDIUM","MODELED"
2026,2,"explosive_pass_vs_explosive_prevention","MIA","BUF",0.0164,0.0176,0.7097,0.2903,0,"off:PREDICTIVE|def:WEAKLY_PREDICTIVE","MEDIUM","MODELED"
2026,2,"explosive_pass_vs_explosive_prevention","MIA","CAR",0.0164,-0.0074,0.7097,0.5806,0.2903,"off:PREDICTIVE|def:WEAKLY_PREDICTIVE","MEDIUM","MODELED"
2026,2,"explosive_pass_vs_explosive_prevention","MIA","CHI",0.0164,0.0148,0.7097,0.3226,0.0323,"off:PREDICTIVE|def:WEAKLY_PREDICTIVE","MEDIUM","MODELED"
2026,2,"explosive_pass_vs_explosive_prevention","MIA","CIN",0.0164,0.012,0.7097,0.3871,0.0968,"off:PREDICTIVE|def:WEAKLY_PREDICTIVE","MEDIUM","MODELED"
2026,2,"explosive_pass_vs_explosive_prevention","MIA","CLE",0.0164,0.0025,0.7097,0.4516,0.1613,"off:PREDICTIVE|def:WEAKLY_PREDICTIVE","MEDIUM","MODELED"
2026,2,"explosive_pass_vs_explosive_prevention","MIA","DAL",0.0164,-0.0062,0.7097,0.4839,0.1935,"off:PREDICTIVE|def:WEAKLY_PREDICTIVE","MEDIUM","MODELED"
2026,2,"explosive_pass_vs_explosive_prevention","MIA","DEN",0.0164,-0.014,0.7097,0.6452,0.3548,"off:PREDICTIVE|def:WEAKLY_PREDICTIVE","MEDIUM","MODELED"
2026,2,"explosive_pass_vs_explosive_prevention","MIA","DET",0.0164,-0.0176,0.7097,0.7097,0.4194,"off:PREDICTIVE|def:WEAKLY_PREDICTIVE","MEDIUM","MODELED"
2026,2,"explosive_pass_vs_explosive_prevention","MIA","GB",0.0164,-0.0122,0.7097,0.6129,0.3226,"off:PREDICTIVE|def:WEAKLY_PREDICTIVE","MEDIUM","MODELED"
2026,2,"explosive_pass_vs_explosive_prevention","MIA","HOU",0.0164,0.0204,0.7097,0.2258,-0.0645,"off:PREDICTIVE|def:WEAKLY_PREDICTIVE","MEDIUM","MODELED"
2026,2,"explosive_pass_vs_explosive_prevention","MIA","IND",0.0164,0.0277,0.7097,0.0968,-0.1935,"off:PREDICTIVE|def:WEAKLY_PREDICTIVE","MEDIUM","MODELED"
2026,2,"explosive_pass_vs_explosive_prevention","MIA","JAX",0.0164,0.0272,0.7097,0.1935,-0.0968,"off:PREDICTIVE|def:WEAKLY_PREDICTIVE","MEDIUM","MODELED"
2026,2,"explosive_pass_vs_explosive_prevention","MIA","KC",0.0164,-0.0267,0.7097,0.9032,0.6129,"off:PREDICTIVE|def:WEAKLY_PREDICTIVE","MEDIUM","MODELED"
2026,2,"explosive_pass_vs_explosive_prevention","MIA","LAC",0.0164,0.0418,0.7097,0,-0.2903,"off:PREDICTIVE|def:WEAKLY_PREDICTIVE","MEDIUM","MODELED"
2026,2,"explosive_pass_vs_explosive_prevention","MIA","LAR",0.0164,-0.0369,0.7097,0.9677,0.6774,"off:PREDICTIVE|def:WEAKLY_PREDICTIVE","MEDIUM","MODELED"
2026,2,"explosive_pass_vs_explosive_prevention","MIA","LV",0.0164,-0.0157,0.7097,0.6774,0.3871,"off:PREDICTIVE|def:WEAKLY_PREDICTIVE","MEDIUM","MODELED"
2026,2,"explosive_pass_vs_explosive_prevention","MIA","MIN",0.0164,-0.0293,0.7097,0.9355,0.6452,"off:PREDICTIVE|def:WEAKLY_PREDICTIVE","MEDIUM","MODELED"
2026,2,"explosive_pass_vs_explosive_prevention","MIA","NE",0.0164,-0.0182,0.7097,0.7419,0.4516,"off:PREDICTIVE|def:WEAKLY_PREDICTIVE","MEDIUM","MODELED"
2026,2,"explosive_pass_vs_explosive_prevention","MIA","NO",0.0164,-0.0198,0.7097,0.7742,0.4839,"off:PREDICTIVE|def:WEAKLY_PREDICTIVE","MEDIUM","MODELED"
2026,2,"explosive_pass_vs_explosive_prevention","MIA","NYG",0.0164,0.0144,0.7097,0.3548,0.0645,"off:PREDICTIVE|def:WEAKLY_PREDICTIVE","MEDIUM","MODELED"
2026,2,"explosive_pass_vs_explosive_prevention","MIA","NYJ",0.0164,-0.049,0.7097,1,0.7097,"off:PREDICTIVE|def:WEAKLY_PREDICTIVE","MEDIUM","MODELED"
2026,2,"explosive_pass_vs_explosive_prevention","MIA","PHI",0.0164,-0.0205,0.7097,0.8065,0.5161,"off:PREDICTIVE|def:WEAKLY_PREDICTIVE","MEDIUM","MODELED"
2026,2,"explosive_pass_vs_explosive_prevention","MIA","PIT",0.0164,0.0272,0.7097,0.1613,-0.129,"off:PREDICTIVE|def:WEAKLY_PREDICTIVE","MEDIUM","MODELED"
2026,2,"explosive_pass_vs_explosive_prevention","MIA","SEA",0.0164,0.0047,0.7097,0.4194,0.129,"off:PREDICTIVE|def:WEAKLY_PREDICTIVE","MEDIUM","MODELED"
2026,2,"explosive_pass_vs_explosive_prevention","MIA","SF",0.0164,-0.022,0.7097,0.8387,0.5484,"off:PREDICTIVE|def:WEAKLY_PREDICTIVE","MEDIUM","MODELED"
2026,2,"explosive_pass_vs_explosive_prevention","MIA","TB",0.0164,0.0189,0.7097,0.2581,-0.0323,"off:PREDICTIVE|def:WEAKLY_PREDICTIVE","MEDIUM","MODELED"
2026,2,"explosive_pass_vs_explosive_prevention","MIA","TEN",0.0164,0.0272,0.7097,0.129,-0.1613,"off:PREDICTIVE|def:WEAKLY_PREDICTIVE","MEDIUM","MODELED"
2026,2,"explosive_pass_vs_explosive_prevention","MIA","WAS",0.0164,0.0295,0.7097,0.0645,-0.2258,"off:PREDICTIVE|def:WEAKLY_PREDICTIVE","MEDIUM","MODELED"
2026,2,"explosive_pass_vs_explosive_prevention","MIN","ARI",-2e-04,-0.0071,0.4516,0.5484,0,"off:PREDICTIVE|def:WEAKLY_PREDICTIVE","MEDIUM","MODELED"
2026,2,"explosive_pass_vs_explosive_prevention","MIN","ATL",-2e-04,-0.007,0.4516,0.5161,-0.0323,"off:PREDICTIVE|def:WEAKLY_PREDICTIVE","MEDIUM","MODELED"
2026,2,"explosive_pass_vs_explosive_prevention","MIN","BAL",-2e-04,-0.0228,0.4516,0.871,0.3226,"off:PREDICTIVE|def:WEAKLY_PREDICTIVE","MEDIUM","MODELED"
2026,2,"explosive_pass_vs_explosive_prevention","MIN","BUF",-2e-04,0.0176,0.4516,0.2903,-0.2581,"off:PREDICTIVE|def:WEAKLY_PREDICTIVE","MEDIUM","MODELED"
2026,2,"explosive_pass_vs_explosive_prevention","MIN","CAR",-2e-04,-0.0074,0.4516,0.5806,0.0323,"off:PREDICTIVE|def:WEAKLY_PREDICTIVE","MEDIUM","MODELED"
2026,2,"explosive_pass_vs_explosive_prevention","MIN","CHI",-2e-04,0.0148,0.4516,0.3226,-0.2258,"off:PREDICTIVE|def:WEAKLY_PREDICTIVE","MEDIUM","MODELED"
2026,2,"explosive_pass_vs_explosive_prevention","MIN","CIN",-2e-04,0.012,0.4516,0.3871,-0.1613,"off:PREDICTIVE|def:WEAKLY_PREDICTIVE","MEDIUM","MODELED"
2026,2,"explosive_pass_vs_explosive_prevention","MIN","CLE",-2e-04,0.0025,0.4516,0.4516,-0.0968,"off:PREDICTIVE|def:WEAKLY_PREDICTIVE","MEDIUM","MODELED"
2026,2,"explosive_pass_vs_explosive_prevention","MIN","DAL",-2e-04,-0.0062,0.4516,0.4839,-0.0645,"off:PREDICTIVE|def:WEAKLY_PREDICTIVE","MEDIUM","MODELED"
2026,2,"explosive_pass_vs_explosive_prevention","MIN","DEN",-2e-04,-0.014,0.4516,0.6452,0.0968,"off:PREDICTIVE|def:WEAKLY_PREDICTIVE","MEDIUM","MODELED"
2026,2,"explosive_pass_vs_explosive_prevention","MIN","DET",-2e-04,-0.0176,0.4516,0.7097,0.1613,"off:PREDICTIVE|def:WEAKLY_PREDICTIVE","MEDIUM","MODELED"
2026,2,"explosive_pass_vs_explosive_prevention","MIN","GB",-2e-04,-0.0122,0.4516,0.6129,0.0645,"off:PREDICTIVE|def:WEAKLY_PREDICTIVE","MEDIUM","MODELED"
2026,2,"explosive_pass_vs_explosive_prevention","MIN","HOU",-2e-04,0.0204,0.4516,0.2258,-0.3226,"off:PREDICTIVE|def:WEAKLY_PREDICTIVE","MEDIUM","MODELED"
2026,2,"explosive_pass_vs_explosive_prevention","MIN","IND",-2e-04,0.0277,0.4516,0.0968,-0.4516,"off:PREDICTIVE|def:WEAKLY_PREDICTIVE","MEDIUM","MODELED"
2026,2,"explosive_pass_vs_explosive_prevention","MIN","JAX",-2e-04,0.0272,0.4516,0.1935,-0.3548,"off:PREDICTIVE|def:WEAKLY_PREDICTIVE","MEDIUM","MODELED"
2026,2,"explosive_pass_vs_explosive_prevention","MIN","KC",-2e-04,-0.0267,0.4516,0.9032,0.3548,"off:PREDICTIVE|def:WEAKLY_PREDICTIVE","MEDIUM","MODELED"
2026,2,"explosive_pass_vs_explosive_prevention","MIN","LAC",-2e-04,0.0418,0.4516,0,-0.5484,"off:PREDICTIVE|def:WEAKLY_PREDICTIVE","MEDIUM","MODELED"
2026,2,"explosive_pass_vs_explosive_prevention","MIN","LAR",-2e-04,-0.0369,0.4516,0.9677,0.4194,"off:PREDICTIVE|def:WEAKLY_PREDICTIVE","MEDIUM","MODELED"
2026,2,"explosive_pass_vs_explosive_prevention","MIN","LV",-2e-04,-0.0157,0.4516,0.6774,0.129,"off:PREDICTIVE|def:WEAKLY_PREDICTIVE","MEDIUM","MODELED"
2026,2,"explosive_pass_vs_explosive_prevention","MIN","MIA",-2e-04,0.0352,0.4516,0.0323,-0.5161,"off:PREDICTIVE|def:WEAKLY_PREDICTIVE","MEDIUM","MODELED"
2026,2,"explosive_pass_vs_explosive_prevention","MIN","NE",-2e-04,-0.0182,0.4516,0.7419,0.1935,"off:PREDICTIVE|def:WEAKLY_PREDICTIVE","MEDIUM","MODELED"
2026,2,"explosive_pass_vs_explosive_prevention","MIN","NO",-2e-04,-0.0198,0.4516,0.7742,0.2258,"off:PREDICTIVE|def:WEAKLY_PREDICTIVE","MEDIUM","MODELED"
2026,2,"explosive_pass_vs_explosive_prevention","MIN","NYG",-2e-04,0.0144,0.4516,0.3548,-0.1935,"off:PREDICTIVE|def:WEAKLY_PREDICTIVE","MEDIUM","MODELED"
2026,2,"explosive_pass_vs_explosive_prevention","MIN","NYJ",-2e-04,-0.049,0.4516,1,0.4516,"off:PREDICTIVE|def:WEAKLY_PREDICTIVE","MEDIUM","MODELED"
2026,2,"explosive_pass_vs_explosive_prevention","MIN","PHI",-2e-04,-0.0205,0.4516,0.8065,0.2581,"off:PREDICTIVE|def:WEAKLY_PREDICTIVE","MEDIUM","MODELED"
2026,2,"explosive_pass_vs_explosive_prevention","MIN","PIT",-2e-04,0.0272,0.4516,0.1613,-0.3871,"off:PREDICTIVE|def:WEAKLY_PREDICTIVE","MEDIUM","MODELED"
2026,2,"explosive_pass_vs_explosive_prevention","MIN","SEA",-2e-04,0.0047,0.4516,0.4194,-0.129,"off:PREDICTIVE|def:WEAKLY_PREDICTIVE","MEDIUM","MODELED"
2026,2,"explosive_pass_vs_explosive_prevention","MIN","SF",-2e-04,-0.022,0.4516,0.8387,0.2903,"off:PREDICTIVE|def:WEAKLY_PREDICTIVE","MEDIUM","MODELED"
2026,2,"explosive_pass_vs_explosive_prevention","MIN","TB",-2e-04,0.0189,0.4516,0.2581,-0.2903,"off:PREDICTIVE|def:WEAKLY_PREDICTIVE","MEDIUM","MODELED"
2026,2,"explosive_pass_vs_explosive_prevention","MIN","TEN",-2e-04,0.0272,0.4516,0.129,-0.4194,"off:PREDICTIVE|def:WEAKLY_PREDICTIVE","MEDIUM","MODELED"
2026,2,"explosive_pass_vs_explosive_prevention","MIN","WAS",-2e-04,0.0295,0.4516,0.0645,-0.4839,"off:PREDICTIVE|def:WEAKLY_PREDICTIVE","MEDIUM","MODELED"
2026,2,"explosive_pass_vs_explosive_prevention","NE","ARI",-0.0212,-0.0071,0.129,0.5484,-0.3226,"off:PREDICTIVE|def:WEAKLY_PREDICTIVE","MEDIUM","MODELED"
2026,2,"explosive_pass_vs_explosive_prevention","NE","ATL",-0.0212,-0.007,0.129,0.5161,-0.3548,"off:PREDICTIVE|def:WEAKLY_PREDICTIVE","MEDIUM","MODELED"
2026,2,"explosive_pass_vs_explosive_prevention","NE","BAL",-0.0212,-0.0228,0.129,0.871,0,"off:PREDICTIVE|def:WEAKLY_PREDICTIVE","MEDIUM","MODELED"
2026,2,"explosive_pass_vs_explosive_prevention","NE","BUF",-0.0212,0.0176,0.129,0.2903,-0.5806,"off:PREDICTIVE|def:WEAKLY_PREDICTIVE","MEDIUM","MODELED"
2026,2,"explosive_pass_vs_explosive_prevention","NE","CAR",-0.0212,-0.0074,0.129,0.5806,-0.2903,"off:PREDICTIVE|def:WEAKLY_PREDICTIVE","MEDIUM","MODELED"
2026,2,"explosive_pass_vs_explosive_prevention","NE","CHI",-0.0212,0.0148,0.129,0.3226,-0.5484,"off:PREDICTIVE|def:WEAKLY_PREDICTIVE","MEDIUM","MODELED"
2026,2,"explosive_pass_vs_explosive_prevention","NE","CIN",-0.0212,0.012,0.129,0.3871,-0.4839,"off:PREDICTIVE|def:WEAKLY_PREDICTIVE","MEDIUM","MODELED"
2026,2,"explosive_pass_vs_explosive_prevention","NE","CLE",-0.0212,0.0025,0.129,0.4516,-0.4194,"off:PREDICTIVE|def:WEAKLY_PREDICTIVE","MEDIUM","MODELED"
2026,2,"explosive_pass_vs_explosive_prevention","NE","DAL",-0.0212,-0.0062,0.129,0.4839,-0.3871,"off:PREDICTIVE|def:WEAKLY_PREDICTIVE","MEDIUM","MODELED"
2026,2,"explosive_pass_vs_explosive_prevention","NE","DEN",-0.0212,-0.014,0.129,0.6452,-0.2258,"off:PREDICTIVE|def:WEAKLY_PREDICTIVE","MEDIUM","MODELED"
2026,2,"explosive_pass_vs_explosive_prevention","NE","DET",-0.0212,-0.0176,0.129,0.7097,-0.1613,"off:PREDICTIVE|def:WEAKLY_PREDICTIVE","MEDIUM","MODELED"
2026,2,"explosive_pass_vs_explosive_prevention","NE","GB",-0.0212,-0.0122,0.129,0.6129,-0.2581,"off:PREDICTIVE|def:WEAKLY_PREDICTIVE","MEDIUM","MODELED"
2026,2,"explosive_pass_vs_explosive_prevention","NE","HOU",-0.0212,0.0204,0.129,0.2258,-0.6452,"off:PREDICTIVE|def:WEAKLY_PREDICTIVE","MEDIUM","MODELED"
2026,2,"explosive_pass_vs_explosive_prevention","NE","IND",-0.0212,0.0277,0.129,0.0968,-0.7742,"off:PREDICTIVE|def:WEAKLY_PREDICTIVE","MEDIUM","MODELED"
2026,2,"explosive_pass_vs_explosive_prevention","NE","JAX",-0.0212,0.0272,0.129,0.1935,-0.6774,"off:PREDICTIVE|def:WEAKLY_PREDICTIVE","MEDIUM","MODELED"
2026,2,"explosive_pass_vs_explosive_prevention","NE","KC",-0.0212,-0.0267,0.129,0.9032,0.0323,"off:PREDICTIVE|def:WEAKLY_PREDICTIVE","MEDIUM","MODELED"
2026,2,"explosive_pass_vs_explosive_prevention","NE","LAC",-0.0212,0.0418,0.129,0,-0.871,"off:PREDICTIVE|def:WEAKLY_PREDICTIVE","MEDIUM","MODELED"
2026,2,"explosive_pass_vs_explosive_prevention","NE","LAR",-0.0212,-0.0369,0.129,0.9677,0.0968,"off:PREDICTIVE|def:WEAKLY_PREDICTIVE","MEDIUM","MODELED"
2026,2,"explosive_pass_vs_explosive_prevention","NE","LV",-0.0212,-0.0157,0.129,0.6774,-0.1935,"off:PREDICTIVE|def:WEAKLY_PREDICTIVE","MEDIUM","MODELED"
2026,2,"explosive_pass_vs_explosive_prevention","NE","MIA",-0.0212,0.0352,0.129,0.0323,-0.8387,"off:PREDICTIVE|def:WEAKLY_PREDICTIVE","MEDIUM","MODELED"
2026,2,"explosive_pass_vs_explosive_prevention","NE","MIN",-0.0212,-0.0293,0.129,0.9355,0.0645,"off:PREDICTIVE|def:WEAKLY_PREDICTIVE","MEDIUM","MODELED"
2026,2,"explosive_pass_vs_explosive_prevention","NE","NO",-0.0212,-0.0198,0.129,0.7742,-0.0968,"off:PREDICTIVE|def:WEAKLY_PREDICTIVE","MEDIUM","MODELED"
2026,2,"explosive_pass_vs_explosive_prevention","NE","NYG",-0.0212,0.0144,0.129,0.3548,-0.5161,"off:PREDICTIVE|def:WEAKLY_PREDICTIVE","MEDIUM","MODELED"
2026,2,"explosive_pass_vs_explosive_prevention","NE","NYJ",-0.0212,-0.049,0.129,1,0.129,"off:PREDICTIVE|def:WEAKLY_PREDICTIVE","MEDIUM","MODELED"
2026,2,"explosive_pass_vs_explosive_prevention","NE","PHI",-0.0212,-0.0205,0.129,0.8065,-0.0645,"off:PREDICTIVE|def:WEAKLY_PREDICTIVE","MEDIUM","MODELED"
2026,2,"explosive_pass_vs_explosive_prevention","NE","PIT",-0.0212,0.0272,0.129,0.1613,-0.7097,"off:PREDICTIVE|def:WEAKLY_PREDICTIVE","MEDIUM","MODELED"
2026,2,"explosive_pass_vs_explosive_prevention","NE","SEA",-0.0212,0.0047,0.129,0.4194,-0.4516,"off:PREDICTIVE|def:WEAKLY_PREDICTIVE","MEDIUM","MODELED"
2026,2,"explosive_pass_vs_explosive_prevention","NE","SF",-0.0212,-0.022,0.129,0.8387,-0.0323,"off:PREDICTIVE|def:WEAKLY_PREDICTIVE","MEDIUM","MODELED"
2026,2,"explosive_pass_vs_explosive_prevention","NE","TB",-0.0212,0.0189,0.129,0.2581,-0.6129,"off:PREDICTIVE|def:WEAKLY_PREDICTIVE","MEDIUM","MODELED"
2026,2,"explosive_pass_vs_explosive_prevention","NE","TEN",-0.0212,0.0272,0.129,0.129,-0.7419,"off:PREDICTIVE|def:WEAKLY_PREDICTIVE","MEDIUM","MODELED"
2026,2,"explosive_pass_vs_explosive_prevention","NE","WAS",-0.0212,0.0295,0.129,0.0645,-0.8065,"off:PREDICTIVE|def:WEAKLY_PREDICTIVE","MEDIUM","MODELED"
2026,2,"explosive_pass_vs_explosive_prevention","NO","ARI",0.0193,-0.0071,0.8065,0.5484,0.3548,"off:PREDICTIVE|def:WEAKLY_PREDICTIVE","MEDIUM","MODELED"
2026,2,"explosive_pass_vs_explosive_prevention","NO","ATL",0.0193,-0.007,0.8065,0.5161,0.3226,"off:PREDICTIVE|def:WEAKLY_PREDICTIVE","MEDIUM","MODELED"
2026,2,"explosive_pass_vs_explosive_prevention","NO","BAL",0.0193,-0.0228,0.8065,0.871,0.6774,"off:PREDICTIVE|def:WEAKLY_PREDICTIVE","MEDIUM","MODELED"
2026,2,"explosive_pass_vs_explosive_prevention","NO","BUF",0.0193,0.0176,0.8065,0.2903,0.0968,"off:PREDICTIVE|def:WEAKLY_PREDICTIVE","MEDIUM","MODELED"
2026,2,"explosive_pass_vs_explosive_prevention","NO","CAR",0.0193,-0.0074,0.8065,0.5806,0.3871,"off:PREDICTIVE|def:WEAKLY_PREDICTIVE","MEDIUM","MODELED"
2026,2,"explosive_pass_vs_explosive_prevention","NO","CHI",0.0193,0.0148,0.8065,0.3226,0.129,"off:PREDICTIVE|def:WEAKLY_PREDICTIVE","MEDIUM","MODELED"
2026,2,"explosive_pass_vs_explosive_prevention","NO","CIN",0.0193,0.012,0.8065,0.3871,0.1935,"off:PREDICTIVE|def:WEAKLY_PREDICTIVE","MEDIUM","MODELED"
2026,2,"explosive_pass_vs_explosive_prevention","NO","CLE",0.0193,0.0025,0.8065,0.4516,0.2581,"off:PREDICTIVE|def:WEAKLY_PREDICTIVE","MEDIUM","MODELED"
2026,2,"explosive_pass_vs_explosive_prevention","NO","DAL",0.0193,-0.0062,0.8065,0.4839,0.2903,"off:PREDICTIVE|def:WEAKLY_PREDICTIVE","MEDIUM","MODELED"
2026,2,"explosive_pass_vs_explosive_prevention","NO","DEN",0.0193,-0.014,0.8065,0.6452,0.4516,"off:PREDICTIVE|def:WEAKLY_PREDICTIVE","MEDIUM","MODELED"
2026,2,"explosive_pass_vs_explosive_prevention","NO","DET",0.0193,-0.0176,0.8065,0.7097,0.5161,"off:PREDICTIVE|def:WEAKLY_PREDICTIVE","MEDIUM","MODELED"
2026,2,"explosive_pass_vs_explosive_prevention","NO","GB",0.0193,-0.0122,0.8065,0.6129,0.4194,"off:PREDICTIVE|def:WEAKLY_PREDICTIVE","MEDIUM","MODELED"
2026,2,"explosive_pass_vs_explosive_prevention","NO","HOU",0.0193,0.0204,0.8065,0.2258,0.0323,"off:PREDICTIVE|def:WEAKLY_PREDICTIVE","MEDIUM","MODELED"
2026,2,"explosive_pass_vs_explosive_prevention","NO","IND",0.0193,0.0277,0.8065,0.0968,-0.0968,"off:PREDICTIVE|def:WEAKLY_PREDICTIVE","MEDIUM","MODELED"
2026,2,"explosive_pass_vs_explosive_prevention","NO","JAX",0.0193,0.0272,0.8065,0.1935,0,"off:PREDICTIVE|def:WEAKLY_PREDICTIVE","MEDIUM","MODELED"
2026,2,"explosive_pass_vs_explosive_prevention","NO","KC",0.0193,-0.0267,0.8065,0.9032,0.7097,"off:PREDICTIVE|def:WEAKLY_PREDICTIVE","MEDIUM","MODELED"
2026,2,"explosive_pass_vs_explosive_prevention","NO","LAC",0.0193,0.0418,0.8065,0,-0.1935,"off:PREDICTIVE|def:WEAKLY_PREDICTIVE","MEDIUM","MODELED"
2026,2,"explosive_pass_vs_explosive_prevention","NO","LAR",0.0193,-0.0369,0.8065,0.9677,0.7742,"off:PREDICTIVE|def:WEAKLY_PREDICTIVE","MEDIUM","MODELED"
2026,2,"explosive_pass_vs_explosive_prevention","NO","LV",0.0193,-0.0157,0.8065,0.6774,0.4839,"off:PREDICTIVE|def:WEAKLY_PREDICTIVE","MEDIUM","MODELED"
2026,2,"explosive_pass_vs_explosive_prevention","NO","MIA",0.0193,0.0352,0.8065,0.0323,-0.1613,"off:PREDICTIVE|def:WEAKLY_PREDICTIVE","MEDIUM","MODELED"
2026,2,"explosive_pass_vs_explosive_prevention","NO","MIN",0.0193,-0.0293,0.8065,0.9355,0.7419,"off:PREDICTIVE|def:WEAKLY_PREDICTIVE","MEDIUM","MODELED"
2026,2,"explosive_pass_vs_explosive_prevention","NO","NE",0.0193,-0.0182,0.8065,0.7419,0.5484,"off:PREDICTIVE|def:WEAKLY_PREDICTIVE","MEDIUM","MODELED"
2026,2,"explosive_pass_vs_explosive_prevention","NO","NYG",0.0193,0.0144,0.8065,0.3548,0.1613,"off:PREDICTIVE|def:WEAKLY_PREDICTIVE","MEDIUM","MODELED"
2026,2,"explosive_pass_vs_explosive_prevention","NO","NYJ",0.0193,-0.049,0.8065,1,0.8065,"off:PREDICTIVE|def:WEAKLY_PREDICTIVE","MEDIUM","MODELED"
2026,2,"explosive_pass_vs_explosive_prevention","NO","PHI",0.0193,-0.0205,0.8065,0.8065,0.6129,"off:PREDICTIVE|def:WEAKLY_PREDICTIVE","MEDIUM","MODELED"
2026,2,"explosive_pass_vs_explosive_prevention","NO","PIT",0.0193,0.0272,0.8065,0.1613,-0.0323,"off:PREDICTIVE|def:WEAKLY_PREDICTIVE","MEDIUM","MODELED"
2026,2,"explosive_pass_vs_explosive_prevention","NO","SEA",0.0193,0.0047,0.8065,0.4194,0.2258,"off:PREDICTIVE|def:WEAKLY_PREDICTIVE","MEDIUM","MODELED"
2026,2,"explosive_pass_vs_explosive_prevention","NO","SF",0.0193,-0.022,0.8065,0.8387,0.6452,"off:PREDICTIVE|def:WEAKLY_PREDICTIVE","MEDIUM","MODELED"
2026,2,"explosive_pass_vs_explosive_prevention","NO","TB",0.0193,0.0189,0.8065,0.2581,0.0645,"off:PREDICTIVE|def:WEAKLY_PREDICTIVE","MEDIUM","MODELED"
2026,2,"explosive_pass_vs_explosive_prevention","NO","TEN",0.0193,0.0272,0.8065,0.129,-0.0645,"off:PREDICTIVE|def:WEAKLY_PREDICTIVE","MEDIUM","MODELED"
2026,2,"explosive_pass_vs_explosive_prevention","NO","WAS",0.0193,0.0295,0.8065,0.0645,-0.129,"off:PREDICTIVE|def:WEAKLY_PREDICTIVE","MEDIUM","MODELED"
2026,2,"explosive_pass_vs_explosive_prevention","NYG","ARI",0.0187,-0.0071,0.7742,0.5484,0.3226,"off:PREDICTIVE|def:WEAKLY_PREDICTIVE","MEDIUM","MODELED"
2026,2,"explosive_pass_vs_explosive_prevention","NYG","ATL",0.0187,-0.007,0.7742,0.5161,0.2903,"off:PREDICTIVE|def:WEAKLY_PREDICTIVE","MEDIUM","MODELED"
2026,2,"explosive_pass_vs_explosive_prevention","NYG","BAL",0.0187,-0.0228,0.7742,0.871,0.6452,"off:PREDICTIVE|def:WEAKLY_PREDICTIVE","MEDIUM","MODELED"
2026,2,"explosive_pass_vs_explosive_prevention","NYG","BUF",0.0187,0.0176,0.7742,0.2903,0.0645,"off:PREDICTIVE|def:WEAKLY_PREDICTIVE","MEDIUM","MODELED"
2026,2,"explosive_pass_vs_explosive_prevention","NYG","CAR",0.0187,-0.0074,0.7742,0.5806,0.3548,"off:PREDICTIVE|def:WEAKLY_PREDICTIVE","MEDIUM","MODELED"
2026,2,"explosive_pass_vs_explosive_prevention","NYG","CHI",0.0187,0.0148,0.7742,0.3226,0.0968,"off:PREDICTIVE|def:WEAKLY_PREDICTIVE","MEDIUM","MODELED"
2026,2,"explosive_pass_vs_explosive_prevention","NYG","CIN",0.0187,0.012,0.7742,0.3871,0.1613,"off:PREDICTIVE|def:WEAKLY_PREDICTIVE","MEDIUM","MODELED"
2026,2,"explosive_pass_vs_explosive_prevention","NYG","CLE",0.0187,0.0025,0.7742,0.4516,0.2258,"off:PREDICTIVE|def:WEAKLY_PREDICTIVE","MEDIUM","MODELED"
2026,2,"explosive_pass_vs_explosive_prevention","NYG","DAL",0.0187,-0.0062,0.7742,0.4839,0.2581,"off:PREDICTIVE|def:WEAKLY_PREDICTIVE","MEDIUM","MODELED"
2026,2,"explosive_pass_vs_explosive_prevention","NYG","DEN",0.0187,-0.014,0.7742,0.6452,0.4194,"off:PREDICTIVE|def:WEAKLY_PREDICTIVE","MEDIUM","MODELED"
2026,2,"explosive_pass_vs_explosive_prevention","NYG","DET",0.0187,-0.0176,0.7742,0.7097,0.4839,"off:PREDICTIVE|def:WEAKLY_PREDICTIVE","MEDIUM","MODELED"
2026,2,"explosive_pass_vs_explosive_prevention","NYG","GB",0.0187,-0.0122,0.7742,0.6129,0.3871,"off:PREDICTIVE|def:WEAKLY_PREDICTIVE","MEDIUM","MODELED"
2026,2,"explosive_pass_vs_explosive_prevention","NYG","HOU",0.0187,0.0204,0.7742,0.2258,0,"off:PREDICTIVE|def:WEAKLY_PREDICTIVE","MEDIUM","MODELED"
2026,2,"explosive_pass_vs_explosive_prevention","NYG","IND",0.0187,0.0277,0.7742,0.0968,-0.129,"off:PREDICTIVE|def:WEAKLY_PREDICTIVE","MEDIUM","MODELED"
2026,2,"explosive_pass_vs_explosive_prevention","NYG","JAX",0.0187,0.0272,0.7742,0.1935,-0.0323,"off:PREDICTIVE|def:WEAKLY_PREDICTIVE","MEDIUM","MODELED"
2026,2,"explosive_pass_vs_explosive_prevention","NYG","KC",0.0187,-0.0267,0.7742,0.9032,0.6774,"off:PREDICTIVE|def:WEAKLY_PREDICTIVE","MEDIUM","MODELED"
2026,2,"explosive_pass_vs_explosive_prevention","NYG","LAC",0.0187,0.0418,0.7742,0,-0.2258,"off:PREDICTIVE|def:WEAKLY_PREDICTIVE","MEDIUM","MODELED"
2026,2,"explosive_pass_vs_explosive_prevention","NYG","LAR",0.0187,-0.0369,0.7742,0.9677,0.7419,"off:PREDICTIVE|def:WEAKLY_PREDICTIVE","MEDIUM","MODELED"
2026,2,"explosive_pass_vs_explosive_prevention","NYG","LV",0.0187,-0.0157,0.7742,0.6774,0.4516,"off:PREDICTIVE|def:WEAKLY_PREDICTIVE","MEDIUM","MODELED"
2026,2,"explosive_pass_vs_explosive_prevention","NYG","MIA",0.0187,0.0352,0.7742,0.0323,-0.1935,"off:PREDICTIVE|def:WEAKLY_PREDICTIVE","MEDIUM","MODELED"
2026,2,"explosive_pass_vs_explosive_prevention","NYG","MIN",0.0187,-0.0293,0.7742,0.9355,0.7097,"off:PREDICTIVE|def:WEAKLY_PREDICTIVE","MEDIUM","MODELED"
2026,2,"explosive_pass_vs_explosive_prevention","NYG","NE",0.0187,-0.0182,0.7742,0.7419,0.5161,"off:PREDICTIVE|def:WEAKLY_PREDICTIVE","MEDIUM","MODELED"
2026,2,"explosive_pass_vs_explosive_prevention","NYG","NO",0.0187,-0.0198,0.7742,0.7742,0.5484,"off:PREDICTIVE|def:WEAKLY_PREDICTIVE","MEDIUM","MODELED"
2026,2,"explosive_pass_vs_explosive_prevention","NYG","NYJ",0.0187,-0.049,0.7742,1,0.7742,"off:PREDICTIVE|def:WEAKLY_PREDICTIVE","MEDIUM","MODELED"
2026,2,"explosive_pass_vs_explosive_prevention","NYG","PHI",0.0187,-0.0205,0.7742,0.8065,0.5806,"off:PREDICTIVE|def:WEAKLY_PREDICTIVE","MEDIUM","MODELED"
2026,2,"explosive_pass_vs_explosive_prevention","NYG","PIT",0.0187,0.0272,0.7742,0.1613,-0.0645,"off:PREDICTIVE|def:WEAKLY_PREDICTIVE","MEDIUM","MODELED"
2026,2,"explosive_pass_vs_explosive_prevention","NYG","SEA",0.0187,0.0047,0.7742,0.4194,0.1935,"off:PREDICTIVE|def:WEAKLY_PREDICTIVE","MEDIUM","MODELED"
2026,2,"explosive_pass_vs_explosive_prevention","NYG","SF",0.0187,-0.022,0.7742,0.8387,0.6129,"off:PREDICTIVE|def:WEAKLY_PREDICTIVE","MEDIUM","MODELED"
2026,2,"explosive_pass_vs_explosive_prevention","NYG","TB",0.0187,0.0189,0.7742,0.2581,0.0323,"off:PREDICTIVE|def:WEAKLY_PREDICTIVE","MEDIUM","MODELED"
2026,2,"explosive_pass_vs_explosive_prevention","NYG","TEN",0.0187,0.0272,0.7742,0.129,-0.0968,"off:PREDICTIVE|def:WEAKLY_PREDICTIVE","MEDIUM","MODELED"
2026,2,"explosive_pass_vs_explosive_prevention","NYG","WAS",0.0187,0.0295,0.7742,0.0645,-0.1613,"off:PREDICTIVE|def:WEAKLY_PREDICTIVE","MEDIUM","MODELED"
2026,2,"explosive_pass_vs_explosive_prevention","NYJ","ARI",-0.0174,-0.0071,0.2258,0.5484,-0.2258,"off:PREDICTIVE|def:WEAKLY_PREDICTIVE","MEDIUM","MODELED"
2026,2,"explosive_pass_vs_explosive_prevention","NYJ","ATL",-0.0174,-0.007,0.2258,0.5161,-0.2581,"off:PREDICTIVE|def:WEAKLY_PREDICTIVE","MEDIUM","MODELED"
2026,2,"explosive_pass_vs_explosive_prevention","NYJ","BAL",-0.0174,-0.0228,0.2258,0.871,0.0968,"off:PREDICTIVE|def:WEAKLY_PREDICTIVE","MEDIUM","MODELED"
2026,2,"explosive_pass_vs_explosive_prevention","NYJ","BUF",-0.0174,0.0176,0.2258,0.2903,-0.4839,"off:PREDICTIVE|def:WEAKLY_PREDICTIVE","MEDIUM","MODELED"
2026,2,"explosive_pass_vs_explosive_prevention","NYJ","CAR",-0.0174,-0.0074,0.2258,0.5806,-0.1935,"off:PREDICTIVE|def:WEAKLY_PREDICTIVE","MEDIUM","MODELED"
2026,2,"explosive_pass_vs_explosive_prevention","NYJ","CHI",-0.0174,0.0148,0.2258,0.3226,-0.4516,"off:PREDICTIVE|def:WEAKLY_PREDICTIVE","MEDIUM","MODELED"
2026,2,"explosive_pass_vs_explosive_prevention","NYJ","CIN",-0.0174,0.012,0.2258,0.3871,-0.3871,"off:PREDICTIVE|def:WEAKLY_PREDICTIVE","MEDIUM","MODELED"
2026,2,"explosive_pass_vs_explosive_prevention","NYJ","CLE",-0.0174,0.0025,0.2258,0.4516,-0.3226,"off:PREDICTIVE|def:WEAKLY_PREDICTIVE","MEDIUM","MODELED"
2026,2,"explosive_pass_vs_explosive_prevention","NYJ","DAL",-0.0174,-0.0062,0.2258,0.4839,-0.2903,"off:PREDICTIVE|def:WEAKLY_PREDICTIVE","MEDIUM","MODELED"
2026,2,"explosive_pass_vs_explosive_prevention","NYJ","DEN",-0.0174,-0.014,0.2258,0.6452,-0.129,"off:PREDICTIVE|def:WEAKLY_PREDICTIVE","MEDIUM","MODELED"
2026,2,"explosive_pass_vs_explosive_prevention","NYJ","DET",-0.0174,-0.0176,0.2258,0.7097,-0.0645,"off:PREDICTIVE|def:WEAKLY_PREDICTIVE","MEDIUM","MODELED"
2026,2,"explosive_pass_vs_explosive_prevention","NYJ","GB",-0.0174,-0.0122,0.2258,0.6129,-0.1613,"off:PREDICTIVE|def:WEAKLY_PREDICTIVE","MEDIUM","MODELED"
2026,2,"explosive_pass_vs_explosive_prevention","NYJ","HOU",-0.0174,0.0204,0.2258,0.2258,-0.5484,"off:PREDICTIVE|def:WEAKLY_PREDICTIVE","MEDIUM","MODELED"
2026,2,"explosive_pass_vs_explosive_prevention","NYJ","IND",-0.0174,0.0277,0.2258,0.0968,-0.6774,"off:PREDICTIVE|def:WEAKLY_PREDICTIVE","MEDIUM","MODELED"
2026,2,"explosive_pass_vs_explosive_prevention","NYJ","JAX",-0.0174,0.0272,0.2258,0.1935,-0.5806,"off:PREDICTIVE|def:WEAKLY_PREDICTIVE","MEDIUM","MODELED"
2026,2,"explosive_pass_vs_explosive_prevention","NYJ","KC",-0.0174,-0.0267,0.2258,0.9032,0.129,"off:PREDICTIVE|def:WEAKLY_PREDICTIVE","MEDIUM","MODELED"
2026,2,"explosive_pass_vs_explosive_prevention","NYJ","LAC",-0.0174,0.0418,0.2258,0,-0.7742,"off:PREDICTIVE|def:WEAKLY_PREDICTIVE","MEDIUM","MODELED"
2026,2,"explosive_pass_vs_explosive_prevention","NYJ","LAR",-0.0174,-0.0369,0.2258,0.9677,0.1935,"off:PREDICTIVE|def:WEAKLY_PREDICTIVE","MEDIUM","MODELED"
2026,2,"explosive_pass_vs_explosive_prevention","NYJ","LV",-0.0174,-0.0157,0.2258,0.6774,-0.0968,"off:PREDICTIVE|def:WEAKLY_PREDICTIVE","MEDIUM","MODELED"
2026,2,"explosive_pass_vs_explosive_prevention","NYJ","MIA",-0.0174,0.0352,0.2258,0.0323,-0.7419,"off:PREDICTIVE|def:WEAKLY_PREDICTIVE","MEDIUM","MODELED"
2026,2,"explosive_pass_vs_explosive_prevention","NYJ","MIN",-0.0174,-0.0293,0.2258,0.9355,0.1613,"off:PREDICTIVE|def:WEAKLY_PREDICTIVE","MEDIUM","MODELED"
2026,2,"explosive_pass_vs_explosive_prevention","NYJ","NE",-0.0174,-0.0182,0.2258,0.7419,-0.0323,"off:PREDICTIVE|def:WEAKLY_PREDICTIVE","MEDIUM","MODELED"
2026,2,"explosive_pass_vs_explosive_prevention","NYJ","NO",-0.0174,-0.0198,0.2258,0.7742,0,"off:PREDICTIVE|def:WEAKLY_PREDICTIVE","MEDIUM","MODELED"
2026,2,"explosive_pass_vs_explosive_prevention","NYJ","NYG",-0.0174,0.0144,0.2258,0.3548,-0.4194,"off:PREDICTIVE|def:WEAKLY_PREDICTIVE","MEDIUM","MODELED"
2026,2,"explosive_pass_vs_explosive_prevention","NYJ","PHI",-0.0174,-0.0205,0.2258,0.8065,0.0323,"off:PREDICTIVE|def:WEAKLY_PREDICTIVE","MEDIUM","MODELED"
2026,2,"explosive_pass_vs_explosive_prevention","NYJ","PIT",-0.0174,0.0272,0.2258,0.1613,-0.6129,"off:PREDICTIVE|def:WEAKLY_PREDICTIVE","MEDIUM","MODELED"
2026,2,"explosive_pass_vs_explosive_prevention","NYJ","SEA",-0.0174,0.0047,0.2258,0.4194,-0.3548,"off:PREDICTIVE|def:WEAKLY_PREDICTIVE","MEDIUM","MODELED"
2026,2,"explosive_pass_vs_explosive_prevention","NYJ","SF",-0.0174,-0.022,0.2258,0.8387,0.0645,"off:PREDICTIVE|def:WEAKLY_PREDICTIVE","MEDIUM","MODELED"
2026,2,"explosive_pass_vs_explosive_prevention","NYJ","TB",-0.0174,0.0189,0.2258,0.2581,-0.5161,"off:PREDICTIVE|def:WEAKLY_PREDICTIVE","MEDIUM","MODELED"
2026,2,"explosive_pass_vs_explosive_prevention","NYJ","TEN",-0.0174,0.0272,0.2258,0.129,-0.6452,"off:PREDICTIVE|def:WEAKLY_PREDICTIVE","MEDIUM","MODELED"
2026,2,"explosive_pass_vs_explosive_prevention","NYJ","WAS",-0.0174,0.0295,0.2258,0.0645,-0.7097,"off:PREDICTIVE|def:WEAKLY_PREDICTIVE","MEDIUM","MODELED"
2026,2,"explosive_pass_vs_explosive_prevention","PHI","ARI",-0.018,-0.0071,0.1935,0.5484,-0.2581,"off:PREDICTIVE|def:WEAKLY_PREDICTIVE","MEDIUM","MODELED"
2026,2,"explosive_pass_vs_explosive_prevention","PHI","ATL",-0.018,-0.007,0.1935,0.5161,-0.2903,"off:PREDICTIVE|def:WEAKLY_PREDICTIVE","MEDIUM","MODELED"
2026,2,"explosive_pass_vs_explosive_prevention","PHI","BAL",-0.018,-0.0228,0.1935,0.871,0.0645,"off:PREDICTIVE|def:WEAKLY_PREDICTIVE","MEDIUM","MODELED"
2026,2,"explosive_pass_vs_explosive_prevention","PHI","BUF",-0.018,0.0176,0.1935,0.2903,-0.5161,"off:PREDICTIVE|def:WEAKLY_PREDICTIVE","MEDIUM","MODELED"
2026,2,"explosive_pass_vs_explosive_prevention","PHI","CAR",-0.018,-0.0074,0.1935,0.5806,-0.2258,"off:PREDICTIVE|def:WEAKLY_PREDICTIVE","MEDIUM","MODELED"
2026,2,"explosive_pass_vs_explosive_prevention","PHI","CHI",-0.018,0.0148,0.1935,0.3226,-0.4839,"off:PREDICTIVE|def:WEAKLY_PREDICTIVE","MEDIUM","MODELED"
2026,2,"explosive_pass_vs_explosive_prevention","PHI","CIN",-0.018,0.012,0.1935,0.3871,-0.4194,"off:PREDICTIVE|def:WEAKLY_PREDICTIVE","MEDIUM","MODELED"
2026,2,"explosive_pass_vs_explosive_prevention","PHI","CLE",-0.018,0.0025,0.1935,0.4516,-0.3548,"off:PREDICTIVE|def:WEAKLY_PREDICTIVE","MEDIUM","MODELED"
2026,2,"explosive_pass_vs_explosive_prevention","PHI","DAL",-0.018,-0.0062,0.1935,0.4839,-0.3226,"off:PREDICTIVE|def:WEAKLY_PREDICTIVE","MEDIUM","MODELED"
2026,2,"explosive_pass_vs_explosive_prevention","PHI","DEN",-0.018,-0.014,0.1935,0.6452,-0.1613,"off:PREDICTIVE|def:WEAKLY_PREDICTIVE","MEDIUM","MODELED"
2026,2,"explosive_pass_vs_explosive_prevention","PHI","DET",-0.018,-0.0176,0.1935,0.7097,-0.0968,"off:PREDICTIVE|def:WEAKLY_PREDICTIVE","MEDIUM","MODELED"
2026,2,"explosive_pass_vs_explosive_prevention","PHI","GB",-0.018,-0.0122,0.1935,0.6129,-0.1935,"off:PREDICTIVE|def:WEAKLY_PREDICTIVE","MEDIUM","MODELED"
2026,2,"explosive_pass_vs_explosive_prevention","PHI","HOU",-0.018,0.0204,0.1935,0.2258,-0.5806,"off:PREDICTIVE|def:WEAKLY_PREDICTIVE","MEDIUM","MODELED"
2026,2,"explosive_pass_vs_explosive_prevention","PHI","IND",-0.018,0.0277,0.1935,0.0968,-0.7097,"off:PREDICTIVE|def:WEAKLY_PREDICTIVE","MEDIUM","MODELED"
2026,2,"explosive_pass_vs_explosive_prevention","PHI","JAX",-0.018,0.0272,0.1935,0.1935,-0.6129,"off:PREDICTIVE|def:WEAKLY_PREDICTIVE","MEDIUM","MODELED"
2026,2,"explosive_pass_vs_explosive_prevention","PHI","KC",-0.018,-0.0267,0.1935,0.9032,0.0968,"off:PREDICTIVE|def:WEAKLY_PREDICTIVE","MEDIUM","MODELED"
2026,2,"explosive_pass_vs_explosive_prevention","PHI","LAC",-0.018,0.0418,0.1935,0,-0.8065,"off:PREDICTIVE|def:WEAKLY_PREDICTIVE","MEDIUM","MODELED"
2026,2,"explosive_pass_vs_explosive_prevention","PHI","LAR",-0.018,-0.0369,0.1935,0.9677,0.1613,"off:PREDICTIVE|def:WEAKLY_PREDICTIVE","MEDIUM","MODELED"
2026,2,"explosive_pass_vs_explosive_prevention","PHI","LV",-0.018,-0.0157,0.1935,0.6774,-0.129,"off:PREDICTIVE|def:WEAKLY_PREDICTIVE","MEDIUM","MODELED"
2026,2,"explosive_pass_vs_explosive_prevention","PHI","MIA",-0.018,0.0352,0.1935,0.0323,-0.7742,"off:PREDICTIVE|def:WEAKLY_PREDICTIVE","MEDIUM","MODELED"
2026,2,"explosive_pass_vs_explosive_prevention","PHI","MIN",-0.018,-0.0293,0.1935,0.9355,0.129,"off:PREDICTIVE|def:WEAKLY_PREDICTIVE","MEDIUM","MODELED"
2026,2,"explosive_pass_vs_explosive_prevention","PHI","NE",-0.018,-0.0182,0.1935,0.7419,-0.0645,"off:PREDICTIVE|def:WEAKLY_PREDICTIVE","MEDIUM","MODELED"
2026,2,"explosive_pass_vs_explosive_prevention","PHI","NO",-0.018,-0.0198,0.1935,0.7742,-0.0323,"off:PREDICTIVE|def:WEAKLY_PREDICTIVE","MEDIUM","MODELED"
2026,2,"explosive_pass_vs_explosive_prevention","PHI","NYG",-0.018,0.0144,0.1935,0.3548,-0.4516,"off:PREDICTIVE|def:WEAKLY_PREDICTIVE","MEDIUM","MODELED"
2026,2,"explosive_pass_vs_explosive_prevention","PHI","NYJ",-0.018,-0.049,0.1935,1,0.1935,"off:PREDICTIVE|def:WEAKLY_PREDICTIVE","MEDIUM","MODELED"
2026,2,"explosive_pass_vs_explosive_prevention","PHI","PIT",-0.018,0.0272,0.1935,0.1613,-0.6452,"off:PREDICTIVE|def:WEAKLY_PREDICTIVE","MEDIUM","MODELED"
2026,2,"explosive_pass_vs_explosive_prevention","PHI","SEA",-0.018,0.0047,0.1935,0.4194,-0.3871,"off:PREDICTIVE|def:WEAKLY_PREDICTIVE","MEDIUM","MODELED"
2026,2,"explosive_pass_vs_explosive_prevention","PHI","SF",-0.018,-0.022,0.1935,0.8387,0.0323,"off:PREDICTIVE|def:WEAKLY_PREDICTIVE","MEDIUM","MODELED"
2026,2,"explosive_pass_vs_explosive_prevention","PHI","TB",-0.018,0.0189,0.1935,0.2581,-0.5484,"off:PREDICTIVE|def:WEAKLY_PREDICTIVE","MEDIUM","MODELED"
2026,2,"explosive_pass_vs_explosive_prevention","PHI","TEN",-0.018,0.0272,0.1935,0.129,-0.6774,"off:PREDICTIVE|def:WEAKLY_PREDICTIVE","MEDIUM","MODELED"
2026,2,"explosive_pass_vs_explosive_prevention","PHI","WAS",-0.018,0.0295,0.1935,0.0645,-0.7419,"off:PREDICTIVE|def:WEAKLY_PREDICTIVE","MEDIUM","MODELED"
2026,2,"explosive_pass_vs_explosive_prevention","PIT","ARI",-6e-04,-0.0071,0.4194,0.5484,-0.0323,"off:PREDICTIVE|def:WEAKLY_PREDICTIVE","MEDIUM","MODELED"
2026,2,"explosive_pass_vs_explosive_prevention","PIT","ATL",-6e-04,-0.007,0.4194,0.5161,-0.0645,"off:PREDICTIVE|def:WEAKLY_PREDICTIVE","MEDIUM","MODELED"
2026,2,"explosive_pass_vs_explosive_prevention","PIT","BAL",-6e-04,-0.0228,0.4194,0.871,0.2903,"off:PREDICTIVE|def:WEAKLY_PREDICTIVE","MEDIUM","MODELED"
2026,2,"explosive_pass_vs_explosive_prevention","PIT","BUF",-6e-04,0.0176,0.4194,0.2903,-0.2903,"off:PREDICTIVE|def:WEAKLY_PREDICTIVE","MEDIUM","MODELED"
2026,2,"explosive_pass_vs_explosive_prevention","PIT","CAR",-6e-04,-0.0074,0.4194,0.5806,0,"off:PREDICTIVE|def:WEAKLY_PREDICTIVE","MEDIUM","MODELED"
2026,2,"explosive_pass_vs_explosive_prevention","PIT","CHI",-6e-04,0.0148,0.4194,0.3226,-0.2581,"off:PREDICTIVE|def:WEAKLY_PREDICTIVE","MEDIUM","MODELED"
2026,2,"explosive_pass_vs_explosive_prevention","PIT","CIN",-6e-04,0.012,0.4194,0.3871,-0.1935,"off:PREDICTIVE|def:WEAKLY_PREDICTIVE","MEDIUM","MODELED"
2026,2,"explosive_pass_vs_explosive_prevention","PIT","CLE",-6e-04,0.0025,0.4194,0.4516,-0.129,"off:PREDICTIVE|def:WEAKLY_PREDICTIVE","MEDIUM","MODELED"
2026,2,"explosive_pass_vs_explosive_prevention","PIT","DAL",-6e-04,-0.0062,0.4194,0.4839,-0.0968,"off:PREDICTIVE|def:WEAKLY_PREDICTIVE","MEDIUM","MODELED"
2026,2,"explosive_pass_vs_explosive_prevention","PIT","DEN",-6e-04,-0.014,0.4194,0.6452,0.0645,"off:PREDICTIVE|def:WEAKLY_PREDICTIVE","MEDIUM","MODELED"
2026,2,"explosive_pass_vs_explosive_prevention","PIT","DET",-6e-04,-0.0176,0.4194,0.7097,0.129,"off:PREDICTIVE|def:WEAKLY_PREDICTIVE","MEDIUM","MODELED"
2026,2,"explosive_pass_vs_explosive_prevention","PIT","GB",-6e-04,-0.0122,0.4194,0.6129,0.0323,"off:PREDICTIVE|def:WEAKLY_PREDICTIVE","MEDIUM","MODELED"
2026,2,"explosive_pass_vs_explosive_prevention","PIT","HOU",-6e-04,0.0204,0.4194,0.2258,-0.3548,"off:PREDICTIVE|def:WEAKLY_PREDICTIVE","MEDIUM","MODELED"
2026,2,"explosive_pass_vs_explosive_prevention","PIT","IND",-6e-04,0.0277,0.4194,0.0968,-0.4839,"off:PREDICTIVE|def:WEAKLY_PREDICTIVE","MEDIUM","MODELED"
2026,2,"explosive_pass_vs_explosive_prevention","PIT","JAX",-6e-04,0.0272,0.4194,0.1935,-0.3871,"off:PREDICTIVE|def:WEAKLY_PREDICTIVE","MEDIUM","MODELED"
2026,2,"explosive_pass_vs_explosive_prevention","PIT","KC",-6e-04,-0.0267,0.4194,0.9032,0.3226,"off:PREDICTIVE|def:WEAKLY_PREDICTIVE","MEDIUM","MODELED"
2026,2,"explosive_pass_vs_explosive_prevention","PIT","LAC",-6e-04,0.0418,0.4194,0,-0.5806,"off:PREDICTIVE|def:WEAKLY_PREDICTIVE","MEDIUM","MODELED"
2026,2,"explosive_pass_vs_explosive_prevention","PIT","LAR",-6e-04,-0.0369,0.4194,0.9677,0.3871,"off:PREDICTIVE|def:WEAKLY_PREDICTIVE","MEDIUM","MODELED"
2026,2,"explosive_pass_vs_explosive_prevention","PIT","LV",-6e-04,-0.0157,0.4194,0.6774,0.0968,"off:PREDICTIVE|def:WEAKLY_PREDICTIVE","MEDIUM","MODELED"
2026,2,"explosive_pass_vs_explosive_prevention","PIT","MIA",-6e-04,0.0352,0.4194,0.0323,-0.5484,"off:PREDICTIVE|def:WEAKLY_PREDICTIVE","MEDIUM","MODELED"
2026,2,"explosive_pass_vs_explosive_prevention","PIT","MIN",-6e-04,-0.0293,0.4194,0.9355,0.3548,"off:PREDICTIVE|def:WEAKLY_PREDICTIVE","MEDIUM","MODELED"
2026,2,"explosive_pass_vs_explosive_prevention","PIT","NE",-6e-04,-0.0182,0.4194,0.7419,0.1613,"off:PREDICTIVE|def:WEAKLY_PREDICTIVE","MEDIUM","MODELED"
2026,2,"explosive_pass_vs_explosive_prevention","PIT","NO",-6e-04,-0.0198,0.4194,0.7742,0.1935,"off:PREDICTIVE|def:WEAKLY_PREDICTIVE","MEDIUM","MODELED"
2026,2,"explosive_pass_vs_explosive_prevention","PIT","NYG",-6e-04,0.0144,0.4194,0.3548,-0.2258,"off:PREDICTIVE|def:WEAKLY_PREDICTIVE","MEDIUM","MODELED"
2026,2,"explosive_pass_vs_explosive_prevention","PIT","NYJ",-6e-04,-0.049,0.4194,1,0.4194,"off:PREDICTIVE|def:WEAKLY_PREDICTIVE","MEDIUM","MODELED"
2026,2,"explosive_pass_vs_explosive_prevention","PIT","PHI",-6e-04,-0.0205,0.4194,0.8065,0.2258,"off:PREDICTIVE|def:WEAKLY_PREDICTIVE","MEDIUM","MODELED"
2026,2,"explosive_pass_vs_explosive_prevention","PIT","SEA",-6e-04,0.0047,0.4194,0.4194,-0.1613,"off:PREDICTIVE|def:WEAKLY_PREDICTIVE","MEDIUM","MODELED"
2026,2,"explosive_pass_vs_explosive_prevention","PIT","SF",-6e-04,-0.022,0.4194,0.8387,0.2581,"off:PREDICTIVE|def:WEAKLY_PREDICTIVE","MEDIUM","MODELED"
2026,2,"explosive_pass_vs_explosive_prevention","PIT","TB",-6e-04,0.0189,0.4194,0.2581,-0.3226,"off:PREDICTIVE|def:WEAKLY_PREDICTIVE","MEDIUM","MODELED"
2026,2,"explosive_pass_vs_explosive_prevention","PIT","TEN",-6e-04,0.0272,0.4194,0.129,-0.4516,"off:PREDICTIVE|def:WEAKLY_PREDICTIVE","MEDIUM","MODELED"
2026,2,"explosive_pass_vs_explosive_prevention","PIT","WAS",-6e-04,0.0295,0.4194,0.0645,-0.5161,"off:PREDICTIVE|def:WEAKLY_PREDICTIVE","MEDIUM","MODELED"
2026,2,"explosive_pass_vs_explosive_prevention","SEA","ARI",0.0166,-0.0071,0.7419,0.5484,0.2903,"off:PREDICTIVE|def:WEAKLY_PREDICTIVE","MEDIUM","MODELED"
2026,2,"explosive_pass_vs_explosive_prevention","SEA","ATL",0.0166,-0.007,0.7419,0.5161,0.2581,"off:PREDICTIVE|def:WEAKLY_PREDICTIVE","MEDIUM","MODELED"
2026,2,"explosive_pass_vs_explosive_prevention","SEA","BAL",0.0166,-0.0228,0.7419,0.871,0.6129,"off:PREDICTIVE|def:WEAKLY_PREDICTIVE","MEDIUM","MODELED"
2026,2,"explosive_pass_vs_explosive_prevention","SEA","BUF",0.0166,0.0176,0.7419,0.2903,0.0323,"off:PREDICTIVE|def:WEAKLY_PREDICTIVE","MEDIUM","MODELED"
2026,2,"explosive_pass_vs_explosive_prevention","SEA","CAR",0.0166,-0.0074,0.7419,0.5806,0.3226,"off:PREDICTIVE|def:WEAKLY_PREDICTIVE","MEDIUM","MODELED"
2026,2,"explosive_pass_vs_explosive_prevention","SEA","CHI",0.0166,0.0148,0.7419,0.3226,0.0645,"off:PREDICTIVE|def:WEAKLY_PREDICTIVE","MEDIUM","MODELED"
2026,2,"explosive_pass_vs_explosive_prevention","SEA","CIN",0.0166,0.012,0.7419,0.3871,0.129,"off:PREDICTIVE|def:WEAKLY_PREDICTIVE","MEDIUM","MODELED"
2026,2,"explosive_pass_vs_explosive_prevention","SEA","CLE",0.0166,0.0025,0.7419,0.4516,0.1935,"off:PREDICTIVE|def:WEAKLY_PREDICTIVE","MEDIUM","MODELED"
2026,2,"explosive_pass_vs_explosive_prevention","SEA","DAL",0.0166,-0.0062,0.7419,0.4839,0.2258,"off:PREDICTIVE|def:WEAKLY_PREDICTIVE","MEDIUM","MODELED"
2026,2,"explosive_pass_vs_explosive_prevention","SEA","DEN",0.0166,-0.014,0.7419,0.6452,0.3871,"off:PREDICTIVE|def:WEAKLY_PREDICTIVE","MEDIUM","MODELED"
2026,2,"explosive_pass_vs_explosive_prevention","SEA","DET",0.0166,-0.0176,0.7419,0.7097,0.4516,"off:PREDICTIVE|def:WEAKLY_PREDICTIVE","MEDIUM","MODELED"
2026,2,"explosive_pass_vs_explosive_prevention","SEA","GB",0.0166,-0.0122,0.7419,0.6129,0.3548,"off:PREDICTIVE|def:WEAKLY_PREDICTIVE","MEDIUM","MODELED"
2026,2,"explosive_pass_vs_explosive_prevention","SEA","HOU",0.0166,0.0204,0.7419,0.2258,-0.0323,"off:PREDICTIVE|def:WEAKLY_PREDICTIVE","MEDIUM","MODELED"
2026,2,"explosive_pass_vs_explosive_prevention","SEA","IND",0.0166,0.0277,0.7419,0.0968,-0.1613,"off:PREDICTIVE|def:WEAKLY_PREDICTIVE","MEDIUM","MODELED"
2026,2,"explosive_pass_vs_explosive_prevention","SEA","JAX",0.0166,0.0272,0.7419,0.1935,-0.0645,"off:PREDICTIVE|def:WEAKLY_PREDICTIVE","MEDIUM","MODELED"
2026,2,"explosive_pass_vs_explosive_prevention","SEA","KC",0.0166,-0.0267,0.7419,0.9032,0.6452,"off:PREDICTIVE|def:WEAKLY_PREDICTIVE","MEDIUM","MODELED"
2026,2,"explosive_pass_vs_explosive_prevention","SEA","LAC",0.0166,0.0418,0.7419,0,-0.2581,"off:PREDICTIVE|def:WEAKLY_PREDICTIVE","MEDIUM","MODELED"
2026,2,"explosive_pass_vs_explosive_prevention","SEA","LAR",0.0166,-0.0369,0.7419,0.9677,0.7097,"off:PREDICTIVE|def:WEAKLY_PREDICTIVE","MEDIUM","MODELED"
2026,2,"explosive_pass_vs_explosive_prevention","SEA","LV",0.0166,-0.0157,0.7419,0.6774,0.4194,"off:PREDICTIVE|def:WEAKLY_PREDICTIVE","MEDIUM","MODELED"
2026,2,"explosive_pass_vs_explosive_prevention","SEA","MIA",0.0166,0.0352,0.7419,0.0323,-0.2258,"off:PREDICTIVE|def:WEAKLY_PREDICTIVE","MEDIUM","MODELED"
2026,2,"explosive_pass_vs_explosive_prevention","SEA","MIN",0.0166,-0.0293,0.7419,0.9355,0.6774,"off:PREDICTIVE|def:WEAKLY_PREDICTIVE","MEDIUM","MODELED"
2026,2,"explosive_pass_vs_explosive_prevention","SEA","NE",0.0166,-0.0182,0.7419,0.7419,0.4839,"off:PREDICTIVE|def:WEAKLY_PREDICTIVE","MEDIUM","MODELED"
2026,2,"explosive_pass_vs_explosive_prevention","SEA","NO",0.0166,-0.0198,0.7419,0.7742,0.5161,"off:PREDICTIVE|def:WEAKLY_PREDICTIVE","MEDIUM","MODELED"
2026,2,"explosive_pass_vs_explosive_prevention","SEA","NYG",0.0166,0.0144,0.7419,0.3548,0.0968,"off:PREDICTIVE|def:WEAKLY_PREDICTIVE","MEDIUM","MODELED"
2026,2,"explosive_pass_vs_explosive_prevention","SEA","NYJ",0.0166,-0.049,0.7419,1,0.7419,"off:PREDICTIVE|def:WEAKLY_PREDICTIVE","MEDIUM","MODELED"
2026,2,"explosive_pass_vs_explosive_prevention","SEA","PHI",0.0166,-0.0205,0.7419,0.8065,0.5484,"off:PREDICTIVE|def:WEAKLY_PREDICTIVE","MEDIUM","MODELED"
2026,2,"explosive_pass_vs_explosive_prevention","SEA","PIT",0.0166,0.0272,0.7419,0.1613,-0.0968,"off:PREDICTIVE|def:WEAKLY_PREDICTIVE","MEDIUM","MODELED"
2026,2,"explosive_pass_vs_explosive_prevention","SEA","SF",0.0166,-0.022,0.7419,0.8387,0.5806,"off:PREDICTIVE|def:WEAKLY_PREDICTIVE","MEDIUM","MODELED"
2026,2,"explosive_pass_vs_explosive_prevention","SEA","TB",0.0166,0.0189,0.7419,0.2581,0,"off:PREDICTIVE|def:WEAKLY_PREDICTIVE","MEDIUM","MODELED"
2026,2,"explosive_pass_vs_explosive_prevention","SEA","TEN",0.0166,0.0272,0.7419,0.129,-0.129,"off:PREDICTIVE|def:WEAKLY_PREDICTIVE","MEDIUM","MODELED"
2026,2,"explosive_pass_vs_explosive_prevention","SEA","WAS",0.0166,0.0295,0.7419,0.0645,-0.1935,"off:PREDICTIVE|def:WEAKLY_PREDICTIVE","MEDIUM","MODELED"
2026,2,"explosive_pass_vs_explosive_prevention","SF","ARI",0.0273,-0.0071,0.9355,0.5484,0.4839,"off:PREDICTIVE|def:WEAKLY_PREDICTIVE","MEDIUM","MODELED"
2026,2,"explosive_pass_vs_explosive_prevention","SF","ATL",0.0273,-0.007,0.9355,0.5161,0.4516,"off:PREDICTIVE|def:WEAKLY_PREDICTIVE","MEDIUM","MODELED"
2026,2,"explosive_pass_vs_explosive_prevention","SF","BAL",0.0273,-0.0228,0.9355,0.871,0.8065,"off:PREDICTIVE|def:WEAKLY_PREDICTIVE","MEDIUM","MODELED"
2026,2,"explosive_pass_vs_explosive_prevention","SF","BUF",0.0273,0.0176,0.9355,0.2903,0.2258,"off:PREDICTIVE|def:WEAKLY_PREDICTIVE","MEDIUM","MODELED"
2026,2,"explosive_pass_vs_explosive_prevention","SF","CAR",0.0273,-0.0074,0.9355,0.5806,0.5161,"off:PREDICTIVE|def:WEAKLY_PREDICTIVE","MEDIUM","MODELED"
2026,2,"explosive_pass_vs_explosive_prevention","SF","CHI",0.0273,0.0148,0.9355,0.3226,0.2581,"off:PREDICTIVE|def:WEAKLY_PREDICTIVE","MEDIUM","MODELED"
2026,2,"explosive_pass_vs_explosive_prevention","SF","CIN",0.0273,0.012,0.9355,0.3871,0.3226,"off:PREDICTIVE|def:WEAKLY_PREDICTIVE","MEDIUM","MODELED"
2026,2,"explosive_pass_vs_explosive_prevention","SF","CLE",0.0273,0.0025,0.9355,0.4516,0.3871,"off:PREDICTIVE|def:WEAKLY_PREDICTIVE","MEDIUM","MODELED"
2026,2,"explosive_pass_vs_explosive_prevention","SF","DAL",0.0273,-0.0062,0.9355,0.4839,0.4194,"off:PREDICTIVE|def:WEAKLY_PREDICTIVE","MEDIUM","MODELED"
2026,2,"explosive_pass_vs_explosive_prevention","SF","DEN",0.0273,-0.014,0.9355,0.6452,0.5806,"off:PREDICTIVE|def:WEAKLY_PREDICTIVE","MEDIUM","MODELED"
2026,2,"explosive_pass_vs_explosive_prevention","SF","DET",0.0273,-0.0176,0.9355,0.7097,0.6452,"off:PREDICTIVE|def:WEAKLY_PREDICTIVE","MEDIUM","MODELED"
2026,2,"explosive_pass_vs_explosive_prevention","SF","GB",0.0273,-0.0122,0.9355,0.6129,0.5484,"off:PREDICTIVE|def:WEAKLY_PREDICTIVE","MEDIUM","MODELED"
2026,2,"explosive_pass_vs_explosive_prevention","SF","HOU",0.0273,0.0204,0.9355,0.2258,0.1613,"off:PREDICTIVE|def:WEAKLY_PREDICTIVE","MEDIUM","MODELED"
2026,2,"explosive_pass_vs_explosive_prevention","SF","IND",0.0273,0.0277,0.9355,0.0968,0.0323,"off:PREDICTIVE|def:WEAKLY_PREDICTIVE","MEDIUM","MODELED"
2026,2,"explosive_pass_vs_explosive_prevention","SF","JAX",0.0273,0.0272,0.9355,0.1935,0.129,"off:PREDICTIVE|def:WEAKLY_PREDICTIVE","MEDIUM","MODELED"
2026,2,"explosive_pass_vs_explosive_prevention","SF","KC",0.0273,-0.0267,0.9355,0.9032,0.8387,"off:PREDICTIVE|def:WEAKLY_PREDICTIVE","MEDIUM","MODELED"
2026,2,"explosive_pass_vs_explosive_prevention","SF","LAC",0.0273,0.0418,0.9355,0,-0.0645,"off:PREDICTIVE|def:WEAKLY_PREDICTIVE","MEDIUM","MODELED"
2026,2,"explosive_pass_vs_explosive_prevention","SF","LAR",0.0273,-0.0369,0.9355,0.9677,0.9032,"off:PREDICTIVE|def:WEAKLY_PREDICTIVE","MEDIUM","MODELED"
2026,2,"explosive_pass_vs_explosive_prevention","SF","LV",0.0273,-0.0157,0.9355,0.6774,0.6129,"off:PREDICTIVE|def:WEAKLY_PREDICTIVE","MEDIUM","MODELED"
2026,2,"explosive_pass_vs_explosive_prevention","SF","MIA",0.0273,0.0352,0.9355,0.0323,-0.0323,"off:PREDICTIVE|def:WEAKLY_PREDICTIVE","MEDIUM","MODELED"
2026,2,"explosive_pass_vs_explosive_prevention","SF","MIN",0.0273,-0.0293,0.9355,0.9355,0.871,"off:PREDICTIVE|def:WEAKLY_PREDICTIVE","MEDIUM","MODELED"
2026,2,"explosive_pass_vs_explosive_prevention","SF","NE",0.0273,-0.0182,0.9355,0.7419,0.6774,"off:PREDICTIVE|def:WEAKLY_PREDICTIVE","MEDIUM","MODELED"
2026,2,"explosive_pass_vs_explosive_prevention","SF","NO",0.0273,-0.0198,0.9355,0.7742,0.7097,"off:PREDICTIVE|def:WEAKLY_PREDICTIVE","MEDIUM","MODELED"
2026,2,"explosive_pass_vs_explosive_prevention","SF","NYG",0.0273,0.0144,0.9355,0.3548,0.2903,"off:PREDICTIVE|def:WEAKLY_PREDICTIVE","MEDIUM","MODELED"
2026,2,"explosive_pass_vs_explosive_prevention","SF","NYJ",0.0273,-0.049,0.9355,1,0.9355,"off:PREDICTIVE|def:WEAKLY_PREDICTIVE","MEDIUM","MODELED"
2026,2,"explosive_pass_vs_explosive_prevention","SF","PHI",0.0273,-0.0205,0.9355,0.8065,0.7419,"off:PREDICTIVE|def:WEAKLY_PREDICTIVE","MEDIUM","MODELED"
2026,2,"explosive_pass_vs_explosive_prevention","SF","PIT",0.0273,0.0272,0.9355,0.1613,0.0968,"off:PREDICTIVE|def:WEAKLY_PREDICTIVE","MEDIUM","MODELED"
2026,2,"explosive_pass_vs_explosive_prevention","SF","SEA",0.0273,0.0047,0.9355,0.4194,0.3548,"off:PREDICTIVE|def:WEAKLY_PREDICTIVE","MEDIUM","MODELED"
2026,2,"explosive_pass_vs_explosive_prevention","SF","TB",0.0273,0.0189,0.9355,0.2581,0.1935,"off:PREDICTIVE|def:WEAKLY_PREDICTIVE","MEDIUM","MODELED"
2026,2,"explosive_pass_vs_explosive_prevention","SF","TEN",0.0273,0.0272,0.9355,0.129,0.0645,"off:PREDICTIVE|def:WEAKLY_PREDICTIVE","MEDIUM","MODELED"
2026,2,"explosive_pass_vs_explosive_prevention","SF","WAS",0.0273,0.0295,0.9355,0.0645,0,"off:PREDICTIVE|def:WEAKLY_PREDICTIVE","MEDIUM","MODELED"
2026,2,"explosive_pass_vs_explosive_prevention","TB","ARI",-0.0137,-0.0071,0.2581,0.5484,-0.1935,"off:PREDICTIVE|def:WEAKLY_PREDICTIVE","MEDIUM","MODELED"
2026,2,"explosive_pass_vs_explosive_prevention","TB","ATL",-0.0137,-0.007,0.2581,0.5161,-0.2258,"off:PREDICTIVE|def:WEAKLY_PREDICTIVE","MEDIUM","MODELED"
2026,2,"explosive_pass_vs_explosive_prevention","TB","BAL",-0.0137,-0.0228,0.2581,0.871,0.129,"off:PREDICTIVE|def:WEAKLY_PREDICTIVE","MEDIUM","MODELED"
2026,2,"explosive_pass_vs_explosive_prevention","TB","BUF",-0.0137,0.0176,0.2581,0.2903,-0.4516,"off:PREDICTIVE|def:WEAKLY_PREDICTIVE","MEDIUM","MODELED"
2026,2,"explosive_pass_vs_explosive_prevention","TB","CAR",-0.0137,-0.0074,0.2581,0.5806,-0.1613,"off:PREDICTIVE|def:WEAKLY_PREDICTIVE","MEDIUM","MODELED"
2026,2,"explosive_pass_vs_explosive_prevention","TB","CHI",-0.0137,0.0148,0.2581,0.3226,-0.4194,"off:PREDICTIVE|def:WEAKLY_PREDICTIVE","MEDIUM","MODELED"
2026,2,"explosive_pass_vs_explosive_prevention","TB","CIN",-0.0137,0.012,0.2581,0.3871,-0.3548,"off:PREDICTIVE|def:WEAKLY_PREDICTIVE","MEDIUM","MODELED"
2026,2,"explosive_pass_vs_explosive_prevention","TB","CLE",-0.0137,0.0025,0.2581,0.4516,-0.2903,"off:PREDICTIVE|def:WEAKLY_PREDICTIVE","MEDIUM","MODELED"
2026,2,"explosive_pass_vs_explosive_prevention","TB","DAL",-0.0137,-0.0062,0.2581,0.4839,-0.2581,"off:PREDICTIVE|def:WEAKLY_PREDICTIVE","MEDIUM","MODELED"
2026,2,"explosive_pass_vs_explosive_prevention","TB","DEN",-0.0137,-0.014,0.2581,0.6452,-0.0968,"off:PREDICTIVE|def:WEAKLY_PREDICTIVE","MEDIUM","MODELED"
2026,2,"explosive_pass_vs_explosive_prevention","TB","DET",-0.0137,-0.0176,0.2581,0.7097,-0.0323,"off:PREDICTIVE|def:WEAKLY_PREDICTIVE","MEDIUM","MODELED"
2026,2,"explosive_pass_vs_explosive_prevention","TB","GB",-0.0137,-0.0122,0.2581,0.6129,-0.129,"off:PREDICTIVE|def:WEAKLY_PREDICTIVE","MEDIUM","MODELED"
2026,2,"explosive_pass_vs_explosive_prevention","TB","HOU",-0.0137,0.0204,0.2581,0.2258,-0.5161,"off:PREDICTIVE|def:WEAKLY_PREDICTIVE","MEDIUM","MODELED"
2026,2,"explosive_pass_vs_explosive_prevention","TB","IND",-0.0137,0.0277,0.2581,0.0968,-0.6452,"off:PREDICTIVE|def:WEAKLY_PREDICTIVE","MEDIUM","MODELED"
2026,2,"explosive_pass_vs_explosive_prevention","TB","JAX",-0.0137,0.0272,0.2581,0.1935,-0.5484,"off:PREDICTIVE|def:WEAKLY_PREDICTIVE","MEDIUM","MODELED"
2026,2,"explosive_pass_vs_explosive_prevention","TB","KC",-0.0137,-0.0267,0.2581,0.9032,0.1613,"off:PREDICTIVE|def:WEAKLY_PREDICTIVE","MEDIUM","MODELED"
2026,2,"explosive_pass_vs_explosive_prevention","TB","LAC",-0.0137,0.0418,0.2581,0,-0.7419,"off:PREDICTIVE|def:WEAKLY_PREDICTIVE","MEDIUM","MODELED"
2026,2,"explosive_pass_vs_explosive_prevention","TB","LAR",-0.0137,-0.0369,0.2581,0.9677,0.2258,"off:PREDICTIVE|def:WEAKLY_PREDICTIVE","MEDIUM","MODELED"
2026,2,"explosive_pass_vs_explosive_prevention","TB","LV",-0.0137,-0.0157,0.2581,0.6774,-0.0645,"off:PREDICTIVE|def:WEAKLY_PREDICTIVE","MEDIUM","MODELED"
2026,2,"explosive_pass_vs_explosive_prevention","TB","MIA",-0.0137,0.0352,0.2581,0.0323,-0.7097,"off:PREDICTIVE|def:WEAKLY_PREDICTIVE","MEDIUM","MODELED"
2026,2,"explosive_pass_vs_explosive_prevention","TB","MIN",-0.0137,-0.0293,0.2581,0.9355,0.1935,"off:PREDICTIVE|def:WEAKLY_PREDICTIVE","MEDIUM","MODELED"
2026,2,"explosive_pass_vs_explosive_prevention","TB","NE",-0.0137,-0.0182,0.2581,0.7419,0,"off:PREDICTIVE|def:WEAKLY_PREDICTIVE","MEDIUM","MODELED"
2026,2,"explosive_pass_vs_explosive_prevention","TB","NO",-0.0137,-0.0198,0.2581,0.7742,0.0323,"off:PREDICTIVE|def:WEAKLY_PREDICTIVE","MEDIUM","MODELED"
2026,2,"explosive_pass_vs_explosive_prevention","TB","NYG",-0.0137,0.0144,0.2581,0.3548,-0.3871,"off:PREDICTIVE|def:WEAKLY_PREDICTIVE","MEDIUM","MODELED"
2026,2,"explosive_pass_vs_explosive_prevention","TB","NYJ",-0.0137,-0.049,0.2581,1,0.2581,"off:PREDICTIVE|def:WEAKLY_PREDICTIVE","MEDIUM","MODELED"
2026,2,"explosive_pass_vs_explosive_prevention","TB","PHI",-0.0137,-0.0205,0.2581,0.8065,0.0645,"off:PREDICTIVE|def:WEAKLY_PREDICTIVE","MEDIUM","MODELED"
2026,2,"explosive_pass_vs_explosive_prevention","TB","PIT",-0.0137,0.0272,0.2581,0.1613,-0.5806,"off:PREDICTIVE|def:WEAKLY_PREDICTIVE","MEDIUM","MODELED"
2026,2,"explosive_pass_vs_explosive_prevention","TB","SEA",-0.0137,0.0047,0.2581,0.4194,-0.3226,"off:PREDICTIVE|def:WEAKLY_PREDICTIVE","MEDIUM","MODELED"
2026,2,"explosive_pass_vs_explosive_prevention","TB","SF",-0.0137,-0.022,0.2581,0.8387,0.0968,"off:PREDICTIVE|def:WEAKLY_PREDICTIVE","MEDIUM","MODELED"
2026,2,"explosive_pass_vs_explosive_prevention","TB","TEN",-0.0137,0.0272,0.2581,0.129,-0.6129,"off:PREDICTIVE|def:WEAKLY_PREDICTIVE","MEDIUM","MODELED"
2026,2,"explosive_pass_vs_explosive_prevention","TB","WAS",-0.0137,0.0295,0.2581,0.0645,-0.6774,"off:PREDICTIVE|def:WEAKLY_PREDICTIVE","MEDIUM","MODELED"
2026,2,"explosive_pass_vs_explosive_prevention","TEN","ARI",0.0156,-0.0071,0.6452,0.5484,0.1935,"off:PREDICTIVE|def:WEAKLY_PREDICTIVE","MEDIUM","MODELED"
2026,2,"explosive_pass_vs_explosive_prevention","TEN","ATL",0.0156,-0.007,0.6452,0.5161,0.1613,"off:PREDICTIVE|def:WEAKLY_PREDICTIVE","MEDIUM","MODELED"
2026,2,"explosive_pass_vs_explosive_prevention","TEN","BAL",0.0156,-0.0228,0.6452,0.871,0.5161,"off:PREDICTIVE|def:WEAKLY_PREDICTIVE","MEDIUM","MODELED"
2026,2,"explosive_pass_vs_explosive_prevention","TEN","BUF",0.0156,0.0176,0.6452,0.2903,-0.0645,"off:PREDICTIVE|def:WEAKLY_PREDICTIVE","MEDIUM","MODELED"
2026,2,"explosive_pass_vs_explosive_prevention","TEN","CAR",0.0156,-0.0074,0.6452,0.5806,0.2258,"off:PREDICTIVE|def:WEAKLY_PREDICTIVE","MEDIUM","MODELED"
2026,2,"explosive_pass_vs_explosive_prevention","TEN","CHI",0.0156,0.0148,0.6452,0.3226,-0.0323,"off:PREDICTIVE|def:WEAKLY_PREDICTIVE","MEDIUM","MODELED"
2026,2,"explosive_pass_vs_explosive_prevention","TEN","CIN",0.0156,0.012,0.6452,0.3871,0.0323,"off:PREDICTIVE|def:WEAKLY_PREDICTIVE","MEDIUM","MODELED"
2026,2,"explosive_pass_vs_explosive_prevention","TEN","CLE",0.0156,0.0025,0.6452,0.4516,0.0968,"off:PREDICTIVE|def:WEAKLY_PREDICTIVE","MEDIUM","MODELED"
2026,2,"explosive_pass_vs_explosive_prevention","TEN","DAL",0.0156,-0.0062,0.6452,0.4839,0.129,"off:PREDICTIVE|def:WEAKLY_PREDICTIVE","MEDIUM","MODELED"
2026,2,"explosive_pass_vs_explosive_prevention","TEN","DEN",0.0156,-0.014,0.6452,0.6452,0.2903,"off:PREDICTIVE|def:WEAKLY_PREDICTIVE","MEDIUM","MODELED"
2026,2,"explosive_pass_vs_explosive_prevention","TEN","DET",0.0156,-0.0176,0.6452,0.7097,0.3548,"off:PREDICTIVE|def:WEAKLY_PREDICTIVE","MEDIUM","MODELED"
2026,2,"explosive_pass_vs_explosive_prevention","TEN","GB",0.0156,-0.0122,0.6452,0.6129,0.2581,"off:PREDICTIVE|def:WEAKLY_PREDICTIVE","MEDIUM","MODELED"
2026,2,"explosive_pass_vs_explosive_prevention","TEN","HOU",0.0156,0.0204,0.6452,0.2258,-0.129,"off:PREDICTIVE|def:WEAKLY_PREDICTIVE","MEDIUM","MODELED"
2026,2,"explosive_pass_vs_explosive_prevention","TEN","IND",0.0156,0.0277,0.6452,0.0968,-0.2581,"off:PREDICTIVE|def:WEAKLY_PREDICTIVE","MEDIUM","MODELED"
2026,2,"explosive_pass_vs_explosive_prevention","TEN","JAX",0.0156,0.0272,0.6452,0.1935,-0.1613,"off:PREDICTIVE|def:WEAKLY_PREDICTIVE","MEDIUM","MODELED"
2026,2,"explosive_pass_vs_explosive_prevention","TEN","KC",0.0156,-0.0267,0.6452,0.9032,0.5484,"off:PREDICTIVE|def:WEAKLY_PREDICTIVE","MEDIUM","MODELED"
2026,2,"explosive_pass_vs_explosive_prevention","TEN","LAC",0.0156,0.0418,0.6452,0,-0.3548,"off:PREDICTIVE|def:WEAKLY_PREDICTIVE","MEDIUM","MODELED"
2026,2,"explosive_pass_vs_explosive_prevention","TEN","LAR",0.0156,-0.0369,0.6452,0.9677,0.6129,"off:PREDICTIVE|def:WEAKLY_PREDICTIVE","MEDIUM","MODELED"
2026,2,"explosive_pass_vs_explosive_prevention","TEN","LV",0.0156,-0.0157,0.6452,0.6774,0.3226,"off:PREDICTIVE|def:WEAKLY_PREDICTIVE","MEDIUM","MODELED"
2026,2,"explosive_pass_vs_explosive_prevention","TEN","MIA",0.0156,0.0352,0.6452,0.0323,-0.3226,"off:PREDICTIVE|def:WEAKLY_PREDICTIVE","MEDIUM","MODELED"
2026,2,"explosive_pass_vs_explosive_prevention","TEN","MIN",0.0156,-0.0293,0.6452,0.9355,0.5806,"off:PREDICTIVE|def:WEAKLY_PREDICTIVE","MEDIUM","MODELED"
2026,2,"explosive_pass_vs_explosive_prevention","TEN","NE",0.0156,-0.0182,0.6452,0.7419,0.3871,"off:PREDICTIVE|def:WEAKLY_PREDICTIVE","MEDIUM","MODELED"
2026,2,"explosive_pass_vs_explosive_prevention","TEN","NO",0.0156,-0.0198,0.6452,0.7742,0.4194,"off:PREDICTIVE|def:WEAKLY_PREDICTIVE","MEDIUM","MODELED"
2026,2,"explosive_pass_vs_explosive_prevention","TEN","NYG",0.0156,0.0144,0.6452,0.3548,0,"off:PREDICTIVE|def:WEAKLY_PREDICTIVE","MEDIUM","MODELED"
2026,2,"explosive_pass_vs_explosive_prevention","TEN","NYJ",0.0156,-0.049,0.6452,1,0.6452,"off:PREDICTIVE|def:WEAKLY_PREDICTIVE","MEDIUM","MODELED"
2026,2,"explosive_pass_vs_explosive_prevention","TEN","PHI",0.0156,-0.0205,0.6452,0.8065,0.4516,"off:PREDICTIVE|def:WEAKLY_PREDICTIVE","MEDIUM","MODELED"
2026,2,"explosive_pass_vs_explosive_prevention","TEN","PIT",0.0156,0.0272,0.6452,0.1613,-0.1935,"off:PREDICTIVE|def:WEAKLY_PREDICTIVE","MEDIUM","MODELED"
2026,2,"explosive_pass_vs_explosive_prevention","TEN","SEA",0.0156,0.0047,0.6452,0.4194,0.0645,"off:PREDICTIVE|def:WEAKLY_PREDICTIVE","MEDIUM","MODELED"
2026,2,"explosive_pass_vs_explosive_prevention","TEN","SF",0.0156,-0.022,0.6452,0.8387,0.4839,"off:PREDICTIVE|def:WEAKLY_PREDICTIVE","MEDIUM","MODELED"
2026,2,"explosive_pass_vs_explosive_prevention","TEN","TB",0.0156,0.0189,0.6452,0.2581,-0.0968,"off:PREDICTIVE|def:WEAKLY_PREDICTIVE","MEDIUM","MODELED"
2026,2,"explosive_pass_vs_explosive_prevention","TEN","WAS",0.0156,0.0295,0.6452,0.0645,-0.2903,"off:PREDICTIVE|def:WEAKLY_PREDICTIVE","MEDIUM","MODELED"
2026,2,"explosive_pass_vs_explosive_prevention","WAS","ARI",0.0075,-0.0071,0.6129,0.5484,0.1613,"off:PREDICTIVE|def:WEAKLY_PREDICTIVE","MEDIUM","MODELED"
2026,2,"explosive_pass_vs_explosive_prevention","WAS","ATL",0.0075,-0.007,0.6129,0.5161,0.129,"off:PREDICTIVE|def:WEAKLY_PREDICTIVE","MEDIUM","MODELED"
2026,2,"explosive_pass_vs_explosive_prevention","WAS","BAL",0.0075,-0.0228,0.6129,0.871,0.4839,"off:PREDICTIVE|def:WEAKLY_PREDICTIVE","MEDIUM","MODELED"
2026,2,"explosive_pass_vs_explosive_prevention","WAS","BUF",0.0075,0.0176,0.6129,0.2903,-0.0968,"off:PREDICTIVE|def:WEAKLY_PREDICTIVE","MEDIUM","MODELED"
2026,2,"explosive_pass_vs_explosive_prevention","WAS","CAR",0.0075,-0.0074,0.6129,0.5806,0.1935,"off:PREDICTIVE|def:WEAKLY_PREDICTIVE","MEDIUM","MODELED"
2026,2,"explosive_pass_vs_explosive_prevention","WAS","CHI",0.0075,0.0148,0.6129,0.3226,-0.0645,"off:PREDICTIVE|def:WEAKLY_PREDICTIVE","MEDIUM","MODELED"
2026,2,"explosive_pass_vs_explosive_prevention","WAS","CIN",0.0075,0.012,0.6129,0.3871,0,"off:PREDICTIVE|def:WEAKLY_PREDICTIVE","MEDIUM","MODELED"
2026,2,"explosive_pass_vs_explosive_prevention","WAS","CLE",0.0075,0.0025,0.6129,0.4516,0.0645,"off:PREDICTIVE|def:WEAKLY_PREDICTIVE","MEDIUM","MODELED"
2026,2,"explosive_pass_vs_explosive_prevention","WAS","DAL",0.0075,-0.0062,0.6129,0.4839,0.0968,"off:PREDICTIVE|def:WEAKLY_PREDICTIVE","MEDIUM","MODELED"
2026,2,"explosive_pass_vs_explosive_prevention","WAS","DEN",0.0075,-0.014,0.6129,0.6452,0.2581,"off:PREDICTIVE|def:WEAKLY_PREDICTIVE","MEDIUM","MODELED"
2026,2,"explosive_pass_vs_explosive_prevention","WAS","DET",0.0075,-0.0176,0.6129,0.7097,0.3226,"off:PREDICTIVE|def:WEAKLY_PREDICTIVE","MEDIUM","MODELED"
2026,2,"explosive_pass_vs_explosive_prevention","WAS","GB",0.0075,-0.0122,0.6129,0.6129,0.2258,"off:PREDICTIVE|def:WEAKLY_PREDICTIVE","MEDIUM","MODELED"
2026,2,"explosive_pass_vs_explosive_prevention","WAS","HOU",0.0075,0.0204,0.6129,0.2258,-0.1613,"off:PREDICTIVE|def:WEAKLY_PREDICTIVE","MEDIUM","MODELED"
2026,2,"explosive_pass_vs_explosive_prevention","WAS","IND",0.0075,0.0277,0.6129,0.0968,-0.2903,"off:PREDICTIVE|def:WEAKLY_PREDICTIVE","MEDIUM","MODELED"
2026,2,"explosive_pass_vs_explosive_prevention","WAS","JAX",0.0075,0.0272,0.6129,0.1935,-0.1935,"off:PREDICTIVE|def:WEAKLY_PREDICTIVE","MEDIUM","MODELED"
2026,2,"explosive_pass_vs_explosive_prevention","WAS","KC",0.0075,-0.0267,0.6129,0.9032,0.5161,"off:PREDICTIVE|def:WEAKLY_PREDICTIVE","MEDIUM","MODELED"
2026,2,"explosive_pass_vs_explosive_prevention","WAS","LAC",0.0075,0.0418,0.6129,0,-0.3871,"off:PREDICTIVE|def:WEAKLY_PREDICTIVE","MEDIUM","MODELED"
2026,2,"explosive_pass_vs_explosive_prevention","WAS","LAR",0.0075,-0.0369,0.6129,0.9677,0.5806,"off:PREDICTIVE|def:WEAKLY_PREDICTIVE","MEDIUM","MODELED"
2026,2,"explosive_pass_vs_explosive_prevention","WAS","LV",0.0075,-0.0157,0.6129,0.6774,0.2903,"off:PREDICTIVE|def:WEAKLY_PREDICTIVE","MEDIUM","MODELED"
2026,2,"explosive_pass_vs_explosive_prevention","WAS","MIA",0.0075,0.0352,0.6129,0.0323,-0.3548,"off:PREDICTIVE|def:WEAKLY_PREDICTIVE","MEDIUM","MODELED"
2026,2,"explosive_pass_vs_explosive_prevention","WAS","MIN",0.0075,-0.0293,0.6129,0.9355,0.5484,"off:PREDICTIVE|def:WEAKLY_PREDICTIVE","MEDIUM","MODELED"
2026,2,"explosive_pass_vs_explosive_prevention","WAS","NE",0.0075,-0.0182,0.6129,0.7419,0.3548,"off:PREDICTIVE|def:WEAKLY_PREDICTIVE","MEDIUM","MODELED"
2026,2,"explosive_pass_vs_explosive_prevention","WAS","NO",0.0075,-0.0198,0.6129,0.7742,0.3871,"off:PREDICTIVE|def:WEAKLY_PREDICTIVE","MEDIUM","MODELED"
2026,2,"explosive_pass_vs_explosive_prevention","WAS","NYG",0.0075,0.0144,0.6129,0.3548,-0.0323,"off:PREDICTIVE|def:WEAKLY_PREDICTIVE","MEDIUM","MODELED"
2026,2,"explosive_pass_vs_explosive_prevention","WAS","NYJ",0.0075,-0.049,0.6129,1,0.6129,"off:PREDICTIVE|def:WEAKLY_PREDICTIVE","MEDIUM","MODELED"
2026,2,"explosive_pass_vs_explosive_prevention","WAS","PHI",0.0075,-0.0205,0.6129,0.8065,0.4194,"off:PREDICTIVE|def:WEAKLY_PREDICTIVE","MEDIUM","MODELED"
2026,2,"explosive_pass_vs_explosive_prevention","WAS","PIT",0.0075,0.0272,0.6129,0.1613,-0.2258,"off:PREDICTIVE|def:WEAKLY_PREDICTIVE","MEDIUM","MODELED"
2026,2,"explosive_pass_vs_explosive_prevention","WAS","SEA",0.0075,0.0047,0.6129,0.4194,0.0323,"off:PREDICTIVE|def:WEAKLY_PREDICTIVE","MEDIUM","MODELED"
2026,2,"explosive_pass_vs_explosive_prevention","WAS","SF",0.0075,-0.022,0.6129,0.8387,0.4516,"off:PREDICTIVE|def:WEAKLY_PREDICTIVE","MEDIUM","MODELED"
2026,2,"explosive_pass_vs_explosive_prevention","WAS","TB",0.0075,0.0189,0.6129,0.2581,-0.129,"off:PREDICTIVE|def:WEAKLY_PREDICTIVE","MEDIUM","MODELED"
2026,2,"explosive_pass_vs_explosive_prevention","WAS","TEN",0.0075,0.0272,0.6129,0.129,-0.2581,"off:PREDICTIVE|def:WEAKLY_PREDICTIVE","MEDIUM","MODELED"
2026,2,"proe_pace_vs_pass_funnel","ARI","ATL",3.8568,-0.0299,0.871,0.7419,0.6129,"off:PREDICTIVE|def:NOT_PREDICTIVE","LOW","MODELED"
2026,2,"proe_pace_vs_pass_funnel","ARI","BAL",3.8568,-0.0514,0.871,0.8065,0.6774,"off:PREDICTIVE|def:NOT_PREDICTIVE","LOW","MODELED"
2026,2,"proe_pace_vs_pass_funnel","ARI","BUF",3.8568,0.0374,0.871,0.2581,0.129,"off:PREDICTIVE|def:NOT_PREDICTIVE","LOW","MODELED"
2026,2,"proe_pace_vs_pass_funnel","ARI","CAR",3.8568,0.0321,0.871,0.3226,0.1935,"off:PREDICTIVE|def:NOT_PREDICTIVE","LOW","MODELED"
2026,2,"proe_pace_vs_pass_funnel","ARI","CHI",3.8568,-0.0159,0.871,0.5484,0.4194,"off:PREDICTIVE|def:NOT_PREDICTIVE","LOW","MODELED"
2026,2,"proe_pace_vs_pass_funnel","ARI","CIN",3.8568,0.0555,0.871,0.1935,0.0645,"off:PREDICTIVE|def:NOT_PREDICTIVE","LOW","MODELED"
2026,2,"proe_pace_vs_pass_funnel","ARI","CLE",3.8568,0.0365,0.871,0.2903,0.1613,"off:PREDICTIVE|def:NOT_PREDICTIVE","LOW","MODELED"
2026,2,"proe_pace_vs_pass_funnel","ARI","DAL",3.8568,0.075,0.871,0.0968,-0.0323,"off:PREDICTIVE|def:NOT_PREDICTIVE","LOW","MODELED"
2026,2,"proe_pace_vs_pass_funnel","ARI","DEN",3.8568,-0.0873,0.871,0.9355,0.8065,"off:PREDICTIVE|def:NOT_PREDICTIVE","LOW","MODELED"
2026,2,"proe_pace_vs_pass_funnel","ARI","DET",3.8568,-0.0689,0.871,0.871,0.7419,"off:PREDICTIVE|def:NOT_PREDICTIVE","LOW","MODELED"
2026,2,"proe_pace_vs_pass_funnel","ARI","GB",3.8568,0.0166,0.871,0.3871,0.2581,"off:PREDICTIVE|def:NOT_PREDICTIVE","LOW","MODELED"
2026,2,"proe_pace_vs_pass_funnel","ARI","HOU",3.8568,-0.0276,0.871,0.7097,0.5806,"off:PREDICTIVE|def:NOT_PREDICTIVE","LOW","MODELED"
2026,2,"proe_pace_vs_pass_funnel","ARI","IND",3.8568,0.0069,0.871,0.4194,0.2903,"off:PREDICTIVE|def:NOT_PREDICTIVE","LOW","MODELED"
2026,2,"proe_pace_vs_pass_funnel","ARI","JAX",3.8568,0.0229,0.871,0.3548,0.2258,"off:PREDICTIVE|def:NOT_PREDICTIVE","LOW","MODELED"
2026,2,"proe_pace_vs_pass_funnel","ARI","KC",3.8568,-0.0232,0.871,0.6774,0.5484,"off:PREDICTIVE|def:NOT_PREDICTIVE","LOW","MODELED"
2026,2,"proe_pace_vs_pass_funnel","ARI","LAC",3.8568,0.0615,0.871,0.1613,0.0323,"off:PREDICTIVE|def:NOT_PREDICTIVE","LOW","MODELED"
2026,2,"proe_pace_vs_pass_funnel","ARI","LAR",3.8568,-0.146,0.871,1,0.871,"off:PREDICTIVE|def:NOT_PREDICTIVE","LOW","MODELED"
2026,2,"proe_pace_vs_pass_funnel","ARI","LV",3.8568,-0.0504,0.871,0.7742,0.6452,"off:PREDICTIVE|def:NOT_PREDICTIVE","LOW","MODELED"
2026,2,"proe_pace_vs_pass_funnel","ARI","MIA",3.8568,0.0476,0.871,0.2258,0.0968,"off:PREDICTIVE|def:NOT_PREDICTIVE","LOW","MODELED"
2026,2,"proe_pace_vs_pass_funnel","ARI","MIN",3.8568,-0.104,0.871,0.9677,0.8387,"off:PREDICTIVE|def:NOT_PREDICTIVE","LOW","MODELED"
2026,2,"proe_pace_vs_pass_funnel","ARI","NE",3.8568,-0.0703,0.871,0.9032,0.7742,"off:PREDICTIVE|def:NOT_PREDICTIVE","LOW","MODELED"
2026,2,"proe_pace_vs_pass_funnel","ARI","NO",3.8568,-0.0546,0.871,0.8387,0.7097,"off:PREDICTIVE|def:NOT_PREDICTIVE","LOW","MODELED"
2026,2,"proe_pace_vs_pass_funnel","ARI","NYG",3.8568,0.1081,0.871,0.0323,-0.0968,"off:PREDICTIVE|def:NOT_PREDICTIVE","LOW","MODELED"
2026,2,"proe_pace_vs_pass_funnel","ARI","NYJ",3.8568,-0.01,0.871,0.4839,0.3548,"off:PREDICTIVE|def:NOT_PREDICTIVE","LOW","MODELED"
2026,2,"proe_pace_vs_pass_funnel","ARI","PHI",3.8568,-0.0167,0.871,0.6129,0.4839,"off:PREDICTIVE|def:NOT_PREDICTIVE","LOW","MODELED"
2026,2,"proe_pace_vs_pass_funnel","ARI","PIT",3.8568,-0.0049,0.871,0.4516,0.3226,"off:PREDICTIVE|def:NOT_PREDICTIVE","LOW","MODELED"
2026,2,"proe_pace_vs_pass_funnel","ARI","SEA",3.8568,-0.0208,0.871,0.6452,0.5161,"off:PREDICTIVE|def:NOT_PREDICTIVE","LOW","MODELED"
2026,2,"proe_pace_vs_pass_funnel","ARI","SF",3.8568,-0.0142,0.871,0.5161,0.3871,"off:PREDICTIVE|def:NOT_PREDICTIVE","LOW","MODELED"
2026,2,"proe_pace_vs_pass_funnel","ARI","TB",3.8568,0.0701,0.871,0.129,0,"off:PREDICTIVE|def:NOT_PREDICTIVE","LOW","MODELED"
2026,2,"proe_pace_vs_pass_funnel","ARI","TEN",3.8568,0.0972,0.871,0.0645,-0.0645,"off:PREDICTIVE|def:NOT_PREDICTIVE","LOW","MODELED"
2026,2,"proe_pace_vs_pass_funnel","ARI","WAS",3.8568,0.122,0.871,0,-0.129,"off:PREDICTIVE|def:NOT_PREDICTIVE","LOW","MODELED"
2026,2,"proe_pace_vs_pass_funnel","ATL","ARI",-8.2599,-0.0165,0,0.5806,-0.4194,"off:PREDICTIVE|def:NOT_PREDICTIVE","LOW","MODELED"
2026,2,"proe_pace_vs_pass_funnel","ATL","BAL",-8.2599,-0.0514,0,0.8065,-0.1935,"off:PREDICTIVE|def:NOT_PREDICTIVE","LOW","MODELED"
2026,2,"proe_pace_vs_pass_funnel","ATL","BUF",-8.2599,0.0374,0,0.2581,-0.7419,"off:PREDICTIVE|def:NOT_PREDICTIVE","LOW","MODELED"
2026,2,"proe_pace_vs_pass_funnel","ATL","CAR",-8.2599,0.0321,0,0.3226,-0.6774,"off:PREDICTIVE|def:NOT_PREDICTIVE","LOW","MODELED"
2026,2,"proe_pace_vs_pass_funnel","ATL","CHI",-8.2599,-0.0159,0,0.5484,-0.4516,"off:PREDICTIVE|def:NOT_PREDICTIVE","LOW","MODELED"
2026,2,"proe_pace_vs_pass_funnel","ATL","CIN",-8.2599,0.0555,0,0.1935,-0.8065,"off:PREDICTIVE|def:NOT_PREDICTIVE","LOW","MODELED"
2026,2,"proe_pace_vs_pass_funnel","ATL","CLE",-8.2599,0.0365,0,0.2903,-0.7097,"off:PREDICTIVE|def:NOT_PREDICTIVE","LOW","MODELED"
2026,2,"proe_pace_vs_pass_funnel","ATL","DAL",-8.2599,0.075,0,0.0968,-0.9032,"off:PREDICTIVE|def:NOT_PREDICTIVE","LOW","MODELED"
2026,2,"proe_pace_vs_pass_funnel","ATL","DEN",-8.2599,-0.0873,0,0.9355,-0.0645,"off:PREDICTIVE|def:NOT_PREDICTIVE","LOW","MODELED"
2026,2,"proe_pace_vs_pass_funnel","ATL","DET",-8.2599,-0.0689,0,0.871,-0.129,"off:PREDICTIVE|def:NOT_PREDICTIVE","LOW","MODELED"
2026,2,"proe_pace_vs_pass_funnel","ATL","GB",-8.2599,0.0166,0,0.3871,-0.6129,"off:PREDICTIVE|def:NOT_PREDICTIVE","LOW","MODELED"
2026,2,"proe_pace_vs_pass_funnel","ATL","HOU",-8.2599,-0.0276,0,0.7097,-0.2903,"off:PREDICTIVE|def:NOT_PREDICTIVE","LOW","MODELED"
2026,2,"proe_pace_vs_pass_funnel","ATL","IND",-8.2599,0.0069,0,0.4194,-0.5806,"off:PREDICTIVE|def:NOT_PREDICTIVE","LOW","MODELED"
2026,2,"proe_pace_vs_pass_funnel","ATL","JAX",-8.2599,0.0229,0,0.3548,-0.6452,"off:PREDICTIVE|def:NOT_PREDICTIVE","LOW","MODELED"
2026,2,"proe_pace_vs_pass_funnel","ATL","KC",-8.2599,-0.0232,0,0.6774,-0.3226,"off:PREDICTIVE|def:NOT_PREDICTIVE","LOW","MODELED"
2026,2,"proe_pace_vs_pass_funnel","ATL","LAC",-8.2599,0.0615,0,0.1613,-0.8387,"off:PREDICTIVE|def:NOT_PREDICTIVE","LOW","MODELED"
2026,2,"proe_pace_vs_pass_funnel","ATL","LAR",-8.2599,-0.146,0,1,0,"off:PREDICTIVE|def:NOT_PREDICTIVE","LOW","MODELED"
2026,2,"proe_pace_vs_pass_funnel","ATL","LV",-8.2599,-0.0504,0,0.7742,-0.2258,"off:PREDICTIVE|def:NOT_PREDICTIVE","LOW","MODELED"
2026,2,"proe_pace_vs_pass_funnel","ATL","MIA",-8.2599,0.0476,0,0.2258,-0.7742,"off:PREDICTIVE|def:NOT_PREDICTIVE","LOW","MODELED"
2026,2,"proe_pace_vs_pass_funnel","ATL","MIN",-8.2599,-0.104,0,0.9677,-0.0323,"off:PREDICTIVE|def:NOT_PREDICTIVE","LOW","MODELED"
2026,2,"proe_pace_vs_pass_funnel","ATL","NE",-8.2599,-0.0703,0,0.9032,-0.0968,"off:PREDICTIVE|def:NOT_PREDICTIVE","LOW","MODELED"
2026,2,"proe_pace_vs_pass_funnel","ATL","NO",-8.2599,-0.0546,0,0.8387,-0.1613,"off:PREDICTIVE|def:NOT_PREDICTIVE","LOW","MODELED"
2026,2,"proe_pace_vs_pass_funnel","ATL","NYG",-8.2599,0.1081,0,0.0323,-0.9677,"off:PREDICTIVE|def:NOT_PREDICTIVE","LOW","MODELED"
2026,2,"proe_pace_vs_pass_funnel","ATL","NYJ",-8.2599,-0.01,0,0.4839,-0.5161,"off:PREDICTIVE|def:NOT_PREDICTIVE","LOW","MODELED"
2026,2,"proe_pace_vs_pass_funnel","ATL","PHI",-8.2599,-0.0167,0,0.6129,-0.3871,"off:PREDICTIVE|def:NOT_PREDICTIVE","LOW","MODELED"
2026,2,"proe_pace_vs_pass_funnel","ATL","PIT",-8.2599,-0.0049,0,0.4516,-0.5484,"off:PREDICTIVE|def:NOT_PREDICTIVE","LOW","MODELED"
2026,2,"proe_pace_vs_pass_funnel","ATL","SEA",-8.2599,-0.0208,0,0.6452,-0.3548,"off:PREDICTIVE|def:NOT_PREDICTIVE","LOW","MODELED"
2026,2,"proe_pace_vs_pass_funnel","ATL","SF",-8.2599,-0.0142,0,0.5161,-0.4839,"off:PREDICTIVE|def:NOT_PREDICTIVE","LOW","MODELED"
2026,2,"proe_pace_vs_pass_funnel","ATL","TB",-8.2599,0.0701,0,0.129,-0.871,"off:PREDICTIVE|def:NOT_PREDICTIVE","LOW","MODELED"
2026,2,"proe_pace_vs_pass_funnel","ATL","TEN",-8.2599,0.0972,0,0.0645,-0.9355,"off:PREDICTIVE|def:NOT_PREDICTIVE","LOW","MODELED"
2026,2,"proe_pace_vs_pass_funnel","ATL","WAS",-8.2599,0.122,0,0,-1,"off:PREDICTIVE|def:NOT_PREDICTIVE","LOW","MODELED"
2026,2,"proe_pace_vs_pass_funnel","BAL","ARI",-3.2349,-0.0165,0.1935,0.5806,-0.2258,"off:PREDICTIVE|def:NOT_PREDICTIVE","LOW","MODELED"
2026,2,"proe_pace_vs_pass_funnel","BAL","ATL",-3.2349,-0.0299,0.1935,0.7419,-0.0645,"off:PREDICTIVE|def:NOT_PREDICTIVE","LOW","MODELED"
2026,2,"proe_pace_vs_pass_funnel","BAL","BUF",-3.2349,0.0374,0.1935,0.2581,-0.5484,"off:PREDICTIVE|def:NOT_PREDICTIVE","LOW","MODELED"
2026,2,"proe_pace_vs_pass_funnel","BAL","CAR",-3.2349,0.0321,0.1935,0.3226,-0.4839,"off:PREDICTIVE|def:NOT_PREDICTIVE","LOW","MODELED"
2026,2,"proe_pace_vs_pass_funnel","BAL","CHI",-3.2349,-0.0159,0.1935,0.5484,-0.2581,"off:PREDICTIVE|def:NOT_PREDICTIVE","LOW","MODELED"
2026,2,"proe_pace_vs_pass_funnel","BAL","CIN",-3.2349,0.0555,0.1935,0.1935,-0.6129,"off:PREDICTIVE|def:NOT_PREDICTIVE","LOW","MODELED"
2026,2,"proe_pace_vs_pass_funnel","BAL","CLE",-3.2349,0.0365,0.1935,0.2903,-0.5161,"off:PREDICTIVE|def:NOT_PREDICTIVE","LOW","MODELED"
2026,2,"proe_pace_vs_pass_funnel","BAL","DAL",-3.2349,0.075,0.1935,0.0968,-0.7097,"off:PREDICTIVE|def:NOT_PREDICTIVE","LOW","MODELED"
2026,2,"proe_pace_vs_pass_funnel","BAL","DEN",-3.2349,-0.0873,0.1935,0.9355,0.129,"off:PREDICTIVE|def:NOT_PREDICTIVE","LOW","MODELED"
2026,2,"proe_pace_vs_pass_funnel","BAL","DET",-3.2349,-0.0689,0.1935,0.871,0.0645,"off:PREDICTIVE|def:NOT_PREDICTIVE","LOW","MODELED"
2026,2,"proe_pace_vs_pass_funnel","BAL","GB",-3.2349,0.0166,0.1935,0.3871,-0.4194,"off:PREDICTIVE|def:NOT_PREDICTIVE","LOW","MODELED"
2026,2,"proe_pace_vs_pass_funnel","BAL","HOU",-3.2349,-0.0276,0.1935,0.7097,-0.0968,"off:PREDICTIVE|def:NOT_PREDICTIVE","LOW","MODELED"
2026,2,"proe_pace_vs_pass_funnel","BAL","IND",-3.2349,0.0069,0.1935,0.4194,-0.3871,"off:PREDICTIVE|def:NOT_PREDICTIVE","LOW","MODELED"
2026,2,"proe_pace_vs_pass_funnel","BAL","JAX",-3.2349,0.0229,0.1935,0.3548,-0.4516,"off:PREDICTIVE|def:NOT_PREDICTIVE","LOW","MODELED"
2026,2,"proe_pace_vs_pass_funnel","BAL","KC",-3.2349,-0.0232,0.1935,0.6774,-0.129,"off:PREDICTIVE|def:NOT_PREDICTIVE","LOW","MODELED"
2026,2,"proe_pace_vs_pass_funnel","BAL","LAC",-3.2349,0.0615,0.1935,0.1613,-0.6452,"off:PREDICTIVE|def:NOT_PREDICTIVE","LOW","MODELED"
2026,2,"proe_pace_vs_pass_funnel","BAL","LAR",-3.2349,-0.146,0.1935,1,0.1935,"off:PREDICTIVE|def:NOT_PREDICTIVE","LOW","MODELED"
2026,2,"proe_pace_vs_pass_funnel","BAL","LV",-3.2349,-0.0504,0.1935,0.7742,-0.0323,"off:PREDICTIVE|def:NOT_PREDICTIVE","LOW","MODELED"
2026,2,"proe_pace_vs_pass_funnel","BAL","MIA",-3.2349,0.0476,0.1935,0.2258,-0.5806,"off:PREDICTIVE|def:NOT_PREDICTIVE","LOW","MODELED"
2026,2,"proe_pace_vs_pass_funnel","BAL","MIN",-3.2349,-0.104,0.1935,0.9677,0.1613,"off:PREDICTIVE|def:NOT_PREDICTIVE","LOW","MODELED"
2026,2,"proe_pace_vs_pass_funnel","BAL","NE",-3.2349,-0.0703,0.1935,0.9032,0.0968,"off:PREDICTIVE|def:NOT_PREDICTIVE","LOW","MODELED"
2026,2,"proe_pace_vs_pass_funnel","BAL","NO",-3.2349,-0.0546,0.1935,0.8387,0.0323,"off:PREDICTIVE|def:NOT_PREDICTIVE","LOW","MODELED"
2026,2,"proe_pace_vs_pass_funnel","BAL","NYG",-3.2349,0.1081,0.1935,0.0323,-0.7742,"off:PREDICTIVE|def:NOT_PREDICTIVE","LOW","MODELED"
2026,2,"proe_pace_vs_pass_funnel","BAL","NYJ",-3.2349,-0.01,0.1935,0.4839,-0.3226,"off:PREDICTIVE|def:NOT_PREDICTIVE","LOW","MODELED"
2026,2,"proe_pace_vs_pass_funnel","BAL","PHI",-3.2349,-0.0167,0.1935,0.6129,-0.1935,"off:PREDICTIVE|def:NOT_PREDICTIVE","LOW","MODELED"
2026,2,"proe_pace_vs_pass_funnel","BAL","PIT",-3.2349,-0.0049,0.1935,0.4516,-0.3548,"off:PREDICTIVE|def:NOT_PREDICTIVE","LOW","MODELED"
2026,2,"proe_pace_vs_pass_funnel","BAL","SEA",-3.2349,-0.0208,0.1935,0.6452,-0.1613,"off:PREDICTIVE|def:NOT_PREDICTIVE","LOW","MODELED"
2026,2,"proe_pace_vs_pass_funnel","BAL","SF",-3.2349,-0.0142,0.1935,0.5161,-0.2903,"off:PREDICTIVE|def:NOT_PREDICTIVE","LOW","MODELED"
2026,2,"proe_pace_vs_pass_funnel","BAL","TB",-3.2349,0.0701,0.1935,0.129,-0.6774,"off:PREDICTIVE|def:NOT_PREDICTIVE","LOW","MODELED"
2026,2,"proe_pace_vs_pass_funnel","BAL","TEN",-3.2349,0.0972,0.1935,0.0645,-0.7419,"off:PREDICTIVE|def:NOT_PREDICTIVE","LOW","MODELED"
2026,2,"proe_pace_vs_pass_funnel","BAL","WAS",-3.2349,0.122,0.1935,0,-0.8065,"off:PREDICTIVE|def:NOT_PREDICTIVE","LOW","MODELED"
2026,2,"proe_pace_vs_pass_funnel","BUF","ARI",-0.1333,-0.0165,0.4194,0.5806,0,"off:PREDICTIVE|def:NOT_PREDICTIVE","LOW","MODELED"
2026,2,"proe_pace_vs_pass_funnel","BUF","ATL",-0.1333,-0.0299,0.4194,0.7419,0.1613,"off:PREDICTIVE|def:NOT_PREDICTIVE","LOW","MODELED"
2026,2,"proe_pace_vs_pass_funnel","BUF","BAL",-0.1333,-0.0514,0.4194,0.8065,0.2258,"off:PREDICTIVE|def:NOT_PREDICTIVE","LOW","MODELED"
2026,2,"proe_pace_vs_pass_funnel","BUF","CAR",-0.1333,0.0321,0.4194,0.3226,-0.2581,"off:PREDICTIVE|def:NOT_PREDICTIVE","LOW","MODELED"
2026,2,"proe_pace_vs_pass_funnel","BUF","CHI",-0.1333,-0.0159,0.4194,0.5484,-0.0323,"off:PREDICTIVE|def:NOT_PREDICTIVE","LOW","MODELED"
2026,2,"proe_pace_vs_pass_funnel","BUF","CIN",-0.1333,0.0555,0.4194,0.1935,-0.3871,"off:PREDICTIVE|def:NOT_PREDICTIVE","LOW","MODELED"
2026,2,"proe_pace_vs_pass_funnel","BUF","CLE",-0.1333,0.0365,0.4194,0.2903,-0.2903,"off:PREDICTIVE|def:NOT_PREDICTIVE","LOW","MODELED"
2026,2,"proe_pace_vs_pass_funnel","BUF","DAL",-0.1333,0.075,0.4194,0.0968,-0.4839,"off:PREDICTIVE|def:NOT_PREDICTIVE","LOW","MODELED"
2026,2,"proe_pace_vs_pass_funnel","BUF","DEN",-0.1333,-0.0873,0.4194,0.9355,0.3548,"off:PREDICTIVE|def:NOT_PREDICTIVE","LOW","MODELED"
2026,2,"proe_pace_vs_pass_funnel","BUF","DET",-0.1333,-0.0689,0.4194,0.871,0.2903,"off:PREDICTIVE|def:NOT_PREDICTIVE","LOW","MODELED"
2026,2,"proe_pace_vs_pass_funnel","BUF","GB",-0.1333,0.0166,0.4194,0.3871,-0.1935,"off:PREDICTIVE|def:NOT_PREDICTIVE","LOW","MODELED"
2026,2,"proe_pace_vs_pass_funnel","BUF","HOU",-0.1333,-0.0276,0.4194,0.7097,0.129,"off:PREDICTIVE|def:NOT_PREDICTIVE","LOW","MODELED"
2026,2,"proe_pace_vs_pass_funnel","BUF","IND",-0.1333,0.0069,0.4194,0.4194,-0.1613,"off:PREDICTIVE|def:NOT_PREDICTIVE","LOW","MODELED"
2026,2,"proe_pace_vs_pass_funnel","BUF","JAX",-0.1333,0.0229,0.4194,0.3548,-0.2258,"off:PREDICTIVE|def:NOT_PREDICTIVE","LOW","MODELED"
2026,2,"proe_pace_vs_pass_funnel","BUF","KC",-0.1333,-0.0232,0.4194,0.6774,0.0968,"off:PREDICTIVE|def:NOT_PREDICTIVE","LOW","MODELED"
2026,2,"proe_pace_vs_pass_funnel","BUF","LAC",-0.1333,0.0615,0.4194,0.1613,-0.4194,"off:PREDICTIVE|def:NOT_PREDICTIVE","LOW","MODELED"
2026,2,"proe_pace_vs_pass_funnel","BUF","LAR",-0.1333,-0.146,0.4194,1,0.4194,"off:PREDICTIVE|def:NOT_PREDICTIVE","LOW","MODELED"
2026,2,"proe_pace_vs_pass_funnel","BUF","LV",-0.1333,-0.0504,0.4194,0.7742,0.1935,"off:PREDICTIVE|def:NOT_PREDICTIVE","LOW","MODELED"
2026,2,"proe_pace_vs_pass_funnel","BUF","MIA",-0.1333,0.0476,0.4194,0.2258,-0.3548,"off:PREDICTIVE|def:NOT_PREDICTIVE","LOW","MODELED"
2026,2,"proe_pace_vs_pass_funnel","BUF","MIN",-0.1333,-0.104,0.4194,0.9677,0.3871,"off:PREDICTIVE|def:NOT_PREDICTIVE","LOW","MODELED"
2026,2,"proe_pace_vs_pass_funnel","BUF","NE",-0.1333,-0.0703,0.4194,0.9032,0.3226,"off:PREDICTIVE|def:NOT_PREDICTIVE","LOW","MODELED"
2026,2,"proe_pace_vs_pass_funnel","BUF","NO",-0.1333,-0.0546,0.4194,0.8387,0.2581,"off:PREDICTIVE|def:NOT_PREDICTIVE","LOW","MODELED"
2026,2,"proe_pace_vs_pass_funnel","BUF","NYG",-0.1333,0.1081,0.4194,0.0323,-0.5484,"off:PREDICTIVE|def:NOT_PREDICTIVE","LOW","MODELED"
2026,2,"proe_pace_vs_pass_funnel","BUF","NYJ",-0.1333,-0.01,0.4194,0.4839,-0.0968,"off:PREDICTIVE|def:NOT_PREDICTIVE","LOW","MODELED"
2026,2,"proe_pace_vs_pass_funnel","BUF","PHI",-0.1333,-0.0167,0.4194,0.6129,0.0323,"off:PREDICTIVE|def:NOT_PREDICTIVE","LOW","MODELED"
2026,2,"proe_pace_vs_pass_funnel","BUF","PIT",-0.1333,-0.0049,0.4194,0.4516,-0.129,"off:PREDICTIVE|def:NOT_PREDICTIVE","LOW","MODELED"
2026,2,"proe_pace_vs_pass_funnel","BUF","SEA",-0.1333,-0.0208,0.4194,0.6452,0.0645,"off:PREDICTIVE|def:NOT_PREDICTIVE","LOW","MODELED"
2026,2,"proe_pace_vs_pass_funnel","BUF","SF",-0.1333,-0.0142,0.4194,0.5161,-0.0645,"off:PREDICTIVE|def:NOT_PREDICTIVE","LOW","MODELED"
2026,2,"proe_pace_vs_pass_funnel","BUF","TB",-0.1333,0.0701,0.4194,0.129,-0.4516,"off:PREDICTIVE|def:NOT_PREDICTIVE","LOW","MODELED"
2026,2,"proe_pace_vs_pass_funnel","BUF","TEN",-0.1333,0.0972,0.4194,0.0645,-0.5161,"off:PREDICTIVE|def:NOT_PREDICTIVE","LOW","MODELED"
2026,2,"proe_pace_vs_pass_funnel","BUF","WAS",-0.1333,0.122,0.4194,0,-0.5806,"off:PREDICTIVE|def:NOT_PREDICTIVE","LOW","MODELED"
2026,2,"proe_pace_vs_pass_funnel","CAR","ARI",-1.1506,-0.0165,0.3548,0.5806,-0.0645,"off:PREDICTIVE|def:NOT_PREDICTIVE","LOW","MODELED"
2026,2,"proe_pace_vs_pass_funnel","CAR","ATL",-1.1506,-0.0299,0.3548,0.7419,0.0968,"off:PREDICTIVE|def:NOT_PREDICTIVE","LOW","MODELED"
2026,2,"proe_pace_vs_pass_funnel","CAR","BAL",-1.1506,-0.0514,0.3548,0.8065,0.1613,"off:PREDICTIVE|def:NOT_PREDICTIVE","LOW","MODELED"
2026,2,"proe_pace_vs_pass_funnel","CAR","BUF",-1.1506,0.0374,0.3548,0.2581,-0.3871,"off:PREDICTIVE|def:NOT_PREDICTIVE","LOW","MODELED"
2026,2,"proe_pace_vs_pass_funnel","CAR","CHI",-1.1506,-0.0159,0.3548,0.5484,-0.0968,"off:PREDICTIVE|def:NOT_PREDICTIVE","LOW","MODELED"
2026,2,"proe_pace_vs_pass_funnel","CAR","CIN",-1.1506,0.0555,0.3548,0.1935,-0.4516,"off:PREDICTIVE|def:NOT_PREDICTIVE","LOW","MODELED"
2026,2,"proe_pace_vs_pass_funnel","CAR","CLE",-1.1506,0.0365,0.3548,0.2903,-0.3548,"off:PREDICTIVE|def:NOT_PREDICTIVE","LOW","MODELED"
2026,2,"proe_pace_vs_pass_funnel","CAR","DAL",-1.1506,0.075,0.3548,0.0968,-0.5484,"off:PREDICTIVE|def:NOT_PREDICTIVE","LOW","MODELED"
2026,2,"proe_pace_vs_pass_funnel","CAR","DEN",-1.1506,-0.0873,0.3548,0.9355,0.2903,"off:PREDICTIVE|def:NOT_PREDICTIVE","LOW","MODELED"
2026,2,"proe_pace_vs_pass_funnel","CAR","DET",-1.1506,-0.0689,0.3548,0.871,0.2258,"off:PREDICTIVE|def:NOT_PREDICTIVE","LOW","MODELED"
2026,2,"proe_pace_vs_pass_funnel","CAR","GB",-1.1506,0.0166,0.3548,0.3871,-0.2581,"off:PREDICTIVE|def:NOT_PREDICTIVE","LOW","MODELED"
2026,2,"proe_pace_vs_pass_funnel","CAR","HOU",-1.1506,-0.0276,0.3548,0.7097,0.0645,"off:PREDICTIVE|def:NOT_PREDICTIVE","LOW","MODELED"
2026,2,"proe_pace_vs_pass_funnel","CAR","IND",-1.1506,0.0069,0.3548,0.4194,-0.2258,"off:PREDICTIVE|def:NOT_PREDICTIVE","LOW","MODELED"
2026,2,"proe_pace_vs_pass_funnel","CAR","JAX",-1.1506,0.0229,0.3548,0.3548,-0.2903,"off:PREDICTIVE|def:NOT_PREDICTIVE","LOW","MODELED"
2026,2,"proe_pace_vs_pass_funnel","CAR","KC",-1.1506,-0.0232,0.3548,0.6774,0.0323,"off:PREDICTIVE|def:NOT_PREDICTIVE","LOW","MODELED"
2026,2,"proe_pace_vs_pass_funnel","CAR","LAC",-1.1506,0.0615,0.3548,0.1613,-0.4839,"off:PREDICTIVE|def:NOT_PREDICTIVE","LOW","MODELED"
2026,2,"proe_pace_vs_pass_funnel","CAR","LAR",-1.1506,-0.146,0.3548,1,0.3548,"off:PREDICTIVE|def:NOT_PREDICTIVE","LOW","MODELED"
2026,2,"proe_pace_vs_pass_funnel","CAR","LV",-1.1506,-0.0504,0.3548,0.7742,0.129,"off:PREDICTIVE|def:NOT_PREDICTIVE","LOW","MODELED"
2026,2,"proe_pace_vs_pass_funnel","CAR","MIA",-1.1506,0.0476,0.3548,0.2258,-0.4194,"off:PREDICTIVE|def:NOT_PREDICTIVE","LOW","MODELED"
2026,2,"proe_pace_vs_pass_funnel","CAR","MIN",-1.1506,-0.104,0.3548,0.9677,0.3226,"off:PREDICTIVE|def:NOT_PREDICTIVE","LOW","MODELED"
2026,2,"proe_pace_vs_pass_funnel","CAR","NE",-1.1506,-0.0703,0.3548,0.9032,0.2581,"off:PREDICTIVE|def:NOT_PREDICTIVE","LOW","MODELED"
2026,2,"proe_pace_vs_pass_funnel","CAR","NO",-1.1506,-0.0546,0.3548,0.8387,0.1935,"off:PREDICTIVE|def:NOT_PREDICTIVE","LOW","MODELED"
2026,2,"proe_pace_vs_pass_funnel","CAR","NYG",-1.1506,0.1081,0.3548,0.0323,-0.6129,"off:PREDICTIVE|def:NOT_PREDICTIVE","LOW","MODELED"
2026,2,"proe_pace_vs_pass_funnel","CAR","NYJ",-1.1506,-0.01,0.3548,0.4839,-0.1613,"off:PREDICTIVE|def:NOT_PREDICTIVE","LOW","MODELED"
2026,2,"proe_pace_vs_pass_funnel","CAR","PHI",-1.1506,-0.0167,0.3548,0.6129,-0.0323,"off:PREDICTIVE|def:NOT_PREDICTIVE","LOW","MODELED"
2026,2,"proe_pace_vs_pass_funnel","CAR","PIT",-1.1506,-0.0049,0.3548,0.4516,-0.1935,"off:PREDICTIVE|def:NOT_PREDICTIVE","LOW","MODELED"
2026,2,"proe_pace_vs_pass_funnel","CAR","SEA",-1.1506,-0.0208,0.3548,0.6452,0,"off:PREDICTIVE|def:NOT_PREDICTIVE","LOW","MODELED"
2026,2,"proe_pace_vs_pass_funnel","CAR","SF",-1.1506,-0.0142,0.3548,0.5161,-0.129,"off:PREDICTIVE|def:NOT_PREDICTIVE","LOW","MODELED"
2026,2,"proe_pace_vs_pass_funnel","CAR","TB",-1.1506,0.0701,0.3548,0.129,-0.5161,"off:PREDICTIVE|def:NOT_PREDICTIVE","LOW","MODELED"
2026,2,"proe_pace_vs_pass_funnel","CAR","TEN",-1.1506,0.0972,0.3548,0.0645,-0.5806,"off:PREDICTIVE|def:NOT_PREDICTIVE","LOW","MODELED"
2026,2,"proe_pace_vs_pass_funnel","CAR","WAS",-1.1506,0.122,0.3548,0,-0.6452,"off:PREDICTIVE|def:NOT_PREDICTIVE","LOW","MODELED"
2026,2,"proe_pace_vs_pass_funnel","CHI","ARI",-5.8609,-0.0165,0.0645,0.5806,-0.3548,"off:PREDICTIVE|def:NOT_PREDICTIVE","LOW","MODELED"
2026,2,"proe_pace_vs_pass_funnel","CHI","ATL",-5.8609,-0.0299,0.0645,0.7419,-0.1935,"off:PREDICTIVE|def:NOT_PREDICTIVE","LOW","MODELED"
2026,2,"proe_pace_vs_pass_funnel","CHI","BAL",-5.8609,-0.0514,0.0645,0.8065,-0.129,"off:PREDICTIVE|def:NOT_PREDICTIVE","LOW","MODELED"
2026,2,"proe_pace_vs_pass_funnel","CHI","BUF",-5.8609,0.0374,0.0645,0.2581,-0.6774,"off:PREDICTIVE|def:NOT_PREDICTIVE","LOW","MODELED"
2026,2,"proe_pace_vs_pass_funnel","CHI","CAR",-5.8609,0.0321,0.0645,0.3226,-0.6129,"off:PREDICTIVE|def:NOT_PREDICTIVE","LOW","MODELED"
2026,2,"proe_pace_vs_pass_funnel","CHI","CIN",-5.8609,0.0555,0.0645,0.1935,-0.7419,"off:PREDICTIVE|def:NOT_PREDICTIVE","LOW","MODELED"
2026,2,"proe_pace_vs_pass_funnel","CHI","CLE",-5.8609,0.0365,0.0645,0.2903,-0.6452,"off:PREDICTIVE|def:NOT_PREDICTIVE","LOW","MODELED"
2026,2,"proe_pace_vs_pass_funnel","CHI","DAL",-5.8609,0.075,0.0645,0.0968,-0.8387,"off:PREDICTIVE|def:NOT_PREDICTIVE","LOW","MODELED"
2026,2,"proe_pace_vs_pass_funnel","CHI","DEN",-5.8609,-0.0873,0.0645,0.9355,0,"off:PREDICTIVE|def:NOT_PREDICTIVE","LOW","MODELED"
2026,2,"proe_pace_vs_pass_funnel","CHI","DET",-5.8609,-0.0689,0.0645,0.871,-0.0645,"off:PREDICTIVE|def:NOT_PREDICTIVE","LOW","MODELED"
2026,2,"proe_pace_vs_pass_funnel","CHI","GB",-5.8609,0.0166,0.0645,0.3871,-0.5484,"off:PREDICTIVE|def:NOT_PREDICTIVE","LOW","MODELED"
2026,2,"proe_pace_vs_pass_funnel","CHI","HOU",-5.8609,-0.0276,0.0645,0.7097,-0.2258,"off:PREDICTIVE|def:NOT_PREDICTIVE","LOW","MODELED"
2026,2,"proe_pace_vs_pass_funnel","CHI","IND",-5.8609,0.0069,0.0645,0.4194,-0.5161,"off:PREDICTIVE|def:NOT_PREDICTIVE","LOW","MODELED"
2026,2,"proe_pace_vs_pass_funnel","CHI","JAX",-5.8609,0.0229,0.0645,0.3548,-0.5806,"off:PREDICTIVE|def:NOT_PREDICTIVE","LOW","MODELED"
2026,2,"proe_pace_vs_pass_funnel","CHI","KC",-5.8609,-0.0232,0.0645,0.6774,-0.2581,"off:PREDICTIVE|def:NOT_PREDICTIVE","LOW","MODELED"
2026,2,"proe_pace_vs_pass_funnel","CHI","LAC",-5.8609,0.0615,0.0645,0.1613,-0.7742,"off:PREDICTIVE|def:NOT_PREDICTIVE","LOW","MODELED"
2026,2,"proe_pace_vs_pass_funnel","CHI","LAR",-5.8609,-0.146,0.0645,1,0.0645,"off:PREDICTIVE|def:NOT_PREDICTIVE","LOW","MODELED"
2026,2,"proe_pace_vs_pass_funnel","CHI","LV",-5.8609,-0.0504,0.0645,0.7742,-0.1613,"off:PREDICTIVE|def:NOT_PREDICTIVE","LOW","MODELED"
2026,2,"proe_pace_vs_pass_funnel","CHI","MIA",-5.8609,0.0476,0.0645,0.2258,-0.7097,"off:PREDICTIVE|def:NOT_PREDICTIVE","LOW","MODELED"
2026,2,"proe_pace_vs_pass_funnel","CHI","MIN",-5.8609,-0.104,0.0645,0.9677,0.0323,"off:PREDICTIVE|def:NOT_PREDICTIVE","LOW","MODELED"
2026,2,"proe_pace_vs_pass_funnel","CHI","NE",-5.8609,-0.0703,0.0645,0.9032,-0.0323,"off:PREDICTIVE|def:NOT_PREDICTIVE","LOW","MODELED"
2026,2,"proe_pace_vs_pass_funnel","CHI","NO",-5.8609,-0.0546,0.0645,0.8387,-0.0968,"off:PREDICTIVE|def:NOT_PREDICTIVE","LOW","MODELED"
2026,2,"proe_pace_vs_pass_funnel","CHI","NYG",-5.8609,0.1081,0.0645,0.0323,-0.9032,"off:PREDICTIVE|def:NOT_PREDICTIVE","LOW","MODELED"
2026,2,"proe_pace_vs_pass_funnel","CHI","NYJ",-5.8609,-0.01,0.0645,0.4839,-0.4516,"off:PREDICTIVE|def:NOT_PREDICTIVE","LOW","MODELED"
2026,2,"proe_pace_vs_pass_funnel","CHI","PHI",-5.8609,-0.0167,0.0645,0.6129,-0.3226,"off:PREDICTIVE|def:NOT_PREDICTIVE","LOW","MODELED"
2026,2,"proe_pace_vs_pass_funnel","CHI","PIT",-5.8609,-0.0049,0.0645,0.4516,-0.4839,"off:PREDICTIVE|def:NOT_PREDICTIVE","LOW","MODELED"
2026,2,"proe_pace_vs_pass_funnel","CHI","SEA",-5.8609,-0.0208,0.0645,0.6452,-0.2903,"off:PREDICTIVE|def:NOT_PREDICTIVE","LOW","MODELED"
2026,2,"proe_pace_vs_pass_funnel","CHI","SF",-5.8609,-0.0142,0.0645,0.5161,-0.4194,"off:PREDICTIVE|def:NOT_PREDICTIVE","LOW","MODELED"
2026,2,"proe_pace_vs_pass_funnel","CHI","TB",-5.8609,0.0701,0.0645,0.129,-0.8065,"off:PREDICTIVE|def:NOT_PREDICTIVE","LOW","MODELED"
2026,2,"proe_pace_vs_pass_funnel","CHI","TEN",-5.8609,0.0972,0.0645,0.0645,-0.871,"off:PREDICTIVE|def:NOT_PREDICTIVE","LOW","MODELED"
2026,2,"proe_pace_vs_pass_funnel","CHI","WAS",-5.8609,0.122,0.0645,0,-0.9355,"off:PREDICTIVE|def:NOT_PREDICTIVE","LOW","MODELED"
2026,2,"proe_pace_vs_pass_funnel","CIN","ARI",3.7086,-0.0165,0.8387,0.5806,0.4194,"off:PREDICTIVE|def:NOT_PREDICTIVE","LOW","MODELED"
2026,2,"proe_pace_vs_pass_funnel","CIN","ATL",3.7086,-0.0299,0.8387,0.7419,0.5806,"off:PREDICTIVE|def:NOT_PREDICTIVE","LOW","MODELED"
2026,2,"proe_pace_vs_pass_funnel","CIN","BAL",3.7086,-0.0514,0.8387,0.8065,0.6452,"off:PREDICTIVE|def:NOT_PREDICTIVE","LOW","MODELED"
2026,2,"proe_pace_vs_pass_funnel","CIN","BUF",3.7086,0.0374,0.8387,0.2581,0.0968,"off:PREDICTIVE|def:NOT_PREDICTIVE","LOW","MODELED"
2026,2,"proe_pace_vs_pass_funnel","CIN","CAR",3.7086,0.0321,0.8387,0.3226,0.1613,"off:PREDICTIVE|def:NOT_PREDICTIVE","LOW","MODELED"
2026,2,"proe_pace_vs_pass_funnel","CIN","CHI",3.7086,-0.0159,0.8387,0.5484,0.3871,"off:PREDICTIVE|def:NOT_PREDICTIVE","LOW","MODELED"
2026,2,"proe_pace_vs_pass_funnel","CIN","CLE",3.7086,0.0365,0.8387,0.2903,0.129,"off:PREDICTIVE|def:NOT_PREDICTIVE","LOW","MODELED"
2026,2,"proe_pace_vs_pass_funnel","CIN","DAL",3.7086,0.075,0.8387,0.0968,-0.0645,"off:PREDICTIVE|def:NOT_PREDICTIVE","LOW","MODELED"
2026,2,"proe_pace_vs_pass_funnel","CIN","DEN",3.7086,-0.0873,0.8387,0.9355,0.7742,"off:PREDICTIVE|def:NOT_PREDICTIVE","LOW","MODELED"
2026,2,"proe_pace_vs_pass_funnel","CIN","DET",3.7086,-0.0689,0.8387,0.871,0.7097,"off:PREDICTIVE|def:NOT_PREDICTIVE","LOW","MODELED"
2026,2,"proe_pace_vs_pass_funnel","CIN","GB",3.7086,0.0166,0.8387,0.3871,0.2258,"off:PREDICTIVE|def:NOT_PREDICTIVE","LOW","MODELED"
2026,2,"proe_pace_vs_pass_funnel","CIN","HOU",3.7086,-0.0276,0.8387,0.7097,0.5484,"off:PREDICTIVE|def:NOT_PREDICTIVE","LOW","MODELED"
2026,2,"proe_pace_vs_pass_funnel","CIN","IND",3.7086,0.0069,0.8387,0.4194,0.2581,"off:PREDICTIVE|def:NOT_PREDICTIVE","LOW","MODELED"
2026,2,"proe_pace_vs_pass_funnel","CIN","JAX",3.7086,0.0229,0.8387,0.3548,0.1935,"off:PREDICTIVE|def:NOT_PREDICTIVE","LOW","MODELED"
2026,2,"proe_pace_vs_pass_funnel","CIN","KC",3.7086,-0.0232,0.8387,0.6774,0.5161,"off:PREDICTIVE|def:NOT_PREDICTIVE","LOW","MODELED"
2026,2,"proe_pace_vs_pass_funnel","CIN","LAC",3.7086,0.0615,0.8387,0.1613,0,"off:PREDICTIVE|def:NOT_PREDICTIVE","LOW","MODELED"
2026,2,"proe_pace_vs_pass_funnel","CIN","LAR",3.7086,-0.146,0.8387,1,0.8387,"off:PREDICTIVE|def:NOT_PREDICTIVE","LOW","MODELED"
2026,2,"proe_pace_vs_pass_funnel","CIN","LV",3.7086,-0.0504,0.8387,0.7742,0.6129,"off:PREDICTIVE|def:NOT_PREDICTIVE","LOW","MODELED"
2026,2,"proe_pace_vs_pass_funnel","CIN","MIA",3.7086,0.0476,0.8387,0.2258,0.0645,"off:PREDICTIVE|def:NOT_PREDICTIVE","LOW","MODELED"
2026,2,"proe_pace_vs_pass_funnel","CIN","MIN",3.7086,-0.104,0.8387,0.9677,0.8065,"off:PREDICTIVE|def:NOT_PREDICTIVE","LOW","MODELED"
2026,2,"proe_pace_vs_pass_funnel","CIN","NE",3.7086,-0.0703,0.8387,0.9032,0.7419,"off:PREDICTIVE|def:NOT_PREDICTIVE","LOW","MODELED"
2026,2,"proe_pace_vs_pass_funnel","CIN","NO",3.7086,-0.0546,0.8387,0.8387,0.6774,"off:PREDICTIVE|def:NOT_PREDICTIVE","LOW","MODELED"
2026,2,"proe_pace_vs_pass_funnel","CIN","NYG",3.7086,0.1081,0.8387,0.0323,-0.129,"off:PREDICTIVE|def:NOT_PREDICTIVE","LOW","MODELED"
2026,2,"proe_pace_vs_pass_funnel","CIN","NYJ",3.7086,-0.01,0.8387,0.4839,0.3226,"off:PREDICTIVE|def:NOT_PREDICTIVE","LOW","MODELED"
2026,2,"proe_pace_vs_pass_funnel","CIN","PHI",3.7086,-0.0167,0.8387,0.6129,0.4516,"off:PREDICTIVE|def:NOT_PREDICTIVE","LOW","MODELED"
2026,2,"proe_pace_vs_pass_funnel","CIN","PIT",3.7086,-0.0049,0.8387,0.4516,0.2903,"off:PREDICTIVE|def:NOT_PREDICTIVE","LOW","MODELED"
2026,2,"proe_pace_vs_pass_funnel","CIN","SEA",3.7086,-0.0208,0.8387,0.6452,0.4839,"off:PREDICTIVE|def:NOT_PREDICTIVE","LOW","MODELED"
2026,2,"proe_pace_vs_pass_funnel","CIN","SF",3.7086,-0.0142,0.8387,0.5161,0.3548,"off:PREDICTIVE|def:NOT_PREDICTIVE","LOW","MODELED"
2026,2,"proe_pace_vs_pass_funnel","CIN","TB",3.7086,0.0701,0.8387,0.129,-0.0323,"off:PREDICTIVE|def:NOT_PREDICTIVE","LOW","MODELED"
2026,2,"proe_pace_vs_pass_funnel","CIN","TEN",3.7086,0.0972,0.8387,0.0645,-0.0968,"off:PREDICTIVE|def:NOT_PREDICTIVE","LOW","MODELED"
2026,2,"proe_pace_vs_pass_funnel","CIN","WAS",3.7086,0.122,0.8387,0,-0.1613,"off:PREDICTIVE|def:NOT_PREDICTIVE","LOW","MODELED"
2026,2,"proe_pace_vs_pass_funnel","CLE","ARI",1.4323,-0.0165,0.5806,0.5806,0.1613,"off:PREDICTIVE|def:NOT_PREDICTIVE","LOW","MODELED"
2026,2,"proe_pace_vs_pass_funnel","CLE","ATL",1.4323,-0.0299,0.5806,0.7419,0.3226,"off:PREDICTIVE|def:NOT_PREDICTIVE","LOW","MODELED"
2026,2,"proe_pace_vs_pass_funnel","CLE","BAL",1.4323,-0.0514,0.5806,0.8065,0.3871,"off:PREDICTIVE|def:NOT_PREDICTIVE","LOW","MODELED"
2026,2,"proe_pace_vs_pass_funnel","CLE","BUF",1.4323,0.0374,0.5806,0.2581,-0.1613,"off:PREDICTIVE|def:NOT_PREDICTIVE","LOW","MODELED"
2026,2,"proe_pace_vs_pass_funnel","CLE","CAR",1.4323,0.0321,0.5806,0.3226,-0.0968,"off:PREDICTIVE|def:NOT_PREDICTIVE","LOW","MODELED"
2026,2,"proe_pace_vs_pass_funnel","CLE","CHI",1.4323,-0.0159,0.5806,0.5484,0.129,"off:PREDICTIVE|def:NOT_PREDICTIVE","LOW","MODELED"
2026,2,"proe_pace_vs_pass_funnel","CLE","CIN",1.4323,0.0555,0.5806,0.1935,-0.2258,"off:PREDICTIVE|def:NOT_PREDICTIVE","LOW","MODELED"
2026,2,"proe_pace_vs_pass_funnel","CLE","DAL",1.4323,0.075,0.5806,0.0968,-0.3226,"off:PREDICTIVE|def:NOT_PREDICTIVE","LOW","MODELED"
2026,2,"proe_pace_vs_pass_funnel","CLE","DEN",1.4323,-0.0873,0.5806,0.9355,0.5161,"off:PREDICTIVE|def:NOT_PREDICTIVE","LOW","MODELED"
2026,2,"proe_pace_vs_pass_funnel","CLE","DET",1.4323,-0.0689,0.5806,0.871,0.4516,"off:PREDICTIVE|def:NOT_PREDICTIVE","LOW","MODELED"
2026,2,"proe_pace_vs_pass_funnel","CLE","GB",1.4323,0.0166,0.5806,0.3871,-0.0323,"off:PREDICTIVE|def:NOT_PREDICTIVE","LOW","MODELED"
2026,2,"proe_pace_vs_pass_funnel","CLE","HOU",1.4323,-0.0276,0.5806,0.7097,0.2903,"off:PREDICTIVE|def:NOT_PREDICTIVE","LOW","MODELED"
2026,2,"proe_pace_vs_pass_funnel","CLE","IND",1.4323,0.0069,0.5806,0.4194,0,"off:PREDICTIVE|def:NOT_PREDICTIVE","LOW","MODELED"
2026,2,"proe_pace_vs_pass_funnel","CLE","JAX",1.4323,0.0229,0.5806,0.3548,-0.0645,"off:PREDICTIVE|def:NOT_PREDICTIVE","LOW","MODELED"
2026,2,"proe_pace_vs_pass_funnel","CLE","KC",1.4323,-0.0232,0.5806,0.6774,0.2581,"off:PREDICTIVE|def:NOT_PREDICTIVE","LOW","MODELED"
2026,2,"proe_pace_vs_pass_funnel","CLE","LAC",1.4323,0.0615,0.5806,0.1613,-0.2581,"off:PREDICTIVE|def:NOT_PREDICTIVE","LOW","MODELED"
2026,2,"proe_pace_vs_pass_funnel","CLE","LAR",1.4323,-0.146,0.5806,1,0.5806,"off:PREDICTIVE|def:NOT_PREDICTIVE","LOW","MODELED"
2026,2,"proe_pace_vs_pass_funnel","CLE","LV",1.4323,-0.0504,0.5806,0.7742,0.3548,"off:PREDICTIVE|def:NOT_PREDICTIVE","LOW","MODELED"
2026,2,"proe_pace_vs_pass_funnel","CLE","MIA",1.4323,0.0476,0.5806,0.2258,-0.1935,"off:PREDICTIVE|def:NOT_PREDICTIVE","LOW","MODELED"
2026,2,"proe_pace_vs_pass_funnel","CLE","MIN",1.4323,-0.104,0.5806,0.9677,0.5484,"off:PREDICTIVE|def:NOT_PREDICTIVE","LOW","MODELED"
2026,2,"proe_pace_vs_pass_funnel","CLE","NE",1.4323,-0.0703,0.5806,0.9032,0.4839,"off:PREDICTIVE|def:NOT_PREDICTIVE","LOW","MODELED"
2026,2,"proe_pace_vs_pass_funnel","CLE","NO",1.4323,-0.0546,0.5806,0.8387,0.4194,"off:PREDICTIVE|def:NOT_PREDICTIVE","LOW","MODELED"
2026,2,"proe_pace_vs_pass_funnel","CLE","NYG",1.4323,0.1081,0.5806,0.0323,-0.3871,"off:PREDICTIVE|def:NOT_PREDICTIVE","LOW","MODELED"
2026,2,"proe_pace_vs_pass_funnel","CLE","NYJ",1.4323,-0.01,0.5806,0.4839,0.0645,"off:PREDICTIVE|def:NOT_PREDICTIVE","LOW","MODELED"
2026,2,"proe_pace_vs_pass_funnel","CLE","PHI",1.4323,-0.0167,0.5806,0.6129,0.1935,"off:PREDICTIVE|def:NOT_PREDICTIVE","LOW","MODELED"
2026,2,"proe_pace_vs_pass_funnel","CLE","PIT",1.4323,-0.0049,0.5806,0.4516,0.0323,"off:PREDICTIVE|def:NOT_PREDICTIVE","LOW","MODELED"
2026,2,"proe_pace_vs_pass_funnel","CLE","SEA",1.4323,-0.0208,0.5806,0.6452,0.2258,"off:PREDICTIVE|def:NOT_PREDICTIVE","LOW","MODELED"
2026,2,"proe_pace_vs_pass_funnel","CLE","SF",1.4323,-0.0142,0.5806,0.5161,0.0968,"off:PREDICTIVE|def:NOT_PREDICTIVE","LOW","MODELED"
2026,2,"proe_pace_vs_pass_funnel","CLE","TB",1.4323,0.0701,0.5806,0.129,-0.2903,"off:PREDICTIVE|def:NOT_PREDICTIVE","LOW","MODELED"
2026,2,"proe_pace_vs_pass_funnel","CLE","TEN",1.4323,0.0972,0.5806,0.0645,-0.3548,"off:PREDICTIVE|def:NOT_PREDICTIVE","LOW","MODELED"
2026,2,"proe_pace_vs_pass_funnel","CLE","WAS",1.4323,0.122,0.5806,0,-0.4194,"off:PREDICTIVE|def:NOT_PREDICTIVE","LOW","MODELED"
2026,2,"proe_pace_vs_pass_funnel","DAL","ARI",3.305,-0.0165,0.8065,0.5806,0.3871,"off:PREDICTIVE|def:NOT_PREDICTIVE","LOW","MODELED"
2026,2,"proe_pace_vs_pass_funnel","DAL","ATL",3.305,-0.0299,0.8065,0.7419,0.5484,"off:PREDICTIVE|def:NOT_PREDICTIVE","LOW","MODELED"
2026,2,"proe_pace_vs_pass_funnel","DAL","BAL",3.305,-0.0514,0.8065,0.8065,0.6129,"off:PREDICTIVE|def:NOT_PREDICTIVE","LOW","MODELED"
2026,2,"proe_pace_vs_pass_funnel","DAL","BUF",3.305,0.0374,0.8065,0.2581,0.0645,"off:PREDICTIVE|def:NOT_PREDICTIVE","LOW","MODELED"
2026,2,"proe_pace_vs_pass_funnel","DAL","CAR",3.305,0.0321,0.8065,0.3226,0.129,"off:PREDICTIVE|def:NOT_PREDICTIVE","LOW","MODELED"
2026,2,"proe_pace_vs_pass_funnel","DAL","CHI",3.305,-0.0159,0.8065,0.5484,0.3548,"off:PREDICTIVE|def:NOT_PREDICTIVE","LOW","MODELED"
2026,2,"proe_pace_vs_pass_funnel","DAL","CIN",3.305,0.0555,0.8065,0.1935,0,"off:PREDICTIVE|def:NOT_PREDICTIVE","LOW","MODELED"
2026,2,"proe_pace_vs_pass_funnel","DAL","CLE",3.305,0.0365,0.8065,0.2903,0.0968,"off:PREDICTIVE|def:NOT_PREDICTIVE","LOW","MODELED"
2026,2,"proe_pace_vs_pass_funnel","DAL","DEN",3.305,-0.0873,0.8065,0.9355,0.7419,"off:PREDICTIVE|def:NOT_PREDICTIVE","LOW","MODELED"
2026,2,"proe_pace_vs_pass_funnel","DAL","DET",3.305,-0.0689,0.8065,0.871,0.6774,"off:PREDICTIVE|def:NOT_PREDICTIVE","LOW","MODELED"
2026,2,"proe_pace_vs_pass_funnel","DAL","GB",3.305,0.0166,0.8065,0.3871,0.1935,"off:PREDICTIVE|def:NOT_PREDICTIVE","LOW","MODELED"
2026,2,"proe_pace_vs_pass_funnel","DAL","HOU",3.305,-0.0276,0.8065,0.7097,0.5161,"off:PREDICTIVE|def:NOT_PREDICTIVE","LOW","MODELED"
2026,2,"proe_pace_vs_pass_funnel","DAL","IND",3.305,0.0069,0.8065,0.4194,0.2258,"off:PREDICTIVE|def:NOT_PREDICTIVE","LOW","MODELED"
2026,2,"proe_pace_vs_pass_funnel","DAL","JAX",3.305,0.0229,0.8065,0.3548,0.1613,"off:PREDICTIVE|def:NOT_PREDICTIVE","LOW","MODELED"
2026,2,"proe_pace_vs_pass_funnel","DAL","KC",3.305,-0.0232,0.8065,0.6774,0.4839,"off:PREDICTIVE|def:NOT_PREDICTIVE","LOW","MODELED"
2026,2,"proe_pace_vs_pass_funnel","DAL","LAC",3.305,0.0615,0.8065,0.1613,-0.0323,"off:PREDICTIVE|def:NOT_PREDICTIVE","LOW","MODELED"
2026,2,"proe_pace_vs_pass_funnel","DAL","LAR",3.305,-0.146,0.8065,1,0.8065,"off:PREDICTIVE|def:NOT_PREDICTIVE","LOW","MODELED"
2026,2,"proe_pace_vs_pass_funnel","DAL","LV",3.305,-0.0504,0.8065,0.7742,0.5806,"off:PREDICTIVE|def:NOT_PREDICTIVE","LOW","MODELED"
2026,2,"proe_pace_vs_pass_funnel","DAL","MIA",3.305,0.0476,0.8065,0.2258,0.0323,"off:PREDICTIVE|def:NOT_PREDICTIVE","LOW","MODELED"
2026,2,"proe_pace_vs_pass_funnel","DAL","MIN",3.305,-0.104,0.8065,0.9677,0.7742,"off:PREDICTIVE|def:NOT_PREDICTIVE","LOW","MODELED"
2026,2,"proe_pace_vs_pass_funnel","DAL","NE",3.305,-0.0703,0.8065,0.9032,0.7097,"off:PREDICTIVE|def:NOT_PREDICTIVE","LOW","MODELED"
2026,2,"proe_pace_vs_pass_funnel","DAL","NO",3.305,-0.0546,0.8065,0.8387,0.6452,"off:PREDICTIVE|def:NOT_PREDICTIVE","LOW","MODELED"
2026,2,"proe_pace_vs_pass_funnel","DAL","NYG",3.305,0.1081,0.8065,0.0323,-0.1613,"off:PREDICTIVE|def:NOT_PREDICTIVE","LOW","MODELED"
2026,2,"proe_pace_vs_pass_funnel","DAL","NYJ",3.305,-0.01,0.8065,0.4839,0.2903,"off:PREDICTIVE|def:NOT_PREDICTIVE","LOW","MODELED"
2026,2,"proe_pace_vs_pass_funnel","DAL","PHI",3.305,-0.0167,0.8065,0.6129,0.4194,"off:PREDICTIVE|def:NOT_PREDICTIVE","LOW","MODELED"
2026,2,"proe_pace_vs_pass_funnel","DAL","PIT",3.305,-0.0049,0.8065,0.4516,0.2581,"off:PREDICTIVE|def:NOT_PREDICTIVE","LOW","MODELED"
2026,2,"proe_pace_vs_pass_funnel","DAL","SEA",3.305,-0.0208,0.8065,0.6452,0.4516,"off:PREDICTIVE|def:NOT_PREDICTIVE","LOW","MODELED"
2026,2,"proe_pace_vs_pass_funnel","DAL","SF",3.305,-0.0142,0.8065,0.5161,0.3226,"off:PREDICTIVE|def:NOT_PREDICTIVE","LOW","MODELED"
2026,2,"proe_pace_vs_pass_funnel","DAL","TB",3.305,0.0701,0.8065,0.129,-0.0645,"off:PREDICTIVE|def:NOT_PREDICTIVE","LOW","MODELED"
2026,2,"proe_pace_vs_pass_funnel","DAL","TEN",3.305,0.0972,0.8065,0.0645,-0.129,"off:PREDICTIVE|def:NOT_PREDICTIVE","LOW","MODELED"
2026,2,"proe_pace_vs_pass_funnel","DAL","WAS",3.305,0.122,0.8065,0,-0.1935,"off:PREDICTIVE|def:NOT_PREDICTIVE","LOW","MODELED"
2026,2,"proe_pace_vs_pass_funnel","DEN","ARI",4.3999,-0.0165,1,0.5806,0.5806,"off:PREDICTIVE|def:NOT_PREDICTIVE","LOW","MODELED"
2026,2,"proe_pace_vs_pass_funnel","DEN","ATL",4.3999,-0.0299,1,0.7419,0.7419,"off:PREDICTIVE|def:NOT_PREDICTIVE","LOW","MODELED"
2026,2,"proe_pace_vs_pass_funnel","DEN","BAL",4.3999,-0.0514,1,0.8065,0.8065,"off:PREDICTIVE|def:NOT_PREDICTIVE","LOW","MODELED"
2026,2,"proe_pace_vs_pass_funnel","DEN","BUF",4.3999,0.0374,1,0.2581,0.2581,"off:PREDICTIVE|def:NOT_PREDICTIVE","LOW","MODELED"
2026,2,"proe_pace_vs_pass_funnel","DEN","CAR",4.3999,0.0321,1,0.3226,0.3226,"off:PREDICTIVE|def:NOT_PREDICTIVE","LOW","MODELED"
2026,2,"proe_pace_vs_pass_funnel","DEN","CHI",4.3999,-0.0159,1,0.5484,0.5484,"off:PREDICTIVE|def:NOT_PREDICTIVE","LOW","MODELED"
2026,2,"proe_pace_vs_pass_funnel","DEN","CIN",4.3999,0.0555,1,0.1935,0.1935,"off:PREDICTIVE|def:NOT_PREDICTIVE","LOW","MODELED"
2026,2,"proe_pace_vs_pass_funnel","DEN","CLE",4.3999,0.0365,1,0.2903,0.2903,"off:PREDICTIVE|def:NOT_PREDICTIVE","LOW","MODELED"
2026,2,"proe_pace_vs_pass_funnel","DEN","DAL",4.3999,0.075,1,0.0968,0.0968,"off:PREDICTIVE|def:NOT_PREDICTIVE","LOW","MODELED"
2026,2,"proe_pace_vs_pass_funnel","DEN","DET",4.3999,-0.0689,1,0.871,0.871,"off:PREDICTIVE|def:NOT_PREDICTIVE","LOW","MODELED"
2026,2,"proe_pace_vs_pass_funnel","DEN","GB",4.3999,0.0166,1,0.3871,0.3871,"off:PREDICTIVE|def:NOT_PREDICTIVE","LOW","MODELED"
2026,2,"proe_pace_vs_pass_funnel","DEN","HOU",4.3999,-0.0276,1,0.7097,0.7097,"off:PREDICTIVE|def:NOT_PREDICTIVE","LOW","MODELED"
2026,2,"proe_pace_vs_pass_funnel","DEN","IND",4.3999,0.0069,1,0.4194,0.4194,"off:PREDICTIVE|def:NOT_PREDICTIVE","LOW","MODELED"
2026,2,"proe_pace_vs_pass_funnel","DEN","JAX",4.3999,0.0229,1,0.3548,0.3548,"off:PREDICTIVE|def:NOT_PREDICTIVE","LOW","MODELED"
2026,2,"proe_pace_vs_pass_funnel","DEN","KC",4.3999,-0.0232,1,0.6774,0.6774,"off:PREDICTIVE|def:NOT_PREDICTIVE","LOW","MODELED"
2026,2,"proe_pace_vs_pass_funnel","DEN","LAC",4.3999,0.0615,1,0.1613,0.1613,"off:PREDICTIVE|def:NOT_PREDICTIVE","LOW","MODELED"
2026,2,"proe_pace_vs_pass_funnel","DEN","LAR",4.3999,-0.146,1,1,1,"off:PREDICTIVE|def:NOT_PREDICTIVE","LOW","MODELED"
2026,2,"proe_pace_vs_pass_funnel","DEN","LV",4.3999,-0.0504,1,0.7742,0.7742,"off:PREDICTIVE|def:NOT_PREDICTIVE","LOW","MODELED"
2026,2,"proe_pace_vs_pass_funnel","DEN","MIA",4.3999,0.0476,1,0.2258,0.2258,"off:PREDICTIVE|def:NOT_PREDICTIVE","LOW","MODELED"
2026,2,"proe_pace_vs_pass_funnel","DEN","MIN",4.3999,-0.104,1,0.9677,0.9677,"off:PREDICTIVE|def:NOT_PREDICTIVE","LOW","MODELED"
2026,2,"proe_pace_vs_pass_funnel","DEN","NE",4.3999,-0.0703,1,0.9032,0.9032,"off:PREDICTIVE|def:NOT_PREDICTIVE","LOW","MODELED"
2026,2,"proe_pace_vs_pass_funnel","DEN","NO",4.3999,-0.0546,1,0.8387,0.8387,"off:PREDICTIVE|def:NOT_PREDICTIVE","LOW","MODELED"
2026,2,"proe_pace_vs_pass_funnel","DEN","NYG",4.3999,0.1081,1,0.0323,0.0323,"off:PREDICTIVE|def:NOT_PREDICTIVE","LOW","MODELED"
2026,2,"proe_pace_vs_pass_funnel","DEN","NYJ",4.3999,-0.01,1,0.4839,0.4839,"off:PREDICTIVE|def:NOT_PREDICTIVE","LOW","MODELED"
2026,2,"proe_pace_vs_pass_funnel","DEN","PHI",4.3999,-0.0167,1,0.6129,0.6129,"off:PREDICTIVE|def:NOT_PREDICTIVE","LOW","MODELED"
2026,2,"proe_pace_vs_pass_funnel","DEN","PIT",4.3999,-0.0049,1,0.4516,0.4516,"off:PREDICTIVE|def:NOT_PREDICTIVE","LOW","MODELED"
2026,2,"proe_pace_vs_pass_funnel","DEN","SEA",4.3999,-0.0208,1,0.6452,0.6452,"off:PREDICTIVE|def:NOT_PREDICTIVE","LOW","MODELED"
2026,2,"proe_pace_vs_pass_funnel","DEN","SF",4.3999,-0.0142,1,0.5161,0.5161,"off:PREDICTIVE|def:NOT_PREDICTIVE","LOW","MODELED"
2026,2,"proe_pace_vs_pass_funnel","DEN","TB",4.3999,0.0701,1,0.129,0.129,"off:PREDICTIVE|def:NOT_PREDICTIVE","LOW","MODELED"
2026,2,"proe_pace_vs_pass_funnel","DEN","TEN",4.3999,0.0972,1,0.0645,0.0645,"off:PREDICTIVE|def:NOT_PREDICTIVE","LOW","MODELED"
2026,2,"proe_pace_vs_pass_funnel","DEN","WAS",4.3999,0.122,1,0,0,"off:PREDICTIVE|def:NOT_PREDICTIVE","LOW","MODELED"
2026,2,"proe_pace_vs_pass_funnel","DET","ARI",-3.6399,-0.0165,0.1613,0.5806,-0.2581,"off:PREDICTIVE|def:NOT_PREDICTIVE","LOW","MODELED"
2026,2,"proe_pace_vs_pass_funnel","DET","ATL",-3.6399,-0.0299,0.1613,0.7419,-0.0968,"off:PREDICTIVE|def:NOT_PREDICTIVE","LOW","MODELED"
2026,2,"proe_pace_vs_pass_funnel","DET","BAL",-3.6399,-0.0514,0.1613,0.8065,-0.0323,"off:PREDICTIVE|def:NOT_PREDICTIVE","LOW","MODELED"
2026,2,"proe_pace_vs_pass_funnel","DET","BUF",-3.6399,0.0374,0.1613,0.2581,-0.5806,"off:PREDICTIVE|def:NOT_PREDICTIVE","LOW","MODELED"
2026,2,"proe_pace_vs_pass_funnel","DET","CAR",-3.6399,0.0321,0.1613,0.3226,-0.5161,"off:PREDICTIVE|def:NOT_PREDICTIVE","LOW","MODELED"
2026,2,"proe_pace_vs_pass_funnel","DET","CHI",-3.6399,-0.0159,0.1613,0.5484,-0.2903,"off:PREDICTIVE|def:NOT_PREDICTIVE","LOW","MODELED"
2026,2,"proe_pace_vs_pass_funnel","DET","CIN",-3.6399,0.0555,0.1613,0.1935,-0.6452,"off:PREDICTIVE|def:NOT_PREDICTIVE","LOW","MODELED"
2026,2,"proe_pace_vs_pass_funnel","DET","CLE",-3.6399,0.0365,0.1613,0.2903,-0.5484,"off:PREDICTIVE|def:NOT_PREDICTIVE","LOW","MODELED"
2026,2,"proe_pace_vs_pass_funnel","DET","DAL",-3.6399,0.075,0.1613,0.0968,-0.7419,"off:PREDICTIVE|def:NOT_PREDICTIVE","LOW","MODELED"
2026,2,"proe_pace_vs_pass_funnel","DET","DEN",-3.6399,-0.0873,0.1613,0.9355,0.0968,"off:PREDICTIVE|def:NOT_PREDICTIVE","LOW","MODELED"
2026,2,"proe_pace_vs_pass_funnel","DET","GB",-3.6399,0.0166,0.1613,0.3871,-0.4516,"off:PREDICTIVE|def:NOT_PREDICTIVE","LOW","MODELED"
2026,2,"proe_pace_vs_pass_funnel","DET","HOU",-3.6399,-0.0276,0.1613,0.7097,-0.129,"off:PREDICTIVE|def:NOT_PREDICTIVE","LOW","MODELED"
2026,2,"proe_pace_vs_pass_funnel","DET","IND",-3.6399,0.0069,0.1613,0.4194,-0.4194,"off:PREDICTIVE|def:NOT_PREDICTIVE","LOW","MODELED"
2026,2,"proe_pace_vs_pass_funnel","DET","JAX",-3.6399,0.0229,0.1613,0.3548,-0.4839,"off:PREDICTIVE|def:NOT_PREDICTIVE","LOW","MODELED"
2026,2,"proe_pace_vs_pass_funnel","DET","KC",-3.6399,-0.0232,0.1613,0.6774,-0.1613,"off:PREDICTIVE|def:NOT_PREDICTIVE","LOW","MODELED"
2026,2,"proe_pace_vs_pass_funnel","DET","LAC",-3.6399,0.0615,0.1613,0.1613,-0.6774,"off:PREDICTIVE|def:NOT_PREDICTIVE","LOW","MODELED"
2026,2,"proe_pace_vs_pass_funnel","DET","LAR",-3.6399,-0.146,0.1613,1,0.1613,"off:PREDICTIVE|def:NOT_PREDICTIVE","LOW","MODELED"
2026,2,"proe_pace_vs_pass_funnel","DET","LV",-3.6399,-0.0504,0.1613,0.7742,-0.0645,"off:PREDICTIVE|def:NOT_PREDICTIVE","LOW","MODELED"
2026,2,"proe_pace_vs_pass_funnel","DET","MIA",-3.6399,0.0476,0.1613,0.2258,-0.6129,"off:PREDICTIVE|def:NOT_PREDICTIVE","LOW","MODELED"
2026,2,"proe_pace_vs_pass_funnel","DET","MIN",-3.6399,-0.104,0.1613,0.9677,0.129,"off:PREDICTIVE|def:NOT_PREDICTIVE","LOW","MODELED"
2026,2,"proe_pace_vs_pass_funnel","DET","NE",-3.6399,-0.0703,0.1613,0.9032,0.0645,"off:PREDICTIVE|def:NOT_PREDICTIVE","LOW","MODELED"
2026,2,"proe_pace_vs_pass_funnel","DET","NO",-3.6399,-0.0546,0.1613,0.8387,0,"off:PREDICTIVE|def:NOT_PREDICTIVE","LOW","MODELED"
2026,2,"proe_pace_vs_pass_funnel","DET","NYG",-3.6399,0.1081,0.1613,0.0323,-0.8065,"off:PREDICTIVE|def:NOT_PREDICTIVE","LOW","MODELED"
2026,2,"proe_pace_vs_pass_funnel","DET","NYJ",-3.6399,-0.01,0.1613,0.4839,-0.3548,"off:PREDICTIVE|def:NOT_PREDICTIVE","LOW","MODELED"
2026,2,"proe_pace_vs_pass_funnel","DET","PHI",-3.6399,-0.0167,0.1613,0.6129,-0.2258,"off:PREDICTIVE|def:NOT_PREDICTIVE","LOW","MODELED"
2026,2,"proe_pace_vs_pass_funnel","DET","PIT",-3.6399,-0.0049,0.1613,0.4516,-0.3871,"off:PREDICTIVE|def:NOT_PREDICTIVE","LOW","MODELED"
2026,2,"proe_pace_vs_pass_funnel","DET","SEA",-3.6399,-0.0208,0.1613,0.6452,-0.1935,"off:PREDICTIVE|def:NOT_PREDICTIVE","LOW","MODELED"
2026,2,"proe_pace_vs_pass_funnel","DET","SF",-3.6399,-0.0142,0.1613,0.5161,-0.3226,"off:PREDICTIVE|def:NOT_PREDICTIVE","LOW","MODELED"
2026,2,"proe_pace_vs_pass_funnel","DET","TB",-3.6399,0.0701,0.1613,0.129,-0.7097,"off:PREDICTIVE|def:NOT_PREDICTIVE","LOW","MODELED"
2026,2,"proe_pace_vs_pass_funnel","DET","TEN",-3.6399,0.0972,0.1613,0.0645,-0.7742,"off:PREDICTIVE|def:NOT_PREDICTIVE","LOW","MODELED"
2026,2,"proe_pace_vs_pass_funnel","DET","WAS",-3.6399,0.122,0.1613,0,-0.8387,"off:PREDICTIVE|def:NOT_PREDICTIVE","LOW","MODELED"
2026,2,"proe_pace_vs_pass_funnel","GB","ARI",-3.716,-0.0165,0.129,0.5806,-0.2903,"off:PREDICTIVE|def:NOT_PREDICTIVE","LOW","MODELED"
2026,2,"proe_pace_vs_pass_funnel","GB","ATL",-3.716,-0.0299,0.129,0.7419,-0.129,"off:PREDICTIVE|def:NOT_PREDICTIVE","LOW","MODELED"
2026,2,"proe_pace_vs_pass_funnel","GB","BAL",-3.716,-0.0514,0.129,0.8065,-0.0645,"off:PREDICTIVE|def:NOT_PREDICTIVE","LOW","MODELED"
2026,2,"proe_pace_vs_pass_funnel","GB","BUF",-3.716,0.0374,0.129,0.2581,-0.6129,"off:PREDICTIVE|def:NOT_PREDICTIVE","LOW","MODELED"
2026,2,"proe_pace_vs_pass_funnel","GB","CAR",-3.716,0.0321,0.129,0.3226,-0.5484,"off:PREDICTIVE|def:NOT_PREDICTIVE","LOW","MODELED"
2026,2,"proe_pace_vs_pass_funnel","GB","CHI",-3.716,-0.0159,0.129,0.5484,-0.3226,"off:PREDICTIVE|def:NOT_PREDICTIVE","LOW","MODELED"
2026,2,"proe_pace_vs_pass_funnel","GB","CIN",-3.716,0.0555,0.129,0.1935,-0.6774,"off:PREDICTIVE|def:NOT_PREDICTIVE","LOW","MODELED"
2026,2,"proe_pace_vs_pass_funnel","GB","CLE",-3.716,0.0365,0.129,0.2903,-0.5806,"off:PREDICTIVE|def:NOT_PREDICTIVE","LOW","MODELED"
2026,2,"proe_pace_vs_pass_funnel","GB","DAL",-3.716,0.075,0.129,0.0968,-0.7742,"off:PREDICTIVE|def:NOT_PREDICTIVE","LOW","MODELED"
2026,2,"proe_pace_vs_pass_funnel","GB","DEN",-3.716,-0.0873,0.129,0.9355,0.0645,"off:PREDICTIVE|def:NOT_PREDICTIVE","LOW","MODELED"
2026,2,"proe_pace_vs_pass_funnel","GB","DET",-3.716,-0.0689,0.129,0.871,0,"off:PREDICTIVE|def:NOT_PREDICTIVE","LOW","MODELED"
2026,2,"proe_pace_vs_pass_funnel","GB","HOU",-3.716,-0.0276,0.129,0.7097,-0.1613,"off:PREDICTIVE|def:NOT_PREDICTIVE","LOW","MODELED"
2026,2,"proe_pace_vs_pass_funnel","GB","IND",-3.716,0.0069,0.129,0.4194,-0.4516,"off:PREDICTIVE|def:NOT_PREDICTIVE","LOW","MODELED"
2026,2,"proe_pace_vs_pass_funnel","GB","JAX",-3.716,0.0229,0.129,0.3548,-0.5161,"off:PREDICTIVE|def:NOT_PREDICTIVE","LOW","MODELED"
2026,2,"proe_pace_vs_pass_funnel","GB","KC",-3.716,-0.0232,0.129,0.6774,-0.1935,"off:PREDICTIVE|def:NOT_PREDICTIVE","LOW","MODELED"
2026,2,"proe_pace_vs_pass_funnel","GB","LAC",-3.716,0.0615,0.129,0.1613,-0.7097,"off:PREDICTIVE|def:NOT_PREDICTIVE","LOW","MODELED"
2026,2,"proe_pace_vs_pass_funnel","GB","LAR",-3.716,-0.146,0.129,1,0.129,"off:PREDICTIVE|def:NOT_PREDICTIVE","LOW","MODELED"
2026,2,"proe_pace_vs_pass_funnel","GB","LV",-3.716,-0.0504,0.129,0.7742,-0.0968,"off:PREDICTIVE|def:NOT_PREDICTIVE","LOW","MODELED"
2026,2,"proe_pace_vs_pass_funnel","GB","MIA",-3.716,0.0476,0.129,0.2258,-0.6452,"off:PREDICTIVE|def:NOT_PREDICTIVE","LOW","MODELED"
2026,2,"proe_pace_vs_pass_funnel","GB","MIN",-3.716,-0.104,0.129,0.9677,0.0968,"off:PREDICTIVE|def:NOT_PREDICTIVE","LOW","MODELED"
2026,2,"proe_pace_vs_pass_funnel","GB","NE",-3.716,-0.0703,0.129,0.9032,0.0323,"off:PREDICTIVE|def:NOT_PREDICTIVE","LOW","MODELED"
2026,2,"proe_pace_vs_pass_funnel","GB","NO",-3.716,-0.0546,0.129,0.8387,-0.0323,"off:PREDICTIVE|def:NOT_PREDICTIVE","LOW","MODELED"
2026,2,"proe_pace_vs_pass_funnel","GB","NYG",-3.716,0.1081,0.129,0.0323,-0.8387,"off:PREDICTIVE|def:NOT_PREDICTIVE","LOW","MODELED"
2026,2,"proe_pace_vs_pass_funnel","GB","NYJ",-3.716,-0.01,0.129,0.4839,-0.3871,"off:PREDICTIVE|def:NOT_PREDICTIVE","LOW","MODELED"
2026,2,"proe_pace_vs_pass_funnel","GB","PHI",-3.716,-0.0167,0.129,0.6129,-0.2581,"off:PREDICTIVE|def:NOT_PREDICTIVE","LOW","MODELED"
2026,2,"proe_pace_vs_pass_funnel","GB","PIT",-3.716,-0.0049,0.129,0.4516,-0.4194,"off:PREDICTIVE|def:NOT_PREDICTIVE","LOW","MODELED"
2026,2,"proe_pace_vs_pass_funnel","GB","SEA",-3.716,-0.0208,0.129,0.6452,-0.2258,"off:PREDICTIVE|def:NOT_PREDICTIVE","LOW","MODELED"
2026,2,"proe_pace_vs_pass_funnel","GB","SF",-3.716,-0.0142,0.129,0.5161,-0.3548,"off:PREDICTIVE|def:NOT_PREDICTIVE","LOW","MODELED"
2026,2,"proe_pace_vs_pass_funnel","GB","TB",-3.716,0.0701,0.129,0.129,-0.7419,"off:PREDICTIVE|def:NOT_PREDICTIVE","LOW","MODELED"
2026,2,"proe_pace_vs_pass_funnel","GB","TEN",-3.716,0.0972,0.129,0.0645,-0.8065,"off:PREDICTIVE|def:NOT_PREDICTIVE","LOW","MODELED"
2026,2,"proe_pace_vs_pass_funnel","GB","WAS",-3.716,0.122,0.129,0,-0.871,"off:PREDICTIVE|def:NOT_PREDICTIVE","LOW","MODELED"
2026,2,"proe_pace_vs_pass_funnel","HOU","ARI",2.7843,-0.0165,0.7742,0.5806,0.3548,"off:PREDICTIVE|def:NOT_PREDICTIVE","LOW","MODELED"
2026,2,"proe_pace_vs_pass_funnel","HOU","ATL",2.7843,-0.0299,0.7742,0.7419,0.5161,"off:PREDICTIVE|def:NOT_PREDICTIVE","LOW","MODELED"
2026,2,"proe_pace_vs_pass_funnel","HOU","BAL",2.7843,-0.0514,0.7742,0.8065,0.5806,"off:PREDICTIVE|def:NOT_PREDICTIVE","LOW","MODELED"
2026,2,"proe_pace_vs_pass_funnel","HOU","BUF",2.7843,0.0374,0.7742,0.2581,0.0323,"off:PREDICTIVE|def:NOT_PREDICTIVE","LOW","MODELED"
2026,2,"proe_pace_vs_pass_funnel","HOU","CAR",2.7843,0.0321,0.7742,0.3226,0.0968,"off:PREDICTIVE|def:NOT_PREDICTIVE","LOW","MODELED"
2026,2,"proe_pace_vs_pass_funnel","HOU","CHI",2.7843,-0.0159,0.7742,0.5484,0.3226,"off:PREDICTIVE|def:NOT_PREDICTIVE","LOW","MODELED"
2026,2,"proe_pace_vs_pass_funnel","HOU","CIN",2.7843,0.0555,0.7742,0.1935,-0.0323,"off:PREDICTIVE|def:NOT_PREDICTIVE","LOW","MODELED"
2026,2,"proe_pace_vs_pass_funnel","HOU","CLE",2.7843,0.0365,0.7742,0.2903,0.0645,"off:PREDICTIVE|def:NOT_PREDICTIVE","LOW","MODELED"
2026,2,"proe_pace_vs_pass_funnel","HOU","DAL",2.7843,0.075,0.7742,0.0968,-0.129,"off:PREDICTIVE|def:NOT_PREDICTIVE","LOW","MODELED"
2026,2,"proe_pace_vs_pass_funnel","HOU","DEN",2.7843,-0.0873,0.7742,0.9355,0.7097,"off:PREDICTIVE|def:NOT_PREDICTIVE","LOW","MODELED"
2026,2,"proe_pace_vs_pass_funnel","HOU","DET",2.7843,-0.0689,0.7742,0.871,0.6452,"off:PREDICTIVE|def:NOT_PREDICTIVE","LOW","MODELED"
2026,2,"proe_pace_vs_pass_funnel","HOU","GB",2.7843,0.0166,0.7742,0.3871,0.1613,"off:PREDICTIVE|def:NOT_PREDICTIVE","LOW","MODELED"
2026,2,"proe_pace_vs_pass_funnel","HOU","IND",2.7843,0.0069,0.7742,0.4194,0.1935,"off:PREDICTIVE|def:NOT_PREDICTIVE","LOW","MODELED"
2026,2,"proe_pace_vs_pass_funnel","HOU","JAX",2.7843,0.0229,0.7742,0.3548,0.129,"off:PREDICTIVE|def:NOT_PREDICTIVE","LOW","MODELED"
2026,2,"proe_pace_vs_pass_funnel","HOU","KC",2.7843,-0.0232,0.7742,0.6774,0.4516,"off:PREDICTIVE|def:NOT_PREDICTIVE","LOW","MODELED"
2026,2,"proe_pace_vs_pass_funnel","HOU","LAC",2.7843,0.0615,0.7742,0.1613,-0.0645,"off:PREDICTIVE|def:NOT_PREDICTIVE","LOW","MODELED"
2026,2,"proe_pace_vs_pass_funnel","HOU","LAR",2.7843,-0.146,0.7742,1,0.7742,"off:PREDICTIVE|def:NOT_PREDICTIVE","LOW","MODELED"
2026,2,"proe_pace_vs_pass_funnel","HOU","LV",2.7843,-0.0504,0.7742,0.7742,0.5484,"off:PREDICTIVE|def:NOT_PREDICTIVE","LOW","MODELED"
2026,2,"proe_pace_vs_pass_funnel","HOU","MIA",2.7843,0.0476,0.7742,0.2258,0,"off:PREDICTIVE|def:NOT_PREDICTIVE","LOW","MODELED"
2026,2,"proe_pace_vs_pass_funnel","HOU","MIN",2.7843,-0.104,0.7742,0.9677,0.7419,"off:PREDICTIVE|def:NOT_PREDICTIVE","LOW","MODELED"
2026,2,"proe_pace_vs_pass_funnel","HOU","NE",2.7843,-0.0703,0.7742,0.9032,0.6774,"off:PREDICTIVE|def:NOT_PREDICTIVE","LOW","MODELED"
2026,2,"proe_pace_vs_pass_funnel","HOU","NO",2.7843,-0.0546,0.7742,0.8387,0.6129,"off:PREDICTIVE|def:NOT_PREDICTIVE","LOW","MODELED"
2026,2,"proe_pace_vs_pass_funnel","HOU","NYG",2.7843,0.1081,0.7742,0.0323,-0.1935,"off:PREDICTIVE|def:NOT_PREDICTIVE","LOW","MODELED"
2026,2,"proe_pace_vs_pass_funnel","HOU","NYJ",2.7843,-0.01,0.7742,0.4839,0.2581,"off:PREDICTIVE|def:NOT_PREDICTIVE","LOW","MODELED"
2026,2,"proe_pace_vs_pass_funnel","HOU","PHI",2.7843,-0.0167,0.7742,0.6129,0.3871,"off:PREDICTIVE|def:NOT_PREDICTIVE","LOW","MODELED"
2026,2,"proe_pace_vs_pass_funnel","HOU","PIT",2.7843,-0.0049,0.7742,0.4516,0.2258,"off:PREDICTIVE|def:NOT_PREDICTIVE","LOW","MODELED"
2026,2,"proe_pace_vs_pass_funnel","HOU","SEA",2.7843,-0.0208,0.7742,0.6452,0.4194,"off:PREDICTIVE|def:NOT_PREDICTIVE","LOW","MODELED"
2026,2,"proe_pace_vs_pass_funnel","HOU","SF",2.7843,-0.0142,0.7742,0.5161,0.2903,"off:PREDICTIVE|def:NOT_PREDICTIVE","LOW","MODELED"
2026,2,"proe_pace_vs_pass_funnel","HOU","TB",2.7843,0.0701,0.7742,0.129,-0.0968,"off:PREDICTIVE|def:NOT_PREDICTIVE","LOW","MODELED"
2026,2,"proe_pace_vs_pass_funnel","HOU","TEN",2.7843,0.0972,0.7742,0.0645,-0.1613,"off:PREDICTIVE|def:NOT_PREDICTIVE","LOW","MODELED"
2026,2,"proe_pace_vs_pass_funnel","HOU","WAS",2.7843,0.122,0.7742,0,-0.2258,"off:PREDICTIVE|def:NOT_PREDICTIVE","LOW","MODELED"
2026,2,"proe_pace_vs_pass_funnel","IND","ARI",-1.7289,-0.0165,0.3226,0.5806,-0.0968,"off:PREDICTIVE|def:NOT_PREDICTIVE","LOW","MODELED"
2026,2,"proe_pace_vs_pass_funnel","IND","ATL",-1.7289,-0.0299,0.3226,0.7419,0.0645,"off:PREDICTIVE|def:NOT_PREDICTIVE","LOW","MODELED"
2026,2,"proe_pace_vs_pass_funnel","IND","BAL",-1.7289,-0.0514,0.3226,0.8065,0.129,"off:PREDICTIVE|def:NOT_PREDICTIVE","LOW","MODELED"
2026,2,"proe_pace_vs_pass_funnel","IND","BUF",-1.7289,0.0374,0.3226,0.2581,-0.4194,"off:PREDICTIVE|def:NOT_PREDICTIVE","LOW","MODELED"
2026,2,"proe_pace_vs_pass_funnel","IND","CAR",-1.7289,0.0321,0.3226,0.3226,-0.3548,"off:PREDICTIVE|def:NOT_PREDICTIVE","LOW","MODELED"
2026,2,"proe_pace_vs_pass_funnel","IND","CHI",-1.7289,-0.0159,0.3226,0.5484,-0.129,"off:PREDICTIVE|def:NOT_PREDICTIVE","LOW","MODELED"
2026,2,"proe_pace_vs_pass_funnel","IND","CIN",-1.7289,0.0555,0.3226,0.1935,-0.4839,"off:PREDICTIVE|def:NOT_PREDICTIVE","LOW","MODELED"
2026,2,"proe_pace_vs_pass_funnel","IND","CLE",-1.7289,0.0365,0.3226,0.2903,-0.3871,"off:PREDICTIVE|def:NOT_PREDICTIVE","LOW","MODELED"
2026,2,"proe_pace_vs_pass_funnel","IND","DAL",-1.7289,0.075,0.3226,0.0968,-0.5806,"off:PREDICTIVE|def:NOT_PREDICTIVE","LOW","MODELED"
2026,2,"proe_pace_vs_pass_funnel","IND","DEN",-1.7289,-0.0873,0.3226,0.9355,0.2581,"off:PREDICTIVE|def:NOT_PREDICTIVE","LOW","MODELED"
2026,2,"proe_pace_vs_pass_funnel","IND","DET",-1.7289,-0.0689,0.3226,0.871,0.1935,"off:PREDICTIVE|def:NOT_PREDICTIVE","LOW","MODELED"
2026,2,"proe_pace_vs_pass_funnel","IND","GB",-1.7289,0.0166,0.3226,0.3871,-0.2903,"off:PREDICTIVE|def:NOT_PREDICTIVE","LOW","MODELED"
2026,2,"proe_pace_vs_pass_funnel","IND","HOU",-1.7289,-0.0276,0.3226,0.7097,0.0323,"off:PREDICTIVE|def:NOT_PREDICTIVE","LOW","MODELED"
2026,2,"proe_pace_vs_pass_funnel","IND","JAX",-1.7289,0.0229,0.3226,0.3548,-0.3226,"off:PREDICTIVE|def:NOT_PREDICTIVE","LOW","MODELED"
2026,2,"proe_pace_vs_pass_funnel","IND","KC",-1.7289,-0.0232,0.3226,0.6774,0,"off:PREDICTIVE|def:NOT_PREDICTIVE","LOW","MODELED"
2026,2,"proe_pace_vs_pass_funnel","IND","LAC",-1.7289,0.0615,0.3226,0.1613,-0.5161,"off:PREDICTIVE|def:NOT_PREDICTIVE","LOW","MODELED"
2026,2,"proe_pace_vs_pass_funnel","IND","LAR",-1.7289,-0.146,0.3226,1,0.3226,"off:PREDICTIVE|def:NOT_PREDICTIVE","LOW","MODELED"
2026,2,"proe_pace_vs_pass_funnel","IND","LV",-1.7289,-0.0504,0.3226,0.7742,0.0968,"off:PREDICTIVE|def:NOT_PREDICTIVE","LOW","MODELED"
2026,2,"proe_pace_vs_pass_funnel","IND","MIA",-1.7289,0.0476,0.3226,0.2258,-0.4516,"off:PREDICTIVE|def:NOT_PREDICTIVE","LOW","MODELED"
2026,2,"proe_pace_vs_pass_funnel","IND","MIN",-1.7289,-0.104,0.3226,0.9677,0.2903,"off:PREDICTIVE|def:NOT_PREDICTIVE","LOW","MODELED"
2026,2,"proe_pace_vs_pass_funnel","IND","NE",-1.7289,-0.0703,0.3226,0.9032,0.2258,"off:PREDICTIVE|def:NOT_PREDICTIVE","LOW","MODELED"
2026,2,"proe_pace_vs_pass_funnel","IND","NO",-1.7289,-0.0546,0.3226,0.8387,0.1613,"off:PREDICTIVE|def:NOT_PREDICTIVE","LOW","MODELED"
2026,2,"proe_pace_vs_pass_funnel","IND","NYG",-1.7289,0.1081,0.3226,0.0323,-0.6452,"off:PREDICTIVE|def:NOT_PREDICTIVE","LOW","MODELED"
2026,2,"proe_pace_vs_pass_funnel","IND","NYJ",-1.7289,-0.01,0.3226,0.4839,-0.1935,"off:PREDICTIVE|def:NOT_PREDICTIVE","LOW","MODELED"
2026,2,"proe_pace_vs_pass_funnel","IND","PHI",-1.7289,-0.0167,0.3226,0.6129,-0.0645,"off:PREDICTIVE|def:NOT_PREDICTIVE","LOW","MODELED"
2026,2,"proe_pace_vs_pass_funnel","IND","PIT",-1.7289,-0.0049,0.3226,0.4516,-0.2258,"off:PREDICTIVE|def:NOT_PREDICTIVE","LOW","MODELED"
2026,2,"proe_pace_vs_pass_funnel","IND","SEA",-1.7289,-0.0208,0.3226,0.6452,-0.0323,"off:PREDICTIVE|def:NOT_PREDICTIVE","LOW","MODELED"
2026,2,"proe_pace_vs_pass_funnel","IND","SF",-1.7289,-0.0142,0.3226,0.5161,-0.1613,"off:PREDICTIVE|def:NOT_PREDICTIVE","LOW","MODELED"
2026,2,"proe_pace_vs_pass_funnel","IND","TB",-1.7289,0.0701,0.3226,0.129,-0.5484,"off:PREDICTIVE|def:NOT_PREDICTIVE","LOW","MODELED"
2026,2,"proe_pace_vs_pass_funnel","IND","TEN",-1.7289,0.0972,0.3226,0.0645,-0.6129,"off:PREDICTIVE|def:NOT_PREDICTIVE","LOW","MODELED"
2026,2,"proe_pace_vs_pass_funnel","IND","WAS",-1.7289,0.122,0.3226,0,-0.6774,"off:PREDICTIVE|def:NOT_PREDICTIVE","LOW","MODELED"
2026,2,"proe_pace_vs_pass_funnel","JAX","ARI",0.7607,-0.0165,0.5484,0.5806,0.129,"off:PREDICTIVE|def:NOT_PREDICTIVE","LOW","MODELED"
2026,2,"proe_pace_vs_pass_funnel","JAX","ATL",0.7607,-0.0299,0.5484,0.7419,0.2903,"off:PREDICTIVE|def:NOT_PREDICTIVE","LOW","MODELED"
2026,2,"proe_pace_vs_pass_funnel","JAX","BAL",0.7607,-0.0514,0.5484,0.8065,0.3548,"off:PREDICTIVE|def:NOT_PREDICTIVE","LOW","MODELED"
2026,2,"proe_pace_vs_pass_funnel","JAX","BUF",0.7607,0.0374,0.5484,0.2581,-0.1935,"off:PREDICTIVE|def:NOT_PREDICTIVE","LOW","MODELED"
2026,2,"proe_pace_vs_pass_funnel","JAX","CAR",0.7607,0.0321,0.5484,0.3226,-0.129,"off:PREDICTIVE|def:NOT_PREDICTIVE","LOW","MODELED"
2026,2,"proe_pace_vs_pass_funnel","JAX","CHI",0.7607,-0.0159,0.5484,0.5484,0.0968,"off:PREDICTIVE|def:NOT_PREDICTIVE","LOW","MODELED"
2026,2,"proe_pace_vs_pass_funnel","JAX","CIN",0.7607,0.0555,0.5484,0.1935,-0.2581,"off:PREDICTIVE|def:NOT_PREDICTIVE","LOW","MODELED"
2026,2,"proe_pace_vs_pass_funnel","JAX","CLE",0.7607,0.0365,0.5484,0.2903,-0.1613,"off:PREDICTIVE|def:NOT_PREDICTIVE","LOW","MODELED"
2026,2,"proe_pace_vs_pass_funnel","JAX","DAL",0.7607,0.075,0.5484,0.0968,-0.3548,"off:PREDICTIVE|def:NOT_PREDICTIVE","LOW","MODELED"
2026,2,"proe_pace_vs_pass_funnel","JAX","DEN",0.7607,-0.0873,0.5484,0.9355,0.4839,"off:PREDICTIVE|def:NOT_PREDICTIVE","LOW","MODELED"
2026,2,"proe_pace_vs_pass_funnel","JAX","DET",0.7607,-0.0689,0.5484,0.871,0.4194,"off:PREDICTIVE|def:NOT_PREDICTIVE","LOW","MODELED"
2026,2,"proe_pace_vs_pass_funnel","JAX","GB",0.7607,0.0166,0.5484,0.3871,-0.0645,"off:PREDICTIVE|def:NOT_PREDICTIVE","LOW","MODELED"
2026,2,"proe_pace_vs_pass_funnel","JAX","HOU",0.7607,-0.0276,0.5484,0.7097,0.2581,"off:PREDICTIVE|def:NOT_PREDICTIVE","LOW","MODELED"
2026,2,"proe_pace_vs_pass_funnel","JAX","IND",0.7607,0.0069,0.5484,0.4194,-0.0323,"off:PREDICTIVE|def:NOT_PREDICTIVE","LOW","MODELED"
2026,2,"proe_pace_vs_pass_funnel","JAX","KC",0.7607,-0.0232,0.5484,0.6774,0.2258,"off:PREDICTIVE|def:NOT_PREDICTIVE","LOW","MODELED"
2026,2,"proe_pace_vs_pass_funnel","JAX","LAC",0.7607,0.0615,0.5484,0.1613,-0.2903,"off:PREDICTIVE|def:NOT_PREDICTIVE","LOW","MODELED"
2026,2,"proe_pace_vs_pass_funnel","JAX","LAR",0.7607,-0.146,0.5484,1,0.5484,"off:PREDICTIVE|def:NOT_PREDICTIVE","LOW","MODELED"
2026,2,"proe_pace_vs_pass_funnel","JAX","LV",0.7607,-0.0504,0.5484,0.7742,0.3226,"off:PREDICTIVE|def:NOT_PREDICTIVE","LOW","MODELED"
2026,2,"proe_pace_vs_pass_funnel","JAX","MIA",0.7607,0.0476,0.5484,0.2258,-0.2258,"off:PREDICTIVE|def:NOT_PREDICTIVE","LOW","MODELED"
2026,2,"proe_pace_vs_pass_funnel","JAX","MIN",0.7607,-0.104,0.5484,0.9677,0.5161,"off:PREDICTIVE|def:NOT_PREDICTIVE","LOW","MODELED"
2026,2,"proe_pace_vs_pass_funnel","JAX","NE",0.7607,-0.0703,0.5484,0.9032,0.4516,"off:PREDICTIVE|def:NOT_PREDICTIVE","LOW","MODELED"
2026,2,"proe_pace_vs_pass_funnel","JAX","NO",0.7607,-0.0546,0.5484,0.8387,0.3871,"off:PREDICTIVE|def:NOT_PREDICTIVE","LOW","MODELED"
2026,2,"proe_pace_vs_pass_funnel","JAX","NYG",0.7607,0.1081,0.5484,0.0323,-0.4194,"off:PREDICTIVE|def:NOT_PREDICTIVE","LOW","MODELED"
2026,2,"proe_pace_vs_pass_funnel","JAX","NYJ",0.7607,-0.01,0.5484,0.4839,0.0323,"off:PREDICTIVE|def:NOT_PREDICTIVE","LOW","MODELED"
2026,2,"proe_pace_vs_pass_funnel","JAX","PHI",0.7607,-0.0167,0.5484,0.6129,0.1613,"off:PREDICTIVE|def:NOT_PREDICTIVE","LOW","MODELED"
2026,2,"proe_pace_vs_pass_funnel","JAX","PIT",0.7607,-0.0049,0.5484,0.4516,0,"off:PREDICTIVE|def:NOT_PREDICTIVE","LOW","MODELED"
2026,2,"proe_pace_vs_pass_funnel","JAX","SEA",0.7607,-0.0208,0.5484,0.6452,0.1935,"off:PREDICTIVE|def:NOT_PREDICTIVE","LOW","MODELED"
2026,2,"proe_pace_vs_pass_funnel","JAX","SF",0.7607,-0.0142,0.5484,0.5161,0.0645,"off:PREDICTIVE|def:NOT_PREDICTIVE","LOW","MODELED"
2026,2,"proe_pace_vs_pass_funnel","JAX","TB",0.7607,0.0701,0.5484,0.129,-0.3226,"off:PREDICTIVE|def:NOT_PREDICTIVE","LOW","MODELED"
2026,2,"proe_pace_vs_pass_funnel","JAX","TEN",0.7607,0.0972,0.5484,0.0645,-0.3871,"off:PREDICTIVE|def:NOT_PREDICTIVE","LOW","MODELED"
2026,2,"proe_pace_vs_pass_funnel","JAX","WAS",0.7607,0.122,0.5484,0,-0.4516,"off:PREDICTIVE|def:NOT_PREDICTIVE","LOW","MODELED"
2026,2,"proe_pace_vs_pass_funnel","KC","ARI",1.9823,-0.0165,0.6129,0.5806,0.1935,"off:PREDICTIVE|def:NOT_PREDICTIVE","LOW","MODELED"
2026,2,"proe_pace_vs_pass_funnel","KC","ATL",1.9823,-0.0299,0.6129,0.7419,0.3548,"off:PREDICTIVE|def:NOT_PREDICTIVE","LOW","MODELED"
2026,2,"proe_pace_vs_pass_funnel","KC","BAL",1.9823,-0.0514,0.6129,0.8065,0.4194,"off:PREDICTIVE|def:NOT_PREDICTIVE","LOW","MODELED"
2026,2,"proe_pace_vs_pass_funnel","KC","BUF",1.9823,0.0374,0.6129,0.2581,-0.129,"off:PREDICTIVE|def:NOT_PREDICTIVE","LOW","MODELED"
2026,2,"proe_pace_vs_pass_funnel","KC","CAR",1.9823,0.0321,0.6129,0.3226,-0.0645,"off:PREDICTIVE|def:NOT_PREDICTIVE","LOW","MODELED"
2026,2,"proe_pace_vs_pass_funnel","KC","CHI",1.9823,-0.0159,0.6129,0.5484,0.1613,"off:PREDICTIVE|def:NOT_PREDICTIVE","LOW","MODELED"
2026,2,"proe_pace_vs_pass_funnel","KC","CIN",1.9823,0.0555,0.6129,0.1935,-0.1935,"off:PREDICTIVE|def:NOT_PREDICTIVE","LOW","MODELED"
2026,2,"proe_pace_vs_pass_funnel","KC","CLE",1.9823,0.0365,0.6129,0.2903,-0.0968,"off:PREDICTIVE|def:NOT_PREDICTIVE","LOW","MODELED"
2026,2,"proe_pace_vs_pass_funnel","KC","DAL",1.9823,0.075,0.6129,0.0968,-0.2903,"off:PREDICTIVE|def:NOT_PREDICTIVE","LOW","MODELED"
2026,2,"proe_pace_vs_pass_funnel","KC","DEN",1.9823,-0.0873,0.6129,0.9355,0.5484,"off:PREDICTIVE|def:NOT_PREDICTIVE","LOW","MODELED"
2026,2,"proe_pace_vs_pass_funnel","KC","DET",1.9823,-0.0689,0.6129,0.871,0.4839,"off:PREDICTIVE|def:NOT_PREDICTIVE","LOW","MODELED"
2026,2,"proe_pace_vs_pass_funnel","KC","GB",1.9823,0.0166,0.6129,0.3871,0,"off:PREDICTIVE|def:NOT_PREDICTIVE","LOW","MODELED"
2026,2,"proe_pace_vs_pass_funnel","KC","HOU",1.9823,-0.0276,0.6129,0.7097,0.3226,"off:PREDICTIVE|def:NOT_PREDICTIVE","LOW","MODELED"
2026,2,"proe_pace_vs_pass_funnel","KC","IND",1.9823,0.0069,0.6129,0.4194,0.0323,"off:PREDICTIVE|def:NOT_PREDICTIVE","LOW","MODELED"
2026,2,"proe_pace_vs_pass_funnel","KC","JAX",1.9823,0.0229,0.6129,0.3548,-0.0323,"off:PREDICTIVE|def:NOT_PREDICTIVE","LOW","MODELED"
2026,2,"proe_pace_vs_pass_funnel","KC","LAC",1.9823,0.0615,0.6129,0.1613,-0.2258,"off:PREDICTIVE|def:NOT_PREDICTIVE","LOW","MODELED"
2026,2,"proe_pace_vs_pass_funnel","KC","LAR",1.9823,-0.146,0.6129,1,0.6129,"off:PREDICTIVE|def:NOT_PREDICTIVE","LOW","MODELED"
2026,2,"proe_pace_vs_pass_funnel","KC","LV",1.9823,-0.0504,0.6129,0.7742,0.3871,"off:PREDICTIVE|def:NOT_PREDICTIVE","LOW","MODELED"
2026,2,"proe_pace_vs_pass_funnel","KC","MIA",1.9823,0.0476,0.6129,0.2258,-0.1613,"off:PREDICTIVE|def:NOT_PREDICTIVE","LOW","MODELED"
2026,2,"proe_pace_vs_pass_funnel","KC","MIN",1.9823,-0.104,0.6129,0.9677,0.5806,"off:PREDICTIVE|def:NOT_PREDICTIVE","LOW","MODELED"
2026,2,"proe_pace_vs_pass_funnel","KC","NE",1.9823,-0.0703,0.6129,0.9032,0.5161,"off:PREDICTIVE|def:NOT_PREDICTIVE","LOW","MODELED"
2026,2,"proe_pace_vs_pass_funnel","KC","NO",1.9823,-0.0546,0.6129,0.8387,0.4516,"off:PREDICTIVE|def:NOT_PREDICTIVE","LOW","MODELED"
2026,2,"proe_pace_vs_pass_funnel","KC","NYG",1.9823,0.1081,0.6129,0.0323,-0.3548,"off:PREDICTIVE|def:NOT_PREDICTIVE","LOW","MODELED"
2026,2,"proe_pace_vs_pass_funnel","KC","NYJ",1.9823,-0.01,0.6129,0.4839,0.0968,"off:PREDICTIVE|def:NOT_PREDICTIVE","LOW","MODELED"
2026,2,"proe_pace_vs_pass_funnel","KC","PHI",1.9823,-0.0167,0.6129,0.6129,0.2258,"off:PREDICTIVE|def:NOT_PREDICTIVE","LOW","MODELED"
2026,2,"proe_pace_vs_pass_funnel","KC","PIT",1.9823,-0.0049,0.6129,0.4516,0.0645,"off:PREDICTIVE|def:NOT_PREDICTIVE","LOW","MODELED"
2026,2,"proe_pace_vs_pass_funnel","KC","SEA",1.9823,-0.0208,0.6129,0.6452,0.2581,"off:PREDICTIVE|def:NOT_PREDICTIVE","LOW","MODELED"
2026,2,"proe_pace_vs_pass_funnel","KC","SF",1.9823,-0.0142,0.6129,0.5161,0.129,"off:PREDICTIVE|def:NOT_PREDICTIVE","LOW","MODELED"
2026,2,"proe_pace_vs_pass_funnel","KC","TB",1.9823,0.0701,0.6129,0.129,-0.2581,"off:PREDICTIVE|def:NOT_PREDICTIVE","LOW","MODELED"
2026,2,"proe_pace_vs_pass_funnel","KC","TEN",1.9823,0.0972,0.6129,0.0645,-0.3226,"off:PREDICTIVE|def:NOT_PREDICTIVE","LOW","MODELED"
2026,2,"proe_pace_vs_pass_funnel","KC","WAS",1.9823,0.122,0.6129,0,-0.3871,"off:PREDICTIVE|def:NOT_PREDICTIVE","LOW","MODELED"
2026,2,"proe_pace_vs_pass_funnel","LAC","ARI",-0.0718,-0.0165,0.4516,0.5806,0.0323,"off:PREDICTIVE|def:NOT_PREDICTIVE","LOW","MODELED"
2026,2,"proe_pace_vs_pass_funnel","LAC","ATL",-0.0718,-0.0299,0.4516,0.7419,0.1935,"off:PREDICTIVE|def:NOT_PREDICTIVE","LOW","MODELED"
2026,2,"proe_pace_vs_pass_funnel","LAC","BAL",-0.0718,-0.0514,0.4516,0.8065,0.2581,"off:PREDICTIVE|def:NOT_PREDICTIVE","LOW","MODELED"
2026,2,"proe_pace_vs_pass_funnel","LAC","BUF",-0.0718,0.0374,0.4516,0.2581,-0.2903,"off:PREDICTIVE|def:NOT_PREDICTIVE","LOW","MODELED"
2026,2,"proe_pace_vs_pass_funnel","LAC","CAR",-0.0718,0.0321,0.4516,0.3226,-0.2258,"off:PREDICTIVE|def:NOT_PREDICTIVE","LOW","MODELED"
2026,2,"proe_pace_vs_pass_funnel","LAC","CHI",-0.0718,-0.0159,0.4516,0.5484,0,"off:PREDICTIVE|def:NOT_PREDICTIVE","LOW","MODELED"
2026,2,"proe_pace_vs_pass_funnel","LAC","CIN",-0.0718,0.0555,0.4516,0.1935,-0.3548,"off:PREDICTIVE|def:NOT_PREDICTIVE","LOW","MODELED"
2026,2,"proe_pace_vs_pass_funnel","LAC","CLE",-0.0718,0.0365,0.4516,0.2903,-0.2581,"off:PREDICTIVE|def:NOT_PREDICTIVE","LOW","MODELED"
2026,2,"proe_pace_vs_pass_funnel","LAC","DAL",-0.0718,0.075,0.4516,0.0968,-0.4516,"off:PREDICTIVE|def:NOT_PREDICTIVE","LOW","MODELED"
2026,2,"proe_pace_vs_pass_funnel","LAC","DEN",-0.0718,-0.0873,0.4516,0.9355,0.3871,"off:PREDICTIVE|def:NOT_PREDICTIVE","LOW","MODELED"
2026,2,"proe_pace_vs_pass_funnel","LAC","DET",-0.0718,-0.0689,0.4516,0.871,0.3226,"off:PREDICTIVE|def:NOT_PREDICTIVE","LOW","MODELED"
2026,2,"proe_pace_vs_pass_funnel","LAC","GB",-0.0718,0.0166,0.4516,0.3871,-0.1613,"off:PREDICTIVE|def:NOT_PREDICTIVE","LOW","MODELED"
2026,2,"proe_pace_vs_pass_funnel","LAC","HOU",-0.0718,-0.0276,0.4516,0.7097,0.1613,"off:PREDICTIVE|def:NOT_PREDICTIVE","LOW","MODELED"
2026,2,"proe_pace_vs_pass_funnel","LAC","IND",-0.0718,0.0069,0.4516,0.4194,-0.129,"off:PREDICTIVE|def:NOT_PREDICTIVE","LOW","MODELED"
2026,2,"proe_pace_vs_pass_funnel","LAC","JAX",-0.0718,0.0229,0.4516,0.3548,-0.1935,"off:PREDICTIVE|def:NOT_PREDICTIVE","LOW","MODELED"
2026,2,"proe_pace_vs_pass_funnel","LAC","KC",-0.0718,-0.0232,0.4516,0.6774,0.129,"off:PREDICTIVE|def:NOT_PREDICTIVE","LOW","MODELED"
2026,2,"proe_pace_vs_pass_funnel","LAC","LAR",-0.0718,-0.146,0.4516,1,0.4516,"off:PREDICTIVE|def:NOT_PREDICTIVE","LOW","MODELED"
2026,2,"proe_pace_vs_pass_funnel","LAC","LV",-0.0718,-0.0504,0.4516,0.7742,0.2258,"off:PREDICTIVE|def:NOT_PREDICTIVE","LOW","MODELED"
2026,2,"proe_pace_vs_pass_funnel","LAC","MIA",-0.0718,0.0476,0.4516,0.2258,-0.3226,"off:PREDICTIVE|def:NOT_PREDICTIVE","LOW","MODELED"
2026,2,"proe_pace_vs_pass_funnel","LAC","MIN",-0.0718,-0.104,0.4516,0.9677,0.4194,"off:PREDICTIVE|def:NOT_PREDICTIVE","LOW","MODELED"
2026,2,"proe_pace_vs_pass_funnel","LAC","NE",-0.0718,-0.0703,0.4516,0.9032,0.3548,"off:PREDICTIVE|def:NOT_PREDICTIVE","LOW","MODELED"
2026,2,"proe_pace_vs_pass_funnel","LAC","NO",-0.0718,-0.0546,0.4516,0.8387,0.2903,"off:PREDICTIVE|def:NOT_PREDICTIVE","LOW","MODELED"
2026,2,"proe_pace_vs_pass_funnel","LAC","NYG",-0.0718,0.1081,0.4516,0.0323,-0.5161,"off:PREDICTIVE|def:NOT_PREDICTIVE","LOW","MODELED"
2026,2,"proe_pace_vs_pass_funnel","LAC","NYJ",-0.0718,-0.01,0.4516,0.4839,-0.0645,"off:PREDICTIVE|def:NOT_PREDICTIVE","LOW","MODELED"
2026,2,"proe_pace_vs_pass_funnel","LAC","PHI",-0.0718,-0.0167,0.4516,0.6129,0.0645,"off:PREDICTIVE|def:NOT_PREDICTIVE","LOW","MODELED"
2026,2,"proe_pace_vs_pass_funnel","LAC","PIT",-0.0718,-0.0049,0.4516,0.4516,-0.0968,"off:PREDICTIVE|def:NOT_PREDICTIVE","LOW","MODELED"
2026,2,"proe_pace_vs_pass_funnel","LAC","SEA",-0.0718,-0.0208,0.4516,0.6452,0.0968,"off:PREDICTIVE|def:NOT_PREDICTIVE","LOW","MODELED"
2026,2,"proe_pace_vs_pass_funnel","LAC","SF",-0.0718,-0.0142,0.4516,0.5161,-0.0323,"off:PREDICTIVE|def:NOT_PREDICTIVE","LOW","MODELED"
2026,2,"proe_pace_vs_pass_funnel","LAC","TB",-0.0718,0.0701,0.4516,0.129,-0.4194,"off:PREDICTIVE|def:NOT_PREDICTIVE","LOW","MODELED"
2026,2,"proe_pace_vs_pass_funnel","LAC","TEN",-0.0718,0.0972,0.4516,0.0645,-0.4839,"off:PREDICTIVE|def:NOT_PREDICTIVE","LOW","MODELED"
2026,2,"proe_pace_vs_pass_funnel","LAC","WAS",-0.0718,0.122,0.4516,0,-0.5484,"off:PREDICTIVE|def:NOT_PREDICTIVE","LOW","MODELED"
2026,2,"proe_pace_vs_pass_funnel","LAR","ARI",4.124,-0.0165,0.9677,0.5806,0.5484,"off:PREDICTIVE|def:NOT_PREDICTIVE","LOW","MODELED"
2026,2,"proe_pace_vs_pass_funnel","LAR","ATL",4.124,-0.0299,0.9677,0.7419,0.7097,"off:PREDICTIVE|def:NOT_PREDICTIVE","LOW","MODELED"
2026,2,"proe_pace_vs_pass_funnel","LAR","BAL",4.124,-0.0514,0.9677,0.8065,0.7742,"off:PREDICTIVE|def:NOT_PREDICTIVE","LOW","MODELED"
2026,2,"proe_pace_vs_pass_funnel","LAR","BUF",4.124,0.0374,0.9677,0.2581,0.2258,"off:PREDICTIVE|def:NOT_PREDICTIVE","LOW","MODELED"
2026,2,"proe_pace_vs_pass_funnel","LAR","CAR",4.124,0.0321,0.9677,0.3226,0.2903,"off:PREDICTIVE|def:NOT_PREDICTIVE","LOW","MODELED"
2026,2,"proe_pace_vs_pass_funnel","LAR","CHI",4.124,-0.0159,0.9677,0.5484,0.5161,"off:PREDICTIVE|def:NOT_PREDICTIVE","LOW","MODELED"
2026,2,"proe_pace_vs_pass_funnel","LAR","CIN",4.124,0.0555,0.9677,0.1935,0.1613,"off:PREDICTIVE|def:NOT_PREDICTIVE","LOW","MODELED"
2026,2,"proe_pace_vs_pass_funnel","LAR","CLE",4.124,0.0365,0.9677,0.2903,0.2581,"off:PREDICTIVE|def:NOT_PREDICTIVE","LOW","MODELED"
2026,2,"proe_pace_vs_pass_funnel","LAR","DAL",4.124,0.075,0.9677,0.0968,0.0645,"off:PREDICTIVE|def:NOT_PREDICTIVE","LOW","MODELED"
2026,2,"proe_pace_vs_pass_funnel","LAR","DEN",4.124,-0.0873,0.9677,0.9355,0.9032,"off:PREDICTIVE|def:NOT_PREDICTIVE","LOW","MODELED"
2026,2,"proe_pace_vs_pass_funnel","LAR","DET",4.124,-0.0689,0.9677,0.871,0.8387,"off:PREDICTIVE|def:NOT_PREDICTIVE","LOW","MODELED"
2026,2,"proe_pace_vs_pass_funnel","LAR","GB",4.124,0.0166,0.9677,0.3871,0.3548,"off:PREDICTIVE|def:NOT_PREDICTIVE","LOW","MODELED"
2026,2,"proe_pace_vs_pass_funnel","LAR","HOU",4.124,-0.0276,0.9677,0.7097,0.6774,"off:PREDICTIVE|def:NOT_PREDICTIVE","LOW","MODELED"
2026,2,"proe_pace_vs_pass_funnel","LAR","IND",4.124,0.0069,0.9677,0.4194,0.3871,"off:PREDICTIVE|def:NOT_PREDICTIVE","LOW","MODELED"
2026,2,"proe_pace_vs_pass_funnel","LAR","JAX",4.124,0.0229,0.9677,0.3548,0.3226,"off:PREDICTIVE|def:NOT_PREDICTIVE","LOW","MODELED"
2026,2,"proe_pace_vs_pass_funnel","LAR","KC",4.124,-0.0232,0.9677,0.6774,0.6452,"off:PREDICTIVE|def:NOT_PREDICTIVE","LOW","MODELED"
2026,2,"proe_pace_vs_pass_funnel","LAR","LAC",4.124,0.0615,0.9677,0.1613,0.129,"off:PREDICTIVE|def:NOT_PREDICTIVE","LOW","MODELED"
2026,2,"proe_pace_vs_pass_funnel","LAR","LV",4.124,-0.0504,0.9677,0.7742,0.7419,"off:PREDICTIVE|def:NOT_PREDICTIVE","LOW","MODELED"
2026,2,"proe_pace_vs_pass_funnel","LAR","MIA",4.124,0.0476,0.9677,0.2258,0.1935,"off:PREDICTIVE|def:NOT_PREDICTIVE","LOW","MODELED"
2026,2,"proe_pace_vs_pass_funnel","LAR","MIN",4.124,-0.104,0.9677,0.9677,0.9355,"off:PREDICTIVE|def:NOT_PREDICTIVE","LOW","MODELED"
2026,2,"proe_pace_vs_pass_funnel","LAR","NE",4.124,-0.0703,0.9677,0.9032,0.871,"off:PREDICTIVE|def:NOT_PREDICTIVE","LOW","MODELED"
2026,2,"proe_pace_vs_pass_funnel","LAR","NO",4.124,-0.0546,0.9677,0.8387,0.8065,"off:PREDICTIVE|def:NOT_PREDICTIVE","LOW","MODELED"
2026,2,"proe_pace_vs_pass_funnel","LAR","NYG",4.124,0.1081,0.9677,0.0323,0,"off:PREDICTIVE|def:NOT_PREDICTIVE","LOW","MODELED"
2026,2,"proe_pace_vs_pass_funnel","LAR","NYJ",4.124,-0.01,0.9677,0.4839,0.4516,"off:PREDICTIVE|def:NOT_PREDICTIVE","LOW","MODELED"
2026,2,"proe_pace_vs_pass_funnel","LAR","PHI",4.124,-0.0167,0.9677,0.6129,0.5806,"off:PREDICTIVE|def:NOT_PREDICTIVE","LOW","MODELED"
2026,2,"proe_pace_vs_pass_funnel","LAR","PIT",4.124,-0.0049,0.9677,0.4516,0.4194,"off:PREDICTIVE|def:NOT_PREDICTIVE","LOW","MODELED"
2026,2,"proe_pace_vs_pass_funnel","LAR","SEA",4.124,-0.0208,0.9677,0.6452,0.6129,"off:PREDICTIVE|def:NOT_PREDICTIVE","LOW","MODELED"
2026,2,"proe_pace_vs_pass_funnel","LAR","SF",4.124,-0.0142,0.9677,0.5161,0.4839,"off:PREDICTIVE|def:NOT_PREDICTIVE","LOW","MODELED"
2026,2,"proe_pace_vs_pass_funnel","LAR","TB",4.124,0.0701,0.9677,0.129,0.0968,"off:PREDICTIVE|def:NOT_PREDICTIVE","LOW","MODELED"
2026,2,"proe_pace_vs_pass_funnel","LAR","TEN",4.124,0.0972,0.9677,0.0645,0.0323,"off:PREDICTIVE|def:NOT_PREDICTIVE","LOW","MODELED"
2026,2,"proe_pace_vs_pass_funnel","LAR","WAS",4.124,0.122,0.9677,0,-0.0323,"off:PREDICTIVE|def:NOT_PREDICTIVE","LOW","MODELED"
2026,2,"proe_pace_vs_pass_funnel","LV","ARI",2.6396,-0.0165,0.7097,0.5806,0.2903,"off:PREDICTIVE|def:NOT_PREDICTIVE","LOW","MODELED"
2026,2,"proe_pace_vs_pass_funnel","LV","ATL",2.6396,-0.0299,0.7097,0.7419,0.4516,"off:PREDICTIVE|def:NOT_PREDICTIVE","LOW","MODELED"
2026,2,"proe_pace_vs_pass_funnel","LV","BAL",2.6396,-0.0514,0.7097,0.8065,0.5161,"off:PREDICTIVE|def:NOT_PREDICTIVE","LOW","MODELED"
2026,2,"proe_pace_vs_pass_funnel","LV","BUF",2.6396,0.0374,0.7097,0.2581,-0.0323,"off:PREDICTIVE|def:NOT_PREDICTIVE","LOW","MODELED"
2026,2,"proe_pace_vs_pass_funnel","LV","CAR",2.6396,0.0321,0.7097,0.3226,0.0323,"off:PREDICTIVE|def:NOT_PREDICTIVE","LOW","MODELED"
2026,2,"proe_pace_vs_pass_funnel","LV","CHI",2.6396,-0.0159,0.7097,0.5484,0.2581,"off:PREDICTIVE|def:NOT_PREDICTIVE","LOW","MODELED"
2026,2,"proe_pace_vs_pass_funnel","LV","CIN",2.6396,0.0555,0.7097,0.1935,-0.0968,"off:PREDICTIVE|def:NOT_PREDICTIVE","LOW","MODELED"
2026,2,"proe_pace_vs_pass_funnel","LV","CLE",2.6396,0.0365,0.7097,0.2903,0,"off:PREDICTIVE|def:NOT_PREDICTIVE","LOW","MODELED"
2026,2,"proe_pace_vs_pass_funnel","LV","DAL",2.6396,0.075,0.7097,0.0968,-0.1935,"off:PREDICTIVE|def:NOT_PREDICTIVE","LOW","MODELED"
2026,2,"proe_pace_vs_pass_funnel","LV","DEN",2.6396,-0.0873,0.7097,0.9355,0.6452,"off:PREDICTIVE|def:NOT_PREDICTIVE","LOW","MODELED"
2026,2,"proe_pace_vs_pass_funnel","LV","DET",2.6396,-0.0689,0.7097,0.871,0.5806,"off:PREDICTIVE|def:NOT_PREDICTIVE","LOW","MODELED"
2026,2,"proe_pace_vs_pass_funnel","LV","GB",2.6396,0.0166,0.7097,0.3871,0.0968,"off:PREDICTIVE|def:NOT_PREDICTIVE","LOW","MODELED"
2026,2,"proe_pace_vs_pass_funnel","LV","HOU",2.6396,-0.0276,0.7097,0.7097,0.4194,"off:PREDICTIVE|def:NOT_PREDICTIVE","LOW","MODELED"
2026,2,"proe_pace_vs_pass_funnel","LV","IND",2.6396,0.0069,0.7097,0.4194,0.129,"off:PREDICTIVE|def:NOT_PREDICTIVE","LOW","MODELED"
2026,2,"proe_pace_vs_pass_funnel","LV","JAX",2.6396,0.0229,0.7097,0.3548,0.0645,"off:PREDICTIVE|def:NOT_PREDICTIVE","LOW","MODELED"
2026,2,"proe_pace_vs_pass_funnel","LV","KC",2.6396,-0.0232,0.7097,0.6774,0.3871,"off:PREDICTIVE|def:NOT_PREDICTIVE","LOW","MODELED"
2026,2,"proe_pace_vs_pass_funnel","LV","LAC",2.6396,0.0615,0.7097,0.1613,-0.129,"off:PREDICTIVE|def:NOT_PREDICTIVE","LOW","MODELED"
2026,2,"proe_pace_vs_pass_funnel","LV","LAR",2.6396,-0.146,0.7097,1,0.7097,"off:PREDICTIVE|def:NOT_PREDICTIVE","LOW","MODELED"
2026,2,"proe_pace_vs_pass_funnel","LV","MIA",2.6396,0.0476,0.7097,0.2258,-0.0645,"off:PREDICTIVE|def:NOT_PREDICTIVE","LOW","MODELED"
2026,2,"proe_pace_vs_pass_funnel","LV","MIN",2.6396,-0.104,0.7097,0.9677,0.6774,"off:PREDICTIVE|def:NOT_PREDICTIVE","LOW","MODELED"
2026,2,"proe_pace_vs_pass_funnel","LV","NE",2.6396,-0.0703,0.7097,0.9032,0.6129,"off:PREDICTIVE|def:NOT_PREDICTIVE","LOW","MODELED"
2026,2,"proe_pace_vs_pass_funnel","LV","NO",2.6396,-0.0546,0.7097,0.8387,0.5484,"off:PREDICTIVE|def:NOT_PREDICTIVE","LOW","MODELED"
2026,2,"proe_pace_vs_pass_funnel","LV","NYG",2.6396,0.1081,0.7097,0.0323,-0.2581,"off:PREDICTIVE|def:NOT_PREDICTIVE","LOW","MODELED"
2026,2,"proe_pace_vs_pass_funnel","LV","NYJ",2.6396,-0.01,0.7097,0.4839,0.1935,"off:PREDICTIVE|def:NOT_PREDICTIVE","LOW","MODELED"
2026,2,"proe_pace_vs_pass_funnel","LV","PHI",2.6396,-0.0167,0.7097,0.6129,0.3226,"off:PREDICTIVE|def:NOT_PREDICTIVE","LOW","MODELED"
2026,2,"proe_pace_vs_pass_funnel","LV","PIT",2.6396,-0.0049,0.7097,0.4516,0.1613,"off:PREDICTIVE|def:NOT_PREDICTIVE","LOW","MODELED"
2026,2,"proe_pace_vs_pass_funnel","LV","SEA",2.6396,-0.0208,0.7097,0.6452,0.3548,"off:PREDICTIVE|def:NOT_PREDICTIVE","LOW","MODELED"
2026,2,"proe_pace_vs_pass_funnel","LV","SF",2.6396,-0.0142,0.7097,0.5161,0.2258,"off:PREDICTIVE|def:NOT_PREDICTIVE","LOW","MODELED"
2026,2,"proe_pace_vs_pass_funnel","LV","TB",2.6396,0.0701,0.7097,0.129,-0.1613,"off:PREDICTIVE|def:NOT_PREDICTIVE","LOW","MODELED"
2026,2,"proe_pace_vs_pass_funnel","LV","TEN",2.6396,0.0972,0.7097,0.0645,-0.2258,"off:PREDICTIVE|def:NOT_PREDICTIVE","LOW","MODELED"
2026,2,"proe_pace_vs_pass_funnel","LV","WAS",2.6396,0.122,0.7097,0,-0.2903,"off:PREDICTIVE|def:NOT_PREDICTIVE","LOW","MODELED"
2026,2,"proe_pace_vs_pass_funnel","MIA","ARI",4.0614,-0.0165,0.9355,0.5806,0.5161,"off:PREDICTIVE|def:NOT_PREDICTIVE","LOW","MODELED"
2026,2,"proe_pace_vs_pass_funnel","MIA","ATL",4.0614,-0.0299,0.9355,0.7419,0.6774,"off:PREDICTIVE|def:NOT_PREDICTIVE","LOW","MODELED"
2026,2,"proe_pace_vs_pass_funnel","MIA","BAL",4.0614,-0.0514,0.9355,0.8065,0.7419,"off:PREDICTIVE|def:NOT_PREDICTIVE","LOW","MODELED"
2026,2,"proe_pace_vs_pass_funnel","MIA","BUF",4.0614,0.0374,0.9355,0.2581,0.1935,"off:PREDICTIVE|def:NOT_PREDICTIVE","LOW","MODELED"
2026,2,"proe_pace_vs_pass_funnel","MIA","CAR",4.0614,0.0321,0.9355,0.3226,0.2581,"off:PREDICTIVE|def:NOT_PREDICTIVE","LOW","MODELED"
2026,2,"proe_pace_vs_pass_funnel","MIA","CHI",4.0614,-0.0159,0.9355,0.5484,0.4839,"off:PREDICTIVE|def:NOT_PREDICTIVE","LOW","MODELED"
2026,2,"proe_pace_vs_pass_funnel","MIA","CIN",4.0614,0.0555,0.9355,0.1935,0.129,"off:PREDICTIVE|def:NOT_PREDICTIVE","LOW","MODELED"
2026,2,"proe_pace_vs_pass_funnel","MIA","CLE",4.0614,0.0365,0.9355,0.2903,0.2258,"off:PREDICTIVE|def:NOT_PREDICTIVE","LOW","MODELED"
2026,2,"proe_pace_vs_pass_funnel","MIA","DAL",4.0614,0.075,0.9355,0.0968,0.0323,"off:PREDICTIVE|def:NOT_PREDICTIVE","LOW","MODELED"
2026,2,"proe_pace_vs_pass_funnel","MIA","DEN",4.0614,-0.0873,0.9355,0.9355,0.871,"off:PREDICTIVE|def:NOT_PREDICTIVE","LOW","MODELED"
2026,2,"proe_pace_vs_pass_funnel","MIA","DET",4.0614,-0.0689,0.9355,0.871,0.8065,"off:PREDICTIVE|def:NOT_PREDICTIVE","LOW","MODELED"
2026,2,"proe_pace_vs_pass_funnel","MIA","GB",4.0614,0.0166,0.9355,0.3871,0.3226,"off:PREDICTIVE|def:NOT_PREDICTIVE","LOW","MODELED"
2026,2,"proe_pace_vs_pass_funnel","MIA","HOU",4.0614,-0.0276,0.9355,0.7097,0.6452,"off:PREDICTIVE|def:NOT_PREDICTIVE","LOW","MODELED"
2026,2,"proe_pace_vs_pass_funnel","MIA","IND",4.0614,0.0069,0.9355,0.4194,0.3548,"off:PREDICTIVE|def:NOT_PREDICTIVE","LOW","MODELED"
2026,2,"proe_pace_vs_pass_funnel","MIA","JAX",4.0614,0.0229,0.9355,0.3548,0.2903,"off:PREDICTIVE|def:NOT_PREDICTIVE","LOW","MODELED"
2026,2,"proe_pace_vs_pass_funnel","MIA","KC",4.0614,-0.0232,0.9355,0.6774,0.6129,"off:PREDICTIVE|def:NOT_PREDICTIVE","LOW","MODELED"
2026,2,"proe_pace_vs_pass_funnel","MIA","LAC",4.0614,0.0615,0.9355,0.1613,0.0968,"off:PREDICTIVE|def:NOT_PREDICTIVE","LOW","MODELED"
2026,2,"proe_pace_vs_pass_funnel","MIA","LAR",4.0614,-0.146,0.9355,1,0.9355,"off:PREDICTIVE|def:NOT_PREDICTIVE","LOW","MODELED"
2026,2,"proe_pace_vs_pass_funnel","MIA","LV",4.0614,-0.0504,0.9355,0.7742,0.7097,"off:PREDICTIVE|def:NOT_PREDICTIVE","LOW","MODELED"
2026,2,"proe_pace_vs_pass_funnel","MIA","MIN",4.0614,-0.104,0.9355,0.9677,0.9032,"off:PREDICTIVE|def:NOT_PREDICTIVE","LOW","MODELED"
2026,2,"proe_pace_vs_pass_funnel","MIA","NE",4.0614,-0.0703,0.9355,0.9032,0.8387,"off:PREDICTIVE|def:NOT_PREDICTIVE","LOW","MODELED"
2026,2,"proe_pace_vs_pass_funnel","MIA","NO",4.0614,-0.0546,0.9355,0.8387,0.7742,"off:PREDICTIVE|def:NOT_PREDICTIVE","LOW","MODELED"
2026,2,"proe_pace_vs_pass_funnel","MIA","NYG",4.0614,0.1081,0.9355,0.0323,-0.0323,"off:PREDICTIVE|def:NOT_PREDICTIVE","LOW","MODELED"
2026,2,"proe_pace_vs_pass_funnel","MIA","NYJ",4.0614,-0.01,0.9355,0.4839,0.4194,"off:PREDICTIVE|def:NOT_PREDICTIVE","LOW","MODELED"
2026,2,"proe_pace_vs_pass_funnel","MIA","PHI",4.0614,-0.0167,0.9355,0.6129,0.5484,"off:PREDICTIVE|def:NOT_PREDICTIVE","LOW","MODELED"
2026,2,"proe_pace_vs_pass_funnel","MIA","PIT",4.0614,-0.0049,0.9355,0.4516,0.3871,"off:PREDICTIVE|def:NOT_PREDICTIVE","LOW","MODELED"
2026,2,"proe_pace_vs_pass_funnel","MIA","SEA",4.0614,-0.0208,0.9355,0.6452,0.5806,"off:PREDICTIVE|def:NOT_PREDICTIVE","LOW","MODELED"
2026,2,"proe_pace_vs_pass_funnel","MIA","SF",4.0614,-0.0142,0.9355,0.5161,0.4516,"off:PREDICTIVE|def:NOT_PREDICTIVE","LOW","MODELED"
2026,2,"proe_pace_vs_pass_funnel","MIA","TB",4.0614,0.0701,0.9355,0.129,0.0645,"off:PREDICTIVE|def:NOT_PREDICTIVE","LOW","MODELED"
2026,2,"proe_pace_vs_pass_funnel","MIA","TEN",4.0614,0.0972,0.9355,0.0645,0,"off:PREDICTIVE|def:NOT_PREDICTIVE","LOW","MODELED"
2026,2,"proe_pace_vs_pass_funnel","MIA","WAS",4.0614,0.122,0.9355,0,-0.0645,"off:PREDICTIVE|def:NOT_PREDICTIVE","LOW","MODELED"
2026,2,"proe_pace_vs_pass_funnel","MIN","ARI",-6.8456,-0.0165,0.0323,0.5806,-0.3871,"off:PREDICTIVE|def:NOT_PREDICTIVE","LOW","MODELED"
2026,2,"proe_pace_vs_pass_funnel","MIN","ATL",-6.8456,-0.0299,0.0323,0.7419,-0.2258,"off:PREDICTIVE|def:NOT_PREDICTIVE","LOW","MODELED"
2026,2,"proe_pace_vs_pass_funnel","MIN","BAL",-6.8456,-0.0514,0.0323,0.8065,-0.1613,"off:PREDICTIVE|def:NOT_PREDICTIVE","LOW","MODELED"
2026,2,"proe_pace_vs_pass_funnel","MIN","BUF",-6.8456,0.0374,0.0323,0.2581,-0.7097,"off:PREDICTIVE|def:NOT_PREDICTIVE","LOW","MODELED"
2026,2,"proe_pace_vs_pass_funnel","MIN","CAR",-6.8456,0.0321,0.0323,0.3226,-0.6452,"off:PREDICTIVE|def:NOT_PREDICTIVE","LOW","MODELED"
2026,2,"proe_pace_vs_pass_funnel","MIN","CHI",-6.8456,-0.0159,0.0323,0.5484,-0.4194,"off:PREDICTIVE|def:NOT_PREDICTIVE","LOW","MODELED"
2026,2,"proe_pace_vs_pass_funnel","MIN","CIN",-6.8456,0.0555,0.0323,0.1935,-0.7742,"off:PREDICTIVE|def:NOT_PREDICTIVE","LOW","MODELED"
2026,2,"proe_pace_vs_pass_funnel","MIN","CLE",-6.8456,0.0365,0.0323,0.2903,-0.6774,"off:PREDICTIVE|def:NOT_PREDICTIVE","LOW","MODELED"
2026,2,"proe_pace_vs_pass_funnel","MIN","DAL",-6.8456,0.075,0.0323,0.0968,-0.871,"off:PREDICTIVE|def:NOT_PREDICTIVE","LOW","MODELED"
2026,2,"proe_pace_vs_pass_funnel","MIN","DEN",-6.8456,-0.0873,0.0323,0.9355,-0.0323,"off:PREDICTIVE|def:NOT_PREDICTIVE","LOW","MODELED"
2026,2,"proe_pace_vs_pass_funnel","MIN","DET",-6.8456,-0.0689,0.0323,0.871,-0.0968,"off:PREDICTIVE|def:NOT_PREDICTIVE","LOW","MODELED"
2026,2,"proe_pace_vs_pass_funnel","MIN","GB",-6.8456,0.0166,0.0323,0.3871,-0.5806,"off:PREDICTIVE|def:NOT_PREDICTIVE","LOW","MODELED"
2026,2,"proe_pace_vs_pass_funnel","MIN","HOU",-6.8456,-0.0276,0.0323,0.7097,-0.2581,"off:PREDICTIVE|def:NOT_PREDICTIVE","LOW","MODELED"
2026,2,"proe_pace_vs_pass_funnel","MIN","IND",-6.8456,0.0069,0.0323,0.4194,-0.5484,"off:PREDICTIVE|def:NOT_PREDICTIVE","LOW","MODELED"
2026,2,"proe_pace_vs_pass_funnel","MIN","JAX",-6.8456,0.0229,0.0323,0.3548,-0.6129,"off:PREDICTIVE|def:NOT_PREDICTIVE","LOW","MODELED"
2026,2,"proe_pace_vs_pass_funnel","MIN","KC",-6.8456,-0.0232,0.0323,0.6774,-0.2903,"off:PREDICTIVE|def:NOT_PREDICTIVE","LOW","MODELED"
2026,2,"proe_pace_vs_pass_funnel","MIN","LAC",-6.8456,0.0615,0.0323,0.1613,-0.8065,"off:PREDICTIVE|def:NOT_PREDICTIVE","LOW","MODELED"
2026,2,"proe_pace_vs_pass_funnel","MIN","LAR",-6.8456,-0.146,0.0323,1,0.0323,"off:PREDICTIVE|def:NOT_PREDICTIVE","LOW","MODELED"
2026,2,"proe_pace_vs_pass_funnel","MIN","LV",-6.8456,-0.0504,0.0323,0.7742,-0.1935,"off:PREDICTIVE|def:NOT_PREDICTIVE","LOW","MODELED"
2026,2,"proe_pace_vs_pass_funnel","MIN","MIA",-6.8456,0.0476,0.0323,0.2258,-0.7419,"off:PREDICTIVE|def:NOT_PREDICTIVE","LOW","MODELED"
2026,2,"proe_pace_vs_pass_funnel","MIN","NE",-6.8456,-0.0703,0.0323,0.9032,-0.0645,"off:PREDICTIVE|def:NOT_PREDICTIVE","LOW","MODELED"
2026,2,"proe_pace_vs_pass_funnel","MIN","NO",-6.8456,-0.0546,0.0323,0.8387,-0.129,"off:PREDICTIVE|def:NOT_PREDICTIVE","LOW","MODELED"
2026,2,"proe_pace_vs_pass_funnel","MIN","NYG",-6.8456,0.1081,0.0323,0.0323,-0.9355,"off:PREDICTIVE|def:NOT_PREDICTIVE","LOW","MODELED"
2026,2,"proe_pace_vs_pass_funnel","MIN","NYJ",-6.8456,-0.01,0.0323,0.4839,-0.4839,"off:PREDICTIVE|def:NOT_PREDICTIVE","LOW","MODELED"
2026,2,"proe_pace_vs_pass_funnel","MIN","PHI",-6.8456,-0.0167,0.0323,0.6129,-0.3548,"off:PREDICTIVE|def:NOT_PREDICTIVE","LOW","MODELED"
2026,2,"proe_pace_vs_pass_funnel","MIN","PIT",-6.8456,-0.0049,0.0323,0.4516,-0.5161,"off:PREDICTIVE|def:NOT_PREDICTIVE","LOW","MODELED"
2026,2,"proe_pace_vs_pass_funnel","MIN","SEA",-6.8456,-0.0208,0.0323,0.6452,-0.3226,"off:PREDICTIVE|def:NOT_PREDICTIVE","LOW","MODELED"
2026,2,"proe_pace_vs_pass_funnel","MIN","SF",-6.8456,-0.0142,0.0323,0.5161,-0.4516,"off:PREDICTIVE|def:NOT_PREDICTIVE","LOW","MODELED"
2026,2,"proe_pace_vs_pass_funnel","MIN","TB",-6.8456,0.0701,0.0323,0.129,-0.8387,"off:PREDICTIVE|def:NOT_PREDICTIVE","LOW","MODELED"
2026,2,"proe_pace_vs_pass_funnel","MIN","TEN",-6.8456,0.0972,0.0323,0.0645,-0.9032,"off:PREDICTIVE|def:NOT_PREDICTIVE","LOW","MODELED"
2026,2,"proe_pace_vs_pass_funnel","MIN","WAS",-6.8456,0.122,0.0323,0,-0.9677,"off:PREDICTIVE|def:NOT_PREDICTIVE","LOW","MODELED"
2026,2,"proe_pace_vs_pass_funnel","NE","ARI",2.1401,-0.0165,0.6452,0.5806,0.2258,"off:PREDICTIVE|def:NOT_PREDICTIVE","LOW","MODELED"
2026,2,"proe_pace_vs_pass_funnel","NE","ATL",2.1401,-0.0299,0.6452,0.7419,0.3871,"off:PREDICTIVE|def:NOT_PREDICTIVE","LOW","MODELED"
2026,2,"proe_pace_vs_pass_funnel","NE","BAL",2.1401,-0.0514,0.6452,0.8065,0.4516,"off:PREDICTIVE|def:NOT_PREDICTIVE","LOW","MODELED"
2026,2,"proe_pace_vs_pass_funnel","NE","BUF",2.1401,0.0374,0.6452,0.2581,-0.0968,"off:PREDICTIVE|def:NOT_PREDICTIVE","LOW","MODELED"
2026,2,"proe_pace_vs_pass_funnel","NE","CAR",2.1401,0.0321,0.6452,0.3226,-0.0323,"off:PREDICTIVE|def:NOT_PREDICTIVE","LOW","MODELED"
2026,2,"proe_pace_vs_pass_funnel","NE","CHI",2.1401,-0.0159,0.6452,0.5484,0.1935,"off:PREDICTIVE|def:NOT_PREDICTIVE","LOW","MODELED"
2026,2,"proe_pace_vs_pass_funnel","NE","CIN",2.1401,0.0555,0.6452,0.1935,-0.1613,"off:PREDICTIVE|def:NOT_PREDICTIVE","LOW","MODELED"
2026,2,"proe_pace_vs_pass_funnel","NE","CLE",2.1401,0.0365,0.6452,0.2903,-0.0645,"off:PREDICTIVE|def:NOT_PREDICTIVE","LOW","MODELED"
2026,2,"proe_pace_vs_pass_funnel","NE","DAL",2.1401,0.075,0.6452,0.0968,-0.2581,"off:PREDICTIVE|def:NOT_PREDICTIVE","LOW","MODELED"
2026,2,"proe_pace_vs_pass_funnel","NE","DEN",2.1401,-0.0873,0.6452,0.9355,0.5806,"off:PREDICTIVE|def:NOT_PREDICTIVE","LOW","MODELED"
2026,2,"proe_pace_vs_pass_funnel","NE","DET",2.1401,-0.0689,0.6452,0.871,0.5161,"off:PREDICTIVE|def:NOT_PREDICTIVE","LOW","MODELED"
2026,2,"proe_pace_vs_pass_funnel","NE","GB",2.1401,0.0166,0.6452,0.3871,0.0323,"off:PREDICTIVE|def:NOT_PREDICTIVE","LOW","MODELED"
2026,2,"proe_pace_vs_pass_funnel","NE","HOU",2.1401,-0.0276,0.6452,0.7097,0.3548,"off:PREDICTIVE|def:NOT_PREDICTIVE","LOW","MODELED"
2026,2,"proe_pace_vs_pass_funnel","NE","IND",2.1401,0.0069,0.6452,0.4194,0.0645,"off:PREDICTIVE|def:NOT_PREDICTIVE","LOW","MODELED"
2026,2,"proe_pace_vs_pass_funnel","NE","JAX",2.1401,0.0229,0.6452,0.3548,0,"off:PREDICTIVE|def:NOT_PREDICTIVE","LOW","MODELED"
2026,2,"proe_pace_vs_pass_funnel","NE","KC",2.1401,-0.0232,0.6452,0.6774,0.3226,"off:PREDICTIVE|def:NOT_PREDICTIVE","LOW","MODELED"
2026,2,"proe_pace_vs_pass_funnel","NE","LAC",2.1401,0.0615,0.6452,0.1613,-0.1935,"off:PREDICTIVE|def:NOT_PREDICTIVE","LOW","MODELED"
2026,2,"proe_pace_vs_pass_funnel","NE","LAR",2.1401,-0.146,0.6452,1,0.6452,"off:PREDICTIVE|def:NOT_PREDICTIVE","LOW","MODELED"
2026,2,"proe_pace_vs_pass_funnel","NE","LV",2.1401,-0.0504,0.6452,0.7742,0.4194,"off:PREDICTIVE|def:NOT_PREDICTIVE","LOW","MODELED"
2026,2,"proe_pace_vs_pass_funnel","NE","MIA",2.1401,0.0476,0.6452,0.2258,-0.129,"off:PREDICTIVE|def:NOT_PREDICTIVE","LOW","MODELED"
2026,2,"proe_pace_vs_pass_funnel","NE","MIN",2.1401,-0.104,0.6452,0.9677,0.6129,"off:PREDICTIVE|def:NOT_PREDICTIVE","LOW","MODELED"
2026,2,"proe_pace_vs_pass_funnel","NE","NO",2.1401,-0.0546,0.6452,0.8387,0.4839,"off:PREDICTIVE|def:NOT_PREDICTIVE","LOW","MODELED"
2026,2,"proe_pace_vs_pass_funnel","NE","NYG",2.1401,0.1081,0.6452,0.0323,-0.3226,"off:PREDICTIVE|def:NOT_PREDICTIVE","LOW","MODELED"
2026,2,"proe_pace_vs_pass_funnel","NE","NYJ",2.1401,-0.01,0.6452,0.4839,0.129,"off:PREDICTIVE|def:NOT_PREDICTIVE","LOW","MODELED"
2026,2,"proe_pace_vs_pass_funnel","NE","PHI",2.1401,-0.0167,0.6452,0.6129,0.2581,"off:PREDICTIVE|def:NOT_PREDICTIVE","LOW","MODELED"
2026,2,"proe_pace_vs_pass_funnel","NE","PIT",2.1401,-0.0049,0.6452,0.4516,0.0968,"off:PREDICTIVE|def:NOT_PREDICTIVE","LOW","MODELED"
2026,2,"proe_pace_vs_pass_funnel","NE","SEA",2.1401,-0.0208,0.6452,0.6452,0.2903,"off:PREDICTIVE|def:NOT_PREDICTIVE","LOW","MODELED"
2026,2,"proe_pace_vs_pass_funnel","NE","SF",2.1401,-0.0142,0.6452,0.5161,0.1613,"off:PREDICTIVE|def:NOT_PREDICTIVE","LOW","MODELED"
2026,2,"proe_pace_vs_pass_funnel","NE","TB",2.1401,0.0701,0.6452,0.129,-0.2258,"off:PREDICTIVE|def:NOT_PREDICTIVE","LOW","MODELED"
2026,2,"proe_pace_vs_pass_funnel","NE","TEN",2.1401,0.0972,0.6452,0.0645,-0.2903,"off:PREDICTIVE|def:NOT_PREDICTIVE","LOW","MODELED"
2026,2,"proe_pace_vs_pass_funnel","NE","WAS",2.1401,0.122,0.6452,0,-0.3548,"off:PREDICTIVE|def:NOT_PREDICTIVE","LOW","MODELED"
2026,2,"proe_pace_vs_pass_funnel","NO","ARI",-3.1775,-0.0165,0.2581,0.5806,-0.1613,"off:PREDICTIVE|def:NOT_PREDICTIVE","LOW","MODELED"
2026,2,"proe_pace_vs_pass_funnel","NO","ATL",-3.1775,-0.0299,0.2581,0.7419,0,"off:PREDICTIVE|def:NOT_PREDICTIVE","LOW","MODELED"
2026,2,"proe_pace_vs_pass_funnel","NO","BAL",-3.1775,-0.0514,0.2581,0.8065,0.0645,"off:PREDICTIVE|def:NOT_PREDICTIVE","LOW","MODELED"
2026,2,"proe_pace_vs_pass_funnel","NO","BUF",-3.1775,0.0374,0.2581,0.2581,-0.4839,"off:PREDICTIVE|def:NOT_PREDICTIVE","LOW","MODELED"
2026,2,"proe_pace_vs_pass_funnel","NO","CAR",-3.1775,0.0321,0.2581,0.3226,-0.4194,"off:PREDICTIVE|def:NOT_PREDICTIVE","LOW","MODELED"
2026,2,"proe_pace_vs_pass_funnel","NO","CHI",-3.1775,-0.0159,0.2581,0.5484,-0.1935,"off:PREDICTIVE|def:NOT_PREDICTIVE","LOW","MODELED"
2026,2,"proe_pace_vs_pass_funnel","NO","CIN",-3.1775,0.0555,0.2581,0.1935,-0.5484,"off:PREDICTIVE|def:NOT_PREDICTIVE","LOW","MODELED"
2026,2,"proe_pace_vs_pass_funnel","NO","CLE",-3.1775,0.0365,0.2581,0.2903,-0.4516,"off:PREDICTIVE|def:NOT_PREDICTIVE","LOW","MODELED"
2026,2,"proe_pace_vs_pass_funnel","NO","DAL",-3.1775,0.075,0.2581,0.0968,-0.6452,"off:PREDICTIVE|def:NOT_PREDICTIVE","LOW","MODELED"
2026,2,"proe_pace_vs_pass_funnel","NO","DEN",-3.1775,-0.0873,0.2581,0.9355,0.1935,"off:PREDICTIVE|def:NOT_PREDICTIVE","LOW","MODELED"
2026,2,"proe_pace_vs_pass_funnel","NO","DET",-3.1775,-0.0689,0.2581,0.871,0.129,"off:PREDICTIVE|def:NOT_PREDICTIVE","LOW","MODELED"
2026,2,"proe_pace_vs_pass_funnel","NO","GB",-3.1775,0.0166,0.2581,0.3871,-0.3548,"off:PREDICTIVE|def:NOT_PREDICTIVE","LOW","MODELED"
2026,2,"proe_pace_vs_pass_funnel","NO","HOU",-3.1775,-0.0276,0.2581,0.7097,-0.0323,"off:PREDICTIVE|def:NOT_PREDICTIVE","LOW","MODELED"
2026,2,"proe_pace_vs_pass_funnel","NO","IND",-3.1775,0.0069,0.2581,0.4194,-0.3226,"off:PREDICTIVE|def:NOT_PREDICTIVE","LOW","MODELED"
2026,2,"proe_pace_vs_pass_funnel","NO","JAX",-3.1775,0.0229,0.2581,0.3548,-0.3871,"off:PREDICTIVE|def:NOT_PREDICTIVE","LOW","MODELED"
2026,2,"proe_pace_vs_pass_funnel","NO","KC",-3.1775,-0.0232,0.2581,0.6774,-0.0645,"off:PREDICTIVE|def:NOT_PREDICTIVE","LOW","MODELED"
2026,2,"proe_pace_vs_pass_funnel","NO","LAC",-3.1775,0.0615,0.2581,0.1613,-0.5806,"off:PREDICTIVE|def:NOT_PREDICTIVE","LOW","MODELED"
2026,2,"proe_pace_vs_pass_funnel","NO","LAR",-3.1775,-0.146,0.2581,1,0.2581,"off:PREDICTIVE|def:NOT_PREDICTIVE","LOW","MODELED"
2026,2,"proe_pace_vs_pass_funnel","NO","LV",-3.1775,-0.0504,0.2581,0.7742,0.0323,"off:PREDICTIVE|def:NOT_PREDICTIVE","LOW","MODELED"
2026,2,"proe_pace_vs_pass_funnel","NO","MIA",-3.1775,0.0476,0.2581,0.2258,-0.5161,"off:PREDICTIVE|def:NOT_PREDICTIVE","LOW","MODELED"
2026,2,"proe_pace_vs_pass_funnel","NO","MIN",-3.1775,-0.104,0.2581,0.9677,0.2258,"off:PREDICTIVE|def:NOT_PREDICTIVE","LOW","MODELED"
2026,2,"proe_pace_vs_pass_funnel","NO","NE",-3.1775,-0.0703,0.2581,0.9032,0.1613,"off:PREDICTIVE|def:NOT_PREDICTIVE","LOW","MODELED"
2026,2,"proe_pace_vs_pass_funnel","NO","NYG",-3.1775,0.1081,0.2581,0.0323,-0.7097,"off:PREDICTIVE|def:NOT_PREDICTIVE","LOW","MODELED"
2026,2,"proe_pace_vs_pass_funnel","NO","NYJ",-3.1775,-0.01,0.2581,0.4839,-0.2581,"off:PREDICTIVE|def:NOT_PREDICTIVE","LOW","MODELED"
2026,2,"proe_pace_vs_pass_funnel","NO","PHI",-3.1775,-0.0167,0.2581,0.6129,-0.129,"off:PREDICTIVE|def:NOT_PREDICTIVE","LOW","MODELED"
2026,2,"proe_pace_vs_pass_funnel","NO","PIT",-3.1775,-0.0049,0.2581,0.4516,-0.2903,"off:PREDICTIVE|def:NOT_PREDICTIVE","LOW","MODELED"
2026,2,"proe_pace_vs_pass_funnel","NO","SEA",-3.1775,-0.0208,0.2581,0.6452,-0.0968,"off:PREDICTIVE|def:NOT_PREDICTIVE","LOW","MODELED"
2026,2,"proe_pace_vs_pass_funnel","NO","SF",-3.1775,-0.0142,0.2581,0.5161,-0.2258,"off:PREDICTIVE|def:NOT_PREDICTIVE","LOW","MODELED"
2026,2,"proe_pace_vs_pass_funnel","NO","TB",-3.1775,0.0701,0.2581,0.129,-0.6129,"off:PREDICTIVE|def:NOT_PREDICTIVE","LOW","MODELED"
2026,2,"proe_pace_vs_pass_funnel","NO","TEN",-3.1775,0.0972,0.2581,0.0645,-0.6774,"off:PREDICTIVE|def:NOT_PREDICTIVE","LOW","MODELED"
2026,2,"proe_pace_vs_pass_funnel","NO","WAS",-3.1775,0.122,0.2581,0,-0.7419,"off:PREDICTIVE|def:NOT_PREDICTIVE","LOW","MODELED"
2026,2,"proe_pace_vs_pass_funnel","NYG","ARI",-0.0562,-0.0165,0.4839,0.5806,0.0645,"off:PREDICTIVE|def:NOT_PREDICTIVE","LOW","MODELED"
2026,2,"proe_pace_vs_pass_funnel","NYG","ATL",-0.0562,-0.0299,0.4839,0.7419,0.2258,"off:PREDICTIVE|def:NOT_PREDICTIVE","LOW","MODELED"
2026,2,"proe_pace_vs_pass_funnel","NYG","BAL",-0.0562,-0.0514,0.4839,0.8065,0.2903,"off:PREDICTIVE|def:NOT_PREDICTIVE","LOW","MODELED"
2026,2,"proe_pace_vs_pass_funnel","NYG","BUF",-0.0562,0.0374,0.4839,0.2581,-0.2581,"off:PREDICTIVE|def:NOT_PREDICTIVE","LOW","MODELED"
2026,2,"proe_pace_vs_pass_funnel","NYG","CAR",-0.0562,0.0321,0.4839,0.3226,-0.1935,"off:PREDICTIVE|def:NOT_PREDICTIVE","LOW","MODELED"
2026,2,"proe_pace_vs_pass_funnel","NYG","CHI",-0.0562,-0.0159,0.4839,0.5484,0.0323,"off:PREDICTIVE|def:NOT_PREDICTIVE","LOW","MODELED"
2026,2,"proe_pace_vs_pass_funnel","NYG","CIN",-0.0562,0.0555,0.4839,0.1935,-0.3226,"off:PREDICTIVE|def:NOT_PREDICTIVE","LOW","MODELED"
2026,2,"proe_pace_vs_pass_funnel","NYG","CLE",-0.0562,0.0365,0.4839,0.2903,-0.2258,"off:PREDICTIVE|def:NOT_PREDICTIVE","LOW","MODELED"
2026,2,"proe_pace_vs_pass_funnel","NYG","DAL",-0.0562,0.075,0.4839,0.0968,-0.4194,"off:PREDICTIVE|def:NOT_PREDICTIVE","LOW","MODELED"
2026,2,"proe_pace_vs_pass_funnel","NYG","DEN",-0.0562,-0.0873,0.4839,0.9355,0.4194,"off:PREDICTIVE|def:NOT_PREDICTIVE","LOW","MODELED"
2026,2,"proe_pace_vs_pass_funnel","NYG","DET",-0.0562,-0.0689,0.4839,0.871,0.3548,"off:PREDICTIVE|def:NOT_PREDICTIVE","LOW","MODELED"
2026,2,"proe_pace_vs_pass_funnel","NYG","GB",-0.0562,0.0166,0.4839,0.3871,-0.129,"off:PREDICTIVE|def:NOT_PREDICTIVE","LOW","MODELED"
2026,2,"proe_pace_vs_pass_funnel","NYG","HOU",-0.0562,-0.0276,0.4839,0.7097,0.1935,"off:PREDICTIVE|def:NOT_PREDICTIVE","LOW","MODELED"
2026,2,"proe_pace_vs_pass_funnel","NYG","IND",-0.0562,0.0069,0.4839,0.4194,-0.0968,"off:PREDICTIVE|def:NOT_PREDICTIVE","LOW","MODELED"
2026,2,"proe_pace_vs_pass_funnel","NYG","JAX",-0.0562,0.0229,0.4839,0.3548,-0.1613,"off:PREDICTIVE|def:NOT_PREDICTIVE","LOW","MODELED"
2026,2,"proe_pace_vs_pass_funnel","NYG","KC",-0.0562,-0.0232,0.4839,0.6774,0.1613,"off:PREDICTIVE|def:NOT_PREDICTIVE","LOW","MODELED"
2026,2,"proe_pace_vs_pass_funnel","NYG","LAC",-0.0562,0.0615,0.4839,0.1613,-0.3548,"off:PREDICTIVE|def:NOT_PREDICTIVE","LOW","MODELED"
2026,2,"proe_pace_vs_pass_funnel","NYG","LAR",-0.0562,-0.146,0.4839,1,0.4839,"off:PREDICTIVE|def:NOT_PREDICTIVE","LOW","MODELED"
2026,2,"proe_pace_vs_pass_funnel","NYG","LV",-0.0562,-0.0504,0.4839,0.7742,0.2581,"off:PREDICTIVE|def:NOT_PREDICTIVE","LOW","MODELED"
2026,2,"proe_pace_vs_pass_funnel","NYG","MIA",-0.0562,0.0476,0.4839,0.2258,-0.2903,"off:PREDICTIVE|def:NOT_PREDICTIVE","LOW","MODELED"
2026,2,"proe_pace_vs_pass_funnel","NYG","MIN",-0.0562,-0.104,0.4839,0.9677,0.4516,"off:PREDICTIVE|def:NOT_PREDICTIVE","LOW","MODELED"
2026,2,"proe_pace_vs_pass_funnel","NYG","NE",-0.0562,-0.0703,0.4839,0.9032,0.3871,"off:PREDICTIVE|def:NOT_PREDICTIVE","LOW","MODELED"
2026,2,"proe_pace_vs_pass_funnel","NYG","NO",-0.0562,-0.0546,0.4839,0.8387,0.3226,"off:PREDICTIVE|def:NOT_PREDICTIVE","LOW","MODELED"
2026,2,"proe_pace_vs_pass_funnel","NYG","NYJ",-0.0562,-0.01,0.4839,0.4839,-0.0323,"off:PREDICTIVE|def:NOT_PREDICTIVE","LOW","MODELED"
2026,2,"proe_pace_vs_pass_funnel","NYG","PHI",-0.0562,-0.0167,0.4839,0.6129,0.0968,"off:PREDICTIVE|def:NOT_PREDICTIVE","LOW","MODELED"
2026,2,"proe_pace_vs_pass_funnel","NYG","PIT",-0.0562,-0.0049,0.4839,0.4516,-0.0645,"off:PREDICTIVE|def:NOT_PREDICTIVE","LOW","MODELED"
2026,2,"proe_pace_vs_pass_funnel","NYG","SEA",-0.0562,-0.0208,0.4839,0.6452,0.129,"off:PREDICTIVE|def:NOT_PREDICTIVE","LOW","MODELED"
2026,2,"proe_pace_vs_pass_funnel","NYG","SF",-0.0562,-0.0142,0.4839,0.5161,0,"off:PREDICTIVE|def:NOT_PREDICTIVE","LOW","MODELED"
2026,2,"proe_pace_vs_pass_funnel","NYG","TB",-0.0562,0.0701,0.4839,0.129,-0.3871,"off:PREDICTIVE|def:NOT_PREDICTIVE","LOW","MODELED"
2026,2,"proe_pace_vs_pass_funnel","NYG","TEN",-0.0562,0.0972,0.4839,0.0645,-0.4516,"off:PREDICTIVE|def:NOT_PREDICTIVE","LOW","MODELED"
2026,2,"proe_pace_vs_pass_funnel","NYG","WAS",-0.0562,0.122,0.4839,0,-0.5161,"off:PREDICTIVE|def:NOT_PREDICTIVE","LOW","MODELED"
2026,2,"proe_pace_vs_pass_funnel","NYJ","ARI",-3.2306,-0.0165,0.2258,0.5806,-0.1935,"off:PREDICTIVE|def:NOT_PREDICTIVE","LOW","MODELED"
2026,2,"proe_pace_vs_pass_funnel","NYJ","ATL",-3.2306,-0.0299,0.2258,0.7419,-0.0323,"off:PREDICTIVE|def:NOT_PREDICTIVE","LOW","MODELED"
2026,2,"proe_pace_vs_pass_funnel","NYJ","BAL",-3.2306,-0.0514,0.2258,0.8065,0.0323,"off:PREDICTIVE|def:NOT_PREDICTIVE","LOW","MODELED"
2026,2,"proe_pace_vs_pass_funnel","NYJ","BUF",-3.2306,0.0374,0.2258,0.2581,-0.5161,"off:PREDICTIVE|def:NOT_PREDICTIVE","LOW","MODELED"
2026,2,"proe_pace_vs_pass_funnel","NYJ","CAR",-3.2306,0.0321,0.2258,0.3226,-0.4516,"off:PREDICTIVE|def:NOT_PREDICTIVE","LOW","MODELED"
2026,2,"proe_pace_vs_pass_funnel","NYJ","CHI",-3.2306,-0.0159,0.2258,0.5484,-0.2258,"off:PREDICTIVE|def:NOT_PREDICTIVE","LOW","MODELED"
2026,2,"proe_pace_vs_pass_funnel","NYJ","CIN",-3.2306,0.0555,0.2258,0.1935,-0.5806,"off:PREDICTIVE|def:NOT_PREDICTIVE","LOW","MODELED"
2026,2,"proe_pace_vs_pass_funnel","NYJ","CLE",-3.2306,0.0365,0.2258,0.2903,-0.4839,"off:PREDICTIVE|def:NOT_PREDICTIVE","LOW","MODELED"
2026,2,"proe_pace_vs_pass_funnel","NYJ","DAL",-3.2306,0.075,0.2258,0.0968,-0.6774,"off:PREDICTIVE|def:NOT_PREDICTIVE","LOW","MODELED"
2026,2,"proe_pace_vs_pass_funnel","NYJ","DEN",-3.2306,-0.0873,0.2258,0.9355,0.1613,"off:PREDICTIVE|def:NOT_PREDICTIVE","LOW","MODELED"
2026,2,"proe_pace_vs_pass_funnel","NYJ","DET",-3.2306,-0.0689,0.2258,0.871,0.0968,"off:PREDICTIVE|def:NOT_PREDICTIVE","LOW","MODELED"
2026,2,"proe_pace_vs_pass_funnel","NYJ","GB",-3.2306,0.0166,0.2258,0.3871,-0.3871,"off:PREDICTIVE|def:NOT_PREDICTIVE","LOW","MODELED"
2026,2,"proe_pace_vs_pass_funnel","NYJ","HOU",-3.2306,-0.0276,0.2258,0.7097,-0.0645,"off:PREDICTIVE|def:NOT_PREDICTIVE","LOW","MODELED"
2026,2,"proe_pace_vs_pass_funnel","NYJ","IND",-3.2306,0.0069,0.2258,0.4194,-0.3548,"off:PREDICTIVE|def:NOT_PREDICTIVE","LOW","MODELED"
2026,2,"proe_pace_vs_pass_funnel","NYJ","JAX",-3.2306,0.0229,0.2258,0.3548,-0.4194,"off:PREDICTIVE|def:NOT_PREDICTIVE","LOW","MODELED"
2026,2,"proe_pace_vs_pass_funnel","NYJ","KC",-3.2306,-0.0232,0.2258,0.6774,-0.0968,"off:PREDICTIVE|def:NOT_PREDICTIVE","LOW","MODELED"
2026,2,"proe_pace_vs_pass_funnel","NYJ","LAC",-3.2306,0.0615,0.2258,0.1613,-0.6129,"off:PREDICTIVE|def:NOT_PREDICTIVE","LOW","MODELED"
2026,2,"proe_pace_vs_pass_funnel","NYJ","LAR",-3.2306,-0.146,0.2258,1,0.2258,"off:PREDICTIVE|def:NOT_PREDICTIVE","LOW","MODELED"
2026,2,"proe_pace_vs_pass_funnel","NYJ","LV",-3.2306,-0.0504,0.2258,0.7742,0,"off:PREDICTIVE|def:NOT_PREDICTIVE","LOW","MODELED"
2026,2,"proe_pace_vs_pass_funnel","NYJ","MIA",-3.2306,0.0476,0.2258,0.2258,-0.5484,"off:PREDICTIVE|def:NOT_PREDICTIVE","LOW","MODELED"
2026,2,"proe_pace_vs_pass_funnel","NYJ","MIN",-3.2306,-0.104,0.2258,0.9677,0.1935,"off:PREDICTIVE|def:NOT_PREDICTIVE","LOW","MODELED"
2026,2,"proe_pace_vs_pass_funnel","NYJ","NE",-3.2306,-0.0703,0.2258,0.9032,0.129,"off:PREDICTIVE|def:NOT_PREDICTIVE","LOW","MODELED"
2026,2,"proe_pace_vs_pass_funnel","NYJ","NO",-3.2306,-0.0546,0.2258,0.8387,0.0645,"off:PREDICTIVE|def:NOT_PREDICTIVE","LOW","MODELED"
2026,2,"proe_pace_vs_pass_funnel","NYJ","NYG",-3.2306,0.1081,0.2258,0.0323,-0.7419,"off:PREDICTIVE|def:NOT_PREDICTIVE","LOW","MODELED"
2026,2,"proe_pace_vs_pass_funnel","NYJ","PHI",-3.2306,-0.0167,0.2258,0.6129,-0.1613,"off:PREDICTIVE|def:NOT_PREDICTIVE","LOW","MODELED"
2026,2,"proe_pace_vs_pass_funnel","NYJ","PIT",-3.2306,-0.0049,0.2258,0.4516,-0.3226,"off:PREDICTIVE|def:NOT_PREDICTIVE","LOW","MODELED"
2026,2,"proe_pace_vs_pass_funnel","NYJ","SEA",-3.2306,-0.0208,0.2258,0.6452,-0.129,"off:PREDICTIVE|def:NOT_PREDICTIVE","LOW","MODELED"
2026,2,"proe_pace_vs_pass_funnel","NYJ","SF",-3.2306,-0.0142,0.2258,0.5161,-0.2581,"off:PREDICTIVE|def:NOT_PREDICTIVE","LOW","MODELED"
2026,2,"proe_pace_vs_pass_funnel","NYJ","TB",-3.2306,0.0701,0.2258,0.129,-0.6452,"off:PREDICTIVE|def:NOT_PREDICTIVE","LOW","MODELED"
2026,2,"proe_pace_vs_pass_funnel","NYJ","TEN",-3.2306,0.0972,0.2258,0.0645,-0.7097,"off:PREDICTIVE|def:NOT_PREDICTIVE","LOW","MODELED"
2026,2,"proe_pace_vs_pass_funnel","NYJ","WAS",-3.2306,0.122,0.2258,0,-0.7742,"off:PREDICTIVE|def:NOT_PREDICTIVE","LOW","MODELED"
2026,2,"proe_pace_vs_pass_funnel","PHI","ARI",-3.7442,-0.0165,0.0968,0.5806,-0.3226,"off:PREDICTIVE|def:NOT_PREDICTIVE","LOW","MODELED"
2026,2,"proe_pace_vs_pass_funnel","PHI","ATL",-3.7442,-0.0299,0.0968,0.7419,-0.1613,"off:PREDICTIVE|def:NOT_PREDICTIVE","LOW","MODELED"
2026,2,"proe_pace_vs_pass_funnel","PHI","BAL",-3.7442,-0.0514,0.0968,0.8065,-0.0968,"off:PREDICTIVE|def:NOT_PREDICTIVE","LOW","MODELED"
2026,2,"proe_pace_vs_pass_funnel","PHI","BUF",-3.7442,0.0374,0.0968,0.2581,-0.6452,"off:PREDICTIVE|def:NOT_PREDICTIVE","LOW","MODELED"
2026,2,"proe_pace_vs_pass_funnel","PHI","CAR",-3.7442,0.0321,0.0968,0.3226,-0.5806,"off:PREDICTIVE|def:NOT_PREDICTIVE","LOW","MODELED"
2026,2,"proe_pace_vs_pass_funnel","PHI","CHI",-3.7442,-0.0159,0.0968,0.5484,-0.3548,"off:PREDICTIVE|def:NOT_PREDICTIVE","LOW","MODELED"
2026,2,"proe_pace_vs_pass_funnel","PHI","CIN",-3.7442,0.0555,0.0968,0.1935,-0.7097,"off:PREDICTIVE|def:NOT_PREDICTIVE","LOW","MODELED"
2026,2,"proe_pace_vs_pass_funnel","PHI","CLE",-3.7442,0.0365,0.0968,0.2903,-0.6129,"off:PREDICTIVE|def:NOT_PREDICTIVE","LOW","MODELED"
2026,2,"proe_pace_vs_pass_funnel","PHI","DAL",-3.7442,0.075,0.0968,0.0968,-0.8065,"off:PREDICTIVE|def:NOT_PREDICTIVE","LOW","MODELED"
2026,2,"proe_pace_vs_pass_funnel","PHI","DEN",-3.7442,-0.0873,0.0968,0.9355,0.0323,"off:PREDICTIVE|def:NOT_PREDICTIVE","LOW","MODELED"
2026,2,"proe_pace_vs_pass_funnel","PHI","DET",-3.7442,-0.0689,0.0968,0.871,-0.0323,"off:PREDICTIVE|def:NOT_PREDICTIVE","LOW","MODELED"
2026,2,"proe_pace_vs_pass_funnel","PHI","GB",-3.7442,0.0166,0.0968,0.3871,-0.5161,"off:PREDICTIVE|def:NOT_PREDICTIVE","LOW","MODELED"
2026,2,"proe_pace_vs_pass_funnel","PHI","HOU",-3.7442,-0.0276,0.0968,0.7097,-0.1935,"off:PREDICTIVE|def:NOT_PREDICTIVE","LOW","MODELED"
2026,2,"proe_pace_vs_pass_funnel","PHI","IND",-3.7442,0.0069,0.0968,0.4194,-0.4839,"off:PREDICTIVE|def:NOT_PREDICTIVE","LOW","MODELED"
2026,2,"proe_pace_vs_pass_funnel","PHI","JAX",-3.7442,0.0229,0.0968,0.3548,-0.5484,"off:PREDICTIVE|def:NOT_PREDICTIVE","LOW","MODELED"
2026,2,"proe_pace_vs_pass_funnel","PHI","KC",-3.7442,-0.0232,0.0968,0.6774,-0.2258,"off:PREDICTIVE|def:NOT_PREDICTIVE","LOW","MODELED"
2026,2,"proe_pace_vs_pass_funnel","PHI","LAC",-3.7442,0.0615,0.0968,0.1613,-0.7419,"off:PREDICTIVE|def:NOT_PREDICTIVE","LOW","MODELED"
2026,2,"proe_pace_vs_pass_funnel","PHI","LAR",-3.7442,-0.146,0.0968,1,0.0968,"off:PREDICTIVE|def:NOT_PREDICTIVE","LOW","MODELED"
2026,2,"proe_pace_vs_pass_funnel","PHI","LV",-3.7442,-0.0504,0.0968,0.7742,-0.129,"off:PREDICTIVE|def:NOT_PREDICTIVE","LOW","MODELED"
2026,2,"proe_pace_vs_pass_funnel","PHI","MIA",-3.7442,0.0476,0.0968,0.2258,-0.6774,"off:PREDICTIVE|def:NOT_PREDICTIVE","LOW","MODELED"
2026,2,"proe_pace_vs_pass_funnel","PHI","MIN",-3.7442,-0.104,0.0968,0.9677,0.0645,"off:PREDICTIVE|def:NOT_PREDICTIVE","LOW","MODELED"
2026,2,"proe_pace_vs_pass_funnel","PHI","NE",-3.7442,-0.0703,0.0968,0.9032,0,"off:PREDICTIVE|def:NOT_PREDICTIVE","LOW","MODELED"
2026,2,"proe_pace_vs_pass_funnel","PHI","NO",-3.7442,-0.0546,0.0968,0.8387,-0.0645,"off:PREDICTIVE|def:NOT_PREDICTIVE","LOW","MODELED"
2026,2,"proe_pace_vs_pass_funnel","PHI","NYG",-3.7442,0.1081,0.0968,0.0323,-0.871,"off:PREDICTIVE|def:NOT_PREDICTIVE","LOW","MODELED"
2026,2,"proe_pace_vs_pass_funnel","PHI","NYJ",-3.7442,-0.01,0.0968,0.4839,-0.4194,"off:PREDICTIVE|def:NOT_PREDICTIVE","LOW","MODELED"
2026,2,"proe_pace_vs_pass_funnel","PHI","PIT",-3.7442,-0.0049,0.0968,0.4516,-0.4516,"off:PREDICTIVE|def:NOT_PREDICTIVE","LOW","MODELED"
2026,2,"proe_pace_vs_pass_funnel","PHI","SEA",-3.7442,-0.0208,0.0968,0.6452,-0.2581,"off:PREDICTIVE|def:NOT_PREDICTIVE","LOW","MODELED"
2026,2,"proe_pace_vs_pass_funnel","PHI","SF",-3.7442,-0.0142,0.0968,0.5161,-0.3871,"off:PREDICTIVE|def:NOT_PREDICTIVE","LOW","MODELED"
2026,2,"proe_pace_vs_pass_funnel","PHI","TB",-3.7442,0.0701,0.0968,0.129,-0.7742,"off:PREDICTIVE|def:NOT_PREDICTIVE","LOW","MODELED"
2026,2,"proe_pace_vs_pass_funnel","PHI","TEN",-3.7442,0.0972,0.0968,0.0645,-0.8387,"off:PREDICTIVE|def:NOT_PREDICTIVE","LOW","MODELED"
2026,2,"proe_pace_vs_pass_funnel","PHI","WAS",-3.7442,0.122,0.0968,0,-0.9032,"off:PREDICTIVE|def:NOT_PREDICTIVE","LOW","MODELED"
2026,2,"proe_pace_vs_pass_funnel","PIT","ARI",-0.5091,-0.0165,0.3871,0.5806,-0.0323,"off:PREDICTIVE|def:NOT_PREDICTIVE","LOW","MODELED"
2026,2,"proe_pace_vs_pass_funnel","PIT","ATL",-0.5091,-0.0299,0.3871,0.7419,0.129,"off:PREDICTIVE|def:NOT_PREDICTIVE","LOW","MODELED"
2026,2,"proe_pace_vs_pass_funnel","PIT","BAL",-0.5091,-0.0514,0.3871,0.8065,0.1935,"off:PREDICTIVE|def:NOT_PREDICTIVE","LOW","MODELED"
2026,2,"proe_pace_vs_pass_funnel","PIT","BUF",-0.5091,0.0374,0.3871,0.2581,-0.3548,"off:PREDICTIVE|def:NOT_PREDICTIVE","LOW","MODELED"
2026,2,"proe_pace_vs_pass_funnel","PIT","CAR",-0.5091,0.0321,0.3871,0.3226,-0.2903,"off:PREDICTIVE|def:NOT_PREDICTIVE","LOW","MODELED"
2026,2,"proe_pace_vs_pass_funnel","PIT","CHI",-0.5091,-0.0159,0.3871,0.5484,-0.0645,"off:PREDICTIVE|def:NOT_PREDICTIVE","LOW","MODELED"
2026,2,"proe_pace_vs_pass_funnel","PIT","CIN",-0.5091,0.0555,0.3871,0.1935,-0.4194,"off:PREDICTIVE|def:NOT_PREDICTIVE","LOW","MODELED"
2026,2,"proe_pace_vs_pass_funnel","PIT","CLE",-0.5091,0.0365,0.3871,0.2903,-0.3226,"off:PREDICTIVE|def:NOT_PREDICTIVE","LOW","MODELED"
2026,2,"proe_pace_vs_pass_funnel","PIT","DAL",-0.5091,0.075,0.3871,0.0968,-0.5161,"off:PREDICTIVE|def:NOT_PREDICTIVE","LOW","MODELED"
2026,2,"proe_pace_vs_pass_funnel","PIT","DEN",-0.5091,-0.0873,0.3871,0.9355,0.3226,"off:PREDICTIVE|def:NOT_PREDICTIVE","LOW","MODELED"
2026,2,"proe_pace_vs_pass_funnel","PIT","DET",-0.5091,-0.0689,0.3871,0.871,0.2581,"off:PREDICTIVE|def:NOT_PREDICTIVE","LOW","MODELED"
2026,2,"proe_pace_vs_pass_funnel","PIT","GB",-0.5091,0.0166,0.3871,0.3871,-0.2258,"off:PREDICTIVE|def:NOT_PREDICTIVE","LOW","MODELED"
2026,2,"proe_pace_vs_pass_funnel","PIT","HOU",-0.5091,-0.0276,0.3871,0.7097,0.0968,"off:PREDICTIVE|def:NOT_PREDICTIVE","LOW","MODELED"
2026,2,"proe_pace_vs_pass_funnel","PIT","IND",-0.5091,0.0069,0.3871,0.4194,-0.1935,"off:PREDICTIVE|def:NOT_PREDICTIVE","LOW","MODELED"
2026,2,"proe_pace_vs_pass_funnel","PIT","JAX",-0.5091,0.0229,0.3871,0.3548,-0.2581,"off:PREDICTIVE|def:NOT_PREDICTIVE","LOW","MODELED"
2026,2,"proe_pace_vs_pass_funnel","PIT","KC",-0.5091,-0.0232,0.3871,0.6774,0.0645,"off:PREDICTIVE|def:NOT_PREDICTIVE","LOW","MODELED"
2026,2,"proe_pace_vs_pass_funnel","PIT","LAC",-0.5091,0.0615,0.3871,0.1613,-0.4516,"off:PREDICTIVE|def:NOT_PREDICTIVE","LOW","MODELED"
2026,2,"proe_pace_vs_pass_funnel","PIT","LAR",-0.5091,-0.146,0.3871,1,0.3871,"off:PREDICTIVE|def:NOT_PREDICTIVE","LOW","MODELED"
2026,2,"proe_pace_vs_pass_funnel","PIT","LV",-0.5091,-0.0504,0.3871,0.7742,0.1613,"off:PREDICTIVE|def:NOT_PREDICTIVE","LOW","MODELED"
2026,2,"proe_pace_vs_pass_funnel","PIT","MIA",-0.5091,0.0476,0.3871,0.2258,-0.3871,"off:PREDICTIVE|def:NOT_PREDICTIVE","LOW","MODELED"
2026,2,"proe_pace_vs_pass_funnel","PIT","MIN",-0.5091,-0.104,0.3871,0.9677,0.3548,"off:PREDICTIVE|def:NOT_PREDICTIVE","LOW","MODELED"
2026,2,"proe_pace_vs_pass_funnel","PIT","NE",-0.5091,-0.0703,0.3871,0.9032,0.2903,"off:PREDICTIVE|def:NOT_PREDICTIVE","LOW","MODELED"
2026,2,"proe_pace_vs_pass_funnel","PIT","NO",-0.5091,-0.0546,0.3871,0.8387,0.2258,"off:PREDICTIVE|def:NOT_PREDICTIVE","LOW","MODELED"
2026,2,"proe_pace_vs_pass_funnel","PIT","NYG",-0.5091,0.1081,0.3871,0.0323,-0.5806,"off:PREDICTIVE|def:NOT_PREDICTIVE","LOW","MODELED"
2026,2,"proe_pace_vs_pass_funnel","PIT","NYJ",-0.5091,-0.01,0.3871,0.4839,-0.129,"off:PREDICTIVE|def:NOT_PREDICTIVE","LOW","MODELED"
2026,2,"proe_pace_vs_pass_funnel","PIT","PHI",-0.5091,-0.0167,0.3871,0.6129,0,"off:PREDICTIVE|def:NOT_PREDICTIVE","LOW","MODELED"
2026,2,"proe_pace_vs_pass_funnel","PIT","SEA",-0.5091,-0.0208,0.3871,0.6452,0.0323,"off:PREDICTIVE|def:NOT_PREDICTIVE","LOW","MODELED"
2026,2,"proe_pace_vs_pass_funnel","PIT","SF",-0.5091,-0.0142,0.3871,0.5161,-0.0968,"off:PREDICTIVE|def:NOT_PREDICTIVE","LOW","MODELED"
2026,2,"proe_pace_vs_pass_funnel","PIT","TB",-0.5091,0.0701,0.3871,0.129,-0.4839,"off:PREDICTIVE|def:NOT_PREDICTIVE","LOW","MODELED"
2026,2,"proe_pace_vs_pass_funnel","PIT","TEN",-0.5091,0.0972,0.3871,0.0645,-0.5484,"off:PREDICTIVE|def:NOT_PREDICTIVE","LOW","MODELED"
2026,2,"proe_pace_vs_pass_funnel","PIT","WAS",-0.5091,0.122,0.3871,0,-0.6129,"off:PREDICTIVE|def:NOT_PREDICTIVE","LOW","MODELED"
2026,2,"proe_pace_vs_pass_funnel","SEA","ARI",-2.4394,-0.0165,0.2903,0.5806,-0.129,"off:PREDICTIVE|def:NOT_PREDICTIVE","LOW","MODELED"
2026,2,"proe_pace_vs_pass_funnel","SEA","ATL",-2.4394,-0.0299,0.2903,0.7419,0.0323,"off:PREDICTIVE|def:NOT_PREDICTIVE","LOW","MODELED"
2026,2,"proe_pace_vs_pass_funnel","SEA","BAL",-2.4394,-0.0514,0.2903,0.8065,0.0968,"off:PREDICTIVE|def:NOT_PREDICTIVE","LOW","MODELED"
2026,2,"proe_pace_vs_pass_funnel","SEA","BUF",-2.4394,0.0374,0.2903,0.2581,-0.4516,"off:PREDICTIVE|def:NOT_PREDICTIVE","LOW","MODELED"
2026,2,"proe_pace_vs_pass_funnel","SEA","CAR",-2.4394,0.0321,0.2903,0.3226,-0.3871,"off:PREDICTIVE|def:NOT_PREDICTIVE","LOW","MODELED"
2026,2,"proe_pace_vs_pass_funnel","SEA","CHI",-2.4394,-0.0159,0.2903,0.5484,-0.1613,"off:PREDICTIVE|def:NOT_PREDICTIVE","LOW","MODELED"
2026,2,"proe_pace_vs_pass_funnel","SEA","CIN",-2.4394,0.0555,0.2903,0.1935,-0.5161,"off:PREDICTIVE|def:NOT_PREDICTIVE","LOW","MODELED"
2026,2,"proe_pace_vs_pass_funnel","SEA","CLE",-2.4394,0.0365,0.2903,0.2903,-0.4194,"off:PREDICTIVE|def:NOT_PREDICTIVE","LOW","MODELED"
2026,2,"proe_pace_vs_pass_funnel","SEA","DAL",-2.4394,0.075,0.2903,0.0968,-0.6129,"off:PREDICTIVE|def:NOT_PREDICTIVE","LOW","MODELED"
2026,2,"proe_pace_vs_pass_funnel","SEA","DEN",-2.4394,-0.0873,0.2903,0.9355,0.2258,"off:PREDICTIVE|def:NOT_PREDICTIVE","LOW","MODELED"
2026,2,"proe_pace_vs_pass_funnel","SEA","DET",-2.4394,-0.0689,0.2903,0.871,0.1613,"off:PREDICTIVE|def:NOT_PREDICTIVE","LOW","MODELED"
2026,2,"proe_pace_vs_pass_funnel","SEA","GB",-2.4394,0.0166,0.2903,0.3871,-0.3226,"off:PREDICTIVE|def:NOT_PREDICTIVE","LOW","MODELED"
2026,2,"proe_pace_vs_pass_funnel","SEA","HOU",-2.4394,-0.0276,0.2903,0.7097,0,"off:PREDICTIVE|def:NOT_PREDICTIVE","LOW","MODELED"
2026,2,"proe_pace_vs_pass_funnel","SEA","IND",-2.4394,0.0069,0.2903,0.4194,-0.2903,"off:PREDICTIVE|def:NOT_PREDICTIVE","LOW","MODELED"
2026,2,"proe_pace_vs_pass_funnel","SEA","JAX",-2.4394,0.0229,0.2903,0.3548,-0.3548,"off:PREDICTIVE|def:NOT_PREDICTIVE","LOW","MODELED"
2026,2,"proe_pace_vs_pass_funnel","SEA","KC",-2.4394,-0.0232,0.2903,0.6774,-0.0323,"off:PREDICTIVE|def:NOT_PREDICTIVE","LOW","MODELED"
2026,2,"proe_pace_vs_pass_funnel","SEA","LAC",-2.4394,0.0615,0.2903,0.1613,-0.5484,"off:PREDICTIVE|def:NOT_PREDICTIVE","LOW","MODELED"
2026,2,"proe_pace_vs_pass_funnel","SEA","LAR",-2.4394,-0.146,0.2903,1,0.2903,"off:PREDICTIVE|def:NOT_PREDICTIVE","LOW","MODELED"
2026,2,"proe_pace_vs_pass_funnel","SEA","LV",-2.4394,-0.0504,0.2903,0.7742,0.0645,"off:PREDICTIVE|def:NOT_PREDICTIVE","LOW","MODELED"
2026,2,"proe_pace_vs_pass_funnel","SEA","MIA",-2.4394,0.0476,0.2903,0.2258,-0.4839,"off:PREDICTIVE|def:NOT_PREDICTIVE","LOW","MODELED"
2026,2,"proe_pace_vs_pass_funnel","SEA","MIN",-2.4394,-0.104,0.2903,0.9677,0.2581,"off:PREDICTIVE|def:NOT_PREDICTIVE","LOW","MODELED"
2026,2,"proe_pace_vs_pass_funnel","SEA","NE",-2.4394,-0.0703,0.2903,0.9032,0.1935,"off:PREDICTIVE|def:NOT_PREDICTIVE","LOW","MODELED"
2026,2,"proe_pace_vs_pass_funnel","SEA","NO",-2.4394,-0.0546,0.2903,0.8387,0.129,"off:PREDICTIVE|def:NOT_PREDICTIVE","LOW","MODELED"
2026,2,"proe_pace_vs_pass_funnel","SEA","NYG",-2.4394,0.1081,0.2903,0.0323,-0.6774,"off:PREDICTIVE|def:NOT_PREDICTIVE","LOW","MODELED"
2026,2,"proe_pace_vs_pass_funnel","SEA","NYJ",-2.4394,-0.01,0.2903,0.4839,-0.2258,"off:PREDICTIVE|def:NOT_PREDICTIVE","LOW","MODELED"
2026,2,"proe_pace_vs_pass_funnel","SEA","PHI",-2.4394,-0.0167,0.2903,0.6129,-0.0968,"off:PREDICTIVE|def:NOT_PREDICTIVE","LOW","MODELED"
2026,2,"proe_pace_vs_pass_funnel","SEA","PIT",-2.4394,-0.0049,0.2903,0.4516,-0.2581,"off:PREDICTIVE|def:NOT_PREDICTIVE","LOW","MODELED"
2026,2,"proe_pace_vs_pass_funnel","SEA","SF",-2.4394,-0.0142,0.2903,0.5161,-0.1935,"off:PREDICTIVE|def:NOT_PREDICTIVE","LOW","MODELED"
2026,2,"proe_pace_vs_pass_funnel","SEA","TB",-2.4394,0.0701,0.2903,0.129,-0.5806,"off:PREDICTIVE|def:NOT_PREDICTIVE","LOW","MODELED"
2026,2,"proe_pace_vs_pass_funnel","SEA","TEN",-2.4394,0.0972,0.2903,0.0645,-0.6452,"off:PREDICTIVE|def:NOT_PREDICTIVE","LOW","MODELED"
2026,2,"proe_pace_vs_pass_funnel","SEA","WAS",-2.4394,0.122,0.2903,0,-0.7097,"off:PREDICTIVE|def:NOT_PREDICTIVE","LOW","MODELED"
2026,2,"proe_pace_vs_pass_funnel","SF","ARI",2.1985,-0.0165,0.6774,0.5806,0.2581,"off:PREDICTIVE|def:NOT_PREDICTIVE","LOW","MODELED"
2026,2,"proe_pace_vs_pass_funnel","SF","ATL",2.1985,-0.0299,0.6774,0.7419,0.4194,"off:PREDICTIVE|def:NOT_PREDICTIVE","LOW","MODELED"
2026,2,"proe_pace_vs_pass_funnel","SF","BAL",2.1985,-0.0514,0.6774,0.8065,0.4839,"off:PREDICTIVE|def:NOT_PREDICTIVE","LOW","MODELED"
2026,2,"proe_pace_vs_pass_funnel","SF","BUF",2.1985,0.0374,0.6774,0.2581,-0.0645,"off:PREDICTIVE|def:NOT_PREDICTIVE","LOW","MODELED"
2026,2,"proe_pace_vs_pass_funnel","SF","CAR",2.1985,0.0321,0.6774,0.3226,0,"off:PREDICTIVE|def:NOT_PREDICTIVE","LOW","MODELED"
2026,2,"proe_pace_vs_pass_funnel","SF","CHI",2.1985,-0.0159,0.6774,0.5484,0.2258,"off:PREDICTIVE|def:NOT_PREDICTIVE","LOW","MODELED"
2026,2,"proe_pace_vs_pass_funnel","SF","CIN",2.1985,0.0555,0.6774,0.1935,-0.129,"off:PREDICTIVE|def:NOT_PREDICTIVE","LOW","MODELED"
2026,2,"proe_pace_vs_pass_funnel","SF","CLE",2.1985,0.0365,0.6774,0.2903,-0.0323,"off:PREDICTIVE|def:NOT_PREDICTIVE","LOW","MODELED"
2026,2,"proe_pace_vs_pass_funnel","SF","DAL",2.1985,0.075,0.6774,0.0968,-0.2258,"off:PREDICTIVE|def:NOT_PREDICTIVE","LOW","MODELED"
2026,2,"proe_pace_vs_pass_funnel","SF","DEN",2.1985,-0.0873,0.6774,0.9355,0.6129,"off:PREDICTIVE|def:NOT_PREDICTIVE","LOW","MODELED"
2026,2,"proe_pace_vs_pass_funnel","SF","DET",2.1985,-0.0689,0.6774,0.871,0.5484,"off:PREDICTIVE|def:NOT_PREDICTIVE","LOW","MODELED"
2026,2,"proe_pace_vs_pass_funnel","SF","GB",2.1985,0.0166,0.6774,0.3871,0.0645,"off:PREDICTIVE|def:NOT_PREDICTIVE","LOW","MODELED"
2026,2,"proe_pace_vs_pass_funnel","SF","HOU",2.1985,-0.0276,0.6774,0.7097,0.3871,"off:PREDICTIVE|def:NOT_PREDICTIVE","LOW","MODELED"
2026,2,"proe_pace_vs_pass_funnel","SF","IND",2.1985,0.0069,0.6774,0.4194,0.0968,"off:PREDICTIVE|def:NOT_PREDICTIVE","LOW","MODELED"
2026,2,"proe_pace_vs_pass_funnel","SF","JAX",2.1985,0.0229,0.6774,0.3548,0.0323,"off:PREDICTIVE|def:NOT_PREDICTIVE","LOW","MODELED"
2026,2,"proe_pace_vs_pass_funnel","SF","KC",2.1985,-0.0232,0.6774,0.6774,0.3548,"off:PREDICTIVE|def:NOT_PREDICTIVE","LOW","MODELED"
2026,2,"proe_pace_vs_pass_funnel","SF","LAC",2.1985,0.0615,0.6774,0.1613,-0.1613,"off:PREDICTIVE|def:NOT_PREDICTIVE","LOW","MODELED"
2026,2,"proe_pace_vs_pass_funnel","SF","LAR",2.1985,-0.146,0.6774,1,0.6774,"off:PREDICTIVE|def:NOT_PREDICTIVE","LOW","MODELED"
2026,2,"proe_pace_vs_pass_funnel","SF","LV",2.1985,-0.0504,0.6774,0.7742,0.4516,"off:PREDICTIVE|def:NOT_PREDICTIVE","LOW","MODELED"
2026,2,"proe_pace_vs_pass_funnel","SF","MIA",2.1985,0.0476,0.6774,0.2258,-0.0968,"off:PREDICTIVE|def:NOT_PREDICTIVE","LOW","MODELED"
2026,2,"proe_pace_vs_pass_funnel","SF","MIN",2.1985,-0.104,0.6774,0.9677,0.6452,"off:PREDICTIVE|def:NOT_PREDICTIVE","LOW","MODELED"
2026,2,"proe_pace_vs_pass_funnel","SF","NE",2.1985,-0.0703,0.6774,0.9032,0.5806,"off:PREDICTIVE|def:NOT_PREDICTIVE","LOW","MODELED"
2026,2,"proe_pace_vs_pass_funnel","SF","NO",2.1985,-0.0546,0.6774,0.8387,0.5161,"off:PREDICTIVE|def:NOT_PREDICTIVE","LOW","MODELED"
2026,2,"proe_pace_vs_pass_funnel","SF","NYG",2.1985,0.1081,0.6774,0.0323,-0.2903,"off:PREDICTIVE|def:NOT_PREDICTIVE","LOW","MODELED"
2026,2,"proe_pace_vs_pass_funnel","SF","NYJ",2.1985,-0.01,0.6774,0.4839,0.1613,"off:PREDICTIVE|def:NOT_PREDICTIVE","LOW","MODELED"
2026,2,"proe_pace_vs_pass_funnel","SF","PHI",2.1985,-0.0167,0.6774,0.6129,0.2903,"off:PREDICTIVE|def:NOT_PREDICTIVE","LOW","MODELED"
2026,2,"proe_pace_vs_pass_funnel","SF","PIT",2.1985,-0.0049,0.6774,0.4516,0.129,"off:PREDICTIVE|def:NOT_PREDICTIVE","LOW","MODELED"
2026,2,"proe_pace_vs_pass_funnel","SF","SEA",2.1985,-0.0208,0.6774,0.6452,0.3226,"off:PREDICTIVE|def:NOT_PREDICTIVE","LOW","MODELED"
2026,2,"proe_pace_vs_pass_funnel","SF","TB",2.1985,0.0701,0.6774,0.129,-0.1935,"off:PREDICTIVE|def:NOT_PREDICTIVE","LOW","MODELED"
2026,2,"proe_pace_vs_pass_funnel","SF","TEN",2.1985,0.0972,0.6774,0.0645,-0.2581,"off:PREDICTIVE|def:NOT_PREDICTIVE","LOW","MODELED"
2026,2,"proe_pace_vs_pass_funnel","SF","WAS",2.1985,0.122,0.6774,0,-0.3226,"off:PREDICTIVE|def:NOT_PREDICTIVE","LOW","MODELED"
2026,2,"proe_pace_vs_pass_funnel","TB","ARI",2.6656,-0.0165,0.7419,0.5806,0.3226,"off:PREDICTIVE|def:NOT_PREDICTIVE","LOW","MODELED"
2026,2,"proe_pace_vs_pass_funnel","TB","ATL",2.6656,-0.0299,0.7419,0.7419,0.4839,"off:PREDICTIVE|def:NOT_PREDICTIVE","LOW","MODELED"
2026,2,"proe_pace_vs_pass_funnel","TB","BAL",2.6656,-0.0514,0.7419,0.8065,0.5484,"off:PREDICTIVE|def:NOT_PREDICTIVE","LOW","MODELED"
2026,2,"proe_pace_vs_pass_funnel","TB","BUF",2.6656,0.0374,0.7419,0.2581,0,"off:PREDICTIVE|def:NOT_PREDICTIVE","LOW","MODELED"
2026,2,"proe_pace_vs_pass_funnel","TB","CAR",2.6656,0.0321,0.7419,0.3226,0.0645,"off:PREDICTIVE|def:NOT_PREDICTIVE","LOW","MODELED"
2026,2,"proe_pace_vs_pass_funnel","TB","CHI",2.6656,-0.0159,0.7419,0.5484,0.2903,"off:PREDICTIVE|def:NOT_PREDICTIVE","LOW","MODELED"
2026,2,"proe_pace_vs_pass_funnel","TB","CIN",2.6656,0.0555,0.7419,0.1935,-0.0645,"off:PREDICTIVE|def:NOT_PREDICTIVE","LOW","MODELED"
2026,2,"proe_pace_vs_pass_funnel","TB","CLE",2.6656,0.0365,0.7419,0.2903,0.0323,"off:PREDICTIVE|def:NOT_PREDICTIVE","LOW","MODELED"
2026,2,"proe_pace_vs_pass_funnel","TB","DAL",2.6656,0.075,0.7419,0.0968,-0.1613,"off:PREDICTIVE|def:NOT_PREDICTIVE","LOW","MODELED"
2026,2,"proe_pace_vs_pass_funnel","TB","DEN",2.6656,-0.0873,0.7419,0.9355,0.6774,"off:PREDICTIVE|def:NOT_PREDICTIVE","LOW","MODELED"
2026,2,"proe_pace_vs_pass_funnel","TB","DET",2.6656,-0.0689,0.7419,0.871,0.6129,"off:PREDICTIVE|def:NOT_PREDICTIVE","LOW","MODELED"
2026,2,"proe_pace_vs_pass_funnel","TB","GB",2.6656,0.0166,0.7419,0.3871,0.129,"off:PREDICTIVE|def:NOT_PREDICTIVE","LOW","MODELED"
2026,2,"proe_pace_vs_pass_funnel","TB","HOU",2.6656,-0.0276,0.7419,0.7097,0.4516,"off:PREDICTIVE|def:NOT_PREDICTIVE","LOW","MODELED"
2026,2,"proe_pace_vs_pass_funnel","TB","IND",2.6656,0.0069,0.7419,0.4194,0.1613,"off:PREDICTIVE|def:NOT_PREDICTIVE","LOW","MODELED"
2026,2,"proe_pace_vs_pass_funnel","TB","JAX",2.6656,0.0229,0.7419,0.3548,0.0968,"off:PREDICTIVE|def:NOT_PREDICTIVE","LOW","MODELED"
2026,2,"proe_pace_vs_pass_funnel","TB","KC",2.6656,-0.0232,0.7419,0.6774,0.4194,"off:PREDICTIVE|def:NOT_PREDICTIVE","LOW","MODELED"
2026,2,"proe_pace_vs_pass_funnel","TB","LAC",2.6656,0.0615,0.7419,0.1613,-0.0968,"off:PREDICTIVE|def:NOT_PREDICTIVE","LOW","MODELED"
2026,2,"proe_pace_vs_pass_funnel","TB","LAR",2.6656,-0.146,0.7419,1,0.7419,"off:PREDICTIVE|def:NOT_PREDICTIVE","LOW","MODELED"
2026,2,"proe_pace_vs_pass_funnel","TB","LV",2.6656,-0.0504,0.7419,0.7742,0.5161,"off:PREDICTIVE|def:NOT_PREDICTIVE","LOW","MODELED"
2026,2,"proe_pace_vs_pass_funnel","TB","MIA",2.6656,0.0476,0.7419,0.2258,-0.0323,"off:PREDICTIVE|def:NOT_PREDICTIVE","LOW","MODELED"
2026,2,"proe_pace_vs_pass_funnel","TB","MIN",2.6656,-0.104,0.7419,0.9677,0.7097,"off:PREDICTIVE|def:NOT_PREDICTIVE","LOW","MODELED"
2026,2,"proe_pace_vs_pass_funnel","TB","NE",2.6656,-0.0703,0.7419,0.9032,0.6452,"off:PREDICTIVE|def:NOT_PREDICTIVE","LOW","MODELED"
2026,2,"proe_pace_vs_pass_funnel","TB","NO",2.6656,-0.0546,0.7419,0.8387,0.5806,"off:PREDICTIVE|def:NOT_PREDICTIVE","LOW","MODELED"
2026,2,"proe_pace_vs_pass_funnel","TB","NYG",2.6656,0.1081,0.7419,0.0323,-0.2258,"off:PREDICTIVE|def:NOT_PREDICTIVE","LOW","MODELED"
2026,2,"proe_pace_vs_pass_funnel","TB","NYJ",2.6656,-0.01,0.7419,0.4839,0.2258,"off:PREDICTIVE|def:NOT_PREDICTIVE","LOW","MODELED"
2026,2,"proe_pace_vs_pass_funnel","TB","PHI",2.6656,-0.0167,0.7419,0.6129,0.3548,"off:PREDICTIVE|def:NOT_PREDICTIVE","LOW","MODELED"
2026,2,"proe_pace_vs_pass_funnel","TB","PIT",2.6656,-0.0049,0.7419,0.4516,0.1935,"off:PREDICTIVE|def:NOT_PREDICTIVE","LOW","MODELED"
2026,2,"proe_pace_vs_pass_funnel","TB","SEA",2.6656,-0.0208,0.7419,0.6452,0.3871,"off:PREDICTIVE|def:NOT_PREDICTIVE","LOW","MODELED"
2026,2,"proe_pace_vs_pass_funnel","TB","SF",2.6656,-0.0142,0.7419,0.5161,0.2581,"off:PREDICTIVE|def:NOT_PREDICTIVE","LOW","MODELED"
2026,2,"proe_pace_vs_pass_funnel","TB","TEN",2.6656,0.0972,0.7419,0.0645,-0.1935,"off:PREDICTIVE|def:NOT_PREDICTIVE","LOW","MODELED"
2026,2,"proe_pace_vs_pass_funnel","TB","WAS",2.6656,0.122,0.7419,0,-0.2581,"off:PREDICTIVE|def:NOT_PREDICTIVE","LOW","MODELED"
2026,2,"proe_pace_vs_pass_funnel","TEN","ARI",0.4903,-0.0165,0.5161,0.5806,0.0968,"off:PREDICTIVE|def:NOT_PREDICTIVE","LOW","MODELED"
2026,2,"proe_pace_vs_pass_funnel","TEN","ATL",0.4903,-0.0299,0.5161,0.7419,0.2581,"off:PREDICTIVE|def:NOT_PREDICTIVE","LOW","MODELED"
2026,2,"proe_pace_vs_pass_funnel","TEN","BAL",0.4903,-0.0514,0.5161,0.8065,0.3226,"off:PREDICTIVE|def:NOT_PREDICTIVE","LOW","MODELED"
2026,2,"proe_pace_vs_pass_funnel","TEN","BUF",0.4903,0.0374,0.5161,0.2581,-0.2258,"off:PREDICTIVE|def:NOT_PREDICTIVE","LOW","MODELED"
2026,2,"proe_pace_vs_pass_funnel","TEN","CAR",0.4903,0.0321,0.5161,0.3226,-0.1613,"off:PREDICTIVE|def:NOT_PREDICTIVE","LOW","MODELED"
2026,2,"proe_pace_vs_pass_funnel","TEN","CHI",0.4903,-0.0159,0.5161,0.5484,0.0645,"off:PREDICTIVE|def:NOT_PREDICTIVE","LOW","MODELED"
2026,2,"proe_pace_vs_pass_funnel","TEN","CIN",0.4903,0.0555,0.5161,0.1935,-0.2903,"off:PREDICTIVE|def:NOT_PREDICTIVE","LOW","MODELED"
2026,2,"proe_pace_vs_pass_funnel","TEN","CLE",0.4903,0.0365,0.5161,0.2903,-0.1935,"off:PREDICTIVE|def:NOT_PREDICTIVE","LOW","MODELED"
2026,2,"proe_pace_vs_pass_funnel","TEN","DAL",0.4903,0.075,0.5161,0.0968,-0.3871,"off:PREDICTIVE|def:NOT_PREDICTIVE","LOW","MODELED"
2026,2,"proe_pace_vs_pass_funnel","TEN","DEN",0.4903,-0.0873,0.5161,0.9355,0.4516,"off:PREDICTIVE|def:NOT_PREDICTIVE","LOW","MODELED"
2026,2,"proe_pace_vs_pass_funnel","TEN","DET",0.4903,-0.0689,0.5161,0.871,0.3871,"off:PREDICTIVE|def:NOT_PREDICTIVE","LOW","MODELED"
2026,2,"proe_pace_vs_pass_funnel","TEN","GB",0.4903,0.0166,0.5161,0.3871,-0.0968,"off:PREDICTIVE|def:NOT_PREDICTIVE","LOW","MODELED"
2026,2,"proe_pace_vs_pass_funnel","TEN","HOU",0.4903,-0.0276,0.5161,0.7097,0.2258,"off:PREDICTIVE|def:NOT_PREDICTIVE","LOW","MODELED"
2026,2,"proe_pace_vs_pass_funnel","TEN","IND",0.4903,0.0069,0.5161,0.4194,-0.0645,"off:PREDICTIVE|def:NOT_PREDICTIVE","LOW","MODELED"
2026,2,"proe_pace_vs_pass_funnel","TEN","JAX",0.4903,0.0229,0.5161,0.3548,-0.129,"off:PREDICTIVE|def:NOT_PREDICTIVE","LOW","MODELED"
2026,2,"proe_pace_vs_pass_funnel","TEN","KC",0.4903,-0.0232,0.5161,0.6774,0.1935,"off:PREDICTIVE|def:NOT_PREDICTIVE","LOW","MODELED"
2026,2,"proe_pace_vs_pass_funnel","TEN","LAC",0.4903,0.0615,0.5161,0.1613,-0.3226,"off:PREDICTIVE|def:NOT_PREDICTIVE","LOW","MODELED"
2026,2,"proe_pace_vs_pass_funnel","TEN","LAR",0.4903,-0.146,0.5161,1,0.5161,"off:PREDICTIVE|def:NOT_PREDICTIVE","LOW","MODELED"
2026,2,"proe_pace_vs_pass_funnel","TEN","LV",0.4903,-0.0504,0.5161,0.7742,0.2903,"off:PREDICTIVE|def:NOT_PREDICTIVE","LOW","MODELED"
2026,2,"proe_pace_vs_pass_funnel","TEN","MIA",0.4903,0.0476,0.5161,0.2258,-0.2581,"off:PREDICTIVE|def:NOT_PREDICTIVE","LOW","MODELED"
2026,2,"proe_pace_vs_pass_funnel","TEN","MIN",0.4903,-0.104,0.5161,0.9677,0.4839,"off:PREDICTIVE|def:NOT_PREDICTIVE","LOW","MODELED"
2026,2,"proe_pace_vs_pass_funnel","TEN","NE",0.4903,-0.0703,0.5161,0.9032,0.4194,"off:PREDICTIVE|def:NOT_PREDICTIVE","LOW","MODELED"
2026,2,"proe_pace_vs_pass_funnel","TEN","NO",0.4903,-0.0546,0.5161,0.8387,0.3548,"off:PREDICTIVE|def:NOT_PREDICTIVE","LOW","MODELED"
2026,2,"proe_pace_vs_pass_funnel","TEN","NYG",0.4903,0.1081,0.5161,0.0323,-0.4516,"off:PREDICTIVE|def:NOT_PREDICTIVE","LOW","MODELED"
2026,2,"proe_pace_vs_pass_funnel","TEN","NYJ",0.4903,-0.01,0.5161,0.4839,0,"off:PREDICTIVE|def:NOT_PREDICTIVE","LOW","MODELED"
2026,2,"proe_pace_vs_pass_funnel","TEN","PHI",0.4903,-0.0167,0.5161,0.6129,0.129,"off:PREDICTIVE|def:NOT_PREDICTIVE","LOW","MODELED"
2026,2,"proe_pace_vs_pass_funnel","TEN","PIT",0.4903,-0.0049,0.5161,0.4516,-0.0323,"off:PREDICTIVE|def:NOT_PREDICTIVE","LOW","MODELED"
2026,2,"proe_pace_vs_pass_funnel","TEN","SEA",0.4903,-0.0208,0.5161,0.6452,0.1613,"off:PREDICTIVE|def:NOT_PREDICTIVE","LOW","MODELED"
2026,2,"proe_pace_vs_pass_funnel","TEN","SF",0.4903,-0.0142,0.5161,0.5161,0.0323,"off:PREDICTIVE|def:NOT_PREDICTIVE","LOW","MODELED"
2026,2,"proe_pace_vs_pass_funnel","TEN","TB",0.4903,0.0701,0.5161,0.129,-0.3548,"off:PREDICTIVE|def:NOT_PREDICTIVE","LOW","MODELED"
2026,2,"proe_pace_vs_pass_funnel","TEN","WAS",0.4903,0.122,0.5161,0,-0.4839,"off:PREDICTIVE|def:NOT_PREDICTIVE","LOW","MODELED"
2026,2,"proe_pace_vs_pass_funnel","WAS","ARI",4.0209,-0.0165,0.9032,0.5806,0.4839,"off:PREDICTIVE|def:NOT_PREDICTIVE","LOW","MODELED"
2026,2,"proe_pace_vs_pass_funnel","WAS","ATL",4.0209,-0.0299,0.9032,0.7419,0.6452,"off:PREDICTIVE|def:NOT_PREDICTIVE","LOW","MODELED"
2026,2,"proe_pace_vs_pass_funnel","WAS","BAL",4.0209,-0.0514,0.9032,0.8065,0.7097,"off:PREDICTIVE|def:NOT_PREDICTIVE","LOW","MODELED"
2026,2,"proe_pace_vs_pass_funnel","WAS","BUF",4.0209,0.0374,0.9032,0.2581,0.1613,"off:PREDICTIVE|def:NOT_PREDICTIVE","LOW","MODELED"
2026,2,"proe_pace_vs_pass_funnel","WAS","CAR",4.0209,0.0321,0.9032,0.3226,0.2258,"off:PREDICTIVE|def:NOT_PREDICTIVE","LOW","MODELED"
2026,2,"proe_pace_vs_pass_funnel","WAS","CHI",4.0209,-0.0159,0.9032,0.5484,0.4516,"off:PREDICTIVE|def:NOT_PREDICTIVE","LOW","MODELED"
2026,2,"proe_pace_vs_pass_funnel","WAS","CIN",4.0209,0.0555,0.9032,0.1935,0.0968,"off:PREDICTIVE|def:NOT_PREDICTIVE","LOW","MODELED"
2026,2,"proe_pace_vs_pass_funnel","WAS","CLE",4.0209,0.0365,0.9032,0.2903,0.1935,"off:PREDICTIVE|def:NOT_PREDICTIVE","LOW","MODELED"
2026,2,"proe_pace_vs_pass_funnel","WAS","DAL",4.0209,0.075,0.9032,0.0968,0,"off:PREDICTIVE|def:NOT_PREDICTIVE","LOW","MODELED"
2026,2,"proe_pace_vs_pass_funnel","WAS","DEN",4.0209,-0.0873,0.9032,0.9355,0.8387,"off:PREDICTIVE|def:NOT_PREDICTIVE","LOW","MODELED"
2026,2,"proe_pace_vs_pass_funnel","WAS","DET",4.0209,-0.0689,0.9032,0.871,0.7742,"off:PREDICTIVE|def:NOT_PREDICTIVE","LOW","MODELED"
2026,2,"proe_pace_vs_pass_funnel","WAS","GB",4.0209,0.0166,0.9032,0.3871,0.2903,"off:PREDICTIVE|def:NOT_PREDICTIVE","LOW","MODELED"
2026,2,"proe_pace_vs_pass_funnel","WAS","HOU",4.0209,-0.0276,0.9032,0.7097,0.6129,"off:PREDICTIVE|def:NOT_PREDICTIVE","LOW","MODELED"
2026,2,"proe_pace_vs_pass_funnel","WAS","IND",4.0209,0.0069,0.9032,0.4194,0.3226,"off:PREDICTIVE|def:NOT_PREDICTIVE","LOW","MODELED"
2026,2,"proe_pace_vs_pass_funnel","WAS","JAX",4.0209,0.0229,0.9032,0.3548,0.2581,"off:PREDICTIVE|def:NOT_PREDICTIVE","LOW","MODELED"
2026,2,"proe_pace_vs_pass_funnel","WAS","KC",4.0209,-0.0232,0.9032,0.6774,0.5806,"off:PREDICTIVE|def:NOT_PREDICTIVE","LOW","MODELED"
2026,2,"proe_pace_vs_pass_funnel","WAS","LAC",4.0209,0.0615,0.9032,0.1613,0.0645,"off:PREDICTIVE|def:NOT_PREDICTIVE","LOW","MODELED"
2026,2,"proe_pace_vs_pass_funnel","WAS","LAR",4.0209,-0.146,0.9032,1,0.9032,"off:PREDICTIVE|def:NOT_PREDICTIVE","LOW","MODELED"
2026,2,"proe_pace_vs_pass_funnel","WAS","LV",4.0209,-0.0504,0.9032,0.7742,0.6774,"off:PREDICTIVE|def:NOT_PREDICTIVE","LOW","MODELED"
2026,2,"proe_pace_vs_pass_funnel","WAS","MIA",4.0209,0.0476,0.9032,0.2258,0.129,"off:PREDICTIVE|def:NOT_PREDICTIVE","LOW","MODELED"
2026,2,"proe_pace_vs_pass_funnel","WAS","MIN",4.0209,-0.104,0.9032,0.9677,0.871,"off:PREDICTIVE|def:NOT_PREDICTIVE","LOW","MODELED"
2026,2,"proe_pace_vs_pass_funnel","WAS","NE",4.0209,-0.0703,0.9032,0.9032,0.8065,"off:PREDICTIVE|def:NOT_PREDICTIVE","LOW","MODELED"
2026,2,"proe_pace_vs_pass_funnel","WAS","NO",4.0209,-0.0546,0.9032,0.8387,0.7419,"off:PREDICTIVE|def:NOT_PREDICTIVE","LOW","MODELED"
2026,2,"proe_pace_vs_pass_funnel","WAS","NYG",4.0209,0.1081,0.9032,0.0323,-0.0645,"off:PREDICTIVE|def:NOT_PREDICTIVE","LOW","MODELED"
2026,2,"proe_pace_vs_pass_funnel","WAS","NYJ",4.0209,-0.01,0.9032,0.4839,0.3871,"off:PREDICTIVE|def:NOT_PREDICTIVE","LOW","MODELED"
2026,2,"proe_pace_vs_pass_funnel","WAS","PHI",4.0209,-0.0167,0.9032,0.6129,0.5161,"off:PREDICTIVE|def:NOT_PREDICTIVE","LOW","MODELED"
2026,2,"proe_pace_vs_pass_funnel","WAS","PIT",4.0209,-0.0049,0.9032,0.4516,0.3548,"off:PREDICTIVE|def:NOT_PREDICTIVE","LOW","MODELED"
2026,2,"proe_pace_vs_pass_funnel","WAS","SEA",4.0209,-0.0208,0.9032,0.6452,0.5484,"off:PREDICTIVE|def:NOT_PREDICTIVE","LOW","MODELED"
2026,2,"proe_pace_vs_pass_funnel","WAS","SF",4.0209,-0.0142,0.9032,0.5161,0.4194,"off:PREDICTIVE|def:NOT_PREDICTIVE","LOW","MODELED"
2026,2,"proe_pace_vs_pass_funnel","WAS","TB",4.0209,0.0701,0.9032,0.129,0.0323,"off:PREDICTIVE|def:NOT_PREDICTIVE","LOW","MODELED"
2026,2,"proe_pace_vs_pass_funnel","WAS","TEN",4.0209,0.0972,0.9032,0.0645,-0.0323,"off:PREDICTIVE|def:NOT_PREDICTIVE","LOW","MODELED"
2026,2,"rz_offense_vs_rz_defense","ARI","ATL",-9e-04,-0.0231,0.4194,0.9355,0.3548,"off:UNVALIDATED|def:UNVALIDATED","LOW","MODELED"
2026,2,"rz_offense_vs_rz_defense","ARI","BAL",-9e-04,-0.0018,0.4194,0.5484,-0.0323,"off:UNVALIDATED|def:UNVALIDATED","LOW","MODELED"
2026,2,"rz_offense_vs_rz_defense","ARI","BUF",-9e-04,0.0158,0.4194,0.0645,-0.5161,"off:UNVALIDATED|def:UNVALIDATED","LOW","MODELED"
2026,2,"rz_offense_vs_rz_defense","ARI","CAR",-9e-04,0.0123,0.4194,0.1613,-0.4194,"off:UNVALIDATED|def:UNVALIDATED","LOW","MODELED"
2026,2,"rz_offense_vs_rz_defense","ARI","CHI",-9e-04,0.0014,0.4194,0.4839,-0.0968,"off:UNVALIDATED|def:UNVALIDATED","LOW","MODELED"
2026,2,"rz_offense_vs_rz_defense","ARI","CIN",-9e-04,0.0049,0.4194,0.3871,-0.1935,"off:UNVALIDATED|def:UNVALIDATED","LOW","MODELED"
2026,2,"rz_offense_vs_rz_defense","ARI","CLE",-9e-04,0.0042,0.4194,0.4194,-0.1613,"off:UNVALIDATED|def:UNVALIDATED","LOW","MODELED"
2026,2,"rz_offense_vs_rz_defense","ARI","DAL",-9e-04,0.0147,0.4194,0.129,-0.4516,"off:UNVALIDATED|def:UNVALIDATED","LOW","MODELED"
2026,2,"rz_offense_vs_rz_defense","ARI","DEN",-9e-04,-0.0154,0.4194,0.9032,0.3226,"off:UNVALIDATED|def:UNVALIDATED","LOW","MODELED"
2026,2,"rz_offense_vs_rz_defense","ARI","DET",-9e-04,0.0248,0.4194,0,-0.5806,"off:UNVALIDATED|def:UNVALIDATED","LOW","MODELED"
2026,2,"rz_offense_vs_rz_defense","ARI","GB",-9e-04,0.005,0.4194,0.3548,-0.2258,"off:UNVALIDATED|def:UNVALIDATED","LOW","MODELED"
2026,2,"rz_offense_vs_rz_defense","ARI","HOU",-9e-04,0.0076,0.4194,0.2903,-0.2903,"off:UNVALIDATED|def:UNVALIDATED","LOW","MODELED"
2026,2,"rz_offense_vs_rz_defense","ARI","IND",-9e-04,-0.003,0.4194,0.6129,0.0323,"off:UNVALIDATED|def:UNVALIDATED","LOW","MODELED"
2026,2,"rz_offense_vs_rz_defense","ARI","JAX",-9e-04,-0.0144,0.4194,0.871,0.2903,"off:UNVALIDATED|def:UNVALIDATED","LOW","MODELED"
2026,2,"rz_offense_vs_rz_defense","ARI","KC",-9e-04,-0.0091,0.4194,0.7742,0.1935,"off:UNVALIDATED|def:UNVALIDATED","LOW","MODELED"
2026,2,"rz_offense_vs_rz_defense","ARI","LAC",-9e-04,-0.0083,0.4194,0.7419,0.1613,"off:UNVALIDATED|def:UNVALIDATED","LOW","MODELED"
2026,2,"rz_offense_vs_rz_defense","ARI","LAR",-9e-04,-0.0238,0.4194,1,0.4194,"off:UNVALIDATED|def:UNVALIDATED","LOW","MODELED"
2026,2,"rz_offense_vs_rz_defense","ARI","LV",-9e-04,0.0063,0.4194,0.3226,-0.2581,"off:UNVALIDATED|def:UNVALIDATED","LOW","MODELED"
2026,2,"rz_offense_vs_rz_defense","ARI","MIA",-9e-04,0.0116,0.4194,0.1935,-0.3871,"off:UNVALIDATED|def:UNVALIDATED","LOW","MODELED"
2026,2,"rz_offense_vs_rz_defense","ARI","MIN",-9e-04,-0.0236,0.4194,0.9677,0.3871,"off:UNVALIDATED|def:UNVALIDATED","LOW","MODELED"
2026,2,"rz_offense_vs_rz_defense","ARI","NE",-9e-04,0.0022,0.4194,0.4516,-0.129,"off:UNVALIDATED|def:UNVALIDATED","LOW","MODELED"
2026,2,"rz_offense_vs_rz_defense","ARI","NO",-9e-04,-3e-04,0.4194,0.5161,-0.0645,"off:UNVALIDATED|def:UNVALIDATED","LOW","MODELED"
2026,2,"rz_offense_vs_rz_defense","ARI","NYG",-9e-04,0.0185,0.4194,0.0323,-0.5484,"off:UNVALIDATED|def:UNVALIDATED","LOW","MODELED"
2026,2,"rz_offense_vs_rz_defense","ARI","NYJ",-9e-04,0.0115,0.4194,0.2258,-0.3548,"off:UNVALIDATED|def:UNVALIDATED","LOW","MODELED"
2026,2,"rz_offense_vs_rz_defense","ARI","PHI",-9e-04,-0.0073,0.4194,0.6452,0.0645,"off:UNVALIDATED|def:UNVALIDATED","LOW","MODELED"
2026,2,"rz_offense_vs_rz_defense","ARI","PIT",-9e-04,-0.0074,0.4194,0.6774,0.0968,"off:UNVALIDATED|def:UNVALIDATED","LOW","MODELED"
2026,2,"rz_offense_vs_rz_defense","ARI","SEA",-9e-04,-0.0082,0.4194,0.7097,0.129,"off:UNVALIDATED|def:UNVALIDATED","LOW","MODELED"
2026,2,"rz_offense_vs_rz_defense","ARI","SF",-9e-04,-0.012,0.4194,0.8065,0.2258,"off:UNVALIDATED|def:UNVALIDATED","LOW","MODELED"
2026,2,"rz_offense_vs_rz_defense","ARI","TB",-9e-04,-0.0023,0.4194,0.5806,0,"off:UNVALIDATED|def:UNVALIDATED","LOW","MODELED"
2026,2,"rz_offense_vs_rz_defense","ARI","TEN",-9e-04,0.0086,0.4194,0.2581,-0.3226,"off:UNVALIDATED|def:UNVALIDATED","LOW","MODELED"
2026,2,"rz_offense_vs_rz_defense","ARI","WAS",-9e-04,0.015,0.4194,0.0968,-0.4839,"off:UNVALIDATED|def:UNVALIDATED","LOW","MODELED"
2026,2,"rz_offense_vs_rz_defense","ATL","ARI",0.0011,-0.0124,0.5484,0.8387,0.3871,"off:UNVALIDATED|def:UNVALIDATED","LOW","MODELED"
2026,2,"rz_offense_vs_rz_defense","ATL","BAL",0.0011,-0.0018,0.5484,0.5484,0.0968,"off:UNVALIDATED|def:UNVALIDATED","LOW","MODELED"
2026,2,"rz_offense_vs_rz_defense","ATL","BUF",0.0011,0.0158,0.5484,0.0645,-0.3871,"off:UNVALIDATED|def:UNVALIDATED","LOW","MODELED"
2026,2,"rz_offense_vs_rz_defense","ATL","CAR",0.0011,0.0123,0.5484,0.1613,-0.2903,"off:UNVALIDATED|def:UNVALIDATED","LOW","MODELED"
2026,2,"rz_offense_vs_rz_defense","ATL","CHI",0.0011,0.0014,0.5484,0.4839,0.0323,"off:UNVALIDATED|def:UNVALIDATED","LOW","MODELED"
2026,2,"rz_offense_vs_rz_defense","ATL","CIN",0.0011,0.0049,0.5484,0.3871,-0.0645,"off:UNVALIDATED|def:UNVALIDATED","LOW","MODELED"
2026,2,"rz_offense_vs_rz_defense","ATL","CLE",0.0011,0.0042,0.5484,0.4194,-0.0323,"off:UNVALIDATED|def:UNVALIDATED","LOW","MODELED"
2026,2,"rz_offense_vs_rz_defense","ATL","DAL",0.0011,0.0147,0.5484,0.129,-0.3226,"off:UNVALIDATED|def:UNVALIDATED","LOW","MODELED"
2026,2,"rz_offense_vs_rz_defense","ATL","DEN",0.0011,-0.0154,0.5484,0.9032,0.4516,"off:UNVALIDATED|def:UNVALIDATED","LOW","MODELED"
2026,2,"rz_offense_vs_rz_defense","ATL","DET",0.0011,0.0248,0.5484,0,-0.4516,"off:UNVALIDATED|def:UNVALIDATED","LOW","MODELED"
2026,2,"rz_offense_vs_rz_defense","ATL","GB",0.0011,0.005,0.5484,0.3548,-0.0968,"off:UNVALIDATED|def:UNVALIDATED","LOW","MODELED"
2026,2,"rz_offense_vs_rz_defense","ATL","HOU",0.0011,0.0076,0.5484,0.2903,-0.1613,"off:UNVALIDATED|def:UNVALIDATED","LOW","MODELED"
2026,2,"rz_offense_vs_rz_defense","ATL","IND",0.0011,-0.003,0.5484,0.6129,0.1613,"off:UNVALIDATED|def:UNVALIDATED","LOW","MODELED"
2026,2,"rz_offense_vs_rz_defense","ATL","JAX",0.0011,-0.0144,0.5484,0.871,0.4194,"off:UNVALIDATED|def:UNVALIDATED","LOW","MODELED"
2026,2,"rz_offense_vs_rz_defense","ATL","KC",0.0011,-0.0091,0.5484,0.7742,0.3226,"off:UNVALIDATED|def:UNVALIDATED","LOW","MODELED"
2026,2,"rz_offense_vs_rz_defense","ATL","LAC",0.0011,-0.0083,0.5484,0.7419,0.2903,"off:UNVALIDATED|def:UNVALIDATED","LOW","MODELED"
2026,2,"rz_offense_vs_rz_defense","ATL","LAR",0.0011,-0.0238,0.5484,1,0.5484,"off:UNVALIDATED|def:UNVALIDATED","LOW","MODELED"
2026,2,"rz_offense_vs_rz_defense","ATL","LV",0.0011,0.0063,0.5484,0.3226,-0.129,"off:UNVALIDATED|def:UNVALIDATED","LOW","MODELED"
2026,2,"rz_offense_vs_rz_defense","ATL","MIA",0.0011,0.0116,0.5484,0.1935,-0.2581,"off:UNVALIDATED|def:UNVALIDATED","LOW","MODELED"
2026,2,"rz_offense_vs_rz_defense","ATL","MIN",0.0011,-0.0236,0.5484,0.9677,0.5161,"off:UNVALIDATED|def:UNVALIDATED","LOW","MODELED"
2026,2,"rz_offense_vs_rz_defense","ATL","NE",0.0011,0.0022,0.5484,0.4516,0,"off:UNVALIDATED|def:UNVALIDATED","LOW","MODELED"
2026,2,"rz_offense_vs_rz_defense","ATL","NO",0.0011,-3e-04,0.5484,0.5161,0.0645,"off:UNVALIDATED|def:UNVALIDATED","LOW","MODELED"
2026,2,"rz_offense_vs_rz_defense","ATL","NYG",0.0011,0.0185,0.5484,0.0323,-0.4194,"off:UNVALIDATED|def:UNVALIDATED","LOW","MODELED"
2026,2,"rz_offense_vs_rz_defense","ATL","NYJ",0.0011,0.0115,0.5484,0.2258,-0.2258,"off:UNVALIDATED|def:UNVALIDATED","LOW","MODELED"
2026,2,"rz_offense_vs_rz_defense","ATL","PHI",0.0011,-0.0073,0.5484,0.6452,0.1935,"off:UNVALIDATED|def:UNVALIDATED","LOW","MODELED"
2026,2,"rz_offense_vs_rz_defense","ATL","PIT",0.0011,-0.0074,0.5484,0.6774,0.2258,"off:UNVALIDATED|def:UNVALIDATED","LOW","MODELED"
2026,2,"rz_offense_vs_rz_defense","ATL","SEA",0.0011,-0.0082,0.5484,0.7097,0.2581,"off:UNVALIDATED|def:UNVALIDATED","LOW","MODELED"
2026,2,"rz_offense_vs_rz_defense","ATL","SF",0.0011,-0.012,0.5484,0.8065,0.3548,"off:UNVALIDATED|def:UNVALIDATED","LOW","MODELED"
2026,2,"rz_offense_vs_rz_defense","ATL","TB",0.0011,-0.0023,0.5484,0.5806,0.129,"off:UNVALIDATED|def:UNVALIDATED","LOW","MODELED"
2026,2,"rz_offense_vs_rz_defense","ATL","TEN",0.0011,0.0086,0.5484,0.2581,-0.1935,"off:UNVALIDATED|def:UNVALIDATED","LOW","MODELED"
2026,2,"rz_offense_vs_rz_defense","ATL","WAS",0.0011,0.015,0.5484,0.0968,-0.3548,"off:UNVALIDATED|def:UNVALIDATED","LOW","MODELED"
2026,2,"rz_offense_vs_rz_defense","BAL","ARI",0.0039,-0.0124,0.7419,0.8387,0.5806,"off:UNVALIDATED|def:UNVALIDATED","LOW","MODELED"
2026,2,"rz_offense_vs_rz_defense","BAL","ATL",0.0039,-0.0231,0.7419,0.9355,0.6774,"off:UNVALIDATED|def:UNVALIDATED","LOW","MODELED"
2026,2,"rz_offense_vs_rz_defense","BAL","BUF",0.0039,0.0158,0.7419,0.0645,-0.1935,"off:UNVALIDATED|def:UNVALIDATED","LOW","MODELED"
2026,2,"rz_offense_vs_rz_defense","BAL","CAR",0.0039,0.0123,0.7419,0.1613,-0.0968,"off:UNVALIDATED|def:UNVALIDATED","LOW","MODELED"
2026,2,"rz_offense_vs_rz_defense","BAL","CHI",0.0039,0.0014,0.7419,0.4839,0.2258,"off:UNVALIDATED|def:UNVALIDATED","LOW","MODELED"
2026,2,"rz_offense_vs_rz_defense","BAL","CIN",0.0039,0.0049,0.7419,0.3871,0.129,"off:UNVALIDATED|def:UNVALIDATED","LOW","MODELED"
2026,2,"rz_offense_vs_rz_defense","BAL","CLE",0.0039,0.0042,0.7419,0.4194,0.1613,"off:UNVALIDATED|def:UNVALIDATED","LOW","MODELED"
2026,2,"rz_offense_vs_rz_defense","BAL","DAL",0.0039,0.0147,0.7419,0.129,-0.129,"off:UNVALIDATED|def:UNVALIDATED","LOW","MODELED"
2026,2,"rz_offense_vs_rz_defense","BAL","DEN",0.0039,-0.0154,0.7419,0.9032,0.6452,"off:UNVALIDATED|def:UNVALIDATED","LOW","MODELED"
2026,2,"rz_offense_vs_rz_defense","BAL","DET",0.0039,0.0248,0.7419,0,-0.2581,"off:UNVALIDATED|def:UNVALIDATED","LOW","MODELED"
2026,2,"rz_offense_vs_rz_defense","BAL","GB",0.0039,0.005,0.7419,0.3548,0.0968,"off:UNVALIDATED|def:UNVALIDATED","LOW","MODELED"
2026,2,"rz_offense_vs_rz_defense","BAL","HOU",0.0039,0.0076,0.7419,0.2903,0.0323,"off:UNVALIDATED|def:UNVALIDATED","LOW","MODELED"
2026,2,"rz_offense_vs_rz_defense","BAL","IND",0.0039,-0.003,0.7419,0.6129,0.3548,"off:UNVALIDATED|def:UNVALIDATED","LOW","MODELED"
2026,2,"rz_offense_vs_rz_defense","BAL","JAX",0.0039,-0.0144,0.7419,0.871,0.6129,"off:UNVALIDATED|def:UNVALIDATED","LOW","MODELED"
2026,2,"rz_offense_vs_rz_defense","BAL","KC",0.0039,-0.0091,0.7419,0.7742,0.5161,"off:UNVALIDATED|def:UNVALIDATED","LOW","MODELED"
2026,2,"rz_offense_vs_rz_defense","BAL","LAC",0.0039,-0.0083,0.7419,0.7419,0.4839,"off:UNVALIDATED|def:UNVALIDATED","LOW","MODELED"
2026,2,"rz_offense_vs_rz_defense","BAL","LAR",0.0039,-0.0238,0.7419,1,0.7419,"off:UNVALIDATED|def:UNVALIDATED","LOW","MODELED"
2026,2,"rz_offense_vs_rz_defense","BAL","LV",0.0039,0.0063,0.7419,0.3226,0.0645,"off:UNVALIDATED|def:UNVALIDATED","LOW","MODELED"
2026,2,"rz_offense_vs_rz_defense","BAL","MIA",0.0039,0.0116,0.7419,0.1935,-0.0645,"off:UNVALIDATED|def:UNVALIDATED","LOW","MODELED"
2026,2,"rz_offense_vs_rz_defense","BAL","MIN",0.0039,-0.0236,0.7419,0.9677,0.7097,"off:UNVALIDATED|def:UNVALIDATED","LOW","MODELED"
2026,2,"rz_offense_vs_rz_defense","BAL","NE",0.0039,0.0022,0.7419,0.4516,0.1935,"off:UNVALIDATED|def:UNVALIDATED","LOW","MODELED"
2026,2,"rz_offense_vs_rz_defense","BAL","NO",0.0039,-3e-04,0.7419,0.5161,0.2581,"off:UNVALIDATED|def:UNVALIDATED","LOW","MODELED"
2026,2,"rz_offense_vs_rz_defense","BAL","NYG",0.0039,0.0185,0.7419,0.0323,-0.2258,"off:UNVALIDATED|def:UNVALIDATED","LOW","MODELED"
2026,2,"rz_offense_vs_rz_defense","BAL","NYJ",0.0039,0.0115,0.7419,0.2258,-0.0323,"off:UNVALIDATED|def:UNVALIDATED","LOW","MODELED"
2026,2,"rz_offense_vs_rz_defense","BAL","PHI",0.0039,-0.0073,0.7419,0.6452,0.3871,"off:UNVALIDATED|def:UNVALIDATED","LOW","MODELED"
2026,2,"rz_offense_vs_rz_defense","BAL","PIT",0.0039,-0.0074,0.7419,0.6774,0.4194,"off:UNVALIDATED|def:UNVALIDATED","LOW","MODELED"
2026,2,"rz_offense_vs_rz_defense","BAL","SEA",0.0039,-0.0082,0.7419,0.7097,0.4516,"off:UNVALIDATED|def:UNVALIDATED","LOW","MODELED"
2026,2,"rz_offense_vs_rz_defense","BAL","SF",0.0039,-0.012,0.7419,0.8065,0.5484,"off:UNVALIDATED|def:UNVALIDATED","LOW","MODELED"
2026,2,"rz_offense_vs_rz_defense","BAL","TB",0.0039,-0.0023,0.7419,0.5806,0.3226,"off:UNVALIDATED|def:UNVALIDATED","LOW","MODELED"
2026,2,"rz_offense_vs_rz_defense","BAL","TEN",0.0039,0.0086,0.7419,0.2581,0,"off:UNVALIDATED|def:UNVALIDATED","LOW","MODELED"
2026,2,"rz_offense_vs_rz_defense","BAL","WAS",0.0039,0.015,0.7419,0.0968,-0.1613,"off:UNVALIDATED|def:UNVALIDATED","LOW","MODELED"
2026,2,"rz_offense_vs_rz_defense","BUF","ARI",0.0032,-0.0124,0.6452,0.8387,0.4839,"off:UNVALIDATED|def:UNVALIDATED","LOW","MODELED"
2026,2,"rz_offense_vs_rz_defense","BUF","ATL",0.0032,-0.0231,0.6452,0.9355,0.5806,"off:UNVALIDATED|def:UNVALIDATED","LOW","MODELED"
2026,2,"rz_offense_vs_rz_defense","BUF","BAL",0.0032,-0.0018,0.6452,0.5484,0.1935,"off:UNVALIDATED|def:UNVALIDATED","LOW","MODELED"
2026,2,"rz_offense_vs_rz_defense","BUF","CAR",0.0032,0.0123,0.6452,0.1613,-0.1935,"off:UNVALIDATED|def:UNVALIDATED","LOW","MODELED"
2026,2,"rz_offense_vs_rz_defense","BUF","CHI",0.0032,0.0014,0.6452,0.4839,0.129,"off:UNVALIDATED|def:UNVALIDATED","LOW","MODELED"
2026,2,"rz_offense_vs_rz_defense","BUF","CIN",0.0032,0.0049,0.6452,0.3871,0.0323,"off:UNVALIDATED|def:UNVALIDATED","LOW","MODELED"
2026,2,"rz_offense_vs_rz_defense","BUF","CLE",0.0032,0.0042,0.6452,0.4194,0.0645,"off:UNVALIDATED|def:UNVALIDATED","LOW","MODELED"
2026,2,"rz_offense_vs_rz_defense","BUF","DAL",0.0032,0.0147,0.6452,0.129,-0.2258,"off:UNVALIDATED|def:UNVALIDATED","LOW","MODELED"
2026,2,"rz_offense_vs_rz_defense","BUF","DEN",0.0032,-0.0154,0.6452,0.9032,0.5484,"off:UNVALIDATED|def:UNVALIDATED","LOW","MODELED"
2026,2,"rz_offense_vs_rz_defense","BUF","DET",0.0032,0.0248,0.6452,0,-0.3548,"off:UNVALIDATED|def:UNVALIDATED","LOW","MODELED"
2026,2,"rz_offense_vs_rz_defense","BUF","GB",0.0032,0.005,0.6452,0.3548,0,"off:UNVALIDATED|def:UNVALIDATED","LOW","MODELED"
2026,2,"rz_offense_vs_rz_defense","BUF","HOU",0.0032,0.0076,0.6452,0.2903,-0.0645,"off:UNVALIDATED|def:UNVALIDATED","LOW","MODELED"
2026,2,"rz_offense_vs_rz_defense","BUF","IND",0.0032,-0.003,0.6452,0.6129,0.2581,"off:UNVALIDATED|def:UNVALIDATED","LOW","MODELED"
2026,2,"rz_offense_vs_rz_defense","BUF","JAX",0.0032,-0.0144,0.6452,0.871,0.5161,"off:UNVALIDATED|def:UNVALIDATED","LOW","MODELED"
2026,2,"rz_offense_vs_rz_defense","BUF","KC",0.0032,-0.0091,0.6452,0.7742,0.4194,"off:UNVALIDATED|def:UNVALIDATED","LOW","MODELED"
2026,2,"rz_offense_vs_rz_defense","BUF","LAC",0.0032,-0.0083,0.6452,0.7419,0.3871,"off:UNVALIDATED|def:UNVALIDATED","LOW","MODELED"
2026,2,"rz_offense_vs_rz_defense","BUF","LAR",0.0032,-0.0238,0.6452,1,0.6452,"off:UNVALIDATED|def:UNVALIDATED","LOW","MODELED"
2026,2,"rz_offense_vs_rz_defense","BUF","LV",0.0032,0.0063,0.6452,0.3226,-0.0323,"off:UNVALIDATED|def:UNVALIDATED","LOW","MODELED"
2026,2,"rz_offense_vs_rz_defense","BUF","MIA",0.0032,0.0116,0.6452,0.1935,-0.1613,"off:UNVALIDATED|def:UNVALIDATED","LOW","MODELED"
2026,2,"rz_offense_vs_rz_defense","BUF","MIN",0.0032,-0.0236,0.6452,0.9677,0.6129,"off:UNVALIDATED|def:UNVALIDATED","LOW","MODELED"
2026,2,"rz_offense_vs_rz_defense","BUF","NE",0.0032,0.0022,0.6452,0.4516,0.0968,"off:UNVALIDATED|def:UNVALIDATED","LOW","MODELED"
2026,2,"rz_offense_vs_rz_defense","BUF","NO",0.0032,-3e-04,0.6452,0.5161,0.1613,"off:UNVALIDATED|def:UNVALIDATED","LOW","MODELED"
2026,2,"rz_offense_vs_rz_defense","BUF","NYG",0.0032,0.0185,0.6452,0.0323,-0.3226,"off:UNVALIDATED|def:UNVALIDATED","LOW","MODELED"
2026,2,"rz_offense_vs_rz_defense","BUF","NYJ",0.0032,0.0115,0.6452,0.2258,-0.129,"off:UNVALIDATED|def:UNVALIDATED","LOW","MODELED"
2026,2,"rz_offense_vs_rz_defense","BUF","PHI",0.0032,-0.0073,0.6452,0.6452,0.2903,"off:UNVALIDATED|def:UNVALIDATED","LOW","MODELED"
2026,2,"rz_offense_vs_rz_defense","BUF","PIT",0.0032,-0.0074,0.6452,0.6774,0.3226,"off:UNVALIDATED|def:UNVALIDATED","LOW","MODELED"
2026,2,"rz_offense_vs_rz_defense","BUF","SEA",0.0032,-0.0082,0.6452,0.7097,0.3548,"off:UNVALIDATED|def:UNVALIDATED","LOW","MODELED"
2026,2,"rz_offense_vs_rz_defense","BUF","SF",0.0032,-0.012,0.6452,0.8065,0.4516,"off:UNVALIDATED|def:UNVALIDATED","LOW","MODELED"
2026,2,"rz_offense_vs_rz_defense","BUF","TB",0.0032,-0.0023,0.6452,0.5806,0.2258,"off:UNVALIDATED|def:UNVALIDATED","LOW","MODELED"
2026,2,"rz_offense_vs_rz_defense","BUF","TEN",0.0032,0.0086,0.6452,0.2581,-0.0968,"off:UNVALIDATED|def:UNVALIDATED","LOW","MODELED"
2026,2,"rz_offense_vs_rz_defense","BUF","WAS",0.0032,0.015,0.6452,0.0968,-0.2581,"off:UNVALIDATED|def:UNVALIDATED","LOW","MODELED"
2026,2,"rz_offense_vs_rz_defense","CAR","ARI",0.0036,-0.0124,0.7097,0.8387,0.5484,"off:UNVALIDATED|def:UNVALIDATED","LOW","MODELED"
2026,2,"rz_offense_vs_rz_defense","CAR","ATL",0.0036,-0.0231,0.7097,0.9355,0.6452,"off:UNVALIDATED|def:UNVALIDATED","LOW","MODELED"
2026,2,"rz_offense_vs_rz_defense","CAR","BAL",0.0036,-0.0018,0.7097,0.5484,0.2581,"off:UNVALIDATED|def:UNVALIDATED","LOW","MODELED"
2026,2,"rz_offense_vs_rz_defense","CAR","BUF",0.0036,0.0158,0.7097,0.0645,-0.2258,"off:UNVALIDATED|def:UNVALIDATED","LOW","MODELED"
2026,2,"rz_offense_vs_rz_defense","CAR","CHI",0.0036,0.0014,0.7097,0.4839,0.1935,"off:UNVALIDATED|def:UNVALIDATED","LOW","MODELED"
2026,2,"rz_offense_vs_rz_defense","CAR","CIN",0.0036,0.0049,0.7097,0.3871,0.0968,"off:UNVALIDATED|def:UNVALIDATED","LOW","MODELED"
2026,2,"rz_offense_vs_rz_defense","CAR","CLE",0.0036,0.0042,0.7097,0.4194,0.129,"off:UNVALIDATED|def:UNVALIDATED","LOW","MODELED"
2026,2,"rz_offense_vs_rz_defense","CAR","DAL",0.0036,0.0147,0.7097,0.129,-0.1613,"off:UNVALIDATED|def:UNVALIDATED","LOW","MODELED"
2026,2,"rz_offense_vs_rz_defense","CAR","DEN",0.0036,-0.0154,0.7097,0.9032,0.6129,"off:UNVALIDATED|def:UNVALIDATED","LOW","MODELED"
2026,2,"rz_offense_vs_rz_defense","CAR","DET",0.0036,0.0248,0.7097,0,-0.2903,"off:UNVALIDATED|def:UNVALIDATED","LOW","MODELED"
2026,2,"rz_offense_vs_rz_defense","CAR","GB",0.0036,0.005,0.7097,0.3548,0.0645,"off:UNVALIDATED|def:UNVALIDATED","LOW","MODELED"
2026,2,"rz_offense_vs_rz_defense","CAR","HOU",0.0036,0.0076,0.7097,0.2903,0,"off:UNVALIDATED|def:UNVALIDATED","LOW","MODELED"
2026,2,"rz_offense_vs_rz_defense","CAR","IND",0.0036,-0.003,0.7097,0.6129,0.3226,"off:UNVALIDATED|def:UNVALIDATED","LOW","MODELED"
2026,2,"rz_offense_vs_rz_defense","CAR","JAX",0.0036,-0.0144,0.7097,0.871,0.5806,"off:UNVALIDATED|def:UNVALIDATED","LOW","MODELED"
2026,2,"rz_offense_vs_rz_defense","CAR","KC",0.0036,-0.0091,0.7097,0.7742,0.4839,"off:UNVALIDATED|def:UNVALIDATED","LOW","MODELED"
2026,2,"rz_offense_vs_rz_defense","CAR","LAC",0.0036,-0.0083,0.7097,0.7419,0.4516,"off:UNVALIDATED|def:UNVALIDATED","LOW","MODELED"
2026,2,"rz_offense_vs_rz_defense","CAR","LAR",0.0036,-0.0238,0.7097,1,0.7097,"off:UNVALIDATED|def:UNVALIDATED","LOW","MODELED"
2026,2,"rz_offense_vs_rz_defense","CAR","LV",0.0036,0.0063,0.7097,0.3226,0.0323,"off:UNVALIDATED|def:UNVALIDATED","LOW","MODELED"
2026,2,"rz_offense_vs_rz_defense","CAR","MIA",0.0036,0.0116,0.7097,0.1935,-0.0968,"off:UNVALIDATED|def:UNVALIDATED","LOW","MODELED"
2026,2,"rz_offense_vs_rz_defense","CAR","MIN",0.0036,-0.0236,0.7097,0.9677,0.6774,"off:UNVALIDATED|def:UNVALIDATED","LOW","MODELED"
2026,2,"rz_offense_vs_rz_defense","CAR","NE",0.0036,0.0022,0.7097,0.4516,0.1613,"off:UNVALIDATED|def:UNVALIDATED","LOW","MODELED"
2026,2,"rz_offense_vs_rz_defense","CAR","NO",0.0036,-3e-04,0.7097,0.5161,0.2258,"off:UNVALIDATED|def:UNVALIDATED","LOW","MODELED"
2026,2,"rz_offense_vs_rz_defense","CAR","NYG",0.0036,0.0185,0.7097,0.0323,-0.2581,"off:UNVALIDATED|def:UNVALIDATED","LOW","MODELED"
2026,2,"rz_offense_vs_rz_defense","CAR","NYJ",0.0036,0.0115,0.7097,0.2258,-0.0645,"off:UNVALIDATED|def:UNVALIDATED","LOW","MODELED"
2026,2,"rz_offense_vs_rz_defense","CAR","PHI",0.0036,-0.0073,0.7097,0.6452,0.3548,"off:UNVALIDATED|def:UNVALIDATED","LOW","MODELED"
2026,2,"rz_offense_vs_rz_defense","CAR","PIT",0.0036,-0.0074,0.7097,0.6774,0.3871,"off:UNVALIDATED|def:UNVALIDATED","LOW","MODELED"
2026,2,"rz_offense_vs_rz_defense","CAR","SEA",0.0036,-0.0082,0.7097,0.7097,0.4194,"off:UNVALIDATED|def:UNVALIDATED","LOW","MODELED"
2026,2,"rz_offense_vs_rz_defense","CAR","SF",0.0036,-0.012,0.7097,0.8065,0.5161,"off:UNVALIDATED|def:UNVALIDATED","LOW","MODELED"
2026,2,"rz_offense_vs_rz_defense","CAR","TB",0.0036,-0.0023,0.7097,0.5806,0.2903,"off:UNVALIDATED|def:UNVALIDATED","LOW","MODELED"
2026,2,"rz_offense_vs_rz_defense","CAR","TEN",0.0036,0.0086,0.7097,0.2581,-0.0323,"off:UNVALIDATED|def:UNVALIDATED","LOW","MODELED"
2026,2,"rz_offense_vs_rz_defense","CAR","WAS",0.0036,0.015,0.7097,0.0968,-0.1935,"off:UNVALIDATED|def:UNVALIDATED","LOW","MODELED"
2026,2,"rz_offense_vs_rz_defense","CHI","ARI",-0.016,-0.0124,0.0645,0.8387,-0.0968,"off:UNVALIDATED|def:UNVALIDATED","LOW","MODELED"
2026,2,"rz_offense_vs_rz_defense","CHI","ATL",-0.016,-0.0231,0.0645,0.9355,0,"off:UNVALIDATED|def:UNVALIDATED","LOW","MODELED"
2026,2,"rz_offense_vs_rz_defense","CHI","BAL",-0.016,-0.0018,0.0645,0.5484,-0.3871,"off:UNVALIDATED|def:UNVALIDATED","LOW","MODELED"
2026,2,"rz_offense_vs_rz_defense","CHI","BUF",-0.016,0.0158,0.0645,0.0645,-0.871,"off:UNVALIDATED|def:UNVALIDATED","LOW","MODELED"
2026,2,"rz_offense_vs_rz_defense","CHI","CAR",-0.016,0.0123,0.0645,0.1613,-0.7742,"off:UNVALIDATED|def:UNVALIDATED","LOW","MODELED"
2026,2,"rz_offense_vs_rz_defense","CHI","CIN",-0.016,0.0049,0.0645,0.3871,-0.5484,"off:UNVALIDATED|def:UNVALIDATED","LOW","MODELED"
2026,2,"rz_offense_vs_rz_defense","CHI","CLE",-0.016,0.0042,0.0645,0.4194,-0.5161,"off:UNVALIDATED|def:UNVALIDATED","LOW","MODELED"
2026,2,"rz_offense_vs_rz_defense","CHI","DAL",-0.016,0.0147,0.0645,0.129,-0.8065,"off:UNVALIDATED|def:UNVALIDATED","LOW","MODELED"
2026,2,"rz_offense_vs_rz_defense","CHI","DEN",-0.016,-0.0154,0.0645,0.9032,-0.0323,"off:UNVALIDATED|def:UNVALIDATED","LOW","MODELED"
2026,2,"rz_offense_vs_rz_defense","CHI","DET",-0.016,0.0248,0.0645,0,-0.9355,"off:UNVALIDATED|def:UNVALIDATED","LOW","MODELED"
2026,2,"rz_offense_vs_rz_defense","CHI","GB",-0.016,0.005,0.0645,0.3548,-0.5806,"off:UNVALIDATED|def:UNVALIDATED","LOW","MODELED"
2026,2,"rz_offense_vs_rz_defense","CHI","HOU",-0.016,0.0076,0.0645,0.2903,-0.6452,"off:UNVALIDATED|def:UNVALIDATED","LOW","MODELED"
2026,2,"rz_offense_vs_rz_defense","CHI","IND",-0.016,-0.003,0.0645,0.6129,-0.3226,"off:UNVALIDATED|def:UNVALIDATED","LOW","MODELED"
2026,2,"rz_offense_vs_rz_defense","CHI","JAX",-0.016,-0.0144,0.0645,0.871,-0.0645,"off:UNVALIDATED|def:UNVALIDATED","LOW","MODELED"
2026,2,"rz_offense_vs_rz_defense","CHI","KC",-0.016,-0.0091,0.0645,0.7742,-0.1613,"off:UNVALIDATED|def:UNVALIDATED","LOW","MODELED"
2026,2,"rz_offense_vs_rz_defense","CHI","LAC",-0.016,-0.0083,0.0645,0.7419,-0.1935,"off:UNVALIDATED|def:UNVALIDATED","LOW","MODELED"
2026,2,"rz_offense_vs_rz_defense","CHI","LAR",-0.016,-0.0238,0.0645,1,0.0645,"off:UNVALIDATED|def:UNVALIDATED","LOW","MODELED"
2026,2,"rz_offense_vs_rz_defense","CHI","LV",-0.016,0.0063,0.0645,0.3226,-0.6129,"off:UNVALIDATED|def:UNVALIDATED","LOW","MODELED"
2026,2,"rz_offense_vs_rz_defense","CHI","MIA",-0.016,0.0116,0.0645,0.1935,-0.7419,"off:UNVALIDATED|def:UNVALIDATED","LOW","MODELED"
2026,2,"rz_offense_vs_rz_defense","CHI","MIN",-0.016,-0.0236,0.0645,0.9677,0.0323,"off:UNVALIDATED|def:UNVALIDATED","LOW","MODELED"
2026,2,"rz_offense_vs_rz_defense","CHI","NE",-0.016,0.0022,0.0645,0.4516,-0.4839,"off:UNVALIDATED|def:UNVALIDATED","LOW","MODELED"
2026,2,"rz_offense_vs_rz_defense","CHI","NO",-0.016,-3e-04,0.0645,0.5161,-0.4194,"off:UNVALIDATED|def:UNVALIDATED","LOW","MODELED"
2026,2,"rz_offense_vs_rz_defense","CHI","NYG",-0.016,0.0185,0.0645,0.0323,-0.9032,"off:UNVALIDATED|def:UNVALIDATED","LOW","MODELED"
2026,2,"rz_offense_vs_rz_defense","CHI","NYJ",-0.016,0.0115,0.0645,0.2258,-0.7097,"off:UNVALIDATED|def:UNVALIDATED","LOW","MODELED"
2026,2,"rz_offense_vs_rz_defense","CHI","PHI",-0.016,-0.0073,0.0645,0.6452,-0.2903,"off:UNVALIDATED|def:UNVALIDATED","LOW","MODELED"
2026,2,"rz_offense_vs_rz_defense","CHI","PIT",-0.016,-0.0074,0.0645,0.6774,-0.2581,"off:UNVALIDATED|def:UNVALIDATED","LOW","MODELED"
2026,2,"rz_offense_vs_rz_defense","CHI","SEA",-0.016,-0.0082,0.0645,0.7097,-0.2258,"off:UNVALIDATED|def:UNVALIDATED","LOW","MODELED"
2026,2,"rz_offense_vs_rz_defense","CHI","SF",-0.016,-0.012,0.0645,0.8065,-0.129,"off:UNVALIDATED|def:UNVALIDATED","LOW","MODELED"
2026,2,"rz_offense_vs_rz_defense","CHI","TB",-0.016,-0.0023,0.0645,0.5806,-0.3548,"off:UNVALIDATED|def:UNVALIDATED","LOW","MODELED"
2026,2,"rz_offense_vs_rz_defense","CHI","TEN",-0.016,0.0086,0.0645,0.2581,-0.6774,"off:UNVALIDATED|def:UNVALIDATED","LOW","MODELED"
2026,2,"rz_offense_vs_rz_defense","CHI","WAS",-0.016,0.015,0.0645,0.0968,-0.8387,"off:UNVALIDATED|def:UNVALIDATED","LOW","MODELED"
2026,2,"rz_offense_vs_rz_defense","CIN","ARI",0.0159,-0.0124,0.9677,0.8387,0.8065,"off:UNVALIDATED|def:UNVALIDATED","LOW","MODELED"
2026,2,"rz_offense_vs_rz_defense","CIN","ATL",0.0159,-0.0231,0.9677,0.9355,0.9032,"off:UNVALIDATED|def:UNVALIDATED","LOW","MODELED"
2026,2,"rz_offense_vs_rz_defense","CIN","BAL",0.0159,-0.0018,0.9677,0.5484,0.5161,"off:UNVALIDATED|def:UNVALIDATED","LOW","MODELED"
2026,2,"rz_offense_vs_rz_defense","CIN","BUF",0.0159,0.0158,0.9677,0.0645,0.0323,"off:UNVALIDATED|def:UNVALIDATED","LOW","MODELED"
2026,2,"rz_offense_vs_rz_defense","CIN","CAR",0.0159,0.0123,0.9677,0.1613,0.129,"off:UNVALIDATED|def:UNVALIDATED","LOW","MODELED"
2026,2,"rz_offense_vs_rz_defense","CIN","CHI",0.0159,0.0014,0.9677,0.4839,0.4516,"off:UNVALIDATED|def:UNVALIDATED","LOW","MODELED"
2026,2,"rz_offense_vs_rz_defense","CIN","CLE",0.0159,0.0042,0.9677,0.4194,0.3871,"off:UNVALIDATED|def:UNVALIDATED","LOW","MODELED"
2026,2,"rz_offense_vs_rz_defense","CIN","DAL",0.0159,0.0147,0.9677,0.129,0.0968,"off:UNVALIDATED|def:UNVALIDATED","LOW","MODELED"
2026,2,"rz_offense_vs_rz_defense","CIN","DEN",0.0159,-0.0154,0.9677,0.9032,0.871,"off:UNVALIDATED|def:UNVALIDATED","LOW","MODELED"
2026,2,"rz_offense_vs_rz_defense","CIN","DET",0.0159,0.0248,0.9677,0,-0.0323,"off:UNVALIDATED|def:UNVALIDATED","LOW","MODELED"
2026,2,"rz_offense_vs_rz_defense","CIN","GB",0.0159,0.005,0.9677,0.3548,0.3226,"off:UNVALIDATED|def:UNVALIDATED","LOW","MODELED"
2026,2,"rz_offense_vs_rz_defense","CIN","HOU",0.0159,0.0076,0.9677,0.2903,0.2581,"off:UNVALIDATED|def:UNVALIDATED","LOW","MODELED"
2026,2,"rz_offense_vs_rz_defense","CIN","IND",0.0159,-0.003,0.9677,0.6129,0.5806,"off:UNVALIDATED|def:UNVALIDATED","LOW","MODELED"
2026,2,"rz_offense_vs_rz_defense","CIN","JAX",0.0159,-0.0144,0.9677,0.871,0.8387,"off:UNVALIDATED|def:UNVALIDATED","LOW","MODELED"
2026,2,"rz_offense_vs_rz_defense","CIN","KC",0.0159,-0.0091,0.9677,0.7742,0.7419,"off:UNVALIDATED|def:UNVALIDATED","LOW","MODELED"
2026,2,"rz_offense_vs_rz_defense","CIN","LAC",0.0159,-0.0083,0.9677,0.7419,0.7097,"off:UNVALIDATED|def:UNVALIDATED","LOW","MODELED"
2026,2,"rz_offense_vs_rz_defense","CIN","LAR",0.0159,-0.0238,0.9677,1,0.9677,"off:UNVALIDATED|def:UNVALIDATED","LOW","MODELED"
2026,2,"rz_offense_vs_rz_defense","CIN","LV",0.0159,0.0063,0.9677,0.3226,0.2903,"off:UNVALIDATED|def:UNVALIDATED","LOW","MODELED"
2026,2,"rz_offense_vs_rz_defense","CIN","MIA",0.0159,0.0116,0.9677,0.1935,0.1613,"off:UNVALIDATED|def:UNVALIDATED","LOW","MODELED"
2026,2,"rz_offense_vs_rz_defense","CIN","MIN",0.0159,-0.0236,0.9677,0.9677,0.9355,"off:UNVALIDATED|def:UNVALIDATED","LOW","MODELED"
2026,2,"rz_offense_vs_rz_defense","CIN","NE",0.0159,0.0022,0.9677,0.4516,0.4194,"off:UNVALIDATED|def:UNVALIDATED","LOW","MODELED"
2026,2,"rz_offense_vs_rz_defense","CIN","NO",0.0159,-3e-04,0.9677,0.5161,0.4839,"off:UNVALIDATED|def:UNVALIDATED","LOW","MODELED"
2026,2,"rz_offense_vs_rz_defense","CIN","NYG",0.0159,0.0185,0.9677,0.0323,0,"off:UNVALIDATED|def:UNVALIDATED","LOW","MODELED"
2026,2,"rz_offense_vs_rz_defense","CIN","NYJ",0.0159,0.0115,0.9677,0.2258,0.1935,"off:UNVALIDATED|def:UNVALIDATED","LOW","MODELED"
2026,2,"rz_offense_vs_rz_defense","CIN","PHI",0.0159,-0.0073,0.9677,0.6452,0.6129,"off:UNVALIDATED|def:UNVALIDATED","LOW","MODELED"
2026,2,"rz_offense_vs_rz_defense","CIN","PIT",0.0159,-0.0074,0.9677,0.6774,0.6452,"off:UNVALIDATED|def:UNVALIDATED","LOW","MODELED"
2026,2,"rz_offense_vs_rz_defense","CIN","SEA",0.0159,-0.0082,0.9677,0.7097,0.6774,"off:UNVALIDATED|def:UNVALIDATED","LOW","MODELED"
2026,2,"rz_offense_vs_rz_defense","CIN","SF",0.0159,-0.012,0.9677,0.8065,0.7742,"off:UNVALIDATED|def:UNVALIDATED","LOW","MODELED"
2026,2,"rz_offense_vs_rz_defense","CIN","TB",0.0159,-0.0023,0.9677,0.5806,0.5484,"off:UNVALIDATED|def:UNVALIDATED","LOW","MODELED"
2026,2,"rz_offense_vs_rz_defense","CIN","TEN",0.0159,0.0086,0.9677,0.2581,0.2258,"off:UNVALIDATED|def:UNVALIDATED","LOW","MODELED"
2026,2,"rz_offense_vs_rz_defense","CIN","WAS",0.0159,0.015,0.9677,0.0968,0.0645,"off:UNVALIDATED|def:UNVALIDATED","LOW","MODELED"
2026,2,"rz_offense_vs_rz_defense","CLE","ARI",-0.0044,-0.0124,0.2581,0.8387,0.0968,"off:UNVALIDATED|def:UNVALIDATED","LOW","MODELED"
2026,2,"rz_offense_vs_rz_defense","CLE","ATL",-0.0044,-0.0231,0.2581,0.9355,0.1935,"off:UNVALIDATED|def:UNVALIDATED","LOW","MODELED"
2026,2,"rz_offense_vs_rz_defense","CLE","BAL",-0.0044,-0.0018,0.2581,0.5484,-0.1935,"off:UNVALIDATED|def:UNVALIDATED","LOW","MODELED"
2026,2,"rz_offense_vs_rz_defense","CLE","BUF",-0.0044,0.0158,0.2581,0.0645,-0.6774,"off:UNVALIDATED|def:UNVALIDATED","LOW","MODELED"
2026,2,"rz_offense_vs_rz_defense","CLE","CAR",-0.0044,0.0123,0.2581,0.1613,-0.5806,"off:UNVALIDATED|def:UNVALIDATED","LOW","MODELED"
2026,2,"rz_offense_vs_rz_defense","CLE","CHI",-0.0044,0.0014,0.2581,0.4839,-0.2581,"off:UNVALIDATED|def:UNVALIDATED","LOW","MODELED"
2026,2,"rz_offense_vs_rz_defense","CLE","CIN",-0.0044,0.0049,0.2581,0.3871,-0.3548,"off:UNVALIDATED|def:UNVALIDATED","LOW","MODELED"
2026,2,"rz_offense_vs_rz_defense","CLE","DAL",-0.0044,0.0147,0.2581,0.129,-0.6129,"off:UNVALIDATED|def:UNVALIDATED","LOW","MODELED"
2026,2,"rz_offense_vs_rz_defense","CLE","DEN",-0.0044,-0.0154,0.2581,0.9032,0.1613,"off:UNVALIDATED|def:UNVALIDATED","LOW","MODELED"
2026,2,"rz_offense_vs_rz_defense","CLE","DET",-0.0044,0.0248,0.2581,0,-0.7419,"off:UNVALIDATED|def:UNVALIDATED","LOW","MODELED"
2026,2,"rz_offense_vs_rz_defense","CLE","GB",-0.0044,0.005,0.2581,0.3548,-0.3871,"off:UNVALIDATED|def:UNVALIDATED","LOW","MODELED"
2026,2,"rz_offense_vs_rz_defense","CLE","HOU",-0.0044,0.0076,0.2581,0.2903,-0.4516,"off:UNVALIDATED|def:UNVALIDATED","LOW","MODELED"
2026,2,"rz_offense_vs_rz_defense","CLE","IND",-0.0044,-0.003,0.2581,0.6129,-0.129,"off:UNVALIDATED|def:UNVALIDATED","LOW","MODELED"
2026,2,"rz_offense_vs_rz_defense","CLE","JAX",-0.0044,-0.0144,0.2581,0.871,0.129,"off:UNVALIDATED|def:UNVALIDATED","LOW","MODELED"
2026,2,"rz_offense_vs_rz_defense","CLE","KC",-0.0044,-0.0091,0.2581,0.7742,0.0323,"off:UNVALIDATED|def:UNVALIDATED","LOW","MODELED"
2026,2,"rz_offense_vs_rz_defense","CLE","LAC",-0.0044,-0.0083,0.2581,0.7419,0,"off:UNVALIDATED|def:UNVALIDATED","LOW","MODELED"
2026,2,"rz_offense_vs_rz_defense","CLE","LAR",-0.0044,-0.0238,0.2581,1,0.2581,"off:UNVALIDATED|def:UNVALIDATED","LOW","MODELED"
2026,2,"rz_offense_vs_rz_defense","CLE","LV",-0.0044,0.0063,0.2581,0.3226,-0.4194,"off:UNVALIDATED|def:UNVALIDATED","LOW","MODELED"
2026,2,"rz_offense_vs_rz_defense","CLE","MIA",-0.0044,0.0116,0.2581,0.1935,-0.5484,"off:UNVALIDATED|def:UNVALIDATED","LOW","MODELED"
2026,2,"rz_offense_vs_rz_defense","CLE","MIN",-0.0044,-0.0236,0.2581,0.9677,0.2258,"off:UNVALIDATED|def:UNVALIDATED","LOW","MODELED"
2026,2,"rz_offense_vs_rz_defense","CLE","NE",-0.0044,0.0022,0.2581,0.4516,-0.2903,"off:UNVALIDATED|def:UNVALIDATED","LOW","MODELED"
2026,2,"rz_offense_vs_rz_defense","CLE","NO",-0.0044,-3e-04,0.2581,0.5161,-0.2258,"off:UNVALIDATED|def:UNVALIDATED","LOW","MODELED"
2026,2,"rz_offense_vs_rz_defense","CLE","NYG",-0.0044,0.0185,0.2581,0.0323,-0.7097,"off:UNVALIDATED|def:UNVALIDATED","LOW","MODELED"
2026,2,"rz_offense_vs_rz_defense","CLE","NYJ",-0.0044,0.0115,0.2581,0.2258,-0.5161,"off:UNVALIDATED|def:UNVALIDATED","LOW","MODELED"
2026,2,"rz_offense_vs_rz_defense","CLE","PHI",-0.0044,-0.0073,0.2581,0.6452,-0.0968,"off:UNVALIDATED|def:UNVALIDATED","LOW","MODELED"
2026,2,"rz_offense_vs_rz_defense","CLE","PIT",-0.0044,-0.0074,0.2581,0.6774,-0.0645,"off:UNVALIDATED|def:UNVALIDATED","LOW","MODELED"
2026,2,"rz_offense_vs_rz_defense","CLE","SEA",-0.0044,-0.0082,0.2581,0.7097,-0.0323,"off:UNVALIDATED|def:UNVALIDATED","LOW","MODELED"
2026,2,"rz_offense_vs_rz_defense","CLE","SF",-0.0044,-0.012,0.2581,0.8065,0.0645,"off:UNVALIDATED|def:UNVALIDATED","LOW","MODELED"
2026,2,"rz_offense_vs_rz_defense","CLE","TB",-0.0044,-0.0023,0.2581,0.5806,-0.1613,"off:UNVALIDATED|def:UNVALIDATED","LOW","MODELED"
2026,2,"rz_offense_vs_rz_defense","CLE","TEN",-0.0044,0.0086,0.2581,0.2581,-0.4839,"off:UNVALIDATED|def:UNVALIDATED","LOW","MODELED"
2026,2,"rz_offense_vs_rz_defense","CLE","WAS",-0.0044,0.015,0.2581,0.0968,-0.6452,"off:UNVALIDATED|def:UNVALIDATED","LOW","MODELED"
2026,2,"rz_offense_vs_rz_defense","DAL","ARI",-0.0064,-0.0124,0.1935,0.8387,0.0323,"off:UNVALIDATED|def:UNVALIDATED","LOW","MODELED"
2026,2,"rz_offense_vs_rz_defense","DAL","ATL",-0.0064,-0.0231,0.1935,0.9355,0.129,"off:UNVALIDATED|def:UNVALIDATED","LOW","MODELED"
2026,2,"rz_offense_vs_rz_defense","DAL","BAL",-0.0064,-0.0018,0.1935,0.5484,-0.2581,"off:UNVALIDATED|def:UNVALIDATED","LOW","MODELED"
2026,2,"rz_offense_vs_rz_defense","DAL","BUF",-0.0064,0.0158,0.1935,0.0645,-0.7419,"off:UNVALIDATED|def:UNVALIDATED","LOW","MODELED"
2026,2,"rz_offense_vs_rz_defense","DAL","CAR",-0.0064,0.0123,0.1935,0.1613,-0.6452,"off:UNVALIDATED|def:UNVALIDATED","LOW","MODELED"
2026,2,"rz_offense_vs_rz_defense","DAL","CHI",-0.0064,0.0014,0.1935,0.4839,-0.3226,"off:UNVALIDATED|def:UNVALIDATED","LOW","MODELED"
2026,2,"rz_offense_vs_rz_defense","DAL","CIN",-0.0064,0.0049,0.1935,0.3871,-0.4194,"off:UNVALIDATED|def:UNVALIDATED","LOW","MODELED"
2026,2,"rz_offense_vs_rz_defense","DAL","CLE",-0.0064,0.0042,0.1935,0.4194,-0.3871,"off:UNVALIDATED|def:UNVALIDATED","LOW","MODELED"
2026,2,"rz_offense_vs_rz_defense","DAL","DEN",-0.0064,-0.0154,0.1935,0.9032,0.0968,"off:UNVALIDATED|def:UNVALIDATED","LOW","MODELED"
2026,2,"rz_offense_vs_rz_defense","DAL","DET",-0.0064,0.0248,0.1935,0,-0.8065,"off:UNVALIDATED|def:UNVALIDATED","LOW","MODELED"
2026,2,"rz_offense_vs_rz_defense","DAL","GB",-0.0064,0.005,0.1935,0.3548,-0.4516,"off:UNVALIDATED|def:UNVALIDATED","LOW","MODELED"
2026,2,"rz_offense_vs_rz_defense","DAL","HOU",-0.0064,0.0076,0.1935,0.2903,-0.5161,"off:UNVALIDATED|def:UNVALIDATED","LOW","MODELED"
2026,2,"rz_offense_vs_rz_defense","DAL","IND",-0.0064,-0.003,0.1935,0.6129,-0.1935,"off:UNVALIDATED|def:UNVALIDATED","LOW","MODELED"
2026,2,"rz_offense_vs_rz_defense","DAL","JAX",-0.0064,-0.0144,0.1935,0.871,0.0645,"off:UNVALIDATED|def:UNVALIDATED","LOW","MODELED"
2026,2,"rz_offense_vs_rz_defense","DAL","KC",-0.0064,-0.0091,0.1935,0.7742,-0.0323,"off:UNVALIDATED|def:UNVALIDATED","LOW","MODELED"
2026,2,"rz_offense_vs_rz_defense","DAL","LAC",-0.0064,-0.0083,0.1935,0.7419,-0.0645,"off:UNVALIDATED|def:UNVALIDATED","LOW","MODELED"
2026,2,"rz_offense_vs_rz_defense","DAL","LAR",-0.0064,-0.0238,0.1935,1,0.1935,"off:UNVALIDATED|def:UNVALIDATED","LOW","MODELED"
2026,2,"rz_offense_vs_rz_defense","DAL","LV",-0.0064,0.0063,0.1935,0.3226,-0.4839,"off:UNVALIDATED|def:UNVALIDATED","LOW","MODELED"
2026,2,"rz_offense_vs_rz_defense","DAL","MIA",-0.0064,0.0116,0.1935,0.1935,-0.6129,"off:UNVALIDATED|def:UNVALIDATED","LOW","MODELED"
2026,2,"rz_offense_vs_rz_defense","DAL","MIN",-0.0064,-0.0236,0.1935,0.9677,0.1613,"off:UNVALIDATED|def:UNVALIDATED","LOW","MODELED"
2026,2,"rz_offense_vs_rz_defense","DAL","NE",-0.0064,0.0022,0.1935,0.4516,-0.3548,"off:UNVALIDATED|def:UNVALIDATED","LOW","MODELED"
2026,2,"rz_offense_vs_rz_defense","DAL","NO",-0.0064,-3e-04,0.1935,0.5161,-0.2903,"off:UNVALIDATED|def:UNVALIDATED","LOW","MODELED"
2026,2,"rz_offense_vs_rz_defense","DAL","NYG",-0.0064,0.0185,0.1935,0.0323,-0.7742,"off:UNVALIDATED|def:UNVALIDATED","LOW","MODELED"
2026,2,"rz_offense_vs_rz_defense","DAL","NYJ",-0.0064,0.0115,0.1935,0.2258,-0.5806,"off:UNVALIDATED|def:UNVALIDATED","LOW","MODELED"
2026,2,"rz_offense_vs_rz_defense","DAL","PHI",-0.0064,-0.0073,0.1935,0.6452,-0.1613,"off:UNVALIDATED|def:UNVALIDATED","LOW","MODELED"
2026,2,"rz_offense_vs_rz_defense","DAL","PIT",-0.0064,-0.0074,0.1935,0.6774,-0.129,"off:UNVALIDATED|def:UNVALIDATED","LOW","MODELED"
2026,2,"rz_offense_vs_rz_defense","DAL","SEA",-0.0064,-0.0082,0.1935,0.7097,-0.0968,"off:UNVALIDATED|def:UNVALIDATED","LOW","MODELED"
2026,2,"rz_offense_vs_rz_defense","DAL","SF",-0.0064,-0.012,0.1935,0.8065,0,"off:UNVALIDATED|def:UNVALIDATED","LOW","MODELED"
2026,2,"rz_offense_vs_rz_defense","DAL","TB",-0.0064,-0.0023,0.1935,0.5806,-0.2258,"off:UNVALIDATED|def:UNVALIDATED","LOW","MODELED"
2026,2,"rz_offense_vs_rz_defense","DAL","TEN",-0.0064,0.0086,0.1935,0.2581,-0.5484,"off:UNVALIDATED|def:UNVALIDATED","LOW","MODELED"
2026,2,"rz_offense_vs_rz_defense","DAL","WAS",-0.0064,0.015,0.1935,0.0968,-0.7097,"off:UNVALIDATED|def:UNVALIDATED","LOW","MODELED"
2026,2,"rz_offense_vs_rz_defense","DEN","ARI",0.0104,-0.0124,0.9032,0.8387,0.7419,"off:UNVALIDATED|def:UNVALIDATED","LOW","MODELED"
2026,2,"rz_offense_vs_rz_defense","DEN","ATL",0.0104,-0.0231,0.9032,0.9355,0.8387,"off:UNVALIDATED|def:UNVALIDATED","LOW","MODELED"
2026,2,"rz_offense_vs_rz_defense","DEN","BAL",0.0104,-0.0018,0.9032,0.5484,0.4516,"off:UNVALIDATED|def:UNVALIDATED","LOW","MODELED"
2026,2,"rz_offense_vs_rz_defense","DEN","BUF",0.0104,0.0158,0.9032,0.0645,-0.0323,"off:UNVALIDATED|def:UNVALIDATED","LOW","MODELED"
2026,2,"rz_offense_vs_rz_defense","DEN","CAR",0.0104,0.0123,0.9032,0.1613,0.0645,"off:UNVALIDATED|def:UNVALIDATED","LOW","MODELED"
2026,2,"rz_offense_vs_rz_defense","DEN","CHI",0.0104,0.0014,0.9032,0.4839,0.3871,"off:UNVALIDATED|def:UNVALIDATED","LOW","MODELED"
2026,2,"rz_offense_vs_rz_defense","DEN","CIN",0.0104,0.0049,0.9032,0.3871,0.2903,"off:UNVALIDATED|def:UNVALIDATED","LOW","MODELED"
2026,2,"rz_offense_vs_rz_defense","DEN","CLE",0.0104,0.0042,0.9032,0.4194,0.3226,"off:UNVALIDATED|def:UNVALIDATED","LOW","MODELED"
2026,2,"rz_offense_vs_rz_defense","DEN","DAL",0.0104,0.0147,0.9032,0.129,0.0323,"off:UNVALIDATED|def:UNVALIDATED","LOW","MODELED"
2026,2,"rz_offense_vs_rz_defense","DEN","DET",0.0104,0.0248,0.9032,0,-0.0968,"off:UNVALIDATED|def:UNVALIDATED","LOW","MODELED"
2026,2,"rz_offense_vs_rz_defense","DEN","GB",0.0104,0.005,0.9032,0.3548,0.2581,"off:UNVALIDATED|def:UNVALIDATED","LOW","MODELED"
2026,2,"rz_offense_vs_rz_defense","DEN","HOU",0.0104,0.0076,0.9032,0.2903,0.1935,"off:UNVALIDATED|def:UNVALIDATED","LOW","MODELED"
2026,2,"rz_offense_vs_rz_defense","DEN","IND",0.0104,-0.003,0.9032,0.6129,0.5161,"off:UNVALIDATED|def:UNVALIDATED","LOW","MODELED"
2026,2,"rz_offense_vs_rz_defense","DEN","JAX",0.0104,-0.0144,0.9032,0.871,0.7742,"off:UNVALIDATED|def:UNVALIDATED","LOW","MODELED"
2026,2,"rz_offense_vs_rz_defense","DEN","KC",0.0104,-0.0091,0.9032,0.7742,0.6774,"off:UNVALIDATED|def:UNVALIDATED","LOW","MODELED"
2026,2,"rz_offense_vs_rz_defense","DEN","LAC",0.0104,-0.0083,0.9032,0.7419,0.6452,"off:UNVALIDATED|def:UNVALIDATED","LOW","MODELED"
2026,2,"rz_offense_vs_rz_defense","DEN","LAR",0.0104,-0.0238,0.9032,1,0.9032,"off:UNVALIDATED|def:UNVALIDATED","LOW","MODELED"
2026,2,"rz_offense_vs_rz_defense","DEN","LV",0.0104,0.0063,0.9032,0.3226,0.2258,"off:UNVALIDATED|def:UNVALIDATED","LOW","MODELED"
2026,2,"rz_offense_vs_rz_defense","DEN","MIA",0.0104,0.0116,0.9032,0.1935,0.0968,"off:UNVALIDATED|def:UNVALIDATED","LOW","MODELED"
2026,2,"rz_offense_vs_rz_defense","DEN","MIN",0.0104,-0.0236,0.9032,0.9677,0.871,"off:UNVALIDATED|def:UNVALIDATED","LOW","MODELED"
2026,2,"rz_offense_vs_rz_defense","DEN","NE",0.0104,0.0022,0.9032,0.4516,0.3548,"off:UNVALIDATED|def:UNVALIDATED","LOW","MODELED"
2026,2,"rz_offense_vs_rz_defense","DEN","NO",0.0104,-3e-04,0.9032,0.5161,0.4194,"off:UNVALIDATED|def:UNVALIDATED","LOW","MODELED"
2026,2,"rz_offense_vs_rz_defense","DEN","NYG",0.0104,0.0185,0.9032,0.0323,-0.0645,"off:UNVALIDATED|def:UNVALIDATED","LOW","MODELED"
2026,2,"rz_offense_vs_rz_defense","DEN","NYJ",0.0104,0.0115,0.9032,0.2258,0.129,"off:UNVALIDATED|def:UNVALIDATED","LOW","MODELED"
2026,2,"rz_offense_vs_rz_defense","DEN","PHI",0.0104,-0.0073,0.9032,0.6452,0.5484,"off:UNVALIDATED|def:UNVALIDATED","LOW","MODELED"
2026,2,"rz_offense_vs_rz_defense","DEN","PIT",0.0104,-0.0074,0.9032,0.6774,0.5806,"off:UNVALIDATED|def:UNVALIDATED","LOW","MODELED"
2026,2,"rz_offense_vs_rz_defense","DEN","SEA",0.0104,-0.0082,0.9032,0.7097,0.6129,"off:UNVALIDATED|def:UNVALIDATED","LOW","MODELED"
2026,2,"rz_offense_vs_rz_defense","DEN","SF",0.0104,-0.012,0.9032,0.8065,0.7097,"off:UNVALIDATED|def:UNVALIDATED","LOW","MODELED"
2026,2,"rz_offense_vs_rz_defense","DEN","TB",0.0104,-0.0023,0.9032,0.5806,0.4839,"off:UNVALIDATED|def:UNVALIDATED","LOW","MODELED"
2026,2,"rz_offense_vs_rz_defense","DEN","TEN",0.0104,0.0086,0.9032,0.2581,0.1613,"off:UNVALIDATED|def:UNVALIDATED","LOW","MODELED"
2026,2,"rz_offense_vs_rz_defense","DEN","WAS",0.0104,0.015,0.9032,0.0968,0,"off:UNVALIDATED|def:UNVALIDATED","LOW","MODELED"
2026,2,"rz_offense_vs_rz_defense","DET","ARI",0.0056,-0.0124,0.8065,0.8387,0.6452,"off:UNVALIDATED|def:UNVALIDATED","LOW","MODELED"
2026,2,"rz_offense_vs_rz_defense","DET","ATL",0.0056,-0.0231,0.8065,0.9355,0.7419,"off:UNVALIDATED|def:UNVALIDATED","LOW","MODELED"
2026,2,"rz_offense_vs_rz_defense","DET","BAL",0.0056,-0.0018,0.8065,0.5484,0.3548,"off:UNVALIDATED|def:UNVALIDATED","LOW","MODELED"
2026,2,"rz_offense_vs_rz_defense","DET","BUF",0.0056,0.0158,0.8065,0.0645,-0.129,"off:UNVALIDATED|def:UNVALIDATED","LOW","MODELED"
2026,2,"rz_offense_vs_rz_defense","DET","CAR",0.0056,0.0123,0.8065,0.1613,-0.0323,"off:UNVALIDATED|def:UNVALIDATED","LOW","MODELED"
2026,2,"rz_offense_vs_rz_defense","DET","CHI",0.0056,0.0014,0.8065,0.4839,0.2903,"off:UNVALIDATED|def:UNVALIDATED","LOW","MODELED"
2026,2,"rz_offense_vs_rz_defense","DET","CIN",0.0056,0.0049,0.8065,0.3871,0.1935,"off:UNVALIDATED|def:UNVALIDATED","LOW","MODELED"
2026,2,"rz_offense_vs_rz_defense","DET","CLE",0.0056,0.0042,0.8065,0.4194,0.2258,"off:UNVALIDATED|def:UNVALIDATED","LOW","MODELED"
2026,2,"rz_offense_vs_rz_defense","DET","DAL",0.0056,0.0147,0.8065,0.129,-0.0645,"off:UNVALIDATED|def:UNVALIDATED","LOW","MODELED"
2026,2,"rz_offense_vs_rz_defense","DET","DEN",0.0056,-0.0154,0.8065,0.9032,0.7097,"off:UNVALIDATED|def:UNVALIDATED","LOW","MODELED"
2026,2,"rz_offense_vs_rz_defense","DET","GB",0.0056,0.005,0.8065,0.3548,0.1613,"off:UNVALIDATED|def:UNVALIDATED","LOW","MODELED"
2026,2,"rz_offense_vs_rz_defense","DET","HOU",0.0056,0.0076,0.8065,0.2903,0.0968,"off:UNVALIDATED|def:UNVALIDATED","LOW","MODELED"
2026,2,"rz_offense_vs_rz_defense","DET","IND",0.0056,-0.003,0.8065,0.6129,0.4194,"off:UNVALIDATED|def:UNVALIDATED","LOW","MODELED"
2026,2,"rz_offense_vs_rz_defense","DET","JAX",0.0056,-0.0144,0.8065,0.871,0.6774,"off:UNVALIDATED|def:UNVALIDATED","LOW","MODELED"
2026,2,"rz_offense_vs_rz_defense","DET","KC",0.0056,-0.0091,0.8065,0.7742,0.5806,"off:UNVALIDATED|def:UNVALIDATED","LOW","MODELED"
2026,2,"rz_offense_vs_rz_defense","DET","LAC",0.0056,-0.0083,0.8065,0.7419,0.5484,"off:UNVALIDATED|def:UNVALIDATED","LOW","MODELED"
2026,2,"rz_offense_vs_rz_defense","DET","LAR",0.0056,-0.0238,0.8065,1,0.8065,"off:UNVALIDATED|def:UNVALIDATED","LOW","MODELED"
2026,2,"rz_offense_vs_rz_defense","DET","LV",0.0056,0.0063,0.8065,0.3226,0.129,"off:UNVALIDATED|def:UNVALIDATED","LOW","MODELED"
2026,2,"rz_offense_vs_rz_defense","DET","MIA",0.0056,0.0116,0.8065,0.1935,0,"off:UNVALIDATED|def:UNVALIDATED","LOW","MODELED"
2026,2,"rz_offense_vs_rz_defense","DET","MIN",0.0056,-0.0236,0.8065,0.9677,0.7742,"off:UNVALIDATED|def:UNVALIDATED","LOW","MODELED"
2026,2,"rz_offense_vs_rz_defense","DET","NE",0.0056,0.0022,0.8065,0.4516,0.2581,"off:UNVALIDATED|def:UNVALIDATED","LOW","MODELED"
2026,2,"rz_offense_vs_rz_defense","DET","NO",0.0056,-3e-04,0.8065,0.5161,0.3226,"off:UNVALIDATED|def:UNVALIDATED","LOW","MODELED"
2026,2,"rz_offense_vs_rz_defense","DET","NYG",0.0056,0.0185,0.8065,0.0323,-0.1613,"off:UNVALIDATED|def:UNVALIDATED","LOW","MODELED"
2026,2,"rz_offense_vs_rz_defense","DET","NYJ",0.0056,0.0115,0.8065,0.2258,0.0323,"off:UNVALIDATED|def:UNVALIDATED","LOW","MODELED"
2026,2,"rz_offense_vs_rz_defense","DET","PHI",0.0056,-0.0073,0.8065,0.6452,0.4516,"off:UNVALIDATED|def:UNVALIDATED","LOW","MODELED"
2026,2,"rz_offense_vs_rz_defense","DET","PIT",0.0056,-0.0074,0.8065,0.6774,0.4839,"off:UNVALIDATED|def:UNVALIDATED","LOW","MODELED"
2026,2,"rz_offense_vs_rz_defense","DET","SEA",0.0056,-0.0082,0.8065,0.7097,0.5161,"off:UNVALIDATED|def:UNVALIDATED","LOW","MODELED"
2026,2,"rz_offense_vs_rz_defense","DET","SF",0.0056,-0.012,0.8065,0.8065,0.6129,"off:UNVALIDATED|def:UNVALIDATED","LOW","MODELED"
2026,2,"rz_offense_vs_rz_defense","DET","TB",0.0056,-0.0023,0.8065,0.5806,0.3871,"off:UNVALIDATED|def:UNVALIDATED","LOW","MODELED"
2026,2,"rz_offense_vs_rz_defense","DET","TEN",0.0056,0.0086,0.8065,0.2581,0.0645,"off:UNVALIDATED|def:UNVALIDATED","LOW","MODELED"
2026,2,"rz_offense_vs_rz_defense","DET","WAS",0.0056,0.015,0.8065,0.0968,-0.0968,"off:UNVALIDATED|def:UNVALIDATED","LOW","MODELED"
2026,2,"rz_offense_vs_rz_defense","GB","ARI",0.0033,-0.0124,0.6774,0.8387,0.5161,"off:UNVALIDATED|def:UNVALIDATED","LOW","MODELED"
2026,2,"rz_offense_vs_rz_defense","GB","ATL",0.0033,-0.0231,0.6774,0.9355,0.6129,"off:UNVALIDATED|def:UNVALIDATED","LOW","MODELED"
2026,2,"rz_offense_vs_rz_defense","GB","BAL",0.0033,-0.0018,0.6774,0.5484,0.2258,"off:UNVALIDATED|def:UNVALIDATED","LOW","MODELED"
2026,2,"rz_offense_vs_rz_defense","GB","BUF",0.0033,0.0158,0.6774,0.0645,-0.2581,"off:UNVALIDATED|def:UNVALIDATED","LOW","MODELED"
2026,2,"rz_offense_vs_rz_defense","GB","CAR",0.0033,0.0123,0.6774,0.1613,-0.1613,"off:UNVALIDATED|def:UNVALIDATED","LOW","MODELED"
2026,2,"rz_offense_vs_rz_defense","GB","CHI",0.0033,0.0014,0.6774,0.4839,0.1613,"off:UNVALIDATED|def:UNVALIDATED","LOW","MODELED"
2026,2,"rz_offense_vs_rz_defense","GB","CIN",0.0033,0.0049,0.6774,0.3871,0.0645,"off:UNVALIDATED|def:UNVALIDATED","LOW","MODELED"
2026,2,"rz_offense_vs_rz_defense","GB","CLE",0.0033,0.0042,0.6774,0.4194,0.0968,"off:UNVALIDATED|def:UNVALIDATED","LOW","MODELED"
2026,2,"rz_offense_vs_rz_defense","GB","DAL",0.0033,0.0147,0.6774,0.129,-0.1935,"off:UNVALIDATED|def:UNVALIDATED","LOW","MODELED"
2026,2,"rz_offense_vs_rz_defense","GB","DEN",0.0033,-0.0154,0.6774,0.9032,0.5806,"off:UNVALIDATED|def:UNVALIDATED","LOW","MODELED"
2026,2,"rz_offense_vs_rz_defense","GB","DET",0.0033,0.0248,0.6774,0,-0.3226,"off:UNVALIDATED|def:UNVALIDATED","LOW","MODELED"
2026,2,"rz_offense_vs_rz_defense","GB","HOU",0.0033,0.0076,0.6774,0.2903,-0.0323,"off:UNVALIDATED|def:UNVALIDATED","LOW","MODELED"
2026,2,"rz_offense_vs_rz_defense","GB","IND",0.0033,-0.003,0.6774,0.6129,0.2903,"off:UNVALIDATED|def:UNVALIDATED","LOW","MODELED"
2026,2,"rz_offense_vs_rz_defense","GB","JAX",0.0033,-0.0144,0.6774,0.871,0.5484,"off:UNVALIDATED|def:UNVALIDATED","LOW","MODELED"
2026,2,"rz_offense_vs_rz_defense","GB","KC",0.0033,-0.0091,0.6774,0.7742,0.4516,"off:UNVALIDATED|def:UNVALIDATED","LOW","MODELED"
2026,2,"rz_offense_vs_rz_defense","GB","LAC",0.0033,-0.0083,0.6774,0.7419,0.4194,"off:UNVALIDATED|def:UNVALIDATED","LOW","MODELED"
2026,2,"rz_offense_vs_rz_defense","GB","LAR",0.0033,-0.0238,0.6774,1,0.6774,"off:UNVALIDATED|def:UNVALIDATED","LOW","MODELED"
2026,2,"rz_offense_vs_rz_defense","GB","LV",0.0033,0.0063,0.6774,0.3226,0,"off:UNVALIDATED|def:UNVALIDATED","LOW","MODELED"
2026,2,"rz_offense_vs_rz_defense","GB","MIA",0.0033,0.0116,0.6774,0.1935,-0.129,"off:UNVALIDATED|def:UNVALIDATED","LOW","MODELED"
2026,2,"rz_offense_vs_rz_defense","GB","MIN",0.0033,-0.0236,0.6774,0.9677,0.6452,"off:UNVALIDATED|def:UNVALIDATED","LOW","MODELED"
2026,2,"rz_offense_vs_rz_defense","GB","NE",0.0033,0.0022,0.6774,0.4516,0.129,"off:UNVALIDATED|def:UNVALIDATED","LOW","MODELED"
2026,2,"rz_offense_vs_rz_defense","GB","NO",0.0033,-3e-04,0.6774,0.5161,0.1935,"off:UNVALIDATED|def:UNVALIDATED","LOW","MODELED"
2026,2,"rz_offense_vs_rz_defense","GB","NYG",0.0033,0.0185,0.6774,0.0323,-0.2903,"off:UNVALIDATED|def:UNVALIDATED","LOW","MODELED"
2026,2,"rz_offense_vs_rz_defense","GB","NYJ",0.0033,0.0115,0.6774,0.2258,-0.0968,"off:UNVALIDATED|def:UNVALIDATED","LOW","MODELED"
2026,2,"rz_offense_vs_rz_defense","GB","PHI",0.0033,-0.0073,0.6774,0.6452,0.3226,"off:UNVALIDATED|def:UNVALIDATED","LOW","MODELED"
2026,2,"rz_offense_vs_rz_defense","GB","PIT",0.0033,-0.0074,0.6774,0.6774,0.3548,"off:UNVALIDATED|def:UNVALIDATED","LOW","MODELED"
2026,2,"rz_offense_vs_rz_defense","GB","SEA",0.0033,-0.0082,0.6774,0.7097,0.3871,"off:UNVALIDATED|def:UNVALIDATED","LOW","MODELED"
2026,2,"rz_offense_vs_rz_defense","GB","SF",0.0033,-0.012,0.6774,0.8065,0.4839,"off:UNVALIDATED|def:UNVALIDATED","LOW","MODELED"
2026,2,"rz_offense_vs_rz_defense","GB","TB",0.0033,-0.0023,0.6774,0.5806,0.2581,"off:UNVALIDATED|def:UNVALIDATED","LOW","MODELED"
2026,2,"rz_offense_vs_rz_defense","GB","TEN",0.0033,0.0086,0.6774,0.2581,-0.0645,"off:UNVALIDATED|def:UNVALIDATED","LOW","MODELED"
2026,2,"rz_offense_vs_rz_defense","GB","WAS",0.0033,0.015,0.6774,0.0968,-0.2258,"off:UNVALIDATED|def:UNVALIDATED","LOW","MODELED"
2026,2,"rz_offense_vs_rz_defense","HOU","ARI",-0.0171,-0.0124,0.0323,0.8387,-0.129,"off:UNVALIDATED|def:UNVALIDATED","LOW","MODELED"
2026,2,"rz_offense_vs_rz_defense","HOU","ATL",-0.0171,-0.0231,0.0323,0.9355,-0.0323,"off:UNVALIDATED|def:UNVALIDATED","LOW","MODELED"
2026,2,"rz_offense_vs_rz_defense","HOU","BAL",-0.0171,-0.0018,0.0323,0.5484,-0.4194,"off:UNVALIDATED|def:UNVALIDATED","LOW","MODELED"
2026,2,"rz_offense_vs_rz_defense","HOU","BUF",-0.0171,0.0158,0.0323,0.0645,-0.9032,"off:UNVALIDATED|def:UNVALIDATED","LOW","MODELED"
2026,2,"rz_offense_vs_rz_defense","HOU","CAR",-0.0171,0.0123,0.0323,0.1613,-0.8065,"off:UNVALIDATED|def:UNVALIDATED","LOW","MODELED"
2026,2,"rz_offense_vs_rz_defense","HOU","CHI",-0.0171,0.0014,0.0323,0.4839,-0.4839,"off:UNVALIDATED|def:UNVALIDATED","LOW","MODELED"
2026,2,"rz_offense_vs_rz_defense","HOU","CIN",-0.0171,0.0049,0.0323,0.3871,-0.5806,"off:UNVALIDATED|def:UNVALIDATED","LOW","MODELED"
2026,2,"rz_offense_vs_rz_defense","HOU","CLE",-0.0171,0.0042,0.0323,0.4194,-0.5484,"off:UNVALIDATED|def:UNVALIDATED","LOW","MODELED"
2026,2,"rz_offense_vs_rz_defense","HOU","DAL",-0.0171,0.0147,0.0323,0.129,-0.8387,"off:UNVALIDATED|def:UNVALIDATED","LOW","MODELED"
2026,2,"rz_offense_vs_rz_defense","HOU","DEN",-0.0171,-0.0154,0.0323,0.9032,-0.0645,"off:UNVALIDATED|def:UNVALIDATED","LOW","MODELED"
2026,2,"rz_offense_vs_rz_defense","HOU","DET",-0.0171,0.0248,0.0323,0,-0.9677,"off:UNVALIDATED|def:UNVALIDATED","LOW","MODELED"
2026,2,"rz_offense_vs_rz_defense","HOU","GB",-0.0171,0.005,0.0323,0.3548,-0.6129,"off:UNVALIDATED|def:UNVALIDATED","LOW","MODELED"
2026,2,"rz_offense_vs_rz_defense","HOU","IND",-0.0171,-0.003,0.0323,0.6129,-0.3548,"off:UNVALIDATED|def:UNVALIDATED","LOW","MODELED"
2026,2,"rz_offense_vs_rz_defense","HOU","JAX",-0.0171,-0.0144,0.0323,0.871,-0.0968,"off:UNVALIDATED|def:UNVALIDATED","LOW","MODELED"
2026,2,"rz_offense_vs_rz_defense","HOU","KC",-0.0171,-0.0091,0.0323,0.7742,-0.1935,"off:UNVALIDATED|def:UNVALIDATED","LOW","MODELED"
2026,2,"rz_offense_vs_rz_defense","HOU","LAC",-0.0171,-0.0083,0.0323,0.7419,-0.2258,"off:UNVALIDATED|def:UNVALIDATED","LOW","MODELED"
2026,2,"rz_offense_vs_rz_defense","HOU","LAR",-0.0171,-0.0238,0.0323,1,0.0323,"off:UNVALIDATED|def:UNVALIDATED","LOW","MODELED"
2026,2,"rz_offense_vs_rz_defense","HOU","LV",-0.0171,0.0063,0.0323,0.3226,-0.6452,"off:UNVALIDATED|def:UNVALIDATED","LOW","MODELED"
2026,2,"rz_offense_vs_rz_defense","HOU","MIA",-0.0171,0.0116,0.0323,0.1935,-0.7742,"off:UNVALIDATED|def:UNVALIDATED","LOW","MODELED"
2026,2,"rz_offense_vs_rz_defense","HOU","MIN",-0.0171,-0.0236,0.0323,0.9677,0,"off:UNVALIDATED|def:UNVALIDATED","LOW","MODELED"
2026,2,"rz_offense_vs_rz_defense","HOU","NE",-0.0171,0.0022,0.0323,0.4516,-0.5161,"off:UNVALIDATED|def:UNVALIDATED","LOW","MODELED"
2026,2,"rz_offense_vs_rz_defense","HOU","NO",-0.0171,-3e-04,0.0323,0.5161,-0.4516,"off:UNVALIDATED|def:UNVALIDATED","LOW","MODELED"
2026,2,"rz_offense_vs_rz_defense","HOU","NYG",-0.0171,0.0185,0.0323,0.0323,-0.9355,"off:UNVALIDATED|def:UNVALIDATED","LOW","MODELED"
2026,2,"rz_offense_vs_rz_defense","HOU","NYJ",-0.0171,0.0115,0.0323,0.2258,-0.7419,"off:UNVALIDATED|def:UNVALIDATED","LOW","MODELED"
2026,2,"rz_offense_vs_rz_defense","HOU","PHI",-0.0171,-0.0073,0.0323,0.6452,-0.3226,"off:UNVALIDATED|def:UNVALIDATED","LOW","MODELED"
2026,2,"rz_offense_vs_rz_defense","HOU","PIT",-0.0171,-0.0074,0.0323,0.6774,-0.2903,"off:UNVALIDATED|def:UNVALIDATED","LOW","MODELED"
2026,2,"rz_offense_vs_rz_defense","HOU","SEA",-0.0171,-0.0082,0.0323,0.7097,-0.2581,"off:UNVALIDATED|def:UNVALIDATED","LOW","MODELED"
2026,2,"rz_offense_vs_rz_defense","HOU","SF",-0.0171,-0.012,0.0323,0.8065,-0.1613,"off:UNVALIDATED|def:UNVALIDATED","LOW","MODELED"
2026,2,"rz_offense_vs_rz_defense","HOU","TB",-0.0171,-0.0023,0.0323,0.5806,-0.3871,"off:UNVALIDATED|def:UNVALIDATED","LOW","MODELED"
2026,2,"rz_offense_vs_rz_defense","HOU","TEN",-0.0171,0.0086,0.0323,0.2581,-0.7097,"off:UNVALIDATED|def:UNVALIDATED","LOW","MODELED"
2026,2,"rz_offense_vs_rz_defense","HOU","WAS",-0.0171,0.015,0.0323,0.0968,-0.871,"off:UNVALIDATED|def:UNVALIDATED","LOW","MODELED"
2026,2,"rz_offense_vs_rz_defense","IND","ARI",0.008,-0.0124,0.871,0.8387,0.7097,"off:UNVALIDATED|def:UNVALIDATED","LOW","MODELED"
2026,2,"rz_offense_vs_rz_defense","IND","ATL",0.008,-0.0231,0.871,0.9355,0.8065,"off:UNVALIDATED|def:UNVALIDATED","LOW","MODELED"
2026,2,"rz_offense_vs_rz_defense","IND","BAL",0.008,-0.0018,0.871,0.5484,0.4194,"off:UNVALIDATED|def:UNVALIDATED","LOW","MODELED"
2026,2,"rz_offense_vs_rz_defense","IND","BUF",0.008,0.0158,0.871,0.0645,-0.0645,"off:UNVALIDATED|def:UNVALIDATED","LOW","MODELED"
2026,2,"rz_offense_vs_rz_defense","IND","CAR",0.008,0.0123,0.871,0.1613,0.0323,"off:UNVALIDATED|def:UNVALIDATED","LOW","MODELED"
2026,2,"rz_offense_vs_rz_defense","IND","CHI",0.008,0.0014,0.871,0.4839,0.3548,"off:UNVALIDATED|def:UNVALIDATED","LOW","MODELED"
2026,2,"rz_offense_vs_rz_defense","IND","CIN",0.008,0.0049,0.871,0.3871,0.2581,"off:UNVALIDATED|def:UNVALIDATED","LOW","MODELED"
2026,2,"rz_offense_vs_rz_defense","IND","CLE",0.008,0.0042,0.871,0.4194,0.2903,"off:UNVALIDATED|def:UNVALIDATED","LOW","MODELED"
2026,2,"rz_offense_vs_rz_defense","IND","DAL",0.008,0.0147,0.871,0.129,0,"off:UNVALIDATED|def:UNVALIDATED","LOW","MODELED"
2026,2,"rz_offense_vs_rz_defense","IND","DEN",0.008,-0.0154,0.871,0.9032,0.7742,"off:UNVALIDATED|def:UNVALIDATED","LOW","MODELED"
2026,2,"rz_offense_vs_rz_defense","IND","DET",0.008,0.0248,0.871,0,-0.129,"off:UNVALIDATED|def:UNVALIDATED","LOW","MODELED"
2026,2,"rz_offense_vs_rz_defense","IND","GB",0.008,0.005,0.871,0.3548,0.2258,"off:UNVALIDATED|def:UNVALIDATED","LOW","MODELED"
2026,2,"rz_offense_vs_rz_defense","IND","HOU",0.008,0.0076,0.871,0.2903,0.1613,"off:UNVALIDATED|def:UNVALIDATED","LOW","MODELED"
2026,2,"rz_offense_vs_rz_defense","IND","JAX",0.008,-0.0144,0.871,0.871,0.7419,"off:UNVALIDATED|def:UNVALIDATED","LOW","MODELED"
2026,2,"rz_offense_vs_rz_defense","IND","KC",0.008,-0.0091,0.871,0.7742,0.6452,"off:UNVALIDATED|def:UNVALIDATED","LOW","MODELED"
2026,2,"rz_offense_vs_rz_defense","IND","LAC",0.008,-0.0083,0.871,0.7419,0.6129,"off:UNVALIDATED|def:UNVALIDATED","LOW","MODELED"
2026,2,"rz_offense_vs_rz_defense","IND","LAR",0.008,-0.0238,0.871,1,0.871,"off:UNVALIDATED|def:UNVALIDATED","LOW","MODELED"
2026,2,"rz_offense_vs_rz_defense","IND","LV",0.008,0.0063,0.871,0.3226,0.1935,"off:UNVALIDATED|def:UNVALIDATED","LOW","MODELED"
2026,2,"rz_offense_vs_rz_defense","IND","MIA",0.008,0.0116,0.871,0.1935,0.0645,"off:UNVALIDATED|def:UNVALIDATED","LOW","MODELED"
2026,2,"rz_offense_vs_rz_defense","IND","MIN",0.008,-0.0236,0.871,0.9677,0.8387,"off:UNVALIDATED|def:UNVALIDATED","LOW","MODELED"
2026,2,"rz_offense_vs_rz_defense","IND","NE",0.008,0.0022,0.871,0.4516,0.3226,"off:UNVALIDATED|def:UNVALIDATED","LOW","MODELED"
2026,2,"rz_offense_vs_rz_defense","IND","NO",0.008,-3e-04,0.871,0.5161,0.3871,"off:UNVALIDATED|def:UNVALIDATED","LOW","MODELED"
2026,2,"rz_offense_vs_rz_defense","IND","NYG",0.008,0.0185,0.871,0.0323,-0.0968,"off:UNVALIDATED|def:UNVALIDATED","LOW","MODELED"
2026,2,"rz_offense_vs_rz_defense","IND","NYJ",0.008,0.0115,0.871,0.2258,0.0968,"off:UNVALIDATED|def:UNVALIDATED","LOW","MODELED"
2026,2,"rz_offense_vs_rz_defense","IND","PHI",0.008,-0.0073,0.871,0.6452,0.5161,"off:UNVALIDATED|def:UNVALIDATED","LOW","MODELED"
2026,2,"rz_offense_vs_rz_defense","IND","PIT",0.008,-0.0074,0.871,0.6774,0.5484,"off:UNVALIDATED|def:UNVALIDATED","LOW","MODELED"
2026,2,"rz_offense_vs_rz_defense","IND","SEA",0.008,-0.0082,0.871,0.7097,0.5806,"off:UNVALIDATED|def:UNVALIDATED","LOW","MODELED"
2026,2,"rz_offense_vs_rz_defense","IND","SF",0.008,-0.012,0.871,0.8065,0.6774,"off:UNVALIDATED|def:UNVALIDATED","LOW","MODELED"
2026,2,"rz_offense_vs_rz_defense","IND","TB",0.008,-0.0023,0.871,0.5806,0.4516,"off:UNVALIDATED|def:UNVALIDATED","LOW","MODELED"
2026,2,"rz_offense_vs_rz_defense","IND","TEN",0.008,0.0086,0.871,0.2581,0.129,"off:UNVALIDATED|def:UNVALIDATED","LOW","MODELED"
2026,2,"rz_offense_vs_rz_defense","IND","WAS",0.008,0.015,0.871,0.0968,-0.0323,"off:UNVALIDATED|def:UNVALIDATED","LOW","MODELED"
2026,2,"rz_offense_vs_rz_defense","JAX","ARI",0.0063,-0.0124,0.8387,0.8387,0.6774,"off:UNVALIDATED|def:UNVALIDATED","LOW","MODELED"
2026,2,"rz_offense_vs_rz_defense","JAX","ATL",0.0063,-0.0231,0.8387,0.9355,0.7742,"off:UNVALIDATED|def:UNVALIDATED","LOW","MODELED"
2026,2,"rz_offense_vs_rz_defense","JAX","BAL",0.0063,-0.0018,0.8387,0.5484,0.3871,"off:UNVALIDATED|def:UNVALIDATED","LOW","MODELED"
2026,2,"rz_offense_vs_rz_defense","JAX","BUF",0.0063,0.0158,0.8387,0.0645,-0.0968,"off:UNVALIDATED|def:UNVALIDATED","LOW","MODELED"
2026,2,"rz_offense_vs_rz_defense","JAX","CAR",0.0063,0.0123,0.8387,0.1613,0,"off:UNVALIDATED|def:UNVALIDATED","LOW","MODELED"
2026,2,"rz_offense_vs_rz_defense","JAX","CHI",0.0063,0.0014,0.8387,0.4839,0.3226,"off:UNVALIDATED|def:UNVALIDATED","LOW","MODELED"
2026,2,"rz_offense_vs_rz_defense","JAX","CIN",0.0063,0.0049,0.8387,0.3871,0.2258,"off:UNVALIDATED|def:UNVALIDATED","LOW","MODELED"
2026,2,"rz_offense_vs_rz_defense","JAX","CLE",0.0063,0.0042,0.8387,0.4194,0.2581,"off:UNVALIDATED|def:UNVALIDATED","LOW","MODELED"
2026,2,"rz_offense_vs_rz_defense","JAX","DAL",0.0063,0.0147,0.8387,0.129,-0.0323,"off:UNVALIDATED|def:UNVALIDATED","LOW","MODELED"
2026,2,"rz_offense_vs_rz_defense","JAX","DEN",0.0063,-0.0154,0.8387,0.9032,0.7419,"off:UNVALIDATED|def:UNVALIDATED","LOW","MODELED"
2026,2,"rz_offense_vs_rz_defense","JAX","DET",0.0063,0.0248,0.8387,0,-0.1613,"off:UNVALIDATED|def:UNVALIDATED","LOW","MODELED"
2026,2,"rz_offense_vs_rz_defense","JAX","GB",0.0063,0.005,0.8387,0.3548,0.1935,"off:UNVALIDATED|def:UNVALIDATED","LOW","MODELED"
2026,2,"rz_offense_vs_rz_defense","JAX","HOU",0.0063,0.0076,0.8387,0.2903,0.129,"off:UNVALIDATED|def:UNVALIDATED","LOW","MODELED"
2026,2,"rz_offense_vs_rz_defense","JAX","IND",0.0063,-0.003,0.8387,0.6129,0.4516,"off:UNVALIDATED|def:UNVALIDATED","LOW","MODELED"
2026,2,"rz_offense_vs_rz_defense","JAX","KC",0.0063,-0.0091,0.8387,0.7742,0.6129,"off:UNVALIDATED|def:UNVALIDATED","LOW","MODELED"
2026,2,"rz_offense_vs_rz_defense","JAX","LAC",0.0063,-0.0083,0.8387,0.7419,0.5806,"off:UNVALIDATED|def:UNVALIDATED","LOW","MODELED"
2026,2,"rz_offense_vs_rz_defense","JAX","LAR",0.0063,-0.0238,0.8387,1,0.8387,"off:UNVALIDATED|def:UNVALIDATED","LOW","MODELED"
2026,2,"rz_offense_vs_rz_defense","JAX","LV",0.0063,0.0063,0.8387,0.3226,0.1613,"off:UNVALIDATED|def:UNVALIDATED","LOW","MODELED"
2026,2,"rz_offense_vs_rz_defense","JAX","MIA",0.0063,0.0116,0.8387,0.1935,0.0323,"off:UNVALIDATED|def:UNVALIDATED","LOW","MODELED"
2026,2,"rz_offense_vs_rz_defense","JAX","MIN",0.0063,-0.0236,0.8387,0.9677,0.8065,"off:UNVALIDATED|def:UNVALIDATED","LOW","MODELED"
2026,2,"rz_offense_vs_rz_defense","JAX","NE",0.0063,0.0022,0.8387,0.4516,0.2903,"off:UNVALIDATED|def:UNVALIDATED","LOW","MODELED"
2026,2,"rz_offense_vs_rz_defense","JAX","NO",0.0063,-3e-04,0.8387,0.5161,0.3548,"off:UNVALIDATED|def:UNVALIDATED","LOW","MODELED"
2026,2,"rz_offense_vs_rz_defense","JAX","NYG",0.0063,0.0185,0.8387,0.0323,-0.129,"off:UNVALIDATED|def:UNVALIDATED","LOW","MODELED"
2026,2,"rz_offense_vs_rz_defense","JAX","NYJ",0.0063,0.0115,0.8387,0.2258,0.0645,"off:UNVALIDATED|def:UNVALIDATED","LOW","MODELED"
2026,2,"rz_offense_vs_rz_defense","JAX","PHI",0.0063,-0.0073,0.8387,0.6452,0.4839,"off:UNVALIDATED|def:UNVALIDATED","LOW","MODELED"
2026,2,"rz_offense_vs_rz_defense","JAX","PIT",0.0063,-0.0074,0.8387,0.6774,0.5161,"off:UNVALIDATED|def:UNVALIDATED","LOW","MODELED"
2026,2,"rz_offense_vs_rz_defense","JAX","SEA",0.0063,-0.0082,0.8387,0.7097,0.5484,"off:UNVALIDATED|def:UNVALIDATED","LOW","MODELED"
2026,2,"rz_offense_vs_rz_defense","JAX","SF",0.0063,-0.012,0.8387,0.8065,0.6452,"off:UNVALIDATED|def:UNVALIDATED","LOW","MODELED"
2026,2,"rz_offense_vs_rz_defense","JAX","TB",0.0063,-0.0023,0.8387,0.5806,0.4194,"off:UNVALIDATED|def:UNVALIDATED","LOW","MODELED"
2026,2,"rz_offense_vs_rz_defense","JAX","TEN",0.0063,0.0086,0.8387,0.2581,0.0968,"off:UNVALIDATED|def:UNVALIDATED","LOW","MODELED"
2026,2,"rz_offense_vs_rz_defense","JAX","WAS",0.0063,0.015,0.8387,0.0968,-0.0645,"off:UNVALIDATED|def:UNVALIDATED","LOW","MODELED"
2026,2,"rz_offense_vs_rz_defense","KC","ARI",0.0056,-0.0124,0.7742,0.8387,0.6129,"off:UNVALIDATED|def:UNVALIDATED","LOW","MODELED"
2026,2,"rz_offense_vs_rz_defense","KC","ATL",0.0056,-0.0231,0.7742,0.9355,0.7097,"off:UNVALIDATED|def:UNVALIDATED","LOW","MODELED"
2026,2,"rz_offense_vs_rz_defense","KC","BAL",0.0056,-0.0018,0.7742,0.5484,0.3226,"off:UNVALIDATED|def:UNVALIDATED","LOW","MODELED"
2026,2,"rz_offense_vs_rz_defense","KC","BUF",0.0056,0.0158,0.7742,0.0645,-0.1613,"off:UNVALIDATED|def:UNVALIDATED","LOW","MODELED"
2026,2,"rz_offense_vs_rz_defense","KC","CAR",0.0056,0.0123,0.7742,0.1613,-0.0645,"off:UNVALIDATED|def:UNVALIDATED","LOW","MODELED"
2026,2,"rz_offense_vs_rz_defense","KC","CHI",0.0056,0.0014,0.7742,0.4839,0.2581,"off:UNVALIDATED|def:UNVALIDATED","LOW","MODELED"
2026,2,"rz_offense_vs_rz_defense","KC","CIN",0.0056,0.0049,0.7742,0.3871,0.1613,"off:UNVALIDATED|def:UNVALIDATED","LOW","MODELED"
2026,2,"rz_offense_vs_rz_defense","KC","CLE",0.0056,0.0042,0.7742,0.4194,0.1935,"off:UNVALIDATED|def:UNVALIDATED","LOW","MODELED"
2026,2,"rz_offense_vs_rz_defense","KC","DAL",0.0056,0.0147,0.7742,0.129,-0.0968,"off:UNVALIDATED|def:UNVALIDATED","LOW","MODELED"
2026,2,"rz_offense_vs_rz_defense","KC","DEN",0.0056,-0.0154,0.7742,0.9032,0.6774,"off:UNVALIDATED|def:UNVALIDATED","LOW","MODELED"
2026,2,"rz_offense_vs_rz_defense","KC","DET",0.0056,0.0248,0.7742,0,-0.2258,"off:UNVALIDATED|def:UNVALIDATED","LOW","MODELED"
2026,2,"rz_offense_vs_rz_defense","KC","GB",0.0056,0.005,0.7742,0.3548,0.129,"off:UNVALIDATED|def:UNVALIDATED","LOW","MODELED"
2026,2,"rz_offense_vs_rz_defense","KC","HOU",0.0056,0.0076,0.7742,0.2903,0.0645,"off:UNVALIDATED|def:UNVALIDATED","LOW","MODELED"
2026,2,"rz_offense_vs_rz_defense","KC","IND",0.0056,-0.003,0.7742,0.6129,0.3871,"off:UNVALIDATED|def:UNVALIDATED","LOW","MODELED"
2026,2,"rz_offense_vs_rz_defense","KC","JAX",0.0056,-0.0144,0.7742,0.871,0.6452,"off:UNVALIDATED|def:UNVALIDATED","LOW","MODELED"
2026,2,"rz_offense_vs_rz_defense","KC","LAC",0.0056,-0.0083,0.7742,0.7419,0.5161,"off:UNVALIDATED|def:UNVALIDATED","LOW","MODELED"
2026,2,"rz_offense_vs_rz_defense","KC","LAR",0.0056,-0.0238,0.7742,1,0.7742,"off:UNVALIDATED|def:UNVALIDATED","LOW","MODELED"
2026,2,"rz_offense_vs_rz_defense","KC","LV",0.0056,0.0063,0.7742,0.3226,0.0968,"off:UNVALIDATED|def:UNVALIDATED","LOW","MODELED"
2026,2,"rz_offense_vs_rz_defense","KC","MIA",0.0056,0.0116,0.7742,0.1935,-0.0323,"off:UNVALIDATED|def:UNVALIDATED","LOW","MODELED"
2026,2,"rz_offense_vs_rz_defense","KC","MIN",0.0056,-0.0236,0.7742,0.9677,0.7419,"off:UNVALIDATED|def:UNVALIDATED","LOW","MODELED"
2026,2,"rz_offense_vs_rz_defense","KC","NE",0.0056,0.0022,0.7742,0.4516,0.2258,"off:UNVALIDATED|def:UNVALIDATED","LOW","MODELED"
2026,2,"rz_offense_vs_rz_defense","KC","NO",0.0056,-3e-04,0.7742,0.5161,0.2903,"off:UNVALIDATED|def:UNVALIDATED","LOW","MODELED"
2026,2,"rz_offense_vs_rz_defense","KC","NYG",0.0056,0.0185,0.7742,0.0323,-0.1935,"off:UNVALIDATED|def:UNVALIDATED","LOW","MODELED"
2026,2,"rz_offense_vs_rz_defense","KC","NYJ",0.0056,0.0115,0.7742,0.2258,0,"off:UNVALIDATED|def:UNVALIDATED","LOW","MODELED"
2026,2,"rz_offense_vs_rz_defense","KC","PHI",0.0056,-0.0073,0.7742,0.6452,0.4194,"off:UNVALIDATED|def:UNVALIDATED","LOW","MODELED"
2026,2,"rz_offense_vs_rz_defense","KC","PIT",0.0056,-0.0074,0.7742,0.6774,0.4516,"off:UNVALIDATED|def:UNVALIDATED","LOW","MODELED"
2026,2,"rz_offense_vs_rz_defense","KC","SEA",0.0056,-0.0082,0.7742,0.7097,0.4839,"off:UNVALIDATED|def:UNVALIDATED","LOW","MODELED"
2026,2,"rz_offense_vs_rz_defense","KC","SF",0.0056,-0.012,0.7742,0.8065,0.5806,"off:UNVALIDATED|def:UNVALIDATED","LOW","MODELED"
2026,2,"rz_offense_vs_rz_defense","KC","TB",0.0056,-0.0023,0.7742,0.5806,0.3548,"off:UNVALIDATED|def:UNVALIDATED","LOW","MODELED"
2026,2,"rz_offense_vs_rz_defense","KC","TEN",0.0056,0.0086,0.7742,0.2581,0.0323,"off:UNVALIDATED|def:UNVALIDATED","LOW","MODELED"
2026,2,"rz_offense_vs_rz_defense","KC","WAS",0.0056,0.015,0.7742,0.0968,-0.129,"off:UNVALIDATED|def:UNVALIDATED","LOW","MODELED"
2026,2,"rz_offense_vs_rz_defense","LAC","ARI",6e-04,-0.0124,0.5161,0.8387,0.3548,"off:UNVALIDATED|def:UNVALIDATED","LOW","MODELED"
2026,2,"rz_offense_vs_rz_defense","LAC","ATL",6e-04,-0.0231,0.5161,0.9355,0.4516,"off:UNVALIDATED|def:UNVALIDATED","LOW","MODELED"
2026,2,"rz_offense_vs_rz_defense","LAC","BAL",6e-04,-0.0018,0.5161,0.5484,0.0645,"off:UNVALIDATED|def:UNVALIDATED","LOW","MODELED"
2026,2,"rz_offense_vs_rz_defense","LAC","BUF",6e-04,0.0158,0.5161,0.0645,-0.4194,"off:UNVALIDATED|def:UNVALIDATED","LOW","MODELED"
2026,2,"rz_offense_vs_rz_defense","LAC","CAR",6e-04,0.0123,0.5161,0.1613,-0.3226,"off:UNVALIDATED|def:UNVALIDATED","LOW","MODELED"
2026,2,"rz_offense_vs_rz_defense","LAC","CHI",6e-04,0.0014,0.5161,0.4839,0,"off:UNVALIDATED|def:UNVALIDATED","LOW","MODELED"
2026,2,"rz_offense_vs_rz_defense","LAC","CIN",6e-04,0.0049,0.5161,0.3871,-0.0968,"off:UNVALIDATED|def:UNVALIDATED","LOW","MODELED"
2026,2,"rz_offense_vs_rz_defense","LAC","CLE",6e-04,0.0042,0.5161,0.4194,-0.0645,"off:UNVALIDATED|def:UNVALIDATED","LOW","MODELED"
2026,2,"rz_offense_vs_rz_defense","LAC","DAL",6e-04,0.0147,0.5161,0.129,-0.3548,"off:UNVALIDATED|def:UNVALIDATED","LOW","MODELED"
2026,2,"rz_offense_vs_rz_defense","LAC","DEN",6e-04,-0.0154,0.5161,0.9032,0.4194,"off:UNVALIDATED|def:UNVALIDATED","LOW","MODELED"
2026,2,"rz_offense_vs_rz_defense","LAC","DET",6e-04,0.0248,0.5161,0,-0.4839,"off:UNVALIDATED|def:UNVALIDATED","LOW","MODELED"
2026,2,"rz_offense_vs_rz_defense","LAC","GB",6e-04,0.005,0.5161,0.3548,-0.129,"off:UNVALIDATED|def:UNVALIDATED","LOW","MODELED"
2026,2,"rz_offense_vs_rz_defense","LAC","HOU",6e-04,0.0076,0.5161,0.2903,-0.1935,"off:UNVALIDATED|def:UNVALIDATED","LOW","MODELED"
2026,2,"rz_offense_vs_rz_defense","LAC","IND",6e-04,-0.003,0.5161,0.6129,0.129,"off:UNVALIDATED|def:UNVALIDATED","LOW","MODELED"
2026,2,"rz_offense_vs_rz_defense","LAC","JAX",6e-04,-0.0144,0.5161,0.871,0.3871,"off:UNVALIDATED|def:UNVALIDATED","LOW","MODELED"
2026,2,"rz_offense_vs_rz_defense","LAC","KC",6e-04,-0.0091,0.5161,0.7742,0.2903,"off:UNVALIDATED|def:UNVALIDATED","LOW","MODELED"
2026,2,"rz_offense_vs_rz_defense","LAC","LAR",6e-04,-0.0238,0.5161,1,0.5161,"off:UNVALIDATED|def:UNVALIDATED","LOW","MODELED"
2026,2,"rz_offense_vs_rz_defense","LAC","LV",6e-04,0.0063,0.5161,0.3226,-0.1613,"off:UNVALIDATED|def:UNVALIDATED","LOW","MODELED"
2026,2,"rz_offense_vs_rz_defense","LAC","MIA",6e-04,0.0116,0.5161,0.1935,-0.2903,"off:UNVALIDATED|def:UNVALIDATED","LOW","MODELED"
2026,2,"rz_offense_vs_rz_defense","LAC","MIN",6e-04,-0.0236,0.5161,0.9677,0.4839,"off:UNVALIDATED|def:UNVALIDATED","LOW","MODELED"
2026,2,"rz_offense_vs_rz_defense","LAC","NE",6e-04,0.0022,0.5161,0.4516,-0.0323,"off:UNVALIDATED|def:UNVALIDATED","LOW","MODELED"
2026,2,"rz_offense_vs_rz_defense","LAC","NO",6e-04,-3e-04,0.5161,0.5161,0.0323,"off:UNVALIDATED|def:UNVALIDATED","LOW","MODELED"
2026,2,"rz_offense_vs_rz_defense","LAC","NYG",6e-04,0.0185,0.5161,0.0323,-0.4516,"off:UNVALIDATED|def:UNVALIDATED","LOW","MODELED"
2026,2,"rz_offense_vs_rz_defense","LAC","NYJ",6e-04,0.0115,0.5161,0.2258,-0.2581,"off:UNVALIDATED|def:UNVALIDATED","LOW","MODELED"
2026,2,"rz_offense_vs_rz_defense","LAC","PHI",6e-04,-0.0073,0.5161,0.6452,0.1613,"off:UNVALIDATED|def:UNVALIDATED","LOW","MODELED"
2026,2,"rz_offense_vs_rz_defense","LAC","PIT",6e-04,-0.0074,0.5161,0.6774,0.1935,"off:UNVALIDATED|def:UNVALIDATED","LOW","MODELED"
2026,2,"rz_offense_vs_rz_defense","LAC","SEA",6e-04,-0.0082,0.5161,0.7097,0.2258,"off:UNVALIDATED|def:UNVALIDATED","LOW","MODELED"
2026,2,"rz_offense_vs_rz_defense","LAC","SF",6e-04,-0.012,0.5161,0.8065,0.3226,"off:UNVALIDATED|def:UNVALIDATED","LOW","MODELED"
2026,2,"rz_offense_vs_rz_defense","LAC","TB",6e-04,-0.0023,0.5161,0.5806,0.0968,"off:UNVALIDATED|def:UNVALIDATED","LOW","MODELED"
2026,2,"rz_offense_vs_rz_defense","LAC","TEN",6e-04,0.0086,0.5161,0.2581,-0.2258,"off:UNVALIDATED|def:UNVALIDATED","LOW","MODELED"
2026,2,"rz_offense_vs_rz_defense","LAC","WAS",6e-04,0.015,0.5161,0.0968,-0.3871,"off:UNVALIDATED|def:UNVALIDATED","LOW","MODELED"
2026,2,"rz_offense_vs_rz_defense","LAR","ARI",0.0139,-0.0124,0.9355,0.8387,0.7742,"off:UNVALIDATED|def:UNVALIDATED","LOW","MODELED"
2026,2,"rz_offense_vs_rz_defense","LAR","ATL",0.0139,-0.0231,0.9355,0.9355,0.871,"off:UNVALIDATED|def:UNVALIDATED","LOW","MODELED"
2026,2,"rz_offense_vs_rz_defense","LAR","BAL",0.0139,-0.0018,0.9355,0.5484,0.4839,"off:UNVALIDATED|def:UNVALIDATED","LOW","MODELED"
2026,2,"rz_offense_vs_rz_defense","LAR","BUF",0.0139,0.0158,0.9355,0.0645,0,"off:UNVALIDATED|def:UNVALIDATED","LOW","MODELED"
2026,2,"rz_offense_vs_rz_defense","LAR","CAR",0.0139,0.0123,0.9355,0.1613,0.0968,"off:UNVALIDATED|def:UNVALIDATED","LOW","MODELED"
2026,2,"rz_offense_vs_rz_defense","LAR","CHI",0.0139,0.0014,0.9355,0.4839,0.4194,"off:UNVALIDATED|def:UNVALIDATED","LOW","MODELED"
2026,2,"rz_offense_vs_rz_defense","LAR","CIN",0.0139,0.0049,0.9355,0.3871,0.3226,"off:UNVALIDATED|def:UNVALIDATED","LOW","MODELED"
2026,2,"rz_offense_vs_rz_defense","LAR","CLE",0.0139,0.0042,0.9355,0.4194,0.3548,"off:UNVALIDATED|def:UNVALIDATED","LOW","MODELED"
2026,2,"rz_offense_vs_rz_defense","LAR","DAL",0.0139,0.0147,0.9355,0.129,0.0645,"off:UNVALIDATED|def:UNVALIDATED","LOW","MODELED"
2026,2,"rz_offense_vs_rz_defense","LAR","DEN",0.0139,-0.0154,0.9355,0.9032,0.8387,"off:UNVALIDATED|def:UNVALIDATED","LOW","MODELED"
2026,2,"rz_offense_vs_rz_defense","LAR","DET",0.0139,0.0248,0.9355,0,-0.0645,"off:UNVALIDATED|def:UNVALIDATED","LOW","MODELED"
2026,2,"rz_offense_vs_rz_defense","LAR","GB",0.0139,0.005,0.9355,0.3548,0.2903,"off:UNVALIDATED|def:UNVALIDATED","LOW","MODELED"
2026,2,"rz_offense_vs_rz_defense","LAR","HOU",0.0139,0.0076,0.9355,0.2903,0.2258,"off:UNVALIDATED|def:UNVALIDATED","LOW","MODELED"
2026,2,"rz_offense_vs_rz_defense","LAR","IND",0.0139,-0.003,0.9355,0.6129,0.5484,"off:UNVALIDATED|def:UNVALIDATED","LOW","MODELED"
2026,2,"rz_offense_vs_rz_defense","LAR","JAX",0.0139,-0.0144,0.9355,0.871,0.8065,"off:UNVALIDATED|def:UNVALIDATED","LOW","MODELED"
2026,2,"rz_offense_vs_rz_defense","LAR","KC",0.0139,-0.0091,0.9355,0.7742,0.7097,"off:UNVALIDATED|def:UNVALIDATED","LOW","MODELED"
2026,2,"rz_offense_vs_rz_defense","LAR","LAC",0.0139,-0.0083,0.9355,0.7419,0.6774,"off:UNVALIDATED|def:UNVALIDATED","LOW","MODELED"
2026,2,"rz_offense_vs_rz_defense","LAR","LV",0.0139,0.0063,0.9355,0.3226,0.2581,"off:UNVALIDATED|def:UNVALIDATED","LOW","MODELED"
2026,2,"rz_offense_vs_rz_defense","LAR","MIA",0.0139,0.0116,0.9355,0.1935,0.129,"off:UNVALIDATED|def:UNVALIDATED","LOW","MODELED"
2026,2,"rz_offense_vs_rz_defense","LAR","MIN",0.0139,-0.0236,0.9355,0.9677,0.9032,"off:UNVALIDATED|def:UNVALIDATED","LOW","MODELED"
2026,2,"rz_offense_vs_rz_defense","LAR","NE",0.0139,0.0022,0.9355,0.4516,0.3871,"off:UNVALIDATED|def:UNVALIDATED","LOW","MODELED"
2026,2,"rz_offense_vs_rz_defense","LAR","NO",0.0139,-3e-04,0.9355,0.5161,0.4516,"off:UNVALIDATED|def:UNVALIDATED","LOW","MODELED"
2026,2,"rz_offense_vs_rz_defense","LAR","NYG",0.0139,0.0185,0.9355,0.0323,-0.0323,"off:UNVALIDATED|def:UNVALIDATED","LOW","MODELED"
2026,2,"rz_offense_vs_rz_defense","LAR","NYJ",0.0139,0.0115,0.9355,0.2258,0.1613,"off:UNVALIDATED|def:UNVALIDATED","LOW","MODELED"
2026,2,"rz_offense_vs_rz_defense","LAR","PHI",0.0139,-0.0073,0.9355,0.6452,0.5806,"off:UNVALIDATED|def:UNVALIDATED","LOW","MODELED"
2026,2,"rz_offense_vs_rz_defense","LAR","PIT",0.0139,-0.0074,0.9355,0.6774,0.6129,"off:UNVALIDATED|def:UNVALIDATED","LOW","MODELED"
2026,2,"rz_offense_vs_rz_defense","LAR","SEA",0.0139,-0.0082,0.9355,0.7097,0.6452,"off:UNVALIDATED|def:UNVALIDATED","LOW","MODELED"
2026,2,"rz_offense_vs_rz_defense","LAR","SF",0.0139,-0.012,0.9355,0.8065,0.7419,"off:UNVALIDATED|def:UNVALIDATED","LOW","MODELED"
2026,2,"rz_offense_vs_rz_defense","LAR","TB",0.0139,-0.0023,0.9355,0.5806,0.5161,"off:UNVALIDATED|def:UNVALIDATED","LOW","MODELED"
2026,2,"rz_offense_vs_rz_defense","LAR","TEN",0.0139,0.0086,0.9355,0.2581,0.1935,"off:UNVALIDATED|def:UNVALIDATED","LOW","MODELED"
2026,2,"rz_offense_vs_rz_defense","LAR","WAS",0.0139,0.015,0.9355,0.0968,0.0323,"off:UNVALIDATED|def:UNVALIDATED","LOW","MODELED"
2026,2,"rz_offense_vs_rz_defense","LV","ARI",-0.0076,-0.0124,0.1613,0.8387,0,"off:UNVALIDATED|def:UNVALIDATED","LOW","MODELED"
2026,2,"rz_offense_vs_rz_defense","LV","ATL",-0.0076,-0.0231,0.1613,0.9355,0.0968,"off:UNVALIDATED|def:UNVALIDATED","LOW","MODELED"
2026,2,"rz_offense_vs_rz_defense","LV","BAL",-0.0076,-0.0018,0.1613,0.5484,-0.2903,"off:UNVALIDATED|def:UNVALIDATED","LOW","MODELED"
2026,2,"rz_offense_vs_rz_defense","LV","BUF",-0.0076,0.0158,0.1613,0.0645,-0.7742,"off:UNVALIDATED|def:UNVALIDATED","LOW","MODELED"
2026,2,"rz_offense_vs_rz_defense","LV","CAR",-0.0076,0.0123,0.1613,0.1613,-0.6774,"off:UNVALIDATED|def:UNVALIDATED","LOW","MODELED"
2026,2,"rz_offense_vs_rz_defense","LV","CHI",-0.0076,0.0014,0.1613,0.4839,-0.3548,"off:UNVALIDATED|def:UNVALIDATED","LOW","MODELED"
2026,2,"rz_offense_vs_rz_defense","LV","CIN",-0.0076,0.0049,0.1613,0.3871,-0.4516,"off:UNVALIDATED|def:UNVALIDATED","LOW","MODELED"
2026,2,"rz_offense_vs_rz_defense","LV","CLE",-0.0076,0.0042,0.1613,0.4194,-0.4194,"off:UNVALIDATED|def:UNVALIDATED","LOW","MODELED"
2026,2,"rz_offense_vs_rz_defense","LV","DAL",-0.0076,0.0147,0.1613,0.129,-0.7097,"off:UNVALIDATED|def:UNVALIDATED","LOW","MODELED"
2026,2,"rz_offense_vs_rz_defense","LV","DEN",-0.0076,-0.0154,0.1613,0.9032,0.0645,"off:UNVALIDATED|def:UNVALIDATED","LOW","MODELED"
2026,2,"rz_offense_vs_rz_defense","LV","DET",-0.0076,0.0248,0.1613,0,-0.8387,"off:UNVALIDATED|def:UNVALIDATED","LOW","MODELED"
2026,2,"rz_offense_vs_rz_defense","LV","GB",-0.0076,0.005,0.1613,0.3548,-0.4839,"off:UNVALIDATED|def:UNVALIDATED","LOW","MODELED"
2026,2,"rz_offense_vs_rz_defense","LV","HOU",-0.0076,0.0076,0.1613,0.2903,-0.5484,"off:UNVALIDATED|def:UNVALIDATED","LOW","MODELED"
2026,2,"rz_offense_vs_rz_defense","LV","IND",-0.0076,-0.003,0.1613,0.6129,-0.2258,"off:UNVALIDATED|def:UNVALIDATED","LOW","MODELED"
2026,2,"rz_offense_vs_rz_defense","LV","JAX",-0.0076,-0.0144,0.1613,0.871,0.0323,"off:UNVALIDATED|def:UNVALIDATED","LOW","MODELED"
2026,2,"rz_offense_vs_rz_defense","LV","KC",-0.0076,-0.0091,0.1613,0.7742,-0.0645,"off:UNVALIDATED|def:UNVALIDATED","LOW","MODELED"
2026,2,"rz_offense_vs_rz_defense","LV","LAC",-0.0076,-0.0083,0.1613,0.7419,-0.0968,"off:UNVALIDATED|def:UNVALIDATED","LOW","MODELED"
2026,2,"rz_offense_vs_rz_defense","LV","LAR",-0.0076,-0.0238,0.1613,1,0.1613,"off:UNVALIDATED|def:UNVALIDATED","LOW","MODELED"
2026,2,"rz_offense_vs_rz_defense","LV","MIA",-0.0076,0.0116,0.1613,0.1935,-0.6452,"off:UNVALIDATED|def:UNVALIDATED","LOW","MODELED"
2026,2,"rz_offense_vs_rz_defense","LV","MIN",-0.0076,-0.0236,0.1613,0.9677,0.129,"off:UNVALIDATED|def:UNVALIDATED","LOW","MODELED"
2026,2,"rz_offense_vs_rz_defense","LV","NE",-0.0076,0.0022,0.1613,0.4516,-0.3871,"off:UNVALIDATED|def:UNVALIDATED","LOW","MODELED"
2026,2,"rz_offense_vs_rz_defense","LV","NO",-0.0076,-3e-04,0.1613,0.5161,-0.3226,"off:UNVALIDATED|def:UNVALIDATED","LOW","MODELED"
2026,2,"rz_offense_vs_rz_defense","LV","NYG",-0.0076,0.0185,0.1613,0.0323,-0.8065,"off:UNVALIDATED|def:UNVALIDATED","LOW","MODELED"
2026,2,"rz_offense_vs_rz_defense","LV","NYJ",-0.0076,0.0115,0.1613,0.2258,-0.6129,"off:UNVALIDATED|def:UNVALIDATED","LOW","MODELED"
2026,2,"rz_offense_vs_rz_defense","LV","PHI",-0.0076,-0.0073,0.1613,0.6452,-0.1935,"off:UNVALIDATED|def:UNVALIDATED","LOW","MODELED"
2026,2,"rz_offense_vs_rz_defense","LV","PIT",-0.0076,-0.0074,0.1613,0.6774,-0.1613,"off:UNVALIDATED|def:UNVALIDATED","LOW","MODELED"
2026,2,"rz_offense_vs_rz_defense","LV","SEA",-0.0076,-0.0082,0.1613,0.7097,-0.129,"off:UNVALIDATED|def:UNVALIDATED","LOW","MODELED"
2026,2,"rz_offense_vs_rz_defense","LV","SF",-0.0076,-0.012,0.1613,0.8065,-0.0323,"off:UNVALIDATED|def:UNVALIDATED","LOW","MODELED"
2026,2,"rz_offense_vs_rz_defense","LV","TB",-0.0076,-0.0023,0.1613,0.5806,-0.2581,"off:UNVALIDATED|def:UNVALIDATED","LOW","MODELED"
2026,2,"rz_offense_vs_rz_defense","LV","TEN",-0.0076,0.0086,0.1613,0.2581,-0.5806,"off:UNVALIDATED|def:UNVALIDATED","LOW","MODELED"
2026,2,"rz_offense_vs_rz_defense","LV","WAS",-0.0076,0.015,0.1613,0.0968,-0.7419,"off:UNVALIDATED|def:UNVALIDATED","LOW","MODELED"
2026,2,"rz_offense_vs_rz_defense","MIA","ARI",-0.0105,-0.0124,0.129,0.8387,-0.0323,"off:UNVALIDATED|def:UNVALIDATED","LOW","MODELED"
2026,2,"rz_offense_vs_rz_defense","MIA","ATL",-0.0105,-0.0231,0.129,0.9355,0.0645,"off:UNVALIDATED|def:UNVALIDATED","LOW","MODELED"
2026,2,"rz_offense_vs_rz_defense","MIA","BAL",-0.0105,-0.0018,0.129,0.5484,-0.3226,"off:UNVALIDATED|def:UNVALIDATED","LOW","MODELED"
2026,2,"rz_offense_vs_rz_defense","MIA","BUF",-0.0105,0.0158,0.129,0.0645,-0.8065,"off:UNVALIDATED|def:UNVALIDATED","LOW","MODELED"
2026,2,"rz_offense_vs_rz_defense","MIA","CAR",-0.0105,0.0123,0.129,0.1613,-0.7097,"off:UNVALIDATED|def:UNVALIDATED","LOW","MODELED"
2026,2,"rz_offense_vs_rz_defense","MIA","CHI",-0.0105,0.0014,0.129,0.4839,-0.3871,"off:UNVALIDATED|def:UNVALIDATED","LOW","MODELED"
2026,2,"rz_offense_vs_rz_defense","MIA","CIN",-0.0105,0.0049,0.129,0.3871,-0.4839,"off:UNVALIDATED|def:UNVALIDATED","LOW","MODELED"
2026,2,"rz_offense_vs_rz_defense","MIA","CLE",-0.0105,0.0042,0.129,0.4194,-0.4516,"off:UNVALIDATED|def:UNVALIDATED","LOW","MODELED"
2026,2,"rz_offense_vs_rz_defense","MIA","DAL",-0.0105,0.0147,0.129,0.129,-0.7419,"off:UNVALIDATED|def:UNVALIDATED","LOW","MODELED"
2026,2,"rz_offense_vs_rz_defense","MIA","DEN",-0.0105,-0.0154,0.129,0.9032,0.0323,"off:UNVALIDATED|def:UNVALIDATED","LOW","MODELED"
2026,2,"rz_offense_vs_rz_defense","MIA","DET",-0.0105,0.0248,0.129,0,-0.871,"off:UNVALIDATED|def:UNVALIDATED","LOW","MODELED"
2026,2,"rz_offense_vs_rz_defense","MIA","GB",-0.0105,0.005,0.129,0.3548,-0.5161,"off:UNVALIDATED|def:UNVALIDATED","LOW","MODELED"
2026,2,"rz_offense_vs_rz_defense","MIA","HOU",-0.0105,0.0076,0.129,0.2903,-0.5806,"off:UNVALIDATED|def:UNVALIDATED","LOW","MODELED"
2026,2,"rz_offense_vs_rz_defense","MIA","IND",-0.0105,-0.003,0.129,0.6129,-0.2581,"off:UNVALIDATED|def:UNVALIDATED","LOW","MODELED"
2026,2,"rz_offense_vs_rz_defense","MIA","JAX",-0.0105,-0.0144,0.129,0.871,0,"off:UNVALIDATED|def:UNVALIDATED","LOW","MODELED"
2026,2,"rz_offense_vs_rz_defense","MIA","KC",-0.0105,-0.0091,0.129,0.7742,-0.0968,"off:UNVALIDATED|def:UNVALIDATED","LOW","MODELED"
2026,2,"rz_offense_vs_rz_defense","MIA","LAC",-0.0105,-0.0083,0.129,0.7419,-0.129,"off:UNVALIDATED|def:UNVALIDATED","LOW","MODELED"
2026,2,"rz_offense_vs_rz_defense","MIA","LAR",-0.0105,-0.0238,0.129,1,0.129,"off:UNVALIDATED|def:UNVALIDATED","LOW","MODELED"
2026,2,"rz_offense_vs_rz_defense","MIA","LV",-0.0105,0.0063,0.129,0.3226,-0.5484,"off:UNVALIDATED|def:UNVALIDATED","LOW","MODELED"
2026,2,"rz_offense_vs_rz_defense","MIA","MIN",-0.0105,-0.0236,0.129,0.9677,0.0968,"off:UNVALIDATED|def:UNVALIDATED","LOW","MODELED"
2026,2,"rz_offense_vs_rz_defense","MIA","NE",-0.0105,0.0022,0.129,0.4516,-0.4194,"off:UNVALIDATED|def:UNVALIDATED","LOW","MODELED"
2026,2,"rz_offense_vs_rz_defense","MIA","NO",-0.0105,-3e-04,0.129,0.5161,-0.3548,"off:UNVALIDATED|def:UNVALIDATED","LOW","MODELED"
2026,2,"rz_offense_vs_rz_defense","MIA","NYG",-0.0105,0.0185,0.129,0.0323,-0.8387,"off:UNVALIDATED|def:UNVALIDATED","LOW","MODELED"
2026,2,"rz_offense_vs_rz_defense","MIA","NYJ",-0.0105,0.0115,0.129,0.2258,-0.6452,"off:UNVALIDATED|def:UNVALIDATED","LOW","MODELED"
2026,2,"rz_offense_vs_rz_defense","MIA","PHI",-0.0105,-0.0073,0.129,0.6452,-0.2258,"off:UNVALIDATED|def:UNVALIDATED","LOW","MODELED"
2026,2,"rz_offense_vs_rz_defense","MIA","PIT",-0.0105,-0.0074,0.129,0.6774,-0.1935,"off:UNVALIDATED|def:UNVALIDATED","LOW","MODELED"
2026,2,"rz_offense_vs_rz_defense","MIA","SEA",-0.0105,-0.0082,0.129,0.7097,-0.1613,"off:UNVALIDATED|def:UNVALIDATED","LOW","MODELED"
2026,2,"rz_offense_vs_rz_defense","MIA","SF",-0.0105,-0.012,0.129,0.8065,-0.0645,"off:UNVALIDATED|def:UNVALIDATED","LOW","MODELED"
2026,2,"rz_offense_vs_rz_defense","MIA","TB",-0.0105,-0.0023,0.129,0.5806,-0.2903,"off:UNVALIDATED|def:UNVALIDATED","LOW","MODELED"
2026,2,"rz_offense_vs_rz_defense","MIA","TEN",-0.0105,0.0086,0.129,0.2581,-0.6129,"off:UNVALIDATED|def:UNVALIDATED","LOW","MODELED"
2026,2,"rz_offense_vs_rz_defense","MIA","WAS",-0.0105,0.015,0.129,0.0968,-0.7742,"off:UNVALIDATED|def:UNVALIDATED","LOW","MODELED"
2026,2,"rz_offense_vs_rz_defense","MIN","ARI",0.0024,-0.0124,0.5806,0.8387,0.4194,"off:UNVALIDATED|def:UNVALIDATED","LOW","MODELED"
2026,2,"rz_offense_vs_rz_defense","MIN","ATL",0.0024,-0.0231,0.5806,0.9355,0.5161,"off:UNVALIDATED|def:UNVALIDATED","LOW","MODELED"
2026,2,"rz_offense_vs_rz_defense","MIN","BAL",0.0024,-0.0018,0.5806,0.5484,0.129,"off:UNVALIDATED|def:UNVALIDATED","LOW","MODELED"
2026,2,"rz_offense_vs_rz_defense","MIN","BUF",0.0024,0.0158,0.5806,0.0645,-0.3548,"off:UNVALIDATED|def:UNVALIDATED","LOW","MODELED"
2026,2,"rz_offense_vs_rz_defense","MIN","CAR",0.0024,0.0123,0.5806,0.1613,-0.2581,"off:UNVALIDATED|def:UNVALIDATED","LOW","MODELED"
2026,2,"rz_offense_vs_rz_defense","MIN","CHI",0.0024,0.0014,0.5806,0.4839,0.0645,"off:UNVALIDATED|def:UNVALIDATED","LOW","MODELED"
2026,2,"rz_offense_vs_rz_defense","MIN","CIN",0.0024,0.0049,0.5806,0.3871,-0.0323,"off:UNVALIDATED|def:UNVALIDATED","LOW","MODELED"
2026,2,"rz_offense_vs_rz_defense","MIN","CLE",0.0024,0.0042,0.5806,0.4194,0,"off:UNVALIDATED|def:UNVALIDATED","LOW","MODELED"
2026,2,"rz_offense_vs_rz_defense","MIN","DAL",0.0024,0.0147,0.5806,0.129,-0.2903,"off:UNVALIDATED|def:UNVALIDATED","LOW","MODELED"
2026,2,"rz_offense_vs_rz_defense","MIN","DEN",0.0024,-0.0154,0.5806,0.9032,0.4839,"off:UNVALIDATED|def:UNVALIDATED","LOW","MODELED"
2026,2,"rz_offense_vs_rz_defense","MIN","DET",0.0024,0.0248,0.5806,0,-0.4194,"off:UNVALIDATED|def:UNVALIDATED","LOW","MODELED"
2026,2,"rz_offense_vs_rz_defense","MIN","GB",0.0024,0.005,0.5806,0.3548,-0.0645,"off:UNVALIDATED|def:UNVALIDATED","LOW","MODELED"
2026,2,"rz_offense_vs_rz_defense","MIN","HOU",0.0024,0.0076,0.5806,0.2903,-0.129,"off:UNVALIDATED|def:UNVALIDATED","LOW","MODELED"
2026,2,"rz_offense_vs_rz_defense","MIN","IND",0.0024,-0.003,0.5806,0.6129,0.1935,"off:UNVALIDATED|def:UNVALIDATED","LOW","MODELED"
2026,2,"rz_offense_vs_rz_defense","MIN","JAX",0.0024,-0.0144,0.5806,0.871,0.4516,"off:UNVALIDATED|def:UNVALIDATED","LOW","MODELED"
2026,2,"rz_offense_vs_rz_defense","MIN","KC",0.0024,-0.0091,0.5806,0.7742,0.3548,"off:UNVALIDATED|def:UNVALIDATED","LOW","MODELED"
2026,2,"rz_offense_vs_rz_defense","MIN","LAC",0.0024,-0.0083,0.5806,0.7419,0.3226,"off:UNVALIDATED|def:UNVALIDATED","LOW","MODELED"
2026,2,"rz_offense_vs_rz_defense","MIN","LAR",0.0024,-0.0238,0.5806,1,0.5806,"off:UNVALIDATED|def:UNVALIDATED","LOW","MODELED"
2026,2,"rz_offense_vs_rz_defense","MIN","LV",0.0024,0.0063,0.5806,0.3226,-0.0968,"off:UNVALIDATED|def:UNVALIDATED","LOW","MODELED"
2026,2,"rz_offense_vs_rz_defense","MIN","MIA",0.0024,0.0116,0.5806,0.1935,-0.2258,"off:UNVALIDATED|def:UNVALIDATED","LOW","MODELED"
2026,2,"rz_offense_vs_rz_defense","MIN","NE",0.0024,0.0022,0.5806,0.4516,0.0323,"off:UNVALIDATED|def:UNVALIDATED","LOW","MODELED"
2026,2,"rz_offense_vs_rz_defense","MIN","NO",0.0024,-3e-04,0.5806,0.5161,0.0968,"off:UNVALIDATED|def:UNVALIDATED","LOW","MODELED"
2026,2,"rz_offense_vs_rz_defense","MIN","NYG",0.0024,0.0185,0.5806,0.0323,-0.3871,"off:UNVALIDATED|def:UNVALIDATED","LOW","MODELED"
2026,2,"rz_offense_vs_rz_defense","MIN","NYJ",0.0024,0.0115,0.5806,0.2258,-0.1935,"off:UNVALIDATED|def:UNVALIDATED","LOW","MODELED"
2026,2,"rz_offense_vs_rz_defense","MIN","PHI",0.0024,-0.0073,0.5806,0.6452,0.2258,"off:UNVALIDATED|def:UNVALIDATED","LOW","MODELED"
2026,2,"rz_offense_vs_rz_defense","MIN","PIT",0.0024,-0.0074,0.5806,0.6774,0.2581,"off:UNVALIDATED|def:UNVALIDATED","LOW","MODELED"
2026,2,"rz_offense_vs_rz_defense","MIN","SEA",0.0024,-0.0082,0.5806,0.7097,0.2903,"off:UNVALIDATED|def:UNVALIDATED","LOW","MODELED"
2026,2,"rz_offense_vs_rz_defense","MIN","SF",0.0024,-0.012,0.5806,0.8065,0.3871,"off:UNVALIDATED|def:UNVALIDATED","LOW","MODELED"
2026,2,"rz_offense_vs_rz_defense","MIN","TB",0.0024,-0.0023,0.5806,0.5806,0.1613,"off:UNVALIDATED|def:UNVALIDATED","LOW","MODELED"
2026,2,"rz_offense_vs_rz_defense","MIN","TEN",0.0024,0.0086,0.5806,0.2581,-0.1613,"off:UNVALIDATED|def:UNVALIDATED","LOW","MODELED"
2026,2,"rz_offense_vs_rz_defense","MIN","WAS",0.0024,0.015,0.5806,0.0968,-0.3226,"off:UNVALIDATED|def:UNVALIDATED","LOW","MODELED"
2026,2,"rz_offense_vs_rz_defense","NE","ARI",-0.0047,-0.0124,0.2258,0.8387,0.0645,"off:UNVALIDATED|def:UNVALIDATED","LOW","MODELED"
2026,2,"rz_offense_vs_rz_defense","NE","ATL",-0.0047,-0.0231,0.2258,0.9355,0.1613,"off:UNVALIDATED|def:UNVALIDATED","LOW","MODELED"
2026,2,"rz_offense_vs_rz_defense","NE","BAL",-0.0047,-0.0018,0.2258,0.5484,-0.2258,"off:UNVALIDATED|def:UNVALIDATED","LOW","MODELED"
2026,2,"rz_offense_vs_rz_defense","NE","BUF",-0.0047,0.0158,0.2258,0.0645,-0.7097,"off:UNVALIDATED|def:UNVALIDATED","LOW","MODELED"
2026,2,"rz_offense_vs_rz_defense","NE","CAR",-0.0047,0.0123,0.2258,0.1613,-0.6129,"off:UNVALIDATED|def:UNVALIDATED","LOW","MODELED"
2026,2,"rz_offense_vs_rz_defense","NE","CHI",-0.0047,0.0014,0.2258,0.4839,-0.2903,"off:UNVALIDATED|def:UNVALIDATED","LOW","MODELED"
2026,2,"rz_offense_vs_rz_defense","NE","CIN",-0.0047,0.0049,0.2258,0.3871,-0.3871,"off:UNVALIDATED|def:UNVALIDATED","LOW","MODELED"
2026,2,"rz_offense_vs_rz_defense","NE","CLE",-0.0047,0.0042,0.2258,0.4194,-0.3548,"off:UNVALIDATED|def:UNVALIDATED","LOW","MODELED"
2026,2,"rz_offense_vs_rz_defense","NE","DAL",-0.0047,0.0147,0.2258,0.129,-0.6452,"off:UNVALIDATED|def:UNVALIDATED","LOW","MODELED"
2026,2,"rz_offense_vs_rz_defense","NE","DEN",-0.0047,-0.0154,0.2258,0.9032,0.129,"off:UNVALIDATED|def:UNVALIDATED","LOW","MODELED"
2026,2,"rz_offense_vs_rz_defense","NE","DET",-0.0047,0.0248,0.2258,0,-0.7742,"off:UNVALIDATED|def:UNVALIDATED","LOW","MODELED"
2026,2,"rz_offense_vs_rz_defense","NE","GB",-0.0047,0.005,0.2258,0.3548,-0.4194,"off:UNVALIDATED|def:UNVALIDATED","LOW","MODELED"
2026,2,"rz_offense_vs_rz_defense","NE","HOU",-0.0047,0.0076,0.2258,0.2903,-0.4839,"off:UNVALIDATED|def:UNVALIDATED","LOW","MODELED"
2026,2,"rz_offense_vs_rz_defense","NE","IND",-0.0047,-0.003,0.2258,0.6129,-0.1613,"off:UNVALIDATED|def:UNVALIDATED","LOW","MODELED"
2026,2,"rz_offense_vs_rz_defense","NE","JAX",-0.0047,-0.0144,0.2258,0.871,0.0968,"off:UNVALIDATED|def:UNVALIDATED","LOW","MODELED"
2026,2,"rz_offense_vs_rz_defense","NE","KC",-0.0047,-0.0091,0.2258,0.7742,0,"off:UNVALIDATED|def:UNVALIDATED","LOW","MODELED"
2026,2,"rz_offense_vs_rz_defense","NE","LAC",-0.0047,-0.0083,0.2258,0.7419,-0.0323,"off:UNVALIDATED|def:UNVALIDATED","LOW","MODELED"
2026,2,"rz_offense_vs_rz_defense","NE","LAR",-0.0047,-0.0238,0.2258,1,0.2258,"off:UNVALIDATED|def:UNVALIDATED","LOW","MODELED"
2026,2,"rz_offense_vs_rz_defense","NE","LV",-0.0047,0.0063,0.2258,0.3226,-0.4516,"off:UNVALIDATED|def:UNVALIDATED","LOW","MODELED"
2026,2,"rz_offense_vs_rz_defense","NE","MIA",-0.0047,0.0116,0.2258,0.1935,-0.5806,"off:UNVALIDATED|def:UNVALIDATED","LOW","MODELED"
2026,2,"rz_offense_vs_rz_defense","NE","MIN",-0.0047,-0.0236,0.2258,0.9677,0.1935,"off:UNVALIDATED|def:UNVALIDATED","LOW","MODELED"
2026,2,"rz_offense_vs_rz_defense","NE","NO",-0.0047,-3e-04,0.2258,0.5161,-0.2581,"off:UNVALIDATED|def:UNVALIDATED","LOW","MODELED"
2026,2,"rz_offense_vs_rz_defense","NE","NYG",-0.0047,0.0185,0.2258,0.0323,-0.7419,"off:UNVALIDATED|def:UNVALIDATED","LOW","MODELED"
2026,2,"rz_offense_vs_rz_defense","NE","NYJ",-0.0047,0.0115,0.2258,0.2258,-0.5484,"off:UNVALIDATED|def:UNVALIDATED","LOW","MODELED"
2026,2,"rz_offense_vs_rz_defense","NE","PHI",-0.0047,-0.0073,0.2258,0.6452,-0.129,"off:UNVALIDATED|def:UNVALIDATED","LOW","MODELED"
2026,2,"rz_offense_vs_rz_defense","NE","PIT",-0.0047,-0.0074,0.2258,0.6774,-0.0968,"off:UNVALIDATED|def:UNVALIDATED","LOW","MODELED"
2026,2,"rz_offense_vs_rz_defense","NE","SEA",-0.0047,-0.0082,0.2258,0.7097,-0.0645,"off:UNVALIDATED|def:UNVALIDATED","LOW","MODELED"
2026,2,"rz_offense_vs_rz_defense","NE","SF",-0.0047,-0.012,0.2258,0.8065,0.0323,"off:UNVALIDATED|def:UNVALIDATED","LOW","MODELED"
2026,2,"rz_offense_vs_rz_defense","NE","TB",-0.0047,-0.0023,0.2258,0.5806,-0.1935,"off:UNVALIDATED|def:UNVALIDATED","LOW","MODELED"
2026,2,"rz_offense_vs_rz_defense","NE","TEN",-0.0047,0.0086,0.2258,0.2581,-0.5161,"off:UNVALIDATED|def:UNVALIDATED","LOW","MODELED"
2026,2,"rz_offense_vs_rz_defense","NE","WAS",-0.0047,0.015,0.2258,0.0968,-0.6774,"off:UNVALIDATED|def:UNVALIDATED","LOW","MODELED"
2026,2,"rz_offense_vs_rz_defense","NO","ARI",-0.0222,-0.0124,0,0.8387,-0.1613,"off:UNVALIDATED|def:UNVALIDATED","LOW","MODELED"
2026,2,"rz_offense_vs_rz_defense","NO","ATL",-0.0222,-0.0231,0,0.9355,-0.0645,"off:UNVALIDATED|def:UNVALIDATED","LOW","MODELED"
2026,2,"rz_offense_vs_rz_defense","NO","BAL",-0.0222,-0.0018,0,0.5484,-0.4516,"off:UNVALIDATED|def:UNVALIDATED","LOW","MODELED"
2026,2,"rz_offense_vs_rz_defense","NO","BUF",-0.0222,0.0158,0,0.0645,-0.9355,"off:UNVALIDATED|def:UNVALIDATED","LOW","MODELED"
2026,2,"rz_offense_vs_rz_defense","NO","CAR",-0.0222,0.0123,0,0.1613,-0.8387,"off:UNVALIDATED|def:UNVALIDATED","LOW","MODELED"
2026,2,"rz_offense_vs_rz_defense","NO","CHI",-0.0222,0.0014,0,0.4839,-0.5161,"off:UNVALIDATED|def:UNVALIDATED","LOW","MODELED"
2026,2,"rz_offense_vs_rz_defense","NO","CIN",-0.0222,0.0049,0,0.3871,-0.6129,"off:UNVALIDATED|def:UNVALIDATED","LOW","MODELED"
2026,2,"rz_offense_vs_rz_defense","NO","CLE",-0.0222,0.0042,0,0.4194,-0.5806,"off:UNVALIDATED|def:UNVALIDATED","LOW","MODELED"
2026,2,"rz_offense_vs_rz_defense","NO","DAL",-0.0222,0.0147,0,0.129,-0.871,"off:UNVALIDATED|def:UNVALIDATED","LOW","MODELED"
2026,2,"rz_offense_vs_rz_defense","NO","DEN",-0.0222,-0.0154,0,0.9032,-0.0968,"off:UNVALIDATED|def:UNVALIDATED","LOW","MODELED"
2026,2,"rz_offense_vs_rz_defense","NO","DET",-0.0222,0.0248,0,0,-1,"off:UNVALIDATED|def:UNVALIDATED","LOW","MODELED"
2026,2,"rz_offense_vs_rz_defense","NO","GB",-0.0222,0.005,0,0.3548,-0.6452,"off:UNVALIDATED|def:UNVALIDATED","LOW","MODELED"
2026,2,"rz_offense_vs_rz_defense","NO","HOU",-0.0222,0.0076,0,0.2903,-0.7097,"off:UNVALIDATED|def:UNVALIDATED","LOW","MODELED"
2026,2,"rz_offense_vs_rz_defense","NO","IND",-0.0222,-0.003,0,0.6129,-0.3871,"off:UNVALIDATED|def:UNVALIDATED","LOW","MODELED"
2026,2,"rz_offense_vs_rz_defense","NO","JAX",-0.0222,-0.0144,0,0.871,-0.129,"off:UNVALIDATED|def:UNVALIDATED","LOW","MODELED"
2026,2,"rz_offense_vs_rz_defense","NO","KC",-0.0222,-0.0091,0,0.7742,-0.2258,"off:UNVALIDATED|def:UNVALIDATED","LOW","MODELED"
2026,2,"rz_offense_vs_rz_defense","NO","LAC",-0.0222,-0.0083,0,0.7419,-0.2581,"off:UNVALIDATED|def:UNVALIDATED","LOW","MODELED"
2026,2,"rz_offense_vs_rz_defense","NO","LAR",-0.0222,-0.0238,0,1,0,"off:UNVALIDATED|def:UNVALIDATED","LOW","MODELED"
2026,2,"rz_offense_vs_rz_defense","NO","LV",-0.0222,0.0063,0,0.3226,-0.6774,"off:UNVALIDATED|def:UNVALIDATED","LOW","MODELED"
2026,2,"rz_offense_vs_rz_defense","NO","MIA",-0.0222,0.0116,0,0.1935,-0.8065,"off:UNVALIDATED|def:UNVALIDATED","LOW","MODELED"
2026,2,"rz_offense_vs_rz_defense","NO","MIN",-0.0222,-0.0236,0,0.9677,-0.0323,"off:UNVALIDATED|def:UNVALIDATED","LOW","MODELED"
2026,2,"rz_offense_vs_rz_defense","NO","NE",-0.0222,0.0022,0,0.4516,-0.5484,"off:UNVALIDATED|def:UNVALIDATED","LOW","MODELED"
2026,2,"rz_offense_vs_rz_defense","NO","NYG",-0.0222,0.0185,0,0.0323,-0.9677,"off:UNVALIDATED|def:UNVALIDATED","LOW","MODELED"
2026,2,"rz_offense_vs_rz_defense","NO","NYJ",-0.0222,0.0115,0,0.2258,-0.7742,"off:UNVALIDATED|def:UNVALIDATED","LOW","MODELED"
2026,2,"rz_offense_vs_rz_defense","NO","PHI",-0.0222,-0.0073,0,0.6452,-0.3548,"off:UNVALIDATED|def:UNVALIDATED","LOW","MODELED"
2026,2,"rz_offense_vs_rz_defense","NO","PIT",-0.0222,-0.0074,0,0.6774,-0.3226,"off:UNVALIDATED|def:UNVALIDATED","LOW","MODELED"
2026,2,"rz_offense_vs_rz_defense","NO","SEA",-0.0222,-0.0082,0,0.7097,-0.2903,"off:UNVALIDATED|def:UNVALIDATED","LOW","MODELED"
2026,2,"rz_offense_vs_rz_defense","NO","SF",-0.0222,-0.012,0,0.8065,-0.1935,"off:UNVALIDATED|def:UNVALIDATED","LOW","MODELED"
2026,2,"rz_offense_vs_rz_defense","NO","TB",-0.0222,-0.0023,0,0.5806,-0.4194,"off:UNVALIDATED|def:UNVALIDATED","LOW","MODELED"
2026,2,"rz_offense_vs_rz_defense","NO","TEN",-0.0222,0.0086,0,0.2581,-0.7419,"off:UNVALIDATED|def:UNVALIDATED","LOW","MODELED"
2026,2,"rz_offense_vs_rz_defense","NO","WAS",-0.0222,0.015,0,0.0968,-0.9032,"off:UNVALIDATED|def:UNVALIDATED","LOW","MODELED"
2026,2,"rz_offense_vs_rz_defense","NYG","ARI",-0.0014,-0.0124,0.3548,0.8387,0.1935,"off:UNVALIDATED|def:UNVALIDATED","LOW","MODELED"
2026,2,"rz_offense_vs_rz_defense","NYG","ATL",-0.0014,-0.0231,0.3548,0.9355,0.2903,"off:UNVALIDATED|def:UNVALIDATED","LOW","MODELED"
2026,2,"rz_offense_vs_rz_defense","NYG","BAL",-0.0014,-0.0018,0.3548,0.5484,-0.0968,"off:UNVALIDATED|def:UNVALIDATED","LOW","MODELED"
2026,2,"rz_offense_vs_rz_defense","NYG","BUF",-0.0014,0.0158,0.3548,0.0645,-0.5806,"off:UNVALIDATED|def:UNVALIDATED","LOW","MODELED"
2026,2,"rz_offense_vs_rz_defense","NYG","CAR",-0.0014,0.0123,0.3548,0.1613,-0.4839,"off:UNVALIDATED|def:UNVALIDATED","LOW","MODELED"
2026,2,"rz_offense_vs_rz_defense","NYG","CHI",-0.0014,0.0014,0.3548,0.4839,-0.1613,"off:UNVALIDATED|def:UNVALIDATED","LOW","MODELED"
2026,2,"rz_offense_vs_rz_defense","NYG","CIN",-0.0014,0.0049,0.3548,0.3871,-0.2581,"off:UNVALIDATED|def:UNVALIDATED","LOW","MODELED"
2026,2,"rz_offense_vs_rz_defense","NYG","CLE",-0.0014,0.0042,0.3548,0.4194,-0.2258,"off:UNVALIDATED|def:UNVALIDATED","LOW","MODELED"
2026,2,"rz_offense_vs_rz_defense","NYG","DAL",-0.0014,0.0147,0.3548,0.129,-0.5161,"off:UNVALIDATED|def:UNVALIDATED","LOW","MODELED"
2026,2,"rz_offense_vs_rz_defense","NYG","DEN",-0.0014,-0.0154,0.3548,0.9032,0.2581,"off:UNVALIDATED|def:UNVALIDATED","LOW","MODELED"
2026,2,"rz_offense_vs_rz_defense","NYG","DET",-0.0014,0.0248,0.3548,0,-0.6452,"off:UNVALIDATED|def:UNVALIDATED","LOW","MODELED"
2026,2,"rz_offense_vs_rz_defense","NYG","GB",-0.0014,0.005,0.3548,0.3548,-0.2903,"off:UNVALIDATED|def:UNVALIDATED","LOW","MODELED"
2026,2,"rz_offense_vs_rz_defense","NYG","HOU",-0.0014,0.0076,0.3548,0.2903,-0.3548,"off:UNVALIDATED|def:UNVALIDATED","LOW","MODELED"
2026,2,"rz_offense_vs_rz_defense","NYG","IND",-0.0014,-0.003,0.3548,0.6129,-0.0323,"off:UNVALIDATED|def:UNVALIDATED","LOW","MODELED"
2026,2,"rz_offense_vs_rz_defense","NYG","JAX",-0.0014,-0.0144,0.3548,0.871,0.2258,"off:UNVALIDATED|def:UNVALIDATED","LOW","MODELED"
2026,2,"rz_offense_vs_rz_defense","NYG","KC",-0.0014,-0.0091,0.3548,0.7742,0.129,"off:UNVALIDATED|def:UNVALIDATED","LOW","MODELED"
2026,2,"rz_offense_vs_rz_defense","NYG","LAC",-0.0014,-0.0083,0.3548,0.7419,0.0968,"off:UNVALIDATED|def:UNVALIDATED","LOW","MODELED"
2026,2,"rz_offense_vs_rz_defense","NYG","LAR",-0.0014,-0.0238,0.3548,1,0.3548,"off:UNVALIDATED|def:UNVALIDATED","LOW","MODELED"
2026,2,"rz_offense_vs_rz_defense","NYG","LV",-0.0014,0.0063,0.3548,0.3226,-0.3226,"off:UNVALIDATED|def:UNVALIDATED","LOW","MODELED"
2026,2,"rz_offense_vs_rz_defense","NYG","MIA",-0.0014,0.0116,0.3548,0.1935,-0.4516,"off:UNVALIDATED|def:UNVALIDATED","LOW","MODELED"
2026,2,"rz_offense_vs_rz_defense","NYG","MIN",-0.0014,-0.0236,0.3548,0.9677,0.3226,"off:UNVALIDATED|def:UNVALIDATED","LOW","MODELED"
2026,2,"rz_offense_vs_rz_defense","NYG","NE",-0.0014,0.0022,0.3548,0.4516,-0.1935,"off:UNVALIDATED|def:UNVALIDATED","LOW","MODELED"
2026,2,"rz_offense_vs_rz_defense","NYG","NO",-0.0014,-3e-04,0.3548,0.5161,-0.129,"off:UNVALIDATED|def:UNVALIDATED","LOW","MODELED"
2026,2,"rz_offense_vs_rz_defense","NYG","NYJ",-0.0014,0.0115,0.3548,0.2258,-0.4194,"off:UNVALIDATED|def:UNVALIDATED","LOW","MODELED"
2026,2,"rz_offense_vs_rz_defense","NYG","PHI",-0.0014,-0.0073,0.3548,0.6452,0,"off:UNVALIDATED|def:UNVALIDATED","LOW","MODELED"
2026,2,"rz_offense_vs_rz_defense","NYG","PIT",-0.0014,-0.0074,0.3548,0.6774,0.0323,"off:UNVALIDATED|def:UNVALIDATED","LOW","MODELED"
2026,2,"rz_offense_vs_rz_defense","NYG","SEA",-0.0014,-0.0082,0.3548,0.7097,0.0645,"off:UNVALIDATED|def:UNVALIDATED","LOW","MODELED"
2026,2,"rz_offense_vs_rz_defense","NYG","SF",-0.0014,-0.012,0.3548,0.8065,0.1613,"off:UNVALIDATED|def:UNVALIDATED","LOW","MODELED"
2026,2,"rz_offense_vs_rz_defense","NYG","TB",-0.0014,-0.0023,0.3548,0.5806,-0.0645,"off:UNVALIDATED|def:UNVALIDATED","LOW","MODELED"
2026,2,"rz_offense_vs_rz_defense","NYG","TEN",-0.0014,0.0086,0.3548,0.2581,-0.3871,"off:UNVALIDATED|def:UNVALIDATED","LOW","MODELED"
2026,2,"rz_offense_vs_rz_defense","NYG","WAS",-0.0014,0.015,0.3548,0.0968,-0.5484,"off:UNVALIDATED|def:UNVALIDATED","LOW","MODELED"
2026,2,"rz_offense_vs_rz_defense","NYJ","ARI",-0.0123,-0.0124,0.0968,0.8387,-0.0645,"off:UNVALIDATED|def:UNVALIDATED","LOW","MODELED"
2026,2,"rz_offense_vs_rz_defense","NYJ","ATL",-0.0123,-0.0231,0.0968,0.9355,0.0323,"off:UNVALIDATED|def:UNVALIDATED","LOW","MODELED"
2026,2,"rz_offense_vs_rz_defense","NYJ","BAL",-0.0123,-0.0018,0.0968,0.5484,-0.3548,"off:UNVALIDATED|def:UNVALIDATED","LOW","MODELED"
2026,2,"rz_offense_vs_rz_defense","NYJ","BUF",-0.0123,0.0158,0.0968,0.0645,-0.8387,"off:UNVALIDATED|def:UNVALIDATED","LOW","MODELED"
2026,2,"rz_offense_vs_rz_defense","NYJ","CAR",-0.0123,0.0123,0.0968,0.1613,-0.7419,"off:UNVALIDATED|def:UNVALIDATED","LOW","MODELED"
2026,2,"rz_offense_vs_rz_defense","NYJ","CHI",-0.0123,0.0014,0.0968,0.4839,-0.4194,"off:UNVALIDATED|def:UNVALIDATED","LOW","MODELED"
2026,2,"rz_offense_vs_rz_defense","NYJ","CIN",-0.0123,0.0049,0.0968,0.3871,-0.5161,"off:UNVALIDATED|def:UNVALIDATED","LOW","MODELED"
2026,2,"rz_offense_vs_rz_defense","NYJ","CLE",-0.0123,0.0042,0.0968,0.4194,-0.4839,"off:UNVALIDATED|def:UNVALIDATED","LOW","MODELED"
2026,2,"rz_offense_vs_rz_defense","NYJ","DAL",-0.0123,0.0147,0.0968,0.129,-0.7742,"off:UNVALIDATED|def:UNVALIDATED","LOW","MODELED"
2026,2,"rz_offense_vs_rz_defense","NYJ","DEN",-0.0123,-0.0154,0.0968,0.9032,0,"off:UNVALIDATED|def:UNVALIDATED","LOW","MODELED"
2026,2,"rz_offense_vs_rz_defense","NYJ","DET",-0.0123,0.0248,0.0968,0,-0.9032,"off:UNVALIDATED|def:UNVALIDATED","LOW","MODELED"
2026,2,"rz_offense_vs_rz_defense","NYJ","GB",-0.0123,0.005,0.0968,0.3548,-0.5484,"off:UNVALIDATED|def:UNVALIDATED","LOW","MODELED"
2026,2,"rz_offense_vs_rz_defense","NYJ","HOU",-0.0123,0.0076,0.0968,0.2903,-0.6129,"off:UNVALIDATED|def:UNVALIDATED","LOW","MODELED"
2026,2,"rz_offense_vs_rz_defense","NYJ","IND",-0.0123,-0.003,0.0968,0.6129,-0.2903,"off:UNVALIDATED|def:UNVALIDATED","LOW","MODELED"
2026,2,"rz_offense_vs_rz_defense","NYJ","JAX",-0.0123,-0.0144,0.0968,0.871,-0.0323,"off:UNVALIDATED|def:UNVALIDATED","LOW","MODELED"
2026,2,"rz_offense_vs_rz_defense","NYJ","KC",-0.0123,-0.0091,0.0968,0.7742,-0.129,"off:UNVALIDATED|def:UNVALIDATED","LOW","MODELED"
2026,2,"rz_offense_vs_rz_defense","NYJ","LAC",-0.0123,-0.0083,0.0968,0.7419,-0.1613,"off:UNVALIDATED|def:UNVALIDATED","LOW","MODELED"
2026,2,"rz_offense_vs_rz_defense","NYJ","LAR",-0.0123,-0.0238,0.0968,1,0.0968,"off:UNVALIDATED|def:UNVALIDATED","LOW","MODELED"
2026,2,"rz_offense_vs_rz_defense","NYJ","LV",-0.0123,0.0063,0.0968,0.3226,-0.5806,"off:UNVALIDATED|def:UNVALIDATED","LOW","MODELED"
2026,2,"rz_offense_vs_rz_defense","NYJ","MIA",-0.0123,0.0116,0.0968,0.1935,-0.7097,"off:UNVALIDATED|def:UNVALIDATED","LOW","MODELED"
2026,2,"rz_offense_vs_rz_defense","NYJ","MIN",-0.0123,-0.0236,0.0968,0.9677,0.0645,"off:UNVALIDATED|def:UNVALIDATED","LOW","MODELED"
2026,2,"rz_offense_vs_rz_defense","NYJ","NE",-0.0123,0.0022,0.0968,0.4516,-0.4516,"off:UNVALIDATED|def:UNVALIDATED","LOW","MODELED"
2026,2,"rz_offense_vs_rz_defense","NYJ","NO",-0.0123,-3e-04,0.0968,0.5161,-0.3871,"off:UNVALIDATED|def:UNVALIDATED","LOW","MODELED"
2026,2,"rz_offense_vs_rz_defense","NYJ","NYG",-0.0123,0.0185,0.0968,0.0323,-0.871,"off:UNVALIDATED|def:UNVALIDATED","LOW","MODELED"
2026,2,"rz_offense_vs_rz_defense","NYJ","PHI",-0.0123,-0.0073,0.0968,0.6452,-0.2581,"off:UNVALIDATED|def:UNVALIDATED","LOW","MODELED"
2026,2,"rz_offense_vs_rz_defense","NYJ","PIT",-0.0123,-0.0074,0.0968,0.6774,-0.2258,"off:UNVALIDATED|def:UNVALIDATED","LOW","MODELED"
2026,2,"rz_offense_vs_rz_defense","NYJ","SEA",-0.0123,-0.0082,0.0968,0.7097,-0.1935,"off:UNVALIDATED|def:UNVALIDATED","LOW","MODELED"
2026,2,"rz_offense_vs_rz_defense","NYJ","SF",-0.0123,-0.012,0.0968,0.8065,-0.0968,"off:UNVALIDATED|def:UNVALIDATED","LOW","MODELED"
2026,2,"rz_offense_vs_rz_defense","NYJ","TB",-0.0123,-0.0023,0.0968,0.5806,-0.3226,"off:UNVALIDATED|def:UNVALIDATED","LOW","MODELED"
2026,2,"rz_offense_vs_rz_defense","NYJ","TEN",-0.0123,0.0086,0.0968,0.2581,-0.6452,"off:UNVALIDATED|def:UNVALIDATED","LOW","MODELED"
2026,2,"rz_offense_vs_rz_defense","NYJ","WAS",-0.0123,0.015,0.0968,0.0968,-0.8065,"off:UNVALIDATED|def:UNVALIDATED","LOW","MODELED"
2026,2,"rz_offense_vs_rz_defense","PHI","ARI",-0.0028,-0.0124,0.2903,0.8387,0.129,"off:UNVALIDATED|def:UNVALIDATED","LOW","MODELED"
2026,2,"rz_offense_vs_rz_defense","PHI","ATL",-0.0028,-0.0231,0.2903,0.9355,0.2258,"off:UNVALIDATED|def:UNVALIDATED","LOW","MODELED"
2026,2,"rz_offense_vs_rz_defense","PHI","BAL",-0.0028,-0.0018,0.2903,0.5484,-0.1613,"off:UNVALIDATED|def:UNVALIDATED","LOW","MODELED"
2026,2,"rz_offense_vs_rz_defense","PHI","BUF",-0.0028,0.0158,0.2903,0.0645,-0.6452,"off:UNVALIDATED|def:UNVALIDATED","LOW","MODELED"
2026,2,"rz_offense_vs_rz_defense","PHI","CAR",-0.0028,0.0123,0.2903,0.1613,-0.5484,"off:UNVALIDATED|def:UNVALIDATED","LOW","MODELED"
2026,2,"rz_offense_vs_rz_defense","PHI","CHI",-0.0028,0.0014,0.2903,0.4839,-0.2258,"off:UNVALIDATED|def:UNVALIDATED","LOW","MODELED"
2026,2,"rz_offense_vs_rz_defense","PHI","CIN",-0.0028,0.0049,0.2903,0.3871,-0.3226,"off:UNVALIDATED|def:UNVALIDATED","LOW","MODELED"
2026,2,"rz_offense_vs_rz_defense","PHI","CLE",-0.0028,0.0042,0.2903,0.4194,-0.2903,"off:UNVALIDATED|def:UNVALIDATED","LOW","MODELED"
2026,2,"rz_offense_vs_rz_defense","PHI","DAL",-0.0028,0.0147,0.2903,0.129,-0.5806,"off:UNVALIDATED|def:UNVALIDATED","LOW","MODELED"
2026,2,"rz_offense_vs_rz_defense","PHI","DEN",-0.0028,-0.0154,0.2903,0.9032,0.1935,"off:UNVALIDATED|def:UNVALIDATED","LOW","MODELED"
2026,2,"rz_offense_vs_rz_defense","PHI","DET",-0.0028,0.0248,0.2903,0,-0.7097,"off:UNVALIDATED|def:UNVALIDATED","LOW","MODELED"
2026,2,"rz_offense_vs_rz_defense","PHI","GB",-0.0028,0.005,0.2903,0.3548,-0.3548,"off:UNVALIDATED|def:UNVALIDATED","LOW","MODELED"
2026,2,"rz_offense_vs_rz_defense","PHI","HOU",-0.0028,0.0076,0.2903,0.2903,-0.4194,"off:UNVALIDATED|def:UNVALIDATED","LOW","MODELED"
2026,2,"rz_offense_vs_rz_defense","PHI","IND",-0.0028,-0.003,0.2903,0.6129,-0.0968,"off:UNVALIDATED|def:UNVALIDATED","LOW","MODELED"
2026,2,"rz_offense_vs_rz_defense","PHI","JAX",-0.0028,-0.0144,0.2903,0.871,0.1613,"off:UNVALIDATED|def:UNVALIDATED","LOW","MODELED"
2026,2,"rz_offense_vs_rz_defense","PHI","KC",-0.0028,-0.0091,0.2903,0.7742,0.0645,"off:UNVALIDATED|def:UNVALIDATED","LOW","MODELED"
2026,2,"rz_offense_vs_rz_defense","PHI","LAC",-0.0028,-0.0083,0.2903,0.7419,0.0323,"off:UNVALIDATED|def:UNVALIDATED","LOW","MODELED"
2026,2,"rz_offense_vs_rz_defense","PHI","LAR",-0.0028,-0.0238,0.2903,1,0.2903,"off:UNVALIDATED|def:UNVALIDATED","LOW","MODELED"
2026,2,"rz_offense_vs_rz_defense","PHI","LV",-0.0028,0.0063,0.2903,0.3226,-0.3871,"off:UNVALIDATED|def:UNVALIDATED","LOW","MODELED"
2026,2,"rz_offense_vs_rz_defense","PHI","MIA",-0.0028,0.0116,0.2903,0.1935,-0.5161,"off:UNVALIDATED|def:UNVALIDATED","LOW","MODELED"
2026,2,"rz_offense_vs_rz_defense","PHI","MIN",-0.0028,-0.0236,0.2903,0.9677,0.2581,"off:UNVALIDATED|def:UNVALIDATED","LOW","MODELED"
2026,2,"rz_offense_vs_rz_defense","PHI","NE",-0.0028,0.0022,0.2903,0.4516,-0.2581,"off:UNVALIDATED|def:UNVALIDATED","LOW","MODELED"
2026,2,"rz_offense_vs_rz_defense","PHI","NO",-0.0028,-3e-04,0.2903,0.5161,-0.1935,"off:UNVALIDATED|def:UNVALIDATED","LOW","MODELED"
2026,2,"rz_offense_vs_rz_defense","PHI","NYG",-0.0028,0.0185,0.2903,0.0323,-0.6774,"off:UNVALIDATED|def:UNVALIDATED","LOW","MODELED"
2026,2,"rz_offense_vs_rz_defense","PHI","NYJ",-0.0028,0.0115,0.2903,0.2258,-0.4839,"off:UNVALIDATED|def:UNVALIDATED","LOW","MODELED"
2026,2,"rz_offense_vs_rz_defense","PHI","PIT",-0.0028,-0.0074,0.2903,0.6774,-0.0323,"off:UNVALIDATED|def:UNVALIDATED","LOW","MODELED"
2026,2,"rz_offense_vs_rz_defense","PHI","SEA",-0.0028,-0.0082,0.2903,0.7097,0,"off:UNVALIDATED|def:UNVALIDATED","LOW","MODELED"
2026,2,"rz_offense_vs_rz_defense","PHI","SF",-0.0028,-0.012,0.2903,0.8065,0.0968,"off:UNVALIDATED|def:UNVALIDATED","LOW","MODELED"
2026,2,"rz_offense_vs_rz_defense","PHI","TB",-0.0028,-0.0023,0.2903,0.5806,-0.129,"off:UNVALIDATED|def:UNVALIDATED","LOW","MODELED"
2026,2,"rz_offense_vs_rz_defense","PHI","TEN",-0.0028,0.0086,0.2903,0.2581,-0.4516,"off:UNVALIDATED|def:UNVALIDATED","LOW","MODELED"
2026,2,"rz_offense_vs_rz_defense","PHI","WAS",-0.0028,0.015,0.2903,0.0968,-0.6129,"off:UNVALIDATED|def:UNVALIDATED","LOW","MODELED"
2026,2,"rz_offense_vs_rz_defense","PIT","ARI",-3e-04,-0.0124,0.4839,0.8387,0.3226,"off:UNVALIDATED|def:UNVALIDATED","LOW","MODELED"
2026,2,"rz_offense_vs_rz_defense","PIT","ATL",-3e-04,-0.0231,0.4839,0.9355,0.4194,"off:UNVALIDATED|def:UNVALIDATED","LOW","MODELED"
2026,2,"rz_offense_vs_rz_defense","PIT","BAL",-3e-04,-0.0018,0.4839,0.5484,0.0323,"off:UNVALIDATED|def:UNVALIDATED","LOW","MODELED"
2026,2,"rz_offense_vs_rz_defense","PIT","BUF",-3e-04,0.0158,0.4839,0.0645,-0.4516,"off:UNVALIDATED|def:UNVALIDATED","LOW","MODELED"
2026,2,"rz_offense_vs_rz_defense","PIT","CAR",-3e-04,0.0123,0.4839,0.1613,-0.3548,"off:UNVALIDATED|def:UNVALIDATED","LOW","MODELED"
2026,2,"rz_offense_vs_rz_defense","PIT","CHI",-3e-04,0.0014,0.4839,0.4839,-0.0323,"off:UNVALIDATED|def:UNVALIDATED","LOW","MODELED"
2026,2,"rz_offense_vs_rz_defense","PIT","CIN",-3e-04,0.0049,0.4839,0.3871,-0.129,"off:UNVALIDATED|def:UNVALIDATED","LOW","MODELED"
2026,2,"rz_offense_vs_rz_defense","PIT","CLE",-3e-04,0.0042,0.4839,0.4194,-0.0968,"off:UNVALIDATED|def:UNVALIDATED","LOW","MODELED"
2026,2,"rz_offense_vs_rz_defense","PIT","DAL",-3e-04,0.0147,0.4839,0.129,-0.3871,"off:UNVALIDATED|def:UNVALIDATED","LOW","MODELED"
2026,2,"rz_offense_vs_rz_defense","PIT","DEN",-3e-04,-0.0154,0.4839,0.9032,0.3871,"off:UNVALIDATED|def:UNVALIDATED","LOW","MODELED"
2026,2,"rz_offense_vs_rz_defense","PIT","DET",-3e-04,0.0248,0.4839,0,-0.5161,"off:UNVALIDATED|def:UNVALIDATED","LOW","MODELED"
2026,2,"rz_offense_vs_rz_defense","PIT","GB",-3e-04,0.005,0.4839,0.3548,-0.1613,"off:UNVALIDATED|def:UNVALIDATED","LOW","MODELED"
2026,2,"rz_offense_vs_rz_defense","PIT","HOU",-3e-04,0.0076,0.4839,0.2903,-0.2258,"off:UNVALIDATED|def:UNVALIDATED","LOW","MODELED"
2026,2,"rz_offense_vs_rz_defense","PIT","IND",-3e-04,-0.003,0.4839,0.6129,0.0968,"off:UNVALIDATED|def:UNVALIDATED","LOW","MODELED"
2026,2,"rz_offense_vs_rz_defense","PIT","JAX",-3e-04,-0.0144,0.4839,0.871,0.3548,"off:UNVALIDATED|def:UNVALIDATED","LOW","MODELED"
2026,2,"rz_offense_vs_rz_defense","PIT","KC",-3e-04,-0.0091,0.4839,0.7742,0.2581,"off:UNVALIDATED|def:UNVALIDATED","LOW","MODELED"
2026,2,"rz_offense_vs_rz_defense","PIT","LAC",-3e-04,-0.0083,0.4839,0.7419,0.2258,"off:UNVALIDATED|def:UNVALIDATED","LOW","MODELED"
2026,2,"rz_offense_vs_rz_defense","PIT","LAR",-3e-04,-0.0238,0.4839,1,0.4839,"off:UNVALIDATED|def:UNVALIDATED","LOW","MODELED"
2026,2,"rz_offense_vs_rz_defense","PIT","LV",-3e-04,0.0063,0.4839,0.3226,-0.1935,"off:UNVALIDATED|def:UNVALIDATED","LOW","MODELED"
2026,2,"rz_offense_vs_rz_defense","PIT","MIA",-3e-04,0.0116,0.4839,0.1935,-0.3226,"off:UNVALIDATED|def:UNVALIDATED","LOW","MODELED"
2026,2,"rz_offense_vs_rz_defense","PIT","MIN",-3e-04,-0.0236,0.4839,0.9677,0.4516,"off:UNVALIDATED|def:UNVALIDATED","LOW","MODELED"
2026,2,"rz_offense_vs_rz_defense","PIT","NE",-3e-04,0.0022,0.4839,0.4516,-0.0645,"off:UNVALIDATED|def:UNVALIDATED","LOW","MODELED"
2026,2,"rz_offense_vs_rz_defense","PIT","NO",-3e-04,-3e-04,0.4839,0.5161,0,"off:UNVALIDATED|def:UNVALIDATED","LOW","MODELED"
2026,2,"rz_offense_vs_rz_defense","PIT","NYG",-3e-04,0.0185,0.4839,0.0323,-0.4839,"off:UNVALIDATED|def:UNVALIDATED","LOW","MODELED"
2026,2,"rz_offense_vs_rz_defense","PIT","NYJ",-3e-04,0.0115,0.4839,0.2258,-0.2903,"off:UNVALIDATED|def:UNVALIDATED","LOW","MODELED"
2026,2,"rz_offense_vs_rz_defense","PIT","PHI",-3e-04,-0.0073,0.4839,0.6452,0.129,"off:UNVALIDATED|def:UNVALIDATED","LOW","MODELED"
2026,2,"rz_offense_vs_rz_defense","PIT","SEA",-3e-04,-0.0082,0.4839,0.7097,0.1935,"off:UNVALIDATED|def:UNVALIDATED","LOW","MODELED"
2026,2,"rz_offense_vs_rz_defense","PIT","SF",-3e-04,-0.012,0.4839,0.8065,0.2903,"off:UNVALIDATED|def:UNVALIDATED","LOW","MODELED"
2026,2,"rz_offense_vs_rz_defense","PIT","TB",-3e-04,-0.0023,0.4839,0.5806,0.0645,"off:UNVALIDATED|def:UNVALIDATED","LOW","MODELED"
2026,2,"rz_offense_vs_rz_defense","PIT","TEN",-3e-04,0.0086,0.4839,0.2581,-0.2581,"off:UNVALIDATED|def:UNVALIDATED","LOW","MODELED"
2026,2,"rz_offense_vs_rz_defense","PIT","WAS",-3e-04,0.015,0.4839,0.0968,-0.4194,"off:UNVALIDATED|def:UNVALIDATED","LOW","MODELED"
2026,2,"rz_offense_vs_rz_defense","SEA","ARI",0.0031,-0.0124,0.6129,0.8387,0.4516,"off:UNVALIDATED|def:UNVALIDATED","LOW","MODELED"
2026,2,"rz_offense_vs_rz_defense","SEA","ATL",0.0031,-0.0231,0.6129,0.9355,0.5484,"off:UNVALIDATED|def:UNVALIDATED","LOW","MODELED"
2026,2,"rz_offense_vs_rz_defense","SEA","BAL",0.0031,-0.0018,0.6129,0.5484,0.1613,"off:UNVALIDATED|def:UNVALIDATED","LOW","MODELED"
2026,2,"rz_offense_vs_rz_defense","SEA","BUF",0.0031,0.0158,0.6129,0.0645,-0.3226,"off:UNVALIDATED|def:UNVALIDATED","LOW","MODELED"
2026,2,"rz_offense_vs_rz_defense","SEA","CAR",0.0031,0.0123,0.6129,0.1613,-0.2258,"off:UNVALIDATED|def:UNVALIDATED","LOW","MODELED"
2026,2,"rz_offense_vs_rz_defense","SEA","CHI",0.0031,0.0014,0.6129,0.4839,0.0968,"off:UNVALIDATED|def:UNVALIDATED","LOW","MODELED"
2026,2,"rz_offense_vs_rz_defense","SEA","CIN",0.0031,0.0049,0.6129,0.3871,0,"off:UNVALIDATED|def:UNVALIDATED","LOW","MODELED"
2026,2,"rz_offense_vs_rz_defense","SEA","CLE",0.0031,0.0042,0.6129,0.4194,0.0323,"off:UNVALIDATED|def:UNVALIDATED","LOW","MODELED"
2026,2,"rz_offense_vs_rz_defense","SEA","DAL",0.0031,0.0147,0.6129,0.129,-0.2581,"off:UNVALIDATED|def:UNVALIDATED","LOW","MODELED"
2026,2,"rz_offense_vs_rz_defense","SEA","DEN",0.0031,-0.0154,0.6129,0.9032,0.5161,"off:UNVALIDATED|def:UNVALIDATED","LOW","MODELED"
2026,2,"rz_offense_vs_rz_defense","SEA","DET",0.0031,0.0248,0.6129,0,-0.3871,"off:UNVALIDATED|def:UNVALIDATED","LOW","MODELED"
2026,2,"rz_offense_vs_rz_defense","SEA","GB",0.0031,0.005,0.6129,0.3548,-0.0323,"off:UNVALIDATED|def:UNVALIDATED","LOW","MODELED"
2026,2,"rz_offense_vs_rz_defense","SEA","HOU",0.0031,0.0076,0.6129,0.2903,-0.0968,"off:UNVALIDATED|def:UNVALIDATED","LOW","MODELED"
2026,2,"rz_offense_vs_rz_defense","SEA","IND",0.0031,-0.003,0.6129,0.6129,0.2258,"off:UNVALIDATED|def:UNVALIDATED","LOW","MODELED"
2026,2,"rz_offense_vs_rz_defense","SEA","JAX",0.0031,-0.0144,0.6129,0.871,0.4839,"off:UNVALIDATED|def:UNVALIDATED","LOW","MODELED"
2026,2,"rz_offense_vs_rz_defense","SEA","KC",0.0031,-0.0091,0.6129,0.7742,0.3871,"off:UNVALIDATED|def:UNVALIDATED","LOW","MODELED"
2026,2,"rz_offense_vs_rz_defense","SEA","LAC",0.0031,-0.0083,0.6129,0.7419,0.3548,"off:UNVALIDATED|def:UNVALIDATED","LOW","MODELED"
2026,2,"rz_offense_vs_rz_defense","SEA","LAR",0.0031,-0.0238,0.6129,1,0.6129,"off:UNVALIDATED|def:UNVALIDATED","LOW","MODELED"
2026,2,"rz_offense_vs_rz_defense","SEA","LV",0.0031,0.0063,0.6129,0.3226,-0.0645,"off:UNVALIDATED|def:UNVALIDATED","LOW","MODELED"
2026,2,"rz_offense_vs_rz_defense","SEA","MIA",0.0031,0.0116,0.6129,0.1935,-0.1935,"off:UNVALIDATED|def:UNVALIDATED","LOW","MODELED"
2026,2,"rz_offense_vs_rz_defense","SEA","MIN",0.0031,-0.0236,0.6129,0.9677,0.5806,"off:UNVALIDATED|def:UNVALIDATED","LOW","MODELED"
2026,2,"rz_offense_vs_rz_defense","SEA","NE",0.0031,0.0022,0.6129,0.4516,0.0645,"off:UNVALIDATED|def:UNVALIDATED","LOW","MODELED"
2026,2,"rz_offense_vs_rz_defense","SEA","NO",0.0031,-3e-04,0.6129,0.5161,0.129,"off:UNVALIDATED|def:UNVALIDATED","LOW","MODELED"
2026,2,"rz_offense_vs_rz_defense","SEA","NYG",0.0031,0.0185,0.6129,0.0323,-0.3548,"off:UNVALIDATED|def:UNVALIDATED","LOW","MODELED"
2026,2,"rz_offense_vs_rz_defense","SEA","NYJ",0.0031,0.0115,0.6129,0.2258,-0.1613,"off:UNVALIDATED|def:UNVALIDATED","LOW","MODELED"
2026,2,"rz_offense_vs_rz_defense","SEA","PHI",0.0031,-0.0073,0.6129,0.6452,0.2581,"off:UNVALIDATED|def:UNVALIDATED","LOW","MODELED"
2026,2,"rz_offense_vs_rz_defense","SEA","PIT",0.0031,-0.0074,0.6129,0.6774,0.2903,"off:UNVALIDATED|def:UNVALIDATED","LOW","MODELED"
2026,2,"rz_offense_vs_rz_defense","SEA","SF",0.0031,-0.012,0.6129,0.8065,0.4194,"off:UNVALIDATED|def:UNVALIDATED","LOW","MODELED"
2026,2,"rz_offense_vs_rz_defense","SEA","TB",0.0031,-0.0023,0.6129,0.5806,0.1935,"off:UNVALIDATED|def:UNVALIDATED","LOW","MODELED"
2026,2,"rz_offense_vs_rz_defense","SEA","TEN",0.0031,0.0086,0.6129,0.2581,-0.129,"off:UNVALIDATED|def:UNVALIDATED","LOW","MODELED"
2026,2,"rz_offense_vs_rz_defense","SEA","WAS",0.0031,0.015,0.6129,0.0968,-0.2903,"off:UNVALIDATED|def:UNVALIDATED","LOW","MODELED"
2026,2,"rz_offense_vs_rz_defense","SF","ARI",0.0216,-0.0124,1,0.8387,0.8387,"off:UNVALIDATED|def:UNVALIDATED","LOW","MODELED"
2026,2,"rz_offense_vs_rz_defense","SF","ATL",0.0216,-0.0231,1,0.9355,0.9355,"off:UNVALIDATED|def:UNVALIDATED","LOW","MODELED"
2026,2,"rz_offense_vs_rz_defense","SF","BAL",0.0216,-0.0018,1,0.5484,0.5484,"off:UNVALIDATED|def:UNVALIDATED","LOW","MODELED"
2026,2,"rz_offense_vs_rz_defense","SF","BUF",0.0216,0.0158,1,0.0645,0.0645,"off:UNVALIDATED|def:UNVALIDATED","LOW","MODELED"
2026,2,"rz_offense_vs_rz_defense","SF","CAR",0.0216,0.0123,1,0.1613,0.1613,"off:UNVALIDATED|def:UNVALIDATED","LOW","MODELED"
2026,2,"rz_offense_vs_rz_defense","SF","CHI",0.0216,0.0014,1,0.4839,0.4839,"off:UNVALIDATED|def:UNVALIDATED","LOW","MODELED"
2026,2,"rz_offense_vs_rz_defense","SF","CIN",0.0216,0.0049,1,0.3871,0.3871,"off:UNVALIDATED|def:UNVALIDATED","LOW","MODELED"
2026,2,"rz_offense_vs_rz_defense","SF","CLE",0.0216,0.0042,1,0.4194,0.4194,"off:UNVALIDATED|def:UNVALIDATED","LOW","MODELED"
2026,2,"rz_offense_vs_rz_defense","SF","DAL",0.0216,0.0147,1,0.129,0.129,"off:UNVALIDATED|def:UNVALIDATED","LOW","MODELED"
2026,2,"rz_offense_vs_rz_defense","SF","DEN",0.0216,-0.0154,1,0.9032,0.9032,"off:UNVALIDATED|def:UNVALIDATED","LOW","MODELED"
2026,2,"rz_offense_vs_rz_defense","SF","DET",0.0216,0.0248,1,0,0,"off:UNVALIDATED|def:UNVALIDATED","LOW","MODELED"
2026,2,"rz_offense_vs_rz_defense","SF","GB",0.0216,0.005,1,0.3548,0.3548,"off:UNVALIDATED|def:UNVALIDATED","LOW","MODELED"
2026,2,"rz_offense_vs_rz_defense","SF","HOU",0.0216,0.0076,1,0.2903,0.2903,"off:UNVALIDATED|def:UNVALIDATED","LOW","MODELED"
2026,2,"rz_offense_vs_rz_defense","SF","IND",0.0216,-0.003,1,0.6129,0.6129,"off:UNVALIDATED|def:UNVALIDATED","LOW","MODELED"
2026,2,"rz_offense_vs_rz_defense","SF","JAX",0.0216,-0.0144,1,0.871,0.871,"off:UNVALIDATED|def:UNVALIDATED","LOW","MODELED"
2026,2,"rz_offense_vs_rz_defense","SF","KC",0.0216,-0.0091,1,0.7742,0.7742,"off:UNVALIDATED|def:UNVALIDATED","LOW","MODELED"
2026,2,"rz_offense_vs_rz_defense","SF","LAC",0.0216,-0.0083,1,0.7419,0.7419,"off:UNVALIDATED|def:UNVALIDATED","LOW","MODELED"
2026,2,"rz_offense_vs_rz_defense","SF","LAR",0.0216,-0.0238,1,1,1,"off:UNVALIDATED|def:UNVALIDATED","LOW","MODELED"
2026,2,"rz_offense_vs_rz_defense","SF","LV",0.0216,0.0063,1,0.3226,0.3226,"off:UNVALIDATED|def:UNVALIDATED","LOW","MODELED"
2026,2,"rz_offense_vs_rz_defense","SF","MIA",0.0216,0.0116,1,0.1935,0.1935,"off:UNVALIDATED|def:UNVALIDATED","LOW","MODELED"
2026,2,"rz_offense_vs_rz_defense","SF","MIN",0.0216,-0.0236,1,0.9677,0.9677,"off:UNVALIDATED|def:UNVALIDATED","LOW","MODELED"
2026,2,"rz_offense_vs_rz_defense","SF","NE",0.0216,0.0022,1,0.4516,0.4516,"off:UNVALIDATED|def:UNVALIDATED","LOW","MODELED"
2026,2,"rz_offense_vs_rz_defense","SF","NO",0.0216,-3e-04,1,0.5161,0.5161,"off:UNVALIDATED|def:UNVALIDATED","LOW","MODELED"
2026,2,"rz_offense_vs_rz_defense","SF","NYG",0.0216,0.0185,1,0.0323,0.0323,"off:UNVALIDATED|def:UNVALIDATED","LOW","MODELED"
2026,2,"rz_offense_vs_rz_defense","SF","NYJ",0.0216,0.0115,1,0.2258,0.2258,"off:UNVALIDATED|def:UNVALIDATED","LOW","MODELED"
2026,2,"rz_offense_vs_rz_defense","SF","PHI",0.0216,-0.0073,1,0.6452,0.6452,"off:UNVALIDATED|def:UNVALIDATED","LOW","MODELED"
2026,2,"rz_offense_vs_rz_defense","SF","PIT",0.0216,-0.0074,1,0.6774,0.6774,"off:UNVALIDATED|def:UNVALIDATED","LOW","MODELED"
2026,2,"rz_offense_vs_rz_defense","SF","SEA",0.0216,-0.0082,1,0.7097,0.7097,"off:UNVALIDATED|def:UNVALIDATED","LOW","MODELED"
2026,2,"rz_offense_vs_rz_defense","SF","TB",0.0216,-0.0023,1,0.5806,0.5806,"off:UNVALIDATED|def:UNVALIDATED","LOW","MODELED"
2026,2,"rz_offense_vs_rz_defense","SF","TEN",0.0216,0.0086,1,0.2581,0.2581,"off:UNVALIDATED|def:UNVALIDATED","LOW","MODELED"
2026,2,"rz_offense_vs_rz_defense","SF","WAS",0.0216,0.015,1,0.0968,0.0968,"off:UNVALIDATED|def:UNVALIDATED","LOW","MODELED"
2026,2,"rz_offense_vs_rz_defense","TB","ARI",-5e-04,-0.0124,0.4516,0.8387,0.2903,"off:UNVALIDATED|def:UNVALIDATED","LOW","MODELED"
2026,2,"rz_offense_vs_rz_defense","TB","ATL",-5e-04,-0.0231,0.4516,0.9355,0.3871,"off:UNVALIDATED|def:UNVALIDATED","LOW","MODELED"
2026,2,"rz_offense_vs_rz_defense","TB","BAL",-5e-04,-0.0018,0.4516,0.5484,0,"off:UNVALIDATED|def:UNVALIDATED","LOW","MODELED"
2026,2,"rz_offense_vs_rz_defense","TB","BUF",-5e-04,0.0158,0.4516,0.0645,-0.4839,"off:UNVALIDATED|def:UNVALIDATED","LOW","MODELED"
2026,2,"rz_offense_vs_rz_defense","TB","CAR",-5e-04,0.0123,0.4516,0.1613,-0.3871,"off:UNVALIDATED|def:UNVALIDATED","LOW","MODELED"
2026,2,"rz_offense_vs_rz_defense","TB","CHI",-5e-04,0.0014,0.4516,0.4839,-0.0645,"off:UNVALIDATED|def:UNVALIDATED","LOW","MODELED"
2026,2,"rz_offense_vs_rz_defense","TB","CIN",-5e-04,0.0049,0.4516,0.3871,-0.1613,"off:UNVALIDATED|def:UNVALIDATED","LOW","MODELED"
2026,2,"rz_offense_vs_rz_defense","TB","CLE",-5e-04,0.0042,0.4516,0.4194,-0.129,"off:UNVALIDATED|def:UNVALIDATED","LOW","MODELED"
2026,2,"rz_offense_vs_rz_defense","TB","DAL",-5e-04,0.0147,0.4516,0.129,-0.4194,"off:UNVALIDATED|def:UNVALIDATED","LOW","MODELED"
2026,2,"rz_offense_vs_rz_defense","TB","DEN",-5e-04,-0.0154,0.4516,0.9032,0.3548,"off:UNVALIDATED|def:UNVALIDATED","LOW","MODELED"
2026,2,"rz_offense_vs_rz_defense","TB","DET",-5e-04,0.0248,0.4516,0,-0.5484,"off:UNVALIDATED|def:UNVALIDATED","LOW","MODELED"
2026,2,"rz_offense_vs_rz_defense","TB","GB",-5e-04,0.005,0.4516,0.3548,-0.1935,"off:UNVALIDATED|def:UNVALIDATED","LOW","MODELED"
2026,2,"rz_offense_vs_rz_defense","TB","HOU",-5e-04,0.0076,0.4516,0.2903,-0.2581,"off:UNVALIDATED|def:UNVALIDATED","LOW","MODELED"
2026,2,"rz_offense_vs_rz_defense","TB","IND",-5e-04,-0.003,0.4516,0.6129,0.0645,"off:UNVALIDATED|def:UNVALIDATED","LOW","MODELED"
2026,2,"rz_offense_vs_rz_defense","TB","JAX",-5e-04,-0.0144,0.4516,0.871,0.3226,"off:UNVALIDATED|def:UNVALIDATED","LOW","MODELED"
2026,2,"rz_offense_vs_rz_defense","TB","KC",-5e-04,-0.0091,0.4516,0.7742,0.2258,"off:UNVALIDATED|def:UNVALIDATED","LOW","MODELED"
2026,2,"rz_offense_vs_rz_defense","TB","LAC",-5e-04,-0.0083,0.4516,0.7419,0.1935,"off:UNVALIDATED|def:UNVALIDATED","LOW","MODELED"
2026,2,"rz_offense_vs_rz_defense","TB","LAR",-5e-04,-0.0238,0.4516,1,0.4516,"off:UNVALIDATED|def:UNVALIDATED","LOW","MODELED"
2026,2,"rz_offense_vs_rz_defense","TB","LV",-5e-04,0.0063,0.4516,0.3226,-0.2258,"off:UNVALIDATED|def:UNVALIDATED","LOW","MODELED"
2026,2,"rz_offense_vs_rz_defense","TB","MIA",-5e-04,0.0116,0.4516,0.1935,-0.3548,"off:UNVALIDATED|def:UNVALIDATED","LOW","MODELED"
2026,2,"rz_offense_vs_rz_defense","TB","MIN",-5e-04,-0.0236,0.4516,0.9677,0.4194,"off:UNVALIDATED|def:UNVALIDATED","LOW","MODELED"
2026,2,"rz_offense_vs_rz_defense","TB","NE",-5e-04,0.0022,0.4516,0.4516,-0.0968,"off:UNVALIDATED|def:UNVALIDATED","LOW","MODELED"
2026,2,"rz_offense_vs_rz_defense","TB","NO",-5e-04,-3e-04,0.4516,0.5161,-0.0323,"off:UNVALIDATED|def:UNVALIDATED","LOW","MODELED"
2026,2,"rz_offense_vs_rz_defense","TB","NYG",-5e-04,0.0185,0.4516,0.0323,-0.5161,"off:UNVALIDATED|def:UNVALIDATED","LOW","MODELED"
2026,2,"rz_offense_vs_rz_defense","TB","NYJ",-5e-04,0.0115,0.4516,0.2258,-0.3226,"off:UNVALIDATED|def:UNVALIDATED","LOW","MODELED"
2026,2,"rz_offense_vs_rz_defense","TB","PHI",-5e-04,-0.0073,0.4516,0.6452,0.0968,"off:UNVALIDATED|def:UNVALIDATED","LOW","MODELED"
2026,2,"rz_offense_vs_rz_defense","TB","PIT",-5e-04,-0.0074,0.4516,0.6774,0.129,"off:UNVALIDATED|def:UNVALIDATED","LOW","MODELED"
2026,2,"rz_offense_vs_rz_defense","TB","SEA",-5e-04,-0.0082,0.4516,0.7097,0.1613,"off:UNVALIDATED|def:UNVALIDATED","LOW","MODELED"
2026,2,"rz_offense_vs_rz_defense","TB","SF",-5e-04,-0.012,0.4516,0.8065,0.2581,"off:UNVALIDATED|def:UNVALIDATED","LOW","MODELED"
2026,2,"rz_offense_vs_rz_defense","TB","TEN",-5e-04,0.0086,0.4516,0.2581,-0.2903,"off:UNVALIDATED|def:UNVALIDATED","LOW","MODELED"
2026,2,"rz_offense_vs_rz_defense","TB","WAS",-5e-04,0.015,0.4516,0.0968,-0.4516,"off:UNVALIDATED|def:UNVALIDATED","LOW","MODELED"
2026,2,"rz_offense_vs_rz_defense","TEN","ARI",-0.002,-0.0124,0.3226,0.8387,0.1613,"off:UNVALIDATED|def:UNVALIDATED","LOW","MODELED"
2026,2,"rz_offense_vs_rz_defense","TEN","ATL",-0.002,-0.0231,0.3226,0.9355,0.2581,"off:UNVALIDATED|def:UNVALIDATED","LOW","MODELED"
2026,2,"rz_offense_vs_rz_defense","TEN","BAL",-0.002,-0.0018,0.3226,0.5484,-0.129,"off:UNVALIDATED|def:UNVALIDATED","LOW","MODELED"
2026,2,"rz_offense_vs_rz_defense","TEN","BUF",-0.002,0.0158,0.3226,0.0645,-0.6129,"off:UNVALIDATED|def:UNVALIDATED","LOW","MODELED"
2026,2,"rz_offense_vs_rz_defense","TEN","CAR",-0.002,0.0123,0.3226,0.1613,-0.5161,"off:UNVALIDATED|def:UNVALIDATED","LOW","MODELED"
2026,2,"rz_offense_vs_rz_defense","TEN","CHI",-0.002,0.0014,0.3226,0.4839,-0.1935,"off:UNVALIDATED|def:UNVALIDATED","LOW","MODELED"
2026,2,"rz_offense_vs_rz_defense","TEN","CIN",-0.002,0.0049,0.3226,0.3871,-0.2903,"off:UNVALIDATED|def:UNVALIDATED","LOW","MODELED"
2026,2,"rz_offense_vs_rz_defense","TEN","CLE",-0.002,0.0042,0.3226,0.4194,-0.2581,"off:UNVALIDATED|def:UNVALIDATED","LOW","MODELED"
2026,2,"rz_offense_vs_rz_defense","TEN","DAL",-0.002,0.0147,0.3226,0.129,-0.5484,"off:UNVALIDATED|def:UNVALIDATED","LOW","MODELED"
2026,2,"rz_offense_vs_rz_defense","TEN","DEN",-0.002,-0.0154,0.3226,0.9032,0.2258,"off:UNVALIDATED|def:UNVALIDATED","LOW","MODELED"
2026,2,"rz_offense_vs_rz_defense","TEN","DET",-0.002,0.0248,0.3226,0,-0.6774,"off:UNVALIDATED|def:UNVALIDATED","LOW","MODELED"
2026,2,"rz_offense_vs_rz_defense","TEN","GB",-0.002,0.005,0.3226,0.3548,-0.3226,"off:UNVALIDATED|def:UNVALIDATED","LOW","MODELED"
2026,2,"rz_offense_vs_rz_defense","TEN","HOU",-0.002,0.0076,0.3226,0.2903,-0.3871,"off:UNVALIDATED|def:UNVALIDATED","LOW","MODELED"
2026,2,"rz_offense_vs_rz_defense","TEN","IND",-0.002,-0.003,0.3226,0.6129,-0.0645,"off:UNVALIDATED|def:UNVALIDATED","LOW","MODELED"
2026,2,"rz_offense_vs_rz_defense","TEN","JAX",-0.002,-0.0144,0.3226,0.871,0.1935,"off:UNVALIDATED|def:UNVALIDATED","LOW","MODELED"
2026,2,"rz_offense_vs_rz_defense","TEN","KC",-0.002,-0.0091,0.3226,0.7742,0.0968,"off:UNVALIDATED|def:UNVALIDATED","LOW","MODELED"
2026,2,"rz_offense_vs_rz_defense","TEN","LAC",-0.002,-0.0083,0.3226,0.7419,0.0645,"off:UNVALIDATED|def:UNVALIDATED","LOW","MODELED"
2026,2,"rz_offense_vs_rz_defense","TEN","LAR",-0.002,-0.0238,0.3226,1,0.3226,"off:UNVALIDATED|def:UNVALIDATED","LOW","MODELED"
2026,2,"rz_offense_vs_rz_defense","TEN","LV",-0.002,0.0063,0.3226,0.3226,-0.3548,"off:UNVALIDATED|def:UNVALIDATED","LOW","MODELED"
2026,2,"rz_offense_vs_rz_defense","TEN","MIA",-0.002,0.0116,0.3226,0.1935,-0.4839,"off:UNVALIDATED|def:UNVALIDATED","LOW","MODELED"
2026,2,"rz_offense_vs_rz_defense","TEN","MIN",-0.002,-0.0236,0.3226,0.9677,0.2903,"off:UNVALIDATED|def:UNVALIDATED","LOW","MODELED"
2026,2,"rz_offense_vs_rz_defense","TEN","NE",-0.002,0.0022,0.3226,0.4516,-0.2258,"off:UNVALIDATED|def:UNVALIDATED","LOW","MODELED"
2026,2,"rz_offense_vs_rz_defense","TEN","NO",-0.002,-3e-04,0.3226,0.5161,-0.1613,"off:UNVALIDATED|def:UNVALIDATED","LOW","MODELED"
2026,2,"rz_offense_vs_rz_defense","TEN","NYG",-0.002,0.0185,0.3226,0.0323,-0.6452,"off:UNVALIDATED|def:UNVALIDATED","LOW","MODELED"
2026,2,"rz_offense_vs_rz_defense","TEN","NYJ",-0.002,0.0115,0.3226,0.2258,-0.4516,"off:UNVALIDATED|def:UNVALIDATED","LOW","MODELED"
2026,2,"rz_offense_vs_rz_defense","TEN","PHI",-0.002,-0.0073,0.3226,0.6452,-0.0323,"off:UNVALIDATED|def:UNVALIDATED","LOW","MODELED"
2026,2,"rz_offense_vs_rz_defense","TEN","PIT",-0.002,-0.0074,0.3226,0.6774,0,"off:UNVALIDATED|def:UNVALIDATED","LOW","MODELED"
2026,2,"rz_offense_vs_rz_defense","TEN","SEA",-0.002,-0.0082,0.3226,0.7097,0.0323,"off:UNVALIDATED|def:UNVALIDATED","LOW","MODELED"
2026,2,"rz_offense_vs_rz_defense","TEN","SF",-0.002,-0.012,0.3226,0.8065,0.129,"off:UNVALIDATED|def:UNVALIDATED","LOW","MODELED"
2026,2,"rz_offense_vs_rz_defense","TEN","TB",-0.002,-0.0023,0.3226,0.5806,-0.0968,"off:UNVALIDATED|def:UNVALIDATED","LOW","MODELED"
2026,2,"rz_offense_vs_rz_defense","TEN","WAS",-0.002,0.015,0.3226,0.0968,-0.5806,"off:UNVALIDATED|def:UNVALIDATED","LOW","MODELED"
2026,2,"rz_offense_vs_rz_defense","WAS","ARI",-0.0014,-0.0124,0.3871,0.8387,0.2258,"off:UNVALIDATED|def:UNVALIDATED","LOW","MODELED"
2026,2,"rz_offense_vs_rz_defense","WAS","ATL",-0.0014,-0.0231,0.3871,0.9355,0.3226,"off:UNVALIDATED|def:UNVALIDATED","LOW","MODELED"
2026,2,"rz_offense_vs_rz_defense","WAS","BAL",-0.0014,-0.0018,0.3871,0.5484,-0.0645,"off:UNVALIDATED|def:UNVALIDATED","LOW","MODELED"
2026,2,"rz_offense_vs_rz_defense","WAS","BUF",-0.0014,0.0158,0.3871,0.0645,-0.5484,"off:UNVALIDATED|def:UNVALIDATED","LOW","MODELED"
2026,2,"rz_offense_vs_rz_defense","WAS","CAR",-0.0014,0.0123,0.3871,0.1613,-0.4516,"off:UNVALIDATED|def:UNVALIDATED","LOW","MODELED"
2026,2,"rz_offense_vs_rz_defense","WAS","CHI",-0.0014,0.0014,0.3871,0.4839,-0.129,"off:UNVALIDATED|def:UNVALIDATED","LOW","MODELED"
2026,2,"rz_offense_vs_rz_defense","WAS","CIN",-0.0014,0.0049,0.3871,0.3871,-0.2258,"off:UNVALIDATED|def:UNVALIDATED","LOW","MODELED"
2026,2,"rz_offense_vs_rz_defense","WAS","CLE",-0.0014,0.0042,0.3871,0.4194,-0.1935,"off:UNVALIDATED|def:UNVALIDATED","LOW","MODELED"
2026,2,"rz_offense_vs_rz_defense","WAS","DAL",-0.0014,0.0147,0.3871,0.129,-0.4839,"off:UNVALIDATED|def:UNVALIDATED","LOW","MODELED"
2026,2,"rz_offense_vs_rz_defense","WAS","DEN",-0.0014,-0.0154,0.3871,0.9032,0.2903,"off:UNVALIDATED|def:UNVALIDATED","LOW","MODELED"
2026,2,"rz_offense_vs_rz_defense","WAS","DET",-0.0014,0.0248,0.3871,0,-0.6129,"off:UNVALIDATED|def:UNVALIDATED","LOW","MODELED"
2026,2,"rz_offense_vs_rz_defense","WAS","GB",-0.0014,0.005,0.3871,0.3548,-0.2581,"off:UNVALIDATED|def:UNVALIDATED","LOW","MODELED"
2026,2,"rz_offense_vs_rz_defense","WAS","HOU",-0.0014,0.0076,0.3871,0.2903,-0.3226,"off:UNVALIDATED|def:UNVALIDATED","LOW","MODELED"
2026,2,"rz_offense_vs_rz_defense","WAS","IND",-0.0014,-0.003,0.3871,0.6129,0,"off:UNVALIDATED|def:UNVALIDATED","LOW","MODELED"
2026,2,"rz_offense_vs_rz_defense","WAS","JAX",-0.0014,-0.0144,0.3871,0.871,0.2581,"off:UNVALIDATED|def:UNVALIDATED","LOW","MODELED"
2026,2,"rz_offense_vs_rz_defense","WAS","KC",-0.0014,-0.0091,0.3871,0.7742,0.1613,"off:UNVALIDATED|def:UNVALIDATED","LOW","MODELED"
2026,2,"rz_offense_vs_rz_defense","WAS","LAC",-0.0014,-0.0083,0.3871,0.7419,0.129,"off:UNVALIDATED|def:UNVALIDATED","LOW","MODELED"
2026,2,"rz_offense_vs_rz_defense","WAS","LAR",-0.0014,-0.0238,0.3871,1,0.3871,"off:UNVALIDATED|def:UNVALIDATED","LOW","MODELED"
2026,2,"rz_offense_vs_rz_defense","WAS","LV",-0.0014,0.0063,0.3871,0.3226,-0.2903,"off:UNVALIDATED|def:UNVALIDATED","LOW","MODELED"
2026,2,"rz_offense_vs_rz_defense","WAS","MIA",-0.0014,0.0116,0.3871,0.1935,-0.4194,"off:UNVALIDATED|def:UNVALIDATED","LOW","MODELED"
2026,2,"rz_offense_vs_rz_defense","WAS","MIN",-0.0014,-0.0236,0.3871,0.9677,0.3548,"off:UNVALIDATED|def:UNVALIDATED","LOW","MODELED"
2026,2,"rz_offense_vs_rz_defense","WAS","NE",-0.0014,0.0022,0.3871,0.4516,-0.1613,"off:UNVALIDATED|def:UNVALIDATED","LOW","MODELED"
2026,2,"rz_offense_vs_rz_defense","WAS","NO",-0.0014,-3e-04,0.3871,0.5161,-0.0968,"off:UNVALIDATED|def:UNVALIDATED","LOW","MODELED"
2026,2,"rz_offense_vs_rz_defense","WAS","NYG",-0.0014,0.0185,0.3871,0.0323,-0.5806,"off:UNVALIDATED|def:UNVALIDATED","LOW","MODELED"
2026,2,"rz_offense_vs_rz_defense","WAS","NYJ",-0.0014,0.0115,0.3871,0.2258,-0.3871,"off:UNVALIDATED|def:UNVALIDATED","LOW","MODELED"
2026,2,"rz_offense_vs_rz_defense","WAS","PHI",-0.0014,-0.0073,0.3871,0.6452,0.0323,"off:UNVALIDATED|def:UNVALIDATED","LOW","MODELED"
2026,2,"rz_offense_vs_rz_defense","WAS","PIT",-0.0014,-0.0074,0.3871,0.6774,0.0645,"off:UNVALIDATED|def:UNVALIDATED","LOW","MODELED"
2026,2,"rz_offense_vs_rz_defense","WAS","SEA",-0.0014,-0.0082,0.3871,0.7097,0.0968,"off:UNVALIDATED|def:UNVALIDATED","LOW","MODELED"
2026,2,"rz_offense_vs_rz_defense","WAS","SF",-0.0014,-0.012,0.3871,0.8065,0.1935,"off:UNVALIDATED|def:UNVALIDATED","LOW","MODELED"
2026,2,"rz_offense_vs_rz_defense","WAS","TB",-0.0014,-0.0023,0.3871,0.5806,-0.0323,"off:UNVALIDATED|def:UNVALIDATED","LOW","MODELED"
2026,2,"rz_offense_vs_rz_defense","WAS","TEN",-0.0014,0.0086,0.3871,0.2581,-0.3548,"off:UNVALIDATED|def:UNVALIDATED","LOW","MODELED"
2026,2,"receiving_usage_vs_coverage_RB",,"ARI",,0.0227,,0.3263,0.1737,"off:NA|def:UNVALIDATED","INSUFFICIENT_SAMPLE","MODELED"
2026,2,"receiving_usage_vs_coverage_RB",,"ATL",,0.0342,,0.2421,0.2579,"off:NA|def:UNVALIDATED","INSUFFICIENT_SAMPLE","MODELED"
2026,2,"receiving_usage_vs_coverage_RB",,"BAL",,0.0359,,0.2316,0.2684,"off:NA|def:UNVALIDATED","INSUFFICIENT_SAMPLE","MODELED"
2026,2,"receiving_usage_vs_coverage_RB",,"BUF",,-0.0415,,0.7579,-0.2579,"off:NA|def:UNVALIDATED","INSUFFICIENT_SAMPLE","MODELED"
2026,2,"receiving_usage_vs_coverage_RB",,"CAR",,-0.0267,,0.6842,-0.1842,"off:NA|def:UNVALIDATED","INSUFFICIENT_SAMPLE","MODELED"
2026,2,"receiving_usage_vs_coverage_RB",,"CHI",,0.0517,,0.1789,0.3211,"off:NA|def:UNVALIDATED","INSUFFICIENT_SAMPLE","MODELED"
2026,2,"receiving_usage_vs_coverage_RB",,"CIN",,0.1216,,0.0105,0.4895,"off:NA|def:UNVALIDATED","INSUFFICIENT_SAMPLE","MODELED"
2026,2,"receiving_usage_vs_coverage_RB",,"CLE",,-0.0702,,0.8632,-0.3632,"off:NA|def:UNVALIDATED","INSUFFICIENT_SAMPLE","MODELED"
2026,2,"receiving_usage_vs_coverage_RB",,"DAL",,0.0362,,0.2211,0.2789,"off:NA|def:UNVALIDATED","INSUFFICIENT_SAMPLE","MODELED"
2026,2,"receiving_usage_vs_coverage_RB",,"DEN",,-0.0177,,0.6,-0.1,"off:NA|def:UNVALIDATED","INSUFFICIENT_SAMPLE","MODELED"
2026,2,"receiving_usage_vs_coverage_RB",,"DET",,0.0102,,0.4632,0.0368,"off:NA|def:UNVALIDATED","INSUFFICIENT_SAMPLE","MODELED"
2026,2,"receiving_usage_vs_coverage_RB",,"GB",,-0.0101,,0.5684,-0.0684,"off:NA|def:UNVALIDATED","INSUFFICIENT_SAMPLE","MODELED"
2026,2,"receiving_usage_vs_coverage_RB",,"HOU",,-0.0863,,0.9474,-0.4474,"off:NA|def:UNVALIDATED","INSUFFICIENT_SAMPLE","MODELED"
2026,2,"receiving_usage_vs_coverage_RB",,"IND",,-0.0979,,0.9684,-0.4684,"off:NA|def:UNVALIDATED","INSUFFICIENT_SAMPLE","MODELED"
2026,2,"receiving_usage_vs_coverage_RB",,"JAX",,-0.0232,,0.6526,-0.1526,"off:NA|def:UNVALIDATED","INSUFFICIENT_SAMPLE","MODELED"
2026,2,"receiving_usage_vs_coverage_RB",,"KC",,0.0386,,0.2105,0.2895,"off:NA|def:UNVALIDATED","INSUFFICIENT_SAMPLE","MODELED"
2026,2,"receiving_usage_vs_coverage_RB",,"LAC",,-0.0706,,0.8737,-0.3737,"off:NA|def:UNVALIDATED","INSUFFICIENT_SAMPLE","MODELED"
2026,2,"receiving_usage_vs_coverage_RB",,"LAR",,-0.0125,,0.5895,-0.0895,"off:NA|def:UNVALIDATED","INSUFFICIENT_SAMPLE","MODELED"
2026,2,"receiving_usage_vs_coverage_RB",,"LV",,0.0318,,0.2526,0.2474,"off:NA|def:UNVALIDATED","INSUFFICIENT_SAMPLE","MODELED"
2026,2,"receiving_usage_vs_coverage_RB",,"MIA",,0.1132,,0.0316,0.4684,"off:NA|def:UNVALIDATED","INSUFFICIENT_SAMPLE","MODELED"
2026,2,"receiving_usage_vs_coverage_RB",,"MIN",,-0.131,,0.9895,-0.4895,"off:NA|def:UNVALIDATED","INSUFFICIENT_SAMPLE","MODELED"
2026,2,"receiving_usage_vs_coverage_RB",,"NE",,-0.0217,,0.6211,-0.1211,"off:NA|def:UNVALIDATED","INSUFFICIENT_SAMPLE","MODELED"
2026,2,"receiving_usage_vs_coverage_RB",,"NO",,-0.0192,,0.6105,-0.1105,"off:NA|def:UNVALIDATED","INSUFFICIENT_SAMPLE","MODELED"
2026,2,"receiving_usage_vs_coverage_RB",,"NYG",,0.012,,0.4316,0.0684,"off:NA|def:UNVALIDATED","INSUFFICIENT_SAMPLE","MODELED"
2026,2,"receiving_usage_vs_coverage_RB",,"NYJ",,0.1074,,0.0421,0.4579,"off:NA|def:UNVALIDATED","INSUFFICIENT_SAMPLE","MODELED"
2026,2,"receiving_usage_vs_coverage_RB",,"PHI",,-0.0087,,0.5579,-0.0579,"off:NA|def:UNVALIDATED","INSUFFICIENT_SAMPLE","MODELED"
2026,2,"receiving_usage_vs_coverage_RB",,"PIT",,0.0081,,0.4842,0.0158,"off:NA|def:UNVALIDATED","INSUFFICIENT_SAMPLE","MODELED"
2026,2,"receiving_usage_vs_coverage_RB",,"SEA",,-0.0722,,0.8842,-0.3842,"off:NA|def:UNVALIDATED","INSUFFICIENT_SAMPLE","MODELED"
2026,2,"receiving_usage_vs_coverage_RB",,"SF",,-0.0321,,0.7158,-0.2158,"off:NA|def:UNVALIDATED","INSUFFICIENT_SAMPLE","MODELED"
2026,2,"receiving_usage_vs_coverage_RB",,"TB",,0.0841,,0.0842,0.4158,"off:NA|def:UNVALIDATED","INSUFFICIENT_SAMPLE","MODELED"
2026,2,"receiving_usage_vs_coverage_RB",,"TEN",,0.0262,,0.2842,0.2158,"off:NA|def:UNVALIDATED","INSUFFICIENT_SAMPLE","MODELED"
2026,2,"receiving_usage_vs_coverage_RB",,"WAS",,0.0088,,0.4737,0.0263,"off:NA|def:UNVALIDATED","INSUFFICIENT_SAMPLE","MODELED"
2026,2,"receiving_usage_vs_coverage_WR",,"ARI",,0.0111,,0.4421,0.0579,"off:NA|def:UNVALIDATED","INSUFFICIENT_SAMPLE","MODELED"
2026,2,"receiving_usage_vs_coverage_WR",,"ATL",,0.0142,,0.4,0.1,"off:NA|def:UNVALIDATED","INSUFFICIENT_SAMPLE","MODELED"
2026,2,"receiving_usage_vs_coverage_WR",,"BAL",,0.0108,,0.4526,0.0474,"off:NA|def:UNVALIDATED","INSUFFICIENT_SAMPLE","MODELED"
2026,2,"receiving_usage_vs_coverage_WR",,"BUF",,0.0011,,0.5474,-0.0474,"off:NA|def:UNVALIDATED","INSUFFICIENT_SAMPLE","MODELED"
2026,2,"receiving_usage_vs_coverage_WR",,"CAR",,0.0123,,0.4105,0.0895,"off:NA|def:UNVALIDATED","INSUFFICIENT_SAMPLE","MODELED"
2026,2,"receiving_usage_vs_coverage_WR",,"CHI",,0.0068,,0.5158,-0.0158,"off:NA|def:UNVALIDATED","INSUFFICIENT_SAMPLE","MODELED"
2026,2,"receiving_usage_vs_coverage_WR",,"CIN",,0.0184,,0.3579,0.1421,"off:NA|def:UNVALIDATED","INSUFFICIENT_SAMPLE","MODELED"
2026,2,"receiving_usage_vs_coverage_WR",,"CLE",,-0.0455,,0.7789,-0.2789,"off:NA|def:UNVALIDATED","INSUFFICIENT_SAMPLE","MODELED"
2026,2,"receiving_usage_vs_coverage_WR",,"DAL",,0.1024,,0.0526,0.4474,"off:NA|def:UNVALIDATED","INSUFFICIENT_SAMPLE","MODELED"
2026,2,"receiving_usage_vs_coverage_WR",,"DEN",,-0.0456,,0.7895,-0.2895,"off:NA|def:UNVALIDATED","INSUFFICIENT_SAMPLE","MODELED"
2026,2,"receiving_usage_vs_coverage_WR",,"DET",,-0.0107,,0.5789,-0.0789,"off:NA|def:UNVALIDATED","INSUFFICIENT_SAMPLE","MODELED"
2026,2,"receiving_usage_vs_coverage_WR",,"GB",,0.0592,,0.1474,0.3526,"off:NA|def:UNVALIDATED","INSUFFICIENT_SAMPLE","MODELED"
2026,2,"receiving_usage_vs_coverage_WR",,"HOU",,-0.055,,0.8316,-0.3316,"off:NA|def:UNVALIDATED","INSUFFICIENT_SAMPLE","MODELED"
2026,2,"receiving_usage_vs_coverage_WR",,"IND",,0.0171,,0.3684,0.1316,"off:NA|def:UNVALIDATED","INSUFFICIENT_SAMPLE","MODELED"
2026,2,"receiving_usage_vs_coverage_WR",,"JAX",,-0.0838,,0.9263,-0.4263,"off:NA|def:UNVALIDATED","INSUFFICIENT_SAMPLE","MODELED"
2026,2,"receiving_usage_vs_coverage_WR",,"KC",,-0.044,,0.7684,-0.2684,"off:NA|def:UNVALIDATED","INSUFFICIENT_SAMPLE","MODELED"
2026,2,"receiving_usage_vs_coverage_WR",,"LAC",,-0.0395,,0.7368,-0.2368,"off:NA|def:UNVALIDATED","INSUFFICIENT_SAMPLE","MODELED"
2026,2,"receiving_usage_vs_coverage_WR",,"LAR",,-0.0471,,0.8,-0.3,"off:NA|def:UNVALIDATED","INSUFFICIENT_SAMPLE","MODELED"
2026,2,"receiving_usage_vs_coverage_WR",,"LV",,0.0274,,0.2737,0.2263,"off:NA|def:UNVALIDATED","INSUFFICIENT_SAMPLE","MODELED"
2026,2,"receiving_usage_vs_coverage_WR",,"MIA",,0.0554,,0.1579,0.3421,"off:NA|def:UNVALIDATED","INSUFFICIENT_SAMPLE","MODELED"
2026,2,"receiving_usage_vs_coverage_WR",,"MIN",,-0.0396,,0.7474,-0.2474,"off:NA|def:UNVALIDATED","INSUFFICIENT_SAMPLE","MODELED"
2026,2,"receiving_usage_vs_coverage_WR",,"NE",,0.0197,,0.3474,0.1526,"off:NA|def:UNVALIDATED","INSUFFICIENT_SAMPLE","MODELED"
2026,2,"receiving_usage_vs_coverage_WR",,"NO",,-0.0263,,0.6737,-0.1737,"off:NA|def:UNVALIDATED","INSUFFICIENT_SAMPLE","MODELED"
2026,2,"receiving_usage_vs_coverage_WR",,"NYG",,0.0122,,0.4211,0.0789,"off:NA|def:UNVALIDATED","INSUFFICIENT_SAMPLE","MODELED"
2026,2,"receiving_usage_vs_coverage_WR",,"NYJ",,0.0677,,0.1263,0.3737,"off:NA|def:UNVALIDATED","INSUFFICIENT_SAMPLE","MODELED"
2026,2,"receiving_usage_vs_coverage_WR",,"PHI",,-0.0767,,0.9053,-0.4053,"off:NA|def:UNVALIDATED","INSUFFICIENT_SAMPLE","MODELED"
2026,2,"receiving_usage_vs_coverage_WR",,"PIT",,0.0165,,0.3895,0.1105,"off:NA|def:UNVALIDATED","INSUFFICIENT_SAMPLE","MODELED"
2026,2,"receiving_usage_vs_coverage_WR",,"SEA",,-0.0884,,0.9579,-0.4579,"off:NA|def:UNVALIDATED","INSUFFICIENT_SAMPLE","MODELED"
2026,2,"receiving_usage_vs_coverage_WR",,"SF",,0.0235,,0.3158,0.1842,"off:NA|def:UNVALIDATED","INSUFFICIENT_SAMPLE","MODELED"
2026,2,"receiving_usage_vs_coverage_WR",,"TB",,-0.0322,,0.7263,-0.2263,"off:NA|def:UNVALIDATED","INSUFFICIENT_SAMPLE","MODELED"
2026,2,"receiving_usage_vs_coverage_WR",,"TEN",,0.0869,,0.0632,0.4368,"off:NA|def:UNVALIDATED","INSUFFICIENT_SAMPLE","MODELED"
2026,2,"receiving_usage_vs_coverage_WR",,"WAS",,0.0721,,0.1053,0.3947,"off:NA|def:UNVALIDATED","INSUFFICIENT_SAMPLE","MODELED"
2026,2,"receiving_usage_vs_coverage_TE",,"ARI",,0.0827,,0.0947,0.4053,"off:NA|def:UNVALIDATED","INSUFFICIENT_SAMPLE","MODELED"
2026,2,"receiving_usage_vs_coverage_TE",,"ATL",,0.0071,,0.5053,-0.0053,"off:NA|def:UNVALIDATED","INSUFFICIENT_SAMPLE","MODELED"
2026,2,"receiving_usage_vs_coverage_TE",,"BAL",,-0.0271,,0.6947,-0.1947,"off:NA|def:UNVALIDATED","INSUFFICIENT_SAMPLE","MODELED"
2026,2,"receiving_usage_vs_coverage_TE",,"BUF",,-0.0282,,0.7053,-0.2053,"off:NA|def:UNVALIDATED","INSUFFICIENT_SAMPLE","MODELED"
2026,2,"receiving_usage_vs_coverage_TE",,"CAR",,0.1537,,0,0.5,"off:NA|def:UNVALIDATED","INSUFFICIENT_SAMPLE","MODELED"
2026,2,"receiving_usage_vs_coverage_TE",,"CHI",,-0.0564,,0.8421,-0.3421,"off:NA|def:UNVALIDATED","INSUFFICIENT_SAMPLE","MODELED"
2026,2,"receiving_usage_vs_coverage_TE",,"CIN",,0.068,,0.1158,0.3842,"off:NA|def:UNVALIDATED","INSUFFICIENT_SAMPLE","MODELED"
2026,2,"receiving_usage_vs_coverage_TE",,"CLE",,-0.0827,,0.9158,-0.4158,"off:NA|def:UNVALIDATED","INSUFFICIENT_SAMPLE","MODELED"
2026,2,"receiving_usage_vs_coverage_TE",,"DAL",,0.025,,0.2947,0.2053,"off:NA|def:UNVALIDATED","INSUFFICIENT_SAMPLE","MODELED"
2026,2,"receiving_usage_vs_coverage_TE",,"DEN",,-0.0521,,0.8105,-0.3105,"off:NA|def:UNVALIDATED","INSUFFICIENT_SAMPLE","MODELED"
2026,2,"receiving_usage_vs_coverage_TE",,"DET",,-0.1172,,0.9789,-0.4789,"off:NA|def:UNVALIDATED","INSUFFICIENT_SAMPLE","MODELED"
2026,2,"receiving_usage_vs_coverage_TE",,"GB",,-0.0223,,0.6316,-0.1316,"off:NA|def:UNVALIDATED","INSUFFICIENT_SAMPLE","MODELED"
2026,2,"receiving_usage_vs_coverage_TE",,"HOU",,-0.0851,,0.9368,-0.4368,"off:NA|def:UNVALIDATED","INSUFFICIENT_SAMPLE","MODELED"
2026,2,"receiving_usage_vs_coverage_TE",,"IND",,0.0851,,0.0737,0.4263,"off:NA|def:UNVALIDATED","INSUFFICIENT_SAMPLE","MODELED"
2026,2,"receiving_usage_vs_coverage_TE",,"JAX",,0.0249,,0.3053,0.1947,"off:NA|def:UNVALIDATED","INSUFFICIENT_SAMPLE","MODELED"
2026,2,"receiving_usage_vs_coverage_TE",,"KC",,0.0072,,0.4947,0.0053,"off:NA|def:UNVALIDATED","INSUFFICIENT_SAMPLE","MODELED"
2026,2,"receiving_usage_vs_coverage_TE",,"LAC",,0.0226,,0.3368,0.1632,"off:NA|def:UNVALIDATED","INSUFFICIENT_SAMPLE","MODELED"
2026,2,"receiving_usage_vs_coverage_TE",,"LAR",,-0.0601,,0.8526,-0.3526,"off:NA|def:UNVALIDATED","INSUFFICIENT_SAMPLE","MODELED"
2026,2,"receiving_usage_vs_coverage_TE",,"LV",,0.0168,,0.3789,0.1211,"off:NA|def:UNVALIDATED","INSUFFICIENT_SAMPLE","MODELED"
2026,2,"receiving_usage_vs_coverage_TE",,"MIA",,0.0288,,0.2632,0.2368,"off:NA|def:UNVALIDATED","INSUFFICIENT_SAMPLE","MODELED"
2026,2,"receiving_usage_vs_coverage_TE",,"MIN",,-0.0539,,0.8211,-0.3211,"off:NA|def:UNVALIDATED","INSUFFICIENT_SAMPLE","MODELED"
2026,2,"receiving_usage_vs_coverage_TE",,"NE",,-0.0234,,0.6632,-0.1632,"off:NA|def:UNVALIDATED","INSUFFICIENT_SAMPLE","MODELED"
2026,2,"receiving_usage_vs_coverage_TE",,"NO",,0.0064,,0.5263,-0.0263,"off:NA|def:UNVALIDATED","INSUFFICIENT_SAMPLE","MODELED"
2026,2,"receiving_usage_vs_coverage_TE",,"NYG",,0.0026,,0.5368,-0.0368,"off:NA|def:UNVALIDATED","INSUFFICIENT_SAMPLE","MODELED"
2026,2,"receiving_usage_vs_coverage_TE",,"NYJ",,0.0394,,0.2,0.3,"off:NA|def:UNVALIDATED","INSUFFICIENT_SAMPLE","MODELED"
2026,2,"receiving_usage_vs_coverage_TE",,"PHI",,-0.1513,,1,-0.5,"off:NA|def:UNVALIDATED","INSUFFICIENT_SAMPLE","MODELED"
2026,2,"receiving_usage_vs_coverage_TE",,"PIT",,-0.0224,,0.6421,-0.1421,"off:NA|def:UNVALIDATED","INSUFFICIENT_SAMPLE","MODELED"
2026,2,"receiving_usage_vs_coverage_TE",,"SEA",,0.0551,,0.1684,0.3316,"off:NA|def:UNVALIDATED","INSUFFICIENT_SAMPLE","MODELED"
2026,2,"receiving_usage_vs_coverage_TE",,"SF",,-0.0753,,0.8947,-0.3947,"off:NA|def:UNVALIDATED","INSUFFICIENT_SAMPLE","MODELED"
2026,2,"receiving_usage_vs_coverage_TE",,"TB",,0.061,,0.1368,0.3632,"off:NA|def:UNVALIDATED","INSUFFICIENT_SAMPLE","MODELED"
2026,2,"receiving_usage_vs_coverage_TE",,"TEN",,0.0512,,0.1895,0.3105,"off:NA|def:UNVALIDATED","INSUFFICIENT_SAMPLE","MODELED"
2026,2,"receiving_usage_vs_coverage_TE",,"WAS",,0.1199,,0.0211,0.4789,"off:NA|def:UNVALIDATED","INSUFFICIENT_SAMPLE","MODELED"
