"season","week","game_id","gsis_id","sleeper_id","pfr_id","full_name","position","team","opponent","offensive_snaps","team_offensive_plays","snap_share_source","snap_share_derived","pass_play_personnel","team_pass_plays","route_participation","route_participation_definition","route_participation_reliability","targets","team_pass_att","target_share","receptions","air_yards","team_air_yards","air_yards_share","aDOT","targets_per_route_run","carries","team_rush_att","rush_share","position_group_rush_share","position_group_target_share","dropbacks","qb_scrambles","designed_rushes","red_zone_targets","red_zone_carries","inside_10_targets","inside_10_carries","goal_line_carries","end_zone_targets","team_rz_pass_att","team_rz_rush_att","rz_target_share","rz_carry_share","third_down_targets","third_down_carries","two_minute_targets","two_minute_carries","kick_returns","kick_return_yards","punt_returns","punt_return_yards","team_kick_returns","team_punt_returns","kick_return_opportunity_share","punt_return_opportunity_share","offense_domain_active","return_domain_active","team_offensive_plays_neutral_score_differential","overtime","prior_game_team","team_changed_since_prior_game"
2026,1,"2026_01_ATL_PIT","00-0023459","96","RodgAa00","Aaron Rodgers","QB","PIT","ATL",67,65,1,1.03076923076923,,47,,"pass_play_personnel_share","PROXY_PERSONNEL_PRESENCE",0,47,0,0,0,407,0,,,0,18,0,,,42,0,0,0,0,0,0,0,0,5,1,0,0,0,0,0,0,0,0,0,0,3,4,0,0,TRUE,FALSE,3.12307692307692,FALSE,,FALSE
2026,1,"2026_01_ATL_PIT","00-0025565","650","FolkNi20","Nick Folk","K","ATL","PIT",0,60,0,0,,28,,"pass_play_personnel_share","UNRELIABLE_NON_ELIGIBLE_POSITION",0,28,0,0,0,77,0,,,0,32,0,,,0,0,0,0,0,0,0,0,0,0,0,,,0,0,0,0,0,0,0,0,4,3,0,0,FALSE,FALSE,-5.28333333333333,FALSE,,FALSE
2026,1,"2026_01_TB_CIN","00-0026158","19","FlacJo00","Joe Flacco","QB","CIN","TB",0,63,0,0,,38,,"pass_play_personnel_share","PROXY_PERSONNEL_PRESENCE",0,38,0,0,0,226,0,,,0,25,0,,,0,0,0,0,0,0,0,0,0,7,8,0,0,0,0,0,0,0,0,0,0,6,,0,,FALSE,FALSE,8.85714285714286,FALSE,,FALSE
2026,1,"2026_01_BAL_IND","00-0026190","125","CampCa99","Calais Campbell","DL","BAL","IND",0,64,0,0,,32,,"pass_play_personnel_share","UNRELIABLE_NON_ELIGIBLE_POSITION",0,32,0,0,0,270,0,,,0,32,0,,,0,0,0,0,0,0,0,0,0,5,7,0,0,0,0,0,0,0,0,0,0,5,5,0,0,FALSE,FALSE,11.125,FALSE,,FALSE
2026,1,"2026_01_SF_LA","00-0026498","421","StafMa00","Matthew Stafford","QB","LAR","SF",51,60,0.84,0.85,,33,,"pass_play_personnel_share","PROXY_PERSONNEL_PRESENCE",0,33,0,0,0,255,0,,,1,27,0.037037037037037,,,25,0,1,0,1,0,1,1,0,2,7,0,0.142857142857143,0,0,0,0,0,0,0,0,5,1,0,0,TRUE,FALSE,-9.48333333333334,FALSE,,FALSE
2026,1,"2026_01_DAL_NYG","00-0027940","871","MillVo00","Von Miller","LB","DAL","NYG",0,58,0,0,,41,,"pass_play_personnel_share","UNRELIABLE_NON_ELIGIBLE_POSITION",0,41,0,0,0,309,0,,,0,17,0,,,0,0,0,0,0,0,0,0,0,6,4,0,0,0,0,0,0,0,0,0,0,5,,0,,FALSE,FALSE,-8.68965517241379,FALSE,,FALSE
2026,1,"2026_01_ATL_PIT","00-0027969","843","HeywCa01","Cameron Heyward","DL","PIT","ATL",0,65,0,0,,47,,"pass_play_personnel_share","UNRELIABLE_NON_ELIGIBLE_POSITION",0,47,0,0,0,407,0,,,0,18,0,,,0,0,0,0,0,0,0,0,0,5,1,0,0,0,0,0,0,0,0,0,0,3,4,0,0,FALSE,FALSE,3.12307692307692,FALSE,,FALSE
2026,1,"2026_01_ARI_LAC","00-0028845","1238","HarrJo02","Josh Harris","LS","LAC","ARI",0,55,0,0,,39,,"pass_play_personnel_share","UNRELIABLE_NON_ELIGIBLE_POSITION",0,39,0,0,0,273,0,,,0,16,0,,,0,0,0,0,0,0,0,0,0,7,4,0,0,0,0,0,0,0,0,0,0,4,1,0,0,FALSE,FALSE,-5.67272727272727,FALSE,,FALSE
2026,1,"2026_01_MIA_LV","00-0029604","1166","CousKi00","Kirk Cousins","QB","LV","MIA",68,65,1,1.04615384615385,,32,,"pass_play_personnel_share","PROXY_PERSONNEL_PRESENCE",0,32,0,0,0,226,0,,,1,33,0.0303030303030303,,,30,0,1,0,0,0,0,0,0,8,4,0,0,0,1,0,0,0,0,0,0,2,4,0,0,TRUE,FALSE,7.52307692307692,FALSE,,FALSE
2026,1,"2026_01_GB_MIN","00-0029606","1213","SmitHa00","Harrison Smith","DB","MIN","GB",0,62,0,0,,34,,"pass_play_personnel_share","UNRELIABLE_NON_ELIGIBLE_POSITION",0,34,0,0,0,176,0,,,0,28,0,,,0,0,0,0,0,0,0,0,0,7,8,0,0,0,0,0,0,0,0,0,0,5,1,0,0,FALSE,FALSE,-5.9516129032258,FALSE,,FALSE
2026,1,"2026_01_NYJ_TEN","00-0029607","1052","DaviDe00","Demario Davis","LB","NYJ","TEN",0,64,0,0,,28,,"pass_play_personnel_share","UNRELIABLE_NON_ELIGIBLE_POSITION",0,28,0,0,0,168,0,,,0,36,0,,,0,0,0,0,0,0,0,0,0,2,5,0,0,0,0,0,0,0,0,0,0,,3,,0,FALSE,FALSE,7.65625,FALSE,,FALSE
2026,1,"2026_01_DAL_NYG","00-0029692","1113","AngeBr00","Bryan Anger","P","DAL","NYG",0,58,0,0,,41,,"pass_play_personnel_share","UNRELIABLE_NON_ELIGIBLE_POSITION",0,41,0,0,0,309,0,,,0,17,0,,,0,0,0,0,0,0,0,0,0,6,4,0,0,0,0,0,0,0,0,0,0,5,,0,,FALSE,FALSE,-8.68965517241379,FALSE,,FALSE
2026,1,"2026_01_SF_LA","00-0029892","1379","JuszKy00","Kyle Juszczyk","RB","SF","LAR",33,65,0.51,0.507692307692308,,37,,"pass_play_personnel_share","PROXY_PERSONNEL_PRESENCE",0,37,0,0,0,149,0,,,0,28,0,0,,0,0,0,0,0,0,0,0,0,8,2,0,0,0,0,0,0,0,0,0,0,2,3,0,0,TRUE,FALSE,4.13846153846154,FALSE,,FALSE
2026,1,"2026_01_BAL_IND","00-0030070","1553","JenkJo00","John Jenkins","DL","BAL","IND",0,64,0,0,,32,,"pass_play_personnel_share","UNRELIABLE_NON_ELIGIBLE_POSITION",0,32,0,0,0,270,0,,,0,32,0,,,0,0,0,0,0,0,0,0,0,5,7,0,0,0,0,0,0,0,0,0,0,5,5,0,0,FALSE,FALSE,11.125,FALSE,,FALSE
2026,1,"2026_01_CHI_CAR","00-0030092","1516","MartSa01","Sam Martin","P","CAR","CHI",0,68,0,0,,46,,"pass_play_personnel_share","UNRELIABLE_NON_ELIGIBLE_POSITION",0,46,0,0,0,366,0,,,0,22,0,,,0,0,0,0,0,0,0,0,0,10,5,0,0,0,0,0,0,0,0,0,0,7,2,0,0,FALSE,FALSE,-9.88235294117648,FALSE,,FALSE
2026,1,"2026_01_WAS_PHI","00-0030140","1506","WayxTr00","Tress Way","P","WAS","PHI",0,70,0,0,,41,,"pass_play_personnel_share","UNRELIABLE_NON_ELIGIBLE_POSITION",0,41,0,0,0,317,0,,,0,29,0,,,0,0,0,0,0,0,0,0,0,9,7,0,0,0,0,0,0,0,0,0,0,5,4,0,0,FALSE,FALSE,-5.57142857142857,FALSE,,FALSE
2026,1,"2026_01_BAL_IND","00-0030279","1479","AlleKe00","Keenan Allen","WR","IND","BAL",36,54,0.67,0.666666666666667,,35,,"pass_play_personnel_share","PROXY_PERSONNEL_PRESENCE",6,35,0.171428571428571,6,22,201,0.109452736318408,3.66666666666667,,0,19,0,,0.333333333333333,0,0,0,1,0,1,0,0,0,3,5,0.333333333333333,0,0,0,1,0,0,0,0,0,6,2,0,0,TRUE,FALSE,-13.4259259259259,FALSE,,FALSE
2026,1,"2026_01_ARI_LAC","00-0030294","1686","JeffTo00","Tony Jefferson","DB","LAC","ARI",0,55,0,0,,39,,"pass_play_personnel_share","UNRELIABLE_NON_ELIGIBLE_POSITION",0,39,0,0,0,273,0,,,0,16,0,,,0,0,0,0,0,0,0,0,0,7,4,0,0,0,0,0,0,0,0,0,0,4,1,0,0,FALSE,FALSE,-5.67272727272727,FALSE,,FALSE
2026,1,"2026_01_DEN_KC","00-0030506","1466","KelcTr00","Travis Kelce","TE","KC","DEN",49,66,0.71,0.742424242424242,,34,,"pass_play_personnel_share","PROXY_PERSONNEL_PRESENCE",5,34,0.147058823529412,3,29,133,0.218045112781955,5.8,,0,32,0,,0.714285714285714,0,0,0,0,0,0,0,0,0,7,4,0,0,2,0,1,0,0,0,0,0,3,4,0,0,TRUE,FALSE,6.83333333333333,FALSE,,FALSE
2026,1,"2026_01_NYJ_TEN","00-0030565","1373","SmitGe00","Geno Smith","QB","NYJ","TEN",67,64,1,1.046875,,28,,"pass_play_personnel_share","PROXY_PERSONNEL_PRESENCE",0,28,0,0,0,168,0,,,1,36,0.0277777777777778,,,24,0,1,0,0,0,0,0,0,2,5,0,0,0,1,0,0,0,0,0,0,,3,,0,TRUE,FALSE,7.65625,FALSE,,FALSE
2026,1,"2026_01_DEN_KC","00-0030615","1785","WincJa00","James Winchester","LS","KC","DEN",0,66,0,0,,34,,"pass_play_personnel_share","UNRELIABLE_NON_ELIGIBLE_POSITION",0,34,0,0,0,133,0,,,0,32,0,,,0,0,0,0,0,0,0,0,0,7,4,0,0,0,0,0,0,0,0,0,0,3,4,0,0,FALSE,FALSE,6.83333333333333,FALSE,,FALSE
2026,1,"2026_01_ARI_LAC","00-0031040","2036","MackKh00","Khalil Mack","LB","LAC","ARI",0,55,0,0,,39,,"pass_play_personnel_share","UNRELIABLE_NON_ELIGIBLE_POSITION",0,39,0,0,0,273,0,,,0,16,0,,,0,0,0,0,0,0,0,0,0,7,4,0,0,0,0,0,0,0,0,0,0,4,1,0,0,FALSE,FALSE,-5.67272727272727,FALSE,,FALSE
2026,1,"2026_01_ATL_PIT","00-0031136","1945","BoswCh00","Chris Boswell","K","PIT","ATL",0,65,0,0,,47,,"pass_play_personnel_share","UNRELIABLE_NON_ELIGIBLE_POSITION",0,47,0,0,0,407,0,,,0,18,0,,,0,0,0,0,0,0,0,0,0,5,1,0,0,0,0,0,0,0,0,0,0,3,4,0,0,FALSE,FALSE,3.12307692307692,FALSE,,FALSE
2026,1,"2026_01_CHI_CAR","00-0031203","2020","SantCa01","Cairo Santos","K","CHI","CAR",0,75,0,0,,40,,"pass_play_personnel_share","UNRELIABLE_NON_ELIGIBLE_POSITION",0,40,0,0,0,319,0,,,0,35,0,,,0,0,0,0,0,0,0,0,0,7,10,0,0,0,0,0,0,0,0,0,0,4,1,0,0,FALSE,FALSE,3.50666666666667,FALSE,,FALSE
2026,1,"2026_01_DAL_NYG","00-0031235","2078","BeckOd00","Odell Beckham","WR","NYG","DAL",11,66,0.16,0.166666666666667,,33,,"pass_play_personnel_share","PROXY_PERSONNEL_PRESENCE",0,33,0,0,0,245,0,,,0,33,0,,0,0,0,0,0,0,0,0,0,0,7,5,0,0,0,0,0,0,0,0,0,0,3,2,0,0,TRUE,FALSE,4.48484848484848,FALSE,,FALSE
2026,1,"2026_01_DAL_NYG","00-0031270","2033","HarrSh00","Shelby Harris","DL","NYG","DAL",0,66,0,0,,33,,"pass_play_personnel_share","UNRELIABLE_NON_ELIGIBLE_POSITION",0,33,0,0,0,245,0,,,0,33,0,,,0,0,0,0,0,0,0,0,0,7,5,0,0,0,0,0,0,0,0,0,0,3,2,0,0,FALSE,FALSE,4.48484848484848,FALSE,,FALSE
2026,1,"2026_01_GB_MIN","00-0031360","2130","VanNKy00","Kyle Van Noy","LB","MIN","GB",0,62,0,0,,34,,"pass_play_personnel_share","UNRELIABLE_NON_ELIGIBLE_POSITION",0,34,0,0,0,176,0,,,0,28,0,,,0,0,0,0,0,0,0,0,0,7,8,0,0,0,0,0,0,0,0,0,0,5,1,0,0,FALSE,FALSE,-5.9516129032258,FALSE,,FALSE
2026,1,"2026_01_BUF_HOU","00-0031364","1947","ClowJa00","Jadeveon Clowney","DL","HOU","BUF",0,79,0,0,,48,,"pass_play_personnel_share","UNRELIABLE_NON_ELIGIBLE_POSITION",0,48,0,0,0,322,0,,,0,31,0,,,0,0,0,0,0,0,0,0,0,6,5,0,0,0,0,0,0,0,0,0,0,8,1,0,0,FALSE,FALSE,-3.83544303797468,FALSE,,FALSE
2026,1,"2026_01_SF_LA","00-0031381","2133","AdamDa01","Davante Adams","WR","LAR","SF",33,60,0.54,0.55,,33,,"pass_play_personnel_share","PROXY_PERSONNEL_PRESENCE",6,33,0.181818181818182,3,73,255,0.286274509803922,12.1666666666667,,0,27,0,,0.352941176470588,0,0,0,0,0,0,0,0,0,2,7,0,0,2,0,0,0,0,0,0,0,5,1,0,0,TRUE,FALSE,-9.48333333333334,FALSE,,FALSE
2026,1,"2026_01_SF_LA","00-0031408","2216","EvanMi00","Mike Evans","WR","SF","LAR",49,65,0.75,0.753846153846154,,37,,"pass_play_personnel_share","PROXY_PERSONNEL_PRESENCE",7,37,0.189189189189189,6,55,149,0.369127516778524,7.85714285714286,,0,28,0,,0.411764705882353,0,0,0,2,0,1,0,0,1,8,2,0.25,0,6,0,1,0,0,0,0,0,2,3,0,0,TRUE,FALSE,4.13846153846154,FALSE,,FALSE
2026,1,"2026_01_NE_SEA","00-0031411","2064","LawrDe00","Demarcus Lawrence","LB","SEA","NE",0,49,0,0,,28,,"pass_play_personnel_share","UNRELIABLE_NON_ELIGIBLE_POSITION",0,28,0,0,0,154,0,,,0,21,0,,,0,0,0,0,0,0,0,0,0,5,2,0,0,0,0,0,0,0,0,0,0,3,4,0,0,FALSE,FALSE,-4.6734693877551,FALSE,,FALSE
2026,1,"2026_01_DAL_NYG","00-0031484","3048","ManhCh00","Chris Manhertz","TE","NYG","DAL",24,66,0.35,0.363636363636364,,33,,"pass_play_personnel_share","PROXY_PERSONNEL_PRESENCE",0,33,0,0,0,245,0,,,0,33,0,,0,0,0,0,0,0,0,0,0,0,7,5,0,0,0,0,0,0,0,0,0,0,3,2,0,0,TRUE,FALSE,4.48484848484848,FALSE,,FALSE
2026,1,"2026_01_NE_SEA","00-0031492","2747","MyerJa00","Jason Myers","K","SEA","NE",0,49,0,0,,28,,"pass_play_personnel_share","UNRELIABLE_NON_ELIGIBLE_POSITION",0,28,0,0,0,154,0,,,0,21,0,,,0,0,0,0,0,0,0,0,0,5,2,0,0,0,0,0,0,0,0,0,0,3,4,0,0,FALSE,FALSE,-4.6734693877551,FALSE,,FALSE
2026,1,"2026_01_BUF_HOU","00-0031565","2393","HuntDa01","Danielle Hunter","DL","HOU","BUF",0,79,0,0,,48,,"pass_play_personnel_share","UNRELIABLE_NON_ELIGIBLE_POSITION",0,48,0,0,0,322,0,,,0,31,0,,,0,0,0,0,0,0,0,0,0,6,5,0,0,0,0,0,0,0,0,0,0,8,1,0,0,FALSE,FALSE,-3.83544303797468,FALSE,,FALSE
2026,1,"2026_01_ATL_PIT","00-0031576","2427","SmitZa00","Za'Darius Smith","LB","ATL","PIT",0,60,0,0,,28,,"pass_play_personnel_share","UNRELIABLE_NON_ELIGIBLE_POSITION",0,28,0,0,0,77,0,,,0,32,0,,,0,0,0,0,0,0,0,0,0,0,0,,,0,0,0,0,0,0,0,0,4,3,0,0,FALSE,FALSE,-5.28333333333333,FALSE,,FALSE
2026,1,"2026_01_CHI_CAR","00-0031583","2592","JarrGr00","Grady Jarrett","DL","CHI","CAR",0,75,0,0,,40,,"pass_play_personnel_share","UNRELIABLE_NON_ELIGIBLE_POSITION",0,40,0,0,0,319,0,,,0,35,0,,,0,0,0,0,0,0,0,0,0,7,10,0,0,0,0,0,0,0,0,0,0,4,1,0,0,FALSE,FALSE,3.50666666666667,FALSE,,FALSE
2026,1,"2026_01_WAS_PHI","00-0031588","2449","DiggSt00","Stefon Diggs","WR","WAS","PHI",44,70,0.63,0.628571428571429,,41,,"pass_play_personnel_share","PROXY_PERSONNEL_PRESENCE",9,41,0.219512195121951,4,83,317,0.261829652996845,9.22222222222222,,0,29,0,,0.45,0,0,0,1,0,1,0,0,0,9,7,0.111111111111111,0,3,0,0,0,0,0,0,0,5,4,0,0,TRUE,FALSE,-5.57142857142857,FALSE,,FALSE
2026,1,"2026_01_CLE_JAX","00-0031595","2471","BurtMi00","Michael Burton","RB","CLE","JAX",6,51,0.12,0.117647058823529,,32,,"pass_play_personnel_share","PROXY_PERSONNEL_PRESENCE",0,32,0,0,0,228,0,,,0,19,0,0,,0,0,0,0,0,0,0,0,0,4,3,0,0,0,0,0,0,0,0,0,0,6,2,0,0,TRUE,FALSE,-23.3529411764706,FALSE,,FALSE
2026,1,"2026_01_CHI_CAR","00-0031610","2505","WallDa01","Darren Waller","TE","CAR","CHI",24,68,0.35,0.352941176470588,,46,,"pass_play_personnel_share","PROXY_PERSONNEL_PRESENCE",2,46,0.0434782608695652,2,8,366,0.0218579234972678,4,,0,22,0,,0.222222222222222,0,0,0,0,0,0,0,0,0,10,5,0,0,0,0,1,0,0,0,0,0,7,2,0,0,TRUE,FALSE,-9.88235294117648,FALSE,,FALSE
2026,1,"2026_01_DEN_KC","00-0031898","2617","SingAl00","Alex Singleton","LB","DEN","KC",0,50,0,0,,35,,"pass_play_personnel_share","UNRELIABLE_NON_ELIGIBLE_POSITION",0,35,0,0,0,92,0,,,0,15,0,,,0,0,0,0,0,0,0,0,0,4,1,0,0,0,0,0,0,0,0,0,0,5,3,0,0,FALSE,FALSE,-9.24,FALSE,,FALSE
2026,1,"2026_01_NE_SEA","00-0031933","2311","WillLe02","Leonard Williams","DL","SEA","NE",0,49,0,0,,28,,"pass_play_personnel_share","UNRELIABLE_NON_ELIGIBLE_POSITION",0,28,0,0,0,154,0,,,0,21,0,,,0,0,0,0,0,0,0,0,0,5,2,0,0,0,0,0,0,0,0,0,0,3,4,0,0,FALSE,FALSE,-4.6734693877551,FALSE,,FALSE
2026,1,"2026_01_TB_CIN","00-0031957","2993","NuneRa00","Rakeem Nunez-Roches","DL","TB","CIN",0,56,0,0,,39,,"pass_play_personnel_share","UNRELIABLE_NON_ELIGIBLE_POSITION",0,39,0,0,0,143,0,,,0,17,0,,,0,0,0,0,0,0,0,0,0,7,3,0,0,0,0,0,0,0,0,0,0,7,1,0,0,FALSE,FALSE,-9.80357142857143,FALSE,,FALSE
2026,1,"2026_01_NE_SEA","00-0032052","2308","FowlDa00","Dante Fowler","LB","SEA","NE",0,49,0,0,,28,,"pass_play_personnel_share","UNRELIABLE_NON_ELIGIBLE_POSITION",0,28,0,0,0,154,0,,,0,21,0,,,0,0,0,0,0,0,0,0,0,5,2,0,0,0,0,0,0,0,0,0,0,3,4,0,0,FALSE,FALSE,-4.6734693877551,FALSE,,FALSE
2026,1,"2026_01_MIA_LV","00-0032065","2468","PiniBr00","Bradley Pinion","P","MIA","LV",0,55,0,0,,40,,"pass_play_personnel_share","UNRELIABLE_NON_ELIGIBLE_POSITION",0,40,0,0,0,309,0,,,0,15,0,,,0,0,0,0,0,0,0,0,0,2,3,0,0,0,0,0,0,0,0,0,0,5,1,0,0,FALSE,FALSE,-10.4545454545455,FALSE,,FALSE
2026,1,"2026_01_CLE_JAX","00-0032104","2359","AbduAm00","Ameer Abdullah","RB","JAX","CLE",5,54,0.09,0.0925925925925926,,25,,"pass_play_personnel_share","PROXY_PERSONNEL_PRESENCE",1,25,0.04,1,-3,242,-0.012396694214876,-3,,4,29,0.137931034482759,0.16,,0,0,0,0,0,0,0,0,0,2,1,0,0,0,1,0,0,2,59,0,0,3,3,0.666666666666667,0,TRUE,TRUE,16.3703703703704,FALSE,,FALSE
2026,1,"2026_01_ARI_LAC","00-0032146","2327","DuprAl00","Bud Dupree","LB","LAC","ARI",0,55,0,0,,39,,"pass_play_personnel_share","UNRELIABLE_NON_ELIGIBLE_POSITION",0,39,0,0,0,273,0,,,0,16,0,,,0,0,0,0,0,0,0,0,0,7,4,0,0,0,0,0,0,0,0,0,0,4,1,0,0,FALSE,FALSE,-5.67272727272727,FALSE,,FALSE
2026,1,"2026_01_CLE_JAX","00-0032164","2322","ArmsAr01","Arik Armstead","DL","JAX","CLE",0,54,0,0,,25,,"pass_play_personnel_share","UNRELIABLE_NON_ELIGIBLE_POSITION",0,25,0,0,0,242,0,,,0,29,0,,,0,0,0,0,0,0,0,0,0,2,1,0,0,0,0,0,0,0,0,0,0,3,3,0,0,FALSE,FALSE,16.3703703703704,FALSE,,FALSE
2026,1,"2026_01_BUF_HOU","00-0032265","2340","EdwaMa01","Mario Edwards","DL","HOU","BUF",0,79,0,0,,48,,"pass_play_personnel_share","UNRELIABLE_NON_ELIGIBLE_POSITION",0,48,0,0,0,322,0,,,0,31,0,,,0,0,0,0,0,0,0,0,0,6,5,0,0,0,0,0,0,0,0,0,0,8,1,0,0,FALSE,FALSE,-3.83544303797468,FALSE,,FALSE
2026,1,"2026_01_BAL_IND","00-0032378","3172","BuckDe00","DeForest Buckner","DL","IND","BAL",0,54,0,0,,35,,"pass_play_personnel_share","UNRELIABLE_NON_ELIGIBLE_POSITION",0,35,0,0,0,201,0,,,0,19,0,,,0,0,0,0,0,0,0,0,0,3,5,0,0,0,0,0,0,0,0,0,0,6,2,0,0,FALSE,FALSE,-13.4259259259259,FALSE,,FALSE
2026,1,"2026_01_NE_SEA","00-0032387","3220","ReedJa02","Jarran Reed","DL","SEA","NE",0,49,0,0,,28,,"pass_play_personnel_share","UNRELIABLE_NON_ELIGIBLE_POSITION",0,28,0,0,0,154,0,,,0,21,0,,,0,0,0,0,0,0,0,0,0,5,2,0,0,0,0,0,0,0,0,0,0,3,4,0,0,FALSE,FALSE,-4.6734693877551,FALSE,,FALSE
2026,1,"2026_01_ATL_PIT","00-0032392","3202","HoopAu00","Austin Hooper","TE","ATL","PIT",14,60,0.23,0.233333333333333,,28,,"pass_play_personnel_share","PROXY_PERSONNEL_PRESENCE",0,28,0,0,0,77,0,,,0,32,0,,0,0,0,0,0,0,0,0,0,0,0,0,,,0,0,0,0,0,0,0,0,4,3,0,0,TRUE,FALSE,-5.28333333333333,FALSE,,FALSE
2026,1,"2026_01_BAL_IND","00-0032398","3269","MoorCh00","Chris Moore","WR","BAL","IND",25,64,0.37,0.390625,,32,,"pass_play_personnel_share","PROXY_PERSONNEL_PRESENCE",2,32,0.0625,1,68,270,0.251851851851852,34,,0,32,0,,0.142857142857143,0,0,0,0,0,0,0,0,0,5,7,0,0,2,0,0,0,4,121,0,0,5,5,0.8,0,TRUE,TRUE,11.125,FALSE,,FALSE
2026,1,"2026_01_TB_CIN","00-0032399","3272","KillMi00","Miles Killebrew","DB","TB","CIN",0,56,0,0,,39,,"pass_play_personnel_share","UNRELIABLE_NON_ELIGIBLE_POSITION",0,39,0,0,0,143,0,,,0,17,0,,,0,0,0,0,0,0,0,0,0,7,3,0,0,0,0,0,0,0,0,0,0,7,1,0,0,FALSE,FALSE,-9.80357142857143,FALSE,,FALSE
2026,1,"2026_01_DAL_NYG","00-0032424","3322","ReadD.00","D.J. Reader","DL","NYG","DAL",0,66,0,0,,33,,"pass_play_personnel_share","UNRELIABLE_NON_ELIGIBLE_POSITION",0,33,0,0,0,245,0,,,0,33,0,,,0,0,0,0,0,0,0,0,0,7,5,0,0,0,0,0,0,0,0,0,0,3,2,0,0,FALSE,FALSE,4.48484848484848,FALSE,,FALSE
2026,1,"2026_01_CHI_CAR","00-0032464","3634","RaymKa00","Kalif Raymond","WR","CHI","CAR",45,75,0.6,0.6,,40,,"pass_play_personnel_share","PROXY_PERSONNEL_PRESENCE",9,40,0.225,8,65,319,0.203761755485893,7.22222222222222,,0,35,0,,0.5,0,0,0,1,0,0,0,0,0,7,10,0.142857142857143,0,5,0,1,0,0,0,1,23,4,1,0,1,TRUE,TRUE,3.50666666666667,FALSE,,FALSE
2026,1,"2026_01_DEN_KC","00-0032569","3678","LutzWi00","Wil Lutz","K","DEN","KC",0,50,0,0,,35,,"pass_play_personnel_share","UNRELIABLE_NON_ELIGIBLE_POSITION",0,35,0,0,0,92,0,,,0,15,0,,,0,0,0,0,0,0,0,0,0,4,1,0,0,0,0,0,0,0,0,0,0,5,3,0,0,FALSE,FALSE,-9.24,FALSE,,FALSE
2026,1,"2026_01_WAS_PHI","00-0032580","3415","JoneJo03","Jonathan Jones","DB","PHI","WAS",0,53,0,0,,34,,"pass_play_personnel_share","UNRELIABLE_NON_ELIGIBLE_POSITION",0,34,0,0,0,225,0,,,0,19,0,,,0,0,0,0,0,0,0,0,0,3,4,0,0,0,0,0,0,0,0,0,0,3,5,0,0,FALSE,FALSE,1.83018867924528,FALSE,,FALSE
2026,1,"2026_01_SF_LA","00-0032701",,,,"OL","SF","LAR",,65,,,,37,,"pass_play_personnel_share","UNRELIABLE_NON_ELIGIBLE_POSITION",1,37,0.027027027027027,1,-1,149,-0.00671140939597315,-1,,0,28,0,,,0,0,0,0,0,0,0,0,0,8,2,0,0,0,0,0,0,0,0,0,0,2,3,0,0,TRUE,FALSE,4.13846153846154,FALSE,,FALSE
2026,1,"2026_01_BUF_HOU","00-0032726","3451","FairKa01","Ka'imi Fairbairn","K","HOU","BUF",0,79,0,0,,48,,"pass_play_personnel_share","UNRELIABLE_NON_ELIGIBLE_POSITION",0,48,0,0,0,322,0,,,0,31,0,,,0,0,0,0,0,0,0,0,0,6,5,0,0,0,0,0,0,0,0,0,0,8,1,0,0,FALSE,FALSE,-3.83544303797468,FALSE,,FALSE
2026,1,"2026_01_BAL_IND","00-0032753","3598","RhodLu00","Luke Rhodes","LS","IND","BAL",0,54,0,0,,35,,"pass_play_personnel_share","UNRELIABLE_NON_ELIGIBLE_POSITION",0,35,0,0,0,201,0,,,0,19,0,,,0,0,0,0,0,0,0,0,0,3,5,0,0,0,0,0,0,0,0,0,0,6,2,0,0,FALSE,FALSE,-13.4259259259259,FALSE,,FALSE
2026,1,"2026_01_BUF_HOU","00-0032759","3188","RankSh00","Sheldon Rankins","DL","HOU","BUF",0,79,0,0,,48,,"pass_play_personnel_share","UNRELIABLE_NON_ELIGIBLE_POSITION",0,48,0,0,0,322,0,,,0,31,0,,,0,0,0,0,0,0,0,0,0,6,5,0,0,0,0,0,0,0,0,0,0,8,1,0,0,FALSE,FALSE,-3.83544303797468,FALSE,,FALSE
2026,1,"2026_01_DEN_KC","00-0032762","3558","JoneCh09","Chris Jones","DL","KC","DEN",0,66,0,0,,34,,"pass_play_personnel_share","UNRELIABLE_NON_ELIGIBLE_POSITION",0,34,0,0,0,133,0,,,0,32,0,,,0,0,0,0,0,0,0,0,0,7,4,0,0,0,0,0,0,0,0,0,0,3,4,0,0,FALSE,FALSE,6.83333333333333,FALSE,,FALSE
2026,1,"2026_01_BAL_IND","00-0032764","3198","HenrDe00","Derrick Henry","RB","BAL","IND",37,64,0.54,0.578125,,32,,"pass_play_personnel_share","PROXY_PERSONNEL_PRESENCE",1,32,0.03125,1,-1,270,-0.0037037037037037,-1,,24,32,0.75,0.8,,0,0,0,0,6,0,5,2,0,5,7,0,0.857142857142857,0,0,0,0,0,0,0,0,5,5,0,0,TRUE,FALSE,11.125,FALSE,,FALSE
2026,1,"2026_01_SF_LA","00-0032775","3286","RobiDe01","Demarcus Robinson","WR","SF","LAR",41,65,0.63,0.630769230769231,,37,,"pass_play_personnel_share","PROXY_PERSONNEL_PRESENCE",3,37,0.0810810810810811,2,45,149,0.302013422818792,15,,0,28,0,,0.176470588235294,0,0,0,2,0,1,0,0,2,8,2,0.25,0,1,0,0,0,0,0,0,0,2,3,0,0,TRUE,FALSE,4.13846153846154,FALSE,,FALSE
2026,1,"2026_01_TB_CIN","00-0032889","3218","RobiAS00","A'Shawn Robinson","DL","TB","CIN",0,56,0,0,,39,,"pass_play_personnel_share","UNRELIABLE_NON_ELIGIBLE_POSITION",0,39,0,0,0,143,0,,,0,17,0,,,0,0,0,0,0,0,0,0,0,7,3,0,0,0,0,0,0,0,0,0,0,7,1,0,0,FALSE,FALSE,-9.80357142857143,FALSE,,FALSE
2026,1,"2026_01_TB_CIN","00-0032943","3383","DixoRi00","Riley Dixon","P","TB","CIN",0,56,0,0,,39,,"pass_play_personnel_share","UNRELIABLE_NON_ELIGIBLE_POSITION",0,39,0,0,0,143,0,,,0,17,0,,,0,0,0,0,0,0,0,0,0,7,3,0,0,0,0,0,0,0,0,0,0,7,1,0,0,FALSE,FALSE,-9.80357142857143,FALSE,,FALSE
2026,1,"2026_01_GB_MIN","00-0032950","3161","WentCa00","Carson Wentz","QB","MIN","GB",54,62,0.83,0.870967741935484,,34,,"pass_play_personnel_share","PROXY_PERSONNEL_PRESENCE",0,34,0,0,0,176,0,,,1,28,0.0357142857142857,,,23,0,1,0,0,0,0,0,0,7,8,0,0,0,1,0,0,0,0,0,0,5,1,0,0,TRUE,FALSE,-5.9516129032258,FALSE,,FALSE
2026,1,"2026_01_BAL_IND","00-0032951","3155","TreaLa00","Laquon Treadwell","WR","IND","BAL",19,54,0.35,0.351851851851852,,35,,"pass_play_personnel_share","PROXY_PERSONNEL_PRESENCE",1,35,0.0285714285714286,0,4,201,0.0199004975124378,4,,0,19,0,,0.0555555555555556,0,0,0,0,0,0,0,0,0,3,5,0,0,0,0,0,0,0,0,0,0,6,2,0,0,TRUE,FALSE,-13.4259259259259,FALSE,,FALSE
2026,1,"2026_01_CLE_JAX","00-0033038","3268","MurrEr00","Eric Murray","DB","JAX","CLE",0,54,0,0,,25,,"pass_play_personnel_share","UNRELIABLE_NON_ELIGIBLE_POSITION",0,25,0,0,0,242,0,,,0,29,0,,,0,0,0,0,0,0,0,0,0,2,1,0,0,0,0,0,0,0,0,0,0,3,3,0,0,FALSE,FALSE,16.3703703703704,FALSE,,FALSE
2026,1,"2026_01_NYJ_TEN","00-0033051","3281","OnyeDa00","David Onyemata","DL","NYJ","TEN",0,64,0,0,,28,,"pass_play_personnel_share","UNRELIABLE_NON_ELIGIBLE_POSITION",0,28,0,0,0,168,0,,,0,36,0,,,0,0,0,0,0,0,0,0,0,2,5,0,0,0,0,0,0,0,0,0,0,,3,,0,FALSE,FALSE,7.65625,FALSE,,FALSE
2026,1,"2026_01_ATL_PIT","00-0033055","3160","RamsJa00","Jalen Ramsey","DB","PIT","ATL",3,65,0.04,0.0461538461538462,,47,,"pass_play_personnel_share","UNRELIABLE_NON_ELIGIBLE_POSITION",0,47,0,0,0,407,0,,,0,18,0,,,0,0,0,0,0,0,0,0,0,5,1,0,0,0,0,0,0,0,0,0,0,3,4,0,0,TRUE,FALSE,3.12307692307692,FALSE,,FALSE
2026,1,"2026_01_DAL_NYG","00-0033077","3294","PresDa01","Dak Prescott","QB","DAL","NYG",58,58,1,1,,41,,"pass_play_personnel_share","PROXY_PERSONNEL_PRESENCE",0,41,0,0,0,309,0,,,0,17,0,,,34,0,0,0,0,0,0,0,0,6,4,0,0,0,0,0,0,0,0,0,0,5,,0,,TRUE,FALSE,-8.68965517241379,FALSE,,FALSE
2026,1,"2026_01_NE_SEA","00-0033090","3214","HenrHu00","Hunter Henry","TE","NE","SEA",54,71,0.76,0.76056338028169,,44,,"pass_play_personnel_share","PROXY_PERSONNEL_PRESENCE",3,44,0.0681818181818182,3,12,221,0.0542986425339367,4,,0,27,0,,0.75,0,0,0,0,0,0,0,0,0,2,0,0,,1,0,0,0,0,0,0,0,4,2,0,0,TRUE,FALSE,1.87323943661972,FALSE,,FALSE
2026,1,"2026_01_DAL_NYG","00-0033093","3241","BullJo00","Jonathan Bullard","DL","DAL","NYG",0,58,0,0,,41,,"pass_play_personnel_share","UNRELIABLE_NON_ELIGIBLE_POSITION",0,41,0,0,0,309,0,,,0,17,0,,,0,0,0,0,0,0,0,0,0,6,4,0,0,0,0,0,0,0,0,0,0,5,,0,,FALSE,FALSE,-8.68965517241379,FALSE,,FALSE
2026,1,"2026_01_NO_DET","00-0033106","3163","GoffJa00","Jared Goff","QB","DET","NO",77,77,1,1,,41,,"pass_play_personnel_share","PROXY_PERSONNEL_PRESENCE",0,41,0,0,0,207,0,,,1,36,0.0277777777777778,,,40,0,1,0,0,0,0,0,0,8,11,0,0,0,0,0,0,0,0,0,0,4,4,0,0,TRUE,FALSE,4.55844155844156,TRUE,,FALSE
2026,1,"2026_01_GB_MIN","00-0033109","3256","HargJa00","Javon Hargrave","DL","GB","MIN",0,68,0,0,,46,,"pass_play_personnel_share","UNRELIABLE_NON_ELIGIBLE_POSITION",0,46,0,0,0,469,0,,,0,22,0,,,0,0,0,0,0,0,0,0,0,7,3,0,0,0,0,0,0,0,0,0,0,6,4,0,0,FALSE,FALSE,1.41176470588236,FALSE,,FALSE
2026,1,"2026_01_SF_LA","00-0033110","3271","HigbTy00","Tyler Higbee","TE","LAR","SF",12,60,0.2,0.2,,33,,"pass_play_personnel_share","PROXY_PERSONNEL_PRESENCE",2,33,0.0606060606060606,2,9,255,0.0352941176470588,4.5,,0,27,0,,0.333333333333333,0,0,0,0,0,0,0,0,0,2,7,0,0,0,0,0,0,0,0,0,0,5,1,0,0,TRUE,FALSE,-9.48333333333334,FALSE,,FALSE
2026,1,"2026_01_ARI_LAC","00-0033119","3257","BrisJa00","Jacoby Brissett","QB","ARI","LAC",75,72,1,1.04166666666667,,42,,"pass_play_personnel_share","PROXY_PERSONNEL_PRESENCE",0,42,0,0,0,283,0,,,2,30,0.0666666666666667,,,38,0,2,0,0,0,0,0,0,8,6,0,0,0,2,0,0,0,0,0,0,3,2,0,0,TRUE,FALSE,2.86111111111111,FALSE,,FALSE
2026,1,"2026_01_DAL_NYG","00-0033120","3186","ClarKe01","Kenny Clark","DL","DAL","NYG",0,58,0,0,,41,,"pass_play_personnel_share","UNRELIABLE_NON_ELIGIBLE_POSITION",0,41,0,0,0,309,0,,,0,17,0,,,0,0,0,0,0,0,0,0,0,6,4,0,0,0,0,0,0,0,0,0,0,5,,0,,FALSE,FALSE,-8.68965517241379,FALSE,,FALSE
2026,1,"2026_01_CLE_JAX","00-0033131","3236","CollMa00","Maliek Collins","DL","CLE","JAX",0,51,0,0,,32,,"pass_play_personnel_share","UNRELIABLE_NON_ELIGIBLE_POSITION",0,32,0,0,0,228,0,,,0,19,0,,,0,0,0,0,0,0,0,0,0,4,3,0,0,0,0,0,0,0,0,0,0,6,2,0,0,FALSE,FALSE,-23.3529411764706,FALSE,,FALSE
2026,1,"2026_01_NE_SEA","00-0033132","3233","ByarKe01","Kevin Byard","DB","NE","SEA",0,71,0,0,,44,,"pass_play_personnel_share","UNRELIABLE_NON_ELIGIBLE_POSITION",0,44,0,0,0,221,0,,,0,27,0,,,0,0,0,0,0,0,0,0,0,2,0,0,,0,0,0,0,0,0,0,0,4,2,0,0,FALSE,FALSE,1.87323943661972,FALSE,,FALSE
2026,1,"2026_01_BAL_IND","00-0033217","4054","AlieMo00","Mo Alie-Cox","TE","IND","BAL",14,54,0.26,0.259259259259259,,35,,"pass_play_personnel_share","PROXY_PERSONNEL_PRESENCE",0,35,0,0,0,201,0,,,0,19,0,,0,0,0,0,0,0,0,0,0,0,3,5,0,0,0,0,0,0,0,0,0,0,6,2,0,0,TRUE,FALSE,-13.4259259259259,FALSE,,FALSE
2026,1,"2026_01_WAS_PHI","00-0033246","4314","MundJo00","Johnny Mundt","TE","PHI","WAS",20,53,0.36,0.377358490566038,,34,,"pass_play_personnel_share","PROXY_PERSONNEL_PRESENCE",0,34,0,0,0,225,0,,,0,19,0,,0,0,0,0,0,0,0,0,0,0,3,4,0,0,0,0,0,0,0,0,0,0,3,5,0,0,TRUE,FALSE,1.83018867924528,FALSE,,FALSE
2026,1,"2026_01_BAL_IND","00-0033269","4331","SancRi00","Rigoberto Sanchez","P","IND","BAL",0,54,0,0,,35,,"pass_play_personnel_share","UNRELIABLE_NON_ELIGIBLE_POSITION",0,35,0,0,0,201,0,,,0,19,0,,,0,0,0,0,0,0,0,0,0,3,5,0,0,0,0,0,0,0,0,0,0,6,2,0,0,FALSE,FALSE,-13.4259259259259,FALSE,,FALSE
2026,1,"2026_01_SF_LA","00-0033280","4034","McCaCh01","Christian McCaffrey","RB","SF","LAR",36,65,0.55,0.553846153846154,,37,,"pass_play_personnel_share","PROXY_PERSONNEL_PRESENCE",8,37,0.216216216216216,5,-3,149,-0.0201342281879195,-0.375,,10,28,0.357142857142857,0.416666666666667,,0,0,0,0,2,0,1,0,0,8,2,0,1,3,0,2,1,0,0,0,0,2,3,0,0,TRUE,FALSE,4.13846153846154,FALSE,,FALSE
2026,1,"2026_01_BAL_IND","00-0033281","4071","HumpMa00","Marlon Humphrey","DB","BAL","IND",0,64,0,0,,32,,"pass_play_personnel_share","UNRELIABLE_NON_ELIGIBLE_POSITION",0,32,0,0,0,270,0,,,0,32,0,,,0,0,0,0,0,0,0,0,0,5,7,0,0,0,0,0,0,0,0,0,0,5,5,0,0,FALSE,FALSE,11.125,FALSE,,FALSE
2026,1,"2026_01_SF_LA","00-0033288","4217","KittGe00","George Kittle","TE","SF","LAR",30,65,0.46,0.461538461538462,,37,,"pass_play_personnel_share","PROXY_PERSONNEL_PRESENCE",5,37,0.135135135135135,2,38,149,0.25503355704698,7.6,,0,28,0,,0.714285714285714,0,0,0,1,0,1,0,0,0,8,2,0.125,0,0,0,0,0,0,0,0,0,2,3,0,0,TRUE,FALSE,4.13846153846154,FALSE,,FALSE
2026,1,"2026_01_GB_MIN","00-0033293","4199","JoneAa00","Aaron Jones","RB","MIN","GB",30,62,0.46,0.483870967741935,,34,,"pass_play_personnel_share","PROXY_PERSONNEL_PRESENCE",1,34,0.0294117647058824,0,4,176,0.0227272727272727,4,,12,28,0.428571428571429,0.444444444444444,,0,0,0,0,4,0,1,1,0,7,8,0,0.5,0,1,0,0,0,0,0,0,5,1,0,0,TRUE,FALSE,-5.9516129032258,FALSE,,FALSE
2026,1,"2026_01_NO_DET","00-0033294","4224","ClarCh00","Chuck Clark","DB","DET","NO",0,77,0,0,,41,,"pass_play_personnel_share","UNRELIABLE_NON_ELIGIBLE_POSITION",0,41,0,0,0,207,0,,,0,36,0,,,0,0,0,0,0,0,0,0,0,8,11,0,0,0,0,0,0,0,0,0,0,4,4,0,0,FALSE,FALSE,4.55844155844156,TRUE,,FALSE
2026,1,"2026_01_DEN_KC","00-0033297","4278","JoneD.01","D.J. Jones","DL","DEN","KC",0,50,0,0,,35,,"pass_play_personnel_share","UNRELIABLE_NON_ELIGIBLE_POSITION",0,35,0,0,0,92,0,,,0,15,0,,,0,0,0,0,0,0,0,0,0,4,1,0,0,0,0,0,0,0,0,0,0,5,3,0,0,FALSE,FALSE,-9.24,FALSE,,FALSE
2026,1,"2026_01_DEN_KC","00-0033303","4227","ButkHa00","Harrison Butker","K","KC","DEN",0,66,0,0,,34,,"pass_play_personnel_share","UNRELIABLE_NON_ELIGIBLE_POSITION",0,34,0,0,0,133,0,,,0,32,0,,,0,0,0,0,0,0,0,0,0,7,4,0,0,0,0,0,0,0,0,0,0,3,4,0,0,FALSE,FALSE,6.83333333333333,FALSE,,FALSE
2026,1,"2026_01_ARI_LAC","00-0033307","4454","BourKe00","Kendrick Bourne","WR","ARI","LAC",50,72,0.67,0.694444444444444,,42,,"pass_play_personnel_share","PROXY_PERSONNEL_PRESENCE",8,42,0.19047619047619,8,40,283,0.141342756183746,5,,0,30,0,,0.444444444444444,0,0,0,1,0,0,0,0,0,8,6,0.125,0,2,0,1,0,0,0,0,0,3,2,0,0,TRUE,FALSE,2.86111111111111,FALSE,,FALSE
2026,1,"2026_01_CLE_JAX","00-0033319","4464","MullNi00","Nick Mullens","QB","JAX","CLE",7,54,0.12,0.12962962962963,,25,,"pass_play_personnel_share","PROXY_PERSONNEL_PRESENCE",0,25,0,0,0,242,0,,,0,29,0,,,0,0,0,0,0,0,0,0,0,2,1,0,0,0,0,0,0,0,0,0,0,3,3,0,0,TRUE,FALSE,16.3703703703704,FALSE,,FALSE
2026,1,"2026_01_GB_MIN","00-0033336","4413","WilsEr00","Eric Wilson","LB","MIN","GB",0,62,0,0,,34,,"pass_play_personnel_share","UNRELIABLE_NON_ELIGIBLE_POSITION",0,34,0,0,0,176,0,,,0,28,0,,,0,0,0,0,0,0,0,0,0,7,8,0,0,0,0,0,0,0,0,0,0,5,1,0,0,FALSE,FALSE,-5.9516129032258,FALSE,,FALSE
2026,1,"2026_01_DAL_NYG","00-0033376","4353","RicaPa00","Patrick Ricard","RB","NYG","DAL",37,66,0.54,0.560606060606061,,33,,"pass_play_personnel_share","PROXY_PERSONNEL_PRESENCE",1,33,0.0303030303030303,0,-4,245,-0.0163265306122449,-4,,0,33,0,0,,0,0,0,0,0,0,0,0,0,7,5,0,0,0,0,0,0,0,0,0,0,3,2,0,0,TRUE,FALSE,4.48484848484848,FALSE,,FALSE
2026,1,"2026_01_MIA_LV","00-0033381","4415","ButlAd00","Adam Butler","DL","LV","MIA",0,65,0,0,,32,,"pass_play_personnel_share","UNRELIABLE_NON_ELIGIBLE_POSITION",0,32,0,0,0,226,0,,,0,33,0,,,0,0,0,0,0,0,0,0,0,8,4,0,0,0,0,0,0,0,0,0,0,2,4,0,0,FALSE,FALSE,7.52307692307692,FALSE,,FALSE
2026,1,"2026_01_TB_CIN","00-0033523","4032","AlleJo01","Jonathan Allen","DL","CIN","TB",0,63,0,0,,38,,"pass_play_personnel_share","UNRELIABLE_NON_ELIGIBLE_POSITION",0,38,0,0,0,226,0,,,0,25,0,,,0,0,0,0,0,0,0,0,0,7,8,0,0,0,0,0,0,0,0,0,0,6,,0,,FALSE,FALSE,8.85714285714286,FALSE,,FALSE
2026,1,"2026_01_TB_CIN","00-0033526","4147","PeriSa00","Samaje Perine","RB","CIN","TB",18,63,0.28,0.285714285714286,,38,,"pass_play_personnel_share","PROXY_PERSONNEL_PRESENCE",3,38,0.0789473684210526,3,3,226,0.0132743362831858,1,,5,25,0.2,0.238095238095238,,0,0,0,0,1,0,0,0,0,7,8,0,0.125,1,1,0,0,0,0,0,0,6,,0,,TRUE,FALSE,8.85714285714286,FALSE,,FALSE
2026,1,"2026_01_CLE_JAX","00-0033537","4017","WatsDe00","Deshaun Watson","QB","CLE","JAX",51,51,1,1,,32,,"pass_play_personnel_share","PROXY_PERSONNEL_PRESENCE",0,32,0,0,0,228,0,,,3,19,0.157894736842105,,,27,0,3,0,1,0,0,0,0,4,3,0,0.333333333333333,0,0,0,0,0,0,0,0,6,2,0,0,TRUE,FALSE,-23.3529411764706,FALSE,,FALSE
2026,1,"2026_01_ARI_LAC","00-0033546","4092","TomlDa00","Dalvin Tomlinson","DL","LAC","ARI",0,55,0,0,,39,,"pass_play_personnel_share","UNRELIABLE_NON_ELIGIBLE_POSITION",0,39,0,0,0,273,0,,,0,16,0,,,0,0,0,0,0,0,0,0,0,7,4,0,0,0,0,0,0,0,0,0,0,4,1,0,0,FALSE,FALSE,-5.67272727272727,FALSE,,FALSE
2026,1,"2026_01_BAL_IND","00-0033548","4107","AwuzCh00","Chidobe Awuzie","DB","BAL","IND",0,64,0,0,,32,,"pass_play_personnel_share","UNRELIABLE_NON_ELIGIBLE_POSITION",0,32,0,0,0,270,0,,,0,32,0,,,0,0,0,0,0,0,0,0,0,5,7,0,0,0,0,0,0,0,0,0,0,5,5,0,0,FALSE,FALSE,11.125,FALSE,,FALSE
2026,1,"2026_01_WAS_PHI","00-0033551","4136","DougRa00","Rasul Douglas","DB","WAS","PHI",0,70,0,0,,41,,"pass_play_personnel_share","UNRELIABLE_NON_ELIGIBLE_POSITION",0,41,0,0,0,317,0,,,0,29,0,,,0,0,0,0,0,0,0,0,0,9,7,0,0,0,0,0,0,0,0,0,0,5,4,0,0,FALSE,FALSE,-5.57142857142857,FALSE,,FALSE
2026,1,"2026_01_NE_SEA","00-0033555","4177","HollMa00","Mack Hollins","WR","NE","SEA",50,71,0.7,0.704225352112676,,44,,"pass_play_personnel_share","PROXY_PERSONNEL_PRESENCE",5,44,0.113636363636364,4,62,221,0.280542986425339,12.4,,0,27,0,,0.263157894736842,0,0,0,1,0,0,0,0,1,2,0,0.5,,1,0,3,0,0,0,0,0,4,2,0,0,TRUE,FALSE,1.87323943661972,FALSE,,FALSE
2026,1,"2026_01_NE_SEA","00-0033576","4189","SaubEr00","Eric Saubert","TE","SEA","NE",10,49,0.2,0.204081632653061,,28,,"pass_play_personnel_share","PROXY_PERSONNEL_PRESENCE",0,28,0,0,0,154,0,,,0,21,0,,0,0,0,0,0,0,0,0,0,0,5,2,0,0,0,0,0,0,0,0,0,0,3,4,0,0,TRUE,FALSE,-4.6734693877551,FALSE,,FALSE
2026,1,"2026_01_ATL_PIT","00-0033662","4574","RushCo00","Cooper Rush","QB","ATL","PIT",60,60,1,1,,28,,"pass_play_personnel_share","PROXY_PERSONNEL_PRESENCE",0,28,0,0,0,77,0,,,0,32,0,,,26,0,0,0,0,0,0,0,0,0,0,,,0,0,0,0,0,0,0,0,4,3,0,0,TRUE,FALSE,-5.28333333333333,FALSE,,FALSE
2026,1,"2026_01_ATL_PIT","00-0033729","4654","JohnCa02","Cam Johnston","P","PIT","ATL",0,65,0,0,,47,,"pass_play_personnel_share","UNRELIABLE_NON_ELIGIBLE_POSITION",0,47,0,0,0,407,0,,,0,18,0,,,1,0,0,0,0,0,0,0,0,5,1,0,0,0,0,0,0,0,0,0,0,3,4,0,0,TRUE,FALSE,3.12307692307692,FALSE,,FALSE
2026,1,"2026_01_ATL_PIT","00-0033757","4602","TonyRo00","Robert Tonyan","TE","PIT","ATL",2,65,0.03,0.0307692307692308,,47,,"pass_play_personnel_share","PROXY_PERSONNEL_PRESENCE",0,47,0,0,0,407,0,,,0,18,0,,0,0,0,0,0,0,0,0,0,0,5,1,0,0,0,0,0,0,0,0,0,0,3,4,0,0,TRUE,FALSE,3.12307692307692,FALSE,,FALSE
2026,1,"2026_01_WAS_PHI","00-0033787","4195","ElliJa03","Jake Elliott","K","PHI","WAS",0,53,0,0,,34,,"pass_play_personnel_share","UNRELIABLE_NON_ELIGIBLE_POSITION",0,34,0,0,0,225,0,,,0,19,0,,,0,0,0,0,0,0,0,0,0,3,4,0,0,0,0,0,0,0,0,0,0,3,5,0,0,FALSE,FALSE,1.83018867924528,FALSE,,FALSE
2026,1,"2026_01_GB_MIN","00-0033858","4144","SmitJo01","Jonnu Smith","TE","GB","MIN",32,68,0.47,0.470588235294118,,46,,"pass_play_personnel_share","PROXY_PERSONNEL_PRESENCE",3,46,0.0652173913043478,2,24,469,0.0511727078891258,8,,0,22,0,,0.333333333333333,0,0,0,0,0,0,0,0,0,7,3,0,0,1,0,0,0,0,0,0,0,6,4,0,0,TRUE,FALSE,1.41176470588236,FALSE,,FALSE
2026,1,"2026_01_NO_DET","00-0033860","4207","GodcDa00","Davon Godchaux","DL","NO","DET",0,89,0,0,,66,,"pass_play_personnel_share","UNRELIABLE_NON_ELIGIBLE_POSITION",0,66,0,0,0,482,0,,,0,23,0,,,0,0,0,0,0,0,0,0,0,10,3,0,0,0,0,0,0,0,0,0,0,4,5,0,0,FALSE,FALSE,-8.50561797752809,TRUE,,FALSE
2026,1,"2026_01_SF_LA","00-0033868","3973","GarrMy00","Myles Garrett","LB","LAR","SF",0,60,0,0,,33,,"pass_play_personnel_share","UNRELIABLE_NON_ELIGIBLE_POSITION",0,33,0,0,0,255,0,,,0,27,0,,,0,0,0,0,0,0,0,0,0,2,7,0,0,0,0,0,0,0,0,0,0,5,1,0,0,FALSE,FALSE,-9.48333333333334,FALSE,,FALSE
2026,1,"2026_01_NYJ_TEN","00-0033870","4058","ThomSo00","Solomon Thomas","DL","TEN","NYJ",0,50,0,0,,40,,"pass_play_personnel_share","UNRELIABLE_NON_ELIGIBLE_POSITION",0,40,0,0,0,190,0,,,0,10,0,,,0,0,0,0,0,0,0,0,0,3,0,0,,0,0,0,0,0,0,0,0,3,1,0,0,FALSE,FALSE,-12.58,FALSE,,FALSE
2026,1,"2026_01_DEN_KC","00-0033873","4046","MahoPa00","Patrick Mahomes","QB","KC","DEN",69,66,1,1.04545454545455,,34,,"pass_play_personnel_share","PROXY_PERSONNEL_PRESENCE",0,34,0,0,0,133,0,,,0,32,0,,,29,0,0,0,0,0,0,0,0,7,4,0,0,0,0,0,0,0,0,0,0,3,4,0,0,TRUE,FALSE,6.83333333333333,FALSE,,FALSE
2026,1,"2026_01_CLE_JAX","00-0033876","4065","BarnDe01","Derek Barnett","DL","CLE","JAX",0,51,0,0,,32,,"pass_play_personnel_share","UNRELIABLE_NON_ELIGIBLE_POSITION",0,32,0,0,0,228,0,,,0,19,0,,,0,0,0,0,0,0,0,0,0,4,3,0,0,0,0,0,0,0,0,0,0,6,2,0,0,FALSE,FALSE,-23.3529411764706,FALSE,,FALSE
2026,1,"2026_01_DAL_NYG","00-0033877","4074","HookMa00","Malik Hooker","DB","DAL","NYG",0,58,0,0,,41,,"pass_play_personnel_share","UNRELIABLE_NON_ELIGIBLE_POSITION",0,41,0,0,0,309,0,,,0,17,0,,,0,0,0,0,0,0,0,0,0,6,4,0,0,0,0,0,0,0,0,0,0,5,,0,,FALSE,FALSE,-8.68965517241379,FALSE,,FALSE
2026,1,"2026_01_DEN_KC","00-0033881","4066","EngrEv00","Evan Engram","TE","DEN","KC",32,50,0.63,0.64,,35,,"pass_play_personnel_share","PROXY_PERSONNEL_PRESENCE",5,35,0.142857142857143,4,18,92,0.195652173913043,3.6,,0,15,0,,0.625,0,0,0,1,0,0,0,0,1,4,1,0.25,0,0,0,0,0,0,0,0,0,5,3,0,0,TRUE,FALSE,-9.24,FALSE,,FALSE
2026,1,"2026_01_ARI_LAC","00-0033885","4033","NjokDa00","David Njoku","TE","LAC","ARI",30,55,0.55,0.545454545454545,,39,,"pass_play_personnel_share","PROXY_PERSONNEL_PRESENCE",5,39,0.128205128205128,5,28,273,0.102564102564103,5.6,,0,16,0,,0.714285714285714,0,0,0,1,0,0,0,0,0,7,4,0.142857142857143,0,1,0,0,0,0,0,0,0,4,1,0,0,TRUE,FALSE,-5.67272727272727,FALSE,,FALSE
2026,1,"2026_01_ATL_PIT","00-0033886","4070","WattT.00","T.J. Watt","LB","PIT","ATL",0,65,0,0,,47,,"pass_play_personnel_share","UNRELIABLE_NON_ELIGIBLE_POSITION",0,47,0,0,0,407,0,,,0,18,0,,,0,0,0,0,0,0,0,0,0,5,1,0,0,0,0,0,0,0,0,0,0,3,4,0,0,FALSE,FALSE,3.12307692307692,FALSE,,FALSE
2026,1,"2026_01_ARI_LAC","00-0033890","4081","BakeBu00","Budda Baker","DB","ARI","LAC",0,72,0,0,,42,,"pass_play_personnel_share","UNRELIABLE_NON_ELIGIBLE_POSITION",0,42,0,0,0,283,0,,,0,30,0,,,0,0,0,0,0,0,0,0,0,8,6,0,0,0,0,0,0,0,0,0,0,3,2,0,0,FALSE,FALSE,2.86111111111111,FALSE,,FALSE
2026,1,"2026_01_NE_SEA","00-0033908","4039","KuppCo00","Cooper Kupp","WR","SEA","NE",39,49,0.78,0.795918367346939,,28,,"pass_play_personnel_share","PROXY_PERSONNEL_PRESENCE",3,28,0.107142857142857,2,49,154,0.318181818181818,16.3333333333333,,0,21,0,,0.176470588235294,0,0,0,0,0,0,0,0,0,5,2,0,0,2,0,0,0,0,0,0,0,3,4,0,0,TRUE,FALSE,-4.6734693877551,FALSE,,FALSE
2026,1,"2026_01_TB_CIN","00-0033914","4118","AnzaAl00","Alex Anzalone","LB","TB","CIN",0,56,0,0,,39,,"pass_play_personnel_share","UNRELIABLE_NON_ELIGIBLE_POSITION",0,39,0,0,0,143,0,,,0,17,0,,,0,0,0,0,0,0,0,0,0,7,3,0,0,0,0,0,0,0,0,0,0,7,1,0,0,FALSE,FALSE,-9.80357142857143,FALSE,,FALSE
2026,1,"2026_01_WAS_PHI","00-0033918","4126","MoreFa00","Fabian Moreau","DB","WAS","PHI",0,70,0,0,,41,,"pass_play_personnel_share","UNRELIABLE_NON_ELIGIBLE_POSITION",0,41,0,0,0,317,0,,,0,29,0,,,0,0,0,0,0,0,0,0,0,9,7,0,0,0,0,0,0,0,0,0,0,5,4,0,0,FALSE,FALSE,-5.57142857142857,FALSE,,FALSE
2026,1,"2026_01_TB_CIN","00-0033921","4037","GodwCh00","Chris Godwin","WR","TB","CIN",49,56,0.86,0.875,,39,,"pass_play_personnel_share","PROXY_PERSONNEL_PRESENCE",4,39,0.102564102564103,4,3,143,0.020979020979021,0.75,,1,17,0.0588235294117647,,0.285714285714286,0,0,0,0,0,0,0,0,0,7,3,0,0,2,0,0,0,0,0,0,0,7,1,0,0,TRUE,FALSE,-9.80357142857143,FALSE,,FALSE
2026,1,"2026_01_CLE_JAX","00-0033928","4129","LewiJo01","Jourdan Lewis","DB","JAX","CLE",0,54,0,0,,25,,"pass_play_personnel_share","UNRELIABLE_NON_ELIGIBLE_POSITION",0,25,0,0,0,242,0,,,0,29,0,,,0,0,0,0,0,0,0,0,0,2,1,0,0,0,0,0,0,0,0,0,0,3,3,0,0,FALSE,FALSE,16.3703703703704,FALSE,,FALSE
2026,1,"2026_01_BAL_IND","00-0033935","4135","HendTr00","Trey Hendrickson","LB","BAL","IND",0,64,0,0,,32,,"pass_play_personnel_share","UNRELIABLE_NON_ELIGIBLE_POSITION",0,32,0,0,0,270,0,,,0,32,0,,,0,0,0,0,0,0,0,0,0,5,7,0,0,0,0,0,0,0,0,0,0,5,5,0,0,FALSE,FALSE,11.125,FALSE,,FALSE
2026,1,"2026_01_ATL_PIT","00-0033941","4180","JenkRa00","Rayshawn Jenkins","DB","PIT","ATL",0,65,0,0,,47,,"pass_play_personnel_share","UNRELIABLE_NON_ELIGIBLE_POSITION",0,47,0,0,0,407,0,,,0,18,0,,,0,0,0,0,0,0,0,0,0,5,1,0,0,0,0,0,0,0,0,0,0,3,4,0,0,FALSE,FALSE,3.12307692307692,FALSE,,FALSE
2026,1,"2026_01_ATL_PIT","00-0033945","4170","EbukSa00","Samson Ebukam","DL","ATL","PIT",0,60,0,0,,28,,"pass_play_personnel_share","UNRELIABLE_NON_ELIGIBLE_POSITION",0,28,0,0,0,77,0,,,0,32,0,,,0,0,0,0,0,0,0,0,0,0,0,,,0,0,0,0,0,0,0,0,4,3,0,0,FALSE,FALSE,-5.28333333333333,FALSE,,FALSE
2026,1,"2026_01_BAL_IND","00-0033952","4168","StewGr00","Grover Stewart","DL","IND","BAL",0,54,0,0,,35,,"pass_play_personnel_share","UNRELIABLE_NON_ELIGIBLE_POSITION",0,35,0,0,0,201,0,,,0,19,0,,,0,0,0,0,0,0,0,0,0,3,5,0,0,0,0,0,0,0,0,0,0,6,2,0,0,FALSE,FALSE,-13.4259259259259,FALSE,,FALSE
2026,1,"2026_01_TB_CIN","00-0033964","4259","MuhaAl00","Al-Quadin Muhammad","LB","TB","CIN",0,56,0,0,,39,,"pass_play_personnel_share","UNRELIABLE_NON_ELIGIBLE_POSITION",0,39,0,0,0,143,0,,,0,17,0,,,0,0,0,0,0,0,0,0,0,7,3,0,0,0,0,0,0,0,0,0,0,7,1,0,0,FALSE,FALSE,-9.80357142857143,FALSE,,FALSE
2026,1,"2026_01_ATL_PIT","00-0034051","4848","KuntCh02","Christian Kuntz","LS","PIT","ATL",0,65,0,0,,47,,"pass_play_personnel_share","UNRELIABLE_NON_ELIGIBLE_POSITION",0,47,0,0,0,407,0,,,0,18,0,,,0,0,0,0,0,0,0,0,0,5,1,0,0,0,0,0,0,0,0,0,0,3,4,0,0,FALSE,FALSE,3.12307692307692,FALSE,,FALSE
2026,1,"2026_01_BUF_HOU","00-0034091","5445","OdumGe00","George Odum","DB","HOU","BUF",0,79,0,0,,48,,"pass_play_personnel_share","UNRELIABLE_NON_ELIGIBLE_POSITION",0,48,0,0,0,322,0,,,0,31,0,,,0,0,0,0,0,0,0,0,0,6,5,0,0,0,0,0,0,0,0,0,0,8,1,0,0,FALSE,FALSE,-3.83544303797468,FALSE,,FALSE
2026,1,"2026_01_NE_SEA","00-0034160","5011","DickMi00","Michael Dickson","P","SEA","NE",0,49,0,0,,28,,"pass_play_personnel_share","UNRELIABLE_NON_ELIGIBLE_POSITION",0,28,0,0,0,154,0,,,0,21,0,,,0,0,0,0,0,0,0,0,0,5,2,0,0,0,0,0,0,0,0,0,0,3,4,0,0,FALSE,FALSE,-4.6734693877551,FALSE,,FALSE
2026,1,"2026_01_NO_DET","00-0034161","5095","CarlDa00","Daniel Carlson","K","NO","DET",0,89,0,0,,66,,"pass_play_personnel_share","UNRELIABLE_NON_ELIGIBLE_POSITION",0,66,0,0,0,482,0,,,0,23,0,,,0,0,0,0,0,0,0,0,0,10,3,0,0,0,0,0,0,0,0,0,0,4,5,0,0,FALSE,FALSE,-8.50561797752809,TRUE,,FALSE
2026,1,"2026_01_ARI_LAC","00-0034162","5087","ScotJK00","J.K. Scott","P","LAC","ARI",0,55,0,0,,39,,"pass_play_personnel_share","UNRELIABLE_NON_ELIGIBLE_POSITION",0,39,0,0,0,273,0,,,0,16,0,,,0,0,0,0,0,0,0,0,0,7,4,0,0,0,0,0,0,0,0,0,0,4,1,0,0,FALSE,FALSE,-5.67272727272727,FALSE,,FALSE
2026,1,"2026_01_NYJ_TEN","00-0034163","5378","MartJa02","Jake Martin","DL","TEN","NYJ",0,50,0,0,,40,,"pass_play_personnel_share","UNRELIABLE_NON_ELIGIBLE_POSITION",0,40,0,0,0,190,0,,,0,10,0,,,0,0,0,0,0,0,0,0,0,3,0,0,,0,0,0,0,0,0,0,0,3,1,0,0,FALSE,FALSE,-12.58,FALSE,,FALSE
2026,1,"2026_01_SF_LA","00-0034173","5189","PineEd00","Eddy Pineiro","K","SF","LAR",0,65,0,0,,37,,"pass_play_personnel_share","UNRELIABLE_NON_ELIGIBLE_POSITION",0,37,0,0,0,149,0,,,0,28,0,,,0,0,0,0,0,0,0,0,0,8,2,0,0,0,0,0,0,0,0,0,0,2,3,0,0,FALSE,FALSE,4.13846153846154,FALSE,,FALSE
2026,1,"2026_01_SF_LA","00-0034234","5226","FordPo00","Poona Ford","DL","LAR","SF",0,60,0,0,,33,,"pass_play_personnel_share","UNRELIABLE_NON_ELIGIBLE_POSITION",0,33,0,0,0,255,0,,,0,27,0,,,0,0,0,0,0,0,0,0,0,2,7,0,0,0,0,0,0,0,0,0,0,5,1,0,0,FALSE,FALSE,-9.48333333333334,FALSE,,FALSE
2026,1,"2026_01_DAL_NYG","00-0034248","5534","CampEl00","Elijah Campbell","DB","NYG","DAL",0,66,0,0,,33,,"pass_play_personnel_share","UNRELIABLE_NON_ELIGIBLE_POSITION",0,33,0,0,0,245,0,,,0,33,0,,,0,0,0,0,0,0,0,0,0,7,5,0,0,0,0,0,0,0,0,0,0,3,2,0,0,FALSE,FALSE,4.48484848484848,FALSE,,FALSE
2026,1,"2026_01_NO_DET","00-0034270","5133","ConkTy00","Tyler Conklin","TE","DET","NO",10,77,0.13,0.12987012987013,,41,,"pass_play_personnel_share","PROXY_PERSONNEL_PRESENCE",0,41,0,0,0,207,0,,,0,36,0,,0,0,0,0,0,0,0,0,0,0,8,11,0,0,0,0,0,0,0,0,0,0,4,4,0,0,TRUE,FALSE,4.55844155844156,TRUE,,FALSE
2026,1,"2026_01_MIA_LV","00-0034275","5090","FatuFo00","Foley Fatukasi","DL","LV","MIA",0,65,0,0,,32,,"pass_play_personnel_share","UNRELIABLE_NON_ELIGIBLE_POSITION",0,32,0,0,0,226,0,,,0,33,0,,,0,0,0,0,0,0,0,0,0,8,4,0,0,0,0,0,0,0,0,0,0,2,4,0,0,FALSE,FALSE,7.52307692307692,FALSE,,FALSE
2026,1,"2026_01_BUF_HOU","00-0034278","5328","SmitTr04","Tremon Smith","DB","HOU","BUF",0,79,0,0,,48,,"pass_play_personnel_share","UNRELIABLE_NON_ELIGIBLE_POSITION",0,48,0,0,0,322,0,,,0,31,0,,,0,0,0,0,0,0,0,0,0,6,5,0,0,0,0,0,0,2,54,0,0,8,1,0.25,0,FALSE,TRUE,-3.83544303797468,FALSE,,FALSE
2026,1,"2026_01_MIA_LV","00-0034285","5297","SielZa00","Zach Sieler","DL","MIA","LV",0,55,0,0,,40,,"pass_play_personnel_share","UNRELIABLE_NON_ELIGIBLE_POSITION",0,40,0,0,0,309,0,,,0,15,0,,,0,0,0,0,0,0,0,0,0,2,3,0,0,0,0,0,0,0,0,0,0,5,1,0,0,FALSE,FALSE,-10.4545454545455,FALSE,,FALSE
2026,1,"2026_01_WAS_PHI","00-0034302","5580","LuvuFr00","Frankie Luvu","LB","WAS","PHI",0,70,0,0,,41,,"pass_play_personnel_share","UNRELIABLE_NON_ELIGIBLE_POSITION",0,41,0,0,0,317,0,,,0,29,0,,,0,0,0,0,0,0,0,0,0,9,7,0,0,0,0,0,0,0,0,0,0,5,4,0,0,FALSE,FALSE,-5.57142857142857,FALSE,,FALSE
2026,1,"2026_01_CHI_CAR","00-0034320","5371","StreKe00","Kentavius Street","DL","CHI","CAR",0,75,0,0,,40,,"pass_play_personnel_share","UNRELIABLE_NON_ELIGIBLE_POSITION",0,40,0,0,0,319,0,,,0,35,0,,,0,0,0,0,0,0,0,0,0,7,10,0,0,0,0,0,0,0,0,0,0,4,1,0,0,FALSE,FALSE,3.50666666666667,FALSE,,FALSE
2026,1,"2026_01_WAS_PHI","00-0034333","4976","PaynDa00","Da'Ron Payne","DL","WAS","PHI",0,70,0,0,,41,,"pass_play_personnel_share","UNRELIABLE_NON_ELIGIBLE_POSITION",0,41,0,0,0,317,0,,,0,29,0,,,0,0,0,0,0,0,0,0,0,9,7,0,0,0,0,0,0,0,0,0,0,5,4,0,0,FALSE,FALSE,-5.57142857142857,FALSE,,FALSE
2026,1,"2026_01_DEN_KC","00-0034348","5045","SuttCo00","Courtland Sutton","WR","DEN","KC",39,50,0.76,0.78,,35,,"pass_play_personnel_share","PROXY_PERSONNEL_PRESENCE",5,35,0.142857142857143,2,40,92,0.434782608695652,8,,0,15,0,,0.333333333333333,0,0,0,1,0,0,0,0,0,4,1,0.25,0,2,0,1,0,0,0,0,0,5,3,0,0,TRUE,FALSE,-9.24,FALSE,,FALSE
2026,1,"2026_01_NE_SEA","00-0034350","5061","NwosUc00","Uchenna Nwosu","LB","SEA","NE",0,49,0,0,,28,,"pass_play_personnel_share","UNRELIABLE_NON_ELIGIBLE_POSITION",0,28,0,0,0,154,0,,,0,21,0,,,0,0,0,0,0,0,0,0,0,5,2,0,0,0,0,0,0,0,0,0,0,3,4,0,0,FALSE,FALSE,-4.6734693877551,FALSE,,FALSE
2026,1,"2026_01_WAS_PHI","00-0034351","5022","GoedDa00","Dallas Goedert","TE","PHI","WAS",52,53,0.95,0.981132075471698,,34,,"pass_play_personnel_share","PROXY_PERSONNEL_PRESENCE",5,34,0.147058823529412,4,52,225,0.231111111111111,10.4,,0,19,0,,1,0,0,0,2,0,0,0,0,1,3,4,0.666666666666667,0,4,0,1,0,0,0,0,0,3,5,0,0,TRUE,FALSE,1.83018867924528,FALSE,,FALSE
2026,1,"2026_01_ARI_LAC","00-0034356","5051","JackDo02","Donte Jackson","DB","LAC","ARI",0,55,0,0,,39,,"pass_play_personnel_share","UNRELIABLE_NON_ELIGIBLE_POSITION",0,39,0,0,0,273,0,,,0,16,0,,,0,0,0,0,0,0,0,0,0,7,4,0,0,0,0,0,0,0,0,0,0,4,1,0,0,FALSE,FALSE,-5.67272727272727,FALSE,,FALSE
2026,1,"2026_01_NO_DET","00-0034361","5036","ReidJu00","Justin Reid","DB","NO","DET",0,89,0,0,,66,,"pass_play_personnel_share","UNRELIABLE_NON_ELIGIBLE_POSITION",0,66,0,0,0,482,0,,,0,23,0,,,0,0,0,0,0,0,0,0,0,10,3,0,0,0,0,0,0,0,0,0,0,4,5,0,0,FALSE,FALSE,-8.50561797752809,TRUE,,FALSE
2026,1,"2026_01_MIA_LV","00-0034365","4995","ThomIa00","Ian Thomas","TE","LV","MIA",31,65,0.46,0.476923076923077,,32,,"pass_play_personnel_share","PROXY_PERSONNEL_PRESENCE",0,32,0,0,0,226,0,,,0,33,0,,0,0,0,0,0,0,0,0,0,0,8,4,0,0,0,0,0,0,0,0,0,0,2,4,0,0,TRUE,FALSE,7.52307692307692,FALSE,,FALSE
2026,1,"2026_01_ATL_PIT","00-0034371","5351","HandDa00","Da'Shawn Hand","DL","ATL","PIT",0,60,0,0,,28,,"pass_play_personnel_share","UNRELIABLE_NON_ELIGIBLE_POSITION",0,28,0,0,0,77,0,,,0,32,0,,,0,0,0,0,0,0,0,0,0,0,0,,,0,0,0,0,0,0,0,0,4,3,0,0,FALSE,FALSE,-5.28333333333333,FALSE,,FALSE
2026,1,"2026_01_MIA_LV","00-0034376","5341","JohnTa01","Taron Johnson","DB","LV","MIA",0,65,0,0,,32,,"pass_play_personnel_share","UNRELIABLE_NON_ELIGIBLE_POSITION",0,32,0,0,0,226,0,,,0,33,0,,,0,0,0,0,0,0,0,0,0,8,4,0,0,0,0,0,0,0,0,0,0,2,4,0,0,FALSE,FALSE,7.52307692307692,FALSE,,FALSE
2026,1,"2026_01_NO_DET","00-0034377","5361","MaddAv00","Avonte Maddox","DB","DET","NO",0,77,0,0,,41,,"pass_play_personnel_share","UNRELIABLE_NON_ELIGIBLE_POSITION",0,41,0,0,0,207,0,,,0,36,0,,,0,0,0,0,0,0,0,0,0,8,11,0,0,0,0,0,0,0,0,0,0,4,4,0,0,FALSE,FALSE,4.55844155844156,TRUE,,FALSE
2026,1,"2026_01_ARI_LAC","00-0034381","4999","SweaJo00","Josh Sweat","LB","ARI","LAC",0,72,0,0,,42,,"pass_play_personnel_share","UNRELIABLE_NON_ELIGIBLE_POSITION",0,42,0,0,0,283,0,,,0,30,0,,,0,0,0,0,0,0,0,0,0,8,6,0,0,0,0,0,0,0,0,0,0,3,2,0,0,FALSE,FALSE,2.86111111111111,FALSE,,FALSE
2026,1,"2026_01_BUF_HOU","00-0034383","5001","SchuDa00","Dalton Schultz","TE","HOU","BUF",52,79,0.66,0.658227848101266,,48,,"pass_play_personnel_share","PROXY_PERSONNEL_PRESENCE",8,48,0.166666666666667,4,26,322,0.0807453416149068,3.25,,0,31,0,,0.666666666666667,0,0,0,0,0,0,0,0,0,6,5,0,0,2,0,3,0,0,0,0,0,8,1,0,0,TRUE,FALSE,-3.83544303797468,FALSE,,FALSE
2026,1,"2026_01_NO_DET","00-0034384","5372","ReedD.00","D.J. Reed","DB","DET","NO",0,77,0,0,,41,,"pass_play_personnel_share","UNRELIABLE_NON_ELIGIBLE_POSITION",0,41,0,0,0,207,0,,,0,36,0,,,0,0,0,0,0,0,0,0,0,8,11,0,0,0,0,0,0,0,0,0,0,4,4,0,0,FALSE,FALSE,4.55844155844156,TRUE,,FALSE
2026,1,"2026_01_SF_LA","00-0034391","5098","NealSi00","Siran Neal","DB","SF","LAR",0,65,0,0,,37,,"pass_play_personnel_share","UNRELIABLE_NON_ELIGIBLE_POSITION",0,37,0,0,0,149,0,,,0,28,0,,,0,0,0,0,0,0,0,0,0,8,2,0,0,0,0,0,0,0,0,0,0,2,3,0,0,FALSE,FALSE,4.13846153846154,FALSE,,FALSE
2026,1,"2026_01_WAS_PHI","00-0034397","5366","SettTi00","Tim Settle","DL","WAS","PHI",0,70,0,0,,41,,"pass_play_personnel_share","UNRELIABLE_NON_ELIGIBLE_POSITION",0,41,0,0,0,317,0,,,0,29,0,,,0,0,0,0,0,0,0,0,0,9,7,0,0,0,0,0,0,0,0,0,0,5,4,0,0,FALSE,FALSE,-5.57142857142857,FALSE,,FALSE
2026,1,"2026_01_CLE_JAX","00-0034413","5332","OluoFo00","Foyesade Oluokun","LB","JAX","CLE",0,54,0,0,,25,,"pass_play_personnel_share","UNRELIABLE_NON_ELIGIBLE_POSITION",0,25,0,0,0,242,0,,,0,29,0,,,0,0,0,0,0,0,0,0,0,2,1,0,0,0,0,0,0,0,0,0,0,3,3,0,0,FALSE,FALSE,16.3703703703704,FALSE,,FALSE
2026,1,"2026_01_DAL_NYG","00-0034419","5121","BerrBr00","Braxton Berrios","WR","NYG","DAL",12,66,0.17,0.181818181818182,,33,,"pass_play_personnel_share","PROXY_PERSONNEL_PRESENCE",0,33,0,0,0,245,0,,,0,33,0,,0,0,0,0,0,0,0,0,0,0,7,5,0,0,0,0,0,0,1,28,2,0,3,2,0.333333333333333,1,TRUE,TRUE,4.48484848484848,FALSE,,FALSE
2026,1,"2026_01_GB_MIN","00-0034431","5346","FranZa00","Zaire Franklin","LB","GB","MIN",0,68,0,0,,46,,"pass_play_personnel_share","UNRELIABLE_NON_ELIGIBLE_POSITION",0,46,0,0,0,469,0,,,0,22,0,,,0,0,0,0,0,0,0,0,0,7,3,0,0,0,0,0,0,0,0,0,0,6,4,0,0,FALSE,FALSE,1.41176470588236,FALSE,,FALSE
2026,1,"2026_01_CLE_JAX","00-0034437","5314","CookLo00","Logan Cooke","P","JAX","CLE",0,54,0,0,,25,,"pass_play_personnel_share","UNRELIABLE_NON_ELIGIBLE_POSITION",0,25,0,0,0,242,0,,,0,29,0,,,0,0,0,0,0,0,0,0,0,2,1,0,0,0,0,0,0,0,0,0,0,3,3,0,0,FALSE,FALSE,16.3703703703704,FALSE,,FALSE
2026,1,"2026_01_TB_CIN","00-0034446","5222","DaviJa06","Jalen Davis","DB","CIN","TB",0,63,0,0,,38,,"pass_play_personnel_share","UNRELIABLE_NON_ELIGIBLE_POSITION",0,38,0,0,0,226,0,,,0,25,0,,,0,0,0,0,0,0,0,0,0,7,8,0,0,0,0,0,0,0,0,0,0,6,,0,,FALSE,FALSE,8.85714285714286,FALSE,,FALSE
2026,1,"2026_01_WAS_PHI","00-0034465","5792","ReavJe00","Jeremy Reaves","DB","WAS","PHI",0,70,0,0,,41,,"pass_play_personnel_share","UNRELIABLE_NON_ELIGIBLE_POSITION",0,41,0,0,0,317,0,,,0,29,0,,,0,0,0,0,0,0,0,0,0,9,7,0,0,0,0,0,0,0,0,0,0,5,4,0,0,FALSE,FALSE,-5.57142857142857,FALSE,,FALSE
2026,1,"2026_01_CLE_JAX","00-0034473","5158","GardDe01","Dennis Gardeck","LB","JAX","CLE",0,54,0,0,,25,,"pass_play_personnel_share","UNRELIABLE_NON_ELIGIBLE_POSITION",0,25,0,0,0,242,0,,,0,29,0,,,0,0,0,0,0,0,0,0,0,2,1,0,0,0,0,0,0,0,0,0,0,3,3,0,0,FALSE,FALSE,16.3703703703704,FALSE,,FALSE
2026,1,"2026_01_BAL_IND","00-0034485","5520","OwenJo01","Jonathan Owens","DB","IND","BAL",0,54,0,0,,35,,"pass_play_personnel_share","UNRELIABLE_NON_ELIGIBLE_POSITION",0,35,0,0,0,201,0,,,0,19,0,,,0,0,0,0,0,0,0,0,0,3,5,0,0,0,0,0,0,0,0,0,0,6,2,0,0,FALSE,FALSE,-13.4259259259259,FALSE,,FALSE
2026,1,"2026_01_BAL_IND","00-0034573","5493","WardCh01","Charvarius Ward","DB","IND","BAL",0,54,0,0,,35,,"pass_play_personnel_share","UNRELIABLE_NON_ELIGIBLE_POSITION",0,35,0,0,0,201,0,,,0,19,0,,,0,0,0,0,0,0,0,0,0,3,5,0,0,0,0,0,0,0,0,0,0,6,2,0,0,FALSE,FALSE,-13.4259259259259,FALSE,,FALSE
2026,1,"2026_01_TB_CIN","00-0034613","5409","HudsTa00","Tanner Hudson","TE","CIN","TB",6,63,0.09,0.0952380952380952,,38,,"pass_play_personnel_share","PROXY_PERSONNEL_PRESENCE",1,38,0.0263157894736842,1,4,226,0.0176991150442478,4,,0,25,0,,0.0909090909090909,0,0,0,0,0,0,0,0,0,7,8,0,0,0,0,0,0,0,0,0,0,6,,0,,TRUE,FALSE,8.85714285714286,FALSE,,FALSE
2026,1,"2026_01_ATL_PIT","00-0034639","5691","FordMi01","Mike Ford","DB","ATL","PIT",0,60,0,0,,28,,"pass_play_personnel_share","UNRELIABLE_NON_ELIGIBLE_POSITION",0,28,0,0,0,77,0,,,0,32,0,,,0,0,0,0,0,0,0,0,0,0,0,,,0,0,0,0,0,0,0,0,4,3,0,0,FALSE,FALSE,-5.28333333333333,FALSE,,FALSE
2026,1,"2026_01_CLE_JAX","00-0034657","5615","DickMa00","Matt Dickerson","DL","JAX","CLE",0,54,0,0,,25,,"pass_play_personnel_share","UNRELIABLE_NON_ELIGIBLE_POSITION",0,25,0,0,0,242,0,,,0,29,0,,,0,0,0,0,0,0,0,0,0,2,1,0,0,0,0,0,0,0,0,0,0,3,3,0,0,FALSE,FALSE,16.3703703703704,FALSE,,FALSE
2026,1,"2026_01_DAL_NYG","00-0034673","4968","EdmuTr01","Tremaine Edmunds","LB","NYG","DAL",0,66,0,0,,33,,"pass_play_personnel_share","UNRELIABLE_NON_ELIGIBLE_POSITION",0,33,0,0,0,245,0,,,0,33,0,,,0,0,0,0,0,0,0,0,0,7,5,0,0,0,0,0,0,0,0,0,0,3,2,0,0,FALSE,FALSE,4.48484848484848,FALSE,,FALSE
2026,1,"2026_01_ATL_PIT","00-0034675","5017","BateJe00","Jessie Bates","DB","ATL","PIT",0,60,0,0,,28,,"pass_play_personnel_share","UNRELIABLE_NON_ELIGIBLE_POSITION",0,28,0,0,0,77,0,,,0,32,0,,,0,0,0,0,0,0,0,0,0,0,0,,,0,0,0,0,0,0,0,0,4,3,0,0,FALSE,FALSE,-5.28333333333333,FALSE,,FALSE
2026,1,"2026_01_NE_SEA","00-0034720","5726","SpilRo00","Robert Spillane","LB","NE","SEA",0,71,0,0,,44,,"pass_play_personnel_share","UNRELIABLE_NON_ELIGIBLE_POSITION",0,44,0,0,0,221,0,,,0,27,0,,,0,0,0,0,0,0,0,0,0,2,0,0,,0,0,0,0,0,0,0,0,4,2,0,0,FALSE,FALSE,1.87323943661972,FALSE,,FALSE
2026,1,"2026_01_CLE_JAX","00-0034721","5721","BojoCo00","Corey Bojorquez","P","CLE","JAX",0,51,0,0,,32,,"pass_play_personnel_share","UNRELIABLE_NON_ELIGIBLE_POSITION",0,32,0,0,0,228,0,,,0,19,0,,,0,0,0,0,0,0,0,0,0,4,3,0,0,0,0,0,0,0,0,0,0,6,2,0,0,FALSE,FALSE,-23.3529411764706,FALSE,,FALSE
2026,1,"2026_01_BAL_IND","00-0034753","5012","AndrMa00","Mark Andrews","TE","BAL","IND",49,64,0.72,0.765625,,32,,"pass_play_personnel_share","PROXY_PERSONNEL_PRESENCE",6,32,0.1875,4,44,270,0.162962962962963,7.33333333333333,,0,32,0,,0.75,0,0,0,1,0,0,0,0,0,5,7,0.2,0,1,0,1,0,0,0,0,0,5,5,0,0,TRUE,FALSE,11.125,FALSE,,FALSE
2026,1,"2026_01_TB_CIN","00-0034754","5031","BurkOr00","Oren Burks","LB","CIN","TB",0,63,0,0,,38,,"pass_play_personnel_share","UNRELIABLE_NON_ELIGIBLE_POSITION",0,38,0,0,0,226,0,,,0,25,0,,,0,0,0,0,0,0,0,0,0,7,8,0,0,0,0,0,0,0,0,0,0,6,,0,,FALSE,FALSE,8.85714285714286,FALSE,,FALSE
2026,1,"2026_01_NO_DET","00-0034760","5043","ShepNa00","Nathan Shepherd","DL","NO","DET",0,89,0,0,,66,,"pass_play_personnel_share","UNRELIABLE_NON_ELIGIBLE_POSITION",0,66,0,0,0,482,0,,,0,23,0,,,0,0,0,0,0,0,0,0,0,10,3,0,0,0,0,0,0,0,0,0,0,4,5,0,0,FALSE,FALSE,-8.50561797752809,TRUE,,FALSE
2026,1,"2026_01_TB_CIN","00-0034773","4969","VeaxVi00","Vita Vea","DL","TB","CIN",0,56,0,0,,39,,"pass_play_personnel_share","UNRELIABLE_NON_ELIGIBLE_POSITION",0,39,0,0,0,143,0,,,0,17,0,,,0,0,0,0,0,0,0,0,0,7,3,0,0,0,0,0,0,0,0,0,0,7,1,0,0,FALSE,FALSE,-9.80357142857143,FALSE,,FALSE
2026,1,"2026_01_NE_SEA","00-0034778","5054","DaviCa02","Carlton Davis","DB","NE","SEA",0,71,0,0,,44,,"pass_play_personnel_share","UNRELIABLE_NON_ELIGIBLE_POSITION",0,44,0,0,0,221,0,,,0,27,0,,,0,0,0,0,0,0,0,0,0,2,0,0,,0,0,0,0,0,0,0,0,4,2,0,0,FALSE,FALSE,1.87323943661972,FALSE,,FALSE
2026,1,"2026_01_MIA_LV","00-0034779","5025","HarrRo02","Ronnie Harrison","LB","MIA","LV",0,55,0,0,,40,,"pass_play_personnel_share","UNRELIABLE_NON_ELIGIBLE_POSITION",0,40,0,0,0,309,0,,,0,15,0,,,0,0,0,0,0,0,0,0,0,2,3,0,0,0,0,0,0,0,0,0,0,5,1,0,0,FALSE,FALSE,-10.4545454545455,FALSE,,FALSE
2026,1,"2026_01_NYJ_TEN","00-0034782","5049","PhilHa00","Harrison Phillips","DL","NYJ","TEN",0,64,0,0,,28,,"pass_play_personnel_share","UNRELIABLE_NON_ELIGIBLE_POSITION",0,28,0,0,0,168,0,,,0,36,0,,,0,0,0,0,0,0,0,0,0,2,5,0,0,0,0,0,0,0,0,0,0,,3,,0,FALSE,FALSE,7.65625,FALSE,,FALSE
2026,1,"2026_01_NYJ_TEN","00-0034789","4963","FitzMi00","Minkah Fitzpatrick","DB","NYJ","TEN",0,64,0,0,,28,,"pass_play_personnel_share","UNRELIABLE_NON_ELIGIBLE_POSITION",0,28,0,0,0,168,0,,,0,36,0,,,0,0,0,0,0,0,0,0,0,2,5,0,0,0,0,0,0,0,0,0,0,,3,,0,FALSE,FALSE,7.65625,FALSE,,FALSE
2026,1,"2026_01_ARI_LAC","00-0034790","4971","JameDe00","Derwin James","DB","LAC","ARI",0,55,0,0,,39,,"pass_play_personnel_share","UNRELIABLE_NON_ELIGIBLE_POSITION",0,39,0,0,0,273,0,,,0,16,0,,,0,0,0,0,0,0,0,0,0,7,4,0,0,0,0,0,0,0,0,0,0,4,1,0,0,FALSE,FALSE,-5.67272727272727,FALSE,,FALSE
2026,1,"2026_01_NYJ_TEN","00-0034794","5119","SandJa00","Jason Sanders","K","NYJ","TEN",0,64,0,0,,28,,"pass_play_personnel_share","UNRELIABLE_NON_ELIGIBLE_POSITION",0,28,0,0,0,168,0,,,0,36,0,,,0,0,0,0,0,0,0,0,0,2,5,0,0,0,0,0,0,0,0,0,0,,3,,0,FALSE,FALSE,7.65625,FALSE,,FALSE
2026,1,"2026_01_BAL_IND","00-0034796","4881","JackLa00","Lamar Jackson","QB","BAL","IND",68,64,1,1.0625,,32,,"pass_play_personnel_share","PROXY_PERSONNEL_PRESENCE",0,32,0,0,0,270,0,,,1,32,0.03125,,,26,0,1,0,1,0,1,1,0,5,7,0,0.142857142857143,0,0,0,0,0,0,0,0,5,5,0,0,TRUE,FALSE,11.125,FALSE,,FALSE
2026,1,"2026_01_BAL_IND","00-0034798","5008","SmytDu00","Durham Smythe","TE","BAL","IND",42,64,0.62,0.65625,,32,,"pass_play_personnel_share","PROXY_PERSONNEL_PRESENCE",1,32,0.03125,1,4,270,0.0148148148148148,4,,0,32,0,,0.125,0,0,0,1,0,1,0,0,0,5,7,0.2,0,0,0,0,0,0,0,0,0,5,5,0,0,TRUE,FALSE,11.125,FALSE,,FALSE
2026,1,"2026_01_TB_CIN","00-0034800","5020","HillB.00","B.J. Hill","DL","CIN","TB",0,63,0,0,,38,,"pass_play_personnel_share","UNRELIABLE_NON_ELIGIBLE_POSITION",0,38,0,0,0,226,0,,,0,25,0,,,0,0,0,0,0,0,0,0,0,7,8,0,0,0,0,0,0,0,0,0,0,6,,0,,FALSE,FALSE,8.85714285714286,FALSE,,FALSE
2026,1,"2026_01_ATL_PIT","00-0034801","5757","WoodJo02","Josh Woods","LB","ATL","PIT",0,60,0,0,,28,,"pass_play_personnel_share","UNRELIABLE_NON_ELIGIBLE_POSITION",0,28,0,0,0,77,0,,,0,32,0,,,0,0,0,0,0,0,0,0,0,0,0,,,0,0,0,0,0,0,0,0,4,3,0,0,FALSE,FALSE,-5.28333333333333,FALSE,,FALSE
2026,1,"2026_01_NYJ_TEN","00-0034805","5466","FranJo02","John Franklin-Myers","DL","TEN","NYJ",0,50,0,0,,40,,"pass_play_personnel_share","UNRELIABLE_NON_ELIGIBLE_POSITION",0,40,0,0,0,190,0,,,0,10,0,,,0,0,0,0,0,0,0,0,0,3,0,0,,0,0,0,0,0,0,0,0,3,1,0,0,FALSE,FALSE,-12.58,FALSE,,FALSE
2026,1,"2026_01_SF_LA","00-0034807","5075","OkorOg00","Ogbonnia Okoronkwo","DL","SF","LAR",0,65,0,0,,37,,"pass_play_personnel_share","UNRELIABLE_NON_ELIGIBLE_POSITION",0,37,0,0,0,149,0,,,0,28,0,,,0,0,0,0,0,0,0,0,0,8,2,0,0,0,0,0,0,0,0,0,0,2,3,0,0,FALSE,FALSE,4.13846153846154,FALSE,,FALSE
2026,1,"2026_01_SF_LA","00-0034815","5041","WarnFr00","Fred Warner","LB","SF","LAR",0,65,0,0,,37,,"pass_play_personnel_share","UNRELIABLE_NON_ELIGIBLE_POSITION",0,37,0,0,0,149,0,,,0,28,0,,,0,0,0,0,0,0,0,0,0,8,2,0,0,0,0,0,0,0,0,0,0,2,3,0,0,FALSE,FALSE,4.13846153846154,FALSE,,FALSE
2026,1,"2026_01_BAL_IND","00-0034825","5067","KeyxAr00","Arden Key","DL","IND","BAL",0,54,0,0,,35,,"pass_play_personnel_share","UNRELIABLE_NON_ELIGIBLE_POSITION",0,35,0,0,0,201,0,,,0,19,0,,,0,0,0,0,0,0,0,0,0,3,5,0,0,0,0,0,0,0,0,0,0,6,2,0,0,FALSE,FALSE,-13.4259259259259,FALSE,,FALSE
2026,1,"2026_01_BUF_HOU","00-0034827","4983","MoorD.00","D.J. Moore","WR","BUF","HOU",44,56,0.76,0.785714285714286,,37,,"pass_play_personnel_share","PROXY_PERSONNEL_PRESENCE",8,37,0.216216216216216,5,158,383,0.412532637075718,19.75,,0,19,0,,0.444444444444444,0,0,0,0,0,0,0,0,0,6,3,0,0,3,0,3,0,0,0,0,0,5,2,0,0,TRUE,FALSE,-0.0178571428571427,FALSE,,FALSE
2026,1,"2026_01_TB_CIN","00-0034829","4993","GesiMi00","Mike Gesicki","TE","CIN","TB",21,63,0.33,0.333333333333333,,38,,"pass_play_personnel_share","PROXY_PERSONNEL_PRESENCE",7,38,0.184210526315789,5,63,226,0.278761061946903,9,,0,25,0,,0.636363636363636,0,0,0,2,0,2,0,0,1,7,8,0.285714285714286,0,2,0,5,0,0,0,0,0,6,,0,,TRUE,FALSE,8.85714285714286,FALSE,,FALSE
2026,1,"2026_01_BUF_HOU","00-0034832","4967","ChubBr00","Bradley Chubb","LB","BUF","HOU",0,56,0,0,,37,,"pass_play_personnel_share","UNRELIABLE_NON_ELIGIBLE_POSITION",0,37,0,0,0,383,0,,,0,19,0,,,0,0,0,0,0,0,0,0,0,6,3,0,0,0,0,0,0,0,0,0,0,5,2,0,0,FALSE,FALSE,-0.0178571428571427,FALSE,,FALSE
2026,1,"2026_01_NYJ_TEN","00-0034837","4981","RidlCa00","Calvin Ridley","WR","TEN","NYJ",32,50,0.64,0.64,,40,,"pass_play_personnel_share","PROXY_PERSONNEL_PRESENCE",0,40,0,0,0,190,0,,,0,10,0,,0,0,0,0,0,0,0,0,0,0,3,0,0,,0,0,0,0,0,0,0,0,3,1,0,0,TRUE,FALSE,-12.58,FALSE,,FALSE
2026,1,"2026_01_ATL_PIT","00-0034843","4982","HughMi00","Mike Hughes","DB","ATL","PIT",0,60,0,0,,28,,"pass_play_personnel_share","UNRELIABLE_NON_ELIGIBLE_POSITION",0,28,0,0,0,77,0,,,0,32,0,,,0,0,0,0,0,0,0,0,0,0,0,,,0,0,0,0,0,0,0,0,4,3,0,0,FALSE,FALSE,-5.28333333333333,FALSE,,FALSE
2026,1,"2026_01_WAS_PHI","00-0034844","4866","BarkSa00","Saquon Barkley","RB","PHI","WAS",39,53,0.71,0.735849056603774,,34,,"pass_play_personnel_share","PROXY_PERSONNEL_PRESENCE",2,34,0.0588235294117647,1,-1,225,-0.00444444444444444,-0.5,,15,19,0.789473684210526,0.833333333333333,,0,0,0,0,2,0,0,0,0,3,4,0,0.5,0,1,0,0,0,0,0,0,3,5,0,0,TRUE,FALSE,1.83018867924528,FALSE,,FALSE
2026,1,"2026_01_SF_LA","00-0034854","5773","HodgKh00","KhaDarel Hodge","WR","SF","LAR",1,65,0.02,0.0153846153846154,,37,,"pass_play_personnel_share","PROXY_PERSONNEL_PRESENCE",0,37,0,0,0,149,0,,,0,28,0,,0,0,0,0,0,0,0,0,0,0,8,2,0,0,0,0,0,0,0,0,0,0,2,3,0,0,TRUE,FALSE,4.13846153846154,FALSE,,FALSE
2026,1,"2026_01_TB_CIN","00-0034855","4892","MayfBa00","Baker Mayfield","QB","TB","CIN",57,56,1,1.01785714285714,,39,,"pass_play_personnel_share","PROXY_PERSONNEL_PRESENCE",0,39,0,0,0,143,0,,,0,17,0,,,32,0,0,0,0,0,0,0,0,7,3,0,0,0,0,0,0,0,0,0,0,7,1,0,0,TRUE,FALSE,-9.80357142857143,FALSE,,FALSE
2026,1,"2026_01_CLE_JAX","00-0034856","4964","WardDe02","Denzel Ward","DB","CLE","JAX",0,51,0,0,,32,,"pass_play_personnel_share","UNRELIABLE_NON_ELIGIBLE_POSITION",0,32,0,0,0,228,0,,,0,19,0,,,0,0,0,0,0,0,0,0,0,4,3,0,0,0,0,0,0,0,0,0,0,6,2,0,0,FALSE,FALSE,-23.3529411764706,FALSE,,FALSE
2026,1,"2026_01_BUF_HOU","00-0034857","4984","AlleJo02","Josh Allen","QB","BUF","HOU",58,56,1,1.03571428571429,,37,,"pass_play_personnel_share","PROXY_PERSONNEL_PRESENCE",0,37,0,0,0,383,0,,,4,19,0.210526315789474,,,32,0,4,0,1,0,1,1,0,6,3,0,0.333333333333333,0,0,0,0,0,0,0,0,5,2,0,0,TRUE,FALSE,-0.0178571428571427,FALSE,,FALSE
2026,1,"2026_01_NE_SEA","00-0034869","4943","DarnSa00","Sam Darnold","QB","SEA","NE",5,49,0.1,0.102040816326531,,28,,"pass_play_personnel_share","PROXY_PERSONNEL_PRESENCE",0,28,0,0,0,154,0,,,0,21,0,,,3,0,0,0,0,0,0,0,0,5,2,0,0,0,0,0,0,0,0,0,0,3,4,0,0,TRUE,FALSE,-4.6734693877551,FALSE,,FALSE
2026,1,"2026_01_BAL_IND","00-0034874","4960","SmitRo07","Roquan Smith","LB","BAL","IND",0,64,0,0,,32,,"pass_play_personnel_share","UNRELIABLE_NON_ELIGIBLE_POSITION",0,32,0,0,0,270,0,,,0,32,0,,,0,0,0,0,0,0,0,0,0,5,7,0,0,0,0,0,0,0,0,0,0,5,5,0,0,FALSE,FALSE,11.125,FALSE,,FALSE
2026,1,"2026_01_NE_SEA","00-0034941","6173","WishMi00","Mitch Wishnowsky","P","NE","SEA",0,71,0,0,,44,,"pass_play_personnel_share","UNRELIABLE_NON_ELIGIBLE_POSITION",0,44,0,0,0,221,0,,,0,27,0,,,0,0,0,0,0,0,0,0,0,2,0,0,,0,0,0,0,0,0,0,0,4,2,0,0,FALSE,FALSE,1.87323943661972,FALSE,,FALSE
2026,1,"2026_01_NYJ_TEN","00-0034959","6323","BeckAn01","Andrew Beck","RB","NYJ","TEN",9,64,0.13,0.140625,,28,,"pass_play_personnel_share","PROXY_PERSONNEL_PRESENCE",0,28,0,0,0,168,0,,,0,36,0,0,,0,0,0,0,0,0,0,0,0,2,5,0,0,0,0,0,0,0,0,0,0,,3,,0,TRUE,FALSE,7.65625,FALSE,,FALSE
2026,1,"2026_01_CLE_JAX","00-0034960","5947","MeyeJa01","Jakobi Meyers","WR","JAX","CLE",37,54,0.65,0.685185185185185,,25,,"pass_play_personnel_share","PROXY_PERSONNEL_PRESENCE",2,25,0.08,2,29,242,0.119834710743802,14.5,,1,29,0.0344827586206897,,0.142857142857143,0,0,0,0,0,0,0,0,1,2,1,0,0,0,1,0,0,0,0,0,0,3,3,0,0,TRUE,FALSE,16.3703703703704,FALSE,,FALSE
2026,1,"2026_01_CLE_JAX","00-0034966","6476","RossDA03","D'Angelo Ross","DB","CLE","JAX",0,51,0,0,,32,,"pass_play_personnel_share","UNRELIABLE_NON_ELIGIBLE_POSITION",0,32,0,0,0,228,0,,,0,19,0,,,0,0,0,0,0,0,0,0,0,4,3,0,0,0,0,0,0,0,0,0,0,6,2,0,0,FALSE,FALSE,-23.3529411764706,FALSE,,FALSE
2026,1,"2026_01_DAL_NYG","00-0034967","5839","GaryRa00","Rashan Gary","LB","DAL","NYG",0,58,0,0,,41,,"pass_play_personnel_share","UNRELIABLE_NON_ELIGIBLE_POSITION",0,41,0,0,0,309,0,,,0,17,0,,,0,0,0,0,0,0,0,0,0,6,4,0,0,0,0,0,0,0,0,0,0,5,,0,,FALSE,FALSE,-8.68965517241379,FALSE,,FALSE
2026,1,"2026_01_MIA_LV","00-0034973","5991","CrosMa00","Maxx Crosby","DL","LV","MIA",0,65,0,0,,32,,"pass_play_personnel_share","UNRELIABLE_NON_ELIGIBLE_POSITION",0,32,0,0,0,226,0,,,0,33,0,,,0,0,0,0,0,0,0,0,0,8,4,0,0,0,0,0,0,0,0,0,0,2,4,0,0,FALSE,FALSE,7.52307692307692,FALSE,,FALSE
2026,1,"2026_01_NE_SEA","00-0034974","5876","LoveJu00","Julian Love","DB","SEA","NE",0,49,0,0,,28,,"pass_play_personnel_share","UNRELIABLE_NON_ELIGIBLE_POSITION",0,28,0,0,0,154,0,,,0,21,0,,,0,0,0,0,0,0,0,0,0,5,2,0,0,0,0,0,0,0,0,0,0,3,4,0,0,FALSE,FALSE,-4.6734693877551,FALSE,,FALSE
2026,1,"2026_01_BAL_IND","00-0034975","5995","HillJu00","Justice Hill","RB","BAL","IND",31,64,0.46,0.484375,,32,,"pass_play_personnel_share","PROXY_PERSONNEL_PRESENCE",1,32,0.03125,1,-1,270,-0.0037037037037037,-1,,6,32,0.1875,0.2,,0,0,0,0,0,0,0,0,0,5,7,0,0,0,1,0,1,0,0,0,0,5,5,0,0,TRUE,FALSE,11.125,FALSE,,FALSE
2026,1,"2026_01_BUF_HOU","00-0034981","5985","MoreFo00","Foster Moreau","TE","HOU","BUF",35,79,0.44,0.443037974683544,,48,,"pass_play_personnel_share","PROXY_PERSONNEL_PRESENCE",2,48,0.0416666666666667,2,7,322,0.0217391304347826,3.5,,0,31,0,,0.166666666666667,0,0,0,0,0,0,0,0,0,6,5,0,0,0,0,0,0,0,0,0,0,8,1,0,0,TRUE,FALSE,-3.83544303797468,FALSE,,FALSE
2026,1,"2026_01_SF_LA","00-0034982","6056","GreeDr00","Dre Greenlaw","LB","SF","LAR",0,65,0,0,,37,,"pass_play_personnel_share","UNRELIABLE_NON_ELIGIBLE_POSITION",0,37,0,0,0,149,0,,,0,28,0,,,0,0,0,0,0,0,0,0,0,8,2,0,0,0,0,0,0,0,0,0,0,2,3,0,0,FALSE,FALSE,4.13846153846154,FALSE,,FALSE
2026,1,"2026_01_WAS_PHI","00-0034993","6284","EppsMa00","Marcus Epps","DB","PHI","WAS",0,53,0,0,,34,,"pass_play_personnel_share","UNRELIABLE_NON_ELIGIBLE_POSITION",0,34,0,0,0,225,0,,,0,19,0,,,0,0,0,0,0,0,0,0,0,3,4,0,0,0,0,0,0,0,0,0,0,3,5,0,0,FALSE,FALSE,1.83018867924528,FALSE,,FALSE
2026,1,"2026_01_BAL_IND","00-0035021","6427","DuliAs00","Ashton Dulin","WR","IND","BAL",10,54,0.19,0.185185185185185,,35,,"pass_play_personnel_share","PROXY_PERSONNEL_PRESENCE",1,35,0.0285714285714286,0,0,201,0,0,,0,19,0,,0.0555555555555556,0,0,0,0,0,0,0,0,0,3,5,0,0,0,0,0,0,1,33,0,0,6,2,0.166666666666667,0,TRUE,TRUE,-13.4259259259259,FALSE,,FALSE
2026,1,"2026_01_GB_MIN","00-0035118","6461","OrzeMa00","Matt Orzech","LS","GB","MIN",0,68,0,0,,46,,"pass_play_personnel_share","UNRELIABLE_NON_ELIGIBLE_POSITION",0,46,0,0,0,469,0,,,0,22,0,,,0,0,0,0,0,0,0,0,0,7,3,0,0,0,0,0,0,0,0,0,0,6,4,0,0,FALSE,FALSE,1.41176470588236,FALSE,,FALSE
2026,1,"2026_01_ARI_LAC","00-0035125","6109","IngoAl01","Alec Ingold","RB","LAC","ARI",21,55,0.38,0.381818181818182,,39,,"pass_play_personnel_share","PROXY_PERSONNEL_PRESENCE",0,39,0,0,0,273,0,,,0,16,0,0,,0,0,0,0,0,0,0,0,0,7,4,0,0,0,0,0,0,0,0,0,0,4,1,0,0,TRUE,FALSE,-5.67272727272727,FALSE,,FALSE
2026,1,"2026_01_GB_MIN","00-0035133","6333","NixoKe00","Keisean Nixon","DB","GB","MIN",0,68,0,0,,46,,"pass_play_personnel_share","UNRELIABLE_NON_ELIGIBLE_POSITION",0,46,0,0,0,469,0,,,0,22,0,,,0,0,0,0,0,0,0,0,0,7,3,0,0,0,0,0,0,0,0,0,0,6,4,0,0,FALSE,FALSE,1.41176470588236,FALSE,,FALSE
2026,1,"2026_01_ARI_LAC","00-0035144","6131","WilsMa03","Mack Wilson","LB","ARI","LAC",0,72,0,0,,42,,"pass_play_personnel_share","UNRELIABLE_NON_ELIGIBLE_POSITION",0,42,0,0,0,283,0,,,0,30,0,,,0,0,0,0,0,0,0,0,0,8,6,0,0,0,0,0,0,0,0,0,0,3,2,0,0,FALSE,FALSE,2.86111111111111,FALSE,,FALSE
2026,1,"2026_01_NO_DET","00-0035156","6523","FoxxJa01","Jack Fox","P","DET","NO",0,77,0,0,,41,,"pass_play_personnel_share","UNRELIABLE_NON_ELIGIBLE_POSITION",0,41,0,0,0,207,0,,,0,36,0,,,0,0,0,0,0,0,0,0,0,8,11,0,0,0,0,0,0,0,0,0,0,4,4,0,0,FALSE,FALSE,4.55844155844156,TRUE,,FALSE
2026,1,"2026_01_BUF_HOU","00-0035166","6485","AlShAz00","Azeez Al-Shaair","LB","HOU","BUF",0,79,0,0,,48,,"pass_play_personnel_share","UNRELIABLE_NON_ELIGIBLE_POSITION",0,48,0,0,0,322,0,,,0,31,0,,,0,0,0,0,0,0,0,0,0,6,5,0,0,0,0,0,0,0,0,0,0,8,1,0,0,FALSE,FALSE,-3.83544303797468,FALSE,,FALSE
2026,1,"2026_01_MIA_LV","00-0035190","6555","ColeAJ01","A.J. Cole","P","LV","MIA",0,65,0,0,,32,,"pass_play_personnel_share","UNRELIABLE_NON_ELIGIBLE_POSITION",0,32,0,0,0,226,0,,,0,33,0,,,0,0,0,0,0,0,0,0,0,8,4,0,0,0,0,0,0,0,0,0,0,2,4,0,0,FALSE,FALSE,7.52307692307692,FALSE,,FALSE
2026,1,"2026_01_NYJ_TEN","00-0035192","6528","SlyeJo00","Joey Slye","K","TEN","NYJ",0,50,0,0,,40,,"pass_play_personnel_share","UNRELIABLE_NON_ELIGIBLE_POSITION",0,40,0,0,0,190,0,,,0,10,0,,,0,0,0,0,0,0,0,0,0,3,0,0,,0,0,0,0,0,0,0,0,3,1,0,0,FALSE,FALSE,-12.58,FALSE,,FALSE
2026,1,"2026_01_ARI_LAC","00-0035202","6348","PhilDe00","Del'Shawn Phillips","LB","LAC","ARI",0,55,0,0,,39,,"pass_play_personnel_share","UNRELIABLE_NON_ELIGIBLE_POSITION",0,39,0,0,0,273,0,,,0,16,0,,,0,0,0,0,0,0,0,0,0,7,4,0,0,0,0,0,0,0,0,0,0,4,1,0,0,FALSE,FALSE,-5.67272727272727,FALSE,,FALSE
2026,1,"2026_01_ATL_PIT","00-0035208","6271","ZaccOl01","Olamide Zaccheaus","WR","ATL","PIT",18,60,0.3,0.3,,28,,"pass_play_personnel_share","PROXY_PERSONNEL_PRESENCE",1,28,0.0357142857142857,1,5,77,0.0649350649350649,5,,0,32,0,,0.125,0,0,0,0,0,0,0,0,0,0,0,,,0,0,1,0,1,29,0,0,4,3,0.25,0,TRUE,TRUE,-5.28333333333333,FALSE,,FALSE
2026,1,"2026_01_DAL_NYG","00-0035227","6419","LockPJ00","P.J. Locke","DB","DAL","NYG",0,58,0,0,,41,,"pass_play_personnel_share","UNRELIABLE_NON_ELIGIBLE_POSITION",0,41,0,0,0,309,0,,,0,17,0,,,0,0,0,0,0,0,0,0,0,6,4,0,0,0,0,0,0,0,0,0,0,5,,0,,FALSE,FALSE,-8.68965517241379,FALSE,,FALSE
2026,1,"2026_01_GB_MIN","00-0035228","5849","MurrKy00","Kyler Murray","QB","MIN","GB",11,62,0.17,0.17741935483871,,34,,"pass_play_personnel_share","PROXY_PERSONNEL_PRESENCE",0,34,0,0,0,176,0,,,0,28,0,,,5,0,0,0,0,0,0,0,0,7,8,0,0,0,0,0,0,0,0,0,0,5,1,0,0,TRUE,FALSE,-5.9516129032258,FALSE,,FALSE
2026,1,"2026_01_GB_MIN","00-0035229","5844","HockTJ00","T.J. Hockenson","TE","MIN","GB",43,62,0.66,0.693548387096774,,34,,"pass_play_personnel_share","PROXY_PERSONNEL_PRESENCE",5,34,0.147058823529412,4,17,176,0.0965909090909091,3.4,,0,28,0,,0.555555555555556,0,0,0,2,0,0,0,0,1,7,8,0.285714285714286,0,3,0,0,0,0,0,0,0,5,1,0,0,TRUE,FALSE,-5.9516129032258,FALSE,,FALSE
2026,1,"2026_01_BUF_HOU","00-0035230","5841","OlivEd00","Ed Oliver","DL","BUF","HOU",0,56,0,0,,37,,"pass_play_personnel_share","UNRELIABLE_NON_ELIGIBLE_POSITION",0,37,0,0,0,383,0,,,0,19,0,,,0,0,0,0,0,0,0,0,0,6,3,0,0,0,0,0,0,0,0,0,0,5,2,0,0,FALSE,FALSE,-0.0178571428571427,FALSE,,FALSE
2026,1,"2026_01_GB_MIN","00-0035236","5864","MurpBy00","Byron Murphy","DB","MIN","GB",0,62,0,0,,34,,"pass_play_personnel_share","UNRELIABLE_NON_ELIGIBLE_POSITION",0,34,0,0,0,176,0,,,0,28,0,,,0,0,0,0,0,0,0,0,0,7,8,0,0,0,0,0,0,0,0,0,0,5,1,0,0,FALSE,FALSE,-5.9516129032258,FALSE,,FALSE
2026,1,"2026_01_CLE_JAX","00-0035240","6179","TavaJa00","Jahlani Tavai","LB","JAX","CLE",0,54,0,0,,25,,"pass_play_personnel_share","UNRELIABLE_NON_ELIGIBLE_POSITION",0,25,0,0,0,242,0,,,0,29,0,,,0,0,0,0,0,0,0,0,0,2,1,0,0,0,0,0,0,0,0,0,0,3,3,0,0,FALSE,FALSE,16.3703703703704,FALSE,,FALSE
2026,1,"2026_01_DEN_KC","00-0035248","5871","AlleZa01","Zach Allen","DL","DEN","KC",0,50,0,0,,35,,"pass_play_personnel_share","UNRELIABLE_NON_ELIGIBLE_POSITION",0,35,0,0,0,92,0,,,0,15,0,,,0,0,0,0,0,0,0,0,0,4,1,0,0,0,0,0,0,0,0,0,0,5,3,0,0,FALSE,FALSE,-9.24,FALSE,,FALSE
2026,1,"2026_01_GB_MIN","00-0035249","5973","OlivJo00","Josh Oliver","TE","MIN","GB",42,62,0.65,0.67741935483871,,34,,"pass_play_personnel_share","PROXY_PERSONNEL_PRESENCE",4,34,0.117647058823529,2,13,176,0.0738636363636364,3.25,,0,28,0,,0.444444444444444,0,0,0,0,0,0,0,0,0,7,8,0,0,0,0,0,0,0,0,0,0,5,1,0,0,TRUE,FALSE,-5.9516129032258,FALSE,,FALSE
2026,1,"2026_01_DAL_NYG","00-0035250","6130","SingDe00","Devin Singletary","RB","NYG","DAL",25,66,0.36,0.378787878787879,,33,,"pass_play_personnel_share","PROXY_PERSONNEL_PRESENCE",4,33,0.121212121212121,4,-16,245,-0.0653061224489796,-4,,6,33,0.181818181818182,0.230769230769231,,0,0,0,2,1,1,0,0,0,7,5,0.285714285714286,0.2,2,0,0,0,0,0,0,0,3,2,0,0,TRUE,FALSE,4.48484848484848,FALSE,,FALSE
2026,1,"2026_01_BUF_HOU","00-0035253","5893","GardCh00","Chauncey Gardner-Johnson","DB","BUF","HOU",0,56,0,0,,37,,"pass_play_personnel_share","UNRELIABLE_NON_ELIGIBLE_POSITION",0,37,0,0,0,383,0,,,0,19,0,,,0,0,0,0,0,0,0,0,0,6,3,0,0,0,0,0,0,0,0,0,0,5,2,0,0,FALSE,FALSE,-0.0178571428571427,FALSE,,FALSE
2026,1,"2026_01_TB_CIN","00-0035254","6003","NelsAn01","Anthony Nelson","LB","TB","CIN",0,56,0,0,,39,,"pass_play_personnel_share","UNRELIABLE_NON_ELIGIBLE_POSITION",0,39,0,0,0,143,0,,,0,17,0,,,0,0,0,0,0,0,0,0,0,7,3,0,0,0,0,0,0,0,0,0,0,7,1,0,0,FALSE,FALSE,-9.80357142857143,FALSE,,FALSE
2026,1,"2026_01_NYJ_TEN","00-0035261","5967","PollTo00","Tony Pollard","RB","TEN","NYJ",26,50,0.52,0.52,,40,,"pass_play_personnel_share","PROXY_PERSONNEL_PRESENCE",2,40,0.05,1,24,190,0.126315789473684,12,,7,10,0.7,0.7,,0,0,0,0,0,0,0,0,0,3,0,0,,0,0,0,0,0,0,0,0,3,1,0,0,TRUE,FALSE,-12.58,FALSE,,FALSE
2026,1,"2026_01_DEN_KC","00-0035262","6141","TranDr00","Drue Tranquill","LB","KC","DEN",0,66,0,0,,34,,"pass_play_personnel_share","UNRELIABLE_NON_ELIGIBLE_POSITION",0,34,0,0,0,133,0,,,0,32,0,,,0,0,0,0,0,0,0,0,0,7,4,0,0,0,0,0,0,0,0,0,0,3,4,0,0,FALSE,FALSE,6.83333333333333,FALSE,,FALSE
2026,1,"2026_01_MIA_LV","00-0035269","6083","GayxMa00","Matt Gay","K","LV","MIA",0,65,0,0,,32,,"pass_play_personnel_share","UNRELIABLE_NON_ELIGIBLE_POSITION",0,32,0,0,0,226,0,,,0,33,0,,,0,0,0,0,0,0,0,0,0,8,4,0,0,0,0,0,0,0,0,0,0,2,4,0,0,FALSE,FALSE,7.52307692307692,FALSE,,FALSE
2026,1,"2026_01_GB_MIN","00-0035272","6183","VanGAn00","Andrew Van Ginkel","LB","MIN","GB",0,62,0,0,,34,,"pass_play_personnel_share","UNRELIABLE_NON_ELIGIBLE_POSITION",0,34,0,0,0,176,0,,,0,28,0,,,0,0,0,0,0,0,0,0,0,7,8,0,0,0,0,0,0,0,0,0,0,5,1,0,0,FALSE,FALSE,-5.9516129032258,FALSE,,FALSE
2026,1,"2026_01_GB_MIN","00-0035276","6217","CashBl00","Blake Cashman","LB","MIN","GB",0,62,0,0,,34,,"pass_play_personnel_share","UNRELIABLE_NON_ELIGIBLE_POSITION",0,34,0,0,0,176,0,,,0,28,0,,,0,0,0,0,0,0,0,0,0,7,8,0,0,0,0,0,0,0,0,0,0,5,1,0,0,FALSE,FALSE,-5.9516129032258,FALSE,,FALSE
2026,1,"2026_01_CHI_CAR","00-0035277","6025","JackMi01","Michael Jackson","DB","CAR","CHI",0,68,0,0,,46,,"pass_play_personnel_share","UNRELIABLE_NON_ELIGIBLE_POSITION",0,46,0,0,0,366,0,,,0,22,0,,,0,0,0,0,0,0,0,0,0,10,5,0,0,0,0,0,0,0,0,0,0,7,2,0,0,FALSE,FALSE,-9.88235294117648,FALSE,,FALSE
2026,1,"2026_01_WAS_PHI","00-0035279","5934","OmenCh00","Charles Omenihu","DL","WAS","PHI",0,70,0,0,,41,,"pass_play_personnel_share","UNRELIABLE_NON_ELIGIBLE_POSITION",0,41,0,0,0,317,0,,,0,29,0,,,0,0,0,0,0,0,0,0,0,9,7,0,0,0,0,0,0,0,0,0,0,5,4,0,0,FALSE,FALSE,-5.57142857142857,FALSE,,FALSE
2026,1,"2026_01_ATL_PIT","00-0035280","6093","BailJa00","Jake Bailey","P","ATL","PIT",0,60,0,0,,28,,"pass_play_personnel_share","UNRELIABLE_NON_ELIGIBLE_POSITION",0,28,0,0,0,77,0,,,0,32,0,,,0,0,0,0,0,0,0,0,0,0,0,,,0,0,0,0,0,0,0,0,4,3,0,0,FALSE,FALSE,-5.28333333333333,FALSE,,FALSE
2026,1,"2026_01_ATL_PIT","00-0035286","6220","HolcCo00","Cole Holcomb","LB","PIT","ATL",0,65,0,0,,47,,"pass_play_personnel_share","UNRELIABLE_NON_ELIGIBLE_POSITION",0,47,0,0,0,407,0,,,0,18,0,,,0,0,0,0,0,0,0,0,0,5,1,0,0,0,0,0,0,0,0,0,0,3,4,0,0,FALSE,FALSE,3.12307692307692,FALSE,,FALSE
2026,1,"2026_01_NO_DET","00-0035316","6302","ElliKa00","Kaden Elliss","LB","NO","DET",0,89,0,0,,66,,"pass_play_personnel_share","UNRELIABLE_NON_ELIGIBLE_POSITION",0,66,0,0,0,482,0,,,0,23,0,,,0,0,0,0,0,0,0,0,0,10,3,0,0,0,0,0,0,0,0,0,0,4,5,0,0,FALSE,FALSE,-8.50561797752809,TRUE,,FALSE
2026,1,"2026_01_MIA_LV","00-0035345","6529","MyarCh00","Chris Myarick","TE","LV","MIA",5,65,0.07,0.0769230769230769,,32,,"pass_play_personnel_share","PROXY_PERSONNEL_PRESENCE",0,32,0,0,0,226,0,,,0,33,0,,0,0,0,0,0,0,0,0,0,0,8,4,0,0,0,0,0,0,0,0,0,0,2,4,0,0,TRUE,FALSE,7.52307692307692,FALSE,,FALSE
2026,1,"2026_01_CHI_CAR","00-0035357","6314","LewiCa00","Cam Lewis","DB","CHI","CAR",0,75,0,0,,40,,"pass_play_personnel_share","UNRELIABLE_NON_ELIGIBLE_POSITION",0,40,0,0,0,319,0,,,0,35,0,,,0,0,0,0,0,0,0,0,0,7,10,0,0,0,0,0,0,0,0,0,0,4,1,0,0,FALSE,FALSE,3.50666666666667,FALSE,,FALSE
2026,1,"2026_01_TB_CIN","00-0035358","6650","McLaCh00","Chase McLaughlin","K","TB","CIN",0,56,0,0,,39,,"pass_play_personnel_share","UNRELIABLE_NON_ELIGIBLE_POSITION",0,39,0,0,0,143,0,,,0,17,0,,,0,0,0,0,0,0,0,0,0,7,3,0,0,0,0,0,0,0,0,0,0,7,1,0,0,FALSE,FALSE,-9.80357142857143,FALSE,,FALSE
2026,1,"2026_01_TB_CIN","00-0035363","6105","GileJo01","Joe Giles-Harris","LB","CIN","TB",0,63,0,0,,38,,"pass_play_personnel_share","UNRELIABLE_NON_ELIGIBLE_POSITION",0,38,0,0,0,226,0,,,0,25,0,,,0,0,0,0,0,0,0,0,0,7,8,0,0,0,0,0,0,0,0,0,0,6,,0,,FALSE,FALSE,8.85714285714286,FALSE,,FALSE
2026,1,"2026_01_ARI_LAC","00-0035378","6416","WingAn01","Andrew Wingard","DB","ARI","LAC",0,72,0,0,,42,,"pass_play_personnel_share","UNRELIABLE_NON_ELIGIBLE_POSITION",0,42,0,0,0,283,0,,,0,30,0,,,0,0,0,0,0,0,0,0,0,8,6,0,0,0,0,0,0,0,0,0,0,3,2,0,0,FALSE,FALSE,2.86111111111111,FALSE,,FALSE
2026,1,"2026_01_CHI_CAR","00-0035386","5960","EdwaTJ02","T.J. Edwards","LB","CHI","CAR",0,75,0,0,,40,,"pass_play_personnel_share","UNRELIABLE_NON_ELIGIBLE_POSITION",0,40,0,0,0,319,0,,,0,35,0,,,0,0,0,0,0,0,0,0,0,7,10,0,0,0,0,0,0,0,0,0,0,4,1,0,0,FALSE,FALSE,3.50666666666667,FALSE,,FALSE
2026,1,"2026_01_NO_DET","00-0035402","5912","GranCa01","Carl Granderson","LB","NO","DET",0,89,0,0,,66,,"pass_play_personnel_share","UNRELIABLE_NON_ELIGIBLE_POSITION",0,66,0,0,0,482,0,,,0,23,0,,,0,0,0,0,0,0,0,0,0,10,3,0,0,0,0,0,0,0,0,0,0,4,5,0,0,FALSE,FALSE,-8.50561797752809,TRUE,,FALSE
2026,1,"2026_01_WAS_PHI","00-0035409","6627","TuttSh00","Shy Tuttle","DL","WAS","PHI",0,70,0,0,,41,,"pass_play_personnel_share","UNRELIABLE_NON_ELIGIBLE_POSITION",0,41,0,0,0,317,0,,,0,29,0,,,0,0,0,0,0,0,0,0,0,9,7,0,0,0,0,0,0,0,0,0,0,5,4,0,0,FALSE,FALSE,-5.57142857142857,FALSE,,FALSE
2026,1,"2026_01_SF_LA","00-0035413","6612","GiffLu00","Luke Gifford","LB","SF","LAR",0,65,0,0,,37,,"pass_play_personnel_share","UNRELIABLE_NON_ELIGIBLE_POSITION",0,37,0,0,0,149,0,,,0,28,0,,,0,0,0,0,0,0,0,0,0,8,2,0,0,0,0,0,0,0,0,0,0,2,3,0,0,FALSE,FALSE,4.13846153846154,FALSE,,FALSE
2026,1,"2026_01_BUF_HOU","00-0035500","5970","DortGr01","Greg Dortch","WR","BUF","HOU",0,56,0,0,,37,,"pass_play_personnel_share","PROXY_PERSONNEL_PRESENCE",0,37,0,0,0,383,0,,,0,19,0,,0,0,0,0,0,0,0,0,0,0,6,3,0,0,0,0,0,0,3,82,2,10,5,2,0.6,1,FALSE,TRUE,-0.0178571428571427,FALSE,,FALSE
2026,1,"2026_01_CHI_CAR","00-0035525","5843","BushDe01","Devin Bush","LB","CHI","CAR",0,75,0,0,,40,,"pass_play_personnel_share","UNRELIABLE_NON_ELIGIBLE_POSITION",0,40,0,0,0,319,0,,,0,35,0,,,0,0,0,0,0,0,0,0,0,7,10,0,0,0,0,0,0,0,0,0,0,4,1,0,0,FALSE,FALSE,3.50666666666667,FALSE,,FALSE
2026,1,"2026_01_NO_DET","00-0035544","6588","KennTo01","Tom Kennedy","WR","DET","NO",0,77,0,0,,41,,"pass_play_personnel_share","PROXY_PERSONNEL_PRESENCE",0,41,0,0,0,207,0,,,0,36,0,,0,0,0,0,0,0,0,0,0,0,8,11,0,0,0,0,0,0,2,59,4,35,4,4,0.5,1,FALSE,TRUE,4.55844155844156,TRUE,,FALSE
2026,1,"2026_01_TB_CIN","00-0035631","6001","SampDr00","Drew Sample","TE","CIN","TB",42,63,0.66,0.666666666666667,,38,,"pass_play_personnel_share","PROXY_PERSONNEL_PRESENCE",3,38,0.0789473684210526,3,0,226,0,0,,0,25,0,,0.272727272727273,0,0,0,1,0,0,0,0,0,7,8,0.142857142857143,0,0,0,0,0,0,0,0,0,6,,0,,TRUE,FALSE,8.85714285714286,FALSE,,FALSE
2026,1,"2026_01_NYJ_TEN","00-0035632","5908","HookAm00","Amani Hooker","DB","TEN","NYJ",0,50,0,0,,40,,"pass_play_personnel_share","UNRELIABLE_NON_ELIGIBLE_POSITION",0,40,0,0,0,190,0,,,0,10,0,,,0,0,0,0,0,0,0,0,0,3,0,0,,0,0,0,0,0,0,0,0,3,1,0,0,FALSE,FALSE,-12.58,FALSE,,FALSE
2026,1,"2026_01_ARI_LAC","00-0035636","5861","CollLJ00","L.J. Collier","DL","ARI","LAC",0,72,0,0,,42,,"pass_play_personnel_share","UNRELIABLE_NON_ELIGIBLE_POSITION",0,42,0,0,0,283,0,,,0,30,0,,,0,0,0,0,0,0,0,0,0,8,6,0,0,0,0,0,0,0,0,0,0,3,2,0,0,FALSE,FALSE,2.86111111111111,FALSE,,FALSE
2026,1,"2026_01_NO_DET","00-0035637","6128","Ya-SRo00","Rock Ya-Sin","DB","DET","NO",0,77,0,0,,41,,"pass_play_personnel_share","UNRELIABLE_NON_ELIGIBLE_POSITION",0,41,0,0,0,207,0,,,0,36,0,,,0,0,0,0,0,0,0,0,0,8,11,0,0,0,0,0,0,0,0,0,0,4,4,0,0,FALSE,FALSE,4.55844155844156,TRUE,,FALSE
2026,1,"2026_01_ATL_PIT","00-0035640","5846","MetcDK00","DK Metcalf","WR","PIT","ATL",64,65,0.96,0.984615384615385,,47,,"pass_play_personnel_share","PROXY_PERSONNEL_PRESENCE",10,47,0.212765957446809,4,204,407,0.501228501228501,20.4,,0,18,0,,0.526315789473684,0,0,0,0,0,0,0,0,1,5,1,0,0,4,0,0,0,0,0,0,0,3,4,0,0,TRUE,FALSE,3.12307692307692,FALSE,,FALSE
2026,1,"2026_01_CLE_JAX","00-0035642","5840","AlleJo03","Josh Hines-Allen","DL","JAX","CLE",0,54,0,0,,25,,"pass_play_personnel_share","UNRELIABLE_NON_ELIGIBLE_POSITION",0,25,0,0,0,242,0,,,0,29,0,,,0,0,0,0,0,0,0,0,0,2,1,0,0,0,0,0,0,0,0,0,0,3,3,0,0,FALSE,FALSE,16.3703703703704,FALSE,,FALSE
2026,1,"2026_01_NYJ_TEN","00-0035643","6125","SimmJe01","Jeffery Simmons","DL","TEN","NYJ",0,50,0,0,,40,,"pass_play_personnel_share","UNRELIABLE_NON_ELIGIBLE_POSITION",0,40,0,0,0,190,0,,,0,10,0,,,0,0,0,0,0,0,0,0,0,3,0,0,,0,0,0,0,0,0,0,0,3,1,0,0,FALSE,FALSE,-12.58,FALSE,,FALSE
2026,1,"2026_01_NO_DET","00-0035644","5857","FantNo00","Noah Fant","TE","NO","DET",37,89,0.41,0.415730337078652,,66,,"pass_play_personnel_share","PROXY_PERSONNEL_PRESENCE",8,66,0.121212121212121,4,48,482,0.0995850622406639,6,,0,23,0,,0.533333333333333,0,0,0,1,0,1,0,0,1,10,3,0.1,0,1,0,0,0,0,0,0,0,4,5,0,0,TRUE,FALSE,-8.50561797752809,TRUE,,FALSE
2026,1,"2026_01_CHI_CAR","00-0035647","6124","SweaMo00","Montez Sweat","DL","CHI","CAR",0,75,0,0,,40,,"pass_play_personnel_share","UNRELIABLE_NON_ELIGIBLE_POSITION",0,40,0,0,0,319,0,,,0,35,0,,,0,0,0,0,0,0,0,0,0,7,10,0,0,0,0,0,0,0,0,0,0,4,1,0,0,FALSE,FALSE,3.50666666666667,FALSE,,FALSE
2026,1,"2026_01_WAS_PHI","00-0035659","5927","McLaTe00","Terry McLaurin","WR","WAS","PHI",61,70,0.87,0.871428571428571,,41,,"pass_play_personnel_share","PROXY_PERSONNEL_PRESENCE",4,41,0.0975609756097561,2,22,317,0.0694006309148265,5.5,,0,29,0,,0.2,0,0,0,1,0,1,0,0,0,9,7,0.111111111111111,0,0,0,0,0,0,0,0,0,5,4,0,0,TRUE,FALSE,-5.57142857142857,FALSE,,FALSE
2026,1,"2026_01_BUF_HOU","00-0035667","5981","GainGr00","Greg Gaines","DL","BUF","HOU",0,56,0,0,,37,,"pass_play_personnel_share","UNRELIABLE_NON_ELIGIBLE_POSITION",0,37,0,0,0,383,0,,,0,19,0,,,0,0,0,0,0,0,0,0,0,6,3,0,0,0,0,0,0,0,0,0,0,5,2,0,0,FALSE,FALSE,-0.0178571428571427,FALSE,,FALSE
2026,1,"2026_01_CHI_CAR","00-0035669","6301","ScotNi01","Nick Scott","DB","CAR","CHI",0,68,0,0,,46,,"pass_play_personnel_share","UNRELIABLE_NON_ELIGIBLE_POSITION",0,46,0,0,0,366,0,,,0,22,0,,,0,0,0,0,0,0,0,0,0,10,5,0,0,0,0,0,0,0,0,0,0,7,2,0,0,FALSE,FALSE,-9.88235294117648,FALSE,,FALSE
2026,1,"2026_01_NYJ_TEN","00-0035672","6065","BartCo00","Cody Barton","LB","TEN","NYJ",0,50,0,0,,40,,"pass_play_personnel_share","UNRELIABLE_NON_ELIGIBLE_POSITION",0,40,0,0,0,190,0,,,0,10,0,,,0,0,0,0,0,0,0,0,0,3,0,0,,0,0,0,0,0,0,0,0,3,1,0,0,FALSE,FALSE,-12.58,FALSE,,FALSE
2026,1,"2026_01_BAL_IND","00-0035674","6129","TillJe00","Jerry Tillery","DL","IND","BAL",0,54,0,0,,35,,"pass_play_personnel_share","UNRELIABLE_NON_ELIGIBLE_POSITION",0,35,0,0,0,201,0,,,0,19,0,,,0,0,0,0,0,0,0,0,0,3,5,0,0,0,0,0,0,0,0,0,0,6,2,0,0,FALSE,FALSE,-13.4259259259259,FALSE,,FALSE
2026,1,"2026_01_NE_SEA","00-0035676","5859","BrowAJ00","A.J. Brown","WR","NE","SEA",31,71,0.44,0.436619718309859,,44,,"pass_play_personnel_share","PROXY_PERSONNEL_PRESENCE",4,44,0.0909090909090909,3,19,221,0.085972850678733,4.75,,0,27,0,,0.210526315789474,0,0,0,0,0,0,0,0,0,2,0,0,,3,0,0,0,0,0,0,0,4,2,0,0,TRUE,FALSE,1.87323943661972,FALSE,,FALSE
2026,1,"2026_01_NE_SEA","00-0035678","5865","JoneDr00","Dre'Mont Jones","LB","NE","SEA",0,71,0,0,,44,,"pass_play_personnel_share","UNRELIABLE_NON_ELIGIBLE_POSITION",0,44,0,0,0,221,0,,,0,27,0,,,0,0,0,0,0,0,0,0,0,2,0,0,,0,0,0,0,0,0,0,0,4,2,0,0,FALSE,FALSE,1.87323943661972,FALSE,,FALSE
2026,1,"2026_01_CLE_JAX","00-0035680","6214","WillQu01","Quincy Williams","LB","CLE","JAX",0,51,0,0,,32,,"pass_play_personnel_share","UNRELIABLE_NON_ELIGIBLE_POSITION",0,32,0,0,0,228,0,,,0,19,0,,,0,0,0,0,0,0,0,0,0,4,3,0,0,0,0,0,0,0,0,0,0,6,2,0,0,FALSE,FALSE,-23.3529411764706,FALSE,,FALSE
2026,1,"2026_01_TB_CIN","00-0035683","5847","LawrDe03","Dexter Lawrence","DL","CIN","TB",0,63,0,0,,38,,"pass_play_personnel_share","UNRELIABLE_NON_ELIGIBLE_POSITION",0,38,0,0,0,226,0,,,0,25,0,,,0,0,0,0,0,0,0,0,0,7,8,0,0,0,0,0,0,0,0,0,0,6,,0,,FALSE,FALSE,8.85714285714286,FALSE,,FALSE
2026,1,"2026_01_BUF_HOU","00-0035685","5892","MontDa01","David Montgomery","RB","HOU","BUF",39,79,0.49,0.493670886075949,,48,,"pass_play_personnel_share","PROXY_PERSONNEL_PRESENCE",3,48,0.0625,3,5,322,0.015527950310559,1.66666666666667,,20,31,0.645161290322581,0.689655172413793,,0,0,0,1,5,1,4,3,0,6,5,0.166666666666667,1,0,3,0,0,0,0,0,0,8,1,0,0,TRUE,FALSE,-3.83544303797468,FALSE,,FALSE
2026,1,"2026_01_CHI_CAR","00-0035687","5944","OkerBo00","Bobby Okereke","LB","CAR","CHI",0,68,0,0,,46,,"pass_play_personnel_share","UNRELIABLE_NON_ELIGIBLE_POSITION",0,46,0,0,0,366,0,,,0,22,0,,,0,0,0,0,0,0,0,0,0,10,5,0,0,0,0,0,0,0,0,0,0,7,2,0,0,FALSE,FALSE,-9.88235294117648,FALSE,,FALSE
2026,1,"2026_01_BUF_HOU","00-0035689","5906","KnoxDa00","Dawson Knox","TE","BUF","HOU",39,56,0.67,0.696428571428571,,37,,"pass_play_personnel_share","PROXY_PERSONNEL_PRESENCE",1,37,0.027027027027027,1,2,383,0.00522193211488251,2,,0,19,0,,0.142857142857143,0,0,0,0,0,0,0,0,0,6,3,0,0,0,0,0,0,0,0,0,0,5,2,0,0,TRUE,FALSE,-0.0178571428571427,FALSE,,FALSE
2026,1,"2026_01_MIA_LV","00-0035692","5842","FerrCl00","Clelin Ferrell","DL","MIA","LV",0,55,0,0,,40,,"pass_play_personnel_share","UNRELIABLE_NON_ELIGIBLE_POSITION",0,40,0,0,0,309,0,,,0,15,0,,,0,0,0,0,0,0,0,0,0,2,3,0,0,0,0,0,0,0,0,0,0,5,1,0,0,FALSE,FALSE,-10.4545454545455,FALSE,,FALSE
2026,1,"2026_01_ATL_PIT","00-0035699","5946","DeanJa00","Jamel Dean","DB","PIT","ATL",0,65,0,0,,47,,"pass_play_personnel_share","UNRELIABLE_NON_ELIGIBLE_POSITION",0,47,0,0,0,407,0,,,0,18,0,,,0,0,0,0,0,0,0,0,0,5,1,0,0,0,0,0,0,0,0,0,0,3,4,0,0,FALSE,FALSE,3.12307692307692,FALSE,,FALSE
2026,1,"2026_01_NE_SEA","00-0035704","5854","LockDr00","Drew Lock","QB","SEA","NE",45,49,0.9,0.918367346938776,,28,,"pass_play_personnel_share","PROXY_PERSONNEL_PRESENCE",0,28,0,0,0,154,0,,,0,21,0,,,23,0,0,0,0,0,0,0,0,5,2,0,0,0,0,0,0,0,0,0,0,3,4,0,0,TRUE,FALSE,-4.6734693877551,FALSE,,FALSE
2026,1,"2026_01_DAL_NYG","00-0035705","6711","ThomJa04","Jalen Thompson","DB","DAL","NYG",0,58,0,0,,41,,"pass_play_personnel_share","UNRELIABLE_NON_ELIGIBLE_POSITION",0,41,0,0,0,309,0,,,0,17,0,,,0,0,0,0,0,0,0,0,0,6,4,0,0,0,0,0,0,0,0,0,0,5,,0,,FALSE,FALSE,-8.68965517241379,FALSE,,FALSE
2026,1,"2026_01_NO_DET","00-0035707","6119","WhitDe02","Devin White","LB","DET","NO",0,77,0,0,,41,,"pass_play_personnel_share","UNRELIABLE_NON_ELIGIBLE_POSITION",0,41,0,0,0,207,0,,,0,36,0,,,0,0,0,0,0,0,0,0,0,8,11,0,0,0,0,0,0,0,0,0,0,4,4,0,0,FALSE,FALSE,4.55844155844156,TRUE,,FALSE
2026,1,"2026_01_BAL_IND","00-0035710","5870","JoneDa05","Daniel Jones","QB","IND","BAL",54,54,1,1,,35,,"pass_play_personnel_share","PROXY_PERSONNEL_PRESENCE",0,35,0,0,0,201,0,,,0,19,0,,,33,0,0,0,0,0,0,0,0,3,5,0,0,0,0,0,0,0,0,0,0,6,2,0,0,TRUE,FALSE,-13.4259259259259,FALSE,,FALSE
2026,1,"2026_01_DAL_NYG","00-0035713","5862","BurnBr00","Brian Burns","LB","NYG","DAL",0,66,0,0,,33,,"pass_play_personnel_share","UNRELIABLE_NON_ELIGIBLE_POSITION",0,33,0,0,0,245,0,,,0,33,0,,,0,0,0,0,0,0,0,0,0,7,5,0,0,0,0,0,0,0,0,0,0,3,2,0,0,FALSE,FALSE,4.48484848484848,FALSE,,FALSE
2026,1,"2026_01_SF_LA","00-0035717","5816","BosaNi00","Nick Bosa","DL","SF","LAR",0,65,0,0,,37,,"pass_play_personnel_share","UNRELIABLE_NON_ELIGIBLE_POSITION",0,37,0,0,0,149,0,,,0,28,0,,,0,0,0,0,0,0,0,0,0,8,2,0,0,0,0,0,0,0,0,0,0,2,3,0,0,FALSE,FALSE,4.13846153846154,FALSE,,FALSE
2026,1,"2026_01_DAL_NYG","00-0035718","6118","WillQu00","Quinnen Williams","DL","DAL","NYG",0,58,0,0,,41,,"pass_play_personnel_share","UNRELIABLE_NON_ELIGIBLE_POSITION",0,41,0,0,0,309,0,,,0,17,0,,,0,0,0,0,0,0,0,0,0,6,4,0,0,0,0,0,0,0,0,0,0,5,,0,,FALSE,FALSE,-8.68965517241379,FALSE,,FALSE
2026,1,"2026_01_SF_LA","00-0035719","5872","SamuDe00","Deebo Samuel","WR","SF","LAR",27,65,0.42,0.415384615384615,,37,,"pass_play_personnel_share","PROXY_PERSONNEL_PRESENCE",7,37,0.189189189189189,6,17,149,0.114093959731544,2.42857142857143,,1,28,0.0357142857142857,,0.411764705882353,0,0,0,3,0,2,0,0,1,8,2,0.375,0,0,0,0,0,2,74,0,0,2,3,1,0,TRUE,TRUE,4.13846153846154,FALSE,,FALSE
2026,1,"2026_01_DEN_KC","00-0035763","7018","RoacMa01","Malcolm Roach","DL","DEN","KC",0,50,0,0,,35,,"pass_play_personnel_share","UNRELIABLE_NON_ELIGIBLE_POSITION",0,35,0,0,0,92,0,,,0,15,0,,,0,0,0,0,0,0,0,0,0,4,1,0,0,0,0,0,0,0,0,0,0,5,3,0,0,FALSE,FALSE,-9.24,FALSE,,FALSE
2026,1,"2026_01_GB_MIN","00-0035795","7419","PierJa01","James Pierre","DB","MIN","GB",0,62,0,0,,34,,"pass_play_personnel_share","UNRELIABLE_NON_ELIGIBLE_POSITION",0,34,0,0,0,176,0,,,0,28,0,,,0,0,0,0,0,0,0,0,0,7,8,0,0,0,0,0,0,0,0,0,0,5,1,0,0,FALSE,FALSE,-5.9516129032258,FALSE,,FALSE
2026,1,"2026_01_SF_LA","00-0035821","7215","WaitCo00","Corliss Waitman","P","SF","LAR",0,65,0,0,,37,,"pass_play_personnel_share","UNRELIABLE_NON_ELIGIBLE_POSITION",0,37,0,0,0,149,0,,,0,28,0,,,0,0,0,0,0,0,0,0,0,8,2,0,0,0,0,0,0,0,0,0,0,2,3,0,0,FALSE,FALSE,4.13846153846154,FALSE,,FALSE
2026,1,"2026_01_ARI_LAC","00-0035859","7467","GillBl00","Blake Gillikin","P","ARI","LAC",0,72,0,0,,42,,"pass_play_personnel_share","UNRELIABLE_NON_ELIGIBLE_POSITION",0,42,0,0,0,283,0,,,0,30,0,,,0,0,0,0,0,0,0,0,0,8,6,0,0,0,0,0,0,0,0,0,0,3,2,0,0,FALSE,FALSE,2.86111111111111,FALSE,,FALSE
2026,1,"2026_01_NYJ_TEN","00-0035889","7307","TownTo01","Tommy Townsend","P","TEN","NYJ",0,50,0,0,,40,,"pass_play_personnel_share","UNRELIABLE_NON_ELIGIBLE_POSITION",0,40,0,0,0,190,0,,,0,10,0,,,0,0,0,0,0,0,0,0,0,3,0,0,,0,0,0,0,0,0,0,0,3,1,0,0,FALSE,FALSE,-12.58,FALSE,,FALSE
2026,1,"2026_01_MIA_LV","00-0035891","7039",,"Cody White","WR","LV","MIA",,65,,,,32,,"pass_play_personnel_share","PROXY_PERSONNEL_PRESENCE",1,32,0.03125,0,3,226,0.0132743362831858,3,,0,33,0,,0.0625,0,0,0,0,0,0,0,0,0,8,4,0,0,0,0,0,0,0,0,0,0,2,4,0,0,TRUE,FALSE,7.52307692307692,FALSE,,FALSE
2026,1,"2026_01_NO_DET","00-0035895","7014","BachJo01","Joe Bachie","LB","DET","NO",0,77,0,0,,41,,"pass_play_personnel_share","UNRELIABLE_NON_ELIGIBLE_POSITION",0,41,0,0,0,207,0,,,0,36,0,,,0,0,0,0,0,0,0,0,0,8,11,0,0,0,0,0,0,0,0,0,0,4,4,0,0,FALSE,FALSE,4.55844155844156,TRUE,,FALSE
2026,1,"2026_01_BUF_HOU","00-0035933","7342","HoecMi00","Michael Hoecht","LB","BUF","HOU",0,56,0,0,,37,,"pass_play_personnel_share","UNRELIABLE_NON_ELIGIBLE_POSITION",0,37,0,0,0,383,0,,,0,19,0,,,0,0,0,0,0,0,0,0,0,6,3,0,0,0,0,0,0,0,0,0,0,5,2,0,0,FALSE,FALSE,-0.0178571428571427,FALSE,,FALSE
2026,1,"2026_01_BUF_HOU","00-0036037","7224","FranSa00","Sam Franklin","DB","BUF","HOU",0,56,0,0,,37,,"pass_play_personnel_share","UNRELIABLE_NON_ELIGIBLE_POSITION",0,37,0,0,0,383,0,,,0,19,0,,,0,0,0,0,0,0,0,0,0,6,3,0,0,0,0,0,0,0,0,0,0,5,2,0,0,FALSE,FALSE,-0.0178571428571427,FALSE,,FALSE
2026,1,"2026_01_NO_DET","00-0036040","7002","JohnJu02","Juwan Johnson","TE","NO","DET",76,89,0.84,0.853932584269663,,66,,"pass_play_personnel_share","PROXY_PERSONNEL_PRESENCE",7,66,0.106060606060606,3,77,482,0.159751037344398,11,,0,23,0,,0.466666666666667,0,0,0,3,0,2,0,0,2,10,3,0.3,0,2,0,3,0,0,0,0,0,4,5,0,0,TRUE,FALSE,-8.50561797752809,TRUE,,FALSE
2026,1,"2026_01_BAL_IND","00-0036081","7122","WashBr01","Broderick Washington","DL","BAL","IND",0,64,0,0,,32,,"pass_play_personnel_share","UNRELIABLE_NON_ELIGIBLE_POSITION",0,32,0,0,0,270,0,,,0,32,0,,,0,0,0,0,0,0,0,0,0,5,7,0,0,0,0,0,0,0,0,0,0,5,5,0,0,FALSE,FALSE,11.125,FALSE,,FALSE
2026,1,"2026_01_NO_DET","00-0036124","7200","DorsKh00","Khalil Dorsey","DB","DET","NO",0,77,0,0,,41,,"pass_play_personnel_share","UNRELIABLE_NON_ELIGIBLE_POSITION",0,41,0,0,0,207,0,,,0,36,0,,,0,0,0,0,0,0,0,0,0,8,11,0,0,0,0,0,0,0,0,0,0,4,4,0,0,FALSE,FALSE,4.55844155844156,TRUE,,FALSE
2026,1,"2026_01_ATL_PIT","00-0036139","7021","DowdRi01","Rico Dowdle","RB","PIT","ATL",39,65,0.58,0.6,,47,,"pass_play_personnel_share","PROXY_PERSONNEL_PRESENCE",5,47,0.106382978723404,2,4,407,0.00982800982800983,0.8,,8,18,0.444444444444444,0.444444444444444,,0,0,0,0,1,0,0,0,0,5,1,0,1,1,0,0,0,0,0,0,0,3,4,0,0,TRUE,FALSE,3.12307692307692,FALSE,,FALSE
2026,1,"2026_01_GB_MIN","00-0036157","7197","WelcKr00","Kristian Welch","LB","GB","MIN",0,68,0,0,,46,,"pass_play_personnel_share","UNRELIABLE_NON_ELIGIBLE_POSITION",0,46,0,0,0,469,0,,,0,22,0,,,0,0,0,0,0,0,0,0,0,7,3,0,0,0,0,0,0,0,0,0,0,6,4,0,0,FALSE,FALSE,1.41176470588236,FALSE,,FALSE
2026,1,"2026_01_DEN_KC","00-0036158","6806","DobbJK00","J.K. Dobbins","RB","DEN","KC",22,50,0.43,0.44,,35,,"pass_play_personnel_share","PROXY_PERSONNEL_PRESENCE",0,35,0,0,0,92,0,,,8,15,0.533333333333333,0.727272727272727,,0,0,0,0,0,0,0,0,0,4,1,0,0,0,0,0,0,0,0,0,0,5,3,0,0,TRUE,FALSE,-9.24,FALSE,,FALSE
2026,1,"2026_01_MIA_LV","00-0036159","6921","UcheJo00","Josh Uche","LB","MIA","LV",0,55,0,0,,40,,"pass_play_personnel_share","UNRELIABLE_NON_ELIGIBLE_POSITION",0,40,0,0,0,309,0,,,0,15,0,,,0,0,0,0,0,0,0,0,0,2,3,0,0,0,0,0,0,0,0,0,0,5,1,0,0,FALSE,FALSE,-10.4545454545455,FALSE,,FALSE
2026,1,"2026_01_BUF_HOU","00-0036162","7042","BassTy00","Tyler Bass","K","BUF","HOU",0,56,0,0,,37,,"pass_play_personnel_share","UNRELIABLE_NON_ELIGIBLE_POSITION",0,37,0,0,0,383,0,,,0,19,0,,,0,0,0,0,0,0,0,0,0,6,3,0,0,0,0,0,0,0,0,0,0,5,2,0,0,FALSE,FALSE,-0.0178571428571427,FALSE,,FALSE
2026,1,"2026_01_ARI_LAC","00-0036181","7443","TartTe00","Teair Tart","DL","LAC","ARI",0,55,0,0,,39,,"pass_play_personnel_share","UNRELIABLE_NON_ELIGIBLE_POSITION",0,39,0,0,0,273,0,,,0,16,0,,,0,0,0,0,0,0,0,0,0,7,4,0,0,0,0,0,0,0,0,0,0,4,1,0,0,FALSE,FALSE,-5.67272727272727,FALSE,,FALSE
2026,1,"2026_01_NE_SEA","00-0036187","7204","GillRe00","Reggie Gilliam","RB","NE","SEA",13,71,0.18,0.183098591549296,,44,,"pass_play_personnel_share","PROXY_PERSONNEL_PRESENCE",0,44,0,0,0,221,0,,,0,27,0,0,,0,0,0,0,0,0,0,0,0,2,0,0,,0,0,0,0,0,0,0,0,4,2,0,0,TRUE,FALSE,1.87323943661972,FALSE,,FALSE
2026,1,"2026_01_WAS_PHI","00-0036192","6802","EpenAJ00","A.J. Epenesa","DL","PHI","WAS",0,53,0,0,,34,,"pass_play_personnel_share","UNRELIABLE_NON_ELIGIBLE_POSITION",0,34,0,0,0,225,0,,,0,19,0,,,0,0,0,0,0,0,0,0,0,3,4,0,0,0,0,0,0,0,0,0,0,3,5,0,0,FALSE,FALSE,1.83018867924528,FALSE,,FALSE
2026,1,"2026_01_NO_DET","00-0036193","6848","JennAn00","Anfernee Jennings","LB","NO","DET",0,89,0,0,,66,,"pass_play_personnel_share","UNRELIABLE_NON_ELIGIBLE_POSITION",0,66,0,0,0,482,0,,,0,23,0,,,0,0,0,0,0,0,0,0,0,10,3,0,0,0,0,0,0,0,0,0,0,4,5,0,0,FALSE,FALSE,-8.50561797752809,TRUE,,FALSE
2026,1,"2026_01_ATL_PIT","00-0036204","7231","LondLa00","LaCale London","DL","ATL","PIT",0,60,0,0,,28,,"pass_play_personnel_share","UNRELIABLE_NON_ELIGIBLE_POSITION",0,28,0,0,0,77,0,,,0,32,0,,,0,0,0,0,0,0,0,0,0,0,0,,,0,0,0,0,0,0,0,0,4,3,0,0,FALSE,FALSE,-5.28333333333333,FALSE,,FALSE
2026,1,"2026_01_CHI_CAR","00-0036220","6784","BrowDe05","Derrick Brown","DL","CAR","CHI",0,68,0,0,,46,,"pass_play_personnel_share","UNRELIABLE_NON_ELIGIBLE_POSITION",0,46,0,0,0,366,0,,,0,22,0,,,0,0,0,0,0,0,0,0,0,10,5,0,0,0,0,0,0,0,0,0,0,7,2,0,0,FALSE,FALSE,-9.88235294117648,FALSE,,FALSE
2026,1,"2026_01_DEN_KC","00-0036221","6911","JoneBr06","Brandon Jones","DB","DEN","KC",0,50,0,0,,35,,"pass_play_personnel_share","UNRELIABLE_NON_ELIGIBLE_POSITION",0,35,0,0,0,92,0,,,0,15,0,,,0,0,0,0,0,0,0,0,0,4,1,0,0,0,0,0,0,0,0,0,0,5,3,0,0,FALSE,FALSE,-9.24,FALSE,,FALSE
2026,1,"2026_01_GB_MIN","00-0036222","7133","RodgIs00","Isaiah Rodgers","DB","MIN","GB",0,62,0,0,,34,,"pass_play_personnel_share","UNRELIABLE_NON_ELIGIBLE_POSITION",0,34,0,0,0,176,0,,,0,28,0,,,0,0,0,0,0,0,0,0,0,7,8,0,0,0,0,0,0,0,0,0,0,5,1,0,0,FALSE,FALSE,-5.9516129032258,FALSE,,FALSE
2026,1,"2026_01_BAL_IND","00-0036223","6813","TaylJo02","Jonathan Taylor","RB","IND","BAL",48,54,0.89,0.888888888888889,,35,,"pass_play_personnel_share","PROXY_PERSONNEL_PRESENCE",4,35,0.114285714285714,3,0,201,0,0,,19,19,1,1,,0,0,0,0,5,0,4,3,0,3,5,0,1,0,3,0,1,0,0,0,0,6,2,0,0,TRUE,FALSE,-13.4259259259259,FALSE,,FALSE
2026,1,"2026_01_TB_CIN","00-0036231","6872","DuggKy00","Kyle Dugger","DB","CIN","TB",0,63,0,0,,38,,"pass_play_personnel_share","UNRELIABLE_NON_ELIGIBLE_POSITION",0,38,0,0,0,226,0,,,0,25,0,,,0,0,0,0,0,0,0,0,0,7,8,0,0,0,0,0,0,0,0,0,0,6,,0,,FALSE,FALSE,8.85714285714286,FALSE,,FALSE
2026,1,"2026_01_SF_LA","00-0036244","6865","ParkCo02","Colby Parkinson","TE","LAR","SF",47,60,0.77,0.783333333333333,,33,,"pass_play_personnel_share","PROXY_PERSONNEL_PRESENCE",2,33,0.0606060606060606,1,9,255,0.0352941176470588,4.5,,0,27,0,,0.333333333333333,0,0,0,1,0,1,0,0,0,2,7,0.5,0,0,0,0,0,0,0,0,0,5,1,0,0,TRUE,FALSE,-9.48333333333334,FALSE,,FALSE
2026,1,"2026_01_ATL_PIT","00-0036252","6819","PittMi01","Michael Pittman","WR","PIT","ATL",59,65,0.88,0.907692307692308,,47,,"pass_play_personnel_share","PROXY_PERSONNEL_PRESENCE",3,47,0.0638297872340425,3,33,407,0.0810810810810811,11,,0,18,0,,0.157894736842105,0,0,0,0,0,0,0,0,0,5,1,0,0,0,0,0,0,0,0,0,0,3,4,0,0,TRUE,FALSE,3.12307692307692,FALSE,,FALSE
2026,1,"2026_01_NO_DET","00-0036253","7044","BlacJu01","Julian Blackmon","DB","NO","DET",0,89,0,0,,66,,"pass_play_personnel_share","UNRELIABLE_NON_ELIGIBLE_POSITION",0,66,0,0,0,482,0,,,0,23,0,,,0,0,0,0,0,0,0,0,0,10,3,0,0,0,0,0,0,0,0,0,0,4,5,0,0,FALSE,FALSE,-8.50561797752809,TRUE,,FALSE
2026,1,"2026_01_GB_MIN","00-0036259","7049","JennJa00","Jauan Jennings","WR","MIN","GB",31,62,0.48,0.5,,34,,"pass_play_personnel_share","PROXY_PERSONNEL_PRESENCE",1,34,0.0294117647058824,0,30,176,0.170454545454545,30,,0,28,0,,0.0769230769230769,0,0,0,0,0,0,0,0,0,7,8,0,0,0,0,0,0,0,0,0,0,5,1,0,0,TRUE,FALSE,-5.9516129032258,FALSE,,FALSE
2026,1,"2026_01_WAS_PHI","00-0036260","6792","KinlJa00","Javon Kinlaw","DL","WAS","PHI",0,70,0,0,,41,,"pass_play_personnel_share","UNRELIABLE_NON_ELIGIBLE_POSITION",0,41,0,0,0,317,0,,,0,29,0,,,0,0,0,0,0,0,0,0,0,9,7,0,0,0,0,0,0,0,0,0,0,5,4,0,0,FALSE,FALSE,-5.57142857142857,FALSE,,FALSE
2026,1,"2026_01_CLE_JAX","00-0036262","6972","HamiDa02","Davon Hamilton","DL","JAX","CLE",0,54,0,0,,25,,"pass_play_personnel_share","UNRELIABLE_NON_ELIGIBLE_POSITION",0,25,0,0,0,242,0,,,0,29,0,,,0,0,0,0,0,0,0,0,0,2,1,0,0,0,0,0,0,0,0,0,0,3,3,0,0,FALSE,FALSE,16.3703703703704,FALSE,,FALSE
2026,1,"2026_01_GB_MIN","00-0036264","6804","LoveJo03","Jordan Love","QB","GB","MIN",68,68,1,1,,46,,"pass_play_personnel_share","PROXY_PERSONNEL_PRESENCE",0,46,0,0,0,469,0,,,1,22,0.0454545454545455,,,46,0,1,0,1,0,0,0,0,7,3,0,0.333333333333333,0,0,0,0,0,0,0,0,6,4,0,0,TRUE,FALSE,1.41176470588236,FALSE,,FALSE
2026,1,"2026_01_CHI_CAR","00-0036265","6828","DillAJ00","AJ Dillon","RB","CAR","CHI",7,68,0.1,0.102941176470588,,46,,"pass_play_personnel_share","PROXY_PERSONNEL_PRESENCE",0,46,0,0,0,366,0,,,5,22,0.227272727272727,0.263157894736842,,0,0,0,0,0,0,0,0,0,10,5,0,0,0,0,0,2,0,0,0,0,7,2,0,0,TRUE,FALSE,-9.88235294117648,FALSE,,FALSE
2026,1,"2026_01_NYJ_TEN","00-0036266","6841","ElliJo02","Jordan Elliott","DL","TEN","NYJ",0,50,0,0,,40,,"pass_play_personnel_share","UNRELIABLE_NON_ELIGIBLE_POSITION",0,40,0,0,0,190,0,,,0,10,0,,,0,0,0,0,0,0,0,0,0,3,0,0,,0,0,0,0,0,0,0,0,3,1,0,0,FALSE,FALSE,-12.58,FALSE,,FALSE
2026,1,"2026_01_CHI_CAR","00-0036275","6790","SwifDA00","D'Andre Swift","RB","CHI","CAR",43,75,0.57,0.573333333333333,,40,,"pass_play_personnel_share","PROXY_PERSONNEL_PRESENCE",1,40,0.025,1,4,319,0.0125391849529781,4,,18,35,0.514285714285714,0.642857142857143,,0,0,0,0,6,0,4,3,0,7,10,0,0.6,0,1,0,0,0,0,0,0,4,1,0,0,TRUE,FALSE,3.50666666666667,FALSE,,FALSE
2026,1,"2026_01_DAL_NYG","00-0036280","6867","HarrMa06","Malik Harrison","LB","NYG","DAL",0,66,0,0,,33,,"pass_play_personnel_share","UNRELIABLE_NON_ELIGIBLE_POSITION",0,33,0,0,0,245,0,,,0,33,0,,,0,0,0,0,0,0,0,0,0,7,5,0,0,0,0,0,0,0,0,0,0,3,2,0,0,FALSE,FALSE,4.48484848484848,FALSE,,FALSE
2026,1,"2026_01_ATL_PIT","00-0036281","6791","HendCJ00","CJ Henderson","DB","ATL","PIT",0,60,0,0,,28,,"pass_play_personnel_share","UNRELIABLE_NON_ELIGIBLE_POSITION",0,28,0,0,0,77,0,,,0,32,0,,,0,0,0,0,0,0,0,0,0,0,0,,,0,0,0,0,0,0,0,0,4,3,0,0,FALSE,FALSE,-5.28333333333333,FALSE,,FALSE
2026,1,"2026_01_CLE_JAX","00-0036282","6799","DelpGr00","Grant Delpit","DB","CLE","JAX",0,51,0,0,,32,,"pass_play_personnel_share","UNRELIABLE_NON_ELIGIBLE_POSITION",0,32,0,0,0,228,0,,,0,19,0,,,0,0,0,0,0,0,0,0,0,4,3,0,0,0,0,0,0,0,0,0,0,6,2,0,0,FALSE,FALSE,-23.3529411764706,FALSE,,FALSE
2026,1,"2026_01_ATL_PIT","00-0036285","6836","TerrAJ00","A.J. Terrell","DB","ATL","PIT",0,60,0,0,,28,,"pass_play_personnel_share","UNRELIABLE_NON_ELIGIBLE_POSITION",0,28,0,0,0,77,0,,,0,32,0,,,0,0,0,0,0,0,0,0,0,0,0,,,0,0,0,0,0,0,0,0,4,3,0,0,FALSE,FALSE,-5.28333333333333,FALSE,,FALSE
2026,1,"2026_01_WAS_PHI","00-0036286","6800","ChaiKL00","K'Lavon Chaisson","LB","WAS","PHI",0,70,0,0,,41,,"pass_play_personnel_share","UNRELIABLE_NON_ELIGIBLE_POSITION",0,41,0,0,0,317,0,,,0,29,0,,,0,0,0,0,0,0,0,0,0,9,7,0,0,0,0,0,0,0,0,0,0,5,4,0,0,FALSE,FALSE,-5.57142857142857,FALSE,,FALSE
2026,1,"2026_01_CHI_CAR","00-0036290","6826","KmetCo00","Cole Kmet","TE","CHI","CAR",43,75,0.57,0.573333333333333,,40,,"pass_play_personnel_share","PROXY_PERSONNEL_PRESENCE",3,40,0.075,2,47,319,0.147335423197492,15.6666666666667,,0,35,0,,0.6,0,0,0,0,0,0,0,0,1,7,10,0,0,1,0,0,0,0,0,0,0,4,1,0,0,TRUE,FALSE,3.50666666666667,FALSE,,FALSE
2026,1,"2026_01_CHI_CAR","00-0036292","6839","JohnJa13","Jaylon Johnson","DB","CHI","CAR",0,75,0,0,,40,,"pass_play_personnel_share","UNRELIABLE_NON_ELIGIBLE_POSITION",0,40,0,0,0,319,0,,,0,35,0,,,0,0,0,0,0,0,0,0,0,7,10,0,0,0,0,0,0,0,0,0,0,4,1,0,0,FALSE,FALSE,3.50666666666667,FALSE,,FALSE
2026,1,"2026_01_MIA_LV","00-0036293","7016","ChinJe00","Jeremy Chinn","DB","LV","MIA",0,65,0,0,,32,,"pass_play_personnel_share","UNRELIABLE_NON_ELIGIBLE_POSITION",0,32,0,0,0,226,0,,,0,33,0,,,0,0,0,0,0,0,0,0,0,8,4,0,0,0,0,0,0,0,0,0,0,2,4,0,0,FALSE,FALSE,7.52307692307692,FALSE,,FALSE
2026,1,"2026_01_BAL_IND","00-0036298","6860","DaviAk01","Akeem Davis-Gaither","LB","IND","BAL",0,54,0,0,,35,,"pass_play_personnel_share","UNRELIABLE_NON_ELIGIBLE_POSITION",0,35,0,0,0,201,0,,,0,19,0,,,0,0,0,0,0,0,0,0,0,3,5,0,0,0,0,0,0,0,0,0,0,6,2,0,0,FALSE,FALSE,-13.4259259259259,FALSE,,FALSE
2026,1,"2026_01_BAL_IND","00-0036302","7058","HawkJa00","Jaylinn Hawkins","DB","BAL","IND",0,64,0,0,,32,,"pass_play_personnel_share","UNRELIABLE_NON_ELIGIBLE_POSITION",0,32,0,0,0,270,0,,,0,32,0,,,0,0,0,0,0,0,0,0,0,5,7,0,0,0,0,0,0,0,0,0,0,5,5,0,0,FALSE,FALSE,11.125,FALSE,,FALSE
2026,1,"2026_01_CHI_CAR","00-0036305","7120","GipsTr00","Trevis Gipson","LB","CAR","CHI",0,68,0,0,,46,,"pass_play_personnel_share","UNRELIABLE_NON_ELIGIBLE_POSITION",0,46,0,0,0,366,0,,,0,22,0,,,0,0,0,0,0,0,0,0,0,10,5,0,0,0,0,0,0,0,0,0,0,7,2,0,0,FALSE,FALSE,-9.88235294117648,FALSE,,FALSE
2026,1,"2026_01_DAL_NYG","00-0036309","7090","MoonDa00","Darnell Mooney","WR","NYG","DAL",39,66,0.57,0.590909090909091,,33,,"pass_play_personnel_share","PROXY_PERSONNEL_PRESENCE",2,33,0.0606060606060606,2,25,245,0.102040816326531,12.5,,0,33,0,,0.133333333333333,0,0,0,0,0,0,0,0,0,7,5,0,0,0,0,1,0,0,0,0,0,3,2,0,0,TRUE,FALSE,4.48484848484848,FALSE,,FALSE
2026,1,"2026_01_WAS_PHI","00-0036313","6950","MannBr01","Braden Mann","P","PHI","WAS",0,53,0,0,,34,,"pass_play_personnel_share","UNRELIABLE_NON_ELIGIBLE_POSITION",0,34,0,0,0,225,0,,,0,19,0,,,0,0,0,0,0,0,0,0,0,3,4,0,0,0,0,0,0,0,0,0,0,3,5,0,0,FALSE,FALSE,1.83018867924528,FALSE,,FALSE
2026,1,"2026_01_NO_DET","00-0036321","6782","YounCh04","Chase Young","LB","NO","DET",0,89,0,0,,66,,"pass_play_personnel_share","UNRELIABLE_NON_ELIGIBLE_POSITION",0,66,0,0,0,482,0,,,0,23,0,,,0,0,0,0,0,0,0,0,0,10,3,0,0,0,0,0,0,0,0,0,0,4,5,0,0,FALSE,FALSE,-8.50561797752809,TRUE,,FALSE
2026,1,"2026_01_GB_MIN","00-0036322","6794","JeffJu00","Justin Jefferson","WR","MIN","GB",60,62,0.92,0.967741935483871,,34,,"pass_play_personnel_share","PROXY_PERSONNEL_PRESENCE",10,34,0.294117647058824,8,80,176,0.454545454545455,8,,0,28,0,,0.769230769230769,0,0,0,3,0,2,0,0,1,7,8,0.428571428571429,0,4,0,0,0,0,0,0,0,5,1,0,0,TRUE,FALSE,-5.9516129032258,FALSE,,FALSE
2026,1,"2026_01_ATL_PIT","00-0036323","6807","QueePa00","Patrick Queen","LB","PIT","ATL",0,65,0,0,,47,,"pass_play_personnel_share","UNRELIABLE_NON_ELIGIBLE_POSITION",0,47,0,0,0,407,0,,,0,18,0,,,0,0,0,0,0,0,0,0,0,5,1,0,0,0,0,0,0,0,0,0,0,3,4,0,0,FALSE,FALSE,3.12307692307692,FALSE,,FALSE
2026,1,"2026_01_SF_LA","00-0036329","6855","DaviAs00","Ashtyn Davis","DB","SF","LAR",0,65,0,0,,37,,"pass_play_personnel_share","UNRELIABLE_NON_ELIGIBLE_POSITION",0,37,0,0,0,149,0,,,0,28,0,,,0,0,0,0,0,0,0,0,0,8,2,0,0,0,0,0,0,0,0,0,0,2,3,0,0,FALSE,FALSE,4.13846153846154,FALSE,,FALSE
2026,1,"2026_01_ARI_LAC","00-0036331","6847","DuveDe00","Devin Duvernay","WR","ARI","LAC",0,72,0,0,,42,,"pass_play_personnel_share","PROXY_PERSONNEL_PRESENCE",0,42,0,0,0,283,0,,,0,30,0,,0,0,0,0,0,0,0,0,0,0,8,6,0,0,0,0,0,0,3,69,2,0,3,2,1,1,FALSE,TRUE,2.86111111111111,FALSE,,FALSE
2026,1,"2026_01_ATL_PIT","00-0036333","7113","HighAl02","Alex Highsmith","LB","PIT","ATL",0,65,0,0,,47,,"pass_play_personnel_share","UNRELIABLE_NON_ELIGIBLE_POSITION",0,47,0,0,0,407,0,,,0,18,0,,,0,0,0,0,0,0,0,0,0,5,1,0,0,0,0,0,0,0,0,0,0,3,4,0,0,FALSE,FALSE,3.12307692307692,FALSE,,FALSE
2026,1,"2026_01_NO_DET","00-0036335","6868","WonnDJ00","D.J. Wonnum","LB","DET","NO",0,77,0,0,,41,,"pass_play_personnel_share","UNRELIABLE_NON_ELIGIBLE_POSITION",0,41,0,0,0,207,0,,,0,36,0,,,0,0,0,0,0,0,0,0,0,8,11,0,0,0,0,0,0,0,0,0,0,4,4,0,0,FALSE,FALSE,4.55844155844156,TRUE,,FALSE
2026,1,"2026_01_CHI_CAR","00-0036337","6858","LyncJa00","James Lynch","DL","CHI","CAR",0,75,0,0,,40,,"pass_play_personnel_share","UNRELIABLE_NON_ELIGIBLE_POSITION",0,40,0,0,0,319,0,,,0,35,0,,,0,0,0,0,0,0,0,0,0,7,10,0,0,0,0,0,0,0,0,0,0,4,1,0,0,FALSE,FALSE,3.50666666666667,FALSE,,FALSE
2026,1,"2026_01_ARI_LAC","00-0036338","6941","DyexTr00","Troy Dye","LB","LAC","ARI",0,55,0,0,,39,,"pass_play_personnel_share","UNRELIABLE_NON_ELIGIBLE_POSITION",0,39,0,0,0,273,0,,,0,16,0,,,0,0,0,0,0,0,0,0,0,7,4,0,0,0,0,0,0,0,0,0,0,4,1,0,0,FALSE,FALSE,-5.67272727272727,FALSE,,FALSE
2026,1,"2026_01_SF_LA","00-0036341","6864","KareKh00","Khalid Kareem","DL","SF","LAR",0,65,0,0,,37,,"pass_play_personnel_share","UNRELIABLE_NON_ELIGIBLE_POSITION",0,37,0,0,0,149,0,,,0,28,0,,,0,0,0,0,0,0,0,0,0,8,2,0,0,0,0,0,0,0,0,0,0,2,3,0,0,FALSE,FALSE,4.13846153846154,FALSE,,FALSE
2026,1,"2026_01_GB_MIN","00-0036348","6901","MeteJo00","Josh Metellus","DB","MIN","GB",0,62,0,0,,34,,"pass_play_personnel_share","UNRELIABLE_NON_ELIGIBLE_POSITION",0,34,0,0,0,176,0,,,0,28,0,,,0,0,0,0,0,0,0,0,0,7,8,0,0,0,0,0,0,0,0,0,0,5,1,0,0,FALSE,FALSE,-5.9516129032258,FALSE,,FALSE
2026,1,"2026_01_SF_LA","00-0036349","7136","CurlKa00","Kamren Curl","DB","LAR","SF",0,60,0,0,,33,,"pass_play_personnel_share","UNRELIABLE_NON_ELIGIBLE_POSITION",0,33,0,0,0,255,0,,,0,27,0,,,0,0,0,0,0,0,0,0,0,2,7,0,0,0,0,0,0,0,0,0,0,5,1,0,0,FALSE,FALSE,-9.48333333333334,FALSE,,FALSE
2026,1,"2026_01_ARI_LAC","00-0036355","6797","HerbJu00","Justin Herbert","QB","LAC","ARI",55,55,1,1,,39,,"pass_play_personnel_share","PROXY_PERSONNEL_PRESENCE",0,39,0,0,0,273,0,,,0,16,0,,,30,0,0,0,0,0,0,0,0,7,4,0,0,0,0,0,0,0,0,0,0,4,1,0,0,TRUE,FALSE,-5.67272727272727,FALSE,,FALSE
2026,1,"2026_01_CHI_CAR","00-0036356","6781","SimmIs00","Isaiah Simmons","DB","CAR","CHI",0,68,0,0,,46,,"pass_play_personnel_share","UNRELIABLE_NON_ELIGIBLE_POSITION",0,46,0,0,0,366,0,,,0,22,0,,,0,0,0,0,0,0,0,0,0,10,5,0,0,0,0,0,0,0,0,0,0,7,2,0,0,FALSE,FALSE,-9.88235294117648,FALSE,,FALSE
2026,1,"2026_01_DAL_NYG","00-0036358","6786","LambCe00","CeeDee Lamb","WR","DAL","NYG",47,58,0.81,0.810344827586207,,41,,"pass_play_personnel_share","PROXY_PERSONNEL_PRESENCE",8,41,0.195121951219512,5,90,309,0.29126213592233,11.25,,1,17,0.0588235294117647,,0.4,0,0,0,2,0,1,0,0,1,6,4,0.333333333333333,0,4,0,1,0,0,0,0,0,5,,0,,TRUE,FALSE,-8.68965517241379,FALSE,,FALSE
2026,1,"2026_01_MIA_LV","00-0036362","7023","GayJWi00","Willie Gay","LB","MIA","LV",0,55,0,0,,40,,"pass_play_personnel_share","UNRELIABLE_NON_ELIGIBLE_POSITION",0,40,0,0,0,309,0,,,0,15,0,,,0,0,0,0,0,0,0,0,0,2,3,0,0,0,0,0,0,0,0,0,0,5,1,0,0,FALSE,FALSE,-10.4545454545455,FALSE,,FALSE
2026,1,"2026_01_CHI_CAR","00-0036366","6825","GallNe00","Neville Gallimore","DL","CHI","CAR",0,75,0,0,,40,,"pass_play_personnel_share","UNRELIABLE_NON_ELIGIBLE_POSITION",0,40,0,0,0,319,0,,,0,35,0,,,0,0,0,0,0,0,0,0,0,7,10,0,0,0,0,0,0,0,0,0,0,4,1,0,0,FALSE,FALSE,3.50666666666667,FALSE,,FALSE
2026,1,"2026_01_DEN_KC","00-0036374","7117","SneeLJ00","L'Jarius Sneed","DB","KC","DEN",0,66,0,0,,34,,"pass_play_personnel_share","UNRELIABLE_NON_ELIGIBLE_POSITION",0,34,0,0,0,133,0,,,0,32,0,,,0,0,0,0,0,0,0,0,0,7,4,0,0,0,0,0,0,0,0,0,0,3,4,0,0,FALSE,FALSE,6.83333333333333,FALSE,,FALSE
2026,1,"2026_01_WAS_PHI","00-0036375","6896","RobeAm00","Amik Robertson","DB","WAS","PHI",0,70,0,0,,41,,"pass_play_personnel_share","UNRELIABLE_NON_ELIGIBLE_POSITION",0,41,0,0,0,317,0,,,0,29,0,,,0,0,0,0,0,0,0,0,0,9,7,0,0,0,0,0,0,0,0,0,0,5,4,0,0,FALSE,FALSE,-5.57142857142857,FALSE,,FALSE
2026,1,"2026_01_DEN_KC","00-0036380","7069","GilmAl00","Alohi Gilman","DB","KC","DEN",0,66,0,0,,34,,"pass_play_personnel_share","UNRELIABLE_NON_ELIGIBLE_POSITION",0,34,0,0,0,133,0,,,0,32,0,,,0,0,0,0,0,0,0,0,0,7,4,0,0,0,0,0,0,0,0,0,0,3,4,0,0,FALSE,FALSE,6.83333333333333,FALSE,,FALSE
2026,1,"2026_01_GB_MIN","00-0036388","6788","McKiXa00","Xavier McKinney","DB","GB","MIN",0,68,0,0,,46,,"pass_play_personnel_share","UNRELIABLE_NON_ELIGIBLE_POSITION",0,46,0,0,0,469,0,,,0,22,0,,,0,0,0,0,0,0,0,0,0,7,3,0,0,0,0,0,0,0,0,0,0,6,4,0,0,FALSE,FALSE,1.41176470588236,FALSE,,FALSE
2026,1,"2026_01_WAS_PHI","00-0036389","6904","HurtJa00","Jalen Hurts","QB","PHI","WAS",55,53,1,1.0377358490566,,34,,"pass_play_personnel_share","PROXY_PERSONNEL_PRESENCE",0,34,0,0,0,225,0,,,0,19,0,,,28,0,0,0,0,0,0,0,0,3,4,0,0,0,0,0,0,0,0,0,0,3,5,0,0,TRUE,FALSE,1.83018867924528,FALSE,,FALSE
2026,1,"2026_01_CLE_JAX","00-0036407","6783","JeudJe00","Jerry Jeudy","WR","CLE","JAX",32,51,0.63,0.627450980392157,,32,,"pass_play_personnel_share","PROXY_PERSONNEL_PRESENCE",4,32,0.125,2,40,228,0.175438596491228,10,,0,19,0,,0.307692307692308,0,0,0,0,0,0,0,0,0,4,3,0,0,0,0,2,0,0,0,0,0,6,2,0,0,TRUE,FALSE,-23.3529411764706,FALSE,,FALSE
2026,1,"2026_01_MIA_LV","00-0036409","6949","BrooJo01","Jordyn Brooks","LB","MIA","LV",0,55,0,0,,40,,"pass_play_personnel_share","UNRELIABLE_NON_ELIGIBLE_POSITION",0,40,0,0,0,309,0,,,0,15,0,,,0,0,0,0,0,0,0,0,0,2,3,0,0,0,0,0,0,0,0,0,0,5,1,0,0,FALSE,FALSE,-10.4545454545455,FALSE,,FALSE
2026,1,"2026_01_TB_CIN","00-0036410","6801","HiggTe00","Tee Higgins","WR","CIN","TB",46,63,0.72,0.73015873015873,,38,,"pass_play_personnel_share","PROXY_PERSONNEL_PRESENCE",6,38,0.157894736842105,3,117,226,0.517699115044248,19.5,,0,25,0,,0.428571428571429,0,0,0,0,0,0,0,0,0,7,8,0,0,1,0,0,0,0,0,0,0,6,,0,,TRUE,FALSE,8.85714285714286,FALSE,,FALSE
2026,1,"2026_01_TB_CIN","00-0036411","6888","WinfAn00","Antoine Winfield","DB","TB","CIN",0,56,0,0,,39,,"pass_play_personnel_share","UNRELIABLE_NON_ELIGIBLE_POSITION",0,39,0,0,0,143,0,,,0,17,0,,,0,0,0,0,0,0,0,0,0,7,3,0,0,0,0,0,0,0,0,0,0,7,1,0,0,FALSE,FALSE,-9.80357142857143,FALSE,,FALSE
2026,1,"2026_01_DEN_KC","00-0036416","6829","FultKr00","Kristian Fulton","DB","KC","DEN",0,66,0,0,,34,,"pass_play_personnel_share","UNRELIABLE_NON_ELIGIBLE_POSITION",0,34,0,0,0,133,0,,,0,32,0,,,0,0,0,0,0,0,0,0,0,7,4,0,0,0,0,0,0,0,0,0,0,3,4,0,0,FALSE,FALSE,6.83333333333333,FALSE,,FALSE
2026,1,"2026_01_WAS_PHI","00-0036418","6815","BaunZa00","Zack Baun","LB","PHI","WAS",0,53,0,0,,34,,"pass_play_personnel_share","UNRELIABLE_NON_ELIGIBLE_POSITION",0,34,0,0,0,225,0,,,0,19,0,,,0,0,0,0,0,0,0,0,0,3,4,0,0,0,0,0,0,0,0,0,0,3,5,0,0,FALSE,FALSE,1.83018867924528,FALSE,,FALSE
2026,1,"2026_01_NYJ_TEN","00-0036421","7036","BurgTe00","Terrell Burgess","DB","TEN","NYJ",0,50,0,0,,40,,"pass_play_personnel_share","UNRELIABLE_NON_ELIGIBLE_POSITION",0,40,0,0,0,190,0,,,0,10,0,,,0,0,0,0,0,0,0,0,0,3,0,0,,0,0,0,0,0,0,0,0,3,1,0,0,FALSE,FALSE,-12.58,FALSE,,FALSE
2026,1,"2026_01_DEN_KC","00-0036422","6869","TrauAd00","Adam Trautman","TE","DEN","KC",19,50,0.37,0.38,,35,,"pass_play_personnel_share","PROXY_PERSONNEL_PRESENCE",3,35,0.0857142857142857,2,-1,92,-0.0108695652173913,-0.333333333333333,,0,15,0,,0.375,0,0,0,0,0,0,0,0,0,4,1,0,0,0,0,0,0,0,0,0,0,5,3,0,0,TRUE,FALSE,-9.24,FALSE,,FALSE
2026,1,"2026_01_GB_MIN","00-0036425","6931","DallDe00","DeeJay Dallas","RB","MIN","GB",6,62,0.09,0.0967741935483871,,34,,"pass_play_personnel_share","PROXY_PERSONNEL_PRESENCE",1,34,0.0294117647058824,1,1,176,0.00568181818181818,1,,0,28,0,0,,0,0,0,0,0,0,0,0,0,7,8,0,0,1,0,0,0,0,0,0,0,5,1,0,0,TRUE,FALSE,-5.9516129032258,FALSE,,FALSE
2026,1,"2026_01_DEN_KC","00-0036428","6977","StrnJu00","Justin Strnad","LB","DEN","KC",0,50,0,0,,35,,"pass_play_personnel_share","UNRELIABLE_NON_ELIGIBLE_POSITION",0,35,0,0,0,92,0,,,0,15,0,,,0,0,0,0,0,0,0,0,0,4,1,0,0,0,0,0,0,0,0,0,0,5,3,0,0,FALSE,FALSE,-9.24,FALSE,,FALSE
2026,1,"2026_01_ATL_PIT","00-0036429","7075","WoerCh00","Charlie Woerner","TE","ATL","PIT",37,60,0.62,0.616666666666667,,28,,"pass_play_personnel_share","PROXY_PERSONNEL_PRESENCE",0,28,0,0,0,77,0,,,0,32,0,,0,0,0,0,0,0,0,0,0,0,0,0,,,0,0,0,0,0,0,0,0,4,3,0,0,TRUE,FALSE,-5.28333333333333,FALSE,,FALSE
2026,1,"2026_01_TB_CIN","00-0036442","6770","BurrJo01","Joe Burrow","QB","CIN","TB",64,63,1,1.01587301587302,,38,,"pass_play_personnel_share","PROXY_PERSONNEL_PRESENCE",0,38,0,0,0,226,0,,,3,25,0.12,,,36,0,3,0,2,0,0,0,0,7,8,0,0.25,0,2,0,2,0,0,0,0,6,,0,,TRUE,FALSE,8.85714285714286,FALSE,,FALSE
2026,1,"2026_01_ATL_PIT","00-0036463","7521","BlaiCh00","Chris Blair","WR","ATL","PIT",10,60,0.17,0.166666666666667,,28,,"pass_play_personnel_share","PROXY_PERSONNEL_PRESENCE",0,28,0,0,0,77,0,,,0,32,0,,0,0,0,0,0,0,0,0,0,0,0,0,,,0,0,0,0,0,0,0,0,4,3,0,0,TRUE,FALSE,-5.28333333333333,FALSE,,FALSE
2026,1,"2026_01_MIA_LV","00-0036479","7633","PayeKw00","Kwity Paye","DL","LV","MIA",0,65,0,0,,32,,"pass_play_personnel_share","UNRELIABLE_NON_ELIGIBLE_POSITION",0,32,0,0,0,226,0,,,0,33,0,,,0,0,0,0,0,0,0,0,0,8,4,0,0,0,0,0,0,0,0,0,0,2,4,0,0,FALSE,FALSE,7.52307692307692,FALSE,,FALSE
2026,1,"2026_01_CHI_CAR","00-0036480","7649","OdeyDa00","Dayo Odeyingbo","DL","CHI","CAR",0,75,0,0,,40,,"pass_play_personnel_share","UNRELIABLE_NON_ELIGIBLE_POSITION",0,40,0,0,0,319,0,,,0,35,0,,,0,0,0,0,0,0,0,0,0,7,10,0,0,0,0,0,0,0,0,0,0,4,1,0,0,FALSE,FALSE,3.50666666666667,FALSE,,FALSE
2026,1,"2026_01_NYJ_TEN","00-0036500","7841","SherJa00","Jamien Sherwood","LB","NYJ","TEN",0,64,0,0,,28,,"pass_play_personnel_share","UNRELIABLE_NON_ELIGIBLE_POSITION",0,28,0,0,0,168,0,,,0,36,0,,,0,0,0,0,0,0,0,0,0,2,5,0,0,0,0,0,0,0,0,0,0,,3,,0,FALSE,FALSE,7.65625,FALSE,,FALSE
2026,1,"2026_01_WAS_PHI","00-0036501","7835","CartMi02","Michael Carter","DB","PHI","WAS",0,53,0,0,,34,,"pass_play_personnel_share","UNRELIABLE_NON_ELIGIBLE_POSITION",0,34,0,0,0,225,0,,,0,19,0,,,0,0,0,0,0,0,0,0,0,3,4,0,0,0,0,0,0,0,0,0,0,3,5,0,0,FALSE,FALSE,1.83018867924528,FALSE,,FALSE
2026,1,"2026_01_ATL_PIT","00-0036504","7796","EchoBr00","Brandin Echols","DB","PIT","ATL",0,65,0,0,,47,,"pass_play_personnel_share","UNRELIABLE_NON_ELIGIBLE_POSITION",0,47,0,0,0,407,0,,,0,18,0,,,0,0,0,0,0,0,0,0,0,5,1,0,0,0,0,0,0,0,0,0,0,3,4,0,0,FALSE,FALSE,3.12307692307692,FALSE,,FALSE
2026,1,"2026_01_BAL_IND","00-0036550","7571","BateRa00","Rashod Bateman","WR","BAL","IND",53,64,0.78,0.828125,,32,,"pass_play_personnel_share","PROXY_PERSONNEL_PRESENCE",1,32,0.03125,0,23,270,0.0851851851851852,23,,0,32,0,,0.0714285714285714,0,0,0,0,0,0,0,0,0,5,7,0,0,0,0,0,0,0,0,0,0,5,5,0,0,TRUE,FALSE,11.125,FALSE,,FALSE
2026,1,"2026_01_BUF_HOU","00-0036554","7569","CollNi00","Nico Collins","WR","HOU","BUF",57,79,0.72,0.721518987341772,,48,,"pass_play_personnel_share","PROXY_PERSONNEL_PRESENCE",10,48,0.208333333333333,7,120,322,0.372670807453416,12,,1,31,0.032258064516129,,0.476190476190476,0,0,0,2,0,0,0,0,1,6,5,0.333333333333333,0,2,0,3,0,0,0,0,0,8,1,0,0,TRUE,FALSE,-3.83544303797468,FALSE,,FALSE
2026,1,"2026_01_CHI_CAR","00-0036555","7594","HubbCh01","Chuba Hubbard","RB","CAR","CHI",48,68,0.71,0.705882352941177,,46,,"pass_play_personnel_share","PROXY_PERSONNEL_PRESENCE",3,46,0.0652173913043478,3,0,366,0,0,,10,22,0.454545454545455,0.526315789473684,,0,0,0,1,3,1,3,1,1,10,5,0.1,0.6,3,0,0,0,0,0,0,0,7,2,0,0,TRUE,FALSE,-9.88235294117648,FALSE,,FALSE
2026,1,"2026_01_SF_LA","00-0036563","7819","LenoDe00","Deommodore Lenoir","DB","SF","LAR",0,65,0,0,,37,,"pass_play_personnel_share","UNRELIABLE_NON_ELIGIBLE_POSITION",0,37,0,0,0,149,0,,,0,28,0,,,0,0,0,0,0,0,0,0,0,8,2,0,0,0,0,0,0,0,0,0,0,2,3,0,0,FALSE,FALSE,4.13846153846154,FALSE,,FALSE
2026,1,"2026_01_DEN_KC","00-0036564","7811","HufaTa00","Talanoa Hufanga","DB","DEN","KC",0,50,0,0,,35,,"pass_play_personnel_share","UNRELIABLE_NON_ELIGIBLE_POSITION",0,35,0,0,0,92,0,,,0,15,0,,,0,0,0,0,0,0,0,0,0,4,1,0,0,0,0,0,0,0,0,0,0,5,3,0,0,FALSE,FALSE,-9.24,FALSE,,FALSE
2026,1,"2026_01_ARI_LAC","00-0036568","7799","LopeRo00","Roy Lopez","DL","ARI","LAC",0,72,0,0,,42,,"pass_play_personnel_share","UNRELIABLE_NON_ELIGIBLE_POSITION",0,42,0,0,0,283,0,,,0,30,0,,,0,0,0,0,0,0,0,0,0,8,6,0,0,0,0,0,0,0,0,0,0,3,2,0,0,FALSE,FALSE,2.86111111111111,FALSE,,FALSE
2026,1,"2026_01_DAL_NYG","00-0036587","7970","WashAr00","Ar'Darius Washington","DB","NYG","DAL",0,66,0,0,,33,,"pass_play_personnel_share","UNRELIABLE_NON_ELIGIBLE_POSITION",0,33,0,0,0,245,0,,,0,33,0,,,0,0,0,0,0,0,0,0,0,7,5,0,0,0,0,0,0,0,0,0,0,3,2,0,0,FALSE,FALSE,4.48484848484848,FALSE,,FALSE
2026,1,"2026_01_CLE_JAX","00-0036590","7536","MorrQu00","Quintin Morris","TE","JAX","CLE",24,54,0.42,0.444444444444444,,25,,"pass_play_personnel_share","PROXY_PERSONNEL_PRESENCE",1,25,0.04,0,2,242,0.00826446280991736,2,,0,29,0,,0.2,0,0,0,0,0,0,0,0,0,2,1,0,0,0,0,0,0,0,0,0,0,3,3,0,0,TRUE,FALSE,16.3703703703704,FALSE,,FALSE
2026,1,"2026_01_DEN_KC","00-0036613","7526","WaddJa00","Jaylen Waddle","WR","DEN","KC",38,50,0.75,0.76,,35,,"pass_play_personnel_share","PROXY_PERSONNEL_PRESENCE",3,35,0.0857142857142857,1,13,92,0.141304347826087,4.33333333333333,,0,15,0,,0.2,0,0,0,0,0,0,0,0,0,4,1,0,0,3,0,0,0,0,0,0,0,5,3,0,0,TRUE,FALSE,-9.24,FALSE,,FALSE
2026,1,"2026_01_ATL_PIT","00-0036617","7655","SamuAs00","Asante Samuel","DB","PIT","ATL",0,65,0,0,,47,,"pass_play_personnel_share","UNRELIABLE_NON_ELIGIBLE_POSITION",0,47,0,0,0,407,0,,,0,18,0,,,0,0,0,0,0,0,0,0,0,5,1,0,0,0,0,0,0,0,0,0,0,3,4,0,0,FALSE,FALSE,3.12307692307692,FALSE,,FALSE
2026,1,"2026_01_DEN_KC","00-0036621","7648","BoltNi00","Nick Bolton","LB","KC","DEN",0,66,0,0,,34,,"pass_play_personnel_share","UNRELIABLE_NON_ELIGIBLE_POSITION",0,34,0,0,0,133,0,,,0,32,0,,,0,0,0,0,0,0,0,0,0,7,4,0,0,0,0,0,0,0,0,0,0,3,4,0,0,FALSE,FALSE,6.83333333333333,FALSE,,FALSE
2026,1,"2026_01_NO_DET","00-0036624","7679","McNeAl00","Alim McNeill","DL","DET","NO",0,77,0,0,,41,,"pass_play_personnel_share","UNRELIABLE_NON_ELIGIBLE_POSITION",0,41,0,0,0,207,0,,,0,36,0,,,0,0,0,0,0,0,0,0,0,8,11,0,0,0,0,0,0,0,0,0,0,4,4,0,0,FALSE,FALSE,4.55844155844156,TRUE,,FALSE
2026,1,"2026_01_GB_MIN","00-0036625","7671","StJuBe00","Benjamin St-Juste","DB","GB","MIN",0,68,0,0,,46,,"pass_play_personnel_share","UNRELIABLE_NON_ELIGIBLE_POSITION",0,46,0,0,0,469,0,,,0,22,0,,,0,0,0,0,0,0,0,0,0,7,3,0,0,0,0,0,0,0,0,0,0,6,4,0,0,FALSE,FALSE,1.41176470588236,FALSE,,FALSE
2026,1,"2026_01_WAS_PHI","00-0036626","7587","BrowDy00","Dyami Brown","WR","WAS","PHI",37,70,0.53,0.528571428571429,,41,,"pass_play_personnel_share","PROXY_PERSONNEL_PRESENCE",2,41,0.048780487804878,0,64,317,0.201892744479495,32,,0,29,0,,0.1,0,0,0,0,0,0,0,0,0,9,7,0,0,2,0,0,0,0,0,0,0,5,4,0,0,TRUE,FALSE,-5.57142857142857,FALSE,,FALSE
2026,1,"2026_01_WAS_PHI","00-0036628","7716","BateJo00","John Bates","TE","WAS","PHI",34,70,0.49,0.485714285714286,,41,,"pass_play_personnel_share","PROXY_PERSONNEL_PRESENCE",4,41,0.0975609756097561,2,6,317,0.0189274447949527,1.5,,0,29,0,,0.571428571428571,0,0,0,2,0,2,0,0,0,9,7,0.222222222222222,0,1,0,1,0,0,0,0,0,5,4,0,0,TRUE,FALSE,-5.57142857142857,FALSE,,FALSE
2026,1,"2026_01_BAL_IND","00-0036629","7715","BynuCa00","Camryn Bynum","DB","IND","BAL",0,54,0,0,,35,,"pass_play_personnel_share","UNRELIABLE_NON_ELIGIBLE_POSITION",0,35,0,0,0,201,0,,,0,19,0,,,0,0,0,0,0,0,0,0,0,3,5,0,0,0,0,0,0,0,0,0,0,6,2,0,0,FALSE,FALSE,-13.4259259259259,FALSE,,FALSE
2026,1,"2026_01_CLE_JAX","00-0036630","7595","WallTy00","Tylan Wallace","WR","CLE","JAX",15,51,0.29,0.294117647058824,,32,,"pass_play_personnel_share","PROXY_PERSONNEL_PRESENCE",0,32,0,0,0,228,0,,,0,19,0,,0,0,0,0,0,0,0,0,0,0,4,3,0,0,0,0,0,0,0,0,0,0,6,2,0,0,TRUE,FALSE,-23.3529411764706,FALSE,,FALSE
2026,1,"2026_01_DEN_KC","00-0036637","7828","GrayNo00","Noah Gray","TE","KC","DEN",38,66,0.55,0.575757575757576,,34,,"pass_play_personnel_share","PROXY_PERSONNEL_PRESENCE",1,34,0.0294117647058824,1,5,133,0.037593984962406,5,,0,32,0,,0.142857142857143,0,0,0,0,0,0,0,0,0,7,4,0,0,0,0,0,0,0,0,0,0,3,4,0,0,TRUE,FALSE,6.83333333333333,FALSE,,FALSE
2026,1,"2026_01_TB_CIN","00-0036642","7818","SlatTe00","Tedarrell Slaton","DL","CIN","TB",0,63,0,0,,38,,"pass_play_personnel_share","UNRELIABLE_NON_ELIGIBLE_POSITION",0,38,0,0,0,226,0,,,0,25,0,,,0,0,0,0,0,0,0,0,0,7,8,0,0,0,0,0,0,0,0,0,0,6,,0,,FALSE,FALSE,8.85714285714286,FALSE,,FALSE
2026,1,"2026_01_ARI_LAC","00-0036646","7812","FehoSi00","Simi Fehoko","WR","ARI","LAC",6,72,0.08,0.0833333333333333,,42,,"pass_play_personnel_share","PROXY_PERSONNEL_PRESENCE",0,42,0,0,0,283,0,,,0,30,0,,0,0,0,0,0,0,0,0,0,0,8,6,0,0,0,0,0,0,0,0,0,0,3,2,0,0,TRUE,FALSE,2.86111111111111,FALSE,,FALSE
2026,1,"2026_01_GB_MIN","00-0036648","7807","NiemNi00","Nick Niemann","LB","GB","MIN",0,68,0,0,,46,,"pass_play_personnel_share","UNRELIABLE_NON_ELIGIBLE_POSITION",0,46,0,0,0,469,0,,,0,22,0,,,0,0,0,0,0,0,0,0,0,7,3,0,0,0,0,0,0,0,0,0,0,6,4,0,0,FALSE,FALSE,1.41176470588236,FALSE,,FALSE
2026,1,"2026_01_GB_MIN","00-0036658","7782","McDuIs00","Isaiah McDuffie","LB","GB","MIN",0,68,0,0,,46,,"pass_play_personnel_share","UNRELIABLE_NON_ELIGIBLE_POSITION",0,46,0,0,0,469,0,,,0,22,0,,,0,0,0,0,0,0,0,0,0,7,3,0,0,0,0,0,0,0,0,0,0,6,4,0,0,FALSE,FALSE,1.41176470588236,FALSE,,FALSE
2026,1,"2026_01_SF_LA","00-0036672","7750","StuaGr00","Grant Stuard","LB","LAR","SF",0,60,0,0,,33,,"pass_play_personnel_share","UNRELIABLE_NON_ELIGIBLE_POSITION",0,33,0,0,0,255,0,,,0,27,0,,,0,0,0,0,0,0,0,0,0,2,7,0,0,0,0,0,0,0,0,0,0,5,1,0,0,FALSE,FALSE,-9.48333333333334,FALSE,,FALSE
2026,1,"2026_01_MIA_LV","00-0036677","8000","AndeZa02","Zayne Anderson","DB","MIA","LV",0,55,0,0,,40,,"pass_play_personnel_share","UNRELIABLE_NON_ELIGIBLE_POSITION",0,40,0,0,0,309,0,,,0,15,0,,,0,0,0,0,0,0,0,0,0,2,3,0,0,0,0,0,0,0,0,0,0,5,1,0,0,FALSE,FALSE,-10.4545454545455,FALSE,,FALSE
2026,1,"2026_01_MIA_LV","00-0036682","8001","HerrMa02","Malik Herring","DL","MIA","LV",0,55,0,0,,40,,"pass_play_personnel_share","UNRELIABLE_NON_ELIGIBLE_POSITION",0,40,0,0,0,309,0,,,0,15,0,,,0,0,0,0,0,0,0,0,0,2,3,0,0,0,0,0,0,0,0,0,0,5,1,0,0,FALSE,FALSE,-10.4545454545455,FALSE,,FALSE
2026,1,"2026_01_DEN_KC","00-0036683","8004","KeyxDe00","Devon Key","DB","DEN","KC",0,50,0,0,,35,,"pass_play_personnel_share","UNRELIABLE_NON_ELIGIBLE_POSITION",0,35,0,0,0,92,0,,,0,15,0,,,0,0,0,0,0,0,0,0,0,4,1,0,0,0,0,0,0,0,0,0,0,5,3,0,0,FALSE,FALSE,-9.24,FALSE,,FALSE
2026,1,"2026_01_DEN_KC","00-0036727","8025","PrenAd00","Adam Prentice","RB","DEN","KC",6,50,0.12,0.12,,35,,"pass_play_personnel_share","PROXY_PERSONNEL_PRESENCE",0,35,0,0,0,92,0,,,0,15,0,0,,0,0,0,0,0,0,0,0,0,4,1,0,0,0,0,0,0,0,0,0,0,5,3,0,0,TRUE,FALSE,-9.24,FALSE,,FALSE
2026,1,"2026_01_NO_DET","00-0036754","7891","WrigBr01","Brock Wright","TE","DET","NO",39,77,0.51,0.506493506493506,,41,,"pass_play_personnel_share","PROXY_PERSONNEL_PRESENCE",1,41,0.024390243902439,1,2,207,0.00966183574879227,2,,0,36,0,,0.111111111111111,0,0,0,0,0,0,0,0,0,8,11,0,0,0,0,0,0,0,0,0,0,4,4,0,0,TRUE,FALSE,4.55844155844156,TRUE,,FALSE
2026,1,"2026_01_NE_SEA","00-0036813","7921","ElliCh00","Christian Elliss","LB","NE","SEA",0,71,0,0,,44,,"pass_play_personnel_share","UNRELIABLE_NON_ELIGIBLE_POSITION",0,44,0,0,0,221,0,,,0,27,0,,,0,0,0,0,0,0,0,0,0,2,0,0,,0,0,0,0,0,0,0,0,4,2,0,0,FALSE,FALSE,1.87323943661972,FALSE,,FALSE
2026,1,"2026_01_MIA_LV","00-0036816","7922","PattRi01","Riley Patterson","K","MIA","LV",0,55,0,0,,40,,"pass_play_personnel_share","UNRELIABLE_NON_ELIGIBLE_POSITION",0,40,0,0,0,309,0,,,0,15,0,,,0,0,0,0,0,0,0,0,0,2,3,0,0,0,0,0,0,0,0,0,0,5,1,0,0,FALSE,FALSE,-10.4545454545455,FALSE,,FALSE
2026,1,"2026_01_CHI_CAR","00-0036825","7531","FranFe00","Feleipe Franks","TE","CAR","CHI",5,68,0.07,0.0735294117647059,,46,,"pass_play_personnel_share","PROXY_PERSONNEL_PRESENCE",0,46,0,0,0,366,0,,,0,22,0,,0,0,0,0,0,0,0,0,0,0,10,5,0,0,0,0,0,0,0,0,0,0,7,2,0,0,TRUE,FALSE,-9.88235294117648,FALSE,,FALSE
2026,1,"2026_01_SF_LA","00-0036844","7821","WallGa00","Garret Wallow","LB","SF","LAR",0,65,0,0,,37,,"pass_play_personnel_share","UNRELIABLE_NON_ELIGIBLE_POSITION",0,37,0,0,0,149,0,,,0,28,0,,,0,0,0,0,0,0,0,0,0,8,2,0,0,0,0,0,0,0,0,0,0,2,3,0,0,FALSE,FALSE,4.13846153846154,FALSE,,FALSE
2026,1,"2026_01_TB_CIN","00-0036854","7839","McPhEv00","Evan McPherson","K","CIN","TB",0,63,0,0,,38,,"pass_play_personnel_share","UNRELIABLE_NON_ELIGIBLE_POSITION",0,38,0,0,0,226,0,,,0,25,0,,,0,0,0,0,0,0,0,0,0,7,8,0,0,0,0,0,0,0,0,0,0,6,,0,,FALSE,FALSE,8.85714285714286,FALSE,,FALSE
2026,1,"2026_01_ATL_PIT","00-0036862","7757","SkowBe00","Ben Skowronek","WR","PIT","ATL",0,65,0,0,,47,,"pass_play_personnel_share","PROXY_PERSONNEL_PRESENCE",0,47,0,0,0,407,0,,,0,18,0,,0,0,0,0,0,0,0,0,0,0,5,1,0,0,0,0,0,0,0,0,0,0,3,4,0,0,FALSE,FALSE,3.12307692307692,FALSE,,FALSE
2026,1,"2026_01_NO_DET","00-0036867","7721","RumpCh00","Chris Rumph","LB","NO","DET",0,89,0,0,,66,,"pass_play_personnel_share","UNRELIABLE_NON_ELIGIBLE_POSITION",0,66,0,0,0,482,0,,,0,23,0,,,0,0,0,0,0,0,0,0,0,10,3,0,0,0,0,0,0,0,0,0,0,4,5,0,0,FALSE,FALSE,-8.50561797752809,TRUE,,FALSE
2026,1,"2026_01_DEN_KC","00-0036874","7641","SurtPa01","Patrick Surtain II","DB","DEN","KC",1,50,0.02,0.02,,35,,"pass_play_personnel_share","UNRELIABLE_NON_ELIGIBLE_POSITION",0,35,0,0,0,92,0,,,0,15,0,,,0,0,0,0,0,0,0,0,0,4,1,0,0,0,0,0,0,0,0,0,0,5,3,0,0,TRUE,FALSE,-9.24,FALSE,,FALSE
2026,1,"2026_01_NE_SEA","00-0036875","7611","StevRh00","Rhamondre Stevenson","RB","NE","SEA",60,71,0.85,0.845070422535211,,44,,"pass_play_personnel_share","PROXY_PERSONNEL_PRESENCE",6,44,0.136363636363636,5,-6,221,-0.0271493212669683,-1,,18,27,0.666666666666667,0.75,,0,0,0,0,0,0,0,0,0,2,0,0,,2,2,1,2,0,0,0,0,4,2,0,0,TRUE,FALSE,1.87323943661972,FALSE,,FALSE
2026,1,"2026_01_NYJ_TEN","00-0036876","7602","GranKy00","Kylen Granson","TE","TEN","NYJ",0,50,0,0,,40,,"pass_play_personnel_share","PROXY_PERSONNEL_PRESENCE",0,40,0,0,0,190,0,,,0,10,0,,0,0,0,0,0,0,0,0,0,0,3,0,0,,0,0,0,0,0,0,0,0,3,1,0,0,FALSE,FALSE,-12.58,FALSE,,FALSE
2026,1,"2026_01_BUF_HOU","00-0036883","7711","TogiTo00","Tommy Togiai","DL","HOU","BUF",0,79,0,0,,48,,"pass_play_personnel_share","UNRELIABLE_NON_ELIGIBLE_POSITION",0,48,0,0,0,322,0,,,0,31,0,,,0,0,0,0,0,0,0,0,0,6,5,0,0,0,0,0,0,0,0,0,0,8,1,0,0,FALSE,FALSE,-3.83544303797468,FALSE,,FALSE
2026,1,"2026_01_SF_LA","00-0036887","7842","FarrLu00","Luke Farrell","TE","SF","LAR",46,65,0.71,0.707692307692308,,37,,"pass_play_personnel_share","PROXY_PERSONNEL_PRESENCE",2,37,0.0540540540540541,2,3,149,0.0201342281879195,1.5,,0,28,0,,0.285714285714286,0,0,0,0,0,0,0,0,0,8,2,0,0,0,0,0,0,0,0,0,0,2,3,0,0,TRUE,FALSE,4.13846153846154,FALSE,,FALSE
2026,1,"2026_01_BUF_HOU","00-0036888","7787","HamlDa00","Damar Hamlin","DB","BUF","HOU",0,56,0,0,,37,,"pass_play_personnel_share","UNRELIABLE_NON_ELIGIBLE_POSITION",0,37,0,0,0,383,0,,,0,19,0,,,0,0,0,0,0,0,0,0,0,6,3,0,0,0,0,0,0,0,0,0,0,5,2,0,0,FALSE,FALSE,-0.0178571428571427,FALSE,,FALSE
2026,1,"2026_01_ATL_PIT","00-0036894","7600","FreiPa00","Pat Freiermuth","TE","PIT","ATL",49,65,0.73,0.753846153846154,,47,,"pass_play_personnel_share","PROXY_PERSONNEL_PRESENCE",5,47,0.106382978723404,5,21,407,0.0515970515970516,4.2,,0,18,0,,0.714285714285714,0,0,0,2,0,1,0,0,1,5,1,0.4,0,1,0,1,0,0,0,0,0,3,4,0,0,TRUE,FALSE,3.12307692307692,FALSE,,FALSE
2026,1,"2026_01_TB_CIN","00-0036900","7564","ChasJa00","Ja'Marr Chase","WR","CIN","TB",60,63,0.94,0.952380952380952,,38,,"pass_play_personnel_share","PROXY_PERSONNEL_PRESENCE",4,38,0.105263157894737,2,34,226,0.150442477876106,8.5,,0,25,0,,0.285714285714286,0,0,0,1,0,0,0,0,0,7,8,0.142857142857143,0,1,0,0,0,0,0,0,0,6,,0,,TRUE,FALSE,8.85714285714286,FALSE,,FALSE
2026,1,"2026_01_MIA_LV","00-0036901","7628","StokEr00","Eric Stokes","DB","LV","MIA",0,65,0,0,,32,,"pass_play_personnel_share","UNRELIABLE_NON_ELIGIBLE_POSITION",0,32,0,0,0,226,0,,,0,33,0,,,0,0,0,0,0,0,0,0,0,8,4,0,0,0,0,0,0,0,0,0,0,2,4,0,0,FALSE,FALSE,7.52307692307692,FALSE,,FALSE
2026,1,"2026_01_CHI_CAR","00-0036903","7722","BrowBo04","Bobby Brown","DL","CAR","CHI",0,68,0,0,,46,,"pass_play_personnel_share","UNRELIABLE_NON_ELIGIBLE_POSITION",0,46,0,0,0,366,0,,,0,22,0,,,0,0,0,0,0,0,0,0,0,10,5,0,0,0,0,0,0,0,0,0,0,7,2,0,0,FALSE,FALSE,-9.88235294117648,FALSE,,FALSE
2026,1,"2026_01_DEN_KC","00-0036909","7756","TongKh00","Khyiris Tonga","DL","KC","DEN",4,66,0.06,0.0606060606060606,,34,,"pass_play_personnel_share","UNRELIABLE_NON_ELIGIBLE_POSITION",0,34,0,0,0,133,0,,,0,32,0,,,0,0,0,0,0,0,0,0,0,7,4,0,0,0,0,0,0,0,0,0,0,3,4,0,0,TRUE,FALSE,6.83333333333333,FALSE,,FALSE
2026,1,"2026_01_WAS_PHI","00-0036912","7525","SmitDe07","DeVonta Smith","WR","PHI","WAS",52,53,0.95,0.981132075471698,,34,,"pass_play_personnel_share","PROXY_PERSONNEL_PRESENCE",6,34,0.176470588235294,3,79,225,0.351111111111111,13.1666666666667,,0,19,0,,0.428571428571429,0,0,0,0,0,0,0,0,0,3,4,0,0,3,0,2,0,0,0,0,0,3,5,0,0,TRUE,FALSE,1.83018867924528,FALSE,,FALSE
2026,1,"2026_01_BUF_HOU","00-0036914","7627","RousGr00","Gregory Rousseau","LB","BUF","HOU",0,56,0,0,,37,,"pass_play_personnel_share","UNRELIABLE_NON_ELIGIBLE_POSITION",0,37,0,0,0,383,0,,,0,19,0,,,0,0,0,0,0,0,0,0,0,6,3,0,0,0,0,0,0,0,0,0,0,5,2,0,0,FALSE,FALSE,-0.0178571428571427,FALSE,,FALSE
2026,1,"2026_01_NE_SEA","00-0036916","7696","WillMi08","Milton Williams","DL","NE","SEA",0,71,0,0,,44,,"pass_play_personnel_share","UNRELIABLE_NON_ELIGIBLE_POSITION",0,44,0,0,0,221,0,,,0,27,0,,,0,0,0,0,0,0,0,0,0,2,0,0,,0,0,0,0,0,0,0,0,4,2,0,0,FALSE,FALSE,1.87323943661972,FALSE,,FALSE
2026,1,"2026_01_TB_CIN","00-0036919","7567","GainKe00","Kenneth Gainwell","RB","TB","CIN",26,56,0.46,0.464285714285714,,39,,"pass_play_personnel_share","PROXY_PERSONNEL_PRESENCE",1,39,0.0256410256410256,1,-5,143,-0.034965034965035,-5,,5,17,0.294117647058824,0.384615384615385,,0,0,0,0,0,0,0,0,0,7,3,0,0,0,1,0,0,1,22,0,0,7,1,0.142857142857143,0,TRUE,TRUE,-9.80357142857143,FALSE,,FALSE
2026,1,"2026_01_MIA_LV","00-0036922","7770","JohnPa02","Patrick Johnson","LB","LV","MIA",0,65,0,0,,32,,"pass_play_personnel_share","UNRELIABLE_NON_ELIGIBLE_POSITION",0,32,0,0,0,226,0,,,0,33,0,,,0,0,0,0,0,0,0,0,0,8,4,0,0,0,0,0,0,0,0,0,0,2,4,0,0,FALSE,FALSE,7.52307692307692,FALSE,,FALSE
2026,1,"2026_01_NO_DET","00-0036927","7647","WernPe00","Pete Werner","LB","NO","DET",0,89,0,0,,66,,"pass_play_personnel_share","UNRELIABLE_NON_ELIGIBLE_POSITION",0,66,0,0,0,482,0,,,0,23,0,,,0,0,0,0,0,0,0,0,0,10,3,0,0,0,0,0,0,0,0,0,0,4,5,0,0,FALSE,FALSE,-8.50561797752809,TRUE,,FALSE
2026,1,"2026_01_ARI_LAC","00-0036933","7637","CollZa00","Zaven Collins","LB","ARI","LAC",0,72,0,0,,42,,"pass_play_personnel_share","UNRELIABLE_NON_ELIGIBLE_POSITION",0,42,0,0,0,283,0,,,0,30,0,,,0,0,0,0,0,0,0,0,0,8,6,0,0,0,0,0,0,0,0,0,0,3,2,0,0,FALSE,FALSE,2.86111111111111,FALSE,,FALSE
2026,1,"2026_01_CHI_CAR","00-0036934","7635","PhilJa02","Jaelan Phillips","LB","CAR","CHI",0,68,0,0,,46,,"pass_play_personnel_share","UNRELIABLE_NON_ELIGIBLE_POSITION",0,46,0,0,0,366,0,,,0,22,0,,,0,0,0,0,0,0,0,0,0,10,5,0,0,0,0,0,0,0,0,0,0,7,2,0,0,FALSE,FALSE,-9.88235294117648,FALSE,,FALSE
2026,1,"2026_01_DAL_NYG","00-0036937","7669","AdebPa00","Paulson Adebo","DB","NYG","DAL",0,66,0,0,,33,,"pass_play_personnel_share","UNRELIABLE_NON_ELIGIBLE_POSITION",0,33,0,0,0,245,0,,,0,33,0,,,0,0,0,0,0,0,0,0,0,7,5,0,0,0,0,0,0,0,0,0,0,3,2,0,0,FALSE,FALSE,4.48484848484848,FALSE,,FALSE
2026,1,"2026_01_WAS_PHI","00-0036940","7626","OwehJa00","Odafe Oweh","LB","WAS","PHI",0,70,0,0,,41,,"pass_play_personnel_share","UNRELIABLE_NON_ELIGIBLE_POSITION",0,41,0,0,0,317,0,,,0,29,0,,,0,0,0,0,0,0,0,0,0,9,7,0,0,0,0,0,0,0,0,0,0,5,4,0,0,FALSE,FALSE,-5.57142857142857,FALSE,,FALSE
2026,1,"2026_01_NYJ_TEN","00-0036941","7698","CiscAn00","Andre Cisco","DB","NYJ","TEN",0,64,0,0,,28,,"pass_play_personnel_share","UNRELIABLE_NON_ELIGIBLE_POSITION",0,28,0,0,0,168,0,,,0,36,0,,,0,0,0,0,0,0,0,0,0,2,5,0,0,0,0,0,0,0,0,0,0,,3,,0,FALSE,FALSE,7.65625,FALSE,,FALSE
2026,1,"2026_01_SF_LA","00-0036942","7695","OdigOs00","Osa Odighizuwa","DL","SF","LAR",0,65,0,0,,37,,"pass_play_personnel_share","UNRELIABLE_NON_ELIGIBLE_POSITION",0,37,0,0,0,149,0,,,0,28,0,,,0,0,0,0,0,0,0,0,0,8,2,0,0,0,0,0,0,0,0,0,0,2,3,0,0,FALSE,FALSE,4.13846153846154,FALSE,,FALSE
2026,1,"2026_01_CHI_CAR","00-0036944","7642","HornJa00","Jaycee Horn","DB","CAR","CHI",0,68,0,0,,46,,"pass_play_personnel_share","UNRELIABLE_NON_ELIGIBLE_POSITION",0,46,0,0,0,366,0,,,0,22,0,,,0,0,0,0,0,0,0,0,0,10,5,0,0,0,0,0,0,0,0,0,0,7,2,0,0,FALSE,FALSE,-9.88235294117648,FALSE,,FALSE
2026,1,"2026_01_DEN_KC","00-0036945","7591","FielJu00","Justin Fields","QB","KC","DEN",1,66,0.01,0.0151515151515152,,34,,"pass_play_personnel_share","PROXY_PERSONNEL_PRESENCE",0,34,0,0,0,133,0,,,0,32,0,,,0,0,0,0,0,0,0,0,0,7,4,0,0,0,0,0,0,0,0,0,0,3,4,0,0,TRUE,FALSE,6.83333333333333,FALSE,,FALSE
2026,1,"2026_01_CHI_CAR","00-0036962","7659","MoehTr00","Trevon Moehrig","DB","CAR","CHI",0,68,0,0,,46,,"pass_play_personnel_share","UNRELIABLE_NON_ELIGIBLE_POSITION",0,46,0,0,0,366,0,,,0,22,0,,,0,0,0,0,0,0,0,0,0,10,5,0,0,0,0,0,0,0,0,0,0,7,2,0,0,FALSE,FALSE,-9.88235294117648,FALSE,,FALSE
2026,1,"2026_01_NO_DET","00-0036963","7547","StxxAm00","Amon-Ra St. Brown","WR","DET","NO",69,77,0.9,0.896103896103896,,41,,"pass_play_personnel_share","PROXY_PERSONNEL_PRESENCE",14,41,0.341463414634146,10,70,207,0.33816425120773,5,,0,36,0,,0.583333333333333,0,0,0,4,0,2,0,0,0,8,11,0.5,0,6,0,1,0,0,0,0,0,4,4,0,0,TRUE,FALSE,4.55844155844156,TRUE,,FALSE
2026,1,"2026_01_NO_DET","00-0036964","7726","BarnDe02","Derrick Barnes","LB","DET","NO",0,77,0,0,,41,,"pass_play_personnel_share","UNRELIABLE_NON_ELIGIBLE_POSITION",0,41,0,0,0,207,0,,,0,36,0,,,0,0,0,0,0,0,0,0,0,8,11,0,0,0,0,0,0,0,0,0,0,4,4,0,0,FALSE,FALSE,4.55844155844156,TRUE,,FALSE
2026,1,"2026_01_ATL_PIT","00-0036970","7553","PittKy00","Kyle Pitts","TE","ATL","PIT",38,60,0.63,0.633333333333333,,28,,"pass_play_personnel_share","PROXY_PERSONNEL_PRESENCE",1,28,0.0357142857142857,0,26,77,0.337662337662338,26,,0,32,0,,1,0,0,0,0,0,0,0,0,0,0,0,,,0,0,0,0,0,0,0,0,4,3,0,0,TRUE,FALSE,-5.28333333333333,FALSE,,FALSE
2026,1,"2026_01_CLE_JAX","00-0036971","7523","LawrTr00","Trevor Lawrence","QB","JAX","CLE",50,54,0.88,0.925925925925926,,25,,"pass_play_personnel_share","PROXY_PERSONNEL_PRESENCE",0,25,0,0,0,242,0,,,1,29,0.0344827586206897,,,24,0,1,0,0,0,0,0,0,2,1,0,0,0,1,0,0,0,0,0,0,3,3,0,0,TRUE,FALSE,16.3703703703704,FALSE,,FALSE
2026,1,"2026_01_NO_DET","00-0036973","7543","EtieTr00","Travis Etienne","RB","NO","DET",53,89,0.59,0.595505617977528,,66,,"pass_play_personnel_share","PROXY_PERSONNEL_PRESENCE",9,66,0.136363636363636,7,-2,482,-0.004149377593361,-0.222222222222222,,9,23,0.391304347826087,0.45,,0,0,0,2,1,0,0,0,0,10,3,0.2,0.333333333333333,2,0,1,1,0,0,0,0,4,5,0,0,TRUE,FALSE,-8.50561797752809,TRUE,,FALSE
2026,1,"2026_01_CLE_JAX","00-0036974","7667","CampTy01","Tyson Campbell","DB","CLE","JAX",0,51,0,0,,32,,"pass_play_personnel_share","UNRELIABLE_NON_ELIGIBLE_POSITION",0,32,0,0,0,228,0,,,0,19,0,,,0,0,0,0,0,0,0,0,0,4,3,0,0,0,0,0,0,0,0,0,0,6,2,0,0,FALSE,FALSE,-23.3529411764706,FALSE,,FALSE
2026,1,"2026_01_NE_SEA","00-0036981","7664","BarmCh00","Christian Barmore","DL","NE","SEA",0,71,0,0,,44,,"pass_play_personnel_share","UNRELIABLE_NON_ELIGIBLE_POSITION",0,44,0,0,0,221,0,,,0,27,0,,,0,0,0,0,0,0,0,0,0,2,0,0,,0,0,0,0,0,0,0,0,4,2,0,0,FALSE,FALSE,1.87323943661972,FALSE,,FALSE
2026,1,"2026_01_DAL_NYG","00-0036982","7693","GolsCh00","Chauncey Golston","DL","NYG","DAL",0,66,0,0,,33,,"pass_play_personnel_share","UNRELIABLE_NON_ELIGIBLE_POSITION",0,33,0,0,0,245,0,,,0,33,0,,,0,0,0,0,0,0,0,0,0,7,5,0,0,0,0,0,0,0,0,0,0,3,2,0,0,FALSE,FALSE,4.48484848484848,FALSE,,FALSE
2026,1,"2026_01_NYJ_TEN","00-0036986","7687","WrigNa00","Nahshon Wright","DB","NYJ","TEN",0,64,0,0,,28,,"pass_play_personnel_share","UNRELIABLE_NON_ELIGIBLE_POSITION",0,28,0,0,0,168,0,,,0,36,0,,,0,0,0,0,0,0,0,0,0,2,5,0,0,0,0,0,0,0,0,0,0,,3,,0,FALSE,FALSE,7.65625,FALSE,,FALSE
2026,1,"2026_01_NYJ_TEN","00-0036987","7685","StepBr01","Brandon Stephens","DB","NYJ","TEN",0,64,0,0,,28,,"pass_play_personnel_share","UNRELIABLE_NON_ELIGIBLE_POSITION",0,28,0,0,0,168,0,,,0,36,0,,,0,0,0,0,0,0,0,0,0,2,5,0,0,0,0,0,0,0,0,0,0,,3,,0,FALSE,FALSE,7.65625,FALSE,,FALSE
2026,1,"2026_01_BUF_HOU","00-0036988","7670","PalmJo00","Joshua Palmer","WR","BUF","HOU",18,56,0.31,0.321428571428571,,37,,"pass_play_personnel_share","PROXY_PERSONNEL_PRESENCE",2,37,0.0540540540540541,1,62,383,0.161879895561358,31,,0,19,0,,0.111111111111111,0,0,0,0,0,0,0,0,1,6,3,0,0,1,0,2,0,0,0,0,0,5,2,0,0,TRUE,FALSE,-0.0178571428571427,FALSE,,FALSE
2026,1,"2026_01_MIA_LV","00-0036989","7676","KoonMa00","Malcolm Koonce","DL","LV","MIA",0,65,0,0,,32,,"pass_play_personnel_share","UNRELIABLE_NON_ELIGIBLE_POSITION",0,32,0,0,0,226,0,,,0,33,0,,,0,0,0,0,0,0,0,0,0,8,4,0,0,0,0,0,0,0,0,0,0,2,4,0,0,FALSE,FALSE,7.52307692307692,FALSE,,FALSE
2026,1,"2026_01_ATL_PIT","00-0036990","7677","DeabDi00","Divine Deablo","LB","ATL","PIT",0,60,0,0,,28,,"pass_play_personnel_share","UNRELIABLE_NON_ELIGIBLE_POSITION",0,28,0,0,0,77,0,,,0,32,0,,,0,0,0,0,0,0,0,0,0,0,0,,,0,0,0,0,0,0,0,0,4,3,0,0,FALSE,FALSE,-5.28333333333333,FALSE,,FALSE
2026,1,"2026_01_ARI_LAC","00-0036992","7682","MoldEl00","Elijah Molden","DB","LAC","ARI",0,55,0,0,,39,,"pass_play_personnel_share","UNRELIABLE_NON_ELIGIBLE_POSITION",0,39,0,0,0,273,0,,,0,16,0,,,0,0,0,0,0,0,0,0,0,7,4,0,0,0,0,0,0,0,0,0,0,4,1,0,0,FALSE,FALSE,-5.67272727272727,FALSE,,FALSE
2026,1,"2026_01_TB_CIN","00-0036993","7680","MeliIf00","Ifeatu Melifonwu","DB","TB","CIN",0,56,0,0,,39,,"pass_play_personnel_share","UNRELIABLE_NON_ELIGIBLE_POSITION",0,39,0,0,0,143,0,,,0,17,0,,,0,0,0,0,0,0,0,0,0,7,3,0,0,0,0,0,0,0,0,0,0,7,1,0,0,FALSE,FALSE,-9.80357142857143,FALSE,,FALSE
2026,1,"2026_01_NE_SEA","00-0036994","7672","JoneEr01","Ernest Jones","LB","SEA","NE",0,49,0,0,,28,,"pass_play_personnel_share","UNRELIABLE_NON_ELIGIBLE_POSITION",0,28,0,0,0,154,0,,,0,21,0,,,0,0,0,0,0,0,0,0,0,5,2,0,0,0,0,0,0,0,0,0,0,3,4,0,0,FALSE,FALSE,-4.6734693877551,FALSE,,FALSE
2026,1,"2026_01_ARI_LAC","00-0036995","7681","BrowBa01","Baron Browning","LB","ARI","LAC",0,72,0,0,,42,,"pass_play_personnel_share","UNRELIABLE_NON_ELIGIBLE_POSITION",0,42,0,0,0,283,0,,,0,30,0,,,0,0,0,0,0,0,0,0,0,8,6,0,0,0,0,0,0,0,0,0,0,3,2,0,0,FALSE,FALSE,2.86111111111111,FALSE,,FALSE
2026,1,"2026_01_DAL_NYG","00-0036996","7630","NewsGr00","Greg Newsome","DB","NYG","DAL",0,66,0,0,,33,,"pass_play_personnel_share","UNRELIABLE_NON_ELIGIBLE_POSITION",0,33,0,0,0,245,0,,,0,33,0,,,0,0,0,0,0,0,0,0,0,7,5,0,0,0,0,0,0,0,0,0,0,3,2,0,0,FALSE,FALSE,4.48484848484848,FALSE,,FALSE
2026,1,"2026_01_DAL_NYG","00-0036997","7588","WillJa10","Javonte Williams","RB","DAL","NYG",41,58,0.71,0.706896551724138,,41,,"pass_play_personnel_share","PROXY_PERSONNEL_PRESENCE",5,41,0.121951219512195,5,-11,309,-0.0355987055016181,-2.2,,12,17,0.705882352941177,0.8,,0,0,0,2,3,0,3,3,0,6,4,0.333333333333333,0.75,0,1,0,1,0,0,0,0,5,,0,,TRUE,FALSE,-8.68965517241379,FALSE,,FALSE
2026,1,"2026_01_DAL_NYG","00-0036998","7666","HollJe02","Jevon Holland","DB","NYG","DAL",0,66,0,0,,33,,"pass_play_personnel_share","UNRELIABLE_NON_ELIGIBLE_POSITION",0,33,0,0,0,245,0,,,0,33,0,,,0,0,0,0,0,0,0,0,0,7,5,0,0,0,0,0,0,0,0,0,0,3,2,0,0,FALSE,FALSE,4.48484848484848,FALSE,,FALSE
2026,1,"2026_01_NE_SEA","00-0037003","7673","SurrCh00","Chazz Surratt","LB","SEA","NE",0,49,0,0,,28,,"pass_play_personnel_share","UNRELIABLE_NON_ELIGIBLE_POSITION",0,28,0,0,0,154,0,,,0,21,0,,,0,0,0,0,0,0,0,0,0,5,2,0,0,0,0,0,0,0,0,0,0,3,4,0,0,FALSE,FALSE,-4.6734693877551,FALSE,,FALSE
2026,1,"2026_01_ARI_LAC","00-0037004","7535","LongHu00","Hunter Long","TE","ARI","LAC",26,72,0.35,0.361111111111111,,42,,"pass_play_personnel_share","PROXY_PERSONNEL_PRESENCE",0,42,0,0,0,283,0,,,0,30,0,,0,0,0,0,0,0,0,0,0,0,8,6,0,0,0,0,0,0,0,0,0,0,3,2,0,0,TRUE,FALSE,2.86111111111111,FALSE,,FALSE
2026,1,"2026_01_CHI_CAR","00-0037005","7694","TremTo00","Tommy Tremble","TE","CAR","CHI",38,68,0.56,0.558823529411765,,46,,"pass_play_personnel_share","PROXY_PERSONNEL_PRESENCE",5,46,0.108695652173913,3,23,366,0.0628415300546448,4.6,,0,22,0,,0.555555555555556,0,0,0,0,0,0,0,0,0,10,5,0,0,1,0,0,0,0,0,0,0,7,2,0,0,TRUE,FALSE,-9.88235294117648,FALSE,,FALSE
2026,1,"2026_01_BUF_HOU","00-0037034","8104","AlfoDe00","Dee Alford","DB","BUF","HOU",0,56,0,0,,37,,"pass_play_personnel_share","UNRELIABLE_NON_ELIGIBLE_POSITION",0,37,0,0,0,383,0,,,0,19,0,,,0,0,0,0,0,0,0,0,0,6,3,0,0,0,0,0,0,0,0,0,0,5,2,0,0,FALSE,FALSE,-0.0178571428571427,FALSE,,FALSE
2026,1,"2026_01_WAS_PHI","00-0037073","8269","DaviJo03","Jordan Davis","DL","PHI","WAS",0,53,0,0,,34,,"pass_play_personnel_share","UNRELIABLE_NON_ELIGIBLE_POSITION",0,34,0,0,0,225,0,,,0,19,0,,,0,0,0,0,0,0,0,0,0,3,4,0,0,0,0,0,0,0,0,0,0,3,5,0,0,FALSE,FALSE,1.83018867924528,FALSE,,FALSE
2026,1,"2026_01_MIA_LV","00-0037074","8266","WalkQu00","Quay Walker","LB","LV","MIA",0,65,0,0,,32,,"pass_play_personnel_share","UNRELIABLE_NON_ELIGIBLE_POSITION",0,32,0,0,0,226,0,,,0,33,0,,,0,0,0,0,0,0,0,0,0,8,4,0,0,0,0,0,0,0,0,0,0,2,4,0,0,FALSE,FALSE,7.52307692307692,FALSE,,FALSE
2026,1,"2026_01_GB_MIN","00-0037075","8270","WyatDe00","Devonte Wyatt","DL","GB","MIN",0,68,0,0,,46,,"pass_play_personnel_share","UNRELIABLE_NON_ELIGIBLE_POSITION",0,46,0,0,0,469,0,,,0,22,0,,,0,0,0,0,0,0,0,0,0,7,3,0,0,0,0,0,0,0,0,0,0,6,4,0,0,FALSE,FALSE,1.41176470588236,FALSE,,FALSE
2026,1,"2026_01_BUF_HOU","00-0037082","8391","RobiDo00","Dominique Robinson","DL","HOU","BUF",0,79,0,0,,48,,"pass_play_personnel_share","UNRELIABLE_NON_ELIGIBLE_POSITION",0,48,0,0,0,322,0,,,0,31,0,,,0,0,0,0,0,0,0,0,0,6,5,0,0,0,0,0,0,0,0,0,0,8,1,0,0,FALSE,FALSE,-3.83544303797468,FALSE,,FALSE
2026,1,"2026_01_NYJ_TEN","00-0037083","8382","EnagKi00","Kingsley Enagbare","LB","NYJ","TEN",0,64,0,0,,28,,"pass_play_personnel_share","UNRELIABLE_NON_ELIGIBLE_POSITION",0,28,0,0,0,168,0,,,0,36,0,,,0,0,0,0,0,0,0,0,0,2,5,0,0,0,0,0,0,0,0,0,0,,3,,0,FALSE,FALSE,7.65625,FALSE,,FALSE
2026,1,"2026_01_GB_MIN","00-0037091","8204","MeltBo00","Bo Melton","WR","GB","MIN",8,68,0.12,0.117647058823529,,46,,"pass_play_personnel_share","PROXY_PERSONNEL_PRESENCE",1,46,0.0217391304347826,1,10,469,0.0213219616204691,10,,0,22,0,,0.0344827586206897,0,0,0,0,0,0,0,0,0,7,3,0,0,0,0,1,0,4,124,0,0,6,4,0.666666666666667,0,TRUE,TRUE,1.41176470588236,FALSE,,FALSE
2026,1,"2026_01_MIA_LV","00-0037093","8527","YounDa02","Dareke Young","WR","LV","MIA",10,65,0.15,0.153846153846154,,32,,"pass_play_personnel_share","PROXY_PERSONNEL_PRESENCE",0,32,0,0,0,226,0,,,0,33,0,,0,0,0,0,0,0,0,0,0,0,8,4,0,0,0,0,0,0,0,0,0,0,2,4,0,0,TRUE,FALSE,7.52307692307692,FALSE,,FALSE
2026,1,"2026_01_GB_MIN","00-0037094","8344","FordJo00","Jonathan Ford","DL","GB","MIN",0,68,0,0,,46,,"pass_play_personnel_share","UNRELIABLE_NON_ELIGIBLE_POSITION",0,46,0,0,0,469,0,,,0,22,0,,,0,0,0,0,0,0,0,0,0,7,3,0,0,0,0,0,0,0,0,0,0,6,4,0,0,FALSE,FALSE,1.41176470588236,FALSE,,FALSE
2026,1,"2026_01_CHI_CAR","00-0037096","8509","HickEl00","Elijah Hicks","DB","CHI","CAR",0,75,0,0,,40,,"pass_play_personnel_share","UNRELIABLE_NON_ELIGIBLE_POSITION",0,40,0,0,0,319,0,,,0,35,0,,,0,0,0,0,0,0,0,0,0,7,10,0,0,0,0,0,0,0,0,0,0,4,1,0,0,FALSE,FALSE,3.50666666666667,FALSE,,FALSE
2026,1,"2026_01_CHI_CAR","00-0037109","8363","SanbJa00","Jack Sanborn","LB","CHI","CAR",0,75,0,0,,40,,"pass_play_personnel_share","UNRELIABLE_NON_ELIGIBLE_POSITION",0,40,0,0,0,319,0,,,0,35,0,,,0,0,0,0,0,0,0,0,0,7,10,0,0,0,0,0,0,0,0,0,0,4,1,0,0,FALSE,FALSE,3.50666666666667,FALSE,,FALSE
2026,1,"2026_01_SF_LA","00-0037112","8698","TongJa00","Jake Tonges","TE","SF","LAR",8,65,0.12,0.123076923076923,,37,,"pass_play_personnel_share","PROXY_PERSONNEL_PRESENCE",0,37,0,0,0,149,0,,,0,28,0,,0,0,0,0,0,0,0,0,0,0,8,2,0,0,0,0,0,0,0,0,0,0,2,3,0,0,TRUE,FALSE,4.13846153846154,FALSE,,FALSE
2026,1,"2026_01_CHI_CAR","00-0037129","8714","BlacJo00","Josh Blackwell","DB","CHI","CAR",0,75,0,0,,40,,"pass_play_personnel_share","UNRELIABLE_NON_ELIGIBLE_POSITION",0,40,0,0,0,319,0,,,0,35,0,,,0,0,0,0,0,0,0,0,0,7,10,0,0,0,0,0,0,4,85,0,0,4,1,1,0,FALSE,TRUE,3.50666666666667,FALSE,,FALSE
2026,1,"2026_01_BUF_HOU","00-0037130","8406","BlanRe00","Reed Blankenship","DB","HOU","BUF",0,79,0,0,,48,,"pass_play_personnel_share","UNRELIABLE_NON_ELIGIBLE_POSITION",0,48,0,0,0,322,0,,,0,31,0,,,0,0,0,0,0,0,0,0,0,6,5,0,0,0,0,0,0,0,0,0,0,8,1,0,0,FALSE,FALSE,-3.83544303797468,FALSE,,FALSE
2026,1,"2026_01_WAS_PHI","00-0037132","8414","CoveBr00","Britain Covey","WR","PHI","WAS",0,53,0,0,,34,,"pass_play_personnel_share","PROXY_PERSONNEL_PRESENCE",0,34,0,0,0,225,0,,,0,19,0,,0,0,0,0,0,0,0,0,0,0,3,4,0,0,0,0,0,0,0,0,5,37,3,5,0,1,FALSE,TRUE,1.83018867924528,FALSE,,FALSE
2026,1,"2026_01_NE_SEA","00-0037137","8275","JobeJo00","Josh Jobe","DB","SEA","NE",0,49,0,0,,28,,"pass_play_personnel_share","UNRELIABLE_NON_ELIGIBLE_POSITION",0,28,0,0,0,154,0,,,0,21,0,,,0,0,0,0,0,0,0,0,0,5,2,0,0,0,0,0,0,0,0,0,0,3,4,0,0,FALSE,FALSE,-4.6734693877551,FALSE,,FALSE
2026,1,"2026_01_NYJ_TEN","00-0037155","8860","AdamTo03","Tony Adams","DB","TEN","NYJ",0,50,0,0,,40,,"pass_play_personnel_share","UNRELIABLE_NON_ELIGIBLE_POSITION",0,40,0,0,0,190,0,,,0,10,0,,,0,0,0,0,0,0,0,0,0,3,0,0,,0,0,0,0,0,0,0,0,3,1,0,0,FALSE,FALSE,-12.58,FALSE,,FALSE
2026,1,"2026_01_ARI_LAC","00-0037157","8122","KnigZo00","Bam Knight","RB","ARI","LAC",3,72,0.04,0.0416666666666667,,42,,"pass_play_personnel_share","PROXY_PERSONNEL_PRESENCE",0,42,0,0,0,283,0,,,0,30,0,0,,0,0,0,0,0,0,0,0,0,8,6,0,0,0,0,0,0,0,0,0,0,3,2,0,0,TRUE,FALSE,2.86111111111111,FALSE,,FALSE
2026,1,"2026_01_CHI_CAR","00-0037179","8297","MoonJe00","Jeremiah Moon","LB","CAR","CHI",0,68,0,0,,46,,"pass_play_personnel_share","UNRELIABLE_NON_ELIGIBLE_POSITION",0,46,0,0,0,366,0,,,0,22,0,,,0,0,0,0,0,0,0,0,0,10,5,0,0,0,0,0,0,0,0,0,0,7,2,0,0,FALSE,FALSE,-9.88235294117648,FALSE,,FALSE
2026,1,"2026_01_BAL_IND","00-0037190","8290","GardSa00","Sauce Gardner","DB","IND","BAL",0,54,0,0,,35,,"pass_play_personnel_share","UNRELIABLE_NON_ELIGIBLE_POSITION",0,35,0,0,0,201,0,,,0,19,0,,,0,0,0,0,0,0,0,0,0,3,5,0,0,0,0,0,0,0,0,0,0,6,2,0,0,FALSE,FALSE,-13.4259259259259,FALSE,,FALSE
2026,1,"2026_01_SF_LA","00-0037191","8364","McDuTr00","Trent McDuffie","DB","LAR","SF",0,60,0,0,,33,,"pass_play_personnel_share","UNRELIABLE_NON_ELIGIBLE_POSITION",0,33,0,0,0,255,0,,,0,27,0,,,0,0,0,0,0,0,0,0,0,2,7,0,0,0,0,0,0,0,0,0,0,5,1,0,0,FALSE,FALSE,-9.48333333333334,FALSE,,FALSE
2026,1,"2026_01_DEN_KC","00-0037192","8385","KarlGe00","George Karlaftis","DL","KC","DEN",0,66,0,0,,34,,"pass_play_personnel_share","UNRELIABLE_NON_ELIGIBLE_POSITION",0,34,0,0,0,133,0,,,0,32,0,,,0,0,0,0,0,0,0,0,0,7,4,0,0,0,0,0,0,0,0,0,0,3,4,0,0,FALSE,FALSE,6.83333333333333,FALSE,,FALSE
2026,1,"2026_01_TB_CIN","00-0037193","8294","CookBr02","Bryan Cook","DB","CIN","TB",0,63,0,0,,38,,"pass_play_personnel_share","UNRELIABLE_NON_ELIGIBLE_POSITION",0,38,0,0,0,226,0,,,0,25,0,,,0,0,0,0,0,0,0,0,0,7,8,0,0,0,0,0,0,0,0,0,0,6,,0,,FALSE,FALSE,8.85714285714286,FALSE,,FALSE
2026,1,"2026_01_SF_LA","00-0037195","8373","WatsJa02","Jaylen Watson","DB","LAR","SF",0,60,0,0,,33,,"pass_play_personnel_share","UNRELIABLE_NON_ELIGIBLE_POSITION",0,33,0,0,0,255,0,,,0,27,0,,,0,0,0,0,0,0,0,0,0,2,7,0,0,0,0,0,0,0,0,0,0,5,1,0,0,FALSE,FALSE,-9.48333333333334,FALSE,,FALSE
2026,1,"2026_01_DEN_KC","00-0037208","8710","CochJa00","Jack Cochrane","LB","KC","DEN",0,66,0,0,,34,,"pass_play_personnel_share","UNRELIABLE_NON_ELIGIBLE_POSITION",0,34,0,0,0,133,0,,,0,32,0,,,0,0,0,0,0,0,0,0,0,7,4,0,0,0,0,0,0,0,0,0,0,3,4,0,0,FALSE,FALSE,6.83333333333333,FALSE,,FALSE
2026,1,"2026_01_ARI_LAC","00-0037224","8259","DickCa00","Cameron Dicker","K","LAC","ARI",0,55,0,0,,39,,"pass_play_personnel_share","UNRELIABLE_NON_ELIGIBLE_POSITION",0,39,0,0,0,273,0,,,0,16,0,,,0,0,0,0,0,0,0,0,0,7,4,0,0,0,0,0,0,0,0,0,0,4,1,0,0,FALSE,FALSE,-5.67272727272727,FALSE,,FALSE
2026,1,"2026_01_ATL_PIT","00-0037228","8228","WarrJa01","Jaylen Warren","RB","PIT","ATL",25,65,0.37,0.384615384615385,,47,,"pass_play_personnel_share","PROXY_PERSONNEL_PRESENCE",6,47,0.127659574468085,5,-6,407,-0.0147420147420147,-1,,10,18,0.555555555555556,0.555555555555556,,0,0,0,2,0,1,0,0,0,5,1,0.4,0,0,0,0,1,0,0,0,0,3,4,0,0,TRUE,FALSE,3.12307692307692,FALSE,,FALSE
2026,1,"2026_01_NO_DET","00-0037231","8200","AustKe00","Kevin Austin","WR","NO","DET",5,89,0.06,0.0561797752808989,,66,,"pass_play_personnel_share","PROXY_PERSONNEL_PRESENCE",0,66,0,0,0,482,0,,,0,23,0,,0,0,0,0,0,0,0,0,0,0,10,3,0,0,0,0,0,0,0,0,0,0,4,5,0,0,TRUE,FALSE,-8.50561797752809,TRUE,,FALSE
2026,1,"2026_01_CLE_JAX","00-0037235","8265","WalkTr03","Travon Walker","DL","JAX","CLE",0,54,0,0,,25,,"pass_play_personnel_share","UNRELIABLE_NON_ELIGIBLE_POSITION",0,25,0,0,0,242,0,,,0,29,0,,,0,0,0,0,0,0,0,0,0,2,1,0,0,0,0,0,0,0,0,0,0,3,3,0,0,FALSE,FALSE,16.3703703703704,FALSE,,FALSE
2026,1,"2026_01_NO_DET","00-0037236","8289","HutcAi00","Aidan Hutchinson","DL","DET","NO",0,77,0,0,,41,,"pass_play_personnel_share","UNRELIABLE_NON_ELIGIBLE_POSITION",0,41,0,0,0,207,0,,,0,36,0,,,0,0,0,0,0,0,0,0,0,8,11,0,0,0,0,0,0,0,0,0,0,4,4,0,0,FALSE,FALSE,4.55844155844156,TRUE,,FALSE
2026,1,"2026_01_BUF_HOU","00-0037237","8308","StinDe00","Derek Stingley Jr.","DB","HOU","BUF",0,79,0,0,,48,,"pass_play_personnel_share","UNRELIABLE_NON_ELIGIBLE_POSITION",0,48,0,0,0,322,0,,,0,31,0,,,0,0,0,0,0,0,0,0,0,6,5,0,0,0,0,0,0,0,0,0,0,8,1,0,0,FALSE,FALSE,-3.83544303797468,FALSE,,FALSE
2026,1,"2026_01_ATL_PIT","00-0037238","8112","LondDr00","Drake London","WR","ATL","PIT",59,60,0.98,0.983333333333333,,28,,"pass_play_personnel_share","PROXY_PERSONNEL_PRESENCE",4,28,0.142857142857143,2,22,77,0.285714285714286,5.5,,1,32,0.03125,,0.5,0,0,0,0,0,0,0,0,0,0,0,,,2,0,0,0,0,0,0,0,4,3,0,0,TRUE,FALSE,-5.28333333333333,FALSE,,FALSE
2026,1,"2026_01_NO_DET","00-0037239","8144","OlavCh00","Chris Olave","WR","NO","DET",77,89,0.86,0.865168539325843,,66,,"pass_play_personnel_share","PROXY_PERSONNEL_PRESENCE",13,66,0.196969696969697,10,234,482,0.485477178423237,18,,0,23,0,,0.481481481481481,0,0,0,1,0,0,0,0,0,10,3,0.1,0,3,0,2,0,0,0,0,0,4,5,0,0,TRUE,FALSE,-8.50561797752809,TRUE,,FALSE
2026,1,"2026_01_NO_DET","00-0037240","8148","WillJa11","Jameson Williams","WR","DET","NO",65,77,0.84,0.844155844155844,,41,,"pass_play_personnel_share","PROXY_PERSONNEL_PRESENCE",9,41,0.219512195121951,4,127,207,0.613526570048309,14.1111111111111,,0,36,0,,0.375,0,0,0,1,0,0,0,0,0,8,11,0.125,0,3,0,1,0,0,0,0,0,4,4,0,0,TRUE,FALSE,4.55844155844156,TRUE,,FALSE
2026,1,"2026_01_CHI_CAR","00-0037244","8329","LloyDe00","Devin Lloyd","LB","CAR","CHI",0,68,0,0,,46,,"pass_play_personnel_share","UNRELIABLE_NON_ELIGIBLE_POSITION",0,46,0,0,0,366,0,,,0,22,0,,,0,0,0,0,0,0,0,0,0,10,5,0,0,0,0,0,0,0,0,0,0,7,2,0,0,FALSE,FALSE,-9.88235294117648,FALSE,,FALSE
2026,1,"2026_01_BUF_HOU","00-0037246","8314","PitrJa00","Jalen Pitre","DB","HOU","BUF",0,79,0,0,,48,,"pass_play_personnel_share","UNRELIABLE_NON_ELIGIBLE_POSITION",0,48,0,0,0,322,0,,,0,31,0,,,0,0,0,0,0,0,0,0,0,6,5,0,0,0,0,0,0,0,0,0,0,8,1,0,0,FALSE,FALSE,-3.83544303797468,FALSE,,FALSE
2026,1,"2026_01_DAL_NYG","00-0037247","8137","PickGe00","George Pickens","WR","DAL","NYG",49,58,0.84,0.844827586206897,,41,,"pass_play_personnel_share","PROXY_PERSONNEL_PRESENCE",6,41,0.146341463414634,3,104,309,0.336569579288026,17.3333333333333,,0,17,0,,0.3,0,0,0,0,0,0,0,0,0,6,4,0,0,3,0,1,0,0,0,0,0,5,,0,,TRUE,FALSE,-8.68965517241379,FALSE,,FALSE
2026,1,"2026_01_BUF_HOU","00-0037248","8138","CookJa01","James Cook","RB","BUF","HOU",42,56,0.72,0.75,,37,,"pass_play_personnel_share","PROXY_PERSONNEL_PRESENCE",4,37,0.108108108108108,3,-4,383,-0.010443864229765,-1,,13,19,0.68421052631579,0.866666666666667,,0,0,0,1,2,0,0,0,0,6,3,0.166666666666667,0.666666666666667,0,1,0,1,0,0,0,0,5,2,0,0,TRUE,FALSE,-0.0178571428571427,FALSE,,FALSE
2026,1,"2026_01_DEN_KC","00-0037249","8280","BoniNi00","Nik Bonitto","LB","DEN","KC",0,50,0,0,,35,,"pass_play_personnel_share","UNRELIABLE_NON_ELIGIBLE_POSITION",0,35,0,0,0,92,0,,,0,15,0,,,0,0,0,0,0,0,0,0,0,4,1,0,0,0,0,0,0,0,0,0,0,5,3,0,0,FALSE,FALSE,-9.24,FALSE,,FALSE
2026,1,"2026_01_NO_DET","00-0037250","8390","EmerMa00","Martin Emerson","DB","NO","DET",0,89,0,0,,66,,"pass_play_personnel_share","UNRELIABLE_NON_ELIGIBLE_POSITION",0,66,0,0,0,482,0,,,0,23,0,,,0,0,0,0,0,0,0,0,0,10,3,0,0,0,0,0,0,0,0,0,0,4,5,0,0,FALSE,FALSE,-8.50561797752809,TRUE,,FALSE
2026,1,"2026_01_MIA_LV","00-0037252","8172","DulcGr00","Greg Dulcich","TE","MIA","LV",43,55,0.77,0.781818181818182,,40,,"pass_play_personnel_share","PROXY_PERSONNEL_PRESENCE",2,40,0.05,2,1,309,0.00323624595469256,0.5,,0,15,0,,0.666666666666667,0,0,0,0,0,0,0,0,0,2,3,0,0,0,0,0,0,0,0,0,0,5,1,0,0,TRUE,FALSE,-10.4545454545455,FALSE,,FALSE
2026,1,"2026_01_NE_SEA","00-0037253","8359","JoneMa06","Marcus Jones","DB","NE","SEA",0,71,0,0,,44,,"pass_play_personnel_share","UNRELIABLE_NON_ELIGIBLE_POSITION",0,44,0,0,0,221,0,,,0,27,0,,,0,0,0,0,0,0,0,0,0,2,0,0,,0,0,0,0,0,0,2,0,4,2,0,1,FALSE,TRUE,1.87323943661972,FALSE,,FALSE
2026,1,"2026_01_BUF_HOU","00-0037254","8311","BernTe00","Terrel Bernard","LB","BUF","HOU",0,56,0,0,,37,,"pass_play_personnel_share","UNRELIABLE_NON_ELIGIBLE_POSITION",0,37,0,0,0,383,0,,,0,19,0,,,0,0,0,0,0,0,0,0,0,6,3,0,0,0,0,0,0,0,0,0,0,5,2,0,0,FALSE,FALSE,-0.0178571428571427,FALSE,,FALSE
2026,1,"2026_01_WAS_PHI","00-0037256","8136","WhitRa01","Rachaad White","RB","WAS","PHI",29,70,0.41,0.414285714285714,,41,,"pass_play_personnel_share","PROXY_PERSONNEL_PRESENCE",2,41,0.048780487804878,2,-10,317,-0.0315457413249211,-5,,7,29,0.241379310344828,0.259259259259259,,0,0,0,1,1,0,0,0,0,9,7,0.111111111111111,0.142857142857143,1,4,0,1,2,59,0,0,5,4,0.4,0,TRUE,TRUE,-5.57142857142857,FALSE,,FALSE
2026,1,"2026_01_DAL_NYG","00-0037259","8396","McFaMi01","Micah McFadden","LB","NYG","DAL",0,66,0,0,,33,,"pass_play_personnel_share","UNRELIABLE_NON_ELIGIBLE_POSITION",0,33,0,0,0,245,0,,,0,33,0,,,0,0,0,0,0,0,0,0,0,7,5,0,0,0,0,0,0,0,0,0,0,3,2,0,0,FALSE,FALSE,4.48484848484848,FALSE,,FALSE
2026,1,"2026_01_BUF_HOU","00-0037261","8134","ShakKh00","Khalil Shakir","WR","BUF","HOU",31,56,0.53,0.553571428571429,,37,,"pass_play_personnel_share","PROXY_PERSONNEL_PRESENCE",6,37,0.162162162162162,4,39,383,0.101827676240209,6.5,,0,19,0,,0.333333333333333,0,0,0,3,0,1,0,0,1,6,3,0.5,0,2,0,0,0,0,0,0,0,5,2,0,0,TRUE,FALSE,-0.0178571428571427,FALSE,,FALSE
2026,1,"2026_01_MIA_LV","00-0037262","8380","BookTh00","Thomas Booker","DL","LV","MIA",0,65,0,0,,32,,"pass_play_personnel_share","UNRELIABLE_NON_ELIGIBLE_POSITION",0,32,0,0,0,226,0,,,0,33,0,,,0,0,0,0,0,0,0,0,0,8,4,0,0,0,0,0,0,0,0,0,0,2,4,0,0,FALSE,FALSE,7.52307692307692,FALSE,,FALSE
2026,1,"2026_01_ARI_LAC","00-0037263","8132","AllgTy00","Tyler Allgeier","RB","ARI","LAC",44,72,0.59,0.611111111111111,,42,,"pass_play_personnel_share","PROXY_PERSONNEL_PRESENCE",2,42,0.0476190476190476,2,-5,283,-0.0176678445229682,-2.5,,17,30,0.566666666666667,0.607142857142857,,0,0,0,1,3,0,1,1,0,8,6,0.125,0.5,0,1,0,1,0,0,0,0,3,2,0,0,TRUE,FALSE,2.86111111111111,FALSE,,FALSE
2026,1,"2026_01_TB_CIN","00-0037268","8384","McCoZy02","Zyon McCollum","DB","TB","CIN",0,56,0,0,,39,,"pass_play_personnel_share","UNRELIABLE_NON_ELIGIBLE_POSITION",0,39,0,0,0,143,0,,,0,17,0,,,0,0,0,0,0,0,0,0,0,7,3,0,0,0,0,0,0,0,0,0,0,7,1,0,0,FALSE,FALSE,-9.80357142857143,FALSE,,FALSE
2026,1,"2026_01_DAL_NYG","00-0037270","8331","OgboOt00","Otito Ogbonnia","DL","DAL","NYG",0,58,0,0,,41,,"pass_play_personnel_share","UNRELIABLE_NON_ELIGIBLE_POSITION",0,41,0,0,0,309,0,,,0,17,0,,,0,0,0,0,0,0,0,0,0,6,4,0,0,0,0,0,0,0,0,0,0,5,,0,,FALSE,FALSE,-8.68965517241379,FALSE,,FALSE
2026,1,"2026_01_CHI_CAR","00-0037271","8367","JackDM00","D'Marco Jackson","LB","CHI","CAR",0,75,0,0,,40,,"pass_play_personnel_share","UNRELIABLE_NON_ELIGIBLE_POSITION",0,40,0,0,0,319,0,,,0,35,0,,,0,0,0,0,0,0,0,0,0,7,10,0,0,0,0,0,0,0,0,0,0,4,1,0,0,FALSE,FALSE,3.50666666666667,FALSE,,FALSE
2026,1,"2026_01_DAL_NYG","00-0037275","8476","BlanDa00","DaRon Bland","DB","DAL","NYG",0,58,0,0,,41,,"pass_play_personnel_share","UNRELIABLE_NON_ELIGIBLE_POSITION",0,41,0,0,0,309,0,,,0,17,0,,,0,0,0,0,0,0,0,0,0,6,4,0,0,0,0,0,0,0,0,0,0,5,,0,,FALSE,FALSE,-8.68965517241379,FALSE,,FALSE
2026,1,"2026_01_DEN_KC","00-0037284","8486","AraiMa00","Matt Araiza","P","KC","DEN",0,66,0,0,,34,,"pass_play_personnel_share","UNRELIABLE_NON_ELIGIBLE_POSITION",0,34,0,0,0,133,0,,,0,32,0,,,0,0,0,0,0,0,0,0,0,7,4,0,0,0,0,0,0,0,0,0,0,3,4,0,0,FALSE,FALSE,6.83333333333333,FALSE,,FALSE
2026,1,"2026_01_BUF_HOU","00-0037288","8487","BenfCh00","Christian Benford","DB","BUF","HOU",0,56,0,0,,37,,"pass_play_personnel_share","UNRELIABLE_NON_ELIGIBLE_POSITION",0,37,0,0,0,383,0,,,0,19,0,,,0,0,0,0,0,0,0,0,0,6,3,0,0,0,0,0,0,0,0,0,0,5,2,0,0,FALSE,FALSE,-0.0178571428571427,FALSE,,FALSE
2026,1,"2026_01_NO_DET","00-0037289","8334","RodrMa00","Malcolm Rodriguez","LB","DET","NO",0,77,0,0,,41,,"pass_play_personnel_share","UNRELIABLE_NON_ELIGIBLE_POSITION",0,41,0,0,0,207,0,,,0,36,0,,,0,0,0,0,0,0,0,0,0,8,11,0,0,0,0,0,0,0,0,0,0,4,4,0,0,FALSE,FALSE,4.55844155844156,TRUE,,FALSE
2026,1,"2026_01_MIA_LV","00-0037291","8180","NailJa00","Jalen Nailor","WR","LV","MIA",41,65,0.6,0.630769230769231,,32,,"pass_play_personnel_share","PROXY_PERSONNEL_PRESENCE",5,32,0.15625,3,64,226,0.283185840707965,12.8,,0,33,0,,0.3125,0,0,0,0,0,0,0,0,0,8,4,0,0,1,0,1,0,0,0,0,0,2,4,0,0,TRUE,FALSE,7.52307692307692,FALSE,,FALSE
2026,1,"2026_01_BAL_IND","00-0037292","8489","OgleAn00","Drew Ogletree","TE","IND","BAL",6,54,0.11,0.111111111111111,,35,,"pass_play_personnel_share","PROXY_PERSONNEL_PRESENCE",1,35,0.0285714285714286,0,3,201,0.0149253731343284,3,,0,19,0,,0.166666666666667,0,0,0,0,0,0,0,0,0,3,5,0,0,0,0,0,0,0,0,0,0,6,2,0,0,TRUE,FALSE,-13.4259259259259,FALSE,,FALSE
2026,1,"2026_01_GB_MIN","00-0037301","8496","JackTh00","Theo Jackson","DB","MIN","GB",0,62,0,0,,34,,"pass_play_personnel_share","UNRELIABLE_NON_ELIGIBLE_POSITION",0,34,0,0,0,176,0,,,0,28,0,,,0,0,0,0,0,0,0,0,0,7,8,0,0,0,0,0,0,0,0,0,0,5,1,0,0,FALSE,FALSE,-5.9516129032258,FALSE,,FALSE
2026,1,"2026_01_MIA_LV","00-0037304","8181","HeywCo00","Connor Heyward","RB","LV","MIA",32,65,0.47,0.492307692307692,,32,,"pass_play_personnel_share","PROXY_PERSONNEL_PRESENCE",0,32,0,0,0,226,0,,,1,33,0.0303030303030303,0.032258064516129,,0,0,0,0,0,0,0,0,0,8,4,0,0,0,0,0,0,0,0,0,0,2,4,0,0,TRUE,FALSE,7.52307692307692,FALSE,,FALSE
2026,1,"2026_01_DAL_NYG","00-0037310","8494","HousJa01","James Houston","LB","DAL","NYG",0,58,0,0,,41,,"pass_play_personnel_share","UNRELIABLE_NON_ELIGIBLE_POSITION",0,41,0,0,0,309,0,,,0,17,0,,,0,0,0,0,0,0,0,0,0,6,4,0,0,0,0,0,0,0,0,0,0,5,,0,,FALSE,FALSE,-8.68965517241379,FALSE,,FALSE
2026,1,"2026_01_TB_CIN","00-0037311","8484","KiefKo00","Ko Kieft","TE","TB","CIN",1,56,0.02,0.0178571428571429,,39,,"pass_play_personnel_share","PROXY_PERSONNEL_PRESENCE",0,39,0,0,0,143,0,,,0,17,0,,0,0,0,0,0,0,0,0,0,0,7,3,0,0,0,0,0,0,0,0,0,0,7,1,0,0,TRUE,FALSE,-9.80357142857143,FALSE,,FALSE
2026,1,"2026_01_CLE_JAX","00-0037313","8305","BrowMo00","Montaric Brown","DB","JAX","CLE",0,54,0,0,,25,,"pass_play_personnel_share","UNRELIABLE_NON_ELIGIBLE_POSITION",0,25,0,0,0,242,0,,,0,29,0,,,0,0,0,0,0,0,0,0,0,2,1,0,0,0,0,0,0,0,0,0,0,3,3,0,0,FALSE,FALSE,16.3703703703704,FALSE,,FALSE
2026,1,"2026_01_ATL_PIT","00-0037317","8523","MuseNi00","Nick Muse","TE","ATL","PIT",5,60,0.08,0.0833333333333333,,28,,"pass_play_personnel_share","PROXY_PERSONNEL_PRESENCE",0,28,0,0,0,77,0,,,0,32,0,,0,0,0,0,0,0,0,0,0,0,0,0,,,0,0,0,0,0,0,0,0,4,3,0,0,TRUE,FALSE,-5.28333333333333,FALSE,,FALSE
2026,1,"2026_01_NE_SEA","00-0037323","8517","ThomRo07","Rodney Thomas II","DB","SEA","NE",0,49,0,0,,28,,"pass_play_personnel_share","UNRELIABLE_NON_ELIGIBLE_POSITION",0,28,0,0,0,154,0,,,0,21,0,,,0,0,0,0,0,0,0,0,0,5,2,0,0,0,0,0,0,0,0,0,0,3,4,0,0,FALSE,FALSE,-4.6734693877551,FALSE,,FALSE
2026,1,"2026_01_NO_DET","00-0037356","8850","StilBe00","Ben Stille","DL","DET","NO",0,77,0,0,,41,,"pass_play_personnel_share","UNRELIABLE_NON_ELIGIBLE_POSITION",0,41,0,0,0,207,0,,,0,36,0,,,0,0,0,0,0,0,0,0,0,8,11,0,0,0,0,0,0,0,0,0,0,4,4,0,0,FALSE,FALSE,4.55844155844156,TRUE,,FALSE
2026,1,"2026_01_CHI_CAR","00-0037380","8755","DaviKa02","Kaden Davis","WR","CHI","CAR",10,75,0.13,0.133333333333333,,40,,"pass_play_personnel_share","PROXY_PERSONNEL_PRESENCE",0,40,0,0,0,319,0,,,0,35,0,,0,0,0,0,0,0,0,0,0,0,7,10,0,0,0,0,0,0,0,0,0,0,4,1,0,0,TRUE,FALSE,3.50666666666667,FALSE,,FALSE
2026,1,"2026_01_DEN_KC","00-0037384","8752","McMiJa00","Ja'Quan McMillian","DB","DEN","KC",0,50,0,0,,35,,"pass_play_personnel_share","UNRELIABLE_NON_ELIGIBLE_POSITION",0,35,0,0,0,92,0,,,0,15,0,,,0,0,0,0,0,0,0,0,0,4,1,0,0,0,0,0,0,0,0,0,0,5,3,0,0,FALSE,FALSE,-9.24,FALSE,,FALSE
2026,1,"2026_01_BUF_HOU","00-0037457","8349","HansJa01","Jake Hansen","LB","HOU","BUF",0,79,0,0,,48,,"pass_play_personnel_share","UNRELIABLE_NON_ELIGIBLE_POSITION",0,48,0,0,0,322,0,,,0,31,0,,,0,0,0,0,0,0,0,0,0,6,5,0,0,0,0,0,0,0,0,0,0,8,1,0,0,FALSE,FALSE,-3.83544303797468,FALSE,,FALSE
2026,1,"2026_01_MIA_LV","00-0037461","8542","McCoTr00","Tristin McCollum","DB","LV","MIA",0,65,0,0,,32,,"pass_play_personnel_share","UNRELIABLE_NON_ELIGIBLE_POSITION",0,32,0,0,0,226,0,,,0,33,0,,,0,0,0,0,0,0,0,0,0,8,4,0,0,0,0,0,0,0,0,0,0,2,4,0,0,FALSE,FALSE,7.52307692307692,FALSE,,FALSE
2026,1,"2026_01_NO_DET","00-0037500","8528","WrigRy00","Ryan Wright","P","NO","DET",0,89,0,0,,66,,"pass_play_personnel_share","UNRELIABLE_NON_ELIGIBLE_POSITION",0,66,0,0,0,482,0,,,0,23,0,,,0,0,0,0,0,0,0,0,0,10,3,0,0,0,0,0,0,0,0,0,0,4,5,0,0,FALSE,FALSE,-8.50561797752809,TRUE,,FALSE
2026,1,"2026_01_MIA_LV","00-0037512","8838","PolaIs00","Isaiah Pola-Mao","DB","LV","MIA",0,65,0,0,,32,,"pass_play_personnel_share","UNRELIABLE_NON_ELIGIBLE_POSITION",0,32,0,0,0,226,0,,,0,33,0,,,0,0,0,0,0,0,0,0,0,8,4,0,0,0,0,0,0,0,0,0,0,2,4,0,0,FALSE,FALSE,7.52307692307692,FALSE,,FALSE
2026,1,"2026_01_NO_DET","00-0037524","8250","MartTa00","Tay Martin","WR","DET","NO",0,77,0,0,,41,,"pass_play_personnel_share","PROXY_PERSONNEL_PRESENCE",0,41,0,0,0,207,0,,,0,36,0,,0,0,0,0,0,0,0,0,0,0,8,11,0,0,0,0,0,0,0,0,0,0,4,4,0,0,FALSE,FALSE,4.55844155844156,TRUE,,FALSE
2026,1,"2026_01_GB_MIN","00-0037525","8408","MasoJo00","Jordan Mason","RB","MIN","GB",29,62,0.45,0.467741935483871,,34,,"pass_play_personnel_share","PROXY_PERSONNEL_PRESENCE",0,34,0,0,0,176,0,,,15,28,0.535714285714286,0.555555555555556,,0,0,0,0,4,0,2,1,0,7,8,0,0.5,0,0,0,1,0,0,0,0,5,1,0,0,TRUE,FALSE,-5.9516129032258,FALSE,,FALSE
2026,1,"2026_01_NYJ_TEN","00-0037526","8618","McCrMa01","Marcelino McCrary-Ball","LB","NYJ","TEN",0,64,0,0,,28,,"pass_play_personnel_share","UNRELIABLE_NON_ELIGIBLE_POSITION",0,28,0,0,0,168,0,,,0,36,0,,,0,0,0,0,0,0,0,0,0,2,5,0,0,0,0,0,0,0,0,0,0,,3,,0,FALSE,FALSE,7.65625,FALSE,,FALSE
2026,1,"2026_01_MIA_LV","00-0037527","8620","OlubSe00","Segun Olubi","LB","LV","MIA",0,65,0,0,,32,,"pass_play_personnel_share","UNRELIABLE_NON_ELIGIBLE_POSITION",0,32,0,0,0,226,0,,,0,33,0,,,0,0,0,0,0,0,0,0,0,8,4,0,0,0,0,0,0,0,0,0,0,2,4,0,0,FALSE,FALSE,7.52307692307692,FALSE,,FALSE
2026,1,"2026_01_NE_SEA","00-0037545","8676","ShahRa00","Rashid Shaheed","WR","SEA","NE",33,49,0.66,0.673469387755102,,28,,"pass_play_personnel_share","PROXY_PERSONNEL_PRESENCE",3,28,0.107142857142857,1,19,154,0.123376623376623,6.33333333333333,,0,21,0,,0.176470588235294,0,0,0,0,0,0,0,0,0,5,2,0,0,1,0,0,0,3,80,4,9,3,4,1,1,TRUE,TRUE,-4.6734693877551,FALSE,,FALSE
2026,1,"2026_01_GB_MIN","00-0037547","8674","WhelDa00","Daniel Whelan","P","GB","MIN",0,68,0,0,,46,,"pass_play_personnel_share","UNRELIABLE_NON_ELIGIBLE_POSITION",0,46,0,0,0,469,0,,,0,22,0,,,0,0,0,0,0,0,0,0,0,7,3,0,0,0,0,0,0,0,0,0,0,6,4,0,0,FALSE,FALSE,1.41176470588236,FALSE,,FALSE
2026,1,"2026_01_SF_LA","00-0037557","8195","RiveRo01","Ronnie Rivers","RB","LAR","SF",8,60,0.13,0.133333333333333,,33,,"pass_play_personnel_share","PROXY_PERSONNEL_PRESENCE",1,33,0.0303030303030303,1,2,255,0.00784313725490196,2,,5,27,0.185185185185185,0.192307692307692,,0,0,0,0,2,0,0,0,0,2,7,0,0.285714285714286,0,1,1,3,0,0,0,0,5,1,0,0,TRUE,FALSE,-9.48333333333334,FALSE,,FALSE
2026,1,"2026_01_DAL_NYG","00-0037561","8399","BellMa01","Markquese Bell","DB","DAL","NYG",0,58,0,0,,41,,"pass_play_personnel_share","UNRELIABLE_NON_ELIGIBLE_POSITION",0,41,0,0,0,309,0,,,0,17,0,,,0,0,0,0,0,0,0,0,0,6,4,0,0,0,0,0,0,0,0,0,0,5,,0,,FALSE,FALSE,-8.68965517241379,FALSE,,FALSE
2026,1,"2026_01_SF_LA","00-0037587","8659","LandNa01","Nate Landman","LB","LAR","SF",0,60,0,0,,33,,"pass_play_personnel_share","UNRELIABLE_NON_ELIGIBLE_POSITION",0,33,0,0,0,255,0,,,0,27,0,,,0,0,0,0,0,0,0,0,0,2,7,0,0,0,0,0,0,0,0,0,0,5,1,0,0,FALSE,FALSE,-9.48333333333334,FALSE,,FALSE
2026,1,"2026_01_NYJ_TEN","00-0037594","8254","ChesJu00","Julius Chestnut","RB","TEN","NYJ",0,50,0,0,,40,,"pass_play_personnel_share","PROXY_PERSONNEL_PRESENCE",0,40,0,0,0,190,0,,,0,10,0,0,,0,0,0,0,0,0,0,0,0,3,0,0,,0,0,0,0,0,0,0,0,3,1,0,0,FALSE,FALSE,-12.58,FALSE,,FALSE
2026,1,"2026_01_ARI_LAC","00-0037596","8680","GibbJa00","Jack Gibbens","LB","ARI","LAC",0,72,0,0,,42,,"pass_play_personnel_share","UNRELIABLE_NON_ELIGIBLE_POSITION",0,42,0,0,0,283,0,,,0,30,0,,,0,0,0,0,0,0,0,0,0,8,6,0,0,0,0,0,0,0,0,0,0,3,2,0,0,FALSE,FALSE,2.86111111111111,FALSE,,FALSE
2026,1,"2026_01_DAL_NYG","00-0037611","8355","ThibKa00","Kayvon Thibodeaux","LB","NYG","DAL",0,66,0,0,,33,,"pass_play_personnel_share","UNRELIABLE_NON_ELIGIBLE_POSITION",0,33,0,0,0,245,0,,,0,33,0,,,0,0,0,0,0,0,0,0,0,7,5,0,0,0,0,0,0,0,0,0,0,3,2,0,0,FALSE,FALSE,4.48484848484848,FALSE,,FALSE
2026,1,"2026_01_MIA_LV","00-0037615","8267","DeanNa00","Nakobe Dean","LB","LV","MIA",0,65,0,0,,32,,"pass_play_personnel_share","UNRELIABLE_NON_ELIGIBLE_POSITION",0,32,0,0,0,226,0,,,0,33,0,,,0,0,0,0,0,0,0,0,0,8,4,0,0,0,0,0,0,0,0,0,0,2,4,0,0,FALSE,FALSE,7.52307692307692,FALSE,,FALSE
2026,1,"2026_01_WAS_PHI","00-0037616","8392","CrosNi00","Nick Cross","DB","WAS","PHI",0,70,0,0,,41,,"pass_play_personnel_share","UNRELIABLE_NON_ELIGIBLE_POSITION",0,41,0,0,0,317,0,,,0,29,0,,,0,0,0,0,0,0,0,0,0,9,7,0,0,0,0,0,0,0,0,0,0,5,4,0,0,FALSE,FALSE,-5.57142857142857,FALSE,,FALSE
2026,1,"2026_01_BUF_HOU","00-0037633","8733","HummJa00","Jake Hummel","LB","HOU","BUF",0,79,0,0,,48,,"pass_play_personnel_share","UNRELIABLE_NON_ELIGIBLE_POSITION",0,48,0,0,0,322,0,,,0,31,0,,,0,0,0,0,0,0,0,0,0,6,5,0,0,0,0,0,0,0,0,0,0,8,1,0,0,FALSE,FALSE,-3.83544303797468,FALSE,,FALSE
2026,1,"2026_01_NYJ_TEN","00-0037663","8398","JohnJe07","Jermaine Johnson","LB","TEN","NYJ",0,50,0,0,,40,,"pass_play_personnel_share","UNRELIABLE_NON_ELIGIBLE_POSITION",0,40,0,0,0,190,0,,,0,10,0,,,0,0,0,0,0,0,0,0,0,3,0,0,,0,0,0,0,0,0,0,0,3,1,0,0,FALSE,FALSE,-12.58,FALSE,,FALSE
2026,1,"2026_01_BAL_IND","00-0037664","8142","PierAl00","Alec Pierce","WR","IND","BAL",32,54,0.59,0.592592592592593,,35,,"pass_play_personnel_share","PROXY_PERSONNEL_PRESENCE",6,35,0.171428571428571,4,103,201,0.512437810945274,17.1666666666667,,0,19,0,,0.333333333333333,0,0,0,1,0,0,0,0,0,3,5,0.333333333333333,0,2,0,0,0,0,0,0,0,6,2,0,0,TRUE,FALSE,-13.4259259259259,FALSE,,FALSE
2026,1,"2026_01_CLE_JAX","00-0037665","8368","WillSa00","Sam Williams","DL","CLE","JAX",0,51,0,0,,32,,"pass_play_personnel_share","UNRELIABLE_NON_ELIGIBLE_POSITION",0,32,0,0,0,228,0,,,0,19,0,,,0,0,0,0,0,0,0,0,0,4,3,0,0,0,0,0,0,0,0,0,0,6,2,0,0,FALSE,FALSE,-23.3529411764706,FALSE,,FALSE
2026,1,"2026_01_DAL_NYG","00-0037692","11533","AubrBr00","Brandon Aubrey","K","DAL","NYG",0,58,0,0,,41,,"pass_play_personnel_share","UNRELIABLE_NON_ELIGIBLE_POSITION",0,41,0,0,0,309,0,,,0,17,0,,,0,0,0,0,0,0,0,0,0,6,4,0,0,0,0,0,0,0,0,0,0,5,,0,,FALSE,FALSE,-8.68965517241379,FALSE,,FALSE
2026,1,"2026_01_NYJ_TEN","00-0037740","8146","WilsGa00","Garrett Wilson","WR","NYJ","TEN",50,64,0.75,0.78125,,28,,"pass_play_personnel_share","PROXY_PERSONNEL_PRESENCE",7,28,0.25,6,77,168,0.458333333333333,11,,0,36,0,,0.538461538461538,0,0,0,0,0,0,0,0,0,2,5,0,0,2,0,0,0,0,0,0,0,,3,,0,TRUE,FALSE,7.65625,FALSE,,FALSE
2026,1,"2026_01_ATL_PIT","00-0037741","8119","DotsJa00","Jahan Dotson","WR","ATL","PIT",38,60,0.63,0.633333333333333,,28,,"pass_play_personnel_share","PROXY_PERSONNEL_PRESENCE",3,28,0.107142857142857,1,52,77,0.675324675324675,17.3333333333333,,0,32,0,,0.375,0,0,0,0,0,0,0,0,0,0,0,,,1,0,0,0,0,0,0,0,4,3,0,0,TRUE,FALSE,-5.28333333333333,FALSE,,FALSE
2026,1,"2026_01_TB_CIN","00-0037743","8286","HillDa04","Daxton Hill","DB","CIN","TB",0,63,0,0,,38,,"pass_play_personnel_share","UNRELIABLE_NON_ELIGIBLE_POSITION",0,38,0,0,0,226,0,,,0,25,0,,,0,0,0,0,0,0,0,0,0,7,8,0,0,0,0,0,0,0,0,0,0,6,,0,,FALSE,FALSE,8.85714285714286,FALSE,,FALSE
2026,1,"2026_01_ARI_LAC","00-0037744","8130","McBrTr01","Trey McBride","TE","ARI","LAC",60,72,0.8,0.833333333333333,,42,,"pass_play_personnel_share","PROXY_PERSONNEL_PRESENCE",13,42,0.30952380952381,9,89,283,0.314487632508834,6.84615384615385,,0,30,0,,1,0,0,0,4,0,2,0,0,1,8,6,0.5,0,4,0,3,0,0,0,0,0,3,2,0,0,TRUE,FALSE,2.86111111111111,FALSE,,FALSE
2026,1,"2026_01_NE_SEA","00-0037745","8223","JoneVe00","Velus Jones","RB","SEA","NE",0,49,0,0,,28,,"pass_play_personnel_share","PROXY_PERSONNEL_PRESENCE",0,28,0,0,0,154,0,,,0,21,0,0,,0,0,0,0,0,0,0,0,0,5,2,0,0,0,0,0,0,0,0,0,0,3,4,0,0,FALSE,FALSE,-4.6734693877551,FALSE,,FALSE
2026,1,"2026_01_ATL_PIT","00-0037746","8154","RobiBr01","Brian Robinson","RB","ATL","PIT",15,60,0.25,0.25,,28,,"pass_play_personnel_share","PROXY_PERSONNEL_PRESENCE",0,28,0,0,0,77,0,,,9,32,0.28125,0.3,,0,0,0,0,0,0,0,0,0,0,0,,,0,0,0,0,2,64,0,0,4,3,0.5,0,TRUE,TRUE,-5.28333333333333,FALSE,,FALSE
2026,1,"2026_01_DEN_KC","00-0037752","8377","AndeTy00","Tycen Anderson","DB","DEN","KC",0,50,0,0,,35,,"pass_play_personnel_share","UNRELIABLE_NON_ELIGIBLE_POSITION",0,35,0,0,0,92,0,,,0,15,0,,,0,0,0,0,0,0,0,0,0,4,1,0,0,0,0,0,0,0,0,0,0,5,3,0,0,FALSE,FALSE,-9.24,FALSE,,FALSE
2026,1,"2026_01_NYJ_TEN","00-0037755","8219","WoodJe01","Jelani Woods","TE","NYJ","TEN",16,64,0.24,0.25,,28,,"pass_play_personnel_share","PROXY_PERSONNEL_PRESENCE",0,28,0,0,0,168,0,,,0,36,0,,0,0,0,0,0,0,0,0,0,0,2,5,0,0,0,0,0,0,0,0,0,0,,3,,0,TRUE,FALSE,7.65625,FALSE,,FALSE
2026,1,"2026_01_BAL_IND","00-0037756","8400","JoneTr00","Travis Jones","DL","BAL","IND",0,64,0,0,,32,,"pass_play_personnel_share","UNRELIABLE_NON_ELIGIBLE_POSITION",0,32,0,0,0,270,0,,,0,32,0,,,0,0,0,0,0,0,0,0,0,5,7,0,0,0,0,0,0,0,0,0,0,5,5,0,0,FALSE,FALSE,11.125,FALSE,,FALSE
2026,1,"2026_01_NYJ_TEN","00-0037758","8310","FlotCo00","Cordale Flott","DB","TEN","NYJ",0,50,0,0,,40,,"pass_play_personnel_share","UNRELIABLE_NON_ELIGIBLE_POSITION",0,40,0,0,0,190,0,,,0,10,0,,,0,0,0,0,0,0,0,0,0,3,0,0,,0,0,0,0,0,0,0,0,3,1,0,0,FALSE,FALSE,-12.58,FALSE,,FALSE
2026,1,"2026_01_DEN_KC","00-0037799","12427","TillDo00","Dondrea Tillman","LB","DEN","KC",0,50,0,0,,35,,"pass_play_personnel_share","UNRELIABLE_NON_ELIGIBLE_POSITION",0,35,0,0,0,92,0,,,0,15,0,,,0,0,0,0,0,0,0,0,0,4,1,0,0,0,0,0,0,0,0,0,0,5,3,0,0,FALSE,FALSE,-9.24,FALSE,,FALSE
2026,1,"2026_01_DAL_NYG","00-0037801","8917","TurpKa00","KaVontae Turpin","WR","DAL","NYG",8,58,0.14,0.137931034482759,,41,,"pass_play_personnel_share","PROXY_PERSONNEL_PRESENCE",1,41,0.024390243902439,1,1,309,0.00323624595469256,1,,0,17,0,,0.05,0,0,0,0,0,0,0,0,0,6,4,0,0,0,0,0,0,5,122,0,0,5,,1,,TRUE,TRUE,-8.68965517241379,FALSE,,FALSE
2026,1,"2026_01_NYJ_TEN","00-0037805","8145","RuckJe00","Jeremy Ruckert","TE","NYJ","TEN",29,64,0.43,0.453125,,28,,"pass_play_personnel_share","PROXY_PERSONNEL_PRESENCE",1,28,0.0357142857142857,1,1,168,0.00595238095238095,1,,0,36,0,,0.142857142857143,0,0,0,0,0,0,0,0,0,2,5,0,0,0,0,0,0,0,0,0,0,,3,,0,TRUE,FALSE,7.65625,FALSE,,FALSE
2026,1,"2026_01_WAS_PHI","00-0037809","8210","OkonCh00","Chigoziem Okonkwo","TE","WAS","PHI",39,70,0.56,0.557142857142857,,41,,"pass_play_personnel_share","PROXY_PERSONNEL_PRESENCE",3,41,0.0731707317073171,2,39,317,0.123028391167192,13,,0,29,0,,0.428571428571429,0,0,0,0,0,0,0,0,0,9,7,0,0,0,0,0,0,0,0,0,0,5,4,0,0,TRUE,FALSE,-5.57142857142857,FALSE,,FALSE
2026,1,"2026_01_ATL_PIT","00-0037815","8383","ThomCa03","Cameron Thomas","DL","ATL","PIT",0,60,0,0,,28,,"pass_play_personnel_share","UNRELIABLE_NON_ELIGIBLE_POSITION",0,28,0,0,0,77,0,,,0,32,0,,,0,0,0,0,0,0,0,0,0,0,0,,,0,0,0,0,0,0,0,0,4,3,0,0,FALSE,FALSE,-5.28333333333333,FALSE,,FALSE
2026,1,"2026_01_NE_SEA","00-0037816","8121","DoubRo00","Romeo Doubs","WR","NE","SEA",40,71,0.56,0.563380281690141,,44,,"pass_play_personnel_share","PROXY_PERSONNEL_PRESENCE",3,44,0.0681818181818182,0,75,221,0.339366515837104,25,,0,27,0,,0.157894736842105,0,0,0,0,0,0,0,0,0,2,0,0,,1,0,0,0,0,0,0,0,4,2,0,0,TRUE,FALSE,1.87323943661972,FALSE,,FALSE
2026,1,"2026_01_WAS_PHI","00-0037819","8362","ChenLe00","Leo Chenal","LB","WAS","PHI",0,70,0,0,,41,,"pass_play_personnel_share","UNRELIABLE_NON_ELIGIBLE_POSITION",0,41,0,0,0,317,0,,,0,29,0,,,0,0,0,0,0,0,0,0,0,9,7,0,0,0,0,0,0,0,0,0,0,5,4,0,0,FALSE,FALSE,-5.57142857142857,FALSE,,FALSE
2026,1,"2026_01_SF_LA","00-0037834","8183","PurdBr00","Brock Purdy","QB","SF","LAR",65,65,1,1,,37,,"pass_play_personnel_share","PROXY_PERSONNEL_PRESENCE",0,37,0,0,0,149,0,,,3,28,0.107142857142857,,,34,0,3,0,0,0,0,0,0,8,2,0,0,0,2,0,0,0,0,0,0,2,3,0,0,TRUE,FALSE,4.13846153846154,FALSE,,FALSE
2026,1,"2026_01_DAL_NYG","00-0037838","8131","LikeIs00","Isaiah Likely","TE","NYG","DAL",34,66,0.49,0.515151515151515,,33,,"pass_play_personnel_share","PROXY_PERSONNEL_PRESENCE",8,33,0.242424242424242,8,64,245,0.261224489795918,8,,0,33,0,,0.888888888888889,0,0,0,4,0,1,0,0,1,7,5,0.571428571428571,0,4,0,2,0,0,0,0,0,3,2,0,0,TRUE,FALSE,4.48484848484848,FALSE,,FALSE
2026,1,"2026_01_DAL_NYG","00-0037839","8381","DuraDe01","Decobie Durant","DB","DAL","NYG",0,58,0,0,,41,,"pass_play_personnel_share","UNRELIABLE_NON_ELIGIBLE_POSITION",0,41,0,0,0,309,0,,,0,17,0,,,0,0,0,0,0,0,0,0,0,6,4,0,0,0,0,0,0,0,0,0,0,5,,0,,FALSE,FALSE,-8.68965517241379,FALSE,,FALSE
2026,1,"2026_01_SF_LA","00-0037840","8150","WillKy02","Kyren Williams","RB","LAR","SF",39,60,0.64,0.65,,33,,"pass_play_personnel_share","PROXY_PERSONNEL_PRESENCE",3,33,0.0909090909090909,3,7,255,0.0274509803921569,2.33333333333333,,11,27,0.407407407407407,0.423076923076923,,0,0,0,0,4,0,3,2,0,2,7,0,0.571428571428571,0,1,0,0,0,0,0,0,5,1,0,0,TRUE,FALSE,-9.48333333333334,FALSE,,FALSE
2026,1,"2026_01_SF_LA","00-0037841","8330","LakeQu00","Quentin Lake","DB","LAR","SF",0,60,0,0,,33,,"pass_play_personnel_share","UNRELIABLE_NON_ELIGIBLE_POSITION",0,33,0,0,0,255,0,,,0,27,0,,,0,0,0,0,0,0,0,0,0,2,7,0,0,0,0,0,0,0,0,0,0,5,1,0,0,FALSE,FALSE,-9.48333333333334,FALSE,,FALSE
2026,1,"2026_01_CHI_CAR","00-0037843","8520","HardDa01","Daniel Hardy","DL","CHI","CAR",0,75,0,0,,40,,"pass_play_personnel_share","UNRELIABLE_NON_ELIGIBLE_POSITION",0,40,0,0,0,319,0,,,0,35,0,,,0,0,0,0,0,0,0,0,0,7,10,0,0,0,0,0,0,0,0,0,0,4,1,0,0,FALSE,FALSE,3.50666666666667,FALSE,,FALSE
2026,1,"2026_01_BAL_IND","00-0038038","8339","HamiKy00","Kyle Hamilton","DB","BAL","IND",0,64,0,0,,32,,"pass_play_personnel_share","UNRELIABLE_NON_ELIGIBLE_POSITION",0,32,0,0,0,270,0,,,0,32,0,,,0,0,0,0,0,0,0,0,0,5,7,0,0,0,0,0,0,0,0,0,0,5,5,0,0,FALSE,FALSE,11.125,FALSE,,FALSE
2026,1,"2026_01_SF_LA","00-0038039","8261","JoneJa10","Jack Jones","DB","SF","LAR",0,65,0,0,,37,,"pass_play_personnel_share","UNRELIABLE_NON_ELIGIBLE_POSITION",0,37,0,0,0,149,0,,,0,28,0,,,0,0,0,0,0,0,0,0,0,8,2,0,0,0,0,0,0,0,0,0,0,2,3,0,0,FALSE,FALSE,4.13846153846154,FALSE,,FALSE
2026,1,"2026_01_DAL_NYG","00-0038041","8110","FergJa00","Jake Ferguson","TE","DAL","NYG",44,58,0.76,0.758620689655172,,41,,"pass_play_personnel_share","PROXY_PERSONNEL_PRESENCE",2,41,0.048780487804878,2,6,309,0.0194174757281553,3,,0,17,0,,0.4,0,0,0,1,0,1,0,0,0,6,4,0.166666666666667,0,0,0,1,0,0,0,0,0,5,,0,,TRUE,FALSE,-8.68965517241379,FALSE,,FALSE
2026,1,"2026_01_ARI_LAC","00-0038046","8127","KolaCh00","Charlie Kolar","TE","LAC","ARI",30,55,0.55,0.545454545454545,,39,,"pass_play_personnel_share","PROXY_PERSONNEL_PRESENCE",0,39,0,0,0,273,0,,,0,16,0,,0,0,0,0,0,0,0,0,0,0,7,4,0,0,0,0,0,0,0,0,0,0,4,1,0,0,TRUE,FALSE,-5.67272727272727,FALSE,,FALSE
2026,1,"2026_01_GB_MIN","00-0038090","8168","MoorSk01","Skyy Moore","WR","GB","MIN",4,68,0.06,0.0588235294117647,,46,,"pass_play_personnel_share","PROXY_PERSONNEL_PRESENCE",1,46,0.0217391304347826,0,12,469,0.0255863539445629,12,,0,22,0,,0.0344827586206897,0,0,0,1,0,0,0,0,1,7,3,0.142857142857143,0,0,0,1,0,0,0,4,17,6,4,0,1,TRUE,TRUE,1.41176470588236,FALSE,,FALSE
2026,1,"2026_01_DAL_NYG","00-0038094","8467","StouJo00","Jordan Stout","P","NYG","DAL",0,66,0,0,,33,,"pass_play_personnel_share","UNRELIABLE_NON_ELIGIBLE_POSITION",0,33,0,0,0,245,0,,,0,33,0,,,0,0,0,0,0,0,0,0,0,7,5,0,0,0,0,0,0,0,0,0,0,3,2,0,0,FALSE,FALSE,4.48484848484848,FALSE,,FALSE
2026,1,"2026_01_WAS_PHI","00-0038100","8394","ButlPe00","Percy Butler","DB","WAS","PHI",0,70,0,0,,41,,"pass_play_personnel_share","UNRELIABLE_NON_ELIGIBLE_POSITION",0,41,0,0,0,317,0,,,0,29,0,,,0,0,0,0,0,0,0,0,0,9,7,0,0,0,0,0,0,0,0,0,0,5,4,0,0,FALSE,FALSE,-5.57142857142857,FALSE,,FALSE
2026,1,"2026_01_CHI_CAR","00-0038101","8389","EvanAk00","Akayleb Evans","DB","CAR","CHI",0,68,0,0,,46,,"pass_play_personnel_share","UNRELIABLE_NON_ELIGIBLE_POSITION",0,46,0,0,0,366,0,,,0,22,0,,,0,0,0,0,0,0,0,0,0,10,5,0,0,0,0,0,0,0,0,0,0,7,2,0,0,FALSE,FALSE,-9.88235294117648,FALSE,,FALSE
2026,1,"2026_01_CHI_CAR","00-0038102","8160","PickKe00","Kenny Pickett","QB","CAR","CHI",7,68,0.1,0.102941176470588,,46,,"pass_play_personnel_share","PROXY_PERSONNEL_PRESENCE",0,46,0,0,0,366,0,,,0,22,0,,,1,0,0,0,0,0,0,0,0,10,5,0,0,0,0,0,0,0,0,0,0,7,2,0,0,TRUE,FALSE,-9.88235294117648,FALSE,,FALSE
2026,1,"2026_01_DEN_KC","00-0038104","8188","ThorTy00","Tyquan Thornton","WR","KC","DEN",47,66,0.68,0.712121212121212,,34,,"pass_play_personnel_share","PROXY_PERSONNEL_PRESENCE",1,34,0.0294117647058824,0,36,133,0.270676691729323,36,,0,32,0,,0.1,0,0,0,0,0,0,0,0,0,7,4,0,0,0,0,0,0,0,0,0,0,3,4,0,0,TRUE,FALSE,6.83333333333333,FALSE,,FALSE
2026,1,"2026_01_DEN_KC","00-0038106","8347","UwazEy00","Eyioma Uwazurike","DL","DEN","KC",0,50,0,0,,35,,"pass_play_personnel_share","UNRELIABLE_NON_ELIGIBLE_POSITION",0,35,0,0,0,92,0,,,0,15,0,,,0,0,0,0,0,0,0,0,0,4,1,0,0,0,0,0,0,0,0,0,0,5,3,0,0,FALSE,FALSE,-9.24,FALSE,,FALSE
2026,1,"2026_01_BAL_IND","00-0038107","8316","ClemMi03","Micheal Clemons","DL","IND","BAL",0,54,0,0,,35,,"pass_play_personnel_share","UNRELIABLE_NON_ELIGIBLE_POSITION",0,35,0,0,0,201,0,,,0,19,0,,,0,0,0,0,0,0,0,0,0,3,5,0,0,0,0,0,0,0,0,0,0,6,2,0,0,FALSE,FALSE,-13.4259259259259,FALSE,,FALSE
2026,1,"2026_01_NYJ_TEN","00-0038115","8225","BellDa00","Daniel Bellinger","TE","TEN","NYJ",14,50,0.28,0.28,,40,,"pass_play_personnel_share","PROXY_PERSONNEL_PRESENCE",1,40,0.025,1,1,190,0.00526315789473684,1,,0,10,0,,0.166666666666667,0,0,0,0,0,0,0,0,0,3,0,0,,1,0,0,0,0,0,0,0,3,1,0,0,TRUE,FALSE,-12.58,FALSE,,FALSE
2026,1,"2026_01_WAS_PHI","00-0038116","8325","EbikAr00","Arnold Ebiketie","LB","PHI","WAS",0,53,0,0,,34,,"pass_play_personnel_share","UNRELIABLE_NON_ELIGIBLE_POSITION",0,34,0,0,0,225,0,,,0,19,0,,,0,0,0,0,0,0,0,0,0,3,4,0,0,0,0,0,0,0,0,0,0,3,5,0,0,FALSE,FALSE,1.83018867924528,FALSE,,FALSE
2026,1,"2026_01_NYJ_TEN","00-0038117","8126","RobiWa01","Wan'Dale Robinson","WR","TEN","NYJ",41,50,0.82,0.82,,40,,"pass_play_personnel_share","PROXY_PERSONNEL_PRESENCE",6,40,0.15,5,23,190,0.121052631578947,3.83333333333333,,0,10,0,,0.375,0,0,0,0,0,0,0,0,0,3,0,0,,1,0,1,0,0,0,0,0,3,1,0,0,TRUE,FALSE,-12.58,FALSE,,FALSE
2026,1,"2026_01_NYJ_TEN","00-0038120","8155","HallBr03","Breece Hall","RB","NYJ","TEN",39,64,0.58,0.609375,,28,,"pass_play_personnel_share","PROXY_PERSONNEL_PRESENCE",2,28,0.0714285714285714,2,3,168,0.0178571428571429,1.5,,22,36,0.611111111111111,0.6875,,0,0,0,0,4,0,2,2,0,2,5,0,0.8,0,2,0,0,0,0,0,0,,3,,0,TRUE,FALSE,7.65625,FALSE,,FALSE
2026,1,"2026_01_NYJ_TEN","00-0038121","8333","TaylAl01","Alontae Taylor","DB","TEN","NYJ",0,50,0,0,,40,,"pass_play_personnel_share","UNRELIABLE_NON_ELIGIBLE_POSITION",0,40,0,0,0,190,0,,,0,10,0,,,0,0,0,0,0,0,0,0,0,3,0,0,,0,0,0,0,0,0,0,0,3,1,0,0,FALSE,FALSE,-12.58,FALSE,,FALSE
2026,1,"2026_01_NYJ_TEN","00-0038123","8395","BeltDa00","Dane Belton","DB","NYJ","TEN",0,64,0,0,,28,,"pass_play_personnel_share","UNRELIABLE_NON_ELIGIBLE_POSITION",0,28,0,0,0,168,0,,,0,36,0,,,0,0,0,0,0,0,0,0,0,2,5,0,0,0,0,0,0,0,0,0,0,,3,,0,FALSE,FALSE,7.65625,FALSE,,FALSE
2026,1,"2026_01_GB_MIN","00-0038124","8167","WatsCh00","Christian Watson","WR","GB","MIN",52,68,0.76,0.764705882352941,,46,,"pass_play_personnel_share","PROXY_PERSONNEL_PRESENCE",8,46,0.173913043478261,6,127,469,0.270788912579957,15.875,,0,22,0,,0.275862068965517,0,0,0,1,0,1,0,0,1,7,3,0.142857142857143,0,2,0,3,0,0,0,0,0,6,4,0,0,TRUE,FALSE,1.41176470588236,FALSE,,FALSE
2026,1,"2026_01_NO_DET","00-0038125","8303","McCrRo01","Roger McCreary","DB","DET","NO",0,77,0,0,,41,,"pass_play_personnel_share","UNRELIABLE_NON_ELIGIBLE_POSITION",0,41,0,0,0,207,0,,,0,36,0,,,0,0,0,0,0,0,0,0,0,8,11,0,0,0,0,0,0,0,0,0,0,4,4,0,0,FALSE,FALSE,4.55844155844156,TRUE,,FALSE
2026,1,"2026_01_BUF_HOU","00-0038127","8360","HallLo00","Logan Hall","DL","HOU","BUF",0,79,0,0,,48,,"pass_play_personnel_share","UNRELIABLE_NON_ELIGIBLE_POSITION",0,48,0,0,0,322,0,,,0,31,0,,,0,0,0,0,0,0,0,0,0,6,5,0,0,0,0,0,0,0,0,0,0,8,1,0,0,FALSE,FALSE,-3.83544303797468,FALSE,,FALSE
2026,1,"2026_01_MIA_LV","00-0038128","8161","WillMa12","Malik Willis","QB","MIA","LV",56,55,1,1.01818181818182,,40,,"pass_play_personnel_share","PROXY_PERSONNEL_PRESENCE",0,40,0,0,0,309,0,,,1,15,0.0666666666666667,,,32,0,1,0,0,0,0,0,0,2,3,0,0,0,0,0,0,0,0,0,0,5,1,0,0,TRUE,FALSE,-10.4545454545455,FALSE,,FALSE
2026,1,"2026_01_TB_CIN","00-0038129","8111","OttoCa00","Cade Otton","TE","TB","CIN",56,56,0.98,1,,39,,"pass_play_personnel_share","PROXY_PERSONNEL_PRESENCE",5,39,0.128205128205128,3,32,143,0.223776223776224,6.4,,0,17,0,,1,0,0,0,2,0,0,0,0,0,7,3,0.285714285714286,0,0,0,1,0,0,0,0,0,7,1,0,0,TRUE,FALSE,-9.80357142857143,FALSE,,FALSE
2026,1,"2026_01_TB_CIN","00-0038133","8343","MafeBo00","Boye Mafe","DL","CIN","TB",0,63,0,0,,38,,"pass_play_personnel_share","UNRELIABLE_NON_ELIGIBLE_POSITION",0,38,0,0,0,226,0,,,0,25,0,,,0,0,0,0,0,0,0,0,0,7,8,0,0,0,0,0,0,0,0,0,0,6,,0,,FALSE,FALSE,8.85714285714286,FALSE,,FALSE
2026,1,"2026_01_DEN_KC","00-0038134","8151","WalkKe00","Kenneth Walker III","RB","KC","DEN",47,66,0.68,0.712121212121212,,34,,"pass_play_personnel_share","PROXY_PERSONNEL_PRESENCE",6,34,0.176470588235294,3,-2,133,-0.0150375939849624,-0.333333333333333,,23,32,0.71875,0.741935483870968,,0,0,0,1,3,1,2,1,0,7,4,0.142857142857143,0.75,1,4,0,0,0,0,0,0,3,4,0,0,TRUE,FALSE,6.83333333333333,FALSE,,FALSE
2026,1,"2026_01_ATL_PIT","00-0038135","8323","BrisJa01","Jaquan Brisker","DB","PIT","ATL",0,65,0,0,,47,,"pass_play_personnel_share","UNRELIABLE_NON_ELIGIBLE_POSITION",0,47,0,0,0,407,0,,,0,18,0,,,0,0,0,0,0,0,0,0,0,5,1,0,0,0,0,0,0,0,0,0,0,3,4,0,0,FALSE,FALSE,3.12307692307692,FALSE,,FALSE
2026,1,"2026_01_SF_LA","00-0038359","11168","SmitXa00","Xavier Smith","WR","LAR","SF",16,60,0.26,0.266666666666667,,33,,"pass_play_personnel_share","PROXY_PERSONNEL_PRESENCE",0,33,0,0,0,255,0,,,0,27,0,,0,0,0,0,0,0,0,0,0,0,2,7,0,0,0,0,0,0,1,25,1,11,5,1,0.2,1,TRUE,TRUE,-9.48333333333334,FALSE,,FALSE
2026,1,"2026_01_SF_LA","00-0038366",,"InglTa00","Tanner Ingle","DB","LAR","SF",0,60,0,0,,33,,"pass_play_personnel_share","UNRELIABLE_NON_ELIGIBLE_POSITION",0,33,0,0,0,255,0,,,0,27,0,,,0,0,0,0,0,0,0,0,0,2,7,0,0,0,0,0,0,0,0,0,0,5,1,0,0,FALSE,FALSE,-9.48333333333334,FALSE,,FALSE
2026,1,"2026_01_WAS_PHI","00-0038386","10888","CartJa05","Jalen Carter","DL","PHI","WAS",0,53,0,0,,34,,"pass_play_personnel_share","UNRELIABLE_NON_ELIGIBLE_POSITION",0,34,0,0,0,225,0,,,0,19,0,,,0,0,0,0,0,0,0,0,0,3,4,0,0,0,0,0,0,0,0,0,0,3,5,0,0,FALSE,FALSE,1.83018867924528,FALSE,,FALSE
2026,1,"2026_01_NO_DET","00-0038387","10952","WoodCo01","Colby Wooden","DL","NO","DET",0,89,0,0,,66,,"pass_play_personnel_share","UNRELIABLE_NON_ELIGIBLE_POSITION",0,66,0,0,0,482,0,,,0,23,0,,,0,0,0,0,0,0,0,0,0,10,3,0,0,0,0,0,0,0,0,0,0,4,5,0,0,FALSE,FALSE,-8.50561797752809,TRUE,,FALSE
2026,1,"2026_01_WAS_PHI","00-0038393","9486","WickDo00","Dontayvion Wicks","WR","PHI","WAS",50,53,0.91,0.943396226415094,,34,,"pass_play_personnel_share","PROXY_PERSONNEL_PRESENCE",4,34,0.117647058823529,2,79,225,0.351111111111111,19.75,,0,19,0,,0.285714285714286,0,0,0,1,0,1,0,0,1,3,4,0.333333333333333,0,2,0,0,0,0,0,0,0,3,5,0,0,TRUE,FALSE,1.83018867924528,FALSE,,FALSE
2026,1,"2026_01_GB_MIN","00-0038398","11009","BrooKa00","Karl Brooks","DL","GB","MIN",0,68,0,0,,46,,"pass_play_personnel_share","UNRELIABLE_NON_ELIGIBLE_POSITION",0,46,0,0,0,469,0,,,0,22,0,,,0,0,0,0,0,0,0,0,0,7,3,0,0,0,0,0,0,0,0,0,0,6,4,0,0,FALSE,FALSE,1.41176470588236,FALSE,,FALSE
2026,1,"2026_01_DAL_NYG","00-0038399","11000","BarnZa00","Zaire Barnes","LB","NYG","DAL",0,66,0,0,,33,,"pass_play_personnel_share","UNRELIABLE_NON_ELIGIBLE_POSITION",0,33,0,0,0,245,0,,,0,33,0,,,0,0,0,0,0,0,0,0,0,7,5,0,0,0,0,0,0,0,0,0,0,3,2,0,0,FALSE,FALSE,4.48484848484848,FALSE,,FALSE
2026,1,"2026_01_GB_MIN","00-0038408","11042","ValeCa00","Carrington Valentine","DB","GB","MIN",0,68,0,0,,46,,"pass_play_personnel_share","UNRELIABLE_NON_ELIGIBLE_POSITION",0,46,0,0,0,469,0,,,0,22,0,,,0,0,0,0,0,0,0,0,0,7,3,0,0,0,0,0,0,0,0,0,0,6,4,0,0,FALSE,FALSE,1.41176470588236,FALSE,,FALSE
2026,1,"2026_01_WAS_PHI","00-0038412","11030","OjomMo00","Moro Ojomo","DL","PHI","WAS",0,53,0,0,,34,,"pass_play_personnel_share","UNRELIABLE_NON_ELIGIBLE_POSITION",0,34,0,0,0,225,0,,,0,19,0,,,0,0,0,0,0,0,0,0,0,3,4,0,0,0,0,0,0,0,0,0,0,3,5,0,0,FALSE,FALSE,1.83018867924528,FALSE,,FALSE
2026,1,"2026_01_ARI_LAC","00-0038414","11022","WillKe07","Kendall Williamson","DB","LAC","ARI",0,55,0,0,,39,,"pass_play_personnel_share","UNRELIABLE_NON_ELIGIBLE_POSITION",0,39,0,0,0,273,0,,,0,16,0,,,0,0,0,0,0,0,0,0,0,7,4,0,0,0,0,0,0,0,0,0,0,4,1,0,0,FALSE,FALSE,-5.67272727272727,FALSE,,FALSE
2026,1,"2026_01_CLE_JAX","00-0038428","11261","SzmyAn00","Andre Szmyt","K","CLE","JAX",0,51,0,0,,32,,"pass_play_personnel_share","UNRELIABLE_NON_ELIGIBLE_POSITION",0,32,0,0,0,228,0,,,0,19,0,,,0,0,0,0,0,0,0,0,0,4,3,0,0,0,0,0,0,0,0,0,0,6,2,0,0,FALSE,FALSE,-23.3529411764706,FALSE,,FALSE
2026,1,"2026_01_ARI_LAC","00-0038454","9511","MitcKe01","Keaton Mitchell","RB","LAC","ARI",17,55,0.31,0.309090909090909,,39,,"pass_play_personnel_share","PROXY_PERSONNEL_PRESENCE",0,39,0,0,0,273,0,,,4,16,0.25,0.25,,0,0,0,0,2,0,1,0,0,7,4,0,0.5,0,0,0,0,2,47,0,0,4,1,0.5,0,TRUE,TRUE,-5.67272727272727,FALSE,,FALSE
2026,1,"2026_01_GB_MIN","00-0038463","11193","CoxxBr02","Brenton Cox","LB","GB","MIN",0,68,0,0,,46,,"pass_play_personnel_share","UNRELIABLE_NON_ELIGIBLE_POSITION",0,46,0,0,0,469,0,,,0,22,0,,,0,0,0,0,0,0,0,0,0,7,3,0,0,0,0,0,0,0,0,0,0,6,4,0,0,FALSE,FALSE,1.41176470588236,FALSE,,FALSE
2026,1,"2026_01_NE_SEA","00-0038488","11280","RussBr00","Brady Russell","RB","SEA","NE",17,49,0.34,0.346938775510204,,28,,"pass_play_personnel_share","PROXY_PERSONNEL_PRESENCE",2,28,0.0714285714285714,2,6,154,0.038961038961039,3,,0,21,0,0,,0,0,0,0,0,0,0,0,0,5,2,0,0,0,0,0,0,0,0,0,0,3,4,0,0,TRUE,FALSE,-4.6734693877551,FALSE,,FALSE
2026,1,"2026_01_DEN_KC","00-0038489","11273","VanSBe00","Ben VanSumeren","RB","KC","DEN",3,66,0.04,0.0454545454545455,,34,,"pass_play_personnel_share","PROXY_PERSONNEL_PRESENCE",0,34,0,0,0,133,0,,,0,32,0,0,,0,0,0,0,0,0,0,0,0,7,4,0,0,0,0,0,0,0,0,0,0,3,4,0,0,TRUE,FALSE,6.83333333333333,FALSE,,FALSE
2026,1,"2026_01_CHI_CAR","00-0038493","11305","CherCl00","Claudin Cherelus","LB","CAR","CHI",0,68,0,0,,46,,"pass_play_personnel_share","UNRELIABLE_NON_ELIGIBLE_POSITION",0,46,0,0,0,366,0,,,0,22,0,,,0,0,0,0,0,0,0,0,0,10,5,0,0,0,0,0,0,0,0,0,0,7,2,0,0,FALSE,FALSE,-9.88235294117648,FALSE,,FALSE
2026,1,"2026_01_WAS_PHI","00-0038498","11304","JenkEJ00","E.J. Jenkins","TE","PHI","WAS",1,53,0.02,0.0188679245283019,,34,,"pass_play_personnel_share","PROXY_PERSONNEL_PRESENCE",0,34,0,0,0,225,0,,,0,19,0,,0,0,0,0,0,0,0,0,0,0,3,4,0,0,0,0,0,0,0,0,0,0,3,5,0,0,TRUE,FALSE,1.83018867924528,FALSE,,FALSE
2026,1,"2026_01_BAL_IND","00-0038504","10935","SimpTr00","Trenton Simpson","LB","BAL","IND",0,64,0,0,,32,,"pass_play_personnel_share","UNRELIABLE_NON_ELIGIBLE_POSITION",0,32,0,0,0,270,0,,,0,32,0,,,0,0,0,0,0,0,0,0,0,5,7,0,0,0,0,0,0,0,0,0,0,5,5,0,0,FALSE,FALSE,11.125,FALSE,,FALSE
2026,1,"2026_01_BAL_IND","00-0038505","10944","RobiTa00","Tavius Robinson","LB","BAL","IND",0,64,0,0,,32,,"pass_play_personnel_share","UNRELIABLE_NON_ELIGIBLE_POSITION",0,32,0,0,0,270,0,,,0,32,0,,,0,0,0,0,0,0,0,0,0,5,7,0,0,0,0,0,0,0,0,0,0,5,5,0,0,FALSE,FALSE,11.125,FALSE,,FALSE
2026,1,"2026_01_NYJ_TEN","00-0038514","11319","JoneTr01","Truman Jones","DL","TEN","NYJ",0,50,0,0,,40,,"pass_play_personnel_share","UNRELIABLE_NON_ELIGIBLE_POSITION",0,40,0,0,0,190,0,,,0,10,0,,,0,0,0,0,0,0,0,0,0,3,0,0,,0,0,0,0,0,0,0,0,3,1,0,0,FALSE,FALSE,-12.58,FALSE,,FALSE
2026,1,"2026_01_DEN_KC","00-0038519","11320","RemiNi00","Nikko Remigio","WR","KC","DEN",0,66,0,0,,34,,"pass_play_personnel_share","PROXY_PERSONNEL_PRESENCE",0,34,0,0,0,133,0,,,0,32,0,,0,0,0,0,0,0,0,0,0,0,7,4,0,0,0,0,0,0,3,78,4,7,3,4,1,1,FALSE,TRUE,6.83333333333333,FALSE,,FALSE
2026,1,"2026_01_NO_DET","00-0038541","10889","WilsTy01","Tyree Wilson","LB","NO","DET",0,89,0,0,,66,,"pass_play_personnel_share","UNRELIABLE_NON_ELIGIBLE_POSITION",0,66,0,0,0,482,0,,,0,23,0,,,0,0,0,0,0,0,0,0,0,10,3,0,0,0,0,0,0,0,0,0,0,4,5,0,0,FALSE,FALSE,-8.50561797752809,TRUE,,FALSE
2026,1,"2026_01_ATL_PIT","00-0038542","9509","RobiBi01","Bijan Robinson","RB","ATL","PIT",46,60,0.77,0.766666666666667,,28,,"pass_play_personnel_share","PROXY_PERSONNEL_PRESENCE",10,28,0.357142857142857,8,-30,77,-0.38961038961039,-3,,21,32,0.65625,0.7,,0,0,0,0,0,0,0,0,0,0,0,,,3,4,1,0,0,0,0,0,4,3,0,0,TRUE,FALSE,-5.28333333333333,FALSE,,FALSE
2026,1,"2026_01_NE_SEA","00-0038543","9488","SmitJa06","Jaxon Smith-Njigba","WR","SEA","NE",45,49,0.9,0.918367346938776,,28,,"pass_play_personnel_share","PROXY_PERSONNEL_PRESENCE",11,28,0.392857142857143,8,76,154,0.493506493506494,6.90909090909091,,0,21,0,,0.647058823529412,0,0,0,3,0,2,0,0,1,5,2,0.6,0,4,0,1,0,0,0,0,0,3,4,0,0,TRUE,FALSE,-4.6734693877551,FALSE,,FALSE
2026,1,"2026_01_ARI_LAC","00-0038544","9754","JohnQu02","Quentin Johnston","WR","LAC","ARI",43,55,0.78,0.781818181818182,,39,,"pass_play_personnel_share","PROXY_PERSONNEL_PRESENCE",6,39,0.153846153846154,2,39,273,0.142857142857143,6.5,,0,16,0,,0.3,0,0,0,0,0,0,0,0,0,7,4,0,0,1,0,0,0,0,0,0,0,4,1,0,0,TRUE,FALSE,-5.67272727272727,FALSE,,FALSE
2026,1,"2026_01_TB_CIN","00-0038546","10875","MurpMy00","Myles Murphy","DL","CIN","TB",0,63,0,0,,38,,"pass_play_personnel_share","UNRELIABLE_NON_ELIGIBLE_POSITION",0,38,0,0,0,226,0,,,0,25,0,,,0,0,0,0,0,0,0,0,0,7,8,0,0,0,0,0,0,0,0,0,0,6,,0,,FALSE,FALSE,8.85714285714286,FALSE,,FALSE
2026,1,"2026_01_DAL_NYG","00-0038547","10871","SchoLu00","Luke Schoonmaker","TE","DAL","NYG",13,58,0.22,0.224137931034483,,41,,"pass_play_personnel_share","PROXY_PERSONNEL_PRESENCE",1,41,0.024390243902439,1,12,309,0.0388349514563107,12,,0,17,0,,0.2,0,0,0,0,0,0,0,0,0,6,4,0,0,0,0,0,0,0,0,0,0,5,,0,,TRUE,FALSE,-8.68965517241379,FALSE,,FALSE
2026,1,"2026_01_TB_CIN","00-0038549","10894","TurnDJ01","DJ Turner","DB","CIN","TB",0,63,0,0,,38,,"pass_play_personnel_share","UNRELIABLE_NON_ELIGIBLE_POSITION",0,38,0,0,0,226,0,,,0,25,0,,,0,0,0,0,0,0,0,0,0,7,8,0,0,0,0,0,0,0,0,0,0,6,,0,,FALSE,FALSE,8.85714285714286,FALSE,,FALSE
2026,1,"2026_01_NO_DET","00-0038551","9757","MillKe01","Kendre Miller","RB","NO","DET",26,89,0.29,0.292134831460674,,66,,"pass_play_personnel_share","PROXY_PERSONNEL_PRESENCE",0,66,0,0,0,482,0,,,9,23,0.391304347826087,0.45,,0,0,0,0,2,0,2,0,0,10,3,0,0.666666666666667,0,1,0,0,1,19,0,0,4,5,0.25,0,TRUE,TRUE,-8.50561797752809,TRUE,,FALSE
2026,1,"2026_01_DEN_KC","00-0038552","10930","MossRi00","Riley Moss","DB","DEN","KC",0,50,0,0,,35,,"pass_play_personnel_share","UNRELIABLE_NON_ELIGIBLE_POSITION",0,35,0,0,0,92,0,,,0,15,0,,,0,0,0,0,0,0,0,0,0,4,1,0,0,0,0,0,0,0,0,0,0,5,3,0,0,FALSE,FALSE,-9.24,FALSE,,FALSE
2026,1,"2026_01_ARI_LAC","00-0038553","10914","HenlDa00","Daiyan Henley","LB","LAC","ARI",0,55,0,0,,39,,"pass_play_personnel_share","UNRELIABLE_NON_ELIGIBLE_POSITION",0,39,0,0,0,273,0,,,0,16,0,,,0,0,0,0,0,0,0,0,0,7,4,0,0,0,0,0,0,0,0,0,0,4,1,0,0,FALSE,FALSE,-5.67272727272727,FALSE,,FALSE
2026,1,"2026_01_SF_LA","00-0038554","10936","BrowJi01","Ji'Ayir Brown","DB","SF","LAR",0,65,0,0,,37,,"pass_play_personnel_share","UNRELIABLE_NON_ELIGIBLE_POSITION",0,37,0,0,0,149,0,,,0,28,0,,,0,0,0,0,0,0,0,0,0,8,2,0,0,0,0,0,0,0,0,0,0,2,3,0,0,FALSE,FALSE,4.13846153846154,FALSE,,FALSE
2026,1,"2026_01_WAS_PHI","00-0038555","9225","BigsTa00","Tank Bigsby","RB","PHI","WAS",6,53,0.11,0.113207547169811,,34,,"pass_play_personnel_share","PROXY_PERSONNEL_PRESENCE",0,34,0,0,0,225,0,,,1,19,0.0526315789473684,0.0555555555555556,,0,0,0,0,1,0,0,0,0,3,4,0,0.25,0,0,0,0,2,50,0,0,3,5,0.666666666666667,0,TRUE,TRUE,1.83018867924528,FALSE,,FALSE
2026,1,"2026_01_DAL_NYG","00-0038556","10933","OverDe00","DeMarvion Overshown","LB","DAL","NYG",0,58,0,0,,41,,"pass_play_personnel_share","UNRELIABLE_NON_ELIGIBLE_POSITION",0,41,0,0,0,309,0,,,0,17,0,,,0,0,0,0,0,0,0,0,0,6,4,0,0,0,0,0,0,0,0,0,0,5,,0,,FALSE,FALSE,-8.68965517241379,FALSE,,FALSE
2026,1,"2026_01_BUF_HOU","00-0038557","10923","WillDo04","Dorian Williams","LB","BUF","HOU",0,56,0,0,,37,,"pass_play_personnel_share","UNRELIABLE_NON_ELIGIBLE_POSITION",0,37,0,0,0,383,0,,,0,19,0,,,0,0,0,0,0,0,0,0,0,6,3,0,0,0,0,0,0,0,0,0,0,5,2,0,0,FALSE,FALSE,-0.0178571428571427,FALSE,,FALSE
2026,1,"2026_01_ATL_PIT","00-0038558","9479","WashDa03","Darnell Washington","TE","PIT","ATL",43,65,0.64,0.661538461538462,,47,,"pass_play_personnel_share","PROXY_PERSONNEL_PRESENCE",2,47,0.0425531914893617,2,6,407,0.0147420147420147,3,,0,18,0,,0.285714285714286,0,0,0,0,0,0,0,0,0,5,1,0,0,1,0,0,0,0,0,0,0,3,4,0,0,TRUE,FALSE,3.12307692307692,FALSE,,FALSE
2026,1,"2026_01_ARI_LAC","00-0038559","10232","WilsMi02","Michael Wilson","WR","ARI","LAC",64,72,0.85,0.888888888888889,,42,,"pass_play_personnel_share","PROXY_PERSONNEL_PRESENCE",7,42,0.166666666666667,5,83,283,0.293286219081272,11.8571428571429,,0,30,0,,0.388888888888889,0,0,0,0,0,0,0,0,0,8,6,0,0,2,0,2,0,0,0,0,0,3,2,0,0,TRUE,FALSE,2.86111111111111,FALSE,,FALSE
2026,1,"2026_01_TB_CIN","00-0038560","10927","BattJo00","Jordan Battle","DB","CIN","TB",0,63,0,0,,38,,"pass_play_personnel_share","UNRELIABLE_NON_ELIGIBLE_POSITION",0,38,0,0,0,226,0,,,0,25,0,,,0,0,0,0,0,0,0,0,0,7,8,0,0,0,0,0,0,0,0,0,0,6,,0,,FALSE,FALSE,8.85714285714286,FALSE,,FALSE
2026,1,"2026_01_MIA_LV","00-0038563","10213","TuckTr00","Tre Tucker","WR","LV","MIA",48,65,0.71,0.738461538461539,,32,,"pass_play_personnel_share","PROXY_PERSONNEL_PRESENCE",4,32,0.125,2,50,226,0.221238938053097,12.5,,0,33,0,,0.25,0,0,0,1,0,1,0,0,0,8,4,0.125,0,1,0,0,0,0,0,0,0,2,4,0,0,TRUE,FALSE,7.52307692307692,FALSE,,FALSE
2026,1,"2026_01_NE_SEA","00-0038564","10210","LatuCa01","Cameron Latu","TE","NE","SEA",0,71,0,0,,44,,"pass_play_personnel_share","PROXY_PERSONNEL_PRESENCE",0,44,0,0,0,221,0,,,0,27,0,,0,0,0,0,0,0,0,0,0,0,2,0,0,,0,0,0,0,0,0,0,0,4,2,0,0,FALSE,FALSE,1.87323943661972,FALSE,,FALSE
2026,1,"2026_01_CLE_JAX","00-0038565","10918","BlacMe00","Mekhi Blackmon","DB","CLE","JAX",0,51,0,0,,32,,"pass_play_personnel_share","UNRELIABLE_NON_ELIGIBLE_POSITION",0,32,0,0,0,228,0,,,0,19,0,,,0,0,0,0,0,0,0,0,0,4,3,0,0,0,0,0,0,0,0,0,0,6,2,0,0,FALSE,FALSE,-23.3529411764706,FALSE,,FALSE
2026,1,"2026_01_ARI_LAC","00-0038567","10955","RylaCh00","Chad Ryland","K","ARI","LAC",0,72,0,0,,42,,"pass_play_personnel_share","UNRELIABLE_NON_ELIGIBLE_POSITION",0,42,0,0,0,283,0,,,0,30,0,,,0,0,0,0,0,0,0,0,0,8,6,0,0,0,0,0,0,0,0,0,0,3,2,0,0,FALSE,FALSE,2.86111111111111,FALSE,,FALSE
2026,1,"2026_01_CHI_CAR","00-0038568","10954","PhilCl00","Clark Phillips","DB","CHI","CAR",0,75,0,0,,40,,"pass_play_personnel_share","UNRELIABLE_NON_ELIGIBLE_POSITION",0,40,0,0,0,319,0,,,0,35,0,,,0,0,0,0,0,0,0,0,0,7,10,0,0,0,0,0,0,0,0,0,0,4,1,0,0,FALSE,FALSE,3.50666666666667,FALSE,,FALSE
2026,1,"2026_01_CLE_JAX","00-0038570","10947","MillVe00","Ventrell Miller","LB","JAX","CLE",0,54,0,0,,25,,"pass_play_personnel_share","UNRELIABLE_NON_ELIGIBLE_POSITION",0,25,0,0,0,242,0,,,0,29,0,,,0,0,0,0,0,0,0,0,0,2,1,0,0,0,0,0,0,0,0,0,0,3,3,0,0,FALSE,FALSE,16.3703703703704,FALSE,,FALSE
2026,1,"2026_01_ARI_LAC","00-0038573","10234","DaviDe02","Derius Davis","WR","LAC","ARI",10,55,0.18,0.181818181818182,,39,,"pass_play_personnel_share","PROXY_PERSONNEL_PRESENCE",1,39,0.0256410256410256,0,55,273,0.201465201465201,55,,0,16,0,,0.05,0,0,0,0,0,0,0,0,0,7,4,0,0,0,0,0,0,2,33,1,0,4,1,0.5,1,TRUE,TRUE,-5.67272727272727,FALSE,,FALSE
2026,1,"2026_01_CLE_JAX","00-0038574","10943","McGuIs00","Isaiah McGuire","DL","CLE","JAX",0,51,0,0,,32,,"pass_play_personnel_share","UNRELIABLE_NON_ELIGIBLE_POSITION",0,32,0,0,0,228,0,,,0,19,0,,,0,0,0,0,0,0,0,0,0,4,3,0,0,0,0,0,0,0,0,0,0,6,2,0,0,FALSE,FALSE,-23.3529411764706,FALSE,,FALSE
2026,1,"2026_01_ATL_PIT","00-0038577","10940","HerbNi00","Nick Herbig","LB","PIT","ATL",0,65,0,0,,47,,"pass_play_personnel_share","UNRELIABLE_NON_ELIGIBLE_POSITION",0,47,0,0,0,407,0,,,0,18,0,,,0,0,0,0,0,0,0,0,0,5,1,0,0,0,0,0,0,0,0,0,0,3,4,0,0,FALSE,FALSE,3.12307692307692,FALSE,,FALSE
2026,1,"2026_01_GB_MIN","00-0038578","10939","WardJa00","Jay Ward","DB","MIN","GB",0,62,0,0,,34,,"pass_play_personnel_share","UNRELIABLE_NON_ELIGIBLE_POSITION",0,34,0,0,0,176,0,,,0,28,0,,,0,0,0,0,0,0,0,0,0,7,8,0,0,0,0,0,0,0,0,0,0,5,1,0,0,FALSE,FALSE,-5.9516129032258,FALSE,,FALSE
2026,1,"2026_01_ATL_PIT","00-0038580","10992","AbduYa00","Yasir Abdullah","LB","ATL","PIT",0,60,0,0,,28,,"pass_play_personnel_share","UNRELIABLE_NON_ELIGIBLE_POSITION",0,28,0,0,0,77,0,,,0,32,0,,,0,0,0,0,0,0,0,0,0,0,0,,,0,0,0,0,0,0,0,0,4,3,0,0,FALSE,FALSE,-5.28333333333333,FALSE,,FALSE
2026,1,"2026_01_NO_DET","00-0038588","10985","HowdJo00","Jordan Howden","DB","NO","DET",0,89,0,0,,66,,"pass_play_personnel_share","UNRELIABLE_NON_ELIGIBLE_POSITION",0,66,0,0,0,482,0,,,0,23,0,,,0,0,0,0,0,0,0,0,0,10,3,0,0,0,0,0,0,0,0,0,0,4,5,0,0,FALSE,FALSE,-8.50561797752809,TRUE,,FALSE
2026,1,"2026_01_GB_MIN","00-0038589","10212","WhylJo01","Josh Whyle","TE","GB","MIN",11,68,0.16,0.161764705882353,,46,,"pass_play_personnel_share","PROXY_PERSONNEL_PRESENCE",0,46,0,0,0,469,0,,,0,22,0,,0,0,0,0,0,0,0,0,0,0,7,3,0,0,0,0,0,0,0,0,0,0,6,4,0,0,TRUE,FALSE,1.41176470588236,FALSE,,FALSE
2026,1,"2026_01_CLE_JAX","00-0038596","10974","JohnAn07","Antonio Johnson","DB","JAX","CLE",0,54,0,0,,25,,"pass_play_personnel_share","UNRELIABLE_NON_ELIGIBLE_POSITION",0,25,0,0,0,242,0,,,0,29,0,,,0,0,0,0,0,0,0,0,0,2,1,0,0,0,0,0,0,0,0,0,0,3,3,0,0,FALSE,FALSE,16.3703703703704,FALSE,,FALSE
2026,1,"2026_01_TB_CIN","00-0038597","9224","BrowCh10","Chase Brown","RB","CIN","TB",46,63,0.72,0.73015873015873,,38,,"pass_play_personnel_share","PROXY_PERSONNEL_PRESENCE",6,38,0.157894736842105,5,-12,226,-0.0530973451327434,-2,,16,25,0.64,0.761904761904762,,0,0,0,1,5,0,3,3,0,7,8,0.142857142857143,0.625,1,0,1,2,0,0,0,0,6,,0,,TRUE,FALSE,8.85714285714286,FALSE,,FALSE
2026,1,"2026_01_BUF_HOU","00-0038599","10970","TooTHe00","Henry To'oTo'o","LB","HOU","BUF",0,79,0,0,,48,,"pass_play_personnel_share","UNRELIABLE_NON_ELIGIBLE_POSITION",0,48,0,0,0,322,0,,,0,31,0,,,0,0,0,0,0,0,0,0,0,6,5,0,0,0,0,0,0,0,0,0,0,8,1,0,0,FALSE,FALSE,-3.83544303797468,FALSE,,FALSE
2026,1,"2026_01_MIA_LV","00-0038603","10966","BealRo00","Robert Beal","DL","MIA","LV",0,55,0,0,,40,,"pass_play_personnel_share","UNRELIABLE_NON_ELIGIBLE_POSITION",0,40,0,0,0,309,0,,,0,15,0,,,0,0,0,0,0,0,0,0,0,2,3,0,0,0,0,0,0,0,0,0,0,5,1,0,0,FALSE,FALSE,-10.4545454545455,FALSE,,FALSE
2026,1,"2026_01_DEN_KC","00-0038605","11011","SkinJL00","JL Skinner","DB","DEN","KC",0,50,0,0,,35,,"pass_play_personnel_share","UNRELIABLE_NON_ELIGIBLE_POSITION",0,35,0,0,0,92,0,,,0,15,0,,,0,0,0,0,0,0,0,0,0,4,1,0,0,0,0,0,0,0,0,0,0,5,3,0,0,FALSE,FALSE,-9.24,FALSE,,FALSE
2026,1,"2026_01_CLE_JAX","00-0038606","9487","WashPa01","Parker Washington","WR","JAX","CLE",35,54,0.61,0.648148148148148,,25,,"pass_play_personnel_share","PROXY_PERSONNEL_PRESENCE",6,25,0.24,5,102,242,0.421487603305785,17,,0,29,0,,0.428571428571429,0,0,0,0,0,0,0,0,0,2,1,0,0,2,0,0,0,0,0,3,-5,3,3,0,1,TRUE,TRUE,16.3703703703704,FALSE,,FALSE
2026,1,"2026_01_BUF_HOU","00-0038608","9504","BoutKa00","Kayshon Boutte","WR","HOU","BUF",36,79,0.46,0.455696202531646,,48,,"pass_play_personnel_share","PROXY_PERSONNEL_PRESENCE",2,48,0.0416666666666667,1,32,322,0.0993788819875776,16,,0,31,0,,0.0952380952380952,0,0,0,0,0,0,0,0,0,6,5,0,0,0,0,0,0,0,0,0,0,8,1,0,0,TRUE,FALSE,-3.83544303797468,FALSE,,FALSE
2026,1,"2026_01_CLE_JAX","00-0038611","10219","RodrCh00","Chris Rodriguez","RB","JAX","CLE",23,54,0.4,0.425925925925926,,25,,"pass_play_personnel_share","PROXY_PERSONNEL_PRESENCE",0,25,0,0,0,242,0,,,6,29,0.206896551724138,0.24,,0,0,0,0,1,0,1,0,0,2,1,0,1,0,2,0,0,0,0,0,0,3,3,0,0,TRUE,FALSE,16.3703703703704,FALSE,,FALSE
2026,1,"2026_01_CLE_JAX","00-0038616","11018","BrasCh00","Christian Braswell","DB","JAX","CLE",0,54,0,0,,25,,"pass_play_personnel_share","UNRELIABLE_NON_ELIGIBLE_POSITION",0,25,0,0,0,242,0,,,0,29,0,,,0,0,0,0,0,0,0,0,0,2,1,0,0,0,0,0,0,0,0,0,0,3,3,0,0,FALSE,FALSE,16.3703703703704,FALSE,,FALSE
2026,1,"2026_01_BUF_HOU","00-0038618","10218","HutcXa00","Xavier Hutchinson","WR","HOU","BUF",44,79,0.56,0.556962025316456,,48,,"pass_play_personnel_share","PROXY_PERSONNEL_PRESENCE",6,48,0.125,3,57,322,0.177018633540373,9.5,,0,31,0,,0.285714285714286,0,0,0,0,0,0,0,0,0,6,5,0,0,2,0,3,0,0,0,0,0,8,1,0,0,TRUE,FALSE,-3.83544303797468,FALSE,,FALSE
2026,1,"2026_01_TB_CIN","00-0038619","10226","IosiAn00","Andrei Iosivas","WR","CIN","TB",39,63,0.61,0.619047619047619,,38,,"pass_play_personnel_share","PROXY_PERSONNEL_PRESENCE",3,38,0.0789473684210526,2,15,226,0.0663716814159292,5,,0,25,0,,0.214285714285714,0,0,0,1,0,1,0,0,0,7,8,0.142857142857143,0,2,0,1,0,0,0,0,0,6,,0,,TRUE,FALSE,8.85714285714286,FALSE,,FALSE
2026,1,"2026_01_NYJ_TEN","00-0038620","11019","HallEr00","Erick Hallett","DB","TEN","NYJ",0,50,0,0,,40,,"pass_play_personnel_share","UNRELIABLE_NON_ELIGIBLE_POSITION",0,40,0,0,0,190,0,,,0,10,0,,,0,0,0,0,0,0,0,0,0,3,0,0,,0,0,0,0,0,0,0,0,3,1,0,0,FALSE,FALSE,-12.58,FALSE,,FALSE
2026,1,"2026_01_NE_SEA","00-0038621","9501","DougDe00","Demario Douglas","WR","NE","SEA",44,71,0.62,0.619718309859155,,44,,"pass_play_personnel_share","PROXY_PERSONNEL_PRESENCE",7,44,0.159090909090909,5,44,221,0.199095022624434,6.28571428571429,,0,27,0,,0.368421052631579,0,0,0,0,0,0,0,0,0,2,0,0,,3,0,2,0,0,0,0,0,4,2,0,0,TRUE,FALSE,1.87323943661972,FALSE,,FALSE
2026,1,"2026_01_ARI_LAC","00-0038623","11015","StilDa01","Dante Stills","DL","ARI","LAC",0,72,0,0,,42,,"pass_play_personnel_share","UNRELIABLE_NON_ELIGIBLE_POSITION",0,42,0,0,0,283,0,,,0,30,0,,,0,0,0,0,0,0,0,0,0,8,6,0,0,0,0,0,0,0,0,0,0,3,2,0,0,FALSE,FALSE,2.86111111111111,FALSE,,FALSE
2026,1,"2026_01_DAL_NYG","00-0038624","11006","SpeeAm00","Ameer Speed","DB","DAL","NYG",0,58,0,0,,41,,"pass_play_personnel_share","UNRELIABLE_NON_ELIGIBLE_POSITION",0,41,0,0,0,309,0,,,0,17,0,,,0,0,0,0,0,0,0,0,0,6,4,0,0,0,0,0,0,0,0,0,0,5,,0,,FALSE,FALSE,-8.68965517241379,FALSE,,FALSE
2026,1,"2026_01_DAL_NYG","00-0038625","11017","WintDe00","Dee Winters","LB","DAL","NYG",0,58,0,0,,41,,"pass_play_personnel_share","UNRELIABLE_NON_ELIGIBLE_POSITION",0,41,0,0,0,309,0,,,0,17,0,,,0,0,0,0,0,0,0,0,0,6,4,0,0,0,0,0,0,0,0,0,0,5,,0,,FALSE,FALSE,-8.68965517241379,FALSE,,FALSE
2026,1,"2026_01_ATL_PIT","00-0038628","11050","HellDe00","DeMarcco Hellams","DB","ATL","PIT",0,60,0,0,,28,,"pass_play_personnel_share","UNRELIABLE_NON_ELIGIBLE_POSITION",0,28,0,0,0,77,0,,,0,32,0,,,0,0,0,0,0,0,0,0,0,0,0,,,0,0,0,0,0,0,0,0,4,3,0,0,FALSE,FALSE,-5.28333333333333,FALSE,,FALSE
2026,1,"2026_01_ARI_LAC","00-0038640","11034","BrooJa03","Jalen Brooks","WR","ARI","LAC",4,72,0.05,0.0555555555555556,,42,,"pass_play_personnel_share","PROXY_PERSONNEL_PRESENCE",0,42,0,0,0,283,0,,,0,30,0,,0,0,0,0,0,0,0,0,0,0,8,6,0,0,0,0,0,0,0,0,0,0,3,2,0,0,TRUE,FALSE,2.86111111111111,FALSE,,FALSE
2026,1,"2026_01_TB_CIN","00-0038642","11032","IveyDJ00","DJ Ivey","DB","CIN","TB",0,63,0,0,,38,,"pass_play_personnel_share","UNRELIABLE_NON_ELIGIBLE_POSITION",0,38,0,0,0,226,0,,,0,25,0,,,0,0,0,0,0,0,0,0,0,7,8,0,0,0,0,0,0,0,0,0,0,6,,0,,FALSE,FALSE,8.85714285714286,FALSE,,FALSE
2026,1,"2026_01_NE_SEA","00-0038653","11338","DurdCo00","Cory Durden","DL","NE","SEA",0,71,0,0,,44,,"pass_play_personnel_share","UNRELIABLE_NON_ELIGIBLE_POSITION",0,44,0,0,0,221,0,,,0,27,0,,,0,0,0,0,0,0,0,0,0,2,0,0,,0,0,0,0,0,0,0,0,4,2,0,0,FALSE,FALSE,1.87323943661972,FALSE,,FALSE
2026,1,"2026_01_NO_DET","00-0038660","11348","NowaTr00","Trevor Nowaske","LB","DET","NO",0,77,0,0,,41,,"pass_play_personnel_share","UNRELIABLE_NON_ELIGIBLE_POSITION",0,41,0,0,0,207,0,,,0,36,0,,,0,0,0,0,0,0,0,0,0,8,11,0,0,0,0,0,0,0,0,0,0,4,4,0,0,FALSE,FALSE,4.55844155844156,TRUE,,FALSE
2026,1,"2026_01_GB_MIN","00-0038685","11370","BrooCh00","Chris Brooks","RB","GB","MIN",38,68,0.56,0.558823529411765,,46,,"pass_play_personnel_share","PROXY_PERSONNEL_PRESENCE",1,46,0.0217391304347826,0,-6,469,-0.0127931769722814,-6,,7,22,0.318181818181818,0.35,,0,0,0,0,1,0,1,0,0,7,3,0,0.333333333333333,0,1,0,2,0,0,0,0,6,4,0,0,TRUE,FALSE,1.41176470588236,FALSE,,FALSE
2026,1,"2026_01_NE_SEA","00-0038694","11396","PiliBr00","Brandon Pili","DL","SEA","NE",0,49,0,0,,28,,"pass_play_personnel_share","UNRELIABLE_NON_ELIGIBLE_POSITION",0,28,0,0,0,154,0,,,0,21,0,,,0,0,0,0,0,0,0,0,0,5,2,0,0,0,0,0,0,0,0,0,0,3,4,0,0,FALSE,FALSE,-4.6734693877551,FALSE,,FALSE
2026,1,"2026_01_DAL_NYG","00-0038705","11199","DemeEm00","Emari Demercado","RB","DAL","NYG",5,58,0.09,0.0862068965517241,,41,,"pass_play_personnel_share","PROXY_PERSONNEL_PRESENCE",0,41,0,0,0,309,0,,,2,17,0.117647058823529,0.133333333333333,,0,0,0,0,1,0,0,0,0,6,4,0,0.25,0,0,0,0,0,0,0,0,5,,0,,TRUE,FALSE,-8.68965517241379,FALSE,,FALSE
2026,1,"2026_01_CLE_JAX","00-0038710","11201","WhitBl01","Blake Whiteheart","TE","CLE","JAX",20,51,0.39,0.392156862745098,,32,,"pass_play_personnel_share","PROXY_PERSONNEL_PRESENCE",1,32,0.03125,1,6,228,0.0263157894736842,6,,0,19,0,,0.25,0,0,0,0,0,0,0,0,0,4,3,0,0,0,0,0,0,0,0,0,0,6,2,0,0,TRUE,FALSE,-23.3529411764706,FALSE,,FALSE
2026,1,"2026_01_NYJ_TEN","00-0038711","11350","DiabMo00","Mohamoud Diabate","LB","TEN","NYJ",0,50,0,0,,40,,"pass_play_personnel_share","UNRELIABLE_NON_ELIGIBLE_POSITION",0,40,0,0,0,190,0,,,0,10,0,,,0,0,0,0,0,0,0,0,0,3,0,0,,0,0,0,0,0,0,0,0,3,1,0,0,FALSE,FALSE,-12.58,FALSE,,FALSE
2026,1,"2026_01_CLE_JAX","00-0038715","11352","HickRo00","Ronnie Hickman","DB","CLE","JAX",0,51,0,0,,32,,"pass_play_personnel_share","UNRELIABLE_NON_ELIGIBLE_POSITION",0,32,0,0,0,228,0,,,0,19,0,,,0,0,0,0,0,0,0,0,0,4,3,0,0,0,0,0,0,0,0,0,0,6,2,0,0,FALSE,FALSE,-23.3529411764706,FALSE,,FALSE
2026,1,"2026_01_BUF_HOU","00-0038728","11056","WaynJa01","Jared Wayne","WR","HOU","BUF",25,79,0.32,0.316455696202532,,48,,"pass_play_personnel_share","PROXY_PERSONNEL_PRESENCE",1,48,0.0208333333333333,1,12,322,0.0372670807453416,12,,0,31,0,,0.0476190476190476,0,0,0,1,0,0,0,0,0,6,5,0.166666666666667,0,0,0,0,0,0,0,0,0,8,1,0,0,TRUE,FALSE,-3.83544303797468,FALSE,,FALSE
2026,1,"2026_01_DAL_NYG","00-0038738","11510","LuepHu00","Hunter Luepke","RB","DAL","NYG",15,58,0.26,0.258620689655172,,41,,"pass_play_personnel_share","PROXY_PERSONNEL_PRESENCE",0,41,0,0,0,309,0,,,1,17,0.0588235294117647,0.0666666666666667,,0,0,0,0,0,0,0,0,0,6,4,0,0,0,1,0,1,0,0,0,0,5,,0,,TRUE,FALSE,-8.68965517241379,FALSE,,FALSE
2026,1,"2026_01_NE_SEA","00-0038764","11230","OConPa01","Patrick O'Connell","LB","SEA","NE",0,49,0,0,,28,,"pass_play_personnel_share","UNRELIABLE_NON_ELIGIBLE_POSITION",0,28,0,0,0,154,0,,,0,21,0,,,0,0,0,0,0,0,0,0,0,5,2,0,0,0,0,0,0,0,0,0,0,3,4,0,0,FALSE,FALSE,-4.6734693877551,FALSE,,FALSE
2026,1,"2026_01_GB_MIN","00-0038778","11328","RedmJa01","Jalen Redmond","DL","MIN","GB",0,62,0,0,,34,,"pass_play_personnel_share","UNRELIABLE_NON_ELIGIBLE_POSITION",0,34,0,0,0,176,0,,,0,28,0,,,0,0,0,0,0,0,0,0,0,7,8,0,0,0,0,0,0,0,0,0,0,5,1,0,0,FALSE,FALSE,-5.9516129032258,FALSE,,FALSE
2026,1,"2026_01_ARI_LAC","00-0038782","11336","LeotEk00","Eku Leota","LB","ARI","LAC",0,72,0,0,,42,,"pass_play_personnel_share","UNRELIABLE_NON_ELIGIBLE_POSITION",0,42,0,0,0,283,0,,,0,30,0,,,0,0,0,0,0,0,0,0,0,8,6,0,0,0,0,0,0,0,0,0,0,3,2,0,0,FALSE,FALSE,2.86111111111111,FALSE,,FALSE
2026,1,"2026_01_DEN_KC","00-0038783","11433","AdkiNa00","Nate Adkins","TE","DEN","KC",13,50,0.25,0.26,,35,,"pass_play_personnel_share","PROXY_PERSONNEL_PRESENCE",0,35,0,0,0,92,0,,,0,15,0,,0,0,0,0,0,0,0,0,0,0,4,1,0,0,0,0,0,0,0,0,0,0,5,3,0,0,TRUE,FALSE,-9.24,FALSE,,FALSE
2026,1,"2026_01_CHI_CAR","00-0038791","11441","IncoTh00","Thomas Incoom","LB","CAR","CHI",0,68,0,0,,46,,"pass_play_personnel_share","UNRELIABLE_NON_ELIGIBLE_POSITION",0,46,0,0,0,366,0,,,0,22,0,,,0,0,0,0,0,0,0,0,0,10,5,0,0,0,0,0,0,0,0,0,0,7,2,0,0,FALSE,FALSE,-9.88235294117648,FALSE,,FALSE
2026,1,"2026_01_NE_SEA","00-0038797","11435","WilsEm00","Emanuel Wilson","RB","SEA","NE",3,49,0.06,0.0612244897959184,,28,,"pass_play_personnel_share","PROXY_PERSONNEL_PRESENCE",0,28,0,0,0,154,0,,,2,21,0.0952380952380952,0.1,,0,0,0,0,0,0,0,0,0,5,2,0,0,0,1,0,0,0,0,0,0,3,4,0,0,TRUE,FALSE,-4.6734693877551,FALSE,,FALSE
2026,1,"2026_01_GB_MIN","00-0038807","11086","PaceIv00","Ivan Pace","LB","MIN","GB",0,62,0,0,,34,,"pass_play_personnel_share","UNRELIABLE_NON_ELIGIBLE_POSITION",0,34,0,0,0,176,0,,,0,28,0,,,0,0,0,0,0,0,0,0,0,7,8,0,0,0,0,0,0,0,0,0,0,5,1,0,0,FALSE,FALSE,-5.9516129032258,FALSE,,FALSE
2026,1,"2026_01_MIA_LV","00-0038824","11421","MillRy01","Ryan Miller","WR","MIA","LV",0,55,0,0,,40,,"pass_play_personnel_share","PROXY_PERSONNEL_PRESENCE",0,40,0,0,0,309,0,,,0,15,0,,0,0,0,0,0,0,0,0,0,0,2,3,0,0,0,0,0,0,0,0,0,0,5,1,0,0,FALSE,FALSE,-10.4545454545455,FALSE,,FALSE
2026,1,"2026_01_CHI_CAR","00-0038840","11157","TremBr00","Brycen Tremayne","WR","CAR","CHI",12,68,0.18,0.176470588235294,,46,,"pass_play_personnel_share","PROXY_PERSONNEL_PRESENCE",0,46,0,0,0,366,0,,,0,22,0,,0,0,0,0,0,0,0,0,0,0,10,5,0,0,0,0,0,0,0,0,0,0,7,2,0,0,TRUE,FALSE,-9.88235294117648,FALSE,,FALSE
2026,1,"2026_01_NO_DET","00-0038896","11237","SaylJa00","Jacob Saylors","RB","DET","NO",0,77,0,0,,41,,"pass_play_personnel_share","PROXY_PERSONNEL_PRESENCE",0,41,0,0,0,207,0,,,0,36,0,0,,0,0,0,0,0,0,0,0,0,8,11,0,0,0,0,0,0,2,25,0,0,4,4,0.5,0,FALSE,TRUE,4.55844155844156,TRUE,,FALSE
2026,1,"2026_01_NE_SEA","00-0038922","11470","ThomDr00","Drake Thomas","LB","SEA","NE",0,49,0,0,,28,,"pass_play_personnel_share","UNRELIABLE_NON_ELIGIBLE_POSITION",0,28,0,0,0,154,0,,,0,21,0,,,0,0,0,0,0,0,0,0,0,5,2,0,0,0,0,0,0,0,0,0,0,3,4,0,0,FALSE,FALSE,-4.6734693877551,FALSE,,FALSE
2026,1,"2026_01_BUF_HOU","00-0038933","10236","KincDa00","Dalton Kincaid","TE","BUF","HOU",42,56,0.72,0.75,,37,,"pass_play_personnel_share","PROXY_PERSONNEL_PRESENCE",6,37,0.162162162162162,5,98,383,0.255874673629243,16.3333333333333,,0,19,0,,0.857142857142857,0,0,0,0,0,0,0,0,0,6,3,0,0,1,0,1,0,0,0,0,0,5,2,0,0,TRUE,FALSE,-0.0178571428571427,FALSE,,FALSE
2026,1,"2026_01_CLE_JAX","00-0038935","9480","StraBr00","Brenton Strange","TE","JAX","CLE",39,54,0.68,0.722222222222222,,25,,"pass_play_personnel_share","PROXY_PERSONNEL_PRESENCE",3,25,0.12,2,34,242,0.140495867768595,11.3333333333333,,0,29,0,,0.6,0,0,0,1,0,0,0,0,1,2,1,0.5,0,0,0,0,0,0,0,0,0,3,3,0,0,TRUE,FALSE,16.3703703703704,FALSE,,FALSE
2026,1,"2026_01_NO_DET","00-0038940","10941","LacyTy00","Tyler Lacy","DL","DET","NO",0,77,0,0,,41,,"pass_play_personnel_share","UNRELIABLE_NON_ELIGIBLE_POSITION",0,41,0,0,0,207,0,,,0,36,0,,,0,0,0,0,0,0,0,0,0,8,11,0,0,0,0,0,0,0,0,0,0,4,4,0,0,FALSE,FALSE,4.55844155844156,TRUE,,FALSE
2026,1,"2026_01_DEN_KC","00-0038976","9494","MimsMa00","Marvin Mims","WR","DEN","KC",9,50,0.18,0.18,,35,,"pass_play_personnel_share","PROXY_PERSONNEL_PRESENCE",0,35,0,0,0,92,0,,,0,15,0,,0,0,0,0,0,0,0,0,0,0,4,1,0,0,0,0,0,0,0,0,2,36,5,3,0,0.666666666666667,TRUE,TRUE,-9.24,FALSE,,FALSE
2026,1,"2026_01_WAS_PHI","00-0038978","10925","YounBy00","Byron Young","DL","PHI","WAS",0,53,0,0,,34,,"pass_play_personnel_share","UNRELIABLE_NON_ELIGIBLE_POSITION",0,34,0,0,0,225,0,,,0,19,0,,,0,0,0,0,0,0,0,0,0,3,4,0,0,0,0,0,0,0,0,0,0,3,5,0,0,FALSE,FALSE,1.83018867924528,FALSE,,FALSE
2026,1,"2026_01_ARI_LAC","00-0038984","11014","ClarKe02","Kei'Trel Clark","DB","ARI","LAC",0,72,0,0,,42,,"pass_play_personnel_share","UNRELIABLE_NON_ELIGIBLE_POSITION",0,42,0,0,0,283,0,,,0,30,0,,,0,0,0,0,0,0,0,0,0,8,6,0,0,0,0,0,0,0,0,0,0,3,2,0,0,FALSE,FALSE,2.86111111111111,FALSE,,FALSE
2026,1,"2026_01_GB_MIN","00-0038994","9756","AddiJo00","Jordan Addison","WR","MIN","GB",54,62,0.83,0.870967741935484,,34,,"pass_play_personnel_share","PROXY_PERSONNEL_PRESENCE",2,34,0.0588235294117647,0,27,176,0.153409090909091,13.5,,0,28,0,,0.153846153846154,0,0,0,1,0,0,0,0,0,7,8,0.142857142857143,0,2,0,0,0,0,0,0,0,5,1,0,0,TRUE,FALSE,-5.9516129032258,FALSE,,FALSE
2026,1,"2026_01_GB_MIN","00-0038996","9484","KrafTu00","Tucker Kraft","TE","GB","MIN",45,68,0.66,0.661764705882353,,46,,"pass_play_personnel_share","PROXY_PERSONNEL_PRESENCE",6,46,0.130434782608696,3,82,469,0.174840085287846,13.6666666666667,,0,22,0,,0.666666666666667,0,0,0,0,0,0,0,0,0,7,3,0,0,0,0,1,0,0,0,0,0,6,4,0,0,TRUE,FALSE,1.41176470588236,FALSE,,FALSE
2026,1,"2026_01_BAL_IND","00-0038997","9500","DownJo00","Josh Downs","WR","IND","BAL",48,54,0.89,0.888888888888889,,35,,"pass_play_personnel_share","PROXY_PERSONNEL_PRESENCE",4,35,0.114285714285714,2,36,201,0.17910447761194,9,,0,19,0,,0.222222222222222,0,0,0,0,0,0,0,0,0,3,5,0,0,2,0,0,0,0,0,2,0,6,2,0,1,TRUE,TRUE,-13.4259259259259,FALSE,,FALSE
2026,1,"2026_01_DAL_NYG","00-0039000","10878","BankDe00","Deonte Banks","DB","NYG","DAL",0,66,0,0,,33,,"pass_play_personnel_share","UNRELIABLE_NON_ELIGIBLE_POSITION",0,33,0,0,0,245,0,,,0,33,0,,,0,0,0,0,0,0,0,0,0,7,5,0,0,0,0,0,0,2,37,0,0,3,2,0.666666666666667,0,FALSE,TRUE,4.48484848484848,FALSE,,FALSE
2026,1,"2026_01_ATL_PIT","00-0039002","10919","BrowSy00","Sydney Brown","DB","ATL","PIT",0,60,0,0,,28,,"pass_play_personnel_share","UNRELIABLE_NON_ELIGIBLE_POSITION",0,28,0,0,0,77,0,,,0,32,0,,,0,0,0,0,0,0,0,0,0,0,0,,,0,0,0,0,0,0,0,0,4,3,0,0,FALSE,FALSE,-5.28333333333333,FALSE,,FALSE
2026,1,"2026_01_DEN_KC","00-0039006","10872","AnudFe00","Felix Anudike-Uzomah","DL","KC","DEN",0,66,0,0,,34,,"pass_play_personnel_share","UNRELIABLE_NON_ELIGIBLE_POSITION",0,34,0,0,0,133,0,,,0,32,0,,,0,0,0,0,0,0,0,0,0,7,4,0,0,0,0,0,0,0,0,0,0,3,4,0,0,FALSE,FALSE,6.83333333333333,FALSE,,FALSE
2026,1,"2026_01_WAS_PHI","00-0039013","10873","SmitNo02","Nolan Smith","LB","PHI","WAS",0,53,0,0,,34,,"pass_play_personnel_share","UNRELIABLE_NON_ELIGIBLE_POSITION",0,34,0,0,0,225,0,,,0,19,0,,,0,0,0,0,0,0,0,0,0,3,4,0,0,0,0,0,0,0,0,0,0,3,5,0,0,FALSE,FALSE,1.83018867924528,FALSE,,FALSE
2026,1,"2026_01_NO_DET","00-0039018","10880","CampJa04","Jack Campbell","LB","DET","NO",0,77,0,0,,41,,"pass_play_personnel_share","UNRELIABLE_NON_ELIGIBLE_POSITION",0,41,0,0,0,207,0,,,0,36,0,,,0,0,0,0,0,0,0,0,0,8,11,0,0,0,0,0,0,0,0,0,0,4,4,0,0,FALSE,FALSE,4.55844155844156,TRUE,,FALSE
2026,1,"2026_01_CHI_CAR","00-0039021","10235","JohnRo07","Roschon Johnson","RB","CHI","CAR",0,75,0,0,,40,,"pass_play_personnel_share","PROXY_PERSONNEL_PRESENCE",0,40,0,0,0,319,0,,,0,35,0,0,,0,0,0,0,0,0,0,0,0,7,10,0,0,0,0,0,0,0,0,0,0,4,1,0,0,FALSE,FALSE,3.50666666666667,FALSE,,FALSE
2026,1,"2026_01_BAL_IND","00-0039031","10957","AdebAd00","Adetomiwa Adebawore","DL","IND","BAL",0,54,0,0,,35,,"pass_play_personnel_share","UNRELIABLE_NON_ELIGIBLE_POSITION",0,35,0,0,0,201,0,,,0,19,0,,,0,0,0,0,0,0,0,0,0,3,5,0,0,0,0,0,0,0,0,0,0,6,2,0,0,FALSE,FALSE,-13.4259259259259,FALSE,,FALSE
2026,1,"2026_01_NYJ_TEN","00-0039032","9508","SpeaTy00","Tyjae Spears","RB","TEN","NYJ",25,50,0.5,0.5,,40,,"pass_play_personnel_share","PROXY_PERSONNEL_PRESENCE",4,40,0.1,2,-12,190,-0.0631578947368421,-3,,3,10,0.3,0.3,,0,0,0,0,0,0,0,0,0,3,0,0,,1,0,0,0,0,0,0,0,3,1,0,0,TRUE,FALSE,-12.58,FALSE,,FALSE
2026,1,"2026_01_MIA_LV","00-0039040","9226","AchaDe00","De'Von Achane","RB","MIA","LV",48,55,0.86,0.872727272727273,,40,,"pass_play_personnel_share","PROXY_PERSONNEL_PRESENCE",5,40,0.125,4,4,309,0.0129449838187702,0.8,,11,15,0.733333333333333,0.916666666666667,,0,0,0,0,3,0,0,0,0,2,3,0,1,1,1,0,1,0,0,0,0,5,1,0,0,TRUE,FALSE,-10.4545454545455,FALSE,,FALSE
2026,1,"2026_01_ARI_LAC","00-0039041","10231","HiggEl00","Elijah Higgins","TE","ARI","LAC",20,72,0.27,0.277777777777778,,42,,"pass_play_personnel_share","PROXY_PERSONNEL_PRESENCE",0,42,0,0,0,283,0,,,0,30,0,,0,0,0,0,0,0,0,0,0,0,8,6,0,0,0,0,0,0,0,0,0,0,3,2,0,0,TRUE,FALSE,2.86111111111111,FALSE,,FALSE
2026,1,"2026_01_NE_SEA","00-0039047","10911","HallDe04","Derick Hall","LB","SEA","NE",0,49,0,0,,28,,"pass_play_personnel_share","UNRELIABLE_NON_ELIGIBLE_POSITION",0,28,0,0,0,154,0,,,0,21,0,,,0,0,0,0,0,0,0,0,0,5,2,0,0,0,0,0,0,0,0,0,0,3,4,0,0,FALSE,FALSE,-4.6734693877551,FALSE,,FALSE
2026,1,"2026_01_TB_CIN","00-0039049","10980","DennSi00","SirVocea Dennis","LB","TB","CIN",0,56,0,0,,39,,"pass_play_personnel_share","UNRELIABLE_NON_ELIGIBLE_POSITION",0,39,0,0,0,143,0,,,0,17,0,,,0,0,0,0,0,0,0,0,0,7,3,0,0,0,0,0,0,0,0,0,0,7,1,0,0,FALSE,FALSE,-9.80357142857143,FALSE,,FALSE
2026,1,"2026_01_TB_CIN","00-0039050","10227","DurhPa00","Payne Durham","TE","TB","CIN",7,56,0.12,0.125,,39,,"pass_play_personnel_share","PROXY_PERSONNEL_PRESENCE",0,39,0,0,0,143,0,,,0,17,0,,0,0,0,0,0,0,0,0,0,0,7,3,0,0,0,0,0,0,0,0,0,0,7,1,0,0,TRUE,FALSE,-9.80357142857143,FALSE,,FALSE
2026,1,"2026_01_SF_LA","00-0039059","11051","EvanEt00","Ethan Evans","P","LAR","SF",0,60,0,0,,33,,"pass_play_personnel_share","UNRELIABLE_NON_ELIGIBLE_POSITION",0,33,0,0,0,255,0,,,0,27,0,,,0,0,0,0,0,0,0,0,0,2,7,0,0,0,0,0,0,0,0,0,0,5,1,0,0,FALSE,FALSE,-9.48333333333334,FALSE,,FALSE
2026,1,"2026_01_SF_LA","00-0039061","11021","JohnDe08","Desjuan Johnson","LB","LAR","SF",0,60,0,0,,33,,"pass_play_personnel_share","UNRELIABLE_NON_ELIGIBLE_POSITION",0,33,0,0,0,255,0,,,0,27,0,,,0,0,0,0,0,0,0,0,0,2,7,0,0,0,0,0,0,0,0,0,0,5,1,0,0,FALSE,FALSE,-9.48333333333334,FALSE,,FALSE
2026,1,"2026_01_DAL_NYG","00-0039062","10225","MingJo00","Jonathan Mingo","WR","DAL","NYG",11,58,0.19,0.189655172413793,,41,,"pass_play_personnel_share","PROXY_PERSONNEL_PRESENCE",1,41,0.024390243902439,1,11,309,0.0355987055016181,11,,0,17,0,,0.05,0,0,0,0,0,0,0,0,0,6,4,0,0,0,0,0,0,0,0,0,0,5,,0,,TRUE,FALSE,-8.68965517241379,FALSE,,FALSE
2026,1,"2026_01_TB_CIN","00-0039063","10879","KancCa00","Calijah Kancey","DL","TB","CIN",0,56,0,0,,39,,"pass_play_personnel_share","UNRELIABLE_NON_ELIGIBLE_POSITION",0,39,0,0,0,143,0,,,0,17,0,,,0,0,0,0,0,0,0,0,0,7,3,0,0,0,0,0,0,0,0,0,0,7,1,0,0,FALSE,FALSE,-9.80357142857143,FALSE,,FALSE
2026,1,"2026_01_BAL_IND","00-0039064","9997","FlowZa00","Zay Flowers","WR","BAL","IND",20,64,0.29,0.3125,,32,,"pass_play_personnel_share","PROXY_PERSONNEL_PRESENCE",6,32,0.1875,5,91,270,0.337037037037037,15.1666666666667,,0,32,0,,0.428571428571429,0,0,0,0,0,0,0,0,0,5,7,0,0,1,0,0,0,0,0,0,0,5,5,0,0,TRUE,FALSE,11.125,FALSE,,FALSE
2026,1,"2026_01_NO_DET","00-0039065","10859","LaPoSa01","Sam LaPorta","TE","DET","NO",62,77,0.81,0.805194805194805,,41,,"pass_play_personnel_share","PROXY_PERSONNEL_PRESENCE",8,41,0.195121951219512,5,7,207,0.0338164251207729,0.875,,0,36,0,,0.888888888888889,0,0,0,2,0,2,0,0,1,8,11,0.25,0,2,0,0,0,0,0,0,0,4,4,0,0,TRUE,FALSE,4.55844155844156,TRUE,,FALSE
2026,1,"2026_01_MIA_LV","00-0039066","9482","MayeMi00","Michael Mayer","TE","LV","MIA",55,65,0.81,0.846153846153846,,32,,"pass_play_personnel_share","PROXY_PERSONNEL_PRESENCE",7,32,0.21875,6,28,226,0.123893805309735,4,,0,33,0,,1,0,0,0,1,0,0,0,0,1,8,4,0.125,0,2,0,1,0,0,0,0,0,2,4,0,0,TRUE,FALSE,7.52307692307692,FALSE,,FALSE
2026,1,"2026_01_DEN_KC","00-0039067","10229","RiceRa01","Rashee Rice","WR","KC","DEN",57,66,0.83,0.863636363636364,,34,,"pass_play_personnel_share","PROXY_PERSONNEL_PRESENCE",2,34,0.0588235294117647,2,6,133,0.0451127819548872,3,,0,32,0,,0.2,0,0,0,1,0,0,0,0,0,7,4,0.142857142857143,0,1,0,1,0,0,0,0,0,3,4,0,0,TRUE,FALSE,6.83333333333333,FALSE,,FALSE
2026,1,"2026_01_TB_CIN","00-0039068","10921","DiabYa00","YaYa Diaby","LB","TB","CIN",0,56,0,0,,39,,"pass_play_personnel_share","UNRELIABLE_NON_ELIGIBLE_POSITION",0,39,0,0,0,143,0,,,0,17,0,,,0,0,0,0,0,0,0,0,0,7,3,0,0,0,0,0,0,0,0,0,0,7,1,0,0,FALSE,FALSE,-9.80357142857143,FALSE,,FALSE
2026,1,"2026_01_ATL_PIT","00-0039070","10899","DextGe00","Gervon Dexter","DL","ATL","PIT",0,60,0,0,,28,,"pass_play_personnel_share","UNRELIABLE_NON_ELIGIBLE_POSITION",0,28,0,0,0,77,0,,,0,32,0,,,0,0,0,0,0,0,0,0,0,0,0,,,0,0,0,0,0,0,0,0,4,3,0,0,FALSE,FALSE,-5.28333333333333,FALSE,,FALSE
2026,1,"2026_01_CHI_CAR","00-0039071","10897","StevTy01","Tyrique Stevenson","DB","CHI","CAR",0,75,0,0,,40,,"pass_play_personnel_share","UNRELIABLE_NON_ELIGIBLE_POSITION",0,40,0,0,0,319,0,,,0,35,0,,,0,0,0,0,0,0,0,0,0,7,10,0,0,0,0,0,0,0,0,0,0,4,1,0,0,FALSE,FALSE,3.50666666666667,FALSE,,FALSE
2026,1,"2026_01_SF_LA","00-0039074","10214","AlleDa02","Davis Allen","TE","LAR","SF",21,60,0.34,0.35,,33,,"pass_play_personnel_share","PROXY_PERSONNEL_PRESENCE",1,33,0.0303030303030303,1,-1,255,-0.00392156862745098,-1,,0,27,0,,0.166666666666667,0,0,0,0,0,0,0,0,0,2,7,0,0,1,0,0,0,0,0,0,0,5,1,0,0,TRUE,FALSE,-9.48333333333334,FALSE,,FALSE
2026,1,"2026_01_SF_LA","00-0039075","9493","NacuPu00","Puka Nacua","WR","LAR","SF",43,60,0.7,0.716666666666667,,33,,"pass_play_personnel_share","PROXY_PERSONNEL_PRESENCE",9,33,0.272727272727273,5,115,255,0.450980392156863,12.7777777777778,,0,27,0,,0.529411764705882,0,0,0,1,0,1,0,0,0,2,7,0.5,0,4,0,0,0,0,0,0,0,5,1,0,0,TRUE,FALSE,-9.48333333333334,FALSE,,FALSE
2026,1,"2026_01_SF_LA","00-0039107","10857","BennSt00","Stetson Bennett","QB","LAR","SF",10,60,0.16,0.166666666666667,,33,,"pass_play_personnel_share","PROXY_PERSONNEL_PRESENCE",0,33,0,0,0,255,0,,,0,27,0,,,3,0,0,0,0,0,0,0,0,2,7,0,0,0,0,0,0,0,0,0,0,5,1,0,0,TRUE,FALSE,-9.48333333333334,FALSE,,FALSE
2026,1,"2026_01_BUF_HOU","00-0039108","10892","AndeWi01","Will Anderson","DL","HOU","BUF",0,79,0,0,,48,,"pass_play_personnel_share","UNRELIABLE_NON_ELIGIBLE_POSITION",0,48,0,0,0,322,0,,,0,31,0,,,0,0,0,0,0,0,0,0,0,6,5,0,0,0,0,0,0,0,0,0,0,8,1,0,0,FALSE,FALSE,-3.83544303797468,FALSE,,FALSE
2026,1,"2026_01_ATL_PIT","00-0039110","10901","BentKe00","Keeanu Benton","DL","PIT","ATL",0,65,0,0,,47,,"pass_play_personnel_share","UNRELIABLE_NON_ELIGIBLE_POSITION",0,47,0,0,0,407,0,,,0,18,0,,,0,0,0,0,0,0,0,0,0,5,1,0,0,0,0,0,0,0,0,0,0,3,4,0,0,FALSE,FALSE,3.12307692307692,FALSE,,FALSE
2026,1,"2026_01_ARI_LAC","00-0039111","10898","TuipTu00","Tuli Tuipulotu","LB","LAC","ARI",0,55,0,0,,39,,"pass_play_personnel_share","UNRELIABLE_NON_ELIGIBLE_POSITION",0,39,0,0,0,273,0,,,0,16,0,,,0,0,0,0,0,0,0,0,0,7,4,0,0,0,0,0,0,0,0,0,0,4,1,0,0,FALSE,FALSE,-5.67272727272727,FALSE,,FALSE
2026,1,"2026_01_GB_MIN","00-0039112","10885","VanNLu00","Lukas Van Ness","LB","GB","MIN",0,68,0,0,,46,,"pass_play_personnel_share","UNRELIABLE_NON_ELIGIBLE_POSITION",0,46,0,0,0,469,0,,,0,22,0,,,0,0,0,0,0,0,0,0,0,7,3,0,0,0,0,0,0,0,0,0,0,6,4,0,0,FALSE,FALSE,1.41176470588236,FALSE,,FALSE
2026,1,"2026_01_SF_LA","00-0039137","10917","YounBy01","Byron Young","LB","LAR","SF",0,60,0,0,,33,,"pass_play_personnel_share","UNRELIABLE_NON_ELIGIBLE_POSITION",0,33,0,0,0,255,0,,,0,27,0,,,0,0,0,0,0,0,0,0,0,2,7,0,0,0,0,0,0,0,0,0,0,5,1,0,0,FALSE,FALSE,-9.48333333333334,FALSE,,FALSE
2026,1,"2026_01_SF_LA","00-0039138","10916","TurnKo00","Kobie Turner","DL","LAR","SF",0,60,0,0,,33,,"pass_play_personnel_share","UNRELIABLE_NON_ELIGIBLE_POSITION",0,33,0,0,0,255,0,,,0,27,0,,,0,0,0,0,0,0,0,0,0,2,7,0,0,0,0,0,0,0,0,0,0,5,1,0,0,FALSE,FALSE,-9.48333333333334,FALSE,,FALSE
2026,1,"2026_01_NO_DET","00-0039139","9221","GibbJa01","Jahmyr Gibbs","RB","DET","NO",57,77,0.74,0.74025974025974,,41,,"pass_play_personnel_share","PROXY_PERSONNEL_PRESENCE",5,41,0.121951219512195,5,-4,207,-0.0193236714975845,-0.8,,29,36,0.805555555555556,0.935483870967742,,0,0,0,0,8,0,5,5,0,8,11,0,0.727272727272727,0,2,1,1,0,0,0,0,4,4,0,0,TRUE,FALSE,4.55844155844156,TRUE,,FALSE
2026,1,"2026_01_WAS_PHI","00-0039140","10962","RingKe00","Kelee Ringo","DB","PHI","WAS",0,53,0,0,,34,,"pass_play_personnel_share","UNRELIABLE_NON_ELIGIBLE_POSITION",0,34,0,0,0,225,0,,,0,19,0,,,0,0,0,0,0,0,0,0,0,3,4,0,0,0,0,0,0,0,0,0,0,3,5,0,0,FALSE,FALSE,1.83018867924528,FALSE,,FALSE
2026,1,"2026_01_NYJ_TEN","00-0039142","10883","McDoWi00","Will McDonald","LB","NYJ","TEN",0,64,0,0,,28,,"pass_play_personnel_share","UNRELIABLE_NON_ELIGIBLE_POSITION",0,28,0,0,0,168,0,,,0,36,0,,,0,0,0,0,0,0,0,0,0,2,5,0,0,0,0,0,0,0,0,0,0,,3,,0,FALSE,FALSE,7.65625,FALSE,,FALSE
2026,1,"2026_01_GB_MIN","00-0039146","10222","ReedJa03","Jayden Reed","WR","GB","MIN",39,68,0.57,0.573529411764706,,46,,"pass_play_personnel_share","PROXY_PERSONNEL_PRESENCE",7,46,0.152173913043478,3,50,469,0.106609808102345,7.14285714285714,,0,22,0,,0.241379310344828,0,0,0,1,0,1,0,0,0,7,3,0.142857142857143,0,3,0,0,0,0,0,0,0,6,4,0,0,TRUE,FALSE,1.41176470588236,FALSE,,FALSE
2026,1,"2026_01_NE_SEA","00-0039147","10881","GonzCh00","Christian Gonzalez","DB","NE","SEA",0,71,0,0,,44,,"pass_play_personnel_share","UNRELIABLE_NON_ELIGIBLE_POSITION",0,44,0,0,0,221,0,,,0,27,0,,,0,0,0,0,0,0,0,0,0,2,0,0,,0,0,0,0,0,0,0,0,4,2,0,0,FALSE,FALSE,1.87323943661972,FALSE,,FALSE
2026,1,"2026_01_SF_LA","00-0039148","10904","WhitKe03","Keion White","DL","SF","LAR",0,65,0,0,,37,,"pass_play_personnel_share","UNRELIABLE_NON_ELIGIBLE_POSITION",0,37,0,0,0,149,0,,,0,28,0,,,0,0,0,0,0,0,0,0,0,8,2,0,0,0,0,0,0,0,0,0,0,2,3,0,0,FALSE,FALSE,4.13846153846154,FALSE,,FALSE
2026,1,"2026_01_WAS_PHI","00-0039149","10903","MartJa04","Quan Martin","DB","WAS","PHI",0,70,0,0,,41,,"pass_play_personnel_share","UNRELIABLE_NON_ELIGIBLE_POSITION",0,41,0,0,0,317,0,,,0,29,0,,,0,0,0,0,0,0,0,0,0,9,7,0,0,0,0,0,0,0,0,0,0,5,4,0,0,FALSE,FALSE,-5.57142857142857,FALSE,,FALSE
2026,1,"2026_01_CHI_CAR","00-0039150","9228","YounBr01","Bryce Young","QB","CAR","CHI",61,68,0.9,0.897058823529412,,46,,"pass_play_personnel_share","PROXY_PERSONNEL_PRESENCE",0,46,0,0,0,366,0,,,0,22,0,,,39,0,0,0,0,0,0,0,0,10,5,0,0,0,0,0,0,0,0,0,0,7,2,0,0,TRUE,FALSE,-9.88235294117648,FALSE,,FALSE
2026,1,"2026_01_SF_LA","00-0039151","10882","ForbEm00","Emmanuel Forbes","DB","LAR","SF",0,60,0,0,,33,,"pass_play_personnel_share","UNRELIABLE_NON_ELIGIBLE_POSITION",0,33,0,0,0,255,0,,,0,27,0,,,0,0,0,0,0,0,0,0,0,2,7,0,0,0,0,0,0,0,0,0,0,5,1,0,0,FALSE,FALSE,-9.48333333333334,FALSE,,FALSE
2026,1,"2026_01_MIA_LV","00-0039156","10906","BrenJu00","Julius Brents","DB","MIA","LV",0,55,0,0,,40,,"pass_play_personnel_share","UNRELIABLE_NON_ELIGIBLE_POSITION",0,40,0,0,0,309,0,,,0,15,0,,,0,0,0,0,0,0,0,0,0,2,3,0,0,0,0,0,0,0,0,0,0,5,1,0,0,FALSE,FALSE,-10.4545454545455,FALSE,,FALSE
2026,1,"2026_01_BUF_HOU","00-0039163","9758","StroCJ00","C.J. Stroud","QB","HOU","BUF",79,79,1,1,,48,,"pass_play_personnel_share","PROXY_PERSONNEL_PRESENCE",0,48,0,0,0,322,0,,,1,31,0.032258064516129,,,41,0,1,0,0,0,0,0,0,6,5,0,0,0,1,0,0,0,0,0,0,8,1,0,0,TRUE,FALSE,-3.83544303797468,FALSE,,FALSE
2026,1,"2026_01_NE_SEA","00-0039169","10891","WithDe00","Devon Witherspoon","DB","SEA","NE",0,49,0,0,,28,,"pass_play_personnel_share","UNRELIABLE_NON_ELIGIBLE_POSITION",0,28,0,0,0,154,0,,,0,21,0,,,0,0,0,0,0,0,0,0,0,5,2,0,0,0,0,0,0,0,0,0,0,3,4,0,0,FALSE,FALSE,-4.6734693877551,FALSE,,FALSE
2026,1,"2026_01_NO_DET","00-0039172","11539","BateJa00","Jake Bates","K","DET","NO",0,77,0,0,,41,,"pass_play_personnel_share","UNRELIABLE_NON_ELIGIBLE_POSITION",0,41,0,0,0,207,0,,,0,36,0,,,0,0,0,0,0,0,0,0,0,8,11,0,0,0,0,0,0,0,0,0,0,4,4,0,0,FALSE,FALSE,4.55844155844156,TRUE,,FALSE
2026,1,"2026_01_BAL_IND","00-0039232","11656","WiggNa00","Nate Wiggins","DB","BAL","IND",0,64,0,0,,32,,"pass_play_personnel_share","UNRELIABLE_NON_ELIGIBLE_POSITION",0,32,0,0,0,270,0,,,0,32,0,,,0,0,0,0,0,0,0,0,0,5,7,0,0,0,0,0,0,0,0,0,0,5,5,0,0,FALSE,FALSE,11.125,FALSE,,FALSE
2026,1,"2026_01_BAL_IND","00-0039234","11730","TampTJ00","T.J. Tampa","DB","BAL","IND",0,64,0,0,,32,,"pass_play_personnel_share","UNRELIABLE_NON_ELIGIBLE_POSITION",0,32,0,0,0,270,0,,,0,32,0,,,0,0,0,0,0,0,0,0,0,5,7,0,0,0,0,0,0,0,0,0,0,5,5,0,0,FALSE,FALSE,11.125,FALSE,,FALSE
2026,1,"2026_01_ARI_LAC","00-0039239","11830","KingKa00","Kalen King","DB","ARI","LAC",0,72,0,0,,42,,"pass_play_personnel_share","UNRELIABLE_NON_ELIGIBLE_POSITION",0,42,0,0,0,283,0,,,0,30,0,,,0,0,0,0,0,0,0,0,0,8,6,0,0,0,0,0,0,0,0,0,0,3,2,0,0,FALSE,FALSE,2.86111111111111,FALSE,,FALSE
2026,1,"2026_01_NYJ_TEN","00-0039284","12030","McGrBr00","Braiden McGregor","LB","NYJ","TEN",0,64,0,0,,28,,"pass_play_personnel_share","UNRELIABLE_NON_ELIGIBLE_POSITION",0,28,0,0,0,168,0,,,0,36,0,,,0,0,0,0,0,0,0,0,0,2,5,0,0,0,0,0,0,0,0,0,0,,3,,0,FALSE,FALSE,7.65625,FALSE,,FALSE
2026,1,"2026_01_NE_SEA","00-0039289","12031","TaylLe01","Leonard Taylor","DL","NE","SEA",0,71,0,0,,44,,"pass_play_personnel_share","UNRELIABLE_NON_ELIGIBLE_POSITION",0,44,0,0,0,221,0,,,0,27,0,,,0,0,0,0,0,0,0,0,0,2,0,0,,0,0,0,0,0,0,0,0,4,2,0,0,FALSE,FALSE,1.87323943661972,FALSE,,FALSE
2026,1,"2026_01_NE_SEA","00-0039299","12048","HolaGe00","George Holani","RB","SEA","NE",23,49,0.46,0.469387755102041,,28,,"pass_play_personnel_share","PROXY_PERSONNEL_PRESENCE",1,28,0.0357142857142857,0,6,154,0.038961038961039,6,,8,21,0.380952380952381,0.4,,0,0,0,0,2,0,0,0,0,5,2,0,1,0,2,1,3,0,0,0,0,3,4,0,0,TRUE,FALSE,-4.6734693877551,FALSE,,FALSE
2026,1,"2026_01_NE_SEA","00-0039309","11668","MurpBy01","Byron Murphy","DL","SEA","NE",0,49,0,0,,28,,"pass_play_personnel_share","UNRELIABLE_NON_ELIGIBLE_POSITION",0,28,0,0,0,154,0,,,0,21,0,,,0,0,0,0,0,0,0,0,0,5,2,0,0,0,0,0,0,0,0,0,0,3,4,0,0,FALSE,FALSE,-4.6734693877551,FALSE,,FALSE
2026,1,"2026_01_TB_CIN","00-0039313","12255","BozeSw00","Swayze Bozeman","LB","CIN","TB",0,63,0,0,,38,,"pass_play_personnel_share","UNRELIABLE_NON_ELIGIBLE_POSITION",0,38,0,0,0,226,0,,,0,25,0,,,0,0,0,0,0,0,0,0,0,7,8,0,0,0,0,0,0,0,0,0,0,6,,0,,FALSE,FALSE,8.85714285714286,FALSE,,FALSE
2026,1,"2026_01_TB_CIN","00-0039323","12163","RehkRy00","Ryan Rehkow","P","CIN","TB",0,63,0,0,,38,,"pass_play_personnel_share","UNRELIABLE_NON_ELIGIBLE_POSITION",0,38,0,0,0,226,0,,,0,25,0,,,0,0,0,0,0,0,0,0,0,7,8,0,0,0,0,0,0,0,0,0,0,6,,0,,FALSE,FALSE,8.85714285714286,FALSE,,FALSE
2026,1,"2026_01_DEN_KC","00-0039324","12183","RolaCh00","Chris Roland-Wallace","DB","KC","DEN",0,66,0,0,,34,,"pass_play_personnel_share","UNRELIABLE_NON_ELIGIBLE_POSITION",0,34,0,0,0,133,0,,,0,32,0,,,0,0,0,0,0,0,0,0,0,7,4,0,0,0,0,0,0,0,0,0,0,3,4,0,0,FALSE,FALSE,6.83333333333333,FALSE,,FALSE
2026,1,"2026_01_DAL_NYG","00-0039337","11632","NabeMa00","Malik Nabers","WR","NYG","DAL",36,66,0.52,0.545454545454545,,33,,"pass_play_personnel_share","PROXY_PERSONNEL_PRESENCE",9,33,0.272727272727273,6,103,245,0.420408163265306,11.4444444444444,,0,33,0,,0.6,0,0,0,1,0,0,0,0,0,7,5,0.142857142857143,0,1,0,2,0,0,0,0,0,3,2,0,0,TRUE,FALSE,4.48484848484848,FALSE,,FALSE
2026,1,"2026_01_BAL_IND","00-0039340","11669","LatuLa00","Laiatu Latu","DL","IND","BAL",0,54,0,0,,35,,"pass_play_personnel_share","UNRELIABLE_NON_ELIGIBLE_POSITION",0,35,0,0,0,201,0,,,0,19,0,,,0,0,0,0,0,0,0,0,0,3,5,0,0,0,0,0,0,0,0,0,0,6,2,0,0,FALSE,FALSE,-13.4259259259259,FALSE,,FALSE
2026,1,"2026_01_CHI_CAR","00-0039342","11626","LegeXa00","Xavier Legette","WR","CAR","CHI",36,68,0.53,0.529411764705882,,46,,"pass_play_personnel_share","PROXY_PERSONNEL_PRESENCE",2,46,0.0434782608695652,0,20,366,0.0546448087431694,10,,0,22,0,,0.1,0,0,0,0,0,0,0,0,0,10,5,0,0,0,0,0,0,2,52,0,0,7,2,0.285714285714286,0,TRUE,TRUE,-9.88235294117648,FALSE,,FALSE
2026,1,"2026_01_BUF_HOU","00-0039343","11685","LassKa00","Kamari Lassiter","DB","HOU","BUF",0,79,0,0,,48,,"pass_play_personnel_share","UNRELIABLE_NON_ELIGIBLE_POSITION",0,48,0,0,0,322,0,,,0,31,0,,,0,0,0,0,0,0,0,0,0,6,5,0,0,0,0,0,0,0,0,0,0,8,1,0,0,FALSE,FALSE,-3.83544303797468,FALSE,,FALSE
2026,1,"2026_01_CHI_CAR","00-0039344","11583","BrooJo02","Jonathon Brooks","RB","CAR","CHI",13,68,0.19,0.191176470588235,,46,,"pass_play_personnel_share","PROXY_PERSONNEL_PRESENCE",2,46,0.0434782608695652,1,30,366,0.0819672131147541,15,,4,22,0.181818181818182,0.210526315789474,,0,0,0,0,0,0,0,0,0,10,5,0,0,1,0,0,0,0,0,0,0,7,2,0,0,TRUE,FALSE,-9.88235294117648,FALSE,,FALSE
2026,1,"2026_01_SF_LA","00-0039345","11697","GreeRe00","Renardo Green","DB","SF","LAR",0,65,0,0,,37,,"pass_play_personnel_share","UNRELIABLE_NON_ELIGIBLE_POSITION",0,37,0,0,0,149,0,,,0,28,0,,,0,0,0,0,0,0,0,0,0,8,2,0,0,0,0,0,0,0,0,0,0,2,3,0,0,FALSE,FALSE,4.13846153846154,FALSE,,FALSE
2026,1,"2026_01_CLE_JAX","00-0039353","11725","JoneJa14","Jarrian Jones","DB","JAX","CLE",0,54,0,0,,25,,"pass_play_personnel_share","UNRELIABLE_NON_ELIGIBLE_POSITION",0,25,0,0,0,242,0,,,0,29,0,,,0,0,0,0,0,0,0,0,0,2,1,0,0,0,0,0,0,0,0,0,0,3,3,0,0,FALSE,FALSE,16.3703703703704,FALSE,,FALSE
2026,1,"2026_01_NO_DET","00-0039357","11738","RichDe01","Decamerion Richardson","DB","NO","DET",0,89,0,0,,66,,"pass_play_personnel_share","UNRELIABLE_NON_ELIGIBLE_POSITION",0,66,0,0,0,482,0,,,0,23,0,,,0,0,0,0,0,0,0,0,0,10,3,0,0,0,0,0,0,0,0,0,0,4,5,0,0,FALSE,FALSE,-8.50561797752809,TRUE,,FALSE
2026,1,"2026_01_BUF_HOU","00-0039359","11599","StovCa00","Cade Stover","TE","HOU","BUF",24,79,0.3,0.30379746835443,,48,,"pass_play_personnel_share","PROXY_PERSONNEL_PRESENCE",1,48,0.0208333333333333,1,-2,322,-0.0062111801242236,-2,,0,31,0,,0.0833333333333333,0,0,0,0,0,0,0,0,0,6,5,0,0,0,0,0,0,0,0,0,0,8,1,0,0,TRUE,FALSE,-3.83544303797468,FALSE,,FALSE
2026,1,"2026_01_SF_LA","00-0039360","11731","MustMa00","Malik Mustapha","DB","SF","LAR",0,65,0,0,,37,,"pass_play_personnel_share","UNRELIABLE_NON_ELIGIBLE_POSITION",0,37,0,0,0,149,0,,,0,28,0,,,0,0,0,0,0,0,0,0,0,8,2,0,0,0,0,0,0,0,0,0,0,2,3,0,0,FALSE,FALSE,4.13846153846154,FALSE,,FALSE
2026,1,"2026_01_TB_CIN","00-0039361","11584","IrviBu00","Bucky Irving","RB","TB","CIN",35,56,0.61,0.625,,39,,"pass_play_personnel_share","PROXY_PERSONNEL_PRESENCE",7,39,0.17948717948718,7,-25,143,-0.174825174825175,-3.57142857142857,,8,17,0.470588235294118,0.615384615384615,,0,0,0,0,2,0,1,0,0,7,3,0,0.666666666666667,3,0,0,1,0,0,0,0,7,1,0,0,TRUE,FALSE,-9.80357142857143,FALSE,,FALSE
2026,1,"2026_01_NO_DET","00-0039364","11729","VakiSi00","Sione Vaki","RB","DET","NO",22,77,0.29,0.285714285714286,,41,,"pass_play_personnel_share","PROXY_PERSONNEL_PRESENCE",1,41,0.024390243902439,1,2,207,0.00966183574879227,2,,2,36,0.0555555555555556,0.0645161290322581,,0,0,0,0,1,0,0,0,0,8,11,0,0.0909090909090909,0,0,0,0,0,0,0,0,4,4,0,0,TRUE,FALSE,4.55844155844156,TRUE,,FALSE
2026,1,"2026_01_SF_LA","00-0039365","11616","CowiJa00","Jacob Cowing","WR","SF","LAR",5,65,0.08,0.0769230769230769,,37,,"pass_play_personnel_share","PROXY_PERSONNEL_PRESENCE",0,37,0,0,0,149,0,,,0,28,0,,0,0,0,0,0,0,0,0,0,0,8,2,0,0,0,0,0,0,0,0,3,17,2,3,0,1,TRUE,TRUE,4.13846153846154,FALSE,,FALSE
2026,1,"2026_01_ARI_LAC","00-0039366","11779","StilTa00","Tarheeb Still","DB","LAC","ARI",0,55,0,0,,39,,"pass_play_personnel_share","UNRELIABLE_NON_ELIGIBLE_POSITION",0,39,0,0,0,273,0,,,0,16,0,,,0,0,0,0,0,0,0,0,0,7,4,0,0,0,0,0,0,0,0,0,0,4,1,0,0,FALSE,FALSE,-5.67272727272727,FALSE,,FALSE
2026,1,"2026_01_WAS_PHI","00-0039368","11778","MageJo00","Jordan Magee","LB","WAS","PHI",0,70,0,0,,41,,"pass_play_personnel_share","UNRELIABLE_NON_ELIGIBLE_POSITION",0,41,0,0,0,317,0,,,0,29,0,,,0,0,0,0,0,0,0,0,0,9,7,0,0,0,0,0,0,0,0,0,0,5,4,0,0,FALSE,FALSE,-5.57142857142857,FALSE,,FALSE
2026,1,"2026_01_ARI_LAC","00-0039369","11749","HartCa00","Cam Hart","DB","LAC","ARI",0,55,0,0,,39,,"pass_play_personnel_share","UNRELIABLE_NON_ELIGIBLE_POSITION",0,39,0,0,0,273,0,,,0,16,0,,,0,0,0,0,0,0,0,0,0,7,4,0,0,0,0,0,0,0,0,0,0,4,1,0,0,FALSE,FALSE,-5.67272727272727,FALSE,,FALSE
2026,1,"2026_01_DEN_KC","00-0039371","11765","AbraKr00","Kris Abrams-Draine","DB","DEN","KC",0,50,0,0,,35,,"pass_play_personnel_share","UNRELIABLE_NON_ELIGIBLE_POSITION",0,35,0,0,0,92,0,,,0,15,0,,,0,0,0,0,0,0,0,0,0,4,1,0,0,0,0,0,0,0,0,1,0,5,3,0,0.333333333333333,FALSE,TRUE,-9.24,FALSE,,FALSE
2026,1,"2026_01_NYJ_TEN","00-0039372","11766","BrowJa09","Jarvis Brownlee","DB","NYJ","TEN",0,64,0,0,,28,,"pass_play_personnel_share","UNRELIABLE_NON_ELIGIBLE_POSITION",0,28,0,0,0,168,0,,,0,36,0,,,0,0,0,0,0,0,0,0,0,2,5,0,0,0,0,0,0,0,0,0,0,,3,,0,FALSE,FALSE,7.65625,FALSE,,FALSE
2026,1,"2026_01_MIA_LV","00-0039374","11761","EichTo00","Tommy Eichenberg","LB","LV","MIA",0,65,0,0,,32,,"pass_play_personnel_share","UNRELIABLE_NON_ELIGIBLE_POSITION",0,32,0,0,0,226,0,,,0,33,0,,,0,0,0,0,0,0,0,0,0,8,4,0,0,0,0,0,0,0,0,0,0,2,4,0,0,FALSE,FALSE,7.52307692307692,FALSE,,FALSE
2026,1,"2026_01_BAL_IND","00-0039377","11777","CarlJa01","Jaylon Carlies","LB","IND","BAL",0,54,0,0,,35,,"pass_play_personnel_share","UNRELIABLE_NON_ELIGIBLE_POSITION",0,35,0,0,0,201,0,,,0,19,0,,,0,0,0,0,0,0,0,0,0,3,5,0,0,0,0,0,0,0,0,0,0,6,2,0,0,FALSE,FALSE,-13.4259259259259,FALSE,,FALSE
2026,1,"2026_01_CHI_CAR","00-0039380","11771","SmitCh05","Chau Smith-Wade","DB","CAR","CHI",0,68,0,0,,46,,"pass_play_personnel_share","UNRELIABLE_NON_ELIGIBLE_POSITION",0,46,0,0,0,366,0,,,0,22,0,,,0,0,0,0,0,0,0,0,0,10,5,0,0,0,0,0,0,0,0,0,0,7,2,0,0,FALSE,FALSE,-9.88235294117648,FALSE,,FALSE
2026,1,"2026_01_DAL_NYG","00-0039384","11655","TracTy00","Tyrone Tracy","RB","NYG","DAL",2,66,0.03,0.0303030303030303,,33,,"pass_play_personnel_share","PROXY_PERSONNEL_PRESENCE",0,33,0,0,0,245,0,,,2,33,0.0606060606060606,0.0769230769230769,,0,0,0,0,0,0,0,0,0,7,5,0,0,0,0,0,1,0,0,0,0,3,2,0,0,TRUE,FALSE,4.48484848484848,FALSE,,FALSE
2026,1,"2026_01_MIA_LV","00-0039390","11809","DialMa00","Marcellas Dial","DB","MIA","LV",0,55,0,0,,40,,"pass_play_personnel_share","UNRELIABLE_NON_ELIGIBLE_POSITION",0,40,0,0,0,309,0,,,0,15,0,,,0,0,0,0,0,0,0,0,0,2,3,0,0,0,0,0,0,0,0,0,0,5,1,0,0,FALSE,FALSE,-10.4545454545455,FALSE,,FALSE
2026,1,"2026_01_ARI_LAC","00-0039391","11647","VidaKi00","Kimani Vidal","RB","LAC","ARI",4,55,0.07,0.0727272727272727,,39,,"pass_play_personnel_share","PROXY_PERSONNEL_PRESENCE",0,39,0,0,0,273,0,,,0,16,0,0,,0,0,0,0,0,0,0,0,0,7,4,0,0,0,0,0,0,0,0,0,0,4,1,0,0,TRUE,FALSE,-5.67272727272727,FALSE,,FALSE
2026,1,"2026_01_GB_MIN","00-0039404","11792","ReicWi00","Will Reichard","K","MIN","GB",0,62,0,0,,34,,"pass_play_personnel_share","UNRELIABLE_NON_ELIGIBLE_POSITION",0,34,0,0,0,176,0,,,0,28,0,,,0,0,0,0,0,0,0,0,0,7,8,0,0,0,0,0,0,0,0,0,0,5,1,0,0,FALSE,FALSE,-5.9516129032258,FALSE,,FALSE
2026,1,"2026_01_CLE_JAX","00-0039406","11790","WatsNa00","Nathaniel Watson","LB","CLE","JAX",0,51,0,0,,32,,"pass_play_personnel_share","UNRELIABLE_NON_ELIGIBLE_POSITION",0,32,0,0,0,228,0,,,0,19,0,,,0,0,0,0,0,0,0,0,0,4,3,0,0,0,0,0,0,0,0,0,0,6,2,0,0,FALSE,FALSE,-23.3529411764706,FALSE,,FALSE
2026,1,"2026_01_MIA_LV","00-0039407","11574","LaubDy00","Dylan Laube","RB","LV","MIA",10,65,0.15,0.153846153846154,,32,,"pass_play_personnel_share","PROXY_PERSONNEL_PRESENCE",0,32,0,0,0,226,0,,,0,33,0,0,,0,0,0,0,0,0,0,0,0,8,4,0,0,0,0,0,0,2,95,2,0,2,4,1,0.5,TRUE,TRUE,7.52307692307692,FALSE,,FALSE
2026,1,"2026_01_CLE_JAX","00-0039409","11786","LittCa00","Cam Little","K","JAX","CLE",0,54,0,0,,25,,"pass_play_personnel_share","UNRELIABLE_NON_ELIGIBLE_POSITION",0,25,0,0,0,242,0,,,0,29,0,,,0,0,0,0,0,0,0,0,0,2,1,0,0,0,0,0,0,0,0,0,0,3,3,0,0,FALSE,FALSE,16.3703703703704,FALSE,,FALSE
2026,1,"2026_01_DAL_NYG","00-0039410","11783","FlouRy00","Ryan Flournoy","WR","DAL","NYG",41,58,0.71,0.706896551724138,,41,,"pass_play_personnel_share","PROXY_PERSONNEL_PRESENCE",4,41,0.0975609756097561,2,23,309,0.0744336569579288,5.75,,0,17,0,,0.2,0,0,0,0,0,0,0,0,0,6,4,0,0,1,0,2,0,0,0,0,0,5,,0,,TRUE,FALSE,-8.68965517241379,FALSE,,FALSE
2026,1,"2026_01_WAS_PHI","00-0039412","11816","JeanJa00","Javontae Jean-Baptiste","LB","WAS","PHI",0,70,0,0,,41,,"pass_play_personnel_share","UNRELIABLE_NON_ELIGIBLE_POSITION",0,41,0,0,0,317,0,,,0,29,0,,,0,0,0,0,0,0,0,0,0,9,7,0,0,0,0,0,0,0,0,0,0,5,4,0,0,FALSE,FALSE,-5.57142857142857,FALSE,,FALSE
2026,1,"2026_01_CLE_JAX","00-0039417","11836","HardMy00","Myles Harden","DB","CLE","JAX",0,51,0,0,,32,,"pass_play_personnel_share","UNRELIABLE_NON_ELIGIBLE_POSITION",0,32,0,0,0,228,0,,,0,19,0,,,0,0,0,0,0,0,0,0,0,4,3,0,0,0,0,0,0,0,0,0,0,6,2,0,0,FALSE,FALSE,-23.3529411764706,FALSE,,FALSE
2026,1,"2026_01_GB_MIN","00-0039421","11819","RodrLe00","Levi Drake-Rodriguez","DL","MIN","GB",0,62,0,0,,34,,"pass_play_personnel_share","UNRELIABLE_NON_ELIGIBLE_POSITION",0,34,0,0,0,176,0,,,0,28,0,,,0,0,0,0,0,0,0,0,0,7,8,0,0,0,0,0,0,0,0,0,0,5,1,0,0,FALSE,FALSE,-5.9516129032258,FALSE,,FALSE
2026,1,"2026_01_MIA_LV","00-0039423","11827","LaulJo00","Jonah Laulu","DL","LV","MIA",0,65,0,0,,32,,"pass_play_personnel_share","UNRELIABLE_NON_ELIGIBLE_POSITION",0,32,0,0,0,226,0,,,0,33,0,,,0,0,0,0,0,0,0,0,0,8,4,0,0,0,0,0,0,0,0,0,0,2,4,0,0,FALSE,FALSE,7.52307692307692,FALSE,,FALSE
2026,1,"2026_01_NO_DET","00-0039424","11834","VeleDe00","Devaughn Vele","WR","NO","DET",82,89,0.91,0.921348314606742,,66,,"pass_play_personnel_share","PROXY_PERSONNEL_PRESENCE",9,66,0.136363636363636,7,63,482,0.130705394190871,7,,0,23,0,,0.333333333333333,0,0,0,1,0,1,0,0,1,10,3,0.1,0,1,0,3,0,0,0,0,0,4,5,0,0,TRUE,FALSE,-8.50561797752809,TRUE,,FALSE
2026,1,"2026_01_NYJ_TEN","00-0039430","11847","WillJa15","James Williams","LB","TEN","NYJ",0,50,0,0,,40,,"pass_play_personnel_share","UNRELIABLE_NON_ELIGIBLE_POSITION",0,40,0,0,0,190,0,,,0,10,0,,,0,0,0,0,0,0,0,0,0,3,0,0,,0,0,0,0,0,0,0,0,3,1,0,0,FALSE,FALSE,-12.58,FALSE,,FALSE
2026,1,"2026_01_NYJ_TEN","00-0039431","11846","BrigJo00","Jowon Briggs","DL","NYJ","TEN",0,64,0,0,,28,,"pass_play_personnel_share","UNRELIABLE_NON_ELIGIBLE_POSITION",0,28,0,0,0,168,0,,,0,36,0,,,0,0,0,0,0,0,0,0,0,2,5,0,0,0,0,0,0,0,0,0,0,,3,,0,FALSE,FALSE,7.65625,FALSE,,FALSE
2026,1,"2026_01_DEN_KC","00-0039433","11828","HarrMa08","Marcus Harris","DL","KC","DEN",0,66,0,0,,34,,"pass_play_personnel_share","UNRELIABLE_NON_ELIGIBLE_POSITION",0,34,0,0,0,133,0,,,0,32,0,,,0,0,0,0,0,0,0,0,0,7,4,0,0,0,0,0,0,0,0,0,0,3,4,0,0,FALSE,FALSE,6.83333333333333,FALSE,,FALSE
2026,1,"2026_01_NYJ_TEN","00-0039451","11608","WillIs03","Isaiah Williams","WR","NYJ","TEN",40,64,0.6,0.625,,28,,"pass_play_personnel_share","PROXY_PERSONNEL_PRESENCE",1,28,0.0357142857142857,1,7,168,0.0416666666666667,7,,0,36,0,,0.0769230769230769,0,0,0,0,0,0,0,0,0,2,5,0,0,0,0,1,0,0,0,3,29,,3,,1,TRUE,TRUE,7.65625,FALSE,,FALSE
2026,1,"2026_01_BAL_IND","00-0039460",,"JoneCa05","Carl Jones","LB","BAL","IND",0,64,0,0,,32,,"pass_play_personnel_share","UNRELIABLE_NON_ELIGIBLE_POSITION",0,32,0,0,0,270,0,,,0,32,0,,,0,0,0,0,0,0,0,0,0,5,7,0,0,0,0,0,0,0,0,0,0,5,5,0,0,FALSE,FALSE,11.125,FALSE,,FALSE
2026,1,"2026_01_BUF_HOU","00-0039471","11573","GoreFr01","Frank Gore Jr.","RB","BUF","HOU",11,56,0.19,0.196428571428571,,37,,"pass_play_personnel_share","PROXY_PERSONNEL_PRESENCE",0,37,0,0,0,383,0,,,1,19,0.0526315789473684,0.0666666666666667,,0,0,0,0,0,0,0,0,0,6,3,0,0,0,0,0,1,0,0,0,0,5,2,0,0,TRUE,FALSE,-0.0178571428571427,FALSE,,FALSE
2026,1,"2026_01_CHI_CAR","00-0039491","11646","CokeJa01","Jalen Coker","WR","CAR","CHI",57,68,0.84,0.838235294117647,,46,,"pass_play_personnel_share","PROXY_PERSONNEL_PRESENCE",9,46,0.195652173913043,8,124,366,0.33879781420765,13.7777777777778,,0,22,0,,0.45,0,0,0,1,0,1,0,0,0,10,5,0.1,0,0,0,1,0,0,0,0,0,7,2,0,0,TRUE,FALSE,-9.88235294117648,FALSE,,FALSE
2026,1,"2026_01_SF_LA","00-0039498","12015","MeviHa00","Harrison Mevis","K","LAR","SF",0,60,0,0,,33,,"pass_play_personnel_share","UNRELIABLE_NON_ELIGIBLE_POSITION",0,33,0,0,0,255,0,,,0,27,0,,,0,0,0,0,0,0,0,0,0,2,7,0,0,0,0,0,0,0,0,0,0,5,1,0,0,FALSE,FALSE,-9.48333333333334,FALSE,,FALSE
2026,1,"2026_01_CLE_JAX","00-0039515","12083","ReidWi01","Winston Reid","LB","CLE","JAX",0,51,0,0,,32,,"pass_play_personnel_share","UNRELIABLE_NON_ELIGIBLE_POSITION",0,32,0,0,0,228,0,,,0,19,0,,,0,0,0,0,0,0,0,0,0,4,3,0,0,0,0,0,0,0,0,0,0,6,2,0,0,FALSE,FALSE,-23.3529411764706,FALSE,,FALSE
2026,1,"2026_01_DAL_NYG","00-0039530","11593","SpanBr00","Brevyn Spann-Ford","TE","DAL","NYG",13,58,0.22,0.224137931034483,,41,,"pass_play_personnel_share","PROXY_PERSONNEL_PRESENCE",2,41,0.048780487804878,2,6,309,0.0194174757281553,3,,0,17,0,,0.4,0,0,0,0,0,0,0,0,0,6,4,0,0,0,0,0,0,0,0,0,0,5,,0,,TRUE,FALSE,-8.68965517241379,FALSE,,FALSE
2026,1,"2026_01_MIA_LV","00-0039532","12089","WoodJu00","Julius Wood","DB","MIA","LV",0,55,0,0,,40,,"pass_play_personnel_share","UNRELIABLE_NON_ELIGIBLE_POSITION",0,40,0,0,0,309,0,,,0,15,0,,,0,0,0,0,0,0,0,0,0,2,3,0,0,0,0,0,0,0,0,0,0,5,1,0,0,FALSE,FALSE,-10.4545454545455,FALSE,,FALSE
2026,1,"2026_01_BAL_IND","00-0039576","12185","ShraSp00","Spencer Shrader","K","IND","BAL",0,54,0,0,,35,,"pass_play_personnel_share","UNRELIABLE_NON_ELIGIBLE_POSITION",0,35,0,0,0,201,0,,,0,19,0,,,0,0,0,0,0,0,0,0,0,3,5,0,0,0,0,0,0,0,0,0,0,6,2,0,0,FALSE,FALSE,-13.4259259259259,FALSE,,FALSE
2026,1,"2026_01_TB_CIN","00-0039589","11994","JohnKa01","Kameron Johnson","WR","TB","CIN",5,56,0.09,0.0892857142857143,,39,,"pass_play_personnel_share","PROXY_PERSONNEL_PRESENCE",0,39,0,0,0,143,0,,,0,17,0,,0,0,0,0,0,0,0,0,0,0,7,3,0,0,0,0,0,0,5,137,0,0,7,1,0.714285714285714,0,TRUE,TRUE,-9.80357142857143,FALSE,,FALSE
2026,1,"2026_01_BUF_HOU","00-0039603","12171","BrooBr01","British Brooks","RB","HOU","BUF",0,79,0,0,,48,,"pass_play_personnel_share","PROXY_PERSONNEL_PRESENCE",0,48,0,0,0,322,0,,,0,31,0,0,,0,0,0,0,0,0,0,0,0,6,5,0,0,0,0,0,0,0,0,0,0,8,1,0,0,FALSE,FALSE,-3.83544303797468,FALSE,,FALSE
2026,1,"2026_01_NO_DET","00-0039622","11893","StalIs00","Isaiah Stalbird","LB","NO","DET",0,89,0,0,,66,,"pass_play_personnel_share","UNRELIABLE_NON_ELIGIBLE_POSITION",0,66,0,0,0,482,0,,,0,23,0,,,0,0,0,0,0,0,0,0,0,10,3,0,0,0,0,0,0,0,0,0,0,4,5,0,0,FALSE,FALSE,-8.50561797752809,TRUE,,FALSE
2026,1,"2026_01_TB_CIN","00-0039632","12058","JulePJ00","PJ Jules","DB","CIN","TB",0,63,0,0,,38,,"pass_play_personnel_share","UNRELIABLE_NON_ELIGIBLE_POSITION",0,38,0,0,0,226,0,,,0,25,0,,,0,0,0,0,0,0,0,0,0,7,8,0,0,0,0,0,0,0,0,0,0,6,,0,,FALSE,FALSE,8.85714285714286,FALSE,,FALSE
2026,1,"2026_01_NYJ_TEN","00-0039634","12076","McNaAu00","Austin McNamara","P","NYJ","TEN",0,64,0,0,,28,,"pass_play_personnel_share","UNRELIABLE_NON_ELIGIBLE_POSITION",0,28,0,0,0,168,0,,,0,36,0,,,0,0,0,0,0,0,0,0,0,2,5,0,0,0,0,0,0,0,0,0,0,,3,,0,FALSE,FALSE,7.65625,FALSE,,FALSE
2026,1,"2026_01_NYJ_TEN","00-0039648","12357","MartDa01","David Martin-Robinson","TE","TEN","NYJ",0,50,0,0,,40,,"pass_play_personnel_share","PROXY_PERSONNEL_PRESENCE",0,40,0,0,0,190,0,,,0,10,0,,0,0,0,0,0,0,0,0,0,0,3,0,0,,0,0,0,0,0,0,0,0,3,1,0,0,FALSE,FALSE,-12.58,FALSE,,FALSE
2026,1,"2026_01_NO_DET","00-0039660","11872","HarpTh00","Thomas Harper","DB","DET","NO",0,77,0,0,,41,,"pass_play_personnel_share","UNRELIABLE_NON_ELIGIBLE_POSITION",0,41,0,0,0,207,0,,,0,36,0,,,0,0,0,0,0,0,0,0,0,8,11,0,0,0,0,0,0,0,0,0,0,4,4,0,0,FALSE,FALSE,4.55844155844156,TRUE,,FALSE
2026,1,"2026_01_WAS_PHI","00-0039681","11934","OwenTy00","Tyler Owens","DB","WAS","PHI",0,70,0,0,,41,,"pass_play_personnel_share","UNRELIABLE_NON_ELIGIBLE_POSITION",0,41,0,0,0,317,0,,,0,29,0,,,0,0,0,0,0,0,0,0,0,9,7,0,0,0,0,0,0,0,0,0,0,5,4,0,0,FALSE,FALSE,-5.57142857142857,FALSE,,FALSE
2026,1,"2026_01_WAS_PHI","00-0039686","11942","YankCo00","Colson Yankoff","TE","WAS","PHI",2,70,0.03,0.0285714285714286,,41,,"pass_play_personnel_share","PROXY_PERSONNEL_PRESENCE",0,41,0,0,0,317,0,,,0,29,0,,0,0,0,0,0,0,0,0,0,0,9,7,0,0,0,0,0,0,0,0,0,0,5,4,0,0,TRUE,FALSE,-5.57142857142857,FALSE,,FALSE
2026,1,"2026_01_NE_SEA","00-0039692","12115","PettDe00","Dell Pettus","DB","NE","SEA",0,71,0,0,,44,,"pass_play_personnel_share","UNRELIABLE_NON_ELIGIBLE_POSITION",0,44,0,0,0,221,0,,,0,27,0,,,0,0,0,0,0,0,0,0,0,2,0,0,,0,0,0,0,0,0,0,0,4,2,0,0,FALSE,FALSE,1.87323943661972,FALSE,,FALSE
2026,1,"2026_01_GB_MIN","00-0039718","11929","RichBo01","Bo Richter","LB","MIN","GB",0,62,0,0,,34,,"pass_play_personnel_share","UNRELIABLE_NON_ELIGIBLE_POSITION",0,34,0,0,0,176,0,,,0,28,0,,,0,0,0,0,0,0,0,0,0,7,8,0,0,0,0,0,0,0,0,0,0,5,1,0,0,FALSE,FALSE,-5.9516129032258,FALSE,,FALSE
2026,1,"2026_01_DEN_KC","00-0039732","11563","NixxBo00","Bo Nix","QB","DEN","KC",51,50,1,1.02,,35,,"pass_play_personnel_share","PROXY_PERSONNEL_PRESENCE",0,35,0,0,0,92,0,,,1,15,0.0666666666666667,,,32,0,1,0,0,0,0,0,0,4,1,0,0,0,0,0,0,0,0,0,0,5,3,0,0,TRUE,FALSE,-9.24,FALSE,,FALSE
2026,1,"2026_01_CLE_JAX","00-0039733","11695","OrhoRu00","Ruke Orhorhoro","DL","JAX","CLE",0,54,0,0,,25,,"pass_play_personnel_share","UNRELIABLE_NON_ELIGIBLE_POSITION",0,25,0,0,0,242,0,,,0,29,0,,,0,0,0,0,0,0,0,0,0,2,1,0,0,0,0,0,0,0,0,0,0,3,3,0,0,FALSE,FALSE,16.3703703703704,FALSE,,FALSE
2026,1,"2026_01_SF_LA","00-0039734","11677","FiskBr00","Braden Fiske","DL","LAR","SF",0,60,0,0,,33,,"pass_play_personnel_share","UNRELIABLE_NON_ELIGIBLE_POSITION",0,33,0,0,0,255,0,,,0,27,0,,,0,0,0,0,0,0,0,0,0,2,7,0,0,0,0,0,0,0,0,0,0,5,1,0,0,FALSE,FALSE,-9.48333333333334,FALSE,,FALSE
2026,1,"2026_01_SF_LA","00-0039738","11586","CoruBl00","Blake Corum","RB","LAR","SF",14,60,0.23,0.233333333333333,,33,,"pass_play_personnel_share","PROXY_PERSONNEL_PRESENCE",0,33,0,0,0,255,0,,,10,27,0.37037037037037,0.384615384615385,,0,0,0,0,0,0,0,0,0,2,7,0,0,0,0,0,0,0,0,0,0,5,1,0,0,TRUE,FALSE,-9.48333333333334,FALSE,,FALSE
2026,1,"2026_01_ATL_PIT","00-0039739","11630","WilsRo02","Roman Wilson","WR","PIT","ATL",37,65,0.55,0.569230769230769,,47,,"pass_play_personnel_share","PROXY_PERSONNEL_PRESENCE",6,47,0.127659574468085,3,126,407,0.30958230958231,21,,0,18,0,,0.31578947368421,0,0,0,0,0,0,0,0,1,5,1,0,0,3,0,3,0,0,0,0,0,3,4,0,0,TRUE,FALSE,3.12307692307692,FALSE,,FALSE
2026,1,"2026_01_WAS_PHI","00-0039740","11703","HuntJa02","Jalyx Hunt","LB","PHI","WAS",0,53,0,0,,34,,"pass_play_personnel_share","UNRELIABLE_NON_ELIGIBLE_POSITION",0,34,0,0,0,225,0,,,0,19,0,,,0,0,0,0,0,0,0,0,0,3,4,0,0,0,0,0,0,0,0,0,0,3,5,0,0,FALSE,FALSE,1.83018867924528,FALSE,,FALSE
2026,1,"2026_01_ATL_PIT","00-0039741","11727","WilsPa00","Payton Wilson","LB","PIT","ATL",0,65,0,0,,47,,"pass_play_personnel_share","UNRELIABLE_NON_ELIGIBLE_POSITION",0,47,0,0,0,407,0,,,0,18,0,,,0,0,0,0,0,0,0,0,0,5,1,0,0,0,0,0,0,0,0,0,0,3,4,0,0,FALSE,FALSE,3.12307692307692,FALSE,,FALSE
2026,1,"2026_01_CHI_CAR","00-0039745","11732","TaylTo01","Tory Taylor","P","CHI","CAR",0,75,0,0,,40,,"pass_play_personnel_share","UNRELIABLE_NON_ELIGIBLE_POSITION",0,40,0,0,0,319,0,,,0,35,0,,,0,0,0,0,0,0,0,0,0,7,10,0,0,0,0,0,0,0,0,0,0,4,1,0,0,FALSE,FALSE,3.50666666666667,FALSE,,FALSE
2026,1,"2026_01_WAS_PHI","00-0039746","11577","ShipWi00","Will Shipley","RB","PHI","WAS",10,53,0.18,0.188679245283019,,34,,"pass_play_personnel_share","PROXY_PERSONNEL_PRESENCE",1,34,0.0294117647058824,1,6,225,0.0266666666666667,6,,2,19,0.105263157894737,0.111111111111111,,0,0,0,0,0,0,0,0,0,3,4,0,0,0,0,1,0,1,25,0,0,3,5,0.333333333333333,0,TRUE,TRUE,1.83018867924528,FALSE,,FALSE
2026,1,"2026_01_SF_LA","00-0039749","11799","DaviTy05","Tyler Davis","DL","LAR","SF",0,60,0,0,,33,,"pass_play_personnel_share","UNRELIABLE_NON_ELIGIBLE_POSITION",0,33,0,0,0,255,0,,,0,27,0,,,0,0,0,0,0,0,0,0,0,2,7,0,0,0,0,0,0,0,0,0,0,5,1,0,0,FALSE,FALSE,-9.48333333333334,FALSE,,FALSE
2026,1,"2026_01_SF_LA","00-0039751","11623","WhitJo04","Jordan Whittington","WR","LAR","SF",25,60,0.41,0.416666666666667,,33,,"pass_play_personnel_share","PROXY_PERSONNEL_PRESENCE",1,33,0.0303030303030303,1,8,255,0.0313725490196078,8,,0,27,0,,0.0588235294117647,0,0,0,0,0,0,0,0,0,2,7,0,0,0,0,1,0,4,94,0,0,5,1,0.8,0,TRUE,TRUE,-9.48333333333334,FALSE,,FALSE
2026,1,"2026_01_TB_CIN","00-0039752","11785","JohnCe01","Cedric Johnson","DL","CIN","TB",0,63,0,0,,38,,"pass_play_personnel_share","UNRELIABLE_NON_ELIGIBLE_POSITION",0,38,0,0,0,226,0,,,0,25,0,,,0,0,0,0,0,0,0,0,0,7,8,0,0,0,0,0,0,0,0,0,0,6,,0,,FALSE,FALSE,8.85714285714286,FALSE,,FALSE
2026,1,"2026_01_BUF_HOU","00-0039763","12397","AndrJo02","Joe Andreessen","LB","BUF","HOU",0,56,0,0,,37,,"pass_play_personnel_share","UNRELIABLE_NON_ELIGIBLE_POSITION",0,37,0,0,0,383,0,,,0,19,0,,,0,0,0,0,0,0,0,0,0,6,3,0,0,0,0,0,0,0,0,0,0,5,2,0,0,FALSE,FALSE,-0.0178571428571427,FALSE,,FALSE
2026,1,"2026_01_NE_SEA","00-0039770","12137","WoodCh01","Charles Woods","DB","NE","SEA",0,71,0,0,,44,,"pass_play_personnel_share","UNRELIABLE_NON_ELIGIBLE_POSITION",0,44,0,0,0,221,0,,,0,27,0,,,0,0,0,0,0,0,0,0,0,2,0,0,,0,0,0,0,0,0,0,0,4,2,0,0,FALSE,FALSE,1.87323943661972,FALSE,,FALSE
2026,1,"2026_01_SF_LA","00-0039772","12132","WallJo00","Josh Wallace","DB","LAR","SF",0,60,0,0,,33,,"pass_play_personnel_share","UNRELIABLE_NON_ELIGIBLE_POSITION",0,33,0,0,0,255,0,,,0,27,0,,,0,0,0,0,0,0,0,0,0,2,7,0,0,0,0,0,0,0,0,0,0,5,1,0,0,FALSE,FALSE,-9.48333333333334,FALSE,,FALSE
2026,1,"2026_01_SF_LA","00-0039774","12140","SpeiOm00","Omar Speights","LB","LAR","SF",0,60,0,0,,33,,"pass_play_personnel_share","UNRELIABLE_NON_ELIGIBLE_POSITION",0,33,0,0,0,255,0,,,0,27,0,,,0,0,0,0,0,0,0,0,0,2,7,0,0,0,0,0,0,0,0,0,0,5,1,0,0,FALSE,FALSE,-9.48333333333334,FALSE,,FALSE
2026,1,"2026_01_SF_LA","00-0039776","12142","McCoJa02","Jaylen McCollough","DB","LAR","SF",0,60,0,0,,33,,"pass_play_personnel_share","UNRELIABLE_NON_ELIGIBLE_POSITION",0,33,0,0,0,255,0,,,0,27,0,,,0,0,0,0,0,0,0,0,0,2,7,0,0,0,0,0,0,0,0,0,0,5,1,0,0,FALSE,FALSE,-9.48333333333334,FALSE,,FALSE
2026,1,"2026_01_NYJ_TEN","00-0039789","11755","StigQw00","Qwan'tez Stiggers","DB","NYJ","TEN",0,64,0,0,,28,,"pass_play_personnel_share","UNRELIABLE_NON_ELIGIBLE_POSITION",0,28,0,0,0,168,0,,,0,36,0,,,0,0,0,0,0,0,0,0,0,2,5,0,0,0,0,0,0,0,0,0,0,,3,,0,FALSE,FALSE,7.65625,FALSE,,FALSE
2026,1,"2026_01_NE_SEA","00-0039793","11603","BarnAJ00","AJ Barner","TE","SEA","NE",44,49,0.88,0.897959183673469,,28,,"pass_play_personnel_share","PROXY_PERSONNEL_PRESENCE",2,28,0.0714285714285714,2,-1,154,-0.00649350649350649,-0.5,,0,21,0,,1,0,0,0,0,0,0,0,0,0,5,2,0,0,0,0,1,0,0,0,0,0,3,4,0,0,TRUE,FALSE,-4.6734693877551,FALSE,,FALSE
2026,1,"2026_01_NYJ_TEN","00-0039794","11576","AlleBr05","Braelon Allen","RB","NYJ","TEN",27,64,0.4,0.421875,,28,,"pass_play_personnel_share","PROXY_PERSONNEL_PRESENCE",1,28,0.0357142857142857,0,0,168,0,0,,10,36,0.277777777777778,0.3125,,0,0,0,1,0,0,0,0,0,2,5,0.5,0,1,2,0,0,0,0,0,0,,3,,0,TRUE,FALSE,7.65625,FALSE,,FALSE
2026,1,"2026_01_NE_SEA","00-0039795","11753","PritNe00","Nehemiah Pritchett","DB","SEA","NE",0,49,0,0,,28,,"pass_play_personnel_share","UNRELIABLE_NON_ELIGIBLE_POSITION",0,28,0,0,0,154,0,,,0,21,0,,,0,0,0,0,0,0,0,0,0,5,2,0,0,0,0,0,0,0,0,0,0,3,4,0,0,FALSE,FALSE,-4.6734693877551,FALSE,,FALSE
2026,1,"2026_01_BAL_IND","00-0039796","11570","AlixRa00","Rasheen Ali","RB","BAL","IND",0,64,0,0,,32,,"pass_play_personnel_share","PROXY_PERSONNEL_PRESENCE",0,32,0,0,0,270,0,,,0,32,0,0,,0,0,0,0,0,0,0,0,0,5,7,0,0,0,0,0,0,0,0,0,0,5,5,0,0,FALSE,FALSE,11.125,FALSE,,FALSE
2026,1,"2026_01_NYJ_TEN","00-0039798","11571","DaviIs00","Isaiah Davis","RB","NYJ","TEN",0,64,0,0,,28,,"pass_play_personnel_share","PROXY_PERSONNEL_PRESENCE",0,28,0,0,0,168,0,,,0,36,0,0,,0,0,0,0,0,0,0,0,0,2,5,0,0,0,0,0,0,0,0,0,0,,3,,0,FALSE,FALSE,7.65625,FALSE,,FALSE
2026,1,"2026_01_ARI_LAC","00-0039807","11693","MeltMa00","Max Melton","DB","ARI","LAC",0,72,0,0,,42,,"pass_play_personnel_share","UNRELIABLE_NON_ELIGIBLE_POSITION",0,42,0,0,0,283,0,,,0,30,0,,,0,0,0,0,0,0,0,0,0,8,6,0,0,0,0,0,0,0,0,0,0,3,2,0,0,FALSE,FALSE,2.86111111111111,FALSE,,FALSE
2026,1,"2026_01_DEN_KC","00-0039809","11714","ElliJo03","Jonah Elliss","LB","DEN","KC",0,50,0,0,,35,,"pass_play_personnel_share","UNRELIABLE_NON_ELIGIBLE_POSITION",0,35,0,0,0,92,0,,,0,15,0,,,0,0,0,0,0,0,0,0,0,4,1,0,0,0,0,0,0,0,0,0,0,5,3,0,0,FALSE,FALSE,-9.24,FALSE,,FALSE
2026,1,"2026_01_GB_MIN","00-0039811","11581","LloyMa00","MarShawn Lloyd","RB","GB","MIN",30,68,0.44,0.441176470588235,,46,,"pass_play_personnel_share","PROXY_PERSONNEL_PRESENCE",1,46,0.0217391304347826,0,18,469,0.0383795309168444,18,,13,22,0.590909090909091,0.65,,0,0,0,1,1,0,1,0,0,7,3,0.142857142857143,0.333333333333333,0,0,1,0,0,0,0,0,6,4,0,0,TRUE,FALSE,1.41176470588236,FALSE,,FALSE
2026,1,"2026_01_GB_MIN","00-0039813","11739","WillEv00","Evan Williams","DB","GB","MIN",0,68,0,0,,46,,"pass_play_personnel_share","UNRELIABLE_NON_ELIGIBLE_POSITION",0,46,0,0,0,469,0,,,0,22,0,,,0,0,0,0,0,0,0,0,0,7,3,0,0,0,0,0,0,0,0,0,0,6,4,0,0,FALSE,FALSE,1.41176470588236,FALSE,,FALSE
2026,1,"2026_01_TB_CIN","00-0039814","11592","AllxEr00","Erick All","TE","CIN","TB",20,63,0.31,0.317460317460317,,38,,"pass_play_personnel_share","PROXY_PERSONNEL_PRESENCE",0,38,0,0,0,226,0,,,0,25,0,,0,0,0,0,0,0,0,0,0,0,7,8,0,0,0,0,0,0,0,0,0,0,6,,0,,TRUE,FALSE,8.85714285714286,FALSE,,FALSE
2026,1,"2026_01_NE_SEA","00-0039815","11734","KnigTy00","Tyrice Knight","LB","SEA","NE",0,49,0,0,,28,,"pass_play_personnel_share","UNRELIABLE_NON_ELIGIBLE_POSITION",0,28,0,0,0,154,0,,,0,21,0,,,0,0,0,0,0,0,0,0,0,5,2,0,0,0,0,0,0,0,0,0,0,3,4,0,0,FALSE,FALSE,-4.6734693877551,FALSE,,FALSE
2026,1,"2026_01_GB_MIN","00-0039818","11763","OladKi00","Kitan Oladapo","DB","GB","MIN",0,68,0,0,,46,,"pass_play_personnel_share","UNRELIABLE_NON_ELIGIBLE_POSITION",0,46,0,0,0,469,0,,,0,22,0,,,0,0,0,0,0,0,0,0,0,7,3,0,0,0,0,0,0,0,0,0,0,6,4,0,0,FALSE,FALSE,1.41176470588236,FALSE,,FALSE
2026,1,"2026_01_DAL_NYG","00-0039821","11700","PhilAn02","Andru Phillips","DB","NYG","DAL",0,66,0,0,,33,,"pass_play_personnel_share","UNRELIABLE_NON_ELIGIBLE_POSITION",0,33,0,0,0,245,0,,,0,33,0,,,0,0,0,0,0,0,0,0,0,7,5,0,0,0,0,0,0,0,0,0,0,3,2,0,0,FALSE,FALSE,4.48484848484848,FALSE,,FALSE
2026,1,"2026_01_DEN_KC","00-0039825","11728","HickJa01","Jaden Hicks","DB","KC","DEN",0,66,0,0,,34,,"pass_play_personnel_share","UNRELIABLE_NON_ELIGIBLE_POSITION",0,34,0,0,0,133,0,,,0,32,0,,,0,0,0,0,0,0,0,0,0,7,4,0,0,0,0,0,0,0,0,0,0,3,4,0,0,FALSE,FALSE,6.83333333333333,FALSE,,FALSE
2026,1,"2026_01_WAS_PHI","00-0039826","11752","TrotJe01","Jeremiah Trotter Jr.","LB","PHI","WAS",0,53,0,0,,34,,"pass_play_personnel_share","UNRELIABLE_NON_ELIGIBLE_POSITION",0,34,0,0,0,225,0,,,0,19,0,,,0,0,0,0,0,0,0,0,0,3,4,0,0,0,0,0,0,0,0,0,0,3,5,0,0,FALSE,FALSE,1.83018867924528,FALSE,,FALSE
2026,1,"2026_01_NE_SEA","00-0039829","11807","MuasDa00","Darius Muasau","LB","NE","SEA",0,71,0,0,,44,,"pass_play_personnel_share","UNRELIABLE_NON_ELIGIBLE_POSITION",0,44,0,0,0,221,0,,,0,27,0,,,0,0,0,0,0,0,0,0,0,2,0,0,,0,0,0,0,0,0,0,0,4,2,0,0,FALSE,FALSE,1.87323943661972,FALSE,,FALSE
2026,1,"2026_01_GB_MIN","00-0039831","11787","HaddKa00","Kamal Hadden","DB","GB","MIN",0,68,0,0,,46,,"pass_play_personnel_share","UNRELIABLE_NON_ELIGIBLE_POSITION",0,46,0,0,0,469,0,,,0,22,0,,,0,0,0,0,0,0,0,0,0,7,3,0,0,0,0,0,0,0,0,0,0,6,4,0,0,FALSE,FALSE,1.41176470588236,FALSE,,FALSE
2026,1,"2026_01_SF_LA","00-0039834","11726","KincKa00","Kamren Kinchens","DB","LAR","SF",0,60,0,0,,33,,"pass_play_personnel_share","UNRELIABLE_NON_ELIGIBLE_POSITION",0,33,0,0,0,255,0,,,0,27,0,,,0,0,0,0,0,0,0,0,0,2,7,0,0,0,0,0,0,0,0,0,0,5,1,0,0,FALSE,FALSE,-9.48333333333334,FALSE,,FALSE
2026,1,"2026_01_ARI_LAC","00-0039835","11743","EboiJu00","Justin Eboigbe","DL","LAC","ARI",0,55,0,0,,39,,"pass_play_personnel_share","UNRELIABLE_NON_ELIGIBLE_POSITION",0,39,0,0,0,273,0,,,0,16,0,,,0,0,0,0,0,0,0,0,0,7,4,0,0,0,0,0,0,0,0,0,0,4,1,0,0,FALSE,FALSE,-5.67272727272727,FALSE,,FALSE
2026,1,"2026_01_ATL_PIT","00-0039837","11721","TricBr00","Bralen Trice","LB","ATL","PIT",0,60,0,0,,28,,"pass_play_personnel_share","UNRELIABLE_NON_ELIGIBLE_POSITION",0,28,0,0,0,77,0,,,0,32,0,,,0,0,0,0,0,0,0,0,0,0,0,,,0,0,0,0,0,0,0,0,4,3,0,0,FALSE,FALSE,-5.28333333333333,FALSE,,FALSE
2026,1,"2026_01_BUF_HOU","00-0039838","11710","BullCa00","Calen Bullock","DB","HOU","BUF",0,79,0,0,,48,,"pass_play_personnel_share","UNRELIABLE_NON_ELIGIBLE_POSITION",0,48,0,0,0,322,0,,,0,31,0,,,0,0,0,0,0,0,0,0,0,6,5,0,0,0,0,0,0,0,0,0,0,8,1,0,0,FALSE,FALSE,-3.83544303797468,FALSE,,FALSE
2026,1,"2026_01_CHI_CAR","00-0039840","11760","BookAu00","Austin Booker","DL","CHI","CAR",0,75,0,0,,40,,"pass_play_personnel_share","UNRELIABLE_NON_ELIGIBLE_POSITION",0,40,0,0,0,319,0,,,0,35,0,,,0,0,0,0,0,0,0,0,0,7,10,0,0,0,0,0,0,0,0,0,0,4,1,0,0,FALSE,FALSE,3.50666666666667,FALSE,,FALSE
2026,1,"2026_01_WAS_PHI","00-0039841","11678","DeJeCo00","Cooper DeJean","DB","PHI","WAS",2,53,0.04,0.0377358490566038,,34,,"pass_play_personnel_share","UNRELIABLE_NON_ELIGIBLE_POSITION",0,34,0,0,0,225,0,,,0,19,0,,,0,0,0,0,0,0,0,0,0,3,4,0,0,0,0,0,0,0,0,0,0,3,5,0,0,TRUE,FALSE,1.83018867924528,FALSE,,FALSE
2026,1,"2026_01_TB_CIN","00-0039846","11705","SmitTy05","Tykee Smith","DB","TB","CIN",0,56,0,0,,39,,"pass_play_personnel_share","UNRELIABLE_NON_ELIGIBLE_POSITION",0,39,0,0,0,143,0,,,0,17,0,,,0,0,0,0,0,0,0,0,0,7,3,0,0,0,0,0,0,0,0,0,0,7,1,0,0,FALSE,FALSE,-9.80357142857143,FALSE,,FALSE
2026,1,"2026_01_DAL_NYG","00-0039847","11597","JohnTh00","Theo Johnson","TE","NYG","DAL",32,66,0.46,0.484848484848485,,33,,"pass_play_personnel_share","PROXY_PERSONNEL_PRESENCE",1,33,0.0303030303030303,1,2,245,0.00816326530612245,2,,0,33,0,,0.111111111111111,0,0,0,0,0,0,0,0,0,7,5,0,0,0,0,0,0,0,0,0,0,3,2,0,0,TRUE,FALSE,4.48484848484848,FALSE,,FALSE
2026,1,"2026_01_ARI_LAC","00-0039849","11628","HarrMa09","Marvin Harrison Jr.","WR","ARI","LAC",59,72,0.79,0.819444444444444,,42,,"pass_play_personnel_share","PROXY_PERSONNEL_PRESENCE",3,42,0.0714285714285714,1,71,283,0.250883392226148,23.6666666666667,,0,30,0,,0.166666666666667,0,0,0,0,0,0,0,0,0,8,6,0,0,0,0,0,0,0,0,0,0,3,2,0,0,TRUE,FALSE,2.86111111111111,FALSE,,FALSE
2026,1,"2026_01_GB_MIN","00-0039850","11687","CoopEd00","Edgerrin Cooper","LB","GB","MIN",0,68,0,0,,46,,"pass_play_personnel_share","UNRELIABLE_NON_ELIGIBLE_POSITION",0,46,0,0,0,469,0,,,0,22,0,,,0,0,0,0,0,0,0,0,0,7,3,0,0,0,0,0,0,0,0,0,0,6,4,0,0,FALSE,FALSE,1.41176470588236,FALSE,,FALSE
2026,1,"2026_01_NE_SEA","00-0039851","11564","MayeDr00","Drake Maye","QB","NE","SEA",71,71,1,1,,44,,"pass_play_personnel_share","PROXY_PERSONNEL_PRESENCE",0,44,0,0,0,221,0,,,1,27,0.037037037037037,,,36,0,1,0,0,0,0,0,0,2,0,0,,0,0,0,0,0,0,0,0,4,2,0,0,TRUE,FALSE,1.87323943661972,FALSE,,FALSE
2026,1,"2026_01_CLE_JAX","00-0039852","11665","VersJa00","Jared Verse","DL","CLE","JAX",0,51,0,0,,32,,"pass_play_personnel_share","UNRELIABLE_NON_ELIGIBLE_POSITION",0,32,0,0,0,228,0,,,0,19,0,,,0,0,0,0,0,0,0,0,0,4,3,0,0,0,0,0,0,0,0,0,0,6,2,0,0,FALSE,FALSE,-23.3529411764706,FALSE,,FALSE
2026,1,"2026_01_ARI_LAC","00-0039854","11658","RobiDa01","Darius Robinson","DL","ARI","LAC",0,72,0,0,,42,,"pass_play_personnel_share","UNRELIABLE_NON_ELIGIBLE_POSITION",0,42,0,0,0,283,0,,,0,30,0,,,0,0,0,0,0,0,0,0,0,8,6,0,0,0,0,0,0,0,0,0,0,3,2,0,0,FALSE,FALSE,2.86111111111111,FALSE,,FALSE
2026,1,"2026_01_ATL_PIT","00-0039859","11740","DorlBr00","Brandon Dorlus","DL","ATL","PIT",0,60,0,0,,28,,"pass_play_personnel_share","UNRELIABLE_NON_ELIGIBLE_POSITION",0,28,0,0,0,77,0,,,0,32,0,,,0,0,0,0,0,0,0,0,0,0,0,,,0,0,0,0,0,0,0,0,4,3,0,0,FALSE,FALSE,-5.28333333333333,FALSE,,FALSE
2026,1,"2026_01_NO_DET","00-0039860","11675","McKiKo00","Kool-Aid McKinstry","DB","NO","DET",0,89,0,0,,66,,"pass_play_personnel_share","UNRELIABLE_NON_ELIGIBLE_POSITION",0,66,0,0,0,482,0,,,0,23,0,,,0,0,0,0,0,0,0,0,0,10,3,0,0,0,0,0,0,0,0,0,0,4,5,0,0,FALSE,FALSE,-8.50561797752809,TRUE,,FALSE
2026,1,"2026_01_DAL_NYG","00-0039861","11674","NubiTy00","Tyler Nubin","DB","NYG","DAL",0,66,0,0,,33,,"pass_play_personnel_share","UNRELIABLE_NON_ELIGIBLE_POSITION",0,33,0,0,0,245,0,,,0,33,0,,,0,0,0,0,0,0,0,0,0,7,5,0,0,0,0,0,0,0,0,0,0,3,2,0,0,FALSE,FALSE,4.48484848484848,FALSE,,FALSE
2026,1,"2026_01_GB_MIN","00-0039867","11686","BullJa00","Javon Bullard","DB","GB","MIN",0,68,0,0,,46,,"pass_play_personnel_share","UNRELIABLE_NON_ELIGIBLE_POSITION",0,46,0,0,0,469,0,,,0,22,0,,,0,0,0,0,0,0,0,0,0,7,3,0,0,0,0,0,0,0,0,0,0,6,4,0,0,FALSE,FALSE,1.41176470588236,FALSE,,FALSE
2026,1,"2026_01_DEN_KC","00-0039868","11627","FranTr00","Troy Franklin","WR","DEN","KC",17,50,0.33,0.34,,35,,"pass_play_personnel_share","PROXY_PERSONNEL_PRESENCE",1,35,0.0285714285714286,0,31,92,0.33695652173913,31,,1,15,0.0666666666666667,,0.0666666666666667,0,0,0,0,0,0,0,0,0,4,1,0,0,0,0,0,0,0,0,0,0,5,3,0,0,TRUE,FALSE,-9.24,FALSE,,FALSE
2026,1,"2026_01_BUF_HOU","00-0039872","11682","BishCo00","Cole Bishop","DB","BUF","HOU",0,56,0,0,,37,,"pass_play_personnel_share","UNRELIABLE_NON_ELIGIBLE_POSITION",0,37,0,0,0,383,0,,,0,19,0,,,0,0,0,0,0,0,0,0,0,6,3,0,0,0,0,0,0,0,0,0,0,5,2,0,0,FALSE,FALSE,-0.0178571428571427,FALSE,,FALSE
2026,1,"2026_01_BUF_HOU","00-0039873","11706","CartDe03","DeWayne Carter","DL","BUF","HOU",0,56,0,0,,37,,"pass_play_personnel_share","UNRELIABLE_NON_ELIGIBLE_POSITION",0,37,0,0,0,383,0,,,0,19,0,,,0,0,0,0,0,0,0,0,0,6,3,0,0,0,0,0,0,0,0,0,0,5,2,0,0,FALSE,FALSE,-0.0178571428571427,FALSE,,FALSE
2026,1,"2026_01_MIA_LV","00-0039874","11643","WrigJa04","Jaylen Wright","RB","MIA","LV",4,55,0.07,0.0727272727272727,,40,,"pass_play_personnel_share","PROXY_PERSONNEL_PRESENCE",0,40,0,0,0,309,0,,,1,15,0.0666666666666667,0.0833333333333333,,0,0,0,0,0,0,0,0,0,2,3,0,0,0,0,0,0,2,106,0,0,5,1,0.4,0,TRUE,TRUE,-10.4545454545455,FALSE,,FALSE
2026,1,"2026_01_BUF_HOU","00-0039875","11575","DaviRa04","Ray Davis","RB","BUF","HOU",5,56,0.09,0.0892857142857143,,37,,"pass_play_personnel_share","PROXY_PERSONNEL_PRESENCE",0,37,0,0,0,383,0,,,1,19,0.0526315789473684,0.0666666666666667,,0,0,0,0,0,0,0,0,0,6,3,0,0,0,0,0,0,2,51,0,0,5,2,0.4,0,TRUE,TRUE,-0.0178571428571427,FALSE,,FALSE
2026,1,"2026_01_BUF_HOU","00-0039879","11759","SoloJa00","Javon Solomon","LB","BUF","HOU",0,56,0,0,,37,,"pass_play_personnel_share","UNRELIABLE_NON_ELIGIBLE_POSITION",0,37,0,0,0,383,0,,,0,19,0,,,0,0,0,0,0,0,0,0,0,6,3,0,0,0,0,0,0,0,0,0,0,5,2,0,0,FALSE,FALSE,-0.0178571428571427,FALSE,,FALSE
2026,1,"2026_01_MIA_LV","00-0039880","11610","WashMa00","Malik Washington","WR","MIA","LV",55,55,0.98,1,,40,,"pass_play_personnel_share","PROXY_PERSONNEL_PRESENCE",8,40,0.2,3,135,309,0.436893203883495,16.875,,0,15,0,,0.421052631578947,0,0,0,0,0,0,0,0,0,2,3,0,0,1,0,2,0,3,56,1,17,5,1,0.6,1,TRUE,TRUE,-10.4545454545455,FALSE,,FALSE
2026,1,"2026_01_NYJ_TEN","00-0039886","11691","SweaTV01","T'Vondre Sweat","DL","NYJ","TEN",0,64,0,0,,28,,"pass_play_personnel_share","UNRELIABLE_NON_ELIGIBLE_POSITION",0,28,0,0,0,168,0,,,0,36,0,,,0,0,0,0,0,0,0,0,0,2,5,0,0,0,0,0,0,0,0,0,0,,3,,0,FALSE,FALSE,7.65625,FALSE,,FALSE
2026,1,"2026_01_WAS_PHI","00-0039888","11662","MitcQu00","Quinyon Mitchell","DB","PHI","WAS",0,53,0,0,,34,,"pass_play_personnel_share","UNRELIABLE_NON_ELIGIBLE_POSITION",0,34,0,0,0,225,0,,,0,19,0,,,0,0,0,0,0,0,0,0,0,3,4,0,0,0,0,0,0,0,0,0,0,3,5,0,0,FALSE,FALSE,1.83018867924528,FALSE,,FALSE
2026,1,"2026_01_ATL_PIT","00-0039889","11698","SmitMa07","Maason Smith","DL","ATL","PIT",0,60,0,0,,28,,"pass_play_personnel_share","UNRELIABLE_NON_ELIGIBLE_POSITION",0,28,0,0,0,77,0,,,0,32,0,,,0,0,0,0,0,0,0,0,0,0,0,,,0,0,0,0,0,0,0,0,4,3,0,0,FALSE,FALSE,-5.28333333333333,FALSE,,FALSE
2026,1,"2026_01_NYJ_TEN","00-0039890","11625","MitcAd00","Adonai Mitchell","WR","NYJ","TEN",46,64,0.69,0.71875,,28,,"pass_play_personnel_share","PROXY_PERSONNEL_PRESENCE",3,28,0.107142857142857,3,59,168,0.351190476190476,19.6666666666667,,0,36,0,,0.230769230769231,0,0,0,0,0,0,0,0,0,2,5,0,0,0,0,2,0,0,0,0,0,,3,,0,TRUE,FALSE,7.65625,FALSE,,FALSE
2026,1,"2026_01_CLE_JAX","00-0039893","11631","ThomBr06","Brian Thomas Jr.","WR","JAX","CLE",20,54,0.35,0.37037037037037,,25,,"pass_play_personnel_share","PROXY_PERSONNEL_PRESENCE",3,25,0.12,3,44,242,0.181818181818182,14.6666666666667,,0,29,0,,0.214285714285714,0,0,0,0,0,0,0,0,0,2,1,0,0,0,0,0,0,0,0,0,0,3,3,0,0,TRUE,FALSE,16.3703703703704,FALSE,,FALSE
2026,1,"2026_01_DEN_KC","00-0039894","11624","WortXa00","Xavier Worthy","WR","KC","DEN",53,66,0.77,0.803030303030303,,34,,"pass_play_personnel_share","PROXY_PERSONNEL_PRESENCE",6,34,0.176470588235294,3,42,133,0.31578947368421,7,,0,32,0,,0.6,0,0,0,1,0,0,0,0,0,7,4,0.142857142857143,0,2,0,1,0,0,0,0,0,3,4,0,0,TRUE,FALSE,6.83333333333333,FALSE,,FALSE
2026,1,"2026_01_CLE_JAX","00-0039895","11692","HallMi00","Michael Hall Jr.","DL","CLE","JAX",0,51,0,0,,32,,"pass_play_personnel_share","UNRELIABLE_NON_ELIGIBLE_POSITION",0,32,0,0,0,228,0,,,0,19,0,,,0,0,0,0,0,0,0,0,0,4,3,0,0,0,0,0,0,0,0,0,0,6,2,0,0,FALSE,FALSE,-23.3529411764706,FALSE,,FALSE
2026,1,"2026_01_WAS_PHI","00-0039898","11676","SainMi00","Mike Sainristil","DB","WAS","PHI",0,70,0,0,,41,,"pass_play_personnel_share","UNRELIABLE_NON_ELIGIBLE_POSITION",0,41,0,0,0,317,0,,,0,29,0,,,0,0,0,0,0,0,0,0,0,9,7,0,0,0,0,0,0,0,0,0,0,5,4,0,0,FALSE,FALSE,-5.57142857142857,FALSE,,FALSE
2026,1,"2026_01_BUF_HOU","00-0039901","11637","ColeKe02","Keon Coleman","WR","BUF","HOU",29,56,0.5,0.517857142857143,,37,,"pass_play_personnel_share","PROXY_PERSONNEL_PRESENCE",2,37,0.0540540540540541,1,4,383,0.010443864229765,2,,0,19,0,,0.111111111111111,0,0,0,1,0,1,0,0,0,6,3,0.166666666666667,0,1,0,1,0,0,0,0,0,5,2,0,0,TRUE,FALSE,-0.0178571428571427,FALSE,,FALSE
2026,1,"2026_01_TB_CIN","00-0039908","11688","JenkKr01","Kris Jenkins","DL","CIN","TB",0,63,0,0,,38,,"pass_play_personnel_share","UNRELIABLE_NON_ELIGIBLE_POSITION",0,38,0,0,0,226,0,,,0,25,0,,,0,0,0,0,0,0,0,0,0,7,8,0,0,0,0,0,0,0,0,0,0,6,,0,,FALSE,FALSE,8.85714285714286,FALSE,,FALSE
2026,1,"2026_01_WAS_PHI","00-0039910","11566","DaniJa02","Jayden Daniels","QB","WAS","PHI",70,70,1,1,,41,,"pass_play_personnel_share","PROXY_PERSONNEL_PRESENCE",0,41,0,0,0,317,0,,,2,29,0.0689655172413793,,,36,0,2,0,2,0,0,0,0,9,7,0,0.285714285714286,0,0,0,0,0,0,0,0,5,4,0,0,TRUE,FALSE,-5.57142857142857,FALSE,,FALSE
2026,1,"2026_01_MIA_LV","00-0039911","11663","RobiCh00","Chop Robinson","LB","MIA","LV",0,55,0,0,,40,,"pass_play_personnel_share","UNRELIABLE_NON_ELIGIBLE_POSITION",0,40,0,0,0,309,0,,,0,15,0,,,0,0,0,0,0,0,0,0,0,2,3,0,0,0,0,0,0,0,0,0,0,5,1,0,0,FALSE,FALSE,-10.4545454545455,FALSE,,FALSE
2026,1,"2026_01_WAS_PHI","00-0039912","11596","SinnBe00","Ben Sinnott","TE","WAS","PHI",18,70,0.26,0.257142857142857,,41,,"pass_play_personnel_share","PROXY_PERSONNEL_PRESENCE",0,41,0,0,0,317,0,,,0,29,0,,0,0,0,0,0,0,0,0,0,0,9,7,0,0,0,0,0,0,0,0,0,0,5,4,0,0,TRUE,FALSE,-5.57142857142857,FALSE,,FALSE
2026,1,"2026_01_ARI_LAC","00-0039915","11635","McCoLa00","Ladd McConkey","WR","LAC","ARI",27,55,0.49,0.490909090909091,,39,,"pass_play_personnel_share","PROXY_PERSONNEL_PRESENCE",7,39,0.17948717948718,5,97,273,0.355311355311355,13.8571428571429,,0,16,0,,0.35,0,0,0,2,0,2,0,0,1,7,4,0.285714285714286,0,2,0,0,0,0,0,0,0,4,1,0,0,TRUE,FALSE,-5.67272727272727,FALSE,,FALSE
2026,1,"2026_01_CHI_CAR","00-0039918","11560","WillCa03","Caleb Williams","QB","CHI","CAR",75,75,1,1,,40,,"pass_play_personnel_share","PROXY_PERSONNEL_PRESENCE",0,40,0,0,0,319,0,,,3,35,0.0857142857142857,,,31,0,3,0,2,0,2,1,0,7,10,0,0.2,0,0,0,0,0,0,0,0,4,1,0,0,TRUE,FALSE,3.50666666666667,FALSE,,FALSE
2026,1,"2026_01_CHI_CAR","00-0039919","11620","OdunRo00","Rome Odunze","WR","CHI","CAR",36,75,0.48,0.48,,40,,"pass_play_personnel_share","PROXY_PERSONNEL_PRESENCE",3,40,0.075,2,90,319,0.282131661442006,30,,0,35,0,,0.166666666666667,0,0,0,0,0,0,0,0,0,7,10,0,0,0,0,2,0,0,0,0,0,4,1,0,0,TRUE,FALSE,3.50666666666667,FALSE,,FALSE
2026,1,"2026_01_CLE_JAX","00-0039920","11617","CorlMa00","Malachi Corley","WR","CLE","JAX",0,51,0,0,,32,,"pass_play_personnel_share","PROXY_PERSONNEL_PRESENCE",0,32,0,0,0,228,0,,,0,19,0,,0,0,0,0,0,0,0,0,0,0,4,3,0,0,0,0,0,0,1,34,0,0,6,2,0.166666666666667,0,FALSE,TRUE,-23.3529411764706,FALSE,,FALSE
2026,1,"2026_01_GB_MIN","00-0039924","11667","TurnDa01","Dallas Turner","LB","MIN","GB",0,62,0,0,,34,,"pass_play_personnel_share","UNRELIABLE_NON_ELIGIBLE_POSITION",0,34,0,0,0,176,0,,,0,28,0,,,0,0,0,0,0,0,0,0,0,7,8,0,0,0,0,0,0,0,0,0,0,5,1,0,0,FALSE,FALSE,-5.9516129032258,FALSE,,FALSE
2026,1,"2026_01_DAL_NYG","00-0040008","12559","ReveSh00","Shavon Revel","DB","DAL","NYG",0,58,0,0,,41,,"pass_play_personnel_share","UNRELIABLE_NON_ELIGIBLE_POSITION",0,41,0,0,0,309,0,,,0,17,0,,,0,0,0,0,0,0,0,0,0,6,4,0,0,0,0,0,0,0,0,0,0,5,,0,,FALSE,FALSE,-8.68965517241379,FALSE,,FALSE
2026,1,"2026_01_GB_MIN","00-0040010","12644","SorrBa00","Barryn Sorrell","LB","GB","MIN",0,68,0,0,,46,,"pass_play_personnel_share","UNRELIABLE_NON_ELIGIBLE_POSITION",0,46,0,0,0,469,0,,,0,22,0,,,0,0,0,0,0,0,0,0,0,7,3,0,0,0,0,0,0,0,0,0,0,6,4,0,0,FALSE,FALSE,1.41176470588236,FALSE,,FALSE
2026,1,"2026_01_DAL_NYG","00-0040011","12614","JameSh00","Shemar James","LB","DAL","NYG",0,58,0,0,,41,,"pass_play_personnel_share","UNRELIABLE_NON_ELIGIBLE_POSITION",0,41,0,0,0,309,0,,,0,17,0,,,0,0,0,0,0,0,0,0,0,6,4,0,0,0,0,0,0,0,0,0,0,5,,0,,FALSE,FALSE,-8.68965517241379,FALSE,,FALSE
2026,1,"2026_01_WAS_PHI","00-0040013","12667","MondSm01","Smael Mondon","LB","PHI","WAS",0,53,0,0,,34,,"pass_play_personnel_share","UNRELIABLE_NON_ELIGIBLE_POSITION",0,34,0,0,0,225,0,,,0,19,0,,,0,0,0,0,0,0,0,0,0,3,4,0,0,0,0,0,0,0,0,0,0,3,5,0,0,FALSE,FALSE,1.83018867924528,FALSE,,FALSE
2026,1,"2026_01_NYJ_TEN","00-0040020","12730","RobiMi01","Micah Robinson","DB","TEN","NYJ",0,50,0,0,,40,,"pass_play_personnel_share","UNRELIABLE_NON_ELIGIBLE_POSITION",0,40,0,0,0,190,0,,,0,10,0,,,0,0,0,0,0,0,0,0,0,3,0,0,,0,0,0,0,0,0,0,0,3,1,0,0,FALSE,FALSE,-12.58,FALSE,,FALSE
2026,1,"2026_01_WAS_PHI","00-0040024","13150","CoopDa01","Darius Cooper","WR","PHI","WAS",8,53,0.15,0.150943396226415,,34,,"pass_play_personnel_share","PROXY_PERSONNEL_PRESENCE",0,34,0,0,0,225,0,,,0,19,0,,0,0,0,0,0,0,0,0,0,0,3,4,0,0,0,0,0,0,0,0,0,0,3,5,0,0,TRUE,FALSE,1.83018867924528,FALSE,,FALSE
2026,1,"2026_01_NYJ_TEN","00-0040041","12927","StacNa00","Nazir Stackhouse","DL","TEN","NYJ",0,50,0,0,,40,,"pass_play_personnel_share","UNRELIABLE_NON_ELIGIBLE_POSITION",0,40,0,0,0,190,0,,,0,10,0,,,0,0,0,0,0,0,0,0,0,3,0,0,,0,0,0,0,0,0,0,0,3,1,0,0,FALSE,FALSE,-12.58,FALSE,,FALSE
2026,1,"2026_01_DAL_NYG","00-0040045","12855","ClarAl01","Alijah Clark","DB","DAL","NYG",0,58,0,0,,41,,"pass_play_personnel_share","UNRELIABLE_NON_ELIGIBLE_POSITION",0,41,0,0,0,309,0,,,0,17,0,,,0,0,0,0,0,0,0,0,0,6,4,0,0,0,0,0,0,0,0,0,0,5,,0,,FALSE,FALSE,-8.68965517241379,FALSE,,FALSE
2026,1,"2026_01_ATL_PIT","00-0040056","13048","IveyJa00","Jared Ivey","DL","ATL","PIT",0,60,0,0,,28,,"pass_play_personnel_share","UNRELIABLE_NON_ELIGIBLE_POSITION",0,28,0,0,0,77,0,,,0,32,0,,,0,0,0,0,0,0,0,0,0,0,0,,,0,0,0,0,0,0,0,0,4,3,0,0,FALSE,FALSE,-5.28333333333333,FALSE,,FALSE
2026,1,"2026_01_NE_SEA","00-0040061",,"OTooCo00","Connor O'Toole","LB","SEA","NE",0,49,0,0,,28,,"pass_play_personnel_share","UNRELIABLE_NON_ELIGIBLE_POSITION",0,28,0,0,0,154,0,,,0,21,0,,,0,0,0,0,0,0,0,0,0,5,2,0,0,0,0,0,0,0,0,0,0,3,4,0,0,FALSE,FALSE,-4.6734693877551,FALSE,,FALSE
2026,1,"2026_01_MIA_LV","00-0040066",,"WoodJa02","Jackson Woodard","LB","MIA","LV",0,55,0,0,,40,,"pass_play_personnel_share","UNRELIABLE_NON_ELIGIBLE_POSITION",0,40,0,0,0,309,0,,,0,15,0,,,0,0,0,0,0,0,0,0,0,2,3,0,0,0,0,0,0,0,0,0,0,5,1,0,0,FALSE,FALSE,-10.4545454545455,FALSE,,FALSE
2026,1,"2026_01_WAS_PHI","00-0040071","12678","McWiMa01","Mac McWilliams","DB","PHI","WAS",0,53,0,0,,34,,"pass_play_personnel_share","UNRELIABLE_NON_ELIGIBLE_POSITION",0,34,0,0,0,225,0,,,0,19,0,,,0,0,0,0,0,0,0,0,0,3,4,0,0,0,0,0,0,0,0,0,0,3,5,0,0,FALSE,FALSE,1.83018867924528,FALSE,,FALSE
2026,1,"2026_01_DEN_KC","00-0040072","12672","BassJe00","Jeffrey Bassa","LB","KC","DEN",0,66,0,0,,34,,"pass_play_personnel_share","UNRELIABLE_NON_ELIGIBLE_POSITION",0,34,0,0,0,133,0,,,0,32,0,,,0,0,0,0,0,0,0,0,0,7,4,0,0,0,0,0,0,0,0,0,0,3,4,0,0,FALSE,FALSE,6.83333333333333,FALSE,,FALSE
2026,1,"2026_01_BAL_IND","00-0040074","12711","LoopTy00","Tyler Loop","K","BAL","IND",0,64,0,0,,32,,"pass_play_personnel_share","UNRELIABLE_NON_ELIGIBLE_POSITION",0,32,0,0,0,270,0,,,0,32,0,,,0,0,0,0,0,0,0,0,0,5,7,0,0,0,0,0,0,0,0,0,0,5,5,0,0,FALSE,FALSE,11.125,FALSE,,FALSE
2026,1,"2026_01_BAL_IND","00-0040075","12699","WestLa01","LaJohntay Wester","WR","BAL","IND",20,64,0.29,0.3125,,32,,"pass_play_personnel_share","PROXY_PERSONNEL_PRESENCE",2,32,0.0625,2,11,270,0.0407407407407407,5.5,,0,32,0,,0.142857142857143,0,0,0,0,0,0,0,0,0,5,7,0,0,0,0,2,0,1,30,5,30,5,5,0.2,1,TRUE,TRUE,11.125,FALSE,,FALSE
2026,1,"2026_01_BAL_IND","00-0040076","12696","PeebAe00","Aeneas Peebles","DL","BAL","IND",0,64,0,0,,32,,"pass_play_personnel_share","UNRELIABLE_NON_ELIGIBLE_POSITION",0,32,0,0,0,270,0,,,0,32,0,,,0,0,0,0,0,0,0,0,0,5,7,0,0,0,0,0,0,0,0,0,0,5,5,0,0,FALSE,FALSE,11.125,FALSE,,FALSE
2026,1,"2026_01_DEN_KC","00-0040078","12455","SmitBr09","Brashard Smith","RB","KC","DEN",0,66,0,0,,34,,"pass_play_personnel_share","PROXY_PERSONNEL_PRESENCE",0,34,0,0,0,133,0,,,0,32,0,0,,0,0,0,0,0,0,0,0,0,7,4,0,0,0,0,0,0,0,0,0,0,3,4,0,0,FALSE,FALSE,6.83333333333333,FALSE,,FALSE
2026,1,"2026_01_DEN_KC","00-0040081","12817","BrinJa00","Jake Briningstool","TE","KC","DEN",13,66,0.19,0.196969696969697,,34,,"pass_play_personnel_share","PROXY_PERSONNEL_PRESENCE",1,34,0.0294117647058824,1,4,133,0.0300751879699248,4,,0,32,0,,0.142857142857143,0,0,0,0,0,0,0,0,0,7,4,0,0,0,0,1,0,0,0,0,0,3,4,0,0,TRUE,FALSE,6.83333333333333,FALSE,,FALSE
2026,1,"2026_01_TB_CIN","00-0040089",,"KnowKe00","Kevin Knowles","DB","TB","CIN",0,56,0,0,,39,,"pass_play_personnel_share","UNRELIABLE_NON_ELIGIBLE_POSITION",0,39,0,0,0,143,0,,,0,17,0,,,0,0,0,0,0,0,0,0,0,7,3,0,0,0,0,0,0,0,0,0,0,7,1,0,0,FALSE,FALSE,-9.80357142857143,FALSE,,FALSE
2026,1,"2026_01_BAL_IND","00-0040100","13024","HiggJa01","Jay Higgins","LB","BAL","IND",0,64,0,0,,32,,"pass_play_personnel_share","UNRELIABLE_NON_ELIGIBLE_POSITION",0,32,0,0,0,270,0,,,0,32,0,,,0,0,0,0,0,0,0,0,0,5,7,0,0,0,0,0,0,0,0,0,0,5,5,0,0,FALSE,FALSE,11.125,FALSE,,FALSE
2026,1,"2026_01_BAL_IND","00-0040104",,"JackKe03","Keondre Jackson","DB","BAL","IND",0,64,0,0,,32,,"pass_play_personnel_share","UNRELIABLE_NON_ELIGIBLE_POSITION",0,32,0,0,0,270,0,,,0,32,0,,,0,0,0,0,0,0,0,0,0,5,7,0,0,0,0,0,0,0,0,0,0,5,5,0,0,FALSE,FALSE,11.125,FALSE,,FALSE
2026,1,"2026_01_DEN_KC","00-0040118","13174","McDoCo01","Cooper McDonald","LB","KC","DEN",0,66,0,0,,34,,"pass_play_personnel_share","UNRELIABLE_NON_ELIGIBLE_POSITION",0,34,0,0,0,133,0,,,0,32,0,,,0,0,0,0,0,0,0,0,0,7,4,0,0,0,0,0,0,0,0,0,0,3,4,0,0,FALSE,FALSE,6.83333333333333,FALSE,,FALSE
2026,1,"2026_01_MIA_LV","00-0040122","12527","JeanAs00","Ashton Jeanty","RB","LV","MIA",50,65,0.74,0.769230769230769,,32,,"pass_play_personnel_share","PROXY_PERSONNEL_PRESENCE",6,32,0.1875,6,18,226,0.079646017699115,3,,23,33,0.696969696969697,0.741935483870968,,0,0,0,4,3,0,0,0,0,8,4,0.5,0.75,3,2,2,0,0,0,0,0,2,4,0,0,TRUE,FALSE,7.52307692307692,FALSE,,FALSE
2026,1,"2026_01_CHI_CAR","00-0040124","12526","McMiTe00","Tetairoa McMillan","WR","CAR","CHI",56,68,0.82,0.823529411764706,,46,,"pass_play_personnel_share","PROXY_PERSONNEL_PRESENCE",8,46,0.173913043478261,5,119,366,0.325136612021858,14.875,,0,22,0,,0.4,0,0,0,1,0,0,0,0,0,10,5,0.1,0,0,0,0,0,0,0,0,0,7,2,0,0,TRUE,FALSE,-9.88235294117648,FALSE,,FALSE
2026,1,"2026_01_CHI_CAR","00-0040126","12517","LoveCo00","Colston Loveland","TE","CHI","CAR",65,75,0.87,0.866666666666667,,40,,"pass_play_personnel_share","PROXY_PERSONNEL_PRESENCE",2,40,0.05,0,30,319,0.0940438871473354,15,,0,35,0,,0.4,0,0,0,1,0,0,0,0,1,7,10,0.142857142857143,0,0,0,0,0,0,0,0,0,4,1,0,0,TRUE,FALSE,3.50666666666667,FALSE,,FALSE
2026,1,"2026_01_BAL_IND","00-0040128","12518","WarrTy00","Tyler Warren","TE","IND","BAL",50,54,0.93,0.925925925925926,,35,,"pass_play_personnel_share","PROXY_PERSONNEL_PRESENCE",5,35,0.142857142857143,3,23,201,0.114427860696517,4.6,,0,19,0,,0.833333333333333,0,0,0,1,0,1,0,0,0,3,5,0.333333333333333,0,0,0,1,0,0,0,0,0,6,2,0,0,TRUE,FALSE,-13.4259259259259,FALSE,,FALSE
2026,1,"2026_01_TB_CIN","00-0040129","12514","EgbuEm01","Emeka Egbuka","WR","TB","CIN",49,56,0.86,0.875,,39,,"pass_play_personnel_share","PROXY_PERSONNEL_PRESENCE",6,39,0.153846153846154,5,84,143,0.587412587412587,14,,0,17,0,,0.428571428571429,0,0,0,0,0,0,0,0,0,7,3,0,0,1,0,0,0,0,0,0,0,7,1,0,0,TRUE,FALSE,-9.80357142857143,FALSE,,FALSE
2026,1,"2026_01_NE_SEA","00-0040131","12547","WillKy03","Kyle Williams","WR","NE","SEA",12,71,0.17,0.169014084507042,,44,,"pass_play_personnel_share","PROXY_PERSONNEL_PRESENCE",0,44,0,0,0,221,0,,,0,27,0,,0,0,0,0,0,0,0,0,0,0,2,0,0,,0,0,0,0,2,58,0,0,4,2,0.5,0,TRUE,TRUE,1.87323943661972,FALSE,,FALSE
2026,1,"2026_01_BUF_HOU","00-0040132","12580","JackLa03","Landon Jackson","DL","BUF","HOU",0,56,0,0,,37,,"pass_play_personnel_share","UNRELIABLE_NON_ELIGIBLE_POSITION",0,37,0,0,0,383,0,,,0,19,0,,,0,0,0,0,0,0,0,0,0,6,3,0,0,0,0,0,0,0,0,0,0,5,2,0,0,FALSE,FALSE,-0.0178571428571427,FALSE,,FALSE
2026,1,"2026_01_NYJ_TEN","00-0040133","12601","ThomAz00","Azareye'h Thomas","DB","NYJ","TEN",0,64,0,0,,28,,"pass_play_personnel_share","UNRELIABLE_NON_ELIGIBLE_POSITION",0,28,0,0,0,168,0,,,0,36,0,,,0,0,0,0,0,0,0,0,0,2,5,0,0,0,0,0,0,0,0,0,0,,3,,0,FALSE,FALSE,7.65625,FALSE,,FALSE
2026,1,"2026_01_DEN_KC","00-0040134","12492","BryaPa00","Pat Bryant","WR","DEN","KC",30,50,0.59,0.6,,35,,"pass_play_personnel_share","PROXY_PERSONNEL_PRESENCE",6,35,0.171428571428571,4,25,92,0.271739130434783,4.16666666666667,,0,15,0,,0.4,0,0,0,0,0,0,0,0,0,4,1,0,0,1,0,1,0,0,0,0,0,5,3,0,0,TRUE,FALSE,-9.24,FALSE,,FALSE
2026,1,"2026_01_CHI_CAR","00-0040136","12610","UmanPr00","Princely Umanmielen","LB","CAR","CHI",0,68,0,0,,46,,"pass_play_personnel_share","UNRELIABLE_NON_ELIGIBLE_POSITION",0,46,0,0,0,366,0,,,0,22,0,,,0,0,0,0,0,0,0,0,0,10,5,0,0,0,0,0,0,0,0,0,0,7,2,0,0,FALSE,FALSE,-9.88235294117648,FALSE,,FALSE
2026,1,"2026_01_ARI_LAC","00-0040137","12579","BurcJo00","Jordan Burch","LB","ARI","LAC",0,72,0,0,,42,,"pass_play_personnel_share","UNRELIABLE_NON_ELIGIBLE_POSITION",0,42,0,0,0,283,0,,,0,30,0,,,0,0,0,0,0,0,0,0,0,8,6,0,0,0,0,0,0,0,0,0,0,3,2,0,0,FALSE,FALSE,2.86111111111111,FALSE,,FALSE
2026,1,"2026_01_BUF_HOU","00-0040138","12536","NoelJa00","Jaylin Noel","WR","HOU","BUF",24,79,0.3,0.30379746835443,,48,,"pass_play_personnel_share","PROXY_PERSONNEL_PRESENCE",2,48,0.0416666666666667,2,26,322,0.0807453416149068,13,,0,31,0,,0.0952380952380952,0,0,0,0,0,0,0,0,0,6,5,0,0,1,0,2,0,3,70,1,0,8,1,0.375,1,TRUE,TRUE,-3.83544303797468,FALSE,,FALSE
2026,1,"2026_01_BAL_IND","00-0040139","12625","WallJu00","Justin Walley","DB","IND","BAL",0,54,0,0,,35,,"pass_play_personnel_share","UNRELIABLE_NON_ELIGIBLE_POSITION",0,35,0,0,0,201,0,,,0,19,0,,,0,0,0,0,0,0,0,0,0,3,5,0,0,0,0,0,0,0,0,0,0,6,2,0,0,FALSE,FALSE,-13.4259259259259,FALSE,,FALSE
2026,1,"2026_01_NYJ_TEN","00-0040141","12588","WinsKe02","Kevin Winston","DB","TEN","NYJ",0,50,0,0,,40,,"pass_play_personnel_share","UNRELIABLE_NON_ELIGIBLE_POSITION",0,40,0,0,0,190,0,,,0,10,0,,,0,0,0,0,0,0,0,0,0,3,0,0,,0,0,0,0,0,0,0,0,3,1,0,0,FALSE,FALSE,-12.58,FALSE,,FALSE
2026,1,"2026_01_GB_MIN","00-0040142","12504","JohnKa03","Kaleb Johnson","RB","GB","MIN",0,68,0,0,,46,,"pass_play_personnel_share","PROXY_PERSONNEL_PRESENCE",0,46,0,0,0,469,0,,,0,22,0,0,,0,0,0,0,0,0,0,0,0,7,3,0,0,0,0,0,0,2,52,0,0,6,4,0.333333333333333,0,FALSE,TRUE,1.41176470588236,FALSE,,FALSE
2026,1,"2026_01_TB_CIN","00-0040143","12605","ParrJa01","Jacob Parrish","DB","TB","CIN",0,56,0,0,,39,,"pass_play_personnel_share","UNRELIABLE_NON_ELIGIBLE_POSITION",0,39,0,0,0,143,0,,,0,17,0,,,0,0,0,0,0,0,0,0,0,7,3,0,0,0,0,0,0,0,0,0,0,7,1,0,0,FALSE,FALSE,-9.80357142857143,FALSE,,FALSE
2026,1,"2026_01_ARI_LAC","00-0040144","12620","CaldJa00","Jamaree Caldwell","DL","LAC","ARI",0,55,0,0,,39,,"pass_play_personnel_share","UNRELIABLE_NON_ELIGIBLE_POSITION",0,39,0,0,0,273,0,,,0,16,0,,,0,0,0,0,0,0,0,0,0,7,4,0,0,0,0,0,0,0,0,0,0,4,1,0,0,FALSE,FALSE,-5.67272727272727,FALSE,,FALSE
2026,1,"2026_01_CLE_JAX","00-0040145","12632","RansCa00","Caleb Ransaw","DB","JAX","CLE",0,54,0,0,,25,,"pass_play_personnel_share","UNRELIABLE_NON_ELIGIBLE_POSITION",0,25,0,0,0,242,0,,,0,29,0,,,0,0,0,0,0,0,0,0,0,2,1,0,0,0,0,0,0,0,0,0,0,3,3,0,0,FALSE,FALSE,16.3703703703704,FALSE,,FALSE
2026,1,"2026_01_ATL_PIT","00-0040148","12591","WattXa00","Xavier Watts","DB","ATL","PIT",0,60,0,0,,28,,"pass_play_personnel_share","UNRELIABLE_NON_ELIGIBLE_POSITION",0,28,0,0,0,77,0,,,0,32,0,,,0,0,0,0,0,0,0,0,0,0,0,,,0,0,0,0,0,0,0,0,4,3,0,0,FALSE,FALSE,-5.28333333333333,FALSE,,FALSE
2026,1,"2026_01_BUF_HOU","00-0040149","12626","SmitJa11","Jaylin Smith","DB","HOU","BUF",0,79,0,0,,48,,"pass_play_personnel_share","UNRELIABLE_NON_ELIGIBLE_POSITION",0,48,0,0,0,322,0,,,0,31,0,,,0,0,0,0,0,0,0,0,0,6,5,0,0,0,0,0,0,0,0,0,0,8,1,0,0,FALSE,FALSE,-3.83544303797468,FALSE,,FALSE
2026,1,"2026_01_SF_LA","00-0040152","12631","StouUp00","Upton Stout","DB","SF","LAR",0,65,0,0,,37,,"pass_play_personnel_share","UNRELIABLE_NON_ELIGIBLE_POSITION",0,37,0,0,0,149,0,,,0,28,0,,,0,0,0,0,0,0,0,0,0,8,2,0,0,0,0,0,0,0,0,0,0,2,3,0,0,FALSE,FALSE,4.13846153846154,FALSE,,FALSE
2026,1,"2026_01_DEN_KC","00-0040153","12628","JoneSa01","Sai'vion Jones","DL","DEN","KC",0,50,0,0,,35,,"pass_play_personnel_share","UNRELIABLE_NON_ELIGIBLE_POSITION",0,35,0,0,0,92,0,,,0,15,0,,,0,0,0,0,0,0,0,0,0,4,1,0,0,0,0,0,0,0,0,0,0,5,3,0,0,FALSE,FALSE,-9.24,FALSE,,FALSE
2026,1,"2026_01_GB_MIN","00-0040154","12496","FeltTa00","Tai Felton","WR","MIN","GB",3,62,0.05,0.0483870967741935,,34,,"pass_play_personnel_share","PROXY_PERSONNEL_PRESENCE",0,34,0,0,0,176,0,,,0,28,0,,0,0,0,0,0,0,0,0,0,0,7,8,0,0,0,0,0,0,0,0,0,0,5,1,0,0,TRUE,FALSE,-5.9516129032258,FALSE,,FALSE
2026,1,"2026_01_NO_DET","00-0040155","12650","StutDa00","Danny Stutsman","LB","NO","DET",0,89,0,0,,66,,"pass_play_personnel_share","UNRELIABLE_NON_ELIGIBLE_POSITION",0,66,0,0,0,482,0,,,0,23,0,,,0,0,0,0,0,0,0,0,0,10,3,0,0,0,0,0,0,0,0,0,0,4,5,0,0,FALSE,FALSE,-8.50561797752809,TRUE,,FALSE
2026,1,"2026_01_TB_CIN","00-0040157","12646","CartBa00","Barrett Carter","LB","CIN","TB",0,63,0,0,,38,,"pass_play_personnel_share","UNRELIABLE_NON_ELIGIBLE_POSITION",0,38,0,0,0,226,0,,,0,25,0,,,0,0,0,0,0,0,0,0,0,7,8,0,0,0,0,0,0,0,0,0,0,6,,0,,FALSE,FALSE,8.85714285714286,FALSE,,FALSE
2026,1,"2026_01_TB_CIN","00-0040158","12645","WalkDa03","David Walker","LB","TB","CIN",0,56,0,0,,39,,"pass_play_personnel_share","UNRELIABLE_NON_ELIGIBLE_POSITION",0,39,0,0,0,143,0,,,0,17,0,,,0,0,0,0,0,0,0,0,0,7,3,0,0,0,0,0,0,0,0,0,0,7,1,0,0,FALSE,FALSE,-9.80357142857143,FALSE,,FALSE
2026,1,"2026_01_CHI_CAR","00-0040159","12611","RansLa00","Lathan Ransom","DB","CAR","CHI",0,68,0,0,,46,,"pass_play_personnel_share","UNRELIABLE_NON_ELIGIBLE_POSITION",0,46,0,0,0,366,0,,,0,22,0,,,0,0,0,0,0,0,0,0,0,10,5,0,0,0,0,0,0,0,0,0,0,7,2,0,0,FALSE,FALSE,-9.88235294117648,FALSE,,FALSE
2026,1,"2026_01_ATL_PIT","00-0040160","12593","SawyJa00","Jack Sawyer","LB","PIT","ATL",0,65,0,0,,47,,"pass_play_personnel_share","UNRELIABLE_NON_ELIGIBLE_POSITION",0,47,0,0,0,407,0,,,0,18,0,,,0,0,0,0,0,0,0,0,0,5,1,0,0,0,0,0,0,0,0,0,0,3,4,0,0,FALSE,FALSE,3.12307692307692,FALSE,,FALSE
2026,1,"2026_01_CLE_JAX","00-0040162","12469","SampDy00","Dylan Sampson","RB","CLE","JAX",0,51,0,0,,32,,"pass_play_personnel_share","PROXY_PERSONNEL_PRESENCE",0,32,0,0,0,228,0,,,0,19,0,0,,0,0,0,0,0,0,0,0,0,4,3,0,0,0,0,0,0,2,64,0,0,6,2,0.333333333333333,0,FALSE,TRUE,-23.3529411764706,FALSE,,FALSE
2026,1,"2026_01_WAS_PHI","00-0040164","12641","LaneJa00","Jaylin Lane","WR","WAS","PHI",18,70,0.26,0.257142857142857,,41,,"pass_play_personnel_share","PROXY_PERSONNEL_PRESENCE",1,41,0.024390243902439,1,4,317,0.0126182965299685,4,,0,29,0,,0.05,0,0,0,0,0,0,0,0,0,9,7,0,0,1,0,0,0,3,95,4,53,5,4,0.6,1,TRUE,TRUE,-5.57142857142857,FALSE,,FALSE
2026,1,"2026_01_NYJ_TEN","00-0040165","12639","MoorMa04","Malachi Moore","DB","NYJ","TEN",0,64,0,0,,28,,"pass_play_personnel_share","UNRELIABLE_NON_ELIGIBLE_POSITION",0,28,0,0,0,168,0,,,0,36,0,,,0,0,0,0,0,0,0,0,0,2,5,0,0,0,0,0,0,0,0,0,0,,3,,0,FALSE,FALSE,7.65625,FALSE,,FALSE
2026,1,"2026_01_NO_DET","00-0040166","12638","RileQu00","Quincy Riley","DB","NO","DET",0,89,0,0,,66,,"pass_play_personnel_share","UNRELIABLE_NON_ELIGIBLE_POSITION",0,66,0,0,0,482,0,,,0,23,0,,,0,0,0,0,0,0,0,0,0,10,3,0,0,0,0,0,0,0,0,0,0,4,5,0,0,FALSE,FALSE,-8.50561797752809,TRUE,,FALSE
2026,1,"2026_01_DEN_KC","00-0040168","12636","RobiQu00","Quandarrius Robinson","LB","DEN","KC",0,50,0,0,,35,,"pass_play_personnel_share","UNRELIABLE_NON_ELIGIBLE_POSITION",0,35,0,0,0,92,0,,,0,15,0,,,0,0,0,0,0,0,0,0,0,4,1,0,0,0,0,0,0,0,0,0,0,5,3,0,0,FALSE,FALSE,-9.24,FALSE,,FALSE
2026,1,"2026_01_MIA_LV","00-0040169","12635","HemiTo00","Tonka Hemingway","DL","LV","MIA",0,65,0,0,,32,,"pass_play_personnel_share","UNRELIABLE_NON_ELIGIBLE_POSITION",0,32,0,0,0,226,0,,,0,33,0,,,0,0,0,0,0,0,0,0,0,8,4,0,0,0,0,0,0,0,0,0,0,2,4,0,0,FALSE,FALSE,7.52307692307692,FALSE,,FALSE
2026,1,"2026_01_NYJ_TEN","00-0040170","12499","AyomEl00","Elic Ayomanor","WR","TEN","NYJ",26,50,0.52,0.52,,40,,"pass_play_personnel_share","PROXY_PERSONNEL_PRESENCE",3,40,0.075,1,41,190,0.215789473684211,13.6666666666667,,0,10,0,,0.1875,0,0,0,2,0,0,0,0,1,3,0,0.666666666666667,,2,0,0,0,0,0,0,0,3,1,0,0,TRUE,FALSE,-12.58,FALSE,,FALSE
2026,1,"2026_01_NE_SEA","00-0040171","12587","FarmJo00","Joshua Farmer","DL","NE","SEA",0,71,0,0,,44,,"pass_play_personnel_share","UNRELIABLE_NON_ELIGIBLE_POSITION",0,44,0,0,0,221,0,,,0,27,0,,,0,0,0,0,0,0,0,0,0,2,0,0,,0,0,0,0,0,0,0,0,4,2,0,0,FALSE,FALSE,1.87323943661972,FALSE,,FALSE
2026,1,"2026_01_GB_MIN","00-0040173","12683","IngrTy00","Tyrion Ingram-Dawkins","DL","MIN","GB",0,62,0,0,,34,,"pass_play_personnel_share","UNRELIABLE_NON_ELIGIBLE_POSITION",0,34,0,0,0,176,0,,,0,28,0,,,0,0,0,0,0,0,0,0,0,7,8,0,0,0,0,0,0,0,0,0,0,5,1,0,0,FALSE,FALSE,-5.9516129032258,FALSE,,FALSE
2026,1,"2026_01_MIA_LV","00-0040175","12679","PhilJo02","Jordan Phillips","DL","MIA","LV",0,55,0,0,,40,,"pass_play_personnel_share","UNRELIABLE_NON_ELIGIBLE_POSITION",0,40,0,0,0,309,0,,,0,15,0,,,0,0,0,0,0,0,0,0,0,2,3,0,0,0,0,0,0,0,0,0,0,5,1,0,0,FALSE,FALSE,-10.4545454545455,FALSE,,FALSE
2026,1,"2026_01_MIA_LV","00-0040178","12675","MarsJa00","Jason Marshall","DB","MIA","LV",0,55,0,0,,40,,"pass_play_personnel_share","UNRELIABLE_NON_ELIGIBLE_POSITION",0,40,0,0,0,309,0,,,0,15,0,,,0,0,0,0,0,0,0,0,0,2,3,0,0,0,0,0,0,0,0,0,0,5,1,0,0,FALSE,FALSE,-10.4545454545455,FALSE,,FALSE
2026,1,"2026_01_MIA_LV","00-0040182","12673","TradDa00","Dante Trader","DB","MIA","LV",0,55,0,0,,40,,"pass_play_personnel_share","UNRELIABLE_NON_ELIGIBLE_POSITION",0,40,0,0,0,309,0,,,0,15,0,,,0,0,0,0,0,0,0,0,0,2,3,0,0,0,0,0,0,0,0,0,0,5,1,0,0,FALSE,FALSE,-10.4545454545455,FALSE,,FALSE
2026,1,"2026_01_TB_CIN","00-0040183","12671","RobeEl01","Elijah Roberts","DL","TB","CIN",0,56,0,0,,39,,"pass_play_personnel_share","UNRELIABLE_NON_ELIGIBLE_POSITION",0,39,0,0,0,143,0,,,0,17,0,,,0,0,0,0,0,0,0,0,0,7,3,0,0,0,0,0,0,0,0,0,0,7,1,0,0,FALSE,FALSE,-9.80357142857143,FALSE,,FALSE
2026,1,"2026_01_ARI_LAC","00-0040184","12670","LambKe01","KeAndre Lambert-Smith","WR","LAC","ARI",0,55,0,0,,39,,"pass_play_personnel_share","PROXY_PERSONNEL_PRESENCE",0,39,0,0,0,273,0,,,0,16,0,,0,0,0,0,0,0,0,0,0,0,7,4,0,0,0,0,0,0,0,0,0,0,4,1,0,0,FALSE,FALSE,-5.67272727272727,FALSE,,FALSE
2026,1,"2026_01_SF_LA","00-0040185","12668","SiglMa00","Marques Sigle","DB","SF","LAR",0,65,0,0,,37,,"pass_play_personnel_share","UNRELIABLE_NON_ELIGIBLE_POSITION",0,37,0,0,0,149,0,,,0,28,0,,,0,0,0,0,0,0,0,0,0,8,2,0,0,0,0,0,0,0,0,0,0,2,3,0,0,FALSE,FALSE,4.13846153846154,FALSE,,FALSE
2026,1,"2026_01_NYJ_TEN","00-0040186","12666","MauiFr00","Francisco Mauigoa","LB","NYJ","TEN",0,64,0,0,,28,,"pass_play_personnel_share","UNRELIABLE_NON_ELIGIBLE_POSITION",0,28,0,0,0,168,0,,,0,36,0,,,0,0,0,0,0,0,0,0,0,2,5,0,0,0,0,0,0,0,0,0,0,,3,,0,FALSE,FALSE,7.65625,FALSE,,FALSE
2026,1,"2026_01_CHI_CAR","00-0040187","12473","EvanMi01","Mitchell Evans","TE","CAR","CHI",27,68,0.4,0.397058823529412,,46,,"pass_play_personnel_share","PROXY_PERSONNEL_PRESENCE",2,46,0.0434782608695652,1,9,366,0.0245901639344262,4.5,,0,22,0,,0.222222222222222,0,0,0,2,0,1,0,0,1,10,5,0.2,0,0,0,0,0,0,0,0,0,7,2,0,0,TRUE,FALSE,-9.88235294117648,FALSE,,FALSE
2026,1,"2026_01_ATL_PIT","00-0040188","12665","BlacYa00","Yahya Black","DL","PIT","ATL",0,65,0,0,,47,,"pass_play_personnel_share","UNRELIABLE_NON_ELIGIBLE_POSITION",0,47,0,0,0,407,0,,,0,18,0,,,0,0,0,0,0,0,0,0,0,5,1,0,0,0,0,0,0,0,0,0,0,3,4,0,0,FALSE,FALSE,3.12307692307692,FALSE,,FALSE
2026,1,"2026_01_ARI_LAC","00-0040189","12493","GadsOr01","Oronde Gadsden","TE","LAC","ARI",10,55,0.18,0.181818181818182,,39,,"pass_play_personnel_share","PROXY_PERSONNEL_PRESENCE",2,39,0.0512820512820513,2,7,273,0.0256410256410256,3.5,,0,16,0,,0.285714285714286,0,0,0,0,0,0,0,0,0,7,4,0,0,0,0,1,0,0,0,0,0,4,1,0,0,TRUE,FALSE,-5.67272727272727,FALSE,,FALSE
2026,1,"2026_01_BUF_HOU","00-0040192","12661","HancJo00","Jordan Hancock","DB","BUF","HOU",0,56,0,0,,37,,"pass_play_personnel_share","UNRELIABLE_NON_ELIGIBLE_POSITION",0,37,0,0,0,383,0,,,0,19,0,,,0,0,0,0,0,0,0,0,0,6,3,0,0,0,0,0,0,0,0,0,0,5,2,0,0,FALSE,FALSE,-0.0178571428571427,FALSE,,FALSE
2026,1,"2026_01_BUF_HOU","00-0040194","12658","HaweJa00","Jackson Hawes","TE","BUF","HOU",25,56,0.43,0.446428571428571,,37,,"pass_play_personnel_share","PROXY_PERSONNEL_PRESENCE",0,37,0,0,0,383,0,,,0,19,0,,0,0,0,0,0,0,0,0,0,0,6,3,0,0,0,0,0,0,0,0,0,0,5,2,0,0,TRUE,FALSE,-0.0178571428571427,FALSE,,FALSE
2026,1,"2026_01_ARI_LAC","00-0040195","12657","BurkDe01","Denzel Burke","DB","ARI","LAC",0,72,0,0,,42,,"pass_play_personnel_share","UNRELIABLE_NON_ELIGIBLE_POSITION",0,42,0,0,0,283,0,,,0,30,0,,,0,0,0,0,0,0,0,0,0,8,6,0,0,0,0,0,0,0,0,0,0,3,2,0,0,FALSE,FALSE,2.86111111111111,FALSE,,FALSE
2026,1,"2026_01_MIA_LV","00-0040198","12495","GordOl00","Ollie Gordon","RB","MIA","LV",4,55,0.07,0.0727272727272727,,40,,"pass_play_personnel_share","PROXY_PERSONNEL_PRESENCE",0,40,0,0,0,309,0,,,0,15,0,0,,0,0,0,0,0,0,0,0,0,2,3,0,0,0,0,0,0,0,0,0,0,5,1,0,0,TRUE,FALSE,-10.4545454545455,FALSE,,FALSE
2026,1,"2026_01_NE_SEA","00-0040200","12713","BorrAn00","Andres Borregales","K","NE","SEA",0,71,0,0,,44,,"pass_play_personnel_share","UNRELIABLE_NON_ELIGIBLE_POSITION",0,44,0,0,0,221,0,,,0,27,0,,,0,0,0,0,0,0,0,0,0,2,0,0,,0,0,0,0,0,0,0,0,4,2,0,0,FALSE,FALSE,1.87323943661972,FALSE,,FALSE
2026,1,"2026_01_NYJ_TEN","00-0040201","12712","HarrMa10","Marcus Harris","DB","TEN","NYJ",0,50,0,0,,40,,"pass_play_personnel_share","UNRELIABLE_NON_ELIGIBLE_POSITION",0,40,0,0,0,190,0,,,0,10,0,,,0,0,0,0,0,0,0,0,0,3,0,0,,0,0,0,0,0,0,0,0,3,1,0,0,FALSE,FALSE,-12.58,FALSE,,FALSE
2026,1,"2026_01_NE_SEA","00-0040204","12710","ReedJa04","Jaylen Reed","DB","NE","SEA",0,71,0,0,,44,,"pass_play_personnel_share","UNRELIABLE_NON_ELIGIBLE_POSITION",0,44,0,0,0,221,0,,,0,27,0,,,0,0,0,0,0,0,0,0,0,2,0,0,,0,0,0,0,0,0,0,0,4,2,0,0,FALSE,FALSE,1.87323943661972,FALSE,,FALSE
2026,1,"2026_01_BAL_IND","00-0040207","12691","SmitTi02","Tim Smith","DL","IND","BAL",0,54,0,0,,35,,"pass_play_personnel_share","UNRELIABLE_NON_ELIGIBLE_POSITION",0,35,0,0,0,201,0,,,0,19,0,,,0,0,0,0,0,0,0,0,0,3,5,0,0,0,0,0,0,0,0,0,0,6,2,0,0,FALSE,FALSE,-13.4259259259259,FALSE,,FALSE
2026,1,"2026_01_TB_CIN","00-0040208","12543","BrooTa00","Tahj Brooks","RB","CIN","TB",2,63,0.03,0.0317460317460317,,38,,"pass_play_personnel_share","PROXY_PERSONNEL_PRESENCE",0,38,0,0,0,226,0,,,0,25,0,0,,0,0,0,0,0,0,0,0,0,7,8,0,0,0,0,0,0,2,49,0,0,6,,0.333333333333333,,TRUE,TRUE,8.85714285714286,FALSE,,FALSE
2026,1,"2026_01_CLE_JAX","00-0040213","12702","LaneRa00","Rayuan Lane","DB","JAX","CLE",0,54,0,0,,25,,"pass_play_personnel_share","UNRELIABLE_NON_ELIGIBLE_POSITION",0,25,0,0,0,242,0,,,0,29,0,,,0,0,0,0,0,0,0,0,0,2,1,0,0,0,0,0,0,0,0,0,0,3,3,0,0,FALSE,FALSE,16.3703703703704,FALSE,,FALSE
2026,1,"2026_01_GB_MIN","00-0040215","12700","BartGa00","Gavin Bartholomew","TE","MIN","GB",0,62,0,0,,34,,"pass_play_personnel_share","PROXY_PERSONNEL_PRESENCE",0,34,0,0,0,176,0,,,0,28,0,,0,0,0,0,0,0,0,0,0,0,7,8,0,0,0,0,0,0,0,0,0,0,5,1,0,0,FALSE,FALSE,-5.9516129032258,FALSE,,FALSE
2026,1,"2026_01_WAS_PHI","00-0040216","12684","MedrKa00","Kain Medrano","LB","WAS","PHI",0,70,0,0,,41,,"pass_play_personnel_share","UNRELIABLE_NON_ELIGIBLE_POSITION",0,41,0,0,0,317,0,,,0,29,0,,,0,0,0,0,0,0,0,0,0,9,7,0,0,0,0,0,0,0,0,0,0,5,4,0,0,FALSE,FALSE,-5.57142857142857,FALSE,,FALSE
2026,1,"2026_01_CHI_CAR","00-0040218","12523","HornJi00","Jimmy Horn","WR","CAR","CHI",14,68,0.21,0.205882352941176,,46,,"pass_play_personnel_share","PROXY_PERSONNEL_PRESENCE",1,46,0.0217391304347826,0,3,366,0.00819672131147541,3,,0,22,0,,0.05,0,0,0,0,0,0,0,0,0,10,5,0,0,0,0,1,0,5,101,2,17,7,2,0.714285714285714,1,TRUE,TRUE,-9.88235294117648,FALSE,,FALSE
2026,1,"2026_01_DEN_KC","00-0040223","12693","CrawJe00","Jeremy Crawshaw","P","DEN","KC",0,50,0,0,,35,,"pass_play_personnel_share","UNRELIABLE_NON_ELIGIBLE_POSITION",0,35,0,0,0,92,0,,,0,15,0,,,0,0,0,0,0,0,0,0,0,4,1,0,0,0,0,0,0,0,0,0,0,5,3,0,0,FALSE,FALSE,-9.24,FALSE,,FALSE
2026,1,"2026_01_ARI_LAC","00-0040230","12736","CrawKi00","Kitan Crawford","DB","ARI","LAC",0,72,0,0,,42,,"pass_play_personnel_share","UNRELIABLE_NON_ELIGIBLE_POSITION",0,42,0,0,0,283,0,,,0,30,0,,,0,0,0,0,0,0,0,0,0,8,6,0,0,0,0,0,0,0,0,0,0,3,2,0,0,FALSE,FALSE,2.86111111111111,FALSE,,FALSE
2026,1,"2026_01_ATL_PIT","00-0040231","12733","BrueCa00","Carson Bruener","LB","PIT","ATL",0,65,0,0,,47,,"pass_play_personnel_share","UNRELIABLE_NON_ELIGIBLE_POSITION",0,47,0,0,0,407,0,,,0,18,0,,,0,0,0,0,0,0,0,0,0,5,1,0,0,0,0,0,0,0,0,0,0,3,4,0,0,FALSE,FALSE,3.12307692307692,FALSE,,FALSE
2026,1,"2026_01_BAL_IND","00-0040235","12723","WohlHu00","Hunter Wohler","DB","IND","BAL",0,54,0,0,,35,,"pass_play_personnel_share","UNRELIABLE_NON_ELIGIBLE_POSITION",0,35,0,0,0,201,0,,,0,19,0,,,0,0,0,0,0,0,0,0,0,3,5,0,0,0,0,0,0,0,0,0,0,6,2,0,0,FALSE,FALSE,-13.4259259259259,FALSE,,FALSE
2026,1,"2026_01_CHI_CAR","00-0040236","12534","MonaKy00","Kyle Monangai","RB","CHI","CAR",32,75,0.43,0.426666666666667,,40,,"pass_play_personnel_share","PROXY_PERSONNEL_PRESENCE",2,40,0.05,2,9,319,0.0282131661442006,4.5,,10,35,0.285714285714286,0.357142857142857,,0,0,0,0,1,0,1,0,0,7,10,0,0.1,0,2,1,0,0,0,0,0,4,1,0,0,TRUE,FALSE,3.50666666666667,FALSE,,FALSE
2026,1,"2026_01_TB_CIN","00-0040237","12485","JohnTe03","Tez Johnson","WR","TB","CIN",13,56,0.23,0.232142857142857,,39,,"pass_play_personnel_share","PROXY_PERSONNEL_PRESENCE",1,39,0.0256410256410256,0,9,143,0.0629370629370629,9,,1,17,0.0588235294117647,,0.0714285714285714,0,0,0,1,0,1,0,0,1,7,3,0.142857142857143,0,0,0,0,0,0,0,1,13,7,1,0,1,TRUE,TRUE,-9.80357142857143,FALSE,,FALSE
2026,1,"2026_01_CLE_JAX","00-0040238","12544","AlleLe01","LeQuint Allen","RB","JAX","CLE",1,54,0.02,0.0185185185185185,,25,,"pass_play_personnel_share","PROXY_PERSONNEL_PRESENCE",0,25,0,0,0,242,0,,,0,29,0,0,,0,0,0,0,0,0,0,0,0,2,1,0,0,0,0,0,0,0,0,0,0,3,3,0,0,TRUE,FALSE,16.3703703703704,FALSE,,FALSE
2026,1,"2026_01_WAS_PHI","00-0040242","12533","CrosJa00","Jacory Croskey-Merritt","RB","WAS","PHI",34,70,0.49,0.485714285714286,,41,,"pass_play_personnel_share","PROXY_PERSONNEL_PRESENCE",1,41,0.024390243902439,1,-7,317,-0.0220820189274448,-7,,16,29,0.551724137931034,0.592592592592593,,0,0,0,0,1,0,1,1,0,9,7,0,0.142857142857143,0,0,0,1,0,0,0,0,5,4,0,0,TRUE,FALSE,-5.57142857142857,FALSE,,FALSE
2026,1,"2026_01_MIA_LV","00-0040248","12720","BiggZe01","Zeek Biggers","DL","MIA","LV",0,55,0,0,,40,,"pass_play_personnel_share","UNRELIABLE_NON_ELIGIBLE_POSITION",0,40,0,0,0,309,0,,,0,15,0,,,0,0,0,0,0,0,0,0,0,2,3,0,0,0,0,0,0,0,0,0,0,5,1,0,0,FALSE,FALSE,-10.4545454545455,FALSE,,FALSE
2026,1,"2026_01_CLE_JAX","00-0040255","13104","HuntAd00","Adin Huntington","DL","CLE","JAX",0,51,0,0,,32,,"pass_play_personnel_share","UNRELIABLE_NON_ELIGIBLE_POSITION",0,32,0,0,0,228,0,,,0,19,0,,,0,0,0,0,0,0,0,0,0,4,3,0,0,0,0,0,0,0,0,0,0,6,2,0,0,FALSE,FALSE,-23.3529411764706,FALSE,,FALSE
2026,1,"2026_01_CLE_JAX","00-0040261","13165","MascEa00","Easton Mascarenas-Arnold","LB","CLE","JAX",0,51,0,0,,32,,"pass_play_personnel_share","UNRELIABLE_NON_ELIGIBLE_POSITION",0,32,0,0,0,228,0,,,0,19,0,,,0,0,0,0,0,0,0,0,0,4,3,0,0,0,0,0,0,0,0,0,0,6,2,0,0,FALSE,FALSE,-23.3529411764706,FALSE,,FALSE
2026,1,"2026_01_CLE_JAX","00-0040263",,"McMiDo00","Donovan McMillon","DB","CLE","JAX",0,51,0,0,,32,,"pass_play_personnel_share","UNRELIABLE_NON_ELIGIBLE_POSITION",0,32,0,0,0,228,0,,,0,19,0,,,0,0,0,0,0,0,0,0,0,4,3,0,0,0,0,0,0,0,0,0,0,6,2,0,0,FALSE,FALSE,-23.3529411764706,FALSE,,FALSE
2026,1,"2026_01_CHI_CAR","00-0040277","13079","WalkJa03","Jahdae Walker","WR","CHI","CAR",34,75,0.45,0.453333333333333,,40,,"pass_play_personnel_share","PROXY_PERSONNEL_PRESENCE",1,40,0.025,1,1,319,0.00313479623824451,1,,0,35,0,,0.0555555555555556,0,0,0,1,0,1,0,0,1,7,10,0.142857142857143,0,1,0,0,0,0,0,0,0,4,1,0,0,TRUE,FALSE,3.50666666666667,FALSE,,FALSE
2026,1,"2026_01_CHI_CAR","00-0040279","12961","FitzRy01","Ryan Fitzgerald","K","CAR","CHI",1,68,0.01,0.0147058823529412,,46,,"pass_play_personnel_share","UNRELIABLE_NON_ELIGIBLE_POSITION",0,46,0,0,0,366,0,,,0,22,0,,,0,0,0,0,0,0,0,0,0,10,5,0,0,0,0,0,0,0,0,0,0,7,2,0,0,TRUE,FALSE,-9.88235294117648,FALSE,,FALSE
2026,1,"2026_01_CLE_JAX","00-0040326","12917","CombBr00","Branson Combs","LB","JAX","CLE",0,54,0,0,,25,,"pass_play_personnel_share","UNRELIABLE_NON_ELIGIBLE_POSITION",0,25,0,0,0,242,0,,,0,29,0,,,0,0,0,0,0,0,0,0,0,2,1,0,0,0,0,0,0,0,0,0,0,3,3,0,0,FALSE,FALSE,16.3703703703704,FALSE,,FALSE
2026,1,"2026_01_CLE_JAX","00-0040329","12910","GreeBJ00","B.J. Green","DL","JAX","CLE",0,54,0,0,,25,,"pass_play_personnel_share","UNRELIABLE_NON_ELIGIBLE_POSITION",0,25,0,0,0,242,0,,,0,29,0,,,0,0,0,0,0,0,0,0,0,2,1,0,0,0,0,0,0,0,0,0,0,3,3,0,0,FALSE,FALSE,16.3703703703704,FALSE,,FALSE
2026,1,"2026_01_CLE_JAX","00-0040342",,"StriDa01","Danny Striggow","DL","JAX","CLE",0,54,0,0,,25,,"pass_play_personnel_share","UNRELIABLE_NON_ELIGIBLE_POSITION",0,25,0,0,0,242,0,,,0,29,0,,,0,0,0,0,0,0,0,0,0,2,1,0,0,0,0,0,0,0,0,0,0,3,3,0,0,FALSE,FALSE,16.3703703703704,FALSE,,FALSE
2026,1,"2026_01_BUF_HOU","00-0040363","12765","LatuKe00","Keleki Latu","TE","BUF","HOU",4,56,0.07,0.0714285714285714,,37,,"pass_play_personnel_share","PROXY_PERSONNEL_PRESENCE",0,37,0,0,0,383,0,,,0,19,0,,0,0,0,0,0,0,0,0,0,0,6,3,0,0,0,0,0,0,0,0,0,0,5,2,0,0,TRUE,FALSE,-0.0178571428571427,FALSE,,FALSE
2026,1,"2026_01_NO_DET","00-0040390","12938","MeekJa00","Jackson Meeks","TE","DET","NO",0,77,0,0,,41,,"pass_play_personnel_share","PROXY_PERSONNEL_PRESENCE",0,41,0,0,0,207,0,,,0,36,0,,0,0,0,0,0,0,0,0,0,0,8,11,0,0,0,0,0,0,0,0,0,0,4,4,0,0,FALSE,FALSE,4.55844155844156,TRUE,,FALSE
2026,1,"2026_01_TB_CIN","00-0040429","12787","WillJo011","Josh Williams","RB","TB","CIN",0,56,0,0,,39,,"pass_play_personnel_share","PROXY_PERSONNEL_PRESENCE",0,39,0,0,0,143,0,,,0,17,0,0,,0,0,0,0,0,0,0,0,0,7,3,0,0,0,0,0,0,1,47,0,0,7,1,0.142857142857143,0,FALSE,TRUE,-9.80357142857143,FALSE,,FALSE
2026,1,"2026_01_DEN_KC","00-0040449","12781","ReidKa00","Karene Reid","LB","DEN","KC",0,50,0,0,,35,,"pass_play_personnel_share","UNRELIABLE_NON_ELIGIBLE_POSITION",0,35,0,0,0,92,0,,,0,15,0,,,0,0,0,0,0,0,0,0,0,4,1,0,0,0,0,0,0,0,0,0,0,5,3,0,0,FALSE,FALSE,-9.24,FALSE,,FALSE
2026,1,"2026_01_ARI_LAC","00-0040460","12835","WaxxMa00","Marlowe Wax","LB","LAC","ARI",0,55,0,0,,39,,"pass_play_personnel_share","UNRELIABLE_NON_ELIGIBLE_POSITION",0,39,0,0,0,273,0,,,0,16,0,,,0,0,0,0,0,0,0,0,0,7,4,0,0,0,0,0,0,0,0,0,0,4,1,0,0,FALSE,FALSE,-5.67272727272727,FALSE,,FALSE
2026,1,"2026_01_CLE_JAX","00-0040466","12472","SandRa00","Raheim Sanders","RB","CLE","JAX",18,51,0.35,0.352941176470588,,32,,"pass_play_personnel_share","PROXY_PERSONNEL_PRESENCE",3,32,0.09375,3,-6,228,-0.0263157894736842,-2,,1,19,0.0526315789473684,0.0769230769230769,,0,0,0,0,0,0,0,0,0,4,3,0,0,0,1,2,0,3,130,0,0,6,2,0.5,0,TRUE,TRUE,-23.3529411764706,FALSE,,FALSE
2026,1,"2026_01_GB_MIN","00-0040496","12879","ChamCh01","Chaz Chambliss","LB","MIN","GB",0,62,0,0,,34,,"pass_play_personnel_share","UNRELIABLE_NON_ELIGIBLE_POSITION",0,34,0,0,0,176,0,,,0,28,0,,,0,0,0,0,0,0,0,0,0,7,8,0,0,0,0,0,0,0,0,0,0,5,1,0,0,FALSE,FALSE,-5.9516129032258,FALSE,,FALSE
2026,1,"2026_01_GB_MIN","00-0040506","13075","PricMy00","Myles Price","WR","MIN","GB",3,62,0.05,0.0483870967741935,,34,,"pass_play_personnel_share","PROXY_PERSONNEL_PRESENCE",0,34,0,0,0,176,0,,,0,28,0,,0,0,0,0,0,0,0,0,0,0,7,8,0,0,0,0,0,0,5,179,1,13,5,1,1,1,TRUE,TRUE,-5.9516129032258,FALSE,,FALSE
2026,1,"2026_01_NE_SEA","00-0040556","12491","KineCo00","Corey Kiner","RB","NE","SEA",8,71,0.11,0.112676056338028,,44,,"pass_play_personnel_share","PROXY_PERSONNEL_PRESENCE",0,44,0,0,0,221,0,,,6,27,0.222222222222222,0.25,,0,0,0,0,0,0,0,0,0,2,0,0,,0,0,0,0,0,0,0,0,4,2,0,0,TRUE,FALSE,1.87323943661972,FALSE,,FALSE
2026,1,"2026_01_NE_SEA","00-0040568","12969","LariLa00","Lan Larison","RB","NE","SEA",3,71,0.04,0.0422535211267606,,44,,"pass_play_personnel_share","PROXY_PERSONNEL_PRESENCE",2,44,0.0454545454545455,2,-3,221,-0.0135746606334842,-1.5,,0,27,0,0,,0,0,0,0,0,0,0,0,0,2,0,0,,0,0,0,0,2,49,0,0,4,2,0.5,0,TRUE,TRUE,1.87323943661972,FALSE,,FALSE
2026,1,"2026_01_NE_SEA","00-0040574","12978","PondEl02","Elijah Ponder","LB","NE","SEA",0,71,0,0,,44,,"pass_play_personnel_share","UNRELIABLE_NON_ELIGIBLE_POSITION",0,44,0,0,0,221,0,,,0,27,0,,,0,0,0,0,0,0,0,0,0,2,0,0,,0,0,0,0,0,0,0,0,4,2,0,0,FALSE,FALSE,1.87323943661972,FALSE,,FALSE
2026,1,"2026_01_CLE_JAX","00-0040579","12578","SchwCa00","Carson Schwesinger","LB","CLE","JAX",0,51,0,0,,32,,"pass_play_personnel_share","UNRELIABLE_NON_ELIGIBLE_POSITION",0,32,0,0,0,228,0,,,0,19,0,,,0,0,0,0,0,0,0,0,0,4,3,0,0,0,0,0,0,0,0,0,0,6,2,0,0,FALSE,FALSE,-23.3529411764706,FALSE,,FALSE
2026,1,"2026_01_SF_LA","00-0040580","12621","StewJo03","Josaiah Stewart","LB","LAR","SF",0,60,0,0,,33,,"pass_play_personnel_share","UNRELIABLE_NON_ELIGIBLE_POSITION",0,33,0,0,0,255,0,,,0,27,0,,,0,0,0,0,0,0,0,0,0,2,7,0,0,0,0,0,0,0,0,0,0,5,1,0,0,FALSE,FALSE,-9.48333333333334,FALSE,,FALSE
2026,1,"2026_01_NYJ_TEN","00-0040582","12539","SmitAr01","Arian Smith","WR","NYJ","TEN",2,64,0.03,0.03125,,28,,"pass_play_personnel_share","PROXY_PERSONNEL_PRESENCE",1,28,0.0357142857142857,0,4,168,0.0238095238095238,4,,0,36,0,,0.0769230769230769,0,0,0,0,0,0,0,0,0,2,5,0,0,0,0,0,0,0,0,0,0,,3,,0,TRUE,FALSE,7.65625,FALSE,,FALSE
2026,1,"2026_01_BUF_HOU","00-0040583","12474","MarkWo00","Woody Marks","RB","HOU","BUF",40,79,0.51,0.506329113924051,,48,,"pass_play_personnel_share","PROXY_PERSONNEL_PRESENCE",1,48,0.0208333333333333,1,-2,322,-0.0062111801242236,-2,,9,31,0.290322580645161,0.310344827586207,,0,0,0,0,0,0,0,0,0,6,5,0,0,0,2,0,1,3,78,0,0,8,1,0.375,0,TRUE,TRUE,-3.83544303797468,FALSE,,FALSE
2026,1,"2026_01_NYJ_TEN","00-0040584","12502","HelmGu00","Gunnar Helm","TE","TEN","NYJ",38,50,0.76,0.76,,40,,"pass_play_personnel_share","PROXY_PERSONNEL_PRESENCE",5,40,0.125,4,17,190,0.0894736842105263,3.4,,0,10,0,,0.833333333333333,0,0,0,1,0,0,0,0,1,3,0,0.333333333333333,,2,0,0,0,0,0,0,0,3,1,0,0,TRUE,FALSE,-12.58,FALSE,,FALSE
2026,1,"2026_01_SF_LA","00-0040585","12676","HamiTy00","Ty Hamilton","DL","LAR","SF",0,60,0,0,,33,,"pass_play_personnel_share","UNRELIABLE_NON_ELIGIBLE_POSITION",0,33,0,0,0,255,0,,,0,27,0,,,0,0,0,0,0,0,0,0,0,2,7,0,0,0,0,0,0,0,0,0,0,5,1,0,0,FALSE,FALSE,-9.48333333333334,FALSE,,FALSE
2026,1,"2026_01_SF_LA","00-0040590","12718","MumpKo00","Konata Mumpfield","WR","LAR","SF",16,60,0.26,0.266666666666667,,33,,"pass_play_personnel_share","PROXY_PERSONNEL_PRESENCE",1,33,0.0303030303030303,0,13,255,0.0509803921568627,13,,0,27,0,,0.0588235294117647,0,0,0,0,0,0,0,0,0,2,7,0,0,0,0,0,0,0,0,0,0,5,1,0,0,TRUE,FALSE,-9.48333333333334,FALSE,,FALSE
2026,1,"2026_01_SF_LA","00-0040613","13000","DolaSh00","Shaun Dolac","LB","LAR","SF",0,60,0,0,,33,,"pass_play_personnel_share","UNRELIABLE_NON_ELIGIBLE_POSITION",0,33,0,0,0,255,0,,,0,27,0,,,0,0,0,0,0,0,0,0,0,2,7,0,0,0,0,0,0,0,0,0,0,5,1,0,0,FALSE,FALSE,-9.48333333333334,FALSE,,FALSE
2026,1,"2026_01_NE_SEA","00-0040621","13199","FostMo00","Montorie Foster","WR","SEA","NE",0,49,0,0,,28,,"pass_play_personnel_share","PROXY_PERSONNEL_PRESENCE",0,28,0,0,0,154,0,,,0,21,0,,0,0,0,0,0,0,0,0,0,0,5,2,0,0,0,0,0,0,0,0,0,0,3,4,0,0,FALSE,FALSE,-4.6734693877551,FALSE,,FALSE
2026,1,"2026_01_DEN_KC","00-0040634",,"TurnJo00","Jordan Turner","LB","DEN","KC",0,50,0,0,,35,,"pass_play_personnel_share","UNRELIABLE_NON_ELIGIBLE_POSITION",0,35,0,0,0,92,0,,,0,15,0,,,0,0,0,0,0,0,0,0,0,4,1,0,0,0,0,0,0,0,0,0,0,5,3,0,0,FALSE,FALSE,-9.24,FALSE,,FALSE
2026,1,"2026_01_BAL_IND","00-0040636","13172","MartKe03","Keyon Martin","DB","BAL","IND",0,64,0,0,,32,,"pass_play_personnel_share","UNRELIABLE_NON_ELIGIBLE_POSITION",0,32,0,0,0,270,0,,,0,32,0,,,0,0,0,0,0,0,0,0,0,5,7,0,0,0,0,0,0,0,0,0,0,5,5,0,0,FALSE,FALSE,11.125,FALSE,,FALSE
2026,1,"2026_01_DEN_KC","00-0040640","12623","GillAs00","Ashton Gillotte","DL","KC","DEN",0,66,0,0,,34,,"pass_play_personnel_share","UNRELIABLE_NON_ELIGIBLE_POSITION",0,34,0,0,0,133,0,,,0,32,0,,,0,0,0,0,0,0,0,0,0,7,4,0,0,0,0,0,0,0,0,0,0,3,4,0,0,FALSE,FALSE,6.83333333333333,FALSE,,FALSE
2026,1,"2026_01_MIA_LV","00-0040641","12584","PortDa00","Darien Porter","DB","LV","MIA",0,65,0,0,,32,,"pass_play_personnel_share","UNRELIABLE_NON_ELIGIBLE_POSITION",0,32,0,0,0,226,0,,,0,33,0,,,0,0,0,0,0,0,0,0,0,8,4,0,0,0,0,0,0,0,0,0,0,2,4,0,0,FALSE,FALSE,7.52307692307692,FALSE,,FALSE
2026,1,"2026_01_NO_DET","00-0040642","12618","BrouVe00","Vernon Broughton","DL","NO","DET",0,89,0,0,,66,,"pass_play_personnel_share","UNRELIABLE_NON_ELIGIBLE_POSITION",0,66,0,0,0,482,0,,,0,23,0,,,0,0,0,0,0,0,0,0,0,10,3,0,0,0,0,0,0,0,0,0,0,4,5,0,0,FALSE,FALSE,-8.50561797752809,TRUE,,FALSE
2026,1,"2026_01_NO_DET","00-0040643","12619","SankJo00","Jonas Sanker","DB","NO","DET",0,89,0,0,,66,,"pass_play_personnel_share","UNRELIABLE_NON_ELIGIBLE_POSITION",0,66,0,0,0,482,0,,,0,23,0,,,0,0,0,0,0,0,0,0,0,10,3,0,0,0,0,0,0,0,0,0,0,4,5,0,0,FALSE,FALSE,-8.50561797752809,TRUE,,FALSE
2026,1,"2026_01_ARI_LAC","00-0040645","12648","SimoCo01","Cody Simon","LB","ARI","LAC",0,72,0,0,,42,,"pass_play_personnel_share","UNRELIABLE_NON_ELIGIBLE_POSITION",0,42,0,0,0,283,0,,,0,30,0,,,0,0,0,0,0,0,0,0,0,8,6,0,0,0,0,0,0,0,0,0,0,3,2,0,0,FALSE,FALSE,2.86111111111111,FALSE,,FALSE
2026,1,"2026_01_DEN_KC","00-0040646","12505","RoyaJa00","Jalen Royals","WR","KC","DEN",0,66,0,0,,34,,"pass_play_personnel_share","PROXY_PERSONNEL_PRESENCE",0,34,0,0,0,133,0,,,0,32,0,,0,0,0,0,0,0,0,0,0,0,7,4,0,0,0,0,0,0,0,0,0,0,3,4,0,0,FALSE,FALSE,6.83333333333333,FALSE,,FALSE
2026,1,"2026_01_NE_SEA","00-0040647","12680","MillRy02","Rylie Mills","DL","SEA","NE",0,49,0,0,,28,,"pass_play_personnel_share","UNRELIABLE_NON_ELIGIBLE_POSITION",0,28,0,0,0,154,0,,,0,21,0,,,0,0,0,0,0,0,0,0,0,5,2,0,0,0,0,0,0,0,0,0,0,3,4,0,0,FALSE,FALSE,-4.6734693877551,FALSE,,FALSE
2026,1,"2026_01_BUF_HOU","00-0040654","13215","KroeKa00","Kai Kroeger","P","HOU","BUF",0,79,0,0,,48,,"pass_play_personnel_share","UNRELIABLE_NON_ELIGIBLE_POSITION",0,48,0,0,0,322,0,,,0,31,0,,,0,0,0,0,0,0,0,0,0,6,5,0,0,0,0,0,0,0,0,0,0,8,1,0,0,FALSE,FALSE,-3.83544303797468,FALSE,,FALSE
2026,1,"2026_01_WAS_PHI","00-0040662","12651","RobiTy02","Ty Robinson","DL","PHI","WAS",0,53,0,0,,34,,"pass_play_personnel_share","UNRELIABLE_NON_ELIGIBLE_POSITION",0,34,0,0,0,225,0,,,0,19,0,,,0,0,0,0,0,0,0,0,0,3,4,0,0,0,0,0,0,0,0,0,0,3,5,0,0,FALSE,FALSE,1.83018867924528,FALSE,,FALSE
2026,1,"2026_01_CLE_JAX","00-0040663","12506","FannHa00","Harold Fannin","TE","CLE","JAX",42,51,0.82,0.823529411764706,,32,,"pass_play_personnel_share","PROXY_PERSONNEL_PRESENCE",3,32,0.09375,2,10,228,0.043859649122807,3.33333333333333,,0,19,0,,0.75,0,0,0,0,0,0,0,0,0,4,3,0,0,1,0,0,0,0,0,0,0,6,2,0,0,TRUE,FALSE,-23.3529411764706,FALSE,,FALSE
2026,1,"2026_01_ARI_LAC","00-0040666","12507","HampOm00","Omarion Hampton","RB","LAC","ARI",32,55,0.58,0.581818181818182,,39,,"pass_play_personnel_share","PROXY_PERSONNEL_PRESENCE",0,39,0,0,0,273,0,,,12,16,0.75,0.75,,0,0,0,0,2,0,1,0,0,7,4,0,0.5,0,1,0,0,0,0,0,0,4,1,0,0,TRUE,FALSE,-5.67272727272727,FALSE,,FALSE
2026,1,"2026_01_GB_MIN","00-0040667","12501","GoldMa02","Matthew Golden","WR","GB","MIN",56,68,0.82,0.823529411764706,,46,,"pass_play_personnel_share","PROXY_PERSONNEL_PRESENCE",12,46,0.260869565217391,6,137,469,0.292110874200426,11.4166666666667,,0,22,0,,0.413793103448276,0,0,0,3,0,1,0,0,2,7,3,0.428571428571429,0,4,0,2,0,0,0,0,0,6,4,0,0,TRUE,FALSE,1.41176470588236,FALSE,,FALSE
2026,1,"2026_01_NO_DET","00-0040669","12535","TeSlIs00","Isaac TeSlaa","WR","DET","NO",52,77,0.68,0.675324675324675,,41,,"pass_play_personnel_share","PROXY_PERSONNEL_PRESENCE",1,41,0.024390243902439,0,3,207,0.0144927536231884,3,,0,36,0,,0.0416666666666667,0,0,0,0,0,0,0,0,0,8,11,0,0,0,0,0,0,0,0,0,0,4,4,0,0,TRUE,FALSE,4.55844155844156,TRUE,,FALSE
2026,1,"2026_01_DEN_KC","00-0040670","12622","WillNo01","Nohl Williams","DB","KC","DEN",0,66,0,0,,34,,"pass_play_personnel_share","UNRELIABLE_NON_ELIGIBLE_POSITION",0,34,0,0,0,133,0,,,0,32,0,,,0,0,0,0,0,0,0,0,0,7,4,0,0,0,0,0,0,0,0,0,0,3,4,0,0,FALSE,FALSE,6.83333333333333,FALSE,,FALSE
2026,1,"2026_01_NO_DET","00-0040672","12554","WillTy02","Tyleik Williams","DL","DET","NO",0,77,0,0,,41,,"pass_play_personnel_share","UNRELIABLE_NON_ELIGIBLE_POSITION",0,41,0,0,0,207,0,,,0,36,0,,,0,0,0,0,0,0,0,0,0,8,11,0,0,0,0,0,0,0,0,0,0,4,4,0,0,FALSE,FALSE,4.55844155844156,TRUE,,FALSE
2026,1,"2026_01_NYJ_TEN","00-0040676","12522","WardCa00","Cam Ward","QB","TEN","NYJ",50,50,1,1,,40,,"pass_play_personnel_share","PROXY_PERSONNEL_PRESENCE",0,40,0,0,0,190,0,,,0,10,0,,,35,0,0,0,0,0,0,0,0,3,0,0,,0,0,0,0,0,0,0,0,3,1,0,0,TRUE,FALSE,-12.58,FALSE,,FALSE
2026,1,"2026_01_DAL_NYG","00-0040677","12574","CartAb00","Abdul Carter","LB","NYG","DAL",0,66,0,0,,33,,"pass_play_personnel_share","UNRELIABLE_NON_ELIGIBLE_POSITION",0,33,0,0,0,245,0,,,0,33,0,,,0,0,0,0,0,0,0,0,0,7,5,0,0,0,0,0,0,0,0,0,0,3,2,0,0,FALSE,FALSE,4.48484848484848,FALSE,,FALSE
2026,1,"2026_01_ATL_PIT","00-0040678","12561","HarmDe01","Derrick Harmon","DL","PIT","ATL",0,65,0,0,,47,,"pass_play_personnel_share","UNRELIABLE_NON_ELIGIBLE_POSITION",0,47,0,0,0,407,0,,,0,18,0,,,0,0,0,0,0,0,0,0,0,5,1,0,0,0,0,0,0,0,0,0,0,3,4,0,0,FALSE,FALSE,3.12307692307692,FALSE,,FALSE
2026,1,"2026_01_CLE_JAX","00-0040685","12573","GrahMa00","Mason Graham","DL","CLE","JAX",0,51,0,0,,32,,"pass_play_personnel_share","UNRELIABLE_NON_ELIGIBLE_POSITION",0,32,0,0,0,228,0,,,0,19,0,,,0,0,0,0,0,0,0,0,0,4,3,0,0,0,0,0,0,0,0,0,0,6,2,0,0,FALSE,FALSE,-23.3529411764706,FALSE,,FALSE
2026,1,"2026_01_BAL_IND","00-0040688","12567","StarMa00","Malaki Starks","DB","BAL","IND",0,64,0,0,,32,,"pass_play_personnel_share","UNRELIABLE_NON_ELIGIBLE_POSITION",0,32,0,0,0,270,0,,,0,32,0,,,0,0,0,0,0,0,0,0,0,5,7,0,0,0,0,0,0,0,0,0,0,5,5,0,0,FALSE,FALSE,11.125,FALSE,,FALSE
2026,1,"2026_01_DAL_NYG","00-0040691","12508","DartJa00","Jaxson Dart","QB","NYG","DAL",69,66,1,1.04545454545455,,33,,"pass_play_personnel_share","PROXY_PERSONNEL_PRESENCE",0,33,0,0,0,245,0,,,6,33,0.181818181818182,,,31,0,6,0,0,0,0,0,0,7,5,0,0,0,2,0,0,0,0,0,0,3,2,0,0,TRUE,FALSE,4.48484848484848,FALSE,,FALSE
2026,1,"2026_01_DAL_NYG","00-0040694","12581","AlexDa01","Darius Alexander","DL","NYG","DAL",0,66,0,0,,33,,"pass_play_personnel_share","UNRELIABLE_NON_ELIGIBLE_POSITION",0,33,0,0,0,245,0,,,0,33,0,,,0,0,0,0,0,0,0,0,0,7,5,0,0,0,0,0,0,0,0,0,0,3,2,0,0,FALSE,FALSE,4.48484848484848,FALSE,,FALSE
2026,1,"2026_01_NYJ_TEN","00-0040705","12540","DikeCh00","Chimere Dike","WR","TEN","NYJ",4,50,0.08,0.08,,40,,"pass_play_personnel_share","PROXY_PERSONNEL_PRESENCE",1,40,0.025,1,3,190,0.0157894736842105,3,,0,10,0,,0.0625,0,0,0,0,0,0,0,0,0,3,0,0,,0,0,0,0,3,62,1,-5,3,1,1,1,TRUE,TRUE,-12.58,FALSE,,FALSE
2026,1,"2026_01_ARI_LAC","00-0040706","12552","NoleWa00","Walter Nolen","DL","ARI","LAC",0,72,0,0,,42,,"pass_play_personnel_share","UNRELIABLE_NON_ELIGIBLE_POSITION",0,42,0,0,0,283,0,,,0,30,0,,,0,0,0,0,0,0,0,0,0,8,6,0,0,0,0,0,0,0,0,0,0,3,2,0,0,FALSE,FALSE,2.86111111111111,FALSE,,FALSE
2026,1,"2026_01_WAS_PHI","00-0040708","12566","CampJi00","Jihaad Campbell","LB","PHI","WAS",0,53,0,0,,34,,"pass_play_personnel_share","UNRELIABLE_NON_ELIGIBLE_POSITION",0,34,0,0,0,225,0,,,0,19,0,,,0,0,0,0,0,0,0,0,0,3,4,0,0,0,0,0,0,0,0,0,0,3,5,0,0,FALSE,FALSE,1.83018867924528,FALSE,,FALSE
2026,1,"2026_01_BUF_HOU","00-0040709","12596","HairMa00","Maxwell Hairston","DB","BUF","HOU",0,56,0,0,,37,,"pass_play_personnel_share","UNRELIABLE_NON_ELIGIBLE_POSITION",0,37,0,0,0,383,0,,,0,19,0,,,0,0,0,0,0,0,0,0,0,6,3,0,0,0,0,0,0,0,0,0,0,5,2,0,0,FALSE,FALSE,-0.0178571428571427,FALSE,,FALSE
2026,1,"2026_01_BUF_HOU","00-0040710","12652","WalkDe04","Deone Walker","DL","BUF","HOU",0,56,0,0,,37,,"pass_play_personnel_share","UNRELIABLE_NON_ELIGIBLE_POSITION",0,37,0,0,0,383,0,,,0,19,0,,,0,0,0,0,0,0,0,0,0,6,3,0,0,0,0,0,0,0,0,0,0,5,2,0,0,FALSE,FALSE,-0.0178571428571427,FALSE,,FALSE
2026,1,"2026_01_SF_LA","00-0040711","12649","WestCJ00","CJ West","DL","SF","LAR",0,65,0,0,,37,,"pass_play_personnel_share","UNRELIABLE_NON_ELIGIBLE_POSITION",0,37,0,0,0,149,0,,,0,28,0,,,0,0,0,0,0,0,0,0,0,8,2,0,0,0,0,0,0,0,0,0,0,2,3,0,0,FALSE,FALSE,4.13846153846154,FALSE,,FALSE
2026,1,"2026_01_DAL_NYG","00-0040715","12481","SkatCa00","Cam Skattebo","RB","NYG","DAL",42,66,0.61,0.636363636363636,,33,,"pass_play_personnel_share","PROXY_PERSONNEL_PRESENCE",0,33,0,0,0,245,0,,,18,33,0.545454545454545,0.692307692307692,,0,0,0,0,4,0,2,2,0,7,5,0,0.8,0,1,0,1,0,0,0,0,3,2,0,0,TRUE,FALSE,4.48484848484848,FALSE,,FALSE
2026,1,"2026_01_NE_SEA","00-0040716","12654","WoodCr00","Craig Woodson","DB","NE","SEA",0,71,0,0,,44,,"pass_play_personnel_share","UNRELIABLE_NON_ELIGIBLE_POSITION",0,44,0,0,0,221,0,,,0,27,0,,,0,0,0,0,0,0,0,0,0,2,0,0,,0,0,0,0,0,0,0,0,4,2,0,0,FALSE,FALSE,1.87323943661972,FALSE,,FALSE
2026,1,"2026_01_CLE_JAX","00-0040718","12530","HuntTr00","Travis Hunter","WR","JAX","CLE",4,54,0.07,0.0740740740740741,,25,,"pass_play_personnel_share","PROXY_PERSONNEL_PRESENCE",1,25,0.04,1,-3,242,-0.012396694214876,-3,,1,29,0.0344827586206897,,0.0714285714285714,0,0,0,0,0,0,0,0,0,2,1,0,0,0,0,0,0,0,0,0,0,3,3,0,0,TRUE,FALSE,16.3703703703704,FALSE,,FALSE
2026,1,"2026_01_CLE_JAX","00-0040719","12490","TuteBh00","Bhayshul Tuten","RB","JAX","CLE",28,54,0.49,0.518518518518518,,25,,"pass_play_personnel_share","PROXY_PERSONNEL_PRESENCE",1,25,0.04,1,-5,242,-0.0206611570247934,-5,,15,29,0.517241379310345,0.6,,0,0,0,0,0,0,0,0,0,2,1,0,0,0,1,0,0,0,0,0,0,3,3,0,0,TRUE,FALSE,16.3703703703704,FALSE,,FALSE
2026,1,"2026_01_DEN_KC","00-0040720","12557","BarrJa01","Jahdae Barron","DB","DEN","KC",0,50,0,0,,35,,"pass_play_personnel_share","UNRELIABLE_NON_ELIGIBLE_POSITION",0,35,0,0,0,92,0,,,0,15,0,,,0,0,0,0,0,0,0,0,0,4,1,0,0,0,0,0,0,0,0,0,0,5,3,0,0,FALSE,FALSE,-9.24,FALSE,,FALSE
2026,1,"2026_01_BAL_IND","00-0040722","12571","GreeMi02","Mike Green","LB","BAL","IND",0,64,0,0,,32,,"pass_play_personnel_share","UNRELIABLE_NON_ELIGIBLE_POSITION",0,32,0,0,0,270,0,,,0,32,0,,,0,0,0,0,0,0,0,0,0,5,7,0,0,0,0,0,0,0,0,0,0,5,5,0,0,FALSE,FALSE,11.125,FALSE,,FALSE
2026,1,"2026_01_DAL_NYG","00-0040725","12556","EzeiDo00","Donovan Ezeiruaku","LB","DAL","NYG",0,58,0,0,,41,,"pass_play_personnel_share","UNRELIABLE_NON_ELIGIBLE_POSITION",0,41,0,0,0,309,0,,,0,17,0,,,0,0,0,0,0,0,0,0,0,6,4,0,0,0,0,0,0,0,0,0,0,5,,0,,FALSE,FALSE,-8.68965517241379,FALSE,,FALSE
2026,1,"2026_01_ARI_LAC","00-0040727","12509","HarrTr03","Tre Harris","WR","LAC","ARI",41,55,0.75,0.745454545454545,,39,,"pass_play_personnel_share","PROXY_PERSONNEL_PRESENCE",6,39,0.153846153846154,3,47,273,0.172161172161172,7.83333333333333,,0,16,0,,0.3,0,0,0,0,0,0,0,0,0,7,4,0,0,2,0,0,0,0,0,0,0,4,1,0,0,TRUE,FALSE,-5.67272727272727,FALSE,,FALSE
2026,1,"2026_01_MIA_LV","00-0040729","12483","BechJa00","Jack Bech","WR","LV","MIA",27,65,0.4,0.415384615384615,,32,,"pass_play_personnel_share","PROXY_PERSONNEL_PRESENCE",4,32,0.125,3,32,226,0.141592920353982,8,,0,33,0,,0.25,0,0,0,2,0,0,0,0,0,8,4,0.25,0,1,0,0,0,0,0,0,0,2,4,0,0,TRUE,FALSE,7.52307692307692,FALSE,,FALSE
2026,1,"2026_01_DEN_KC","00-0040730","12489","HarvRJ00","RJ Harvey","RB","DEN","KC",26,50,0.51,0.52,,35,,"pass_play_personnel_share","PROXY_PERSONNEL_PRESENCE",4,35,0.114285714285714,4,-22,92,-0.239130434782609,-5.5,,3,15,0.2,0.272727272727273,,0,0,0,0,0,0,0,0,0,4,1,0,0,2,1,0,0,4,111,0,0,5,3,0.8,0,TRUE,TRUE,-9.24,FALSE,,FALSE
2026,1,"2026_01_CHI_CAR","00-0040735","12519","BurdLu00","Luther Burden","WR","CHI","CAR",55,75,0.73,0.733333333333333,,40,,"pass_play_personnel_share","PROXY_PERSONNEL_PRESENCE",5,40,0.125,5,36,319,0.112852664576803,7.2,,1,35,0.0285714285714286,,0.277777777777778,0,0,0,0,0,0,0,0,0,7,10,0,0,1,0,1,0,0,0,0,0,4,1,0,0,TRUE,FALSE,3.50666666666667,FALSE,,FALSE
2026,1,"2026_01_NYJ_TEN","00-0040736","12498","TaylMa02","Mason Taylor","TE","NYJ","TEN",44,64,0.66,0.6875,,28,,"pass_play_personnel_share","PROXY_PERSONNEL_PRESENCE",3,28,0.107142857142857,2,1,168,0.00595238095238095,0.333333333333333,,0,36,0,,0.428571428571429,0,0,0,0,0,0,0,0,0,2,5,0,0,0,0,1,0,0,0,0,0,,3,,0,TRUE,FALSE,7.65625,FALSE,,FALSE
2026,1,"2026_01_SF_LA","00-0040737","12487","FergTe00","Terrance Ferguson","TE","LAR","SF",31,60,0.51,0.516666666666667,,33,,"pass_play_personnel_share","PROXY_PERSONNEL_PRESENCE",1,33,0.0303030303030303,0,24,255,0.0941176470588235,24,,0,27,0,,0.166666666666667,0,0,0,0,0,0,0,0,0,2,7,0,0,0,0,0,0,0,0,0,0,5,1,0,0,TRUE,FALSE,-9.48333333333334,FALSE,,FALSE
2026,1,"2026_01_TB_CIN","00-0040738","12617","KnigDe00","Demetrius Knight","LB","CIN","TB",0,63,0,0,,38,,"pass_play_personnel_share","UNRELIABLE_NON_ELIGIBLE_POSITION",0,38,0,0,0,226,0,,,0,25,0,,,0,0,0,0,0,0,0,0,0,7,8,0,0,0,0,0,0,0,0,0,0,6,,0,,FALSE,FALSE,8.85714285714286,FALSE,,FALSE
2026,1,"2026_01_NE_SEA","00-0040739","12521","ArroEl00","Elijah Arroyo","TE","SEA","NE",11,49,0.22,0.224489795918367,,28,,"pass_play_personnel_share","PROXY_PERSONNEL_PRESENCE",0,28,0,0,0,154,0,,,0,21,0,,0,0,0,0,0,0,0,0,0,0,5,2,0,0,0,0,0,0,0,0,0,0,3,4,0,0,TRUE,FALSE,-4.6734693877551,FALSE,,FALSE
2026,1,"2026_01_NO_DET","00-0040743","12545","ShouTy00","Tyler Shough","QB","NO","DET",90,89,1,1.01123595505618,,66,,"pass_play_personnel_share","PROXY_PERSONNEL_PRESENCE",0,66,0,0,0,482,0,,,2,23,0.0869565217391304,,,61,0,2,0,0,0,0,0,0,10,3,0,0,0,1,0,0,0,0,0,0,4,5,0,0,TRUE,FALSE,-8.50561797752809,TRUE,,FALSE
2026,1,"2026_01_BAL_IND","00-0040744","12594","TuimJT00","JT Tuimoloau","DL","IND","BAL",0,54,0,0,,35,,"pass_play_personnel_share","UNRELIABLE_NON_ELIGIBLE_POSITION",0,35,0,0,0,201,0,,,0,19,0,,,0,0,0,0,0,0,0,0,0,3,5,0,0,0,0,0,0,0,0,0,0,6,2,0,0,FALSE,FALSE,-13.4259259259259,FALSE,,FALSE
2026,1,"2026_01_TB_CIN","00-0040747","12576","MorrBe00","Benjamin Morrison","DB","TB","CIN",0,56,0,0,,39,,"pass_play_personnel_share","UNRELIABLE_NON_ELIGIBLE_POSITION",0,39,0,0,0,143,0,,,0,17,0,,,0,0,0,0,0,0,0,0,0,7,3,0,0,0,0,0,0,0,0,0,0,7,1,0,0,FALSE,FALSE,-9.80357142857143,FALSE,,FALSE
2026,1,"2026_01_WAS_PHI","00-0040749","12604","MukuAn00","Andrew Mukuba","DB","PHI","WAS",0,53,0,0,,34,,"pass_play_personnel_share","UNRELIABLE_NON_ELIGIBLE_POSITION",0,34,0,0,0,225,0,,,0,19,0,,,0,0,0,0,0,0,0,0,0,3,4,0,0,0,0,0,0,0,0,0,0,3,5,0,0,FALSE,FALSE,1.83018867924528,FALSE,,FALSE
2026,1,"2026_01_ARI_LAC","00-0040751","12565","JohnWi02","Will Johnson","DB","ARI","LAC",0,72,0,0,,42,,"pass_play_personnel_share","UNRELIABLE_NON_ELIGIBLE_POSITION",0,42,0,0,0,283,0,,,0,30,0,,,0,0,0,0,0,0,0,0,0,8,6,0,0,0,0,0,0,0,0,0,0,3,2,0,0,FALSE,FALSE,2.86111111111111,FALSE,,FALSE
2026,1,"2026_01_NYJ_TEN","00-0040752","12583","OladOl00","Oluwafemi Oladejo","LB","TEN","NYJ",0,50,0,0,,40,,"pass_play_personnel_share","UNRELIABLE_NON_ELIGIBLE_POSITION",0,40,0,0,0,190,0,,,0,10,0,,,0,0,0,0,0,0,0,0,0,3,0,0,,0,0,0,0,0,0,0,0,3,1,0,0,FALSE,FALSE,-12.58,FALSE,,FALSE
2026,1,"2026_01_CLE_JAX","00-0040782","12503","BondIs00","Isaiah Bond","WR","CLE","JAX",7,51,0.14,0.137254901960784,,32,,"pass_play_personnel_share","PROXY_PERSONNEL_PRESENCE",0,32,0,0,0,228,0,,,0,19,0,,0,0,0,0,0,0,0,0,0,0,4,3,0,0,0,0,0,0,0,0,0,0,6,2,0,0,TRUE,FALSE,-23.3529411764706,FALSE,,FALSE
2026,1,"2026_01_CLE_JAX","00-0040784","12512","JudkQu00","Quinshon Judkins","RB","CLE","JAX",33,51,0.65,0.647058823529412,,32,,"pass_play_personnel_share","PROXY_PERSONNEL_PRESENCE",2,32,0.0625,2,1,228,0.0043859649122807,0.5,,12,19,0.631578947368421,0.923076923076923,,0,0,0,0,2,0,1,1,0,4,3,0,0.666666666666667,0,0,0,0,0,0,0,0,6,2,0,0,TRUE,FALSE,-23.3529411764706,FALSE,,FALSE
2026,1,"2026_01_TB_CIN","00-0040785","13264","MeyeDo00","Dohnte Meyers","WR","CIN","TB",10,63,0.16,0.158730158730159,,38,,"pass_play_personnel_share","PROXY_PERSONNEL_PRESENCE",1,38,0.0263157894736842,1,2,226,0.00884955752212389,2,,1,25,0.04,,0.0714285714285714,0,0,0,0,0,0,0,0,0,7,8,0,0,0,0,0,0,4,93,0,0,6,,0.666666666666667,,TRUE,TRUE,8.85714285714286,FALSE,,FALSE
2026,1,"2026_01_DAL_NYG","00-0040865",,"DownCa00","Caleb Downs","DB","DAL","NYG",0,58,0,0,,41,,"pass_play_personnel_share","UNRELIABLE_NON_ELIGIBLE_POSITION",0,41,0,0,0,309,0,,,0,17,0,,,0,0,0,0,0,0,0,0,0,6,4,0,0,0,0,0,0,0,0,0,0,5,,0,,FALSE,FALSE,-8.68965517241379,FALSE,,FALSE
2026,1,"2026_01_WAS_PHI","00-0040867","13294","LemoMa00","Makai Lemon","WR","PHI","WAS",35,53,0.64,0.660377358490566,,34,,"pass_play_personnel_share","PROXY_PERSONNEL_PRESENCE",4,34,0.117647058823529,3,0,225,0,0,,0,19,0,,0.285714285714286,0,0,0,0,0,0,0,0,0,3,4,0,0,0,0,0,0,0,0,0,0,3,5,0,0,TRUE,FALSE,1.83018867924528,FALSE,,FALSE
2026,1,"2026_01_MIA_LV","00-0040868",,"StukTr00","Treydan Stukes","DB","LV","MIA",0,65,0,0,,32,,"pass_play_personnel_share","UNRELIABLE_NON_ELIGIBLE_POSITION",0,32,0,0,0,226,0,,,0,33,0,,,0,0,0,0,0,0,0,0,0,8,4,0,0,0,0,0,0,0,0,0,0,2,4,0,0,FALSE,FALSE,7.52307692307692,FALSE,,FALSE
2026,1,"2026_01_GB_MIN","00-0040869","13468","McClCh01","Chris McClellan","DL","GB","MIN",0,68,0,0,,46,,"pass_play_personnel_share","UNRELIABLE_NON_ELIGIBLE_POSITION",0,46,0,0,0,469,0,,,0,22,0,,,0,0,0,0,0,0,0,0,0,7,3,0,0,0,0,0,0,0,0,0,0,6,4,0,0,FALSE,FALSE,1.41176470588236,FALSE,,FALSE
2026,1,"2026_01_BAL_IND","00-0040870","13293","LaneJa01","Ja'Kobi Lane","WR","BAL","IND",27,64,0.4,0.421875,,32,,"pass_play_personnel_share","PROXY_PERSONNEL_PRESENCE",3,32,0.09375,1,30,270,0.111111111111111,10,,0,32,0,,0.214285714285714,0,0,0,2,0,1,0,0,1,5,7,0.4,0,2,0,1,0,0,0,0,0,5,5,0,0,TRUE,FALSE,11.125,FALSE,,FALSE
2026,1,"2026_01_DAL_NYG","00-0040872","13381","BarhJa01","Jaishawn Barham","LB","DAL","NYG",0,58,0,0,,41,,"pass_play_personnel_share","UNRELIABLE_NON_ELIGIBLE_POSITION",0,41,0,0,0,309,0,,,0,17,0,,,0,0,0,0,0,0,0,0,0,6,4,0,0,0,0,0,0,0,0,0,0,5,,0,,FALSE,FALSE,-8.68965517241379,FALSE,,FALSE
2026,1,"2026_01_NE_SEA","00-0040873",,"NealJu00","Julian Neal","DB","SEA","NE",0,49,0,0,,28,,"pass_play_personnel_share","UNRELIABLE_NON_ELIGIBLE_POSITION",0,28,0,0,0,154,0,,,0,21,0,,,0,0,0,0,0,0,0,0,0,5,2,0,0,0,0,0,0,0,0,0,0,3,4,0,0,FALSE,FALSE,-4.6734693877551,FALSE,,FALSE
2026,1,"2026_01_GB_MIN","00-0040877","13492","DennDa01","Dani Dennis-Sutton","LB","GB","MIN",0,68,0,0,,46,,"pass_play_personnel_share","UNRELIABLE_NON_ELIGIBLE_POSITION",0,46,0,0,0,469,0,,,0,22,0,,,0,0,0,0,0,0,0,0,0,7,3,0,0,0,0,0,0,0,0,0,0,6,4,0,0,FALSE,FALSE,1.41176470588236,FALSE,,FALSE
2026,1,"2026_01_MIA_LV","00-0040878",,,,"RB","LV","MIA",,65,,,,32,,"pass_play_personnel_share","PROXY_PERSONNEL_PRESENCE",0,32,0,0,0,226,0,,,7,33,0.212121212121212,0.225806451612903,,0,0,0,0,1,0,1,0,0,8,4,0,0.25,0,1,0,0,0,0,0,0,2,4,0,0,TRUE,FALSE,7.52307692307692,FALSE,,FALSE
2026,1,"2026_01_BAL_IND","00-0040879",,"HibnMa00","Matthew Hibner","TE","BAL","IND",23,64,0.34,0.359375,,32,,"pass_play_personnel_share","PROXY_PERSONNEL_PRESENCE",1,32,0.03125,1,1,270,0.0037037037037037,1,,0,32,0,,0.125,0,0,0,0,0,0,0,0,0,5,7,0,0,0,0,0,0,0,0,0,0,5,5,0,0,TRUE,FALSE,11.125,FALSE,,FALSE
2026,1,"2026_01_DAL_NYG","00-0040880","13480","OverLT00","LT Overton","DL","DAL","NYG",0,58,0,0,,41,,"pass_play_personnel_share","UNRELIABLE_NON_ELIGIBLE_POSITION",0,41,0,0,0,309,0,,,0,17,0,,,0,0,0,0,0,0,0,0,0,6,4,0,0,0,0,0,0,0,0,0,0,5,,0,,FALSE,FALSE,-8.68965517241379,FALSE,,FALSE
2026,1,"2026_01_BAL_IND","00-0040887","13273","CuevJo00","Josh Cuevas","TE","BAL","IND",6,64,0.09,0.09375,,32,,"pass_play_personnel_share","PROXY_PERSONNEL_PRESENCE",0,32,0,0,0,270,0,,,0,32,0,,0,0,0,0,0,0,0,0,0,0,5,7,0,0,0,0,0,0,0,0,0,0,5,5,0,0,TRUE,FALSE,11.125,FALSE,,FALSE
2026,1,"2026_01_MIA_LV","00-0040889","13508","MassHe00","Hezekiah Masses","DB","LV","MIA",0,65,0,0,,32,,"pass_play_personnel_share","UNRELIABLE_NON_ELIGIBLE_POSITION",0,32,0,0,0,226,0,,,0,33,0,,,0,0,0,0,0,0,0,0,0,8,4,0,0,0,0,0,0,0,0,0,0,2,4,0,0,FALSE,FALSE,7.52307692307692,FALSE,,FALSE
2026,1,"2026_01_DEN_KC","00-0040890","13413","AlleCy00","Cyrus Allen","WR","KC","DEN",1,66,0.01,0.0151515151515152,,34,,"pass_play_personnel_share","PROXY_PERSONNEL_PRESENCE",1,34,0.0294117647058824,0,5,133,0.037593984962406,5,,0,32,0,,0.1,0,0,0,0,0,0,0,0,0,7,4,0,0,1,0,0,0,0,0,0,0,3,4,0,0,TRUE,FALSE,6.83333333333333,FALSE,,FALSE
2026,1,"2026_01_MIA_LV","00-0040894","13329","BensMa00","Malik Benson","WR","LV","MIA",7,65,0.1,0.107692307692308,,32,,"pass_play_personnel_share","PROXY_PERSONNEL_PRESENCE",2,32,0.0625,1,31,226,0.13716814159292,15.5,,1,33,0.0303030303030303,,0.125,0,0,0,0,0,0,0,0,0,8,4,0,0,0,0,0,0,0,0,2,35,2,4,0,0.5,TRUE,TRUE,7.52307692307692,FALSE,,FALSE
2026,1,"2026_01_BAL_IND","00-0040898",,"EcklRy00","Ryan Eckley","P","BAL","IND",0,64,0,0,,32,,"pass_play_personnel_share","UNRELIABLE_NON_ELIGIBLE_POSITION",0,32,0,0,0,270,0,,,0,32,0,,,0,0,0,0,0,0,0,0,0,5,7,0,0,0,0,0,0,0,0,0,0,5,5,0,0,FALSE,FALSE,11.125,FALSE,,FALSE
2026,1,"2026_01_GB_MIN","00-0040899",,"SmacTr00","Trey Smack","K","GB","MIN",0,68,0,0,,46,,"pass_play_personnel_share","UNRELIABLE_NON_ELIGIBLE_POSITION",0,46,0,0,0,469,0,,,0,22,0,,,0,0,0,0,0,0,0,0,0,7,3,0,0,0,0,0,0,0,0,0,0,6,4,0,0,FALSE,FALSE,1.41176470588236,FALSE,,FALSE
2026,1,"2026_01_DEN_KC","00-0040957",,"NwanXa00","Xavier Nwankpa","DB","KC","DEN",0,66,0,0,,34,,"pass_play_personnel_share","UNRELIABLE_NON_ELIGIBLE_POSITION",0,34,0,0,0,133,0,,,0,32,0,,,0,0,0,0,0,0,0,0,0,7,4,0,0,0,0,0,0,0,0,0,0,3,4,0,0,FALSE,FALSE,6.83333333333333,FALSE,,FALSE
2026,1,"2026_01_BAL_IND","00-0040978",,"BurkEt00","Ethan Burke","LB","BAL","IND",0,64,0,0,,32,,"pass_play_personnel_share","UNRELIABLE_NON_ELIGIBLE_POSITION",0,32,0,0,0,270,0,,,0,32,0,,,0,0,0,0,0,0,0,0,0,5,7,0,0,0,0,0,0,0,0,0,0,5,5,0,0,FALSE,FALSE,11.125,FALSE,,FALSE
2026,1,"2026_01_DEN_KC","00-0041013","13337","JohnEm01","Emmett Johnson","RB","KC","DEN",25,66,0.36,0.378787878787879,,34,,"pass_play_personnel_share","PROXY_PERSONNEL_PRESENCE",2,34,0.0588235294117647,2,-8,133,-0.0601503759398496,-4,,8,32,0.25,0.258064516129032,,0,0,0,0,1,0,0,0,0,7,4,0,0.25,1,1,0,1,0,0,0,0,3,4,0,0,TRUE,FALSE,6.83333333333333,FALSE,,FALSE
2026,1,"2026_01_ARI_LAC","00-0041027","13287","LoveJe00","Jeremiyah Love","RB","ARI","LAC",32,72,0.43,0.444444444444444,,42,,"pass_play_personnel_share","PROXY_PERSONNEL_PRESENCE",4,42,0.0952380952380952,2,5,283,0.0176678445229682,1.25,,11,30,0.366666666666667,0.392857142857143,,0,0,0,1,3,0,2,1,0,8,6,0.125,0.5,0,0,0,0,0,0,0,0,3,2,0,0,TRUE,FALSE,2.86111111111111,FALSE,,FALSE
2026,1,"2026_01_WAS_PHI","00-0041028","13375","StylSo01","Sonny Styles","LB","WAS","PHI",0,70,0,0,,41,,"pass_play_personnel_share","UNRELIABLE_NON_ELIGIBLE_POSITION",0,41,0,0,0,317,0,,,0,29,0,,,0,0,0,0,0,0,0,0,0,9,7,0,0,0,0,0,0,0,0,0,0,5,4,0,0,FALSE,FALSE,-5.57142857142857,FALSE,,FALSE
2026,1,"2026_01_TB_CIN","00-0041031",,"BainRu00","Rueben Bain Jr.","LB","TB","CIN",0,56,0,0,,39,,"pass_play_personnel_share","UNRELIABLE_NON_ELIGIBLE_POSITION",0,39,0,0,0,143,0,,,0,17,0,,,0,0,0,0,0,0,0,0,0,7,3,0,0,0,0,0,0,0,0,0,0,7,1,0,0,FALSE,FALSE,-9.80357142857143,FALSE,,FALSE
2026,1,"2026_01_NYJ_TEN","00-0041032","13330","SadiKe00","Kenyon Sadiq","TE","NYJ","TEN",28,64,0.42,0.4375,,28,,"pass_play_personnel_share","PROXY_PERSONNEL_PRESENCE",3,28,0.107142857142857,3,0,168,0,0,,1,36,0.0277777777777778,,0.428571428571429,0,0,0,0,1,0,1,1,0,2,5,0,0.2,1,0,0,0,0,0,0,0,,3,,0,TRUE,FALSE,7.65625,FALSE,,FALSE
2026,1,"2026_01_GB_MIN","00-0041033","13445","BankCa01","Caleb Banks","DL","MIN","GB",0,62,0,0,,34,,"pass_play_personnel_share","UNRELIABLE_NON_ELIGIBLE_POSITION",0,34,0,0,0,176,0,,,0,28,0,,,0,0,0,0,0,0,0,0,0,7,8,0,0,0,0,0,0,0,0,0,0,5,1,0,0,FALSE,FALSE,-5.9516129032258,FALSE,,FALSE
2026,1,"2026_01_SF_LA","00-0041035","13417","StriDe01","De'Zhaun Stribling","WR","SF","LAR",21,65,0.32,0.323076923076923,,37,,"pass_play_personnel_share","PROXY_PERSONNEL_PRESENCE",0,37,0,0,0,149,0,,,0,28,0,,0,0,0,0,0,0,0,0,0,0,8,2,0,0,0,0,0,0,0,0,0,0,2,3,0,0,TRUE,FALSE,4.13846153846154,FALSE,,FALSE
2026,1,"2026_01_BUF_HOU","00-0041036","13455","ParkTJ00","T.J. Parker","LB","BUF","HOU",0,56,0,0,,37,,"pass_play_personnel_share","UNRELIABLE_NON_ELIGIBLE_POSITION",0,37,0,0,0,383,0,,,0,19,0,,,0,0,0,0,0,0,0,0,0,6,3,0,0,0,0,0,0,0,0,0,0,5,2,0,0,FALSE,FALSE,-0.0178571428571427,FALSE,,FALSE
2026,1,"2026_01_CLE_JAX","00-0041037","13346","BostDe00","Denzel Boston","WR","CLE","JAX",47,51,0.92,0.92156862745098,,32,,"pass_play_personnel_share","PROXY_PERSONNEL_PRESENCE",4,32,0.125,2,114,228,0.5,28.5,,0,19,0,,0.307692307692308,0,0,0,1,0,1,0,0,1,4,3,0.25,0,2,0,2,0,0,0,1,0,6,2,0,0.5,TRUE,TRUE,-23.3529411764706,FALSE,,FALSE
2026,1,"2026_01_WAS_PHI","00-0041040","13301","WillAn04","Antonio Williams","WR","WAS","PHI",26,70,0.37,0.371428571428571,,41,,"pass_play_personnel_share","PROXY_PERSONNEL_PRESENCE",4,41,0.0975609756097561,4,55,317,0.173501577287066,13.75,,0,29,0,,0.2,0,0,0,2,0,1,0,0,1,9,7,0.222222222222222,0,2,0,1,0,0,0,0,0,5,4,0,0,TRUE,FALSE,-5.57142857142857,FALSE,,FALSE
2026,1,"2026_01_DAL_NYG","00-0041042","13285","FielMa00","Malachi Fields","WR","NYG","DAL",50,66,0.72,0.757575757575758,,33,,"pass_play_personnel_share","PROXY_PERSONNEL_PRESENCE",4,33,0.121212121212121,2,71,245,0.289795918367347,17.75,,0,33,0,,0.266666666666667,0,0,0,0,0,0,0,0,0,7,5,0,0,0,0,1,0,0,0,0,0,3,2,0,0,TRUE,FALSE,4.48484848484848,FALSE,,FALSE
2026,1,"2026_01_BAL_IND","00-0041043",,"HaulAJ00","A.J. Haulcy","DB","IND","BAL",0,54,0,0,,35,,"pass_play_personnel_share","UNRELIABLE_NON_ELIGIBLE_POSITION",0,35,0,0,0,201,0,,,0,19,0,,,0,0,0,0,0,0,0,0,0,3,5,0,0,0,0,0,0,0,0,0,0,6,2,0,0,FALSE,FALSE,-13.4259259259259,FALSE,,FALSE
2026,1,"2026_01_ATL_PIT","00-0041044","13320","BranZa00","Zachariah Branch","WR","ATL","PIT",18,60,0.3,0.3,,28,,"pass_play_personnel_share","PROXY_PERSONNEL_PRESENCE",0,28,0,0,0,77,0,,,0,32,0,,0,0,0,0,0,0,0,0,0,0,0,0,,,0,0,0,0,1,30,3,33,4,3,0.25,1,TRUE,TRUE,-5.28333333333333,FALSE,,FALSE
2026,1,"2026_01_CLE_JAX","00-0041045","13476","RegiAl00","Albert Regis","DL","JAX","CLE",0,54,0,0,,25,,"pass_play_personnel_share","UNRELIABLE_NON_ELIGIBLE_POSITION",0,25,0,0,0,242,0,,,0,29,0,,,0,0,0,0,0,0,0,0,0,2,1,0,0,0,0,0,0,0,0,0,0,3,3,0,0,FALSE,FALSE,16.3703703703704,FALSE,,FALSE
2026,1,"2026_01_GB_MIN","00-0041046","13464","OranDo00","Domonique Orange","DL","MIN","GB",0,62,0,0,,34,,"pass_play_personnel_share","UNRELIABLE_NON_ELIGIBLE_POSITION",0,34,0,0,0,176,0,,,0,28,0,,,0,0,0,0,0,0,0,0,0,7,8,0,0,0,0,0,0,0,0,0,0,5,1,0,0,FALSE,FALSE,-5.9516129032258,FALSE,,FALSE
2026,1,"2026_01_TB_CIN","00-0041048","13317","HursTe00","Ted Hurst","WR","TB","CIN",43,56,0.75,0.767857142857143,,39,,"pass_play_personnel_share","PROXY_PERSONNEL_PRESENCE",3,39,0.0769230769230769,3,34,143,0.237762237762238,11.3333333333333,,0,17,0,,0.214285714285714,0,0,0,0,0,0,0,0,0,7,3,0,0,0,0,0,0,0,0,0,0,7,1,0,0,TRUE,FALSE,-9.80357142857143,FALSE,,FALSE
2026,1,"2026_01_CHI_CAR","00-0041051","13411","ThomZa05","Zavion Thomas","WR","CHI","CAR",0,75,0,0,,40,,"pass_play_personnel_share","PROXY_PERSONNEL_PRESENCE",0,40,0,0,0,319,0,,,0,35,0,,0,0,0,0,0,0,0,0,0,0,7,10,0,0,0,0,0,0,0,0,0,0,4,1,0,0,FALSE,FALSE,3.50666666666667,FALSE,,FALSE
2026,1,"2026_01_SF_LA","00-0041052","13414","BlacKa00","Kaelon Black","RB","SF","LAR",28,65,0.43,0.430769230769231,,37,,"pass_play_personnel_share","PROXY_PERSONNEL_PRESENCE",1,37,0.027027027027027,1,-5,149,-0.0335570469798658,-5,,14,28,0.5,0.583333333333333,,0,0,0,0,0,0,0,0,0,8,2,0,0,0,0,0,0,0,0,0,0,2,3,0,0,TRUE,FALSE,4.13846153846154,FALSE,,FALSE
2026,1,"2026_01_TB_CIN","00-0041057",,"ScotKe01","Keionte Scott","DB","TB","CIN",0,56,0,0,,39,,"pass_play_personnel_share","UNRELIABLE_NON_ELIGIBLE_POSITION",0,39,0,0,0,143,0,,,0,17,0,,,0,0,0,0,0,0,0,0,0,7,3,0,0,0,0,0,0,0,0,0,0,7,1,0,0,FALSE,FALSE,-9.80357142857143,FALSE,,FALSE
2026,1,"2026_01_CHI_CAR","00-0041060","13489","MuhaMa00","Malik Muhammad","DB","CHI","CAR",0,75,0,0,,40,,"pass_play_personnel_share","UNRELIABLE_NON_ELIGIBLE_POSITION",0,40,0,0,0,319,0,,,0,35,0,,,0,0,0,0,0,0,0,0,0,7,10,0,0,0,0,0,0,0,0,0,0,4,1,0,0,FALSE,FALSE,3.50666666666667,FALSE,,FALSE
2026,1,"2026_01_CHI_CAR","00-0041063","13485","LeexWi00","Will Lee","DB","CAR","CHI",0,68,0,0,,46,,"pass_play_personnel_share","UNRELIABLE_NON_ELIGIBLE_POSITION",0,46,0,0,0,366,0,,,0,22,0,,,0,0,0,0,0,0,0,0,0,10,5,0,0,0,0,0,0,0,0,0,0,7,2,0,0,FALSE,FALSE,-9.88235294117648,FALSE,,FALSE
2026,1,"2026_01_ARI_LAC","00-0041064",,"SmitGe01","Genesis Smith","DB","LAC","ARI",0,55,0,0,,39,,"pass_play_personnel_share","UNRELIABLE_NON_ELIGIBLE_POSITION",0,39,0,0,0,273,0,,,0,16,0,,,0,0,0,0,0,0,0,0,0,7,4,0,0,0,0,0,0,0,0,0,0,4,1,0,0,FALSE,FALSE,-5.67272727272727,FALSE,,FALSE
2026,1,"2026_01_ATL_PIT","00-0041066","13482","DaniKe00","Kendal Daniels","LB","ATL","PIT",0,60,0,0,,28,,"pass_play_personnel_share","UNRELIABLE_NON_ELIGIBLE_POSITION",0,28,0,0,0,77,0,,,0,32,0,,,0,0,0,0,0,0,0,0,0,0,0,,,0,0,0,0,0,0,0,0,4,3,0,0,FALSE,FALSE,-5.28333333333333,FALSE,,FALSE
2026,1,"2026_01_NO_DET","00-0041067","13420","LancBr00","Bryce Lance","WR","NO","DET",62,89,0.69,0.696629213483146,,66,,"pass_play_personnel_share","PROXY_PERSONNEL_PRESENCE",5,66,0.0757575757575758,3,40,482,0.0829875518672199,8,,0,23,0,,0.185185185185185,0,0,0,1,0,1,0,0,0,10,3,0.1,0,0,0,2,0,0,0,0,0,4,5,0,0,TRUE,FALSE,-8.50561797752809,TRUE,,FALSE
2026,1,"2026_01_TB_CIN","00-0041069","13477","YounCo01","Colbie Young","WR","CIN","TB",9,63,0.14,0.142857142857143,,38,,"pass_play_personnel_share","PROXY_PERSONNEL_PRESENCE",0,38,0,0,0,226,0,,,0,25,0,,0,0,0,0,0,0,0,0,0,0,7,8,0,0,0,0,0,0,0,0,0,0,6,,0,,TRUE,FALSE,8.85714285714286,FALSE,,FALSE
2026,1,"2026_01_ARI_LAC","00-0041072","13527","BarrNi00","Nick Barrett","DL","LAC","ARI",0,55,0,0,,39,,"pass_play_personnel_share","UNRELIABLE_NON_ELIGIBLE_POSITION",0,39,0,0,0,273,0,,,0,16,0,,,0,0,0,0,0,0,0,0,0,7,4,0,0,0,0,0,0,0,0,0,0,4,1,0,0,FALSE,FALSE,-5.67272727272727,FALSE,,FALSE
2026,1,"2026_01_WAS_PHI","00-0041074",,"JoseJo00","Joshua Josephs","LB","WAS","PHI",0,70,0,0,,41,,"pass_play_personnel_share","UNRELIABLE_NON_ELIGIBLE_POSITION",0,41,0,0,0,317,0,,,0,29,0,,,0,0,0,0,0,0,0,0,0,9,7,0,0,0,0,0,0,0,0,0,0,5,4,0,0,FALSE,FALSE,-5.57142857142857,FALSE,,FALSE
2026,1,"2026_01_SF_LA","00-0041078","13520","DuggJa00","Jaden Dugger","LB","SF","LAR",0,65,0,0,,37,,"pass_play_personnel_share","UNRELIABLE_NON_ELIGIBLE_POSITION",0,37,0,0,0,149,0,,,0,28,0,,,0,0,0,0,0,0,0,0,0,8,2,0,0,0,0,0,0,0,0,0,0,2,3,0,0,FALSE,FALSE,4.13846153846154,FALSE,,FALSE
2026,1,"2026_01_GB_MIN","00-0041081",,"BredMa00","Max Bredeson","RB","MIN","GB",24,62,0.37,0.387096774193548,,34,,"pass_play_personnel_share","PROXY_PERSONNEL_PRESENCE",0,34,0,0,0,176,0,,,0,28,0,0,,0,0,0,0,0,0,0,0,0,7,8,0,0,0,0,0,0,0,0,0,0,5,1,0,0,TRUE,FALSE,-5.9516129032258,FALSE,,FALSE
2026,1,"2026_01_GB_MIN","00-0041083","13513","DemmCh00","Charles Demmings","DB","MIN","GB",0,62,0,0,,34,,"pass_play_personnel_share","UNRELIABLE_NON_ELIGIBLE_POSITION",0,34,0,0,0,176,0,,,0,28,0,,,0,0,0,0,0,0,0,0,0,7,8,0,0,0,0,0,0,0,0,0,0,5,1,0,0,FALSE,FALSE,-5.9516129032258,FALSE,,FALSE
2026,1,"2026_01_CHI_CAR","00-0041085","13512","ElliKe03","Keyshaun Elliott","LB","CHI","CAR",0,75,0,0,,40,,"pass_play_personnel_share","UNRELIABLE_NON_ELIGIBLE_POSITION",0,40,0,0,0,319,0,,,0,35,0,,,0,0,0,0,0,0,0,0,0,7,10,0,0,0,0,0,0,0,0,0,0,4,1,0,0,FALSE,FALSE,3.50666666666667,FALSE,,FALSE
2026,1,"2026_01_ARI_LAC","00-0041093","13551","SharKa00","Karson Sharar","LB","ARI","LAC",0,72,0,0,,42,,"pass_play_personnel_share","UNRELIABLE_NON_ELIGIBLE_POSITION",0,42,0,0,0,283,0,,,0,30,0,,,0,0,0,0,0,0,0,0,0,8,6,0,0,0,0,0,0,0,0,0,0,3,2,0,0,FALSE,FALSE,2.86111111111111,FALSE,,FALSE
2026,1,"2026_01_TB_CIN","00-0041094","13308","SharBa00","Bauer Sharp","TE","TB","CIN",1,56,0.02,0.0178571428571429,,39,,"pass_play_personnel_share","PROXY_PERSONNEL_PRESENCE",0,39,0,0,0,143,0,,,0,17,0,,0,0,0,0,0,0,0,0,0,0,7,3,0,0,0,0,0,0,0,0,0,0,7,1,0,0,TRUE,FALSE,-9.80357142857143,FALSE,,FALSE
2026,1,"2026_01_WAS_PHI","00-0041096","13405","AlleKa01","Kaytron Allen","RB","WAS","PHI",7,70,0.1,0.1,,41,,"pass_play_personnel_share","PROXY_PERSONNEL_PRESENCE",0,41,0,0,0,317,0,,,4,29,0.137931034482759,0.148148148148148,,0,0,0,0,3,0,1,1,0,9,7,0,0.428571428571429,0,0,0,1,0,0,0,0,5,4,0,0,TRUE,FALSE,-5.57142857142857,FALSE,,FALSE
2026,1,"2026_01_NO_DET","00-0041099","13533","BrowBa02","Barion Brown","WR","NO","DET",7,89,0.08,0.0786516853932584,,66,,"pass_play_personnel_share","PROXY_PERSONNEL_PRESENCE",0,66,0,0,0,482,0,,,1,23,0.0434782608695652,,0,0,0,0,0,0,0,0,0,0,10,3,0,0,0,0,0,0,3,55,5,21,4,5,0.75,1,TRUE,TRUE,-8.50561797752809,TRUE,,FALSE
2026,1,"2026_01_CLE_JAX","00-0041100","13394","CameJo01","Josh Cameron","WR","JAX","CLE",19,54,0.33,0.351851851851852,,25,,"pass_play_personnel_share","PROXY_PERSONNEL_PRESENCE",2,25,0.08,2,18,242,0.0743801652892562,9,,0,29,0,,0.142857142857143,0,0,0,1,0,1,0,0,1,2,1,0.5,0,0,0,0,0,1,23,0,0,3,3,0.333333333333333,0,TRUE,TRUE,16.3703703703704,FALSE,,FALSE
2026,1,"2026_01_DAL_NYG","00-0041102","13531","KellJa00","Jack Kelly","LB","NYG","DAL",0,66,0,0,,33,,"pass_play_personnel_share","UNRELIABLE_NON_ELIGIBLE_POSITION",0,33,0,0,0,245,0,,,0,33,0,,,0,0,0,0,0,0,0,0,0,7,5,0,0,0,0,0,0,0,0,0,0,3,2,0,0,FALSE,FALSE,4.48484848484848,FALSE,,FALSE
2026,1,"2026_01_CLE_JAX","00-0041106","13554","WillCJ00","C.J. Williams","WR","JAX","CLE",10,54,0.18,0.185185185185185,,25,,"pass_play_personnel_share","PROXY_PERSONNEL_PRESENCE",0,25,0,0,0,242,0,,,0,29,0,,0,0,0,0,0,0,0,0,0,0,2,1,0,0,0,0,0,0,0,0,0,0,3,3,0,0,TRUE,FALSE,16.3703703703704,FALSE,,FALSE
2026,1,"2026_01_NE_SEA","00-0041109","13542","ObiaNa00","Namdi Obiazor","LB","NE","SEA",0,71,0,0,,44,,"pass_play_personnel_share","UNRELIABLE_NON_ELIGIBLE_POSITION",0,44,0,0,0,221,0,,,0,27,0,,,0,0,0,0,0,0,0,0,0,2,0,0,,0,0,0,0,0,0,0,0,4,2,0,0,FALSE,FALSE,1.87323943661972,FALSE,,FALSE
2026,1,"2026_01_CHI_CAR","00-0041110",,"vandJo00","Jordan van den Berg","DL","CHI","CAR",0,75,0,0,,40,,"pass_play_personnel_share","UNRELIABLE_NON_ELIGIBLE_POSITION",0,40,0,0,0,319,0,,,0,35,0,,,0,0,0,0,0,0,0,0,0,7,10,0,0,0,0,0,0,0,0,0,0,4,1,0,0,FALSE,FALSE,3.50666666666667,FALSE,,FALSE
2026,1,"2026_01_BAL_IND","00-0041111",,"CurrCa00","Caden Curry","DL","IND","BAL",0,54,0,0,,35,,"pass_play_personnel_share","UNRELIABLE_NON_ELIGIBLE_POSITION",0,35,0,0,0,201,0,,,0,19,0,,,0,0,0,0,0,0,0,0,0,3,5,0,0,0,0,0,0,0,0,0,0,6,2,0,0,FALSE,FALSE,-13.4259259259259,FALSE,,FALSE
2026,1,"2026_01_ATL_PIT","00-0041112","13555","PerkHa01","Harold Perkins","LB","ATL","PIT",0,60,0,0,,28,,"pass_play_personnel_share","UNRELIABLE_NON_ELIGIBLE_POSITION",0,28,0,0,0,77,0,,,0,32,0,,,0,0,0,0,0,0,0,0,0,0,0,,,0,0,0,0,0,0,0,0,4,3,0,0,FALSE,FALSE,-5.28333333333333,FALSE,,FALSE
2026,1,"2026_01_CHI_CAR","00-0041119",,"KuwaJa00","Jackson Kuwatch","LB","CAR","CHI",0,68,0,0,,46,,"pass_play_personnel_share","UNRELIABLE_NON_ELIGIBLE_POSITION",0,46,0,0,0,366,0,,,0,22,0,,,0,0,0,0,0,0,0,0,0,10,5,0,0,0,0,0,0,0,0,0,0,7,2,0,0,FALSE,FALSE,-9.88235294117648,FALSE,,FALSE
2026,1,"2026_01_BAL_IND","00-0041125","13424","McGoSe01","Seth McGowan","RB","IND","BAL",6,54,0.11,0.111111111111111,,35,,"pass_play_personnel_share","PROXY_PERSONNEL_PRESENCE",1,35,0.0285714285714286,1,-2,201,-0.0099502487562189,-2,,0,19,0,0,,0,0,0,0,0,0,0,0,0,3,5,0,0,1,0,0,0,5,164,0,0,6,2,0.833333333333333,0,TRUE,TRUE,-13.4259259259259,FALSE,,FALSE
2026,1,"2026_01_BUF_HOU","00-0041126",,"DomaTo00","Tommy Doman","P","BUF","HOU",0,56,0,0,,37,,"pass_play_personnel_share","UNRELIABLE_NON_ELIGIBLE_POSITION",0,37,0,0,0,383,0,,,0,19,0,,,0,0,0,0,0,0,0,0,0,6,3,0,0,0,0,0,0,0,0,0,0,5,2,0,0,FALSE,FALSE,-0.0178571428571427,FALSE,,FALSE
2026,1,"2026_01_CLE_JAX","00-0041131","13580","RyanCa00","Carsen Ryan","TE","CLE","JAX",0,51,0,0,,32,,"pass_play_personnel_share","PROXY_PERSONNEL_PRESENCE",0,32,0,0,0,228,0,,,0,19,0,,0,0,0,0,0,0,0,0,0,0,4,3,0,0,0,0,0,0,0,0,0,0,6,2,0,0,FALSE,FALSE,-23.3529411764706,FALSE,,FALSE
2026,1,"2026_01_BAL_IND","00-0041132","13333","BurkDe02","Deion Burks","WR","IND","BAL",0,54,0,0,,35,,"pass_play_personnel_share","PROXY_PERSONNEL_PRESENCE",0,35,0,0,0,201,0,,,0,19,0,,0,0,0,0,0,0,0,0,0,0,3,5,0,0,0,0,0,0,0,0,0,0,6,2,0,0,FALSE,FALSE,-13.4259259259259,FALSE,,FALSE
2026,1,"2026_01_DAL_NYG","00-0041145",,"ZvadDo00","Dominic Zvada","K","NYG","DAL",0,66,0,0,,33,,"pass_play_personnel_share","UNRELIABLE_NON_ELIGIBLE_POSITION",0,33,0,0,0,245,0,,,0,33,0,,,0,0,0,0,0,0,0,0,0,7,5,0,0,0,0,0,0,0,0,0,0,3,2,0,0,FALSE,FALSE,4.48484848484848,FALSE,,FALSE
2026,1,"2026_01_CHI_CAR","00-0041148","13706","HallAa00","Aaron Hall","DL","CAR","CHI",0,68,0,0,,46,,"pass_play_personnel_share","UNRELIABLE_NON_ELIGIBLE_POSITION",0,46,0,0,0,366,0,,,0,22,0,,,0,0,0,0,0,0,0,0,0,10,5,0,0,0,0,0,0,0,0,0,0,7,2,0,0,FALSE,FALSE,-9.88235294117648,FALSE,,FALSE
2026,1,"2026_01_WAS_PHI","00-0041182",,"StevDr00","Drew Stevens","K","WAS","PHI",0,70,0,0,,41,,"pass_play_personnel_share","UNRELIABLE_NON_ELIGIBLE_POSITION",0,41,0,0,0,317,0,,,0,29,0,,,0,0,0,0,0,0,0,0,0,9,7,0,0,0,0,0,0,0,0,0,0,5,4,0,0,FALSE,FALSE,-5.57142857142857,FALSE,,FALSE
2026,1,"2026_01_NO_DET","00-0041326","13277","DonaCJ00","CJ Donaldson","RB","NO","DET",15,89,0.17,0.168539325842697,,66,,"pass_play_personnel_share","PROXY_PERSONNEL_PRESENCE",2,66,0.0303030303030303,1,5,482,0.0103734439834025,2.5,,2,23,0.0869565217391304,0.1,,0,0,0,0,0,0,0,0,0,10,3,0,0,0,2,1,0,0,0,0,0,4,5,0,0,TRUE,FALSE,-8.50561797752809,TRUE,,FALSE
2026,1,"2026_01_GB_MIN","00-0041354",,"ThomJa08","Jacob Thomas","DB","MIN","GB",0,62,0,0,,34,,"pass_play_personnel_share","UNRELIABLE_NON_ELIGIBLE_POSITION",0,34,0,0,0,176,0,,,0,28,0,,,0,0,0,0,0,0,0,0,0,7,8,0,0,0,0,0,0,0,0,0,0,5,1,0,0,FALSE,FALSE,-5.9516129032258,FALSE,,FALSE
2026,1,"2026_01_NE_SEA","00-0041382","13635","SmitAv00","Avery Smith","DB","SEA","NE",0,49,0,0,,28,,"pass_play_personnel_share","UNRELIABLE_NON_ELIGIBLE_POSITION",0,28,0,0,0,154,0,,,0,21,0,,,0,0,0,0,0,0,0,0,0,5,2,0,0,0,0,0,0,0,0,0,0,3,4,0,0,FALSE,FALSE,-4.6734693877551,FALSE,,FALSE
2026,1,"2026_01_NO_DET","00-0041390",,"MillCh01","Christen Miller","DL","NO","DET",0,89,0,0,,66,,"pass_play_personnel_share","UNRELIABLE_NON_ELIGIBLE_POSITION",0,66,0,0,0,482,0,,,0,23,0,,,0,0,0,0,0,0,0,0,0,10,3,0,0,0,0,0,0,0,0,0,0,4,5,0,0,FALSE,FALSE,-8.50561797752809,TRUE,,FALSE
2026,1,"2026_01_BUF_HOU","00-0041391","13454","IgbiDa01","Davison Igbinosun","DB","BUF","HOU",0,56,0,0,,37,,"pass_play_personnel_share","UNRELIABLE_NON_ELIGIBLE_POSITION",0,37,0,0,0,383,0,,,0,19,0,,,0,0,0,0,0,0,0,0,0,6,3,0,0,0,0,0,0,0,0,0,0,5,2,0,0,FALSE,FALSE,-0.0178571428571427,FALSE,,FALSE
2026,1,"2026_01_ATL_PIT","00-0041393","13470","EverDa00","Daylen Everette","DB","PIT","ATL",0,65,0,0,,47,,"pass_play_personnel_share","UNRELIABLE_NON_ELIGIBLE_POSITION",0,47,0,0,0,407,0,,,0,18,0,,,0,0,0,0,0,0,0,0,0,5,1,0,0,0,0,0,0,0,0,0,0,3,4,0,0,FALSE,FALSE,3.12307692307692,FALSE,,FALSE
2026,1,"2026_01_NE_SEA","00-0041395","13421","RariEl00","Eli Raridon","TE","NE","SEA",38,71,0.54,0.535211267605634,,44,,"pass_play_personnel_share","PROXY_PERSONNEL_PRESENCE",1,44,0.0227272727272727,1,2,221,0.00904977375565611,2,,0,27,0,,0.25,0,0,0,1,0,1,0,0,1,2,0,0.5,,0,0,0,0,0,0,0,0,4,2,0,0,TRUE,FALSE,1.87323943661972,FALSE,,FALSE
2026,1,"2026_01_ATL_PIT","00-0041397","13491","WetjKa00","Kaden Wetjen","WR","PIT","ATL",0,65,0,0,,47,,"pass_play_personnel_share","PROXY_PERSONNEL_PRESENCE",0,47,0,0,0,407,0,,,0,18,0,,0,0,0,0,0,0,0,0,0,0,5,1,0,0,0,0,0,0,1,27,4,13,3,4,0.333333333333333,1,FALSE,TRUE,3.12307692307692,FALSE,,FALSE
2026,1,"2026_01_ATL_PIT","00-0041398","13433","NowaRi00","Riley Nowakowski","TE","PIT","ATL",8,65,0.12,0.123076923076923,,47,,"pass_play_personnel_share","PROXY_PERSONNEL_PRESENCE",0,47,0,0,0,407,0,,,0,18,0,,0,0,0,0,0,0,0,0,0,0,5,1,0,0,0,0,0,0,0,0,0,0,3,4,0,0,TRUE,FALSE,3.12307692307692,FALSE,,FALSE
2026,1,"2026_01_ATL_PIT","00-0041401",,"SpeaRo01","Robert Spears-Jennings","DB","PIT","ATL",0,65,0,0,,47,,"pass_play_personnel_share","UNRELIABLE_NON_ELIGIBLE_POSITION",0,47,0,0,0,407,0,,,0,18,0,,,0,0,0,0,0,0,0,0,0,5,1,0,0,0,0,0,0,0,0,0,0,3,4,0,0,FALSE,FALSE,3.12307692307692,FALSE,,FALSE
2026,1,"2026_01_NE_SEA","00-0041402","13573","HutcQu00","Quintayvious Hutchins","LB","NE","SEA",0,71,0,0,,44,,"pass_play_personnel_share","UNRELIABLE_NON_ELIGIBLE_POSITION",0,44,0,0,0,221,0,,,0,27,0,,,0,0,0,0,0,0,0,0,0,2,0,0,,0,0,0,0,0,0,0,0,4,2,0,0,FALSE,FALSE,1.87323943661972,FALSE,,FALSE
2026,1,"2026_01_SF_LA","00-0041404",,"BailWe00","Wesley Bailey","LB","LAR","SF",0,60,0,0,,33,,"pass_play_personnel_share","UNRELIABLE_NON_ELIGIBLE_POSITION",0,33,0,0,0,255,0,,,0,27,0,,,0,0,0,0,0,0,0,0,0,2,7,0,0,0,0,0,0,0,0,0,0,5,1,0,0,FALSE,FALSE,-9.48333333333334,FALSE,,FALSE
2026,1,"2026_01_NYJ_TEN","00-0041438","13279","TateCa00","Carnell Tate","WR","TEN","NYJ",44,50,0.88,0.88,,40,,"pass_play_personnel_share","PROXY_PERSONNEL_PRESENCE",6,40,0.15,4,67,190,0.352631578947368,11.1666666666667,,0,10,0,,0.375,0,0,0,0,0,0,0,0,0,3,0,0,,1,0,1,0,0,0,0,0,3,1,0,0,TRUE,FALSE,-12.58,FALSE,,FALSE
2026,1,"2026_01_NO_DET","00-0041441","13458","MoorDe03","Derrick Moore","LB","DET","NO",0,77,0,0,,41,,"pass_play_personnel_share","UNRELIABLE_NON_ELIGIBLE_POSITION",0,41,0,0,0,207,0,,,0,36,0,,,0,0,0,0,0,0,0,0,0,8,11,0,0,0,0,0,0,0,0,0,0,4,4,0,0,FALSE,FALSE,4.55844155844156,TRUE,,FALSE
2026,1,"2026_01_BUF_HOU","00-0041444","13488","ElarKa00","Kaleb Elarms-Orr","LB","BUF","HOU",0,56,0,0,,37,,"pass_play_personnel_share","UNRELIABLE_NON_ELIGIBLE_POSITION",0,37,0,0,0,383,0,,,0,19,0,,,0,0,0,0,0,0,0,0,0,6,3,0,0,0,0,0,0,0,0,0,0,5,2,0,0,FALSE,FALSE,-0.0178571428571427,FALSE,,FALSE
2026,1,"2026_01_NO_DET","00-0041445",,"AbneKe00","Keith Abney","DB","DET","NO",0,77,0,0,,41,,"pass_play_personnel_share","UNRELIABLE_NON_ELIGIBLE_POSITION",0,41,0,0,0,207,0,,,0,36,0,,,0,0,0,0,0,0,0,0,0,8,11,0,0,0,0,0,0,0,0,0,0,4,4,0,0,FALSE,FALSE,4.55844155844156,TRUE,,FALSE
2026,1,"2026_01_NO_DET","00-0041447","13547","GillSk00","Skyler Gill-Howard","DL","DET","NO",0,77,0,0,,41,,"pass_play_personnel_share","UNRELIABLE_NON_ELIGIBLE_POSITION",0,41,0,0,0,207,0,,,0,36,0,,,0,0,0,0,0,0,0,0,0,8,11,0,0,0,0,0,0,0,0,0,0,4,4,0,0,FALSE,FALSE,4.55844155844156,TRUE,,FALSE
2026,1,"2026_01_DAL_NYG","00-0041462",,"HoodCo00","Colton Hood","DB","NYG","DAL",0,66,0,0,,33,,"pass_play_personnel_share","UNRELIABLE_NON_ELIGIBLE_POSITION",0,33,0,0,0,245,0,,,0,33,0,,,0,0,0,0,0,0,0,0,0,7,5,0,0,0,0,0,0,0,0,0,0,3,2,0,0,FALSE,FALSE,4.48484848484848,FALSE,,FALSE
2026,1,"2026_01_TB_CIN","00-0041464","13469","DaviTa01","Tacario Davis","DB","CIN","TB",0,63,0,0,,38,,"pass_play_personnel_share","UNRELIABLE_NON_ELIGIBLE_POSITION",0,38,0,0,0,226,0,,,0,25,0,,,0,0,0,0,0,0,0,0,0,7,8,0,0,0,0,0,0,0,0,0,0,6,,0,,FALSE,FALSE,8.85714285714286,FALSE,,FALSE
2026,1,"2026_01_BUF_HOU","00-0041465","13490","WoodWa00","Wade Woodaz","LB","HOU","BUF",0,79,0,0,,48,,"pass_play_personnel_share","UNRELIABLE_NON_ELIGIBLE_POSITION",0,48,0,0,0,322,0,,,0,31,0,,,0,0,0,0,0,0,0,0,0,6,5,0,0,0,0,0,0,0,0,0,0,8,1,0,0,FALSE,FALSE,-3.83544303797468,FALSE,,FALSE
2026,1,"2026_01_BUF_HOU","00-0041466",,"RamsKa01","Kamari Ramsey","DB","HOU","BUF",0,79,0,0,,48,,"pass_play_personnel_share","UNRELIABLE_NON_ELIGIBLE_POSITION",0,48,0,0,0,322,0,,,0,31,0,,,0,0,0,0,0,0,0,0,0,6,5,0,0,0,0,0,0,0,0,0,0,8,1,0,0,FALSE,FALSE,-3.83544303797468,FALSE,,FALSE
2026,1,"2026_01_ATL_PIT","00-0041469",,"TerrAv00","Avieon Terrell","DB","ATL","PIT",0,60,0,0,,28,,"pass_play_personnel_share","UNRELIABLE_NON_ELIGIBLE_POSITION",0,28,0,0,0,77,0,,,0,32,0,,,0,0,0,0,0,0,0,0,0,0,0,,,0,0,0,0,0,0,0,0,4,3,0,0,FALSE,FALSE,-5.28333333333333,FALSE,,FALSE
2026,1,"2026_01_GB_MIN","00-0041470",,"CissBr00","Brandon Cisse","DB","GB","MIN",0,68,0,0,,46,,"pass_play_personnel_share","UNRELIABLE_NON_ELIGIBLE_POSITION",0,46,0,0,0,469,0,,,0,22,0,,,0,0,0,0,0,0,0,0,0,7,3,0,0,0,0,0,0,0,0,0,0,6,4,0,0,FALSE,FALSE,1.41176470588236,FALSE,,FALSE
2026,1,"2026_01_CLE_JAX","00-0041471",,"McNeEm00","Emmanuel McNeil-Warren","DB","CLE","JAX",0,51,0,0,,32,,"pass_play_personnel_share","UNRELIABLE_NON_ELIGIBLE_POSITION",0,32,0,0,0,228,0,,,0,19,0,,,0,0,0,0,0,0,0,0,0,4,3,0,0,0,0,0,0,0,0,0,0,6,2,0,0,FALSE,FALSE,-23.3529411764706,FALSE,,FALSE
2026,1,"2026_01_BUF_HOU","00-0041472","13307","KleiMa00","Marlin Klein","TE","HOU","BUF",9,79,0.11,0.113924050632911,,48,,"pass_play_personnel_share","PROXY_PERSONNEL_PRESENCE",1,48,0.0208333333333333,1,14,322,0.0434782608695652,14,,0,31,0,,0.0833333333333333,0,0,0,0,0,0,0,0,0,6,5,0,0,0,0,0,0,0,0,0,0,8,1,0,0,TRUE,FALSE,-3.83544303797468,FALSE,,FALSE
2026,1,"2026_01_CHI_CAR","00-0041478",,"HuntLe00","Lee Hunter","DL","CAR","CHI",0,68,0,0,,46,,"pass_play_personnel_share","UNRELIABLE_NON_ELIGIBLE_POSITION",0,46,0,0,0,366,0,,,0,22,0,,,0,0,0,0,0,0,0,0,0,10,5,0,0,0,0,0,0,0,0,0,0,7,2,0,0,FALSE,FALSE,-9.88235294117648,FALSE,,FALSE
2026,1,"2026_01_NYJ_TEN","00-0041479","13365","HillAn01","Anthony Hill Jr.","LB","TEN","NYJ",0,50,0,0,,40,,"pass_play_personnel_share","UNRELIABLE_NON_ELIGIBLE_POSITION",0,40,0,0,0,190,0,,,0,10,0,,,0,0,0,0,0,0,0,0,0,3,0,0,,0,0,0,0,0,0,0,0,3,1,0,0,FALSE,FALSE,-12.58,FALSE,,FALSE
2026,1,"2026_01_ATL_PIT","00-0041489","13274","BernGe00","Germie Bernard","WR","PIT","ATL",3,65,0.04,0.0461538461538462,,47,,"pass_play_personnel_share","PROXY_PERSONNEL_PRESENCE",0,47,0,0,0,407,0,,,0,18,0,,0,0,0,0,0,0,0,0,0,0,5,1,0,0,0,0,0,0,0,0,0,0,3,4,0,0,TRUE,FALSE,3.12307692307692,FALSE,,FALSE
2026,1,"2026_01_ATL_PIT","00-0041490","13423","HeidEl00","Eli Heidenreich","RB","PIT","ATL",3,65,0.04,0.0461538461538462,,47,,"pass_play_personnel_share","PROXY_PERSONNEL_PRESENCE",0,47,0,0,0,407,0,,,0,18,0,0,,0,0,0,0,0,0,0,0,0,5,1,0,0,0,0,0,0,2,47,0,0,3,4,0.666666666666667,0,TRUE,TRUE,3.12307692307692,FALSE,,FALSE
2026,1,"2026_01_BAL_IND","00-0041494","13460","YounZi00","Zion Young","LB","BAL","IND",0,64,0,0,,32,,"pass_play_personnel_share","UNRELIABLE_NON_ELIGIBLE_POSITION",0,32,0,0,0,270,0,,,0,32,0,,,0,0,0,0,0,0,0,0,0,5,7,0,0,0,0,0,0,0,0,0,0,5,5,0,0,FALSE,FALSE,11.125,FALSE,,FALSE
2026,1,"2026_01_GB_MIN","00-0041495","13391","GoldJa01","Jake Golday","LB","MIN","GB",0,62,0,0,,34,,"pass_play_personnel_share","UNRELIABLE_NON_ELIGIBLE_POSITION",0,34,0,0,0,176,0,,,0,28,0,,,0,0,0,0,0,0,0,0,0,7,8,0,0,0,0,0,0,0,0,0,0,5,1,0,0,FALSE,FALSE,-5.9516129032258,FALSE,,FALSE
2026,1,"2026_01_DEN_KC","00-0041496","13345","ColeJo00","Jonah Coleman","RB","DEN","KC",3,50,0.06,0.06,,35,,"pass_play_personnel_share","PROXY_PERSONNEL_PRESENCE",0,35,0,0,0,92,0,,,0,15,0,0,,0,0,0,0,0,0,0,0,0,4,1,0,0,0,0,0,0,1,27,0,0,5,3,0.2,0,TRUE,TRUE,-9.24,FALSE,,FALSE
2026,1,"2026_01_DEN_KC","00-0041497","13500","CanaJa00","Jadon Canady","DB","KC","DEN",0,66,0,0,,34,,"pass_play_personnel_share","UNRELIABLE_NON_ELIGIBLE_POSITION",0,34,0,0,0,133,0,,,0,32,0,,,0,0,0,0,0,0,0,0,0,7,4,0,0,0,0,0,0,0,0,0,0,3,4,0,0,FALSE,FALSE,6.83333333333333,FALSE,,FALSE
2026,1,"2026_01_DEN_KC","00-0041501",,"MasoR01","R Mason Thomas","DL","KC","DEN",0,66,0,0,,34,,"pass_play_personnel_share","UNRELIABLE_NON_ELIGIBLE_POSITION",0,34,0,0,0,133,0,,,0,32,0,,,0,0,0,0,0,0,0,0,0,7,4,0,0,0,0,0,0,0,0,0,0,3,4,0,0,FALSE,FALSE,6.83333333333333,FALSE,,FALSE
2026,1,"2026_01_TB_CIN","00-0041502","13379","TrotJo00","Josiah Trotter","LB","TB","CIN",0,56,0,0,,39,,"pass_play_personnel_share","UNRELIABLE_NON_ELIGIBLE_POSITION",0,39,0,0,0,143,0,,,0,17,0,,,0,0,0,0,0,0,0,0,0,7,3,0,0,0,0,0,0,0,0,0,0,7,1,0,0,FALSE,FALSE,-9.80357142857143,FALSE,,FALSE
2026,1,"2026_01_CLE_JAX","00-0041503","13299","BoerNa00","Nate Boerkircher","TE","JAX","CLE",38,54,0.67,0.703703703703704,,25,,"pass_play_personnel_share","PROXY_PERSONNEL_PRESENCE",1,25,0.04,1,2,242,0.00826446280991736,2,,0,29,0,,0.2,0,0,0,0,0,0,0,0,0,2,1,0,0,0,0,0,0,0,0,0,0,3,3,0,0,TRUE,FALSE,16.3703703703704,FALSE,,FALSE
2026,1,"2026_01_NYJ_TEN","00-0041508",,"FaulKe01","Keldric Faulk","LB","TEN","NYJ",0,50,0,0,,40,,"pass_play_personnel_share","UNRELIABLE_NON_ELIGIBLE_POSITION",0,40,0,0,0,190,0,,,0,10,0,,,0,0,0,0,0,0,0,0,0,3,0,0,,0,0,0,0,0,0,0,0,3,1,0,0,FALSE,FALSE,-12.58,FALSE,,FALSE
2026,1,"2026_01_DAL_NYG","00-0041509","13377","ReesAr00","Arvell Reese","LB","NYG","DAL",0,66,0,0,,33,,"pass_play_personnel_share","UNRELIABLE_NON_ELIGIBLE_POSITION",0,33,0,0,0,245,0,,,0,33,0,,,0,0,0,0,0,0,0,0,0,7,5,0,0,0,0,0,0,0,0,0,0,3,2,0,0,FALSE,FALSE,4.48484848484848,FALSE,,FALSE
2026,1,"2026_01_NYJ_TEN","00-0041511","13276","CoopOm00","Omar Cooper Jr.","WR","NYJ","TEN",5,64,0.07,0.078125,,28,,"pass_play_personnel_share","PROXY_PERSONNEL_PRESENCE",1,28,0.0357142857142857,1,4,168,0.0238095238095238,4,,0,36,0,,0.0769230769230769,0,0,0,0,0,0,0,0,0,2,5,0,0,1,0,0,0,0,0,0,0,,3,,0,TRUE,FALSE,7.65625,FALSE,,FALSE
2026,1,"2026_01_NE_SEA","00-0041512","13286","PricJa02","Jadarian Price","RB","SEA","NE",24,49,0.48,0.489795918367347,,28,,"pass_play_personnel_share","PROXY_PERSONNEL_PRESENCE",2,28,0.0714285714285714,2,-1,154,-0.00649350649350649,-0.5,,10,21,0.476190476190476,0.5,,0,0,0,0,0,0,0,0,0,5,2,0,0,0,0,0,0,0,0,0,0,3,4,0,0,TRUE,FALSE,-4.6734693877551,FALSE,,FALSE
2026,1,"2026_01_BAL_IND","00-0041518","13481","BoetBr00","Bryce Boettcher","LB","IND","BAL",0,54,0,0,,35,,"pass_play_personnel_share","UNRELIABLE_NON_ELIGIBLE_POSITION",0,35,0,0,0,201,0,,,0,19,0,,,0,0,0,0,0,0,0,0,0,3,5,0,0,0,0,0,0,0,0,0,0,6,2,0,0,FALSE,FALSE,-13.4259259259259,FALSE,,FALSE
2026,1,"2026_01_MIA_LV","00-0041522","13453","RodrJa00","Jacob Rodriguez","LB","MIA","LV",0,55,0,0,,40,,"pass_play_personnel_share","UNRELIABLE_NON_ELIGIBLE_POSITION",0,40,0,0,0,309,0,,,0,15,0,,,0,0,0,0,0,0,0,0,0,2,3,0,0,0,0,0,0,0,0,0,0,5,1,0,0,FALSE,FALSE,-10.4545454545455,FALSE,,FALSE
2026,1,"2026_01_MIA_LV","00-0041523","13296","DougCa00","Caleb Douglas","WR","MIA","LV",51,55,0.91,0.927272727272727,,40,,"pass_play_personnel_share","PROXY_PERSONNEL_PRESENCE",7,40,0.175,5,97,309,0.313915857605178,13.8571428571429,,0,15,0,,0.368421052631579,0,0,0,0,0,0,0,0,0,2,3,0,0,3,0,2,0,0,0,0,0,5,1,0,0,TRUE,FALSE,-10.4545454545455,FALSE,,FALSE
2026,1,"2026_01_MIA_LV","00-0041524","13434","KacmWi00","Will Kacmarek","TE","MIA","LV",14,55,0.25,0.254545454545455,,40,,"pass_play_personnel_share","PROXY_PERSONNEL_PRESENCE",1,40,0.025,0,6,309,0.0194174757281553,6,,0,15,0,,0.333333333333333,0,0,0,0,0,0,0,0,0,2,3,0,0,0,0,0,0,0,0,0,0,5,1,0,0,TRUE,FALSE,-10.4545454545455,FALSE,,FALSE
2026,1,"2026_01_MIA_LV","00-0041525","13311","BellCh00","Chris Bell","WR","MIA","LV",29,55,0.52,0.527272727272727,,40,,"pass_play_personnel_share","PROXY_PERSONNEL_PRESENCE",2,40,0.05,1,42,309,0.135922330097087,21,,0,15,0,,0.105263157894737,0,0,0,0,0,0,0,0,0,2,3,0,0,0,0,1,0,0,0,0,0,5,1,0,0,TRUE,FALSE,-10.4545454545455,FALSE,,FALSE
2026,1,"2026_01_MIA_LV","00-0041527","13479","LouiKy00","Kyle Louis","LB","MIA","LV",0,55,0,0,,40,,"pass_play_personnel_share","UNRELIABLE_NON_ELIGIBLE_POSITION",0,40,0,0,0,309,0,,,0,15,0,,,0,0,0,0,0,0,0,0,0,2,3,0,0,0,0,0,0,0,0,0,0,5,1,0,0,FALSE,FALSE,-10.4545454545455,FALSE,,FALSE
2026,1,"2026_01_MIA_LV","00-0041528",,"TaafMi00","Michael Taaffe","DB","MIA","LV",0,55,0,0,,40,,"pass_play_personnel_share","UNRELIABLE_NON_ELIGIBLE_POSITION",0,40,0,0,0,309,0,,,0,15,0,,,0,0,0,0,0,0,0,0,0,2,3,0,0,0,0,0,0,0,0,0,0,5,1,0,0,FALSE,FALSE,-10.4545454545455,FALSE,,FALSE
2026,1,"2026_01_MIA_LV","00-0041529","13338","ColeKe03","Kevin Coleman","WR","MIA","LV",16,55,0.29,0.290909090909091,,40,,"pass_play_personnel_share","PROXY_PERSONNEL_PRESENCE",2,40,0.05,0,24,309,0.0776699029126214,12,,0,15,0,,0.105263157894737,0,0,0,0,0,0,0,0,0,2,3,0,0,0,0,0,0,0,0,0,0,5,1,0,0,TRUE,FALSE,-10.4545454545455,FALSE,,FALSE
2026,1,"2026_01_MIA_LV","00-0041533",,"JohnCh09","Chris Johnson","DB","MIA","LV",0,55,0,0,,40,,"pass_play_personnel_share","UNRELIABLE_NON_ELIGIBLE_POSITION",0,40,0,0,0,309,0,,,0,15,0,,,0,0,0,0,0,0,0,0,0,2,3,0,0,0,0,0,0,0,0,0,0,5,1,0,0,FALSE,FALSE,-10.4545454545455,FALSE,,FALSE
2026,1,"2026_01_DAL_NYG","00-0041537",,"LawrMa01","Malachi Lawrence","LB","DAL","NYG",0,58,0,0,,41,,"pass_play_personnel_share","UNRELIABLE_NON_ELIGIBLE_POSITION",0,41,0,0,0,309,0,,,0,17,0,,,0,0,0,0,0,0,0,0,0,6,4,0,0,0,0,0,0,0,0,0,0,5,,0,,FALSE,FALSE,-8.68965517241379,FALSE,,FALSE
2026,1,"2026_01_CHI_CAR","00-0041538",,"ThieDi00","Dillon Thieneman","DB","CHI","CAR",0,75,0,0,,40,,"pass_play_personnel_share","UNRELIABLE_NON_ELIGIBLE_POSITION",0,40,0,0,0,319,0,,,0,35,0,,,0,0,0,0,0,0,0,0,0,7,10,0,0,0,0,0,0,0,0,0,0,4,1,0,0,FALSE,FALSE,3.50666666666667,FALSE,,FALSE
2026,1,"2026_01_DEN_KC","00-0041543",,"DelaMa00","Mansoor Delane","DB","KC","DEN",0,66,0,0,,34,,"pass_play_personnel_share","UNRELIABLE_NON_ELIGIBLE_POSITION",0,34,0,0,0,133,0,,,0,32,0,,,0,0,0,0,0,0,0,0,0,7,4,0,0,0,0,0,0,0,0,0,0,3,4,0,0,FALSE,FALSE,6.83333333333333,FALSE,,FALSE
2026,1,"2026_01_ARI_LAC","00-0041544",,"MesiAk01","Akheem Mesidor","LB","LAC","ARI",0,55,0,0,,39,,"pass_play_personnel_share","UNRELIABLE_NON_ELIGIBLE_POSITION",0,39,0,0,0,273,0,,,0,16,0,,,0,0,0,0,0,0,0,0,0,7,4,0,0,0,0,0,0,0,0,0,0,4,1,0,0,FALSE,FALSE,-5.67272727272727,FALSE,,FALSE
2026,1,"2026_01_DEN_KC","00-0041545",,"WoodPe00","Peter Woods","DL","KC","DEN",0,66,0,0,,34,,"pass_play_personnel_share","UNRELIABLE_NON_ELIGIBLE_POSITION",0,34,0,0,0,133,0,,,0,32,0,,,0,0,0,0,0,0,0,0,0,7,4,0,0,0,0,0,0,0,0,0,0,3,4,0,0,FALSE,FALSE,6.83333333333333,FALSE,,FALSE
2026,1,"2026_01_TB_CIN","00-0041546",,"HoweCa00","Cashius Howell","DL","CIN","TB",0,63,0,0,,38,,"pass_play_personnel_share","UNRELIABLE_NON_ELIGIBLE_POSITION",0,38,0,0,0,226,0,,,0,25,0,,,0,0,0,0,0,0,0,0,0,7,8,0,0,0,0,0,0,0,0,0,0,6,,0,,FALSE,FALSE,8.85714285714286,FALSE,,FALSE
2026,1,"2026_01_CLE_JAX","00-0041547","13298","ConcKC00","KC Concepcion","WR","CLE","JAX",35,51,0.69,0.686274509803922,,32,,"pass_play_personnel_share","PROXY_PERSONNEL_PRESENCE",5,32,0.15625,4,63,228,0.276315789473684,12.6,,3,19,0.157894736842105,,0.384615384615385,0,0,0,0,0,0,0,0,0,4,3,0,0,0,0,0,0,0,0,1,10,6,2,0,0.5,TRUE,TRUE,-23.3529411764706,FALSE,,FALSE
2026,1,"2026_01_NYJ_TEN","00-0041549","13504","JackDa06","Darrell Jackson","DL","NYJ","TEN",0,64,0,0,,28,,"pass_play_personnel_share","UNRELIABLE_NON_ELIGIBLE_POSITION",0,28,0,0,0,168,0,,,0,36,0,,,0,0,0,0,0,0,0,0,0,2,5,0,0,0,0,0,0,0,0,0,0,,3,,0,FALSE,FALSE,7.65625,FALSE,,FALSE
2026,1,"2026_01_ARI_LAC","00-0041550","13380","ThomBr07","Brenen Thompson","WR","LAC","ARI",10,55,0.18,0.181818181818182,,39,,"pass_play_personnel_share","PROXY_PERSONNEL_PRESENCE",0,39,0,0,0,273,0,,,0,16,0,,0,0,0,0,0,0,0,0,0,0,7,4,0,0,0,0,0,0,0,0,0,0,4,1,0,0,TRUE,FALSE,-5.67272727272727,FALSE,,FALSE
2026,1,"2026_01_SF_LA","00-0041556",,"HeigRo00","Romello Height","DL","SF","LAR",0,65,0,0,,37,,"pass_play_personnel_share","UNRELIABLE_NON_ELIGIBLE_POSITION",0,37,0,0,0,149,0,,,0,28,0,,,0,0,0,0,0,0,0,0,0,8,2,0,0,0,0,0,0,0,0,0,0,2,3,0,0,FALSE,FALSE,4.13846153846154,FALSE,,FALSE
2026,1,"2026_01_SF_LA","00-0041557","13501","HaltGr00","Gracen Halton","DL","SF","LAR",0,65,0,0,,37,,"pass_play_personnel_share","UNRELIABLE_NON_ELIGIBLE_POSITION",0,37,0,0,0,149,0,,,0,28,0,,,0,0,0,0,0,0,0,0,0,8,2,0,0,0,0,0,0,0,0,0,0,2,3,0,0,FALSE,FALSE,4.13846153846154,FALSE,,FALSE
2026,1,"2026_01_CHI_CAR","00-0041558","13322","RousSa00","Sam Roush","TE","CHI","CAR",12,75,0.16,0.16,,40,,"pass_play_personnel_share","PROXY_PERSONNEL_PRESENCE",0,40,0,0,0,319,0,,,0,35,0,,0,0,0,0,0,0,0,0,0,0,7,10,0,0,0,0,0,0,0,0,0,0,4,1,0,0,TRUE,FALSE,3.50666666666667,FALSE,,FALSE
2026,1,"2026_01_NE_SEA","00-0041569","13457","JacaGa00","Gabe Jacas","LB","NE","SEA",0,71,0,0,,44,,"pass_play_personnel_share","UNRELIABLE_NON_ELIGIBLE_POSITION",0,44,0,0,0,221,0,,,0,27,0,,,0,0,0,0,0,0,0,0,0,2,0,0,,0,0,0,0,0,0,0,0,4,2,0,0,FALSE,FALSE,1.87323943661972,FALSE,,FALSE
2026,1,"2026_01_MIA_LV","00-0041579","13429","TraoSe00","Seydou Traore","TE","MIA","LV",0,55,0,0,,40,,"pass_play_personnel_share","PROXY_PERSONNEL_PRESENCE",0,40,0,0,0,309,0,,,0,15,0,,0,0,0,0,0,0,0,0,0,0,2,3,0,0,0,0,0,0,0,0,0,0,5,1,0,0,FALSE,FALSE,-10.4545454545455,FALSE,,FALSE
2026,1,"2026_01_GB_MIN","00-0041581",,"ThorBr01","Brett Thorson","P","MIN","GB",0,62,0,0,,34,,"pass_play_personnel_share","UNRELIABLE_NON_ELIGIBLE_POSITION",0,34,0,0,0,176,0,,,0,28,0,,,0,0,0,0,0,0,0,0,0,7,8,0,0,0,0,0,0,0,0,0,0,5,1,0,0,FALSE,FALSE,-5.9516129032258,FALSE,,FALSE
