"season","week","player_id","player_name","position","team","completions","attempts","passing_yards","passing_tds","passing_interceptions","sacks_suffered","sack_yards_lost","sack_fumbles_lost","passing_2pt_conversions","carries","rushing_yards","rushing_tds","rushing_fumbles_lost","rushing_2pt_conversions","receptions","targets","receiving_yards","receiving_tds","receiving_fumbles_lost","receiving_2pt_conversions"
2025,1,"00-0023459","A.Rodgers","QB","PIT",22,30,244,4,0,4,-26,0,0,1,-1,0,0,0,0,0,0,0,0,0
2025,1,"00-0026158","J.Flacco","QB","CLE",31,45,290,1,2,2,-12,0,0,2,6,0,0,0,0,0,0,0,0,0
2025,1,"00-0026498","M.Stafford","QB","LA",21,29,245,1,0,3,-21,0,0,4,-2,0,0,0,0,0,0,0,0,0
2025,1,"00-0029263","R.Wilson","QB","NYG",17,37,168,0,0,2,-11,0,0,8,44,0,0,0,0,0,0,0,0,0
2025,1,"00-0030035","A.Thielen","WR","MIN",0,0,0,0,0,0,0,0,0,0,0,0,0,0,0,1,0,0,0,1
2025,1,"00-0030061","Z.Ertz","TE","WAS",0,0,0,0,0,0,0,0,0,0,0,0,0,0,3,5,26,1,0,0
2025,1,"00-0030279","K.Allen","WR","LAC",0,0,0,0,0,0,0,0,0,0,0,0,0,0,7,10,68,1,0,0
2025,1,"00-0030506","T.Kelce","TE","KC",0,0,0,0,0,0,0,0,0,0,0,0,0,0,2,4,47,1,0,0
2025,1,"00-0030564","D.Hopkins","WR","BAL",0,0,0,0,0,0,0,0,0,0,0,0,0,0,2,2,35,1,0,0
2025,1,"00-0030565","G.Smith","QB","LV",24,34,362,1,1,4,-29,0,0,2,10,0,0,0,0,0,0,0,0,0
2025,1,"00-0031236","B.Cooks","WR","NO",0,0,0,0,0,0,0,0,0,0,0,0,0,0,3,4,26,0,0,0
2025,1,"00-0031381","D.Adams","WR","LA",0,0,0,0,0,0,0,0,0,0,0,0,0,0,4,8,51,0,0,0
2025,1,"00-0031408","M.Evans","WR","TB",0,0,0,0,0,0,0,0,0,0,0,0,0,0,5,8,51,0,0,0
2025,1,"00-0031588","S.Diggs","WR","NE",0,0,0,0,0,0,0,0,0,0,0,0,0,0,6,7,57,0,0,0
2025,1,"00-0031763","D.Carter","WR","CLE",0,0,0,0,0,0,0,0,0,0,0,0,0,0,0,0,0,0,0,0
2025,1,"00-0032211","T.Lockett","WR","TEN",0,0,0,0,0,0,0,0,0,0,0,0,0,0,0,1,0,0,0,0
2025,1,"00-0032385","S.Shepard","WR","TB",0,0,0,0,0,0,0,0,0,0,0,0,0,0,3,6,39,0,0,0
2025,1,"00-0032392","A.Hooper","TE","NE",0,0,0,0,0,0,0,0,0,0,0,0,0,0,1,1,10,0,0,0
2025,1,"00-0032398","C.Moore","WR","WAS",0,0,0,0,0,0,0,0,0,0,0,0,0,0,1,1,34,0,0,0
2025,1,"00-0032464","K.Raymond","WR","DET",0,0,0,0,0,0,0,0,0,0,0,0,0,0,2,3,16,0,0,0
2025,1,"00-0032764","D.Henry","RB","BAL",0,0,0,0,0,0,0,0,0,18,169,2,1,0,1,1,13,0,0,0
2025,1,"00-0033040","T.Hill","WR","MIA",0,0,0,0,0,0,0,0,0,0,0,0,0,0,4,6,40,0,0,0
2025,1,"00-0033077","D.Prescott","QB","DAL",21,34,188,0,0,0,0,0,0,1,3,0,0,0,0,0,0,0,0,0
2025,1,"00-0033090","H.Henry","TE","NE",0,0,0,0,0,0,0,0,0,0,0,0,0,0,4,8,66,0,0,0
2025,1,"00-0033106","J.Goff","QB","DET",31,39,225,1,1,4,-25,0,0,1,-1,0,0,0,0,0,0,0,0,0
2025,1,"00-0033110","T.Higbee","TE","LA",0,0,0,0,0,0,0,0,0,0,0,0,0,0,0,0,0,0,0,0
2025,1,"00-0033217","M.Alie-Cox","TE","IND",0,0,0,0,0,0,0,0,0,0,0,0,0,0,1,1,20,0,0,0
2025,1,"00-0033246","J.Mundt","TE","JAX",0,0,0,0,0,0,0,0,0,0,0,0,0,0,0,1,0,0,0,0
2025,1,"00-0033280","C.McCaffrey","RB","SF",0,0,0,0,0,0,0,0,0,22,69,0,0,0,9,10,73,0,0,0
2025,1,"00-0033288","G.Kittle","TE","SF",0,0,0,0,0,0,0,0,0,0,0,0,0,0,4,4,25,1,0,0
2025,1,"00-0033293","A.Jones","RB","MIN",0,0,0,0,0,0,0,0,0,8,23,0,0,0,3,3,44,1,0,0
2025,1,"00-0033526","S.Perine","RB","CIN",0,0,0,0,0,0,0,0,0,0,0,0,0,0,2,2,6,0,0,0
2025,1,"00-0033553","J.Conner","RB","ARI",0,0,0,0,0,0,0,0,0,12,39,0,0,0,4,4,5,1,0,0
2025,1,"00-0033555","M.Hollins","WR","NE",0,0,0,0,0,0,0,0,0,0,0,0,0,0,1,2,3,0,0,0
2025,1,"00-0033572","J.Agnew","WR","ATL",0,0,0,0,0,0,0,0,0,0,0,0,0,0,0,0,0,0,0,0
2025,1,"00-0033576","E.Saubert","TE","SEA",0,0,0,0,0,0,0,0,0,0,0,0,0,0,0,0,0,0,0,0
2025,1,"00-0033589","D.Moore","WR","CAR",0,0,0,0,0,0,0,0,0,0,0,0,0,0,0,0,0,0,0,0
2025,1,"00-0033591","N.Brown","WR","WAS",0,0,0,0,0,0,0,0,0,0,0,0,0,0,2,3,27,0,0,0
2025,1,"00-0033699","A.Ekeler","RB","WAS",0,0,0,0,0,0,0,0,0,6,26,0,0,0,3,3,31,0,0,0
2025,1,"00-0033854","D.Ogunbowale","RB","HOU",0,0,0,0,0,0,0,0,0,2,9,0,0,0,2,2,17,0,1,0
2025,1,"00-0033857","J.Smith-Schuster","WR","KC",0,0,0,0,0,0,0,0,0,0,0,0,0,0,5,5,55,0,0,0
2025,1,"00-0033858","J.Smith","TE","PIT",0,0,0,0,0,0,0,0,0,0,0,0,0,0,5,6,15,1,0,0
2025,1,"00-0033873","P.Mahomes","QB","KC",24,39,258,1,0,2,-9,0,0,6,57,1,0,0,0,0,0,0,0,0
2025,1,"00-0033881","E.Engram","TE","DEN",0,0,0,0,0,0,0,0,0,0,0,0,0,0,3,4,21,0,0,0
2025,1,"00-0033885","D.Njoku","TE","CLE",0,0,0,0,0,0,0,0,0,0,0,0,0,0,3,6,37,0,0,0
2025,1,"00-0033891","Z.Jones","WR","ARI",0,0,0,0,0,0,0,0,0,0,0,0,0,0,1,1,4,0,0,0
2025,1,"00-0033906","A.Kamara","RB","NO",0,0,0,0,0,0,0,0,0,11,45,1,0,0,2,2,12,0,0,0
2025,1,"00-0033908","C.Kupp","WR","SEA",0,0,0,0,0,0,0,0,0,0,0,0,0,0,2,3,15,0,0,0
2025,1,"00-0033923","K.Hunt","RB","KC",0,0,0,0,0,0,0,0,0,5,16,0,0,0,2,3,10,0,0,0
2025,1,"00-0033943","J.Reynolds","WR","NYJ",0,0,0,0,0,0,0,0,0,0,0,0,0,0,2,3,18,0,0,0
2025,1,"00-0033955","J.McNichols","RB","WAS",0,0,0,0,0,0,0,0,0,4,25,0,0,0,0,0,0,0,0,0
2025,1,"00-0034159","W.Dissly","TE","LAC",0,0,0,0,0,0,0,0,0,0,0,0,0,0,1,1,18,0,0,0
2025,1,"00-0034270","T.Conklin","TE","LAC",0,0,0,0,0,0,0,0,0,1,2,0,0,0,2,2,50,0,0,0
2025,1,"00-0034348","C.Sutton","WR","DEN",0,0,0,0,0,0,0,0,0,0,0,0,0,0,6,9,61,1,0,0
2025,1,"00-0034351","D.Goedert","TE","PHI",0,0,0,0,0,0,0,0,0,0,0,0,0,0,7,7,44,0,0,0
2025,1,"00-0034383","D.Schultz","TE","HOU",0,0,0,0,0,0,0,0,0,0,0,0,0,0,3,5,28,0,0,0
2025,1,"00-0034386","J.Watson","WR","HOU",0,0,0,0,0,0,0,0,0,0,0,0,0,0,2,2,27,0,0,0
2025,1,"00-0034407","R.McCloud","WR","ATL",0,0,0,0,0,0,0,0,0,0,0,0,0,0,3,5,51,0,0,0
2025,1,"00-0034487","T.Sherfield","WR","DEN",0,0,0,0,0,0,0,0,0,0,0,0,0,0,1,1,3,0,0,0
2025,1,"00-0034753","M.Andrews","TE","BAL",0,0,0,0,0,0,0,0,0,0,0,0,0,0,1,1,5,0,0,0
2025,1,"00-0034791","N.Chubb","RB","HOU",0,0,0,0,0,0,0,0,0,13,60,0,0,0,0,1,0,0,0,0
2025,1,"00-0034796","L.Jackson","QB","BAL",14,19,209,2,0,2,-15,0,0,6,70,1,0,0,0,0,0,0,0,0
2025,1,"00-0034827","D.Moore","WR","CHI",0,0,0,0,0,0,0,0,0,3,8,0,0,0,3,5,68,0,0,0
2025,1,"00-0034829","M.Gesicki","TE","CIN",0,0,0,0,0,0,0,0,0,0,0,0,0,0,1,3,14,0,0,0
2025,1,"00-0034837","C.Ridley","WR","TEN",0,0,0,0,0,0,0,0,0,0,0,0,0,0,4,8,27,0,0,0
2025,1,"00-0034844","S.Barkley","RB","PHI",0,0,0,0,0,0,0,0,0,18,60,1,0,0,4,5,24,0,0,0
2025,1,"00-0034854","K.Hodge","WR","ATL",0,0,0,0,0,0,0,0,0,0,0,0,0,0,0,1,0,0,0,0
2025,1,"00-0034855","B.Mayfield","QB","TB",17,32,167,3,0,1,-8,0,0,5,39,0,0,0,0,0,0,0,0,0
2025,1,"00-0034857","J.Allen","QB","BUF",33,46,394,2,0,1,-5,0,0,14,30,2,0,0,0,0,0,0,0,0
2025,1,"00-0034869","S.Darnold","QB","SEA",16,23,150,0,0,1,-4,1,0,2,14,0,0,0,0,0,0,0,0,0
2025,1,"00-0034960","J.Meyers","WR","LV",0,0,0,0,0,0,0,0,0,0,0,0,0,0,8,10,97,0,0,0
2025,1,"00-0034975","J.Hill","RB","BAL",0,0,0,0,0,0,0,0,0,2,-14,0,0,0,1,2,3,0,0,0
2025,1,"00-0034983","H.Renfrow","WR","CAR",0,0,0,0,0,0,0,0,0,0,0,0,0,0,2,6,11,0,0,0
2025,1,"00-0035021","A.Dulin","WR","IND",0,0,0,0,0,0,0,0,0,1,15,0,0,0,0,0,0,0,0,0
2025,1,"00-0035208","O.Zaccheaus","WR","CHI",0,0,0,0,0,0,0,0,0,0,0,0,0,0,4,7,42,0,0,0
2025,1,"00-0035228","K.Murray","QB","ARI",21,29,163,2,0,5,-33,0,0,7,38,0,0,0,0,0,0,0,0,0
2025,1,"00-0035229","T.Hockenson","TE","MIN",0,0,0,0,0,0,0,0,0,0,0,0,0,0,3,4,15,0,0,0
2025,1,"00-0035243","M.Sanders","RB","DAL",0,0,0,0,0,0,0,0,0,4,53,0,1,0,1,1,-3,0,0,0
2025,1,"00-0035249","J.Oliver","TE","MIN",0,0,0,0,0,0,0,0,0,0,0,0,0,0,1,1,5,0,0,0
2025,1,"00-0035250","D.Singletary","RB","NYG",0,0,0,0,0,0,0,0,0,3,9,0,0,0,0,0,0,0,0,0
2025,1,"00-0035261","T.Pollard","RB","TEN",0,0,0,0,0,0,0,0,0,18,60,0,1,0,1,1,29,0,0,0
2025,1,"00-0035500","G.Dortch","WR","ARI",0,0,0,0,0,0,0,0,0,0,0,0,0,0,1,1,-2,0,0,0
2025,1,"00-0035535","D.Slayton","WR","NYG",0,0,0,0,0,0,0,0,0,0,0,0,0,0,0,1,0,0,0,0
2025,1,"00-0035537","Ty.Johnson","RB","BUF",0,0,0,0,0,0,0,0,0,2,24,0,0,0,0,2,0,0,0,0
2025,1,"00-0035567","C.Reynolds","RB","DET",0,0,0,0,0,0,0,0,0,0,0,0,0,0,0,0,0,0,0,0
2025,1,"00-0035602","A.Bachman","WR","LV",0,0,0,0,0,0,0,0,0,0,0,0,0,0,0,1,0,0,0,0
2025,1,"00-0035631","D.Sample","TE","CIN",0,0,0,0,0,0,0,0,0,0,0,0,0,0,0,1,0,0,0,0
2025,1,"00-0035640","D.Metcalf","WR","PIT",0,0,0,0,0,0,0,0,0,0,0,0,0,0,4,7,83,0,0,0
2025,1,"00-0035644","N.Fant","TE","CIN",0,0,0,0,0,0,0,0,0,0,0,0,0,0,4,5,26,1,0,0
2025,1,"00-0035645","G.Olszewski","WR","NYG",0,0,0,0,0,0,0,0,0,0,0,0,0,0,0,0,0,0,0,0
2025,1,"00-0035659","T.McLaurin","WR","WAS",0,0,0,0,0,0,0,0,0,0,0,0,0,0,2,4,27,0,0,0
2025,1,"00-0035662","M.Brown","WR","KC",0,0,0,0,0,0,0,0,0,0,0,0,0,0,10,16,99,0,0,0
2025,1,"00-0035676","A.Brown","WR","PHI",0,0,0,0,0,0,0,0,0,0,0,0,0,0,1,1,8,0,0,0
2025,1,"00-0035685","D.Montgomery","RB","DET",0,0,0,0,0,0,0,0,0,11,25,0,0,0,4,4,18,0,0,0
2025,1,"00-0035689","D.Knox","TE","BUF",0,0,0,0,0,0,0,0,0,0,0,0,0,0,2,2,20,0,0,0
2025,1,"00-0035700","J.Jacobs","RB","GB",0,0,0,0,0,0,0,0,0,19,66,1,0,0,1,1,4,0,0,0
2025,1,"00-0035710","D.Jones","QB","IND",22,29,272,1,0,1,-10,0,0,7,26,2,0,0,0,0,0,0,0,0
2025,1,"00-0035719","D.Samuel","WR","WAS",0,0,0,0,0,0,0,0,0,1,19,1,0,0,7,10,77,0,0,0
2025,1,"00-0035891","C.White","WR","SEA",0,0,0,0,0,0,0,0,0,0,0,0,0,0,0,0,0,0,0,0
2025,1,"00-0036040","J.Johnson","TE","NO",0,0,0,0,0,0,0,0,0,0,0,0,0,0,8,11,76,0,0,0
2025,1,"00-0036139","R.Dowdle","RB","CAR",0,0,0,0,0,0,0,0,0,3,12,0,0,0,2,3,4,0,0,0
2025,1,"00-0036158","J.Dobbins","RB","DEN",0,0,0,0,0,0,0,0,0,16,63,1,0,0,2,2,5,0,0,0
2025,1,"00-0036182","N.Westbrook-Ikhine","WR","MIA",0,0,0,0,0,0,0,0,0,0,0,0,0,0,1,2,7,0,0,0
2025,1,"00-0036212","T.Tagovailoa","QB","MIA",14,23,114,1,2,3,-13,1,1,1,7,0,0,0,0,0,0,0,0,0
2025,1,"00-0036223","J.Taylor","RB","IND",0,0,0,0,0,0,0,0,0,18,71,0,0,0,3,3,27,0,0,0
2025,1,"00-0036244","C.Parkinson","TE","LA",0,0,0,0,0,0,0,0,0,0,0,0,0,0,2,2,-6,0,1,0
2025,1,"00-0036252","M.Pittman","WR","IND",0,0,0,0,0,0,0,0,0,0,0,0,0,0,6,8,80,1,0,0
2025,1,"00-0036259","J.Jennings","WR","SF",0,0,0,0,0,0,0,0,0,0,0,0,0,0,2,5,16,0,0,0
2025,1,"00-0036264","J.Love","QB","GB",16,22,188,2,0,0,0,0,0,3,4,0,0,0,0,0,0,0,0,0
2025,1,"00-0036265","A.Dillon","RB","PHI",0,0,0,0,0,0,0,0,0,3,10,0,0,0,0,0,0,0,0,0
2025,1,"00-0036275","D.Swift","RB","CHI",0,0,0,0,0,0,0,0,0,17,53,0,0,0,3,5,12,0,0,0
2025,1,"00-0036290","C.Kmet","TE","CHI",0,0,0,0,0,0,0,0,0,0,0,0,0,0,1,4,31,0,0,0
2025,1,"00-0036322","J.Jefferson","WR","MIN",0,0,0,0,0,0,0,0,0,1,4,0,0,0,4,7,44,1,0,0
2025,1,"00-0036328","A.Gibson","RB","NE",0,0,0,0,0,0,0,0,0,1,3,0,0,0,0,1,0,0,0,0
2025,1,"00-0036331","D.Duvernay","WR","CHI",0,0,0,0,0,0,0,0,0,0,0,0,0,0,0,0,0,0,0,0
2025,1,"00-0036355","J.Herbert","QB","LAC",25,34,318,3,0,3,-14,0,0,7,32,0,0,0,0,0,0,0,0,0
2025,1,"00-0036358","C.Lamb","WR","DAL",0,0,0,0,0,0,0,0,0,0,0,0,0,0,7,13,110,0,0,0
2025,1,"00-0036389","J.Hurts","QB","PHI",19,23,152,0,0,1,-8,0,0,14,62,2,0,0,0,0,0,0,0,0
2025,1,"00-0036407","J.Jeudy","WR","CLE",0,0,0,0,0,0,0,0,0,0,0,0,0,0,5,8,66,0,0,0
2025,1,"00-0036410","T.Higgins","WR","CIN",0,0,0,0,0,0,0,0,0,0,0,0,0,0,3,4,33,0,0,0
2025,1,"00-0036422","A.Trautman","TE","DEN",0,0,0,0,0,0,0,0,0,0,0,0,0,0,1,1,5,0,0,0
2025,1,"00-0036427","T.Johnson","WR","NYJ",0,0,0,0,0,0,0,0,0,0,0,0,0,0,2,2,31,0,0,0
2025,1,"00-0036442","J.Burrow","QB","CIN",14,23,113,1,0,3,-18,0,0,2,3,0,0,0,0,0,0,0,0,0
2025,1,"00-0036550","R.Bateman","WR","BAL",0,0,0,0,0,0,0,0,0,0,0,0,0,0,2,4,10,0,0,0
2025,1,"00-0036554","N.Collins","WR","HOU",0,0,0,0,0,0,0,0,0,0,0,0,0,0,3,5,25,0,0,0
2025,1,"00-0036555","C.Hubbard","RB","CAR",0,0,0,0,0,0,0,0,0,16,57,0,0,0,3,5,32,1,0,0
2025,1,"00-0036613","J.Waddle","WR","MIA",0,0,0,0,0,0,0,0,0,0,0,0,0,0,4,5,30,0,0,0
2025,1,"00-0036620","D.Eskridge","WR","MIA",0,0,0,0,0,0,0,0,0,0,0,0,0,0,1,2,9,0,0,0
2025,1,"00-0036626","D.Brown","WR","JAX",0,0,0,0,0,0,0,0,0,2,6,0,0,0,3,4,52,0,0,0
2025,1,"00-0036630","T.Wallace","WR","BAL",0,0,0,0,0,0,0,0,0,0,0,0,0,0,0,0,0,0,0,0
2025,1,"00-0036637","N.Gray","TE","KC",0,0,0,0,0,0,0,0,0,0,0,0,0,0,1,1,3,0,0,0
2025,1,"00-0036741","J.Stoll","TE","NO",0,0,0,0,0,0,0,0,0,0,0,0,0,0,0,0,0,0,0,0
2025,1,"00-0036825","F.Franks","TE","ATL",0,0,0,0,0,0,0,0,0,0,0,0,0,0,0,0,0,0,0,0
2025,1,"00-0036842","K.Nwangwu","RB","NYJ",0,0,0,0,0,0,0,0,0,0,0,0,0,0,0,0,0,0,0,0
2025,1,"00-0036849","T.Atwell","WR","LA",0,0,0,0,0,0,0,0,0,0,0,0,0,0,1,1,4,0,0,0
2025,1,"00-0036862","B.Skowronek","WR","PIT",0,0,0,0,0,0,0,0,0,0,0,0,0,0,1,1,22,1,0,0
2025,1,"00-0036875","R.Stevenson","RB","NE",0,0,0,0,0,0,0,0,0,7,15,0,0,0,2,3,12,0,0,0
2025,1,"00-0036876","K.Granson","TE","PHI",0,0,0,0,0,0,0,0,0,0,0,0,0,0,1,1,1,0,0,0
2025,1,"00-0036887","L.Farrell","TE","SF",0,0,0,0,0,0,0,0,0,0,0,0,0,0,1,1,4,0,0,0
2025,1,"00-0036893","N.Harris","RB","LAC",0,0,0,0,0,0,0,0,0,1,5,0,0,0,1,1,5,0,0,0
2025,1,"00-0036894","P.Freiermuth","TE","PIT",0,0,0,0,0,0,0,0,0,0,0,0,0,0,3,3,28,0,0,0
2025,1,"00-0036900","J.Chase","WR","CIN",0,0,0,0,0,0,0,0,0,0,0,0,0,0,2,5,26,0,0,0
2025,1,"00-0036912","D.Smith","WR","PHI",0,0,0,0,0,0,0,0,0,0,0,0,0,0,3,3,16,0,0,0
2025,1,"00-0036919","K.Gainwell","RB","PIT",0,0,0,0,0,0,0,0,0,7,19,0,0,0,3,4,4,0,0,0
2025,1,"00-0036945","J.Fields","QB","NYJ",16,22,218,1,0,1,-6,0,0,12,48,2,0,0,0,0,0,0,0,0
2025,1,"00-0036963","A.St. Brown","WR","DET",0,0,0,0,0,0,0,0,0,0,0,0,0,0,4,6,45,0,0,0
2025,1,"00-0036970","K.Pitts","TE","ATL",0,0,0,0,0,0,0,0,0,0,0,0,0,0,7,8,59,0,0,0
2025,1,"00-0036971","T.Lawrence","QB","JAX",19,31,178,1,1,0,0,0,0,4,12,0,0,0,0,0,0,0,0,0
2025,1,"00-0036973","T.Etienne","RB","JAX",0,0,0,0,0,0,0,0,0,16,143,0,0,0,3,3,13,0,0,0
2025,1,"00-0036980","E.Moore","WR","BUF",0,0,0,0,0,0,0,0,0,1,8,0,0,0,1,1,3,0,0,0
2025,1,"00-0036988","J.Palmer","WR","BUF",0,0,0,0,0,0,0,0,0,0,0,0,0,0,5,9,61,0,0,0
2025,1,"00-0036997","J.Williams","RB","DAL",0,0,0,0,0,0,0,0,0,15,54,2,0,0,2,3,10,0,0,0
2025,1,"00-0037004","H.Long","TE","JAX",0,0,0,0,0,0,0,0,0,0,0,0,0,0,1,1,6,1,0,0
2025,1,"00-0037005","T.Tremble","TE","CAR",0,0,0,0,0,0,0,0,0,0,0,0,0,0,1,1,2,0,0,0
2025,1,"00-0037013","Z.Wilson","QB","MIA",5,8,32,0,0,0,0,0,0,1,3,0,0,0,0,0,0,0,0,0
2025,1,"00-0037085","T.Badie","RB","DEN",0,0,0,0,0,0,0,0,0,0,0,0,0,0,2,6,16,0,0,0
2025,1,"00-0037091","B.Melton","WR","GB",0,0,0,0,0,0,0,0,0,0,0,0,0,0,0,0,0,0,0,0
2025,1,"00-0037112","J.Tonges","TE","SF",0,0,0,0,0,0,0,0,0,0,0,0,0,0,3,3,15,1,0,0
2025,1,"00-0037197","I.Pacheco","RB","KC",0,0,0,0,0,0,0,0,0,5,25,0,0,0,2,3,3,0,0,0
2025,1,"00-0037228","J.Warren","RB","PIT",0,0,0,0,0,0,0,0,0,11,37,0,0,0,2,2,22,1,0,0
2025,1,"00-0037238","D.London","WR","ATL",0,0,0,0,0,0,0,0,0,0,0,0,0,0,8,15,55,0,0,0
2025,1,"00-0037239","C.Olave","WR","NO",0,0,0,0,0,0,0,0,0,0,0,0,0,0,7,13,54,0,0,0
2025,1,"00-0037240","J.Williams","WR","DET",0,0,0,0,0,0,0,0,0,1,3,0,0,0,4,5,23,0,0,0
2025,1,"00-0037247","G.Pickens","WR","DAL",0,0,0,0,0,0,0,0,0,0,0,0,0,0,3,4,30,0,0,0
2025,1,"00-0037248","J.Cook","RB","BUF",0,0,0,0,0,0,0,0,0,13,44,1,0,0,5,5,58,0,0,0
2025,1,"00-0037256","R.White","RB","TB",0,0,0,0,0,0,0,0,0,2,14,0,0,0,1,1,2,0,0,0
2025,1,"00-0037258","D.Pierce","RB","HOU",0,0,0,0,0,0,0,0,0,3,5,0,0,0,0,1,0,0,0,0
2025,1,"00-0037261","K.Shakir","WR","BUF",0,0,0,0,0,0,0,0,0,0,0,0,0,0,6,9,64,0,0,0
2025,1,"00-0037263","T.Allgeier","RB","ATL",0,0,0,0,0,0,0,0,0,10,24,0,0,0,0,0,0,0,0,0
2025,1,"00-0037267","J.Ford","RB","CLE",0,0,0,0,0,0,0,0,0,6,8,0,0,0,1,1,-3,0,0,0
2025,1,"00-0037276","T.Chandler","RB","MIN",0,0,0,0,0,0,0,0,0,0,0,0,0,0,0,0,0,0,0,0
2025,1,"00-0037291","J.Nailor","WR","MIN",0,0,0,0,0,0,0,0,0,0,0,0,0,0,1,3,28,0,0,0
2025,1,"00-0037292","A.Ogletree","TE","IND",0,0,0,0,0,0,0,0,0,0,0,0,0,0,0,0,0,0,0,0
2025,1,"00-0037306","J.FitzPatrick","TE","GB",0,0,0,0,0,0,0,0,0,0,0,0,0,0,1,1,2,0,0,0
2025,1,"00-0037311","K.Kieft","TE","TB",0,0,0,0,0,0,0,0,0,0,0,0,0,0,0,0,0,0,0,0
2025,1,"00-0037348","T.Conner","TE","MIA",0,0,0,0,0,0,0,0,0,0,0,0,0,0,2,4,20,0,0,0
2025,1,"00-0037525","J.Mason","RB","MIN",0,0,0,0,0,0,0,0,0,15,68,0,0,0,1,1,7,0,0,0
2025,1,"00-0037539","L.Krull","TE","DEN",0,0,0,0,0,0,0,0,0,0,0,0,0,0,1,2,6,0,0,0
2025,1,"00-0037545","R.Shaheed","WR","NO",0,0,0,0,0,0,0,0,0,0,0,0,0,0,6,9,33,0,0,0
2025,1,"00-0037594","J.Chestnut","RB","TEN",0,0,0,0,0,0,0,0,0,2,2,0,0,0,0,0,0,0,0,0
2025,1,"00-0037614","J.Metchie","WR","PHI",0,0,0,0,0,0,0,0,0,0,0,0,0,0,0,0,0,0,0,0
2025,1,"00-0037617","H.Haskins","RB","LAC",0,0,0,0,0,0,0,0,0,0,0,0,0,0,0,0,0,0,0,0
2025,1,"00-0037664","A.Pierce","WR","IND",0,0,0,0,0,0,0,0,0,0,0,0,0,0,1,3,36,0,0,0
2025,1,"00-0037666","J.Tolbert","WR","DAL",0,0,0,0,0,0,0,0,0,0,0,0,0,0,1,2,0,0,0,0
2025,1,"00-0037740","G.Wilson","WR","NYJ",0,0,0,0,0,0,0,0,0,0,0,0,0,0,7,9,95,1,0,0
2025,1,"00-0037741","J.Dotson","WR","PHI",0,0,0,0,0,0,0,0,0,0,0,0,0,0,3,3,59,0,0,0
2025,1,"00-0037744","T.McBride","TE","ARI",0,0,0,0,0,0,0,0,0,0,0,0,0,0,6,9,61,0,0,0
2025,1,"00-0037745","V.Jones","WR","NO",0,0,0,0,0,0,0,0,0,0,0,0,0,0,0,0,0,0,0,0
2025,1,"00-0037746","B.Robinson","RB","SF",0,0,0,0,0,0,0,0,0,9,33,0,0,0,1,2,4,0,0,0
2025,1,"00-0037801","K.Turpin","WR","DAL",0,0,0,0,0,0,0,0,0,2,9,0,0,0,2,2,18,0,0,0
2025,1,"00-0037805","J.Ruckert","TE","NYJ",0,0,0,0,0,0,0,0,0,0,0,0,0,0,2,2,16,0,0,0
2025,1,"00-0037809","C.Okonkwo","TE","TEN",0,0,0,0,0,0,0,0,0,0,0,0,0,0,3,4,19,0,0,0
2025,1,"00-0037816","R.Doubs","WR","GB",0,0,0,0,0,0,0,0,0,0,0,0,0,0,2,4,68,0,0,0
2025,1,"00-0037834","B.Purdy","QB","SF",26,35,277,2,2,1,-12,0,0,5,17,0,0,0,0,0,0,0,0,0
2025,1,"00-0037837","C.Austin","WR","PIT",0,0,0,0,0,0,0,0,0,0,0,0,0,0,4,6,70,1,0,0
2025,1,"00-0037840","K.Williams","RB","LA",0,0,0,0,0,0,0,0,0,18,66,1,0,0,1,2,3,0,0,0
2025,1,"00-0038040","Z.White","RB","LV",0,0,0,0,0,0,0,0,0,3,8,0,0,0,0,0,0,0,0,0
2025,1,"00-0038041","J.Ferguson","TE","DAL",0,0,0,0,0,0,0,0,0,0,0,0,0,0,5,6,23,0,0,0
2025,1,"00-0038090","S.Moore","WR","SF",0,0,0,0,0,0,0,0,0,0,0,0,0,0,0,0,0,0,0,0
2025,1,"00-0038104","T.Thornton","WR","KC",0,0,0,0,0,0,0,0,0,0,0,0,0,0,2,4,41,0,0,0
2025,1,"00-0038115","D.Bellinger","TE","NYG",0,0,0,0,0,0,0,0,0,0,0,0,0,0,1,1,14,0,0,0
2025,1,"00-0038117","W.Robinson","WR","NYG",0,0,0,0,0,0,0,0,0,0,0,0,0,0,6,8,55,0,0,0
2025,1,"00-0038120","B.Hall","RB","NYJ",0,0,0,0,0,0,0,0,0,19,107,0,0,0,2,4,38,0,0,0
2025,1,"00-0038129","C.Otton","TE","TB",0,0,0,0,0,0,0,0,0,0,0,0,0,0,0,3,0,0,0,0
2025,1,"00-0038134","K.Walker","RB","SEA",0,0,0,0,0,0,0,0,0,10,20,0,0,0,3,3,4,0,0,0
2025,1,"00-0038359","X.Smith","WR","LA",0,0,0,0,0,0,0,0,0,0,0,0,0,0,1,1,36,0,0,0
2025,1,"00-0038393","D.Wicks","WR","GB",0,0,0,0,0,0,0,0,0,0,0,0,0,0,2,2,30,0,0,0
2025,1,"00-0038488","B.Russell","RB","SEA",0,0,0,0,0,0,0,0,0,0,0,0,0,0,0,0,0,0,0,0
2025,1,"00-0038492","J.Brownlee","WR","KC",0,0,0,0,0,0,0,0,0,0,0,0,0,0,0,1,0,0,0,0
2025,1,"00-0038496","X.Gipson","WR","NYJ",0,0,0,0,0,0,0,0,0,0,0,0,0,0,0,0,0,0,0,0
2025,1,"00-0038519","N.Remigio","WR","KC",0,0,0,0,0,0,0,0,0,0,0,0,0,0,0,0,0,0,0,0
2025,1,"00-0038542","B.Robinson","RB","ATL",0,0,0,0,0,0,0,0,0,12,24,0,0,0,6,7,100,1,0,0
2025,1,"00-0038543","J.Smith-Njigba","WR","SEA",0,0,0,0,0,0,0,0,0,0,0,0,0,0,9,13,124,0,1,0
2025,1,"00-0038544","Q.Johnston","WR","LAC",0,0,0,0,0,0,0,0,0,0,0,0,0,0,5,7,79,2,0,0
2025,1,"00-0038547","L.Schoonmaker","TE","DAL",0,0,0,0,0,0,0,0,0,0,0,0,0,0,0,1,0,0,0,0
2025,1,"00-0038551","K.Miller","RB","NO",0,0,0,0,0,0,0,0,0,5,24,0,0,0,0,0,0,0,0,0
2025,1,"00-0038555","T.Bigsby","RB","JAX",0,0,0,0,0,0,0,0,0,5,12,0,0,0,0,0,0,0,0,0
2025,1,"00-0038559","Mi.Wilson","WR","ARI",0,0,0,0,0,0,0,0,0,0,0,0,0,0,1,4,5,0,0,0
2025,1,"00-0038563","T.Tucker","WR","LV",0,0,0,0,0,0,0,0,0,0,0,0,0,0,2,3,54,1,0,0
2025,1,"00-0038573","D.Davis","WR","LAC",0,0,0,0,0,0,0,0,0,1,3,0,0,0,0,0,0,0,0,0
2025,1,"00-0038576","C.Jones","WR","CIN",0,0,0,0,0,0,0,0,0,0,0,0,0,0,0,0,0,0,0,0
2025,1,"00-0038590","J.Shorter","TE","LV",0,0,0,0,0,0,0,0,0,0,0,0,0,0,0,0,0,0,0,0
2025,1,"00-0038597","C.Brown","RB","CIN",0,0,0,0,0,0,0,0,0,21,43,1,0,0,2,3,8,0,0,0
2025,1,"00-0038606","P.Washington","WR","JAX",0,0,0,0,0,0,0,0,0,0,0,0,0,0,0,0,0,0,0,0
2025,1,"00-0038608","K.Boutte","WR","NE",0,0,0,0,0,0,0,0,0,0,0,0,0,0,6,8,103,0,0,0
2025,1,"00-0038618","X.Hutchinson","WR","HOU",0,0,0,0,0,0,0,0,0,1,5,0,0,0,2,2,30,0,0,0
2025,1,"00-0038621","D.Douglas","WR","NE",0,0,0,0,0,0,0,0,0,1,4,0,0,0,2,7,-2,1,0,0
2025,1,"00-0038685","C.Brooks","RB","GB",0,0,0,0,0,0,0,0,0,1,1,0,0,0,1,1,2,0,0,0
2025,1,"00-0038705","E.Demercado","RB","ARI",0,0,0,0,0,0,0,0,0,0,0,0,0,0,0,0,0,0,0,0
2025,1,"00-0038720","J.Hill","TE","MIA",0,0,0,0,0,0,0,0,0,0,0,0,0,0,0,0,0,0,0,1
2025,1,"00-0038797","E.Wilson","RB","GB",0,0,0,0,0,0,0,0,0,1,4,0,0,0,0,0,0,0,0,0
2025,1,"00-0038824","R.Miller","WR","TB",0,0,0,0,0,0,0,0,0,0,0,0,0,0,0,1,0,0,0,0
2025,1,"00-0038840","B.Tremayne","WR","CAR",0,0,0,0,0,0,0,0,0,0,0,0,0,0,0,0,0,0,0,0
2025,1,"00-0038896","J.Saylors","RB","DET",0,0,0,0,0,0,0,0,0,0,0,0,0,0,0,0,0,0,0,0
2025,1,"00-0038933","D.Kincaid","TE","BUF",0,0,0,0,0,0,0,0,0,0,0,0,0,0,4,4,48,1,0,0
2025,1,"00-0038935","B.Strange","TE","JAX",0,0,0,0,0,0,0,0,0,0,0,0,0,0,4,4,59,0,0,0
2025,1,"00-0038951","S.Tucker","RB","TB",0,0,0,0,0,0,0,0,0,1,2,0,0,0,0,0,0,0,0,0
2025,1,"00-0038976","M.Mims","WR","DEN",0,0,0,0,0,0,0,0,0,0,0,0,0,0,3,4,12,0,0,0
2025,1,"00-0038979","C.Tillman","WR","CLE",0,0,0,0,0,0,0,0,0,0,0,0,0,0,5,8,52,1,0,0
2025,1,"00-0038996","T.Kraft","TE","GB",0,0,0,0,0,0,0,0,0,1,3,0,0,0,2,4,16,1,0,0
2025,1,"00-0038997","J.Downs","WR","IND",0,0,0,0,0,0,0,0,0,0,0,0,0,0,2,3,12,0,0,0
2025,1,"00-0039040","D.Achane","RB","MIA",0,0,0,0,0,0,0,0,0,7,55,0,0,0,3,4,20,1,0,0
2025,1,"00-0039041","E.Higgins","TE","ARI",0,0,0,0,0,0,0,0,0,0,0,0,0,0,1,2,3,0,0,0
2025,1,"00-0039050","P.Durham","TE","TB",0,0,0,0,0,0,0,0,0,0,0,0,0,0,0,0,0,0,0,0
2025,1,"00-0039064","Z.Flowers","WR","BAL",0,0,0,0,0,0,0,0,0,2,8,0,0,0,7,9,143,1,0,0
2025,1,"00-0039065","S.LaPorta","TE","DET",0,0,0,0,0,0,0,0,0,0,0,0,0,0,6,9,79,0,0,0
2025,1,"00-0039066","M.Mayer","TE","LV",0,0,0,0,0,0,0,0,0,0,0,0,0,0,4,4,38,0,0,0
2025,1,"00-0039074","D.Allen","TE","LA",0,0,0,0,0,0,0,0,0,0,0,0,0,0,1,2,13,1,0,0
2025,1,"00-0039075","P.Nacua","WR","LA",0,0,0,0,0,0,0,0,0,1,1,0,0,0,10,11,130,0,0,0
2025,1,"00-0039139","J.Gibbs","RB","DET",0,0,0,0,0,0,0,0,0,9,19,0,0,0,10,10,31,0,0,0
2025,1,"00-0039144","L.Musgrave","TE","GB",0,0,0,0,0,0,0,0,0,0,0,0,0,0,1,1,4,0,0,0
2025,1,"00-0039146","J.Reed","WR","GB",0,0,0,0,0,0,0,0,0,0,0,0,0,0,3,5,45,1,0,0
2025,1,"00-0039150","B.Young","QB","CAR",18,35,154,1,2,1,-12,0,0,5,40,0,1,0,0,0,0,0,0,0
2025,1,"00-0039163","C.Stroud","QB","HOU",19,27,188,0,1,3,-37,0,0,5,32,0,0,0,0,0,0,0,0,0
2025,1,"00-0039165","Z.Charbonnet","RB","SEA",0,0,0,0,0,0,0,0,0,12,47,1,0,0,0,0,0,0,0,0
2025,1,"00-0039299","G.Holani","RB","SEA",0,0,0,0,0,0,0,0,0,0,0,0,0,0,0,0,0,0,0,0
2025,1,"00-0039337","M.Nabers","WR","NYG",0,0,0,0,0,0,0,0,0,0,0,0,0,0,5,12,71,0,0,0
2025,1,"00-0039338","B.Bowers","TE","LV",0,0,0,0,0,0,0,0,0,0,0,0,0,0,5,8,103,0,0,0
2025,1,"00-0039342","X.Legette","WR","CAR",0,0,0,0,0,0,0,0,0,0,0,0,0,0,3,7,10,0,0,0
2025,1,"00-0039355","L.McCaffrey","WR","WAS",0,0,0,0,0,0,0,0,0,0,0,0,0,0,0,0,0,0,0,0
2025,1,"00-0039356","J.Sanders","TE","CAR",0,0,0,0,0,0,0,0,0,0,0,0,0,0,2,3,27,0,0,0
2025,1,"00-0039359","C.Stover","TE","HOU",0,0,0,0,0,0,0,0,0,0,0,0,0,0,4,4,22,0,0,0
2025,1,"00-0039361","B.Irving","RB","TB",0,0,0,0,0,0,0,0,0,14,37,0,0,0,4,4,8,1,0,0
2025,1,"00-0039363","I.Guerendo","RB","SF",0,0,0,0,0,0,0,0,0,0,0,0,0,0,0,0,0,0,0,0
2025,1,"00-0039376","S.Rattler","QB","NO",27,46,214,0,0,1,-6,0,0,4,29,0,0,0,0,0,0,0,0,0
2025,1,"00-0039379","J.Thrash","WR","CLE",0,0,0,0,0,0,0,0,0,0,0,0,0,0,1,1,6,0,0,0
2025,1,"00-0039384","T.Tracy","RB","NYG",0,0,0,0,0,0,0,0,0,10,24,0,0,0,2,5,11,0,0,0
2025,1,"00-0039394","Cas.Washington","WR","ATL",0,0,0,0,0,0,0,0,0,0,0,0,0,0,3,6,33,0,0,0
2025,1,"00-0039407","D.Laube","RB","LV",0,0,0,0,0,0,0,0,0,0,0,0,0,0,0,0,0,0,0,0
2025,1,"00-0039424","D.Vele","WR","NO",0,0,0,0,0,0,0,0,0,0,0,0,0,0,1,2,13,0,0,0
2025,1,"00-0039530","B.Spann-Ford","TE","DAL",0,0,0,0,0,0,0,0,0,0,0,0,0,0,0,1,0,0,0,0
2025,1,"00-0039589","K.Johnson","WR","TB",0,0,0,0,0,0,0,0,0,0,0,0,0,0,0,0,0,0,0,0
2025,1,"00-0039648","D.Martin-Robinson","TE","TEN",0,0,0,0,0,0,0,0,0,0,0,0,0,0,0,0,0,0,0,0
2025,1,"00-0039650","B.Oliver","WR","TEN",0,0,0,0,0,0,0,0,0,0,0,0,0,0,1,1,8,0,0,0
2025,1,"00-0039686","C.Yankoff","TE","WAS",0,0,0,0,0,0,0,0,0,0,0,0,0,0,0,0,0,0,0,0
2025,1,"00-0039732","B.Nix","QB","DEN",25,40,176,1,2,1,-10,1,0,8,18,0,0,0,0,0,0,0,0,0
2025,1,"00-0039737","T.Reiman","TE","ARI",0,0,0,0,0,0,0,0,0,0,0,0,0,0,1,1,10,0,0,0
2025,1,"00-0039738","B.Corum","RB","LA",0,0,0,0,0,0,0,0,0,1,2,0,0,0,1,1,14,0,0,0
2025,1,"00-0039746","W.Shipley","RB","PHI",0,0,0,0,0,0,0,0,0,3,26,0,0,0,0,0,0,0,0,0
2025,1,"00-0039751","J.Whittington","WR","LA",0,0,0,0,0,0,0,0,0,1,5,0,0,0,0,0,0,0,0,0
2025,1,"00-0039793","A.Barner","TE","SEA",0,0,0,0,0,0,0,0,0,1,2,0,0,0,1,2,0,0,0,0
2025,1,"00-0039794","B.Allen","RB","NYJ",0,0,0,0,0,0,0,0,0,6,9,1,0,0,0,0,0,0,0,0
2025,1,"00-0039796","R.Ali","RB","BAL",0,0,0,0,0,0,0,0,0,1,5,0,0,0,0,0,0,0,0,0
2025,1,"00-0039798","I.Davis","RB","NYJ",0,0,0,0,0,0,0,0,0,2,18,0,0,0,0,0,0,0,0,0
2025,1,"00-0039816","A.Gould","WR","IND",0,0,0,0,0,0,0,0,0,0,0,0,0,0,0,0,0,0,0,0
2025,1,"00-0039847","T.Johnson","TE","NYG",0,0,0,0,0,0,0,0,0,0,0,0,0,0,1,3,5,0,0,0
2025,1,"00-0039849","M.Harrison","WR","ARI",0,0,0,0,0,0,0,0,0,0,0,0,0,0,5,6,71,1,0,0
2025,1,"00-0039851","D.Maye","QB","NE",30,46,287,1,1,4,-11,0,0,4,11,0,0,0,1,1,2,0,0,0
2025,1,"00-0039868","T.Franklin","WR","DEN",0,0,0,0,0,0,0,0,0,0,0,0,0,0,4,6,44,0,0,0
2025,1,"00-0039875","R.Davis","RB","BUF",0,0,0,0,0,0,0,0,0,1,2,0,0,0,1,1,-1,0,0,0
2025,1,"00-0039880","M.Washington","WR","MIA",0,0,0,0,0,0,0,0,0,1,9,0,0,0,2,5,20,0,0,0
2025,1,"00-0039890","A.Mitchell","WR","IND",0,0,0,0,0,0,0,0,0,0,0,0,0,0,2,2,21,0,0,0
2025,1,"00-0039893","B.Thomas","WR","JAX",0,0,0,0,0,0,0,0,0,1,9,1,0,0,1,7,11,0,0,0
2025,1,"00-0039894","X.Worthy","WR","KC",0,0,0,0,0,0,0,0,0,1,0,0,0,0,0,1,0,0,0,0
2025,1,"00-0039901","K.Coleman","WR","BUF",0,0,0,0,0,0,0,0,0,0,0,0,0,0,8,11,112,1,0,0
2025,1,"00-0039910","J.Daniels","QB","WAS",19,30,233,1,0,3,-21,0,0,11,68,0,0,0,0,0,0,0,0,0
2025,1,"00-0039915","L.McConkey","WR","LAC",0,0,0,0,0,0,0,0,0,0,0,0,0,0,6,9,74,0,0,0
2025,1,"00-0039916","R.Pearsall","WR","SF",0,0,0,0,0,0,0,0,0,0,0,0,0,0,4,7,108,0,0,0
2025,1,"00-0039917","M.Penix","QB","ATL",27,42,298,1,0,1,-9,0,0,6,21,1,0,0,0,0,0,0,0,0
2025,1,"00-0039918","C.Williams","QB","CHI",21,35,210,1,0,2,-12,0,0,6,58,1,0,0,0,0,0,0,0,0
2025,1,"00-0039919","R.Odunze","WR","CHI",0,0,0,0,0,0,0,0,0,0,0,0,0,0,6,9,37,1,0,0
2025,1,"00-0039921","T.Benson","RB","ARI",0,0,0,0,0,0,0,0,0,8,69,0,0,0,1,1,6,0,0,0
2025,1,"00-0039923","J.McCarthy","QB","MIN",13,20,143,2,1,3,-9,0,1,2,25,1,0,0,0,0,0,0,0,0
2025,1,"00-0040009","S.Williams","WR","GB",0,0,0,0,0,0,0,0,0,0,0,0,0,0,1,1,1,0,0,0
2025,1,"00-0040075","L.Wester","WR","BAL",0,0,0,0,0,0,0,0,0,0,0,0,0,0,0,0,0,0,0,0
2025,1,"00-0040078","B.Smith","RB","KC",0,0,0,0,0,0,0,0,0,0,0,0,0,0,0,0,0,0,0,0
2025,1,"00-0040122","A.Jeanty","RB","LV",0,0,0,0,0,0,0,0,0,19,38,1,0,0,2,2,2,0,0,0
2025,1,"00-0040124","T.McMillan","WR","CAR",0,0,0,0,0,0,0,0,0,0,0,0,0,0,5,9,68,0,0,0
2025,1,"00-0040126","C.Loveland","TE","CHI",0,0,0,0,0,0,0,0,0,0,0,0,0,0,2,2,12,0,0,0
2025,1,"00-0040128","T.Warren","TE","IND",0,0,0,0,0,0,0,0,0,1,3,0,0,0,7,9,76,0,0,0
2025,1,"00-0040129","E.Egbuka","WR","TB",0,0,0,0,0,0,0,0,0,1,9,0,0,0,4,6,67,2,0,0
2025,1,"00-0040130","J.Higgins","WR","HOU",0,0,0,0,0,0,0,0,0,0,0,0,0,0,2,3,32,0,0,0
2025,1,"00-0040131","K.Williams","WR","NE",0,0,0,0,0,0,0,0,0,0,0,0,0,0,1,1,12,0,0,0
2025,1,"00-0040138","J.Noel","WR","HOU",0,0,0,0,0,0,0,0,0,0,0,0,0,0,1,2,7,0,0,0
2025,1,"00-0040142","K.Johnson","RB","PIT",0,0,0,0,0,0,0,0,0,1,-2,0,0,0,0,0,0,0,0,0
2025,1,"00-0040154","T.Felton","WR","MIN",0,0,0,0,0,0,0,0,0,0,0,0,0,0,0,0,0,0,0,0
2025,1,"00-0040162","D.Sampson","RB","CLE",0,0,0,0,0,0,0,0,0,12,29,0,0,0,8,8,64,0,0,0
2025,1,"00-0040164","J.Lane","WR","WAS",0,0,0,0,0,0,0,0,0,0,0,0,0,0,1,2,11,0,0,0
2025,1,"00-0040170","E.Ayomanor","WR","TEN",0,0,0,0,0,0,0,0,0,0,0,0,0,0,2,7,13,0,0,0
2025,1,"00-0040179","D.Giddens","RB","IND",0,0,0,0,0,0,0,0,0,12,41,0,0,0,0,0,0,0,0,0
2025,1,"00-0040184","K.Lambert-Smith","WR","LAC",0,0,0,0,0,0,0,0,0,0,0,0,0,0,0,1,0,0,0,0
2025,1,"00-0040194","J.Hawes","TE","BUF",0,0,0,0,0,0,0,0,0,0,0,0,0,0,1,1,29,0,0,0
2025,1,"00-0040198","O.Gordon","RB","MIA",0,0,0,0,0,0,0,0,0,2,4,0,0,0,1,1,-1,0,0,0
2025,1,"00-0040202","D.Neal","RB","NO",0,0,0,0,0,0,0,0,0,2,9,0,0,0,0,0,0,0,0,0
2025,1,"00-0040208","T.Brooks","RB","CIN",0,0,0,0,0,0,0,0,0,0,0,0,0,0,0,0,0,0,0,0
2025,1,"00-0040236","K.Monangai","RB","CHI",0,0,0,0,0,0,0,0,0,0,0,0,0,0,1,1,11,0,0,0
2025,1,"00-0040237","T.Johnson","WR","TB",0,0,0,0,0,0,0,0,0,0,0,0,0,0,0,1,0,0,0,0
2025,1,"00-0040238","L.Allen","RB","JAX",0,0,0,0,0,0,0,0,0,1,7,0,0,0,1,1,4,0,0,0
2025,1,"00-0040242","J.Croskey-Merritt","RB","WAS",0,0,0,0,0,0,0,0,0,10,82,1,0,0,0,1,0,0,0,0
2025,1,"00-0040466","R.Sanders","RB","CLE",0,0,0,0,0,0,0,0,0,3,3,1,0,0,0,0,0,0,0,0
2025,1,"00-0040476","U.Bentley","RB","IND",0,0,0,0,0,0,0,0,0,1,0,0,0,0,0,0,0,0,0,0
2025,1,"00-0040506","M.Price","WR","MIN",0,0,0,0,0,0,0,0,0,0,0,0,0,0,0,0,0,0,0,0
2025,1,"00-0040581","D.Thornton","WR","LV",0,0,0,0,0,0,0,0,0,0,0,0,0,0,2,4,45,0,0,0
2025,1,"00-0040582","Ar.Smith","WR","NYJ",0,0,0,0,0,0,0,0,0,0,0,0,0,0,0,0,0,0,0,0
2025,1,"00-0040583","W.Marks","RB","HOU",0,0,0,0,0,0,0,0,0,3,3,0,0,0,0,0,0,0,0,0
2025,1,"00-0040584","G.Helm","TE","TEN",0,0,0,0,0,0,0,0,0,0,0,0,0,0,1,2,16,0,0,0
2025,1,"00-0040644","T.Etienne","RB","CAR",0,0,0,0,0,0,0,0,0,1,4,0,0,0,0,0,0,0,0,0
2025,1,"00-0040648","T.Horton","WR","SEA",0,0,0,0,0,0,0,0,0,0,0,0,0,0,0,0,0,0,0,0
2025,1,"00-0040663","H.Fannin","TE","CLE",0,0,0,0,0,0,0,0,0,1,3,0,0,0,7,9,63,0,0,0
2025,1,"00-0040666","O.Hampton","RB","LAC",0,0,0,0,0,0,0,0,0,15,48,0,0,0,2,2,13,0,0,0
2025,1,"00-0040667","M.Golden","WR","GB",0,0,0,0,0,0,0,0,0,0,0,0,0,0,2,2,16,0,0,0
2025,1,"00-0040669","I.TeSlaa","WR","DET",0,0,0,0,0,0,0,0,0,0,0,0,0,0,1,1,13,1,0,0
2025,1,"00-0040673","J.Milroe","QB","SEA",0,0,0,0,0,0,0,0,0,1,1,0,0,0,0,0,0,0,0,0
2025,1,"00-0040676","C.Ward","QB","TEN",12,28,112,0,0,6,-50,1,0,0,0,0,0,0,0,0,0,0,0,0
2025,1,"00-0040705","C.Dike","WR","TEN",0,0,0,0,0,0,0,0,0,1,9,0,0,0,0,1,0,0,0,0
2025,1,"00-0040715","C.Skattebo","RB","NYG",0,0,0,0,0,0,0,0,0,2,-3,0,0,0,2,2,12,0,0,0
2025,1,"00-0040719","B.Tuten","RB","JAX",0,0,0,0,0,0,0,0,0,3,11,0,0,0,0,0,0,0,0,0
2025,1,"00-0040727","T.Harris","WR","LAC",0,0,0,0,0,0,0,0,0,0,0,0,0,0,1,1,11,0,0,0
2025,1,"00-0040729","J.Bech","WR","LV",0,0,0,0,0,0,0,0,0,0,0,0,0,0,1,1,23,0,0,0
2025,1,"00-0040730","R.Harvey","RB","DEN",0,0,0,0,0,0,0,0,0,6,70,0,0,0,1,1,-1,0,0,0
2025,1,"00-0040734","T.Henderson","RB","NE",0,0,0,0,0,0,0,0,0,5,27,0,0,0,6,6,24,0,0,0
2025,1,"00-0040735","L.Burden","WR","CHI",0,0,0,0,0,0,0,0,0,0,0,0,0,0,1,1,-3,0,0,0
2025,1,"00-0040736","M.Taylor","TE","NYJ",0,0,0,0,0,0,0,0,0,0,0,0,0,0,1,1,20,0,0,0
2025,1,"00-0040739","E.Arroyo","TE","SEA",0,0,0,0,0,0,0,0,0,0,0,0,0,0,1,1,7,0,0,0
2025,1,"00-0040782","I.Bond","WR","CLE",0,0,0,0,0,0,0,0,0,0,0,0,0,0,1,1,5,0,0,0
2025,2,"00-0023459","A.Rodgers","QB","PIT",18,33,203,1,2,3,-20,0,1,1,3,0,0,0,0,0,0,0,0,0
2025,2,"00-0026158","J.Flacco","QB","CLE",25,45,199,1,1,2,-11,1,0,1,8,0,0,0,0,0,0,0,0,0
2025,2,"00-0026498","M.Stafford","QB","LA",23,33,298,2,1,1,-8,0,0,2,-6,0,0,0,0,0,0,0,0,0
2025,2,"00-0028118","T.Taylor","QB","NYJ",7,11,56,1,0,2,-10,0,0,3,21,0,0,0,0,0,0,0,0,0
2025,2,"00-0029263","R.Wilson","QB","NYG",30,41,450,3,1,3,-28,0,0,3,23,0,0,0,0,0,0,0,0,0
2025,2,"00-0030035","A.Thielen","WR","MIN",0,0,0,0,0,0,0,0,0,0,0,0,0,0,2,3,26,0,0,0
2025,2,"00-0030061","Z.Ertz","TE","WAS",0,0,0,0,0,0,0,0,0,0,0,0,0,0,6,8,64,1,0,0
2025,2,"00-0030279","K.Allen","WR","LAC",0,0,0,0,0,0,0,0,0,0,0,0,0,0,5,7,61,1,0,0
2025,2,"00-0030506","T.Kelce","TE","KC",0,0,0,0,0,0,0,0,0,0,0,0,0,0,4,6,61,0,0,0
2025,2,"00-0030564","D.Hopkins","WR","BAL",0,0,0,0,0,0,0,0,0,0,0,0,0,0,2,2,64,1,0,0
2025,2,"00-0030565","G.Smith","QB","LV",24,43,180,0,3,3,-30,0,0,5,20,0,0,0,0,0,0,0,0,0
2025,2,"00-0031236","B.Cooks","WR","NO",0,0,0,0,0,0,0,0,0,0,0,0,0,0,2,2,26,0,0,0
2025,2,"00-0031381","D.Adams","WR","LA",0,0,0,0,0,0,0,0,0,0,0,0,0,0,6,13,106,1,0,0
2025,2,"00-0031408","M.Evans","WR","TB",0,0,0,0,0,0,0,0,0,0,0,0,0,0,5,11,56,0,0,0
2025,2,"00-0031588","S.Diggs","WR","NE",0,0,0,0,0,0,0,0,0,0,0,0,0,0,4,5,32,0,0,0
2025,2,"00-0031763","D.Carter","WR","CLE",0,0,0,0,0,0,0,0,0,0,0,0,0,0,0,0,0,0,0,0
2025,2,"00-0032211","T.Lockett","WR","TEN",0,0,0,0,0,0,0,0,0,0,0,0,0,0,2,3,9,0,0,0
2025,2,"00-0032385","S.Shepard","WR","TB",0,0,0,0,0,0,0,0,0,0,0,0,0,0,4,4,34,0,0,0
2025,2,"00-0032392","A.Hooper","TE","NE",0,0,0,0,0,0,0,0,0,0,0,0,0,0,3,3,38,0,0,0
2025,2,"00-0032464","K.Raymond","WR","DET",0,0,0,0,0,0,0,0,0,1,9,0,0,0,1,1,14,0,0,0
2025,2,"00-0032764","D.Henry","RB","BAL",0,0,0,0,0,0,0,0,0,11,23,0,0,0,0,0,0,0,0,0
2025,2,"00-0033040","T.Hill","WR","MIA",0,0,0,0,0,0,0,0,0,0,0,0,0,0,6,7,109,0,0,0
2025,2,"00-0033077","D.Prescott","QB","DAL",38,52,361,2,1,3,-18,0,0,3,17,0,0,0,0,0,0,0,0,0
2025,2,"00-0033090","H.Henry","TE","NE",0,0,0,0,0,0,0,0,0,0,0,0,0,0,1,3,9,0,0,0
2025,2,"00-0033106","J.Goff","QB","DET",23,28,334,5,0,0,0,0,0,1,6,0,0,0,0,0,0,0,0,0
2025,2,"00-0033110","T.Higbee","TE","LA",0,0,0,0,0,0,0,0,0,0,0,0,0,0,4,4,37,0,0,0
2025,2,"00-0033119","J.Brissett","QB","ARI",0,0,0,0,0,0,0,0,0,1,2,0,0,0,0,0,0,0,0,0
2025,2,"00-0033217","M.Alie-Cox","TE","IND",0,0,0,0,0,0,0,0,0,0,0,0,0,0,1,1,8,0,0,0
2025,2,"00-0033280","C.McCaffrey","RB","SF",0,0,0,0,0,0,0,0,0,13,55,0,0,0,6,7,52,1,0,0
2025,2,"00-0033293","A.Jones","RB","MIN",0,0,0,0,0,0,0,0,0,5,23,0,0,0,0,1,0,0,0,0
2025,2,"00-0033307","K.Bourne","WR","SF",0,0,0,0,0,0,0,0,0,0,0,0,0,0,3,3,32,0,0,0
2025,2,"00-0033375","T.Patrick","WR","JAX",0,0,0,0,0,0,0,0,0,0,0,0,0,0,0,1,0,0,0,0
2025,2,"00-0033526","S.Perine","RB","CIN",0,0,0,0,0,0,0,0,0,0,0,0,0,0,0,0,0,0,0,0
2025,2,"00-0033553","J.Conner","RB","ARI",0,0,0,0,0,0,0,0,0,11,34,1,0,0,1,1,18,0,0,0
2025,2,"00-0033555","M.Hollins","WR","NE",0,0,0,0,0,0,0,0,0,0,0,0,0,0,1,2,8,1,0,0
2025,2,"00-0033576","E.Saubert","TE","SEA",0,0,0,0,0,0,0,0,0,0,0,0,0,0,0,0,0,0,0,0
2025,2,"00-0033591","N.Brown","WR","WAS",0,0,0,0,0,0,0,0,0,0,0,0,0,0,1,4,9,0,0,0
2025,2,"00-0033662","C.Rush","QB","BAL",0,0,0,0,0,0,0,0,0,3,-4,0,0,0,0,0,0,0,0,0
2025,2,"00-0033699","A.Ekeler","RB","WAS",0,0,0,0,0,0,0,0,0,8,17,0,0,0,2,4,7,0,0,0
2025,2,"00-0033854","D.Ogunbowale","RB","HOU",0,0,0,0,0,0,0,0,0,0,0,0,0,0,0,0,0,0,0,0
2025,2,"00-0033857","J.Smith-Schuster","WR","KC",0,0,0,0,0,0,0,0,0,0,0,0,0,0,1,3,5,0,0,0
2025,2,"00-0033858","J.Smith","TE","PIT",0,0,0,0,0,0,0,0,0,0,0,0,0,0,4,4,27,0,0,0
2025,2,"00-0033869","M.Trubisky","QB","BUF",1,2,32,0,0,0,0,0,0,3,-3,0,0,0,0,0,0,0,0,0
2025,2,"00-0033873","P.Mahomes","QB","KC",16,29,187,1,1,2,-14,0,0,7,66,1,0,0,0,0,0,0,0,0
2025,2,"00-0033881","E.Engram","TE","DEN",0,0,0,0,0,0,0,0,0,0,0,0,0,0,1,2,12,0,0,0
2025,2,"00-0033885","D.Njoku","TE","CLE",0,0,0,0,0,0,0,0,0,0,0,0,0,0,4,5,40,0,0,0
2025,2,"00-0033906","A.Kamara","RB","NO",0,0,0,0,0,0,0,0,0,21,99,0,0,0,6,6,21,0,1,0
2025,2,"00-0033908","C.Kupp","WR","SEA",0,0,0,0,0,0,0,0,0,0,0,0,0,0,7,9,90,0,0,0
2025,2,"00-0033923","K.Hunt","RB","KC",0,0,0,0,0,0,0,0,0,8,31,0,0,0,1,1,3,0,0,0
2025,2,"00-0034159","W.Dissly","TE","LAC",0,0,0,0,0,0,0,0,0,0,0,0,0,0,1,1,7,0,0,0
2025,2,"00-0034272","M.Valdes-Scantling","WR","SF",0,0,0,0,0,0,0,0,0,0,0,0,0,0,0,1,0,0,0,0
2025,2,"00-0034348","C.Sutton","WR","DEN",0,0,0,0,0,0,0,0,0,0,0,0,0,0,1,4,6,0,0,0
2025,2,"00-0034365","I.Thomas","TE","LV",0,0,0,0,0,0,0,0,0,0,0,0,0,0,0,0,0,0,0,0
2025,2,"00-0034383","D.Schultz","TE","HOU",0,0,0,0,0,0,0,0,0,0,0,0,0,0,3,4,29,0,0,0
2025,2,"00-0034386","J.Watson","WR","HOU",0,0,0,0,0,0,0,0,0,0,0,0,0,0,1,2,3,0,0,0
2025,2,"00-0034407","R.McCloud","WR","ATL",0,0,0,0,0,0,0,0,0,0,0,0,0,0,0,2,0,0,0,0
2025,2,"00-0034487","T.Sherfield","WR","DEN",0,0,0,0,0,0,0,0,0,0,0,0,0,0,1,1,3,0,0,0
2025,2,"00-0034753","M.Andrews","TE","BAL",0,0,0,0,0,0,0,0,0,1,2,0,0,0,1,3,2,0,0,0
2025,2,"00-0034771","M.Rudolph","QB","PIT",2,2,12,0,0,0,0,0,0,0,0,0,0,0,0,0,0,0,0,0
2025,2,"00-0034791","N.Chubb","RB","HOU",0,0,0,0,0,0,0,0,0,12,43,1,0,0,2,2,29,0,0,0
2025,2,"00-0034796","L.Jackson","QB","BAL",19,29,225,4,0,3,-28,0,0,2,13,0,0,0,0,0,0,0,0,0
2025,2,"00-0034827","D.Moore","WR","CHI",0,0,0,0,0,0,0,0,0,0,0,0,0,0,5,6,46,0,0,0
2025,2,"00-0034829","M.Gesicki","TE","CIN",0,0,0,0,0,0,0,0,0,0,0,0,0,0,3,4,18,0,0,0
2025,2,"00-0034837","C.Ridley","WR","TEN",0,0,0,0,0,0,0,0,0,0,0,0,0,0,3,6,57,0,0,0
2025,2,"00-0034844","S.Barkley","RB","PHI",0,0,0,0,0,0,0,0,0,22,88,1,0,0,2,2,6,0,0,0
2025,2,"00-0034855","B.Mayfield","QB","TB",25,38,215,2,0,4,-24,0,0,3,33,0,0,0,0,0,0,0,0,0
2025,2,"00-0034857","J.Allen","QB","BUF",14,25,148,0,0,1,-1,0,0,6,59,0,0,0,0,0,0,0,0,0
2025,2,"00-0034869","S.Darnold","QB","SEA",22,33,295,2,2,2,-17,0,0,0,0,0,0,0,0,0,0,0,0,0
2025,2,"00-0034960","J.Meyers","WR","LV",0,0,0,0,0,0,0,0,0,0,0,0,0,0,6,12,68,0,0,0
2025,2,"00-0034975","J.Hill","RB","BAL",0,0,0,0,0,0,0,0,0,3,7,0,0,0,3,3,18,0,0,0
2025,2,"00-0034983","H.Renfrow","WR","CAR",0,0,0,0,0,0,0,0,0,0,0,0,0,0,7,9,48,2,0,0
2025,2,"00-0035021","A.Dulin","WR","IND",0,0,0,0,0,0,0,0,0,0,0,0,0,0,0,0,0,0,0,0
2025,2,"00-0035100","J.Browning","QB","CIN",21,32,241,2,3,1,-7,0,0,1,1,1,0,0,0,0,0,0,0,0
2025,2,"00-0035208","O.Zaccheaus","WR","CHI",0,0,0,0,0,0,0,0,0,1,9,0,0,0,2,5,12,0,0,0
2025,2,"00-0035228","K.Murray","QB","ARI",17,25,220,1,1,1,-9,0,0,7,32,0,0,0,0,0,0,0,0,0
2025,2,"00-0035229","T.Hockenson","TE","MIN",0,0,0,0,0,0,0,0,0,0,0,0,0,0,1,3,12,0,0,0
2025,2,"00-0035243","M.Sanders","RB","DAL",0,0,0,0,0,0,0,0,0,5,15,1,0,0,2,2,4,0,0,0
2025,2,"00-0035250","D.Singletary","RB","NYG",0,0,0,0,0,0,0,0,0,1,4,0,0,0,1,1,-4,0,0,0
2025,2,"00-0035261","T.Pollard","RB","TEN",0,0,0,0,0,0,0,0,0,20,92,0,0,0,0,1,0,0,0,0
2025,2,"00-0035500","G.Dortch","WR","ARI",0,0,0,0,0,0,0,0,0,0,0,0,0,0,1,1,11,0,0,0
2025,2,"00-0035535","D.Slayton","WR","NYG",0,0,0,0,0,0,0,0,0,0,0,0,0,0,2,3,61,0,0,0
2025,2,"00-0035537","Ty.Johnson","RB","BUF",0,0,0,0,0,0,0,0,0,2,6,0,0,0,0,1,0,0,0,0
2025,2,"00-0035567","C.Reynolds","RB","DET",0,0,0,0,0,0,0,0,0,3,4,0,0,0,0,0,0,0,0,0
2025,2,"00-0035631","D.Sample","TE","CIN",0,0,0,0,0,0,0,0,0,0,0,0,0,0,1,2,7,0,0,0
2025,2,"00-0035640","D.Metcalf","WR","PIT",0,0,0,0,0,0,0,0,0,0,0,0,0,0,3,6,20,1,0,0
2025,2,"00-0035644","N.Fant","TE","CIN",0,0,0,0,0,0,0,0,0,0,0,0,0,0,3,4,28,0,0,0
2025,2,"00-0035645","G.Olszewski","WR","NYG",0,0,0,0,0,0,0,0,0,0,0,0,0,0,0,0,0,0,0,0
2025,2,"00-0035659","T.McLaurin","WR","WAS",0,0,0,0,0,0,0,0,0,0,0,0,0,0,5,9,48,0,0,0
2025,2,"00-0035662","M.Brown","WR","KC",0,0,0,0,0,0,0,0,0,0,0,0,0,0,5,5,30,0,0,0
2025,2,"00-0035676","A.Brown","WR","PHI",0,0,0,0,0,0,0,0,0,0,0,0,0,0,5,8,27,0,0,0
2025,2,"00-0035685","D.Montgomery","RB","DET",0,0,0,0,0,0,0,0,0,11,57,1,0,0,1,1,4,0,0,0
2025,2,"00-0035689","D.Knox","TE","BUF",0,0,0,0,0,0,0,0,0,0,0,0,0,0,2,5,19,0,0,0
2025,2,"00-0035700","J.Jacobs","RB","GB",0,0,0,0,0,0,0,0,0,23,84,1,0,0,0,0,0,0,0,0
2025,2,"00-0035710","D.Jones","QB","IND",23,34,316,1,0,1,-10,0,0,6,2,1,0,0,0,0,0,0,0,0
2025,2,"00-0035719","D.Samuel","WR","WAS",0,0,0,0,0,0,0,0,0,0,0,0,0,0,7,8,44,1,0,0
2025,2,"00-0035726","J.Johnson","RB","HOU",0,0,0,0,0,0,0,0,0,0,0,0,0,0,0,0,0,0,0,0
2025,2,"00-0036040","J.Johnson","TE","NO",0,0,0,0,0,0,0,0,0,0,0,0,0,0,5,9,49,1,0,0
2025,2,"00-0036139","R.Dowdle","RB","CAR",0,0,0,0,0,0,0,0,0,6,9,0,0,0,1,1,10,0,0,0
2025,2,"00-0036158","J.Dobbins","RB","DEN",0,0,0,0,0,0,0,0,0,14,76,1,0,0,1,2,9,0,0,0
2025,2,"00-0036182","N.Westbrook-Ikhine","WR","MIA",0,0,0,0,0,0,0,0,0,0,0,0,0,0,2,3,18,0,0,0
2025,2,"00-0036187","R.Gilliam","RB","BUF",0,0,0,0,0,0,0,0,0,0,0,0,0,0,0,0,0,0,0,0
2025,2,"00-0036212","T.Tagovailoa","QB","MIA",26,32,315,2,1,5,-18,0,0,0,0,0,0,0,0,0,0,0,0,0
2025,2,"00-0036223","J.Taylor","RB","IND",0,0,0,0,0,0,0,0,0,25,165,0,0,0,2,2,50,1,0,0
2025,2,"00-0036232","H.Bryant","TE","HOU",0,0,0,0,0,0,0,0,0,0,0,0,0,0,0,1,0,0,0,0
2025,2,"00-0036252","M.Pittman","WR","IND",0,0,0,0,0,0,0,0,0,0,0,0,0,0,4,5,40,0,0,0
2025,2,"00-0036259","J.Jennings","WR","SF",0,0,0,0,0,0,0,0,0,0,0,0,0,0,5,10,89,1,0,0
2025,2,"00-0036264","J.Love","QB","GB",19,31,292,2,0,2,-23,0,0,3,12,0,0,0,0,0,0,0,0,0
2025,2,"00-0036265","A.Dillon","RB","PHI",0,0,0,0,0,0,0,0,0,3,19,0,0,0,0,0,0,0,0,0
2025,2,"00-0036275","D.Swift","RB","CHI",0,0,0,0,0,0,0,0,0,12,63,1,1,0,3,3,6,0,0,0
2025,2,"00-0036290","C.Kmet","TE","CHI",0,0,0,0,0,0,0,0,0,0,0,0,0,0,2,2,29,0,0,0
2025,2,"00-0036309","D.Mooney","WR","ATL",0,0,0,0,0,0,0,0,0,0,0,0,0,0,2,4,20,0,0,0
2025,2,"00-0036322","J.Jefferson","WR","MIN",0,0,0,0,0,0,0,0,0,0,0,0,0,0,3,6,81,0,0,0
2025,2,"00-0036328","A.Gibson","RB","NE",0,0,0,0,0,0,0,0,0,5,27,0,0,0,1,1,1,0,0,0
2025,2,"00-0036331","D.Duvernay","WR","CHI",0,0,0,0,0,0,0,0,0,0,0,0,0,0,0,0,0,0,0,0
2025,2,"00-0036332","J.Deguara","TE","ARI",0,0,0,0,0,0,0,0,0,0,0,0,0,0,0,0,0,0,0,0
2025,2,"00-0036355","J.Herbert","QB","LAC",19,27,242,2,0,2,-6,0,0,9,31,0,1,0,0,0,0,0,0,0
2025,2,"00-0036358","C.Lamb","WR","DAL",0,0,0,0,0,0,0,0,0,0,0,0,0,0,9,11,112,0,0,0
2025,2,"00-0036389","J.Hurts","QB","PHI",15,22,101,0,0,2,-7,0,0,9,15,1,0,0,0,0,0,0,0,0
2025,2,"00-0036407","J.Jeudy","WR","CLE",0,0,0,0,0,0,0,0,0,0,0,0,0,0,4,8,51,0,0,0
2025,2,"00-0036410","T.Higgins","WR","CIN",0,0,0,0,0,0,0,0,0,0,0,0,0,0,3,8,56,1,0,0
2025,2,"00-0036415","V.Jefferson","WR","TEN",0,0,0,0,0,0,0,0,0,0,0,0,0,0,2,2,10,0,0,0
2025,2,"00-0036422","A.Trautman","TE","DEN",0,0,0,0,0,0,0,0,0,0,0,0,0,0,3,3,10,1,0,0
2025,2,"00-0036427","T.Johnson","WR","NYJ",0,0,0,0,0,0,0,0,0,0,0,0,0,0,0,1,0,0,0,0
2025,2,"00-0036442","J.Burrow","QB","CIN",7,13,76,1,0,2,-8,0,0,0,0,0,0,0,0,0,0,0,0,0
2025,2,"00-0036550","R.Bateman","WR","BAL",0,0,0,0,0,0,0,0,0,0,0,0,0,0,2,4,15,0,0,0
2025,2,"00-0036554","N.Collins","WR","HOU",0,0,0,0,0,0,0,0,0,0,0,0,0,0,3,9,52,1,0,0
2025,2,"00-0036555","C.Hubbard","RB","CAR",0,0,0,0,0,0,0,0,0,10,38,0,0,0,5,6,39,1,0,0
2025,2,"00-0036590","Q.Morris","TE","JAX",0,0,0,0,0,0,0,0,0,0,0,0,0,0,0,0,0,0,0,0
2025,2,"00-0036613","J.Waddle","WR","MIA",0,0,0,0,0,0,0,0,0,0,0,0,0,0,5,6,68,1,0,0
2025,2,"00-0036620","D.Eskridge","WR","MIA",0,0,0,0,0,0,0,0,0,0,0,0,0,0,1,1,8,0,0,0
2025,2,"00-0036626","D.Brown","WR","JAX",0,0,0,0,0,0,0,0,0,1,9,0,0,0,5,7,57,1,0,0
2025,2,"00-0036630","T.Wallace","WR","BAL",0,0,0,0,0,0,0,0,0,0,0,0,0,0,2,2,25,1,0,0
2025,2,"00-0036637","N.Gray","TE","KC",0,0,0,0,0,0,0,0,0,0,0,0,0,0,1,5,1,0,0,0
2025,2,"00-0036754","B.Wright","TE","DET",0,0,0,0,0,0,0,0,0,0,0,0,0,0,3,3,28,1,0,0
2025,2,"00-0036849","T.Atwell","WR","LA",0,0,0,0,0,0,0,0,0,0,0,0,0,0,0,1,0,0,0,0
2025,2,"00-0036862","B.Skowronek","WR","PIT",0,0,0,0,0,0,0,0,0,0,0,0,0,0,0,0,0,0,0,0
2025,2,"00-0036875","R.Stevenson","RB","NE",0,0,0,0,0,0,0,0,0,11,54,0,0,1,5,5,88,0,0,0
2025,2,"00-0036876","K.Granson","TE","PHI",0,0,0,0,0,0,0,0,0,0,0,0,0,0,1,1,5,0,0,0
2025,2,"00-0036887","L.Farrell","TE","SF",0,0,0,0,0,0,0,0,0,0,0,0,0,0,2,3,15,1,0,0
2025,2,"00-0036893","N.Harris","RB","LAC",0,0,0,0,0,0,0,0,0,8,28,0,0,0,2,2,20,0,0,0
2025,2,"00-0036894","P.Freiermuth","TE","PIT",0,0,0,0,0,0,0,0,0,0,0,0,0,0,3,4,31,0,0,0
2025,2,"00-0036900","J.Chase","WR","CIN",0,0,0,0,0,0,0,0,0,0,0,0,0,0,14,16,165,1,0,0
2025,2,"00-0036912","D.Smith","WR","PHI",0,0,0,0,0,0,0,0,0,0,0,0,0,0,4,6,53,0,0,0
2025,2,"00-0036919","K.Gainwell","RB","PIT",0,0,0,0,0,0,0,0,0,5,20,0,0,0,3,5,16,0,0,0
2025,2,"00-0036945","J.Fields","QB","NYJ",3,11,27,0,0,2,-19,0,0,5,49,0,1,0,0,0,0,0,0,0
2025,2,"00-0036963","A.St. Brown","WR","DET",0,0,0,0,0,0,0,0,0,2,7,0,0,0,9,11,115,3,0,0
2025,2,"00-0036970","K.Pitts","TE","ATL",0,0,0,0,0,0,0,0,0,0,0,0,0,0,4,5,37,0,0,0
2025,2,"00-0036971","T.Lawrence","QB","JAX",24,42,271,3,2,1,-10,0,0,2,4,0,0,0,0,0,0,0,0,0
2025,2,"00-0036972","M.Jones","QB","SF",26,39,279,3,0,3,-12,1,0,6,6,0,0,0,0,0,0,0,0,0
2025,2,"00-0036973","T.Etienne","RB","JAX",0,0,0,0,0,0,0,0,0,14,71,0,0,0,2,3,18,1,0,0
2025,2,"00-0036980","E.Moore","WR","BUF",0,0,0,0,0,0,0,0,0,2,6,1,0,0,1,1,31,0,0,0
2025,2,"00-0036988","J.Palmer","WR","BUF",0,0,0,0,0,0,0,0,0,0,0,0,0,0,2,3,47,0,0,0
2025,2,"00-0036997","J.Williams","RB","DAL",0,0,0,0,0,0,0,0,0,18,97,1,0,0,6,7,33,0,0,0
2025,2,"00-0037005","T.Tremble","TE","CAR",0,0,0,0,0,0,0,0,0,0,0,0,0,0,3,3,20,0,0,0
2025,2,"00-0037085","T.Badie","RB","DEN",0,0,0,0,0,0,0,0,0,1,3,0,0,0,2,2,19,0,0,0
2025,2,"00-0037086","G.Calcaterra","TE","PHI",0,0,0,0,0,0,0,0,0,0,0,0,0,0,1,2,6,0,0,0
2025,2,"00-0037093","D.Young","WR","SEA",0,0,0,0,0,0,0,0,0,0,0,0,0,0,0,0,0,0,0,0
2025,2,"00-0037112","J.Tonges","TE","SF",0,0,0,0,0,0,0,0,0,0,0,0,0,0,4,5,31,0,0,0
2025,2,"00-0037157","Z.Knight","RB","ARI",0,0,0,0,0,0,0,0,0,0,0,0,0,0,0,0,0,0,0,0
2025,2,"00-0037197","I.Pacheco","RB","KC",0,0,0,0,0,0,0,0,0,10,22,0,0,0,1,2,7,0,0,0
2025,2,"00-0037228","J.Warren","RB","PIT",0,0,0,0,0,0,0,0,0,14,48,0,0,0,4,4,86,0,0,0
2025,2,"00-0037238","D.London","WR","ATL",0,0,0,0,0,0,0,0,0,0,0,0,0,0,3,4,49,0,1,0
2025,2,"00-0037239","C.Olave","WR","NO",0,0,0,0,0,0,0,0,0,0,0,0,0,0,6,10,54,0,0,0
2025,2,"00-0037240","J.Williams","WR","DET",0,0,0,0,0,0,0,0,0,0,0,0,0,0,2,4,108,1,0,0
2025,2,"00-0037247","G.Pickens","WR","DAL",0,0,0,0,0,0,0,0,0,0,0,0,0,0,5,9,68,1,0,0
2025,2,"00-0037248","J.Cook","RB","BUF",0,0,0,0,0,0,0,0,0,21,132,2,0,0,1,1,3,0,0,0
2025,2,"00-0037256","R.White","RB","TB",0,0,0,0,0,0,0,0,0,10,65,1,0,0,2,2,1,0,0,0
2025,2,"00-0037261","K.Shakir","WR","BUF",0,0,0,0,0,0,0,0,0,0,0,0,0,0,1,2,12,0,0,0
2025,2,"00-0037263","T.Allgeier","RB","ATL",0,0,0,0,0,0,0,0,0,16,76,1,0,0,1,1,4,0,0,0
2025,2,"00-0037267","J.Ford","RB","CLE",0,0,0,0,0,0,0,0,0,6,31,0,0,0,5,6,23,0,0,0
2025,2,"00-0037291","J.Nailor","WR","MIN",0,0,0,0,0,0,0,0,0,0,0,0,0,0,3,5,31,0,0,0
2025,2,"00-0037292","A.Ogletree","TE","IND",0,0,0,0,0,0,0,0,0,0,0,0,0,0,0,0,0,0,0,0
2025,2,"00-0037306","J.FitzPatrick","TE","GB",0,0,0,0,0,0,0,0,0,0,0,0,0,0,0,0,0,0,0,0
2025,2,"00-0037340","Z.Mitchell-Paden","TE","BAL",0,0,0,0,0,0,0,0,0,0,0,0,0,0,0,1,0,0,0,0
2025,2,"00-0037525","J.Mason","RB","MIN",0,0,0,0,0,0,0,0,0,9,30,0,0,0,2,3,8,0,0,0
2025,2,"00-0037545","R.Shaheed","WR","NO",0,0,0,0,0,0,0,0,0,0,0,0,0,0,4,5,52,1,0,0
2025,2,"00-0037614","J.Metchie","WR","PHI",0,0,0,0,0,0,0,0,0,0,0,0,0,0,1,1,0,0,0,0
2025,2,"00-0037617","H.Haskins","RB","LAC",0,0,0,0,0,0,0,0,0,0,0,0,0,0,0,0,0,0,0,0
2025,2,"00-0037664","A.Pierce","WR","IND",0,0,0,0,0,0,0,0,0,0,0,0,0,0,4,5,68,0,0,0
2025,2,"00-0037666","J.Tolbert","WR","DAL",0,0,0,0,0,0,0,0,0,0,0,0,0,0,2,4,16,0,0,0
2025,2,"00-0037740","G.Wilson","WR","NYJ",0,0,0,0,0,0,0,0,0,0,0,0,0,0,4,8,50,0,0,0
2025,2,"00-0037741","J.Dotson","WR","PHI",0,0,0,0,0,0,0,0,0,0,0,0,0,0,1,1,4,0,0,0
2025,2,"00-0037744","T.McBride","TE","ARI",0,0,0,0,0,0,0,0,0,0,0,0,0,0,6,7,78,0,0,0
2025,2,"00-0037746","B.Robinson","RB","SF",0,0,0,0,0,0,0,0,0,6,20,0,0,0,1,1,-1,0,0,0
2025,2,"00-0037801","K.Turpin","WR","DAL",0,0,0,0,0,0,0,0,0,2,6,0,0,0,4,4,47,1,0,0
2025,2,"00-0037805","J.Ruckert","TE","NYJ",0,0,0,0,0,0,0,0,0,0,0,0,0,0,1,1,5,1,0,0
2025,2,"00-0037809","C.Okonkwo","TE","TEN",0,0,0,0,0,0,0,0,0,0,0,0,0,0,4,6,35,0,0,0
2025,2,"00-0037816","R.Doubs","WR","GB",0,0,0,0,0,0,0,0,0,0,0,0,0,0,3,5,28,1,0,0
2025,2,"00-0037837","C.Austin","WR","PIT",0,0,0,0,0,0,0,0,0,0,0,0,0,0,1,4,22,0,0,0
2025,2,"00-0037840","K.Williams","RB","LA",0,0,0,0,0,0,0,0,0,17,66,0,0,0,2,2,14,0,0,0
2025,2,"00-0038040","Z.White","RB","LV",0,0,0,0,0,0,0,0,0,2,-2,0,0,0,2,3,15,0,0,0
2025,2,"00-0038041","J.Ferguson","TE","DAL",0,0,0,0,0,0,0,0,0,0,0,0,0,0,9,12,78,0,0,0
2025,2,"00-0038090","S.Moore","WR","SF",0,0,0,0,0,0,0,0,0,0,0,0,0,0,0,0,0,0,0,0
2025,2,"00-0038104","T.Thornton","WR","KC",0,0,0,0,0,0,0,0,0,0,0,0,0,0,2,5,59,1,0,0
2025,2,"00-0038115","D.Bellinger","TE","NYG",0,0,0,0,0,0,0,0,0,0,0,0,0,0,0,0,0,0,0,0
2025,2,"00-0038117","W.Robinson","WR","NYG",0,0,0,0,0,0,0,0,0,0,0,0,0,0,8,10,142,1,0,0
2025,2,"00-0038120","B.Hall","RB","NYJ",0,0,0,0,0,0,0,0,0,10,29,0,0,0,2,3,9,0,0,0
2025,2,"00-0038129","C.Otton","TE","TB",0,0,0,0,0,0,0,0,0,0,0,0,0,0,3,4,25,0,0,0
2025,2,"00-0038134","K.Walker","RB","SEA",0,0,0,0,0,0,0,0,0,13,105,1,0,0,1,1,13,0,0,0
2025,2,"00-0038359","X.Smith","WR","LA",0,0,0,0,0,0,0,0,0,0,0,0,0,0,0,0,0,0,0,0
2025,2,"00-0038393","D.Wicks","WR","GB",0,0,0,0,0,0,0,0,0,0,0,0,0,0,4,6,44,0,0,0
2025,2,"00-0038416","T.Bagent","QB","CHI",2,3,27,0,0,0,0,0,0,2,7,0,0,0,0,0,0,0,0,0
2025,2,"00-0038465","M.Heath","WR","GB",0,0,0,0,0,0,0,0,0,0,0,0,0,0,1,1,37,0,0,0
2025,2,"00-0038488","B.Russell","RB","SEA",0,0,0,0,0,0,0,0,0,0,0,0,0,0,0,0,0,0,0,0
2025,2,"00-0038519","N.Remigio","WR","KC",0,0,0,0,0,0,0,0,0,0,0,0,0,0,1,1,21,0,0,0
2025,2,"00-0038542","B.Robinson","RB","ATL",0,0,0,0,0,0,0,0,0,22,143,0,0,0,3,5,25,0,0,0
2025,2,"00-0038543","J.Smith-Njigba","WR","SEA",0,0,0,0,0,0,0,0,0,0,0,0,0,0,8,10,103,0,0,0
2025,2,"00-0038544","Q.Johnston","WR","LAC",0,0,0,0,0,0,0,0,0,1,-2,0,0,0,3,7,71,1,0,0
2025,2,"00-0038547","L.Schoonmaker","TE","DAL",0,0,0,0,0,0,0,0,0,0,0,0,0,0,0,2,0,0,0,0
2025,2,"00-0038551","K.Miller","RB","NO",0,0,0,0,0,0,0,0,0,5,8,0,0,0,1,1,2,0,0,0
2025,2,"00-0038558","D.Washington","TE","PIT",0,0,0,0,0,0,0,0,0,0,0,0,0,0,0,1,0,0,0,1
2025,2,"00-0038559","Mi.Wilson","WR","ARI",0,0,0,0,0,0,0,0,0,0,0,0,0,0,1,2,11,1,0,0
2025,2,"00-0038563","T.Tucker","WR","LV",0,0,0,0,0,0,0,0,0,1,7,0,0,0,3,8,12,0,0,0
2025,2,"00-0038573","D.Davis","WR","LAC",0,0,0,0,0,0,0,0,0,0,0,0,0,0,0,0,0,0,0,0
2025,2,"00-0038576","C.Jones","WR","CIN",0,0,0,0,0,0,0,0,0,0,0,0,0,0,0,0,0,0,0,0
2025,2,"00-0038597","C.Brown","RB","CIN",0,0,0,0,0,0,0,0,0,16,47,0,0,0,2,3,18,0,0,0
2025,2,"00-0038606","P.Washington","WR","JAX",0,0,0,0,0,0,0,0,0,0,0,0,0,0,5,5,76,0,0,0
2025,2,"00-0038608","K.Boutte","WR","NE",0,0,0,0,0,0,0,0,0,0,0,0,0,0,1,1,16,1,0,0
2025,2,"00-0038618","X.Hutchinson","WR","HOU",0,0,0,0,0,0,0,0,0,0,0,0,0,0,2,3,29,0,0,0
2025,2,"00-0038619","A.Iosivas","WR","CIN",0,0,0,0,0,0,0,0,0,0,0,0,0,0,1,5,12,0,0,0
2025,2,"00-0038621","D.Douglas","WR","NE",0,0,0,0,0,0,0,0,0,0,0,0,0,0,1,1,8,0,0,0
2025,2,"00-0038643","B.Willis","TE","SF",0,0,0,0,0,0,0,0,0,0,0,0,0,0,0,1,0,0,0,0
2025,2,"00-0038678","J.Mims","RB","TEN",0,0,0,0,0,0,0,0,0,0,0,0,0,0,0,0,0,0,0,0
2025,2,"00-0038679","T.Shavers","WR","BUF",0,0,0,0,0,0,0,0,0,0,0,0,0,0,0,2,0,0,0,0
2025,2,"00-0038685","C.Brooks","RB","GB",0,0,0,0,0,0,0,0,0,0,0,0,0,0,3,4,27,0,0,0
2025,2,"00-0038738","H.Luepke","RB","DAL",0,0,0,0,0,0,0,0,0,0,0,0,0,0,0,0,0,0,0,0
2025,2,"00-0038797","E.Wilson","RB","GB",0,0,0,0,0,0,0,0,0,0,0,0,0,0,0,0,0,0,0,0
2025,2,"00-0038824","R.Miller","WR","TB",0,0,0,0,0,0,0,0,0,0,0,0,0,0,1,1,20,1,0,0
2025,2,"00-0038839","M.Tinsley","WR","CIN",0,0,0,0,0,0,0,0,0,0,0,0,0,0,1,1,13,1,0,0
2025,2,"00-0038840","B.Tremayne","WR","CAR",0,0,0,0,0,0,0,0,0,0,0,0,0,0,3,5,48,0,0,0
2025,2,"00-0038896","J.Saylors","RB","DET",0,0,0,0,0,0,0,0,0,0,0,0,0,0,0,0,0,0,0,0
2025,2,"00-0038933","D.Kincaid","TE","BUF",0,0,0,0,0,0,0,0,0,0,0,0,0,0,4,6,37,0,0,0
2025,2,"00-0038935","B.Strange","TE","JAX",0,0,0,0,0,0,0,0,0,0,0,0,0,0,3,5,17,0,0,0
2025,2,"00-0038951","S.Tucker","RB","TB",0,0,0,0,0,0,0,0,0,0,0,0,0,0,0,0,0,0,0,0
2025,2,"00-0038976","M.Mims","WR","DEN",0,0,0,0,0,0,0,0,0,0,0,0,0,0,2,2,24,1,0,0
2025,2,"00-0038979","C.Tillman","WR","CLE",0,0,0,0,0,0,0,0,0,0,0,0,0,0,2,7,22,1,0,0
2025,2,"00-0038996","T.Kraft","TE","GB",0,0,0,0,0,0,0,0,0,0,0,0,0,0,6,7,124,1,0,0
2025,2,"00-0038997","J.Downs","WR","IND",0,0,0,0,0,0,0,0,0,0,0,0,0,0,6,8,51,0,0,0
2025,2,"00-0039021","R.Johnson","RB","CHI",0,0,0,0,0,0,0,0,0,0,0,0,0,0,0,0,0,0,0,0
2025,2,"00-0039040","D.Achane","RB","MIA",0,0,0,0,0,0,0,0,0,11,30,0,0,0,8,10,92,1,0,0
2025,2,"00-0039041","E.Higgins","TE","ARI",0,0,0,0,0,0,0,0,0,0,0,0,0,0,2,3,45,0,0,0
2025,2,"00-0039050","P.Durham","TE","TB",0,0,0,0,0,0,0,0,0,0,0,0,0,0,0,1,0,0,0,0
2025,2,"00-0039064","Z.Flowers","WR","BAL",0,0,0,0,0,0,0,0,0,1,4,0,0,0,7,11,75,0,0,0
2025,2,"00-0039065","S.LaPorta","TE","DET",0,0,0,0,0,0,0,0,0,0,0,0,0,0,3,4,26,0,0,0
2025,2,"00-0039066","M.Mayer","TE","LV",0,0,0,0,0,0,0,0,0,0,0,0,0,0,2,2,9,0,0,0
2025,2,"00-0039074","D.Allen","TE","LA",0,0,0,0,0,0,0,0,0,0,0,0,0,0,1,1,8,1,0,0
2025,2,"00-0039075","P.Nacua","WR","LA",0,0,0,0,0,0,0,0,0,1,45,1,0,0,8,9,91,0,0,0
2025,2,"00-0039139","J.Gibbs","RB","DET",0,0,0,0,0,0,0,0,0,12,94,1,0,0,3,3,10,0,0,0
2025,2,"00-0039144","L.Musgrave","TE","GB",0,0,0,0,0,0,0,0,0,0,0,0,0,0,2,2,32,0,0,0
2025,2,"00-0039150","B.Young","QB","CAR",35,55,328,3,1,3,-25,1,0,2,2,0,0,0,0,0,0,0,0,0
2025,2,"00-0039163","C.Stroud","QB","HOU",13,24,207,1,0,3,-25,0,0,4,27,0,0,0,0,0,0,0,0,0
2025,2,"00-0039165","Z.Charbonnet","RB","SEA",0,0,0,0,0,0,0,0,0,15,10,0,0,0,0,0,0,0,0,0
2025,2,"00-0039299","G.Holani","RB","SEA",0,0,0,0,0,0,0,0,0,0,0,0,0,0,0,0,0,0,0,0
2025,2,"00-0039337","M.Nabers","WR","NYG",0,0,0,0,0,0,0,0,0,0,0,0,0,0,9,13,167,2,0,0
2025,2,"00-0039338","B.Bowers","TE","LV",0,0,0,0,0,0,0,0,0,0,0,0,0,0,5,8,38,0,0,0
2025,2,"00-0039342","X.Legette","WR","CAR",0,0,0,0,0,0,0,0,0,1,0,0,0,0,1,8,-2,0,0,0
2025,2,"00-0039355","L.McCaffrey","WR","WAS",0,0,0,0,0,0,0,0,0,0,0,0,0,0,1,1,19,0,0,1
2025,2,"00-0039356","J.Sanders","TE","CAR",0,0,0,0,0,0,0,0,0,0,0,0,0,0,7,9,54,0,0,0
2025,2,"00-0039361","B.Irving","RB","TB",0,0,0,0,0,0,0,0,0,17,71,0,0,0,6,6,50,0,0,0
2025,2,"00-0039363","I.Guerendo","RB","SF",0,0,0,0,0,0,0,0,0,0,0,0,0,0,0,0,0,0,0,0
2025,2,"00-0039376","S.Rattler","QB","NO",25,34,207,3,0,3,-21,0,0,4,14,0,0,0,0,0,0,0,0,0
2025,2,"00-0039379","J.Thrash","WR","CLE",0,0,0,0,0,0,0,0,0,0,0,0,0,0,1,1,5,0,0,0
2025,2,"00-0039384","T.Tracy","RB","NYG",0,0,0,0,0,0,0,0,0,5,15,0,0,0,4,5,36,0,0,0
2025,2,"00-0039407","D.Laube","RB","LV",0,0,0,0,0,0,0,0,0,0,0,0,0,0,2,2,17,0,0,0
2025,2,"00-0039410","R.Flournoy","WR","DAL",0,0,0,0,0,0,0,0,0,0,0,0,0,0,0,0,0,0,0,0
2025,2,"00-0039424","D.Vele","WR","NO",0,0,0,0,0,0,0,0,0,0,0,0,0,0,1,1,3,1,0,0
2025,2,"00-0039451","I.Williams","WR","NYJ",0,0,0,0,0,0,0,0,0,0,0,0,0,0,0,0,0,0,0,0
2025,2,"00-0039530","B.Spann-Ford","TE","DAL",0,0,0,0,0,0,0,0,0,0,0,0,0,0,1,1,3,0,0,0
2025,2,"00-0039589","K.Johnson","WR","TB",0,0,0,0,0,0,0,0,0,0,0,0,0,0,0,0,0,0,0,0
2025,2,"00-0039650","B.Oliver","WR","TEN",0,0,0,0,0,0,0,0,0,0,0,0,0,0,0,0,0,0,0,0
2025,2,"00-0039732","B.Nix","QB","DEN",22,30,206,3,1,0,0,0,0,3,20,0,0,0,0,0,0,0,0,0
2025,2,"00-0039738","B.Corum","RB","LA",0,0,0,0,0,0,0,0,0,5,44,1,0,0,0,0,0,0,0,0
2025,2,"00-0039739","R.Wilson","WR","PIT",0,0,0,0,0,0,0,0,0,0,0,0,0,0,1,2,7,0,0,0
2025,2,"00-0039751","J.Whittington","WR","LA",0,0,0,0,0,0,0,0,0,0,0,0,0,0,2,2,42,0,0,0
2025,2,"00-0039792","D.Walker","WR","BAL",0,0,0,0,0,0,0,0,0,0,0,0,0,0,2,2,26,2,0,0
2025,2,"00-0039793","A.Barner","TE","SEA",0,0,0,0,0,0,0,0,0,1,2,0,0,0,2,3,26,1,0,0
2025,2,"00-0039794","B.Allen","RB","NYJ",0,0,0,0,0,0,0,0,0,2,11,0,0,0,0,1,0,0,0,0
2025,2,"00-0039796","R.Ali","RB","BAL",0,0,0,0,0,0,0,0,0,0,0,0,0,0,0,0,0,0,0,0
2025,2,"00-0039798","I.Davis","RB","NYJ",0,0,0,0,0,0,0,0,0,0,0,0,0,0,1,3,6,0,0,0
2025,2,"00-0039816","A.Gould","WR","IND",0,0,0,0,0,0,0,0,0,0,0,0,0,0,0,0,0,0,0,0
2025,2,"00-0039847","T.Johnson","TE","NYG",0,0,0,0,0,0,0,0,0,0,0,0,0,0,4,5,34,0,0,0
2025,2,"00-0039849","M.Harrison","WR","ARI",0,0,0,0,0,0,0,0,0,0,0,0,0,0,2,5,27,0,0,0
2025,2,"00-0039851","D.Maye","QB","NE",19,23,230,2,0,3,-19,0,0,10,31,1,0,0,0,0,0,0,0,0
2025,2,"00-0039868","T.Franklin","WR","DEN",0,0,0,0,0,0,0,0,0,1,11,0,0,0,8,9,89,1,0,0
2025,2,"00-0039875","R.Davis","RB","BUF",0,0,0,0,0,0,0,0,0,9,24,0,0,0,0,0,0,0,0,0
2025,2,"00-0039880","M.Washington","WR","MIA",0,0,0,0,0,0,0,0,0,3,23,0,0,0,1,2,2,0,0,0
2025,2,"00-0039890","A.Mitchell","WR","IND",0,0,0,0,0,0,0,0,0,0,0,0,0,0,2,4,20,0,0,0
2025,2,"00-0039893","B.Thomas","WR","JAX",0,0,0,0,0,0,0,0,0,0,0,0,0,0,4,12,49,0,0,0
2025,2,"00-0039901","K.Coleman","WR","BUF",0,0,0,0,0,0,0,0,0,0,0,0,0,0,3,3,26,0,0,0
2025,2,"00-0039910","J.Daniels","QB","WAS",24,42,200,2,0,4,-21,0,1,7,17,0,0,0,0,0,0,0,0,0
2025,2,"00-0039912","B.Sinnott","TE","WAS",0,0,0,0,0,0,0,0,0,0,0,0,0,0,1,1,7,0,0,0
2025,2,"00-0039915","L.McConkey","WR","LAC",0,0,0,0,0,0,0,0,0,0,0,0,0,0,5,5,48,0,0,0
2025,2,"00-0039916","R.Pearsall","WR","SF",0,0,0,0,0,0,0,0,0,1,-4,0,0,0,4,6,56,0,0,0
2025,2,"00-0039917","M.Penix","QB","ATL",13,21,135,0,0,3,-27,0,0,1,-1,0,0,0,0,0,0,0,0,0
2025,2,"00-0039918","C.Williams","QB","CHI",19,30,207,2,1,4,-29,0,0,5,27,0,0,0,0,0,0,0,0,0
2025,2,"00-0039919","R.Odunze","WR","CHI",0,0,0,0,0,0,0,0,0,0,0,0,0,0,7,11,128,2,0,0
2025,2,"00-0039921","T.Benson","RB","ARI",0,0,0,0,0,0,0,0,0,3,14,0,0,0,4,6,30,0,0,0
2025,2,"00-0039923","J.McCarthy","QB","MIN",11,21,158,0,2,6,-38,1,0,5,25,0,0,0,0,0,0,0,0,0
2025,2,"00-0040009","S.Williams","WR","GB",0,0,0,0,0,0,0,0,0,2,24,0,0,0,0,0,0,0,0,0
2025,2,"00-0040075","L.Wester","WR","BAL",0,0,0,0,0,0,0,0,0,0,0,0,0,0,0,0,0,0,0,0
2025,2,"00-0040078","B.Smith","RB","KC",0,0,0,0,0,0,0,0,0,1,2,0,0,0,0,1,0,0,0,0
2025,2,"00-0040122","A.Jeanty","RB","LV",0,0,0,0,0,0,0,0,0,11,43,0,0,0,3,4,1,0,0,0
2025,2,"00-0040124","T.McMillan","WR","CAR",0,0,0,0,0,0,0,0,0,0,0,0,0,0,6,10,100,0,0,0
2025,2,"00-0040126","C.Loveland","TE","CHI",0,0,0,0,0,0,0,0,0,0,0,0,0,0,0,1,0,0,0,0
2025,2,"00-0040128","T.Warren","TE","IND",0,0,0,0,0,0,0,0,0,1,0,0,0,0,4,7,79,0,0,0
2025,2,"00-0040129","E.Egbuka","WR","TB",0,0,0,0,0,0,0,0,0,0,0,0,0,0,4,7,29,1,0,0
2025,2,"00-0040130","J.Higgins","WR","HOU",0,0,0,0,0,0,0,0,0,0,0,0,0,0,1,1,28,0,0,0
2025,2,"00-0040134","P.Bryant","WR","DEN",0,0,0,0,0,0,0,0,0,0,0,0,0,0,2,3,18,0,0,0
2025,2,"00-0040138","J.Noel","WR","HOU",0,0,0,0,0,0,0,0,0,0,0,0,0,0,0,0,0,0,0,0
2025,2,"00-0040142","K.Johnson","RB","PIT",0,0,0,0,0,0,0,0,0,1,1,0,0,0,0,0,0,0,0,0
2025,2,"00-0040162","D.Sampson","RB","CLE",0,0,0,0,0,0,0,0,0,4,6,0,0,0,3,3,13,1,0,0
2025,2,"00-0040164","J.Lane","WR","WAS",0,0,0,0,0,0,0,0,0,0,0,0,0,0,1,4,2,0,0,0
2025,2,"00-0040170","E.Ayomanor","WR","TEN",0,0,0,0,0,0,0,0,0,0,0,0,0,0,4,6,56,1,0,0
2025,2,"00-0040179","D.Giddens","RB","IND",0,0,0,0,0,0,0,0,0,0,0,0,0,0,0,1,0,0,0,0
2025,2,"00-0040184","K.Lambert-Smith","WR","LAC",0,0,0,0,0,0,0,0,0,0,0,0,0,0,0,0,0,0,0,0
2025,2,"00-0040187","M.Evans","TE","CAR",0,0,0,0,0,0,0,0,0,0,0,0,0,0,1,1,9,0,0,0
2025,2,"00-0040194","J.Hawes","TE","BUF",0,0,0,0,0,0,0,0,0,0,0,0,0,0,1,1,5,0,0,0
2025,2,"00-0040198","O.Gordon","RB","MIA",0,0,0,0,0,0,0,0,0,1,8,0,0,0,1,1,5,0,0,0
2025,2,"00-0040208","T.Brooks","RB","CIN",0,0,0,0,0,0,0,0,0,0,0,0,0,0,0,0,0,0,0,0
2025,2,"00-0040236","K.Monangai","RB","CHI",0,0,0,0,0,0,0,0,0,7,28,0,0,0,1,3,8,0,0,0
2025,2,"00-0040238","L.Allen","RB","JAX",0,0,0,0,0,0,0,0,0,2,13,0,0,0,0,0,0,0,0,0
2025,2,"00-0040242","J.Croskey-Merritt","RB","WAS",0,0,0,0,0,0,0,0,0,4,17,0,0,0,0,1,0,0,0,0
2025,2,"00-0040432","B.Collins","WR","NYG",0,0,0,0,0,0,0,0,0,0,0,0,0,0,0,0,0,0,0,0
2025,2,"00-0040506","M.Price","WR","MIN",0,0,0,0,0,0,0,0,0,0,0,0,0,0,0,0,0,0,0,0
2025,2,"00-0040509","B.Yurosek","TE","MIN",0,0,0,0,0,0,0,0,0,0,0,0,0,0,0,0,0,0,0,0
2025,2,"00-0040581","D.Thornton","WR","LV",0,0,0,0,0,0,0,0,0,0,0,0,0,0,1,4,20,0,0,0
2025,2,"00-0040582","A.Smith","WR","NYJ",0,0,0,0,0,0,0,0,0,1,-10,0,0,0,1,2,8,0,0,0
2025,2,"00-0040583","W.Marks","RB","HOU",0,0,0,0,0,0,0,0,0,3,14,0,0,0,1,1,37,0,0,0
2025,2,"00-0040584","G.Helm","TE","TEN",0,0,0,0,0,0,0,0,0,0,0,0,0,0,2,2,9,0,0,0
2025,2,"00-0040644","T.Etienne","RB","CAR",0,0,0,0,0,0,0,0,0,0,0,0,0,0,1,1,2,0,0,0
2025,2,"00-0040648","T.Horton","WR","SEA",0,0,0,0,0,0,0,0,0,0,0,0,0,0,2,4,32,1,0,0
2025,2,"00-0040649","R.Ouzts","RB","SEA",0,0,0,0,0,0,0,0,0,0,0,0,0,0,0,0,0,0,0,0
2025,2,"00-0040663","H.Fannin","TE","CLE",0,0,0,0,0,0,0,0,0,0,0,0,0,0,5,5,48,0,0,0
2025,2,"00-0040666","O.Hampton","RB","LAC",0,0,0,0,0,0,0,0,0,8,24,0,0,0,1,2,1,0,0,0
2025,2,"00-0040667","M.Golden","WR","GB",0,0,0,0,0,0,0,0,0,2,15,0,0,0,0,2,0,0,0,0
2025,2,"00-0040669","I.TeSlaa","WR","DET",0,0,0,0,0,0,0,0,0,0,0,0,0,0,1,1,29,0,0,0
2025,2,"00-0040676","C.Ward","QB","TEN",19,33,175,1,0,5,-32,1,0,4,8,0,0,0,0,0,0,0,0,0
2025,2,"00-0040691","J.Dart","QB","NYG",0,0,0,0,0,0,0,0,0,1,-3,0,0,0,0,0,0,0,0,0
2025,2,"00-0040704","D.Gabriel","QB","CLE",3,3,19,1,0,0,0,0,0,0,0,0,0,0,0,0,0,0,0,0
2025,2,"00-0040705","C.Dike","WR","TEN",0,0,0,0,0,0,0,0,0,2,9,0,0,0,2,5,-1,0,0,0
2025,2,"00-0040715","C.Skattebo","RB","NYG",0,0,0,0,0,0,0,0,0,11,45,1,0,0,2,3,14,0,0,0
2025,2,"00-0040719","B.Tuten","RB","JAX",0,0,0,0,0,0,0,0,0,8,42,0,0,0,2,2,32,1,0,0
2025,2,"00-0040727","T.Harris","WR","LAC",0,0,0,0,0,0,0,0,0,0,0,0,0,0,2,3,34,0,0,0
2025,2,"00-0040730","R.Harvey","RB","DEN",0,0,0,0,0,0,0,0,0,5,8,0,0,0,1,2,16,0,0,0
2025,2,"00-0040734","T.Henderson","RB","NE",0,0,0,0,0,0,0,0,0,3,10,0,0,0,2,2,30,0,0,0
2025,2,"00-0040735","L.Burden","WR","CHI",0,0,0,0,0,0,0,0,0,0,0,0,0,0,1,2,5,0,0,0
2025,2,"00-0040736","M.Taylor","TE","NYJ",0,0,0,0,0,0,0,0,0,0,0,0,0,0,1,2,5,0,0,0
2025,2,"00-0040739","E.Arroyo","TE","SEA",0,0,0,0,0,0,0,0,0,0,0,0,0,0,2,3,31,0,0,0
2025,2,"00-0040782","I.Bond","WR","CLE",0,0,0,0,0,0,0,0,0,1,9,0,0,0,1,3,6,0,0,0
2025,2,"00-0040784","Q.Judkins","RB","CLE",0,0,0,0,0,0,0,0,0,10,61,0,0,0,3,3,10,0,0,0
2025,3,"00-0023459","A.Rodgers","QB","PIT",16,23,139,2,1,0,0,0,0,4,1,0,0,0,0,0,0,0,0,0
2025,3,"00-0026158","J.Flacco","QB","CLE",21,36,142,0,1,2,-17,0,0,0,0,0,0,0,0,0,0,0,0,0
2025,3,"00-0026498","M.Stafford","QB","LA",19,33,196,2,1,1,0,0,0,0,0,0,0,0,0,0,0,0,0,0
2025,3,"00-0027973","A.Dalton","QB","CAR",0,0,0,0,0,0,0,0,0,1,-1,0,0,0,0,0,0,0,0,0
2025,3,"00-0028118","T.Taylor","QB","NYJ",26,36,197,2,1,4,-29,1,0,8,48,0,0,0,0,0,0,0,0,0
2025,3,"00-0029263","R.Wilson","QB","NYG",18,32,160,0,2,2,-9,0,0,5,27,0,0,0,0,0,0,0,0,0
2025,3,"00-0029604","K.Cousins","QB","ATL",5,7,29,0,0,0,0,0,0,0,0,0,0,0,0,0,0,0,0,0
2025,3,"00-0030035","A.Thielen","WR","MIN",0,0,0,0,0,0,0,0,0,0,0,0,0,0,0,2,0,0,0,0
2025,3,"00-0030061","Z.Ertz","TE","WAS",0,0,0,0,0,0,0,0,0,0,0,0,0,0,3,3,38,0,0,0
2025,3,"00-0030279","K.Allen","WR","LAC",0,0,0,0,0,0,0,0,0,0,0,0,0,0,7,11,65,1,0,0
2025,3,"00-0030506","T.Kelce","TE","KC",0,0,0,0,0,0,0,0,0,0,0,0,0,0,4,7,26,0,0,0
2025,3,"00-0030564","D.Hopkins","WR","BAL",0,0,0,0,0,0,0,0,0,0,0,0,0,0,1,2,13,0,0,0
2025,3,"00-0030565","G.Smith","QB","LV",19,29,289,3,0,5,-28,0,1,2,5,0,0,0,0,0,0,0,0,0
2025,3,"00-0031236","B.Cooks","WR","NO",0,0,0,0,0,0,0,0,0,0,0,0,0,0,3,5,24,0,0,0
2025,3,"00-0031381","D.Adams","WR","LA",0,0,0,0,0,0,0,0,0,0,0,0,0,0,3,8,56,1,0,0
2025,3,"00-0031408","M.Evans","WR","TB",0,0,0,0,0,0,0,0,0,0,0,0,0,0,4,9,33,1,0,0
2025,3,"00-0031484","C.Manhertz","TE","NYG",0,0,0,0,0,0,0,0,0,0,0,0,0,0,1,1,7,0,0,0
2025,3,"00-0031588","S.Diggs","WR","NE",0,0,0,0,0,0,0,0,0,0,0,0,0,0,3,3,23,0,0,0
2025,3,"00-0031763","D.Carter","WR","CLE",0,0,0,0,0,0,0,0,0,0,0,0,0,0,0,0,0,0,0,0
2025,3,"00-0032211","T.Lockett","WR","TEN",0,0,0,0,0,0,0,0,0,0,0,0,0,0,4,4,37,0,0,0
2025,3,"00-0032268","M.Mariota","QB","WAS",15,21,207,1,0,1,-8,0,0,6,40,1,1,0,0,0,0,0,0,0
2025,3,"00-0032385","S.Shepard","WR","TB",0,0,0,0,0,0,0,0,0,0,0,0,0,0,4,5,80,0,0,0
2025,3,"00-0032392","A.Hooper","TE","NE",0,0,0,0,0,0,0,0,0,0,0,0,0,0,2,3,28,0,0,0
2025,3,"00-0032398","C.Moore","WR","WAS",0,0,0,0,0,0,0,0,0,0,0,0,0,0,2,2,25,0,0,0
2025,3,"00-0032464","K.Raymond","WR","DET",0,0,0,0,0,0,0,0,0,0,0,0,0,0,1,2,4,0,0,0
2025,3,"00-0032764","D.Henry","RB","BAL",0,1,0,0,0,0,0,0,0,12,50,1,1,0,1,1,7,0,0,0
2025,3,"00-0032950","C.Wentz","QB","MIN",14,20,173,2,0,3,-19,0,0,2,4,0,0,0,0,0,0,0,0,0
2025,3,"00-0033040","T.Hill","WR","MIA",0,0,0,0,0,0,0,0,0,0,0,0,0,0,5,10,49,1,0,0
2025,3,"00-0033077","D.Prescott","QB","DAL",31,40,251,1,2,2,-17,0,1,0,0,0,0,0,0,0,0,0,0,0
2025,3,"00-0033090","H.Henry","TE","NE",0,0,0,0,0,0,0,0,0,0,0,0,0,0,8,11,90,2,0,0
2025,3,"00-0033106","J.Goff","QB","DET",20,28,202,1,0,0,0,0,0,4,6,0,0,0,0,0,0,0,0,0
2025,3,"00-0033110","T.Higbee","TE","LA",0,0,0,0,0,0,0,0,0,0,0,0,0,0,0,2,0,0,0,0
2025,3,"00-0033246","J.Mundt","TE","JAX",0,0,0,0,0,0,0,0,0,0,0,0,0,0,1,1,7,0,0,0
2025,3,"00-0033280","C.McCaffrey","RB","SF",0,0,0,0,0,0,0,0,0,17,52,0,0,0,10,15,88,0,0,0
2025,3,"00-0033307","K.Bourne","WR","SF",0,0,0,0,0,0,0,0,0,0,0,0,0,0,4,6,38,0,0,0
2025,3,"00-0033375","T.Patrick","WR","JAX",0,0,0,0,0,0,0,0,0,0,0,0,0,0,1,1,16,0,0,0
2025,3,"00-0033526","S.Perine","RB","CIN",0,0,0,0,0,0,0,0,0,4,21,0,1,0,0,0,0,0,0,0
2025,3,"00-0033553","J.Conner","RB","ARI",0,0,0,0,0,0,0,0,0,9,22,0,0,0,3,4,15,0,0,0
2025,3,"00-0033555","M.Hollins","WR","NE",0,0,0,0,0,0,0,0,0,0,0,0,0,0,4,4,27,0,0,0
2025,3,"00-0033576","E.Saubert","TE","SEA",0,0,0,0,0,0,0,0,0,0,0,0,0,0,1,1,12,0,0,0
2025,3,"00-0033589","D.Moore","WR","CAR",0,0,0,0,0,0,0,0,0,0,0,0,0,0,1,1,5,0,0,0
2025,3,"00-0033854","D.Ogunbowale","RB","HOU",0,0,0,0,0,0,0,0,0,0,0,0,0,0,0,0,0,0,0,0
2025,3,"00-0033857","J.Smith-Schuster","WR","KC",0,0,0,0,0,0,0,0,0,0,0,0,0,0,4,4,55,0,0,0
2025,3,"00-0033858","J.Smith","TE","PIT",0,0,0,0,0,0,0,0,0,0,0,0,0,0,3,3,23,0,0,0
2025,3,"00-0033873","P.Mahomes","QB","KC",22,37,224,1,0,2,-23,0,0,5,2,0,0,0,0,0,0,0,0,0
2025,3,"00-0033885","D.Njoku","TE","CLE",0,0,0,0,0,0,0,0,0,0,0,0,0,0,5,7,40,0,0,0
2025,3,"00-0033891","Z.Jones","WR","ARI",0,0,0,0,0,0,0,0,0,0,0,0,0,0,2,3,25,0,0,0
2025,3,"00-0033906","A.Kamara","RB","NO",0,0,0,0,0,0,0,0,0,18,42,0,0,0,1,2,14,0,0,0
2025,3,"00-0033908","C.Kupp","WR","SEA",0,0,0,0,0,0,0,0,0,0,0,0,0,0,2,3,31,0,0,0
2025,3,"00-0033923","K.Hunt","RB","KC",0,0,0,0,0,0,0,0,0,10,34,1,0,0,1,1,10,0,0,0
2025,3,"00-0033955","J.McNichols","RB","WAS",0,0,0,0,0,0,0,0,0,4,78,1,0,0,0,0,0,0,0,0
2025,3,"00-0034270","T.Conklin","TE","LAC",0,0,0,0,0,0,0,0,0,0,0,0,0,0,0,2,0,0,0,0
2025,3,"00-0034272","M.Valdes-Scantling","WR","SF",0,0,0,0,0,0,0,0,0,0,0,0,0,0,1,1,9,0,0,0
2025,3,"00-0034348","C.Sutton","WR","DEN",0,0,0,0,0,0,0,0,0,0,0,0,0,0,6,8,118,1,0,0
2025,3,"00-0034351","D.Goedert","TE","PHI",0,0,0,0,0,0,0,0,0,0,0,0,0,0,1,2,33,1,0,0
2025,3,"00-0034383","D.Schultz","TE","HOU",0,0,0,0,0,0,0,0,0,0,0,0,0,0,5,6,39,0,0,0
2025,3,"00-0034407","R.McCloud","WR","ATL",0,0,0,0,0,0,0,0,0,0,0,0,0,0,2,5,20,0,0,0
2025,3,"00-0034521","A.Lazard","WR","NYJ",0,0,0,0,0,0,0,0,0,0,0,0,0,0,2,3,13,1,0,0
2025,3,"00-0034753","M.Andrews","TE","BAL",0,0,0,0,0,0,0,0,0,0,0,0,0,0,6,6,91,2,0,0
2025,3,"00-0034775","C.Kirk","WR","HOU",0,0,0,0,0,0,0,0,0,0,0,0,0,0,3,8,25,0,0,0
2025,3,"00-0034791","N.Chubb","RB","HOU",0,0,0,0,0,0,0,0,0,9,38,0,0,0,3,4,2,0,0,0
2025,3,"00-0034796","L.Jackson","QB","BAL",21,27,288,3,0,7,-55,0,0,7,35,0,0,0,0,0,0,0,0,0
2025,3,"00-0034827","D.Moore","WR","CHI",0,0,0,0,0,0,0,0,0,3,7,0,0,0,4,5,21,1,0,0
2025,3,"00-0034829","M.Gesicki","TE","CIN",0,0,0,0,0,0,0,0,0,0,0,0,0,0,1,3,6,0,0,0
2025,3,"00-0034837","C.Ridley","WR","TEN",0,0,0,0,0,0,0,0,0,0,0,0,0,0,1,7,27,0,0,0
2025,3,"00-0034844","S.Barkley","RB","PHI",0,0,0,0,0,0,0,0,0,18,46,0,0,0,4,5,9,0,0,0
2025,3,"00-0034855","B.Mayfield","QB","TB",19,29,233,1,0,1,-8,0,0,4,44,0,0,0,0,0,0,0,0,0
2025,3,"00-0034857","J.Allen","QB","BUF",22,28,213,3,0,2,-10,0,0,4,25,0,0,0,0,0,0,0,0,0
2025,3,"00-0034869","S.Darnold","QB","SEA",14,18,218,2,0,0,0,0,0,0,0,0,0,0,0,0,0,0,0,0
2025,3,"00-0034955","B.Rypien","QB","CIN",0,0,0,0,0,1,-2,0,0,0,0,0,0,0,0,0,0,0,0,0
2025,3,"00-0034960","J.Meyers","WR","LV",0,0,0,0,0,0,0,0,0,0,0,0,0,0,3,4,63,0,0,0
2025,3,"00-0034975","J.Hill","RB","BAL",0,0,0,0,0,0,0,0,0,0,0,0,0,0,3,4,45,0,0,0
2025,3,"00-0034983","H.Renfrow","WR","CAR",0,0,0,0,0,0,0,0,0,0,0,0,0,0,2,4,6,0,0,0
2025,3,"00-0035021","A.Dulin","WR","IND",0,0,0,0,0,0,0,0,0,0,0,0,0,0,0,0,0,0,0,0
2025,3,"00-0035100","J.Browning","QB","CIN",19,27,140,1,2,3,-20,0,0,1,3,0,0,0,0,0,0,0,0,0
2025,3,"00-0035208","O.Zaccheaus","WR","CHI",0,0,0,0,0,0,0,0,0,1,12,0,0,0,3,4,24,0,0,0
2025,3,"00-0035228","K.Murray","QB","ARI",22,35,159,1,0,1,-5,0,0,6,37,0,0,0,0,0,0,0,0,0
2025,3,"00-0035229","T.Hockenson","TE","MIN",0,0,0,0,0,0,0,0,0,0,0,0,0,0,5,6,49,1,0,0
2025,3,"00-0035243","M.Sanders","RB","DAL",0,0,0,0,0,0,0,0,0,9,41,0,0,0,3,3,12,0,0,0
2025,3,"00-0035249","J.Oliver","TE","MIN",0,0,0,0,0,0,0,0,0,0,0,0,0,0,1,1,12,1,0,0
2025,3,"00-0035250","D.Singletary","RB","NYG",0,0,0,0,0,0,0,0,0,4,11,0,0,0,0,0,0,0,0,0
2025,3,"00-0035261","T.Pollard","RB","TEN",0,0,0,0,0,0,0,0,0,16,45,1,0,0,2,4,14,0,0,0
2025,3,"00-0035359","D.Sills","WR","ATL",0,0,0,0,0,0,0,0,0,0,0,0,0,0,1,2,9,0,0,0
2025,3,"00-0035500","G.Dortch","WR","ARI",0,0,0,0,0,0,0,0,0,1,5,0,0,0,2,2,3,0,0,0
2025,3,"00-0035535","D.Slayton","WR","NYG",0,0,0,0,0,0,0,0,0,0,0,0,0,0,4,4,30,0,0,0
2025,3,"00-0035537","Ty.Johnson","RB","BUF",0,0,0,0,0,0,0,0,0,3,13,0,0,0,1,2,8,0,0,0
2025,3,"00-0035631","D.Sample","TE","CIN",0,0,0,0,0,0,0,0,0,0,0,0,0,0,2,3,20,1,0,0
2025,3,"00-0035640","D.Metcalf","WR","PIT",0,0,0,0,0,0,0,0,0,0,0,0,0,0,3,4,32,1,0,0
2025,3,"00-0035644","N.Fant","TE","CIN",0,0,0,0,0,0,0,0,0,0,0,0,0,0,5,5,26,0,1,0
2025,3,"00-0035645","G.Olszewski","WR","NYG",0,0,0,0,0,0,0,0,0,0,0,0,0,0,0,0,0,0,0,0
2025,3,"00-0035659","T.McLaurin","WR","WAS",0,0,0,0,0,0,0,0,0,0,0,0,0,0,3,4,74,0,0,0
2025,3,"00-0035662","M.Brown","WR","KC",0,0,0,0,0,0,0,0,0,0,0,0,0,0,4,6,42,0,0,0
2025,3,"00-0035676","A.Brown","WR","PHI",0,0,0,0,0,0,0,0,0,0,0,0,0,0,6,10,109,1,0,0
2025,3,"00-0035685","D.Montgomery","RB","DET",0,0,0,0,0,0,0,0,0,12,151,2,0,0,1,1,13,0,0,0
2025,3,"00-0035700","J.Jacobs","RB","GB",0,0,0,0,0,0,0,0,0,16,30,0,0,0,5,9,44,0,0,0
2025,3,"00-0035704","D.Lock","QB","SEA",2,3,15,0,0,0,0,0,0,1,-1,0,0,0,0,0,0,0,0,0
2025,3,"00-0035710","D.Jones","QB","IND",18,25,228,1,0,0,0,0,0,4,27,0,0,0,0,0,0,0,0,0
2025,3,"00-0035719","D.Samuel","WR","WAS",0,0,0,0,0,0,0,0,0,3,18,0,0,0,2,3,11,0,0,0
2025,3,"00-0035726","J.Johnson","RB","HOU",0,0,0,0,0,0,0,0,0,0,0,0,0,0,0,0,0,0,0,0
2025,3,"00-0036040","J.Johnson","TE","NO",0,0,0,0,0,0,0,0,0,0,0,0,0,0,6,8,51,0,0,0
2025,3,"00-0036139","R.Dowdle","RB","CAR",0,0,0,0,0,0,0,0,0,10,30,1,0,0,1,1,8,0,0,0
2025,3,"00-0036158","J.Dobbins","RB","DEN",0,0,0,0,0,0,0,0,0,11,83,1,0,0,1,2,0,0,0,0
2025,3,"00-0036182","N.Westbrook-Ikhine","WR","MIA",0,0,0,0,0,0,0,0,0,0,0,0,0,0,0,0,0,0,0,0
2025,3,"00-0036212","T.Tagovailoa","QB","MIA",22,34,146,2,1,0,0,0,0,2,10,0,0,0,0,0,0,0,0,0
2025,3,"00-0036223","J.Taylor","RB","IND",0,0,0,0,0,0,0,0,0,17,102,3,0,0,3,4,16,0,0,0
2025,3,"00-0036252","M.Pittman","WR","IND",0,0,0,0,0,0,0,0,0,0,0,0,0,0,6,6,73,1,0,0
2025,3,"00-0036264","J.Love","QB","GB",18,25,183,1,1,5,-34,0,0,4,18,0,0,0,0,0,0,0,0,0
2025,3,"00-0036275","D.Swift","RB","CHI",0,0,0,0,0,0,0,0,0,13,33,0,0,0,3,4,45,0,0,0
2025,3,"00-0036290","C.Kmet","TE","CHI",0,0,0,0,0,0,0,0,0,0,0,0,0,0,1,1,10,1,0,0
2025,3,"00-0036309","D.Mooney","WR","ATL",0,0,0,0,0,0,0,0,0,0,0,0,0,0,4,11,44,0,0,0
2025,3,"00-0036322","J.Jefferson","WR","MIN",0,0,0,0,0,0,0,0,0,0,0,0,0,0,5,7,75,0,0,0
2025,3,"00-0036328","A.Gibson","RB","NE",0,0,0,0,0,0,0,0,0,7,28,0,1,0,0,0,0,0,0,0
2025,3,"00-0036331","D.Duvernay","WR","CHI",0,0,0,0,0,0,0,0,0,0,0,0,0,0,0,0,0,0,0,0
2025,3,"00-0036355","J.Herbert","QB","LAC",28,47,300,1,1,5,-30,0,0,2,6,0,0,0,0,0,0,0,0,0
2025,3,"00-0036389","J.Hurts","QB","PHI",21,32,226,3,0,4,-24,1,0,9,40,1,0,0,0,0,0,0,0,0
2025,3,"00-0036407","J.Jeudy","WR","CLE",0,0,0,0,0,0,0,0,0,0,0,0,0,0,1,5,17,0,0,0
2025,3,"00-0036410","T.Higgins","WR","CIN",0,0,0,0,0,0,0,0,0,0,0,0,0,0,1,2,15,0,0,0
2025,3,"00-0036414","C.Akers","RB","MIN",0,0,0,0,0,0,0,0,0,5,19,0,0,0,0,1,0,0,0,0
2025,3,"00-0036415","V.Jefferson","WR","TEN",0,0,0,0,0,0,0,0,0,0,0,0,0,0,1,1,8,0,0,0
2025,3,"00-0036422","A.Trautman","TE","DEN",0,0,0,0,0,0,0,0,0,0,0,0,0,0,0,0,0,0,0,0
2025,3,"00-0036427","T.Johnson","WR","NYJ",0,0,0,0,0,0,0,0,0,0,0,0,0,0,2,3,32,0,0,0
2025,3,"00-0036429","C.Woerner","TE","ATL",0,0,0,0,0,0,0,0,0,0,0,0,0,0,1,1,-5,0,0,0
2025,3,"00-0036550","R.Bateman","WR","BAL",0,0,0,0,0,0,0,0,0,0,0,0,0,0,5,7,63,1,0,0
2025,3,"00-0036554","N.Collins","WR","HOU",0,0,0,0,0,0,0,0,0,0,0,0,0,0,8,11,104,1,1,0
2025,3,"00-0036555","C.Hubbard","RB","CAR",0,0,0,0,0,0,0,0,0,17,73,0,0,0,2,3,3,0,0,0
2025,3,"00-0036613","J.Waddle","WR","MIA",0,0,0,0,0,0,0,0,0,0,0,0,0,0,5,6,39,1,0,0
2025,3,"00-0036620","D.Eskridge","WR","MIA",0,0,0,0,0,0,0,0,0,0,0,0,0,0,0,0,0,0,0,0
2025,3,"00-0036626","D.Brown","WR","JAX",0,0,0,0,0,0,0,0,0,0,0,0,0,0,2,3,7,0,0,0
2025,3,"00-0036630","T.Wallace","WR","BAL",0,0,0,0,0,0,0,0,0,0,0,0,0,0,0,1,0,0,0,0
2025,3,"00-0036637","N.Gray","TE","KC",0,0,0,0,0,0,0,0,0,0,0,0,0,0,3,6,17,0,0,0
2025,3,"00-0036646","S.Fehoko","WR","ARI",0,0,0,0,0,0,0,0,0,0,0,0,0,0,0,0,0,0,0,0
2025,3,"00-0036741","J.Stoll","TE","NO",0,0,0,0,0,0,0,0,0,0,0,0,0,0,2,3,21,1,0,0
2025,3,"00-0036849","T.Atwell","WR","LA",0,0,0,0,0,0,0,0,0,0,0,0,0,0,0,1,0,0,0,0
2025,3,"00-0036862","B.Skowronek","WR","PIT",0,0,0,0,0,0,0,0,0,0,0,0,0,0,0,0,0,0,0,0
2025,3,"00-0036875","R.Stevenson","RB","NE",0,0,0,0,0,0,0,0,0,4,18,0,2,0,3,3,38,0,0,0
2025,3,"00-0036876","K.Granson","TE","PHI",0,0,0,0,0,0,0,0,0,0,0,0,0,0,0,0,0,0,0,0
2025,3,"00-0036893","N.Harris","RB","LAC",0,0,0,0,0,0,0,0,0,6,28,0,0,0,0,0,0,0,0,0
2025,3,"00-0036894","P.Freiermuth","TE","PIT",0,0,0,0,0,0,0,0,0,0,0,0,0,0,1,3,6,0,0,0
2025,3,"00-0036900","J.Chase","WR","CIN",0,0,0,0,0,0,0,0,0,1,9,0,0,0,5,6,50,0,1,0
2025,3,"00-0036912","D.Smith","WR","PHI",0,0,0,0,0,0,0,0,0,0,0,0,0,0,8,9,60,1,0,0
2025,3,"00-0036919","K.Gainwell","RB","PIT",0,0,0,0,0,0,0,0,0,4,16,1,0,0,1,1,10,0,0,0
2025,3,"00-0036963","A.St. Brown","WR","DET",0,0,0,0,0,0,0,0,0,0,0,0,0,0,7,8,77,1,0,0
2025,3,"00-0036970","K.Pitts","TE","ATL",0,0,0,0,0,0,0,0,0,0,0,0,0,0,4,6,39,0,0,0
2025,3,"00-0036971","T.Lawrence","QB","JAX",20,40,222,0,1,2,-17,0,0,2,9,0,0,0,0,0,0,0,0,0
2025,3,"00-0036972","M.Jones","QB","SF",27,41,284,1,1,1,-2,0,0,1,-1,0,0,0,0,0,0,0,0,0
2025,3,"00-0036973","T.Etienne","RB","JAX",0,0,0,0,0,0,0,0,0,16,56,1,0,0,0,2,0,0,0,0
2025,3,"00-0036980","E.Moore","WR","BUF",0,0,0,0,0,0,0,0,0,1,11,0,0,0,2,3,30,0,0,0
2025,3,"00-0036988","J.Palmer","WR","BUF",0,0,0,0,0,0,0,0,0,0,0,0,0,0,1,1,5,0,0,0
2025,3,"00-0036997","J.Williams","RB","DAL",0,0,0,0,0,0,0,0,0,10,76,0,1,0,5,5,16,0,0,0
2025,3,"00-0037004","H.Long","TE","JAX",0,0,0,0,0,0,0,0,0,0,0,0,0,0,2,3,12,0,0,0
2025,3,"00-0037005","T.Tremble","TE","CAR",0,0,0,0,0,0,0,0,0,0,0,0,0,0,2,2,16,0,0,0
2025,3,"00-0037085","T.Badie","RB","DEN",0,0,0,0,0,0,0,0,0,0,0,0,0,0,0,0,0,0,0,0
2025,3,"00-0037086","G.Calcaterra","TE","PHI",0,0,0,0,0,0,0,0,0,0,0,0,0,0,0,0,0,0,0,0
2025,3,"00-0037093","D.Young","WR","SEA",0,0,0,0,0,0,0,0,0,0,0,0,0,0,1,1,12,0,0,0
2025,3,"00-0037112","J.Tonges","TE","SF",0,0,0,0,0,0,0,0,0,0,0,0,0,0,2,3,21,0,0,0
2025,3,"00-0037120","T.Goodson","RB","IND",0,0,0,0,0,0,0,0,0,2,6,0,0,0,0,0,0,0,0,0
2025,3,"00-0037197","I.Pacheco","RB","KC",0,0,0,0,0,0,0,0,0,10,45,0,0,0,1,1,3,0,0,0
2025,3,"00-0037228","J.Warren","RB","PIT",0,0,0,0,0,0,0,0,0,18,47,0,0,0,5,6,34,0,0,0
2025,3,"00-0037231","K.Austin","WR","NO",0,0,0,0,0,0,0,0,0,0,0,0,0,0,0,1,0,0,0,0
2025,3,"00-0037238","D.London","WR","ATL",0,0,0,0,0,0,0,0,0,0,0,0,0,0,5,8,55,0,0,0
2025,3,"00-0037239","C.Olave","WR","NO",0,0,0,0,0,0,0,0,0,0,0,0,0,0,10,14,57,0,0,0
2025,3,"00-0037240","J.Williams","WR","DET",0,0,0,0,0,0,0,0,0,0,0,0,0,0,2,3,43,0,0,0
2025,3,"00-0037247","G.Pickens","WR","DAL",0,0,0,0,0,0,0,0,0,0,0,0,0,0,5,9,68,1,0,0
2025,3,"00-0037248","J.Cook","RB","BUF",0,0,0,0,0,0,0,0,0,19,108,1,0,0,3,3,10,0,0,0
2025,3,"00-0037256","R.White","RB","TB",0,0,0,0,0,0,0,0,0,5,12,0,0,0,1,1,2,0,0,0
2025,3,"00-0037261","K.Shakir","WR","BUF",0,0,0,0,0,0,0,0,0,0,0,0,0,0,4,4,45,1,0,0
2025,3,"00-0037263","T.Allgeier","RB","ATL",0,0,0,0,0,0,0,0,0,1,4,0,0,0,1,2,0,0,0,0
2025,3,"00-0037267","J.Ford","RB","CLE",0,0,0,0,0,0,0,0,0,0,0,0,0,0,4,4,10,0,0,0
2025,3,"00-0037291","J.Nailor","WR","MIN",0,0,0,0,0,0,0,0,0,0,0,0,0,0,3,5,37,0,0,0
2025,3,"00-0037306","J.FitzPatrick","TE","GB",0,0,0,0,0,0,0,0,0,0,0,0,0,0,2,2,12,1,0,0
2025,3,"00-0037311","K.Kieft","TE","TB",0,0,0,0,0,0,0,0,0,0,0,0,0,0,0,0,0,0,0,0
2025,3,"00-0037348","T.Conner","TE","MIA",0,0,0,0,0,0,0,0,0,0,0,0,0,0,1,2,13,0,0,0
2025,3,"00-0037380","K.Davis","WR","CLE",0,0,0,0,0,0,0,0,0,0,0,0,0,0,0,0,0,0,0,0
2025,3,"00-0037525","J.Mason","RB","MIN",0,0,0,0,0,0,0,0,0,16,116,2,0,0,0,0,0,0,0,0
2025,3,"00-0037539","L.Krull","TE","DEN",0,0,0,0,0,0,0,0,0,0,0,0,0,0,1,2,9,0,0,0
2025,3,"00-0037545","R.Shaheed","WR","NO",0,0,0,0,0,0,0,0,0,0,0,0,0,0,4,6,42,0,0,0
2025,3,"00-0037594","J.Chestnut","RB","TEN",0,0,0,0,0,0,0,0,0,2,26,0,0,0,0,0,0,0,0,0
2025,3,"00-0037614","J.Metchie","WR","PHI",0,0,0,0,0,0,0,0,0,0,0,0,0,0,1,1,8,0,0,0
2025,3,"00-0037617","H.Haskins","RB","LAC",0,0,0,0,0,0,0,0,0,0,0,0,0,0,0,0,0,0,0,0
2025,3,"00-0037654","T.Fisk","TE","LAC",0,0,0,0,0,0,0,0,0,0,0,0,0,0,0,1,0,0,0,0
2025,3,"00-0037664","A.Pierce","WR","IND",0,0,0,0,0,0,0,0,0,0,0,0,0,0,4,5,67,0,0,0
2025,3,"00-0037666","J.Tolbert","WR","DAL",0,0,0,0,0,0,0,0,0,0,0,0,0,0,3,6,24,0,0,1
2025,3,"00-0037740","G.Wilson","WR","NYJ",0,0,0,0,0,0,0,0,0,0,0,0,0,0,10,13,84,1,0,0
2025,3,"00-0037741","J.Dotson","WR","PHI",0,0,0,0,0,0,0,0,0,0,0,0,0,0,1,3,7,0,0,0
2025,3,"00-0037744","T.McBride","TE","ARI",0,0,0,0,0,0,0,0,0,0,0,0,0,0,5,8,43,1,0,0
2025,3,"00-0037745","V.Jones","WR","NO",0,0,0,0,0,0,0,0,0,0,0,0,0,0,0,0,0,0,0,0
2025,3,"00-0037746","B.Robinson","RB","SF",0,0,0,0,0,0,0,0,0,2,22,0,0,0,0,0,0,0,0,0
2025,3,"00-0037801","K.Turpin","WR","DAL",0,0,0,0,0,0,0,0,0,1,4,0,0,0,2,3,64,0,0,0
2025,3,"00-0037809","C.Okonkwo","TE","TEN",0,0,0,0,0,0,0,0,0,0,0,0,0,0,5,6,66,0,0,0
2025,3,"00-0037816","R.Doubs","WR","GB",0,0,0,0,0,0,0,0,0,0,0,0,0,0,2,2,25,0,0,0
2025,3,"00-0037837","C.Austin","WR","PIT",0,0,0,0,0,0,0,0,0,0,0,0,0,0,3,5,34,1,0,0
2025,3,"00-0037840","K.Williams","RB","LA",0,0,0,0,0,0,0,0,0,20,94,0,0,0,2,3,18,1,0,0
2025,3,"00-0038040","Z.White","RB","LV",0,0,0,0,0,0,0,0,0,5,19,0,0,0,1,2,4,0,0,0
2025,3,"00-0038041","J.Ferguson","TE","DAL",0,0,0,0,0,0,0,0,0,0,0,0,0,0,13,14,82,0,0,0
2025,3,"00-0038046","C.Kolar","TE","BAL",0,0,0,0,0,0,0,0,0,0,0,0,0,0,2,3,22,0,0,0
2025,3,"00-0038090","S.Moore","WR","SF",0,0,0,0,0,0,0,0,0,0,0,0,0,0,1,1,10,0,0,0
2025,3,"00-0038104","T.Thornton","WR","KC",0,0,0,0,0,0,0,0,0,0,0,0,0,0,5,9,71,1,0,0
2025,3,"00-0038115","D.Bellinger","TE","NYG",0,0,0,0,0,0,0,0,0,0,0,0,0,0,1,1,6,0,0,0
2025,3,"00-0038117","W.Robinson","WR","NYG",0,0,0,0,0,0,0,0,0,0,0,0,0,0,1,4,26,0,0,0
2025,3,"00-0038120","B.Hall","RB","NYJ",0,0,0,0,0,0,0,0,0,9,21,0,0,0,4,6,31,0,0,0
2025,3,"00-0038134","K.Walker","RB","SEA",0,0,0,0,0,0,0,0,0,16,38,2,0,0,1,1,12,0,0,0
2025,3,"00-0038359","X.Smith","WR","LA",0,0,0,0,0,0,0,0,0,0,0,0,0,0,0,0,0,0,0,0
2025,3,"00-0038393","D.Wicks","WR","GB",0,0,0,0,0,0,0,0,0,0,0,0,0,0,2,4,21,0,0,0
2025,3,"00-0038440","Z.Scott","RB","MIN",0,0,0,0,0,0,0,0,0,8,30,0,0,0,1,1,20,0,0,0
2025,3,"00-0038465","M.Heath","WR","GB",0,0,0,0,0,0,0,0,0,0,0,0,0,0,0,0,0,0,0,0
2025,3,"00-0038488","B.Russell","RB","SEA",0,0,0,0,0,0,0,0,0,0,0,0,0,0,0,0,0,0,0,0
2025,3,"00-0038519","N.Remigio","WR","KC",0,0,0,0,0,0,0,0,0,1,11,0,0,0,0,0,0,0,0,0
2025,3,"00-0038542","B.Robinson","RB","ATL",0,0,0,0,0,0,0,0,0,13,72,0,0,0,5,6,39,0,0,0
2025,3,"00-0038543","J.Smith-Njigba","WR","SEA",0,0,0,0,0,0,0,0,0,0,0,0,0,0,5,6,96,1,0,0
2025,3,"00-0038544","Q.Johnston","WR","LAC",0,0,0,0,0,0,0,0,0,0,0,0,0,0,6,9,89,0,0,0
2025,3,"00-0038547","L.Schoonmaker","TE","DAL",0,0,0,0,0,0,0,0,0,0,0,0,0,0,1,1,5,0,0,0
2025,3,"00-0038551","K.Miller","RB","NO",0,0,0,0,0,0,0,0,0,7,27,0,0,0,2,2,9,0,0,0
2025,3,"00-0038555","T.Bigsby","RB","PHI",0,0,0,0,0,0,0,0,0,0,0,0,0,0,0,0,0,0,0,0
2025,3,"00-0038559","Mi.Wilson","WR","ARI",0,0,0,0,0,0,0,0,0,0,0,0,0,0,1,2,5,0,0,0
2025,3,"00-0038563","T.Tucker","WR","LV",0,0,0,0,0,0,0,0,0,1,4,0,0,0,8,9,145,3,0,0
2025,3,"00-0038573","D.Davis","WR","LAC",0,0,0,0,0,0,0,0,0,1,2,0,0,0,0,0,0,0,0,0
2025,3,"00-0038576","C.Jones","WR","CIN",0,0,0,0,0,0,0,0,0,0,0,0,0,0,0,0,0,0,0,0
2025,3,"00-0038597","C.Brown","RB","CIN",0,0,0,0,0,0,0,0,0,10,3,0,0,0,4,5,17,0,0,0
2025,3,"00-0038606","P.Washington","WR","JAX",0,0,0,0,0,0,0,0,0,0,0,0,0,0,4,11,34,0,0,0
2025,3,"00-0038608","K.Boutte","WR","NE",0,0,0,0,0,0,0,0,0,0,0,0,0,0,2,3,28,0,0,0
2025,3,"00-0038611","C.Rodriguez","RB","WAS",0,0,0,0,0,0,0,0,0,11,39,0,0,0,0,0,0,0,0,0
2025,3,"00-0038618","X.Hutchinson","WR","HOU",0,0,0,0,0,0,0,0,0,0,0,0,0,0,3,3,16,0,0,0
2025,3,"00-0038621","D.Douglas","WR","NE",0,0,0,0,0,0,0,0,0,0,0,0,0,0,2,5,7,0,0,0
2025,3,"00-0038643","B.Willis","TE","SF",0,0,0,0,0,0,0,0,0,0,0,0,0,0,0,0,0,0,0,0
2025,3,"00-0038679","T.Shavers","WR","BUF",0,0,0,0,0,0,0,0,0,0,0,0,0,0,2,2,24,0,0,0
2025,3,"00-0038685","C.Brooks","RB","GB",0,0,0,0,0,0,0,0,0,0,0,0,0,0,0,0,0,0,0,0
2025,3,"00-0038705","E.Demercado","RB","ARI",0,0,0,0,0,0,0,0,0,2,0,0,0,0,0,1,0,0,0,0
2025,3,"00-0038710","B.Whiteheart","TE","CLE",0,0,0,0,0,0,0,0,0,0,0,0,0,0,0,0,0,0,0,0
2025,3,"00-0038720","J.Hill","TE","MIA",0,0,0,0,0,0,0,0,0,0,0,0,0,0,1,1,4,0,0,0
2025,3,"00-0038797","E.Wilson","RB","GB",0,0,0,0,0,0,0,0,0,6,25,0,0,0,0,0,0,0,0,0
2025,3,"00-0038824","R.Miller","WR","TB",0,0,0,0,0,0,0,0,0,0,0,0,0,0,0,1,0,0,0,0
2025,3,"00-0038839","M.Tinsley","WR","CIN",0,0,0,0,0,0,0,0,0,0,0,0,0,0,0,1,0,0,0,0
2025,3,"00-0038840","B.Tremayne","WR","CAR",0,0,0,0,0,0,0,0,0,0,0,0,0,0,2,2,15,0,0,0
2025,3,"00-0038896","J.Saylors","RB","DET",0,0,0,0,0,0,0,0,0,0,0,0,0,0,0,0,0,0,0,0
2025,3,"00-0038933","D.Kincaid","TE","BUF",0,0,0,0,0,0,0,0,0,0,0,0,0,0,5,6,66,1,0,0
2025,3,"00-0038935","B.Strange","TE","JAX",0,0,0,0,0,0,0,0,0,0,0,0,0,0,6,7,61,0,0,0
2025,3,"00-0038951","S.Tucker","RB","TB",0,0,0,0,0,0,0,0,0,0,0,0,0,0,0,0,0,0,0,0
2025,3,"00-0038976","M.Mims","WR","DEN",0,0,0,0,0,0,0,0,0,0,0,0,0,0,1,4,4,0,0,0
2025,3,"00-0038979","C.Tillman","WR","CLE",0,0,0,0,0,0,0,0,0,0,0,0,0,0,3,3,26,0,0,0
2025,3,"00-0038996","T.Kraft","TE","GB",0,0,0,0,0,0,0,0,0,0,0,0,0,0,3,4,29,0,0,0
2025,3,"00-0038997","J.Downs","WR","IND",0,0,0,0,0,0,0,0,0,0,0,0,0,0,2,3,34,0,0,0
2025,3,"00-0039021","R.Johnson","RB","CHI",0,0,0,0,0,0,0,0,0,0,0,0,0,0,0,0,0,0,0,0
2025,3,"00-0039040","D.Achane","RB","MIA",0,0,0,0,0,0,0,0,0,12,62,0,0,0,7,9,29,0,0,0
2025,3,"00-0039041","E.Higgins","TE","ARI",0,0,0,0,0,0,0,0,0,0,0,0,0,0,1,1,7,0,0,0
2025,3,"00-0039064","Z.Flowers","WR","BAL",0,0,0,0,0,0,0,0,0,0,0,0,0,0,2,3,13,0,0,0
2025,3,"00-0039065","S.LaPorta","TE","DET",0,0,0,0,0,0,0,0,0,0,0,0,0,0,4,4,33,0,0,0
2025,3,"00-0039066","M.Mayer","TE","LV",0,0,0,0,0,0,0,0,0,0,0,0,0,0,0,1,0,0,0,0
2025,3,"00-0039074","D.Allen","TE","LA",0,0,0,0,0,0,0,0,0,0,0,0,0,0,1,1,3,0,0,0
2025,3,"00-0039075","P.Nacua","WR","LA",0,0,0,0,0,0,0,0,0,1,6,0,0,0,11,15,112,0,0,0
2025,3,"00-0039139","J.Gibbs","RB","DET",0,0,0,0,0,0,0,0,0,22,67,2,0,0,5,6,32,0,0,0
2025,3,"00-0039150","B.Young","QB","CAR",16,24,121,0,0,1,-7,0,0,2,8,1,0,0,0,0,0,0,0,0
2025,3,"00-0039163","C.Stroud","QB","HOU",25,38,204,1,2,2,-20,0,0,4,22,0,0,0,0,0,0,0,0,0
2025,3,"00-0039164","A.Richardson","QB","IND",0,0,0,0,0,0,0,0,0,4,-1,0,0,0,0,0,0,0,0,0
2025,3,"00-0039299","G.Holani","RB","SEA",0,0,0,0,0,0,0,0,0,10,27,0,1,0,2,2,15,0,0,0
2025,3,"00-0039337","M.Nabers","WR","NYG",0,0,0,0,0,0,0,0,0,0,0,0,0,0,2,7,13,0,0,0
2025,3,"00-0039338","B.Bowers","TE","LV",0,0,0,0,0,0,0,0,0,0,0,0,0,0,4,5,38,0,0,1
2025,3,"00-0039355","L.McCaffrey","WR","WAS",0,0,0,0,0,0,0,0,0,0,0,0,0,0,3,3,56,1,0,0
2025,3,"00-0039356","J.Sanders","TE","CAR",0,0,0,0,0,0,0,0,0,0,0,0,0,0,2,2,11,0,0,0
2025,3,"00-0039361","B.Irving","RB","TB",0,0,0,0,0,0,0,0,0,25,66,0,0,0,4,4,33,0,0,0
2025,3,"00-0039363","I.Guerendo","RB","SF",0,0,0,0,0,0,0,0,0,0,0,0,0,0,0,0,0,0,0,0
2025,3,"00-0039364","S.Vaki","RB","DET",0,0,0,0,0,0,0,0,0,0,0,0,0,0,0,0,0,0,0,0
2025,3,"00-0039376","S.Rattler","QB","NO",28,39,218,1,1,2,-13,0,0,2,10,0,0,0,0,0,0,0,0,0
2025,3,"00-0039379","J.Thrash","WR","CLE",0,0,0,0,0,0,0,0,0,0,0,0,0,0,2,3,7,0,0,0
2025,3,"00-0039384","T.Tracy","RB","NYG",0,0,0,0,0,0,0,0,0,7,29,0,0,0,2,3,7,0,0,0
2025,3,"00-0039398","J.Milton","QB","DAL",3,5,41,0,1,0,0,0,0,0,0,0,0,0,0,0,0,0,0,0
2025,3,"00-0039407","D.Laube","RB","LV",0,0,0,0,0,0,0,0,0,3,2,0,0,0,0,1,0,0,0,0
2025,3,"00-0039410","R.Flournoy","WR","DAL",0,0,0,0,0,0,0,0,0,0,0,0,0,0,2,3,21,0,0,0
2025,3,"00-0039451","I.Williams","WR","NYJ",0,0,0,0,0,0,0,0,0,0,0,0,0,0,0,0,0,0,0,0
2025,3,"00-0039530","B.Spann-Ford","TE","DAL",0,0,0,0,0,0,0,0,0,0,0,0,0,0,0,0,0,0,0,0
2025,3,"00-0039589","K.Johnson","WR","TB",0,0,0,0,0,0,0,0,0,0,0,0,0,0,0,0,0,0,0,0
2025,3,"00-0039631","C.Grandy","TE","CIN",0,0,0,0,0,0,0,0,0,0,0,0,0,0,1,1,6,0,0,0
2025,3,"00-0039686","C.Yankoff","TE","WAS",0,0,0,0,0,0,0,0,0,0,0,0,0,0,0,0,0,0,0,0
2025,3,"00-0039732","B.Nix","QB","DEN",14,25,153,1,0,2,-6,0,0,8,33,0,0,0,0,0,0,0,0,0
2025,3,"00-0039737","T.Reiman","TE","ARI",0,0,0,0,0,0,0,0,0,0,0,0,0,0,2,3,8,0,0,0
2025,3,"00-0039738","B.Corum","RB","LA",0,0,0,0,0,0,0,0,0,8,53,0,0,0,0,0,0,0,0,0
2025,3,"00-0039751","J.Whittington","WR","LA",0,0,0,0,0,0,0,0,0,2,7,0,0,0,2,3,7,0,0,0
2025,3,"00-0039792","D.Walker","WR","BAL",0,0,0,0,0,0,0,0,0,0,0,0,0,0,1,1,34,0,0,0
2025,3,"00-0039793","A.Barner","TE","SEA",0,0,0,0,0,0,0,0,0,0,0,0,0,0,1,1,23,0,0,0
2025,3,"00-0039794","B.Allen","RB","NYJ",0,0,0,0,0,0,0,0,0,6,30,0,0,0,2,2,17,0,0,0
2025,3,"00-0039796","R.Ali","RB","BAL",0,0,0,0,0,0,0,0,0,0,0,0,0,0,0,0,0,0,0,0
2025,3,"00-0039798","I.Davis","RB","NYJ",0,0,0,0,0,0,0,0,0,0,0,0,0,0,0,0,0,0,0,0
2025,3,"00-0039816","A.Gould","WR","IND",0,0,0,0,0,0,0,0,0,0,0,0,0,0,0,0,0,0,0,0
2025,3,"00-0039847","T.Johnson","TE","NYG",0,0,0,0,0,0,0,0,0,0,0,0,0,0,1,2,10,0,0,0
2025,3,"00-0039849","M.Harrison","WR","ARI",0,0,0,0,0,0,0,0,0,0,0,0,0,0,3,6,44,0,0,0
2025,3,"00-0039851","D.Maye","QB","NE",28,37,268,2,1,5,-18,1,0,7,45,0,0,0,0,0,0,0,0,0
2025,3,"00-0039868","T.Franklin","WR","DEN",0,0,0,0,0,0,0,0,0,0,0,0,0,0,2,4,8,0,0,0
2025,3,"00-0039875","R.Davis","RB","BUF",0,0,0,0,0,0,0,0,0,0,0,0,0,0,0,1,0,0,0,0
2025,3,"00-0039880","M.Washington","WR","MIA",0,0,0,0,0,0,0,0,0,2,20,0,0,0,3,5,12,0,0,0
2025,3,"00-0039890","A.Mitchell","WR","IND",0,0,0,0,0,0,0,0,0,0,0,0,0,0,0,2,0,0,0,0
2025,3,"00-0039893","B.Thomas","WR","JAX",0,0,0,0,0,0,0,0,0,0,0,0,0,0,2,6,55,0,0,0
2025,3,"00-0039901","K.Coleman","WR","BUF",0,0,0,0,0,0,0,0,0,0,0,0,0,0,3,4,20,0,0,0
2025,3,"00-0039915","L.McConkey","WR","LAC",0,0,0,0,0,0,0,0,0,0,0,0,0,0,4,7,41,0,0,0
2025,3,"00-0039916","R.Pearsall","WR","SF",0,0,0,0,0,0,0,0,0,0,0,0,0,0,8,11,117,0,0,0
2025,3,"00-0039917","M.Penix","QB","ATL",18,36,172,0,2,0,0,0,0,2,9,0,0,0,0,0,0,0,0,0
2025,3,"00-0039918","C.Williams","QB","CHI",19,28,298,4,0,0,0,0,0,5,12,0,0,0,0,0,0,0,0,0
2025,3,"00-0039919","R.Odunze","WR","CHI",0,0,0,0,0,0,0,0,0,0,0,0,0,0,3,7,62,1,0,0
2025,3,"00-0039921","T.Benson","RB","ARI",0,0,0,0,0,0,0,0,0,10,42,0,0,0,3,4,9,0,0,0
2025,3,"00-0040009","S.Williams","WR","GB",0,0,0,0,0,0,0,0,0,2,-1,0,0,0,0,0,0,0,0,0
2025,3,"00-0040067","J.Wright","RB","SEA",0,0,0,0,0,0,0,0,0,5,20,0,0,0,0,0,0,0,0,0
2025,3,"00-0040075","L.Wester","WR","BAL",0,0,0,0,0,0,0,0,0,0,0,0,0,0,0,0,0,0,0,0
2025,3,"00-0040078","B.Smith","RB","KC",0,0,0,0,0,0,0,0,0,2,13,0,0,0,0,1,0,0,0,0
2025,3,"00-0040122","A.Jeanty","RB","LV",0,0,0,0,0,0,0,0,0,17,63,0,0,0,0,0,0,0,0,0
2025,3,"00-0040124","T.McMillan","WR","CAR",0,0,0,0,0,0,0,0,0,0,0,0,0,0,3,8,48,0,0,0
2025,3,"00-0040126","C.Loveland","TE","CHI",0,0,0,0,0,0,0,0,0,0,0,0,0,0,1,3,31,0,0,0
2025,3,"00-0040128","T.Warren","TE","IND",0,0,0,0,0,0,0,0,0,0,0,0,0,0,3,5,38,0,0,0
2025,3,"00-0040129","E.Egbuka","WR","TB",0,0,0,0,0,0,0,0,0,0,0,0,0,0,6,8,85,0,0,0
2025,3,"00-0040130","J.Higgins","WR","HOU",0,0,0,0,0,0,0,0,0,0,0,0,0,0,1,1,5,0,0,0
2025,3,"00-0040131","K.Williams","WR","NE",0,0,0,0,0,0,0,0,0,0,0,0,0,0,1,1,8,0,0,0
2025,3,"00-0040138","J.Noel","WR","HOU",0,0,0,0,0,0,0,0,0,0,0,0,0,0,1,1,4,0,0,0
2025,3,"00-0040154","T.Felton","WR","MIN",0,0,0,0,0,0,0,0,0,0,0,0,0,0,1,1,9,0,0,0
2025,3,"00-0040162","D.Sampson","RB","CLE",0,0,0,0,0,0,0,0,0,1,2,0,0,0,0,0,0,0,0,0
2025,3,"00-0040164","J.Lane","WR","WAS",0,0,0,0,0,0,0,0,0,0,0,0,0,0,1,2,-2,0,0,0
2025,3,"00-0040170","E.Ayomanor","WR","TEN",0,0,0,0,0,0,0,0,0,0,0,0,0,0,4,5,38,1,0,0
2025,3,"00-0040179","D.Giddens","RB","IND",0,0,0,0,0,0,0,0,0,1,3,0,0,0,0,0,0,0,0,0
2025,3,"00-0040187","M.Evans","TE","CAR",0,0,0,0,0,0,0,0,0,0,0,0,0,0,1,1,9,0,0,0
2025,3,"00-0040189","O.Gadsden","TE","LAC",0,0,0,0,0,0,0,0,0,0,0,0,0,0,5,7,46,0,0,0
2025,3,"00-0040194","J.Hawes","TE","BUF",0,0,0,0,0,0,0,0,0,0,0,0,0,0,1,1,5,1,0,0
2025,3,"00-0040198","O.Gordon","RB","MIA",0,0,0,0,0,0,0,0,0,9,38,1,0,0,0,0,0,0,0,0
2025,3,"00-0040208","T.Brooks","RB","CIN",0,0,0,0,0,0,0,0,0,5,17,0,0,0,0,0,0,0,0,0
2025,3,"00-0040236","K.Monangai","RB","CHI",0,0,0,0,0,0,0,0,0,6,16,0,0,0,1,1,4,0,0,0
2025,3,"00-0040237","T.Johnson","WR","TB",0,0,0,0,0,0,0,0,0,0,0,0,0,0,0,1,0,0,0,0
2025,3,"00-0040238","L.Allen","RB","JAX",0,0,0,0,0,0,0,0,0,0,0,0,0,0,1,1,9,0,0,0
2025,3,"00-0040242","J.Croskey-Merritt","RB","WAS",0,0,0,0,0,0,0,0,0,8,26,1,0,0,1,1,5,0,0,0
2025,3,"00-0040494","M.Brosmer","QB","MIN",2,4,29,0,0,0,0,0,0,0,0,0,0,0,0,0,0,0,0,0
2025,3,"00-0040506","M.Price","WR","MIN",0,0,0,0,0,0,0,0,0,0,0,0,0,0,0,0,0,0,0,0
2025,3,"00-0040509","B.Yurosek","TE","MIN",0,0,0,0,0,0,0,0,0,0,0,0,0,0,0,0,0,0,0,0
2025,3,"00-0040547","N.Carter","RB","ATL",0,0,0,0,0,0,0,0,0,7,46,0,1,0,0,0,0,0,0,0
2025,3,"00-0040581","D.Thornton","WR","LV",0,0,0,0,0,0,0,0,0,0,0,0,0,0,2,4,29,0,0,0
2025,3,"00-0040582","A.Smith","WR","NYJ",0,0,0,0,0,0,0,0,0,0,0,0,0,0,2,2,2,0,0,0
2025,3,"00-0040583","W.Marks","RB","HOU",0,0,0,0,0,0,0,0,0,6,27,0,0,0,1,2,9,0,0,0
2025,3,"00-0040584","G.Helm","TE","TEN",0,0,0,0,0,0,0,0,0,0,0,0,0,0,3,3,27,0,0,0
2025,3,"00-0040629","D.Campbell","WR","CAR",0,0,0,0,0,0,0,0,0,0,0,0,0,0,0,0,0,0,0,0
2025,3,"00-0040644","T.Etienne","RB","CAR",0,0,0,0,0,0,0,0,0,0,0,0,0,0,0,0,0,0,0,0
2025,3,"00-0040648","T.Horton","WR","SEA",0,0,0,0,0,0,0,0,0,0,0,0,0,0,3,4,32,1,0,0
2025,3,"00-0040663","H.Fannin","TE","CLE",0,0,0,0,0,0,0,0,0,0,0,0,0,0,3,4,25,0,0,0
2025,3,"00-0040666","O.Hampton","RB","LAC",0,0,0,0,0,0,0,0,0,19,70,1,0,0,6,7,59,0,0,0
2025,3,"00-0040667","M.Golden","WR","GB",0,0,0,0,0,0,0,0,0,3,9,0,0,0,4,4,52,0,0,0
2025,3,"00-0040669","I.TeSlaa","WR","DET",0,0,0,0,0,0,0,0,0,0,0,0,0,0,0,2,0,0,0,0
2025,3,"00-0040673","J.Milroe","QB","SEA",0,0,0,0,0,0,0,0,0,1,3,0,0,0,0,0,0,0,0,0
2025,3,"00-0040676","C.Ward","QB","TEN",23,38,219,1,1,4,-23,0,0,3,12,0,0,0,0,0,0,0,0,0
2025,3,"00-0040691","J.Dart","QB","NYG",0,0,0,0,0,0,0,0,0,1,3,0,0,0,0,0,0,0,0,0
2025,3,"00-0040705","C.Dike","WR","TEN",0,0,0,0,0,0,0,0,0,2,3,0,0,0,3,4,2,0,0,0
2025,3,"00-0040715","C.Skattebo","RB","NYG",0,0,0,0,0,0,0,0,0,10,60,1,0,0,6,8,61,0,0,0
2025,3,"00-0040719","B.Tuten","RB","JAX",0,0,0,0,0,0,0,0,0,6,21,1,0,0,0,1,0,0,0,0
2025,3,"00-0040727","T.Harris","WR","LAC",0,0,0,0,0,0,0,0,0,0,0,0,0,0,0,1,0,0,0,0
2025,3,"00-0040729","J.Bech","WR","LV",0,0,0,0,0,0,0,0,0,0,0,0,0,0,1,1,10,0,0,0
2025,3,"00-0040730","R.Harvey","RB","DEN",0,0,0,0,0,0,0,0,0,2,2,0,0,0,3,3,14,0,0,0
2025,3,"00-0040734","T.Henderson","RB","NE",0,0,0,0,0,0,0,0,0,11,28,0,0,0,3,3,19,0,0,0
2025,3,"00-0040735","L.Burden","WR","CHI",0,0,0,0,0,0,0,0,0,1,7,0,0,0,3,3,101,1,0,0
2025,3,"00-0040736","M.Taylor","TE","NYJ",0,0,0,0,0,0,0,0,0,0,0,0,0,0,4,6,18,0,0,0
2025,3,"00-0040739","E.Arroyo","TE","SEA",0,0,0,0,0,0,0,0,0,0,0,0,0,0,0,1,0,0,0,0
2025,3,"00-0040743","T.Shough","QB","NO",0,2,0,0,0,0,0,0,0,0,0,0,0,0,0,0,0,0,0,0
2025,3,"00-0040782","I.Bond","WR","CLE",0,0,0,0,0,0,0,0,0,0,0,0,0,0,2,4,16,0,0,0
2025,3,"00-0040784","Q.Judkins","RB","CLE",0,0,0,0,0,0,0,0,0,18,94,1,0,0,1,2,1,0,0,0
2025,4,"00-0023459","A.Rodgers","QB","PIT",18,22,200,1,0,2,-18,0,0,3,8,0,0,0,0,0,0,0,0,0
2025,4,"00-0026158","J.Flacco","QB","CLE",16,34,184,0,2,3,-14,1,0,3,-1,0,0,0,0,0,0,0,0,0
2025,4,"00-0026498","M.Stafford","QB","LA",29,41,375,3,0,3,-15,0,0,4,4,0,0,0,0,0,0,0,0,0
2025,4,"00-0027973","A.Dalton","QB","CAR",5,6,58,1,0,0,0,0,0,0,0,0,0,0,0,0,0,0,0,0
2025,4,"00-0029263","R.Wilson","QB","NYG",1,1,8,0,0,1,-5,0,0,0,0,0,0,0,0,0,0,0,0,0
2025,4,"00-0030035","A.Thielen","WR","MIN",0,0,0,0,0,0,0,0,0,0,0,0,0,0,2,2,11,0,0,0
2025,4,"00-0030061","Z.Ertz","TE","WAS",0,0,0,0,0,0,0,0,0,0,0,0,0,0,2,4,21,0,0,1
2025,4,"00-0030279","K.Allen","WR","LAC",0,0,0,0,0,0,0,0,0,0,0,0,0,0,5,7,37,0,0,0
2025,4,"00-0030506","T.Kelce","TE","KC",0,0,0,0,0,0,0,0,0,0,0,0,0,0,5,5,48,0,0,0
2025,4,"00-0030564","D.Hopkins","WR","BAL",0,0,0,0,0,0,0,0,0,0,0,0,0,0,0,1,0,0,0,0
2025,4,"00-0030565","G.Smith","QB","LV",14,21,117,2,3,0,0,0,0,4,31,0,0,0,0,0,0,0,0,0
2025,4,"00-0031236","B.Cooks","WR","NO",0,0,0,0,0,0,0,0,0,0,0,0,0,0,3,4,22,0,0,0
2025,4,"00-0031381","D.Adams","WR","LA",0,0,0,0,0,0,0,0,0,0,0,0,0,0,4,6,56,1,0,0
2025,4,"00-0031484","C.Manhertz","TE","NYG",0,0,0,0,0,0,0,0,0,0,0,0,0,0,0,0,0,0,0,0
2025,4,"00-0031588","S.Diggs","WR","NE",0,0,0,0,0,0,0,0,0,0,0,0,0,0,6,7,101,0,0,0
2025,4,"00-0031610","D.Waller","TE","MIA",0,0,0,0,0,0,0,0,0,0,0,0,0,0,3,4,27,2,0,0
2025,4,"00-0031687","R.Mostert","RB","LV",0,0,0,0,0,0,0,0,0,4,62,0,0,0,1,1,11,0,0,0
2025,4,"00-0031763","D.Carter","WR","CLE",0,0,0,0,0,0,0,0,0,0,0,0,0,0,0,0,0,0,0,0
2025,4,"00-0032211","T.Lockett","WR","TEN",0,0,0,0,0,0,0,0,0,0,0,0,0,0,0,4,0,0,0,0
2025,4,"00-0032268","M.Mariota","QB","WAS",16,27,156,2,1,2,-9,0,1,2,20,0,0,0,0,0,0,0,0,0
2025,4,"00-0032385","S.Shepard","WR","TB",0,0,0,0,0,0,0,0,0,1,6,0,0,0,2,4,14,0,0,0
2025,4,"00-0032392","A.Hooper","TE","NE",0,0,0,0,0,0,0,0,0,0,0,0,0,0,1,1,24,0,0,0
2025,4,"00-0032398","C.Moore","WR","WAS",0,0,0,0,0,0,0,0,0,1,9,0,0,0,0,3,0,0,0,0
2025,4,"00-0032464","K.Raymond","WR","DET",0,0,0,0,0,0,0,0,0,0,0,0,0,0,2,3,13,0,0,0
2025,4,"00-0032764","D.Henry","RB","BAL",0,0,0,0,0,0,0,0,0,8,42,0,0,0,2,3,16,0,0,0
2025,4,"00-0032775","D.Robinson","WR","SF",0,0,0,0,0,0,0,0,0,0,0,0,0,0,1,2,20,0,0,0
2025,4,"00-0032950","C.Wentz","QB","MIN",30,46,350,2,2,6,-48,0,1,2,12,0,0,0,0,0,0,0,0,0
2025,4,"00-0033040","T.Hill","WR","MIA",0,0,0,0,0,0,0,0,0,0,0,0,0,0,6,6,67,0,0,0
2025,4,"00-0033077","D.Prescott","QB","DAL",31,40,319,3,0,1,0,0,0,1,2,1,0,0,0,0,0,0,0,0
2025,4,"00-0033090","H.Henry","TE","NE",0,0,0,0,0,0,0,0,0,0,0,0,0,0,2,2,39,1,0,0
2025,4,"00-0033106","J.Goff","QB","DET",16,27,168,2,1,0,0,0,0,0,0,0,0,0,0,0,0,0,0,0
2025,4,"00-0033110","T.Higbee","TE","LA",0,0,0,0,0,0,0,0,0,0,0,0,0,0,2,5,25,0,0,0
2025,4,"00-0033246","J.Mundt","TE","JAX",0,0,0,0,0,0,0,0,0,0,0,0,0,0,0,1,0,0,0,0
2025,4,"00-0033280","C.McCaffrey","RB","SF",0,0,0,0,0,0,0,0,0,17,49,0,0,0,6,11,92,1,0,0
2025,4,"00-0033282","C.Samuel","WR","BUF",0,0,0,0,0,0,0,0,0,0,0,0,0,0,1,2,9,0,0,0
2025,4,"00-0033307","K.Bourne","WR","SF",0,0,0,0,0,0,0,0,0,0,0,0,0,0,1,4,17,0,0,0
2025,4,"00-0033375","T.Patrick","WR","JAX",0,0,0,0,0,0,0,0,0,0,0,0,0,0,1,1,-1,0,0,0
2025,4,"00-0033526","S.Perine","RB","CIN",0,0,0,0,0,0,0,0,0,1,4,0,0,0,0,1,0,0,0,0
2025,4,"00-0033555","M.Hollins","WR","NE",0,0,0,0,0,0,0,0,0,0,0,0,0,0,1,1,4,1,0,0
2025,4,"00-0033572","J.Agnew","WR","ATL",0,0,0,0,0,0,0,0,0,0,0,0,0,0,0,0,0,0,0,0
2025,4,"00-0033576","E.Saubert","TE","SEA",0,0,0,0,0,0,0,0,0,0,0,0,0,0,0,0,0,0,0,0
2025,4,"00-0033589","D.Moore","WR","CAR",0,0,0,0,0,0,0,0,0,1,12,0,0,0,0,0,0,0,0,0
2025,4,"00-0033662","C.Rush","QB","BAL",9,13,52,0,0,0,0,0,0,0,0,0,0,0,0,0,0,0,0,0
2025,4,"00-0033757","R.Tonyan","TE","KC",0,0,0,0,0,0,0,0,0,0,0,0,0,0,0,0,0,0,0,0
2025,4,"00-0033857","J.Smith-Schuster","WR","KC",0,0,0,0,0,0,0,0,0,0,0,0,0,0,4,6,36,1,0,0
2025,4,"00-0033858","J.Smith","TE","PIT",0,0,0,0,0,0,0,0,0,0,0,0,0,0,2,3,6,0,0,0
2025,4,"00-0033873","P.Mahomes","QB","KC",25,37,270,4,0,1,-6,0,0,4,5,0,0,0,0,0,0,0,0,0
2025,4,"00-0033881","E.Engram","TE","DEN",0,0,0,0,0,0,0,0,0,0,0,0,0,0,4,7,29,0,0,0
2025,4,"00-0033885","D.Njoku","TE","CLE",0,0,0,0,0,0,0,0,0,0,0,0,0,0,2,3,11,0,0,0
2025,4,"00-0033906","A.Kamara","RB","NO",0,0,0,0,0,0,0,0,0,15,70,0,0,0,4,5,2,0,0,0
2025,4,"00-0033908","C.Kupp","WR","SEA",0,0,0,0,0,0,0,0,0,0,0,0,0,0,4,5,26,0,0,0
2025,4,"00-0033921","C.Godwin","WR","TB",0,0,0,0,0,0,0,0,0,0,0,0,0,0,3,10,26,0,0,0
2025,4,"00-0033923","K.Hunt","RB","KC",0,0,0,0,0,0,0,0,0,13,34,0,0,0,1,1,13,0,0,0
2025,4,"00-0033943","J.Reynolds","WR","NYJ",0,0,0,0,0,0,0,0,0,0,0,0,0,0,0,2,0,0,0,0
2025,4,"00-0033949","J.Dobbs","QB","NE",0,1,0,0,0,0,0,0,0,3,-2,0,0,0,0,0,0,0,0,0
2025,4,"00-0033955","J.McNichols","RB","WAS",0,0,0,0,0,0,0,0,0,2,3,0,0,0,1,2,0,0,0,0
2025,4,"00-0034270","T.Conklin","TE","LAC",0,0,0,0,0,0,0,0,0,0,0,0,0,0,1,1,3,0,0,0
2025,4,"00-0034348","C.Sutton","WR","DEN",0,0,0,0,0,0,0,0,0,0,0,0,0,0,5,6,81,1,0,0
2025,4,"00-0034351","D.Goedert","TE","PHI",0,0,0,0,0,0,0,0,0,0,0,0,0,0,4,4,37,2,0,0
2025,4,"00-0034365","I.Thomas","TE","LV",0,0,0,0,0,0,0,0,0,0,0,0,0,0,0,0,0,0,0,0
2025,4,"00-0034383","D.Schultz","TE","HOU",0,0,0,0,0,0,0,0,0,0,0,0,0,0,5,6,30,0,0,0
2025,4,"00-0034407","R.McCloud","WR","ATL",0,0,0,0,0,0,0,0,0,0,0,0,0,0,1,2,-7,0,0,0
2025,4,"00-0034521","A.Lazard","WR","NYJ",0,0,0,0,0,0,0,0,0,0,0,0,0,0,1,1,8,0,0,0
2025,4,"00-0034577","K.Allen","QB","DET",0,0,0,0,0,0,0,0,0,2,-2,0,0,0,0,0,0,0,0,0
2025,4,"00-0034753","M.Andrews","TE","BAL",0,0,0,0,0,0,0,0,0,0,0,0,0,0,7,8,30,0,0,0
2025,4,"00-0034775","C.Kirk","WR","HOU",0,0,0,0,0,0,0,0,0,0,0,0,0,0,3,4,20,0,0,0
2025,4,"00-0034791","N.Chubb","RB","HOU",0,0,0,0,0,0,0,0,0,13,47,0,0,0,2,2,15,0,0,0
2025,4,"00-0034796","L.Jackson","QB","BAL",14,20,147,1,1,3,-5,1,0,6,48,0,0,0,0,0,0,0,0,0
2025,4,"00-0034827","D.Moore","WR","CHI",0,0,0,0,0,0,0,0,0,0,0,0,0,0,4,5,38,0,0,0
2025,4,"00-0034829","M.Gesicki","TE","CIN",0,0,0,0,0,0,0,0,0,0,0,0,0,0,1,1,8,0,0,0
2025,4,"00-0034837","C.Ridley","WR","TEN",0,0,0,0,0,0,0,0,0,0,0,0,0,0,2,3,30,0,0,0
2025,4,"00-0034844","S.Barkley","RB","PHI",0,0,0,0,0,0,0,0,0,19,43,1,0,0,4,4,31,0,0,0
2025,4,"00-0034855","B.Mayfield","QB","TB",22,40,289,2,1,2,-17,0,0,2,13,0,0,0,0,0,0,0,0,0
2025,4,"00-0034857","J.Allen","QB","BUF",16,22,209,2,1,3,-18,0,0,7,45,1,0,0,0,0,0,0,0,0
2025,4,"00-0034869","S.Darnold","QB","SEA",18,26,242,1,0,3,-13,0,0,1,24,0,0,0,0,0,0,0,0,0
2025,4,"00-0034960","J.Meyers","WR","LV",0,0,0,0,0,0,0,0,0,0,0,0,0,0,4,7,30,0,0,0
2025,4,"00-0034975","J.Hill","RB","BAL",0,0,0,0,0,0,0,0,0,3,76,1,0,0,5,6,41,1,0,0
2025,4,"00-0034983","H.Renfrow","WR","CAR",0,0,0,0,0,0,0,0,0,0,0,0,0,0,2,2,10,0,0,0
2025,4,"00-0035021","A.Dulin","WR","IND",0,0,0,0,0,0,0,0,0,1,7,0,0,0,1,1,11,0,0,0
2025,4,"00-0035100","J.Browning","QB","CIN",14,25,125,0,0,3,-19,0,0,3,4,0,0,0,0,0,0,0,0,0
2025,4,"00-0035208","O.Zaccheaus","WR","CHI",0,0,0,0,0,0,0,0,0,0,0,0,0,0,5,6,41,0,0,0
2025,4,"00-0035228","K.Murray","QB","ARI",27,41,200,2,2,6,-36,0,0,5,41,0,0,0,0,0,0,0,0,0
2025,4,"00-0035229","T.Hockenson","TE","MIN",0,0,0,0,0,0,0,0,0,0,0,0,0,0,4,5,39,0,0,0
2025,4,"00-0035243","M.Sanders","RB","DAL",0,0,0,0,0,0,0,0,0,2,8,0,0,0,2,2,17,0,0,0
2025,4,"00-0035249","J.Oliver","TE","MIN",0,0,0,0,0,0,0,0,0,0,0,0,0,0,0,1,0,0,0,0
2025,4,"00-0035250","D.Singletary","RB","NYG",0,0,0,0,0,0,0,0,0,7,28,0,0,0,0,0,0,0,0,0
2025,4,"00-0035261","T.Pollard","RB","TEN",0,0,0,0,0,0,0,0,0,14,64,0,0,0,3,3,12,0,0,0
2025,4,"00-0035289","G.Minshew","QB","KC",0,0,0,0,0,0,0,0,0,2,-3,0,0,0,0,0,0,0,0,0
2025,4,"00-0035298","S.Miller","WR","PIT",0,0,0,0,0,0,0,0,0,0,0,0,0,0,0,1,0,0,0,0
2025,4,"00-0035500","G.Dortch","WR","ARI",0,0,0,0,0,0,0,0,0,1,4,0,0,0,4,5,35,0,0,0
2025,4,"00-0035535","D.Slayton","WR","NYG",0,0,0,0,0,0,0,0,0,0,0,0,0,0,3,4,44,0,0,0
2025,4,"00-0035537","Ty.Johnson","RB","BUF",0,0,0,0,0,0,0,0,0,1,0,0,0,0,0,0,0,0,0,0
2025,4,"00-0035567","C.Reynolds","RB","DET",0,0,0,0,0,0,0,0,0,0,0,0,0,0,0,0,0,0,0,0
2025,4,"00-0035640","D.Metcalf","WR","PIT",0,0,0,0,0,0,0,0,0,0,0,0,0,0,5,5,126,1,0,0
2025,4,"00-0035645","G.Olszewski","WR","NYG",0,0,0,0,0,0,0,0,0,0,0,0,0,0,0,0,0,0,0,0
2025,4,"00-0035662","M.Brown","WR","KC",0,0,0,0,0,0,0,0,0,0,0,0,0,0,3,5,38,1,0,0
2025,4,"00-0035676","A.Brown","WR","PHI",0,0,0,0,0,0,0,0,0,0,0,0,0,0,2,9,7,0,0,0
2025,4,"00-0035685","D.Montgomery","RB","DET",0,0,0,0,0,0,0,0,0,9,12,0,0,0,0,1,0,0,0,0
2025,4,"00-0035689","D.Knox","TE","BUF",0,0,0,0,0,0,0,0,0,0,0,0,0,0,0,1,0,0,0,0
2025,4,"00-0035700","J.Jacobs","RB","GB",0,0,0,0,0,0,0,0,0,22,86,2,0,0,4,4,71,0,0,0
2025,4,"00-0035710","D.Jones","QB","IND",24,33,262,1,2,2,-14,0,0,1,-1,0,0,0,0,0,0,0,0,0
2025,4,"00-0035719","D.Samuel","WR","WAS",0,0,0,0,0,0,0,0,0,3,9,0,0,0,6,6,72,1,0,0
2025,4,"00-0036040","J.Johnson","TE","NO",0,0,0,0,0,0,0,0,0,0,0,0,0,0,3,3,28,0,0,0
2025,4,"00-0036139","R.Dowdle","RB","CAR",0,0,0,0,0,0,0,0,0,9,32,0,0,0,1,1,-2,0,0,0
2025,4,"00-0036158","J.Dobbins","RB","DEN",0,0,0,0,0,0,0,0,0,16,101,0,0,0,1,1,4,0,0,0
2025,4,"00-0036182","N.Westbrook-Ikhine","WR","MIA",0,0,0,0,0,0,0,0,0,0,0,0,0,0,1,1,1,0,0,0
2025,4,"00-0036212","T.Tagovailoa","QB","MIA",17,25,177,2,0,0,0,0,0,3,6,0,0,0,0,0,0,0,0,0
2025,4,"00-0036223","J.Taylor","RB","IND",0,0,0,0,0,0,0,0,0,17,76,0,0,0,5,5,20,0,0,0
2025,4,"00-0036244","C.Parkinson","TE","LA",0,0,0,0,0,0,0,0,0,0,0,0,0,0,2,2,17,0,0,0
2025,4,"00-0036252","M.Pittman","WR","IND",0,0,0,0,0,0,0,0,0,0,0,0,0,0,5,10,41,1,0,0
2025,4,"00-0036259","J.Jennings","WR","SF",0,0,0,0,0,0,0,0,0,0,0,0,0,0,2,4,24,0,0,1
2025,4,"00-0036264","J.Love","QB","GB",31,43,337,3,0,1,-12,1,0,3,28,0,0,0,0,0,0,0,0,0
2025,4,"00-0036265","A.Dillon","RB","PHI",0,0,0,0,0,0,0,0,0,3,17,0,0,0,0,0,0,0,0,0
2025,4,"00-0036275","D.Swift","RB","CHI",0,0,0,0,0,0,0,0,0,14,38,1,0,0,4,6,22,0,0,0
2025,4,"00-0036290","C.Kmet","TE","CHI",0,0,0,0,0,0,0,0,0,0,0,0,0,0,3,9,46,0,0,0
2025,4,"00-0036309","D.Mooney","WR","ATL",0,0,0,0,0,0,0,0,0,0,0,0,0,0,1,1,15,0,0,0
2025,4,"00-0036322","J.Jefferson","WR","MIN",0,0,0,0,0,0,0,0,0,0,0,0,0,0,10,11,126,0,0,0
2025,4,"00-0036328","A.Gibson","RB","NE",0,0,0,0,0,0,0,0,0,6,27,1,0,0,0,0,0,0,0,0
2025,4,"00-0036331","D.Duvernay","WR","CHI",0,0,0,0,0,0,0,0,0,0,0,0,0,0,0,0,0,0,0,0
2025,4,"00-0036355","J.Herbert","QB","LAC",23,41,203,1,2,2,-17,0,0,1,24,0,0,1,0,0,0,0,0,0
2025,4,"00-0036389","J.Hurts","QB","PHI",15,24,130,2,0,2,-18,0,0,9,62,0,0,0,0,0,0,0,0,0
2025,4,"00-0036407","J.Jeudy","WR","CLE",0,0,0,0,0,0,0,0,0,0,0,0,0,0,3,9,48,0,0,0
2025,4,"00-0036410","T.Higgins","WR","CIN",0,0,0,0,0,0,0,0,0,0,0,0,0,0,3,6,32,0,0,0
2025,4,"00-0036415","V.Jefferson","WR","TEN",0,0,0,0,0,0,0,0,0,0,0,0,0,0,1,1,6,0,0,0
2025,4,"00-0036422","A.Trautman","TE","DEN",0,0,0,0,0,0,0,0,0,0,0,0,0,0,2,3,32,0,0,0
2025,4,"00-0036550","R.Bateman","WR","BAL",0,0,0,0,0,0,0,0,0,0,0,0,0,0,1,2,24,0,0,0
2025,4,"00-0036554","N.Collins","WR","HOU",0,0,0,0,0,0,0,0,0,0,0,0,0,0,4,6,79,0,0,0
2025,4,"00-0036555","C.Hubbard","RB","CAR",0,0,0,0,0,0,0,0,0,10,49,0,0,0,3,3,20,0,0,0
2025,4,"00-0036590","Q.Morris","TE","JAX",0,0,0,0,0,0,0,0,0,0,0,0,0,0,0,0,0,0,0,0
2025,4,"00-0036613","J.Waddle","WR","MIA",0,0,0,0,0,0,0,0,0,0,0,0,0,0,3,6,48,0,0,0
2025,4,"00-0036630","T.Wallace","WR","BAL",0,0,0,0,0,0,0,0,0,0,0,0,0,0,1,2,14,0,0,0
2025,4,"00-0036637","N.Gray","TE","KC",0,0,0,0,0,0,0,0,0,0,0,0,0,0,1,1,1,0,0,0
2025,4,"00-0036646","S.Fehoko","WR","ARI",0,0,0,0,0,0,0,0,0,0,0,0,0,0,0,0,0,0,0,0
2025,4,"00-0036741","J.Stoll","TE","NO",0,0,0,0,0,0,0,0,0,0,0,0,0,0,1,1,7,0,0,0
2025,4,"00-0036754","B.Wright","TE","DET",0,0,0,0,0,0,0,0,0,0,0,0,0,0,0,0,0,0,0,0
2025,4,"00-0036825","F.Franks","TE","ATL",0,0,0,0,0,0,0,0,0,0,0,0,0,0,0,0,0,0,0,0
2025,4,"00-0036849","T.Atwell","WR","LA",0,0,0,0,0,0,0,0,0,0,0,0,0,0,1,2,88,1,0,0
2025,4,"00-0036862","B.Skowronek","WR","PIT",0,0,0,0,0,0,0,0,0,0,0,0,0,0,0,1,0,0,0,0
2025,4,"00-0036875","R.Stevenson","RB","NE",0,0,0,0,0,0,0,0,0,9,38,0,0,0,1,1,3,0,0,0
2025,4,"00-0036876","K.Granson","TE","PHI",0,0,0,0,0,0,0,0,0,0,0,0,0,0,0,0,0,0,0,0
2025,4,"00-0036887","L.Farrell","TE","SF",0,0,0,0,0,0,0,0,0,0,0,0,0,0,2,2,20,0,1,0
2025,4,"00-0036900","J.Chase","WR","CIN",0,0,0,0,0,0,0,0,0,0,0,0,0,0,5,8,23,0,0,0
2025,4,"00-0036912","D.Smith","WR","PHI",0,0,0,0,0,0,0,0,0,0,0,0,0,0,2,2,29,0,0,0
2025,4,"00-0036919","K.Gainwell","RB","PIT",0,0,0,0,0,0,0,0,0,19,99,2,0,0,6,6,35,0,0,0
2025,4,"00-0036924","M.Carter","RB","ARI",0,0,0,0,0,0,0,0,0,1,1,0,0,0,0,0,0,0,0,0
2025,4,"00-0036945","J.Fields","QB","NYJ",20,27,226,1,0,2,-19,1,0,7,81,1,0,1,0,0,0,0,0,0
2025,4,"00-0036963","A.St. Brown","WR","DET",0,0,0,0,0,0,0,0,0,0,0,0,0,0,7,7,70,2,0,0
2025,4,"00-0036970","K.Pitts","TE","ATL",0,0,0,0,0,0,0,0,0,0,0,0,0,0,5,5,70,1,0,0
2025,4,"00-0036971","T.Lawrence","QB","JAX",21,31,174,1,0,0,0,0,0,7,7,0,0,0,0,0,0,0,0,0
2025,4,"00-0036973","T.Etienne","RB","JAX",0,0,0,0,0,0,0,0,0,19,124,1,0,0,1,2,1,0,0,0
2025,4,"00-0036980","E.Moore","WR","BUF",0,0,0,0,0,0,0,0,0,1,0,0,0,0,0,0,0,0,0,0
2025,4,"00-0036984","T.Sermon","RB","PIT",0,0,0,0,0,0,0,0,0,0,0,0,0,0,0,0,0,0,0,0
2025,4,"00-0036988","J.Palmer","WR","BUF",0,0,0,0,0,0,0,0,0,0,0,0,0,0,2,3,25,0,0,0
2025,4,"00-0036997","J.Williams","RB","DAL",0,0,0,0,0,0,0,0,0,20,85,1,0,0,3,3,15,0,0,0
2025,4,"00-0037004","H.Long","TE","JAX",0,0,0,0,0,0,0,0,0,0,0,0,0,0,3,3,23,1,0,0
2025,4,"00-0037005","T.Tremble","TE","CAR",0,0,0,0,0,0,0,0,0,0,0,0,0,0,5,8,42,1,0,0
2025,4,"00-0037085","T.Badie","RB","DEN",0,0,0,0,0,0,0,0,0,0,0,0,0,0,1,2,11,0,0,0
2025,4,"00-0037086","G.Calcaterra","TE","PHI",0,0,0,0,0,0,0,0,0,0,0,0,0,0,1,2,16,0,0,0
2025,4,"00-0037091","B.Melton","WR","GB",0,0,0,0,0,0,0,0,0,0,0,0,0,0,0,0,0,0,0,0
2025,4,"00-0037093","D.Young","WR","SEA",0,0,0,0,0,0,0,0,0,0,0,0,0,0,0,0,0,0,0,0
2025,4,"00-0037112","J.Tonges","TE","SF",0,0,0,0,0,0,0,0,0,0,0,0,0,0,3,5,58,1,0,0
2025,4,"00-0037120","T.Goodson","RB","IND",0,0,0,0,0,0,0,0,0,0,0,0,0,0,1,1,0,0,0,0
2025,4,"00-0037157","Z.Knight","RB","ARI",0,0,0,0,0,0,0,0,0,0,0,0,0,0,0,0,0,0,0,0
2025,4,"00-0037197","I.Pacheco","RB","KC",0,0,0,0,0,0,0,0,0,7,35,0,0,0,2,3,13,1,0,0
2025,4,"00-0037238","D.London","WR","ATL",0,0,0,0,0,0,0,0,0,0,0,0,0,0,8,10,110,1,0,0
2025,4,"00-0037239","C.Olave","WR","NO",0,1,0,0,1,0,0,0,0,0,0,0,0,0,3,6,20,1,0,0
2025,4,"00-0037240","J.Williams","WR","DET",0,0,0,0,0,0,0,0,0,1,-3,0,0,0,2,8,40,0,0,0
2025,4,"00-0037247","G.Pickens","WR","DAL",0,0,0,0,0,0,0,0,0,0,0,0,0,0,8,11,134,2,0,0
2025,4,"00-0037248","J.Cook","RB","BUF",0,0,0,0,0,0,0,0,0,22,117,1,0,0,3,4,18,0,0,0
2025,4,"00-0037256","R.White","RB","TB",0,0,0,0,0,0,0,0,0,6,17,0,0,0,4,5,29,0,0,0
2025,4,"00-0037261","K.Shakir","WR","BUF",0,0,0,0,0,0,0,0,0,0,0,0,0,0,5,5,69,1,0,0
2025,4,"00-0037263","T.Allgeier","RB","ATL",0,0,0,0,0,0,0,0,0,16,51,1,0,0,0,0,0,0,0,0
2025,4,"00-0037267","J.Ford","RB","CLE",0,0,0,0,0,0,0,0,0,1,-1,0,0,0,1,2,4,0,0,0
2025,4,"00-0037282","J.Mitchell","TE","CAR",0,0,0,0,0,0,0,0,0,0,0,0,0,0,2,2,17,0,0,0
2025,4,"00-0037291","J.Nailor","WR","MIN",0,0,0,0,0,0,0,0,0,0,0,0,0,0,1,4,2,1,0,1
2025,4,"00-0037292","A.Ogletree","TE","IND",0,0,0,0,0,0,0,0,0,0,0,0,0,0,0,0,0,0,0,0
2025,4,"00-0037348","T.Conner","TE","MIA",0,0,0,0,0,0,0,0,0,0,0,0,0,0,0,0,0,0,0,0
2025,4,"00-0037524","T.Martin","WR","WAS",0,0,0,0,0,0,0,0,0,0,0,0,0,0,1,1,14,0,0,0
2025,4,"00-0037525","J.Mason","RB","MIN",0,0,0,0,0,0,0,0,0,16,57,0,0,0,3,3,15,0,0,0
2025,4,"00-0037545","R.Shaheed","WR","NO",0,0,0,0,0,0,0,0,0,2,5,0,0,0,4,5,47,0,0,0
2025,4,"00-0037594","J.Chestnut","RB","TEN",0,0,0,0,0,0,0,0,0,1,0,0,0,0,0,1,0,0,0,0
2025,4,"00-0037614","J.Metchie","WR","PHI",0,0,0,0,0,0,0,0,0,0,0,0,0,0,2,2,10,0,0,0
2025,4,"00-0037617","H.Haskins","RB","LAC",0,0,0,0,0,0,0,0,0,0,0,0,0,0,0,0,0,0,0,0
2025,4,"00-0037654","T.Fisk","TE","LAC",0,0,0,0,0,0,0,0,0,0,0,0,0,0,0,1,0,0,0,0
2025,4,"00-0037666","J.Tolbert","WR","DAL",0,0,0,0,0,0,0,0,0,0,0,0,0,0,4,6,61,0,0,0
2025,4,"00-0037740","G.Wilson","WR","NYJ",0,0,0,0,0,0,0,0,0,0,0,0,0,0,6,8,82,1,0,0
2025,4,"00-0037741","J.Dotson","WR","PHI",0,0,0,0,0,0,0,0,0,0,0,0,0,0,0,0,0,0,0,0
2025,4,"00-0037744","T.McBride","TE","ARI",0,0,0,0,0,0,0,0,0,0,0,0,0,0,7,11,52,0,0,0
2025,4,"00-0037745","V.Jones","WR","NO",0,0,0,0,0,0,0,0,0,0,0,0,0,0,0,0,0,0,0,0
2025,4,"00-0037746","B.Robinson","RB","SF",0,0,0,0,0,0,0,0,0,5,21,0,0,0,0,0,0,0,0,0
2025,4,"00-0037801","K.Turpin","WR","DAL",0,0,0,0,0,0,0,0,0,1,4,0,0,0,3,4,30,0,0,0
2025,4,"00-0037805","J.Ruckert","TE","NYJ",0,0,0,0,0,0,0,0,0,0,0,0,0,0,1,1,23,0,0,0
2025,4,"00-0037809","C.Okonkwo","TE","TEN",0,0,0,0,0,0,0,0,0,0,0,0,0,0,1,3,4,0,0,0
2025,4,"00-0037816","R.Doubs","WR","GB",0,0,0,0,0,0,0,0,0,0,0,0,0,0,6,8,58,3,0,0
2025,4,"00-0037834","B.Purdy","QB","SF",22,38,309,2,2,1,-3,1,1,2,13,0,0,0,0,0,0,0,0,0
2025,4,"00-0037837","C.Austin","WR","PIT",0,0,0,0,0,0,0,0,0,0,0,0,0,0,2,2,13,0,0,0
2025,4,"00-0037840","K.Williams","RB","LA",0,0,0,0,0,0,0,0,0,13,77,0,1,0,3,4,17,0,0,0
2025,4,"00-0038041","J.Ferguson","TE","DAL",0,0,0,0,0,0,0,0,0,0,0,0,0,0,7,7,40,1,0,0
2025,4,"00-0038090","S.Moore","WR","SF",0,0,0,0,0,0,0,0,0,0,0,0,0,0,0,1,0,0,0,0
2025,4,"00-0038104","T.Thornton","WR","KC",0,0,0,0,0,0,0,0,0,0,0,0,0,0,1,2,11,1,0,0
2025,4,"00-0038115","D.Bellinger","TE","NYG",0,0,0,0,0,0,0,0,0,0,0,0,0,0,1,1,13,0,0,0
2025,4,"00-0038117","W.Robinson","WR","NYG",0,0,0,0,0,0,0,0,0,0,0,0,0,0,3,5,14,0,0,0
2025,4,"00-0038120","B.Hall","RB","NYJ",0,0,0,0,0,0,0,0,0,14,81,0,0,0,5,6,30,0,0,0
2025,4,"00-0038129","C.Otton","TE","TB",0,0,0,0,0,0,0,0,0,0,0,0,0,0,3,4,9,0,0,0
2025,4,"00-0038134","K.Walker","RB","SEA",0,0,0,0,0,0,0,0,0,19,81,0,0,0,1,2,29,0,0,0
2025,4,"00-0038359","X.Smith","WR","LA",0,0,0,0,0,0,0,0,0,0,0,0,0,0,0,0,0,0,0,0
2025,4,"00-0038393","D.Wicks","WR","GB",0,0,0,0,0,0,0,0,0,0,0,0,0,0,2,4,19,0,0,0
2025,4,"00-0038440","Z.Scott","RB","MIN",0,0,0,0,0,0,0,0,0,2,1,0,0,0,6,8,43,1,0,0
2025,4,"00-0038465","M.Heath","WR","GB",0,0,0,0,0,0,0,0,0,0,0,0,0,0,1,1,9,0,0,0
2025,4,"00-0038519","N.Remigio","WR","KC",0,0,0,0,0,0,0,0,0,0,0,0,0,0,0,0,0,0,0,0
2025,4,"00-0038542","B.Robinson","RB","ATL",0,0,0,0,0,0,0,0,0,17,75,1,0,0,4,5,106,0,0,0
2025,4,"00-0038543","J.Smith-Njigba","WR","SEA",0,0,0,0,0,0,0,0,0,3,11,0,0,0,4,5,79,0,0,0
2025,4,"00-0038544","Q.Johnston","WR","LAC",0,0,0,0,0,0,0,0,0,0,0,0,0,0,8,13,98,1,0,0
2025,4,"00-0038547","L.Schoonmaker","TE","DAL",0,0,0,0,0,0,0,0,0,0,0,0,0,0,2,2,8,0,0,0
2025,4,"00-0038551","K.Miller","RB","NO",0,0,0,0,0,0,0,0,0,11,65,1,0,0,0,0,0,0,0,0
2025,4,"00-0038555","T.Bigsby","RB","PHI",0,0,0,0,0,0,0,0,0,0,0,0,0,0,0,0,0,0,0,0
2025,4,"00-0038558","D.Washington","TE","PIT",0,0,0,0,0,0,0,0,0,0,0,0,0,0,3,3,20,0,0,0
2025,4,"00-0038559","Mi.Wilson","WR","ARI",0,0,0,0,0,0,0,0,0,0,0,0,0,0,3,6,15,0,0,0
2025,4,"00-0038563","T.Tucker","WR","LV",0,0,0,0,0,0,0,0,0,2,9,0,0,0,2,2,13,0,0,0
2025,4,"00-0038564","C.Latu","TE","PHI",0,0,0,0,0,0,0,0,0,0,0,0,0,0,0,0,0,0,0,0
2025,4,"00-0038576","C.Jones","WR","CIN",0,0,0,0,0,0,0,0,0,0,0,0,0,0,0,0,0,0,0,0
2025,4,"00-0038590","J.Shorter","TE","LV",0,0,0,0,0,0,0,0,0,0,0,0,0,0,0,0,0,0,0,0
2025,4,"00-0038597","C.Brown","RB","CIN",0,0,0,0,0,0,0,0,0,10,40,0,0,0,3,3,31,0,0,0
2025,4,"00-0038606","P.Washington","WR","JAX",0,0,0,0,0,0,0,0,0,1,-1,0,0,0,0,2,0,0,0,0
2025,4,"00-0038608","K.Boutte","WR","NE",0,0,0,0,0,0,0,0,0,0,0,0,0,0,1,3,18,0,0,0
2025,4,"00-0038611","C.Rodriguez","RB","WAS",0,0,0,0,0,0,0,0,0,7,59,0,0,0,0,0,0,0,0,0
2025,4,"00-0038618","X.Hutchinson","WR","HOU",0,0,0,0,0,0,0,0,0,0,0,0,0,0,2,3,17,0,0,0
2025,4,"00-0038619","A.Iosivas","WR","CIN",0,0,0,0,0,0,0,0,0,1,5,0,0,0,1,1,22,0,0,0
2025,4,"00-0038643","B.Willis","TE","SF",0,0,0,0,0,0,0,0,0,0,0,0,0,0,0,0,0,0,0,0
2025,4,"00-0038679","T.Shavers","WR","BUF",0,0,0,0,0,0,0,0,0,0,0,0,0,0,0,0,0,0,0,0
2025,4,"00-0038685","C.Brooks","RB","GB",0,0,0,0,0,0,0,0,0,0,0,0,0,0,1,1,1,0,0,0
2025,4,"00-0038705","E.Demercado","RB","ARI",0,0,0,0,0,0,0,0,0,2,8,0,0,0,2,2,13,1,0,0
2025,4,"00-0038710","B.Whiteheart","TE","CLE",0,0,0,0,0,0,0,0,0,0,0,0,0,0,0,1,0,0,0,0
2025,4,"00-0038720","J.Hill","TE","MIA",0,0,0,0,0,0,0,0,0,0,0,0,0,0,1,2,19,0,0,0
2025,4,"00-0038738","H.Luepke","RB","DAL",0,0,0,0,0,0,0,0,0,1,6,0,0,0,0,1,0,0,0,0
2025,4,"00-0038752","J.Bobo","WR","SEA",0,0,0,0,0,0,0,0,0,0,0,0,0,0,1,1,17,0,0,0
2025,4,"00-0038783","N.Adkins","TE","DEN",0,0,0,0,0,0,0,0,0,0,0,0,0,0,2,3,5,0,0,0
2025,4,"00-0038797","E.Wilson","RB","GB",0,0,0,0,0,0,0,0,0,8,44,0,0,0,3,3,37,0,0,0
2025,4,"00-0038839","M.Tinsley","WR","CIN",0,0,0,0,0,0,0,0,0,0,0,0,0,0,1,2,9,0,0,0
2025,4,"00-0038840","B.Tremayne","WR","CAR",0,0,0,0,0,0,0,0,0,0,0,0,0,0,3,4,36,0,0,0
2025,4,"00-0038896","J.Saylors","RB","DET",0,0,0,0,0,0,0,0,0,2,11,0,0,0,0,0,0,0,0,0
2025,4,"00-0038933","D.Kincaid","TE","BUF",0,0,0,0,0,0,0,0,0,0,0,0,0,0,1,2,28,1,0,0
2025,4,"00-0038935","B.Strange","TE","JAX",0,0,0,0,0,0,0,0,0,0,0,0,0,0,6,7,45,0,0,0
2025,4,"00-0038951","S.Tucker","RB","TB",0,0,0,0,0,0,0,0,0,0,0,0,0,0,0,0,0,0,0,0
2025,4,"00-0038976","M.Mims","WR","DEN",0,0,0,0,0,0,0,0,0,1,16,1,0,0,6,6,69,0,0,0
2025,4,"00-0038979","C.Tillman","WR","CLE",0,0,0,0,0,0,0,0,0,0,0,0,0,0,1,2,6,0,0,0
2025,4,"00-0038994","J.Addison","WR","MIN",0,0,0,0,0,0,0,0,0,0,0,0,0,0,4,8,114,0,0,0
2025,4,"00-0038996","T.Kraft","TE","GB",0,0,0,0,0,0,0,0,0,0,0,0,0,0,5,5,56,0,0,0
2025,4,"00-0038997","J.Downs","WR","IND",0,0,0,0,0,0,0,0,0,0,0,0,0,0,4,5,24,0,0,0
2025,4,"00-0039021","R.Johnson","RB","CHI",0,0,0,0,0,0,0,0,0,0,0,0,0,0,0,0,0,0,0,0
2025,4,"00-0039040","D.Achane","RB","MIA",0,0,0,0,0,0,0,0,0,20,99,1,0,0,1,2,2,0,0,0
2025,4,"00-0039041","E.Higgins","TE","ARI",0,0,0,0,0,0,0,0,0,0,0,0,0,0,0,0,0,0,0,0
2025,4,"00-0039050","P.Durham","TE","TB",0,0,0,0,0,0,0,0,0,0,0,0,0,0,0,0,0,0,0,0
2025,4,"00-0039064","Z.Flowers","WR","BAL",0,0,0,0,0,0,0,0,0,0,0,0,0,0,7,8,74,0,0,0
2025,4,"00-0039065","S.LaPorta","TE","DET",0,0,0,0,0,0,0,0,0,0,0,0,0,0,3,4,39,0,0,0
2025,4,"00-0039074","D.Allen","TE","LA",0,0,0,0,0,0,0,0,0,0,0,0,0,0,1,1,0,0,0,0
2025,4,"00-0039075","P.Nacua","WR","LA",0,0,0,0,0,0,0,0,0,0,0,0,0,0,13,15,170,1,0,0
2025,4,"00-0039139","J.Gibbs","RB","DET",0,0,0,0,0,0,0,0,0,15,91,1,0,0,2,2,6,0,0,0
2025,4,"00-0039144","L.Musgrave","TE","GB",0,0,0,0,0,0,0,0,0,0,0,0,0,0,1,1,6,0,0,0
2025,4,"00-0039150","B.Young","QB","CAR",18,30,150,1,0,1,-11,0,0,1,3,0,0,0,0,0,0,0,0,0
2025,4,"00-0039163","C.Stroud","QB","HOU",22,28,233,2,0,2,-9,0,0,4,11,0,0,0,0,0,0,0,0,0
2025,4,"00-0039165","Z.Charbonnet","RB","SEA",0,0,0,0,0,0,0,0,0,12,39,1,0,0,2,2,5,0,0,0
2025,4,"00-0039299","G.Holani","RB","SEA",0,0,0,0,0,0,0,0,0,0,0,0,0,0,0,0,0,0,0,0
2025,4,"00-0039337","M.Nabers","WR","NYG",0,0,0,0,0,0,0,0,0,0,0,0,0,0,2,3,20,0,0,0
2025,4,"00-0039338","B.Bowers","TE","LV",0,0,0,0,0,0,0,0,0,0,0,0,0,0,5,6,46,0,0,0
2025,4,"00-0039355","L.McCaffrey","WR","WAS",0,0,0,0,0,0,0,0,0,0,0,0,0,0,2,3,21,1,0,0
2025,4,"00-0039361","B.Irving","RB","TB",0,0,0,0,0,0,0,0,0,15,63,0,1,0,5,5,102,1,0,0
2025,4,"00-0039376","S.Rattler","QB","NO",18,27,126,1,0,3,-17,0,0,6,49,0,0,0,0,1,0,0,0,0
2025,4,"00-0039391","K.Vidal","RB","LAC",0,0,0,0,0,0,0,0,0,0,0,0,0,0,0,0,0,0,0,0
2025,4,"00-0039394","Cas.Washington","WR","ATL",0,0,0,0,0,0,0,0,0,0,0,0,0,0,1,3,19,0,0,0
2025,4,"00-0039407","D.Laube","RB","LV",0,0,0,0,0,0,0,0,0,0,0,0,0,0,0,0,0,0,0,0
2025,4,"00-0039410","R.Flournoy","WR","DAL",0,0,0,0,0,0,0,0,0,1,12,0,0,0,2,2,14,0,0,0
2025,4,"00-0039451","I.Williams","WR","NYJ",0,0,0,0,0,0,0,0,0,0,0,0,0,0,0,0,0,0,0,0
2025,4,"00-0039521","X.Weaver","WR","ARI",0,0,0,0,0,0,0,0,0,0,0,0,0,0,0,1,0,0,0,0
2025,4,"00-0039589","K.Johnson","WR","TB",0,0,0,0,0,0,0,0,0,0,0,0,0,0,0,0,0,0,0,0
2025,4,"00-0039686","C.Yankoff","TE","WAS",0,0,0,0,0,0,0,0,0,0,0,0,0,0,0,0,0,0,0,0
2025,4,"00-0039732","B.Nix","QB","DEN",29,42,326,2,1,0,0,0,0,6,7,1,0,0,0,0,0,0,0,0
2025,4,"00-0039738","B.Corum","RB","LA",0,0,0,0,0,0,0,0,0,9,21,0,0,0,2,4,-5,0,0,0
2025,4,"00-0039746","W.Shipley","RB","PHI",0,0,0,0,0,0,0,0,0,0,0,0,0,0,0,1,0,0,0,0
2025,4,"00-0039751","J.Whittington","WR","LA",0,0,0,0,0,0,0,0,0,0,0,0,0,0,1,1,7,0,0,0
2025,4,"00-0039754","D.Culp","TE","TB",0,0,0,0,0,0,0,0,0,0,0,0,0,0,0,0,0,0,0,0
2025,4,"00-0039792","D.Walker","WR","BAL",0,0,0,0,0,0,0,0,0,0,0,0,0,0,0,0,0,0,0,0
2025,4,"00-0039793","A.Barner","TE","SEA",0,0,0,0,0,0,0,0,0,0,0,0,0,0,3,3,32,1,0,0
2025,4,"00-0039794","B.Allen","RB","NYJ",0,0,0,0,0,0,0,0,0,4,26,0,1,0,0,0,0,0,0,0
2025,4,"00-0039796","R.Ali","RB","BAL",0,0,0,0,0,0,0,0,0,0,0,0,0,0,0,0,0,0,0,0
2025,4,"00-0039798","I.Davis","RB","NYJ",0,0,0,0,0,0,0,0,0,3,9,0,0,0,2,2,18,0,0,0
2025,4,"00-0039816","A.Gould","WR","IND",0,0,0,0,0,0,0,0,0,0,0,0,0,0,0,0,0,0,0,0
2025,4,"00-0039847","T.Johnson","TE","NYG",0,0,0,0,0,0,0,0,0,0,0,0,0,0,3,5,17,1,0,0
2025,4,"00-0039849","M.Harrison","WR","ARI",0,0,0,0,0,0,0,0,0,0,0,0,0,0,6,10,66,1,0,0
2025,4,"00-0039851","D.Maye","QB","NE",14,17,203,2,0,1,0,0,0,3,11,1,0,0,0,0,0,0,0,0
2025,4,"00-0039868","T.Franklin","WR","DEN",0,0,0,0,0,0,0,0,0,0,0,0,0,0,4,8,55,0,0,0
2025,4,"00-0039875","R.Davis","RB","BUF",0,0,0,0,0,0,0,0,0,1,3,0,0,0,0,0,0,0,0,0
2025,4,"00-0039880","M.Washington","WR","MIA",0,0,0,0,0,0,0,0,0,2,8,0,0,0,2,3,13,0,0,0
2025,4,"00-0039890","A.Mitchell","WR","IND",0,0,0,0,0,0,0,0,0,0,0,0,0,0,3,4,96,0,1,0
2025,4,"00-0039893","B.Thomas","WR","JAX",0,0,0,0,0,0,0,0,0,1,7,0,0,0,5,7,49,0,0,0
2025,4,"00-0039894","X.Worthy","WR","KC",0,0,0,0,0,0,0,0,0,2,38,0,0,0,5,8,83,0,0,0
2025,4,"00-0039901","K.Coleman","WR","BUF",0,0,0,0,0,0,0,0,0,0,0,0,0,0,3,4,45,0,0,0
2025,4,"00-0039912","B.Sinnott","TE","WAS",0,0,0,0,0,0,0,0,0,0,0,0,0,0,0,0,0,0,0,0
2025,4,"00-0039915","L.McConkey","WR","LAC",0,0,0,0,0,0,0,0,0,0,0,0,0,0,1,6,11,0,0,0
2025,4,"00-0039916","R.Pearsall","WR","SF",0,0,0,0,0,0,0,0,0,0,0,0,0,0,4,5,46,0,0,0
2025,4,"00-0039917","M.Penix","QB","ATL",20,26,313,2,1,1,-6,0,0,4,2,0,0,0,0,0,0,0,0,0
2025,4,"00-0039918","C.Williams","QB","CHI",22,37,212,1,1,1,-10,0,0,8,13,0,0,0,0,0,0,0,0,0
2025,4,"00-0039919","R.Odunze","WR","CHI",0,0,0,0,0,0,0,0,0,0,0,0,0,0,4,8,69,1,0,0
2025,4,"00-0039921","T.Benson","RB","ARI",0,0,0,0,0,0,0,0,0,8,35,0,0,0,5,5,19,0,0,0
2025,4,"00-0040009","S.Williams","WR","GB",0,0,0,0,0,0,0,0,0,1,1,0,0,0,3,3,22,0,0,0
2025,4,"00-0040078","B.Smith","RB","KC",0,0,0,0,0,0,0,0,0,4,9,0,0,0,3,4,27,0,0,0
2025,4,"00-0040122","A.Jeanty","RB","LV",0,0,0,0,0,0,0,0,0,21,138,1,1,0,2,2,17,2,0,0
2025,4,"00-0040124","T.McMillan","WR","CAR",0,0,0,0,0,0,0,0,0,0,0,0,0,0,4,8,62,0,0,0
2025,4,"00-0040128","T.Warren","TE","IND",0,0,0,0,0,0,0,0,0,2,3,1,0,0,5,6,70,0,0,0
2025,4,"00-0040129","E.Egbuka","WR","TB",0,0,0,0,0,0,0,0,0,1,0,0,0,0,4,10,101,1,0,0
2025,4,"00-0040130","J.Higgins","WR","HOU",0,0,0,0,0,0,0,0,0,0,0,0,0,0,1,1,24,1,0,0
2025,4,"00-0040131","K.Williams","WR","NE",0,0,0,0,0,0,0,0,0,1,-2,0,0,0,0,0,0,0,0,0
2025,4,"00-0040134","P.Bryant","WR","DEN",0,0,0,0,0,0,0,0,0,0,0,0,0,0,0,1,0,0,0,0
2025,4,"00-0040138","J.Noel","WR","HOU",0,0,0,0,0,0,0,0,0,1,2,0,0,0,1,1,-2,0,0,0
2025,4,"00-0040142","K.Johnson","RB","PIT",0,0,0,0,0,0,0,0,0,6,22,0,0,0,0,1,0,0,0,0
2025,4,"00-0040154","T.Felton","WR","MIN",0,0,0,0,0,0,0,0,0,0,0,0,0,0,0,0,0,0,0,0
2025,4,"00-0040162","D.Sampson","RB","CLE",0,0,0,0,0,0,0,0,0,1,-2,0,0,0,0,1,0,0,0,0
2025,4,"00-0040164","J.Lane","WR","WAS",0,0,0,0,0,0,0,0,0,0,0,0,0,0,2,3,18,0,0,0
2025,4,"00-0040170","E.Ayomanor","WR","TEN",0,0,0,0,0,0,0,0,0,0,0,0,0,0,2,7,44,0,0,0
2025,4,"00-0040184","K.Lambert-Smith","WR","LAC",0,0,0,0,0,0,0,0,0,0,0,0,0,0,0,0,0,0,0,0
2025,4,"00-0040187","M.Evans","TE","CAR",0,0,0,0,0,0,0,0,0,0,0,0,0,0,3,4,23,1,0,0
2025,4,"00-0040189","O.Gadsden","TE","LAC",0,0,0,0,0,0,0,0,0,0,0,0,0,0,2,3,16,0,0,0
2025,4,"00-0040194","J.Hawes","TE","BUF",0,0,0,0,0,0,0,0,0,0,0,0,0,0,1,1,15,0,0,0
2025,4,"00-0040198","O.Gordon","RB","MIA",0,0,0,0,0,0,0,0,0,6,10,0,0,0,0,1,0,0,0,0
2025,4,"00-0040208","T.Brooks","RB","CIN",0,0,0,0,0,0,0,0,0,0,0,0,0,0,0,0,0,0,0,0
2025,4,"00-0040236","K.Monangai","RB","CHI",0,0,0,0,0,0,0,0,0,4,18,0,0,0,0,0,0,0,0,0
2025,4,"00-0040237","T.Johnson","WR","TB",0,0,0,0,0,0,0,0,0,1,5,0,0,0,1,1,8,0,0,0
2025,4,"00-0040238","L.Allen","RB","JAX",0,0,0,0,0,0,0,0,0,0,0,0,0,0,1,1,7,0,0,0
2025,4,"00-0040242","J.Croskey-Merritt","RB","WAS",0,0,0,0,0,0,0,0,0,7,47,0,0,0,2,2,10,0,0,0
2025,4,"00-0040277","J.Walker","WR","CHI",0,0,0,0,0,0,0,0,0,0,0,0,0,0,0,0,0,0,0,0
2025,4,"00-0040506","M.Price","WR","MIN",0,0,0,0,0,0,0,0,0,0,0,0,0,0,0,0,0,0,0,0
2025,4,"00-0040581","D.Thornton","WR","LV",0,0,0,0,0,0,0,0,0,0,0,0,0,0,0,2,0,0,0,0
2025,4,"00-0040583","W.Marks","RB","HOU",0,0,0,0,0,0,0,0,0,17,69,1,0,0,4,5,50,1,0,0
2025,4,"00-0040584","G.Helm","TE","TEN",0,0,0,0,0,0,0,0,0,0,0,0,0,0,1,1,12,0,0,0
2025,4,"00-0040644","T.Etienne","RB","CAR",0,0,0,0,0,0,0,0,0,7,33,0,0,0,0,0,0,0,0,0
2025,4,"00-0040646","J.Royals","WR","KC",0,0,0,0,0,0,0,0,0,0,0,0,0,0,0,0,0,0,0,0
2025,4,"00-0040648","T.Horton","WR","SEA",0,0,0,0,0,0,0,0,0,0,0,0,0,0,1,2,10,0,0,0
2025,4,"00-0040663","H.Fannin","TE","CLE",0,0,0,0,0,0,0,0,0,1,1,0,0,0,2,6,24,0,0,0
2025,4,"00-0040666","O.Hampton","RB","LAC",0,0,0,0,0,0,0,0,0,12,128,1,0,0,5,5,37,0,0,0
2025,4,"00-0040667","M.Golden","WR","GB",0,0,0,0,0,0,0,0,0,1,5,0,0,0,5,6,58,0,0,0
2025,4,"00-0040676","C.Ward","QB","TEN",10,26,108,0,1,2,-15,0,0,2,22,0,0,0,0,0,0,0,0,0
2025,4,"00-0040691","J.Dart","QB","NYG",13,20,111,1,0,5,-25,0,0,10,54,1,0,0,0,0,0,0,0,0
2025,4,"00-0040704","D.Gabriel","QB","CLE",0,1,0,0,0,0,0,0,0,0,0,0,0,0,0,0,0,0,0,0
2025,4,"00-0040705","C.Dike","WR","TEN",0,0,0,0,0,0,0,0,0,1,-4,0,0,0,0,0,0,0,0,0
2025,4,"00-0040715","C.Skattebo","RB","NYG",0,0,0,0,0,0,0,0,0,25,79,0,0,1,2,2,11,0,0,0
2025,4,"00-0040719","B.Tuten","RB","JAX",0,0,0,0,0,0,0,0,0,4,14,0,0,0,1,1,8,0,0,0
2025,4,"00-0040727","T.Harris","WR","LAC",0,0,0,0,0,0,0,0,0,0,0,0,0,0,0,1,0,0,0,0
2025,4,"00-0040729","J.Bech","WR","LV",0,0,0,0,0,0,0,0,0,0,0,0,0,0,0,0,0,0,0,0
2025,4,"00-0040730","R.Harvey","RB","DEN",0,0,0,0,0,0,0,0,0,14,58,0,0,0,4,5,40,1,0,0
2025,4,"00-0040734","T.Henderson","RB","NE",0,0,0,0,0,0,0,0,0,7,32,1,0,0,2,2,14,0,0,0
2025,4,"00-0040735","L.Burden","WR","CHI",0,0,0,0,0,0,0,0,0,0,0,0,0,0,2,2,-4,0,0,0
2025,4,"00-0040736","M.Taylor","TE","NYJ",0,0,0,0,0,0,0,0,0,0,0,0,0,0,5,7,65,0,0,0
2025,4,"00-0040739","E.Arroyo","TE","SEA",0,0,0,0,0,0,0,0,0,0,0,0,0,0,2,4,44,0,0,0
2025,4,"00-0040782","I.Bond","WR","CLE",0,0,0,0,0,0,0,0,0,0,0,0,0,0,3,6,58,0,0,0
2025,4,"00-0040784","Q.Judkins","RB","CLE",0,0,0,0,0,0,0,0,0,21,82,1,0,0,4,4,33,0,0,0
2025,5,"00-0026498","M.Stafford","QB","LA",30,47,389,3,0,1,-11,0,0,1,0,0,1,0,0,0,0,0,0,0
2025,5,"00-0030061","Z.Ertz","TE","WAS",0,0,0,0,0,0,0,0,0,0,0,0,0,0,0,1,0,0,0,0
2025,5,"00-0030279","K.Allen","WR","LAC",0,0,0,0,0,0,0,0,0,0,0,0,0,0,5,9,58,0,0,0
2025,5,"00-0030506","T.Kelce","TE","KC",0,0,0,0,0,0,0,0,0,0,0,0,0,0,7,8,61,1,0,0
2025,5,"00-0030564","D.Hopkins","WR","BAL",0,0,0,0,0,0,0,0,0,0,0,0,0,0,2,2,46,0,0,0
2025,5,"00-0030565","G.Smith","QB","LV",25,36,228,0,2,4,-38,0,0,3,8,0,0,0,0,0,0,0,0,0
2025,5,"00-0031236","B.Cooks","WR","NO",0,0,0,0,0,0,0,0,0,0,0,0,0,0,1,1,5,0,0,0
2025,5,"00-0031381","D.Adams","WR","LA",0,0,0,0,0,0,0,0,0,0,0,0,0,0,5,11,88,0,0,0
2025,5,"00-0031588","S.Diggs","WR","NE",0,0,0,0,0,0,0,0,0,0,0,0,0,0,10,12,146,0,0,0
2025,5,"00-0031610","D.Waller","TE","MIA",0,0,0,0,0,0,0,0,0,0,0,0,0,0,5,5,78,1,0,0
2025,5,"00-0031687","R.Mostert","RB","LV",0,0,0,0,0,0,0,0,0,7,22,0,0,0,0,0,0,0,0,0
2025,5,"00-0032104","A.Abdullah","RB","IND",0,0,0,0,0,0,0,0,0,2,6,1,0,0,0,0,0,0,0,0
2025,5,"00-0032211","T.Lockett","WR","TEN",0,0,0,0,0,0,0,0,0,0,0,0,0,0,1,4,6,0,0,0
2025,5,"00-0032385","S.Shepard","WR","TB",0,0,0,0,0,0,0,0,0,1,-5,0,0,0,4,5,24,1,0,0
2025,5,"00-0032398","C.Moore","WR","WAS",0,0,0,0,0,0,0,0,0,0,0,0,0,0,0,1,0,0,0,0
2025,5,"00-0032464","K.Raymond","WR","DET",0,0,0,0,0,0,0,0,0,0,0,0,0,0,0,0,0,0,0,0
2025,5,"00-0032764","D.Henry","RB","BAL",0,0,0,0,0,0,0,0,0,15,33,1,0,0,0,1,0,0,0,0
2025,5,"00-0032775","D.Robinson","WR","SF",0,0,0,0,0,0,0,0,0,0,0,0,0,0,3,7,39,0,0,0
2025,5,"00-0032950","C.Wentz","QB","MIN",25,34,236,1,0,3,-16,0,0,3,13,0,0,0,0,0,0,0,0,0
2025,5,"00-0033077","D.Prescott","QB","DAL",18,29,237,4,0,1,-1,0,0,7,28,0,0,0,0,0,0,0,0,0
2025,5,"00-0033090","H.Henry","TE","NE",0,0,0,0,0,0,0,0,0,0,0,0,0,0,2,4,46,0,0,0
2025,5,"00-0033106","J.Goff","QB","DET",19,23,258,3,0,4,-14,1,0,2,-2,0,0,0,0,0,0,0,0,0
2025,5,"00-0033119","J.Brissett","QB","ARI",0,1,0,0,0,0,0,0,0,0,0,0,0,0,0,0,0,0,0,0
2025,5,"00-0033246","J.Mundt","TE","JAX",0,0,0,0,0,0,0,0,0,0,0,0,0,0,1,1,7,0,0,0
2025,5,"00-0033280","C.McCaffrey","RB","SF",0,0,0,0,0,0,0,0,0,22,57,0,0,0,8,9,82,1,0,0
2025,5,"00-0033282","C.Samuel","WR","BUF",0,0,0,0,0,0,0,0,0,0,0,0,0,0,2,2,26,1,0,0
2025,5,"00-0033307","K.Bourne","WR","SF",0,0,0,0,0,0,0,0,0,0,0,0,0,0,10,11,142,0,0,0
2025,5,"00-0033357","T.Hill","TE","NO",1,1,19,0,0,0,0,0,0,6,-1,0,0,0,0,0,0,0,0,0
2025,5,"00-0033375","T.Patrick","WR","JAX",0,0,0,0,0,0,0,0,0,0,0,0,0,0,0,1,0,0,0,0
2025,5,"00-0033526","S.Perine","RB","CIN",0,0,0,0,0,0,0,0,0,4,27,0,0,0,2,2,2,0,0,0
2025,5,"00-0033662","C.Rush","QB","BAL",14,20,179,0,3,1,-16,0,0,0,0,0,0,0,0,0,0,0,0,0
2025,5,"00-0033854","D.Ogunbowale","RB","HOU",0,0,0,0,0,0,0,0,0,0,0,0,0,0,0,0,0,0,0,0
2025,5,"00-0033857","J.Smith-Schuster","WR","KC",0,0,0,0,0,0,0,0,0,0,0,0,0,0,2,3,17,0,0,0
2025,5,"00-0033873","P.Mahomes","QB","KC",29,41,318,1,1,0,0,0,0,6,60,1,0,0,0,0,0,0,0,0
2025,5,"00-0033881","E.Engram","TE","DEN",0,0,0,0,0,0,0,0,0,0,0,0,0,0,4,6,33,1,0,0
2025,5,"00-0033885","D.Njoku","TE","CLE",0,0,0,0,0,0,0,0,0,0,0,0,0,0,6,9,67,1,0,0
2025,5,"00-0033891","Z.Jones","WR","ARI",0,0,0,0,0,0,0,0,0,0,0,0,0,0,2,3,8,0,0,0
2025,5,"00-0033906","A.Kamara","RB","NO",0,0,0,0,0,0,0,0,0,8,27,0,0,0,4,6,28,0,0,0
2025,5,"00-0033908","C.Kupp","WR","SEA",0,0,0,0,0,0,0,0,0,0,0,0,0,0,6,9,59,0,0,0
2025,5,"00-0033921","C.Godwin","WR","TB",0,0,0,0,0,0,0,0,0,0,0,0,0,0,3,4,26,0,0,0
2025,5,"00-0033923","K.Hunt","RB","KC",0,0,0,0,0,0,0,0,0,7,49,2,0,0,1,1,8,0,0,0
2025,5,"00-0033943","J.Reynolds","WR","NYJ",0,0,0,0,0,0,0,0,0,0,0,0,0,0,3,4,29,0,0,1
2025,5,"00-0033955","J.McNichols","RB","WAS",0,0,0,0,0,0,0,0,0,1,6,0,0,0,1,2,12,0,0,0
2025,5,"00-0034270","T.Conklin","TE","LAC",0,0,0,0,0,0,0,0,0,0,0,0,0,0,2,3,30,0,0,0
2025,5,"00-0034272","M.Valdes-Scantling","WR","SF",0,0,0,0,0,0,0,0,0,0,0,0,0,0,1,3,9,0,0,0
2025,5,"00-0034348","C.Sutton","WR","DEN",0,0,0,0,0,0,0,0,0,0,0,0,0,0,8,10,99,0,0,0
2025,5,"00-0034351","D.Goedert","TE","PHI",0,0,0,0,0,0,0,0,0,0,0,0,0,0,3,9,19,1,0,0
2025,5,"00-0034365","I.Thomas","TE","LV",0,0,0,0,0,0,0,0,0,0,0,0,0,0,3,3,20,0,0,0
2025,5,"00-0034383","D.Schultz","TE","HOU",0,0,0,0,0,0,0,0,0,0,0,0,0,0,5,6,60,0,0,0
2025,5,"00-0034487","T.Sherfield","WR","DEN",0,0,0,0,0,0,0,0,0,0,0,0,0,0,1,2,15,0,0,0
2025,5,"00-0034521","A.Lazard","WR","NYJ",0,0,0,0,0,0,0,0,0,0,0,0,0,0,1,2,3,0,0,0
2025,5,"00-0034753","M.Andrews","TE","BAL",0,0,0,0,0,0,0,0,0,0,0,0,0,0,2,3,22,0,0,0
2025,5,"00-0034775","C.Kirk","WR","HOU",0,0,0,0,0,0,0,0,0,0,0,0,0,0,4,4,64,0,0,0
2025,5,"00-0034791","N.Chubb","RB","HOU",0,0,0,0,0,0,0,0,0,11,61,1,0,0,0,1,0,0,0,0
2025,5,"00-0034829","M.Gesicki","TE","CIN",0,0,0,0,0,0,0,0,0,0,0,0,0,0,2,5,15,0,0,0
2025,5,"00-0034837","C.Ridley","WR","TEN",0,0,0,0,0,0,0,0,0,0,0,0,0,0,5,10,131,0,0,0
2025,5,"00-0034844","S.Barkley","RB","PHI",0,0,0,0,0,0,0,0,0,6,30,0,0,0,3,3,58,1,0,0
2025,5,"00-0034855","B.Mayfield","QB","TB",29,33,379,2,0,1,-9,0,1,5,15,0,0,0,0,0,0,0,0,0
2025,5,"00-0034857","J.Allen","QB","BUF",22,31,253,2,1,1,-8,0,0,9,53,0,1,0,0,0,0,0,0,0
2025,5,"00-0034867","M.Turner","WR","SF",0,0,0,0,0,0,0,0,0,0,0,0,0,0,0,1,0,0,0,0
2025,5,"00-0034869","S.Darnold","QB","SEA",28,34,341,4,1,0,0,0,0,0,0,0,0,0,0,0,0,0,0,0
2025,5,"00-0034960","J.Meyers","WR","LV",0,0,0,0,0,0,0,0,0,0,0,0,0,0,4,6,32,0,0,0
2025,5,"00-0034975","J.Hill","RB","BAL",0,0,0,0,0,0,0,0,0,1,3,0,0,0,1,2,9,0,0,0
2025,5,"00-0034983","H.Renfrow","WR","CAR",0,0,0,0,0,0,0,0,0,0,0,0,0,0,1,3,7,0,0,0
2025,5,"00-0035021","A.Dulin","WR","IND",0,0,0,0,0,0,0,0,0,0,0,0,0,0,2,5,55,0,0,0
2025,5,"00-0035100","J.Browning","QB","CIN",26,40,251,3,3,2,-14,0,0,4,31,0,0,0,0,0,0,0,0,0
2025,5,"00-0035228","K.Murray","QB","ARI",23,31,220,0,0,3,-28,0,0,4,25,1,1,0,0,0,0,0,0,0
2025,5,"00-0035229","T.Hockenson","TE","MIN",0,0,0,0,0,0,0,0,0,0,0,0,0,0,6,6,38,0,0,0
2025,5,"00-0035249","J.Oliver","TE","MIN",0,0,0,0,0,0,0,0,0,0,0,0,0,0,2,3,35,1,0,0
2025,5,"00-0035250","D.Singletary","RB","NYG",0,0,0,0,0,0,0,0,0,6,20,0,0,0,1,2,4,0,0,0
2025,5,"00-0035261","T.Pollard","RB","TEN",0,0,0,0,0,0,0,0,0,14,67,1,1,0,3,3,11,0,0,0
2025,5,"00-0035500","G.Dortch","WR","ARI",0,0,0,0,0,0,0,0,0,0,0,0,0,0,2,2,12,0,0,0
2025,5,"00-0035535","D.Slayton","WR","NYG",0,0,0,0,0,0,0,0,0,0,0,0,0,0,3,6,31,0,1,0
2025,5,"00-0035537","Ty.Johnson","RB","BUF",0,0,0,0,0,0,0,0,0,2,10,0,0,0,0,0,0,0,0,0
2025,5,"00-0035567","C.Reynolds","RB","DET",0,0,0,0,0,0,0,0,0,0,0,0,0,0,0,0,0,0,0,0
2025,5,"00-0035602","A.Bachman","WR","LV",0,0,0,0,0,0,0,0,0,0,0,0,0,0,1,1,9,0,0,0
2025,5,"00-0035631","D.Sample","TE","CIN",0,0,0,0,0,0,0,0,0,0,0,0,0,0,1,1,-1,0,0,0
2025,5,"00-0035645","G.Olszewski","WR","NYG",0,0,0,0,0,0,0,0,0,0,0,0,0,0,0,0,0,0,0,0
2025,5,"00-0035662","M.Brown","WR","KC",0,0,0,0,0,0,0,0,0,0,0,0,0,0,4,8,48,0,0,0
2025,5,"00-0035676","A.Brown","WR","PHI",0,0,0,0,0,0,0,0,0,0,0,0,0,0,5,8,43,0,0,0
2025,5,"00-0035685","D.Montgomery","RB","DET",1,1,3,1,0,0,0,0,0,18,65,1,0,0,1,1,6,0,0,0
2025,5,"00-0035689","D.Knox","TE","BUF",0,0,0,0,0,0,0,0,0,0,0,0,0,0,2,2,15,0,0,0
2025,5,"00-0035710","D.Jones","QB","IND",20,29,212,2,0,0,0,0,0,1,2,0,0,0,0,0,0,0,0,0
2025,5,"00-0035719","D.Samuel","WR","WAS",0,0,0,0,0,0,0,0,0,0,0,0,0,0,8,11,96,1,0,0
2025,5,"00-0036040","J.Johnson","TE","NO",0,0,0,0,0,0,0,0,0,0,0,0,0,0,2,4,17,0,0,0
2025,5,"00-0036139","R.Dowdle","RB","CAR",0,0,0,0,0,0,0,0,0,23,206,1,0,0,3,4,28,0,0,0
2025,5,"00-0036158","J.Dobbins","RB","DEN",0,0,0,0,0,0,0,0,0,20,79,1,0,0,1,1,5,0,0,0
2025,5,"00-0036187","R.Gilliam","RB","BUF",0,0,0,0,0,0,0,0,0,0,0,0,0,0,0,0,0,0,0,0
2025,5,"00-0036212","T.Tagovailoa","QB","MIA",27,36,256,3,0,3,-27,0,0,1,5,0,0,0,0,0,0,0,0,0
2025,5,"00-0036223","J.Taylor","RB","IND",0,0,0,0,0,0,0,0,0,17,66,3,0,1,3,4,20,0,0,0
2025,5,"00-0036232","H.Bryant","TE","HOU",0,0,0,0,0,0,0,0,0,0,0,0,0,0,1,2,5,0,0,0
2025,5,"00-0036244","C.Parkinson","TE","LA",0,0,0,0,0,0,0,0,0,0,0,0,0,0,0,1,0,0,0,0
2025,5,"00-0036252","M.Pittman","WR","IND",0,0,0,0,0,0,0,0,0,0,0,0,0,0,5,6,39,1,0,0
2025,5,"00-0036265","A.Dillon","RB","PHI",0,0,0,0,0,0,0,0,0,2,12,0,0,0,0,0,0,0,0,0
2025,5,"00-0036322","J.Jefferson","WR","MIN",0,0,0,0,0,0,0,0,0,0,0,0,0,0,7,11,123,0,0,0
2025,5,"00-0036328","A.Gibson","RB","NE",0,0,0,0,0,0,0,0,0,6,21,0,0,0,1,1,5,0,0,0
2025,5,"00-0036355","J.Herbert","QB","LAC",22,29,166,1,1,4,-24,0,0,4,60,0,0,0,0,0,0,0,0,0
2025,5,"00-0036389","J.Hurts","QB","PHI",23,38,280,2,0,6,-23,0,0,2,3,0,0,0,0,0,0,0,0,0
2025,5,"00-0036407","J.Jeudy","WR","CLE",0,0,0,0,0,0,0,0,0,0,0,0,0,0,2,5,15,0,0,0
2025,5,"00-0036410","T.Higgins","WR","CIN",0,0,0,0,0,0,0,0,0,0,0,0,0,0,3,7,22,1,0,0
2025,5,"00-0036414","C.Akers","RB","MIN",1,1,32,1,0,0,0,0,0,0,0,0,0,0,0,0,0,0,0,0
2025,5,"00-0036422","A.Trautman","TE","DEN",0,0,0,0,0,0,0,0,0,0,0,0,0,0,1,1,11,0,0,0
2025,5,"00-0036423","A.Okwuegbunam","TE","LV",0,0,0,0,0,0,0,0,0,0,0,0,0,0,5,6,36,0,0,0
2025,5,"00-0036425","D.Dallas","RB","CAR",0,0,0,0,0,0,0,0,0,0,0,0,0,0,0,0,0,0,0,0
2025,5,"00-0036550","R.Bateman","WR","BAL",0,0,0,0,0,0,0,0,0,0,0,0,0,0,0,3,0,0,0,0
2025,5,"00-0036554","N.Collins","WR","HOU",0,0,0,0,0,0,0,0,0,1,8,0,0,0,4,5,52,1,0,0
2025,5,"00-0036590","Q.Morris","TE","JAX",0,0,0,0,0,0,0,0,0,0,0,0,0,0,0,0,0,0,0,0
2025,5,"00-0036613","J.Waddle","WR","MIA",0,0,0,0,0,0,0,0,0,0,0,0,0,0,6,9,110,1,0,0
2025,5,"00-0036620","D.Eskridge","WR","MIA",0,0,0,0,0,0,0,0,0,0,0,0,0,0,0,0,0,0,0,0
2025,5,"00-0036626","D.Brown","WR","JAX",0,0,0,0,0,0,0,0,0,0,0,0,0,0,2,4,15,0,0,0
2025,5,"00-0036628","J.Bates","TE","WAS",0,0,0,0,0,0,0,0,0,0,0,0,0,0,1,1,9,0,0,0
2025,5,"00-0036646","S.Fehoko","WR","ARI",0,0,0,0,0,0,0,0,0,0,0,0,0,0,0,0,0,0,0,0
2025,5,"00-0036754","B.Wright","TE","DET",0,0,0,0,0,0,0,0,0,0,0,0,0,0,2,3,9,1,0,0
2025,5,"00-0036849","T.Atwell","WR","LA",0,0,0,0,0,0,0,0,0,0,0,0,0,0,2,4,72,0,0,0
2025,5,"00-0036875","R.Stevenson","RB","NE",0,0,0,0,0,0,0,0,0,7,14,2,0,0,2,2,13,0,1,0
2025,5,"00-0036876","K.Granson","TE","PHI",0,0,0,0,0,0,0,0,0,0,0,0,0,0,0,0,0,0,0,0
2025,5,"00-0036887","L.Farrell","TE","SF",0,0,0,0,0,0,0,0,0,0,0,0,0,0,1,2,8,0,0,0
2025,5,"00-0036898","D.Mills","QB","HOU",2,4,23,0,0,0,0,0,0,3,3,0,0,0,0,0,0,0,0,0
2025,5,"00-0036900","J.Chase","WR","CIN",0,0,0,0,0,0,0,0,0,0,0,0,0,0,6,10,110,2,0,0
2025,5,"00-0036906","K.Herbert","RB","NYJ",0,0,0,0,0,0,0,0,0,0,0,0,0,0,0,0,0,0,0,0
2025,5,"00-0036912","D.Smith","WR","PHI",0,0,0,0,0,0,0,0,0,0,0,0,0,0,8,10,114,0,0,0
2025,5,"00-0036924","M.Carter","RB","ARI",0,0,0,0,0,0,0,0,0,18,51,1,0,0,5,5,22,0,0,0
2025,5,"00-0036945","J.Fields","QB","NYJ",32,46,283,2,0,5,-49,0,2,7,26,0,0,0,0,0,0,0,0,0
2025,5,"00-0036950","A.Williams","RB","NYJ",0,0,0,0,0,0,0,0,0,0,0,0,0,0,0,0,0,0,0,0
2025,5,"00-0036963","A.St. Brown","WR","DET",0,0,0,0,0,0,0,0,0,0,0,0,0,0,8,9,100,0,0,0
2025,5,"00-0036971","T.Lawrence","QB","JAX",18,25,221,1,1,3,-11,0,0,10,54,2,1,0,0,0,0,0,0,0
2025,5,"00-0036972","M.Jones","QB","SF",33,49,342,2,0,1,-9,0,0,4,5,0,0,0,0,0,0,0,0,0
2025,5,"00-0036973","T.Etienne","RB","JAX",0,0,0,0,0,0,0,0,0,12,49,0,0,0,3,4,9,0,0,0
2025,5,"00-0036988","J.Palmer","WR","BUF",0,0,0,0,0,0,0,0,0,0,0,0,0,0,2,2,36,0,0,0
2025,5,"00-0036997","J.Williams","RB","DAL",0,0,0,0,0,0,0,0,0,16,135,1,0,0,1,2,4,1,0,0
2025,5,"00-0037004","H.Long","TE","JAX",0,0,0,0,0,0,0,0,0,0,0,0,0,0,1,1,3,0,0,0
2025,5,"00-0037005","T.Tremble","TE","CAR",0,0,0,0,0,0,0,0,0,0,0,0,0,0,1,2,7,0,0,0
2025,5,"00-0037012","T.Lance","QB","LAC",3,4,44,0,0,1,-5,0,0,1,11,0,0,0,0,0,0,0,0,0
2025,5,"00-0037085","T.Badie","RB","DEN",0,0,0,0,0,0,0,0,0,0,0,0,0,0,1,2,16,0,0,0
2025,5,"00-0037086","G.Calcaterra","TE","PHI",0,0,0,0,0,0,0,0,0,0,0,0,0,0,2,2,18,0,0,0
2025,5,"00-0037093","D.Young","WR","SEA",0,0,0,0,0,0,0,0,0,0,0,0,0,0,1,1,36,0,0,0
2025,5,"00-0037112","J.Tonges","TE","SF",0,0,0,0,0,0,0,0,0,0,0,0,0,0,7,11,41,1,0,0
2025,5,"00-0037157","Z.Knight","RB","ARI",0,0,0,0,0,0,0,0,0,4,11,1,0,0,1,1,13,0,0,0
2025,5,"00-0037197","I.Pacheco","RB","KC",0,0,0,0,0,0,0,0,0,7,36,0,0,0,3,3,20,0,0,0
2025,5,"00-0037239","C.Olave","WR","NO",0,0,0,0,0,0,0,0,0,0,0,0,0,0,7,11,59,0,0,0
2025,5,"00-0037240","J.Williams","WR","DET",0,0,0,0,0,0,0,0,0,1,1,0,0,0,1,1,9,0,0,0
2025,5,"00-0037247","G.Pickens","WR","DAL",0,0,0,0,0,0,0,0,0,0,0,0,0,0,2,4,57,1,0,0
2025,5,"00-0037248","J.Cook","RB","BUF",0,0,0,0,0,0,0,0,0,15,49,0,0,0,0,1,0,0,0,0
2025,5,"00-0037256","R.White","RB","TB",0,0,0,0,0,0,0,0,0,14,41,2,0,0,4,4,30,0,0,0
2025,5,"00-0037258","D.Pierce","RB","HOU",0,0,0,0,0,0,0,0,0,7,21,0,0,0,0,0,0,0,0,0
2025,5,"00-0037261","K.Shakir","WR","BUF",0,0,0,0,0,0,0,0,0,1,5,0,0,0,6,9,45,0,0,0
2025,5,"00-0037267","J.Ford","RB","CLE",0,0,0,0,0,0,0,0,0,5,18,0,0,0,2,2,20,0,0,0
2025,5,"00-0037282","J.Mitchell","TE","CAR",0,0,0,0,0,0,0,0,0,0,0,0,0,0,1,1,11,0,0,0
2025,5,"00-0037291","J.Nailor","WR","MIN",0,0,0,0,0,0,0,0,0,1,15,0,0,0,3,4,27,0,0,0
2025,5,"00-0037340","Z.Mitchell-Paden","TE","BAL",0,0,0,0,0,0,0,0,0,0,0,0,0,0,1,1,3,0,0,0
2025,5,"00-0037348","T.Conner","TE","MIA",0,0,0,0,0,0,0,0,0,0,0,0,0,0,2,2,16,0,0,0
2025,5,"00-0037524","T.Martin","WR","WAS",0,0,0,0,0,0,0,0,0,0,0,0,0,0,1,1,9,0,0,0
2025,5,"00-0037525","J.Mason","RB","MIN",0,0,0,0,0,0,0,0,0,13,52,1,1,0,3,4,4,0,0,0
2025,5,"00-0037545","R.Shaheed","WR","NO",0,0,0,0,0,0,0,0,0,0,0,0,0,0,4,5,114,1,0,0
2025,5,"00-0037594","J.Chestnut","RB","TEN",0,0,0,0,0,0,0,0,0,1,3,0,0,0,0,1,0,0,0,0
2025,5,"00-0037617","H.Haskins","RB","LAC",0,0,0,0,0,0,0,0,0,5,13,0,0,0,1,1,2,0,0,0
2025,5,"00-0037666","J.Tolbert","WR","DAL",0,0,0,0,0,0,0,0,0,0,0,0,0,0,0,1,0,0,0,0
2025,5,"00-0037740","G.Wilson","WR","NYJ",0,0,0,0,0,0,0,0,0,0,0,0,0,0,6,10,71,1,0,0
2025,5,"00-0037741","J.Dotson","WR","PHI",0,0,0,0,0,0,0,0,0,0,0,0,0,0,1,3,24,0,0,0
2025,5,"00-0037744","T.McBride","TE","ARI",0,0,0,0,0,0,0,0,0,0,0,0,0,0,5,7,41,0,0,0
2025,5,"00-0037745","V.Jones","WR","NO",0,0,0,0,0,0,0,0,0,0,0,0,0,0,0,0,0,0,0,0
2025,5,"00-0037746","B.Robinson","RB","SF",0,0,0,0,0,0,0,0,0,5,12,0,0,0,0,0,0,0,0,0
2025,5,"00-0037805","J.Ruckert","TE","NYJ",0,0,0,0,0,0,0,0,0,0,0,0,0,0,4,4,28,0,0,0
2025,5,"00-0037809","C.Okonkwo","TE","TEN",0,0,0,0,0,0,0,0,0,0,0,0,0,0,4,5,48,0,0,0
2025,5,"00-0037838","I.Likely","TE","BAL",0,0,0,0,0,0,0,0,0,0,0,0,0,0,1,1,12,0,0,0
2025,5,"00-0037840","K.Williams","RB","LA",0,0,0,0,0,0,0,0,0,14,65,0,1,0,8,10,66,2,0,0
2025,5,"00-0038041","J.Ferguson","TE","DAL",0,0,0,0,0,0,0,0,0,0,0,0,0,0,7,9,49,2,0,0
2025,5,"00-0038046","C.Kolar","TE","BAL",0,0,0,0,0,0,0,0,0,0,0,0,0,0,1,1,10,0,0,0
2025,5,"00-0038090","S.Moore","WR","SF",0,0,0,0,0,0,0,0,0,1,1,0,0,0,0,0,0,0,0,0
2025,5,"00-0038104","T.Thornton","WR","KC",0,0,0,0,0,0,0,0,0,0,0,0,0,0,3,5,90,0,0,0
2025,5,"00-0038115","D.Bellinger","TE","NYG",0,0,0,0,0,0,0,0,0,0,0,0,0,0,4,4,52,0,0,0
2025,5,"00-0038117","W.Robinson","WR","NYG",0,0,0,0,0,0,0,0,0,1,2,0,0,0,5,7,30,0,0,0
2025,5,"00-0038120","B.Hall","RB","NYJ",0,0,0,0,0,0,0,0,0,14,113,0,1,0,4,5,42,0,0,0
2025,5,"00-0038129","C.Otton","TE","TB",0,0,0,0,0,0,0,0,0,0,0,0,0,0,4,5,81,0,0,0
2025,5,"00-0038134","K.Walker","RB","SEA",0,0,0,0,0,0,0,0,0,10,86,0,0,0,1,1,0,0,0,0
2025,5,"00-0038359","X.Smith","WR","LA",0,0,0,0,0,0,0,0,0,0,0,0,0,0,0,0,0,0,0,0
2025,5,"00-0038440","Z.Scott","RB","MIN",0,0,0,0,0,0,0,0,0,5,18,0,1,0,0,0,0,0,0,0
2025,5,"00-0038454","K.Mitchell","RB","BAL",0,0,0,0,0,0,0,0,0,3,8,0,0,0,1,1,5,0,0,0
2025,5,"00-0038456","T.Vokolek","TE","ARI",0,0,0,0,0,0,0,0,0,0,0,0,0,0,0,0,0,0,0,0
2025,5,"00-0038492","J.Brownlee","WR","KC",0,0,0,0,0,0,0,0,0,0,0,0,0,0,0,0,0,0,0,0
2025,5,"00-0038519","N.Remigio","WR","KC",0,0,0,0,0,0,0,0,0,0,0,0,0,0,0,0,0,0,0,0
2025,5,"00-0038543","J.Smith-Njigba","WR","SEA",0,0,0,0,0,0,0,0,0,0,0,0,0,0,8,9,132,1,0,0
2025,5,"00-0038544","Q.Johnston","WR","LAC",0,0,0,0,0,0,0,0,0,1,9,0,0,0,4,4,40,0,1,0
2025,5,"00-0038547","L.Schoonmaker","TE","DAL",0,0,0,0,0,0,0,0,0,0,0,0,0,0,1,2,3,0,0,0
2025,5,"00-0038551","K.Miller","RB","NO",0,0,0,0,0,0,0,0,0,10,41,0,0,0,1,1,8,0,0,0
2025,5,"00-0038555","T.Bigsby","RB","PHI",0,0,0,0,0,0,0,0,0,0,0,0,0,0,0,0,0,0,0,0
2025,5,"00-0038559","Mi.Wilson","WR","ARI",0,0,0,0,0,0,0,0,0,0,0,0,0,0,2,4,16,0,0,0
2025,5,"00-0038563","T.Tucker","WR","LV",0,0,0,0,0,0,0,0,0,1,9,0,0,0,4,6,62,0,0,0
2025,5,"00-0038564","C.Latu","TE","PHI",0,0,0,0,0,0,0,0,0,0,0,0,0,0,0,0,0,0,0,0
2025,5,"00-0038576","C.Jones","WR","CIN",0,0,0,0,0,0,0,0,0,0,0,0,0,0,0,0,0,0,0,0
2025,5,"00-0038597","C.Brown","RB","CIN",0,0,0,0,0,0,0,0,0,8,27,0,0,0,7,8,21,0,0,0
2025,5,"00-0038606","P.Washington","WR","JAX",0,0,0,0,0,0,0,0,0,0,0,0,0,0,2,3,16,1,0,0
2025,5,"00-0038608","K.Boutte","WR","NE",0,0,0,0,0,0,0,0,0,0,0,0,0,0,3,3,43,0,0,0
2025,5,"00-0038611","C.Rodriguez","RB","WAS",0,0,0,0,0,0,0,0,0,5,7,0,0,0,0,0,0,0,0,0
2025,5,"00-0038618","X.Hutchinson","WR","HOU",0,0,0,0,0,0,0,0,0,0,0,0,0,0,3,3,18,2,0,0
2025,5,"00-0038619","A.Iosivas","WR","CIN",0,0,0,0,0,0,0,0,0,0,0,0,0,0,5,7,82,0,0,0
2025,5,"00-0038621","D.Douglas","WR","NE",0,0,0,0,0,0,0,0,0,0,0,0,0,0,2,3,17,0,0,0
2025,5,"00-0038640","J.Brooks","WR","DAL",0,0,0,0,0,0,0,0,0,0,0,0,0,0,0,0,0,0,0,0
2025,5,"00-0038643","B.Willis","TE","SF",0,0,0,0,0,0,0,0,0,0,0,0,0,0,0,0,0,0,0,0
2025,5,"00-0038679","T.Shavers","WR","BUF",0,0,0,0,0,0,0,0,0,0,0,0,0,0,0,1,0,0,0,0
2025,5,"00-0038705","E.Demercado","RB","ARI",0,0,0,0,0,0,0,0,0,3,81,0,1,0,0,0,0,0,0,0
2025,5,"00-0038720","J.Hill","TE","MIA",0,0,0,0,0,0,0,0,0,0,0,0,0,0,4,5,22,0,0,0
2025,5,"00-0038738","H.Luepke","RB","DAL",0,0,0,0,0,0,0,0,0,0,0,0,0,0,1,1,10,0,0,0
2025,5,"00-0038740","J.Moreno-Cropper","WR","DAL",0,0,0,0,0,0,0,0,0,0,0,0,0,0,0,0,0,0,0,0
2025,5,"00-0038752","J.Bobo","WR","SEA",0,0,0,0,0,0,0,0,0,0,0,0,0,0,0,0,0,0,0,0
2025,5,"00-0038783","N.Adkins","TE","DEN",0,0,0,0,0,0,0,0,0,0,0,0,0,0,0,1,0,0,0,0
2025,5,"00-0038840","B.Tremayne","WR","CAR",0,0,0,0,0,0,0,0,0,0,0,0,0,0,1,1,9,0,0,0
2025,5,"00-0038896","J.Saylors","RB","DET",0,0,0,0,0,0,0,0,0,0,0,0,0,0,0,0,0,0,0,0
2025,5,"00-0038933","D.Kincaid","TE","BUF",0,0,0,0,0,0,0,0,0,0,0,0,0,0,6,6,108,0,0,0
2025,5,"00-0038935","B.Strange","TE","JAX",0,0,0,0,0,0,0,0,0,0,0,0,0,0,1,1,22,0,0,0
2025,5,"00-0038938","J.Hyatt","WR","NYG",0,0,0,0,0,0,0,0,0,0,0,0,0,0,0,3,0,0,0,0
2025,5,"00-0038951","S.Tucker","RB","TB",0,0,0,0,0,0,0,0,0,3,3,0,0,0,3,3,-4,0,0,0
2025,5,"00-0038976","M.Mims","WR","DEN",0,0,0,0,0,0,0,0,0,1,9,0,0,0,2,5,10,0,0,0
2025,5,"00-0038994","J.Addison","WR","MIN",0,0,0,0,0,0,0,0,0,0,0,0,0,0,5,6,41,1,0,0
2025,5,"00-0038997","J.Downs","WR","IND",0,0,0,0,0,0,0,0,0,0,0,0,0,0,6,8,54,0,0,0
2025,5,"00-0039032","T.Spears","RB","TEN",0,0,0,0,0,0,0,0,0,4,14,0,0,0,0,0,0,0,0,0
2025,5,"00-0039040","D.Achane","RB","MIA",0,0,0,0,0,0,0,0,0,10,16,0,0,0,6,7,30,1,0,0
2025,5,"00-0039041","E.Higgins","TE","ARI",0,0,0,0,0,0,0,0,0,0,0,0,0,0,2,2,10,0,0,0
2025,5,"00-0039050","P.Durham","TE","TB",0,0,0,0,0,0,0,0,0,0,0,0,0,0,0,0,0,0,0,0
2025,5,"00-0039064","Z.Flowers","WR","BAL",0,0,0,0,0,0,0,0,0,0,0,0,0,0,5,5,72,0,0,0
2025,5,"00-0039065","S.LaPorta","TE","DET",0,0,0,0,0,0,0,0,0,0,0,0,0,0,5,6,92,1,0,0
2025,5,"00-0039074","D.Allen","TE","LA",0,0,0,0,0,0,0,0,0,0,0,0,0,0,2,2,24,0,0,0
2025,5,"00-0039075","P.Nacua","WR","LA",0,0,0,0,0,0,0,0,0,0,0,0,0,0,10,12,85,1,0,0
2025,5,"00-0039139","J.Gibbs","RB","DET",0,0,0,0,0,0,0,0,0,12,54,0,0,0,2,2,33,1,0,0
2025,5,"00-0039150","B.Young","QB","CAR",19,30,198,2,1,3,-19,1,0,3,1,0,0,0,0,0,0,0,0,0
2025,5,"00-0039163","C.Stroud","QB","HOU",23,27,244,4,0,2,-17,0,0,1,30,0,0,0,0,0,0,0,0,0
2025,5,"00-0039164","A.Richardson","QB","IND",1,2,9,0,0,0,0,0,0,0,0,0,0,0,1,1,9,0,0,0
2025,5,"00-0039165","Z.Charbonnet","RB","SEA",0,0,0,0,0,0,0,0,0,9,36,1,0,0,1,2,12,0,0,0
2025,5,"00-0039299","G.Holani","RB","SEA",0,0,0,0,0,0,0,0,0,0,0,0,0,0,0,0,0,0,0,0
2025,5,"00-0039342","X.Legette","WR","CAR",0,0,0,0,0,0,0,0,0,0,0,0,0,0,2,3,31,1,0,0
2025,5,"00-0039355","L.McCaffrey","WR","WAS",0,0,0,0,0,0,0,0,0,0,0,0,0,0,1,2,50,0,0,0
2025,5,"00-0039363","I.Guerendo","RB","SF",0,0,0,0,0,0,0,0,0,0,0,0,0,0,0,0,0,0,0,0
2025,5,"00-0039376","S.Rattler","QB","NO",21,31,225,1,0,0,0,0,0,6,21,0,0,0,1,1,0,0,0,0
2025,5,"00-0039379","J.Thrash","WR","CLE",0,0,0,0,0,0,0,0,0,0,0,0,0,0,1,1,22,0,0,0
2025,5,"00-0039391","K.Vidal","RB","LAC",0,0,0,0,0,0,0,0,0,4,18,0,0,0,1,1,1,0,0,0
2025,5,"00-0039407","D.Laube","RB","LV",0,0,0,0,0,0,0,0,0,0,0,0,0,0,0,0,0,0,0,0
2025,5,"00-0039410","R.Flournoy","WR","DAL",0,0,0,0,0,0,0,0,0,2,10,0,0,0,6,9,114,0,0,0
2025,5,"00-0039424","D.Vele","WR","NO",0,0,0,0,0,0,0,0,0,0,0,0,0,0,2,2,13,0,0,0
2025,5,"00-0039458","B.Bates","TE","HOU",0,0,0,0,0,0,0,0,0,0,0,0,0,0,2,2,23,0,0,0
2025,5,"00-0039530","B.Spann-Ford","TE","DAL",0,0,0,0,0,0,0,0,0,0,0,0,0,0,0,0,0,0,0,0
2025,5,"00-0039589","K.Johnson","WR","TB",0,0,0,0,0,0,0,0,0,1,2,0,0,0,0,0,0,0,0,0
2025,5,"00-0039603","B.Brooks","RB","HOU",0,0,0,0,0,0,0,0,0,2,15,0,0,0,0,0,0,0,0,0
2025,5,"00-0039686","C.Yankoff","TE","WAS",0,0,0,0,0,0,0,0,0,0,0,0,0,0,0,0,0,0,0,0
2025,5,"00-0039732","B.Nix","QB","DEN",24,39,242,1,0,2,-14,0,1,3,22,0,0,0,0,0,0,0,0,0
2025,5,"00-0039737","T.Reiman","TE","ARI",0,0,0,0,0,0,0,0,0,0,0,0,0,0,0,1,0,0,0,0
2025,5,"00-0039738","B.Corum","RB","LA",0,0,0,0,0,0,0,0,0,1,13,0,0,0,0,2,0,0,0,0
2025,5,"00-0039746","W.Shipley","RB","PHI",0,0,0,0,0,0,0,0,0,1,0,0,0,0,1,2,4,0,0,0
2025,5,"00-0039751","J.Whittington","WR","LA",0,0,0,0,0,0,0,0,0,0,0,0,0,0,2,3,33,0,0,0
2025,5,"00-0039792","D.Walker","WR","BAL",0,0,0,0,0,0,0,0,0,0,0,0,0,0,0,0,0,0,0,0
2025,5,"00-0039793","A.Barner","TE","SEA",0,0,0,0,0,0,0,0,0,0,0,0,0,0,7,7,53,2,0,0
2025,5,"00-0039796","R.Ali","RB","BAL",0,0,0,0,0,0,0,0,0,0,0,0,0,0,0,0,0,0,0,0
2025,5,"00-0039798","I.Davis","RB","NYJ",0,0,0,0,0,0,0,0,0,1,5,0,0,0,3,4,28,0,0,0
2025,5,"00-0039816","A.Gould","WR","IND",0,0,0,0,0,0,0,0,0,0,0,0,0,0,0,0,0,0,0,0
2025,5,"00-0039847","T.Johnson","TE","NYG",0,0,0,0,0,0,0,0,0,0,0,0,0,0,6,7,33,2,0,0
2025,5,"00-0039849","M.Harrison","WR","ARI",0,0,0,0,0,0,0,0,0,0,0,0,0,0,4,5,98,0,0,0
2025,5,"00-0039851","D.Maye","QB","NE",22,30,273,0,0,4,-6,0,0,3,12,0,0,0,0,0,0,0,0,0
2025,5,"00-0039868","T.Franklin","WR","DEN",0,0,0,0,0,0,0,0,0,0,0,0,0,0,3,5,35,0,0,1
2025,5,"00-0039875","R.Davis","RB","BUF",0,0,0,0,0,0,0,0,0,2,1,0,0,0,0,0,0,0,0,0
2025,5,"00-0039880","M.Washington","WR","MIA",0,0,0,0,0,0,0,0,0,0,0,0,0,0,4,5,0,0,0,0
2025,5,"00-0039890","A.Mitchell","WR","IND",0,0,0,0,0,0,0,0,0,0,0,0,0,0,0,1,0,0,0,0
2025,5,"00-0039893","B.Thomas","WR","JAX",0,0,0,0,0,0,0,0,0,0,0,0,0,0,4,6,80,0,0,0
2025,5,"00-0039894","X.Worthy","WR","KC",0,0,0,0,0,0,0,0,0,1,9,0,0,0,6,9,42,0,0,0
2025,5,"00-0039901","K.Coleman","WR","BUF",0,0,0,0,0,0,0,0,0,0,0,0,0,0,4,7,23,1,1,0
2025,5,"00-0039910","J.Daniels","QB","WAS",15,26,231,1,0,1,-5,0,0,8,39,0,0,0,0,0,0,0,0,0
2025,5,"00-0039915","L.McConkey","WR","LAC",0,0,0,0,0,0,0,0,0,0,0,0,0,0,5,7,39,1,0,0
2025,5,"00-0039920","M.Corley","WR","CLE",0,0,0,0,0,0,0,0,0,1,11,0,0,0,0,0,0,0,0,0
2025,5,"00-0040075","L.Wester","WR","BAL",0,0,0,0,0,0,0,0,0,0,0,0,0,0,0,0,0,0,0,0
2025,5,"00-0040078","B.Smith","RB","KC",0,0,0,0,0,0,0,0,0,1,4,0,0,0,3,3,32,0,0,0
2025,5,"00-0040122","A.Jeanty","RB","LV",0,0,0,0,0,0,0,0,0,14,67,0,0,0,5,7,42,0,0,0
2025,5,"00-0040124","T.McMillan","WR","CAR",0,0,0,0,0,0,0,0,0,0,0,0,0,0,6,8,73,0,0,0
2025,5,"00-0040128","T.Warren","TE","IND",0,1,0,0,0,0,0,0,0,0,0,0,0,0,4,4,44,1,0,0
2025,5,"00-0040129","E.Egbuka","WR","TB",0,0,0,0,0,0,0,0,0,0,0,0,0,0,7,7,163,1,0,1
2025,5,"00-0040130","J.Higgins","WR","HOU",0,0,0,0,0,0,0,0,0,0,0,0,0,0,4,4,32,0,0,0
2025,5,"00-0040134","P.Bryant","WR","DEN",0,0,0,0,0,0,0,0,0,0,0,0,0,0,0,0,0,0,0,0
2025,5,"00-0040138","J.Noel","WR","HOU",0,0,0,0,0,0,0,0,0,1,5,0,0,0,2,3,13,1,0,0
2025,5,"00-0040154","T.Felton","WR","MIN",0,0,0,0,0,0,0,0,0,0,0,0,0,0,0,0,0,0,0,0
2025,5,"00-0040162","D.Sampson","RB","CLE",0,0,0,0,0,0,0,0,0,1,-4,0,0,0,1,2,6,0,0,0
2025,5,"00-0040164","J.Lane","WR","WAS",0,0,0,0,0,0,0,0,0,0,0,0,0,0,1,2,16,0,0,0
2025,5,"00-0040170","E.Ayomanor","WR","TEN",0,0,0,0,0,0,0,0,0,0,0,0,0,0,2,4,18,0,0,0
2025,5,"00-0040179","D.Giddens","RB","IND",0,0,0,0,0,0,0,0,0,5,22,0,0,0,0,1,0,0,0,0
2025,5,"00-0040184","K.Lambert-Smith","WR","LAC",0,0,0,0,0,0,0,0,0,0,0,0,0,0,0,0,0,0,0,0
2025,5,"00-0040187","M.Evans","TE","CAR",0,0,0,0,0,0,0,0,0,0,0,0,0,0,1,1,4,1,0,0
2025,5,"00-0040189","O.Gadsden","TE","LAC",0,0,0,0,0,0,0,0,0,0,0,0,0,0,1,1,14,0,0,0
2025,5,"00-0040198","O.Gordon","RB","MIA",0,0,0,0,0,0,0,0,0,3,-2,0,0,0,0,0,0,0,0,0
2025,5,"00-0040218","Ji.Horn","WR","CAR",0,0,0,0,0,0,0,0,0,2,10,0,0,0,2,3,21,0,0,0
2025,5,"00-0040237","T.Johnson","WR","TB",0,0,0,0,0,0,0,0,0,0,0,0,0,0,4,4,59,0,0,0
2025,5,"00-0040238","L.Allen","RB","JAX",0,0,0,0,0,0,0,0,0,0,0,0,0,0,0,0,0,0,0,0
2025,5,"00-0040242","J.Croskey-Merritt","RB","WAS",0,0,0,0,0,0,0,0,0,14,111,2,1,0,2,2,39,0,0,0
2025,5,"00-0040259","G.Larvadain","WR","CLE",0,0,0,0,0,0,0,0,0,0,0,0,0,0,0,0,0,0,0,0
2025,5,"00-0040429","J.Williams","RB","TB",0,0,0,0,0,0,0,0,0,0,0,0,0,0,0,0,0,0,0,0
2025,5,"00-0040432","B.Collins","WR","NYG",0,0,0,0,0,0,0,0,0,0,0,0,0,0,1,3,7,0,0,0
2025,5,"00-0040494","M.Brosmer","QB","MIN",0,0,0,0,0,0,0,0,0,1,-1,0,0,0,0,0,0,0,0,0
2025,5,"00-0040506","M.Price","WR","MIN",0,0,0,0,0,0,0,0,0,0,0,0,0,0,0,0,0,0,0,0
2025,5,"00-0040581","D.Thornton","WR","LV",0,0,0,0,0,0,0,0,0,0,0,0,0,0,0,2,0,0,0,0
2025,5,"00-0040582","A.Smith","WR","NYJ",0,0,0,0,0,0,0,0,0,0,0,0,0,0,1,1,14,0,0,0
2025,5,"00-0040583","W.Marks","RB","HOU",0,0,0,0,0,0,0,0,0,7,24,0,0,0,0,1,0,0,0,0
2025,5,"00-0040584","G.Helm","TE","TEN",0,0,0,0,0,0,0,0,0,0,0,0,0,0,4,5,34,0,0,0
2025,5,"00-0040586","J.Blue","RB","DAL",0,0,0,0,0,0,0,0,0,4,7,0,0,0,0,0,0,0,0,0
2025,5,"00-0040644","T.Etienne","RB","CAR",0,0,0,0,0,0,0,0,0,4,22,0,0,0,1,1,7,0,0,0
2025,5,"00-0040648","T.Horton","WR","SEA",0,0,0,0,0,0,0,0,0,0,0,0,0,0,3,4,39,1,0,0
2025,5,"00-0040663","H.Fannin","TE","CLE",0,0,0,0,0,0,0,0,0,0,0,0,0,0,4,4,13,1,0,0
2025,5,"00-0040666","O.Hampton","RB","LAC",0,0,0,0,0,0,0,0,0,12,44,0,0,0,6,6,26,0,0,0
2025,5,"00-0040669","I.TeSlaa","WR","DET",0,0,0,0,0,0,0,0,0,0,0,0,0,0,1,1,12,1,0,0
2025,5,"00-0040673","J.Milroe","QB","SEA",0,0,0,0,0,0,0,0,0,1,0,0,1,0,0,0,0,0,0,0
2025,5,"00-0040676","C.Ward","QB","TEN",21,39,265,0,1,2,-16,0,0,5,-6,0,0,0,0,0,0,0,0,0
2025,5,"00-0040691","J.Dart","QB","NYG",26,40,202,2,2,1,-3,1,0,7,55,0,0,0,0,0,0,0,0,0
2025,5,"00-0040704","D.Gabriel","QB","CLE",19,33,190,2,0,2,-8,0,0,2,5,0,0,0,0,0,0,0,0,0
2025,5,"00-0040705","C.Dike","WR","TEN",0,0,0,0,0,0,0,0,0,0,0,0,0,0,2,5,17,0,0,0
2025,5,"00-0040715","C.Skattebo","RB","NYG",0,0,0,0,0,0,0,0,0,15,59,0,1,0,6,7,45,0,0,0
2025,5,"00-0040719","B.Tuten","RB","JAX",0,0,0,0,0,0,0,0,0,4,6,0,0,0,1,1,5,0,0,0
2025,5,"00-0040729","J.Bech","WR","LV",0,0,0,0,0,0,0,0,0,0,0,0,0,0,3,5,27,0,0,0
2025,5,"00-0040730","R.Harvey","RB","DEN",0,0,0,0,0,0,0,0,0,4,12,0,0,0,3,3,18,0,0,0
2025,5,"00-0040734","T.Henderson","RB","NE",0,0,0,0,0,0,0,0,0,6,24,0,0,0,2,3,3,0,0,0
2025,5,"00-0040736","M.Taylor","TE","NYJ",0,0,0,0,0,0,0,0,0,0,0,0,0,0,9,12,67,0,0,1
2025,5,"00-0040737","T.Ferguson","TE","LA",0,0,0,0,0,0,0,0,0,0,0,0,0,0,1,1,21,0,0,0
2025,5,"00-0040739","E.Arroyo","TE","SEA",0,0,0,0,0,0,0,0,0,0,0,0,0,0,1,1,10,0,0,0
2025,5,"00-0040782","I.Bond","WR","CLE",0,0,0,0,0,0,0,0,0,0,0,0,0,0,2,7,29,0,0,0
2025,5,"00-0040784","Q.Judkins","RB","CLE",0,0,0,0,0,0,0,0,0,23,110,0,0,0,1,2,18,0,0,0
2025,6,"00-0023459","A.Rodgers","QB","PIT",21,30,235,2,0,0,0,0,0,1,1,0,0,0,0,0,0,0,0,0
2025,6,"00-0026158","J.Flacco","QB","CIN",29,45,219,2,0,1,-6,0,1,0,0,0,0,0,0,0,0,0,0,0
2025,6,"00-0026498","M.Stafford","QB","LA",17,26,181,1,0,2,-14,1,0,4,1,0,0,0,0,0,0,0,0,0
2025,6,"00-0029263","R.Wilson","QB","NYG",0,1,0,0,0,0,0,0,0,0,0,0,0,0,0,0,0,0,0,0
2025,6,"00-0030061","Z.Ertz","TE","WAS",0,0,0,0,0,0,0,0,0,0,0,0,0,0,6,6,43,1,0,0
2025,6,"00-0030279","K.Allen","WR","LAC",0,0,0,0,0,0,0,0,0,0,0,0,0,0,4,7,27,0,0,0
2025,6,"00-0030506","T.Kelce","TE","KC",0,0,0,0,0,0,0,0,0,0,0,0,0,0,6,7,78,0,0,0
2025,6,"00-0030564","D.Hopkins","WR","BAL",0,0,0,0,0,0,0,0,0,0,0,0,0,0,2,4,20,0,0,0
2025,6,"00-0030565","G.Smith","QB","LV",17,23,174,1,1,2,-16,0,0,4,-3,0,0,0,0,0,0,0,0,0
2025,6,"00-0031236","B.Cooks","WR","NO",0,0,0,0,0,0,0,0,0,0,0,0,0,0,1,1,21,0,0,0
2025,6,"00-0031381","D.Adams","WR","LA",0,0,0,0,0,0,0,0,0,0,0,0,0,0,4,9,39,0,0,0
2025,6,"00-0031588","S.Diggs","WR","NE",0,0,0,0,0,0,0,0,0,0,0,0,0,0,3,3,28,0,0,0
2025,6,"00-0031610","D.Waller","TE","MIA",0,0,0,0,0,0,0,0,0,0,0,0,0,0,2,3,12,1,0,0
2025,6,"00-0031687","R.Mostert","RB","LV",0,0,0,0,0,0,0,0,0,5,-4,0,0,0,0,0,0,0,0,0
2025,6,"00-0032104","A.Abdullah","RB","IND",0,0,0,0,0,0,0,0,0,1,7,0,0,0,1,1,9,0,0,0
2025,6,"00-0032211","T.Lockett","WR","TEN",0,0,0,0,0,0,0,0,0,0,0,0,0,0,1,3,0,0,0,0
2025,6,"00-0032385","S.Shepard","WR","TB",0,0,0,0,0,0,0,0,0,0,0,0,0,0,2,3,51,0,0,0
2025,6,"00-0032392","A.Hooper","TE","NE",0,0,0,0,0,0,0,0,0,0,0,0,0,0,1,1,5,0,0,0
2025,6,"00-0032398","C.Moore","WR","WAS",0,0,0,0,0,0,0,0,0,0,0,0,0,0,3,5,46,1,0,0
2025,6,"00-0032464","K.Raymond","WR","DET",0,0,0,0,0,0,0,0,0,0,0,0,0,0,0,0,0,0,0,0
2025,6,"00-0032764","D.Henry","RB","BAL",0,0,0,0,0,0,0,0,0,24,122,0,0,0,1,2,8,0,0,0
2025,6,"00-0032775","D.Robinson","WR","SF",0,0,0,0,0,0,0,0,0,0,0,0,0,0,2,3,44,0,0,0
2025,6,"00-0033077","D.Prescott","QB","DAL",25,34,261,3,0,0,0,0,0,2,-1,0,0,0,0,0,0,0,0,0
2025,6,"00-0033090","H.Henry","TE","NE",0,0,0,0,0,0,0,0,0,0,0,0,0,0,3,3,27,0,0,0
2025,6,"00-0033106","J.Goff","QB","DET",23,29,203,2,0,1,-4,0,0,1,7,0,0,0,0,0,0,0,0,0
2025,6,"00-0033110","T.Higbee","TE","LA",0,0,0,0,0,0,0,0,0,0,0,0,0,0,4,4,40,1,0,0
2025,6,"00-0033119","J.Brissett","QB","ARI",27,44,320,2,1,2,-8,0,0,3,19,0,0,0,0,0,0,0,0,0
2025,6,"00-0033217","M.Alie-Cox","TE","IND",0,0,0,0,0,0,0,0,0,0,0,0,0,0,1,2,16,0,0,0
2025,6,"00-0033246","J.Mundt","TE","JAX",0,0,0,0,0,0,0,0,0,0,0,0,0,0,1,2,14,0,0,0
2025,6,"00-0033280","C.McCaffrey","RB","SF",0,0,0,0,0,0,0,0,0,17,54,1,0,0,7,8,57,0,0,0
2025,6,"00-0033307","K.Bourne","WR","SF",0,0,0,0,0,0,0,0,0,0,0,0,0,0,5,9,142,0,0,0
2025,6,"00-0033357","T.Hill","TE","NO",0,0,0,0,0,0,0,0,0,1,1,1,0,0,0,0,0,0,0,0
2025,6,"00-0033375","T.Patrick","WR","JAX",0,0,0,0,0,0,0,0,0,0,0,0,0,0,1,1,26,1,0,0
2025,6,"00-0033526","S.Perine","RB","CIN",0,0,0,0,0,0,0,0,0,6,16,0,0,0,2,3,16,0,0,0
2025,6,"00-0033555","M.Hollins","WR","NE",0,0,0,0,0,0,0,0,0,0,0,0,0,0,2,3,28,0,0,0
2025,6,"00-0033572","J.Agnew","WR","ATL",0,0,0,0,0,0,0,0,0,0,0,0,0,0,0,0,0,0,0,0
2025,6,"00-0033576","E.Saubert","TE","SEA",0,0,0,0,0,0,0,0,0,0,0,0,0,0,0,0,0,0,0,0
2025,6,"00-0033662","C.Rush","QB","BAL",11,19,72,0,1,0,0,0,0,1,0,0,1,0,0,0,0,0,0,0
2025,6,"00-0033857","J.Smith-Schuster","WR","KC",0,0,0,0,0,0,0,0,0,0,0,0,0,0,3,3,57,0,0,0
2025,6,"00-0033858","J.Smith","TE","PIT",0,0,0,0,0,0,0,0,0,1,10,0,0,0,3,4,18,0,0,0
2025,6,"00-0033873","P.Mahomes","QB","KC",22,30,257,3,0,3,-14,0,0,10,32,1,0,0,0,0,0,0,0,0
2025,6,"00-0033881","E.Engram","TE","DEN",0,0,0,0,0,0,0,0,0,1,7,0,0,0,5,6,42,0,0,0
2025,6,"00-0033885","D.Njoku","TE","CLE",0,0,0,0,0,0,0,0,0,0,0,0,0,0,3,6,28,0,0,0
2025,6,"00-0033891","Z.Jones","WR","ARI",0,0,0,0,0,0,0,0,0,0,0,0,0,0,5,8,79,0,0,0
2025,6,"00-0033906","A.Kamara","RB","NO",0,0,0,0,0,0,0,0,0,10,31,0,0,0,5,5,45,0,0,0
2025,6,"00-0033908","C.Kupp","WR","SEA",0,0,0,0,0,0,0,0,0,0,0,0,0,0,2,3,40,1,0,0
2025,6,"00-0033923","K.Hunt","RB","KC",0,0,0,0,0,0,0,0,0,6,23,0,0,0,1,1,11,0,0,0
2025,6,"00-0033943","J.Reynolds","WR","NYJ",0,0,0,0,0,0,0,0,0,0,0,0,0,0,3,3,25,0,0,0
2025,6,"00-0033955","J.McNichols","RB","WAS",0,0,0,0,0,0,0,0,0,2,5,0,0,0,3,4,30,0,0,0
2025,6,"00-0034159","W.Dissly","TE","LAC",0,0,0,0,0,0,0,0,0,0,0,0,0,0,2,2,18,0,0,0
2025,6,"00-0034272","M.Valdes-Scantling","WR","SF",0,0,0,0,0,0,0,0,0,0,0,0,0,0,2,3,22,0,0,0
2025,6,"00-0034348","C.Sutton","WR","DEN",0,0,0,0,0,0,0,0,0,0,0,0,0,0,1,3,17,0,0,0
2025,6,"00-0034351","D.Goedert","TE","PHI",0,0,0,0,0,0,0,0,0,0,0,0,0,0,9,11,110,1,0,0
2025,6,"00-0034365","I.Thomas","TE","LV",0,0,0,0,0,0,0,0,0,0,0,0,0,0,1,1,4,0,0,0
2025,6,"00-0034367","N.Miller-Hines","RB","LAC",0,0,0,0,0,0,0,0,0,0,0,0,0,0,0,0,0,0,0,0
2025,6,"00-0034613","T.Hudson","TE","CIN",0,0,0,0,0,0,0,0,0,0,0,0,0,0,4,5,10,1,0,0
2025,6,"00-0034753","M.Andrews","TE","BAL",0,0,0,0,0,0,0,0,0,3,2,0,0,0,4,6,24,0,0,0
2025,6,"00-0034771","M.Rudolph","QB","PIT",0,0,0,0,0,0,0,0,0,3,0,0,0,0,0,0,0,0,0,0
2025,6,"00-0034827","D.Moore","WR","CHI",0,0,0,0,0,0,0,0,0,2,10,0,0,0,3,5,42,0,0,0
2025,6,"00-0034837","C.Ridley","WR","TEN",0,0,0,0,0,0,0,0,0,0,0,0,0,0,1,1,18,0,0,0
2025,6,"00-0034844","S.Barkley","RB","PHI",0,0,0,0,0,0,0,0,0,12,58,0,0,0,2,3,9,0,0,0
2025,6,"00-0034854","K.Hodge","WR","ATL",0,0,0,0,0,0,0,0,0,0,0,0,0,0,0,0,0,0,0,0
2025,6,"00-0034855","B.Mayfield","QB","TB",17,23,256,2,0,1,-8,0,0,3,14,0,0,0,0,0,0,0,0,0
2025,6,"00-0034857","J.Allen","QB","BUF",15,26,180,2,2,4,-23,0,0,6,42,0,0,0,0,0,0,0,0,0
2025,6,"00-0034869","S.Darnold","QB","SEA",16,27,295,2,0,1,-9,0,0,4,2,0,0,0,0,0,0,0,0,0
2025,6,"00-0034960","J.Meyers","WR","LV",0,0,0,0,0,0,0,0,0,0,0,0,0,0,4,4,39,0,0,0
2025,6,"00-0034975","J.Hill","RB","BAL",0,0,0,0,0,0,0,0,0,6,16,0,0,0,5,6,28,0,0,0
2025,6,"00-0034981","F.Moreau","TE","NO",0,0,0,0,0,0,0,0,0,0,0,0,0,0,1,1,9,0,0,0
2025,6,"00-0034983","H.Renfrow","WR","CAR",0,0,0,0,0,0,0,0,0,0,0,0,0,0,1,2,7,0,0,0
2025,6,"00-0035021","A.Dulin","WR","IND",0,0,0,0,0,0,0,0,0,0,0,0,0,0,0,0,0,0,0,0
2025,6,"00-0035208","O.Zaccheaus","WR","CHI",0,0,0,0,0,0,0,0,0,1,4,0,0,0,2,6,24,0,0,0
2025,6,"00-0035250","D.Singletary","RB","NYG",0,0,0,0,0,0,0,0,0,3,10,0,0,0,0,0,0,0,0,0
2025,6,"00-0035261","T.Pollard","RB","TEN",0,0,0,0,0,0,0,0,0,10,34,0,0,0,2,2,13,0,0,0
2025,6,"00-0035406","L.Humphrey","WR","NYG",0,0,0,0,0,0,0,0,0,0,0,0,0,0,4,8,55,0,0,0
2025,6,"00-0035500","G.Dortch","WR","ARI",0,0,0,0,0,0,0,0,0,0,0,0,0,0,3,3,9,1,0,0
2025,6,"00-0035537","Ty.Johnson","RB","BUF",0,0,0,0,0,0,0,0,0,1,5,0,0,0,1,2,11,0,0,0
2025,6,"00-0035567","C.Reynolds","RB","DET",0,0,0,0,0,0,0,0,0,0,0,0,0,0,0,0,0,0,0,0
2025,6,"00-0035602","A.Bachman","WR","LV",0,0,0,0,0,0,0,0,0,0,0,0,0,0,0,0,0,0,0,0
2025,6,"00-0035631","D.Sample","TE","CIN",0,0,0,0,0,0,0,0,0,0,0,0,0,0,1,2,-2,0,0,0
2025,6,"00-0035639","P.Campbell","WR","DAL",0,0,0,0,0,0,0,0,0,0,0,0,0,0,0,0,0,0,0,0
2025,6,"00-0035640","D.Metcalf","WR","PIT",0,0,0,0,0,0,0,0,0,0,0,0,0,0,4,9,95,1,0,0
2025,6,"00-0035644","N.Fant","TE","CIN",0,0,0,0,0,0,0,0,0,0,0,0,0,0,4,4,27,0,0,0
2025,6,"00-0035645","G.Olszewski","WR","NYG",0,0,0,0,0,0,0,0,0,0,0,0,0,0,0,0,0,0,0,0
2025,6,"00-0035662","M.Brown","WR","KC",0,0,0,0,0,0,0,0,0,0,0,0,0,0,4,4,45,2,0,0
2025,6,"00-0035676","A.Brown","WR","PHI",0,0,0,0,0,0,0,0,0,0,0,0,0,0,6,9,80,0,0,0
2025,6,"00-0035685","D.Montgomery","RB","DET",0,0,0,0,0,0,0,0,0,4,24,0,0,0,2,2,37,0,0,0
2025,6,"00-0035689","D.Knox","TE","BUF",0,0,0,0,0,0,0,0,0,0,0,0,0,0,1,2,19,1,0,0
2025,6,"00-0035700","J.Jacobs","RB","GB",0,0,0,0,0,0,0,0,0,18,93,2,0,0,5,5,57,0,0,0
2025,6,"00-0035710","D.Jones","QB","IND",22,30,212,2,1,1,-7,0,0,5,20,1,0,0,0,0,0,0,0,0
2025,6,"00-0035719","D.Samuel","WR","WAS",0,0,0,0,0,0,0,0,0,1,-1,0,0,0,4,5,15,0,0,0
2025,6,"00-0035993","T.Huntley","QB","BAL",10,15,68,0,0,4,-23,0,0,3,39,0,0,0,0,0,0,0,0,0
2025,6,"00-0036040","J.Johnson","TE","NO",0,0,0,0,0,0,0,0,0,0,0,0,0,0,2,2,15,0,1,0
2025,6,"00-0036139","R.Dowdle","RB","CAR",0,0,0,0,0,0,0,0,0,30,183,0,0,0,4,5,56,1,0,0
2025,6,"00-0036158","J.Dobbins","RB","DEN",0,0,0,0,0,0,0,0,0,14,40,0,0,0,0,1,0,0,0,0
2025,6,"00-0036182","N.Westbrook-Ikhine","WR","MIA",0,0,0,0,0,0,0,0,0,0,0,0,0,0,0,1,0,0,0,0
2025,6,"00-0036212","T.Tagovailoa","QB","MIA",21,32,205,1,3,2,-9,0,0,1,4,0,0,0,0,0,0,0,0,0
2025,6,"00-0036223","J.Taylor","RB","IND",0,0,0,0,0,0,0,0,0,21,123,1,0,0,4,4,14,0,0,0
2025,6,"00-0036252","M.Pittman","WR","IND",0,0,0,0,0,0,0,0,0,0,0,0,0,0,2,3,20,0,0,0
2025,6,"00-0036259","J.Jennings","WR","SF",0,0,0,0,0,0,0,0,0,0,0,0,0,0,1,3,7,0,0,0
2025,6,"00-0036264","J.Love","QB","GB",19,26,259,1,1,1,-3,0,0,7,26,0,0,0,0,0,0,0,0,0
2025,6,"00-0036265","A.Dillon","RB","PHI",0,0,0,0,0,0,0,0,0,1,2,0,0,0,2,2,18,0,1,0
2025,6,"00-0036275","D.Swift","RB","CHI",0,0,0,0,0,0,0,0,0,14,108,0,0,0,2,3,67,1,0,0
2025,6,"00-0036290","C.Kmet","TE","CHI",0,0,0,0,0,0,0,0,0,0,0,0,0,0,1,2,0,0,0,0
2025,6,"00-0036331","D.Duvernay","WR","CHI",0,0,0,0,0,0,0,0,0,0,0,0,0,0,0,0,0,0,0,0
2025,6,"00-0036355","J.Herbert","QB","LAC",29,38,264,2,0,1,-1,0,0,1,2,0,0,0,0,0,0,0,0,0
2025,6,"00-0036389","J.Hurts","QB","PHI",24,33,283,1,1,3,-17,0,0,7,13,1,0,0,0,0,0,0,0,0
2025,6,"00-0036407","J.Jeudy","WR","CLE",0,0,0,0,0,0,0,0,0,0,0,0,0,0,5,13,43,0,0,0
2025,6,"00-0036410","T.Higgins","WR","CIN",0,0,0,0,0,0,0,0,0,0,0,0,0,0,5,8,62,0,0,0
2025,6,"00-0036415","V.Jefferson","WR","TEN",0,0,0,0,0,0,0,0,0,0,0,0,0,0,4,6,75,0,0,0
2025,6,"00-0036425","D.Dallas","RB","CAR",0,0,0,0,0,0,0,0,0,1,0,0,0,0,0,0,0,0,0,0
2025,6,"00-0036427","T.Johnson","WR","NYJ",0,0,0,0,0,0,0,0,0,0,0,0,0,0,0,1,0,0,0,0
2025,6,"00-0036550","R.Bateman","WR","BAL",0,0,0,0,0,0,0,0,0,0,0,0,0,0,1,1,8,0,0,0
2025,6,"00-0036613","J.Waddle","WR","MIA",1,1,8,0,0,0,0,0,0,0,0,0,0,0,6,8,95,0,0,0
2025,6,"00-0036620","D.Eskridge","WR","MIA",0,0,0,0,0,0,0,0,0,0,0,0,0,0,0,1,0,0,0,0
2025,6,"00-0036626","D.Brown","WR","JAX",0,0,0,0,0,0,0,0,0,1,7,0,0,0,2,5,13,0,0,0
2025,6,"00-0036630","T.Wallace","WR","BAL",0,0,0,0,0,0,0,0,0,0,0,0,0,0,0,0,0,0,0,0
2025,6,"00-0036637","N.Gray","TE","KC",0,0,0,0,0,0,0,0,0,0,0,0,0,0,2,2,25,0,0,0
2025,6,"00-0036646","S.Fehoko","WR","ARI",0,0,0,0,0,0,0,0,0,0,0,0,0,0,0,0,0,0,0,0
2025,6,"00-0036825","F.Franks","TE","ATL",0,0,0,0,0,0,0,0,0,1,2,0,0,0,0,0,0,0,0,0
2025,6,"00-0036842","K.Nwangwu","RB","NYJ",0,0,0,0,0,0,0,0,0,0,0,0,0,0,0,0,0,0,0,0
2025,6,"00-0036862","B.Skowronek","WR","PIT",0,0,0,0,0,0,0,0,0,0,0,0,0,0,0,0,0,0,0,0
2025,6,"00-0036875","R.Stevenson","RB","NE",0,0,0,0,0,0,0,0,0,13,18,0,0,0,0,1,0,0,0,0
2025,6,"00-0036887","L.Farrell","TE","SF",0,0,0,0,0,0,0,0,0,0,0,0,0,0,0,0,0,0,0,0
2025,6,"00-0036894","P.Freiermuth","TE","PIT",0,0,0,0,0,0,0,0,0,0,0,0,0,0,1,1,11,0,0,0
2025,6,"00-0036900","J.Chase","WR","CIN",0,0,0,0,0,0,0,0,0,1,-3,0,0,0,10,12,94,1,0,0
2025,6,"00-0036912","D.Smith","WR","PHI",0,0,0,0,0,0,0,0,0,0,0,0,0,0,4,5,49,0,0,0
2025,6,"00-0036919","K.Gainwell","RB","PIT",0,0,0,0,0,0,0,0,0,6,22,0,0,0,6,6,14,0,0,0
2025,6,"00-0036924","M.Carter","RB","ARI",0,0,0,0,0,0,0,0,0,9,34,0,0,0,2,5,30,0,0,0
2025,6,"00-0036945","J.Fields","QB","NYJ",9,17,45,0,0,9,-55,0,0,7,31,0,0,0,0,0,0,0,0,0
2025,6,"00-0036963","A.St. Brown","WR","DET",0,0,0,0,0,0,0,0,0,1,2,0,0,0,9,10,45,0,0,0
2025,6,"00-0036970","K.Pitts","TE","ATL",0,0,0,0,0,0,0,0,0,0,0,0,0,0,3,4,18,0,0,0
2025,6,"00-0036971","T.Lawrence","QB","JAX",27,42,258,2,0,7,-44,0,0,3,9,0,0,0,0,0,0,0,0,0
2025,6,"00-0036972","M.Jones","QB","SF",27,39,347,0,2,6,-51,0,0,5,13,0,0,0,0,0,0,0,0,0
2025,6,"00-0036973","T.Etienne","RB","JAX",0,0,0,0,0,0,0,0,0,12,27,0,0,0,4,5,28,0,0,0
2025,6,"00-0036980","E.Moore","WR","BUF",0,0,0,0,0,0,0,0,0,0,0,0,0,0,0,2,0,0,0,0
2025,6,"00-0036988","J.Palmer","WR","BUF",0,0,0,0,0,0,0,0,0,0,0,0,0,0,2,2,60,0,0,0
2025,6,"00-0036997","J.Williams","RB","DAL",0,0,0,0,0,0,0,0,0,13,29,0,0,0,5,8,5,0,0,0
2025,6,"00-0037004","H.Long","TE","JAX",0,0,0,0,0,0,0,0,0,0,0,0,0,0,2,3,19,0,0,0
2025,6,"00-0037005","T.Tremble","TE","CAR",0,0,0,0,0,0,0,0,0,0,0,0,0,0,4,4,39,0,0,0
2025,6,"00-0037091","B.Melton","WR","GB",0,0,0,0,0,0,0,0,0,1,3,0,0,0,0,0,0,0,0,0
2025,6,"00-0037093","D.Young","WR","SEA",0,0,0,0,0,0,0,0,0,0,0,0,0,0,0,0,0,0,0,0
2025,6,"00-0037112","J.Tonges","TE","SF",0,0,0,0,0,0,0,0,0,0,0,0,0,0,6,7,58,0,0,0
2025,6,"00-0037157","Z.Knight","RB","ARI",0,0,0,0,0,0,0,0,0,11,34,1,0,0,1,2,20,0,0,0
2025,6,"00-0037197","I.Pacheco","RB","KC",0,0,0,0,0,0,0,0,0,12,51,0,0,0,1,3,0,0,0,0
2025,6,"00-0037228","J.Warren","RB","PIT",0,0,0,0,0,0,0,0,0,11,52,0,0,0,2,2,11,0,0,0
2025,6,"00-0037238","D.London","WR","ATL",0,0,0,0,0,0,0,0,0,0,0,0,0,0,10,16,158,1,0,0
2025,6,"00-0037239","C.Olave","WR","NO",0,0,0,0,0,0,0,0,0,0,0,0,0,0,6,10,98,0,0,0
2025,6,"00-0037240","J.Williams","WR","DET",0,0,0,0,0,0,0,0,0,0,0,0,0,0,6,7,66,1,0,0
2025,6,"00-0037247","G.Pickens","WR","DAL",0,0,0,0,0,0,0,0,0,0,0,0,0,0,9,11,168,1,0,0
2025,6,"00-0037248","J.Cook","RB","BUF",0,0,0,0,0,0,0,0,0,17,87,0,0,0,0,0,0,0,0,0
2025,6,"00-0037256","R.White","RB","TB",0,0,0,0,0,0,0,0,0,17,65,1,0,0,3,3,21,0,0,0
2025,6,"00-0037261","K.Shakir","WR","BUF",0,0,0,0,0,0,0,0,0,0,0,0,0,0,3,5,33,0,0,0
2025,6,"00-0037263","T.Allgeier","RB","ATL",0,0,0,0,0,0,0,0,0,10,32,1,0,0,1,1,6,0,0,0
2025,6,"00-0037267","J.Ford","RB","CLE",0,0,0,0,0,0,0,0,0,2,17,0,0,0,5,6,13,0,0,0
2025,6,"00-0037348","T.Conner","TE","MIA",0,0,0,0,0,0,0,0,0,0,0,0,0,0,1,1,8,0,0,0
2025,6,"00-0037475","S.Smartt","TE","NYJ",0,0,0,0,0,0,0,0,0,0,0,0,0,0,0,0,0,0,0,0
2025,6,"00-0037487","D.Thompkins","WR","ATL",0,0,0,0,0,0,0,0,0,0,0,0,0,0,0,0,0,0,0,0
2025,6,"00-0037545","R.Shaheed","WR","NO",0,0,0,0,0,0,0,0,0,0,0,0,0,0,4,6,28,0,0,0
2025,6,"00-0037594","J.Chestnut","RB","TEN",0,0,0,0,0,0,0,0,0,0,0,0,0,0,0,0,0,0,0,0
2025,6,"00-0037617","H.Haskins","RB","LAC",0,0,0,0,0,0,0,0,0,6,14,0,0,0,1,1,9,0,0,0
2025,6,"00-0037664","A.Pierce","WR","IND",0,0,0,0,0,0,0,0,0,0,0,0,0,0,2,4,48,0,0,0
2025,6,"00-0037666","J.Tolbert","WR","DAL",0,0,0,0,0,0,0,0,0,0,0,0,0,0,1,1,8,0,0,0
2025,6,"00-0037740","G.Wilson","WR","NYJ",0,0,0,0,0,0,0,0,0,0,0,0,0,0,3,8,13,0,0,0
2025,6,"00-0037741","J.Dotson","WR","PHI",0,0,0,0,0,0,0,0,0,0,0,0,0,0,1,2,17,0,0,0
2025,6,"00-0037744","T.McBride","TE","ARI",0,0,0,0,0,0,0,0,0,0,0,0,0,0,8,11,72,1,0,0
2025,6,"00-0037746","B.Robinson","RB","SF",0,0,0,0,0,0,0,0,0,0,0,0,0,0,3,3,8,0,0,0
2025,6,"00-0037805","J.Ruckert","TE","NYJ",0,0,0,0,0,0,0,0,0,0,0,0,0,0,0,0,0,0,0,0
2025,6,"00-0037809","C.Okonkwo","TE","TEN",0,0,0,0,0,0,0,0,0,0,0,0,0,0,6,6,46,0,0,0
2025,6,"00-0037816","R.Doubs","WR","GB",0,0,0,0,0,0,0,0,0,0,0,0,0,0,5,9,55,0,0,0
2025,6,"00-0037838","I.Likely","TE","BAL",0,0,0,0,0,0,0,0,0,0,0,0,0,0,2,2,6,0,0,0
2025,6,"00-0037840","K.Williams","RB","LA",0,0,0,0,0,0,0,0,0,13,50,1,0,0,2,2,37,0,0,0
2025,6,"00-0038041","J.Ferguson","TE","DAL",0,0,0,0,0,0,0,0,0,0,0,0,0,0,3,3,33,1,0,0
2025,6,"00-0038046","C.Kolar","TE","BAL",0,0,0,0,0,0,0,0,0,0,0,0,0,0,0,1,0,0,0,0
2025,6,"00-0038090","S.Moore","WR","SF",0,0,0,0,0,0,0,0,0,0,0,0,0,0,0,0,0,0,0,0
2025,6,"00-0038117","W.Robinson","WR","NYG",0,0,0,0,0,0,0,0,0,0,0,0,0,0,6,7,84,1,0,0
2025,6,"00-0038120","B.Hall","RB","NYJ",0,0,0,0,0,0,0,0,0,22,59,0,0,0,0,0,0,0,0,0
2025,6,"00-0038129","C.Otton","TE","TB",0,0,0,0,0,0,0,0,0,0,0,0,0,0,5,6,51,0,0,0
2025,6,"00-0038134","K.Walker","RB","SEA",0,0,0,0,0,0,0,0,0,10,34,0,0,0,1,1,3,0,0,0
2025,6,"00-0038359","X.Smith","WR","LA",0,0,0,0,0,0,0,0,0,0,0,0,0,0,0,0,0,0,0,0
2025,6,"00-0038393","D.Wicks","WR","GB",0,0,0,0,0,0,0,0,0,0,0,0,0,0,2,2,15,0,0,0
2025,6,"00-0038454","K.Mitchell","RB","BAL",0,0,0,0,0,0,0,0,0,0,0,0,0,0,0,0,0,0,0,0
2025,6,"00-0038488","B.Russell","RB","SEA",0,0,0,0,0,0,0,0,0,0,0,0,0,0,0,0,0,0,0,0
2025,6,"00-0038492","J.Brownlee","WR","KC",0,0,0,0,0,0,0,0,0,0,0,0,0,0,0,0,0,0,0,0
2025,6,"00-0038519","N.Remigio","WR","KC",0,0,0,0,0,0,0,0,0,0,0,0,0,0,0,0,0,0,0,0
2025,6,"00-0038542","B.Robinson","RB","ATL",0,0,0,0,0,0,0,0,0,19,170,1,0,0,6,8,68,0,0,0
2025,6,"00-0038543","J.Smith-Njigba","WR","SEA",0,0,0,0,0,0,0,0,0,0,0,0,0,0,8,13,162,1,0,0
2025,6,"00-0038547","L.Schoonmaker","TE","DAL",0,0,0,0,0,0,0,0,0,0,0,0,0,0,1,2,8,0,0,0
2025,6,"00-0038551","K.Miller","RB","NO",0,0,0,0,0,0,0,0,0,8,21,0,0,0,1,1,11,0,0,0
2025,6,"00-0038555","T.Bigsby","RB","PHI",0,0,0,0,0,0,0,0,0,0,0,0,0,0,0,0,0,0,0,0
2025,6,"00-0038558","D.Washington","TE","PIT",0,0,0,0,0,0,0,0,0,0,0,0,0,0,3,5,62,0,0,0
2025,6,"00-0038559","Mi.Wilson","WR","ARI",0,0,0,0,0,0,0,0,0,0,0,0,0,0,4,5,44,0,0,0
2025,6,"00-0038563","T.Tucker","WR","LV",0,0,0,0,0,0,0,0,0,0,0,0,0,0,5,5,70,0,0,0
2025,6,"00-0038564","C.Latu","TE","PHI",0,0,0,0,0,0,0,0,0,0,0,0,0,0,0,0,0,0,0,0
2025,6,"00-0038576","C.Jones","WR","CIN",0,0,0,0,0,0,0,0,0,0,0,0,0,0,0,0,0,0,0,0
2025,6,"00-0038590","J.Shorter","TE","LV",0,0,0,0,0,0,0,0,0,0,0,0,0,0,0,0,0,0,0,0
2025,6,"00-0038597","C.Brown","RB","CIN",0,0,0,0,0,0,0,0,0,9,42,0,0,0,2,2,7,0,0,1
2025,6,"00-0038606","P.Washington","WR","JAX",0,0,0,0,0,0,0,0,0,0,0,0,0,0,2,4,29,0,0,0
2025,6,"00-0038608","K.Boutte","WR","NE",0,0,0,0,0,0,0,0,0,0,0,0,0,0,5,5,93,2,0,0
2025,6,"00-0038619","A.Iosivas","WR","CIN",0,0,0,0,0,0,0,0,0,0,0,0,0,0,1,4,5,0,0,0
2025,6,"00-0038621","D.Douglas","WR","NE",0,0,0,0,0,0,0,0,0,0,0,0,0,0,3,4,71,1,0,0
2025,6,"00-0038643","B.Willis","TE","SF",0,0,0,0,0,0,0,0,0,0,0,0,0,0,0,0,0,0,0,0
2025,6,"00-0038679","T.Shavers","WR","BUF",0,0,0,0,0,0,0,0,0,0,0,0,0,0,3,5,27,0,0,0
2025,6,"00-0038685","C.Brooks","RB","GB",0,0,0,0,0,0,0,0,0,1,1,0,0,0,0,0,0,0,0,0
2025,6,"00-0038705","E.Demercado","RB","ARI",0,0,0,0,0,0,0,0,0,1,1,0,0,0,0,1,0,0,0,0
2025,6,"00-0038710","B.Whiteheart","TE","CLE",0,0,0,0,0,0,0,0,0,0,0,0,0,0,1,1,0,0,0,0
2025,6,"00-0038720","J.Hill","TE","MIA",0,0,0,0,0,0,0,0,0,0,0,0,0,0,3,3,31,0,0,0
2025,6,"00-0038738","H.Luepke","RB","DAL",0,0,0,0,0,0,0,0,0,0,0,0,0,0,2,2,7,1,0,0
2025,6,"00-0038740","J.Moreno-Cropper","WR","DAL",0,0,0,0,0,0,0,0,0,0,0,0,0,0,0,0,0,0,0,0
2025,6,"00-0038783","N.Adkins","TE","DEN",0,0,0,0,0,0,0,0,0,0,0,0,0,0,2,2,23,1,0,0
2025,6,"00-0038794","J.McLaughlin","RB","DEN",0,0,0,0,0,0,0,0,0,1,0,0,0,0,0,1,0,0,0,0
2025,6,"00-0038797","E.Wilson","RB","GB",0,0,0,0,0,0,0,0,0,3,11,0,0,0,1,1,-4,0,0,0
2025,6,"00-0038824","R.Miller","WR","TB",0,0,0,0,0,0,0,0,0,0,0,0,0,0,0,0,0,0,0,0
2025,6,"00-0038938","J.Hyatt","WR","NYG",0,0,0,0,0,0,0,0,0,0,0,0,0,0,3,5,17,0,0,0
2025,6,"00-0038951","S.Tucker","RB","TB",0,0,0,0,0,0,0,0,0,6,25,1,0,0,0,0,0,0,0,0
2025,6,"00-0038976","M.Mims","WR","DEN",0,0,0,0,0,0,0,0,0,1,-2,0,0,0,2,3,30,0,0,0
2025,6,"00-0038996","T.Kraft","TE","GB",0,0,0,0,0,0,0,0,0,0,0,0,0,0,2,2,43,1,0,0
2025,6,"00-0038997","J.Downs","WR","IND",0,0,0,0,0,0,0,0,0,0,0,0,0,0,6,7,42,1,0,0
2025,6,"00-0039021","R.Johnson","RB","CHI",0,0,0,0,0,0,0,0,0,1,6,0,0,0,0,0,0,0,0,0
2025,6,"00-0039032","T.Spears","RB","TEN",0,0,0,0,0,0,0,0,0,5,31,0,0,0,4,4,19,0,0,0
2025,6,"00-0039040","D.Achane","RB","MIA",0,0,0,0,0,0,0,0,0,16,128,2,0,0,4,6,22,0,0,0
2025,6,"00-0039041","E.Higgins","TE","ARI",0,0,0,0,0,0,0,0,0,0,0,0,0,0,2,2,34,0,0,0
2025,6,"00-0039064","Z.Flowers","WR","BAL",0,0,0,0,0,0,0,0,0,0,0,0,0,0,6,10,46,0,1,0
2025,6,"00-0039065","S.LaPorta","TE","DET",0,0,0,0,0,0,0,0,0,0,0,0,0,0,5,6,55,1,0,0
2025,6,"00-0039066","M.Mayer","TE","LV",0,0,0,0,0,0,0,0,0,0,0,0,0,0,5,7,50,1,0,0
2025,6,"00-0039074","D.Allen","TE","LA",0,0,0,0,0,0,0,0,0,0,0,0,0,0,1,2,7,0,0,0
2025,6,"00-0039075","P.Nacua","WR","LA",0,0,0,0,0,0,0,0,0,0,0,0,0,0,2,3,28,0,0,0
2025,6,"00-0039139","J.Gibbs","RB","DET",0,0,0,0,0,0,0,0,0,17,65,0,0,0,1,2,0,0,0,0
2025,6,"00-0039144","L.Musgrave","TE","GB",0,0,0,0,0,0,0,0,0,0,0,0,0,0,1,2,7,0,0,0
2025,6,"00-0039150","B.Young","QB","CAR",17,25,199,3,1,1,-5,0,0,3,5,0,0,0,0,0,0,0,0,0
2025,6,"00-0039165","Z.Charbonnet","RB","SEA",0,0,0,0,0,0,0,0,0,12,24,0,0,0,1,1,13,0,0,0
2025,6,"00-0039299","G.Holani","RB","SEA",0,0,0,0,0,0,0,0,0,0,0,0,0,0,0,0,0,0,0,0
2025,6,"00-0039342","X.Legette","WR","CAR",0,0,0,0,0,0,0,0,0,0,0,0,0,0,2,2,11,0,0,0
2025,6,"00-0039355","L.McCaffrey","WR","WAS",0,0,0,0,0,0,0,0,0,0,0,0,0,0,1,1,33,1,0,0
2025,6,"00-0039376","S.Rattler","QB","NO",20,26,227,0,0,2,-4,0,0,4,20,0,0,0,0,0,0,0,0,0
2025,6,"00-0039379","J.Thrash","WR","CLE",0,0,0,0,0,0,0,0,0,0,0,0,0,0,2,3,13,0,0,0
2025,6,"00-0039384","T.Tracy","RB","NYG",0,0,0,0,0,0,0,0,0,4,6,0,0,0,0,0,0,0,0,0
2025,6,"00-0039391","K.Vidal","RB","LAC",0,0,0,0,0,0,0,0,0,18,124,0,0,0,3,4,14,1,0,0
2025,6,"00-0039394","C.Washington","WR","ATL",0,0,0,0,0,0,0,0,0,0,0,0,0,0,0,2,0,0,0,0
2025,6,"00-0039407","D.Laube","RB","LV",0,0,0,0,0,0,0,0,0,0,0,0,0,0,0,0,0,0,0,0
2025,6,"00-0039410","R.Flournoy","WR","DAL",0,0,0,0,0,0,0,0,0,1,3,0,0,0,3,6,30,0,0,0
2025,6,"00-0039451","I.Williams","WR","NYJ",0,0,0,0,0,0,0,0,0,0,0,0,0,0,0,0,0,0,0,0
2025,6,"00-0039530","B.Spann-Ford","TE","DAL",0,0,0,0,0,0,0,0,0,0,0,0,0,0,1,1,2,0,0,0
2025,6,"00-0039589","K.Johnson","WR","TB",0,0,0,0,0,0,0,0,0,0,0,0,0,0,4,4,64,1,0,0
2025,6,"00-0039623","M.Tipton","WR","NO",0,0,0,0,0,0,0,0,0,0,0,0,0,0,0,0,0,0,0,0
2025,6,"00-0039648","D.Martin-Robinson","TE","TEN",0,0,0,0,0,0,0,0,0,0,0,0,0,0,1,1,1,1,0,0
2025,6,"00-0039686","C.Yankoff","TE","WAS",0,0,0,0,0,0,0,0,0,0,0,0,0,0,0,0,0,0,0,0
2025,6,"00-0039732","B.Nix","QB","DEN",19,30,174,1,0,1,-6,0,0,5,24,0,0,0,0,0,0,0,0,0
2025,6,"00-0039738","B.Corum","RB","LA",0,0,0,0,0,0,0,0,0,5,23,0,0,0,0,0,0,0,0,0
2025,6,"00-0039739","R.Wilson","WR","PIT",0,0,0,0,0,0,0,0,0,0,0,0,0,0,1,1,12,0,0,0
2025,6,"00-0039746","W.Shipley","RB","PHI",0,0,0,0,0,0,0,0,0,0,0,0,0,0,0,0,0,0,0,0
2025,6,"00-0039751","J.Whittington","WR","LA",0,0,0,0,0,0,0,0,0,0,0,0,0,0,3,4,23,0,0,0
2025,6,"00-0039754","D.Culp","TE","TB",0,0,0,0,0,0,0,0,0,0,0,0,0,0,0,0,0,0,0,0
2025,6,"00-0039793","A.Barner","TE","SEA",0,0,0,0,0,0,0,0,0,0,0,0,0,0,3,3,71,0,0,0
2025,6,"00-0039796","R.Ali","RB","BAL",0,0,0,0,0,0,0,0,0,0,0,0,0,0,0,0,0,0,0,0
2025,6,"00-0039798","I.Davis","RB","NYJ",0,0,0,0,0,0,0,0,0,2,2,0,0,0,1,1,-1,0,0,0
2025,6,"00-0039816","A.Gould","WR","IND",0,0,0,0,0,0,0,0,0,0,0,0,0,0,0,0,0,0,0,0
2025,6,"00-0039847","T.Johnson","TE","NYG",0,0,0,0,0,0,0,0,0,0,0,0,0,0,2,4,27,0,0,0
2025,6,"00-0039849","M.Harrison","WR","ARI",0,0,0,0,0,0,0,0,0,0,0,0,0,0,2,2,32,0,0,0
2025,6,"00-0039851","D.Maye","QB","NE",18,26,261,3,0,1,-1,0,0,9,28,0,0,1,0,0,0,0,0,0
2025,6,"00-0039868","T.Franklin","WR","DEN",0,0,0,0,0,0,0,0,0,1,2,0,0,0,3,4,19,0,1,0
2025,6,"00-0039875","R.Davis","RB","BUF",0,0,0,0,0,0,0,0,0,0,0,0,0,0,2,2,19,1,0,0
2025,6,"00-0039880","M.Washington","WR","MIA",0,0,0,0,0,0,0,0,0,1,1,0,0,0,4,5,22,0,0,0
2025,6,"00-0039893","B.Thomas","WR","JAX",0,0,0,0,0,0,0,0,0,0,0,0,0,0,8,10,90,1,0,0
2025,6,"00-0039894","X.Worthy","WR","KC",0,0,0,0,0,0,0,0,0,1,6,0,0,0,2,4,20,1,0,0
2025,6,"00-0039901","K.Coleman","WR","BUF",0,0,0,0,0,0,0,0,0,0,0,0,0,0,3,6,11,0,0,0
2025,6,"00-0039910","J.Daniels","QB","WAS",19,26,211,3,1,3,-6,0,0,10,52,0,1,0,0,0,0,0,0,0
2025,6,"00-0039915","L.McConkey","WR","LAC",0,0,0,0,0,0,0,0,0,0,0,0,0,0,7,9,100,1,0,0
2025,6,"00-0039917","M.Penix","QB","ATL",20,32,250,1,0,2,-17,0,0,2,6,0,0,0,0,0,0,0,0,0
2025,6,"00-0039918","C.Williams","QB","CHI",17,29,252,1,0,3,-16,0,0,4,3,1,0,0,0,0,0,0,0,0
2025,6,"00-0039919","R.Odunze","WR","CHI",0,0,0,0,0,0,0,0,0,0,0,0,0,0,2,5,32,0,0,0
2025,6,"00-0040009","S.Williams","WR","GB",0,0,0,0,0,0,0,0,0,1,3,0,0,0,0,0,0,0,0,0
2025,6,"00-0040075","L.Wester","WR","BAL",0,0,0,0,0,0,0,0,0,0,0,0,0,0,0,0,0,0,0,0
2025,6,"00-0040078","B.Smith","RB","KC",0,0,0,0,0,0,0,0,0,0,0,0,0,0,3,4,21,0,0,0
2025,6,"00-0040122","A.Jeanty","RB","LV",0,0,0,0,0,0,0,0,0,23,75,1,0,0,2,4,11,0,0,0
2025,6,"00-0040124","T.McMillan","WR","CAR",0,0,0,0,0,0,0,0,0,0,0,0,0,0,3,5,29,2,0,0
2025,6,"00-0040126","C.Loveland","TE","CHI",0,0,0,0,0,0,0,0,0,0,0,0,0,0,2,3,11,0,0,0
2025,6,"00-0040128","T.Warren","TE","IND",0,0,0,0,0,0,0,0,0,0,0,0,0,0,6,9,63,1,0,0
2025,6,"00-0040129","E.Egbuka","WR","TB",0,0,0,0,0,0,0,0,0,0,0,0,0,0,2,4,24,0,0,0
2025,6,"00-0040131","K.Williams","WR","NE",0,0,0,0,0,0,0,0,0,0,0,0,0,0,0,2,0,0,0,0
2025,6,"00-0040134","P.Bryant","WR","DEN",0,0,0,0,0,0,0,0,0,0,0,0,0,0,2,2,22,0,0,0
2025,6,"00-0040142","K.Johnson","RB","PIT",0,0,0,0,0,0,0,0,0,6,15,0,0,0,0,0,0,0,0,0
2025,6,"00-0040162","D.Sampson","RB","CLE",0,0,0,0,0,0,0,0,0,3,12,0,0,0,2,2,12,0,0,0
2025,6,"00-0040164","J.Lane","WR","WAS",0,0,0,0,0,0,0,0,0,1,7,0,0,0,1,2,37,0,0,0
2025,6,"00-0040170","E.Ayomanor","WR","TEN",0,0,0,0,0,0,0,0,0,0,0,0,0,0,3,5,27,0,0,0
2025,6,"00-0040184","K.Lambert-Smith","WR","LAC",0,0,0,0,0,0,0,0,0,0,0,0,0,0,1,2,1,0,0,0
2025,6,"00-0040187","M.Evans","TE","CAR",0,0,0,0,0,0,0,0,0,0,0,0,0,0,1,1,21,0,0,0
2025,6,"00-0040189","O.Gadsden","TE","LAC",0,0,0,0,0,0,0,0,0,0,0,0,0,0,7,8,68,0,1,0
2025,6,"00-0040198","O.Gordon","RB","MIA",0,0,0,0,0,0,0,0,0,2,1,0,0,0,1,1,1,0,0,0
2025,6,"00-0040218","Ji.Horn","WR","CAR",0,0,0,0,0,0,0,0,0,1,11,0,0,0,2,2,36,0,0,0
2025,6,"00-0040236","K.Monangai","RB","CHI",0,0,0,0,0,0,0,0,0,5,19,0,0,0,1,1,25,0,0,0
2025,6,"00-0040237","T.Johnson","WR","TB",0,0,0,0,0,0,0,0,0,0,0,0,0,0,1,3,45,1,0,0
2025,6,"00-0040238","L.Allen","RB","JAX",0,0,0,0,0,0,0,0,0,1,2,0,0,0,1,2,10,0,0,0
2025,6,"00-0040241","D.Lovett","WR","DET",0,0,0,0,0,0,0,0,0,0,0,0,0,0,0,0,0,0,0,0
2025,6,"00-0040242","J.Croskey-Merritt","RB","WAS",0,0,0,0,0,0,0,0,0,17,61,0,1,0,1,1,7,0,0,0
2025,6,"00-0040259","G.Larvadain","WR","CLE",0,0,0,0,0,0,0,0,0,0,0,0,0,0,2,4,22,0,0,0
2025,6,"00-0040534","K.Williams","WR","PIT",0,0,0,0,0,0,0,0,0,0,0,0,0,0,0,0,0,0,0,0
2025,6,"00-0040563","E.Chism","WR","NE",0,0,0,0,0,0,0,0,0,0,0,0,0,0,0,0,0,0,0,0
2025,6,"00-0040582","A.Smith","WR","NYJ",0,0,0,0,0,0,0,0,0,0,0,0,0,0,0,1,0,0,0,0
2025,6,"00-0040584","G.Helm","TE","TEN",0,0,0,0,0,0,0,0,0,0,0,0,0,0,2,3,15,0,0,0
2025,6,"00-0040586","J.Blue","RB","DAL",0,0,0,0,0,0,0,0,0,3,0,0,0,0,0,0,0,0,0,0
2025,6,"00-0040590","K.Mumpfield","WR","LA",0,0,0,0,0,0,0,0,0,0,0,0,0,0,1,2,7,0,0,0
2025,6,"00-0040644","T.Etienne","RB","CAR",0,0,0,0,0,0,0,0,0,3,17,0,0,0,0,0,0,0,0,0
2025,6,"00-0040648","T.Horton","WR","SEA",0,0,0,0,0,0,0,0,0,0,0,0,0,0,0,1,0,0,0,0
2025,6,"00-0040663","H.Fannin","TE","CLE",0,0,0,0,0,0,0,0,0,0,0,0,0,0,7,10,81,0,0,0
2025,6,"00-0040667","M.Golden","WR","GB",0,0,0,0,0,0,0,0,0,2,16,0,0,0,3,5,86,0,0,0
2025,6,"00-0040676","C.Ward","QB","TEN",26,38,222,1,1,6,-62,2,0,0,0,0,0,0,0,0,0,0,0,0
2025,6,"00-0040691","J.Dart","QB","NYG",17,25,195,1,0,2,-1,0,0,13,58,1,0,0,0,0,0,0,0,0
2025,6,"00-0040704","D.Gabriel","QB","CLE",29,52,221,0,0,6,-38,0,0,0,0,0,0,0,0,0,0,0,0,0
2025,6,"00-0040705","C.Dike","WR","TEN",0,0,0,0,0,0,0,0,0,0,0,0,0,0,2,3,8,0,0,0
2025,6,"00-0040715","C.Skattebo","RB","NYG",0,0,0,0,0,0,0,0,0,19,98,3,0,0,2,2,12,0,0,0
2025,6,"00-0040719","B.Tuten","RB","JAX",0,0,0,0,0,0,0,0,0,2,14,0,0,0,2,3,14,0,0,0
2025,6,"00-0040727","T.Harris","WR","LAC",0,0,0,0,0,0,0,0,0,0,0,0,0,0,4,5,27,0,0,0
2025,6,"00-0040729","J.Bech","WR","LV",0,0,0,0,0,0,0,0,0,0,0,0,0,0,0,1,0,0,0,0
2025,6,"00-0040730","R.Harvey","RB","DEN",0,0,0,0,0,0,0,0,0,2,4,0,0,0,4,4,21,0,0,0
2025,6,"00-0040734","T.Henderson","RB","NE",0,0,0,0,0,0,0,0,0,9,27,0,0,0,1,2,9,0,0,0
2025,6,"00-0040735","L.Burden","WR","CHI",0,0,0,0,0,0,0,0,0,0,0,0,0,0,4,4,51,0,0,0
2025,6,"00-0040736","M.Taylor","TE","NYJ",0,0,0,0,0,0,0,0,0,0,0,0,0,0,1,1,2,0,0,0
2025,6,"00-0040737","T.Ferguson","TE","LA",0,0,0,0,0,0,0,0,0,1,0,0,0,0,0,0,0,0,0,0
2025,6,"00-0040739","E.Arroyo","TE","SEA",0,0,0,0,0,0,0,0,0,0,0,0,0,0,1,2,6,0,0,0
2025,6,"00-0040782","I.Bond","WR","CLE",0,0,0,0,0,0,0,0,0,0,0,0,0,0,2,5,9,0,0,0
2025,6,"00-0040784","Q.Judkins","RB","CLE",0,0,0,0,0,0,0,0,0,12,36,0,0,0,0,1,0,0,0,0
2025,7,"00-0023459","A.Rodgers","QB","PIT",23,34,249,4,2,0,0,0,0,1,6,0,0,0,0,0,0,0,0,0
2025,7,"00-0026158","J.Flacco","QB","CIN",31,47,342,3,0,2,-14,0,0,5,3,0,0,0,0,0,0,0,0,0
2025,7,"00-0026498","M.Stafford","QB","LA",21,33,182,5,0,0,0,0,0,2,1,0,0,0,0,0,0,0,0,0
2025,7,"00-0027973","A.Dalton","QB","CAR",4,7,60,0,0,1,-9,0,0,2,-2,0,0,0,0,0,0,0,0,0
2025,7,"00-0028118","T.Taylor","QB","NYJ",10,22,126,0,2,3,-12,0,0,3,11,0,0,0,0,0,0,0,0,0
2025,7,"00-0030035","A.Thielen","WR","MIN",0,0,0,0,0,0,0,0,0,0,0,0,0,0,1,2,10,0,0,0
2025,7,"00-0030061","Z.Ertz","TE","WAS",0,0,0,0,0,0,0,0,0,0,0,0,0,0,3,7,37,1,0,0
2025,7,"00-0030279","K.Allen","WR","LAC",0,0,0,0,0,0,0,0,0,0,0,0,0,0,11,14,119,1,0,0
2025,7,"00-0030506","T.Kelce","TE","KC",0,0,0,0,0,0,0,0,0,0,0,0,0,0,3,3,54,0,0,0
2025,7,"00-0030565","G.Smith","QB","LV",10,16,67,0,0,1,-5,0,0,2,1,0,0,0,0,0,0,0,0,0
2025,7,"00-0031236","B.Cooks","WR","NO",0,0,0,0,0,0,0,0,0,0,0,0,0,0,1,1,3,0,0,0
2025,7,"00-0031237","T.Bridgewater","QB","TB",0,0,0,0,0,0,0,0,0,1,-1,0,0,0,0,0,0,0,0,0
2025,7,"00-0031345","J.Garoppolo","QB","LA",0,0,0,0,0,0,0,0,0,3,-3,0,0,0,0,0,0,0,0,0
2025,7,"00-0031381","D.Adams","WR","LA",0,0,0,0,0,0,0,0,0,0,0,0,0,0,5,8,35,3,0,0
2025,7,"00-0031408","M.Evans","WR","TB",0,0,0,0,0,0,0,0,0,0,0,0,0,0,0,4,0,0,0,0
2025,7,"00-0031588","S.Diggs","WR","NE",0,0,0,0,0,0,0,0,0,0,0,0,0,0,7,7,69,0,0,0
2025,7,"00-0031610","D.Waller","TE","MIA",0,0,0,0,0,0,0,0,0,0,0,0,0,0,0,0,0,0,0,0
2025,7,"00-0031687","R.Mostert","RB","LV",0,0,0,0,0,0,0,0,0,0,0,0,0,0,1,1,2,0,0,0
2025,7,"00-0032104","A.Abdullah","RB","IND",0,0,0,0,0,0,0,0,0,2,19,0,0,0,1,1,8,0,0,0
2025,7,"00-0032211","T.Lockett","WR","TEN",0,0,0,0,0,0,0,0,0,0,0,0,0,0,2,2,18,0,0,0
2025,7,"00-0032268","M.Mariota","QB","WAS",4,10,63,0,1,2,-9,0,0,2,34,0,0,0,0,0,0,0,0,0
2025,7,"00-0032385","S.Shepard","WR","TB",0,0,0,0,0,0,0,0,0,0,0,0,0,0,7,7,25,0,1,0
2025,7,"00-0032392","A.Hooper","TE","NE",0,0,0,0,0,0,0,0,0,0,0,0,0,0,2,2,11,1,0,0
2025,7,"00-0032398","C.Moore","WR","WAS",0,0,0,0,0,0,0,0,0,0,0,0,0,0,2,5,59,0,0,0
2025,7,"00-0032464","K.Raymond","WR","DET",0,0,0,0,0,0,0,0,0,0,0,0,0,0,3,3,17,0,0,0
2025,7,"00-0032688","R.Chosen","WR","WAS",0,0,0,0,0,0,0,0,0,0,0,0,0,0,4,4,36,0,0,0
2025,7,"00-0032775","D.Robinson","WR","SF",0,0,0,0,0,0,0,0,0,0,0,0,0,0,0,1,0,0,0,0
2025,7,"00-0032950","C.Wentz","QB","MIN",26,42,313,0,2,2,-15,0,0,4,28,0,0,0,0,0,0,0,0,0
2025,7,"00-0032951","L.Treadwell","WR","IND",0,0,0,0,0,0,0,0,0,0,0,0,0,0,0,0,0,0,0,0
2025,7,"00-0033077","D.Prescott","QB","DAL",21,30,264,3,0,1,-7,0,0,5,7,0,0,0,0,0,0,0,0,0
2025,7,"00-0033090","H.Henry","TE","NE",0,0,0,0,0,0,0,0,0,0,0,0,0,0,4,5,33,0,0,0
2025,7,"00-0033106","J.Goff","QB","DET",20,29,241,1,1,4,-26,1,0,2,7,0,0,0,0,0,0,0,0,0
2025,7,"00-0033110","T.Higbee","TE","LA",0,0,0,0,0,0,0,0,0,0,0,0,0,0,3,6,19,0,0,0
2025,7,"00-0033119","J.Brissett","QB","ARI",25,36,279,2,0,6,-43,1,0,6,26,0,0,0,0,0,0,0,0,0
2025,7,"00-0033217","M.Alie-Cox","TE","IND",0,0,0,0,0,0,0,0,0,0,0,0,0,0,1,2,6,0,0,0
2025,7,"00-0033246","J.Mundt","TE","JAX",0,0,0,0,0,0,0,0,0,0,0,0,0,0,1,4,9,0,0,0
2025,7,"00-0033280","C.McCaffrey","RB","SF",0,0,0,0,0,0,0,0,0,24,129,2,0,0,7,8,72,0,0,0
2025,7,"00-0033288","G.Kittle","TE","SF",0,0,0,0,0,0,0,0,0,0,0,0,0,0,0,2,0,0,0,0
2025,7,"00-0033307","K.Bourne","WR","SF",0,0,0,0,0,0,0,0,0,0,0,0,0,0,2,2,14,0,0,0
2025,7,"00-0033357","T.Hill","TE","NO",0,0,0,0,0,0,0,0,0,2,-4,0,0,0,2,2,12,0,0,0
2025,7,"00-0033375","T.Patrick","WR","JAX",0,0,0,0,0,0,0,0,0,0,0,0,0,0,1,1,22,0,0,0
2025,7,"00-0033526","S.Perine","RB","CIN",0,0,0,0,0,0,0,0,0,7,31,0,0,0,0,0,0,0,0,0
2025,7,"00-0033555","M.Hollins","WR","NE",0,0,0,0,0,0,0,0,0,1,4,0,0,0,2,2,49,0,0,0
2025,7,"00-0033572","J.Agnew","WR","ATL",0,0,0,0,0,0,0,0,0,0,0,0,0,0,0,0,0,0,0,0
2025,7,"00-0033854","D.Ogunbowale","RB","HOU",0,0,0,0,0,0,0,0,0,0,0,0,0,0,0,1,0,0,0,0
2025,7,"00-0033857","J.Smith-Schuster","WR","KC",0,0,0,0,0,0,0,0,0,0,0,0,0,0,3,3,35,0,0,0
2025,7,"00-0033858","J.Smith","TE","PIT",0,0,0,0,0,0,0,0,0,0,0,0,0,0,3,6,28,1,0,0
2025,7,"00-0033873","P.Mahomes","QB","KC",26,35,286,3,0,1,-4,0,0,4,28,0,0,0,0,0,0,0,0,0
2025,7,"00-0033881","E.Engram","TE","DEN",0,0,0,0,0,0,0,0,0,0,0,0,0,0,5,8,42,0,0,0
2025,7,"00-0033891","Z.Jones","WR","ARI",0,0,0,0,0,0,0,0,0,0,0,0,0,0,2,2,67,0,0,0
2025,7,"00-0033906","A.Kamara","RB","NO",0,0,0,0,0,0,0,0,0,11,28,0,0,0,3,3,1,0,0,0
2025,7,"00-0033908","C.Kupp","WR","SEA",0,1,0,0,1,0,0,0,0,0,0,0,0,0,1,1,32,0,0,0
2025,7,"00-0033923","K.Hunt","RB","KC",0,0,0,0,0,0,0,0,0,4,18,0,0,0,0,0,0,0,0,0
2025,7,"00-0033943","J.Reynolds","WR","NYJ",0,0,0,0,0,0,0,0,0,0,0,0,0,0,3,9,29,0,0,0
2025,7,"00-0033949","J.Dobbs","QB","NE",1,1,12,0,0,0,0,0,0,2,-2,0,0,0,0,0,0,0,0,0
2025,7,"00-0033955","J.McNichols","RB","WAS",0,0,0,0,0,0,0,0,0,2,22,0,0,0,2,3,23,0,0,0
2025,7,"00-0034159","W.Dissly","TE","LAC",0,0,0,0,0,0,0,0,0,0,0,0,0,0,0,1,0,0,0,0
2025,7,"00-0034348","C.Sutton","WR","DEN",0,0,0,0,0,0,0,0,0,0,0,0,0,0,6,10,87,0,0,1
2025,7,"00-0034351","D.Goedert","TE","PHI",0,0,0,0,0,0,0,0,0,0,0,0,0,0,3,3,18,0,0,0
2025,7,"00-0034367","N.Miller-Hines","RB","LAC",0,0,0,0,0,0,0,0,0,0,0,0,0,0,0,0,0,0,0,0
2025,7,"00-0034383","D.Schultz","TE","HOU",0,0,0,0,0,0,0,0,0,0,0,0,0,0,9,10,98,0,0,0
2025,7,"00-0034419","B.Berrios","WR","HOU",0,0,0,0,0,0,0,0,0,0,0,0,0,0,1,3,-1,0,0,0
2025,7,"00-0034521","A.Lazard","WR","NYJ",0,0,0,0,0,0,0,0,0,0,0,0,0,0,2,3,16,0,0,0
2025,7,"00-0034791","N.Chubb","RB","HOU",0,0,0,0,0,0,0,0,0,5,16,0,0,0,1,3,-5,0,0,0
2025,7,"00-0034827","D.Moore","WR","CHI",0,0,0,0,0,0,0,0,0,1,9,0,0,0,3,5,43,0,0,0
2025,7,"00-0034844","S.Barkley","RB","PHI",0,0,0,0,0,0,0,0,0,18,44,0,0,0,1,1,-2,0,0,0
2025,7,"00-0034854","K.Hodge","WR","ATL",0,0,0,0,0,0,0,0,0,0,0,0,0,0,0,0,0,0,0,0
2025,7,"00-0034855","B.Mayfield","QB","TB",28,50,228,1,1,4,-18,0,0,0,0,0,0,0,0,0,0,0,0,0
2025,7,"00-0034867","M.Turner","WR","SF",0,0,0,0,0,0,0,0,0,0,0,0,0,0,0,0,0,0,0,0
2025,7,"00-0034869","S.Darnold","QB","SEA",17,31,213,1,1,2,-15,1,0,3,1,0,0,0,0,0,0,0,0,0
2025,7,"00-0035208","O.Zaccheaus","WR","CHI",0,0,0,0,0,0,0,0,0,1,0,0,0,0,2,3,9,0,0,0
2025,7,"00-0035229","T.Hockenson","TE","MIN",0,0,0,0,0,0,0,0,0,0,0,0,0,0,6,9,43,0,0,0
2025,7,"00-0035249","J.Oliver","TE","MIN",0,0,0,0,0,0,0,0,0,0,0,0,0,0,1,1,9,0,0,0
2025,7,"00-0035250","D.Singletary","RB","NYG",0,0,0,0,0,0,0,0,0,2,2,0,0,0,0,0,0,0,0,0
2025,7,"00-0035261","T.Pollard","RB","TEN",0,0,0,0,0,0,0,0,0,6,18,0,0,0,6,6,43,0,0,0
2025,7,"00-0035289","G.Minshew","QB","KC",0,0,0,0,0,0,0,0,0,3,-3,0,0,0,0,0,0,0,0,0
2025,7,"00-0035298","S.Miller","WR","PIT",0,0,0,0,0,0,0,0,0,0,0,0,0,0,1,1,9,0,0,0
2025,7,"00-0035406","L.Humphrey","WR","NYG",0,0,0,0,0,0,0,0,0,0,0,0,0,0,0,2,0,0,0,0
2025,7,"00-0035500","G.Dortch","WR","ARI",0,0,0,0,0,0,0,0,0,0,0,0,0,0,2,2,5,0,0,0
2025,7,"00-0035594","T.Homer","RB","CHI",0,0,0,0,0,0,0,0,0,0,0,0,0,0,0,0,0,0,0,0
2025,7,"00-0035602","A.Bachman","WR","LV",0,0,0,0,0,0,0,0,0,0,0,0,0,0,0,0,0,0,0,0
2025,7,"00-0035628","D.Johnson","RB","ARI",0,0,0,0,0,0,0,0,0,1,0,0,0,0,0,0,0,0,0,0
2025,7,"00-0035631","D.Sample","TE","CIN",0,0,0,0,0,0,0,0,0,0,0,0,0,0,0,0,0,0,0,0
2025,7,"00-0035640","D.Metcalf","WR","PIT",0,0,0,0,0,0,0,0,0,0,0,0,0,0,3,5,50,0,0,0
2025,7,"00-0035644","N.Fant","TE","CIN",0,0,0,0,0,0,0,0,0,0,0,0,0,0,4,4,44,1,0,0
2025,7,"00-0035645","G.Olszewski","WR","NYG",0,0,0,0,0,0,0,0,0,0,0,0,0,0,0,0,0,0,0,0
2025,7,"00-0035662","M.Brown","WR","KC",0,0,0,0,0,0,0,0,0,0,0,0,0,0,2,4,14,1,0,0
2025,7,"00-0035676","A.Brown","WR","PHI",0,0,0,0,0,0,0,0,0,0,0,0,0,0,4,6,121,2,0,0
2025,7,"00-0035685","D.Montgomery","RB","DET",0,0,0,0,0,0,0,0,0,13,21,0,0,0,2,3,18,0,0,0
2025,7,"00-0035700","J.Jacobs","RB","GB",0,0,0,0,0,0,0,0,0,13,55,2,0,0,1,1,3,0,0,0
2025,7,"00-0035710","D.Jones","QB","IND",23,34,288,2,0,1,-7,0,1,5,7,0,0,0,0,0,0,0,0,0
2025,7,"00-0036040","J.Johnson","TE","NO",0,0,0,0,0,0,0,0,0,0,0,0,0,0,5,7,79,0,0,0
2025,7,"00-0036139","R.Dowdle","RB","CAR",0,0,0,0,0,0,0,0,0,17,79,0,0,0,1,2,17,0,0,0
2025,7,"00-0036158","J.Dobbins","RB","DEN",0,0,0,0,0,0,0,0,0,14,81,0,0,0,1,1,-1,0,0,0
2025,7,"00-0036176","M.Kinsey","WR","TEN",0,0,0,0,0,0,0,0,0,0,0,0,0,0,0,0,0,0,0,0
2025,7,"00-0036182","N.Westbrook-Ikhine","WR","MIA",0,0,0,0,0,0,0,0,0,0,0,0,0,0,3,4,16,0,0,0
2025,7,"00-0036212","T.Tagovailoa","QB","MIA",12,23,100,0,3,2,-13,0,0,3,6,0,0,0,0,0,0,0,0,0
2025,7,"00-0036223","J.Taylor","RB","IND",0,0,0,0,0,0,0,0,0,16,94,3,0,0,3,3,38,0,0,0
2025,7,"00-0036232","H.Bryant","TE","HOU",0,0,0,0,0,0,0,0,0,0,0,0,0,0,0,0,0,0,0,0
2025,7,"00-0036244","C.Parkinson","TE","LA",0,0,0,0,0,0,0,0,0,0,0,0,0,0,3,3,47,0,0,0
2025,7,"00-0036252","M.Pittman","WR","IND",0,0,0,0,0,0,0,0,0,0,0,0,0,0,7,9,58,1,0,1
2025,7,"00-0036259","J.Jennings","WR","SF",0,0,0,0,0,0,0,0,0,0,0,0,0,0,4,7,31,0,0,0
2025,7,"00-0036264","J.Love","QB","GB",19,29,179,1,0,1,-11,0,0,4,22,0,0,0,0,0,0,0,0,0
2025,7,"00-0036275","D.Swift","RB","CHI",0,0,0,0,0,0,0,0,0,19,124,1,0,0,1,1,14,0,0,0
2025,7,"00-0036290","C.Kmet","TE","CHI",0,0,0,0,0,0,0,0,0,0,0,0,0,0,1,1,16,0,0,0
2025,7,"00-0036309","D.Mooney","WR","ATL",0,0,0,0,0,0,0,0,0,0,0,0,0,0,3,5,68,0,0,0
2025,7,"00-0036322","J.Jefferson","WR","MIN",0,0,0,0,0,0,0,0,0,0,0,0,0,0,5,10,79,0,0,0
2025,7,"00-0036331","D.Duvernay","WR","CHI",0,0,0,0,0,0,0,0,0,0,0,0,0,0,0,0,0,0,0,0
2025,7,"00-0036355","J.Herbert","QB","LAC",37,55,420,3,2,3,-29,0,0,6,31,0,0,0,0,0,0,0,0,0
2025,7,"00-0036358","C.Lamb","WR","DAL",0,0,0,0,0,0,0,0,0,0,0,0,0,0,5,8,110,1,0,0
2025,7,"00-0036389","J.Hurts","QB","PHI",19,23,326,3,0,3,-10,0,0,4,-10,0,0,0,0,0,0,0,0,0
2025,7,"00-0036407","J.Jeudy","WR","CLE",0,0,0,0,0,0,0,0,0,0,0,0,0,0,2,4,17,0,0,0
2025,7,"00-0036410","T.Higgins","WR","CIN",0,0,0,0,0,0,0,0,0,0,0,0,0,0,6,10,96,1,0,0
2025,7,"00-0036415","V.Jefferson","WR","TEN",0,0,0,0,0,0,0,0,0,0,0,0,0,0,4,4,41,0,0,0
2025,7,"00-0036427","T.Johnson","WR","NYJ",0,0,0,0,0,0,0,0,0,0,0,0,0,0,3,3,60,0,0,0
2025,7,"00-0036429","C.Woerner","TE","ATL",0,0,0,0,0,0,0,0,0,0,0,0,0,0,0,1,0,0,0,0
2025,7,"00-0036554","N.Collins","WR","HOU",0,0,0,0,0,0,0,0,0,0,0,0,0,0,4,10,27,0,0,0
2025,7,"00-0036555","C.Hubbard","RB","CAR",0,0,0,0,0,0,0,0,0,14,31,0,0,0,2,3,24,0,0,0
2025,7,"00-0036613","J.Waddle","WR","MIA",0,0,0,0,0,0,0,0,0,0,0,0,0,0,1,4,15,0,0,0
2025,7,"00-0036620","D.Eskridge","WR","MIA",0,0,0,0,0,0,0,0,0,0,0,0,0,0,2,2,45,0,0,0
2025,7,"00-0036626","D.Brown","WR","JAX",0,0,0,0,0,0,0,0,0,0,0,0,0,0,2,4,50,0,0,0
2025,7,"00-0036628","J.Bates","TE","WAS",0,0,0,0,0,0,0,0,0,0,0,0,0,0,1,2,5,0,0,0
2025,7,"00-0036637","N.Gray","TE","KC",0,0,0,0,0,0,0,0,0,0,0,0,0,0,1,1,28,0,0,0
2025,7,"00-0036646","S.Fehoko","WR","ARI",0,0,0,0,0,0,0,0,0,0,0,0,0,0,0,0,0,0,0,0
2025,7,"00-0036741","J.Stoll","TE","NO",0,0,0,0,0,0,0,0,0,0,0,0,0,0,0,1,0,0,0,0
2025,7,"00-0036754","B.Wright","TE","DET",0,0,0,0,0,0,0,0,0,0,0,0,0,0,3,3,23,0,0,0
2025,7,"00-0036842","K.Nwangwu","RB","NYJ",0,0,0,0,0,0,0,0,0,0,0,0,0,0,0,0,0,0,0,0
2025,7,"00-0036862","B.Skowronek","WR","PIT",0,0,0,0,0,0,0,0,0,0,0,0,0,0,0,0,0,0,0,0
2025,7,"00-0036875","R.Stevenson","RB","NE",0,0,0,0,0,0,0,0,0,18,88,1,0,0,2,2,0,0,0,0
2025,7,"00-0036887","L.Farrell","TE","SF",0,0,0,0,0,0,0,0,0,0,0,0,0,0,1,1,11,0,0,0
2025,7,"00-0036894","P.Freiermuth","TE","PIT",0,0,0,0,0,0,0,0,0,0,0,0,0,0,5,6,111,2,0,0
2025,7,"00-0036900","J.Chase","WR","CIN",0,0,0,0,0,0,0,0,0,0,0,0,0,0,16,23,161,1,0,0
2025,7,"00-0036912","D.Smith","WR","PHI",0,0,0,0,0,0,0,0,0,0,0,0,0,0,9,11,183,1,0,0
2025,7,"00-0036919","K.Gainwell","RB","PIT",0,0,0,0,0,0,0,0,0,3,14,0,0,0,2,2,1,0,0,0
2025,7,"00-0036924","M.Carter","RB","ARI",0,0,0,0,0,0,0,0,0,7,11,0,0,0,2,2,25,0,0,0
2025,7,"00-0036945","J.Fields","QB","NYJ",6,12,46,0,0,3,-21,0,0,4,22,0,0,0,0,0,0,0,0,0
2025,7,"00-0036963","A.St. Brown","WR","DET",0,0,0,0,0,0,0,0,0,0,0,0,0,0,6,10,86,1,0,0
2025,7,"00-0036970","K.Pitts","TE","ATL",0,0,0,0,0,0,0,0,0,0,0,0,0,0,7,10,62,0,0,0
2025,7,"00-0036971","T.Lawrence","QB","JAX",23,48,296,1,0,7,-32,0,0,2,18,0,0,0,0,0,0,0,0,0
2025,7,"00-0036972","M.Jones","QB","SF",17,26,152,0,1,1,-2,0,0,5,11,0,0,0,0,0,0,0,0,0
2025,7,"00-0036973","T.Etienne","RB","JAX",0,0,0,0,0,0,0,0,0,8,44,0,0,0,1,3,11,0,0,0
2025,7,"00-0036997","J.Williams","RB","DAL",0,0,0,0,0,0,0,0,0,19,116,1,0,0,1,4,2,0,0,0
2025,7,"00-0037004","H.Long","TE","JAX",0,0,0,0,0,0,0,0,0,0,0,0,0,0,2,3,16,0,0,0
2025,7,"00-0037005","T.Tremble","TE","CAR",0,0,0,0,0,0,0,0,0,0,0,0,0,0,1,1,0,0,0,0
2025,7,"00-0037085","T.Badie","RB","DEN",0,0,0,0,0,0,0,0,0,0,0,0,0,0,2,2,19,0,0,0
2025,7,"00-0037091","B.Melton","WR","GB",0,0,0,0,0,0,0,0,0,0,0,0,0,0,0,0,0,0,0,0
2025,7,"00-0037093","D.Young","WR","SEA",0,0,0,0,0,0,0,0,0,0,0,0,0,0,0,0,0,0,0,0
2025,7,"00-0037157","Z.Knight","RB","ARI",0,0,0,0,0,0,0,0,0,14,57,0,0,0,3,4,7,0,0,0
2025,7,"00-0037197","I.Pacheco","RB","KC",0,0,0,0,0,0,0,0,0,15,57,1,0,0,1,2,-3,0,0,0
2025,7,"00-0037228","J.Warren","RB","PIT",0,0,0,0,0,0,0,0,0,16,127,0,0,0,4,5,31,0,0,0
2025,7,"00-0037238","D.London","WR","ATL",0,0,0,0,0,0,0,0,0,0,0,0,0,0,4,10,42,0,0,0
2025,7,"00-0037239","C.Olave","WR","NO",0,0,0,0,0,0,0,0,0,0,0,0,0,0,5,7,98,2,0,0
2025,7,"00-0037240","J.Williams","WR","DET",0,0,0,0,0,0,0,0,0,0,0,0,0,0,0,2,0,0,0,0
2025,7,"00-0037247","G.Pickens","WR","DAL",0,0,0,0,0,0,0,0,0,0,0,0,0,0,4,6,82,0,0,0
2025,7,"00-0037256","R.White","RB","TB",0,0,0,0,0,0,0,0,0,10,38,0,0,0,4,6,6,0,0,0
2025,7,"00-0037263","T.Allgeier","RB","ATL",0,0,0,0,0,0,0,0,0,4,16,0,0,0,0,0,0,0,0,0
2025,7,"00-0037267","J.Ford","RB","CLE",0,0,0,0,0,0,0,0,0,1,0,0,0,0,2,2,10,0,0,0
2025,7,"00-0037291","J.Nailor","WR","MIN",0,0,0,0,0,0,0,0,0,0,0,0,0,0,2,4,37,0,0,0
2025,7,"00-0037292","A.Ogletree","TE","IND",0,0,0,0,0,0,0,0,0,0,0,0,0,0,0,0,0,0,0,0
2025,7,"00-0037306","J.FitzPatrick","TE","GB",0,0,0,0,0,0,0,0,0,0,0,0,0,0,1,1,6,0,0,0
2025,7,"00-0037348","T.Conner","TE","MIA",0,0,0,0,0,0,0,0,0,0,0,0,0,0,1,3,28,0,0,0
2025,7,"00-0037525","J.Mason","RB","MIN",0,0,0,0,0,0,0,0,0,15,57,1,0,0,0,0,0,0,0,0
2025,7,"00-0037545","R.Shaheed","WR","NO",0,0,0,0,0,0,0,0,0,0,0,0,0,0,4,9,40,0,0,0
2025,7,"00-0037563","M.Davis","RB","DAL",0,0,0,0,0,0,0,0,0,0,0,0,0,0,0,0,0,0,0,0
2025,7,"00-0037594","J.Chestnut","RB","TEN",0,0,0,0,0,0,0,0,0,0,0,0,0,0,0,0,0,0,0,0
2025,7,"00-0037617","H.Haskins","RB","LAC",0,0,0,0,0,0,0,0,0,1,3,0,0,0,2,2,2,0,0,0
2025,7,"00-0037664","A.Pierce","WR","IND",0,0,0,0,0,0,0,0,0,0,0,0,0,0,5,10,98,0,0,0
2025,7,"00-0037666","J.Tolbert","WR","DAL",0,0,0,0,0,0,0,0,0,0,0,0,0,0,1,2,16,0,0,0
2025,7,"00-0037744","T.McBride","TE","ARI",0,0,0,0,0,0,0,0,0,0,0,0,0,0,10,13,74,2,0,0
2025,7,"00-0037746","B.Robinson","RB","SF",0,0,0,0,0,0,0,0,0,9,36,0,0,0,0,0,0,0,0,0
2025,7,"00-0037801","K.Turpin","WR","DAL",0,0,0,0,0,0,0,0,0,0,0,0,0,0,1,1,17,0,0,0
2025,7,"00-0037805","J.Ruckert","TE","NYJ",0,0,0,0,0,0,0,0,0,0,0,0,0,0,0,1,0,0,0,0
2025,7,"00-0037809","C.Okonkwo","TE","TEN",0,0,0,0,0,0,0,0,0,0,0,0,0,0,0,2,0,0,0,0
2025,7,"00-0037816","R.Doubs","WR","GB",0,0,0,0,0,0,0,0,0,0,0,0,0,0,6,8,72,0,0,0
2025,7,"00-0037840","K.Williams","RB","LA",0,0,0,0,0,0,0,0,0,12,54,0,0,0,2,3,11,0,0,0
2025,7,"00-0038041","J.Ferguson","TE","DAL",0,0,0,0,0,0,0,0,0,0,0,0,0,0,7,7,29,2,0,0
2025,7,"00-0038090","S.Moore","WR","SF",0,0,0,0,0,0,0,0,0,0,0,0,0,0,1,1,15,0,0,0
2025,7,"00-0038102","K.Pickett","QB","LV",2,2,8,0,0,0,0,0,0,1,0,0,1,0,0,0,0,0,0,0
2025,7,"00-0038104","T.Thornton","WR","KC",0,0,0,0,0,0,0,0,0,0,0,0,0,0,1,2,39,0,0,0
2025,7,"00-0038115","D.Bellinger","TE","NYG",0,0,0,0,0,0,0,0,0,0,0,0,0,0,3,4,88,1,0,0
2025,7,"00-0038117","W.Robinson","WR","NYG",0,0,0,0,0,0,0,0,0,0,0,0,0,0,6,12,95,0,0,0
2025,7,"00-0038120","B.Hall","RB","NYJ",0,0,0,0,0,0,0,0,0,11,38,0,0,0,2,3,14,0,0,0
2025,7,"00-0038129","C.Otton","TE","TB",0,0,0,0,0,0,0,0,0,0,0,0,0,0,7,9,65,0,0,0
2025,7,"00-0038134","K.Walker","RB","SEA",0,0,0,0,0,0,0,0,0,17,66,0,0,0,0,0,0,0,0,0
2025,7,"00-0038359","X.Smith","WR","LA",0,0,0,0,0,0,0,0,0,0,0,0,0,0,2,3,15,0,0,0
2025,7,"00-0038393","D.Wicks","WR","GB",0,0,0,0,0,0,0,0,0,0,0,0,0,0,1,2,5,0,0,0
2025,7,"00-0038440","Z.Scott","RB","MIN",0,0,0,0,0,0,0,0,0,4,4,0,0,0,1,1,2,0,0,0
2025,7,"00-0038465","M.Heath","WR","GB",0,0,0,0,0,0,0,0,0,0,0,0,0,0,0,0,0,0,0,0
2025,7,"00-0038488","B.Russell","RB","SEA",0,0,0,0,0,0,0,0,0,0,0,0,0,0,0,0,0,0,0,0
2025,7,"00-0038496","X.Gipson","WR","PHI",0,0,0,0,0,0,0,0,0,0,0,0,0,0,0,0,0,0,0,0
2025,7,"00-0038498","E.Jenkins","TE","PHI",0,0,0,0,0,0,0,0,0,0,0,0,0,0,0,0,0,0,0,0
2025,7,"00-0038519","N.Remigio","WR","KC",0,0,0,0,0,0,0,0,0,0,0,0,0,0,0,0,0,0,0,0
2025,7,"00-0038542","B.Robinson","RB","ATL",0,0,0,0,0,0,0,0,0,14,40,0,0,0,6,8,52,1,0,0
2025,7,"00-0038543","J.Smith-Njigba","WR","SEA",0,0,0,0,0,0,0,0,0,0,0,0,0,0,8,14,123,1,0,0
2025,7,"00-0038544","Q.Johnston","WR","LAC",0,0,0,0,0,0,0,0,0,0,0,0,0,0,2,6,30,1,0,0
2025,7,"00-0038551","K.Miller","RB","NO",0,0,0,0,0,0,0,0,0,1,7,0,0,0,0,0,0,0,0,0
2025,7,"00-0038555","T.Bigsby","RB","PHI",0,0,0,0,0,0,0,0,0,1,11,0,0,0,1,1,-1,0,0,0
2025,7,"00-0038558","D.Washington","TE","PIT",0,0,0,0,0,0,0,0,0,0,0,0,0,0,3,5,2,1,0,0
2025,7,"00-0038559","Mi.Wilson","WR","ARI",0,0,0,0,0,0,0,0,0,0,0,0,0,0,3,4,40,0,0,0
2025,7,"00-0038563","T.Tucker","WR","LV",0,0,0,0,0,0,0,0,0,0,0,0,0,0,5,6,33,0,0,0
2025,7,"00-0038564","C.Latu","TE","PHI",0,0,0,0,0,0,0,0,0,0,0,0,0,0,0,0,0,0,0,0
2025,7,"00-0038573","D.Davis","WR","LAC",0,0,0,0,0,0,0,0,0,0,0,0,0,0,0,0,0,0,0,0
2025,7,"00-0038576","C.Jones","WR","CIN",0,0,0,0,0,0,0,0,0,0,0,0,0,0,0,0,0,0,0,0
2025,7,"00-0038597","C.Brown","RB","CIN",0,0,0,0,0,0,0,0,0,11,108,0,0,0,2,4,-8,0,0,0
2025,7,"00-0038606","P.Washington","WR","JAX",0,0,0,0,0,0,0,0,0,3,10,0,0,0,4,10,52,0,0,0
2025,7,"00-0038608","K.Boutte","WR","NE",0,0,0,0,0,0,0,0,0,0,0,0,0,0,2,2,55,1,0,0
2025,7,"00-0038611","C.Rodriguez","RB","WAS",0,0,0,0,0,0,0,0,0,3,12,1,0,0,0,0,0,0,0,0
2025,7,"00-0038618","X.Hutchinson","WR","HOU",0,0,0,0,0,0,0,0,0,0,0,0,0,0,1,4,13,0,0,0
2025,7,"00-0038619","A.Iosivas","WR","CIN",0,0,0,0,0,0,0,0,0,0,0,0,0,0,3,4,49,0,0,0
2025,7,"00-0038621","D.Douglas","WR","NE",0,0,0,0,0,0,0,0,0,0,0,0,0,0,3,3,17,0,0,0
2025,7,"00-0038685","C.Brooks","RB","GB",0,0,0,0,0,0,0,0,0,0,0,0,0,0,0,1,0,0,0,0
2025,7,"00-0038710","B.Whiteheart","TE","CLE",0,0,0,0,0,0,0,0,0,0,0,0,0,0,1,1,4,0,0,0
2025,7,"00-0038720","J.Hill","TE","MIA",0,0,0,0,0,0,0,0,0,0,0,0,0,0,1,2,1,0,0,0
2025,7,"00-0038738","H.Luepke","RB","DAL",0,0,0,0,0,0,0,0,0,0,0,0,0,0,1,1,3,0,0,0
2025,7,"00-0038752","J.Bobo","WR","SEA",0,0,0,0,0,0,0,0,0,0,0,0,0,0,1,1,3,0,0,0
2025,7,"00-0038783","N.Adkins","TE","DEN",0,0,0,0,0,0,0,0,0,0,0,0,0,0,2,3,20,0,0,0
2025,7,"00-0038797","E.Wilson","RB","GB",0,0,0,0,0,0,0,0,0,6,17,0,0,0,1,1,-2,0,0,0
2025,7,"00-0038824","R.Miller","WR","TB",0,0,0,0,0,0,0,0,0,0,0,0,0,0,1,1,14,0,0,0
2025,7,"00-0038840","B.Tremayne","WR","CAR",0,0,0,0,0,0,0,0,0,0,0,0,0,0,0,0,0,0,0,0
2025,7,"00-0038896","J.Saylors","RB","DET",0,0,0,0,0,0,0,0,0,0,0,0,0,0,0,0,0,0,0,0
2025,7,"00-0038938","J.Hyatt","WR","NYG",0,0,0,0,0,0,0,0,0,0,0,0,0,0,0,1,0,0,0,0
2025,7,"00-0038951","S.Tucker","RB","TB",0,0,0,0,0,0,0,0,0,1,4,0,0,0,1,1,2,0,0,0
2025,7,"00-0038976","M.Mims","WR","DEN",0,0,0,0,0,0,0,0,0,1,13,0,0,0,6,7,85,0,0,0
2025,7,"00-0038994","J.Addison","WR","MIN",0,0,0,0,0,0,0,0,0,0,0,0,0,0,9,12,128,0,0,0
2025,7,"00-0038996","T.Kraft","TE","GB",0,0,0,0,0,0,0,0,0,0,0,0,0,0,5,10,58,1,0,0
2025,7,"00-0039021","R.Johnson","RB","CHI",0,0,0,0,0,0,0,0,0,1,11,0,0,0,0,0,0,0,0,0
2025,7,"00-0039032","T.Spears","RB","TEN",0,0,0,0,0,0,0,0,0,5,22,0,0,0,3,4,18,0,0,0
2025,7,"00-0039040","D.Achane","RB","MIA",0,0,0,0,0,0,0,0,0,13,82,0,0,0,3,5,16,0,0,0
2025,7,"00-0039041","E.Higgins","TE","ARI",0,0,0,0,0,0,0,0,0,0,0,0,0,0,1,1,3,0,0,0
2025,7,"00-0039065","S.LaPorta","TE","DET",0,0,0,0,0,0,0,0,0,0,0,0,0,0,3,3,15,0,0,0
2025,7,"00-0039066","M.Mayer","TE","LV",0,0,0,0,0,0,0,0,0,0,0,0,0,0,1,2,10,0,0,0
2025,7,"00-0039067","R.Rice","WR","KC",0,0,0,0,0,0,0,0,0,0,0,0,0,0,7,10,42,2,0,0
2025,7,"00-0039074","D.Allen","TE","LA",0,0,0,0,0,0,0,0,0,0,0,0,0,0,1,1,4,0,0,0
2025,7,"00-0039139","J.Gibbs","RB","DET",0,0,0,0,0,0,0,0,0,17,136,2,0,0,3,3,82,0,0,0
2025,7,"00-0039150","B.Young","QB","CAR",15,25,138,1,0,1,-12,0,0,2,10,0,0,0,0,0,0,0,0,0
2025,7,"00-0039163","C.Stroud","QB","HOU",23,49,229,1,1,3,-31,0,0,2,25,0,0,0,0,0,0,0,0,0
2025,7,"00-0039165","Z.Charbonnet","RB","SEA",0,0,0,0,0,0,0,0,0,12,49,2,0,0,2,2,6,0,0,0
2025,7,"00-0039299","G.Holani","RB","SEA",0,0,0,0,0,0,0,0,0,0,0,0,0,0,0,0,0,0,0,0
2025,7,"00-0039342","X.Legette","WR","CAR",0,0,0,0,0,0,0,0,0,0,0,0,0,0,9,11,92,1,0,0
2025,7,"00-0039355","L.McCaffrey","WR","WAS",0,0,0,0,0,0,0,0,0,0,0,0,0,0,0,2,0,0,0,0
2025,7,"00-0039356","J.Sanders","TE","CAR",0,0,0,0,0,0,0,0,0,0,0,0,0,0,0,2,0,0,0,0
2025,7,"00-0039363","I.Guerendo","RB","SF",0,0,0,0,0,0,0,0,0,0,0,0,0,0,0,0,0,0,0,0
2025,7,"00-0039376","S.Rattler","QB","NO",20,32,233,2,3,4,-24,1,0,2,12,0,0,0,0,0,0,0,0,0
2025,7,"00-0039379","J.Thrash","WR","CLE",0,0,0,0,0,0,0,0,0,0,0,0,0,0,1,2,23,0,0,0
2025,7,"00-0039384","T.Tracy","RB","NYG",0,0,0,0,0,0,0,0,0,9,46,1,0,0,0,0,0,0,0,0
2025,7,"00-0039391","K.Vidal","RB","LAC",0,0,0,0,0,0,0,0,0,9,20,0,0,0,4,5,15,0,0,0
2025,7,"00-0039394","C.Washington","WR","ATL",0,0,0,0,0,0,0,0,0,0,0,0,0,0,1,2,17,0,0,0
2025,7,"00-0039407","D.Laube","RB","LV",0,0,0,0,0,0,0,0,0,2,3,0,0,0,1,1,1,0,0,0
2025,7,"00-0039410","R.Flournoy","WR","DAL",0,0,0,0,0,0,0,0,0,0,0,0,0,0,0,0,0,0,0,0
2025,7,"00-0039451","I.Williams","WR","NYJ",0,0,0,0,0,0,0,0,0,0,0,0,0,0,0,0,0,0,0,0
2025,7,"00-0039491","J.Coker","WR","CAR",0,0,0,0,0,0,0,0,0,0,0,0,0,0,0,2,0,0,0,0
2025,7,"00-0039521","X.Weaver","WR","ARI",0,0,0,0,0,0,0,0,0,0,0,0,0,0,0,0,0,0,0,0
2025,7,"00-0039530","B.Spann-Ford","TE","DAL",0,0,0,0,0,0,0,0,0,0,0,0,0,0,0,0,0,0,0,0
2025,7,"00-0039589","K.Johnson","WR","TB",0,0,0,0,0,0,0,0,0,0,0,0,0,0,0,1,0,0,0,0
2025,7,"00-0039623","M.Tipton","WR","NO",0,0,0,0,0,0,0,0,0,0,0,0,0,0,0,1,0,0,0,0
2025,7,"00-0039686","C.Yankoff","TE","WAS",0,0,0,0,0,0,0,0,0,0,0,0,0,0,0,0,0,0,0,0
2025,7,"00-0039732","B.Nix","QB","DEN",27,50,279,2,0,2,-14,0,2,5,48,2,0,0,0,0,0,0,0,0
2025,7,"00-0039738","B.Corum","RB","LA",0,0,0,0,0,0,0,0,0,12,37,0,0,0,1,1,6,0,0,0
2025,7,"00-0039739","R.Wilson","WR","PIT",0,0,0,0,0,0,0,0,0,0,0,0,0,0,2,2,17,0,0,0
2025,7,"00-0039746","W.Shipley","RB","PHI",0,0,0,0,0,0,0,0,0,0,0,0,0,0,1,1,7,0,0,0
2025,7,"00-0039751","J.Whittington","WR","LA",0,0,0,0,0,0,0,0,0,0,0,0,0,0,2,4,9,0,0,0
2025,7,"00-0039757","T.Jennings","RB","NE",0,0,0,0,0,0,0,0,0,5,18,0,0,0,0,0,0,0,0,0
2025,7,"00-0039793","A.Barner","TE","SEA",0,0,0,0,0,0,0,0,0,1,2,0,0,0,1,3,7,0,0,0
2025,7,"00-0039798","I.Davis","RB","NYJ",0,0,0,0,0,0,0,0,0,2,10,0,0,0,2,4,22,0,0,0
2025,7,"00-0039816","A.Gould","WR","IND",0,0,0,0,0,0,0,0,0,0,0,0,0,0,1,1,3,0,0,0
2025,7,"00-0039847","T.Johnson","TE","NYG",0,0,0,0,0,0,0,0,0,0,0,0,0,0,3,7,66,1,0,0
2025,7,"00-0039849","M.Harrison","WR","ARI",0,0,0,0,0,0,0,0,0,0,0,0,0,0,2,6,58,0,0,0
2025,7,"00-0039851","D.Maye","QB","NE",21,23,222,2,0,4,-22,0,0,8,62,0,0,0,0,0,0,0,0,0
2025,7,"00-0039868","T.Franklin","WR","DEN",0,0,0,0,0,0,0,0,0,0,0,0,0,0,3,10,19,1,0,1
2025,7,"00-0039880","M.Washington","WR","MIA",0,0,0,0,0,0,0,0,0,0,0,0,0,0,5,8,30,0,0,0
2025,7,"00-0039890","A.Mitchell","WR","IND",0,0,0,0,0,0,0,0,0,0,0,0,0,0,1,1,8,0,0,0
2025,7,"00-0039893","B.Thomas","WR","JAX",0,0,0,0,0,0,0,0,0,0,0,0,0,0,3,7,31,0,0,0
2025,7,"00-0039894","X.Worthy","WR","KC",0,0,0,0,0,0,0,0,0,1,13,0,0,0,3,4,35,0,0,0
2025,7,"00-0039910","J.Daniels","QB","WAS",12,22,156,1,0,2,-5,1,0,8,35,1,0,0,0,0,0,0,0,0
2025,7,"00-0039915","L.McConkey","WR","LAC",0,0,0,0,0,0,0,0,0,0,0,0,0,0,9,15,67,0,0,0
2025,7,"00-0039917","M.Penix","QB","ATL",21,38,241,1,0,2,-11,1,0,2,6,0,0,0,0,0,0,0,0,0
2025,7,"00-0039918","C.Williams","QB","CHI",15,26,172,0,1,1,-8,0,0,4,-2,0,0,0,0,0,0,0,0,0
2025,7,"00-0039919","R.Odunze","WR","CHI",0,0,0,0,0,0,0,0,0,0,0,0,0,0,2,6,31,0,0,0
2025,7,"00-0039920","M.Corley","WR","CLE",0,0,0,0,0,0,0,0,0,0,0,0,0,0,2,2,17,0,0,0
2025,7,"00-0040009","S.Williams","WR","GB",0,0,0,0,0,0,0,0,0,0,0,0,0,0,0,0,0,0,0,0
2025,7,"00-0040078","B.Smith","RB","KC",0,0,0,0,0,0,0,0,0,14,39,0,0,0,5,5,42,0,0,0
2025,7,"00-0040122","A.Jeanty","RB","LV",0,0,0,0,0,0,0,0,0,6,21,0,0,0,1,1,13,0,0,0
2025,7,"00-0040124","T.McMillan","WR","CAR",0,0,0,0,0,0,0,0,0,0,0,0,0,0,3,5,33,0,0,0
2025,7,"00-0040126","C.Loveland","TE","CHI",0,0,0,0,0,0,0,0,0,0,0,0,0,0,3,4,24,0,0,0
2025,7,"00-0040128","T.Warren","TE","IND",0,0,0,0,0,0,0,0,0,0,0,0,0,0,4,5,69,1,0,0
2025,7,"00-0040129","E.Egbuka","WR","TB",0,0,0,0,0,0,0,0,0,0,0,0,0,0,4,12,58,0,0,0
2025,7,"00-0040130","J.Higgins","WR","HOU",0,0,0,0,0,0,0,0,0,0,0,0,0,0,0,3,0,0,0,0
2025,7,"00-0040131","K.Williams","WR","NE",0,0,0,0,0,0,0,0,0,0,0,0,0,0,0,1,0,0,0,0
2025,7,"00-0040134","P.Bryant","WR","DEN",0,0,0,0,0,0,0,0,0,0,0,0,0,0,1,4,6,0,0,0
2025,7,"00-0040138","J.Noel","WR","HOU",0,0,0,0,0,0,0,0,0,0,0,0,0,0,4,7,77,0,0,0
2025,7,"00-0040154","T.Felton","WR","MIN",0,0,0,0,0,0,0,0,0,0,0,0,0,0,0,0,0,0,0,0
2025,7,"00-0040162","D.Sampson","RB","CLE",0,0,0,0,0,0,0,0,0,3,8,0,0,0,1,1,9,0,0,0
2025,7,"00-0040164","J.Lane","WR","WAS",0,0,0,0,0,0,0,0,0,0,0,0,0,0,3,6,60,0,0,0
2025,7,"00-0040170","E.Ayomanor","WR","TEN",0,0,0,0,0,0,0,0,0,0,0,0,0,0,2,5,29,0,0,0
2025,7,"00-0040187","M.Evans","TE","CAR",0,0,0,0,0,0,0,0,0,0,0,0,0,0,2,3,24,0,0,0
2025,7,"00-0040189","O.Gadsden","TE","LAC",0,0,0,0,0,0,0,0,0,0,0,0,0,0,7,9,164,1,0,0
2025,7,"00-0040198","O.Gordon","RB","MIA",0,0,0,0,0,0,0,0,0,5,11,0,0,0,1,2,2,0,0,0
2025,7,"00-0040202","D.Neal","RB","NO",0,0,0,0,0,0,0,0,0,1,1,0,0,0,0,0,0,0,0,0
2025,7,"00-0040208","T.Brooks","RB","CIN",0,0,0,0,0,0,0,0,0,0,0,0,0,0,0,0,0,0,0,0
2025,7,"00-0040218","Ji.Horn","WR","CAR",0,0,0,0,0,0,0,0,0,1,7,0,0,0,1,2,8,0,0,0
2025,7,"00-0040225","T.Fidone","TE","NYG",0,0,0,0,0,0,0,0,0,0,0,0,0,0,0,0,0,0,0,0
2025,7,"00-0040234","Q.Ewers","QB","MIA",5,8,53,0,0,2,-20,0,0,1,0,0,0,0,0,0,0,0,0,0
2025,7,"00-0040236","K.Monangai","RB","CHI",0,0,0,0,0,0,0,0,0,13,81,1,0,0,2,3,13,0,0,0
2025,7,"00-0040237","T.Johnson","WR","TB",0,0,0,0,0,0,0,0,0,0,0,0,0,0,4,9,58,1,0,0
2025,7,"00-0040238","L.Allen","RB","JAX",0,0,0,0,0,0,0,0,0,0,0,0,0,0,1,1,4,0,0,0
2025,7,"00-0040242","J.Croskey-Merritt","RB","WAS",0,0,0,0,0,0,0,0,0,13,33,0,0,0,1,2,-1,0,0,0
2025,7,"00-0040259","G.Larvadain","WR","CLE",0,0,0,0,0,0,0,0,0,0,0,0,0,0,0,1,0,0,0,0
2025,7,"00-0040432","B.Collins","WR","NYG",0,0,0,0,0,0,0,0,0,0,0,0,0,0,0,1,0,0,0,0
2025,7,"00-0040488","C.Runyon","TE","LV",0,0,0,0,0,0,0,0,0,0,0,0,0,0,1,1,3,0,0,0
2025,7,"00-0040506","M.Price","WR","MIN",0,0,0,0,0,0,0,0,0,0,0,0,0,0,0,0,0,0,0,0
2025,7,"00-0040534","K.Williams","WR","PIT",0,0,0,0,0,0,0,0,0,0,0,0,0,0,0,0,0,0,0,0
2025,7,"00-0040563","E.Chism","WR","NE",0,0,0,0,0,0,0,0,0,0,0,0,0,0,0,0,0,0,0,0
2025,7,"00-0040581","D.Thornton","WR","LV",0,0,0,0,0,0,0,0,0,0,0,0,0,0,0,3,0,0,0,0
2025,7,"00-0040582","A.Smith","WR","NYJ",0,0,0,0,0,0,0,0,0,0,0,0,0,0,1,3,0,0,0,0
2025,7,"00-0040583","W.Marks","RB","HOU",0,0,0,0,0,0,0,0,0,10,15,0,0,0,3,5,20,1,0,0
2025,7,"00-0040584","G.Helm","TE","TEN",0,0,0,0,0,0,0,0,0,0,0,0,0,0,4,5,36,0,0,0
2025,7,"00-0040586","J.Blue","RB","DAL",0,0,0,0,0,0,0,0,0,7,29,0,0,0,1,1,5,0,0,0
2025,7,"00-0040590","K.Mumpfield","WR","LA",0,0,0,0,0,0,0,0,0,0,0,0,0,0,1,1,5,1,0,0
2025,7,"00-0040644","T.Etienne","RB","CAR",0,0,0,0,0,0,0,0,0,0,0,0,0,0,0,0,0,0,0,0
2025,7,"00-0040648","T.Horton","WR","SEA",0,0,0,0,0,0,0,0,0,0,0,0,0,0,0,3,0,0,0,0
2025,7,"00-0040663","H.Fannin","TE","CLE",0,0,0,0,0,0,0,0,0,0,0,0,0,0,4,5,36,0,0,0
2025,7,"00-0040667","M.Golden","WR","GB",0,0,0,0,0,0,0,0,0,0,0,0,0,0,4,4,37,0,0,0
2025,7,"00-0040669","I.TeSlaa","WR","DET",0,0,0,0,0,0,0,0,0,0,0,0,0,0,0,1,0,0,0,0
2025,7,"00-0040676","C.Ward","QB","TEN",25,34,255,1,1,5,-39,1,0,0,0,0,0,0,0,0,0,0,0,0
2025,7,"00-0040691","J.Dart","QB","NYG",15,33,283,3,1,4,-15,0,0,5,11,1,0,0,0,0,0,0,0,0
2025,7,"00-0040704","D.Gabriel","QB","CLE",13,18,116,0,0,2,-14,0,0,4,12,0,0,0,0,0,0,0,0,0
2025,7,"00-0040705","C.Dike","WR","TEN",0,0,0,0,0,0,0,0,0,1,-1,0,0,0,4,4,70,1,0,0
2025,7,"00-0040715","C.Skattebo","RB","NYG",0,0,0,0,0,0,0,0,0,16,60,0,0,0,3,6,34,1,0,0
2025,7,"00-0040719","B.Tuten","RB","JAX",0,0,0,0,0,0,0,0,0,5,22,0,0,0,0,0,0,0,0,0
2025,7,"00-0040727","T.Harris","WR","LAC",0,0,0,0,0,0,0,0,0,0,0,0,0,0,2,2,23,0,0,0
2025,7,"00-0040729","J.Bech","WR","LV",0,0,0,0,0,0,0,0,0,0,0,0,0,0,2,2,13,0,0,0
2025,7,"00-0040730","R.Harvey","RB","DEN",0,0,0,0,0,0,0,0,0,4,0,0,0,0,1,2,2,1,0,0
2025,7,"00-0040734","T.Henderson","RB","NE",0,0,0,0,0,0,0,0,0,2,5,0,0,0,0,0,0,0,0,0
2025,7,"00-0040735","L.Burden","WR","CHI",0,0,0,0,0,0,0,0,0,1,-1,0,0,0,1,2,22,0,0,0
2025,7,"00-0040736","M.Taylor","TE","NYJ",0,0,0,0,0,0,0,0,0,0,0,0,0,0,3,5,31,0,0,0
2025,7,"00-0040737","T.Ferguson","TE","LA",0,0,0,0,0,0,0,0,0,0,0,0,0,0,1,3,31,1,0,0
2025,7,"00-0040739","E.Arroyo","TE","SEA",0,0,0,0,0,0,0,0,0,0,0,0,0,0,4,5,42,0,1,0
2025,7,"00-0040784","Q.Judkins","RB","CLE",0,0,0,0,0,0,0,0,0,25,84,3,0,0,0,0,0,0,0,0
2025,8,"00-0023459","A.Rodgers","QB","PIT",24,36,219,2,0,3,-17,0,0,0,0,0,0,0,0,0,0,0,0,0
2025,8,"00-0026158","J.Flacco","QB","CIN",21,34,223,2,0,1,-6,0,0,2,14,1,0,0,0,0,0,0,0,0
2025,8,"00-0027973","A.Dalton","QB","CAR",16,24,175,0,1,7,-45,1,0,2,1,0,1,0,0,0,0,0,0,0
2025,8,"00-0029604","K.Cousins","QB","ATL",21,31,173,0,0,1,-5,0,0,2,2,0,0,0,0,0,0,0,0,0
2025,8,"00-0030035","A.Thielen","WR","MIN",0,0,0,0,0,0,0,0,0,0,0,0,0,0,0,2,0,0,0,0
2025,8,"00-0030061","Z.Ertz","TE","WAS",0,0,0,0,0,0,0,0,0,0,0,0,0,0,4,6,16,0,0,0
2025,8,"00-0030279","K.Allen","WR","LAC",0,0,0,0,0,0,0,0,0,0,0,0,0,0,4,5,44,0,0,0
2025,8,"00-0030506","T.Kelce","TE","KC",0,0,0,0,0,0,0,0,0,0,0,0,0,0,6,8,99,1,0,0
2025,8,"00-0030564","D.Hopkins","WR","BAL",0,0,0,0,0,0,0,0,0,0,0,0,0,0,1,1,14,0,0,0
2025,8,"00-0031236","B.Cooks","WR","NO",0,0,0,0,0,0,0,0,0,0,0,0,0,0,3,4,22,0,0,0
2025,8,"00-0031588","S.Diggs","WR","NE",0,0,0,0,0,0,0,0,0,0,0,0,0,0,3,5,14,1,0,0
2025,8,"00-0032104","A.Abdullah","RB","IND",0,0,0,0,0,0,0,0,0,2,5,0,0,0,1,1,3,0,0,0
2025,8,"00-0032268","M.Mariota","QB","WAS",21,30,213,1,2,2,-13,0,0,8,28,0,0,0,0,0,0,0,0,0
2025,8,"00-0032385","S.Shepard","WR","TB",0,0,0,0,0,0,0,0,0,0,0,0,0,0,1,2,8,0,0,0
2025,8,"00-0032392","A.Hooper","TE","NE",0,0,0,0,0,0,0,0,0,0,0,0,0,0,2,2,38,0,0,0
2025,8,"00-0032764","D.Henry","RB","BAL",0,0,0,0,0,0,0,0,0,21,71,2,0,0,0,1,0,0,0,0
2025,8,"00-0032775","D.Robinson","WR","SF",0,0,0,0,0,0,0,0,0,0,0,0,0,0,2,3,5,0,0,1
2025,8,"00-0032950","C.Wentz","QB","MIN",15,27,144,1,1,5,-27,0,0,0,0,0,0,0,0,0,0,0,0,0
2025,8,"00-0033077","D.Prescott","QB","DAL",19,31,188,0,2,2,-15,0,0,6,31,0,0,0,0,0,0,0,0,0
2025,8,"00-0033090","H.Henry","TE","NE",0,0,0,0,0,0,0,0,0,0,0,0,0,0,1,1,7,1,0,0
2025,8,"00-0033280","C.McCaffrey","RB","SF",0,0,0,0,0,0,0,0,0,8,25,0,0,0,3,6,43,0,0,0
2025,8,"00-0033282","C.Samuel","WR","BUF",0,0,0,0,0,0,0,0,0,0,0,0,0,0,0,0,0,0,0,0
2025,8,"00-0033288","G.Kittle","TE","SF",0,0,0,0,0,0,0,0,0,0,0,0,0,0,4,5,43,1,0,0
2025,8,"00-0033293","A.Jones","RB","MIN",0,0,0,0,0,0,0,0,0,5,15,0,0,0,2,4,15,0,0,0
2025,8,"00-0033307","K.Bourne","WR","SF",0,0,0,0,0,0,0,0,0,0,0,0,0,0,3,4,44,0,0,0
2025,8,"00-0033357","T.Hill","TE","NO",0,0,0,0,0,0,0,0,0,2,6,0,0,0,1,1,6,0,0,0
2025,8,"00-0033526","S.Perine","RB","CIN",0,0,0,0,0,0,0,0,0,9,94,1,0,0,1,1,6,0,0,0
2025,8,"00-0033555","M.Hollins","WR","NE",0,0,0,0,0,0,0,0,0,0,0,0,0,0,7,7,89,0,0,0
2025,8,"00-0033572","J.Agnew","WR","ATL",0,0,0,0,0,0,0,0,0,0,0,0,0,0,0,0,0,0,0,0
2025,8,"00-0033854","D.Ogunbowale","RB","HOU",0,0,0,0,0,0,0,0,0,1,9,0,0,0,1,1,8,0,0,0
2025,8,"00-0033857","J.Smith-Schuster","WR","KC",0,0,0,0,0,0,0,0,0,0,0,0,0,0,2,2,29,0,0,0
2025,8,"00-0033858","J.Smith","TE","PIT",0,0,0,0,0,0,0,0,0,0,0,0,0,0,2,3,17,0,0,0
2025,8,"00-0033869","M.Trubisky","QB","BUF",2,4,22,0,0,0,0,0,0,0,0,0,0,0,0,0,0,0,0,0
2025,8,"00-0033873","P.Mahomes","QB","KC",25,34,299,3,2,3,-15,0,0,4,30,0,0,0,0,0,0,0,0,0
2025,8,"00-0033881","E.Engram","TE","DEN",0,0,0,0,0,0,0,0,0,0,0,0,0,0,4,4,36,0,0,0
2025,8,"00-0033885","D.Njoku","TE","CLE",0,0,0,0,0,0,0,0,0,0,0,0,0,0,4,5,37,1,0,0
2025,8,"00-0033906","A.Kamara","RB","NO",0,0,0,0,0,0,0,0,0,6,21,0,0,0,2,2,24,0,0,0
2025,8,"00-0033923","K.Hunt","RB","KC",0,0,0,0,0,0,0,0,0,9,40,1,0,0,1,1,2,1,0,0
2025,8,"00-0033955","J.McNichols","RB","WAS",0,0,0,0,0,0,0,0,0,1,4,0,0,0,5,6,64,0,0,0
2025,8,"00-0034348","C.Sutton","WR","DEN",0,0,0,0,0,0,0,0,0,0,0,0,0,0,4,6,67,0,0,0
2025,8,"00-0034351","D.Goedert","TE","PHI",0,0,0,0,0,0,0,0,0,0,0,0,0,0,3,3,28,2,0,0
2025,8,"00-0034367","N.Miller-Hines","RB","LAC",0,0,0,0,0,0,0,0,0,2,-2,0,0,0,0,0,0,0,0,0
2025,8,"00-0034383","D.Schultz","TE","HOU",0,0,0,0,0,0,0,0,0,0,0,0,0,0,2,3,24,0,0,0
2025,8,"00-0034418","C.Wilson","WR","MIA",0,0,0,0,0,0,0,0,0,0,0,0,0,0,1,1,2,0,0,0
2025,8,"00-0034419","B.Berrios","WR","HOU",0,0,0,0,0,0,0,0,0,0,0,0,0,0,5,5,38,0,0,0
2025,8,"00-0034521","A.Lazard","WR","NYJ",0,0,0,0,0,0,0,0,0,0,0,0,0,0,1,2,5,0,0,0
2025,8,"00-0034613","T.Hudson","TE","CIN",0,0,0,0,0,0,0,0,0,0,0,0,0,0,1,2,9,0,0,0
2025,8,"00-0034753","M.Andrews","TE","BAL",0,0,0,0,0,0,0,0,0,0,0,0,0,0,3,3,34,0,0,0
2025,8,"00-0034791","N.Chubb","RB","HOU",0,0,0,0,0,0,0,0,0,17,56,0,0,0,2,2,13,0,0,0
2025,8,"00-0034827","D.Moore","WR","CHI",0,0,0,0,0,0,0,0,0,2,3,0,0,0,4,7,73,0,0,0
2025,8,"00-0034844","S.Barkley","RB","PHI",0,0,0,0,0,0,0,0,0,14,150,1,0,0,4,5,24,1,0,0
2025,8,"00-0034854","K.Hodge","WR","ATL",0,0,0,0,0,0,0,0,0,0,0,0,0,0,3,8,31,0,0,0
2025,8,"00-0034855","B.Mayfield","QB","TB",15,24,152,0,0,3,-28,1,0,0,0,0,0,0,0,0,0,0,0,0
2025,8,"00-0034857","J.Allen","QB","BUF",12,19,163,1,0,2,-20,0,0,3,7,2,0,0,0,0,0,0,0,0
2025,8,"00-0034975","J.Hill","RB","BAL",0,0,0,0,0,0,0,0,0,1,2,0,0,0,0,0,0,0,0,0
2025,8,"00-0034981","F.Moreau","TE","NO",0,0,0,0,0,0,0,0,0,0,0,0,0,0,0,1,0,0,0,0
2025,8,"00-0035021","A.Dulin","WR","IND",0,0,0,0,0,0,0,0,0,0,0,0,0,0,1,1,-8,0,0,0
2025,8,"00-0035208","O.Zaccheaus","WR","CHI",0,0,0,0,0,0,0,0,0,0,0,0,0,0,7,7,33,0,0,0
2025,8,"00-0035229","T.Hockenson","TE","MIN",0,0,0,0,0,0,0,0,0,0,0,0,0,0,2,3,26,0,0,0
2025,8,"00-0035250","D.Singletary","RB","NYG",0,0,0,0,0,0,0,0,0,2,0,0,0,0,1,1,28,0,0,0
2025,8,"00-0035261","T.Pollard","RB","TEN",0,0,0,0,0,0,0,0,0,11,44,0,0,0,1,2,9,0,0,0
2025,8,"00-0035264","J.Stidham","QB","DEN",0,0,0,0,0,0,0,0,0,1,-1,0,0,0,0,0,0,0,0,0
2025,8,"00-0035359","D.Sills","WR","ATL",0,0,0,0,0,0,0,0,0,0,0,0,0,0,2,3,14,0,0,0
2025,8,"00-0035535","D.Slayton","WR","NYG",0,0,0,0,0,0,0,0,0,0,0,0,0,0,2,5,26,0,0,0
2025,8,"00-0035537","Ty.Johnson","RB","BUF",0,0,0,0,0,0,0,0,0,4,6,0,0,0,0,0,0,0,0,0
2025,8,"00-0035594","T.Homer","RB","CHI",0,0,0,0,0,0,0,0,0,0,0,0,0,0,0,0,0,0,0,0
2025,8,"00-0035640","D.Metcalf","WR","PIT",0,0,0,0,0,0,0,0,0,0,0,0,0,0,5,7,55,1,0,0
2025,8,"00-0035644","N.Fant","TE","CIN",0,0,0,0,0,0,0,0,0,0,0,0,0,0,3,3,41,0,0,0
2025,8,"00-0035645","G.Olszewski","WR","NYG",0,0,0,0,0,0,0,0,0,0,0,0,0,0,0,0,0,0,0,0
2025,8,"00-0035659","T.McLaurin","WR","WAS",0,0,0,0,0,0,0,0,0,0,0,0,0,0,3,4,54,1,0,0
2025,8,"00-0035662","M.Brown","WR","KC",0,0,0,0,0,0,0,0,0,0,0,0,0,0,0,1,0,0,0,0
2025,8,"00-0035689","D.Knox","TE","BUF",0,0,0,0,0,0,0,0,0,0,0,0,0,0,1,1,15,0,0,0
2025,8,"00-0035700","J.Jacobs","RB","GB",0,0,0,0,0,0,0,0,0,13,33,1,0,0,3,3,12,0,0,0
2025,8,"00-0035710","D.Jones","QB","IND",21,29,272,3,0,3,-16,0,0,1,3,0,0,0,0,0,0,0,0,0
2025,8,"00-0035719","D.Samuel","WR","WAS",0,0,0,0,0,0,0,0,0,1,1,0,0,0,3,6,11,0,0,0
2025,8,"00-0035993","T.Huntley","QB","BAL",17,22,186,1,0,2,-8,0,0,8,53,0,0,0,0,0,0,0,0,0
2025,8,"00-0036040","J.Johnson","TE","NO",0,0,0,0,0,0,0,0,0,0,0,0,0,0,5,8,53,0,0,0
2025,8,"00-0036139","R.Dowdle","RB","CAR",0,0,0,0,0,0,0,0,0,8,54,0,0,0,0,0,0,0,0,0
2025,8,"00-0036158","J.Dobbins","RB","DEN",0,0,0,0,0,0,0,0,0,15,111,0,0,0,2,2,10,0,0,0
2025,8,"00-0036182","N.Westbrook-Ikhine","WR","MIA",0,0,0,0,0,0,0,0,0,0,0,0,0,0,1,3,18,0,0,0
2025,8,"00-0036187","R.Gilliam","RB","BUF",0,0,0,0,0,0,0,0,0,0,0,0,0,0,0,0,0,0,0,0
2025,8,"00-0036212","T.Tagovailoa","QB","MIA",20,26,205,4,0,1,-8,0,0,0,0,0,0,0,0,0,0,0,0,0
2025,8,"00-0036223","J.Taylor","RB","IND",0,0,0,0,0,0,0,0,0,12,153,2,0,0,2,2,21,1,0,0
2025,8,"00-0036232","H.Bryant","TE","HOU",0,0,0,0,0,0,0,0,0,0,0,0,0,0,0,1,0,0,0,0
2025,8,"00-0036252","M.Pittman","WR","IND",0,0,0,0,0,0,0,0,0,0,0,0,0,0,8,9,95,1,0,0
2025,8,"00-0036259","J.Jennings","WR","SF",0,0,0,0,0,0,0,0,0,0,0,0,0,0,4,7,45,0,0,0
2025,8,"00-0036264","J.Love","QB","GB",29,37,360,3,0,0,0,0,1,1,-1,0,0,0,0,0,0,0,0,0
2025,8,"00-0036275","D.Swift","RB","CHI",0,0,0,0,0,0,0,0,0,11,45,1,0,0,2,2,26,0,0,0
2025,8,"00-0036309","D.Mooney","WR","ATL",0,0,0,0,0,0,0,0,0,0,0,0,0,0,1,4,11,0,0,0
2025,8,"00-0036322","J.Jefferson","WR","MIN",0,0,0,0,0,0,0,0,0,0,0,0,0,0,7,11,74,0,0,0
2025,8,"00-0036331","D.Duvernay","WR","CHI",0,0,0,0,0,0,0,0,0,0,0,0,0,0,1,3,2,0,0,0
2025,8,"00-0036355","J.Herbert","QB","LAC",18,25,227,3,1,2,-15,0,0,7,62,0,0,0,0,0,0,0,0,0
2025,8,"00-0036358","C.Lamb","WR","DAL",0,0,0,0,0,0,0,0,0,1,2,0,0,0,7,10,74,0,0,0
2025,8,"00-0036389","J.Hurts","QB","PHI",15,20,179,4,0,4,-28,0,0,4,22,0,0,0,0,0,0,0,0,0
2025,8,"00-0036407","J.Jeudy","WR","CLE",0,0,0,0,0,0,0,0,0,0,0,0,0,0,0,2,0,0,0,0
2025,8,"00-0036410","T.Higgins","WR","CIN",0,0,0,0,0,0,0,0,0,0,0,0,0,0,1,2,44,1,0,0
2025,8,"00-0036415","V.Jefferson","WR","TEN",0,0,0,0,0,0,0,0,0,0,0,0,0,0,1,8,6,0,0,0
2025,8,"00-0036422","A.Trautman","TE","DEN",0,0,0,0,0,0,0,0,0,0,0,0,0,0,0,0,0,0,0,0
2025,8,"00-0036427","T.Johnson","WR","NYJ",0,0,0,0,0,0,0,0,0,0,0,0,0,0,3,5,64,1,0,0
2025,8,"00-0036550","R.Bateman","WR","BAL",0,0,0,0,0,0,0,0,0,0,0,0,0,0,2,4,51,0,0,0
2025,8,"00-0036555","C.Hubbard","RB","CAR",0,0,0,0,0,0,0,0,0,12,34,1,0,0,0,1,0,0,0,0
2025,8,"00-0036613","J.Waddle","WR","MIA",0,0,0,0,0,0,0,0,0,0,0,0,0,0,5,6,99,1,0,0
2025,8,"00-0036620","D.Eskridge","WR","MIA",0,0,0,0,0,0,0,0,0,0,0,0,0,0,0,0,0,0,0,0
2025,8,"00-0036628","J.Bates","TE","WAS",0,0,0,0,0,0,0,0,0,0,0,0,0,0,1,1,22,0,0,0
2025,8,"00-0036630","T.Wallace","WR","BAL",0,0,0,0,0,0,0,0,0,0,0,0,0,0,1,1,6,0,0,0
2025,8,"00-0036637","N.Gray","TE","KC",0,0,0,0,0,0,0,0,0,0,0,0,0,0,2,4,23,0,0,0
2025,8,"00-0036741","J.Stoll","TE","NO",0,0,0,0,0,0,0,0,0,0,0,0,0,0,0,1,0,0,0,0
2025,8,"00-0036755","J.Patterson","RB","LAC",0,0,0,0,0,0,0,0,0,11,30,0,0,0,0,0,0,0,0,0
2025,8,"00-0036825","F.Franks","TE","ATL",0,0,0,0,0,0,0,0,0,0,0,0,0,0,0,0,0,0,0,0
2025,8,"00-0036862","B.Skowronek","WR","PIT",0,0,0,0,0,0,0,0,0,0,0,0,0,0,1,1,13,0,0,0
2025,8,"00-0036875","R.Stevenson","RB","NE",0,0,0,0,0,0,0,0,0,14,34,0,0,0,1,2,15,0,0,0
2025,8,"00-0036887","L.Farrell","TE","SF",0,0,0,0,0,0,0,0,0,0,0,0,0,0,0,0,0,0,0,0
2025,8,"00-0036894","P.Freiermuth","TE","PIT",0,0,0,0,0,0,0,0,0,0,0,0,0,0,3,4,13,0,0,0
2025,8,"00-0036900","J.Chase","WR","CIN",0,0,0,0,0,0,0,0,0,0,0,0,0,0,12,19,91,0,0,0
2025,8,"00-0036912","D.Smith","WR","PHI",0,0,0,0,0,0,0,0,0,0,0,0,0,0,6,9,84,0,0,0
2025,8,"00-0036919","K.Gainwell","RB","PIT",0,0,0,0,0,0,0,0,0,5,31,0,0,0,2,2,4,0,1,0
2025,8,"00-0036945","J.Fields","QB","NYJ",21,32,244,1,0,0,0,0,1,11,31,0,0,1,0,0,0,0,0,0
2025,8,"00-0036970","K.Pitts","TE","ATL",0,0,0,0,0,0,0,0,0,0,0,0,0,0,9,9,59,0,0,0
2025,8,"00-0036972","M.Jones","QB","SF",19,32,193,2,1,2,-18,0,1,2,23,0,0,0,0,0,0,0,0,0
2025,8,"00-0036980","E.Moore","WR","BUF",0,0,0,0,0,0,0,0,0,0,0,0,0,0,1,4,14,0,0,0
2025,8,"00-0036997","J.Williams","RB","DAL",0,0,0,0,0,0,0,0,0,13,41,2,0,0,1,2,8,0,0,0
2025,8,"00-0037005","T.Tremble","TE","CAR",0,0,0,0,0,0,0,0,0,0,0,0,0,0,1,1,4,0,0,0
2025,8,"00-0037013","Z.Wilson","QB","MIA",1,1,0,0,0,0,0,0,0,0,0,0,0,0,0,0,0,0,0,0
2025,8,"00-0037085","T.Badie","RB","DEN",0,0,0,0,0,0,0,0,0,1,6,0,0,0,0,0,0,0,0,0
2025,8,"00-0037091","B.Melton","WR","GB",0,0,0,0,0,0,0,0,0,0,0,0,0,0,0,0,0,0,0,0
2025,8,"00-0037112","J.Tonges","TE","SF",0,0,0,0,0,0,0,0,0,0,0,0,0,0,1,1,2,1,0,0
2025,8,"00-0037120","T.Goodson","RB","IND",0,0,0,0,0,0,0,0,0,2,2,0,0,0,0,0,0,0,0,0
2025,8,"00-0037197","I.Pacheco","RB","KC",0,0,0,0,0,0,0,0,0,12,58,0,0,0,0,0,0,0,0,0
2025,8,"00-0037228","J.Warren","RB","PIT",0,0,0,0,0,0,0,0,0,13,62,0,0,0,2,3,11,0,0,0
2025,8,"00-0037239","C.Olave","WR","NO",0,0,0,0,0,0,0,0,0,1,-3,0,0,0,8,12,63,0,0,0
2025,8,"00-0037247","G.Pickens","WR","DAL",0,0,0,0,0,0,0,0,0,0,0,0,0,0,7,9,78,0,0,0
2025,8,"00-0037248","J.Cook","RB","BUF",0,0,0,0,0,0,0,0,0,19,216,2,0,0,0,0,0,0,0,0
2025,8,"00-0037256","R.White","RB","TB",0,0,0,0,0,0,0,0,0,13,35,0,0,0,2,2,26,0,0,0
2025,8,"00-0037258","D.Pierce","RB","HOU",0,0,0,0,0,0,0,0,0,0,0,0,0,0,0,0,0,0,0,0
2025,8,"00-0037261","K.Shakir","WR","BUF",0,0,0,0,0,0,0,0,0,0,0,0,0,0,6,7,88,1,0,0
2025,8,"00-0037263","T.Allgeier","RB","ATL",0,0,0,0,0,0,0,0,0,4,4,1,0,0,2,2,10,0,0,0
2025,8,"00-0037267","J.Ford","RB","CLE",0,0,0,0,0,0,0,0,0,0,0,0,0,0,1,2,-1,0,0,0
2025,8,"00-0037291","J.Nailor","WR","MIN",0,0,0,0,0,0,0,0,0,0,0,0,0,0,0,1,0,0,0,0
2025,8,"00-0037292","A.Ogletree","TE","IND",0,0,0,0,0,0,0,0,0,0,0,0,0,0,0,1,0,0,0,0
2025,8,"00-0037306","J.FitzPatrick","TE","GB",0,0,0,0,0,0,0,0,0,0,0,0,0,0,1,1,4,0,0,0
2025,8,"00-0037348","T.Conner","TE","MIA",0,0,0,0,0,0,0,0,0,0,0,0,0,0,2,2,6,0,0,0
2025,8,"00-0037525","J.Mason","RB","MIN",0,0,0,0,0,0,0,0,0,4,3,0,0,0,1,1,3,0,0,0
2025,8,"00-0037545","R.Shaheed","WR","NO",0,0,0,0,0,0,0,0,0,0,0,0,0,0,9,12,75,0,1,0
2025,8,"00-0037563","M.Davis","RB","DAL",0,0,0,0,0,0,0,0,0,2,3,0,0,0,0,0,0,0,0,0
2025,8,"00-0037594","J.Chestnut","RB","TEN",0,0,0,0,0,0,0,0,0,2,5,0,0,0,0,0,0,0,0,0
2025,8,"00-0037664","A.Pierce","WR","IND",0,0,0,0,0,0,0,0,0,0,0,0,0,0,2,5,69,0,0,0
2025,8,"00-0037666","J.Tolbert","WR","DAL",0,0,0,0,0,0,0,0,0,0,0,0,0,0,2,2,47,1,0,0
2025,8,"00-0037741","J.Dotson","WR","PHI",0,0,0,0,0,0,0,0,0,0,0,0,0,0,1,2,40,1,0,0
2025,8,"00-0037746","B.Robinson","RB","SF",0,0,0,0,0,0,0,0,0,0,0,0,0,0,0,0,0,0,0,0
2025,8,"00-0037801","K.Turpin","WR","DAL",0,0,0,0,0,0,0,0,0,0,0,0,0,0,1,5,-2,0,0,0
2025,8,"00-0037805","J.Ruckert","TE","NYJ",0,0,0,0,0,0,0,0,0,0,0,0,0,0,1,1,24,0,0,0
2025,8,"00-0037809","C.Okonkwo","TE","TEN",0,0,0,0,0,0,0,0,0,0,0,0,0,0,4,5,53,0,0,0
2025,8,"00-0037816","R.Doubs","WR","GB",0,0,0,0,0,0,0,0,0,0,0,0,0,0,3,6,44,0,0,1
2025,8,"00-0037837","C.Austin","WR","PIT",0,0,0,0,0,0,0,0,0,0,0,0,0,0,4,6,28,0,0,0
2025,8,"00-0037838","I.Likely","TE","BAL",0,0,0,0,0,0,0,0,0,0,0,0,0,0,2,2,8,0,0,0
2025,8,"00-0038041","J.Ferguson","TE","DAL",0,0,0,0,0,0,0,0,0,0,0,0,0,0,0,1,0,0,0,0
2025,8,"00-0038046","C.Kolar","TE","BAL",0,0,0,0,0,0,0,0,0,0,0,0,0,0,1,1,10,1,0,0
2025,8,"00-0038090","S.Moore","WR","SF",0,0,0,0,0,0,0,0,0,0,0,0,0,0,0,1,0,0,0,0
2025,8,"00-0038115","D.Bellinger","TE","NYG",0,0,0,0,0,0,0,0,0,0,0,0,0,0,1,1,21,0,0,0
2025,8,"00-0038117","W.Robinson","WR","NYG",0,0,0,0,0,0,0,0,0,0,0,0,0,0,3,4,48,0,0,0
2025,8,"00-0038120","B.Hall","RB","NYJ",1,1,4,1,0,0,0,0,0,18,133,2,0,0,2,3,14,0,0,0
2025,8,"00-0038124","C.Watson","WR","GB",0,0,0,0,0,0,0,0,0,0,0,0,0,0,4,4,85,0,0,0
2025,8,"00-0038129","C.Otton","TE","TB",0,0,0,0,0,0,0,0,0,0,0,0,0,0,4,5,40,0,0,0
2025,8,"00-0038400","T.McKee","QB","PHI",0,0,0,0,0,0,0,0,0,3,-2,0,0,0,0,0,0,0,0,0
2025,8,"00-0038440","Z.Scott","RB","MIN",0,0,0,0,0,0,0,0,0,2,16,0,0,0,2,2,8,0,0,0
2025,8,"00-0038454","K.Mitchell","RB","BAL",0,0,0,0,0,0,0,0,0,4,43,0,0,0,0,0,0,0,0,0
2025,8,"00-0038465","M.Heath","WR","GB",0,0,0,0,0,0,0,0,0,0,0,0,0,0,3,3,29,0,0,0
2025,8,"00-0038496","X.Gipson","WR","PHI",0,0,0,0,0,0,0,0,0,0,0,0,0,0,1,1,3,0,0,0
2025,8,"00-0038519","N.Remigio","WR","KC",0,0,0,0,0,0,0,0,0,0,0,0,0,0,0,0,0,0,0,0
2025,8,"00-0038542","B.Robinson","RB","ATL",0,0,0,0,0,0,0,0,0,9,25,0,1,0,3,3,23,0,0,0
2025,8,"00-0038547","L.Schoonmaker","TE","DAL",0,0,0,0,0,0,0,0,0,0,0,0,0,0,2,3,25,0,0,0
2025,8,"00-0038555","T.Bigsby","RB","PHI",0,0,0,0,0,0,0,0,0,9,104,0,0,0,0,0,0,0,0,0
2025,8,"00-0038564","C.Latu","TE","PHI",0,0,0,0,0,0,0,0,0,0,0,0,0,0,0,0,0,0,0,0
2025,8,"00-0038573","D.Davis","WR","LAC",0,0,0,0,0,0,0,0,0,0,0,0,0,0,0,0,0,0,0,0
2025,8,"00-0038576","C.Jones","WR","CIN",0,0,0,0,0,0,0,0,0,0,0,0,0,0,0,0,0,0,0,0
2025,8,"00-0038597","C.Brown","RB","CIN",0,0,0,0,0,0,0,0,0,12,73,1,0,0,3,3,32,1,0,0
2025,8,"00-0038608","K.Boutte","WR","NE",0,0,0,0,0,0,0,0,0,0,0,0,0,0,3,5,75,1,0,0
2025,8,"00-0038611","C.Rodriguez","RB","WAS",0,0,0,0,0,0,0,0,0,1,2,0,0,0,0,0,0,0,0,0
2025,8,"00-0038618","X.Hutchinson","WR","HOU",0,0,0,0,0,0,0,0,0,0,0,0,0,0,5,6,69,1,0,0
2025,8,"00-0038619","A.Iosivas","WR","CIN",0,0,0,0,0,0,0,0,0,0,0,0,0,0,0,3,0,0,0,0
2025,8,"00-0038621","D.Douglas","WR","NE",0,0,0,0,0,0,0,0,0,2,3,0,0,0,1,1,44,0,0,0
2025,8,"00-0038685","C.Brooks","RB","GB",0,0,0,0,0,0,0,0,0,0,0,0,0,0,0,0,0,0,0,0
2025,8,"00-0038728","J.Wayne","WR","HOU",0,0,0,0,0,0,0,0,0,0,0,0,0,0,2,2,20,0,0,0
2025,8,"00-0038738","H.Luepke","RB","DAL",0,0,0,0,0,0,0,0,0,1,2,0,0,0,0,0,0,0,0,0
2025,8,"00-0038783","N.Adkins","TE","DEN",0,0,0,0,0,0,0,0,0,0,0,0,0,0,0,1,0,0,0,0
2025,8,"00-0038797","E.Wilson","RB","GB",0,0,0,0,0,0,0,0,0,11,61,0,0,0,3,4,26,0,0,0
2025,8,"00-0038840","B.Tremayne","WR","CAR",0,0,0,0,0,0,0,0,0,0,0,0,0,0,0,0,0,0,0,0
2025,8,"00-0038933","D.Kincaid","TE","BUF",0,0,0,0,0,0,0,0,0,0,0,0,0,0,1,3,23,0,0,0
2025,8,"00-0038951","S.Tucker","RB","TB",0,0,0,0,0,0,0,0,0,12,42,1,0,0,0,0,0,0,0,0
2025,8,"00-0038976","M.Mims","WR","DEN",0,0,0,0,0,0,0,0,0,3,18,0,0,0,0,1,0,0,0,0
2025,8,"00-0038994","J.Addison","WR","MIN",0,0,0,0,0,0,0,0,0,0,0,0,0,0,3,4,26,1,0,0
2025,8,"00-0038996","T.Kraft","TE","GB",0,0,0,0,0,0,0,0,0,0,0,0,0,0,7,9,143,2,0,0
2025,8,"00-0038997","J.Downs","WR","IND",0,0,0,0,0,0,0,0,0,0,0,0,0,0,3,3,39,1,0,0
2025,8,"00-0039032","T.Spears","RB","TEN",0,0,0,0,0,0,0,0,0,9,59,1,0,0,3,3,23,0,0,0
2025,8,"00-0039040","D.Achane","RB","MIA",0,0,0,0,0,0,0,0,0,18,67,0,0,0,5,7,24,1,0,0
2025,8,"00-0039064","Z.Flowers","WR","BAL",0,0,0,0,0,0,0,0,0,1,8,0,0,0,7,9,63,0,0,0
2025,8,"00-0039067","R.Rice","WR","KC",0,0,0,0,0,0,0,0,0,2,12,0,0,0,9,9,93,1,0,0
2025,8,"00-0039144","L.Musgrave","TE","GB",0,0,0,0,0,0,0,0,0,0,0,0,0,0,1,1,5,0,0,0
2025,8,"00-0039163","C.Stroud","QB","HOU",30,39,318,2,1,0,0,0,0,7,30,0,0,0,0,0,0,0,0,0
2025,8,"00-0039342","X.Legette","WR","CAR",0,0,0,0,0,0,0,0,0,0,0,0,0,0,2,3,17,0,0,0
2025,8,"00-0039355","L.McCaffrey","WR","WAS",0,0,0,0,0,0,0,0,0,0,0,0,0,0,3,3,24,0,0,0
2025,8,"00-0039356","J.Sanders","TE","CAR",0,0,0,0,0,0,0,0,0,0,0,0,0,0,3,3,19,0,0,0
2025,8,"00-0039376","S.Rattler","QB","NO",15,21,136,0,1,3,-19,0,0,3,12,0,1,0,0,0,0,0,0,0
2025,8,"00-0039379","J.Thrash","WR","CLE",0,0,0,0,0,0,0,0,0,0,0,0,0,0,2,3,31,0,0,0
2025,8,"00-0039384","T.Tracy","RB","NYG",0,0,0,0,0,0,0,0,0,10,39,0,0,0,2,3,14,0,0,0
2025,8,"00-0039391","K.Vidal","RB","LAC",0,0,0,0,0,0,0,0,0,23,117,1,0,0,1,2,10,0,0,0
2025,8,"00-0039394","C.Washington","WR","ATL",0,0,0,0,0,0,0,0,0,0,0,0,0,0,1,1,25,0,0,0
2025,8,"00-0039398","J.Milton","QB","DAL",3,4,58,1,0,0,0,0,0,0,0,0,0,0,0,0,0,0,0,0
2025,8,"00-0039410","R.Flournoy","WR","DAL",0,0,0,0,0,0,0,0,0,0,0,0,0,0,1,2,7,0,0,0
2025,8,"00-0039424","D.Vele","WR","NO",0,0,0,0,0,0,0,0,0,0,0,0,0,0,1,5,10,0,0,0
2025,8,"00-0039451","I.Williams","WR","NYJ",0,0,0,0,0,0,0,0,0,1,25,0,0,0,3,4,31,0,0,0
2025,8,"00-0039489","H.Rucci","TE","MIA",0,0,0,0,0,0,0,0,0,0,0,0,0,0,0,0,0,0,0,0
2025,8,"00-0039491","J.Coker","WR","CAR",0,0,0,0,0,0,0,0,0,0,0,0,0,0,3,4,36,0,0,0
2025,8,"00-0039530","B.Spann-Ford","TE","DAL",0,0,0,0,0,0,0,0,0,0,0,0,0,0,1,1,9,0,0,0
2025,8,"00-0039589","K.Johnson","WR","TB",0,0,0,0,0,0,0,0,0,0,0,0,0,0,0,0,0,0,0,0
2025,8,"00-0039603","B.Brooks","RB","HOU",0,0,0,0,0,0,0,0,0,0,0,0,0,0,0,0,0,0,0,0
2025,8,"00-0039623","M.Tipton","WR","NO",0,0,0,0,0,0,0,0,0,0,0,0,0,0,0,1,0,0,0,0
2025,8,"00-0039648","D.Martin-Robinson","TE","TEN",0,0,0,0,0,0,0,0,0,0,0,0,0,0,0,0,0,0,0,0
2025,8,"00-0039732","B.Nix","QB","DEN",19,29,247,4,1,0,0,0,0,1,-1,0,0,0,0,0,0,0,0,0
2025,8,"00-0039739","R.Wilson","WR","PIT",0,0,0,0,0,0,0,0,0,0,0,0,0,0,4,5,74,1,0,0
2025,8,"00-0039746","W.Shipley","RB","PHI",0,0,0,0,0,0,0,0,0,3,2,0,0,0,0,0,0,0,0,0
2025,8,"00-0039757","T.Jennings","RB","NE",0,0,0,0,0,0,0,0,0,2,15,0,0,0,0,0,0,0,0,0
2025,8,"00-0039796","R.Ali","RB","BAL",0,0,0,0,0,0,0,0,0,0,0,0,0,0,0,0,0,0,0,0
2025,8,"00-0039798","I.Davis","RB","NYJ",0,0,0,0,0,0,0,0,0,7,65,0,0,0,5,5,44,0,0,1
2025,8,"00-0039816","A.Gould","WR","IND",0,0,0,0,0,0,0,0,0,0,0,0,0,0,0,0,0,0,0,0
2025,8,"00-0039847","T.Johnson","TE","NYG",0,0,0,0,0,0,0,0,0,0,0,0,0,0,3,4,20,0,0,0
2025,8,"00-0039851","D.Maye","QB","NE",18,24,282,3,1,6,-37,0,0,7,50,0,0,0,0,0,0,0,0,0
2025,8,"00-0039868","T.Franklin","WR","DEN",0,0,0,0,0,0,0,0,0,0,0,0,0,0,6,8,89,2,0,0
2025,8,"00-0039874","J.Wright","RB","MIA",0,0,0,0,0,0,0,0,0,9,28,0,0,0,1,1,0,0,0,0
2025,8,"00-0039875","R.Davis","RB","BUF",0,0,0,0,0,0,0,0,0,9,16,0,0,0,0,1,0,0,0,0
2025,8,"00-0039880","M.Washington","WR","MIA",0,0,0,0,0,0,0,0,0,0,0,0,0,0,4,5,36,1,0,0
2025,8,"00-0039890","A.Mitchell","WR","IND",0,0,0,0,0,0,0,0,0,0,0,0,0,0,0,1,0,0,0,0
2025,8,"00-0039894","X.Worthy","WR","KC",0,0,0,0,0,0,0,0,0,0,0,0,0,0,5,7,53,0,0,0
2025,8,"00-0039901","K.Coleman","WR","BUF",0,0,0,0,0,0,0,0,0,0,0,0,0,0,3,4,30,0,0,0
2025,8,"00-0039912","B.Sinnott","TE","WAS",0,0,0,0,0,0,0,0,0,0,0,0,0,0,1,1,22,0,0,0
2025,8,"00-0039915","L.McConkey","WR","LAC",0,0,0,0,0,0,0,0,0,0,0,0,0,0,6,10,88,1,0,0
2025,8,"00-0039918","C.Williams","QB","CHI",25,38,285,0,1,1,-9,0,0,3,24,0,0,0,0,0,0,0,0,0
2025,8,"00-0039919","R.Odunze","WR","CHI",0,0,0,0,0,0,0,0,0,0,0,0,0,0,7,10,114,0,0,0
2025,8,"00-0039920","M.Corley","WR","CLE",0,0,0,0,0,0,0,0,0,1,31,0,0,0,0,0,0,0,0,0
2025,8,"00-0040009","S.Williams","WR","GB",0,0,0,0,0,0,0,0,0,1,1,0,0,0,1,1,8,1,0,0
2025,8,"00-0040078","B.Smith","RB","KC",0,0,0,0,0,0,0,0,0,3,8,0,0,0,0,0,0,0,0,0
2025,8,"00-0040124","T.McMillan","WR","CAR",0,0,0,0,0,0,0,0,0,0,0,0,0,0,7,10,99,0,0,0
2025,8,"00-0040126","C.Loveland","TE","CHI",0,0,0,0,0,0,0,0,0,0,0,0,0,0,3,5,38,0,0,0
2025,8,"00-0040128","T.Warren","TE","IND",0,0,0,0,0,0,0,0,0,0,0,0,0,0,4,5,53,0,0,0
2025,8,"00-0040129","E.Egbuka","WR","TB",0,0,0,0,0,0,0,0,0,0,0,0,0,0,3,9,35,0,0,0
2025,8,"00-0040130","J.Higgins","WR","HOU",0,0,0,0,0,0,0,0,0,0,0,0,0,0,4,8,34,1,0,0
2025,8,"00-0040134","P.Bryant","WR","DEN",0,0,0,0,0,0,0,0,0,0,0,0,0,0,2,4,40,1,0,0
2025,8,"00-0040138","J.Noel","WR","HOU",0,0,0,0,0,0,0,0,0,0,0,0,0,0,5,6,63,0,0,0
2025,8,"00-0040162","D.Sampson","RB","CLE",0,0,0,0,0,0,0,0,0,3,0,0,0,0,5,6,29,0,0,0
2025,8,"00-0040164","J.Lane","WR","WAS",0,0,0,0,0,0,0,0,0,0,0,0,0,0,1,2,0,0,0,0
2025,8,"00-0040170","E.Ayomanor","WR","TEN",0,0,0,0,0,0,0,0,0,0,0,0,0,0,4,8,52,0,0,0
2025,8,"00-0040172","J.Watkins","WR","SF",0,0,0,0,0,0,0,0,0,0,0,0,0,0,1,2,7,0,0,0
2025,8,"00-0040189","O.Gadsden","TE","LAC",0,0,0,0,0,0,0,0,0,0,0,0,0,0,5,5,77,1,0,0
2025,8,"00-0040194","J.Hawes","TE","BUF",0,0,0,0,0,0,0,0,0,0,0,0,0,0,2,3,15,0,0,0
2025,8,"00-0040198","O.Gordon","RB","MIA",0,0,0,0,0,0,0,0,0,10,46,0,0,0,1,1,20,1,0,0
2025,8,"00-0040202","D.Neal","RB","NO",0,0,0,0,0,0,0,0,0,0,0,0,0,0,3,3,11,0,0,0
2025,8,"00-0040206","R.Leonard","QB","IND",0,2,0,0,0,0,0,0,0,1,1,0,0,0,0,0,0,0,0,0
2025,8,"00-0040208","T.Brooks","RB","CIN",0,0,0,0,0,0,0,0,0,0,0,0,0,0,0,0,0,0,0,0
2025,8,"00-0040218","Ji.Horn","WR","CAR",0,0,0,0,0,0,0,0,0,2,9,0,0,0,0,1,0,0,0,0
2025,8,"00-0040236","K.Monangai","RB","CHI",0,0,0,0,0,0,0,0,0,7,24,0,0,0,0,0,0,0,0,0
2025,8,"00-0040237","T.Johnson","WR","TB",0,0,0,0,0,0,0,0,0,0,0,0,0,0,5,6,43,0,0,0
2025,8,"00-0040242","J.Croskey-Merritt","RB","WAS",0,0,0,0,0,0,0,0,0,9,25,0,0,0,0,1,0,0,0,0
2025,8,"00-0040259","G.Larvadain","WR","CLE",0,0,0,0,0,0,0,0,0,1,3,0,0,0,0,0,0,0,0,0
2025,8,"00-0040277","J.Walker","WR","CHI",0,0,0,0,0,0,0,0,0,0,0,0,0,0,0,0,0,0,0,0
2025,8,"00-0040429","J.Williams","RB","TB",0,0,0,0,0,0,0,0,0,4,11,0,0,0,0,0,0,0,0,0
2025,8,"00-0040432","B.Collins","WR","NYG",0,0,0,0,0,0,0,0,0,0,0,0,0,0,1,2,18,0,0,0
2025,8,"00-0040494","M.Brosmer","QB","MIN",3,4,13,0,0,0,0,0,0,0,0,0,0,0,0,0,0,0,0,0
2025,8,"00-0040506","M.Price","WR","MIN",0,0,0,0,0,0,0,0,0,0,0,0,0,0,0,0,0,0,0,0
2025,8,"00-0040509","B.Yurosek","TE","MIN",0,0,0,0,0,0,0,0,0,0,0,0,0,0,1,2,5,0,0,0
2025,8,"00-0040534","K.Williams","WR","PIT",0,0,0,0,0,0,0,0,0,0,0,0,0,0,0,0,0,0,0,0
2025,8,"00-0040547","N.Carter","RB","ATL",0,0,0,0,0,0,0,0,0,2,14,0,0,0,0,0,0,0,0,0
2025,8,"00-0040582","A.Smith","WR","NYJ",0,0,0,0,0,0,0,0,0,0,0,0,0,0,1,1,23,0,0,0
2025,8,"00-0040583","W.Marks","RB","HOU",0,0,0,0,0,0,0,0,0,11,62,0,0,0,4,4,49,0,0,0
2025,8,"00-0040584","G.Helm","TE","TEN",0,0,0,0,0,0,0,0,0,0,0,0,0,0,2,3,23,1,0,0
2025,8,"00-0040586","J.Blue","RB","DAL",0,0,0,0,0,0,0,0,0,8,29,0,0,0,0,0,0,0,0,0
2025,8,"00-0040644","T.Etienne","RB","CAR",0,0,0,0,0,0,0,0,0,4,16,0,0,0,0,0,0,0,0,0
2025,8,"00-0040663","H.Fannin","TE","CLE",0,0,0,0,0,0,0,0,0,1,2,0,0,0,6,8,62,1,0,0
2025,8,"00-0040667","M.Golden","WR","GB",0,0,0,0,0,0,0,0,0,0,0,0,0,0,3,3,4,0,0,0
2025,8,"00-0040676","C.Ward","QB","TEN",22,38,259,1,1,4,-31,0,0,2,4,0,0,0,0,0,0,0,0,0
2025,8,"00-0040691","J.Dart","QB","NYG",14,24,193,1,0,5,-15,0,0,6,17,1,0,0,0,0,0,0,0,0
2025,8,"00-0040704","D.Gabriel","QB","CLE",21,35,156,2,2,1,-11,0,0,1,13,0,0,0,0,0,0,0,0,0
2025,8,"00-0040705","C.Dike","WR","TEN",0,0,0,0,0,0,0,0,0,1,1,0,0,0,7,8,93,0,0,0
2025,8,"00-0040715","C.Skattebo","RB","NYG",0,0,0,0,0,0,0,0,0,3,12,0,0,0,1,2,18,1,0,0
2025,8,"00-0040727","T.Harris","WR","LAC",0,0,0,0,0,0,0,0,0,0,0,0,0,0,2,2,8,1,0,0
2025,8,"00-0040730","R.Harvey","RB","DEN",0,0,0,0,0,0,0,0,0,7,46,2,0,0,1,1,5,1,0,0
2025,8,"00-0040734","T.Henderson","RB","NE",0,0,0,0,0,0,0,0,0,10,75,0,1,0,0,0,0,0,0,0
2025,8,"00-0040735","L.Burden","WR","CHI",0,0,0,0,0,0,0,0,0,0,0,0,0,0,1,1,-1,0,0,0
2025,8,"00-0040736","M.Taylor","TE","NYJ",0,0,0,0,0,0,0,0,0,0,0,0,0,0,5,8,34,1,0,0
2025,8,"00-0040743","T.Shough","QB","NO",17,30,128,0,1,2,-18,0,0,3,12,0,0,0,0,0,0,0,0,0
2025,8,"00-0040782","I.Bond","WR","CLE",0,0,0,0,0,0,0,0,0,0,0,0,0,0,0,4,0,0,0,0
2025,8,"00-0040784","Q.Judkins","RB","CLE",0,0,0,0,0,0,0,0,0,9,19,0,0,0,3,3,-2,0,0,0
2025,9,"00-0023459","A.Rodgers","QB","PIT",25,35,203,1,0,3,-16,0,0,2,0,0,0,0,0,0,0,0,0,0
2025,9,"00-0026158","J.Flacco","QB","CIN",31,47,470,4,2,3,-21,1,1,1,-1,0,0,0,0,0,0,0,0,0
2025,9,"00-0026498","M.Stafford","QB","LA",24,32,281,4,0,2,-14,0,0,4,-4,0,0,0,0,0,0,0,0,0
2025,9,"00-0030061","Z.Ertz","TE","WAS",0,0,0,0,0,0,0,0,0,0,0,0,0,0,4,4,46,0,0,0
2025,9,"00-0030279","K.Allen","WR","LAC",0,0,0,0,0,0,0,0,0,0,0,0,0,0,2,5,41,0,0,0
2025,9,"00-0030506","T.Kelce","TE","KC",0,0,0,0,0,0,0,0,0,0,0,0,0,0,4,5,66,0,0,1
2025,9,"00-0030564","D.Hopkins","WR","BAL",0,0,0,0,0,0,0,0,0,0,0,0,0,0,0,1,0,0,0,0
2025,9,"00-0030565","G.Smith","QB","LV",29,39,284,4,1,2,-10,0,0,5,9,0,0,0,0,0,0,0,0,0
2025,9,"00-0031236","B.Cooks","WR","NO",0,0,0,0,0,0,0,0,0,0,0,0,0,0,2,3,16,0,0,0
2025,9,"00-0031381","D.Adams","WR","LA",0,0,0,0,0,0,0,0,0,0,0,0,0,0,5,7,60,2,0,0
2025,9,"00-0031588","S.Diggs","WR","NE",0,0,0,0,0,0,0,0,0,0,0,0,0,0,3,4,38,1,0,0
2025,9,"00-0031687","R.Mostert","RB","LV",0,0,0,0,0,0,0,0,0,0,0,0,0,0,1,1,14,0,0,0
2025,9,"00-0032104","A.Abdullah","RB","IND",0,0,0,0,0,0,0,0,0,1,3,0,0,0,1,1,2,0,0,0
2025,9,"00-0032211","T.Lockett","WR","LV",0,0,0,0,0,0,0,0,0,0,0,0,0,0,0,1,0,0,0,0
2025,9,"00-0032392","A.Hooper","TE","NE",0,0,0,0,0,0,0,0,0,0,0,0,0,0,1,1,20,0,0,0
2025,9,"00-0032464","K.Raymond","WR","DET",0,0,0,0,0,0,0,0,0,0,0,0,0,0,0,1,0,0,0,0
2025,9,"00-0032764","D.Henry","RB","BAL",0,0,0,0,0,0,0,0,0,19,119,0,0,0,1,1,2,0,0,0
2025,9,"00-0032775","D.Robinson","WR","SF",0,0,0,0,0,0,0,0,0,0,0,0,0,0,0,1,0,0,0,0
2025,9,"00-0033077","D.Prescott","QB","DAL",24,39,250,1,1,5,-40,0,0,4,34,0,0,0,0,0,0,0,0,0
2025,9,"00-0033090","H.Henry","TE","NE",0,0,0,0,0,0,0,0,0,0,0,0,0,0,4,6,51,0,0,0
2025,9,"00-0033106","J.Goff","QB","DET",25,37,284,2,0,5,-44,0,0,0,0,0,0,0,0,0,0,0,0,0
2025,9,"00-0033110","T.Higbee","TE","LA",0,0,0,0,0,0,0,0,0,0,0,0,0,0,3,4,13,1,0,0
2025,9,"00-0033119","J.Brissett","QB","ARI",21,31,261,2,0,5,-40,0,0,5,4,1,0,0,0,0,0,0,0,0
2025,9,"00-0033217","M.Alie-Cox","TE","IND",0,0,0,0,0,0,0,0,0,0,0,0,0,0,0,1,0,0,0,0
2025,9,"00-0033246","J.Mundt","TE","JAX",0,0,0,0,0,0,0,0,0,0,0,0,0,0,0,0,0,0,0,0
2025,9,"00-0033280","C.McCaffrey","RB","SF",0,0,0,0,0,0,0,0,0,28,106,1,0,0,5,6,67,1,0,0
2025,9,"00-0033282","C.Samuel","WR","BUF",0,0,0,0,0,0,0,0,0,0,0,0,0,0,1,1,6,0,0,0
2025,9,"00-0033288","G.Kittle","TE","SF",0,0,0,0,0,0,0,0,0,1,-3,0,0,0,4,4,32,0,0,0
2025,9,"00-0033293","A.Jones","RB","MIN",0,0,0,0,0,0,0,0,0,9,78,0,0,0,2,2,20,0,0,0
2025,9,"00-0033307","K.Bourne","WR","SF",0,0,0,0,0,0,0,0,0,0,0,0,0,0,2,2,34,0,0,0
2025,9,"00-0033357","T.Hill","TE","NO",0,1,0,0,0,0,0,0,0,4,30,0,0,0,0,0,0,0,0,0
2025,9,"00-0033526","S.Perine","RB","CIN",0,0,0,0,0,0,0,0,0,1,5,0,0,0,0,0,0,0,0,0
2025,9,"00-0033555","M.Hollins","WR","NE",0,0,0,0,0,0,0,0,0,0,0,0,0,0,2,2,9,0,0,0
2025,9,"00-0033572","J.Agnew","WR","ATL",0,0,0,0,0,0,0,0,0,0,0,0,0,0,0,0,0,0,0,0
2025,9,"00-0033854","D.Ogunbowale","RB","HOU",0,0,0,0,0,0,0,0,0,0,0,0,0,0,1,1,2,0,0,0
2025,9,"00-0033857","J.Smith-Schuster","WR","KC",0,0,0,0,0,0,0,0,0,0,0,0,0,0,1,1,2,0,0,0
2025,9,"00-0033858","J.Smith","TE","PIT",0,0,0,0,0,0,0,0,0,0,0,0,0,0,3,5,25,0,0,0
2025,9,"00-0033873","P.Mahomes","QB","KC",15,34,250,0,1,3,-24,0,1,1,5,0,0,0,0,0,0,0,0,0
2025,9,"00-0033881","E.Engram","TE","DEN",0,0,0,0,0,0,0,0,0,0,0,0,0,0,0,3,0,0,0,0
2025,9,"00-0033906","A.Kamara","RB","NO",0,0,0,0,0,0,0,0,0,6,14,0,1,0,1,3,3,0,0,0
2025,9,"00-0033923","K.Hunt","RB","KC",0,0,0,0,0,0,0,0,0,11,49,1,0,0,1,2,6,0,0,0
2025,9,"00-0033955","J.McNichols","RB","WAS",0,0,0,0,0,0,0,0,0,1,0,0,0,0,0,0,0,0,0,0
2025,9,"00-0034348","C.Sutton","WR","DEN",0,0,0,0,0,0,0,0,0,0,0,0,0,0,1,6,30,1,0,0
2025,9,"00-0034365","I.Thomas","TE","LV",0,0,0,0,0,0,0,0,0,0,0,0,0,0,1,1,9,0,0,0
2025,9,"00-0034383","D.Schultz","TE","HOU",0,0,0,0,0,0,0,0,0,0,0,0,0,0,6,8,77,0,0,0
2025,9,"00-0034407","R.McCloud","WR","NYG",0,0,0,0,0,0,0,0,0,0,0,0,0,0,1,1,5,0,0,0
2025,9,"00-0034418","C.Wilson","WR","MIA",0,0,0,0,0,0,0,0,0,0,0,0,0,0,1,1,7,0,0,0
2025,9,"00-0034419","B.Berrios","WR","HOU",0,0,0,0,0,0,0,0,0,0,0,0,0,0,0,0,0,0,0,0
2025,9,"00-0034613","T.Hudson","TE","CIN",0,0,0,0,0,0,0,0,0,0,0,0,0,0,2,2,42,0,0,0
2025,9,"00-0034753","M.Andrews","TE","BAL",0,0,0,0,0,0,0,0,0,2,4,0,0,0,2,3,22,2,0,0
2025,9,"00-0034775","C.Kirk","WR","HOU",0,0,0,0,0,0,0,0,0,0,0,0,0,0,4,8,26,0,0,0
2025,9,"00-0034791","N.Chubb","RB","HOU",0,0,0,0,0,0,0,0,0,11,34,0,0,0,0,0,0,0,0,0
2025,9,"00-0034796","L.Jackson","QB","BAL",18,23,204,4,0,2,-16,0,0,5,14,0,0,0,0,0,0,0,0,0
2025,9,"00-0034798","D.Smythe","TE","CHI",0,0,0,0,0,0,0,0,0,0,0,0,0,0,0,0,0,0,0,0
2025,9,"00-0034827","D.Moore","WR","CHI",1,1,2,1,0,0,0,0,0,1,17,1,0,0,4,6,72,0,0,0
2025,9,"00-0034854","K.Hodge","WR","ATL",0,0,0,0,0,0,0,0,0,0,0,0,0,0,0,0,0,0,0,0
2025,9,"00-0034857","J.Allen","QB","BUF",23,26,273,1,0,3,-10,0,0,6,19,2,0,0,0,0,0,0,0,0
2025,9,"00-0034869","S.Darnold","QB","SEA",21,24,330,4,1,0,0,0,0,0,0,0,0,0,0,0,0,0,0,0
2025,9,"00-0034960","J.Meyers","WR","LV",0,0,0,0,0,0,0,0,0,0,0,0,0,0,4,6,23,0,0,0
2025,9,"00-0034975","J.Hill","RB","BAL",0,0,0,0,0,0,0,0,0,1,2,0,0,0,2,2,13,0,0,0
2025,9,"00-0035021","A.Dulin","WR","IND",0,0,0,0,0,0,0,0,0,0,0,0,0,0,0,0,0,0,0,0
2025,9,"00-0035208","O.Zaccheaus","WR","CHI",0,0,0,0,0,0,0,0,0,0,0,0,0,0,6,8,58,1,0,0
2025,9,"00-0035229","T.Hockenson","TE","MIN",0,0,0,0,0,0,0,0,0,0,0,0,0,0,2,3,11,1,0,0
2025,9,"00-0035250","D.Singletary","RB","NYG",0,0,0,0,0,0,0,0,0,8,43,0,0,0,2,2,8,0,0,0
2025,9,"00-0035261","T.Pollard","RB","TEN",0,0,0,0,0,0,0,0,0,10,56,0,0,0,1,2,12,0,0,0
2025,9,"00-0035359","D.Sills","WR","ATL",0,0,0,0,0,0,0,0,0,0,0,0,0,0,0,1,0,0,0,0
2025,9,"00-0035500","G.Dortch","WR","ARI",0,0,0,0,0,0,0,0,0,1,9,0,0,0,0,0,0,0,0,0
2025,9,"00-0035535","D.Slayton","WR","NYG",0,0,0,0,0,0,0,0,0,0,0,0,0,0,5,7,62,0,0,0
2025,9,"00-0035537","Ty.Johnson","RB","BUF",0,0,0,0,0,0,0,0,0,2,8,1,0,0,2,2,12,0,0,0
2025,9,"00-0035594","T.Homer","RB","CHI",0,0,0,0,0,0,0,0,0,0,0,0,0,0,0,0,0,0,0,0
2025,9,"00-0035602","A.Bachman","WR","LV",0,0,0,0,0,0,0,0,0,0,0,0,0,0,0,0,0,0,0,0
2025,9,"00-0035640","D.Metcalf","WR","PIT",0,0,0,0,0,0,0,0,0,0,0,0,0,0,2,4,6,0,0,0
2025,9,"00-0035644","N.Fant","TE","CIN",0,0,0,0,0,0,0,0,0,0,0,0,0,0,2,3,28,1,0,0
2025,9,"00-0035645","G.Olszewski","WR","NYG",0,0,0,0,0,0,0,0,0,0,0,0,0,0,1,1,24,1,0,0
2025,9,"00-0035662","M.Brown","WR","KC",0,0,0,0,0,0,0,0,0,0,0,0,0,0,2,4,73,0,0,0
2025,9,"00-0035685","D.Montgomery","RB","DET",0,0,0,0,0,0,0,0,0,11,40,1,1,0,2,4,10,0,0,0
2025,9,"00-0035689","D.Knox","TE","BUF",0,0,0,0,0,0,0,0,0,0,0,0,0,0,1,1,30,0,0,0
2025,9,"00-0035700","J.Jacobs","RB","GB",0,0,0,0,0,0,0,0,0,17,87,1,0,0,4,5,13,0,0,0
2025,9,"00-0035710","D.Jones","QB","IND",31,50,342,1,3,5,-29,2,0,3,4,1,0,0,0,0,0,0,0,0
2025,9,"00-0035719","D.Samuel","WR","WAS",0,0,0,0,0,0,0,0,0,1,3,0,0,0,5,6,41,0,0,0
2025,9,"00-0035891","C.White","WR","SEA",0,0,0,0,0,0,0,0,0,0,0,0,0,0,1,2,60,1,0,0
2025,9,"00-0036040","J.Johnson","TE","NO",0,0,0,0,0,0,0,0,0,0,0,0,0,0,3,4,31,1,0,0
2025,9,"00-0036139","R.Dowdle","RB","CAR",0,0,0,0,0,0,0,0,0,25,130,2,0,0,2,3,11,0,0,0
2025,9,"00-0036158","J.Dobbins","RB","DEN",0,0,0,0,0,0,0,0,0,15,61,0,0,0,1,1,-2,0,0,0
2025,9,"00-0036176","M.Kinsey","WR","TEN",0,0,0,0,0,0,0,0,0,0,0,0,0,0,0,0,0,0,0,0
2025,9,"00-0036182","N.Westbrook-Ikhine","WR","MIA",0,0,0,0,0,0,0,0,0,0,0,0,0,0,2,4,22,0,0,0
2025,9,"00-0036187","R.Gilliam","RB","BUF",0,0,0,0,0,0,0,0,0,0,0,0,0,0,0,0,0,0,0,0
2025,9,"00-0036212","T.Tagovailoa","QB","MIA",25,40,261,0,1,2,-16,0,0,1,1,0,0,0,0,0,0,0,0,0
2025,9,"00-0036223","J.Taylor","RB","IND",0,0,0,0,0,0,0,0,0,14,45,0,0,0,2,2,12,0,0,0
2025,9,"00-0036232","H.Bryant","TE","HOU",0,0,0,0,0,0,0,0,0,0,0,0,0,0,1,2,2,0,0,0
2025,9,"00-0036244","C.Parkinson","TE","LA",0,0,0,0,0,0,0,0,0,0,0,0,0,0,2,2,10,0,0,0
2025,9,"00-0036252","M.Pittman","WR","IND",0,0,0,0,0,0,0,0,0,0,0,0,0,0,9,12,115,0,0,0
2025,9,"00-0036259","J.Jennings","WR","SF",0,0,0,0,0,0,0,0,0,0,0,0,0,0,4,5,41,1,0,0
2025,9,"00-0036264","J.Love","QB","GB",26,37,273,0,1,1,-8,0,0,1,1,0,0,0,0,0,0,0,0,0
2025,9,"00-0036290","C.Kmet","TE","CHI",0,1,0,0,0,0,0,0,0,0,0,0,0,0,1,2,10,0,0,0
2025,9,"00-0036309","D.Mooney","WR","ATL",0,0,0,0,0,0,0,0,0,0,0,0,0,0,1,2,15,0,0,0
2025,9,"00-0036322","J.Jefferson","WR","MIN",0,0,0,0,0,0,0,0,0,0,0,0,0,0,6,9,47,1,0,0
2025,9,"00-0036331","D.Duvernay","WR","CHI",0,0,0,0,0,0,0,0,0,0,0,0,0,0,0,0,0,0,0,0
2025,9,"00-0036355","J.Herbert","QB","LAC",19,29,250,2,1,6,-38,0,0,9,57,1,0,0,0,0,0,0,0,0
2025,9,"00-0036358","C.Lamb","WR","DAL",0,0,0,0,0,0,0,0,0,0,0,0,0,0,7,12,85,0,0,0
2025,9,"00-0036360","C.Edwards-Helaire","RB","KC",0,0,0,0,0,0,0,0,0,2,5,0,0,0,0,0,0,0,0,0
2025,9,"00-0036410","T.Higgins","WR","CIN",0,0,0,0,0,0,0,0,0,0,0,0,0,0,7,9,121,2,0,1
2025,9,"00-0036415","V.Jefferson","WR","TEN",0,0,0,0,0,0,0,0,0,0,0,0,0,0,1,4,21,0,0,0
2025,9,"00-0036422","A.Trautman","TE","DEN",0,0,0,0,0,0,0,0,0,0,0,0,0,0,2,2,25,0,0,0
2025,9,"00-0036497","T.Jones","WR","JAX",0,0,0,0,0,0,0,0,0,0,0,0,0,0,1,1,15,0,0,0
2025,9,"00-0036550","R.Bateman","WR","BAL",0,0,0,0,0,0,0,0,0,0,0,0,0,0,2,4,13,1,0,0
2025,9,"00-0036554","N.Collins","WR","HOU",0,0,0,0,0,0,0,0,0,0,0,0,0,0,7,11,75,0,0,0
2025,9,"00-0036555","C.Hubbard","RB","CAR",0,0,0,0,0,0,0,0,0,5,17,0,0,0,0,1,0,0,0,0
2025,9,"00-0036613","J.Waddle","WR","MIA",0,0,0,0,0,0,0,0,0,0,0,0,0,0,6,9,82,0,0,0
2025,9,"00-0036620","D.Eskridge","WR","MIA",0,0,0,0,0,0,0,0,0,0,0,0,0,0,0,1,0,0,0,0
2025,9,"00-0036626","D.Brown","WR","JAX",0,0,0,0,0,0,0,0,0,1,4,0,0,0,3,7,25,0,0,0
2025,9,"00-0036628","J.Bates","TE","WAS",0,0,0,0,0,0,0,0,0,0,0,0,0,0,2,4,20,0,0,0
2025,9,"00-0036630","T.Wallace","WR","BAL",0,0,0,0,0,0,0,0,0,0,0,0,0,0,0,0,0,0,0,0
2025,9,"00-0036637","N.Gray","TE","KC",0,0,0,0,0,0,0,0,0,0,0,0,0,0,0,1,0,0,0,0
2025,9,"00-0036646","S.Fehoko","WR","ARI",0,0,0,0,0,0,0,0,0,0,0,0,0,0,0,0,0,0,0,0
2025,9,"00-0036754","B.Wright","TE","DET",0,0,0,0,0,0,0,0,0,0,0,0,0,0,1,1,11,0,0,0
2025,9,"00-0036755","J.Patterson","RB","LAC",0,0,0,0,0,0,0,0,0,9,44,0,0,0,0,0,0,0,0,0
2025,9,"00-0036825","F.Franks","TE","ATL",0,0,0,0,0,0,0,0,0,0,0,0,0,0,0,0,0,0,0,0
2025,9,"00-0036841","A.Trammell","WR","JAX",0,0,0,0,0,0,0,0,0,0,0,0,0,0,0,1,0,0,0,0
2025,9,"00-0036862","B.Skowronek","WR","PIT",0,0,0,0,0,0,0,0,0,0,0,0,0,0,0,0,0,0,0,0
2025,9,"00-0036887","L.Farrell","TE","SF",0,0,0,0,0,0,0,0,0,0,0,0,0,0,1,1,9,0,0,0
2025,9,"00-0036894","P.Freiermuth","TE","PIT",0,0,0,0,0,0,0,0,0,0,0,0,0,0,3,4,27,1,0,0
2025,9,"00-0036898","D.Mills","QB","HOU",17,30,137,0,0,2,-16,0,0,2,7,0,0,0,0,0,0,0,0,0
2025,9,"00-0036900","J.Chase","WR","CIN",0,0,0,0,0,0,0,0,0,0,0,0,0,0,6,8,111,0,0,0
2025,9,"00-0036919","K.Gainwell","RB","PIT",0,0,0,0,0,0,0,0,0,3,-1,0,0,0,4,5,35,0,0,0
2025,9,"00-0036959","M.Bandy","WR","DEN",0,0,0,0,0,0,0,0,0,0,0,0,0,0,1,1,16,0,0,0
2025,9,"00-0036963","A.St. Brown","WR","DET",0,0,0,0,0,0,0,0,0,0,0,0,0,0,9,13,97,0,0,0
2025,9,"00-0036970","K.Pitts","TE","ATL",0,0,0,0,0,0,0,0,0,0,0,0,0,0,4,7,38,0,0,0
2025,9,"00-0036971","T.Lawrence","QB","JAX",23,34,220,0,1,1,-4,0,0,9,24,2,0,0,0,0,0,0,0,0
2025,9,"00-0036972","M.Jones","QB","SF",19,24,235,2,0,2,-14,1,0,4,4,0,0,0,0,0,0,0,0,0
2025,9,"00-0036973","T.Etienne","RB","JAX",0,0,0,0,0,0,0,0,0,22,84,0,0,0,5,5,31,0,0,0
2025,9,"00-0036980","E.Moore","WR","BUF",0,0,0,0,0,0,0,0,0,0,0,0,0,0,1,1,28,0,0,0
2025,9,"00-0036984","T.Sermon","RB","PIT",0,0,0,0,0,0,0,0,0,0,0,0,0,0,0,0,0,0,0,0
2025,9,"00-0036997","J.Williams","RB","DAL",0,0,0,0,0,0,0,0,0,15,83,0,0,0,1,1,0,0,1,0
2025,9,"00-0037004","H.Long","TE","JAX",0,0,0,0,0,0,0,0,0,0,0,0,0,0,1,3,6,0,0,0
2025,9,"00-0037005","T.Tremble","TE","CAR",0,0,0,0,0,0,0,0,0,0,0,0,0,0,0,1,0,0,0,0
2025,9,"00-0037085","T.Badie","RB","DEN",0,0,0,0,0,0,0,0,0,0,0,0,0,0,2,3,6,0,0,0
2025,9,"00-0037120","T.Goodson","RB","IND",0,0,0,0,0,0,0,0,0,0,0,0,0,0,1,2,8,0,0,0
2025,9,"00-0037157","Z.Knight","RB","ARI",0,0,0,0,0,0,0,0,0,9,27,0,0,0,2,2,20,0,0,0
2025,9,"00-0037228","J.Warren","RB","PIT",0,0,0,0,0,0,0,0,0,16,31,2,0,0,2,2,-2,0,0,0
2025,9,"00-0037238","D.London","WR","ATL",0,0,0,0,0,0,0,0,0,0,0,0,0,0,9,14,118,3,0,0
2025,9,"00-0037239","C.Olave","WR","NO",0,0,0,0,0,0,0,0,0,0,0,0,0,0,3,4,57,0,0,0
2025,9,"00-0037240","J.Williams","WR","DET",0,0,0,0,0,0,0,0,0,0,0,0,0,0,4,6,66,1,0,0
2025,9,"00-0037247","G.Pickens","WR","DAL",0,0,0,0,0,0,0,0,0,0,0,0,0,0,6,9,79,0,0,0
2025,9,"00-0037248","J.Cook","RB","BUF",0,0,0,0,0,0,0,0,0,27,114,0,0,0,1,1,11,0,0,0
2025,9,"00-0037252","G.Dulcich","TE","MIA",0,0,0,0,0,0,0,0,0,0,0,0,0,0,5,5,49,0,0,0
2025,9,"00-0037261","K.Shakir","WR","BUF",0,0,0,0,0,0,0,0,0,0,0,0,0,0,7,8,43,0,0,0
2025,9,"00-0037263","T.Allgeier","RB","ATL",0,0,0,0,0,0,0,0,0,2,6,0,0,0,0,0,0,0,0,0
2025,9,"00-0037291","J.Nailor","WR","MIN",0,0,0,0,0,0,0,0,0,0,0,0,0,0,1,4,16,0,0,0
2025,9,"00-0037292","A.Ogletree","TE","IND",0,0,0,0,0,0,0,0,0,0,0,0,0,0,0,0,0,0,0,0
2025,9,"00-0037329","B.Brown","RB","CHI",0,0,0,0,0,0,0,0,0,5,37,1,0,0,0,1,0,0,0,0
2025,9,"00-0037348","T.Conner","TE","MIA",0,0,0,0,0,0,0,0,0,0,0,0,0,0,0,1,0,0,0,0
2025,9,"00-0037525","J.Mason","RB","MIN",0,0,0,0,0,0,0,0,0,10,36,0,0,0,1,1,1,0,0,0
2025,9,"00-0037545","R.Shaheed","WR","NO",0,0,0,0,0,0,0,0,0,0,0,0,0,0,5,9,68,0,0,0
2025,9,"00-0037563","M.Davis","RB","DAL",0,0,0,0,0,0,0,0,0,1,3,0,0,0,0,0,0,0,0,0
2025,9,"00-0037594","J.Chestnut","RB","TEN",0,0,0,0,0,0,0,0,0,0,0,0,0,0,0,0,0,0,0,0
2025,9,"00-0037654","T.Fisk","TE","LAC",0,0,0,0,0,0,0,0,0,0,0,0,0,0,1,1,12,0,0,0
2025,9,"00-0037664","A.Pierce","WR","IND",0,0,0,0,0,0,0,0,0,0,0,0,0,0,6,13,115,0,0,0
2025,9,"00-0037742","T.Burks","WR","WAS",0,0,0,0,0,0,0,0,0,0,0,0,0,0,1,1,14,0,0,0
2025,9,"00-0037744","T.McBride","TE","ARI",0,0,0,0,0,0,0,0,0,0,0,0,0,0,5,9,55,1,0,0
2025,9,"00-0037746","B.Robinson","RB","SF",0,0,0,0,0,0,0,0,0,5,53,1,0,0,0,0,0,0,0,0
2025,9,"00-0037801","K.Turpin","WR","DAL",0,0,0,0,0,0,0,0,0,1,3,0,0,0,2,3,10,0,0,0
2025,9,"00-0037809","C.Okonkwo","TE","TEN",0,0,0,0,0,0,0,0,0,0,0,0,0,0,2,2,10,0,0,0
2025,9,"00-0037816","R.Doubs","WR","GB",0,0,0,0,0,0,0,0,0,0,0,0,0,0,7,10,91,0,0,0
2025,9,"00-0037837","C.Austin","WR","PIT",0,0,0,0,0,0,0,0,0,0,0,0,0,0,5,6,56,0,0,0
2025,9,"00-0037838","I.Likely","TE","BAL",0,0,0,0,0,0,0,0,0,0,0,0,0,0,3,4,60,0,0,0
2025,9,"00-0037840","K.Williams","RB","LA",0,0,0,0,0,0,0,0,0,25,114,1,0,0,0,0,0,0,0,0
2025,9,"00-0038041","J.Ferguson","TE","DAL",0,0,0,0,0,0,0,0,0,0,0,0,0,0,5,7,50,0,1,0
2025,9,"00-0038046","C.Kolar","TE","BAL",0,0,0,0,0,0,0,0,0,0,0,0,0,0,2,2,23,1,0,0
2025,9,"00-0038090","S.Moore","WR","SF",0,0,0,0,0,0,0,0,0,0,0,0,0,0,1,1,21,0,0,0
2025,9,"00-0038104","T.Thornton","WR","KC",0,0,0,0,0,0,0,0,0,0,0,0,0,0,0,1,0,0,0,0
2025,9,"00-0038117","W.Robinson","WR","NYG",0,0,0,0,0,0,0,0,0,0,0,0,0,0,9,11,46,0,0,0
2025,9,"00-0038124","C.Watson","WR","GB",0,0,0,0,0,0,0,0,0,0,0,0,0,0,2,4,58,0,0,0
2025,9,"00-0038134","K.Walker","RB","SEA",0,0,0,0,0,0,0,0,0,11,42,0,0,0,2,2,19,0,0,0
2025,9,"00-0038359","X.Smith","WR","LA",0,0,0,0,0,0,0,0,0,0,0,0,0,0,2,3,12,0,0,0
2025,9,"00-0038409","L.Nichols","RB","PIT",0,0,0,0,0,0,0,0,0,0,0,0,0,0,0,0,0,0,0,0
2025,9,"00-0038416","T.Bagent","QB","CHI",1,1,20,0,0,0,0,0,0,0,0,0,0,0,0,0,0,0,0,0
2025,9,"00-0038440","Z.Scott","RB","MIN",0,0,0,0,0,0,0,0,0,0,0,0,0,0,0,0,0,0,0,0
2025,9,"00-0038454","K.Mitchell","RB","BAL",0,0,0,0,0,0,0,0,0,4,11,0,0,0,1,1,7,0,0,0
2025,9,"00-0038465","M.Heath","WR","GB",0,0,0,0,0,0,0,0,0,0,0,0,0,0,1,1,11,0,0,0
2025,9,"00-0038519","N.Remigio","WR","KC",0,0,0,0,0,0,0,0,0,0,0,0,0,0,0,0,0,0,0,0
2025,9,"00-0038542","B.Robinson","RB","ATL",0,0,0,0,0,0,0,0,0,12,46,0,0,0,8,10,50,0,0,0
2025,9,"00-0038543","J.Smith-Njigba","WR","SEA",0,0,0,0,0,0,0,0,0,1,11,0,0,0,8,9,129,0,0,0
2025,9,"00-0038544","Q.Johnston","WR","LAC",0,0,0,0,0,0,0,0,0,0,0,0,0,0,4,6,53,1,0,0
2025,9,"00-0038547","L.Schoonmaker","TE","DAL",0,0,0,0,0,0,0,0,0,0,0,0,0,0,1,2,14,0,0,0
2025,9,"00-0038558","D.Washington","TE","PIT",0,0,0,0,0,0,0,0,0,0,0,0,0,0,4,6,43,0,0,0
2025,9,"00-0038559","Mi.Wilson","WR","ARI",0,0,0,0,0,0,0,0,0,0,0,0,0,0,3,4,61,0,0,0
2025,9,"00-0038563","T.Tucker","WR","LV",0,0,0,0,0,0,0,0,0,0,0,0,0,0,3,4,38,0,0,0
2025,9,"00-0038573","D.Davis","WR","LAC",0,0,0,0,0,0,0,0,0,0,0,0,0,0,0,0,0,0,0,0
2025,9,"00-0038576","C.Jones","WR","CIN",0,0,0,0,0,0,0,0,0,0,0,0,0,0,0,0,0,0,0,0
2025,9,"00-0038597","C.Brown","RB","CIN",0,0,0,0,0,0,0,0,0,11,37,0,0,0,8,14,75,0,0,0
2025,9,"00-0038606","P.Washington","WR","JAX",0,0,0,0,0,0,0,0,0,0,0,0,0,0,8,9,90,0,0,0
2025,9,"00-0038608","K.Boutte","WR","NE",0,0,0,0,0,0,0,0,0,0,0,0,0,0,0,1,0,0,0,0
2025,9,"00-0038611","C.Rodriguez","RB","WAS",0,0,0,0,0,0,0,0,0,12,65,1,0,0,0,0,0,0,0,0
2025,9,"00-0038618","X.Hutchinson","WR","HOU",0,0,0,0,0,0,0,0,0,0,0,0,0,0,3,5,30,0,0,0
2025,9,"00-0038619","A.Iosivas","WR","CIN",0,0,0,0,0,0,0,0,0,1,4,0,0,0,5,7,66,1,0,0
2025,9,"00-0038621","D.Douglas","WR","NE",0,0,0,0,0,0,0,0,0,0,0,0,0,0,4,6,100,1,0,0
2025,9,"00-0038658","A.Martinez","QB","SF",0,0,0,0,0,0,0,0,0,1,-1,0,0,0,0,0,0,0,0,0
2025,9,"00-0038679","T.Shavers","WR","BUF",0,0,0,0,0,0,0,0,0,0,0,0,0,0,1,1,7,0,0,0
2025,9,"00-0038685","C.Brooks","RB","GB",0,0,0,0,0,0,0,0,0,0,0,0,0,0,2,2,24,0,0,0
2025,9,"00-0038705","E.Demercado","RB","ARI",0,0,0,0,0,0,0,0,0,14,79,0,0,0,1,1,-1,0,0,0
2025,9,"00-0038735","P.Fant","TE","DAL",0,0,0,0,0,0,0,0,0,0,0,0,0,0,0,0,0,0,0,0
2025,9,"00-0038738","H.Luepke","RB","DAL",0,0,0,0,0,0,0,0,0,0,0,0,0,0,0,0,0,0,0,0
2025,9,"00-0038797","E.Wilson","RB","GB",0,0,0,0,0,0,0,0,0,6,16,0,0,0,1,2,1,0,0,0
2025,9,"00-0038839","M.Tinsley","WR","CIN",0,0,0,0,0,0,0,0,0,0,0,0,0,0,1,2,27,0,0,0
2025,9,"00-0038840","B.Tremayne","WR","CAR",0,0,0,0,0,0,0,0,0,0,0,0,0,0,1,1,8,0,0,0
2025,9,"00-0038896","J.Saylors","RB","DET",0,0,0,0,0,0,0,0,0,0,0,0,0,0,0,0,0,0,0,0
2025,9,"00-0038933","D.Kincaid","TE","BUF",0,0,0,0,0,0,0,0,0,0,0,0,0,0,6,6,101,1,0,0
2025,9,"00-0038938","J.Hyatt","WR","NYG",0,0,0,0,0,0,0,0,0,0,0,0,0,0,0,0,0,0,0,0
2025,9,"00-0038994","J.Addison","WR","MIN",0,0,0,0,0,0,0,0,0,1,16,0,0,0,2,4,48,0,0,0
2025,9,"00-0038996","T.Kraft","TE","GB",0,0,0,0,0,0,0,0,0,0,0,0,0,0,2,3,20,0,0,0
2025,9,"00-0038997","J.Downs","WR","IND",0,0,0,0,0,0,0,0,0,0,0,0,0,0,6,9,57,1,0,0
2025,9,"00-0039032","T.Spears","RB","TEN",0,0,0,0,0,0,0,0,0,7,26,0,0,0,3,3,36,0,0,0
2025,9,"00-0039040","D.Achane","RB","MIA",0,0,0,0,0,0,0,0,0,14,67,0,0,0,6,10,39,0,0,0
2025,9,"00-0039041","E.Higgins","TE","ARI",0,0,0,0,0,0,0,0,0,0,0,0,0,0,3,3,30,0,0,0
2025,9,"00-0039064","Z.Flowers","WR","BAL",0,0,0,0,0,0,0,0,0,0,0,0,0,0,5,5,64,0,0,0
2025,9,"00-0039065","S.LaPorta","TE","DET",0,0,0,0,0,0,0,0,0,0,0,0,0,0,6,8,97,1,0,0
2025,9,"00-0039066","M.Mayer","TE","LV",0,0,0,0,0,0,0,0,0,0,0,0,0,0,3,7,26,0,0,0
2025,9,"00-0039067","R.Rice","WR","KC",0,0,0,0,0,0,0,0,0,2,6,1,0,0,4,7,80,0,0,0
2025,9,"00-0039074","D.Allen","TE","LA",0,0,0,0,0,0,0,0,0,0,0,0,0,0,3,4,37,0,0,0
2025,9,"00-0039075","P.Nacua","WR","LA",0,0,0,0,0,0,0,0,0,1,3,0,0,0,7,8,95,1,0,0
2025,9,"00-0039139","J.Gibbs","RB","DET",0,0,0,0,0,0,0,0,0,9,25,0,0,0,3,3,3,0,0,0
2025,9,"00-0039144","L.Musgrave","TE","GB",0,0,0,0,0,0,0,0,0,0,0,0,0,0,3,3,34,0,0,0
2025,9,"00-0039150","B.Young","QB","CAR",11,20,102,0,1,1,0,0,0,2,9,0,0,0,0,0,0,0,0,0
2025,9,"00-0039163","C.Stroud","QB","HOU",6,10,79,0,0,2,-9,0,0,2,12,0,0,0,0,0,0,0,0,0
2025,9,"00-0039165","Z.Charbonnet","RB","SEA",0,0,0,0,0,0,0,0,0,8,25,0,0,0,1,1,21,0,0,0
2025,9,"00-0039299","G.Holani","RB","SEA",0,0,0,0,0,0,0,0,0,3,9,0,0,0,0,0,0,0,0,0
2025,9,"00-0039305","J.Westover","TE","NE",0,0,0,0,0,0,0,0,0,0,0,0,0,0,0,0,0,0,0,0
2025,9,"00-0039338","B.Bowers","TE","LV",0,0,0,0,0,0,0,0,0,1,6,0,0,0,12,13,127,3,0,0
2025,9,"00-0039342","X.Legette","WR","CAR",0,0,0,0,0,0,0,0,0,0,0,0,0,0,1,3,22,0,0,0
2025,9,"00-0039355","L.McCaffrey","WR","WAS",0,0,0,0,0,0,0,0,0,0,0,0,0,0,0,0,0,0,0,0
2025,9,"00-0039356","J.Sanders","TE","CAR",0,0,0,0,0,0,0,0,0,0,0,0,0,0,1,1,5,0,0,0
2025,9,"00-0039363","I.Guerendo","RB","SF",0,0,0,0,0,0,0,0,0,0,0,0,0,0,0,0,0,0,0,0
2025,9,"00-0039364","S.Vaki","RB","DET",0,0,0,0,0,0,0,0,0,0,0,0,0,0,0,0,0,0,0,0
2025,9,"00-0039384","T.Tracy","RB","NYG",0,0,0,0,0,0,0,0,0,5,18,0,0,0,3,4,19,0,0,0
2025,9,"00-0039391","K.Vidal","RB","LAC",0,0,0,0,0,0,0,0,0,12,30,0,0,0,0,1,0,0,0,0
2025,9,"00-0039407","D.Laube","RB","LV",0,0,0,0,0,0,0,0,0,0,0,0,0,0,0,0,0,0,0,0
2025,9,"00-0039410","R.Flournoy","WR","DAL",0,0,0,0,0,0,0,0,0,0,0,0,0,0,2,2,12,1,0,0
2025,9,"00-0039491","J.Coker","WR","CAR",0,0,0,0,0,0,0,0,0,0,0,0,0,0,1,1,9,0,0,0
2025,9,"00-0039530","B.Spann-Ford","TE","DAL",0,0,0,0,0,0,0,0,0,0,0,0,0,0,0,0,0,0,0,0
2025,9,"00-0039603","B.Brooks","RB","HOU",0,0,0,0,0,0,0,0,0,2,0,0,0,0,0,0,0,0,0,0
2025,9,"00-0039648","D.Martin-Robinson","TE","TEN",0,0,0,0,0,0,0,0,0,0,0,0,0,0,0,0,0,0,0,0
2025,9,"00-0039732","B.Nix","QB","DEN",18,37,173,2,1,1,-2,0,1,3,36,0,0,0,0,0,0,0,0,0
2025,9,"00-0039738","B.Corum","RB","LA",0,0,0,0,0,0,0,0,0,13,58,0,0,0,0,0,0,0,0,0
2025,9,"00-0039739","R.Wilson","WR","PIT",0,0,0,0,0,0,0,0,0,0,0,0,0,0,1,2,4,0,1,0
2025,9,"00-0039757","T.Jennings","RB","NE",0,0,0,0,0,0,0,0,0,11,35,1,0,0,1,1,9,0,0,0
2025,9,"00-0039793","A.Barner","TE","SEA",0,0,0,0,0,0,0,0,0,1,1,1,0,0,3,4,24,0,0,0
2025,9,"00-0039796","R.Ali","RB","BAL",0,0,0,0,0,0,0,0,0,0,0,0,0,0,0,0,0,0,0,0
2025,9,"00-0039847","T.Johnson","TE","NYG",0,0,0,0,0,0,0,0,0,0,0,0,0,0,3,6,27,1,0,0
2025,9,"00-0039849","M.Harrison","WR","ARI",0,0,0,0,0,0,0,0,0,0,0,0,0,0,7,10,96,1,0,0
2025,9,"00-0039851","D.Maye","QB","NE",19,29,259,2,1,6,-38,1,0,8,20,0,0,0,0,0,0,0,0,0
2025,9,"00-0039868","T.Franklin","WR","DEN",0,0,0,0,0,0,0,0,0,2,-4,0,0,0,4,10,27,0,0,1
2025,9,"00-0039875","R.Davis","RB","BUF",0,0,0,0,0,0,0,0,0,0,0,0,0,0,0,0,0,0,0,0
2025,9,"00-0039880","M.Washington","WR","MIA",0,0,0,0,0,0,0,0,0,3,13,0,1,0,3,3,48,0,0,0
2025,9,"00-0039884","T.Washington","WR","MIA",0,0,0,0,0,0,0,0,0,0,0,0,0,0,1,2,11,0,1,0
2025,9,"00-0039890","A.Mitchell","WR","IND",0,0,0,0,0,0,0,0,0,0,0,0,0,0,1,1,7,0,0,0
2025,9,"00-0039893","B.Thomas","WR","JAX",0,0,0,0,0,0,0,0,0,0,0,0,0,0,3,5,55,0,0,0
2025,9,"00-0039894","X.Worthy","WR","KC",0,0,0,0,0,0,0,0,0,1,7,0,0,0,3,7,23,0,0,0
2025,9,"00-0039901","K.Coleman","WR","BUF",0,0,0,0,0,0,0,0,0,0,0,0,0,0,2,2,17,0,0,0
2025,9,"00-0039910","J.Daniels","QB","WAS",16,22,153,0,1,4,-20,0,0,10,51,1,0,0,0,0,0,0,0,0
2025,9,"00-0039915","L.McConkey","WR","LAC",0,0,0,0,0,0,0,0,0,0,0,0,0,0,4,6,56,0,0,0
2025,9,"00-0039917","M.Penix","QB","ATL",22,37,221,3,0,1,-4,0,0,2,19,0,0,0,0,0,0,0,0,0
2025,9,"00-0039918","C.Williams","QB","CHI",20,34,280,3,0,2,-9,0,0,5,53,0,0,0,2,2,22,1,0,0
2025,9,"00-0039919","R.Odunze","WR","CHI",0,0,0,0,0,0,0,0,0,0,0,0,0,0,0,3,0,0,0,0
2025,9,"00-0039923","J.McCarthy","QB","MIN",14,25,143,2,1,5,-27,0,0,9,12,1,0,0,0,0,0,0,0,0
2025,9,"00-0040009","S.Williams","WR","GB",0,0,0,0,0,0,0,0,0,1,0,0,1,0,2,2,12,0,0,0
2025,9,"00-0040075","L.Wester","WR","BAL",0,0,0,0,0,0,0,0,0,0,0,0,0,0,0,0,0,0,0,0
2025,9,"00-0040078","B.Smith","RB","KC",0,0,0,0,0,0,0,0,0,3,7,0,0,0,0,1,0,0,0,0
2025,9,"00-0040122","A.Jeanty","RB","LV",0,0,0,0,0,0,0,0,0,13,42,0,0,0,5,5,47,1,0,0
2025,9,"00-0040124","T.McMillan","WR","CAR",0,0,0,0,0,0,0,0,0,0,0,0,0,0,4,6,46,0,0,0
2025,9,"00-0040126","C.Loveland","TE","CHI",0,0,0,0,0,0,0,0,0,0,0,0,0,0,6,7,118,2,0,0
2025,9,"00-0040128","T.Warren","TE","IND",0,0,0,0,0,0,0,0,0,0,0,0,0,0,5,7,26,0,0,0
2025,9,"00-0040130","J.Higgins","WR","HOU",0,0,0,0,0,0,0,0,0,0,0,0,0,0,1,1,4,0,0,0
2025,9,"00-0040131","K.Williams","WR","NE",0,0,0,0,0,0,0,0,0,0,0,0,0,0,0,1,0,0,0,0
2025,9,"00-0040134","P.Bryant","WR","DEN",0,0,0,0,0,0,0,0,0,0,0,0,0,0,2,3,20,0,0,0
2025,9,"00-0040138","J.Noel","WR","HOU",0,0,0,0,0,0,0,0,0,1,-3,0,0,0,0,0,0,0,0,0
2025,9,"00-0040142","K.Johnson","RB","PIT",0,0,0,0,0,0,0,0,0,1,4,0,0,0,1,1,9,0,0,0
2025,9,"00-0040154","T.Felton","WR","MIN",0,0,0,0,0,0,0,0,0,0,0,0,0,0,0,0,0,0,0,0
2025,9,"00-0040164","J.Lane","WR","WAS",0,0,0,0,0,0,0,0,0,0,0,0,0,0,3,5,29,0,0,0
2025,9,"00-0040170","E.Ayomanor","WR","TEN",0,0,0,0,0,0,0,0,0,0,0,0,0,0,3,6,46,0,0,0
2025,9,"00-0040172","J.Watkins","WR","SF",0,0,0,0,0,0,0,0,0,0,0,0,0,0,1,1,19,0,0,0
2025,9,"00-0040184","K.Lambert-Smith","WR","LAC",0,0,0,0,0,0,0,0,0,0,0,0,0,0,0,1,0,0,0,0
2025,9,"00-0040189","O.Gadsden","TE","LAC",0,0,0,0,0,0,0,0,0,0,0,0,0,0,5,5,68,0,0,0
2025,9,"00-0040194","J.Hawes","TE","BUF",0,0,0,0,0,0,0,0,0,0,0,0,0,0,1,2,18,0,0,0
2025,9,"00-0040198","O.Gordon","RB","MIA",0,0,0,0,0,0,0,0,0,2,6,0,0,0,1,1,3,0,0,0
2025,9,"00-0040202","D.Neal","RB","NO",0,0,0,0,0,0,0,0,0,3,11,0,0,0,1,1,1,0,0,0
2025,9,"00-0040208","T.Brooks","RB","CIN",0,0,0,0,0,0,0,0,0,1,1,0,0,0,0,0,0,0,0,0
2025,9,"00-0040218","Ji.Horn","WR","CAR",0,0,0,0,0,0,0,0,0,1,7,0,0,0,1,2,1,0,0,0
2025,9,"00-0040236","K.Monangai","RB","CHI",0,0,0,0,0,0,0,0,0,26,176,0,0,0,3,5,22,0,0,0
2025,9,"00-0040238","L.Allen","RB","JAX",0,0,0,0,0,0,0,0,0,1,10,0,0,0,1,1,1,0,0,0
2025,9,"00-0040242","J.Croskey-Merritt","RB","WAS",0,0,0,0,0,0,0,0,0,12,38,0,0,0,1,1,3,0,0,0
2025,9,"00-0040277","J.Walker","WR","CHI",0,0,0,0,0,0,0,0,0,0,0,0,0,0,0,0,0,0,0,0
2025,9,"00-0040506","M.Price","WR","MIN",0,0,0,0,0,0,0,0,0,0,0,0,0,0,0,0,0,0,0,0
2025,9,"00-0040509","B.Yurosek","TE","MIN",0,0,0,0,0,0,0,0,0,0,0,0,0,0,0,0,0,0,0,0
2025,9,"00-0040534","K.Williams","WR","PIT",0,0,0,0,0,0,0,0,0,0,0,0,0,0,0,0,0,0,0,0
2025,9,"00-0040563","E.Chism","WR","NE",0,0,0,0,0,0,0,0,0,0,0,0,0,0,0,0,0,0,0,0
2025,9,"00-0040583","W.Marks","RB","HOU",0,0,0,0,0,0,0,0,0,10,27,0,0,0,0,3,0,0,0,0
2025,9,"00-0040584","G.Helm","TE","TEN",0,0,0,0,0,0,0,0,0,0,0,0,0,0,1,1,15,0,0,0
2025,9,"00-0040644","T.Etienne","RB","CAR",0,0,0,0,0,0,0,0,0,0,0,0,0,0,0,0,0,0,0,0
2025,9,"00-0040648","T.Horton","WR","SEA",0,0,0,0,0,0,0,0,0,0,0,0,0,0,4,4,48,2,0,0
2025,9,"00-0040649","R.Ouzts","RB","SEA",0,0,0,0,0,0,0,0,0,0,0,0,0,0,0,0,0,0,0,0
2025,9,"00-0040667","M.Golden","WR","GB",0,0,0,0,0,0,0,0,0,0,0,0,0,0,2,3,9,0,0,0
2025,9,"00-0040676","C.Ward","QB","TEN",12,21,145,0,0,4,-27,0,0,2,6,0,0,0,0,0,0,0,0,0
2025,9,"00-0040691","J.Dart","QB","NYG",24,33,191,2,0,2,-12,0,0,8,56,1,0,0,0,0,0,0,0,0
2025,9,"00-0040705","C.Dike","WR","TEN",0,0,0,0,0,0,0,0,0,0,0,0,0,0,1,3,5,0,0,0
2025,9,"00-0040719","B.Tuten","RB","JAX",0,0,0,0,0,0,0,0,0,9,29,1,0,0,1,1,-3,0,0,0
2025,9,"00-0040727","T.Harris","WR","LAC",0,0,0,0,0,0,0,0,0,0,0,0,0,0,2,2,18,0,0,0
2025,9,"00-0040729","J.Bech","WR","LV",0,0,0,0,0,0,0,0,0,0,0,0,0,0,0,0,0,0,0,0
2025,9,"00-0040730","R.Harvey","RB","DEN",0,0,0,0,0,0,0,0,0,2,5,0,0,0,5,5,51,1,0,0
2025,9,"00-0040734","T.Henderson","RB","NE",0,0,0,0,0,0,0,0,0,14,55,0,0,0,4,6,32,0,0,0
2025,9,"00-0040737","T.Ferguson","TE","LA",0,0,0,0,0,0,0,0,0,0,0,0,0,0,2,3,54,0,0,0
2025,9,"00-0040739","E.Arroyo","TE","SEA",0,0,0,0,0,0,0,0,0,0,0,0,0,0,2,2,29,1,0,0
2025,9,"00-0040743","T.Shough","QB","NO",15,24,176,1,1,1,-9,0,0,1,2,0,0,0,0,0,0,0,0,0
2025,10,"00-0023459","A.Rodgers","QB","PIT",16,31,161,1,2,3,-13,0,0,0,0,0,0,0,0,0,0,0,0,0
2025,10,"00-0024243","M.Lewis","TE","DEN",0,0,0,0,0,0,0,0,0,0,0,0,0,0,0,0,0,0,0,0
2025,10,"00-0026498","M.Stafford","QB","LA",24,36,280,4,0,1,-5,0,0,3,-3,0,0,0,0,0,0,0,0,0
2025,10,"00-0029263","R.Wilson","QB","NYG",3,7,45,0,0,2,-13,0,0,2,12,0,0,0,0,0,0,0,0,0
2025,10,"00-0030035","A.Thielen","WR","MIN",0,0,0,0,0,0,0,0,0,0,0,0,0,0,2,3,16,0,0,0
2025,10,"00-0030061","Z.Ertz","TE","WAS",0,0,0,0,0,0,0,0,0,0,0,0,0,0,4,5,54,0,0,0
2025,10,"00-0030279","K.Allen","WR","LAC",0,0,0,0,0,0,0,0,0,0,0,0,0,0,2,5,19,0,0,0
2025,10,"00-0030564","D.Hopkins","WR","BAL",0,0,0,0,0,0,0,0,0,0,0,0,0,0,2,4,16,0,0,0
2025,10,"00-0030565","G.Smith","QB","LV",16,26,143,0,1,6,-29,0,0,3,7,0,0,0,0,0,0,0,0,0
2025,10,"00-0031381","D.Adams","WR","LA",0,0,0,0,0,0,0,0,0,0,0,0,0,0,6,8,77,1,0,0
2025,10,"00-0031588","S.Diggs","WR","NE",0,0,0,0,0,0,0,0,0,0,0,0,0,0,5,8,46,1,0,0
2025,10,"00-0031687","R.Mostert","RB","LV",0,0,0,0,0,0,0,0,0,1,4,0,0,0,1,1,11,0,0,0
2025,10,"00-0032104","A.Abdullah","RB","IND",0,0,0,0,0,0,0,0,0,0,0,0,0,0,1,1,8,0,0,0
2025,10,"00-0032211","T.Lockett","WR","LV",0,0,0,0,0,0,0,0,0,0,0,0,0,0,5,6,44,0,0,0
2025,10,"00-0032268","M.Mariota","QB","WAS",16,22,213,2,0,2,-18,0,0,5,22,0,0,0,0,0,0,0,0,0
2025,10,"00-0032385","S.Shepard","WR","TB",0,0,0,0,0,0,0,0,0,1,11,0,0,0,3,4,20,0,0,0
2025,10,"00-0032392","A.Hooper","TE","NE",0,0,0,0,0,0,0,0,0,0,0,0,0,0,0,1,0,0,0,0
2025,10,"00-0032398","C.Moore","WR","WAS",0,0,0,0,0,0,0,0,0,0,0,0,0,0,0,0,0,0,0,0
2025,10,"00-0032464","K.Raymond","WR","DET",0,0,0,0,0,0,0,0,0,1,10,0,0,0,4,4,49,0,0,0
2025,10,"00-0032688","R.Chosen","WR","WAS",0,0,0,0,0,0,0,0,0,0,0,0,0,0,1,4,17,0,0,0
2025,10,"00-0032764","D.Henry","RB","BAL",0,0,0,0,0,0,0,0,0,20,75,0,0,0,3,3,9,0,0,0
2025,10,"00-0032775","D.Robinson","WR","SF",0,0,0,0,0,0,0,0,0,0,0,0,0,0,3,4,34,0,0,0
2025,10,"00-0032951","L.Treadwell","WR","IND",0,0,0,0,0,0,0,0,0,0,0,0,0,0,0,0,0,0,0,0
2025,10,"00-0033090","H.Henry","TE","NE",0,0,0,0,0,0,0,0,0,0,0,0,0,0,1,4,9,0,0,0
2025,10,"00-0033106","J.Goff","QB","DET",25,33,320,3,0,0,0,0,0,0,0,0,0,0,0,0,0,0,0,0
2025,10,"00-0033110","T.Higbee","TE","LA",0,0,0,0,0,0,0,0,0,0,0,0,0,0,3,3,33,0,0,0
2025,10,"00-0033119","J.Brissett","QB","ARI",22,44,258,2,0,5,-52,2,1,4,31,0,0,0,0,0,0,0,0,0
2025,10,"00-0033217","M.Alie-Cox","TE","IND",0,0,0,0,0,0,0,0,0,0,0,0,0,0,0,1,0,0,0,0
2025,10,"00-0033246","J.Mundt","TE","JAX",0,0,0,0,0,0,0,0,0,0,0,0,0,0,1,2,21,0,0,0
2025,10,"00-0033280","C.McCaffrey","RB","SF",0,0,0,0,0,0,0,0,0,12,30,0,0,0,8,10,66,0,0,0
2025,10,"00-0033282","C.Samuel","WR","BUF",0,0,0,0,0,0,0,0,0,0,0,0,0,0,1,1,21,0,0,0
2025,10,"00-0033288","G.Kittle","TE","SF",0,0,0,0,0,0,0,0,0,0,0,0,0,0,9,9,84,1,0,0
2025,10,"00-0033293","A.Jones","RB","MIN",0,0,0,0,0,0,0,0,0,9,47,1,0,0,3,6,22,0,0,0
2025,10,"00-0033307","K.Bourne","WR","SF",0,0,0,0,0,0,0,0,0,0,0,0,0,0,1,1,19,0,0,0
2025,10,"00-0033357","T.Hill","TE","NO",0,1,0,0,0,0,0,0,0,7,20,0,0,0,0,1,0,0,0,0
2025,10,"00-0033376","P.Ricard","RB","BAL",0,0,0,0,0,0,0,0,0,1,3,0,0,0,0,0,0,0,0,0
2025,10,"00-0033555","M.Hollins","WR","NE",0,0,0,0,0,0,0,0,0,0,0,0,0,0,6,10,106,0,0,0
2025,10,"00-0033572","J.Agnew","WR","ATL",0,0,0,0,0,0,0,0,0,0,0,0,0,0,0,0,0,0,0,0
2025,10,"00-0033858","J.Smith","TE","PIT",0,0,0,0,0,0,0,0,0,0,0,0,0,0,1,2,4,0,0,0
2025,10,"00-0033869","M.Trubisky","QB","BUF",0,0,0,0,0,0,0,0,0,1,4,0,0,0,0,0,0,0,0,0
2025,10,"00-0033881","E.Engram","TE","DEN",0,0,0,0,0,0,0,0,0,0,0,0,0,0,2,5,12,0,0,0
2025,10,"00-0033885","D.Njoku","TE","CLE",0,0,0,0,0,0,0,0,0,0,0,0,0,0,2,2,21,1,0,0
2025,10,"00-0033891","Z.Jones","WR","ARI",0,0,0,0,0,0,0,0,0,0,0,0,0,0,0,1,0,0,0,0
2025,10,"00-0033906","A.Kamara","RB","NO",0,0,0,0,0,0,0,0,0,22,83,0,0,0,3,3,32,0,0,0
2025,10,"00-0033908","C.Kupp","WR","SEA",0,0,0,0,0,0,0,0,0,0,0,0,0,0,2,2,74,0,0,0
2025,10,"00-0033955","J.McNichols","RB","WAS",0,0,0,0,0,0,0,0,0,5,25,0,0,0,1,1,4,0,0,0
2025,10,"00-0034073","R.Dwelley","TE","DET",0,0,0,0,0,0,0,0,0,0,0,0,0,0,0,1,0,0,0,0
2025,10,"00-0034270","T.Conklin","TE","LAC",0,0,0,0,0,0,0,0,0,0,0,0,0,0,1,1,12,0,0,0
2025,10,"00-0034348","C.Sutton","WR","DEN",0,0,0,0,0,1,-5,0,0,0,0,0,0,0,3,4,24,0,0,0
2025,10,"00-0034351","D.Goedert","TE","PHI",0,0,0,0,0,0,0,0,0,0,0,0,0,0,4,6,43,0,0,0
2025,10,"00-0034383","D.Schultz","TE","HOU",0,0,0,0,0,0,0,0,0,0,0,0,0,0,7,11,53,1,0,0
2025,10,"00-0034407","R.McCloud","WR","NYG",0,0,0,0,0,0,0,0,0,0,0,0,0,0,0,0,0,0,0,0
2025,10,"00-0034419","B.Berrios","WR","HOU",0,0,0,0,0,0,0,0,0,0,0,0,0,0,0,0,0,0,0,0
2025,10,"00-0034577","K.Allen","QB","DET",0,2,0,0,0,0,0,0,0,1,-1,0,0,0,0,0,0,0,0,0
2025,10,"00-0034753","M.Andrews","TE","BAL",0,0,0,0,0,0,0,0,0,0,0,0,0,0,3,5,14,1,0,0
2025,10,"00-0034775","C.Kirk","WR","HOU",0,0,0,0,0,0,0,0,0,0,0,0,0,0,1,3,3,0,0,0
2025,10,"00-0034791","N.Chubb","RB","HOU",0,0,0,0,0,0,0,0,0,5,47,0,0,0,1,1,5,0,0,0
2025,10,"00-0034796","L.Jackson","QB","BAL",17,29,176,1,0,1,-7,0,1,9,36,0,0,0,0,0,0,0,0,0
2025,10,"00-0034827","D.Moore","WR","CHI",0,0,0,0,0,0,0,0,0,0,0,0,0,0,0,4,0,0,0,0
2025,10,"00-0034844","S.Barkley","RB","PHI",0,0,0,0,0,0,0,0,0,22,60,0,0,0,3,3,41,0,0,0
2025,10,"00-0034854","K.Hodge","WR","ATL",0,0,0,0,0,0,0,0,0,0,0,0,0,0,0,0,0,0,0,0
2025,10,"00-0034855","B.Mayfield","QB","TB",28,43,273,3,0,2,-15,0,0,0,0,0,0,0,0,0,0,0,0,0
2025,10,"00-0034857","J.Allen","QB","BUF",28,40,306,2,1,3,-17,0,0,4,31,0,1,0,0,0,0,0,0,0
2025,10,"00-0034860","D.Pettis","WR","NO",0,0,0,0,0,0,0,0,0,0,0,0,0,0,0,0,0,0,0,0
2025,10,"00-0034869","S.Darnold","QB","SEA",10,12,178,1,1,1,-4,1,0,3,-2,0,1,0,0,0,0,0,0,0
2025,10,"00-0034960","J.Meyers","WR","JAX",0,0,0,0,0,0,0,0,0,0,0,0,0,0,3,3,41,0,0,0
2025,10,"00-0034975","J.Hill","RB","BAL",0,0,0,0,0,0,0,0,0,1,1,1,0,0,1,2,12,0,0,0
2025,10,"00-0034981","F.Moreau","TE","NO",0,0,0,0,0,0,0,0,0,0,0,0,0,0,2,3,16,0,0,0
2025,10,"00-0035021","A.Dulin","WR","IND",0,0,0,0,0,0,0,0,0,1,22,0,0,0,0,0,0,0,0,0
2025,10,"00-0035208","O.Zaccheaus","WR","CHI",0,0,0,0,0,0,0,0,0,0,0,0,0,0,1,4,5,0,0,0
2025,10,"00-0035229","T.Hockenson","TE","MIN",0,0,0,0,0,0,0,0,0,0,0,0,0,0,2,2,8,0,0,0
2025,10,"00-0035250","D.Singletary","RB","NYG",0,0,0,0,0,0,0,0,0,8,20,0,0,0,3,3,53,0,0,0
2025,10,"00-0035291","T.Williams","RB","LAC",0,0,0,0,0,0,0,0,0,0,0,0,0,0,0,0,0,0,0,0
2025,10,"00-0035359","D.Sills","WR","ATL",0,0,0,0,0,0,0,0,0,0,0,0,0,0,0,1,0,0,0,0
2025,10,"00-0035500","G.Dortch","WR","ARI",0,0,0,0,0,0,0,0,0,2,2,1,0,0,0,0,0,0,0,0
2025,10,"00-0035535","D.Slayton","WR","NYG",0,0,0,0,0,0,0,0,0,0,0,0,0,0,4,4,89,0,0,0
2025,10,"00-0035537","Ty.Johnson","RB","BUF",0,0,0,0,0,0,0,0,0,1,2,0,0,0,2,2,24,0,0,0
2025,10,"00-0035602","A.Bachman","WR","LV",0,0,0,0,0,0,0,0,0,0,0,0,0,0,0,0,0,0,0,0
2025,10,"00-0035628","D.Johnson","RB","NE",0,0,0,0,0,0,0,0,0,1,1,0,0,0,0,0,0,0,0,0
2025,10,"00-0035640","D.Metcalf","WR","PIT",0,0,0,0,0,0,0,0,0,0,0,0,0,0,3,7,35,0,0,0
2025,10,"00-0035645","G.Olszewski","WR","NYG",0,0,0,0,0,0,0,0,0,0,0,0,0,0,0,2,0,0,0,0
2025,10,"00-0035676","A.Brown","WR","PHI",0,0,0,0,0,0,0,0,0,0,0,0,0,0,2,3,13,0,0,0
2025,10,"00-0035685","D.Montgomery","RB","DET",0,0,0,0,0,0,0,0,0,15,71,0,0,1,1,1,0,0,0,0
2025,10,"00-0035689","D.Knox","TE","BUF",0,0,0,0,0,0,0,0,0,0,0,0,0,0,3,4,37,0,0,0
2025,10,"00-0035700","J.Jacobs","RB","GB",0,0,0,0,0,0,0,0,0,21,74,1,1,0,5,6,33,0,0,0
2025,10,"00-0035704","D.Lock","QB","SEA",0,0,0,0,0,0,0,0,0,4,-4,0,0,0,0,0,0,0,0,0
2025,10,"00-0035710","D.Jones","QB","IND",19,26,255,1,1,7,-59,1,0,7,53,0,0,0,0,0,0,0,0,0
2025,10,"00-0035719","D.Samuel","WR","WAS",0,0,0,0,0,0,0,0,0,0,0,0,0,0,4,5,29,1,0,0
2025,10,"00-0035891","C.White","WR","SEA",0,0,0,0,0,0,0,0,0,0,0,0,0,0,0,0,0,0,0,0
2025,10,"00-0036040","J.Johnson","TE","NO",0,0,0,0,0,0,0,0,0,0,0,0,0,0,4,4,92,1,0,0
2025,10,"00-0036139","R.Dowdle","RB","CAR",0,0,0,0,0,0,0,0,0,18,53,1,0,0,3,3,10,0,0,0
2025,10,"00-0036158","J.Dobbins","RB","DEN",0,0,0,0,0,0,0,0,0,18,77,0,0,0,1,1,7,0,0,0
2025,10,"00-0036182","N.Westbrook-Ikhine","WR","MIA",0,0,0,0,0,0,0,0,0,0,0,0,0,0,1,1,7,0,0,0
2025,10,"00-0036212","T.Tagovailoa","QB","MIA",15,21,173,2,2,0,0,0,0,2,-1,0,0,0,0,0,0,0,0,0
2025,10,"00-0036223","J.Taylor","RB","IND",0,0,0,0,0,0,0,0,0,32,244,3,0,0,3,3,42,0,0,0
2025,10,"00-0036244","C.Parkinson","TE","LA",0,0,0,0,0,0,0,0,0,0,0,0,0,0,4,5,41,1,0,0
2025,10,"00-0036252","M.Pittman","WR","IND",0,0,0,0,0,0,0,0,0,0,0,0,0,0,2,2,19,0,0,0
2025,10,"00-0036259","J.Jennings","WR","SF",0,0,0,0,0,0,0,0,0,0,0,0,0,0,6,9,71,1,1,0
2025,10,"00-0036264","J.Love","QB","GB",20,36,176,0,0,3,-19,1,0,5,28,0,0,0,0,0,0,0,0,0
2025,10,"00-0036275","D.Swift","RB","CHI",0,0,0,0,0,0,0,0,0,13,80,0,0,0,5,8,18,0,0,0
2025,10,"00-0036290","C.Kmet","TE","CHI",0,0,0,0,0,0,0,0,0,0,0,0,0,0,1,2,5,0,0,0
2025,10,"00-0036309","D.Mooney","WR","ATL",0,0,0,0,0,0,0,0,0,0,0,0,0,0,1,8,17,0,0,0
2025,10,"00-0036322","J.Jefferson","WR","MIN",0,0,0,0,0,0,0,0,0,0,0,0,0,0,4,12,37,0,0,0
2025,10,"00-0036331","D.Duvernay","WR","CHI",0,0,0,0,0,0,0,0,0,0,0,0,0,0,0,0,0,0,0,0
2025,10,"00-0036355","J.Herbert","QB","LAC",20,33,220,1,0,5,-21,0,0,5,19,0,0,0,0,0,0,0,0,0
2025,10,"00-0036389","J.Hurts","QB","PHI",15,26,183,1,0,0,0,0,0,5,27,0,1,0,0,0,0,0,0,0
2025,10,"00-0036407","J.Jeudy","WR","CLE",0,0,0,0,0,0,0,0,0,0,0,0,0,0,6,12,78,1,0,0
2025,10,"00-0036422","A.Trautman","TE","DEN",0,0,0,0,0,0,0,0,0,0,0,0,0,0,1,1,2,0,0,0
2025,10,"00-0036427","T.Johnson","WR","NYJ",0,0,0,0,0,0,0,0,0,0,0,0,0,0,0,1,0,0,0,0
2025,10,"00-0036429","C.Woerner","TE","ATL",0,0,0,0,0,0,0,0,0,0,0,0,0,0,1,1,14,0,0,0
2025,10,"00-0036497","T.Jones","WR","JAX",0,0,0,0,0,0,0,0,0,0,0,0,0,0,0,0,0,0,0,0
2025,10,"00-0036550","R.Bateman","WR","BAL",0,0,0,0,0,0,0,0,0,0,0,0,0,0,1,2,10,0,0,1
2025,10,"00-0036554","N.Collins","WR","HOU",0,0,0,0,0,0,0,0,0,0,0,0,0,0,7,15,136,0,0,1
2025,10,"00-0036555","C.Hubbard","RB","CAR",0,0,0,0,0,0,0,0,0,3,14,0,0,0,1,1,1,0,0,0
2025,10,"00-0036613","J.Waddle","WR","MIA",0,0,0,0,0,0,0,0,0,0,0,0,0,0,5,7,84,1,0,0
2025,10,"00-0036626","D.Brown","WR","JAX",0,0,0,0,0,0,0,0,0,0,0,0,0,0,0,1,0,0,0,0
2025,10,"00-0036628","J.Bates","TE","WAS",0,0,0,0,0,0,0,0,0,0,0,0,0,0,1,2,6,0,0,0
2025,10,"00-0036630","T.Wallace","WR","BAL",0,0,0,0,0,0,0,0,0,0,0,0,0,0,0,0,0,0,0,0
2025,10,"00-0036646","S.Fehoko","WR","ARI",0,0,0,0,0,0,0,0,0,0,0,0,0,0,0,0,0,0,0,0
2025,10,"00-0036754","B.Wright","TE","DET",0,0,0,0,0,0,0,0,0,0,0,0,0,0,0,1,0,0,0,0
2025,10,"00-0036755","J.Patterson","RB","LAC",0,0,0,0,0,0,0,0,0,1,1,0,0,0,0,0,0,0,0,0
2025,10,"00-0036825","F.Franks","TE","ATL",0,0,0,0,0,0,0,0,0,0,0,0,0,0,0,0,0,0,0,0
2025,10,"00-0036841","A.Trammell","WR","JAX",0,0,0,0,0,0,0,0,0,0,0,0,0,0,2,3,33,0,0,0
2025,10,"00-0036842","K.Nwangwu","RB","NYJ",0,0,0,0,0,0,0,0,0,0,0,0,0,0,0,0,0,0,0,0
2025,10,"00-0036862","B.Skowronek","WR","PIT",0,0,0,0,0,0,0,0,0,0,0,0,0,0,0,0,0,0,0,0
2025,10,"00-0036876","K.Granson","TE","PHI",0,0,0,0,0,0,0,0,0,0,0,0,0,0,0,0,0,0,0,0
2025,10,"00-0036887","L.Farrell","TE","SF",0,0,0,0,0,0,0,0,0,0,0,0,0,0,2,2,15,1,0,0
2025,10,"00-0036894","P.Freiermuth","TE","PIT",0,0,0,0,0,0,0,0,0,0,0,0,0,0,3,3,33,0,0,0
2025,10,"00-0036898","D.Mills","QB","HOU",27,45,292,2,1,2,-10,0,1,3,20,1,0,0,0,0,0,0,0,0
2025,10,"00-0036912","D.Smith","WR","PHI",0,0,0,0,0,0,0,0,0,0,0,0,0,0,4,7,69,1,0,0
2025,10,"00-0036919","K.Gainwell","RB","PIT",0,0,0,0,0,0,0,0,0,0,0,0,0,0,2,3,4,0,0,0
2025,10,"00-0036924","M.Carter","RB","ARI",0,0,0,0,0,0,0,0,0,3,4,0,0,0,0,0,0,0,0,0
2025,10,"00-0036945","J.Fields","QB","NYJ",6,11,54,1,1,3,-12,0,0,7,28,0,0,0,0,0,0,0,0,0
2025,10,"00-0036959","M.Bandy","WR","DEN",0,0,0,0,0,0,0,0,0,0,0,0,0,0,0,0,0,0,0,0
2025,10,"00-0036963","A.St. Brown","WR","DET",0,0,0,0,0,0,0,0,0,0,0,0,0,0,5,8,58,1,0,0
2025,10,"00-0036970","K.Pitts","TE","ATL",0,0,0,0,0,0,0,0,0,0,0,0,0,0,2,5,38,0,0,0
2025,10,"00-0036971","T.Lawrence","QB","JAX",13,23,158,1,1,5,-39,1,0,5,35,0,0,0,0,0,0,0,0,0
2025,10,"00-0036972","M.Jones","QB","SF",33,39,319,3,1,0,0,0,0,1,3,0,0,0,0,0,0,0,0,0
2025,10,"00-0036973","T.Etienne","RB","JAX",0,0,0,0,0,0,0,0,0,16,58,1,0,0,2,4,19,0,0,0
2025,10,"00-0036980","E.Moore","WR","BUF",0,0,0,0,0,0,0,0,0,1,-1,0,0,0,2,2,9,0,0,0
2025,10,"00-0036984","T.Sermon","RB","PIT",0,0,0,0,0,0,0,0,0,0,0,0,0,0,0,0,0,0,0,0
2025,10,"00-0037085","T.Badie","RB","DEN",0,0,0,0,0,0,0,0,0,0,0,0,0,0,0,1,0,0,0,0
2025,10,"00-0037086","G.Calcaterra","TE","PHI",0,0,0,0,0,0,0,0,0,0,0,0,0,0,0,1,0,0,0,0
2025,10,"00-0037091","B.Melton","WR","GB",0,0,0,0,0,0,0,0,0,0,0,0,0,0,2,5,28,0,0,0
2025,10,"00-0037120","T.Goodson","RB","IND",0,0,0,0,0,0,0,0,0,1,4,0,0,0,0,0,0,0,0,0
2025,10,"00-0037157","Z.Knight","RB","ARI",0,0,0,0,0,0,0,0,0,10,28,0,0,0,1,4,5,0,0,0
2025,10,"00-0037228","J.Warren","RB","PIT",0,0,0,0,0,0,0,0,0,14,70,0,0,0,2,2,21,0,0,0
2025,10,"00-0037238","D.London","WR","ATL",0,0,0,0,0,0,0,0,0,0,0,0,0,0,6,8,104,1,0,1
2025,10,"00-0037239","C.Olave","WR","NO",0,0,0,0,0,0,0,0,0,0,0,0,0,0,5,8,104,1,0,0
2025,10,"00-0037240","J.Williams","WR","DET",0,0,0,0,0,0,0,0,0,0,0,0,0,0,6,7,119,1,0,0
2025,10,"00-0037248","J.Cook","RB","BUF",0,0,0,0,0,0,0,0,0,13,53,0,1,0,5,5,24,0,0,0
2025,10,"00-0037252","G.Dulcich","TE","MIA",0,0,0,0,0,0,0,0,0,0,0,0,0,0,1,4,22,0,0,0
2025,10,"00-0037256","R.White","RB","TB",0,0,0,0,0,0,0,0,0,10,38,0,0,0,5,5,16,0,0,0
2025,10,"00-0037258","D.Pierce","RB","HOU",0,0,0,0,0,0,0,0,0,0,0,0,0,0,0,0,0,0,0,0
2025,10,"00-0037261","K.Shakir","WR","BUF",0,0,0,0,0,0,0,0,0,0,0,0,0,0,7,9,58,0,0,0
2025,10,"00-0037263","T.Allgeier","RB","ATL",0,0,0,0,0,0,0,0,0,11,57,2,0,0,0,0,0,0,0,0
2025,10,"00-0037267","J.Ford","RB","CLE",0,0,0,0,0,0,0,0,0,1,1,0,0,0,0,1,0,0,0,0
2025,10,"00-0037291","J.Nailor","WR","MIN",0,0,0,0,0,0,0,0,0,0,0,0,0,0,5,6,124,1,0,0
2025,10,"00-0037292","A.Ogletree","TE","IND",0,0,0,0,0,0,0,0,0,0,0,0,0,0,0,0,0,0,0,0
2025,10,"00-0037340","Z.Mitchell-Paden","TE","NO",0,0,0,0,0,0,0,0,0,0,0,0,0,0,1,1,14,0,0,0
2025,10,"00-0037475","S.Smartt","TE","NYJ",0,0,0,0,0,0,0,0,0,0,0,0,0,0,0,0,0,0,0,0
2025,10,"00-0037525","J.Mason","RB","MIN",0,0,0,0,0,0,0,0,0,4,25,0,0,0,1,1,6,0,0,0
2025,10,"00-0037545","R.Shaheed","WR","SEA",0,0,0,0,0,0,0,0,0,2,20,0,0,0,1,1,3,0,0,0
2025,10,"00-0037614","J.Metchie","WR","NYJ",0,0,0,0,0,0,0,0,0,1,-7,0,0,0,1,1,3,0,0,0
2025,10,"00-0037654","T.Fisk","TE","LAC",0,0,0,0,0,0,0,0,0,0,0,0,0,0,1,1,7,0,0,0
2025,10,"00-0037664","A.Pierce","WR","IND",0,0,0,0,0,0,0,0,0,0,0,0,0,0,4,7,84,1,0,0
2025,10,"00-0037740","G.Wilson","WR","NYJ",0,0,0,0,0,0,0,0,0,0,0,0,0,0,0,3,0,0,0,0
2025,10,"00-0037741","J.Dotson","WR","PHI",0,0,0,0,0,0,0,0,0,0,0,0,0,0,0,1,0,0,0,0
2025,10,"00-0037742","T.Burks","WR","WAS",0,0,0,0,0,0,0,0,0,0,0,0,0,0,3,3,58,0,0,0
2025,10,"00-0037744","T.McBride","TE","ARI",0,0,0,0,0,0,0,0,0,0,0,0,0,0,9,13,127,1,0,0
2025,10,"00-0037746","B.Robinson","RB","SF",0,0,0,0,0,0,0,0,0,8,41,1,0,0,1,1,4,0,0,0
2025,10,"00-0037805","J.Ruckert","TE","NYJ",0,0,0,0,0,0,0,0,0,0,0,0,0,0,1,1,0,0,0,0
2025,10,"00-0037816","R.Doubs","WR","GB",0,0,0,0,0,0,0,0,0,0,0,0,0,0,1,4,5,0,0,0
2025,10,"00-0037837","C.Austin","WR","PIT",0,0,0,0,0,0,0,0,0,0,0,0,0,0,2,7,14,0,0,0
2025,10,"00-0037838","I.Likely","TE","BAL",0,0,0,0,0,0,0,0,0,0,0,0,0,0,2,4,17,0,0,0
2025,10,"00-0037840","K.Williams","RB","LA",0,0,0,0,0,0,0,0,0,14,73,2,0,0,2,3,11,0,0,0
2025,10,"00-0038046","C.Kolar","TE","BAL",0,0,0,0,0,0,0,0,0,0,0,0,0,0,1,2,23,0,0,0
2025,10,"00-0038090","S.Moore","WR","SF",0,0,0,0,0,0,0,0,0,0,0,0,0,0,1,1,18,0,0,0
2025,10,"00-0038102","K.Pickett","QB","LV",0,1,0,0,0,0,0,0,0,0,0,0,0,0,0,0,0,0,0,0
2025,10,"00-0038115","D.Bellinger","TE","NYG",0,0,0,0,0,0,0,0,0,0,0,0,0,0,1,2,8,0,0,0
2025,10,"00-0038117","W.Robinson","WR","NYG",0,0,0,0,0,0,0,0,0,0,0,0,0,0,6,11,62,0,0,0
2025,10,"00-0038120","B.Hall","RB","NYJ",0,0,0,0,0,0,0,0,0,21,83,0,0,0,1,1,42,1,0,0
2025,10,"00-0038124","C.Watson","WR","GB",0,0,0,0,0,0,0,0,0,0,0,0,0,0,2,4,45,0,0,0
2025,10,"00-0038129","C.Otton","TE","TB",0,0,0,0,0,0,0,0,0,0,0,0,0,0,9,12,82,0,0,0
2025,10,"00-0038134","K.Walker","RB","SEA",0,0,0,0,0,0,0,0,0,14,67,0,0,0,1,1,3,0,0,0
2025,10,"00-0038359","X.Smith","WR","LA",0,0,0,0,0,0,0,0,0,0,0,0,0,0,1,1,14,0,0,0
2025,10,"00-0038393","D.Wicks","WR","GB",0,0,0,0,0,0,0,0,0,0,0,0,0,0,4,8,38,0,0,0
2025,10,"00-0038454","K.Mitchell","RB","BAL",0,0,0,0,0,0,0,0,0,4,31,0,0,0,0,0,0,0,0,0
2025,10,"00-0038488","B.Russell","RB","SEA",0,0,0,0,0,0,0,0,0,0,0,0,0,0,0,0,0,0,0,0
2025,10,"00-0038496","X.Gipson","WR","PHI",0,0,0,0,0,0,0,0,0,0,0,0,0,0,0,0,0,0,0,0
2025,10,"00-0038542","B.Robinson","RB","ATL",0,0,0,0,0,0,0,0,0,17,84,0,0,0,2,2,4,0,0,0
2025,10,"00-0038543","J.Smith-Njigba","WR","SEA",0,0,0,0,0,0,0,0,0,0,0,0,0,0,5,6,93,1,0,0
2025,10,"00-0038544","Q.Johnston","WR","LAC",0,0,0,0,0,0,0,0,0,0,0,0,0,0,5,10,42,0,0,0
2025,10,"00-0038555","T.Bigsby","RB","PHI",0,0,0,0,0,0,0,0,0,3,7,0,0,0,0,0,0,0,0,0
2025,10,"00-0038558","D.Washington","TE","PIT",0,0,0,0,0,0,0,0,0,0,0,0,0,0,1,1,15,0,0,0
2025,10,"00-0038559","Mi.Wilson","WR","ARI",0,0,0,0,0,0,0,0,0,0,0,0,0,0,4,7,34,0,0,0
2025,10,"00-0038563","T.Tucker","WR","LV",0,0,0,0,0,0,0,0,0,1,7,0,0,0,2,3,28,0,0,0
2025,10,"00-0038573","D.Davis","WR","LAC",0,0,0,0,0,0,0,0,0,0,0,0,0,0,1,1,3,0,0,0
2025,10,"00-0038606","P.Washington","WR","JAX",0,0,0,0,0,0,0,0,0,2,-4,0,0,0,3,7,33,1,0,0
2025,10,"00-0038611","C.Rodriguez","RB","WAS",0,0,0,0,0,0,0,0,0,6,16,1,0,0,0,0,0,0,0,0
2025,10,"00-0038621","D.Douglas","WR","NE",0,0,0,0,0,0,0,0,0,1,0,0,0,0,2,2,34,0,0,0
2025,10,"00-0038679","T.Shavers","WR","BUF",0,0,0,0,0,0,0,0,0,0,0,0,0,0,1,1,24,0,0,0
2025,10,"00-0038685","C.Brooks","RB","GB",0,0,0,0,0,0,0,0,0,0,0,0,0,0,0,0,0,0,0,0
2025,10,"00-0038705","E.Demercado","RB","ARI",0,0,0,0,0,0,0,0,0,4,64,0,0,0,3,4,40,0,0,0
2025,10,"00-0038710","B.Whiteheart","TE","CLE",0,0,0,0,0,0,0,0,0,0,0,0,0,0,0,0,0,0,0,0
2025,10,"00-0038797","E.Wilson","RB","GB",0,0,0,0,0,0,0,0,0,1,2,0,0,0,1,1,2,0,0,0
2025,10,"00-0038824","R.Miller","WR","TB",0,0,0,0,0,0,0,0,0,0,0,0,0,0,0,0,0,0,0,0
2025,10,"00-0038933","D.Kincaid","TE","BUF",0,0,0,0,0,0,0,0,0,0,0,0,0,0,2,3,37,0,0,0
2025,10,"00-0038951","S.Tucker","RB","TB",0,0,0,0,0,0,0,0,0,9,53,0,0,0,1,2,-2,0,0,0
2025,10,"00-0038979","C.Tillman","WR","CLE",0,0,0,0,0,0,0,0,0,0,0,0,0,0,2,4,11,0,0,0
2025,10,"00-0038994","J.Addison","WR","MIN",0,0,0,0,0,0,0,0,0,0,0,0,0,0,3,11,35,0,0,0
2025,10,"00-0038997","J.Downs","WR","IND",0,0,0,0,0,0,0,0,0,0,0,0,0,0,1,2,3,0,0,0
2025,10,"00-0039040","D.Achane","RB","MIA",0,0,0,0,0,0,0,0,0,22,174,2,0,0,6,6,51,0,0,0
2025,10,"00-0039041","E.Higgins","TE","ARI",0,0,0,0,0,0,0,0,0,0,0,0,0,0,2,3,19,0,0,0
2025,10,"00-0039050","P.Durham","TE","TB",0,0,0,0,0,0,0,0,0,0,0,0,0,0,0,1,0,0,0,0
2025,10,"00-0039064","Z.Flowers","WR","BAL",0,0,0,0,0,0,0,0,0,1,6,0,0,0,4,6,75,0,0,0
2025,10,"00-0039065","S.LaPorta","TE","DET",0,0,0,0,0,0,0,0,0,0,0,0,0,0,5,5,53,0,0,0
2025,10,"00-0039066","M.Mayer","TE","LV",0,0,0,0,0,0,0,0,0,0,0,0,0,0,3,4,22,0,0,0
2025,10,"00-0039074","D.Allen","TE","LA",0,0,0,0,0,0,0,0,0,0,0,0,0,0,2,2,8,1,0,0
2025,10,"00-0039075","P.Nacua","WR","LA",0,0,0,0,0,0,0,0,0,0,0,0,0,0,5,6,64,1,0,0
2025,10,"00-0039139","J.Gibbs","RB","DET",0,0,0,0,0,0,0,0,0,15,142,2,0,0,3,4,30,1,0,0
2025,10,"00-0039144","L.Musgrave","TE","GB",0,0,0,0,0,0,0,0,0,0,0,0,0,0,3,3,23,0,0,0
2025,10,"00-0039150","B.Young","QB","CAR",17,25,124,0,1,2,-22,0,0,2,6,0,1,0,0,0,0,0,0,0
2025,10,"00-0039165","Z.Charbonnet","RB","SEA",0,0,0,0,0,0,0,0,0,14,83,1,0,0,0,0,0,0,0,0
2025,10,"00-0039299","G.Holani","RB","SEA",0,0,0,0,0,0,0,0,0,7,31,1,0,0,0,0,0,0,0,0
2025,10,"00-0039305","J.Westover","TE","NE",0,0,0,0,0,0,0,0,0,0,0,0,0,0,0,1,0,0,0,0
2025,10,"00-0039338","B.Bowers","TE","LV",0,0,0,0,0,0,0,0,0,1,-4,0,0,0,1,3,31,0,0,0
2025,10,"00-0039342","X.Legette","WR","CAR",0,0,0,0,0,0,0,0,0,0,0,0,0,0,0,1,0,0,0,0
2025,10,"00-0039356","J.Sanders","TE","CAR",0,0,0,0,0,0,0,0,0,0,0,0,0,0,5,5,32,0,0,0
2025,10,"00-0039364","S.Vaki","RB","DET",0,0,0,0,0,0,0,0,0,1,4,0,0,0,0,0,0,0,0,0
2025,10,"00-0039379","J.Thrash","WR","CLE",0,0,0,0,0,0,0,0,0,0,0,0,0,0,0,1,0,0,0,0
2025,10,"00-0039384","T.Tracy","RB","NYG",0,0,0,0,0,0,0,0,0,14,71,0,0,0,1,2,0,0,0,0
2025,10,"00-0039391","K.Vidal","RB","LAC",0,0,0,0,0,0,0,0,0,25,95,1,0,0,1,1,13,0,0,0
2025,10,"00-0039407","D.Laube","RB","LV",0,0,0,0,0,0,0,0,0,0,0,0,0,0,0,0,0,0,0,0
2025,10,"00-0039424","D.Vele","WR","NO",0,0,0,0,0,0,0,0,0,0,0,0,0,0,1,3,15,0,0,0
2025,10,"00-0039451","I.Williams","WR","NYJ",0,0,0,0,0,0,0,0,0,0,0,0,0,0,1,1,4,0,0,0
2025,10,"00-0039491","J.Coker","WR","CAR",0,0,0,0,0,0,0,0,0,0,0,0,0,0,3,4,21,0,0,0
2025,10,"00-0039577","K.Slovis","QB","ARI",0,1,0,0,0,0,0,0,0,0,0,0,0,0,0,0,0,0,0,0
2025,10,"00-0039589","K.Johnson","WR","TB",0,0,0,0,0,0,0,0,0,1,11,0,0,0,0,1,0,0,0,0
2025,10,"00-0039732","B.Nix","QB","DEN",16,28,150,1,2,1,-9,0,0,5,-2,0,0,0,0,0,0,0,0,0
2025,10,"00-0039738","B.Corum","RB","LA",0,0,0,0,0,0,0,0,0,13,56,0,0,0,0,0,0,0,0,0
2025,10,"00-0039739","R.Wilson","WR","PIT",0,0,0,0,0,0,0,0,0,0,0,0,0,0,2,3,35,1,0,0
2025,10,"00-0039746","W.Shipley","RB","PHI",0,0,0,0,0,0,0,0,0,4,17,0,0,0,2,2,17,0,0,0
2025,10,"00-0039757","T.Jennings","RB","NE",0,0,0,0,0,0,0,0,0,4,5,0,0,0,0,0,0,0,0,0
2025,10,"00-0039793","A.Barner","TE","SEA",0,0,0,0,0,0,0,0,0,2,3,0,0,0,0,0,0,0,0,0
2025,10,"00-0039798","I.Davis","RB","NYJ",0,0,0,0,0,0,0,0,0,3,10,0,0,0,1,1,1,0,0,0
2025,10,"00-0039847","T.Johnson","TE","NYG",0,0,0,0,0,0,0,0,0,0,0,0,0,0,7,8,75,0,0,0
2025,10,"00-0039849","M.Harrison","WR","ARI",0,0,0,0,0,0,0,0,0,0,0,0,0,0,3,12,33,1,0,1
2025,10,"00-0039851","D.Maye","QB","NE",16,31,270,2,1,1,-1,0,0,7,13,0,0,0,0,0,0,0,0,0
2025,10,"00-0039868","T.Franklin","WR","DEN",0,0,0,0,0,0,0,0,0,0,0,0,0,0,5,9,40,1,0,0
2025,10,"00-0039874","J.Wright","RB","MIA",0,0,0,0,0,0,0,0,0,5,17,0,0,0,0,0,0,0,0,0
2025,10,"00-0039875","R.Davis","RB","BUF",0,0,0,0,0,0,0,0,0,2,-2,0,0,0,1,2,0,0,0,0
2025,10,"00-0039880","M.Washington","WR","MIA",0,0,0,0,0,0,0,0,0,1,4,0,0,0,2,3,9,1,0,0
2025,10,"00-0039901","K.Coleman","WR","BUF",0,0,0,0,0,0,0,0,0,0,0,0,0,0,3,8,46,1,0,0
2025,10,"00-0039912","B.Sinnott","TE","WAS",0,0,0,0,0,0,0,0,0,0,0,0,0,0,1,1,4,1,0,0
2025,10,"00-0039915","L.McConkey","WR","LAC",0,0,0,0,0,0,0,0,0,0,0,0,0,0,4,6,107,1,0,0
2025,10,"00-0039917","M.Penix","QB","ATL",12,28,177,1,0,3,-27,1,1,1,-1,0,0,0,0,0,0,0,0,0
2025,10,"00-0039918","C.Williams","QB","CHI",20,36,220,1,0,0,0,0,0,8,63,1,0,0,0,0,0,0,0,0
2025,10,"00-0039919","R.Odunze","WR","CHI",0,0,0,0,0,0,0,0,0,0,0,0,0,0,6,10,86,1,0,0
2025,10,"00-0039920","M.Corley","WR","CLE",0,0,0,0,0,0,0,0,0,2,32,0,0,0,0,1,0,0,0,0
2025,10,"00-0039923","J.McCarthy","QB","MIN",20,42,248,1,2,1,-3,0,0,5,48,0,0,0,0,0,0,0,0,0
2025,10,"00-0040009","S.Williams","WR","GB",0,0,0,0,0,0,0,0,0,0,0,0,0,0,2,2,2,0,0,0
2025,10,"00-0040058","N.Kallerup","TE","SEA",0,0,0,0,0,0,0,0,0,0,0,0,0,0,0,1,0,0,0,0
2025,10,"00-0040075","L.Wester","WR","BAL",0,0,0,0,0,0,0,0,0,0,0,0,0,0,0,0,0,0,0,0
2025,10,"00-0040122","A.Jeanty","RB","LV",0,0,0,0,0,0,0,0,0,19,60,1,0,0,3,5,3,0,0,0
2025,10,"00-0040124","T.McMillan","WR","CAR",0,0,0,0,0,0,0,0,0,0,0,0,0,0,5,8,60,0,0,0
2025,10,"00-0040126","C.Loveland","TE","CHI",0,0,0,0,0,0,0,0,0,0,0,0,0,0,4,4,55,0,0,0
2025,10,"00-0040128","T.Warren","TE","IND",0,0,0,0,0,0,0,0,0,0,0,0,0,0,8,10,99,0,0,0
2025,10,"00-0040129","E.Egbuka","WR","TB",0,0,0,0,0,0,0,0,0,0,0,0,0,0,6,13,115,1,0,0
2025,10,"00-0040130","J.Higgins","WR","HOU",0,0,0,0,0,0,0,0,0,0,0,0,0,0,5,7,42,1,0,0
2025,10,"00-0040131","K.Williams","WR","NE",0,0,0,0,0,0,0,0,0,0,0,0,0,0,1,2,72,1,0,0
2025,10,"00-0040134","P.Bryant","WR","DEN",0,0,0,0,0,0,0,0,0,0,0,0,0,0,1,2,43,0,0,0
2025,10,"00-0040138","J.Noel","WR","HOU",0,0,0,0,0,0,0,0,0,0,0,0,0,0,4,4,35,0,0,0
2025,10,"00-0040142","K.Johnson","RB","PIT",0,0,0,0,0,0,0,0,0,2,3,0,0,0,0,0,0,0,0,0
2025,10,"00-0040162","D.Sampson","RB","CLE",0,0,0,0,0,0,0,0,0,2,-4,0,0,0,1,1,3,0,0,0
2025,10,"00-0040164","J.Lane","WR","WAS",0,0,0,0,0,0,0,0,0,0,0,0,0,0,1,1,41,0,0,0
2025,10,"00-0040187","M.Evans","TE","CAR",0,0,0,0,0,0,0,0,0,0,0,0,0,0,0,1,0,0,0,0
2025,10,"00-0040189","O.Gadsden","TE","LAC",0,0,0,0,0,0,0,0,0,0,0,0,0,0,3,6,13,0,0,0
2025,10,"00-0040194","J.Hawes","TE","BUF",0,0,0,0,0,0,0,0,0,0,0,0,0,0,1,2,26,1,0,0
2025,10,"00-0040198","O.Gordon","RB","MIA",0,0,0,0,0,0,0,0,0,1,-3,0,0,0,0,0,0,0,0,0
2025,10,"00-0040202","D.Neal","RB","NO",0,0,0,0,0,0,0,0,0,4,22,0,0,0,3,3,9,0,0,0
2025,10,"00-0040236","K.Monangai","RB","CHI",0,0,0,0,0,0,0,0,0,7,28,1,0,0,0,1,0,0,0,0
2025,10,"00-0040237","T.Johnson","WR","TB",0,0,0,0,0,0,0,0,0,0,0,0,0,0,4,5,42,2,0,0
2025,10,"00-0040238","L.Allen","RB","JAX",0,0,0,0,0,0,0,0,0,0,0,0,0,0,1,1,6,0,0,0
2025,10,"00-0040241","D.Lovett","WR","DET",0,0,0,0,0,0,0,0,0,0,0,0,0,0,0,0,0,0,0,0
2025,10,"00-0040242","J.Croskey-Merritt","RB","WAS",0,0,0,0,0,0,0,0,0,11,30,0,0,0,0,0,0,0,0,0
2025,10,"00-0040259","G.Larvadain","WR","CLE",0,0,0,0,0,0,0,0,0,0,0,0,0,0,0,0,0,0,0,0
2025,10,"00-0040506","M.Price","WR","MIN",0,0,0,0,0,0,0,0,0,0,0,0,0,0,0,0,0,0,0,0
2025,10,"00-0040509","B.Yurosek","TE","MIN",0,0,0,0,0,0,0,0,0,0,0,0,0,0,0,0,0,0,0,0
2025,10,"00-0040534","K.Williams","WR","PIT",0,0,0,0,0,0,0,0,0,0,0,0,0,0,0,0,0,0,0,0
2025,10,"00-0040563","E.Chism","WR","NE",0,0,0,0,0,0,0,0,0,0,0,0,0,0,0,0,0,0,0,0
2025,10,"00-0040581","D.Thornton","WR","LV",0,0,0,0,0,0,0,0,0,0,0,0,0,0,1,2,4,0,0,0
2025,10,"00-0040582","A.Smith","WR","NYJ",0,0,0,0,0,0,0,0,0,1,13,0,0,0,0,0,0,0,0,0
2025,10,"00-0040583","W.Marks","RB","HOU",0,0,0,0,0,0,0,0,0,14,63,1,0,0,2,3,18,0,0,0
2025,10,"00-0040590","K.Mumpfield","WR","LA",0,0,0,0,0,0,0,0,0,0,0,0,0,0,0,2,0,0,0,0
2025,10,"00-0040644","T.Etienne","RB","CAR",0,0,0,0,0,0,0,0,0,0,0,0,0,0,0,0,0,0,0,0
2025,10,"00-0040649","R.Ouzts","RB","SEA",0,0,0,0,0,0,0,0,0,0,0,0,0,0,0,0,0,0,0,0
2025,10,"00-0040663","H.Fannin","TE","CLE",0,0,0,0,0,0,0,0,0,0,0,0,0,0,4,7,44,0,0,0
2025,10,"00-0040669","I.TeSlaa","WR","DET",0,0,0,0,0,0,0,0,0,0,0,0,0,0,1,1,11,0,0,0
2025,10,"00-0040691","J.Dart","QB","NYG",19,29,242,0,0,2,-12,0,0,6,66,2,1,0,0,0,0,0,0,0
2025,10,"00-0040704","D.Gabriel","QB","CLE",17,32,167,2,0,6,-47,0,0,5,54,0,0,0,0,0,0,0,0,0
2025,10,"00-0040719","B.Tuten","RB","JAX",0,0,0,0,0,0,0,0,0,4,5,0,0,0,1,2,5,0,0,0
2025,10,"00-0040727","T.Harris","WR","LAC",0,0,0,0,0,0,0,0,0,0,0,0,0,0,2,2,4,0,0,0
2025,10,"00-0040729","J.Bech","WR","LV",0,0,0,0,0,0,0,0,0,0,0,0,0,0,0,1,0,0,0,0
2025,10,"00-0040730","R.Harvey","RB","DEN",0,0,0,0,0,0,0,0,0,4,9,0,0,0,2,3,9,0,0,0
2025,10,"00-0040734","T.Henderson","RB","NE",0,0,0,0,0,0,0,0,0,14,147,2,0,0,1,1,3,0,0,0
2025,10,"00-0040735","L.Burden","WR","CHI",0,0,0,0,0,0,0,0,0,0,0,0,0,0,3,3,51,0,0,0
2025,10,"00-0040736","M.Taylor","TE","NYJ",0,0,0,0,0,0,0,0,0,0,0,0,0,0,1,2,4,0,0,0
2025,10,"00-0040737","T.Ferguson","TE","LA",0,0,0,0,0,0,0,0,0,0,0,0,0,0,1,4,32,0,0,0
2025,10,"00-0040739","E.Arroyo","TE","SEA",0,0,0,0,0,0,0,0,0,0,0,0,0,0,1,1,5,0,0,0
2025,10,"00-0040743","T.Shough","QB","NO",19,27,282,2,0,2,-16,0,0,4,-3,0,0,0,0,0,0,0,0,0
2025,10,"00-0040784","Q.Judkins","RB","CLE",0,0,0,0,0,0,0,0,0,22,75,0,0,0,2,3,10,0,0,0
2025,11,"00-0023459","A.Rodgers","QB","PIT",9,15,116,1,0,1,-11,0,0,1,8,0,0,0,0,0,0,0,0,0
2025,11,"00-0026158","J.Flacco","QB","CIN",23,40,199,1,1,1,-7,0,0,1,-1,0,0,0,0,0,0,0,0,0
2025,11,"00-0026498","M.Stafford","QB","LA",15,28,130,2,0,0,0,0,0,0,0,0,0,0,0,0,0,0,0,0
2025,11,"00-0029604","K.Cousins","QB","ATL",6,14,48,0,0,0,0,0,0,1,2,0,0,0,0,0,0,0,0,0
2025,11,"00-0030035","A.Thielen","WR","MIN",0,0,0,0,0,0,0,0,0,0,0,0,0,0,1,2,6,0,0,0
2025,11,"00-0030061","Z.Ertz","TE","WAS",0,0,0,0,0,0,0,0,0,0,0,0,0,0,4,8,42,0,0,0
2025,11,"00-0030279","K.Allen","WR","LAC",0,0,0,0,0,0,0,0,0,0,0,0,0,0,4,6,53,0,0,0
2025,11,"00-0030506","T.Kelce","TE","KC",0,0,0,0,0,0,0,0,0,0,0,0,0,0,9,13,91,1,0,0
2025,11,"00-0030564","D.Hopkins","WR","BAL",0,0,0,0,0,0,0,0,0,0,0,0,0,0,1,4,11,0,0,0
2025,11,"00-0030565","G.Smith","QB","LV",27,42,238,1,1,4,-29,0,0,4,14,0,0,0,0,0,0,0,0,0
2025,11,"00-0031237","T.Bridgewater","QB","TB",0,0,0,0,0,0,0,0,0,1,-1,0,0,0,0,0,0,0,0,0
2025,11,"00-0031381","D.Adams","WR","LA",0,0,0,0,0,0,0,0,0,0,0,0,0,0,1,8,1,1,0,0
2025,11,"00-0031503","J.Winston","QB","NYG",19,29,201,0,1,2,-7,1,0,3,10,1,0,0,0,0,0,0,0,0
2025,11,"00-0031588","S.Diggs","WR","NE",0,0,0,0,0,0,0,0,0,0,0,0,0,0,9,11,105,0,0,0
2025,11,"00-0031687","R.Mostert","RB","LV",0,0,0,0,0,0,0,0,0,2,6,0,0,0,2,2,7,0,0,0
2025,11,"00-0032211","T.Lockett","WR","LV",0,0,0,0,0,0,0,0,0,0,0,0,0,0,3,3,33,0,0,0
2025,11,"00-0032268","M.Mariota","QB","WAS",20,30,213,1,1,1,-6,0,0,4,49,0,0,0,0,0,0,0,0,0
2025,11,"00-0032385","S.Shepard","WR","TB",0,0,0,0,0,0,0,0,0,1,7,0,0,0,4,5,54,0,0,0
2025,11,"00-0032398","C.Moore","WR","WAS",0,0,0,0,0,0,0,0,0,0,0,0,0,0,2,5,28,0,0,0
2025,11,"00-0032464","K.Raymond","WR","DET",0,0,0,0,0,0,0,0,0,0,0,0,0,0,0,0,0,0,0,0
2025,11,"00-0032688","R.Chosen","WR","WAS",0,0,0,0,0,0,0,0,0,0,0,0,0,0,0,1,0,0,0,0
2025,11,"00-0032764","D.Henry","RB","BAL",0,0,0,0,0,0,0,0,0,18,103,1,0,0,2,2,19,0,0,0
2025,11,"00-0032775","D.Robinson","WR","SF",0,0,0,0,0,0,0,0,0,0,0,0,0,0,1,2,13,0,0,0
2025,11,"00-0033077","D.Prescott","QB","DAL",25,33,268,4,0,1,-1,1,0,4,-4,0,0,0,0,0,0,0,0,0
2025,11,"00-0033090","H.Henry","TE","NE",0,0,0,0,0,0,0,0,0,0,0,0,0,0,4,6,45,0,0,0
2025,11,"00-0033106","J.Goff","QB","DET",14,37,255,1,1,2,-12,0,0,1,-1,0,0,0,0,0,0,0,0,0
2025,11,"00-0033110","T.Higbee","TE","LA",0,0,0,0,0,0,0,0,0,0,0,0,0,0,1,2,23,0,0,0
2025,11,"00-0033119","J.Brissett","QB","ARI",47,57,452,2,2,0,0,0,0,2,-2,0,0,0,0,0,0,0,0,0
2025,11,"00-0033246","J.Mundt","TE","JAX",0,0,0,0,0,0,0,0,0,0,0,0,0,0,2,3,25,0,0,0
2025,11,"00-0033280","C.McCaffrey","RB","SF",0,0,0,0,0,0,0,0,0,13,81,2,0,0,5,6,40,1,0,0
2025,11,"00-0033282","C.Samuel","WR","BUF",0,0,0,0,0,0,0,0,0,0,0,0,0,0,2,3,19,0,0,0
2025,11,"00-0033288","G.Kittle","TE","SF",0,0,0,0,0,0,0,0,0,0,0,0,0,0,6,6,67,2,0,0
2025,11,"00-0033293","A.Jones","RB","MIN",0,0,0,0,0,0,0,0,0,16,70,0,0,0,3,6,11,0,0,0
2025,11,"00-0033375","T.Patrick","WR","JAX",0,0,0,0,0,0,0,0,0,0,0,0,0,0,3,4,20,1,0,0
2025,11,"00-0033376","P.Ricard","RB","BAL",0,0,0,0,0,0,0,0,0,0,0,0,0,0,0,0,0,0,0,0
2025,11,"00-0033439","P.Brown","TE","ARI",0,0,0,0,0,0,0,0,0,0,0,0,0,0,0,0,0,0,0,0
2025,11,"00-0033555","M.Hollins","WR","NE",0,0,0,0,0,0,0,0,0,0,0,0,0,0,4,5,64,0,0,0
2025,11,"00-0033572","J.Agnew","WR","ATL",0,0,0,0,0,0,0,0,0,0,0,0,0,0,0,0,0,0,0,0
2025,11,"00-0033757","R.Tonyan","TE","KC",0,0,0,0,0,0,0,0,0,0,0,0,0,0,1,1,1,0,0,0
2025,11,"00-0033854","D.Ogunbowale","RB","HOU",0,0,0,0,0,0,0,0,0,0,0,0,0,0,1,1,9,0,0,0
2025,11,"00-0033857","J.Smith-Schuster","WR","KC",0,0,0,0,0,0,0,0,0,0,0,0,0,0,0,0,0,0,0,0
2025,11,"00-0033858","J.Smith","TE","PIT",0,0,0,0,0,0,0,0,0,0,0,0,0,0,0,2,0,0,0,0
2025,11,"00-0033873","P.Mahomes","QB","KC",29,45,276,1,1,3,-27,0,0,1,3,0,0,0,0,0,0,0,0,0
2025,11,"00-0033881","E.Engram","TE","DEN",0,0,0,0,0,0,0,0,0,0,0,0,0,0,4,5,33,0,0,0
2025,11,"00-0033885","D.Njoku","TE","CLE",0,0,0,0,0,0,0,0,0,0,0,0,0,0,1,2,7,0,0,0
2025,11,"00-0033908","C.Kupp","WR","SEA",0,0,0,0,0,0,0,0,0,0,0,0,0,0,3,7,23,0,0,0
2025,11,"00-0033923","K.Hunt","RB","KC",0,0,0,0,0,0,0,0,0,13,59,1,0,0,1,2,3,0,0,0
2025,11,"00-0033955","J.McNichols","RB","WAS",0,0,0,0,0,0,0,0,0,4,13,0,0,0,2,2,16,0,0,0
2025,11,"00-0034348","C.Sutton","WR","DEN",0,0,0,0,0,0,0,0,0,0,0,0,0,0,4,8,59,0,0,0
2025,11,"00-0034351","D.Goedert","TE","PHI",0,0,0,0,0,0,0,0,0,0,0,0,0,0,2,5,24,0,0,0
2025,11,"00-0034365","I.Thomas","TE","LV",0,0,0,0,0,0,0,0,0,0,0,0,0,0,1,1,20,0,0,0
2025,11,"00-0034383","D.Schultz","TE","HOU",0,0,0,0,0,0,0,0,0,0,0,0,0,0,6,9,51,0,0,0
2025,11,"00-0034613","T.Hudson","TE","CIN",0,0,0,0,0,0,0,0,0,0,0,0,0,0,3,3,22,0,0,0
2025,11,"00-0034681","C.Edmonds","RB","WAS",0,0,0,0,0,0,0,0,0,0,0,0,0,0,0,0,0,0,0,0
2025,11,"00-0034753","M.Andrews","TE","BAL",0,0,0,0,0,0,0,0,0,1,35,1,0,0,3,5,32,0,0,0
2025,11,"00-0034771","M.Rudolph","QB","PIT",12,16,127,1,0,0,0,0,0,1,-1,0,0,0,0,0,0,0,0,0
2025,11,"00-0034775","C.Kirk","WR","HOU",0,0,0,0,0,0,0,0,0,0,0,0,0,0,1,4,6,0,0,0
2025,11,"00-0034791","N.Chubb","RB","HOU",0,0,0,0,0,0,0,0,0,3,17,0,0,0,0,2,0,0,0,0
2025,11,"00-0034796","L.Jackson","QB","BAL",14,25,193,0,2,5,-26,0,0,4,10,0,0,0,0,0,0,0,0,0
2025,11,"00-0034798","D.Smythe","TE","CHI",0,0,0,0,0,0,0,0,0,0,0,0,0,0,1,3,8,0,0,0
2025,11,"00-0034827","D.Moore","WR","CHI",0,0,0,0,0,0,0,0,0,1,3,0,0,0,1,3,18,0,0,0
2025,11,"00-0034837","C.Ridley","WR","TEN",0,0,0,0,0,0,0,0,0,0,0,0,0,0,1,1,13,0,0,0
2025,11,"00-0034844","S.Barkley","RB","PHI",0,0,0,0,0,0,0,0,0,26,83,0,0,0,1,2,7,0,0,0
2025,11,"00-0034854","K.Hodge","WR","ATL",0,0,0,0,0,0,0,0,0,0,0,0,0,0,0,1,0,0,0,0
2025,11,"00-0034855","B.Mayfield","QB","TB",16,28,173,1,1,1,-8,1,0,5,39,1,0,0,0,0,0,0,0,0
2025,11,"00-0034857","J.Allen","QB","BUF",19,30,317,3,2,0,0,0,0,6,40,3,0,0,0,0,0,0,0,0
2025,11,"00-0034869","S.Darnold","QB","SEA",29,44,279,0,4,0,0,0,0,2,11,0,0,0,0,0,0,0,0,0
2025,11,"00-0034960","J.Meyers","WR","JAX",0,0,0,0,0,0,0,0,0,0,0,0,0,0,5,6,64,0,0,0
2025,11,"00-0035140","M.Hardman","WR","BUF",0,0,0,0,0,0,0,0,0,0,0,0,0,0,0,1,0,0,0,0
2025,11,"00-0035229","T.Hockenson","TE","MIN",0,0,0,0,0,0,0,0,0,0,0,0,0,0,3,6,39,0,0,0
2025,11,"00-0035249","J.Oliver","TE","MIN",0,0,0,0,0,0,0,0,0,0,0,0,0,0,1,1,-3,0,0,0
2025,11,"00-0035250","D.Singletary","RB","NYG",0,0,0,0,0,0,0,0,0,16,44,2,0,0,1,1,3,0,0,0
2025,11,"00-0035261","T.Pollard","RB","TEN",0,0,0,0,0,0,0,0,0,10,22,0,0,0,3,3,4,0,0,0
2025,11,"00-0035291","T.Williams","RB","LAC",0,0,0,0,0,0,0,0,0,3,-1,0,0,0,1,1,0,0,0,0
2025,11,"00-0035359","D.Sills","WR","ATL",0,0,0,0,0,0,0,0,0,0,0,0,0,0,1,2,11,0,0,0
2025,11,"00-0035500","G.Dortch","WR","ARI",0,0,0,0,0,0,0,0,0,0,0,0,0,0,6,6,66,1,0,0
2025,11,"00-0035537","Ty.Johnson","RB","BUF",0,0,0,0,0,0,0,0,0,1,9,0,0,0,2,2,61,1,0,0
2025,11,"00-0035594","T.Homer","RB","CHI",0,0,0,0,0,0,0,0,0,1,-2,0,0,0,0,0,0,0,0,0
2025,11,"00-0035628","D.Johnson","RB","NE",0,0,0,0,0,0,0,0,0,3,6,0,0,0,0,0,0,0,0,0
2025,11,"00-0035640","D.Metcalf","WR","PIT",0,0,0,0,0,0,0,0,0,0,0,0,0,0,5,8,49,0,0,0
2025,11,"00-0035644","N.Fant","TE","CIN",0,0,0,0,0,0,0,0,0,0,0,0,0,0,5,6,36,0,1,0
2025,11,"00-0035645","G.Olszewski","WR","NYG",0,0,0,0,0,0,0,0,0,0,0,0,0,0,0,0,0,0,0,0
2025,11,"00-0035662","M.Brown","WR","KC",0,0,0,0,0,0,0,0,0,0,0,0,0,0,4,4,40,0,0,0
2025,11,"00-0035676","A.Brown","WR","PHI",0,0,0,0,0,0,0,0,0,0,0,0,0,0,7,11,49,0,0,0
2025,11,"00-0035685","D.Montgomery","RB","DET",0,0,0,0,0,0,0,0,0,6,27,0,0,0,1,1,10,0,0,0
2025,11,"00-0035689","D.Knox","TE","BUF",0,0,0,0,0,0,0,0,0,0,0,0,0,0,1,3,23,0,0,0
2025,11,"00-0035700","J.Jacobs","RB","GB",0,0,0,0,0,0,0,0,0,7,40,0,0,0,0,1,0,0,0,0
2025,11,"00-0035719","D.Samuel","WR","WAS",0,0,0,0,0,0,0,0,0,1,3,0,0,0,7,8,74,1,0,0
2025,11,"00-0035876","A.Baccellia","WR","ARI",0,0,0,0,0,0,0,0,0,0,0,0,0,0,1,1,5,0,0,0
2025,11,"00-0035891","C.White","WR","SEA",0,0,0,0,0,0,0,0,0,0,0,0,0,0,0,0,0,0,0,0
2025,11,"00-0036139","R.Dowdle","RB","CAR",0,0,0,0,0,0,0,0,0,19,45,0,0,0,5,7,55,0,0,0
2025,11,"00-0036165","I.Hodgins","WR","NYG",0,0,0,0,0,0,0,0,0,0,0,0,0,0,5,6,57,0,0,0
2025,11,"00-0036176","M.Kinsey","WR","TEN",0,0,0,0,0,0,0,0,0,0,0,0,0,0,1,3,14,0,0,0
2025,11,"00-0036187","R.Gilliam","RB","BUF",0,0,0,0,0,0,0,0,0,0,0,0,0,0,0,0,0,0,0,0
2025,11,"00-0036196","G.Davis","WR","BUF",0,0,0,0,0,0,0,0,0,0,0,0,0,0,3,4,40,0,0,0
2025,11,"00-0036212","T.Tagovailoa","QB","MIA",14,20,171,0,0,3,-29,0,0,0,0,0,0,0,0,0,0,0,0,0
2025,11,"00-0036244","C.Parkinson","TE","LA",0,0,0,0,0,0,0,0,0,0,0,0,0,0,2,2,14,1,0,0
2025,11,"00-0036259","J.Jennings","WR","SF",0,0,0,0,0,0,0,0,0,0,0,0,0,0,4,6,54,0,0,0
2025,11,"00-0036264","J.Love","QB","GB",13,24,174,2,0,2,-12,0,1,2,7,0,0,0,0,0,0,0,0,0
2025,11,"00-0036275","D.Swift","RB","CHI",0,0,0,0,0,0,0,0,0,21,90,0,0,0,0,1,0,0,0,0
2025,11,"00-0036290","C.Kmet","TE","CHI",0,0,0,0,0,0,0,0,0,0,0,0,0,0,5,5,45,0,0,0
2025,11,"00-0036309","D.Mooney","WR","ATL",0,0,0,0,0,0,0,0,0,0,0,0,0,0,3,7,34,0,0,0
2025,11,"00-0036322","J.Jefferson","WR","MIN",0,0,0,0,0,0,0,0,0,0,0,0,0,0,5,9,61,0,0,0
2025,11,"00-0036331","D.Duvernay","WR","CHI",0,0,0,0,0,0,0,0,0,0,0,0,0,0,0,0,0,0,0,0
2025,11,"00-0036332","J.Deguara","TE","ARI",0,0,0,0,0,0,0,0,0,0,0,0,0,0,0,0,0,0,0,0
2025,11,"00-0036355","J.Herbert","QB","LAC",10,18,81,0,1,2,-18,0,0,3,21,0,0,0,0,0,0,0,0,0
2025,11,"00-0036358","C.Lamb","WR","DAL",0,0,0,0,0,0,0,0,0,0,0,0,0,0,5,7,66,1,0,0
2025,11,"00-0036389","J.Hurts","QB","PHI",14,28,135,0,0,1,-11,0,0,10,31,1,0,0,0,0,0,0,0,0
2025,11,"00-0036407","J.Jeudy","WR","CLE",0,0,0,0,0,0,0,0,0,0,0,0,0,0,3,7,21,0,0,0
2025,11,"00-0036410","T.Higgins","WR","CIN",0,0,0,0,0,0,0,0,0,0,0,0,0,0,3,8,63,1,0,0
2025,11,"00-0036415","V.Jefferson","WR","TEN",0,0,0,0,0,0,0,0,0,0,0,0,0,0,3,7,22,1,0,0
2025,11,"00-0036422","A.Trautman","TE","DEN",0,0,0,0,0,0,0,0,0,0,0,0,0,0,1,1,8,0,0,0
2025,11,"00-0036554","N.Collins","WR","HOU",0,0,0,0,0,0,0,0,0,0,0,0,0,0,9,10,92,1,0,0
2025,11,"00-0036555","C.Hubbard","RB","CAR",0,0,0,0,0,0,0,0,0,4,21,0,0,0,1,3,7,0,0,0
2025,11,"00-0036567","E.Mitchell","RB","KC",0,0,0,0,0,0,0,0,0,0,0,0,0,0,0,1,0,0,0,0
2025,11,"00-0036590","Q.Morris","TE","JAX",0,0,0,0,0,0,0,0,0,0,0,0,0,0,1,3,11,0,0,0
2025,11,"00-0036613","J.Waddle","WR","MIA",0,0,0,0,0,0,0,0,0,0,0,0,0,0,3,7,52,0,0,0
2025,11,"00-0036626","D.Brown","WR","JAX",0,0,0,0,0,0,0,0,0,0,0,0,0,0,0,1,0,0,0,0
2025,11,"00-0036630","T.Wallace","WR","BAL",0,0,0,0,0,0,0,0,0,0,0,0,0,0,0,1,0,0,0,0
2025,11,"00-0036637","N.Gray","TE","KC",0,0,0,0,0,0,0,0,0,0,0,0,0,0,2,3,9,0,0,0
2025,11,"00-0036754","B.Wright","TE","DET",0,0,0,0,0,0,0,0,0,0,0,0,0,0,2,7,8,0,0,0
2025,11,"00-0036825","F.Franks","TE","ATL",0,0,0,0,0,0,0,0,0,0,0,0,0,0,0,0,0,0,0,0
2025,11,"00-0036841","A.Trammell","WR","JAX",0,0,0,0,0,0,0,0,0,0,0,0,0,0,1,1,13,0,0,0
2025,11,"00-0036842","K.Nwangwu","RB","NYJ",0,0,0,0,0,0,0,0,0,0,0,0,0,0,0,0,0,0,0,0
2025,11,"00-0036862","B.Skowronek","WR","PIT",0,0,0,0,0,0,0,0,0,0,0,0,0,0,0,0,0,0,0,0
2025,11,"00-0036876","K.Granson","TE","PHI",0,0,0,0,0,0,0,0,0,0,0,0,0,0,1,2,4,0,0,0
2025,11,"00-0036887","L.Farrell","TE","SF",0,0,0,0,0,0,0,0,0,0,0,0,0,0,0,0,0,0,0,0
2025,11,"00-0036894","P.Freiermuth","TE","PIT",0,0,0,0,0,0,0,0,0,0,0,0,0,0,1,1,19,0,0,0
2025,11,"00-0036898","D.Mills","QB","HOU",26,41,274,1,0,4,-34,0,0,2,14,0,0,0,0,0,0,0,0,0
2025,11,"00-0036900","J.Chase","WR","CIN",0,0,0,0,0,0,0,0,0,0,0,0,0,0,3,10,30,0,0,0
2025,11,"00-0036912","D.Smith","WR","PHI",0,0,0,0,0,0,0,0,0,0,0,0,0,0,1,5,8,0,0,0
2025,11,"00-0036919","K.Gainwell","RB","PIT",0,0,0,0,0,0,0,0,0,9,24,0,0,0,7,8,81,2,0,0
2025,11,"00-0036924","M.Carter","RB","ARI",0,0,0,0,0,0,0,0,0,2,6,0,0,0,5,7,22,0,0,0
2025,11,"00-0036945","J.Fields","QB","NYJ",15,26,116,1,0,2,-11,0,0,11,67,1,1,0,0,1,0,0,0,0
2025,11,"00-0036963","A.St. Brown","WR","DET",0,0,0,0,0,0,0,0,0,0,0,0,0,0,2,12,42,0,0,0
2025,11,"00-0036970","K.Pitts","TE","ATL",0,0,0,0,0,0,0,0,0,0,0,0,0,0,2,3,14,0,0,0
2025,11,"00-0036971","T.Lawrence","QB","JAX",14,22,153,1,1,0,0,0,0,5,9,1,0,0,0,0,0,0,0,0
2025,11,"00-0036972","M.Jones","QB","SF",0,0,0,0,0,0,0,0,0,3,-3,0,0,0,0,0,0,0,0,0
2025,11,"00-0036973","T.Etienne","RB","JAX",0,0,0,0,0,0,0,0,0,19,73,2,0,0,0,2,0,0,0,0
2025,11,"00-0036988","J.Palmer","WR","BUF",0,0,0,0,0,0,0,0,0,0,0,0,0,0,2,5,17,0,0,0
2025,11,"00-0036997","J.Williams","RB","DAL",0,0,0,0,0,0,0,0,0,22,93,0,0,0,1,1,0,0,0,0
2025,11,"00-0037005","T.Tremble","TE","CAR",0,0,0,0,0,0,0,0,0,0,0,0,0,0,1,2,54,0,0,0
2025,11,"00-0037012","T.Lance","QB","LAC",3,8,37,0,0,1,-7,0,0,3,1,0,0,0,0,0,0,0,0,0
2025,11,"00-0037085","T.Badie","RB","DEN",0,0,0,0,0,0,0,0,0,0,0,0,0,0,1,1,0,0,0,0
2025,11,"00-0037091","B.Melton","WR","GB",0,0,0,0,0,0,0,0,0,1,17,0,0,0,0,0,0,0,0,0
2025,11,"00-0037112","J.Tonges","TE","SF",0,0,0,0,0,0,0,0,0,0,0,0,0,0,0,0,0,0,0,0
2025,11,"00-0037157","Z.Knight","RB","ARI",0,0,0,0,0,0,0,0,0,5,24,1,0,0,4,4,21,0,0,0
2025,11,"00-0037228","J.Warren","RB","PIT",0,0,0,0,0,0,0,0,0,10,62,0,0,0,2,2,5,0,0,0
2025,11,"00-0037238","D.London","WR","ATL",0,0,0,0,0,0,0,0,0,0,0,0,0,0,7,9,119,0,0,0
2025,11,"00-0037240","J.Williams","WR","DET",0,0,0,0,0,0,0,0,0,1,9,0,0,0,4,7,88,1,0,0
2025,11,"00-0037247","G.Pickens","WR","DAL",0,0,0,0,0,0,0,0,0,0,0,0,0,0,9,11,144,1,0,0
2025,11,"00-0037248","J.Cook","RB","BUF",0,0,0,0,0,0,0,0,0,16,48,0,0,0,3,3,66,1,0,0
2025,11,"00-0037252","G.Dulcich","TE","MIA",0,0,0,0,0,0,0,0,0,0,0,0,0,0,2,4,18,0,0,0
2025,11,"00-0037256","R.White","RB","TB",0,0,0,0,0,0,0,0,0,10,51,0,0,0,2,3,11,0,0,0
2025,11,"00-0037261","K.Shakir","WR","BUF",0,0,0,0,0,0,0,0,0,0,0,0,0,0,1,3,-3,0,0,0
2025,11,"00-0037263","T.Allgeier","RB","ATL",0,0,0,0,0,0,0,0,0,3,10,1,0,0,2,2,6,0,0,0
2025,11,"00-0037267","J.Ford","RB","CLE",0,0,0,0,0,0,0,0,0,1,2,0,0,0,0,0,0,0,0,0
2025,11,"00-0037291","J.Nailor","WR","MIN",0,0,0,0,0,0,0,0,0,0,0,0,0,0,1,1,16,0,0,0
2025,11,"00-0037306","J.FitzPatrick","TE","GB",0,0,0,0,0,0,0,0,0,0,0,0,0,0,1,1,5,0,0,0
2025,11,"00-0037525","J.Mason","RB","MIN",0,0,0,0,0,0,0,0,0,6,45,1,0,0,0,0,0,0,0,0
2025,11,"00-0037545","R.Shaheed","WR","SEA",0,0,0,0,0,0,0,0,0,1,2,0,0,0,2,5,27,0,0,0
2025,11,"00-0037563","M.Davis","RB","DAL",0,0,0,0,0,0,0,0,0,4,20,0,0,0,0,0,0,0,0,0
2025,11,"00-0037594","J.Chestnut","RB","TEN",0,0,0,0,0,0,0,0,0,0,0,0,0,0,0,0,0,0,0,0
2025,11,"00-0037614","J.Metchie","WR","NYJ",0,0,0,0,0,0,0,0,0,0,0,0,0,0,3,3,45,1,0,0
2025,11,"00-0037666","J.Tolbert","WR","DAL",0,0,0,0,0,0,0,0,0,0,0,0,0,0,0,1,0,0,0,0
2025,11,"00-0037741","J.Dotson","WR","PHI",0,0,0,0,0,0,0,0,0,0,0,0,0,0,2,2,43,0,0,0
2025,11,"00-0037744","T.McBride","TE","ARI",0,0,0,0,0,0,0,0,0,0,0,0,0,0,10,11,115,1,0,0
2025,11,"00-0037746","B.Robinson","RB","SF",0,0,0,0,0,0,0,0,0,8,24,0,0,0,0,1,0,0,0,0
2025,11,"00-0037801","K.Turpin","WR","DAL",0,0,0,0,0,0,0,0,0,0,0,0,0,0,1,2,0,0,0,0
2025,11,"00-0037805","J.Ruckert","TE","NYJ",0,0,0,0,0,0,0,0,0,0,0,0,0,0,4,5,23,0,0,0
2025,11,"00-0037809","C.Okonkwo","TE","TEN",0,0,0,0,0,0,0,0,0,0,0,0,0,0,3,3,56,0,0,0
2025,11,"00-0037816","R.Doubs","WR","GB",0,0,0,0,0,0,0,0,0,0,0,0,0,0,4,8,53,0,0,0
2025,11,"00-0037834","B.Purdy","QB","SF",19,26,200,3,0,1,-14,0,0,1,-7,0,0,0,0,0,0,0,0,0
2025,11,"00-0037837","C.Austin","WR","PIT",0,0,0,0,0,0,0,0,0,0,0,0,0,0,1,1,5,0,0,0
2025,11,"00-0037838","I.Likely","TE","BAL",0,0,0,0,0,0,0,0,0,0,0,0,0,0,2,3,15,0,0,0
2025,11,"00-0037840","K.Williams","RB","LA",0,0,0,0,0,0,0,0,0,12,91,1,0,0,1,2,5,0,0,0
2025,11,"00-0038041","J.Ferguson","TE","DAL",0,0,0,0,0,0,0,0,0,0,0,0,0,0,4,5,16,1,0,0
2025,11,"00-0038046","C.Kolar","TE","BAL",0,0,0,0,0,0,0,0,0,0,0,0,0,0,0,1,0,0,0,0
2025,11,"00-0038090","S.Moore","WR","SF",0,0,0,0,0,0,0,0,0,0,0,0,0,0,0,0,0,0,0,0
2025,11,"00-0038104","T.Thornton","WR","KC",0,0,0,0,0,0,0,0,0,0,0,0,0,0,1,2,61,0,0,0
2025,11,"00-0038115","D.Bellinger","TE","NYG",0,0,0,0,0,0,0,0,0,0,0,0,0,0,0,1,0,0,0,0
2025,11,"00-0038117","W.Robinson","WR","NYG",0,0,0,0,0,0,0,0,0,0,0,0,0,0,4,9,36,0,0,0
2025,11,"00-0038120","B.Hall","RB","NYJ",0,0,0,0,0,0,0,0,0,14,58,0,0,0,2,2,6,0,0,0
2025,11,"00-0038124","C.Watson","WR","GB",0,0,0,0,0,0,0,0,0,0,0,0,0,0,4,5,46,2,0,0
2025,11,"00-0038128","M.Willis","QB","GB",2,2,6,1,0,0,0,0,0,1,16,0,0,0,0,0,0,0,0,0
2025,11,"00-0038129","C.Otton","TE","TB",0,0,0,0,0,0,0,0,0,0,0,0,0,0,2,5,28,0,0,0
2025,11,"00-0038134","K.Walker","RB","SEA",0,0,0,0,0,0,0,0,0,16,67,1,0,0,3,3,44,0,0,0
2025,11,"00-0038359","X.Smith","WR","LA",0,0,0,0,0,0,0,0,0,0,0,0,0,0,1,2,8,0,0,0
2025,11,"00-0038393","D.Wicks","WR","GB",0,0,0,0,0,0,0,0,0,0,0,0,0,0,1,2,9,0,0,0
2025,11,"00-0038454","K.Mitchell","RB","BAL",0,0,0,0,0,0,0,0,0,6,31,0,0,0,2,3,23,0,0,0
2025,11,"00-0038458","O.Wright","RB","TB",0,0,0,0,0,0,0,0,0,0,0,0,0,0,0,0,0,0,0,0
2025,11,"00-0038488","B.Russell","RB","SEA",0,0,0,0,0,0,0,0,0,0,0,0,0,0,0,0,0,0,0,0
2025,11,"00-0038496","X.Gipson","WR","PHI",0,0,0,0,0,0,0,0,0,0,0,0,0,0,0,0,0,0,0,0
2025,11,"00-0038519","N.Remigio","WR","KC",0,0,0,0,0,0,0,0,0,0,0,0,0,0,0,0,0,0,0,0
2025,11,"00-0038542","B.Robinson","RB","ATL",0,0,0,0,0,0,0,0,0,23,104,2,0,0,4,5,39,0,0,0
2025,11,"00-0038543","J.Smith-Njigba","WR","SEA",0,0,0,0,0,0,0,0,0,1,11,0,0,0,9,12,105,0,0,0
2025,11,"00-0038544","Q.Johnston","WR","LAC",0,0,0,0,0,0,0,0,0,0,0,0,0,0,0,3,0,0,0,0
2025,11,"00-0038555","T.Bigsby","RB","PHI",0,0,0,0,0,0,0,0,0,4,34,0,0,0,0,0,0,0,0,0
2025,11,"00-0038558","D.Washington","TE","PIT",0,0,0,0,0,0,0,0,0,0,0,0,0,0,4,5,67,0,0,0
2025,11,"00-0038559","Mi.Wilson","WR","ARI",0,0,0,0,0,0,0,0,0,0,0,0,0,0,15,18,185,0,0,0
2025,11,"00-0038563","T.Tucker","WR","LV",0,0,0,0,0,0,0,0,0,0,0,0,0,0,4,8,47,1,0,0
2025,11,"00-0038564","C.Latu","TE","PHI",0,0,0,0,0,0,0,0,0,0,0,0,0,0,0,0,0,0,0,0
2025,11,"00-0038573","D.Davis","WR","LAC",0,0,0,0,0,0,0,0,0,0,0,0,0,0,0,1,0,0,0,0
2025,11,"00-0038576","C.Jones","WR","CIN",0,0,0,0,0,0,0,0,0,0,0,0,0,0,0,0,0,0,0,0
2025,11,"00-0038589","J.Whyle","TE","GB",0,0,0,0,0,0,0,0,0,0,0,0,0,0,1,1,2,1,0,0
2025,11,"00-0038597","C.Brown","RB","CIN",0,0,0,0,0,0,0,0,0,18,99,0,0,0,6,8,28,0,0,0
2025,11,"00-0038606","P.Washington","WR","JAX",0,0,0,0,0,0,0,0,0,0,0,0,0,0,2,2,20,0,0,0
2025,11,"00-0038611","C.Rodriguez","RB","WAS",0,0,0,0,0,0,0,0,0,15,79,0,0,0,1,1,6,0,0,0
2025,11,"00-0038618","X.Hutchinson","WR","HOU",0,0,0,0,0,0,0,0,0,0,0,0,0,0,3,5,42,0,0,0
2025,11,"00-0038619","A.Iosivas","WR","CIN",0,0,0,0,0,0,0,0,0,0,0,0,0,0,3,4,20,0,0,0
2025,11,"00-0038621","D.Douglas","WR","NE",0,0,0,0,0,0,0,0,0,1,-5,0,0,0,3,3,36,0,0,0
2025,11,"00-0038679","T.Shavers","WR","BUF",0,0,0,0,0,0,0,0,0,0,0,0,0,0,4,5,90,1,0,0
2025,11,"00-0038685","C.Brooks","RB","GB",0,0,0,0,0,0,0,0,0,1,8,0,0,0,0,0,0,0,0,0
2025,11,"00-0038705","E.Demercado","RB","ARI",0,0,0,0,0,0,0,0,0,5,8,0,0,0,2,3,12,0,0,0
2025,11,"00-0038720","J.Hill","TE","MIA",0,0,0,0,0,0,0,0,0,0,0,0,0,0,1,1,14,0,0,0
2025,11,"00-0038738","H.Luepke","RB","DAL",0,0,0,0,0,0,0,0,0,1,5,0,0,0,3,3,36,0,0,0
2025,11,"00-0038794","J.McLaughlin","RB","DEN",0,0,0,0,0,0,0,0,0,6,19,1,0,0,1,1,-5,0,0,0
2025,11,"00-0038797","E.Wilson","RB","GB",0,0,0,0,0,0,0,0,0,11,40,1,0,0,1,1,9,0,0,1
2025,11,"00-0038824","R.Miller","WR","TB",0,0,0,0,0,0,0,0,0,0,0,0,0,0,0,0,0,0,0,0
2025,11,"00-0038840","B.Tremayne","WR","CAR",0,0,0,0,0,0,0,0,0,0,0,0,0,0,2,2,17,0,0,0
2025,11,"00-0038896","J.Saylors","RB","DET",0,0,0,0,0,0,0,0,0,0,0,0,0,0,0,0,0,0,0,0
2025,11,"00-0038938","J.Hyatt","WR","NYG",0,0,0,0,0,0,0,0,0,0,0,0,0,0,2,4,18,0,0,0
2025,11,"00-0038951","S.Tucker","RB","TB",0,0,0,0,0,0,0,0,0,19,106,2,0,0,2,2,34,1,0,0
2025,11,"00-0038976","M.Mims","WR","DEN",0,0,0,0,0,0,0,0,0,1,2,0,0,0,0,0,0,0,0,0
2025,11,"00-0038979","C.Tillman","WR","CLE",0,0,0,0,0,0,0,0,0,0,0,0,0,0,3,4,52,0,0,0
2025,11,"00-0038994","J.Addison","WR","MIN",0,0,0,0,0,0,0,0,0,0,0,0,0,0,2,7,20,1,0,0
2025,11,"00-0039021","R.Johnson","RB","CHI",0,0,0,0,0,0,0,0,0,0,0,0,0,0,0,0,0,0,0,0
2025,11,"00-0039032","T.Spears","RB","TEN",0,0,0,0,0,0,0,0,0,4,3,0,0,0,5,5,31,0,0,0
2025,11,"00-0039040","D.Achane","RB","MIA",0,0,0,0,0,0,0,0,0,21,120,0,0,0,5,5,45,0,0,0
2025,11,"00-0039041","E.Higgins","TE","ARI",0,0,0,0,0,0,0,0,0,0,0,0,0,0,2,3,11,0,1,0
2025,11,"00-0039064","Z.Flowers","WR","BAL",0,0,0,0,0,0,0,0,0,1,5,0,0,0,3,5,78,0,0,0
2025,11,"00-0039066","M.Mayer","TE","LV",0,0,0,0,0,0,0,0,0,0,0,0,0,0,3,4,13,0,0,0
2025,11,"00-0039067","R.Rice","WR","KC",0,0,0,0,0,0,0,0,0,0,0,0,0,0,6,9,38,0,0,0
2025,11,"00-0039075","P.Nacua","WR","LA",0,0,0,0,0,0,0,0,0,2,18,0,0,0,7,8,75,0,1,0
2025,11,"00-0039139","J.Gibbs","RB","DET",0,0,0,0,0,0,0,0,0,12,39,0,0,0,5,8,107,0,0,0
2025,11,"00-0039144","L.Musgrave","TE","GB",0,0,0,0,0,0,0,0,0,0,0,0,0,0,1,2,-1,0,0,0
2025,11,"00-0039150","B.Young","QB","CAR",31,45,448,3,0,5,-29,0,1,1,-1,0,0,0,0,0,0,0,0,0
2025,11,"00-0039165","Z.Charbonnet","RB","SEA",0,0,0,0,0,0,0,0,0,11,37,0,0,0,2,2,10,0,0,0
2025,11,"00-0039266","K.Milton","RB","CIN",0,0,0,0,0,0,0,0,0,2,2,0,0,0,0,0,0,0,0,0
2025,11,"00-0039299","G.Holani","RB","SEA",0,0,0,0,0,0,0,0,0,2,6,0,0,0,0,0,0,0,0,0
2025,11,"00-0039305","J.Westover","TE","NE",0,0,0,0,0,0,0,0,0,0,0,0,0,0,0,0,0,0,0,0
2025,11,"00-0039338","B.Bowers","TE","LV",0,0,0,0,0,0,0,0,0,0,0,0,0,0,7,12,72,0,0,0
2025,11,"00-0039342","X.Legette","WR","CAR",0,0,0,0,0,0,0,0,0,0,0,0,0,0,4,8,83,1,0,0
2025,11,"00-0039356","J.Sanders","TE","CAR",0,0,0,0,0,0,0,0,0,0,0,0,0,0,4,4,22,0,0,0
2025,11,"00-0039384","T.Tracy","RB","NYG",0,0,0,0,0,0,0,0,0,19,88,0,0,0,4,4,51,0,0,0
2025,11,"00-0039391","K.Vidal","RB","LAC",0,0,0,0,0,0,0,0,0,5,13,0,0,0,2,2,-1,0,0,0
2025,11,"00-0039407","D.Laube","RB","LV",0,0,0,0,0,0,0,0,0,0,0,0,0,0,0,0,0,0,0,0
2025,11,"00-0039410","R.Flournoy","WR","DAL",0,0,0,0,0,0,0,0,0,0,0,0,0,0,1,1,2,1,0,0
2025,11,"00-0039451","I.Williams","WR","NYJ",0,1,0,0,0,0,0,0,0,1,4,0,0,0,1,4,2,0,0,0
2025,11,"00-0039491","J.Coker","WR","CAR",0,0,0,0,0,0,0,0,0,0,0,0,0,0,4,4,52,0,0,1
2025,11,"00-0039521","X.Weaver","WR","ARI",0,0,0,0,0,0,0,0,0,0,0,0,0,0,2,3,15,0,0,0
2025,11,"00-0039530","B.Spann-Ford","TE","DAL",0,0,0,0,0,0,0,0,0,0,0,0,0,0,1,1,4,0,0,0
2025,11,"00-0039589","K.Johnson","WR","TB",0,0,0,0,0,0,0,0,0,0,0,0,0,0,0,0,0,0,0,0
2025,11,"00-0039648","D.Martin-Robinson","TE","TEN",0,0,0,0,0,0,0,0,0,0,0,0,0,0,0,0,0,0,0,0
2025,11,"00-0039686","C.Yankoff","TE","WAS",0,0,0,0,0,0,0,0,0,0,0,0,0,0,1,1,4,0,0,0
2025,11,"00-0039732","B.Nix","QB","DEN",24,37,295,0,0,2,-12,0,0,3,8,0,0,0,0,1,0,0,0,0
2025,11,"00-0039738","B.Corum","RB","LA",0,0,0,0,0,0,0,0,0,8,10,0,0,0,1,2,-5,0,0,0
2025,11,"00-0039739","R.Wilson","WR","PIT",0,0,0,0,0,0,0,0,0,0,0,0,0,0,1,2,17,0,0,0
2025,11,"00-0039751","J.Whittington","WR","LA",0,0,0,0,0,0,0,0,0,0,0,0,0,0,1,1,9,0,0,0
2025,11,"00-0039793","A.Barner","TE","SEA",0,0,0,0,0,0,0,0,0,2,1,0,0,0,10,11,70,0,0,0
2025,11,"00-0039796","R.Ali","RB","BAL",0,0,0,0,0,0,0,0,0,0,0,0,0,0,1,1,15,0,0,0
2025,11,"00-0039798","I.Davis","RB","NYJ",0,0,0,0,0,0,0,0,0,2,11,0,0,0,0,1,0,0,0,0
2025,11,"00-0039847","T.Johnson","TE","NYG",0,0,0,0,0,0,0,0,0,0,0,0,0,0,3,4,36,0,0,0
2025,11,"00-0039851","D.Maye","QB","NE",25,34,281,1,0,1,-10,0,0,4,2,0,0,0,0,0,0,0,0,0
2025,11,"00-0039868","T.Franklin","WR","DEN",0,0,0,0,0,0,0,0,0,0,0,0,0,0,4,8,84,0,0,0
2025,11,"00-0039874","J.Wright","RB","MIA",0,0,0,0,0,0,0,0,0,1,4,0,0,0,0,0,0,0,0,0
2025,11,"00-0039875","R.Davis","RB","BUF",0,0,0,0,0,0,0,0,0,0,0,0,0,0,0,0,0,0,0,0
2025,11,"00-0039880","M.Washington","WR","MIA",0,0,0,0,0,0,0,0,0,0,0,0,0,0,3,3,42,0,0,0
2025,11,"00-0039890","A.Mitchell","WR","NYJ",0,0,0,0,0,0,0,0,0,0,0,0,0,0,1,6,10,0,0,0
2025,11,"00-0039894","X.Worthy","WR","KC",0,0,0,0,0,0,0,0,0,0,0,0,0,0,3,5,25,0,0,0
2025,11,"00-0039915","L.McConkey","WR","LAC",0,0,0,0,0,0,0,0,0,0,0,0,0,0,3,4,13,0,0,0
2025,11,"00-0039916","R.Pearsall","WR","SF",0,0,0,0,0,0,0,0,0,0,0,0,0,0,1,2,0,0,0,0
2025,11,"00-0039917","M.Penix","QB","ATL",13,16,175,0,0,0,0,0,0,1,9,0,0,0,0,0,0,0,0,0
2025,11,"00-0039918","C.Williams","QB","CHI",16,32,193,0,0,2,-13,0,0,4,26,0,0,0,0,0,0,0,0,0
2025,11,"00-0039919","R.Odunze","WR","CHI",0,0,0,0,0,0,0,0,0,0,0,0,0,0,2,6,41,0,0,0
2025,11,"00-0039920","M.Corley","WR","CLE",0,0,0,0,0,0,0,0,0,0,0,0,0,0,2,2,9,0,0,0
2025,11,"00-0039923","J.McCarthy","QB","MIN",16,32,150,1,2,0,0,0,0,0,0,0,0,0,0,0,0,0,0,0
2025,11,"00-0040009","S.Williams","WR","GB",0,0,0,0,0,0,0,0,0,0,0,0,0,0,1,1,33,0,0,0
2025,11,"00-0040024","D.Cooper","WR","PHI",0,0,0,0,0,0,0,0,0,0,0,0,0,0,0,0,0,0,0,0
2025,11,"00-0040039","A.Johnson","RB","LAC",0,0,0,0,0,0,0,0,0,2,8,0,0,0,0,1,0,0,0,0
2025,11,"00-0040058","N.Kallerup","TE","SEA",0,0,0,0,0,0,0,0,0,0,0,0,0,0,0,0,0,0,0,0
2025,11,"00-0040075","L.Wester","WR","BAL",0,0,0,0,0,0,0,0,0,0,0,0,0,0,0,0,0,0,0,0
2025,11,"00-0040078","B.Smith","RB","KC",0,0,0,0,0,0,0,0,0,0,0,0,0,0,2,3,8,0,0,0
2025,11,"00-0040122","A.Jeanty","RB","LV",0,0,0,0,0,0,0,0,0,6,7,0,0,0,6,8,27,0,0,0
2025,11,"00-0040124","T.McMillan","WR","CAR",0,0,0,0,0,0,0,0,0,0,0,0,0,0,8,12,130,2,0,0
2025,11,"00-0040126","C.Loveland","TE","CHI",0,0,0,0,0,0,0,0,0,0,0,0,0,0,3,4,40,0,0,0
2025,11,"00-0040129","E.Egbuka","WR","TB",0,0,0,0,0,0,0,0,0,0,0,0,0,0,5,9,40,0,0,0
2025,11,"00-0040130","J.Higgins","WR","HOU",0,0,0,0,0,0,0,0,0,0,0,0,0,0,4,7,55,0,0,0
2025,11,"00-0040131","K.Williams","WR","NE",0,0,0,0,0,0,0,0,0,0,0,0,0,0,0,3,0,0,0,0
2025,11,"00-0040134","P.Bryant","WR","DEN",0,0,0,0,0,0,0,0,0,0,0,0,0,0,5,6,82,0,0,0
2025,11,"00-0040138","J.Noel","WR","HOU",0,0,0,0,0,0,0,0,0,0,0,0,0,0,1,1,12,0,0,0
2025,11,"00-0040142","K.Johnson","RB","PIT",0,0,0,0,0,0,0,0,0,5,15,0,0,0,0,0,0,0,0,0
2025,11,"00-0040154","T.Felton","WR","MIN",0,0,0,0,0,0,0,0,0,0,0,0,0,0,0,0,0,0,0,0
2025,11,"00-0040162","D.Sampson","RB","CLE",0,0,0,0,0,0,0,0,0,1,19,0,0,0,0,1,0,0,0,0
2025,11,"00-0040164","J.Lane","WR","WAS",0,0,0,0,0,0,0,0,0,0,0,0,0,0,1,1,13,0,0,0
2025,11,"00-0040170","E.Ayomanor","WR","TEN",0,0,0,0,0,0,0,0,0,0,0,0,0,0,2,6,11,0,0,0
2025,11,"00-0040187","M.Evans","TE","CAR",0,0,0,0,0,0,0,0,0,0,0,0,0,0,2,2,28,0,0,0
2025,11,"00-0040189","O.Gadsden","TE","LAC",0,0,0,0,0,0,0,0,0,0,0,0,0,0,2,5,41,0,0,0
2025,11,"00-0040198","O.Gordon","RB","MIA",0,0,0,0,0,0,0,0,0,9,45,1,0,0,0,0,0,0,0,0
2025,11,"00-0040208","T.Brooks","RB","CIN",0,0,0,0,0,0,0,0,0,1,5,0,0,0,0,0,0,0,0,0
2025,11,"00-0040236","K.Monangai","RB","CHI",0,0,0,0,0,0,0,0,0,12,23,1,0,0,1,1,14,0,0,0
2025,11,"00-0040237","T.Johnson","WR","TB",0,0,0,0,0,0,0,0,0,3,0,0,0,0,1,3,6,0,0,0
2025,11,"00-0040238","L.Allen","RB","JAX",0,0,0,0,0,0,0,0,0,8,36,0,0,0,0,0,0,0,0,0
2025,11,"00-0040242","J.Croskey-Merritt","RB","WAS",0,0,0,0,0,0,0,0,0,9,28,0,0,0,1,1,5,0,0,0
2025,11,"00-0040259","G.Larvadain","WR","CLE",0,0,0,0,0,0,0,0,0,0,0,0,0,0,0,1,0,0,0,0
2025,11,"00-0040317","Ja.Jones","WR","WAS",0,0,0,0,0,0,0,0,0,0,0,0,0,0,1,1,25,0,0,0
2025,11,"00-0040363","K.Latu","TE","BUF",0,0,0,0,0,0,0,0,0,0,0,0,0,0,1,1,4,0,0,0
2025,11,"00-0040431","D.Cambre","WR","NYG",0,0,0,0,0,0,0,0,0,0,0,0,0,0,0,0,0,0,0,0
2025,11,"00-0040488","C.Runyon","TE","LV",0,0,0,0,0,0,0,0,0,0,0,0,0,0,0,0,0,0,0,0
2025,11,"00-0040506","M.Price","WR","MIN",0,0,0,0,0,0,0,0,0,0,0,0,0,0,0,0,0,0,0,0
2025,11,"00-0040534","K.Williams","WR","PIT",0,0,0,0,0,0,0,0,0,0,0,0,0,0,0,0,0,0,0,0
2025,11,"00-0040563","E.Chism","WR","NE",0,0,0,0,0,0,0,0,0,0,0,0,0,0,0,0,0,0,0,0
2025,11,"00-0040583","W.Marks","RB","HOU",0,0,0,0,0,0,0,0,0,18,44,0,0,0,1,1,7,0,0,0
2025,11,"00-0040584","G.Helm","TE","TEN",0,0,0,0,0,0,0,0,0,0,0,0,0,0,4,5,29,0,0,0
2025,11,"00-0040644","T.Etienne","RB","CAR",0,0,0,0,0,0,0,0,0,1,2,0,0,0,0,0,0,0,0,0
2025,11,"00-0040663","H.Fannin","TE","CLE",0,0,0,0,0,0,0,0,0,0,0,0,0,0,2,5,26,0,0,0
2025,11,"00-0040667","M.Golden","WR","GB",0,0,0,0,0,0,0,0,0,0,0,0,0,0,1,3,24,0,0,0
2025,11,"00-0040668","S.Sanders","QB","CLE",4,16,47,0,1,2,-27,0,0,3,16,0,0,0,0,0,0,0,0,0
2025,11,"00-0040669","I.TeSlaa","WR","DET",0,0,0,0,0,0,0,0,0,0,0,0,0,0,0,1,0,0,0,0
2025,11,"00-0040676","C.Ward","QB","TEN",24,37,194,1,0,3,-23,1,0,3,33,0,0,0,0,0,0,0,0,0
2025,11,"00-0040704","D.Gabriel","QB","CLE",7,10,68,0,0,1,-7,0,0,2,2,0,0,0,0,0,0,0,0,0
2025,11,"00-0040705","C.Dike","WR","TEN",0,0,0,0,0,0,0,0,0,0,0,0,0,0,2,3,14,0,0,0
2025,11,"00-0040719","B.Tuten","RB","JAX",0,0,0,0,0,0,0,0,0,15,74,1,0,0,0,0,0,0,0,0
2025,11,"00-0040727","T.Harris","WR","LAC",0,0,0,0,0,0,0,0,0,0,0,0,0,0,1,1,12,0,0,0
2025,11,"00-0040729","J.Bech","WR","LV",0,0,0,0,0,0,0,0,0,0,0,0,0,0,1,1,19,0,0,0
2025,11,"00-0040730","R.Harvey","RB","DEN",0,1,0,0,0,0,0,0,0,11,30,0,0,0,3,3,20,0,0,0
2025,11,"00-0040734","T.Henderson","RB","NE",0,0,0,0,0,0,0,0,0,19,62,2,0,0,5,5,31,1,0,0
2025,11,"00-0040735","L.Burden","WR","CHI",0,0,0,0,0,0,0,0,0,0,0,0,0,0,3,5,27,0,0,0
2025,11,"00-0040736","M.Taylor","TE","NYJ",0,0,0,0,0,0,0,0,0,0,0,0,0,0,4,4,30,0,0,0
2025,11,"00-0040739","E.Arroyo","TE","SEA",0,0,0,0,0,0,0,0,0,0,0,0,0,0,0,2,0,0,0,0
2025,11,"00-0040782","I.Bond","WR","CLE",0,0,0,0,0,0,0,0,0,1,8,0,0,0,0,1,0,0,0,0
2025,11,"00-0040784","Q.Judkins","RB","CLE",0,0,0,0,0,0,0,0,0,17,59,0,0,0,0,2,0,0,0,0
2025,12,"00-0026158","J.Flacco","QB","CIN",19,37,183,1,1,1,-10,0,0,1,3,0,0,0,0,0,0,0,0,0
2025,12,"00-0026498","M.Stafford","QB","LA",25,35,273,3,0,1,-10,0,0,0,0,0,0,0,0,0,0,0,0,0
2025,12,"00-0028118","T.Taylor","QB","NYJ",17,28,222,1,1,3,-18,0,0,5,19,0,0,0,0,0,0,0,0,0
2025,12,"00-0029604","K.Cousins","QB","ATL",16,23,199,2,1,3,-18,0,0,2,5,0,0,0,0,0,0,0,0,0
2025,12,"00-0030035","A.Thielen","WR","MIN",0,0,0,0,0,0,0,0,0,0,0,0,0,0,0,1,0,0,0,0
2025,12,"00-0030506","T.Kelce","TE","KC",0,0,0,0,0,0,0,0,0,1,1,0,0,0,4,6,43,0,0,0
2025,12,"00-0030564","D.Hopkins","WR","BAL",0,0,0,0,0,0,0,0,0,0,0,0,0,0,2,3,13,0,0,0
2025,12,"00-0030565","G.Smith","QB","LV",30,44,285,1,0,10,-77,1,0,3,8,0,0,0,0,0,0,0,0,0
2025,12,"00-0031237","T.Bridgewater","QB","TB",8,15,62,0,0,2,-21,0,0,1,6,0,0,0,0,0,0,0,0,0
2025,12,"00-0031381","D.Adams","WR","LA",0,0,0,0,0,0,0,0,0,0,0,0,0,0,5,8,62,2,0,0
2025,12,"00-0031503","J.Winston","QB","NYG",18,36,366,2,1,1,-4,0,0,4,13,0,0,0,1,1,33,1,0,0
2025,12,"00-0031588","S.Diggs","WR","NE",0,0,0,0,0,0,0,0,0,0,0,0,0,0,2,3,20,0,0,0
2025,12,"00-0031687","R.Mostert","RB","LV",0,0,0,0,0,0,0,0,0,1,2,0,0,0,3,3,18,0,0,0
2025,12,"00-0032104","A.Abdullah","RB","IND",0,0,0,0,0,0,0,0,0,0,0,0,0,0,0,1,0,0,0,0
2025,12,"00-0032211","T.Lockett","WR","LV",0,0,0,0,0,0,0,0,0,0,0,0,0,0,4,5,62,0,0,0
2025,12,"00-0032385","S.Shepard","WR","TB",0,0,0,0,0,0,0,0,0,0,0,0,0,0,3,5,12,0,0,0
2025,12,"00-0032392","A.Hooper","TE","NE",0,0,0,0,0,0,0,0,0,0,0,0,0,0,3,4,39,0,0,0
2025,12,"00-0032464","K.Raymond","WR","DET",0,0,0,0,0,0,0,0,0,0,0,0,0,0,2,2,37,0,0,0
2025,12,"00-0032764","D.Henry","RB","BAL",0,0,0,0,0,0,0,0,0,21,64,2,0,0,2,2,24,0,0,0
2025,12,"00-0032775","D.Robinson","WR","SF",0,0,0,0,0,0,0,0,0,0,0,0,0,0,1,1,8,0,0,0
2025,12,"00-0032951","L.Treadwell","WR","IND",0,0,0,0,0,0,0,0,0,0,0,0,0,0,0,0,0,0,0,0
2025,12,"00-0033077","D.Prescott","QB","DAL",23,36,354,2,1,1,-6,0,0,5,9,1,0,0,0,0,0,0,0,0
2025,12,"00-0033090","H.Henry","TE","NE",0,0,0,0,0,0,0,0,0,0,0,0,0,0,7,10,115,1,0,0
2025,12,"00-0033106","J.Goff","QB","DET",28,42,279,2,1,3,-22,0,0,0,0,0,0,0,0,0,0,0,0,0
2025,12,"00-0033119","J.Brissett","QB","ARI",33,49,317,1,0,6,-44,0,0,3,20,0,0,0,0,0,0,0,0,0
2025,12,"00-0033217","M.Alie-Cox","TE","IND",0,0,0,0,0,0,0,0,0,0,0,0,0,0,1,1,9,0,0,0
2025,12,"00-0033246","J.Mundt","TE","JAX",0,0,0,0,0,0,0,0,0,0,0,0,0,0,1,2,12,0,0,0
2025,12,"00-0033280","C.McCaffrey","RB","SF",0,0,0,0,0,0,0,0,0,24,89,1,0,0,7,7,53,0,0,0
2025,12,"00-0033288","G.Kittle","TE","SF",0,0,0,0,0,0,0,0,0,0,0,0,0,0,6,10,78,0,0,0
2025,12,"00-0033293","A.Jones","RB","MIN",0,0,0,0,0,0,0,0,0,9,41,0,0,0,3,4,16,0,0,0
2025,12,"00-0033357","T.Hill","TE","NO",0,2,0,0,0,0,0,0,0,10,17,0,0,0,0,0,0,0,0,0
2025,12,"00-0033375","T.Patrick","WR","JAX",0,0,0,0,0,0,0,0,0,0,0,0,0,0,0,4,0,0,0,0
2025,12,"00-0033439","P.Brown","TE","ARI",0,0,0,0,0,0,0,0,0,0,0,0,0,0,0,0,0,0,0,0
2025,12,"00-0033555","M.Hollins","WR","NE",0,0,0,0,0,0,0,0,0,0,0,0,0,0,2,6,30,0,0,0
2025,12,"00-0033572","J.Agnew","WR","ATL",0,0,0,0,0,0,0,0,0,0,0,0,0,0,0,0,0,0,0,0
2025,12,"00-0033854","D.Ogunbowale","RB","HOU",0,0,0,0,0,0,0,0,0,0,0,0,0,0,0,0,0,0,0,0
2025,12,"00-0033857","J.Smith-Schuster","WR","KC",0,0,0,0,0,0,0,0,0,0,0,0,0,0,1,2,8,0,0,0
2025,12,"00-0033858","J.Smith","TE","PIT",0,0,0,0,0,0,0,0,0,2,7,0,0,0,3,3,21,0,0,0
2025,12,"00-0033873","P.Mahomes","QB","KC",29,46,352,0,1,4,-6,0,1,4,30,0,0,0,0,0,0,0,0,0
2025,12,"00-0033906","A.Kamara","RB","NO",0,0,0,0,0,0,0,0,0,3,11,0,0,0,2,2,4,0,0,0
2025,12,"00-0033908","C.Kupp","WR","SEA",0,0,0,0,0,0,0,0,0,0,0,0,0,0,2,4,24,0,0,0
2025,12,"00-0033921","C.Godwin","WR","TB",0,0,0,0,0,0,0,0,0,0,0,0,0,0,2,4,9,0,0,0
2025,12,"00-0033923","K.Hunt","RB","KC",0,0,0,0,0,0,0,0,0,30,104,1,1,0,3,3,26,0,0,0
2025,12,"00-0034073","R.Dwelley","TE","DET",0,0,0,0,0,0,0,0,0,0,0,0,0,0,0,0,0,0,0,0
2025,12,"00-0034351","D.Goedert","TE","PHI",0,0,0,0,0,0,0,0,0,0,0,0,0,0,2,2,20,0,0,0
2025,12,"00-0034365","I.Thomas","TE","LV",0,0,0,0,0,0,0,0,0,0,0,0,0,0,4,4,36,0,0,0
2025,12,"00-0034383","D.Schultz","TE","HOU",0,0,0,0,0,0,0,0,0,0,0,0,0,0,1,4,8,0,0,0
2025,12,"00-0034521","A.Lazard","WR","NYJ",0,0,0,0,0,0,0,0,0,0,0,0,0,0,1,3,9,0,0,0
2025,12,"00-0034613","T.Hudson","TE","CIN",0,0,0,0,0,0,0,0,0,0,0,0,0,0,1,1,9,0,0,0
2025,12,"00-0034753","M.Andrews","TE","BAL",0,0,0,0,0,0,0,0,0,2,2,0,0,0,1,3,9,0,0,0
2025,12,"00-0034771","M.Rudolph","QB","PIT",24,31,171,1,1,2,-12,1,0,3,7,0,0,0,0,0,0,0,0,0
2025,12,"00-0034775","C.Kirk","WR","HOU",0,0,0,0,0,0,0,0,0,0,0,0,0,0,5,6,54,1,0,0
2025,12,"00-0034791","N.Chubb","RB","HOU",0,0,0,0,0,0,0,0,0,6,16,0,0,0,1,1,-1,0,0,0
2025,12,"00-0034796","L.Jackson","QB","BAL",13,23,153,0,0,1,-10,0,0,7,11,0,0,0,0,0,0,0,0,0
2025,12,"00-0034798","D.Smythe","TE","CHI",0,0,0,0,0,0,0,0,0,0,0,0,0,0,1,1,4,0,0,0
2025,12,"00-0034827","D.Moore","WR","CHI",0,0,0,0,0,0,0,0,0,0,0,0,0,0,5,7,64,2,0,0
2025,12,"00-0034829","M.Gesicki","TE","CIN",0,0,0,0,0,0,0,0,0,0,0,0,0,0,4,6,35,0,0,0
2025,12,"00-0034844","S.Barkley","RB","PHI",0,0,0,0,0,0,0,0,0,10,22,0,0,0,7,8,52,0,1,0
2025,12,"00-0034855","B.Mayfield","QB","TB",9,19,41,1,2,2,-12,0,0,4,19,0,0,0,0,0,0,0,0,0
2025,12,"00-0034857","J.Allen","QB","BUF",24,34,253,0,2,8,-70,0,0,5,20,0,0,0,0,0,0,0,0,0
2025,12,"00-0034860","D.Pettis","WR","NO",0,0,0,0,0,0,0,0,0,0,0,0,0,0,1,1,14,0,0,0
2025,12,"00-0034869","S.Darnold","QB","SEA",16,26,244,2,0,1,-5,0,0,1,-1,0,0,0,0,0,0,0,0,0
2025,12,"00-0034960","J.Meyers","WR","JAX",0,0,0,0,0,0,0,0,0,0,0,0,0,0,4,6,50,1,0,0
2025,12,"00-0034975","J.Hill","RB","BAL",0,0,0,0,0,0,0,0,0,0,0,0,0,0,0,0,0,0,0,0
2025,12,"00-0034981","F.Moreau","TE","NO",0,0,0,0,0,0,0,0,0,0,0,0,0,0,0,1,0,0,0,0
2025,12,"00-0035021","A.Dulin","WR","IND",0,0,0,0,0,0,0,0,0,0,0,0,0,0,1,1,48,0,0,0
2025,12,"00-0035100","J.Browning","QB","CIN",1,1,14,0,0,0,0,0,0,0,0,0,0,0,0,0,0,0,0,0
2025,12,"00-0035208","O.Zaccheaus","WR","CHI",0,0,0,0,0,0,0,0,0,0,0,0,0,0,1,1,6,0,0,0
2025,12,"00-0035229","T.Hockenson","TE","MIN",0,0,0,0,0,0,0,0,0,1,0,0,0,0,4,4,19,0,0,0
2025,12,"00-0035249","J.Oliver","TE","MIN",0,0,0,0,0,0,0,0,0,0,0,0,0,0,1,1,4,0,0,0
2025,12,"00-0035250","D.Singletary","RB","NYG",0,0,0,0,0,0,0,0,0,14,47,0,0,0,0,0,0,0,0,0
2025,12,"00-0035261","T.Pollard","RB","TEN",0,0,0,0,0,0,0,0,0,11,20,0,0,0,4,5,21,0,0,0
2025,12,"00-0035359","D.Sills","WR","ATL",0,0,0,0,0,0,0,0,0,0,0,0,0,0,2,3,16,1,0,0
2025,12,"00-0035500","G.Dortch","WR","ARI",0,0,0,0,0,0,0,0,0,2,-5,0,0,0,6,9,53,1,0,0
2025,12,"00-0035535","D.Slayton","WR","NYG",0,0,0,0,0,0,0,0,0,0,0,0,0,0,1,2,23,0,0,0
2025,12,"00-0035537","Ty.Johnson","RB","BUF",0,0,0,0,0,0,0,0,0,2,7,0,0,0,3,3,45,0,0,0
2025,12,"00-0035602","A.Bachman","WR","LV",0,0,0,0,0,0,0,0,0,0,0,0,0,0,0,0,0,0,0,0
2025,12,"00-0035631","D.Sample","TE","CIN",0,0,0,0,0,0,0,0,0,0,0,0,0,0,1,1,0,0,0,0
2025,12,"00-0035640","D.Metcalf","WR","PIT",0,0,0,0,0,0,0,0,0,2,12,1,0,0,5,8,22,0,0,0
2025,12,"00-0035644","N.Fant","TE","CIN",0,0,0,0,0,0,0,0,0,0,0,0,0,0,1,1,9,0,0,0
2025,12,"00-0035645","G.Olszewski","WR","NYG",1,1,33,1,0,0,0,0,0,0,0,0,0,0,0,0,0,0,0,0
2025,12,"00-0035662","M.Brown","WR","KC",0,0,0,0,0,0,0,0,0,0,0,0,0,0,1,1,10,0,0,0
2025,12,"00-0035676","A.Brown","WR","PHI",0,0,0,0,0,0,0,0,0,0,0,0,0,0,8,10,110,1,0,0
2025,12,"00-0035685","D.Montgomery","RB","DET",0,0,0,0,0,0,0,0,0,5,18,0,0,0,3,3,19,0,0,0
2025,12,"00-0035689","D.Knox","TE","BUF",0,0,0,0,0,0,0,0,0,0,0,0,0,0,3,4,17,0,0,0
2025,12,"00-0035710","D.Jones","QB","IND",19,31,181,2,0,0,0,0,0,3,16,0,0,0,0,0,0,0,0,0
2025,12,"00-0035891","C.White","WR","SEA",0,0,0,0,0,0,0,0,0,0,0,0,0,0,0,0,0,0,0,0
2025,12,"00-0036040","J.Johnson","TE","NO",0,0,0,0,0,0,0,0,0,0,0,0,0,0,6,7,46,0,0,0
2025,12,"00-0036133","J.Proche","WR","TEN",0,0,0,0,0,0,0,0,0,0,0,0,0,0,3,3,42,0,0,0
2025,12,"00-0036139","R.Dowdle","RB","CAR",0,0,0,0,0,0,0,0,0,6,38,0,0,0,4,4,36,0,0,0
2025,12,"00-0036165","I.Hodgins","WR","NYG",0,0,0,0,0,0,0,0,0,0,0,0,0,0,2,6,42,1,0,0
2025,12,"00-0036176","M.Kinsey","WR","TEN",0,0,0,0,0,0,0,0,0,0,0,0,0,0,0,0,0,0,0,0
2025,12,"00-0036187","R.Gilliam","RB","BUF",0,0,0,0,0,0,0,0,0,0,0,0,0,0,1,1,2,0,0,0
2025,12,"00-0036196","G.Davis","WR","BUF",0,0,0,0,0,0,0,0,0,0,0,0,0,0,1,2,22,0,0,0
2025,12,"00-0036223","J.Taylor","RB","IND",0,0,0,0,0,0,0,0,0,16,58,0,0,0,2,3,8,0,0,0
2025,12,"00-0036244","C.Parkinson","TE","LA",0,0,0,0,0,0,0,0,0,0,0,0,0,0,4,4,41,1,0,0
2025,12,"00-0036252","M.Pittman","WR","IND",0,0,0,0,0,0,0,0,0,0,0,0,0,0,5,8,27,1,0,0
2025,12,"00-0036259","J.Jennings","WR","SF",0,0,0,0,0,0,0,0,0,0,0,0,0,0,5,7,41,1,0,0
2025,12,"00-0036264","J.Love","QB","GB",14,21,139,0,0,1,-4,0,0,3,15,0,0,0,0,0,0,0,0,0
2025,12,"00-0036275","D.Swift","RB","CHI",0,0,0,0,0,0,0,0,0,8,15,0,1,0,1,1,14,0,0,0
2025,12,"00-0036290","C.Kmet","TE","CHI",0,0,0,0,0,0,0,0,0,0,0,0,0,0,1,1,3,0,0,0
2025,12,"00-0036309","D.Mooney","WR","ATL",0,0,0,0,0,0,0,0,0,0,0,0,0,0,3,3,74,1,0,0
2025,12,"00-0036322","J.Jefferson","WR","MIN",0,0,0,0,0,0,0,0,0,0,0,0,0,0,4,6,48,0,0,0
2025,12,"00-0036331","D.Duvernay","WR","CHI",0,0,0,0,0,0,0,0,0,0,0,0,0,0,0,0,0,0,0,0
2025,12,"00-0036332","J.Deguara","TE","ARI",0,0,0,0,0,0,0,0,0,0,0,0,0,0,1,1,6,0,0,0
2025,12,"00-0036358","C.Lamb","WR","DAL",0,0,0,0,0,0,0,0,0,0,0,0,0,0,4,11,75,0,0,0
2025,12,"00-0036360","C.Edwards-Helaire","RB","KC",0,0,0,0,0,0,0,0,0,5,8,0,0,0,2,2,9,0,0,0
2025,12,"00-0036389","J.Hurts","QB","PHI",27,39,289,1,0,1,-13,0,0,7,33,2,0,0,0,0,0,0,0,0
2025,12,"00-0036407","J.Jeudy","WR","CLE",0,0,0,0,0,0,0,0,0,0,0,0,0,0,1,3,39,0,1,0
2025,12,"00-0036410","T.Higgins","WR","CIN",0,0,0,0,0,0,0,0,0,0,0,0,0,0,5,6,31,0,0,0
2025,12,"00-0036415","V.Jefferson","WR","TEN",0,0,0,0,0,0,0,0,0,0,0,0,0,0,1,1,11,0,0,0
2025,12,"00-0036429","C.Woerner","TE","ATL",0,0,0,0,0,0,0,0,0,0,0,0,0,0,3,3,24,0,0,0
2025,12,"00-0036554","N.Collins","WR","HOU",0,0,0,0,0,0,0,0,0,0,0,0,0,0,3,3,55,0,0,0
2025,12,"00-0036555","C.Hubbard","RB","CAR",0,0,0,0,0,0,0,0,0,3,16,0,0,0,4,4,27,0,0,0
2025,12,"00-0036569","G.Brightwell","RB","CIN",0,0,0,0,0,0,0,0,0,0,0,0,0,0,0,0,0,0,0,0
2025,12,"00-0036590","Q.Morris","TE","JAX",0,0,0,0,0,0,0,0,0,0,0,0,0,0,0,0,0,0,0,0
2025,12,"00-0036630","T.Wallace","WR","BAL",0,0,0,0,0,0,0,0,0,0,0,0,0,0,0,1,0,0,0,0
2025,12,"00-0036637","N.Gray","TE","KC",0,0,0,0,0,0,0,0,0,0,0,0,0,0,3,4,25,0,0,0
2025,12,"00-0036741","J.Stoll","TE","NO",0,0,0,0,0,0,0,0,0,0,0,0,0,0,1,1,7,0,0,0
2025,12,"00-0036754","B.Wright","TE","DET",0,0,0,0,0,0,0,0,0,0,0,0,0,0,3,4,29,0,0,0
2025,12,"00-0036825","F.Franks","TE","ATL",0,0,0,0,0,0,0,0,0,1,2,0,0,0,0,0,0,0,0,0
2025,12,"00-0036841","A.Trammell","WR","JAX",0,0,0,0,0,0,0,0,0,0,0,0,0,0,0,1,0,0,0,0
2025,12,"00-0036842","K.Nwangwu","RB","NYJ",0,0,0,0,0,0,0,0,0,0,0,0,0,0,0,0,0,0,0,0
2025,12,"00-0036862","B.Skowronek","WR","PIT",0,0,0,0,0,0,0,0,0,0,0,0,0,0,1,1,21,0,0,0
2025,12,"00-0036875","R.Stevenson","RB","NE",0,0,0,0,0,0,0,0,0,6,5,0,0,0,1,2,5,0,0,0
2025,12,"00-0036887","L.Farrell","TE","SF",0,0,0,0,0,0,0,0,0,0,0,0,0,0,1,1,3,0,0,0
2025,12,"00-0036894","P.Freiermuth","TE","PIT",0,0,0,0,0,0,0,0,0,0,0,0,0,0,3,3,19,1,0,0
2025,12,"00-0036898","D.Mills","QB","HOU",16,30,153,2,0,0,0,0,0,2,4,0,0,0,0,0,0,0,0,0
2025,12,"00-0036912","D.Smith","WR","PHI",0,0,0,0,0,0,0,0,0,0,0,0,0,0,6,11,89,0,0,0
2025,12,"00-0036919","K.Gainwell","RB","PIT",0,0,0,0,0,0,0,0,0,10,92,0,0,0,6,6,30,0,0,0
2025,12,"00-0036924","M.Carter","RB","ARI",0,0,0,0,0,0,0,0,0,5,28,0,0,0,3,3,30,0,0,0
2025,12,"00-0036963","A.St. Brown","WR","DET",0,0,0,0,0,0,0,0,0,0,0,0,0,0,9,13,149,1,0,0
2025,12,"00-0036970","K.Pitts","TE","ATL",0,0,0,0,0,0,0,0,0,0,0,0,0,0,2,5,25,0,0,0
2025,12,"00-0036971","T.Lawrence","QB","JAX",18,30,256,3,3,3,-19,1,0,5,29,0,0,0,0,0,0,0,0,0
2025,12,"00-0036973","T.Etienne","RB","JAX",0,0,0,0,0,0,0,0,0,15,86,0,0,0,3,4,30,1,0,0
2025,12,"00-0036980","E.Moore","WR","BUF",0,0,0,0,0,0,0,0,0,0,0,0,0,0,1,3,-3,0,0,0
2025,12,"00-0036988","J.Palmer","WR","BUF",0,0,0,0,0,0,0,0,0,0,0,0,0,0,2,4,21,0,0,0
2025,12,"00-0036997","J.Williams","RB","DAL",0,0,0,0,0,0,0,0,0,20,87,0,0,0,2,3,14,0,0,0
2025,12,"00-0037031","N.Kalinic","TE","CHI",0,0,0,0,0,0,0,0,0,0,0,0,0,0,0,0,0,0,0,0
2025,12,"00-0037086","G.Calcaterra","TE","PHI",0,0,0,0,0,0,0,0,0,0,0,0,0,0,1,1,8,0,0,0
2025,12,"00-0037120","T.Goodson","RB","IND",0,0,0,0,0,0,0,0,0,0,0,0,0,0,0,0,0,0,0,0
2025,12,"00-0037157","Z.Knight","RB","ARI",0,0,0,0,0,0,0,0,0,10,12,1,0,0,4,5,20,0,0,0
2025,12,"00-0037228","J.Warren","RB","PIT",0,0,0,0,0,0,0,0,0,18,68,1,0,0,0,0,0,0,0,0
2025,12,"00-0037239","C.Olave","WR","NO",0,0,0,0,0,0,0,0,0,0,0,0,0,0,9,13,70,0,0,0
2025,12,"00-0037240","J.Williams","WR","DET",0,0,0,0,0,0,0,0,0,0,0,0,0,0,0,3,0,0,0,0
2025,12,"00-0037247","G.Pickens","WR","DAL",0,0,0,0,0,0,0,0,0,0,0,0,0,0,9,9,146,1,0,0
2025,12,"00-0037248","J.Cook","RB","BUF",0,0,0,0,0,0,0,0,0,17,116,1,0,0,3,3,13,0,0,0
2025,12,"00-0037256","R.White","RB","TB",0,0,0,0,0,0,0,0,0,7,38,0,0,0,1,1,4,0,0,0
2025,12,"00-0037261","K.Shakir","WR","BUF",0,0,0,0,0,0,0,0,0,0,0,0,0,0,8,10,110,0,1,0
2025,12,"00-0037263","T.Allgeier","RB","ATL",0,0,0,0,0,0,0,0,0,12,44,0,0,0,1,1,5,0,0,0
2025,12,"00-0037267","J.Ford","RB","CLE",0,0,0,0,0,0,0,0,0,1,-3,0,0,0,0,0,0,0,0,0
2025,12,"00-0037277","T.Quitoriano","TE","ATL",0,0,0,0,0,0,0,0,0,0,0,0,0,0,0,0,0,0,0,0
2025,12,"00-0037291","J.Nailor","WR","MIN",0,0,0,0,0,0,0,0,0,0,0,0,0,0,0,1,0,0,0,0
2025,12,"00-0037292","A.Ogletree","TE","IND",0,0,0,0,0,0,0,0,0,0,0,0,0,0,2,2,8,1,0,0
2025,12,"00-0037306","J.FitzPatrick","TE","GB",0,0,0,0,0,0,0,0,0,0,0,0,0,0,1,1,11,0,0,0
2025,12,"00-0037525","J.Mason","RB","MIN",0,0,0,0,0,0,0,0,0,8,42,0,0,0,0,0,0,0,0,0
2025,12,"00-0037545","R.Shaheed","WR","SEA",0,0,0,0,0,0,0,0,0,1,5,0,0,0,0,2,0,0,0,0
2025,12,"00-0037563","M.Davis","RB","DAL",0,0,0,0,0,0,0,0,0,3,24,0,0,0,0,0,0,0,0,0
2025,12,"00-0037594","J.Chestnut","RB","TEN",0,0,0,0,0,0,0,0,0,2,3,0,0,0,0,0,0,0,0,0
2025,12,"00-0037614","J.Metchie","WR","NYJ",0,0,0,0,0,0,0,0,0,0,0,0,0,0,6,7,65,1,0,0
2025,12,"00-0037664","A.Pierce","WR","IND",0,0,0,0,0,0,0,0,0,0,0,0,0,0,1,2,26,0,0,0
2025,12,"00-0037741","J.Dotson","WR","PHI",0,0,0,0,0,0,0,0,0,0,0,0,0,0,0,1,0,0,0,0
2025,12,"00-0037744","T.McBride","TE","ARI",0,0,0,0,0,0,0,0,0,0,0,0,0,0,9,10,79,0,0,0
2025,12,"00-0037746","B.Robinson","RB","SF",0,0,0,0,0,0,0,0,0,7,40,0,0,0,1,2,4,0,0,0
2025,12,"00-0037801","K.Turpin","WR","DAL",0,0,0,0,0,0,0,0,0,2,4,0,1,0,1,2,48,0,0,0
2025,12,"00-0037809","C.Okonkwo","TE","TEN",0,0,0,0,0,0,0,0,0,0,0,0,0,0,3,4,40,0,0,0
2025,12,"00-0037816","R.Doubs","WR","GB",0,0,0,0,0,0,0,0,0,0,0,0,0,0,2,3,23,0,0,0
2025,12,"00-0037834","B.Purdy","QB","SF",23,32,193,1,3,0,0,0,0,6,16,0,0,0,0,0,0,0,0,0
2025,12,"00-0037837","C.Austin","WR","PIT",0,0,0,0,0,0,0,0,0,0,0,0,0,0,4,5,36,0,0,0
2025,12,"00-0037838","I.Likely","TE","BAL",0,0,0,0,0,0,0,0,0,0,0,0,0,0,1,3,10,0,0,0
2025,12,"00-0037840","K.Williams","RB","LA",0,0,0,0,0,0,0,0,0,12,46,0,0,0,1,1,2,0,0,0
2025,12,"00-0038041","J.Ferguson","TE","DAL",0,0,0,0,0,0,0,0,0,1,1,0,0,0,5,6,60,0,0,0
2025,12,"00-0038046","C.Kolar","TE","BAL",0,0,0,0,0,0,0,0,0,0,0,0,0,0,0,0,0,0,0,0
2025,12,"00-0038090","S.Moore","WR","SF",0,0,0,0,0,0,0,0,0,0,0,0,0,0,0,0,0,0,0,0
2025,12,"00-0038104","T.Thornton","WR","KC",0,0,0,0,0,0,0,0,0,0,0,0,0,0,0,1,0,0,0,0
2025,12,"00-0038115","D.Bellinger","TE","NYG",0,0,0,0,0,0,0,0,0,0,0,0,0,0,0,2,0,0,0,0
2025,12,"00-0038117","W.Robinson","WR","NYG",0,0,0,0,0,0,0,0,0,1,0,0,0,0,9,14,156,1,0,0
2025,12,"00-0038120","B.Hall","RB","NYJ",0,0,0,0,0,0,0,0,0,16,44,0,1,0,4,4,75,0,0,0
2025,12,"00-0038124","C.Watson","WR","GB",0,0,0,0,0,0,0,0,0,0,0,0,0,0,5,7,49,0,0,0
2025,12,"00-0038128","M.Willis","QB","GB",1,1,7,0,0,0,0,0,0,2,3,0,0,0,0,0,0,0,0,0
2025,12,"00-0038129","C.Otton","TE","TB",0,0,0,0,0,0,0,0,0,0,0,0,0,0,4,7,21,0,0,0
2025,12,"00-0038134","K.Walker","RB","SEA",0,0,0,0,0,0,0,0,0,11,71,0,0,0,3,4,30,0,0,0
2025,12,"00-0038393","D.Wicks","WR","GB",0,0,0,0,0,0,0,0,0,0,0,0,0,0,2,4,32,0,0,0
2025,12,"00-0038396","E.Gray","RB","NYG",0,0,0,0,0,0,0,0,0,0,0,0,0,0,0,0,0,0,0,0
2025,12,"00-0038454","K.Mitchell","RB","BAL",0,0,0,0,0,0,0,0,0,2,10,0,0,0,1,1,9,0,0,0
2025,12,"00-0038458","O.Wright","RB","TB",0,0,0,0,0,0,0,0,0,3,6,0,0,0,0,0,0,0,0,0
2025,12,"00-0038488","B.Russell","RB","SEA",0,0,0,0,0,0,0,0,0,0,0,0,0,0,0,0,0,0,0,0
2025,12,"00-0038496","X.Gipson","WR","PHI",0,0,0,0,0,0,0,0,0,0,0,0,0,0,1,1,3,0,0,0
2025,12,"00-0038519","N.Remigio","WR","KC",0,0,0,0,0,0,0,0,0,0,0,0,0,0,0,0,0,0,0,0
2025,12,"00-0038542","B.Robinson","RB","ATL",0,0,0,0,0,0,0,0,0,14,70,0,0,1,2,2,37,0,0,0
2025,12,"00-0038543","J.Smith-Njigba","WR","SEA",0,0,0,0,0,0,0,0,0,1,4,0,0,0,8,10,167,2,0,0
2025,12,"00-0038547","L.Schoonmaker","TE","DAL",0,0,0,0,0,0,0,0,0,0,0,0,0,0,0,1,0,0,0,0
2025,12,"00-0038555","T.Bigsby","RB","PHI",0,0,0,0,0,0,0,0,0,1,8,0,0,0,0,0,0,0,0,0
2025,12,"00-0038558","D.Washington","TE","PIT",0,0,0,0,0,0,0,0,0,0,0,0,0,0,2,2,22,0,0,0
2025,12,"00-0038559","M.Wilson","WR","ARI",0,0,0,0,0,0,0,0,0,0,0,0,0,0,10,15,118,0,0,0
2025,12,"00-0038563","T.Tucker","WR","LV",0,0,0,0,0,0,0,0,0,0,0,0,0,0,3,10,28,0,0,0
2025,12,"00-0038564","C.Latu","TE","PHI",0,0,0,0,0,0,0,0,0,0,0,0,0,0,0,0,0,0,0,0
2025,12,"00-0038576","C.Jones","WR","CIN",0,0,0,0,0,0,0,0,0,0,0,0,0,0,0,1,0,0,0,0
2025,12,"00-0038589","J.Whyle","TE","GB",0,0,0,0,0,0,0,0,0,0,0,0,0,0,1,1,1,0,0,0
2025,12,"00-0038597","C.Brown","RB","CIN",0,0,0,0,0,0,0,0,0,19,107,0,0,0,2,4,23,0,0,0
2025,12,"00-0038606","P.Washington","WR","JAX",0,0,0,0,0,0,0,0,0,0,0,0,0,0,5,7,71,1,0,0
2025,12,"00-0038608","K.Boutte","WR","NE",0,0,0,0,0,0,0,0,0,0,0,0,0,0,2,2,15,0,0,0
2025,12,"00-0038618","X.Hutchinson","WR","HOU",0,0,0,0,0,0,0,0,0,1,9,0,0,0,0,0,0,0,0,0
2025,12,"00-0038619","A.Iosivas","WR","CIN",0,0,0,0,0,0,0,0,0,1,5,0,0,0,4,7,61,0,0,0
2025,12,"00-0038621","D.Douglas","WR","NE",0,0,0,0,0,0,0,0,0,1,14,0,0,0,1,1,37,0,0,0
2025,12,"00-0038685","C.Brooks","RB","GB",0,0,0,0,0,0,0,0,0,8,21,0,0,0,1,1,5,0,0,0
2025,12,"00-0038738","H.Luepke","RB","DAL",0,0,0,0,0,0,0,0,0,0,0,0,0,0,1,1,7,0,0,0
2025,12,"00-0038752","J.Bobo","WR","SEA",0,0,0,0,0,0,0,0,0,0,0,0,0,0,0,0,0,0,0,0
2025,12,"00-0038797","E.Wilson","RB","GB",0,0,0,0,0,0,0,0,0,28,107,2,0,0,2,2,18,0,0,0
2025,12,"00-0038839","M.Tinsley","WR","CIN",0,0,0,0,0,0,0,0,0,0,0,0,0,0,2,6,29,1,0,0
2025,12,"00-0038840","B.Tremayne","WR","CAR",0,0,0,0,0,0,0,0,0,0,0,0,0,0,0,0,0,0,0,0
2025,12,"00-0038896","J.Saylors","RB","DET",0,0,0,0,0,0,0,0,0,0,0,0,0,0,0,0,0,0,0,0
2025,12,"00-0038935","B.Strange","TE","JAX",0,0,0,0,0,0,0,0,0,0,0,0,0,0,5,5,93,0,0,0
2025,12,"00-0038951","S.Tucker","RB","TB",0,0,0,0,0,0,0,0,0,12,42,0,0,0,1,2,4,0,0,0
2025,12,"00-0038953","D.Drummond","WR","ATL",0,0,0,0,0,0,0,0,0,0,0,0,0,0,3,3,18,0,0,0
2025,12,"00-0038979","C.Tillman","WR","CLE",0,0,0,0,0,0,0,0,0,0,0,0,0,0,1,3,5,0,0,0
2025,12,"00-0038994","J.Addison","WR","MIN",0,0,0,0,0,0,0,0,0,0,0,0,0,0,0,1,0,0,0,0
2025,12,"00-0038997","J.Downs","WR","IND",0,0,0,0,0,0,0,0,0,0,0,0,0,0,2,6,10,0,0,0
2025,12,"00-0039032","T.Spears","RB","TEN",0,0,0,0,0,0,0,0,0,3,4,0,0,0,4,5,21,0,0,0
2025,12,"00-0039041","E.Higgins","TE","ARI",0,0,0,0,0,0,0,0,0,0,0,0,0,0,0,0,0,0,0,0
2025,12,"00-0039064","Z.Flowers","WR","BAL",0,0,0,0,0,0,0,0,0,2,11,0,0,0,5,6,58,0,0,0
2025,12,"00-0039066","M.Mayer","TE","LV",0,0,0,0,0,0,0,0,0,0,0,0,0,0,1,1,14,0,0,0
2025,12,"00-0039067","R.Rice","WR","KC",0,0,0,0,0,0,0,0,0,0,0,0,0,0,8,12,141,0,0,1
2025,12,"00-0039074","D.Allen","TE","LA",0,0,0,0,0,0,0,0,0,0,0,0,0,0,3,4,29,0,0,0
2025,12,"00-0039075","P.Nacua","WR","LA",0,0,0,0,0,0,0,0,0,0,0,0,0,0,7,11,97,0,0,0
2025,12,"00-0039139","J.Gibbs","RB","DET",0,0,0,0,0,0,0,0,0,15,219,2,0,0,11,12,45,1,0,0
2025,12,"00-0039144","L.Musgrave","TE","GB",0,0,0,0,0,0,0,0,0,0,0,0,0,0,1,2,7,0,0,0
2025,12,"00-0039150","B.Young","QB","CAR",18,29,169,1,2,1,-8,0,0,4,15,0,0,0,0,0,0,0,0,0
2025,12,"00-0039165","Z.Charbonnet","RB","SEA",0,0,0,0,0,0,0,0,0,6,35,1,0,0,0,0,0,0,0,0
2025,12,"00-0039338","B.Bowers","TE","LV",0,0,0,0,0,0,0,0,0,0,0,0,0,0,6,9,55,0,0,0
2025,12,"00-0039342","X.Legette","WR","CAR",0,0,0,0,0,0,0,0,0,0,0,0,0,0,3,5,22,0,0,0
2025,12,"00-0039356","J.Sanders","TE","CAR",0,0,0,0,0,0,0,0,0,0,0,0,0,0,1,1,6,0,0,0
2025,12,"00-0039359","C.Stover","TE","HOU",0,0,0,0,0,0,0,0,0,0,0,0,0,0,0,2,0,0,0,0
2025,12,"00-0039384","T.Tracy","RB","NYG",0,0,0,0,0,0,0,0,0,20,62,0,0,0,3,4,68,0,0,0
2025,12,"00-0039407","D.Laube","RB","LV",0,0,0,0,0,0,0,0,0,0,0,0,0,0,0,0,0,0,0,0
2025,12,"00-0039410","R.Flournoy","WR","DAL",0,0,0,0,0,0,0,0,0,0,0,0,0,0,0,1,0,0,0,0
2025,12,"00-0039424","D.Vele","WR","NO",0,0,0,0,0,0,0,0,0,0,0,0,0,0,3,7,37,0,0,0
2025,12,"00-0039451","I.Williams","WR","NYJ",0,0,0,0,0,0,0,0,0,0,0,0,0,0,0,0,0,0,0,0
2025,12,"00-0039491","J.Coker","WR","CAR",0,0,0,0,0,0,0,0,0,0,0,0,0,0,3,4,32,0,0,0
2025,12,"00-0039521","X.Weaver","WR","ARI",0,0,0,0,0,0,0,0,0,0,0,0,0,0,1,3,9,0,0,0
2025,12,"00-0039530","B.Spann-Ford","TE","DAL",0,0,0,0,0,0,0,0,0,0,0,0,0,0,1,1,4,1,0,0
2025,12,"00-0039577","K.Slovis","QB","ARI",1,1,-2,0,0,0,0,0,0,0,0,0,0,0,0,0,0,0,0,0
2025,12,"00-0039589","K.Johnson","WR","TB",0,0,0,0,0,0,0,0,0,0,0,0,0,0,0,0,0,0,0,0
2025,12,"00-0039603","B.Brooks","RB","HOU",0,0,0,0,0,0,0,0,0,0,0,0,0,0,0,0,0,0,0,0
2025,12,"00-0039623","M.Tipton","WR","NO",0,0,0,0,0,0,0,0,0,1,11,0,0,0,3,4,22,0,0,0
2025,12,"00-0039738","B.Corum","RB","LA",0,0,0,0,0,0,0,0,0,7,24,0,0,0,0,0,0,0,0,0
2025,12,"00-0039739","R.Wilson","WR","PIT",0,0,0,0,0,0,0,0,0,0,0,0,0,0,0,3,0,0,0,0
2025,12,"00-0039746","W.Shipley","RB","PHI",0,0,0,0,0,0,0,0,0,0,0,0,0,0,0,0,0,0,0,0
2025,12,"00-0039751","J.Whittington","WR","LA",0,0,0,0,0,0,0,0,0,0,0,0,0,0,3,3,17,0,0,0
2025,12,"00-0039757","T.Jennings","RB","NE",0,0,0,0,0,0,0,0,0,1,0,0,0,0,0,0,0,0,0,0
2025,12,"00-0039792","D.Walker","WR","BAL",0,0,0,0,0,0,0,0,0,0,0,0,0,0,1,1,30,0,0,0
2025,12,"00-0039793","A.Barner","TE","SEA",0,0,0,0,0,0,0,0,0,0,0,0,0,0,2,4,18,0,0,0
2025,12,"00-0039798","I.Davis","RB","NYJ",0,0,0,0,0,0,0,0,0,4,7,0,0,0,0,0,0,0,0,0
2025,12,"00-0039816","A.Gould","WR","IND",0,0,0,0,0,0,0,0,0,0,0,0,0,0,0,0,0,0,0,0
2025,12,"00-0039847","T.Johnson","TE","NYG",0,0,0,0,0,0,0,0,0,0,0,0,0,0,3,5,77,0,0,0
2025,12,"00-0039851","D.Maye","QB","NE",22,35,294,1,1,1,-9,0,0,5,22,0,0,0,0,0,0,0,0,0
2025,12,"00-0039875","R.Davis","RB","BUF",0,0,0,0,0,0,0,0,0,0,0,0,0,0,0,0,0,0,0,0
2025,12,"00-0039890","A.Mitchell","WR","NYJ",0,0,0,0,0,0,0,0,0,0,0,0,0,0,2,7,42,0,0,0
2025,12,"00-0039894","X.Worthy","WR","KC",0,0,0,0,0,0,0,0,0,0,0,0,0,0,4,8,59,0,0,0
2025,12,"00-0039916","R.Pearsall","WR","SF",0,0,0,0,0,0,0,0,0,1,2,0,0,0,2,4,6,0,0,0
2025,12,"00-0039918","C.Williams","QB","CHI",19,35,239,3,0,1,-10,1,0,4,21,0,0,0,0,0,0,0,0,0
2025,12,"00-0039919","R.Odunze","WR","CHI",0,0,0,0,0,0,0,0,0,0,0,0,0,0,3,9,53,0,0,0
2025,12,"00-0039920","M.Corley","WR","CLE",0,0,0,0,0,0,0,0,0,1,-6,0,0,0,1,1,8,0,0,0
2025,12,"00-0039923","J.McCarthy","QB","MIN",12,19,87,0,2,5,-35,0,0,2,10,0,0,0,0,0,0,0,0,0
2025,12,"00-0040009","S.Williams","WR","GB",0,0,0,0,0,0,0,0,0,1,0,0,0,0,0,0,0,0,0,0
2025,12,"00-0040024","D.Cooper","WR","PHI",0,0,0,0,0,0,0,0,0,0,0,0,0,0,2,2,7,0,0,0
2025,12,"00-0040075","L.Wester","WR","BAL",0,0,0,0,0,0,0,0,0,0,0,0,0,0,0,0,0,0,0,0
2025,12,"00-0040078","B.Smith","RB","KC",0,0,0,0,0,0,0,0,0,1,5,0,0,0,3,4,31,0,0,0
2025,12,"00-0040122","A.Jeanty","RB","LV",0,0,0,0,0,0,0,0,0,17,50,0,0,0,8,8,58,1,0,0
2025,12,"00-0040124","T.McMillan","WR","CAR",0,0,0,0,0,0,0,0,0,0,0,0,0,0,2,7,35,1,0,0
2025,12,"00-0040126","C.Loveland","TE","CHI",0,0,0,0,0,0,0,0,0,0,0,0,0,0,4,5,49,1,0,0
2025,12,"00-0040128","T.Warren","TE","IND",0,0,0,0,0,0,0,0,0,0,0,0,0,0,5,7,45,0,0,0
2025,12,"00-0040129","E.Egbuka","WR","TB",0,0,0,0,0,0,0,0,0,0,0,0,0,0,3,8,32,0,0,0
2025,12,"00-0040130","J.Higgins","WR","HOU",0,0,0,0,0,0,0,0,0,0,0,0,0,0,4,9,38,1,0,0
2025,12,"00-0040131","K.Williams","WR","NE",0,0,0,0,0,0,0,0,0,0,0,0,0,0,1,1,18,0,0,0
2025,12,"00-0040138","J.Noel","WR","HOU",0,0,0,0,0,0,0,0,0,1,5,0,0,0,1,2,4,0,0,0
2025,12,"00-0040154","T.Felton","WR","MIN",0,0,0,0,0,0,0,0,0,0,0,0,0,0,0,0,0,0,0,0
2025,12,"00-0040162","D.Sampson","RB","CLE",0,0,0,0,0,0,0,0,0,7,23,0,0,0,2,3,59,1,0,0
2025,12,"00-0040187","M.Evans","TE","CAR",0,0,0,0,0,0,0,0,0,0,0,0,0,0,0,1,0,0,0,0
2025,12,"00-0040194","J.Hawes","TE","BUF",0,0,0,0,0,0,0,0,0,0,0,0,0,0,2,2,26,0,0,0
2025,12,"00-0040202","D.Neal","RB","NO",0,0,0,0,0,0,0,0,0,7,18,0,0,0,5,7,43,0,0,0
2025,12,"00-0040205","K.Mullings","RB","TEN",0,0,0,0,0,0,0,0,0,0,0,0,0,0,0,0,0,0,0,0
2025,12,"00-0040208","T.Brooks","RB","CIN",0,0,0,0,0,0,0,0,0,2,5,0,0,0,0,1,0,0,0,0
2025,12,"00-0040218","Ji.Horn","WR","CAR",0,0,0,0,0,0,0,0,0,0,0,0,0,0,1,1,11,0,0,0
2025,12,"00-0040236","K.Monangai","RB","CHI",0,0,0,0,0,0,0,0,0,12,48,1,0,0,0,0,0,0,0,0
2025,12,"00-0040237","T.Johnson","WR","TB",0,0,0,0,0,0,0,0,0,2,12,0,0,0,3,4,21,1,0,0
2025,12,"00-0040238","L.Allen","RB","JAX",0,0,0,0,0,0,0,0,0,1,2,0,0,0,0,0,0,0,0,0
2025,12,"00-0040259","G.Larvadain","WR","CLE",0,0,0,0,0,0,0,0,0,0,0,0,0,0,0,0,0,0,0,0
2025,12,"00-0040506","M.Price","WR","MIN",0,0,0,0,0,0,0,0,0,0,0,0,0,0,0,0,0,0,0,0
2025,12,"00-0040522","X.Restrepo","WR","TEN",0,0,0,0,0,0,0,0,0,0,0,0,0,0,2,6,26,0,0,0
2025,12,"00-0040534","K.Williams","WR","PIT",0,0,0,0,0,0,0,0,0,0,0,0,0,0,0,0,0,0,0,0
2025,12,"00-0040581","D.Thornton","WR","LV",0,0,0,0,0,0,0,0,0,0,0,0,0,0,1,2,14,0,0,0
2025,12,"00-0040582","A.Smith","WR","NYJ",0,0,0,0,0,0,0,0,0,1,8,0,0,0,0,0,0,0,0,0
2025,12,"00-0040583","W.Marks","RB","HOU",0,0,0,0,0,0,0,0,0,16,74,0,0,0,1,1,-5,0,0,0
2025,12,"00-0040584","G.Helm","TE","TEN",0,0,0,0,0,0,0,0,0,0,0,0,0,0,6,7,51,0,0,0
2025,12,"00-0040590","K.Mumpfield","WR","LA",0,0,0,0,0,0,0,0,0,0,0,0,0,0,2,2,25,0,0,0
2025,12,"00-0040644","T.Etienne","RB","CAR",0,0,0,0,0,0,0,0,0,0,0,0,0,0,0,0,0,0,0,0
2025,12,"00-0040663","H.Fannin","TE","CLE",0,0,0,0,0,0,0,0,0,1,4,0,0,0,4,6,40,0,0,0
2025,12,"00-0040668","S.Sanders","QB","CLE",11,20,209,1,1,1,-3,0,0,1,-1,0,0,0,0,0,0,0,0,0
2025,12,"00-0040669","I.TeSlaa","WR","DET",0,0,0,0,0,0,0,0,0,0,0,0,0,0,0,1,0,0,0,0
2025,12,"00-0040676","C.Ward","QB","TEN",28,42,256,1,0,4,-24,0,0,6,37,1,0,0,0,0,0,0,0,0
2025,12,"00-0040705","C.Dike","WR","TEN",0,0,0,0,0,0,0,0,0,0,0,0,0,0,5,7,44,1,0,0
2025,12,"00-0040719","B.Tuten","RB","JAX",0,0,0,0,0,0,0,0,0,7,17,0,0,0,0,1,0,0,0,0
2025,12,"00-0040734","T.Henderson","RB","NE",0,0,0,0,0,0,0,0,0,18,66,0,0,0,3,4,15,0,0,0
2025,12,"00-0040735","L.Burden","WR","CHI",0,0,0,0,0,0,0,0,0,1,15,0,0,0,3,5,46,0,0,0
2025,12,"00-0040736","M.Taylor","TE","NYJ",0,0,0,0,0,0,0,0,0,0,0,0,0,0,3,5,21,0,0,0
2025,12,"00-0040737","T.Ferguson","TE","LA",0,0,0,0,0,0,0,0,0,0,0,0,0,0,0,1,0,0,0,0
2025,12,"00-0040739","E.Arroyo","TE","SEA",0,0,0,0,0,0,0,0,0,0,0,0,0,0,1,1,5,0,0,0
2025,12,"00-0040743","T.Shough","QB","NO",30,43,243,0,1,5,-29,0,0,7,22,0,1,0,0,0,0,0,0,0
2025,12,"00-0040782","I.Bond","WR","CLE",0,0,0,0,0,0,0,0,0,0,0,0,0,0,2,2,58,0,0,0
2025,12,"00-0040784","Q.Judkins","RB","CLE",0,0,0,0,0,0,0,0,0,16,47,2,0,0,0,0,0,0,0,0
2025,13,"00-0023459","A.Rodgers","QB","PIT",10,21,117,0,0,1,-9,1,0,1,0,0,0,0,0,0,0,0,0,0
2025,13,"00-0026498","M.Stafford","QB","LA",18,28,243,2,2,2,-16,1,0,1,-1,0,0,0,0,0,0,0,0,0
2025,13,"00-0028118","T.Taylor","QB","NYJ",19,33,172,1,0,2,-13,0,0,8,44,1,0,0,0,0,0,0,0,0
2025,13,"00-0029604","K.Cousins","QB","ATL",21,33,234,1,0,2,-12,0,0,0,0,0,0,0,0,0,0,0,0,0
2025,13,"00-0030061","Z.Ertz","TE","WAS",0,0,0,0,0,0,0,0,0,0,0,0,0,0,10,13,106,0,0,0
2025,13,"00-0030279","K.Allen","WR","LAC",0,0,0,0,0,0,0,0,0,0,0,0,0,0,4,5,30,0,0,0
2025,13,"00-0030506","T.Kelce","TE","KC",0,0,0,0,0,0,0,0,0,0,0,0,0,0,5,6,45,1,0,0
2025,13,"00-0030564","D.Hopkins","WR","BAL",0,0,0,0,0,0,0,0,0,0,0,0,0,0,2,3,25,0,0,0
2025,13,"00-0030565","G.Smith","QB","LV",18,23,165,2,1,5,-40,0,0,2,-6,0,0,0,0,0,0,0,0,0
2025,13,"00-0031236","B.Cooks","WR","BUF",0,0,0,0,0,0,0,0,0,0,0,0,0,0,1,1,13,0,0,0
2025,13,"00-0031381","D.Adams","WR","LA",0,0,0,0,0,0,0,0,0,0,0,0,0,0,4,5,58,2,0,0
2025,13,"00-0031588","S.Diggs","WR","NE",0,0,0,0,0,0,0,0,0,0,0,0,0,0,3,4,26,0,0,0
2025,13,"00-0031610","D.Waller","TE","MIA",0,0,0,0,0,0,0,0,0,0,0,0,0,0,2,3,47,0,0,0
2025,13,"00-0031687","R.Mostert","RB","LV",0,0,0,0,0,0,0,0,0,1,6,0,0,0,0,0,0,0,0,0
2025,13,"00-0032104","A.Abdullah","RB","IND",0,0,0,0,0,0,0,0,0,0,0,0,0,0,0,0,0,0,0,0
2025,13,"00-0032211","T.Lockett","WR","LV",0,0,0,0,0,0,0,0,0,0,0,0,0,0,1,1,11,0,0,0
2025,13,"00-0032268","M.Mariota","QB","WAS",28,50,294,2,1,2,-18,0,0,10,55,0,0,0,0,0,0,0,0,0
2025,13,"00-0032385","S.Shepard","WR","TB",0,0,0,0,0,0,0,0,0,0,0,0,0,0,1,2,5,0,0,0
2025,13,"00-0032764","D.Henry","RB","BAL",0,0,0,0,0,0,0,0,0,10,60,1,0,0,1,1,44,0,0,0
2025,13,"00-0032775","D.Robinson","WR","SF",0,0,0,0,0,0,0,0,0,1,6,0,0,0,0,1,0,0,0,0
2025,13,"00-0032951","L.Treadwell","WR","IND",0,0,0,0,0,0,0,0,0,0,0,0,0,0,0,0,0,0,0,0
2025,13,"00-0033077","D.Prescott","QB","DAL",27,39,320,2,1,0,0,0,1,3,-2,0,0,0,0,0,0,0,0,0
2025,13,"00-0033090","H.Henry","TE","NE",0,0,0,0,0,0,0,0,0,0,0,0,0,0,4,6,73,0,0,0
2025,13,"00-0033106","J.Goff","QB","DET",20,26,256,2,0,3,-23,0,0,1,24,0,0,0,0,0,0,0,0,0
2025,13,"00-0033119","J.Brissett","QB","ARI",29,40,301,2,1,2,-10,0,0,3,16,0,0,0,0,0,0,0,0,0
2025,13,"00-0033280","C.McCaffrey","RB","SF",0,1,0,0,0,0,0,0,0,20,53,1,0,0,4,4,21,0,0,0
2025,13,"00-0033288","G.Kittle","TE","SF",0,0,0,0,0,0,0,0,0,0,0,0,0,0,4,5,67,0,0,0
2025,13,"00-0033293","A.Jones","RB","MIN",0,0,0,0,0,0,0,0,0,6,3,0,0,0,4,4,22,0,1,0
2025,13,"00-0033307","K.Bourne","WR","SF",0,0,0,0,0,0,0,0,0,0,0,0,0,0,0,1,0,0,0,0
2025,13,"00-0033319","N.Mullens","QB","JAX",0,0,0,0,0,0,0,0,0,3,-3,0,0,0,0,0,0,0,0,0
2025,13,"00-0033357","T.Hill","TE","NO",0,0,0,0,0,0,0,0,0,1,2,0,0,0,1,1,5,0,0,0
2025,13,"00-0033375","T.Patrick","WR","JAX",0,0,0,0,0,0,0,0,0,0,0,0,0,0,1,1,11,0,0,0
2025,13,"00-0033455","A.Firkser","TE","DET",0,0,0,0,0,0,0,0,0,0,0,0,0,0,1,1,4,0,0,0
2025,13,"00-0033526","S.Perine","RB","CIN",0,0,0,0,0,0,0,0,0,14,39,0,1,0,2,2,15,0,0,0
2025,13,"00-0033555","M.Hollins","WR","NE",0,0,0,0,0,0,0,0,0,0,0,0,0,0,3,4,23,0,0,0
2025,13,"00-0033572","J.Agnew","WR","ATL",0,0,0,0,0,0,0,0,0,0,0,0,0,0,0,0,0,0,0,0
2025,13,"00-0033854","D.Ogunbowale","RB","HOU",0,0,0,0,0,0,0,0,0,0,0,0,0,0,0,0,0,0,0,0
2025,13,"00-0033857","J.Smith-Schuster","WR","KC",0,0,0,0,0,0,0,0,0,0,0,0,0,0,0,1,0,0,0,0
2025,13,"00-0033858","J.Smith","TE","PIT",0,0,0,0,0,0,0,0,0,0,0,0,0,0,1,2,6,0,0,0
2025,13,"00-0033873","P.Mahomes","QB","KC",23,34,261,4,0,3,-18,0,0,3,30,0,0,0,0,0,0,0,0,0
2025,13,"00-0033881","E.Engram","TE","DEN",0,0,0,0,0,0,0,0,0,0,0,0,0,0,6,9,79,0,0,0
2025,13,"00-0033885","D.Njoku","TE","CLE",0,0,0,0,0,0,0,0,0,0,0,0,0,0,2,2,4,0,0,0
2025,13,"00-0033908","C.Kupp","WR","SEA",0,0,0,0,0,0,0,0,0,0,0,0,0,0,3,4,24,0,0,0
2025,13,"00-0033921","C.Godwin","WR","TB",0,0,0,0,0,0,0,0,0,0,0,0,0,0,3,5,78,0,0,0
2025,13,"00-0033923","K.Hunt","RB","KC",0,0,0,0,0,0,0,0,0,14,58,0,0,0,1,2,22,0,0,0
2025,13,"00-0033955","J.McNichols","RB","WAS",0,0,0,0,0,0,0,0,0,6,30,0,0,0,2,2,0,0,0,0
2025,13,"00-0034073","R.Dwelley","TE","DET",0,0,0,0,0,0,0,0,0,0,0,0,0,0,1,3,3,0,0,0
2025,13,"00-0034348","C.Sutton","WR","DEN",0,0,0,0,0,0,0,0,0,0,0,0,0,0,5,6,62,1,0,0
2025,13,"00-0034351","D.Goedert","TE","PHI",0,0,0,0,0,0,0,0,0,0,0,0,0,0,2,4,27,0,0,0
2025,13,"00-0034365","I.Thomas","TE","LV",0,0,0,0,0,0,0,0,0,0,0,0,0,0,1,1,8,0,0,0
2025,13,"00-0034383","D.Schultz","TE","HOU",0,0,0,0,0,0,0,0,0,0,0,0,0,0,7,8,55,0,0,0
2025,13,"00-0034418","C.Wilson","WR","MIA",0,0,0,0,0,0,0,0,0,0,0,0,0,0,1,2,16,0,0,0
2025,13,"00-0034521","A.Lazard","WR","NYJ",0,0,0,0,0,0,0,0,0,0,0,0,0,0,1,1,10,0,0,0
2025,13,"00-0034613","T.Hudson","TE","CIN",0,0,0,0,0,0,0,0,0,0,0,0,0,0,1,2,14,1,0,0
2025,13,"00-0034753","M.Andrews","TE","BAL",0,0,0,0,0,0,0,0,0,0,0,0,0,0,4,6,47,0,0,0
2025,13,"00-0034771","M.Rudolph","QB","PIT",0,3,0,0,1,0,0,0,0,0,0,0,0,0,0,0,0,0,0,0
2025,13,"00-0034791","N.Chubb","RB","HOU",0,0,0,0,0,0,0,0,0,9,34,1,0,0,0,0,0,0,0,0
2025,13,"00-0034796","L.Jackson","QB","BAL",17,32,246,0,1,3,-23,2,0,6,27,0,0,0,0,0,0,0,0,0
2025,13,"00-0034827","D.Moore","WR","CHI",0,0,0,0,0,0,0,0,0,1,10,0,0,0,2,5,17,0,0,0
2025,13,"00-0034829","M.Gesicki","TE","CIN",0,0,0,0,0,0,0,0,0,0,0,0,0,0,2,4,19,0,0,0
2025,13,"00-0034844","S.Barkley","RB","PHI",0,0,0,0,0,0,0,0,0,13,56,0,0,0,0,2,0,0,0,0
2025,13,"00-0034855","B.Mayfield","QB","TB",18,28,194,1,0,2,-10,0,0,6,27,0,0,0,0,0,0,0,0,0
2025,13,"00-0034857","J.Allen","QB","BUF",15,23,123,1,1,0,0,0,0,8,38,1,0,0,0,0,0,0,0,0
2025,13,"00-0034860","D.Pettis","WR","NO",0,0,0,0,0,0,0,0,0,0,0,0,0,0,0,0,0,0,0,0
2025,13,"00-0034869","S.Darnold","QB","SEA",14,26,128,0,0,4,-34,1,0,0,0,0,0,0,0,0,0,0,0,0
2025,13,"00-0034960","J.Meyers","WR","JAX",0,0,0,0,0,0,0,0,0,1,3,0,0,0,6,6,90,1,0,0
2025,13,"00-0034981","F.Moreau","TE","NO",0,0,0,0,0,0,0,0,0,0,0,0,0,0,2,2,13,0,0,0
2025,13,"00-0035208","O.Zaccheaus","WR","CHI",0,0,0,0,0,0,0,0,0,0,0,0,0,0,2,3,19,0,0,0
2025,13,"00-0035229","T.Hockenson","TE","MIN",0,0,0,0,0,0,0,0,0,0,0,0,0,0,6,6,59,0,0,0
2025,13,"00-0035250","D.Singletary","RB","NYG",0,0,0,0,0,0,0,0,0,12,68,1,0,0,3,3,34,0,0,0
2025,13,"00-0035261","T.Pollard","RB","TEN",0,0,0,0,0,0,0,0,0,10,60,0,0,0,1,2,3,0,1,0
2025,13,"00-0035311","M.Gaskin","RB","SEA",0,0,0,0,0,0,0,0,0,3,6,0,0,0,0,0,0,0,0,0
2025,13,"00-0035359","D.Sills","WR","ATL",0,0,0,0,0,0,0,0,0,0,0,0,0,0,2,4,15,1,0,0
2025,13,"00-0035406","L.Humphrey","WR","DEN",0,0,0,0,0,0,0,0,0,0,0,0,0,0,0,1,0,0,0,0
2025,13,"00-0035500","G.Dortch","WR","ARI",0,0,0,0,0,0,0,0,0,0,0,0,0,0,2,2,14,0,0,0
2025,13,"00-0035535","D.Slayton","WR","NYG",0,0,0,0,0,0,0,0,0,0,0,0,0,0,2,3,41,1,0,1
2025,13,"00-0035537","Ty.Johnson","RB","BUF",0,0,0,0,0,0,0,0,0,2,5,0,0,0,3,5,20,0,0,0
2025,13,"00-0035544","T.Kennedy","WR","DET",0,0,0,0,0,0,0,0,0,0,0,0,0,0,4,4,36,0,0,0
2025,13,"00-0035594","T.Homer","RB","CHI",0,0,0,0,0,0,0,0,0,0,0,0,0,0,0,0,0,0,0,0
2025,13,"00-0035602","A.Bachman","WR","LV",0,0,0,0,0,0,0,0,0,0,0,0,0,0,0,0,0,0,0,0
2025,13,"00-0035631","D.Sample","TE","CIN",0,0,0,0,0,0,0,0,0,1,3,0,0,0,1,2,14,0,0,0
2025,13,"00-0035640","D.Metcalf","WR","PIT",0,0,0,0,0,0,0,0,0,0,0,0,0,0,3,5,32,0,0,0
2025,13,"00-0035644","N.Fant","TE","CIN",0,0,0,0,0,0,0,0,0,0,0,0,0,0,1,2,3,0,0,0
2025,13,"00-0035645","G.Olszewski","WR","NYG",0,0,0,0,0,0,0,0,0,0,0,0,0,0,0,0,0,0,0,0
2025,13,"00-0035659","T.McLaurin","WR","WAS",0,0,0,0,0,0,0,0,0,0,0,0,0,0,7,14,96,1,0,0
2025,13,"00-0035662","M.Brown","WR","KC",0,0,0,0,0,0,0,0,0,0,0,0,0,0,2,2,20,1,0,0
2025,13,"00-0035676","A.Brown","WR","PHI",0,0,0,0,0,0,0,0,0,0,0,0,0,0,10,12,132,2,0,0
2025,13,"00-0035685","D.Montgomery","RB","DET",0,1,0,0,0,0,0,0,0,8,32,1,0,0,2,2,16,0,0,0
2025,13,"00-0035689","D.Knox","TE","BUF",0,0,0,0,0,0,0,0,0,0,0,0,0,0,3,4,28,0,0,0
2025,13,"00-0035700","J.Jacobs","RB","GB",0,0,0,0,0,0,0,0,0,17,83,0,0,0,1,1,8,0,0,0
2025,13,"00-0035710","D.Jones","QB","IND",14,27,201,2,0,1,-6,0,0,1,1,0,0,0,0,0,0,0,0,0
2025,13,"00-0035719","D.Samuel","WR","WAS",0,0,0,0,0,0,0,0,0,2,-3,0,0,0,5,7,64,0,0,0
2025,13,"00-0035876","A.Baccellia","WR","ARI",0,0,0,0,0,0,0,0,0,0,0,0,0,0,0,0,0,0,0,0
2025,13,"00-0035891","C.White","WR","SEA",0,0,0,0,0,0,0,0,0,0,0,0,0,0,1,1,21,0,0,0
2025,13,"00-0036040","J.Johnson","TE","NO",0,0,0,0,0,0,0,0,0,0,0,0,0,0,5,9,39,0,0,0
2025,13,"00-0036133","J.Proche","WR","TEN",0,0,0,0,0,0,0,0,0,0,0,0,0,0,1,1,13,0,0,0
2025,13,"00-0036139","R.Dowdle","RB","CAR",0,0,0,0,0,0,0,0,0,18,58,0,0,0,2,2,21,0,0,0
2025,13,"00-0036165","I.Hodgins","WR","NYG",0,0,0,0,0,0,0,0,0,0,0,0,0,0,1,1,4,0,0,0
2025,13,"00-0036182","N.Westbrook-Ikhine","WR","MIA",0,0,0,0,0,0,0,0,0,0,0,0,0,0,0,0,0,0,0,0
2025,13,"00-0036187","R.Gilliam","RB","BUF",0,0,0,0,0,0,0,0,0,0,0,0,0,0,0,0,0,0,0,0
2025,13,"00-0036196","G.Davis","WR","BUF",0,0,0,0,0,0,0,0,0,0,0,0,0,0,1,2,5,0,0,0
2025,13,"00-0036212","T.Tagovailoa","QB","MIA",12,23,157,0,1,4,-23,0,0,4,4,0,0,0,0,0,0,0,0,0
2025,13,"00-0036223","J.Taylor","RB","IND",0,0,0,0,0,0,0,0,0,21,85,0,0,0,3,5,36,0,0,0
2025,13,"00-0036244","C.Parkinson","TE","LA",0,0,0,0,0,0,0,0,0,0,0,0,0,0,4,5,27,0,0,0
2025,13,"00-0036252","M.Pittman","WR","IND",0,0,0,0,0,0,0,0,0,0,0,0,0,0,1,4,13,0,0,0
2025,13,"00-0036259","J.Jennings","WR","SF",0,0,0,0,0,0,0,0,0,0,0,0,0,0,4,6,39,1,0,0
2025,13,"00-0036264","J.Love","QB","GB",18,30,234,4,0,0,0,0,0,5,4,0,0,0,0,0,0,0,0,0
2025,13,"00-0036275","D.Swift","RB","CHI",0,0,0,0,0,0,0,0,0,18,125,1,0,0,1,2,13,0,0,0
2025,13,"00-0036290","C.Kmet","TE","CHI",0,0,0,0,0,0,0,0,0,0,0,0,0,0,3,3,36,1,0,0
2025,13,"00-0036309","D.Mooney","WR","ATL",0,0,0,0,0,0,0,0,0,0,0,0,0,0,2,5,25,0,0,0
2025,13,"00-0036322","J.Jefferson","WR","MIN",0,0,0,0,0,0,0,0,0,0,0,0,0,0,2,6,4,0,0,0
2025,13,"00-0036331","D.Duvernay","WR","CHI",0,0,0,0,0,0,0,0,0,0,0,0,0,0,0,0,0,0,0,0
2025,13,"00-0036355","J.Herbert","QB","LAC",15,20,151,2,1,3,-11,0,0,3,8,0,0,0,0,0,0,0,0,0
2025,13,"00-0036358","C.Lamb","WR","DAL",0,0,0,0,0,0,0,0,0,0,0,0,0,0,7,9,112,1,0,0
2025,13,"00-0036389","J.Hurts","QB","PHI",19,34,230,2,1,0,0,0,0,4,31,0,1,0,0,0,0,0,0,0
2025,13,"00-0036407","J.Jeudy","WR","CLE",0,0,0,0,0,0,0,0,0,0,0,0,0,0,3,4,26,0,0,0
2025,13,"00-0036415","V.Jefferson","WR","TEN",0,0,0,0,0,0,0,0,0,0,0,0,0,0,3,4,20,0,0,0
2025,13,"00-0036422","A.Trautman","TE","DEN",0,0,0,0,0,0,0,0,0,0,0,0,0,0,3,4,47,0,0,0
2025,13,"00-0036442","J.Burrow","QB","CIN",24,46,261,2,0,1,-7,0,0,3,8,0,0,0,0,0,0,0,0,0
2025,13,"00-0036550","R.Bateman","WR","BAL",0,0,0,0,0,0,0,0,0,0,0,0,0,0,0,1,0,0,0,0
2025,13,"00-0036554","N.Collins","WR","HOU",0,0,0,0,0,0,0,0,0,1,7,1,0,0,5,10,98,0,0,0
2025,13,"00-0036555","C.Hubbard","RB","CAR",0,0,0,0,0,0,0,0,0,17,83,0,0,0,2,2,41,1,0,0
2025,13,"00-0036569","G.Brightwell","RB","CIN",0,0,0,0,0,0,0,0,0,0,0,0,0,0,0,0,0,0,0,0
2025,13,"00-0036590","Q.Morris","TE","JAX",0,0,0,0,0,0,0,0,0,0,0,0,0,0,1,2,14,0,0,0
2025,13,"00-0036613","J.Waddle","WR","MIA",0,0,0,0,0,0,0,0,0,0,0,0,0,0,3,6,40,0,0,0
2025,13,"00-0036628","J.Bates","TE","WAS",0,0,0,0,0,0,0,0,0,0,0,0,0,0,2,2,9,0,0,0
2025,13,"00-0036755","J.Patterson","RB","LAC",0,0,0,0,0,0,0,0,0,11,54,1,0,0,0,0,0,0,0,0
2025,13,"00-0036841","A.Trammell","WR","JAX",0,0,0,0,0,0,0,0,0,0,0,0,0,0,0,4,0,0,0,0
2025,13,"00-0036862","B.Skowronek","WR","PIT",0,0,0,0,0,0,0,0,0,0,0,0,0,0,0,1,0,0,0,0
2025,13,"00-0036875","R.Stevenson","RB","NE",0,0,0,0,0,0,0,0,0,12,40,0,0,0,3,3,40,0,0,0
2025,13,"00-0036887","L.Farrell","TE","SF",0,0,0,0,0,0,0,0,0,0,0,0,0,0,0,1,0,0,0,0
2025,13,"00-0036900","J.Chase","WR","CIN",0,0,0,0,0,0,0,0,0,0,0,0,0,0,7,14,110,0,0,0
2025,13,"00-0036912","D.Smith","WR","PHI",0,0,0,0,0,0,0,0,0,0,0,0,0,0,5,8,48,0,0,0
2025,13,"00-0036919","K.Gainwell","RB","PIT",0,0,0,0,0,0,0,0,0,5,20,0,0,0,2,3,25,0,0,0
2025,13,"00-0036924","M.Carter","RB","ARI",0,0,0,0,0,0,0,0,0,5,17,0,0,0,5,6,47,0,0,0
2025,13,"00-0036963","A.St. Brown","WR","DET",0,0,0,0,0,0,0,0,0,0,0,0,0,0,0,1,0,0,0,0
2025,13,"00-0036970","K.Pitts","TE","ATL",0,0,0,0,0,0,0,0,0,0,0,0,0,0,7,8,82,0,0,0
2025,13,"00-0036971","T.Lawrence","QB","JAX",16,27,229,2,0,3,-27,0,0,3,25,0,0,1,0,0,0,0,0,0
2025,13,"00-0036972","M.Jones","QB","SF",0,0,0,0,0,0,0,0,0,2,2,0,0,0,0,0,0,0,0,0
2025,13,"00-0036973","T.Etienne","RB","JAX",0,0,0,0,0,0,0,0,0,12,28,0,0,0,1,1,13,0,0,0
2025,13,"00-0036997","J.Williams","RB","DAL",0,0,0,0,0,0,0,0,0,17,59,0,0,0,3,3,21,1,0,0
2025,13,"00-0037005","T.Tremble","TE","CAR",0,0,0,0,0,0,0,0,0,0,0,0,0,0,1,2,2,0,0,0
2025,13,"00-0037012","T.Lance","QB","LAC",1,1,9,0,0,0,0,0,0,4,4,0,0,0,0,0,0,0,0,0
2025,13,"00-0037085","T.Badie","RB","DEN",0,0,0,0,0,0,0,0,0,0,0,0,0,0,3,5,18,0,0,0
2025,13,"00-0037091","B.Melton","WR","GB",0,0,0,0,0,0,0,0,0,2,15,0,0,0,0,1,0,0,0,0
2025,13,"00-0037120","T.Goodson","RB","IND",0,0,0,0,0,0,0,0,0,0,0,0,0,0,0,0,0,0,0,0
2025,13,"00-0037132","B.Covey","WR","PHI",0,0,0,0,0,0,0,0,0,0,0,0,0,0,0,0,0,0,0,0
2025,13,"00-0037157","Z.Knight","RB","ARI",0,0,0,0,0,0,0,0,0,11,62,0,1,0,3,3,36,1,0,0
2025,13,"00-0037197","I.Pacheco","RB","KC",0,0,0,0,0,0,0,0,0,3,16,0,0,0,2,2,17,0,0,0
2025,13,"00-0037228","J.Warren","RB","PIT",0,0,0,0,0,0,0,0,0,10,35,1,0,0,2,4,9,0,0,0
2025,13,"00-0037239","C.Olave","WR","NO",0,0,0,0,0,0,0,0,0,0,0,0,0,0,4,7,47,1,0,0
2025,13,"00-0037240","J.Williams","WR","DET",0,0,0,0,0,0,0,0,0,1,-5,0,0,0,7,10,144,1,0,0
2025,13,"00-0037247","G.Pickens","WR","DAL",0,0,0,0,0,0,0,0,0,0,0,0,0,0,6,13,88,0,0,1
2025,13,"00-0037248","J.Cook","RB","BUF",0,0,0,0,0,0,0,0,0,32,144,0,1,0,3,3,33,0,0,0
2025,13,"00-0037252","G.Dulcich","TE","MIA",0,0,0,0,0,0,0,0,0,0,0,0,0,0,2,2,24,0,0,0
2025,13,"00-0037256","R.White","RB","TB",0,0,0,0,0,0,0,0,0,2,7,0,0,0,3,3,22,0,0,0
2025,13,"00-0037261","K.Shakir","WR","BUF",0,0,0,0,0,0,0,0,0,0,0,0,0,0,1,4,5,0,0,0
2025,13,"00-0037263","T.Allgeier","RB","ATL",0,0,0,0,0,0,0,0,0,8,20,1,0,0,2,2,35,0,0,0
2025,13,"00-0037267","J.Ford","RB","CLE",0,0,0,0,0,0,0,0,0,0,0,0,0,0,3,3,17,0,0,0
2025,13,"00-0037291","J.Nailor","WR","MIN",0,0,0,0,0,0,0,0,0,0,0,0,0,0,0,1,0,0,0,0
2025,13,"00-0037292","A.Ogletree","TE","IND",0,0,0,0,0,0,0,0,0,0,0,0,0,0,1,1,8,0,0,0
2025,13,"00-0037306","J.FitzPatrick","TE","GB",0,0,0,0,0,0,0,0,0,0,0,0,0,0,0,1,0,0,0,0
2025,13,"00-0037487","D.Thompkins","WR","ATL",0,0,0,0,0,0,0,0,0,1,5,0,0,0,2,2,23,0,0,0
2025,13,"00-0037525","J.Mason","RB","MIN",0,0,0,0,0,0,0,0,0,6,47,0,0,0,1,1,1,0,0,0
2025,13,"00-0037545","R.Shaheed","WR","SEA",0,0,0,0,0,0,0,0,0,1,9,0,0,0,1,3,7,0,0,0
2025,13,"00-0037557","R.Rivers","RB","LA",0,0,0,0,0,0,0,0,0,0,0,0,0,0,0,0,0,0,0,0
2025,13,"00-0037563","M.Davis","RB","DAL",0,0,0,0,0,0,0,0,0,3,47,1,0,0,0,0,0,0,0,0
2025,13,"00-0037594","J.Chestnut","RB","TEN",0,0,0,0,0,0,0,0,0,0,0,0,0,0,0,0,0,0,0,0
2025,13,"00-0037614","J.Metchie","WR","NYJ",0,0,0,0,0,0,0,0,0,1,-2,0,0,0,4,8,19,0,0,0
2025,13,"00-0037664","A.Pierce","WR","IND",0,0,0,0,0,0,0,0,0,0,0,0,0,0,4,5,78,1,0,0
2025,13,"00-0037666","J.Tolbert","WR","DAL",0,0,0,0,0,0,0,0,0,0,0,0,0,0,0,0,0,0,0,0
2025,13,"00-0037741","J.Dotson","WR","PHI",0,0,0,0,0,0,0,0,0,0,0,0,0,0,1,3,12,0,0,0
2025,13,"00-0037742","T.Burks","WR","WAS",0,0,0,0,0,0,0,0,0,0,0,0,0,0,1,4,5,1,0,0
2025,13,"00-0037744","T.McBride","TE","ARI",0,0,0,0,0,0,0,0,0,0,0,0,0,0,8,9,82,1,0,0
2025,13,"00-0037746","B.Robinson","RB","SF",0,0,0,0,0,0,0,0,0,8,26,0,0,0,0,0,0,0,0,0
2025,13,"00-0037801","K.Turpin","WR","DAL",0,0,0,0,0,0,0,0,0,3,33,0,0,0,2,2,28,0,0,0
2025,13,"00-0037805","J.Ruckert","TE","NYJ",0,0,0,0,0,0,0,0,0,0,0,0,0,0,2,2,12,0,0,0
2025,13,"00-0037809","C.Okonkwo","TE","TEN",0,0,0,0,0,0,0,0,0,0,0,0,0,0,4,5,29,0,0,0
2025,13,"00-0037816","R.Doubs","WR","GB",0,0,0,0,0,0,0,0,0,0,0,0,0,0,4,4,20,1,0,0
2025,13,"00-0037834","B.Purdy","QB","SF",16,29,168,1,0,1,-7,0,0,2,4,1,0,0,0,0,0,0,0,0
2025,13,"00-0037837","C.Austin","WR","PIT",0,0,0,0,0,0,0,0,0,0,0,0,0,0,0,2,0,0,0,0
2025,13,"00-0037838","I.Likely","TE","BAL",0,0,0,0,0,0,0,0,0,0,0,0,0,0,5,6,95,0,1,0
2025,13,"00-0037840","K.Williams","RB","LA",0,0,0,0,0,0,0,0,0,13,72,1,0,0,0,1,0,0,0,0
2025,13,"00-0038041","J.Ferguson","TE","DAL",0,0,0,0,0,0,0,0,0,0,0,0,0,0,5,6,36,0,0,0
2025,13,"00-0038046","C.Kolar","TE","BAL",0,0,0,0,0,0,0,0,0,0,0,0,0,0,1,1,17,0,0,0
2025,13,"00-0038090","S.Moore","WR","SF",0,0,0,0,0,0,0,0,0,0,0,0,0,0,0,0,0,0,0,0
2025,13,"00-0038104","T.Thornton","WR","KC",0,0,0,0,0,0,0,0,0,0,0,0,0,0,0,0,0,0,0,0
2025,13,"00-0038117","W.Robinson","WR","NYG",0,0,0,0,0,0,0,0,0,0,0,0,0,0,7,8,34,0,0,0
2025,13,"00-0038120","B.Hall","RB","NYJ",0,0,0,0,0,0,0,0,0,19,68,1,0,0,2,2,8,0,0,0
2025,13,"00-0038124","C.Watson","WR","GB",0,0,0,0,0,0,0,0,0,1,3,0,0,0,4,10,80,1,0,0
2025,13,"00-0038129","C.Otton","TE","TB",0,0,0,0,0,0,0,0,0,0,0,0,0,0,2,2,9,0,0,0
2025,13,"00-0038134","K.Walker","RB","SEA",0,0,0,0,0,0,0,0,0,13,56,0,0,0,3,4,18,0,0,0
2025,13,"00-0038359","X.Smith","WR","LA",0,0,0,0,0,0,0,0,0,0,0,0,0,0,3,3,82,0,0,0
2025,13,"00-0038393","D.Wicks","WR","GB",0,0,0,0,0,0,0,0,0,1,6,0,0,0,6,7,94,2,0,0
2025,13,"00-0038397","E.Hull","RB","NO",0,0,0,0,0,0,0,0,0,5,15,0,0,0,0,0,0,0,0,0
2025,13,"00-0038440","Z.Scott","RB","MIN",0,0,0,0,0,0,0,0,0,3,17,0,0,0,1,1,4,0,0,0
2025,13,"00-0038454","K.Mitchell","RB","BAL",0,0,0,0,0,0,0,0,0,2,19,1,0,0,2,3,12,0,0,0
2025,13,"00-0038465","M.Heath","WR","GB",0,0,0,0,0,0,0,0,0,0,0,0,0,0,0,1,0,0,0,0
2025,13,"00-0038519","N.Remigio","WR","KC",0,0,0,0,0,0,0,0,0,0,0,0,0,0,0,0,0,0,0,0
2025,13,"00-0038542","B.Robinson","RB","ATL",0,0,0,0,0,0,0,0,0,23,142,1,0,0,5,7,51,0,0,0
2025,13,"00-0038543","J.Smith-Njigba","WR","SEA",0,0,0,0,0,0,0,0,0,0,0,0,0,0,2,4,23,0,0,0
2025,13,"00-0038544","Q.Johnston","WR","LAC",0,0,0,0,0,0,0,0,0,0,0,0,0,0,3,3,23,1,0,0
2025,13,"00-0038547","L.Schoonmaker","TE","DAL",0,0,0,0,0,0,0,0,0,0,0,0,0,0,1,1,1,0,0,0
2025,13,"00-0038558","D.Washington","TE","PIT",0,0,0,0,0,0,0,0,0,0,0,0,0,0,2,4,45,0,0,0
2025,13,"00-0038559","M.Wilson","WR","ARI",0,0,0,0,0,0,0,0,0,0,0,0,0,0,3,7,36,0,0,0
2025,13,"00-0038563","T.Tucker","WR","LV",0,0,0,0,0,0,0,0,0,0,0,0,0,0,3,3,20,0,0,0
2025,13,"00-0038564","C.Latu","TE","PHI",0,0,0,0,0,0,0,0,0,0,0,0,0,0,0,0,0,0,0,0
2025,13,"00-0038573","D.Davis","WR","LAC",0,0,0,0,0,0,0,0,0,0,0,0,0,0,0,0,0,0,0,0
2025,13,"00-0038576","C.Jones","WR","CIN",0,0,0,0,0,0,0,0,0,0,0,0,0,0,0,0,0,0,0,0
2025,13,"00-0038589","J.Whyle","TE","GB",0,0,0,0,0,0,0,0,0,0,0,0,0,0,0,1,0,0,0,0
2025,13,"00-0038597","C.Brown","RB","CIN",0,0,0,0,0,0,0,0,0,15,78,0,0,0,7,7,35,0,0,0
2025,13,"00-0038606","P.Washington","WR","JAX",0,0,0,0,0,0,0,0,0,0,0,0,0,0,1,3,26,0,0,0
2025,13,"00-0038608","K.Boutte","WR","NE",0,0,0,0,0,0,0,0,0,0,0,0,0,0,4,5,35,1,0,0
2025,13,"00-0038611","C.Rodriguez","RB","WAS",0,0,0,0,0,0,0,0,0,11,41,1,0,0,0,1,0,0,0,0
2025,13,"00-0038618","X.Hutchinson","WR","HOU",0,0,0,0,0,0,0,0,0,0,0,0,0,0,2,5,39,0,0,0
2025,13,"00-0038619","A.Iosivas","WR","CIN",0,0,0,0,0,0,0,0,0,0,0,0,0,0,1,2,29,1,0,0
2025,13,"00-0038621","D.Douglas","WR","NE",0,0,0,0,0,0,0,0,0,0,0,0,0,0,3,3,33,0,0,0
2025,13,"00-0038685","C.Brooks","RB","GB",0,0,0,0,0,0,0,0,0,0,0,0,0,0,2,2,9,0,0,0
2025,13,"00-0038710","B.Whiteheart","TE","CLE",0,0,0,0,0,0,0,0,0,0,0,0,0,0,0,0,0,0,0,0
2025,13,"00-0038720","J.Hill","TE","MIA",0,0,0,0,0,0,0,0,0,0,0,0,0,0,0,1,0,0,0,0
2025,13,"00-0038794","J.McLaughlin","RB","DEN",0,0,0,0,0,0,0,0,0,6,24,0,0,0,1,1,6,0,0,0
2025,13,"00-0038797","E.Wilson","RB","GB",0,0,0,0,0,0,0,0,0,4,14,0,0,0,0,0,0,0,0,0
2025,13,"00-0038824","R.Miller","WR","TB",0,0,0,0,0,0,0,0,0,0,0,0,0,0,0,0,0,0,0,0
2025,13,"00-0038839","M.Tinsley","WR","CIN",0,0,0,0,0,0,0,0,0,0,0,0,0,0,2,9,22,0,0,0
2025,13,"00-0038840","B.Tremayne","WR","CAR",0,0,0,0,0,0,0,0,0,0,0,0,0,0,0,0,0,0,0,0
2025,13,"00-0038935","B.Strange","TE","JAX",0,0,0,0,0,0,0,0,0,0,0,0,0,0,3,4,45,1,0,0
2025,13,"00-0038951","S.Tucker","RB","TB",0,0,0,0,0,0,0,0,0,2,0,0,0,0,0,0,0,0,0,0
2025,13,"00-0038953","D.Drummond","WR","ATL",0,0,0,0,0,0,0,0,0,0,0,0,0,0,1,3,3,0,0,0
2025,13,"00-0038976","M.Mims","WR","DEN",0,0,0,0,0,0,0,0,0,1,9,0,0,0,2,2,8,0,0,0
2025,13,"00-0038979","C.Tillman","WR","CLE",0,0,0,0,0,0,0,0,0,0,0,0,0,0,0,1,0,0,0,0
2025,13,"00-0038994","J.Addison","WR","MIN",0,0,0,0,0,0,0,0,0,0,0,0,0,0,5,10,36,0,0,0
2025,13,"00-0038997","J.Downs","WR","IND",0,0,0,0,0,0,0,0,0,0,0,0,0,0,2,6,44,0,0,0
2025,13,"00-0039032","T.Spears","RB","TEN",0,0,0,0,0,0,0,0,0,2,-1,0,0,0,6,6,25,0,0,0
2025,13,"00-0039040","D.Achane","RB","MIA",0,0,0,0,0,0,0,0,0,22,134,1,0,0,0,1,0,0,0,0
2025,13,"00-0039041","E.Higgins","TE","ARI",0,0,0,0,0,0,0,0,0,0,0,0,0,0,2,2,17,0,0,0
2025,13,"00-0039050","P.Durham","TE","TB",0,0,0,0,0,0,0,0,0,0,0,0,0,0,1,1,11,0,0,0
2025,13,"00-0039064","Z.Flowers","WR","BAL",0,0,0,0,0,0,0,0,0,0,0,0,0,0,2,7,6,0,1,0
2025,13,"00-0039067","R.Rice","WR","KC",0,0,0,0,0,0,0,0,0,1,2,0,0,0,8,12,92,2,0,0
2025,13,"00-0039074","D.Allen","TE","LA",0,0,0,0,0,0,0,0,0,0,0,0,0,0,1,1,4,0,0,0
2025,13,"00-0039075","P.Nacua","WR","LA",0,0,0,0,0,0,0,0,0,0,0,0,0,0,6,9,72,0,0,0
2025,13,"00-0039139","J.Gibbs","RB","DET",0,0,0,0,0,0,0,0,0,20,68,0,0,0,3,4,18,0,0,0
2025,13,"00-0039144","L.Musgrave","TE","GB",0,0,0,0,0,0,0,0,0,0,0,0,0,0,1,1,23,0,0,0
2025,13,"00-0039150","B.Young","QB","CAR",15,20,206,3,0,2,-12,0,0,5,23,0,0,0,0,0,0,0,0,0
2025,13,"00-0039163","C.Stroud","QB","HOU",22,35,276,0,1,2,-20,0,0,1,0,0,0,0,0,0,0,0,0,0
2025,13,"00-0039165","Z.Charbonnet","RB","SEA",0,0,0,0,0,0,0,0,0,14,52,1,0,0,0,0,0,0,0,0
2025,13,"00-0039338","B.Bowers","TE","LV",0,0,0,0,0,0,0,0,0,0,0,0,0,0,4,4,63,2,0,0
2025,13,"00-0039342","X.Legette","WR","CAR",0,0,0,0,0,0,0,0,0,0,0,0,0,0,1,2,1,0,0,0
2025,13,"00-0039356","J.Sanders","TE","CAR",0,0,0,0,0,0,0,0,0,0,0,0,0,0,0,0,0,0,0,0
2025,13,"00-0039359","C.Stover","TE","HOU",0,0,0,0,0,0,0,0,0,4,3,0,0,0,2,2,16,0,0,0
2025,13,"00-0039361","B.Irving","RB","TB",0,0,0,0,0,0,0,0,0,17,61,1,0,0,2,2,20,0,0,0
2025,13,"00-0039363","I.Guerendo","RB","SF",0,0,0,0,0,0,0,0,0,0,0,0,0,0,0,0,0,0,0,0
2025,13,"00-0039364","S.Vaki","RB","DET",0,0,0,0,0,0,0,0,0,0,0,0,0,0,0,0,0,0,0,0
2025,13,"00-0039384","T.Tracy","RB","NYG",0,0,0,0,0,0,0,0,0,10,36,0,0,0,1,1,-3,0,0,0
2025,13,"00-0039391","K.Vidal","RB","LAC",0,0,0,0,0,0,0,0,0,25,126,1,0,0,1,1,11,0,0,0
2025,13,"00-0039407","D.Laube","RB","LV",0,0,0,0,0,0,0,0,0,0,0,0,0,0,0,0,0,0,0,0
2025,13,"00-0039410","R.Flournoy","WR","DAL",0,0,0,0,0,0,0,0,0,0,0,0,0,0,3,3,34,0,0,0
2025,13,"00-0039424","D.Vele","WR","NO",0,0,0,0,0,0,0,0,0,0,0,0,0,0,8,8,93,1,0,0
2025,13,"00-0039451","I.Williams","WR","NYJ",0,0,0,0,0,0,0,0,0,0,0,0,0,0,0,1,0,0,0,0
2025,13,"00-0039491","J.Coker","WR","CAR",0,0,0,0,0,0,0,0,0,0,0,0,0,0,4,6,74,1,0,0
2025,13,"00-0039521","X.Weaver","WR","ARI",0,0,0,0,0,0,0,0,0,0,0,0,0,0,0,1,0,0,0,0
2025,13,"00-0039530","B.Spann-Ford","TE","DAL",0,0,0,0,0,0,0,0,0,0,0,0,0,0,0,0,0,0,0,0
2025,13,"00-0039589","K.Johnson","WR","TB",0,0,0,0,0,0,0,0,0,0,0,0,0,0,0,0,0,0,0,0
2025,13,"00-0039623","M.Tipton","WR","NO",0,0,0,0,0,0,0,0,0,1,-1,0,0,0,3,4,20,0,0,0
2025,13,"00-0039648","D.Martin-Robinson","TE","TEN",0,0,0,0,0,0,0,0,0,0,0,0,0,0,0,0,0,0,0,0
2025,13,"00-0039686","C.Yankoff","TE","WAS",0,0,0,0,0,0,0,0,0,0,0,0,0,0,1,1,14,0,0,0
2025,13,"00-0039732","B.Nix","QB","DEN",29,45,321,1,1,1,-6,0,0,2,16,0,0,0,0,0,0,0,0,0
2025,13,"00-0039738","B.Corum","RB","LA",0,0,0,0,0,0,0,0,0,7,81,1,0,0,0,0,0,0,0,0
2025,13,"00-0039739","R.Wilson","WR","PIT",0,0,0,0,0,0,0,0,0,0,0,0,0,0,0,1,0,0,0,0
2025,13,"00-0039746","W.Shipley","RB","PHI",0,0,0,0,0,0,0,0,0,0,0,0,0,0,1,1,11,0,0,0
2025,13,"00-0039751","J.Whittington","WR","LA",0,0,0,0,0,0,0,0,0,0,0,0,0,0,0,1,0,0,0,0
2025,13,"00-0039754","D.Culp","TE","TB",0,0,0,0,0,0,0,0,0,0,0,0,0,0,0,0,0,0,0,0
2025,13,"00-0039757","T.Jennings","RB","NE",0,0,0,0,0,0,0,0,0,0,0,0,0,0,0,0,0,0,0,0
2025,13,"00-0039792","D.Walker","WR","BAL",0,0,0,0,0,0,0,0,0,0,0,0,0,0,0,2,0,0,0,0
2025,13,"00-0039793","A.Barner","TE","SEA",0,0,0,0,0,0,0,0,0,1,2,0,0,0,4,5,35,0,0,0
2025,13,"00-0039796","R.Ali","RB","BAL",0,0,0,0,0,0,0,0,0,4,17,0,0,0,0,0,0,0,0,0
2025,13,"00-0039798","I.Davis","RB","NYJ",0,0,0,0,0,0,0,0,0,0,0,0,0,0,0,1,0,0,0,0
2025,13,"00-0039816","A.Gould","WR","IND",0,0,0,0,0,0,0,0,0,0,0,0,0,0,0,0,0,0,0,0
2025,13,"00-0039824","J.Wiley","TE","KC",0,0,0,0,0,0,0,0,0,0,0,0,0,0,1,1,4,0,0,0
2025,13,"00-0039847","T.Johnson","TE","NYG",0,0,0,0,0,0,0,0,0,0,0,0,0,0,3,8,29,0,0,0
2025,13,"00-0039849","M.Harrison","WR","ARI",0,0,0,0,0,0,0,0,0,0,0,0,0,0,6,7,69,0,0,0
2025,13,"00-0039851","D.Maye","QB","NE",24,31,282,2,0,3,-6,0,0,6,12,0,0,0,0,0,0,0,0,0
2025,13,"00-0039868","T.Franklin","WR","DEN",0,0,0,0,0,0,0,0,0,0,0,0,0,0,2,3,21,0,0,0
2025,13,"00-0039874","J.Wright","RB","MIA",0,0,0,0,0,0,0,0,0,3,16,0,0,0,0,0,0,0,0,0
2025,13,"00-0039875","R.Davis","RB","BUF",0,0,0,0,0,0,0,0,0,9,62,0,0,0,0,0,0,0,0,0
2025,13,"00-0039880","M.Washington","WR","MIA",0,0,0,0,0,0,0,0,0,0,0,0,0,0,4,5,30,0,0,0
2025,13,"00-0039890","A.Mitchell","WR","NYJ",0,0,0,0,0,0,0,0,0,0,0,0,0,0,8,12,102,1,0,0
2025,13,"00-0039893","B.Thomas","WR","JAX",0,0,0,0,0,0,0,0,0,0,0,0,0,0,2,3,28,0,0,0
2025,13,"00-0039894","X.Worthy","WR","KC",0,0,0,0,0,0,0,0,0,2,13,0,0,0,4,6,61,0,0,0
2025,13,"00-0039901","K.Coleman","WR","BUF",0,0,0,0,0,0,0,0,0,0,0,0,0,0,2,3,9,1,0,0
2025,13,"00-0039915","L.McConkey","WR","LAC",0,0,0,0,0,0,0,0,0,0,0,0,0,0,4,6,39,1,0,0
2025,13,"00-0039916","R.Pearsall","WR","SF",0,0,0,0,0,0,0,0,0,0,0,0,0,0,2,3,14,0,0,0
2025,13,"00-0039918","C.Williams","QB","CHI",17,36,154,1,1,2,-10,0,0,5,13,0,0,0,0,0,0,0,0,0
2025,13,"00-0039919","R.Odunze","WR","CHI",0,0,0,0,0,0,0,0,0,0,0,0,0,0,2,6,8,0,0,0
2025,13,"00-0039920","M.Corley","WR","CLE",0,0,0,0,0,0,0,0,0,1,9,0,0,0,0,0,0,0,0,0
2025,13,"00-0040058","N.Kallerup","TE","SEA",0,0,0,0,0,0,0,0,0,0,0,0,0,0,0,0,0,0,0,0
2025,13,"00-0040078","B.Smith","RB","KC",0,0,0,0,0,0,0,0,0,0,0,0,0,0,0,0,0,0,0,0
2025,13,"00-0040122","A.Jeanty","RB","LV",0,0,0,0,0,0,0,0,0,15,31,0,0,0,6,8,30,0,0,0
2025,13,"00-0040124","T.McMillan","WR","CAR",0,0,0,0,0,0,0,0,0,0,0,0,0,0,1,2,43,1,0,0
2025,13,"00-0040126","C.Loveland","TE","CHI",0,0,0,0,0,0,0,0,0,0,0,0,0,0,3,6,28,0,0,0
2025,13,"00-0040128","T.Warren","TE","IND",0,0,0,0,0,0,0,0,0,1,0,0,0,0,3,4,22,1,0,0
2025,13,"00-0040129","E.Egbuka","WR","TB",0,0,0,0,0,0,0,0,0,0,0,0,0,0,4,8,42,0,0,0
2025,13,"00-0040130","J.Higgins","WR","HOU",0,0,0,0,0,0,0,0,0,0,0,0,0,0,5,5,65,0,0,0
2025,13,"00-0040131","K.Williams","WR","NE",0,0,0,0,0,0,0,0,0,0,0,0,0,0,1,1,33,1,0,0
2025,13,"00-0040134","P.Bryant","WR","DEN",0,0,0,0,0,0,0,0,0,0,0,0,0,0,3,7,42,0,0,0
2025,13,"00-0040138","J.Noel","WR","HOU",0,0,0,0,0,0,0,0,0,0,0,0,0,0,0,1,0,0,0,0
2025,13,"00-0040142","K.Johnson","RB","PIT",0,0,0,0,0,0,0,0,0,2,3,0,0,0,0,0,0,0,0,0
2025,13,"00-0040154","T.Felton","WR","MIN",0,0,0,0,0,0,0,0,0,0,0,0,0,0,0,0,0,0,0,0
2025,13,"00-0040162","D.Sampson","RB","CLE",0,0,0,0,0,0,0,0,0,4,23,0,0,0,0,0,0,0,0,0
2025,13,"00-0040164","J.Lane","WR","WAS",0,0,0,0,0,0,0,0,0,0,0,0,0,0,0,1,0,0,0,0
2025,13,"00-0040170","E.Ayomanor","WR","TEN",0,0,0,0,0,0,0,0,0,0,0,0,0,0,1,5,5,0,0,0
2025,13,"00-0040187","M.Evans","TE","CAR",0,0,0,0,0,0,0,0,0,0,0,0,0,0,3,3,20,0,0,0
2025,13,"00-0040189","O.Gadsden","TE","LAC",0,0,0,0,0,0,0,0,0,0,0,0,0,0,1,2,27,0,0,0
2025,13,"00-0040194","J.Hawes","TE","BUF",0,0,0,0,0,0,0,0,0,0,0,0,0,0,1,1,10,0,0,0
2025,13,"00-0040198","O.Gordon","RB","MIA",0,0,0,0,0,0,0,0,0,3,10,0,0,0,0,0,0,0,0,0
2025,13,"00-0040202","D.Neal","RB","NO",0,0,0,0,0,0,0,0,0,14,47,0,0,0,3,3,22,0,0,0
2025,13,"00-0040236","K.Monangai","RB","CHI",0,0,0,0,0,0,0,0,0,22,130,1,0,0,0,1,0,0,0,0
2025,13,"00-0040237","T.Johnson","WR","TB",0,0,0,0,0,0,0,0,0,0,0,0,0,0,1,2,5,0,0,0
2025,13,"00-0040238","L.Allen","RB","JAX",0,0,0,0,0,0,0,0,0,0,0,0,0,0,0,0,0,0,0,0
2025,13,"00-0040242","J.Croskey-Merritt","RB","WAS",0,0,0,0,0,0,0,0,0,4,20,0,0,0,0,0,0,0,0,0
2025,13,"00-0040259","G.Larvadain","WR","CLE",0,0,0,0,0,0,0,0,0,0,0,0,0,0,2,3,23,0,0,0
2025,13,"00-0040494","M.Brosmer","QB","MIN",19,30,126,0,4,4,-30,0,0,1,-1,0,0,0,0,0,0,0,0,0
2025,13,"00-0040506","M.Price","WR","MIN",0,0,0,0,0,0,0,0,0,0,0,0,0,0,0,0,0,0,0,0
2025,13,"00-0040522","X.Restrepo","WR","TEN",0,0,0,0,0,0,0,0,0,0,0,0,0,0,1,1,15,0,0,0
2025,13,"00-0040534","K.Williams","WR","PIT",0,0,0,0,0,0,0,0,0,0,0,0,0,0,0,0,0,0,0,0
2025,13,"00-0040563","E.Chism","WR","NE",0,0,0,0,0,0,0,0,0,0,0,0,0,0,0,0,0,0,0,0
2025,13,"00-0040581","D.Thornton","WR","LV",0,0,0,0,0,0,0,0,0,0,0,0,0,0,1,2,11,0,0,0
2025,13,"00-0040583","W.Marks","RB","HOU",0,0,0,0,0,0,0,0,0,19,64,0,0,0,1,1,3,0,0,0
2025,13,"00-0040584","G.Helm","TE","TEN",0,0,0,0,0,0,0,0,0,0,0,0,0,0,6,7,23,0,0,0
2025,13,"00-0040590","K.Mumpfield","WR","LA",0,0,0,0,0,0,0,0,0,0,0,0,0,0,0,0,0,0,0,0
2025,13,"00-0040644","T.Etienne","RB","CAR",0,0,0,0,0,0,0,0,0,0,0,0,0,0,1,1,4,0,0,0
2025,13,"00-0040663","H.Fannin","TE","CLE",0,0,0,0,0,0,0,0,0,1,0,0,1,0,3,5,43,1,0,0
2025,13,"00-0040668","S.Sanders","QB","CLE",16,25,149,1,0,3,-34,0,0,1,6,0,0,0,0,0,0,0,0,0
2025,13,"00-0040669","I.TeSlaa","WR","DET",0,0,0,0,0,0,0,0,0,0,0,0,0,0,2,2,35,1,0,0
2025,13,"00-0040676","C.Ward","QB","TEN",24,38,141,0,0,3,-20,0,0,1,7,0,0,0,0,0,0,0,0,0
2025,13,"00-0040691","J.Dart","QB","NYG",17,24,139,1,0,2,-11,0,1,4,20,0,0,0,0,0,0,0,0,0
2025,13,"00-0040704","D.Gabriel","QB","CLE",1,1,0,0,0,0,0,0,0,0,0,0,0,0,0,0,0,0,0,0
2025,13,"00-0040705","C.Dike","WR","TEN",0,0,0,0,0,0,0,0,0,1,1,0,0,0,1,4,8,0,0,0
2025,13,"00-0040719","B.Tuten","RB","JAX",0,0,0,0,0,0,0,0,0,8,17,1,0,0,1,1,2,0,0,0
2025,13,"00-0040727","T.Harris","WR","LAC",0,0,0,0,0,0,0,0,0,0,0,0,0,0,3,4,30,0,0,0
2025,13,"00-0040729","J.Bech","WR","LV",0,0,0,0,0,0,0,0,0,0,0,0,0,0,2,3,22,0,0,0
2025,13,"00-0040730","R.Harvey","RB","DEN",0,0,0,0,0,0,0,0,0,13,35,2,0,0,3,4,27,0,0,0
2025,13,"00-0040734","T.Henderson","RB","NE",0,0,0,0,0,0,0,0,0,11,67,0,0,0,3,4,19,0,0,0
2025,13,"00-0040735","L.Burden","WR","CHI",0,0,0,0,0,0,0,0,0,1,3,0,0,0,4,6,33,0,0,0
2025,13,"00-0040736","M.Taylor","TE","NYJ",0,0,0,0,0,0,0,0,0,0,0,0,0,0,2,4,21,0,0,0
2025,13,"00-0040737","T.Ferguson","TE","LA",0,0,0,0,0,0,0,0,0,0,0,0,0,0,0,2,0,0,0,0
2025,13,"00-0040739","E.Arroyo","TE","SEA",0,0,0,0,0,0,0,0,0,0,0,0,0,0,0,2,0,0,0,0
2025,13,"00-0040743","T.Shough","QB","NO",26,38,239,2,1,4,-26,1,0,6,18,0,0,1,0,0,0,0,0,0
2025,13,"00-0040782","I.Bond","WR","CLE",0,0,0,0,0,0,0,0,0,1,9,0,0,0,1,2,18,0,0,0
2025,13,"00-0040784","Q.Judkins","RB","CLE",0,0,0,0,0,0,0,0,0,23,91,0,0,1,3,3,18,0,0,0
2025,14,"00-0023459","A.Rodgers","QB","PIT",23,34,284,1,0,0,0,0,0,2,0,1,0,0,1,1,-9,0,0,0
2025,14,"00-0026498","M.Stafford","QB","LA",22,31,281,3,0,0,0,0,0,0,0,0,0,0,0,0,0,0,0,0
2025,14,"00-0028118","T.Taylor","QB","NYJ",1,4,6,0,1,0,0,0,0,0,0,0,0,0,0,0,0,0,0,0
2025,14,"00-0029604","K.Cousins","QB","ATL",15,30,162,0,2,1,-8,0,0,0,0,0,0,0,0,0,0,0,0,0
2025,14,"00-0030035","A.Thielen","WR","PIT",0,0,0,0,0,0,0,0,0,0,0,0,0,0,1,1,4,0,0,0
2025,14,"00-0030061","Z.Ertz","TE","WAS",0,0,0,0,0,0,0,0,0,0,0,0,0,0,1,2,11,0,0,0
2025,14,"00-0030279","K.Allen","WR","LAC",0,0,0,0,0,0,0,0,0,0,0,0,0,0,3,3,22,0,0,0
2025,14,"00-0030506","T.Kelce","TE","KC",0,0,0,0,0,0,0,0,0,0,0,0,0,0,1,5,8,0,0,0
2025,14,"00-0030564","D.Hopkins","WR","BAL",0,0,0,0,0,0,0,0,0,0,0,0,0,0,0,1,0,0,0,0
2025,14,"00-0030565","G.Smith","QB","LV",13,21,116,1,0,3,-19,0,0,1,4,0,0,0,0,0,0,0,0,0
2025,14,"00-0031345","J.Garoppolo","QB","LA",0,0,0,0,0,0,0,0,0,3,-4,0,0,0,0,0,0,0,0,0
2025,14,"00-0031381","D.Adams","WR","LA",0,0,0,0,0,0,0,0,0,0,0,0,0,0,4,6,29,0,0,0
2025,14,"00-0031610","D.Waller","TE","MIA",0,0,0,0,0,0,0,0,0,1,4,0,0,0,1,3,13,0,0,0
2025,14,"00-0031687","R.Mostert","RB","LV",0,0,0,0,0,0,0,0,0,0,0,0,0,0,1,1,2,0,0,0
2025,14,"00-0032104","A.Abdullah","RB","IND",0,0,0,0,0,0,0,0,0,1,4,0,0,0,2,2,5,0,0,0
2025,14,"00-0032211","T.Lockett","WR","LV",0,0,0,0,0,0,0,0,0,0,0,0,0,0,3,4,41,0,0,0
2025,14,"00-0032268","M.Mariota","QB","WAS",2,4,30,0,1,1,-8,0,0,2,7,0,1,0,0,0,0,0,0,0
2025,14,"00-0032385","S.Shepard","WR","TB",0,0,0,0,0,0,0,0,0,0,0,0,0,0,1,1,5,0,0,0
2025,14,"00-0032764","D.Henry","RB","BAL",0,0,0,0,0,0,0,0,0,25,94,0,0,0,1,2,8,0,0,0
2025,14,"00-0032951","L.Treadwell","WR","IND",0,0,0,0,0,0,0,0,0,0,0,0,0,0,0,0,0,0,0,0
2025,14,"00-0033077","D.Prescott","QB","DAL",31,47,376,1,2,5,-50,0,1,3,14,0,0,0,0,0,0,0,0,0
2025,14,"00-0033106","J.Goff","QB","DET",25,34,309,1,0,1,-10,0,0,2,-2,0,0,0,0,0,0,0,0,0
2025,14,"00-0033119","J.Brissett","QB","ARI",25,44,271,2,1,3,-8,0,0,4,22,0,0,0,0,0,0,0,0,0
2025,14,"00-0033217","M.Alie-Cox","TE","IND",0,0,0,0,0,0,0,0,0,0,0,0,0,0,0,2,0,0,0,0
2025,14,"00-0033293","A.Jones","RB","MIN",0,0,0,0,0,0,0,0,0,14,76,0,0,0,0,1,0,0,0,0
2025,14,"00-0033319","N.Mullens","QB","JAX",1,1,3,0,0,0,0,0,0,3,-1,0,0,0,0,0,0,0,0,0
2025,14,"00-0033357","T.Hill","TE","NO",0,0,0,0,0,0,0,0,0,2,-1,0,0,0,0,2,0,0,0,0
2025,14,"00-0033375","T.Patrick","WR","JAX",0,0,0,0,0,0,0,0,0,0,0,0,0,0,5,6,78,1,0,0
2025,14,"00-0033376","P.Ricard","RB","BAL",0,0,0,0,0,0,0,0,0,0,0,0,0,0,0,1,0,0,0,0
2025,14,"00-0033439","P.Brown","TE","ARI",0,0,0,0,0,0,0,0,0,0,0,0,0,0,0,0,0,0,0,0
2025,14,"00-0033455","A.Firkser","TE","DET",0,0,0,0,0,0,0,0,0,0,0,0,0,0,1,1,7,0,0,0
2025,14,"00-0033526","S.Perine","RB","CIN",0,0,0,0,0,0,0,0,0,6,31,0,0,0,1,1,7,0,0,0
2025,14,"00-0033572","J.Agnew","WR","ATL",0,0,0,0,0,0,0,0,0,0,0,0,0,0,0,0,0,0,0,0
2025,14,"00-0033591","N.Brown","WR","WAS",0,0,0,0,0,0,0,0,0,0,0,0,0,0,1,2,19,0,0,0
2025,14,"00-0033854","D.Ogunbowale","RB","HOU",0,0,0,0,0,0,0,0,0,1,5,1,0,0,0,0,0,0,0,0
2025,14,"00-0033857","J.Smith-Schuster","WR","KC",0,0,0,0,0,0,0,0,0,0,0,0,0,0,1,2,5,0,0,0
2025,14,"00-0033858","J.Smith","TE","PIT",0,0,0,0,0,0,0,0,0,0,0,0,0,0,0,1,0,0,0,0
2025,14,"00-0033873","P.Mahomes","QB","KC",14,33,160,0,3,2,-12,0,0,7,59,0,0,0,1,1,-10,0,0,0
2025,14,"00-0033881","E.Engram","TE","DEN",0,0,0,0,0,0,0,0,0,0,0,0,0,0,2,2,8,0,0,0
2025,14,"00-0033885","D.Njoku","TE","CLE",0,0,0,0,0,0,0,0,0,0,0,0,0,0,1,1,1,1,0,0
2025,14,"00-0033908","C.Kupp","WR","SEA",0,0,0,0,0,0,0,0,0,0,0,0,0,0,2,3,35,1,0,0
2025,14,"00-0033921","C.Godwin","WR","TB",0,0,0,0,0,0,0,0,0,0,0,0,0,0,5,8,55,0,0,0
2025,14,"00-0033923","K.Hunt","RB","KC",0,0,0,0,0,0,0,0,0,12,30,1,0,0,0,1,0,0,0,0
2025,14,"00-0033955","J.McNichols","RB","WAS",0,0,0,0,0,0,0,0,0,0,0,0,0,0,1,1,2,0,0,0
2025,14,"00-0034073","R.Dwelley","TE","DET",0,0,0,0,0,0,0,0,0,0,0,0,0,0,1,1,4,0,0,0
2025,14,"00-0034159","W.Dissly","TE","LAC",0,0,0,0,0,0,0,0,0,0,0,0,0,0,1,1,1,0,0,0
2025,14,"00-0034272","M.Valdes-Scantling","WR","PIT",0,0,0,0,0,0,0,0,0,0,0,0,0,0,0,1,0,0,0,0
2025,14,"00-0034348","C.Sutton","WR","DEN",0,0,0,0,0,0,0,0,0,0,0,0,0,0,6,10,62,0,0,0
2025,14,"00-0034351","D.Goedert","TE","PHI",0,0,0,0,0,0,0,0,0,0,0,0,0,0,8,10,78,0,0,0
2025,14,"00-0034365","I.Thomas","TE","LV",0,0,0,0,0,0,0,0,0,0,0,0,0,0,2,2,17,0,0,0
2025,14,"00-0034383","D.Schultz","TE","HOU",0,0,0,0,0,0,0,0,0,0,0,0,0,0,3,4,22,0,0,0
2025,14,"00-0034487","T.Sherfield","WR","ARI",0,0,0,0,0,0,0,0,0,0,0,0,0,0,0,1,0,0,0,0
2025,14,"00-0034521","A.Lazard","WR","NYJ",0,0,0,0,0,0,0,0,0,0,0,0,0,0,0,1,0,0,0,0
2025,14,"00-0034613","T.Hudson","TE","CIN",0,0,0,0,0,0,0,0,0,0,0,0,0,0,1,1,11,0,0,0
2025,14,"00-0034753","M.Andrews","TE","BAL",0,0,0,0,0,0,0,0,0,0,0,0,0,0,1,5,9,0,0,0
2025,14,"00-0034775","C.Kirk","WR","HOU",0,0,0,0,0,0,0,0,0,0,0,0,0,0,1,3,6,0,0,0
2025,14,"00-0034791","N.Chubb","RB","HOU",0,0,0,0,0,0,0,0,0,1,3,0,0,0,0,0,0,0,0,0
2025,14,"00-0034796","L.Jackson","QB","BAL",19,35,219,1,1,2,-16,0,0,7,43,1,0,0,0,0,0,0,0,0
2025,14,"00-0034798","D.Smythe","TE","CHI",0,0,0,0,0,0,0,0,0,0,0,0,0,0,1,1,2,0,0,0
2025,14,"00-0034827","D.Moore","WR","CHI",0,0,0,0,0,0,0,0,0,0,0,0,0,0,1,3,-4,0,0,0
2025,14,"00-0034829","M.Gesicki","TE","CIN",0,0,0,0,0,0,0,0,0,0,0,0,0,0,6,6,86,1,0,0
2025,14,"00-0034844","S.Barkley","RB","PHI",0,0,0,0,0,0,0,0,0,20,122,1,0,0,0,2,0,0,0,0
2025,14,"00-0034855","B.Mayfield","QB","TB",14,30,122,1,1,0,0,0,0,6,42,0,0,0,0,0,0,0,0,0
2025,14,"00-0034857","J.Allen","QB","BUF",22,28,251,3,0,3,-18,0,1,9,78,1,0,0,0,0,0,0,0,0
2025,14,"00-0034860","D.Pettis","WR","NO",0,0,0,0,0,0,0,0,0,0,0,0,0,0,0,0,0,0,0,0
2025,14,"00-0034869","S.Darnold","QB","SEA",20,30,249,3,1,2,-13,0,0,3,23,0,0,0,0,0,0,0,0,0
2025,14,"00-0034960","J.Meyers","WR","JAX",0,0,0,0,0,0,0,0,0,3,9,0,0,0,4,10,39,1,0,0
2025,14,"00-0034981","F.Moreau","TE","NO",0,0,0,0,0,0,0,0,0,0,0,0,0,0,1,1,16,0,0,0
2025,14,"00-0035208","O.Zaccheaus","WR","CHI",0,0,0,0,0,0,0,0,0,0,0,0,0,0,2,3,7,1,0,0
2025,14,"00-0035229","T.Hockenson","TE","MIN",0,0,0,0,0,0,0,0,0,0,0,0,0,0,2,3,12,1,0,0
2025,14,"00-0035249","J.Oliver","TE","MIN",0,0,0,0,0,0,0,0,0,0,0,0,0,0,2,2,24,2,0,0
2025,14,"00-0035261","T.Pollard","RB","TEN",0,0,0,0,0,0,0,0,0,25,161,2,0,0,0,0,0,0,0,0
2025,14,"00-0035359","D.Sills","WR","ATL",0,0,0,0,0,0,0,0,0,0,0,0,0,0,0,4,0,0,0,0
2025,14,"00-0035406","L.Humphrey","WR","DEN",0,0,0,0,0,0,0,0,0,0,0,0,0,0,3,3,27,0,0,0
2025,14,"00-0035537","Ty.Johnson","RB","BUF",0,0,0,0,0,0,0,0,0,2,25,0,0,0,2,3,14,0,0,0
2025,14,"00-0035544","T.Kennedy","WR","DET",0,0,0,0,0,0,0,0,0,0,0,0,0,0,0,0,0,0,0,0
2025,14,"00-0035594","T.Homer","RB","CHI",0,0,0,0,0,0,0,0,0,0,0,0,0,0,0,0,0,0,0,0
2025,14,"00-0035640","D.Metcalf","WR","PIT",0,0,0,0,0,0,0,0,0,0,0,0,0,0,7,12,148,0,0,0
2025,14,"00-0035644","N.Fant","TE","CIN",0,0,0,0,0,0,0,0,0,0,0,0,0,0,1,2,15,0,0,0
2025,14,"00-0035659","T.McLaurin","WR","WAS",0,0,0,0,0,0,0,0,0,0,0,0,0,0,3,6,41,0,0,0
2025,14,"00-0035662","M.Brown","WR","KC",0,0,0,0,0,0,0,0,0,0,0,0,0,0,1,2,35,0,0,0
2025,14,"00-0035676","A.Brown","WR","PHI",0,0,0,0,0,0,0,0,0,0,0,0,0,0,6,13,100,0,0,0
2025,14,"00-0035685","D.Montgomery","RB","DET",0,0,0,0,0,0,0,0,0,6,60,1,0,0,1,1,13,0,0,0
2025,14,"00-0035689","D.Knox","TE","BUF",0,0,0,0,0,0,0,0,0,0,0,0,0,0,6,7,93,0,0,1
2025,14,"00-0035700","J.Jacobs","RB","GB",0,0,0,0,0,0,0,0,0,20,86,1,0,0,2,2,6,0,0,0
2025,14,"00-0035704","D.Lock","QB","SEA",0,0,0,0,0,0,0,0,0,1,0,0,0,0,0,0,0,0,0,0
2025,14,"00-0035710","D.Jones","QB","IND",5,7,60,0,1,0,0,0,0,1,4,0,0,0,0,0,0,0,0,0
2025,14,"00-0035719","D.Samuel","WR","WAS",0,0,0,0,0,0,0,0,0,0,0,0,0,0,4,6,27,0,0,0
2025,14,"00-0035876","A.Baccellia","WR","ARI",0,0,0,0,0,0,0,0,0,0,0,0,0,0,1,3,3,0,0,0
2025,14,"00-0035891","C.White","WR","SEA",0,0,0,0,0,0,0,0,0,0,0,0,0,0,1,1,9,0,0,0
2025,14,"00-0036040","J.Johnson","TE","NO",0,0,0,0,0,0,0,0,0,0,0,0,0,0,4,4,38,0,0,0
2025,14,"00-0036133","J.Proche","WR","TEN",0,0,0,0,0,0,0,0,0,0,0,0,0,0,0,1,0,0,0,0
2025,14,"00-0036182","N.Westbrook-Ikhine","WR","MIA",0,0,0,0,0,0,0,0,0,0,0,0,0,0,0,0,0,0,0,0
2025,14,"00-0036187","R.Gilliam","RB","BUF",0,0,0,0,0,0,0,0,0,0,0,0,0,0,0,0,0,0,0,0
2025,14,"00-0036196","G.Davis","WR","BUF",0,0,0,0,0,0,0,0,0,0,0,0,0,0,2,2,21,0,0,0
2025,14,"00-0036212","T.Tagovailoa","QB","MIA",13,21,127,1,0,1,-8,0,0,1,0,0,0,0,0,0,0,0,0,0
2025,14,"00-0036223","J.Taylor","RB","IND",0,0,0,0,0,0,0,0,0,21,74,1,1,0,0,0,0,0,0,0
2025,14,"00-0036244","C.Parkinson","TE","LA",0,0,0,0,0,0,0,0,0,0,0,0,0,0,3,5,32,1,0,0
2025,14,"00-0036252","M.Pittman","WR","IND",0,0,0,0,0,0,0,0,0,0,0,0,0,0,9,12,79,0,0,0
2025,14,"00-0036264","J.Love","QB","GB",17,25,234,3,1,1,-14,0,0,1,-1,0,0,0,0,0,0,0,0,0
2025,14,"00-0036275","D.Swift","RB","CHI",0,0,0,0,0,0,0,0,0,13,63,0,0,0,3,4,19,0,0,0
2025,14,"00-0036290","C.Kmet","TE","CHI",0,0,0,0,0,0,0,0,0,0,0,0,0,0,2,3,42,0,0,0
2025,14,"00-0036309","D.Mooney","WR","ATL",0,0,0,0,0,0,0,0,0,0,0,0,0,0,1,4,6,0,0,0
2025,14,"00-0036322","J.Jefferson","WR","MIN",0,0,0,0,0,0,0,0,0,0,0,0,0,0,2,4,11,0,0,0
2025,14,"00-0036331","D.Duvernay","WR","CHI",0,0,0,0,0,0,0,0,0,0,0,0,0,0,1,1,24,0,0,0
2025,14,"00-0036332","J.Deguara","TE","ARI",0,0,0,0,0,0,0,0,0,0,0,0,0,0,0,1,0,0,0,0
2025,14,"00-0036355","J.Herbert","QB","LAC",12,26,139,1,1,7,-33,1,0,10,66,0,0,0,0,0,0,0,0,0
2025,14,"00-0036358","C.Lamb","WR","DAL",0,0,0,0,0,0,0,0,0,0,0,0,0,0,6,8,121,0,0,0
2025,14,"00-0036389","J.Hurts","QB","PHI",21,40,240,0,4,1,-9,0,0,4,8,0,0,0,0,0,0,0,0,0
2025,14,"00-0036407","J.Jeudy","WR","CLE",0,0,0,0,0,0,0,0,0,0,0,0,0,0,3,5,76,1,0,0
2025,14,"00-0036410","T.Higgins","WR","CIN",0,0,0,0,0,0,0,0,0,0,0,0,0,0,6,11,92,2,0,0
2025,14,"00-0036415","V.Jefferson","WR","TEN",0,0,0,0,0,0,0,0,0,0,0,0,0,0,2,4,17,0,0,0
2025,14,"00-0036422","A.Trautman","TE","DEN",0,0,0,0,0,0,0,0,0,0,0,0,0,0,2,2,17,0,0,0
2025,14,"00-0036442","J.Burrow","QB","CIN",25,36,284,4,2,1,-8,0,0,0,0,0,0,0,0,0,0,0,0,0
2025,14,"00-0036527","D.Turner","WR","LV",0,0,0,0,0,0,0,0,0,0,0,0,0,0,0,0,0,0,0,0
2025,14,"00-0036550","R.Bateman","WR","BAL",0,0,0,0,0,0,0,0,0,0,0,0,0,0,2,3,23,0,0,0
2025,14,"00-0036554","N.Collins","WR","HOU",0,0,0,0,0,0,0,0,0,0,0,0,0,0,4,8,121,0,0,0
2025,14,"00-0036590","Q.Morris","TE","JAX",0,0,0,0,0,0,0,0,0,0,0,0,0,0,0,0,0,0,0,0
2025,14,"00-0036613","J.Waddle","WR","MIA",0,0,0,0,0,0,0,0,0,1,21,0,0,0,5,7,50,1,0,0
2025,14,"00-0036620","D.Eskridge","WR","MIA",0,0,0,0,0,0,0,0,0,0,0,0,0,0,0,0,0,0,0,0
2025,14,"00-0036628","J.Bates","TE","WAS",0,0,0,0,0,0,0,0,0,0,0,0,0,0,0,0,0,0,0,0
2025,14,"00-0036637","N.Gray","TE","KC",0,0,0,0,0,0,0,0,0,0,0,0,0,0,1,3,14,0,0,0
2025,14,"00-0036741","J.Stoll","TE","NO",0,0,0,0,0,0,0,0,0,0,0,0,0,0,0,1,0,0,0,0
2025,14,"00-0036825","F.Franks","TE","ATL",0,0,0,0,0,0,0,0,0,0,0,0,0,0,0,0,0,0,0,0
2025,14,"00-0036841","A.Trammell","WR","JAX",0,0,0,0,0,0,0,0,0,0,0,0,0,0,0,0,0,0,0,0
2025,14,"00-0036842","K.Nwangwu","RB","NYJ",0,0,0,0,0,0,0,0,0,0,0,0,0,0,0,0,0,0,0,0
2025,14,"00-0036862","B.Skowronek","WR","PIT",0,0,0,0,0,0,0,0,0,0,0,0,0,0,1,1,13,0,0,0
2025,14,"00-0036876","K.Granson","TE","PHI",0,0,0,0,0,0,0,0,0,0,0,0,0,0,0,0,0,0,0,0
2025,14,"00-0036894","P.Freiermuth","TE","PIT",0,0,0,0,0,0,0,0,0,0,0,0,0,0,2,3,9,0,0,0
2025,14,"00-0036900","J.Chase","WR","CIN",0,0,0,0,0,0,0,0,0,1,8,0,0,0,5,8,44,0,0,0
2025,14,"00-0036906","K.Herbert","RB","NYJ",0,0,0,0,0,0,0,0,0,0,0,0,0,0,0,0,0,0,0,0
2025,14,"00-0036912","D.Smith","WR","PHI",0,0,0,0,0,0,0,0,0,0,0,0,0,0,4,8,37,0,0,0
2025,14,"00-0036919","K.Gainwell","RB","PIT",0,0,0,0,0,0,0,0,0,4,15,1,0,0,6,7,27,0,0,0
2025,14,"00-0036924","M.Carter","RB","ARI",0,0,0,0,0,0,0,0,0,3,13,0,0,0,2,4,18,0,0,0
2025,14,"00-0036963","A.St. Brown","WR","DET",0,0,0,0,0,0,0,0,0,0,0,0,0,0,6,9,92,0,0,0
2025,14,"00-0036970","K.Pitts","TE","ATL",0,0,0,0,0,0,0,0,0,0,0,0,0,0,6,10,90,0,0,0
2025,14,"00-0036971","T.Lawrence","QB","JAX",17,30,244,2,0,0,0,0,0,4,16,0,0,0,0,0,0,0,0,0
2025,14,"00-0036973","T.Etienne","RB","JAX",0,0,0,0,0,0,0,0,0,20,74,2,0,0,1,1,8,0,0,0
2025,14,"00-0036997","J.Williams","RB","DAL",0,0,0,0,0,0,0,0,0,17,67,1,0,0,2,4,0,0,0,0
2025,14,"00-0037013","Z.Wilson","QB","MIA",0,0,0,0,0,0,0,0,0,2,-2,0,0,0,0,0,0,0,0,0
2025,14,"00-0037085","T.Badie","RB","DEN",0,0,0,0,0,0,0,0,0,4,16,0,0,0,1,1,5,0,0,0
2025,14,"00-0037091","B.Melton","WR","GB",0,0,0,0,0,0,0,0,0,0,0,0,0,0,1,2,45,1,0,0
2025,14,"00-0037132","B.Covey","WR","PHI",0,0,0,0,0,0,0,0,0,0,0,0,0,0,0,0,0,0,0,0
2025,14,"00-0037157","Z.Knight","RB","ARI",0,0,0,0,0,0,0,0,0,7,16,0,0,0,3,6,18,0,0,0
2025,14,"00-0037197","I.Pacheco","RB","KC",0,0,0,0,0,0,0,0,0,9,30,0,0,0,0,0,0,0,0,0
2025,14,"00-0037228","J.Warren","RB","PIT",0,0,0,0,0,0,0,0,0,8,13,0,0,0,3,3,49,1,0,0
2025,14,"00-0037239","C.Olave","WR","NO",0,0,0,0,0,0,0,0,0,0,0,0,0,0,3,5,30,0,0,0
2025,14,"00-0037240","J.Williams","WR","DET",0,0,0,0,0,0,0,0,0,1,7,0,0,0,7,9,96,0,0,0
2025,14,"00-0037247","G.Pickens","WR","DAL",0,0,0,0,0,0,0,0,0,0,0,0,0,0,5,9,37,0,0,0
2025,14,"00-0037248","J.Cook","RB","BUF",0,0,0,0,0,0,0,0,0,18,80,0,1,0,2,2,31,0,0,0
2025,14,"00-0037252","G.Dulcich","TE","MIA",0,0,0,0,0,0,0,0,0,0,0,0,0,0,3,3,41,0,0,0
2025,14,"00-0037256","R.White","RB","TB",0,0,0,0,0,0,0,0,0,11,53,0,0,0,1,2,2,0,0,0
2025,14,"00-0037261","K.Shakir","WR","BUF",0,0,0,0,0,0,0,0,0,0,0,0,0,0,2,3,16,1,0,0
2025,14,"00-0037263","T.Allgeier","RB","ATL",0,0,0,0,0,0,0,0,0,11,34,0,0,0,2,2,33,0,0,0
2025,14,"00-0037267","J.Ford","RB","CLE",0,0,0,0,0,0,0,0,0,0,0,0,0,0,2,3,10,0,0,0
2025,14,"00-0037291","J.Nailor","WR","MIN",0,0,0,0,0,0,0,0,0,0,0,0,0,0,3,3,30,0,0,0
2025,14,"00-0037292","A.Ogletree","TE","IND",0,0,0,0,0,0,0,0,0,0,0,0,0,0,0,0,0,0,0,0
2025,14,"00-0037306","J.FitzPatrick","TE","GB",0,0,0,0,0,0,0,0,0,0,0,0,0,0,2,2,14,0,0,0
2025,14,"00-0037475","S.Smartt","TE","NYJ",0,0,0,0,0,0,0,0,0,0,0,0,0,0,0,1,0,0,0,0
2025,14,"00-0037487","D.Thompkins","WR","ATL",0,0,0,0,0,0,0,0,0,0,0,0,0,0,1,1,4,0,0,0
2025,14,"00-0037525","J.Mason","RB","MIN",0,0,0,0,0,0,0,0,0,11,52,1,0,0,0,0,0,0,0,0
2025,14,"00-0037545","R.Shaheed","WR","SEA",0,0,0,0,0,0,0,0,0,0,0,0,0,0,4,5,67,0,0,0
2025,14,"00-0037557","R.Rivers","RB","LA",0,0,0,0,0,0,0,0,0,8,41,0,0,0,0,0,0,0,0,0
2025,14,"00-0037563","M.Davis","RB","DAL",0,0,0,0,0,0,0,0,0,3,6,0,0,0,0,0,0,0,0,0
2025,14,"00-0037594","J.Chestnut","RB","TEN",0,0,0,0,0,0,0,0,0,0,0,0,0,0,0,0,0,0,0,0
2025,14,"00-0037614","J.Metchie","WR","NYJ",0,0,0,0,0,0,0,0,0,0,0,0,0,0,4,8,34,0,0,0
2025,14,"00-0037617","H.Haskins","RB","LAC",0,0,0,0,0,0,0,0,0,0,0,0,0,0,0,0,0,0,0,0
2025,14,"00-0037664","A.Pierce","WR","IND",0,0,0,0,0,0,0,0,0,0,0,0,0,0,5,8,80,0,0,0
2025,14,"00-0037741","J.Dotson","WR","PHI",0,0,0,0,0,0,0,0,0,0,0,0,0,0,1,3,3,0,0,0
2025,14,"00-0037742","T.Burks","WR","WAS",0,0,0,0,0,0,0,0,0,0,0,0,0,0,0,1,0,0,0,0
2025,14,"00-0037744","T.McBride","TE","ARI",0,0,0,0,0,0,0,0,0,0,0,0,0,0,5,9,58,0,0,0
2025,14,"00-0037745","V.Jones","WR","SEA",0,0,0,0,0,0,0,0,0,4,32,0,0,0,0,0,0,0,0,0
2025,14,"00-0037801","K.Turpin","WR","DAL",0,0,0,0,0,0,0,0,0,1,4,0,0,0,2,2,26,0,0,0
2025,14,"00-0037805","J.Ruckert","TE","NYJ",0,0,0,0,0,0,0,0,0,0,0,0,0,0,2,3,19,0,0,0
2025,14,"00-0037809","C.Okonkwo","TE","TEN",0,0,0,0,0,0,0,0,0,0,0,0,0,0,2,2,20,0,0,0
2025,14,"00-0037816","R.Doubs","WR","GB",0,0,0,0,0,0,0,0,0,0,0,0,0,0,0,2,0,0,0,0
2025,14,"00-0037837","C.Austin","WR","PIT",0,0,0,0,0,0,0,0,0,0,0,0,0,0,1,2,31,0,0,0
2025,14,"00-0037838","I.Likely","TE","BAL",0,0,0,0,0,0,0,0,0,0,0,0,0,0,4,6,25,1,0,0
2025,14,"00-0037840","K.Williams","RB","LA",0,0,0,0,0,0,0,0,0,13,84,1,0,0,2,2,13,0,0,0
2025,14,"00-0038041","J.Ferguson","TE","DAL",0,0,0,0,0,0,0,0,0,0,0,0,0,0,5,7,58,0,1,1
2025,14,"00-0038046","C.Kolar","TE","BAL",0,0,0,0,0,0,0,0,0,0,0,0,0,0,1,1,19,0,0,0
2025,14,"00-0038102","K.Pickett","QB","LV",8,11,97,1,0,1,-5,0,0,1,6,0,0,0,0,0,0,0,0,0
2025,14,"00-0038104","T.Thornton","WR","KC",0,0,0,0,0,0,0,0,0,0,0,0,0,0,2,3,19,0,0,0
2025,14,"00-0038120","B.Hall","RB","NYJ",0,0,0,0,0,0,0,0,0,14,43,0,0,0,0,1,0,0,0,0
2025,14,"00-0038124","C.Watson","WR","GB",0,0,0,0,0,0,0,0,0,0,0,0,0,0,4,4,89,2,0,0
2025,14,"00-0038129","C.Otton","TE","TB",0,0,0,0,0,0,0,0,0,0,0,0,0,0,3,4,19,0,0,0
2025,14,"00-0038134","K.Walker","RB","SEA",0,0,0,0,0,0,0,0,0,10,29,0,0,0,1,3,-1,0,0,0
2025,14,"00-0038359","X.Smith","WR","LA",0,0,0,0,0,0,0,0,0,0,0,0,0,0,1,1,6,0,0,0
2025,14,"00-0038397","E.Hull","RB","NO",0,0,0,0,0,0,0,0,0,1,4,0,0,0,1,1,6,0,0,0
2025,14,"00-0038440","Z.Scott","RB","MIN",0,0,0,0,0,0,0,0,0,3,15,0,0,0,1,1,5,0,0,0
2025,14,"00-0038454","K.Mitchell","RB","BAL",0,0,0,0,0,0,0,0,0,6,76,0,0,0,0,0,0,0,0,0
2025,14,"00-0038542","B.Robinson","RB","ATL",0,0,0,0,0,0,0,0,0,20,86,0,1,0,2,2,8,0,0,0
2025,14,"00-0038543","J.Smith-Njigba","WR","SEA",0,0,0,0,0,0,0,0,0,1,-1,0,0,0,7,10,92,2,0,0
2025,14,"00-0038544","Q.Johnston","WR","LAC",0,0,0,0,0,0,0,0,0,0,0,0,0,0,2,3,8,0,0,0
2025,14,"00-0038547","L.Schoonmaker","TE","DAL",0,0,0,0,0,0,0,0,0,0,0,0,0,0,1,2,12,0,0,0
2025,14,"00-0038555","T.Bigsby","RB","PHI",0,0,0,0,0,0,0,0,0,1,4,0,0,0,0,0,0,0,0,0
2025,14,"00-0038558","D.Washington","TE","PIT",0,0,0,0,0,0,0,0,0,0,0,0,0,0,1,1,12,0,0,0
2025,14,"00-0038559","M.Wilson","WR","ARI",0,0,0,0,0,0,0,0,0,0,0,0,0,0,11,16,142,2,0,0
2025,14,"00-0038563","T.Tucker","WR","LV",0,0,0,0,0,0,0,0,0,0,0,0,0,0,2,5,24,0,0,0
2025,14,"00-0038564","C.Latu","TE","PHI",0,0,0,0,0,0,0,0,0,0,0,0,0,0,0,0,0,0,0,0
2025,14,"00-0038573","D.Davis","WR","LAC",0,0,0,0,0,0,0,0,0,0,0,0,0,0,0,0,0,0,0,0
2025,14,"00-0038576","C.Jones","WR","CIN",0,0,0,0,0,0,0,0,0,0,0,0,0,0,0,0,0,0,0,0
2025,14,"00-0038589","J.Whyle","TE","GB",0,0,0,0,0,0,0,0,0,0,0,0,0,0,1,1,21,0,0,0
2025,14,"00-0038597","C.Brown","RB","CIN",0,0,0,0,0,0,0,0,0,12,23,1,0,0,3,4,12,1,0,0
2025,14,"00-0038611","C.Rodriguez","RB","WAS",0,0,0,0,0,0,0,0,0,10,52,0,0,0,0,0,0,0,0,0
2025,14,"00-0038618","X.Hutchinson","WR","HOU",0,0,0,0,0,0,0,0,0,0,0,0,0,0,0,2,0,0,0,0
2025,14,"00-0038619","A.Iosivas","WR","CIN",0,0,0,0,0,0,0,0,0,0,0,0,0,0,2,3,17,0,0,0
2025,14,"00-0038640","J.Brooks","WR","ARI",0,0,0,0,0,0,0,0,0,0,0,0,0,0,2,3,32,0,0,0
2025,14,"00-0038679","T.Shavers","WR","BUF",0,0,0,0,0,0,0,0,0,0,0,0,0,0,1,1,16,0,0,0
2025,14,"00-0038685","C.Brooks","RB","GB",0,0,0,0,0,0,0,0,0,0,0,0,0,0,1,1,6,0,0,0
2025,14,"00-0038710","B.Whiteheart","TE","CLE",0,0,0,0,0,0,0,0,0,0,0,0,0,0,0,1,0,0,0,0
2025,14,"00-0038738","H.Luepke","RB","DAL",0,0,0,0,0,0,0,0,0,0,0,0,0,0,0,0,0,0,0,0
2025,14,"00-0038794","J.McLaughlin","RB","DEN",0,0,0,0,0,0,0,0,0,4,22,0,0,0,1,1,9,0,0,0
2025,14,"00-0038797","E.Wilson","RB","GB",0,0,0,0,0,0,0,0,0,3,10,0,0,0,0,0,0,0,0,0
2025,14,"00-0038809","B.Sims","TE","MIN",0,0,0,0,0,0,0,0,0,0,0,0,0,0,1,1,9,0,0,0
2025,14,"00-0038824","R.Miller","WR","TB",0,0,0,0,0,0,0,0,0,0,0,0,0,0,0,0,0,0,0,0
2025,14,"00-0038891","S.Jackson","WR","LV",0,0,0,0,0,0,0,0,0,0,0,0,0,0,1,1,25,1,0,0
2025,14,"00-0038896","J.Saylors","RB","DET",0,0,0,0,0,0,0,0,0,0,0,0,0,0,0,0,0,0,0,0
2025,14,"00-0038911","M.Cunningham","WR","DET",0,0,0,0,0,0,0,0,0,1,1,0,0,0,0,0,0,0,0,0
2025,14,"00-0038933","D.Kincaid","TE","BUF",0,0,0,0,0,0,0,0,0,0,0,0,0,0,4,5,41,1,0,0
2025,14,"00-0038935","B.Strange","TE","JAX",0,0,0,0,0,0,0,0,0,0,0,0,0,0,3,6,27,0,0,0
2025,14,"00-0038951","S.Tucker","RB","TB",0,0,0,0,0,0,0,0,0,7,29,1,0,0,0,0,0,0,0,0
2025,14,"00-0038953","D.Drummond","WR","ATL",0,0,0,0,0,0,0,0,0,0,0,0,0,0,3,5,21,0,0,0
2025,14,"00-0038976","M.Mims","WR","DEN",0,0,0,0,0,0,0,0,0,1,2,0,0,0,1,1,5,0,0,0
2025,14,"00-0038979","C.Tillman","WR","CLE",0,0,0,0,0,0,0,0,0,0,0,0,0,0,1,3,23,0,0,0
2025,14,"00-0038994","J.Addison","WR","MIN",0,0,0,0,0,0,0,0,0,0,0,0,0,0,4,7,62,0,0,0
2025,14,"00-0038997","J.Downs","WR","IND",0,0,0,0,0,0,0,0,0,0,0,0,0,0,4,5,23,0,0,0
2025,14,"00-0039032","T.Spears","RB","TEN",0,0,0,0,0,0,0,0,0,8,19,0,0,0,2,4,28,0,0,0
2025,14,"00-0039040","D.Achane","RB","MIA",0,0,0,0,0,0,0,0,0,7,92,1,0,0,1,1,13,0,0,0
2025,14,"00-0039041","E.Higgins","TE","ARI",0,0,0,0,0,0,0,0,0,0,0,0,0,0,1,1,0,0,0,0
2025,14,"00-0039050","P.Durham","TE","TB",0,0,0,0,0,0,0,0,0,0,0,0,0,0,0,0,0,0,0,0
2025,14,"00-0039062","J.Mingo","WR","DAL",0,0,0,0,0,0,0,0,0,0,0,0,0,0,0,1,0,0,0,0
2025,14,"00-0039064","Z.Flowers","WR","BAL",0,0,0,0,0,0,0,0,0,1,2,0,0,0,8,11,124,0,0,0
2025,14,"00-0039067","R.Rice","WR","KC",0,0,0,0,0,0,0,0,0,0,0,0,0,0,4,8,34,0,0,0
2025,14,"00-0039074","D.Allen","TE","LA",0,0,0,0,0,0,0,0,0,0,0,0,0,0,2,2,21,0,0,0
2025,14,"00-0039075","P.Nacua","WR","LA",0,0,0,0,0,0,0,0,0,0,0,0,0,0,7,11,167,2,0,0
2025,14,"00-0039139","J.Gibbs","RB","DET",0,0,0,0,0,0,0,0,0,12,43,3,0,0,7,7,77,0,0,0
2025,14,"00-0039144","L.Musgrave","TE","GB",0,0,0,0,0,0,0,0,0,0,0,0,0,0,2,4,22,0,0,0
2025,14,"00-0039146","J.Reed","WR","GB",0,0,0,0,0,0,0,0,0,2,22,0,0,0,4,4,31,0,0,0
2025,14,"00-0039163","C.Stroud","QB","HOU",15,31,203,1,0,3,-17,0,0,2,5,0,0,0,0,0,0,0,0,0
2025,14,"00-0039165","Z.Charbonnet","RB","SEA",0,0,0,0,0,0,0,0,0,7,46,0,0,0,2,3,20,0,0,0
2025,14,"00-0039338","B.Bowers","TE","LV",0,0,0,0,0,0,0,0,0,0,0,0,0,0,4,5,46,1,0,0
2025,14,"00-0039361","B.Irving","RB","TB",0,0,0,0,0,0,0,0,0,15,55,0,0,0,2,3,26,1,0,0
2025,14,"00-0039364","S.Vaki","RB","DET",0,0,0,0,0,0,0,0,0,0,0,0,0,0,0,0,0,0,0,0
2025,14,"00-0039373","A.Estime","RB","NO",0,0,0,0,0,0,0,0,0,3,11,0,0,0,0,0,0,0,0,0
2025,14,"00-0039391","K.Vidal","RB","LAC",0,0,0,0,0,0,0,0,0,14,44,0,0,0,1,3,60,0,0,0
2025,14,"00-0039407","D.Laube","RB","LV",0,0,0,0,0,0,0,0,0,0,0,0,0,0,0,0,0,0,0,0
2025,14,"00-0039410","R.Flournoy","WR","DAL",0,0,0,0,0,0,0,0,0,0,0,0,0,0,9,13,115,1,0,0
2025,14,"00-0039424","D.Vele","WR","NO",0,0,0,0,0,0,0,0,0,0,0,0,0,0,3,5,40,0,0,0
2025,14,"00-0039451","I.Williams","WR","NYJ",0,0,0,0,0,0,0,0,0,0,0,0,0,0,2,3,24,0,0,0
2025,14,"00-0039530","B.Spann-Ford","TE","DAL",0,0,0,0,0,0,0,0,0,0,0,0,0,0,1,1,7,0,0,0
2025,14,"00-0039589","K.Johnson","WR","TB",0,0,0,0,0,0,0,0,0,0,0,0,0,0,0,1,0,0,0,0
2025,14,"00-0039603","B.Brooks","RB","HOU",0,0,0,0,0,0,0,0,0,0,0,0,0,0,0,0,0,0,0,0
2025,14,"00-0039623","M.Tipton","WR","NO",0,0,0,0,0,0,0,0,0,0,0,0,0,0,0,0,0,0,0,0
2025,14,"00-0039648","D.Martin-Robinson","TE","TEN",0,0,0,0,0,0,0,0,0,0,0,0,0,0,1,1,6,0,0,0
2025,14,"00-0039686","C.Yankoff","TE","WAS",0,0,0,0,0,0,0,0,0,0,0,0,0,0,0,1,0,0,0,0
2025,14,"00-0039732","B.Nix","QB","DEN",31,38,212,0,0,3,-8,0,0,3,15,1,0,0,0,0,0,0,0,0
2025,14,"00-0039738","B.Corum","RB","LA",0,0,0,0,0,0,0,0,0,12,128,2,0,0,1,1,3,0,0,0
2025,14,"00-0039746","W.Shipley","RB","PHI",0,0,0,0,0,0,0,0,0,0,0,0,0,0,1,1,3,0,0,0
2025,14,"00-0039751","J.Whittington","WR","LA",0,0,0,0,0,0,0,0,0,0,0,0,0,0,1,1,5,0,0,0
2025,14,"00-0039793","A.Barner","TE","SEA",0,0,0,0,0,0,0,0,0,0,0,0,0,0,3,4,27,0,0,0
2025,14,"00-0039796","R.Ali","RB","BAL",0,0,0,0,0,0,0,0,0,1,2,0,0,0,2,3,11,0,0,0
2025,14,"00-0039798","I.Davis","RB","NYJ",0,0,0,0,0,0,0,0,0,2,22,0,0,0,0,0,0,0,0,0
2025,14,"00-0039816","A.Gould","WR","IND",0,0,0,0,0,0,0,0,0,0,0,0,0,0,1,1,3,0,0,0
2025,14,"00-0039868","T.Franklin","WR","DEN",0,0,0,0,0,0,0,0,0,0,0,0,0,0,3,4,11,0,0,0
2025,14,"00-0039874","J.Wright","RB","MIA",0,0,0,0,0,0,0,0,0,24,107,1,0,0,0,3,0,0,0,0
2025,14,"00-0039875","R.Davis","RB","BUF",0,0,0,0,0,0,0,0,0,0,0,0,0,0,0,0,0,0,0,0
2025,14,"00-0039880","M.Washington","WR","MIA",0,0,0,0,0,0,0,0,0,0,0,0,0,0,3,4,10,0,0,0
2025,14,"00-0039890","A.Mitchell","WR","NYJ",0,0,0,0,0,0,0,0,0,0,0,0,0,0,1,6,24,0,0,0
2025,14,"00-0039893","B.Thomas","WR","JAX",0,0,0,0,0,0,0,0,0,0,0,0,0,0,3,6,87,0,0,0
2025,14,"00-0039894","X.Worthy","WR","KC",0,0,0,0,0,0,0,0,0,0,0,0,0,0,3,4,55,0,0,0
2025,14,"00-0039901","K.Coleman","WR","BUF",0,0,0,0,0,0,0,0,0,0,0,0,0,0,2,3,16,0,0,0
2025,14,"00-0039910","J.Daniels","QB","WAS",9,20,78,0,1,1,-1,0,0,4,16,0,0,0,0,0,0,0,0,0
2025,14,"00-0039912","B.Sinnott","TE","WAS",0,0,0,0,0,0,0,0,0,0,0,0,0,0,1,1,8,0,0,0
2025,14,"00-0039915","L.McConkey","WR","LAC",0,0,0,0,0,0,0,0,0,0,0,0,0,0,1,5,12,0,0,0
2025,14,"00-0039918","C.Williams","QB","CHI",19,35,186,2,1,1,-9,0,0,4,15,0,0,0,0,0,0,0,0,0
2025,14,"00-0039920","M.Corley","WR","CLE",0,0,0,0,0,0,0,0,0,1,2,0,0,0,0,0,0,0,0,0
2025,14,"00-0039923","J.McCarthy","QB","MIN",16,23,163,3,0,4,-12,0,0,6,19,0,0,0,0,0,0,0,0,0
2025,14,"00-0040024","D.Cooper","WR","PHI",0,0,0,0,0,0,0,0,0,0,0,0,0,0,1,1,19,0,0,0
2025,14,"00-0040075","L.Wester","WR","BAL",0,0,0,0,0,0,0,0,0,0,0,0,0,0,0,0,0,0,0,0
2025,14,"00-0040078","B.Smith","RB","KC",0,0,0,0,0,0,0,0,0,1,7,0,0,0,0,0,0,0,0,0
2025,14,"00-0040122","A.Jeanty","RB","LV",0,0,0,0,0,0,0,0,0,10,30,0,0,0,2,4,8,0,0,0
2025,14,"00-0040126","C.Loveland","TE","CHI",0,0,0,0,0,0,0,0,0,0,0,0,0,0,4,5,29,1,0,0
2025,14,"00-0040128","T.Warren","TE","IND",0,0,0,0,0,0,0,0,0,1,2,0,0,0,2,6,15,0,0,0
2025,14,"00-0040129","E.Egbuka","WR","TB",0,0,0,0,0,0,0,0,0,0,0,0,0,0,2,9,15,0,0,0
2025,14,"00-0040130","J.Higgins","WR","HOU",0,0,0,0,0,0,0,0,0,0,0,0,0,0,3,5,34,0,0,0
2025,14,"00-0040134","P.Bryant","WR","DEN",0,0,0,0,0,0,0,0,0,0,0,0,0,0,4,4,32,0,0,0
2025,14,"00-0040138","J.Noel","WR","HOU",0,0,0,0,0,0,0,0,0,1,1,0,0,0,2,2,12,0,0,0
2025,14,"00-0040142","K.Johnson","RB","PIT",0,0,0,0,0,0,0,0,0,2,4,0,0,0,0,0,0,0,0,0
2025,14,"00-0040154","T.Felton","WR","MIN",0,0,0,0,0,0,0,0,0,0,0,0,0,0,1,1,10,0,0,0
2025,14,"00-0040162","D.Sampson","RB","CLE",0,0,0,0,0,0,0,0,0,2,4,0,0,0,5,6,64,0,1,0
2025,14,"00-0040164","J.Lane","WR","WAS",0,0,0,0,0,0,0,0,0,0,0,0,0,0,0,0,0,0,0,0
2025,14,"00-0040170","E.Ayomanor","WR","TEN",0,0,0,0,0,0,0,0,0,0,0,0,0,0,1,3,14,1,0,0
2025,14,"00-0040189","O.Gadsden","TE","LAC",0,0,0,0,0,0,0,0,0,0,0,0,0,0,1,4,7,0,0,0
2025,14,"00-0040194","J.Hawes","TE","BUF",0,0,0,0,0,0,0,0,0,0,0,0,0,0,1,1,3,1,0,0
2025,14,"00-0040198","O.Gordon","RB","MIA",0,0,0,0,0,0,0,0,0,5,17,1,0,0,0,0,0,0,0,0
2025,14,"00-0040202","D.Neal","RB","NO",0,0,0,0,0,0,0,0,0,19,70,1,0,0,1,1,14,0,0,0
2025,14,"00-0040206","R.Leonard","QB","IND",18,29,145,0,1,1,-9,0,0,2,5,1,0,0,0,0,0,0,0,0
2025,14,"00-0040236","K.Monangai","RB","CHI",0,0,0,0,0,0,0,0,0,14,57,0,0,1,1,2,0,0,0,0
2025,14,"00-0040238","L.Allen","RB","JAX",0,0,0,0,0,0,0,0,0,0,0,0,0,0,2,2,8,0,0,0
2025,14,"00-0040242","J.Croskey-Merritt","RB","WAS",0,0,0,0,0,0,0,0,0,7,32,0,0,0,0,0,0,0,0,0
2025,14,"00-0040259","G.Larvadain","WR","CLE",0,0,0,0,0,0,0,0,0,0,0,0,0,0,2,3,18,0,0,0
2025,14,"00-0040398","B.Cook","QB","NYJ",14,30,163,0,2,6,-27,0,0,1,0,0,0,0,0,0,0,0,0,0
2025,14,"00-0040506","M.Price","WR","MIN",0,0,0,0,0,0,0,0,0,0,0,0,0,0,0,0,0,0,0,0
2025,14,"00-0040583","W.Marks","RB","HOU",0,0,0,0,0,0,0,0,0,26,68,0,0,0,2,3,8,1,0,0
2025,14,"00-0040584","G.Helm","TE","TEN",0,0,0,0,0,0,0,0,0,0,0,0,0,0,1,2,8,0,0,0
2025,14,"00-0040590","K.Mumpfield","WR","LA",0,0,0,0,0,0,0,0,0,0,0,0,0,0,1,1,5,0,0,0
2025,14,"00-0040649","R.Ouzts","RB","SEA",0,0,0,0,0,0,0,0,0,0,0,0,0,0,0,0,0,0,0,0
2025,14,"00-0040663","H.Fannin","TE","CLE",0,0,0,0,0,0,0,0,0,0,0,0,0,0,8,11,114,1,0,0
2025,14,"00-0040666","O.Hampton","RB","LAC",0,0,0,0,0,0,0,0,0,13,56,0,0,0,2,2,11,1,0,0
2025,14,"00-0040667","M.Golden","WR","GB",0,0,0,0,0,0,0,0,0,0,0,0,0,0,0,1,0,0,0,0
2025,14,"00-0040668","S.Sanders","QB","CLE",23,42,364,3,1,2,-13,0,0,3,29,1,0,0,0,0,0,0,0,0
2025,14,"00-0040669","I.TeSlaa","WR","DET",0,0,0,0,0,0,0,0,0,0,0,0,0,0,2,3,20,1,0,0
2025,14,"00-0040676","C.Ward","QB","TEN",14,28,117,2,1,1,-9,0,0,2,4,0,0,0,0,0,0,0,0,0
2025,14,"00-0040705","C.Dike","WR","TEN",0,0,0,0,0,0,0,0,0,0,0,0,0,0,5,8,24,1,0,0
2025,14,"00-0040719","B.Tuten","RB","JAX",0,0,0,0,0,0,0,0,0,2,5,0,1,0,0,0,0,0,0,0
2025,14,"00-0040727","T.Harris","WR","LAC",0,0,0,0,0,0,0,0,0,1,3,0,0,0,1,2,18,0,0,0
2025,14,"00-0040729","J.Bech","WR","LV",0,0,0,0,0,0,0,0,0,0,0,0,0,0,6,6,50,0,0,0
2025,14,"00-0040730","R.Harvey","RB","DEN",0,0,0,0,0,0,0,0,0,17,75,1,0,0,6,6,25,0,0,0
2025,14,"00-0040735","L.Burden","WR","CHI",0,0,0,0,0,0,0,0,0,1,3,0,0,0,4,6,67,0,0,0
2025,14,"00-0040736","M.Taylor","TE","NYJ",0,0,0,0,0,0,0,0,0,0,0,0,0,0,5,8,51,0,0,0
2025,14,"00-0040737","T.Ferguson","TE","LA",0,0,0,0,0,0,0,0,0,0,0,0,0,0,0,1,0,0,0,0
2025,14,"00-0040739","E.Arroyo","TE","SEA",0,0,0,0,0,0,0,0,0,0,0,0,0,0,0,1,0,0,0,0
2025,14,"00-0040743","T.Shough","QB","NO",13,20,144,0,1,3,-23,0,0,7,55,2,0,0,0,0,0,0,0,0
2025,14,"00-0040782","I.Bond","WR","CLE",0,0,0,0,0,0,0,0,0,0,0,0,0,0,0,2,0,0,0,0
2025,14,"00-0040784","Q.Judkins","RB","CLE",0,0,0,0,0,0,0,0,0,14,26,0,0,0,1,3,58,0,0,0
2025,15,"00-0022942","P.Rivers","QB","IND",18,27,120,1,1,1,-2,0,0,1,0,0,0,0,0,0,0,0,0,0
2025,15,"00-0023459","A.Rodgers","QB","PIT",23,27,224,2,0,3,-23,0,0,0,0,0,0,0,0,0,0,0,0,0
2025,15,"00-0026498","M.Stafford","QB","LA",24,38,368,2,1,2,-8,0,0,1,2,0,0,0,0,0,0,0,0,0
2025,15,"00-0029604","K.Cousins","QB","ATL",30,44,373,3,0,1,-8,0,0,0,0,0,0,0,0,0,0,0,0,0
2025,15,"00-0030035","A.Thielen","WR","PIT",0,0,0,0,0,0,0,0,0,0,0,0,0,0,1,1,7,0,0,0
2025,15,"00-0030279","K.Allen","WR","LAC",0,0,0,0,0,0,0,0,0,0,0,0,0,0,5,7,36,0,0,0
2025,15,"00-0030506","T.Kelce","TE","KC",0,0,0,0,0,0,0,0,0,0,0,0,0,0,7,9,70,0,0,0
2025,15,"00-0030564","D.Hopkins","WR","BAL",0,0,0,0,0,0,0,0,0,0,0,0,0,0,1,1,32,0,0,0
2025,15,"00-0031236","B.Cooks","WR","BUF",0,0,0,0,0,0,0,0,0,0,0,0,0,0,0,3,0,0,0,0
2025,15,"00-0031381","D.Adams","WR","LA",0,0,0,0,0,0,0,0,0,0,0,0,0,0,4,9,71,0,0,0
2025,15,"00-0031408","M.Evans","WR","TB",0,0,0,0,0,0,0,0,0,0,0,0,0,0,6,12,132,0,0,0
2025,15,"00-0031503","J.Winston","QB","NYG",0,1,0,0,0,0,0,0,0,0,0,0,0,0,0,0,0,0,0,0
2025,15,"00-0031588","S.Diggs","WR","NE",0,0,0,0,0,0,0,0,0,0,0,0,0,0,3,4,26,0,0,0
2025,15,"00-0031610","D.Waller","TE","MIA",0,0,0,0,0,0,0,0,0,0,0,0,0,0,7,8,66,2,0,0
2025,15,"00-0031687","R.Mostert","RB","LV",0,0,0,0,0,0,0,0,0,0,0,0,0,0,1,1,2,0,0,0
2025,15,"00-0032104","A.Abdullah","RB","IND",0,0,0,0,0,0,0,0,0,4,15,0,0,0,5,5,32,0,0,0
2025,15,"00-0032211","T.Lockett","WR","LV",0,0,0,0,0,0,0,0,0,0,0,0,0,0,2,4,10,0,0,0
2025,15,"00-0032268","M.Mariota","QB","WAS",10,19,211,1,0,2,-16,1,0,10,43,0,0,0,0,0,0,0,0,0
2025,15,"00-0032464","K.Raymond","WR","DET",0,0,0,0,0,0,0,0,0,0,0,0,0,0,1,1,20,0,0,0
2025,15,"00-0032764","D.Henry","RB","BAL",0,0,0,0,0,0,0,0,0,11,100,0,0,0,0,0,0,0,0,0
2025,15,"00-0032775","D.Robinson","WR","SF",0,0,0,0,0,0,0,0,0,0,0,0,0,0,2,2,36,0,0,0
2025,15,"00-0033077","D.Prescott","QB","DAL",23,38,294,0,0,2,-9,0,0,1,2,0,0,0,0,0,0,0,0,0
2025,15,"00-0033090","H.Henry","TE","NE",0,0,0,0,0,0,0,0,0,0,0,0,0,0,1,3,18,0,0,0
2025,15,"00-0033106","J.Goff","QB","DET",25,41,338,3,0,1,-12,0,0,0,0,0,0,0,0,0,0,0,0,0
2025,15,"00-0033119","J.Brissett","QB","ARI",27,40,249,3,1,2,-14,0,0,3,6,0,0,0,0,0,0,0,0,0
2025,15,"00-0033280","C.McCaffrey","RB","SF",0,0,0,0,0,0,0,0,0,22,73,1,0,0,1,1,14,0,0,0
2025,15,"00-0033288","G.Kittle","TE","SF",0,0,0,0,0,0,0,0,0,0,0,0,0,0,8,9,88,1,0,0
2025,15,"00-0033293","A.Jones","RB","MIN",0,0,0,0,0,0,0,0,0,12,34,0,0,0,3,3,31,0,0,0
2025,15,"00-0033307","K.Bourne","WR","SF",0,0,0,0,0,0,0,0,0,0,0,0,0,0,2,3,17,0,0,0
2025,15,"00-0033319","N.Mullens","QB","JAX",0,0,0,0,0,0,0,0,0,3,-2,0,0,0,0,0,0,0,0,0
2025,15,"00-0033357","T.Hill","TE","NO",0,0,0,0,0,0,0,0,0,2,2,0,0,0,0,0,0,0,0,0
2025,15,"00-0033439","P.Brown","TE","ARI",0,0,0,0,0,0,0,0,0,0,0,0,0,0,2,2,1,0,0,0
2025,15,"00-0033526","S.Perine","RB","CIN",0,0,0,0,0,0,0,0,0,14,42,0,0,0,1,1,1,0,0,0
2025,15,"00-0033555","M.Hollins","WR","NE",0,0,0,0,0,0,0,0,0,0,0,0,0,0,4,8,41,0,0,0
2025,15,"00-0033576","E.Saubert","TE","SEA",0,0,0,0,0,0,0,0,0,0,0,0,0,0,1,1,9,0,0,0
2025,15,"00-0033591","N.Brown","WR","WAS",0,0,0,0,0,0,0,0,0,0,0,0,0,0,1,1,28,0,0,0
2025,15,"00-0033854","D.Ogunbowale","RB","HOU",0,0,0,0,0,0,0,0,0,5,2,0,0,0,3,4,32,0,0,0
2025,15,"00-0033857","J.Smith-Schuster","WR","KC",0,0,0,0,0,0,0,0,0,0,0,0,0,0,0,1,0,0,0,0
2025,15,"00-0033858","J.Smith","TE","PIT",0,0,0,0,0,0,0,0,0,1,14,1,0,0,2,2,12,0,0,0
2025,15,"00-0033873","P.Mahomes","QB","KC",16,28,189,0,1,5,-21,0,0,2,15,1,0,0,0,0,0,0,0,0
2025,15,"00-0033881","E.Engram","TE","DEN",0,0,0,0,0,0,0,0,0,0,0,0,0,0,1,3,12,0,0,0
2025,15,"00-0033908","C.Kupp","WR","SEA",0,0,0,0,0,0,0,0,0,0,0,0,0,0,5,7,46,0,0,0
2025,15,"00-0033921","C.Godwin","WR","TB",0,0,0,0,0,0,0,0,0,0,0,0,0,0,4,5,20,1,0,1
2025,15,"00-0033923","K.Hunt","RB","KC",0,0,0,0,0,0,0,0,0,6,12,0,0,0,1,2,8,0,0,0
2025,15,"00-0033955","J.McNichols","RB","WAS",0,0,0,0,0,0,0,0,0,9,6,0,1,0,1,1,16,0,0,0
2025,15,"00-0034272","M.Valdes-Scantling","WR","PIT",0,0,0,0,0,0,0,0,0,0,0,0,0,0,1,1,19,1,0,0
2025,15,"00-0034348","C.Sutton","WR","DEN",0,0,0,0,0,0,0,0,0,0,0,0,0,0,7,10,113,1,0,0
2025,15,"00-0034351","D.Goedert","TE","PHI",0,0,0,0,0,0,0,0,0,0,0,0,0,0,6,7,70,2,0,0
2025,15,"00-0034383","D.Schultz","TE","HOU",0,0,0,0,0,0,0,0,0,0,0,0,0,0,8,9,76,1,0,0
2025,15,"00-0034521","A.Lazard","WR","NYJ",0,0,0,0,0,0,0,0,0,0,0,0,0,0,1,2,6,0,0,0
2025,15,"00-0034613","T.Hudson","TE","CIN",0,0,0,0,0,0,0,0,0,0,0,0,0,0,3,5,16,0,0,0
2025,15,"00-0034681","C.Edmonds","RB","WAS",0,0,0,0,0,0,0,0,0,0,0,0,0,0,0,0,0,0,0,0
2025,15,"00-0034753","M.Andrews","TE","BAL",0,0,0,0,0,0,0,0,0,0,0,0,0,0,2,3,18,0,0,0
2025,15,"00-0034796","L.Jackson","QB","BAL",8,12,150,2,1,4,-22,0,0,2,26,0,0,0,0,0,0,0,0,0
2025,15,"00-0034798","D.Smythe","TE","CHI",0,0,0,0,0,0,0,0,0,0,0,0,0,0,0,0,0,0,0,0
2025,15,"00-0034827","D.Moore","WR","CHI",0,0,0,0,0,0,0,0,0,0,0,0,0,0,4,5,69,2,0,0
2025,15,"00-0034829","M.Gesicki","TE","CIN",0,0,0,0,0,0,0,0,0,0,0,0,0,0,1,2,11,0,0,0
2025,15,"00-0034844","S.Barkley","RB","PHI",0,0,0,0,0,0,0,0,0,22,78,1,0,0,2,3,14,0,0,0
2025,15,"00-0034854","K.Hodge","WR","ATL",0,0,0,0,0,0,0,0,0,0,0,0,0,0,0,0,0,0,0,0
2025,15,"00-0034855","B.Mayfield","QB","TB",19,34,277,2,1,5,-27,0,1,1,1,0,0,0,0,0,0,0,0,0
2025,15,"00-0034857","J.Allen","QB","BUF",19,28,193,3,0,2,-12,0,0,11,48,0,0,0,0,0,0,0,0,0
2025,15,"00-0034860","D.Pettis","WR","NO",0,0,0,0,0,0,0,0,0,0,0,0,0,0,0,0,0,0,0,0
2025,15,"00-0034869","S.Darnold","QB","SEA",22,36,271,0,0,1,-7,0,0,4,5,0,0,0,0,0,0,0,0,0
2025,15,"00-0034960","J.Meyers","WR","JAX",0,0,0,0,0,0,0,0,0,0,0,0,0,0,5,7,71,0,0,0
2025,15,"00-0035208","O.Zaccheaus","WR","CHI",0,0,0,0,0,0,0,0,0,0,0,0,0,0,0,3,0,0,0,0
2025,15,"00-0035229","T.Hockenson","TE","MIN",0,0,0,0,0,0,0,0,0,0,0,0,0,0,4,5,66,0,0,0
2025,15,"00-0035249","J.Oliver","TE","MIN",0,0,0,0,0,0,0,0,0,0,0,0,0,0,1,1,18,0,0,0
2025,15,"00-0035250","D.Singletary","RB","NYG",0,0,0,0,0,0,0,0,0,5,13,0,0,0,1,1,1,0,0,0
2025,15,"00-0035261","T.Pollard","RB","TEN",0,0,0,0,0,0,0,0,0,14,104,1,0,0,1,2,8,0,0,0
2025,15,"00-0035289","G.Minshew","QB","KC",3,5,22,0,1,0,0,0,0,0,0,0,0,0,0,0,0,0,0,0
2025,15,"00-0035291","T.Williams","RB","CLE",0,0,0,0,0,0,0,0,0,1,3,0,0,0,2,2,4,0,0,0
2025,15,"00-0035359","D.Sills","WR","ATL",0,0,0,0,0,0,0,0,0,0,0,0,0,0,6,10,78,0,0,0
2025,15,"00-0035406","L.Humphrey","WR","DEN",0,0,0,0,0,0,0,0,0,0,0,0,0,0,3,4,42,1,0,0
2025,15,"00-0035535","D.Slayton","WR","NYG",0,0,0,0,0,0,0,0,0,0,0,0,0,0,4,10,53,0,0,0
2025,15,"00-0035537","Ty.Johnson","RB","BUF",0,0,0,0,0,0,0,0,0,4,13,0,0,0,3,3,15,0,0,0
2025,15,"00-0035544","T.Kennedy","WR","DET",0,0,0,0,0,0,0,0,0,0,0,0,0,0,0,0,0,0,0,0
2025,15,"00-0035631","D.Sample","TE","CIN",0,0,0,0,0,0,0,0,0,0,0,0,0,0,2,2,12,0,0,0
2025,15,"00-0035640","D.Metcalf","WR","PIT",0,0,0,0,0,0,0,0,0,0,0,0,0,0,3,3,55,1,0,0
2025,15,"00-0035659","T.McLaurin","WR","WAS",0,0,0,0,0,0,0,0,0,0,0,0,0,0,3,4,69,1,0,0
2025,15,"00-0035676","A.Brown","WR","PHI",0,0,0,0,0,0,0,0,0,0,0,0,0,0,2,2,41,1,0,0
2025,15,"00-0035685","D.Montgomery","RB","DET",0,0,0,0,0,0,0,0,0,7,32,1,0,0,0,1,0,0,0,0
2025,15,"00-0035689","D.Knox","TE","BUF",0,0,0,0,0,0,0,0,0,0,0,0,0,0,3,4,37,2,0,0
2025,15,"00-0035700","J.Jacobs","RB","GB",0,0,0,0,0,0,0,0,0,12,73,1,0,0,2,3,19,1,0,0
2025,15,"00-0035719","D.Samuel","WR","WAS",0,0,0,0,0,0,0,0,0,0,0,0,0,0,3,5,43,0,0,0
2025,15,"00-0035876","A.Baccellia","WR","ARI",0,0,0,0,0,0,0,0,0,0,0,0,0,0,0,0,0,0,0,0
2025,15,"00-0035956","G.Ricci","TE","DET",0,0,0,0,0,0,0,0,0,0,0,0,0,0,0,0,0,0,0,0
2025,15,"00-0035993","T.Huntley","QB","BAL",0,0,0,0,0,0,0,0,0,3,-3,0,0,0,0,0,0,0,0,0
2025,15,"00-0036040","J.Johnson","TE","NO",0,0,0,0,0,0,0,0,0,0,0,0,0,0,4,4,30,0,0,0
2025,15,"00-0036133","J.Proche","WR","TEN",0,0,0,0,0,0,0,0,0,0,0,0,0,0,0,1,0,0,0,0
2025,15,"00-0036139","R.Dowdle","RB","CAR",0,0,0,0,0,0,0,0,0,16,49,1,0,0,1,1,5,0,0,0
2025,15,"00-0036165","I.Hodgins","WR","NYG",0,0,0,0,0,0,0,0,0,0,0,0,0,0,1,2,4,0,0,0
2025,15,"00-0036182","N.Westbrook-Ikhine","WR","MIA",0,0,0,0,0,0,0,0,0,0,0,0,0,0,0,1,0,0,0,0
2025,15,"00-0036187","R.Gilliam","RB","BUF",0,0,0,0,0,0,0,0,0,0,0,0,0,0,0,0,0,0,0,0
2025,15,"00-0036212","T.Tagovailoa","QB","MIA",22,28,253,2,1,4,-31,0,0,1,1,0,0,0,0,0,0,0,0,0
2025,15,"00-0036223","J.Taylor","RB","IND",0,0,0,0,0,0,0,0,0,25,87,0,0,0,3,4,14,0,0,0
2025,15,"00-0036244","C.Parkinson","TE","LA",0,0,0,0,0,0,0,0,0,0,0,0,0,0,5,7,75,2,0,0
2025,15,"00-0036252","M.Pittman","WR","IND",0,0,0,0,0,0,0,0,0,0,0,0,0,0,3,5,26,0,0,0
2025,15,"00-0036259","J.Jennings","WR","SF",0,0,0,0,0,0,0,0,0,0,0,0,0,0,3,5,37,2,0,0
2025,15,"00-0036264","J.Love","QB","GB",24,40,276,1,2,3,-29,0,0,3,29,0,0,0,0,0,0,0,0,0
2025,15,"00-0036275","D.Swift","RB","CHI",0,0,0,0,0,0,0,0,0,18,98,2,0,0,1,1,-2,0,0,0
2025,15,"00-0036290","C.Kmet","TE","CHI",0,0,0,0,0,0,0,0,0,0,0,0,0,0,2,4,28,0,0,0
2025,15,"00-0036309","D.Mooney","WR","ATL",0,0,0,0,0,0,0,0,0,0,0,0,0,0,3,6,35,0,0,0
2025,15,"00-0036322","J.Jefferson","WR","MIN",0,0,0,0,0,0,0,0,0,0,0,0,0,0,2,8,22,0,0,0
2025,15,"00-0036331","D.Duvernay","WR","CHI",0,0,0,0,0,0,0,0,0,0,0,0,0,0,0,0,0,0,0,0
2025,15,"00-0036355","J.Herbert","QB","LAC",19,29,210,1,1,4,-9,0,0,2,0,0,0,0,0,0,0,0,0,0
2025,15,"00-0036358","C.Lamb","WR","DAL",0,0,0,0,0,0,0,0,0,0,0,0,0,0,6,10,111,0,0,0
2025,15,"00-0036389","J.Hurts","QB","PHI",12,15,175,3,0,1,-4,0,0,7,39,0,0,0,0,0,0,0,0,0
2025,15,"00-0036407","J.Jeudy","WR","CLE",0,0,0,0,0,0,0,0,0,0,0,0,0,0,2,4,22,0,0,0
2025,15,"00-0036415","V.Jefferson","WR","TEN",0,0,0,0,0,0,0,0,0,0,0,0,0,0,1,5,43,0,0,0
2025,15,"00-0036429","C.Woerner","TE","ATL",0,0,0,0,0,0,0,0,0,0,0,0,0,0,2,2,12,0,0,0
2025,15,"00-0036442","J.Burrow","QB","CIN",25,39,225,0,2,3,-27,0,0,2,5,0,0,0,0,0,0,0,0,0
2025,15,"00-0036554","N.Collins","WR","HOU",0,0,0,0,0,0,0,0,0,0,0,0,0,0,3,4,85,2,0,0
2025,15,"00-0036555","C.Hubbard","RB","CAR",0,0,0,0,0,0,0,0,0,8,29,0,0,0,1,1,9,0,0,0
2025,15,"00-0036590","Q.Morris","TE","JAX",0,0,0,0,0,0,0,0,0,0,0,0,0,0,2,2,20,0,0,0
2025,15,"00-0036613","J.Waddle","WR","MIA",0,0,0,0,0,0,0,0,0,0,0,0,0,0,2,4,26,0,0,0
2025,15,"00-0036620","D.Eskridge","WR","MIA",0,0,0,0,0,0,0,0,0,0,0,0,0,0,0,0,0,0,0,0
2025,15,"00-0036626","D.Brown","WR","JAX",0,0,0,0,0,0,0,0,0,1,4,0,1,0,0,0,0,0,0,0
2025,15,"00-0036628","J.Bates","TE","WAS",0,0,0,0,0,0,0,0,0,0,0,0,0,0,1,1,19,0,0,0
2025,15,"00-0036630","T.Wallace","WR","BAL",0,0,0,0,0,0,0,0,0,0,0,0,0,0,0,0,0,0,0,0
2025,15,"00-0036741","J.Stoll","TE","NO",0,0,0,0,0,0,0,0,0,0,0,0,0,0,1,1,7,0,0,0
2025,15,"00-0036849","T.Atwell","WR","LA",0,0,0,0,0,0,0,0,0,0,0,0,0,0,1,2,9,0,0,0
2025,15,"00-0036862","B.Skowronek","WR","PIT",0,0,0,0,0,0,0,0,0,0,0,0,0,0,0,0,0,0,0,0
2025,15,"00-0036875","R.Stevenson","RB","NE",0,0,0,0,0,0,0,0,0,6,50,0,0,0,3,3,27,0,0,0
2025,15,"00-0036876","K.Granson","TE","PHI",0,0,0,0,0,0,0,0,0,0,0,0,0,0,0,0,0,0,0,0
2025,15,"00-0036894","P.Freiermuth","TE","PIT",0,0,0,0,0,0,0,0,0,0,0,0,0,0,3,5,45,0,0,0
2025,15,"00-0036900","J.Chase","WR","CIN",0,0,0,0,0,0,0,0,0,0,0,0,0,0,10,16,132,0,0,0
2025,15,"00-0036906","K.Herbert","RB","NYJ",0,0,0,0,0,0,0,0,0,2,5,0,0,0,0,1,0,0,0,0
2025,15,"00-0036912","D.Smith","WR","PHI",0,0,0,0,0,0,0,0,0,0,0,0,0,0,2,2,50,0,0,0
2025,15,"00-0036919","K.Gainwell","RB","PIT",0,0,0,0,0,0,0,0,0,13,80,0,0,0,7,7,46,0,0,0
2025,15,"00-0036924","M.Carter","RB","ARI",0,0,0,0,0,0,0,0,0,14,56,0,0,0,4,4,38,0,0,0
2025,15,"00-0036959","M.Bandy","WR","DEN",0,0,0,0,0,0,0,0,0,0,0,0,0,0,1,1,20,1,0,0
2025,15,"00-0036963","A.St. Brown","WR","DET",0,0,0,0,0,0,0,0,0,0,0,0,0,0,13,18,164,2,0,0
2025,15,"00-0036970","K.Pitts","TE","ATL",0,0,0,0,0,0,0,0,0,0,0,0,0,0,11,12,166,3,0,0
2025,15,"00-0036971","T.Lawrence","QB","JAX",20,32,330,5,0,0,0,0,0,5,51,1,0,0,0,0,0,0,0,0
2025,15,"00-0036973","T.Etienne","RB","JAX",0,0,0,0,0,0,0,0,0,12,32,0,0,0,3,4,73,3,0,0
2025,15,"00-0036988","J.Palmer","WR","BUF",0,0,0,0,0,0,0,0,0,0,0,0,0,0,1,2,16,0,0,0
2025,15,"00-0036997","J.Williams","RB","DAL",0,0,0,0,0,0,0,0,0,15,91,1,0,0,0,0,0,0,0,0
2025,15,"00-0037005","T.Tremble","TE","CAR",0,0,0,0,0,0,0,0,0,0,0,0,0,0,2,4,13,0,0,0
2025,15,"00-0037085","T.Badie","RB","DEN",0,0,0,0,0,0,0,0,0,0,0,0,0,0,1,1,1,0,0,0
2025,15,"00-0037086","G.Calcaterra","TE","PHI",0,0,0,0,0,0,0,0,0,0,0,0,0,0,1,1,4,0,0,0
2025,15,"00-0037091","B.Melton","WR","GB",0,0,0,0,0,0,0,0,0,1,0,0,0,0,0,1,0,0,0,0
2025,15,"00-0037120","T.Goodson","RB","IND",0,0,0,0,0,0,0,0,0,0,0,0,0,0,0,0,0,0,0,0
2025,15,"00-0037132","B.Covey","WR","PHI",0,0,0,0,0,0,0,0,0,0,0,0,0,0,0,0,0,0,0,0
2025,15,"00-0037157","Z.Knight","RB","ARI",0,0,0,0,0,0,0,0,0,1,-2,0,0,0,0,0,0,0,0,0
2025,15,"00-0037197","I.Pacheco","RB","KC",0,0,0,0,0,0,0,0,0,11,21,0,0,0,0,0,0,0,0,0
2025,15,"00-0037228","J.Warren","RB","PIT",0,0,0,0,0,0,0,0,0,12,33,0,0,0,3,3,15,0,0,0
2025,15,"00-0037231","K.Austin","WR","NO",0,0,0,0,0,0,0,0,0,0,0,0,0,0,3,5,33,0,0,0
2025,15,"00-0037239","C.Olave","WR","NO",0,0,0,0,0,0,0,0,0,0,0,0,0,0,6,9,85,1,0,0
2025,15,"00-0037240","J.Williams","WR","DET",0,0,0,0,0,0,0,0,0,0,0,0,0,0,7,10,134,1,0,0
2025,15,"00-0037247","G.Pickens","WR","DAL",0,0,0,0,0,0,0,0,0,0,0,0,0,0,3,6,33,0,0,0
2025,15,"00-0037248","J.Cook","RB","BUF",0,0,0,0,0,0,0,0,0,22,107,2,0,0,2,3,4,1,0,0
2025,15,"00-0037252","G.Dulcich","TE","MIA",0,0,0,0,0,0,0,0,0,0,0,0,0,0,2,2,46,0,0,0
2025,15,"00-0037256","R.White","RB","TB",0,0,0,0,0,0,0,0,0,1,20,0,0,0,1,1,6,0,0,0
2025,15,"00-0037261","K.Shakir","WR","BUF",0,0,0,0,0,0,0,0,0,0,0,0,0,0,5,5,65,0,0,0
2025,15,"00-0037263","T.Allgeier","RB","ATL",0,0,0,0,0,0,0,0,0,2,18,0,0,0,0,0,0,0,0,0
2025,15,"00-0037291","J.Nailor","WR","MIN",0,0,0,0,0,0,0,0,0,1,-2,0,0,0,3,5,47,2,0,0
2025,15,"00-0037306","J.FitzPatrick","TE","GB",0,0,0,0,0,0,0,0,0,0,0,0,0,0,3,4,18,0,0,0
2025,15,"00-0037329","B.Brown","RB","CHI",0,0,0,0,0,0,0,0,0,0,0,0,0,0,0,0,0,0,0,0
2025,15,"00-0037475","S.Smartt","TE","NYJ",0,0,0,0,0,0,0,0,0,0,0,0,0,0,0,0,0,0,0,0
2025,15,"00-0037487","D.Thompkins","WR","ATL",0,0,0,0,0,0,0,0,0,0,0,0,0,0,0,0,0,0,0,0
2025,15,"00-0037525","J.Mason","RB","MIN",0,0,0,0,0,0,0,0,0,10,29,0,0,0,0,0,0,0,0,0
2025,15,"00-0037545","R.Shaheed","WR","SEA",0,0,0,0,0,0,0,0,0,1,-3,0,0,0,5,7,74,0,0,0
2025,15,"00-0037557","R.Rivers","RB","LA",0,0,0,0,0,0,0,0,0,0,0,0,0,0,0,0,0,0,0,0
2025,15,"00-0037563","M.Davis","RB","DAL",0,0,0,0,0,0,0,0,0,8,21,1,0,0,2,3,16,0,0,0
2025,15,"00-0037594","J.Chestnut","RB","TEN",0,0,0,0,0,0,0,0,0,0,0,0,0,0,0,0,0,0,0,0
2025,15,"00-0037614","J.Metchie","WR","NYJ",0,0,0,0,0,0,0,0,0,1,4,0,0,0,4,5,25,0,0,0
2025,15,"00-0037664","A.Pierce","WR","IND",0,0,0,0,0,0,0,0,0,0,0,0,0,0,1,1,16,0,0,0
2025,15,"00-0037742","T.Burks","WR","WAS",0,0,0,0,0,0,0,0,0,0,0,0,0,0,0,2,0,0,0,0
2025,15,"00-0037744","T.McBride","TE","ARI",0,0,0,0,0,0,0,0,0,0,0,0,0,0,12,13,134,2,0,0
2025,15,"00-0037746","B.Robinson","RB","SF",0,0,0,0,0,0,0,0,0,9,21,0,0,0,0,0,0,0,0,0
2025,15,"00-0037801","K.Turpin","WR","DAL",0,0,0,0,0,0,0,0,0,1,2,0,0,0,2,2,10,0,0,0
2025,15,"00-0037805","J.Ruckert","TE","NYJ",0,0,0,0,0,0,0,0,0,0,0,0,0,0,2,2,13,0,0,0
2025,15,"00-0037809","C.Okonkwo","TE","TEN",0,0,0,0,0,0,0,0,0,0,0,0,0,0,4,6,33,0,0,0
2025,15,"00-0037816","R.Doubs","WR","GB",0,0,0,0,0,0,0,0,0,0,0,0,0,0,2,3,36,0,0,0
2025,15,"00-0037834","B.Purdy","QB","SF",23,30,295,3,0,2,-3,1,0,7,44,0,0,0,0,0,0,0,0,0
2025,15,"00-0037837","C.Austin","WR","PIT",0,0,0,0,0,0,0,0,0,0,0,0,0,0,0,1,0,0,0,0
2025,15,"00-0037840","K.Williams","RB","LA",0,0,0,0,0,0,0,0,0,15,78,2,0,0,1,1,10,0,0,0
2025,15,"00-0038041","J.Ferguson","TE","DAL",0,0,0,0,0,0,0,0,0,0,0,0,0,0,2,4,16,0,0,0
2025,15,"00-0038046","C.Kolar","TE","BAL",0,0,0,0,0,0,0,0,0,0,0,0,0,0,0,0,0,0,0,0
2025,15,"00-0038090","S.Moore","WR","SF",0,0,0,0,0,0,0,0,0,0,0,0,0,0,0,0,0,0,0,0
2025,15,"00-0038102","K.Pickett","QB","LV",15,25,64,0,1,4,-35,0,0,2,7,0,0,0,0,0,0,0,0,0
2025,15,"00-0038104","T.Thornton","WR","KC",0,0,0,0,0,0,0,0,0,0,0,0,0,0,2,3,47,0,0,0
2025,15,"00-0038115","D.Bellinger","TE","NYG",0,0,0,0,0,0,0,0,0,0,0,0,0,0,3,4,35,0,0,0
2025,15,"00-0038117","W.Robinson","WR","NYG",0,0,0,0,0,0,0,0,0,0,0,0,0,0,5,10,54,1,0,0
2025,15,"00-0038120","B.Hall","RB","NYJ",0,0,0,0,0,0,0,0,0,12,23,0,0,0,2,2,14,0,0,0
2025,15,"00-0038124","C.Watson","WR","GB",0,0,0,0,0,0,0,0,0,0,0,0,0,0,3,5,29,0,0,0
2025,15,"00-0038134","K.Walker","RB","SEA",0,0,0,0,0,0,0,0,0,9,17,0,0,0,1,1,2,0,0,0
2025,15,"00-0038359","X.Smith","WR","LA",0,0,0,0,0,0,0,0,0,0,0,0,0,0,0,0,0,0,0,0
2025,15,"00-0038393","D.Wicks","WR","GB",0,0,0,0,0,0,0,0,0,0,0,0,0,0,1,2,6,0,0,0
2025,15,"00-0038397","E.Hull","RB","NO",0,0,0,0,0,0,0,0,0,4,12,0,0,0,0,0,0,0,0,0
2025,15,"00-0038400","T.McKee","QB","PHI",3,3,33,0,0,0,0,0,0,1,9,0,0,0,0,0,0,0,0,0
2025,15,"00-0038454","K.Mitchell","RB","BAL",0,0,0,0,0,0,0,0,0,8,66,0,0,0,0,1,0,0,0,0
2025,15,"00-0038488","B.Russell","RB","SEA",0,0,0,0,0,0,0,0,0,0,0,0,0,0,0,1,0,0,0,0
2025,15,"00-0038519","N.Remigio","WR","KC",0,0,0,0,0,0,0,0,0,0,0,0,0,0,0,0,0,0,0,0
2025,15,"00-0038542","B.Robinson","RB","ATL",0,0,0,0,0,0,0,0,0,19,93,1,0,0,8,11,82,0,1,0
2025,15,"00-0038543","J.Smith-Njigba","WR","SEA",0,0,0,0,0,0,0,0,0,0,0,0,0,0,7,9,113,0,0,0
2025,15,"00-0038547","L.Schoonmaker","TE","DAL",0,0,0,0,0,0,0,0,0,0,0,0,0,0,1,1,29,0,0,0
2025,15,"00-0038555","T.Bigsby","RB","PHI",0,0,0,0,0,0,0,0,0,17,57,0,0,0,0,1,0,0,0,0
2025,15,"00-0038558","D.Washington","TE","PIT",0,0,0,0,0,0,0,0,0,0,0,0,0,0,3,4,25,0,0,0
2025,15,"00-0038559","M.Wilson","WR","ARI",0,0,0,0,0,0,0,0,0,0,0,0,0,0,5,11,54,1,0,0
2025,15,"00-0038563","T.Tucker","WR","LV",0,0,0,0,0,0,0,0,0,0,0,0,0,0,0,3,0,0,0,0
2025,15,"00-0038576","C.Jones","WR","CIN",0,0,0,0,0,0,0,0,0,0,0,0,0,0,0,0,0,0,0,0
2025,15,"00-0038597","C.Brown","RB","CIN",0,0,0,0,0,0,0,0,0,13,53,0,0,0,7,7,37,0,0,0
2025,15,"00-0038606","P.Washington","WR","JAX",0,0,0,0,0,0,0,0,0,0,0,0,0,0,3,3,53,0,0,0
2025,15,"00-0038608","K.Boutte","WR","NE",0,0,0,0,0,0,0,0,0,0,0,0,0,0,1,1,30,0,0,0
2025,15,"00-0038618","X.Hutchinson","WR","HOU",0,0,0,0,0,0,0,0,0,0,0,0,0,0,1,2,16,0,0,0
2025,15,"00-0038619","A.Iosivas","WR","CIN",0,0,0,0,0,0,0,0,0,0,0,0,0,0,0,1,0,0,0,0
2025,15,"00-0038621","D.Douglas","WR","NE",0,0,0,0,0,0,0,0,0,1,5,0,0,0,0,0,0,0,0,0
2025,15,"00-0038640","J.Brooks","WR","ARI",0,0,0,0,0,0,0,0,0,0,0,0,0,0,1,3,19,0,0,0
2025,15,"00-0038685","C.Brooks","RB","GB",0,0,0,0,0,0,0,0,0,2,10,0,0,0,1,2,6,0,0,0
2025,15,"00-0038705","E.Demercado","RB","ARI",0,0,0,0,0,0,0,0,0,1,1,0,0,0,2,3,0,0,0,0
2025,15,"00-0038720","J.Hill","TE","MIA",0,0,0,0,0,0,0,0,0,0,0,0,0,0,2,2,25,0,0,0
2025,15,"00-0038738","H.Luepke","RB","DAL",0,0,0,0,0,0,0,0,0,3,16,0,0,0,2,2,14,0,0,0
2025,15,"00-0038794","J.McLaughlin","RB","DEN",0,0,0,0,0,0,0,0,0,2,4,0,0,0,0,0,0,0,0,0
2025,15,"00-0038797","E.Wilson","RB","GB",0,0,0,0,0,0,0,0,0,2,3,0,0,0,0,0,0,0,0,0
2025,15,"00-0038839","M.Tinsley","WR","CIN",0,0,0,0,0,0,0,0,0,0,0,0,0,0,1,2,16,0,0,0
2025,15,"00-0038840","B.Tremayne","WR","CAR",0,0,0,0,0,0,0,0,0,0,0,0,0,0,0,0,0,0,0,0
2025,15,"00-0038933","D.Kincaid","TE","BUF",0,0,0,0,0,0,0,0,0,0,0,0,0,0,3,4,34,0,0,0
2025,15,"00-0038935","B.Strange","TE","JAX",0,0,0,0,0,0,0,0,0,0,0,0,0,0,1,3,26,0,0,0
2025,15,"00-0038938","J.Hyatt","WR","NYG",0,0,0,0,0,0,0,0,0,0,0,0,0,0,0,1,0,0,0,0
2025,15,"00-0038951","S.Tucker","RB","TB",0,0,0,0,0,0,0,0,0,4,7,1,0,0,0,0,0,0,0,0
2025,15,"00-0038953","D.Drummond","WR","ATL",0,0,0,0,0,0,0,0,0,0,0,0,0,0,0,0,0,0,0,0
2025,15,"00-0038976","M.Mims","WR","DEN",0,0,0,0,0,0,0,0,0,1,8,0,0,0,4,6,29,0,0,0
2025,15,"00-0038994","J.Addison","WR","MIN",0,0,0,0,0,0,0,0,0,0,0,0,0,0,2,2,66,0,0,0
2025,15,"00-0038997","J.Downs","WR","IND",0,0,0,0,0,0,0,0,0,0,0,0,0,0,3,5,13,1,0,0
2025,15,"00-0039032","T.Spears","RB","TEN",0,0,0,0,0,0,0,0,0,3,34,0,0,0,2,2,2,0,0,0
2025,15,"00-0039040","D.Achane","RB","MIA",0,0,0,0,0,0,0,0,0,12,60,0,0,0,6,6,67,0,0,0
2025,15,"00-0039041","E.Higgins","TE","ARI",0,0,0,0,0,0,0,0,0,0,0,0,0,0,1,2,3,0,0,0
2025,15,"00-0039062","J.Mingo","WR","DAL",0,0,0,0,0,0,0,0,0,0,0,0,0,0,1,1,25,0,0,0
2025,15,"00-0039064","Z.Flowers","WR","BAL",0,0,0,0,0,0,0,0,0,0,0,0,0,0,3,5,68,1,0,0
2025,15,"00-0039066","M.Mayer","TE","LV",0,0,0,0,0,0,0,0,0,0,0,0,0,0,0,0,0,0,0,0
2025,15,"00-0039067","R.Rice","WR","KC",0,0,0,0,0,0,0,0,0,0,0,0,0,0,7,11,51,0,0,0
2025,15,"00-0039074","D.Allen","TE","LA",0,0,0,0,0,0,0,0,0,0,0,0,0,0,3,4,16,0,0,0
2025,15,"00-0039075","P.Nacua","WR","LA",0,0,0,0,0,0,0,0,0,2,8,0,0,0,9,11,181,0,0,0
2025,15,"00-0039139","J.Gibbs","RB","DET",0,0,0,0,0,0,0,0,0,13,38,0,0,0,4,7,20,0,0,0
2025,15,"00-0039144","L.Musgrave","TE","GB",0,0,0,0,0,0,0,0,0,0,0,0,0,0,4,6,52,0,0,0
2025,15,"00-0039146","J.Reed","WR","GB",0,0,0,0,0,0,0,0,0,0,0,0,0,0,5,6,55,0,0,0
2025,15,"00-0039150","B.Young","QB","CAR",15,24,163,1,0,1,-9,0,0,7,49,0,0,0,0,0,0,0,0,0
2025,15,"00-0039163","C.Stroud","QB","HOU",22,29,260,3,0,1,-4,0,0,6,10,0,0,0,0,0,0,0,0,0
2025,15,"00-0039165","Z.Charbonnet","RB","SEA",0,0,0,0,0,0,0,0,0,8,31,0,0,0,0,1,0,0,0,0
2025,15,"00-0039338","B.Bowers","TE","LV",0,0,0,0,0,0,0,0,0,0,0,0,0,0,6,8,28,0,0,0
2025,15,"00-0039342","X.Legette","WR","CAR",0,0,0,0,0,0,0,0,0,0,0,0,0,0,2,3,39,0,0,0
2025,15,"00-0039356","J.Sanders","TE","CAR",0,0,0,0,0,0,0,0,0,0,0,0,0,0,2,2,5,0,0,0
2025,15,"00-0039359","C.Stover","TE","HOU",0,0,0,0,0,0,0,0,0,0,0,0,0,0,3,3,22,0,0,0
2025,15,"00-0039361","B.Irving","RB","TB",0,0,0,0,0,0,0,0,0,16,60,0,0,0,1,3,11,0,0,0
2025,15,"00-0039364","S.Vaki","RB","DET",0,0,0,0,0,0,0,0,0,0,0,0,0,0,0,0,0,0,0,0
2025,15,"00-0039373","A.Estime","RB","NO",0,0,0,0,0,0,0,0,0,3,11,0,0,0,3,3,39,0,0,0
2025,15,"00-0039376","S.Rattler","QB","NO",0,1,0,0,0,0,0,0,0,0,0,0,0,0,0,0,0,0,0,0
2025,15,"00-0039384","T.Tracy","RB","NYG",0,0,0,0,0,0,0,0,0,15,70,1,0,0,3,4,27,1,0,0
2025,15,"00-0039391","K.Vidal","RB","LAC",0,0,0,0,0,0,0,0,0,12,33,0,0,0,1,1,15,0,0,0
2025,15,"00-0039405","J.Jordan","RB","HOU",0,0,0,0,0,0,0,0,0,15,101,0,0,0,2,2,17,0,0,0
2025,15,"00-0039407","D.Laube","RB","LV",0,0,0,0,0,0,0,0,0,2,4,0,0,0,0,0,0,0,0,0
2025,15,"00-0039410","R.Flournoy","WR","DAL",0,0,0,0,0,0,0,0,0,0,0,0,0,0,4,5,40,0,0,0
2025,15,"00-0039424","D.Vele","WR","NO",0,0,0,0,0,0,0,0,0,0,0,0,0,0,5,6,69,0,0,0
2025,15,"00-0039451","I.Williams","WR","NYJ",0,0,0,0,0,0,0,0,0,0,0,0,0,0,6,7,53,0,0,0
2025,15,"00-0039458","B.Bates","TE","CLE",0,0,0,0,0,0,0,0,0,0,0,0,0,0,0,0,0,0,0,0
2025,15,"00-0039491","J.Coker","WR","CAR",0,0,0,0,0,0,0,0,0,0,0,0,0,0,4,4,60,1,1,0
2025,15,"00-0039530","B.Spann-Ford","TE","DAL",0,0,0,0,0,0,0,0,0,0,0,0,0,0,0,1,0,0,0,0
2025,15,"00-0039589","K.Johnson","WR","TB",0,0,0,0,0,0,0,0,0,0,0,0,0,0,0,0,0,0,0,0
2025,15,"00-0039603","B.Brooks","RB","HOU",0,0,0,0,0,0,0,0,0,0,0,0,0,0,0,0,0,0,0,0
2025,15,"00-0039623","M.Tipton","WR","NO",0,0,0,0,0,0,0,0,0,1,-4,0,0,0,1,2,5,0,0,0
2025,15,"00-0039648","D.Martin-Robinson","TE","TEN",0,0,0,0,0,0,0,0,0,0,0,0,0,0,0,0,0,0,0,0
2025,15,"00-0039686","C.Yankoff","TE","WAS",0,0,0,0,0,0,0,0,0,0,0,0,0,0,0,0,0,0,0,0
2025,15,"00-0039732","B.Nix","QB","DEN",23,34,302,4,0,0,0,0,0,7,10,0,0,0,0,0,0,0,0,0
2025,15,"00-0039738","B.Corum","RB","LA",0,0,0,0,0,0,0,0,0,11,71,1,0,0,0,0,0,0,0,0
2025,15,"00-0039746","W.Shipley","RB","PHI",0,0,0,0,0,0,0,0,0,0,0,0,0,0,0,0,0,0,0,0
2025,15,"00-0039751","J.Whittington","WR","LA",0,0,0,0,0,0,0,0,0,0,0,0,0,0,0,1,0,0,0,0
2025,15,"00-0039754","D.Culp","TE","TB",0,0,0,0,0,0,0,0,0,0,0,0,0,0,1,1,6,1,0,0
2025,15,"00-0039793","A.Barner","TE","SEA",0,0,0,0,0,0,0,0,0,0,0,0,0,0,3,6,27,0,0,0
2025,15,"00-0039796","R.Ali","RB","BAL",0,0,0,0,0,0,0,0,0,0,0,0,0,0,2,2,32,1,0,0
2025,15,"00-0039798","I.Davis","RB","NYJ",0,0,0,0,0,0,0,0,0,9,58,1,0,0,1,1,7,0,0,0
2025,15,"00-0039847","T.Johnson","TE","NYG",0,0,0,0,0,0,0,0,0,0,0,0,0,0,3,4,72,0,0,0
2025,15,"00-0039851","D.Maye","QB","NE",14,23,155,0,1,3,-16,0,0,4,43,2,0,0,0,0,0,0,0,0
2025,15,"00-0039855","J.McMillan","WR","TB",0,0,0,0,0,0,0,0,0,0,0,0,0,0,2,2,38,0,0,0
2025,15,"00-0039868","T.Franklin","WR","DEN",0,0,0,0,0,0,0,0,0,1,3,0,0,0,6,6,85,1,0,0
2025,15,"00-0039874","J.Wright","RB","MIA",0,0,0,0,0,0,0,0,0,1,2,0,0,0,1,1,9,0,0,0
2025,15,"00-0039875","R.Davis","RB","BUF",0,0,0,0,0,0,0,0,0,0,0,0,0,0,1,1,13,0,0,0
2025,15,"00-0039880","M.Washington","WR","MIA",0,0,0,0,0,0,0,0,0,0,0,0,0,0,1,1,10,0,0,0
2025,15,"00-0039890","A.Mitchell","WR","NYJ",0,0,0,0,0,0,0,0,0,1,-4,0,0,0,6,9,58,1,0,0
2025,15,"00-0039893","B.Thomas","WR","JAX",0,0,0,0,0,0,0,0,0,1,5,0,0,0,4,7,66,1,0,0
2025,15,"00-0039894","X.Worthy","WR","KC",0,0,0,0,0,0,0,0,0,0,0,0,0,0,2,4,35,0,0,0
2025,15,"00-0039912","B.Sinnott","TE","WAS",0,0,0,0,0,0,0,0,0,0,0,0,0,0,1,1,36,0,0,0
2025,15,"00-0039915","L.McConkey","WR","LAC",0,0,0,0,0,0,0,0,0,0,0,0,0,0,2,3,20,0,0,0
2025,15,"00-0039916","R.Pearsall","WR","SF",0,0,0,0,0,0,0,0,0,0,0,0,0,0,6,7,96,0,0,0
2025,15,"00-0039918","C.Williams","QB","CHI",17,28,242,2,0,3,-23,0,0,3,13,0,0,0,0,0,0,0,0,0
2025,15,"00-0039920","M.Corley","WR","CLE",0,0,0,0,0,0,0,0,0,0,0,0,0,0,1,1,10,0,0,0
2025,15,"00-0039923","J.McCarthy","QB","MIN",15,24,250,2,1,0,0,0,0,4,15,1,0,0,0,0,0,0,0,0
2025,15,"00-0040024","D.Cooper","WR","PHI",0,0,0,0,0,0,0,0,0,0,0,0,0,0,2,2,29,0,0,0
2025,15,"00-0040058","N.Kallerup","TE","SEA",0,0,0,0,0,0,0,0,0,0,0,0,0,0,0,0,0,0,0,0
2025,15,"00-0040075","L.Wester","WR","BAL",0,0,0,0,0,0,0,0,0,0,0,0,0,0,0,0,0,0,0,0
2025,15,"00-0040078","B.Smith","RB","KC",0,0,0,0,0,0,0,0,0,2,1,0,0,0,0,0,0,0,0,0
2025,15,"00-0040122","A.Jeanty","RB","LV",0,0,0,0,0,0,0,0,0,9,35,0,0,0,4,6,7,0,0,0
2025,15,"00-0040124","T.McMillan","WR","CAR",0,0,0,0,0,0,0,0,0,0,0,0,0,0,2,4,25,0,0,0
2025,15,"00-0040126","C.Loveland","TE","CHI",0,0,0,0,0,0,0,0,0,1,-2,0,0,0,4,5,63,0,0,0
2025,15,"00-0040128","T.Warren","TE","IND",0,0,0,0,0,0,0,0,0,0,0,0,0,0,3,6,19,0,0,0
2025,15,"00-0040129","E.Egbuka","WR","TB",0,0,0,0,0,0,0,0,0,0,0,0,0,0,4,7,64,0,0,0
2025,15,"00-0040130","J.Higgins","WR","HOU",0,0,0,0,0,0,0,0,0,0,0,0,0,0,1,1,4,0,0,0
2025,15,"00-0040131","K.Williams","WR","NE",0,0,0,0,0,0,0,0,0,0,0,0,0,0,0,0,0,0,0,0
2025,15,"00-0040138","J.Noel","WR","HOU",0,0,0,0,0,0,0,0,0,0,0,0,0,0,0,0,0,0,0,0
2025,15,"00-0040142","K.Johnson","RB","PIT",0,0,0,0,0,0,0,0,0,2,4,0,0,0,0,0,0,0,0,0
2025,15,"00-0040164","J.Lane","WR","WAS",0,0,0,0,0,0,0,0,0,0,0,0,0,0,0,1,0,0,0,0
2025,15,"00-0040170","E.Ayomanor","WR","TEN",0,0,0,0,0,0,0,0,0,0,0,0,0,0,1,1,17,0,0,0
2025,15,"00-0040184","K.Lambert-Smith","WR","LAC",0,0,0,0,0,0,0,0,0,0,0,0,0,0,1,1,16,1,0,0
2025,15,"00-0040187","M.Evans","TE","CAR",0,0,0,0,0,0,0,0,0,0,0,0,0,0,0,0,0,0,0,0
2025,15,"00-0040189","O.Gadsden","TE","LAC",0,0,0,0,0,0,0,0,0,0,0,0,0,0,4,5,61,0,0,0
2025,15,"00-0040194","J.Hawes","TE","BUF",0,0,0,0,0,0,0,0,0,0,0,0,0,0,1,1,9,0,0,0
2025,15,"00-0040198","O.Gordon","RB","MIA",0,0,0,0,0,0,0,0,0,2,0,0,0,0,0,0,0,0,0,0
2025,15,"00-0040202","D.Neal","RB","NO",0,0,0,0,0,0,0,0,0,7,28,1,0,0,1,1,4,0,0,0
2025,15,"00-0040205","K.Mullings","RB","TEN",0,0,0,0,0,0,0,0,0,1,3,0,0,0,0,0,0,0,0,0
2025,15,"00-0040208","T.Brooks","RB","CIN",0,0,0,0,0,0,0,0,0,0,0,0,0,0,0,0,0,0,0,0
2025,15,"00-0040218","Ji.Horn","WR","CAR",0,0,0,0,0,0,0,0,0,0,0,0,0,0,1,1,7,0,0,0
2025,15,"00-0040236","K.Monangai","RB","CHI",0,0,0,0,0,0,0,0,0,11,33,0,0,0,0,2,0,0,0,0
2025,15,"00-0040237","T.Johnson","WR","TB",0,0,0,0,0,0,0,0,0,0,0,0,0,0,0,1,0,0,0,0
2025,15,"00-0040238","L.Allen","RB","JAX",0,0,0,0,0,0,0,0,0,4,11,0,0,0,1,1,5,0,0,0
2025,15,"00-0040242","J.Croskey-Merritt","RB","WAS",0,0,0,0,0,0,0,0,0,18,96,1,0,0,0,0,0,0,0,0
2025,15,"00-0040259","G.Larvadain","WR","CLE",0,0,0,0,0,0,0,0,0,0,0,0,0,0,1,2,8,0,0,0
2025,15,"00-0040352","C.Owen","WR","IND",0,0,0,0,0,0,0,0,0,0,0,0,0,0,0,0,0,0,0,0
2025,15,"00-0040398","B.Cook","QB","NYJ",22,33,176,1,3,3,-22,0,0,6,39,0,0,0,0,0,0,0,0,0
2025,15,"00-0040431","D.Cambre","WR","NYG",0,0,0,0,0,0,0,0,0,0,0,0,0,0,0,0,0,0,0,0
2025,15,"00-0040506","M.Price","WR","MIN",0,0,0,0,0,0,0,0,0,0,0,0,0,0,0,0,0,0,0,0
2025,15,"00-0040556","C.Kiner","RB","ARI",0,0,0,0,0,0,0,0,0,2,11,0,0,0,0,0,0,0,0,0
2025,15,"00-0040582","A.Smith","WR","NYJ",0,0,0,0,0,0,0,0,0,0,0,0,0,0,0,2,0,0,0,0
2025,15,"00-0040583","W.Marks","RB","HOU",0,0,0,0,0,0,0,0,0,7,30,0,0,0,1,1,8,0,0,0
2025,15,"00-0040584","G.Helm","TE","TEN",0,0,0,0,0,0,0,0,0,0,0,0,0,0,4,4,49,1,0,0
2025,15,"00-0040590","K.Mumpfield","WR","LA",0,0,0,0,0,0,0,0,0,0,0,0,0,0,0,1,0,0,0,0
2025,15,"00-0040644","T.Etienne","RB","CAR",0,0,0,0,0,0,0,0,0,0,0,0,0,0,0,0,0,0,0,0
2025,15,"00-0040663","H.Fannin","TE","CLE",0,0,0,0,0,0,0,0,0,1,2,0,0,0,7,14,48,0,0,0
2025,15,"00-0040666","O.Hampton","RB","LAC",0,0,0,0,0,0,0,0,0,15,61,0,0,0,1,1,4,0,0,0
2025,15,"00-0040667","M.Golden","WR","GB",0,0,0,0,0,0,0,0,0,0,0,0,0,0,3,4,55,0,0,0
2025,15,"00-0040668","S.Sanders","QB","CLE",18,35,177,0,3,5,-35,0,0,2,24,0,0,0,0,0,0,0,0,0
2025,15,"00-0040669","I.TeSlaa","WR","DET",0,0,0,0,0,0,0,0,0,0,0,0,0,0,0,1,0,0,0,0
2025,15,"00-0040676","C.Ward","QB","TEN",18,29,170,2,0,0,0,0,0,1,2,0,0,0,0,0,0,0,0,0
2025,15,"00-0040691","J.Dart","QB","NYG",20,36,246,2,1,1,-8,0,0,9,63,0,0,0,0,0,0,0,0,0
2025,15,"00-0040705","C.Dike","WR","TEN",0,0,0,0,0,0,0,0,0,1,-7,0,0,0,4,5,17,0,0,0
2025,15,"00-0040719","B.Tuten","RB","JAX",0,0,0,0,0,0,0,0,0,1,7,0,0,0,1,1,16,1,0,0
2025,15,"00-0040727","T.Harris","WR","LAC",0,0,0,0,0,0,0,0,0,0,0,0,0,0,3,5,49,0,0,0
2025,15,"00-0040729","J.Bech","WR","LV",0,0,0,0,0,0,0,0,0,0,0,0,0,0,2,3,17,0,0,0
2025,15,"00-0040730","R.Harvey","RB","DEN",0,0,0,0,0,0,0,0,0,19,65,1,1,0,0,1,0,0,0,0
2025,15,"00-0040734","T.Henderson","RB","NE",0,0,0,0,0,0,0,0,0,14,148,2,0,0,2,3,13,0,0,0
2025,15,"00-0040735","L.Burden","WR","CHI",0,0,0,0,0,0,0,0,0,0,0,0,0,0,6,7,84,0,0,0
2025,15,"00-0040737","T.Ferguson","TE","LA",0,0,0,0,0,0,0,0,0,0,0,0,0,0,1,2,6,0,0,0
2025,15,"00-0040743","T.Shough","QB","NO",24,32,272,1,0,5,-16,0,0,8,32,0,0,0,0,0,0,0,0,0
2025,15,"00-0040782","I.Bond","WR","CLE",0,0,0,0,0,0,0,0,0,0,0,0,0,0,2,4,89,0,0,0
2025,15,"00-0040784","Q.Judkins","RB","CLE",0,0,0,0,0,0,0,0,0,12,21,0,0,0,3,4,-4,0,0,0
2025,16,"00-0022942","P.Rivers","QB","IND",23,35,277,2,1,2,-23,0,0,0,0,0,0,0,0,0,0,0,0,0
2025,16,"00-0023459","A.Rodgers","QB","PIT",27,41,266,1,0,2,-15,0,0,2,9,0,0,0,0,0,0,0,0,0
2025,16,"00-0026158","J.Flacco","QB","CIN",1,1,4,0,0,0,0,0,0,0,0,0,0,0,0,0,0,0,0,0
2025,16,"00-0026300","J.Johnson","QB","WAS",5,9,43,0,1,1,-6,0,0,1,0,0,0,0,0,0,0,0,0,0
2025,16,"00-0026498","M.Stafford","QB","LA",29,49,457,3,0,0,0,0,0,2,6,0,0,0,0,0,0,0,0,0
2025,16,"00-0029604","K.Cousins","QB","ATL",21,35,197,2,1,1,-7,0,0,5,-3,1,1,0,0,0,0,0,0,0
2025,16,"00-0030035","A.Thielen","WR","PIT",0,0,0,0,0,0,0,0,0,0,0,0,0,0,4,4,49,0,0,0
2025,16,"00-0030279","K.Allen","WR","LAC",0,0,0,0,0,0,0,0,0,0,0,0,0,0,5,5,44,0,0,0
2025,16,"00-0030506","T.Kelce","TE","KC",0,0,0,0,0,0,0,0,0,0,0,0,0,0,1,4,6,0,0,0
2025,16,"00-0030564","D.Hopkins","WR","BAL",0,0,0,0,0,0,0,0,0,0,0,0,0,0,4,5,41,0,0,0
2025,16,"00-0030565","G.Smith","QB","LV",16,23,201,2,1,3,-31,0,0,0,0,0,0,0,0,0,0,0,0,0
2025,16,"00-0031236","B.Cooks","WR","BUF",0,0,0,0,0,0,0,0,0,0,0,0,0,0,0,1,0,0,0,0
2025,16,"00-0031408","M.Evans","WR","TB",0,0,0,0,0,0,0,0,0,0,0,0,0,0,5,9,31,1,0,0
2025,16,"00-0031484","C.Manhertz","TE","NYG",0,0,0,0,0,0,0,0,0,0,0,0,0,0,0,0,0,0,0,0
2025,16,"00-0031588","S.Diggs","WR","NE",0,0,0,0,0,0,0,0,0,0,0,0,0,0,9,10,138,0,0,0
2025,16,"00-0031610","D.Waller","TE","MIA",0,0,0,0,0,0,0,0,0,0,0,0,0,0,3,5,40,0,0,0
2025,16,"00-0031687","R.Mostert","RB","LV",0,0,0,0,0,0,0,0,0,1,6,0,0,0,1,1,3,0,0,0
2025,16,"00-0032104","A.Abdullah","RB","IND",0,0,0,0,0,0,0,0,0,0,0,0,0,0,1,1,4,0,0,0
2025,16,"00-0032211","T.Lockett","WR","LV",0,0,0,0,0,0,0,0,0,0,0,0,0,0,1,2,6,0,0,0
2025,16,"00-0032268","M.Mariota","QB","WAS",7,14,95,0,0,1,-2,0,0,1,-1,0,0,0,0,0,0,0,0,0
2025,16,"00-0032392","A.Hooper","TE","NE",0,0,0,0,0,0,0,0,0,0,0,0,0,0,2,4,34,0,0,0
2025,16,"00-0032398","C.Moore","WR","WAS",0,0,0,0,0,0,0,0,0,0,0,0,0,0,0,0,0,0,0,0
2025,16,"00-0032464","K.Raymond","WR","DET",0,0,0,0,0,0,0,0,0,0,0,0,0,0,4,5,62,1,0,0
2025,16,"00-0032764","D.Henry","RB","BAL",0,0,0,0,0,0,0,0,0,18,128,2,1,0,0,0,0,0,0,0
2025,16,"00-0032775","D.Robinson","WR","SF",0,0,0,0,0,0,0,0,0,0,0,0,0,0,2,2,23,1,0,0
2025,16,"00-0033077","D.Prescott","QB","DAL",21,30,244,2,0,1,-6,0,0,2,14,0,0,0,0,0,0,0,0,0
2025,16,"00-0033090","H.Henry","TE","NE",0,0,0,0,0,0,0,0,0,0,0,0,0,0,6,7,35,1,0,0
2025,16,"00-0033106","J.Goff","QB","DET",34,54,364,3,0,3,-18,0,0,1,-1,0,0,0,0,0,0,0,0,0
2025,16,"00-0033119","J.Brissett","QB","ARI",16,31,203,1,1,2,-15,0,0,1,5,0,0,0,0,0,0,0,0,0
2025,16,"00-0033217","M.Alie-Cox","TE","IND",0,0,0,0,0,0,0,0,0,0,0,0,0,0,2,2,16,0,0,0
2025,16,"00-0033280","C.McCaffrey","RB","SF",0,0,0,0,0,0,0,0,0,21,117,0,0,0,6,8,29,2,0,0
2025,16,"00-0033288","G.Kittle","TE","SF",0,0,0,0,0,0,0,0,0,0,0,0,0,0,7,8,115,1,0,0
2025,16,"00-0033293","A.Jones","RB","MIN",0,0,0,0,0,0,0,0,0,21,85,0,0,0,2,3,8,0,0,0
2025,16,"00-0033307","K.Bourne","WR","SF",0,0,0,0,0,0,0,0,0,0,0,0,0,0,3,5,27,0,0,0
2025,16,"00-0033357","T.Hill","TE","NO",1,1,38,1,0,0,0,0,0,12,42,0,1,0,4,6,36,0,0,0
2025,16,"00-0033375","T.Patrick","WR","JAX",0,0,0,0,0,0,0,0,0,0,0,0,0,0,1,1,11,0,0,0
2025,16,"00-0033455","A.Firkser","TE","DET",0,0,0,0,0,0,0,0,0,0,0,0,0,0,4,4,40,0,0,0
2025,16,"00-0033526","S.Perine","RB","CIN",0,0,0,0,0,0,0,0,0,7,25,1,0,0,2,3,16,0,0,0
2025,16,"00-0033555","M.Hollins","WR","NE",0,0,0,0,0,0,0,0,0,0,0,0,0,0,7,9,69,0,0,0
2025,16,"00-0033576","E.Saubert","TE","SEA",0,0,0,0,0,0,0,0,0,0,0,0,0,0,0,0,0,0,0,1
2025,16,"00-0033854","D.Ogunbowale","RB","HOU",0,0,0,0,0,0,0,0,0,1,-3,0,0,0,1,1,2,0,0,0
2025,16,"00-0033857","J.Smith-Schuster","WR","KC",0,0,0,0,0,0,0,0,0,0,0,0,0,0,1,4,12,0,0,0
2025,16,"00-0033858","J.Smith","TE","PIT",0,0,0,0,0,0,0,0,0,2,28,0,0,0,0,1,0,0,0,0
2025,16,"00-0033881","E.Engram","TE","DEN",0,0,0,0,0,0,0,0,0,0,0,0,0,0,2,4,36,0,0,0
2025,16,"00-0033908","C.Kupp","WR","SEA",0,0,0,0,0,0,0,0,0,0,0,0,0,0,3,4,39,0,1,1
2025,16,"00-0033921","C.Godwin","WR","TB",0,0,0,0,0,0,0,0,0,0,0,0,0,0,5,6,30,0,0,0
2025,16,"00-0033923","K.Hunt","RB","KC",0,0,0,0,0,0,0,0,0,3,2,0,0,0,0,0,0,0,0,0
2025,16,"00-0033955","J.McNichols","RB","WAS",0,0,0,0,0,0,0,0,0,1,3,0,0,1,2,3,9,0,0,0
2025,16,"00-0034159","W.Dissly","TE","LAC",0,0,0,0,0,0,0,0,0,0,0,0,0,0,3,3,28,0,0,0
2025,16,"00-0034272","M.Valdes-Scantling","WR","PIT",0,0,0,0,0,0,0,0,0,0,0,0,0,0,1,3,6,0,0,0
2025,16,"00-0034348","C.Sutton","WR","DEN",0,0,0,0,0,0,0,0,0,0,0,0,0,0,6,12,86,1,0,0
2025,16,"00-0034351","D.Goedert","TE","PHI",0,0,0,0,0,0,0,0,0,0,0,0,0,0,3,3,32,1,0,0
2025,16,"00-0034383","D.Schultz","TE","HOU",0,0,0,0,0,0,0,0,0,0,0,0,0,0,5,5,35,1,0,0
2025,16,"00-0034418","C.Wilson","WR","MIA",0,0,0,0,0,0,0,0,0,0,0,0,0,0,1,1,11,0,0,0
2025,16,"00-0034613","T.Hudson","TE","CIN",0,0,0,0,0,0,0,0,0,0,0,0,0,0,1,1,4,0,0,0
2025,16,"00-0034753","M.Andrews","TE","BAL",0,0,0,0,0,0,0,0,0,1,3,0,0,0,2,3,21,0,0,0
2025,16,"00-0034775","C.Kirk","WR","HOU",0,0,0,0,0,0,0,0,0,0,0,0,0,0,3,5,37,0,0,0
2025,16,"00-0034791","N.Chubb","RB","HOU",0,0,0,0,0,0,0,0,0,6,33,0,0,0,1,1,9,0,0,0
2025,16,"00-0034796","L.Jackson","QB","BAL",7,10,101,0,0,0,0,0,0,2,7,0,0,0,0,0,0,0,0,0
2025,16,"00-0034827","D.Moore","WR","CHI",0,0,0,0,0,0,0,0,0,1,12,0,0,0,5,7,97,1,0,0
2025,16,"00-0034829","M.Gesicki","TE","CIN",0,0,0,0,0,0,0,0,0,0,0,0,0,0,3,4,35,1,0,0
2025,16,"00-0034844","S.Barkley","RB","PHI",0,0,0,0,0,0,0,0,0,21,132,1,0,1,0,2,0,0,0,0
2025,16,"00-0034855","B.Mayfield","QB","TB",18,26,145,1,1,2,-18,0,0,4,49,0,0,0,0,0,0,0,0,0
2025,16,"00-0034857","J.Allen","QB","BUF",12,19,130,0,0,2,-35,0,0,7,17,0,0,0,0,0,0,0,0,0
2025,16,"00-0034860","D.Pettis","WR","NO",0,0,0,0,0,0,0,0,0,0,0,0,0,0,0,1,0,0,0,0
2025,16,"00-0034869","S.Darnold","QB","SEA",22,34,270,2,2,4,-26,0,2,3,7,0,0,0,0,0,0,0,0,0
2025,16,"00-0034928","S.Sims","WR","ARI",0,0,0,0,0,0,0,0,0,0,0,0,0,0,0,1,0,0,0,0
2025,16,"00-0034960","J.Meyers","WR","JAX",0,0,0,0,0,0,0,0,0,1,1,0,0,0,4,8,45,0,0,0
2025,16,"00-0034981","F.Moreau","TE","NO",0,0,0,0,0,0,0,0,0,0,0,0,0,0,1,1,5,0,0,0
2025,16,"00-0035140","M.Hardman","WR","BUF",0,0,0,0,0,0,0,0,0,0,0,0,0,0,0,0,0,0,0,0
2025,16,"00-0035208","O.Zaccheaus","WR","CHI",0,0,0,0,0,0,0,0,0,0,0,0,0,0,2,5,33,0,0,0
2025,16,"00-0035229","T.Hockenson","TE","MIN",0,0,0,0,0,0,0,0,0,0,0,0,0,0,1,1,2,0,0,0
2025,16,"00-0035249","J.Oliver","TE","MIN",0,0,0,0,0,0,0,0,0,0,0,0,0,0,2,3,19,0,0,0
2025,16,"00-0035250","D.Singletary","RB","NYG",0,0,0,0,0,0,0,0,0,11,47,0,0,0,1,1,-1,0,0,0
2025,16,"00-0035261","T.Pollard","RB","TEN",0,0,0,0,0,0,0,0,0,21,102,0,0,0,0,0,0,0,0,0
2025,16,"00-0035289","G.Minshew","QB","KC",3,8,15,0,0,0,0,0,0,1,8,0,0,0,0,0,0,0,0,0
2025,16,"00-0035291","T.Williams","RB","CLE",0,0,0,0,0,0,0,0,0,3,17,0,0,0,4,4,38,0,0,0
2025,16,"00-0035298","S.Miller","WR","PIT",0,0,0,0,0,0,0,0,0,0,0,0,0,0,3,3,19,0,0,0
2025,16,"00-0035359","D.Sills","WR","ATL",0,0,0,0,0,0,0,0,0,0,0,0,0,0,0,1,0,0,0,0
2025,16,"00-0035406","L.Humphrey","WR","DEN",0,0,0,0,0,0,0,0,0,0,0,0,0,0,1,2,9,0,0,0
2025,16,"00-0035535","D.Slayton","WR","NYG",0,0,0,0,0,0,0,0,0,0,0,0,0,0,1,2,8,0,0,0
2025,16,"00-0035537","Ty.Johnson","RB","BUF",0,0,0,0,0,0,0,0,0,3,16,1,0,0,0,0,0,0,0,0
2025,16,"00-0035544","T.Kennedy","WR","DET",0,0,0,0,0,0,0,0,0,0,0,0,0,0,0,0,0,0,0,0
2025,16,"00-0035602","A.Bachman","WR","LV",0,0,0,0,0,0,0,0,0,0,0,0,0,0,1,1,3,0,0,0
2025,16,"00-0035631","D.Sample","TE","CIN",0,0,0,0,0,0,0,0,0,0,0,0,0,0,2,2,31,0,0,0
2025,16,"00-0035640","D.Metcalf","WR","PIT",0,0,0,0,0,0,0,0,0,0,0,0,0,0,4,9,42,0,0,0
2025,16,"00-0035645","G.Olszewski","WR","NYG",0,0,0,0,0,0,0,0,0,0,0,0,0,0,0,0,0,0,0,0
2025,16,"00-0035659","T.McLaurin","WR","WAS",0,0,0,0,0,0,0,0,0,0,0,0,0,0,3,4,53,0,0,0
2025,16,"00-0035662","M.Brown","WR","KC",0,0,0,0,0,0,0,0,0,0,0,0,0,0,3,3,22,0,0,0
2025,16,"00-0035676","A.Brown","WR","PHI",0,0,0,0,0,0,0,0,0,0,0,0,0,0,9,12,95,0,0,0
2025,16,"00-0035685","D.Montgomery","RB","DET",0,0,0,0,0,0,0,0,0,4,14,0,0,0,0,0,0,0,0,0
2025,16,"00-0035689","D.Knox","TE","BUF",0,0,0,0,0,0,0,0,0,0,0,0,0,0,1,2,10,0,0,0
2025,16,"00-0035700","J.Jacobs","RB","GB",0,0,0,0,0,0,0,0,0,12,36,0,1,0,2,2,12,0,0,0
2025,16,"00-0035719","D.Samuel","WR","WAS",0,0,0,0,0,0,0,0,0,0,0,0,0,0,3,4,35,0,0,0
2025,16,"00-0035891","C.White","WR","SEA",0,0,0,0,0,0,0,0,0,0,0,0,0,0,0,0,0,0,0,0
2025,16,"00-0035993","T.Huntley","QB","BAL",9,10,65,0,0,1,-7,0,0,2,2,0,0,0,0,0,0,0,0,0
2025,16,"00-0036040","J.Johnson","TE","NO",0,0,0,0,0,0,0,0,0,0,0,0,0,0,8,9,89,0,0,0
2025,16,"00-0036139","R.Dowdle","RB","CAR",0,0,0,0,0,0,0,0,0,9,29,0,0,0,4,6,14,0,0,0
2025,16,"00-0036223","J.Taylor","RB","IND",0,0,0,0,0,0,0,0,0,16,46,1,0,0,3,3,33,0,0,0
2025,16,"00-0036244","C.Parkinson","TE","LA",0,0,0,0,0,0,0,0,0,0,0,0,0,0,2,4,21,0,0,0
2025,16,"00-0036252","M.Pittman","WR","IND",0,0,0,0,0,0,0,0,0,0,0,0,0,0,4,5,32,0,0,0
2025,16,"00-0036259","J.Jennings","WR","SF",0,0,0,0,0,0,0,0,0,0,0,0,0,0,5,6,71,1,0,0
2025,16,"00-0036264","J.Love","QB","GB",8,13,77,0,0,0,0,0,0,2,7,0,0,0,0,0,0,0,0,0
2025,16,"00-0036275","D.Swift","RB","CHI",0,0,0,0,0,0,0,0,0,13,58,0,0,0,2,2,12,0,0,0
2025,16,"00-0036290","C.Kmet","TE","CHI",0,0,0,0,0,0,0,0,0,0,0,0,0,0,2,3,14,0,0,0
2025,16,"00-0036309","D.Mooney","WR","ATL",0,0,0,0,0,0,0,0,0,0,0,0,0,0,2,2,24,0,0,0
2025,16,"00-0036322","J.Jefferson","WR","MIN",0,0,0,0,0,0,0,0,0,0,0,0,0,0,6,8,85,0,0,0
2025,16,"00-0036331","D.Duvernay","WR","CHI",0,0,0,0,0,0,0,0,0,0,0,0,0,0,0,0,0,0,0,0
2025,16,"00-0036332","J.Deguara","TE","ARI",0,0,0,0,0,0,0,0,0,0,0,0,0,0,0,1,0,0,0,0
2025,16,"00-0036355","J.Herbert","QB","LAC",23,29,300,2,0,0,0,0,0,8,42,1,0,0,0,0,0,0,0,0
2025,16,"00-0036358","C.Lamb","WR","DAL",0,0,0,0,0,0,0,0,0,0,0,0,0,0,6,7,51,0,0,0
2025,16,"00-0036389","J.Hurts","QB","PHI",22,30,185,2,0,2,-7,0,0,7,40,0,0,0,0,0,0,0,0,0
2025,16,"00-0036407","J.Jeudy","WR","CLE",0,0,0,0,0,0,0,0,0,0,0,0,0,0,3,4,12,0,0,0
2025,16,"00-0036410","T.Higgins","WR","CIN",0,0,0,0,0,0,0,0,0,0,0,0,0,0,3,3,53,1,0,0
2025,16,"00-0036415","V.Jefferson","WR","TEN",0,0,0,0,0,0,0,0,0,0,0,0,0,0,2,2,24,0,0,0
2025,16,"00-0036422","A.Trautman","TE","DEN",0,0,0,0,0,0,0,0,0,0,0,0,0,0,2,3,14,0,0,0
2025,16,"00-0036425","D.Dallas","RB","JAX",0,0,0,0,0,0,0,0,0,0,0,0,0,0,0,0,0,0,0,0
2025,16,"00-0036427","T.Johnson","WR","NYJ",0,0,0,0,0,0,0,0,0,0,0,0,0,0,1,1,7,0,0,0
2025,16,"00-0036429","C.Woerner","TE","ATL",0,0,0,0,0,0,0,0,0,0,0,0,0,0,1,1,3,0,0,0
2025,16,"00-0036442","J.Burrow","QB","CIN",25,32,309,4,0,2,-11,0,0,2,6,0,0,0,0,0,0,0,0,0
2025,16,"00-0036534","S.Zylstra","TE","DET",0,0,0,0,0,0,0,0,0,0,0,0,0,0,3,5,20,0,0,0
2025,16,"00-0036550","R.Bateman","WR","BAL",0,0,0,0,0,0,0,0,0,0,0,0,0,0,0,2,0,0,0,0
2025,16,"00-0036554","N.Collins","WR","HOU",0,0,0,0,0,0,0,0,0,0,0,0,0,0,4,9,59,0,0,0
2025,16,"00-0036555","C.Hubbard","RB","CAR",0,0,0,0,0,0,0,0,0,6,27,0,0,0,1,1,7,0,0,0
2025,16,"00-0036590","Q.Morris","TE","JAX",0,0,0,0,0,0,0,0,0,0,0,0,0,0,1,1,5,0,0,0
2025,16,"00-0036613","J.Waddle","WR","MIA",0,0,0,0,0,0,0,0,0,0,0,0,0,0,5,9,72,0,0,0
2025,16,"00-0036620","D.Eskridge","WR","MIA",0,0,0,0,0,0,0,0,0,0,0,0,0,0,0,0,0,0,0,0
2025,16,"00-0036628","J.Bates","TE","WAS",0,0,0,0,0,0,0,0,0,0,0,0,0,0,0,1,0,0,0,0
2025,16,"00-0036637","N.Gray","TE","KC",0,0,0,0,0,0,0,0,0,0,0,0,0,0,0,0,0,0,0,0
2025,16,"00-0036741","J.Stoll","TE","NO",0,0,0,0,0,0,0,0,0,0,0,0,0,0,1,2,4,0,0,0
2025,16,"00-0036842","K.Nwangwu","RB","NYJ",0,0,0,0,0,0,0,0,0,0,0,0,0,0,0,0,0,0,0,0
2025,16,"00-0036862","B.Skowronek","WR","PIT",0,0,0,0,0,0,0,0,0,0,0,0,0,0,0,0,0,0,0,0
2025,16,"00-0036875","R.Stevenson","RB","NE",0,0,0,0,0,0,0,0,0,8,51,1,0,0,2,3,27,0,0,1
2025,16,"00-0036876","K.Granson","TE","PHI",0,0,0,0,0,0,0,0,0,0,0,0,0,0,0,0,0,0,0,0
2025,16,"00-0036887","L.Farrell","TE","SF",0,0,0,0,0,0,0,0,0,0,0,0,0,0,0,0,0,0,0,0
2025,16,"00-0036894","P.Freiermuth","TE","PIT",0,0,0,0,0,0,0,0,0,0,0,0,0,0,4,4,20,0,0,0
2025,16,"00-0036900","J.Chase","WR","CIN",0,0,0,0,0,0,0,0,0,0,0,0,0,0,9,11,109,0,0,0
2025,16,"00-0036912","D.Smith","WR","PHI",0,0,0,0,0,0,0,0,0,0,0,0,0,0,6,8,42,1,0,0
2025,16,"00-0036919","K.Gainwell","RB","PIT",0,0,0,0,0,0,0,0,0,9,50,0,0,0,5,7,78,1,0,0
2025,16,"00-0036924","M.Carter","RB","ARI",0,0,0,0,0,0,0,0,0,11,65,0,0,0,0,2,0,0,0,0
2025,16,"00-0036963","A.St. Brown","WR","DET",0,0,0,0,0,0,0,0,0,0,0,0,0,0,4,9,54,0,0,0
2025,16,"00-0036970","K.Pitts","TE","ATL",0,0,0,0,0,0,0,0,0,0,0,0,0,0,7,9,57,1,0,0
2025,16,"00-0036971","T.Lawrence","QB","JAX",23,36,279,3,0,5,-14,0,0,6,20,1,0,0,0,0,0,0,0,0
2025,16,"00-0036972","M.Jones","QB","SF",0,0,0,0,0,0,0,0,0,3,-3,0,0,0,0,0,0,0,0,0
2025,16,"00-0036973","T.Etienne","RB","JAX",0,0,0,0,0,0,0,0,0,16,50,0,0,0,4,5,16,1,0,0
2025,16,"00-0036988","J.Palmer","WR","BUF",0,0,0,0,0,0,0,0,0,0,0,0,0,0,1,1,2,0,0,0
2025,16,"00-0036997","J.Williams","RB","DAL",0,0,0,0,0,0,0,0,0,9,34,0,0,0,2,3,9,0,0,0
2025,16,"00-0037005","T.Tremble","TE","CAR",0,0,0,0,0,0,0,0,0,0,0,0,0,0,1,1,6,0,0,0
2025,16,"00-0037085","T.Badie","RB","DEN",0,0,0,0,0,0,0,0,0,0,0,0,0,0,1,3,2,0,0,0
2025,16,"00-0037091","B.Melton","WR","GB",0,0,0,0,0,0,0,0,0,0,0,0,0,0,0,0,0,0,0,0
2025,16,"00-0037093","D.Young","WR","SEA",0,0,0,0,0,0,0,0,0,0,0,0,0,0,0,0,0,0,0,0
2025,16,"00-0037112","J.Tonges","TE","SF",0,0,0,0,0,0,0,0,0,0,0,0,0,0,1,2,7,0,0,0
2025,16,"00-0037120","T.Goodson","RB","IND",0,0,0,0,0,0,0,0,0,3,9,0,0,0,0,0,0,0,0,0
2025,16,"00-0037132","B.Covey","WR","PHI",0,0,0,0,0,0,0,0,0,0,0,0,0,0,0,0,0,0,0,0
2025,16,"00-0037197","I.Pacheco","RB","KC",0,0,0,0,0,0,0,0,0,8,34,0,0,0,6,7,41,0,0,0
2025,16,"00-0037228","J.Warren","RB","PIT",0,0,0,0,0,0,0,0,0,14,143,2,0,0,2,2,8,0,0,0
2025,16,"00-0037231","K.Austin","WR","NO",0,0,0,0,0,0,0,0,0,0,0,0,0,0,2,3,18,0,0,0
2025,16,"00-0037238","D.London","WR","ATL",0,0,0,0,0,0,0,0,0,0,0,0,0,0,3,8,27,0,0,0
2025,16,"00-0037239","C.Olave","WR","NO",0,0,0,0,0,0,0,0,0,0,0,0,0,0,10,16,148,2,0,0
2025,16,"00-0037240","J.Williams","WR","DET",0,0,0,0,0,0,0,0,0,0,0,0,0,0,5,9,70,0,0,0
2025,16,"00-0037247","G.Pickens","WR","DAL",0,0,0,0,0,0,0,0,0,0,0,0,0,0,7,9,130,1,0,0
2025,16,"00-0037248","J.Cook","RB","BUF",0,0,0,0,0,0,0,0,0,16,117,2,0,0,1,2,17,0,0,0
2025,16,"00-0037252","G.Dulcich","TE","MIA",0,0,0,0,0,0,0,0,0,0,0,0,0,0,3,3,46,0,1,0
2025,16,"00-0037256","R.White","RB","TB",0,0,0,0,0,0,0,0,0,5,45,0,0,0,2,2,15,0,0,0
2025,16,"00-0037261","K.Shakir","WR","BUF",0,0,0,0,0,0,0,0,0,0,0,0,0,0,4,5,34,0,0,0
2025,16,"00-0037263","T.Allgeier","RB","ATL",0,0,0,0,0,0,0,0,0,16,79,0,0,0,1,1,-6,0,0,0
2025,16,"00-0037291","J.Nailor","WR","MIN",0,0,0,0,0,0,0,0,0,0,0,0,0,0,0,2,0,0,0,0
2025,16,"00-0037292","A.Ogletree","TE","IND",0,0,0,0,0,0,0,0,0,0,0,0,0,0,1,2,11,0,0,0
2025,16,"00-0037306","J.FitzPatrick","TE","GB",0,0,0,0,0,0,0,0,0,0,0,0,0,0,0,1,0,0,0,0
2025,16,"00-0037324","C.Oladokun","QB","KC",11,16,111,0,0,4,-44,0,0,2,7,0,0,0,0,0,0,0,0,0
2025,16,"00-0037475","S.Smartt","TE","NYJ",0,0,0,0,0,0,0,0,0,0,0,0,0,0,5,5,34,0,0,0
2025,16,"00-0037487","D.Thompkins","WR","ATL",0,0,0,0,0,0,0,0,0,0,0,0,0,0,0,0,0,0,0,0
2025,16,"00-0037525","J.Mason","RB","MIN",0,0,0,0,0,0,0,0,0,2,5,0,0,0,1,1,6,0,0,0
2025,16,"00-0037545","R.Shaheed","WR","SEA",0,0,0,0,0,0,0,0,0,1,31,0,0,0,0,1,0,0,0,0
2025,16,"00-0037557","R.Rivers","RB","LA",0,0,0,0,0,0,0,0,0,0,0,0,0,0,0,0,0,0,0,0
2025,16,"00-0037563","M.Davis","RB","DAL",0,0,0,0,0,0,0,0,0,8,23,0,0,0,0,0,0,0,0,0
2025,16,"00-0037594","J.Chestnut","RB","TEN",0,0,0,0,0,0,0,0,0,1,1,0,0,0,0,0,0,0,0,0
2025,16,"00-0037614","J.Metchie","WR","NYJ",0,0,0,0,0,0,0,0,0,0,0,0,0,0,1,5,4,0,0,0
2025,16,"00-0037617","H.Haskins","RB","LAC",0,0,0,0,0,0,0,0,0,4,14,0,0,0,0,0,0,0,0,0
2025,16,"00-0037664","A.Pierce","WR","IND",0,0,0,0,0,0,0,0,0,0,0,0,0,0,4,4,86,2,0,0
2025,16,"00-0037741","J.Dotson","WR","PHI",0,0,0,0,0,0,0,0,0,0,0,0,0,0,3,3,13,0,0,0
2025,16,"00-0037742","T.Burks","WR","WAS",0,0,0,0,0,0,0,0,0,0,0,0,0,0,2,5,30,0,0,0
2025,16,"00-0037744","T.McBride","TE","ARI",0,0,0,0,0,0,0,0,0,0,0,0,0,0,4,8,27,0,0,0
2025,16,"00-0037746","B.Robinson","RB","SF",0,0,0,0,0,0,0,0,0,5,20,0,0,0,0,1,0,0,0,0
2025,16,"00-0037755","J.Woods","TE","NYJ",0,0,0,0,0,0,0,0,0,0,0,0,0,0,0,2,0,0,0,0
2025,16,"00-0037801","K.Turpin","WR","DAL",0,0,0,0,0,0,0,0,0,2,13,0,0,0,2,4,14,0,0,0
2025,16,"00-0037805","J.Ruckert","TE","NYJ",0,0,0,0,0,0,0,0,0,0,0,0,0,0,2,3,14,0,0,0
2025,16,"00-0037809","C.Okonkwo","TE","TEN",0,0,0,0,0,0,0,0,0,0,0,0,0,0,6,8,44,1,0,0
2025,16,"00-0037816","R.Doubs","WR","GB",0,0,0,0,0,0,0,0,0,0,0,0,0,0,5,6,84,1,0,0
2025,16,"00-0037834","B.Purdy","QB","SF",25,34,295,5,1,1,0,0,0,2,11,0,0,0,0,0,0,0,0,0
2025,16,"00-0037837","C.Austin","WR","PIT",0,0,0,0,0,0,0,0,0,0,0,0,0,0,1,1,8,0,0,0
2025,16,"00-0037838","I.Likely","TE","BAL",0,0,0,0,0,0,0,0,0,0,0,0,0,0,0,0,0,0,0,0
2025,16,"00-0037840","K.Williams","RB","LA",0,0,0,0,0,0,0,0,0,23,70,0,0,0,3,6,15,0,0,0
2025,16,"00-0038041","J.Ferguson","TE","DAL",0,0,0,0,0,0,0,0,0,0,0,0,0,0,3,4,19,0,0,0
2025,16,"00-0038046","C.Kolar","TE","BAL",0,0,0,0,0,0,0,0,0,0,0,0,0,0,1,1,18,0,0,0
2025,16,"00-0038090","S.Moore","WR","SF",0,0,0,0,0,0,0,0,0,0,0,0,0,0,1,1,23,0,0,0
2025,16,"00-0038117","W.Robinson","WR","NYG",0,0,0,0,0,0,0,0,0,1,3,0,0,0,3,6,19,0,0,0
2025,16,"00-0038120","B.Hall","RB","NYJ",0,0,0,0,0,0,0,0,0,16,54,0,0,0,2,3,9,0,0,0
2025,16,"00-0038124","C.Watson","WR","GB",0,0,0,0,0,0,0,0,0,0,0,0,0,0,2,6,17,0,0,0
2025,16,"00-0038128","M.Willis","QB","GB",9,11,121,1,0,2,-6,0,0,10,44,0,0,0,0,0,0,0,0,0
2025,16,"00-0038129","C.Otton","TE","TB",0,0,0,0,0,0,0,0,0,0,0,0,0,0,2,2,15,0,0,0
2025,16,"00-0038134","K.Walker","RB","SEA",0,0,0,0,0,0,0,0,0,11,100,1,0,0,3,3,64,0,0,0
2025,16,"00-0038359","X.Smith","WR","LA",0,0,0,0,0,0,0,0,0,0,0,0,0,0,2,2,57,0,0,0
2025,16,"00-0038393","D.Wicks","WR","GB",0,0,0,0,0,0,0,0,0,0,0,0,0,0,2,2,12,0,0,0
2025,16,"00-0038397","E.Hull","RB","NO",0,0,0,0,0,0,0,0,0,5,3,0,0,0,0,0,0,0,0,0
2025,16,"00-0038400","T.McKee","QB","PHI",0,0,0,0,0,0,0,0,0,2,-2,0,0,0,0,0,0,0,0,0
2025,16,"00-0038440","Z.Scott","RB","MIN",0,0,0,0,0,0,0,0,0,2,4,0,0,0,1,1,8,0,0,0
2025,16,"00-0038454","K.Mitchell","RB","BAL",0,0,0,0,0,0,0,0,0,9,13,0,0,0,0,0,0,0,0,0
2025,16,"00-0038488","B.Russell","RB","SEA",0,0,0,0,0,0,0,0,0,0,0,0,0,0,0,0,0,0,0,0
2025,16,"00-0038519","N.Remigio","WR","KC",0,0,0,0,0,0,0,0,0,0,0,0,0,0,0,0,0,0,0,0
2025,16,"00-0038542","B.Robinson","RB","ATL",0,0,0,0,0,0,0,0,0,16,76,0,0,0,7,11,92,1,0,0
2025,16,"00-0038543","J.Smith-Njigba","WR","SEA",0,0,0,0,0,0,0,0,0,0,0,0,0,0,8,13,96,1,0,0
2025,16,"00-0038544","Q.Johnston","WR","LAC",0,0,0,0,0,0,0,0,0,0,0,0,0,0,4,5,104,1,0,0
2025,16,"00-0038555","T.Bigsby","RB","PHI",0,0,0,0,0,0,0,0,0,4,37,1,0,0,0,0,0,0,0,0
2025,16,"00-0038558","D.Washington","TE","PIT",0,0,0,0,0,0,0,0,0,0,0,0,0,0,3,4,36,0,1,0
2025,16,"00-0038559","M.Wilson","WR","ARI",0,0,0,0,0,0,0,0,0,0,0,0,0,0,2,3,52,1,0,0
2025,16,"00-0038563","T.Tucker","WR","LV",0,0,0,0,0,0,0,0,0,2,11,0,0,0,4,5,43,0,0,0
2025,16,"00-0038597","C.Brown","RB","CIN",0,0,0,0,0,0,0,0,0,12,66,1,0,0,4,4,43,2,0,0
2025,16,"00-0038606","P.Washington","WR","JAX",0,0,0,0,0,0,0,0,0,0,0,0,0,0,6,10,145,1,0,0
2025,16,"00-0038608","K.Boutte","WR","NE",0,0,0,0,0,0,0,0,0,0,0,0,0,0,1,3,16,0,0,0
2025,16,"00-0038611","C.Rodriguez","RB","WAS",0,0,0,0,0,0,0,0,0,15,63,1,0,0,1,1,6,0,0,0
2025,16,"00-0038618","X.Hutchinson","WR","HOU",0,0,0,0,0,0,0,0,0,0,0,0,0,0,1,2,4,0,0,0
2025,16,"00-0038619","A.Iosivas","WR","CIN",0,0,0,0,0,0,0,0,0,0,0,0,0,0,1,1,21,0,0,0
2025,16,"00-0038621","D.Douglas","WR","NE",0,0,0,0,0,0,0,0,0,0,0,0,0,0,1,2,6,0,0,0
2025,16,"00-0038640","J.Brooks","WR","ARI",0,0,0,0,0,0,0,0,0,0,0,0,0,0,0,0,0,0,0,0
2025,16,"00-0038679","T.Shavers","WR","BUF",0,0,0,0,0,0,0,0,0,0,0,0,0,0,1,2,21,0,0,0
2025,16,"00-0038685","C.Brooks","RB","GB",0,0,0,0,0,0,0,0,0,1,4,0,0,0,0,0,0,0,0,0
2025,16,"00-0038705","E.Demercado","RB","ARI",0,0,0,0,0,0,0,0,0,5,30,0,0,0,0,1,0,0,0,0
2025,16,"00-0038738","H.Luepke","RB","DAL",0,0,0,0,0,0,0,0,0,1,0,0,0,0,1,2,14,0,0,0
2025,16,"00-0038783","N.Adkins","TE","DEN",0,0,0,0,0,0,0,0,0,0,0,0,0,0,0,1,0,0,0,0
2025,16,"00-0038794","J.McLaughlin","RB","DEN",0,0,0,0,0,0,0,0,0,5,37,0,0,0,0,0,0,0,0,0
2025,16,"00-0038797","E.Wilson","RB","GB",0,0,0,0,0,0,0,0,0,14,82,0,0,0,0,0,0,0,0,0
2025,16,"00-0038839","M.Tinsley","WR","CIN",0,0,0,0,0,0,0,0,0,0,0,0,0,0,0,1,0,0,0,0
2025,16,"00-0038840","B.Tremayne","WR","CAR",0,0,0,0,0,0,0,0,0,0,0,0,0,0,0,0,0,0,0,0
2025,16,"00-0038896","J.Saylors","RB","DET",0,0,0,0,0,0,0,0,0,0,0,0,0,0,0,0,0,0,0,0
2025,16,"00-0038933","D.Kincaid","TE","BUF",0,0,0,0,0,0,0,0,0,0,0,0,0,0,0,1,0,0,0,0
2025,16,"00-0038935","B.Strange","TE","JAX",0,0,0,0,0,0,0,0,0,0,0,0,0,0,5,7,39,1,0,0
2025,16,"00-0038951","S.Tucker","RB","TB",0,0,0,0,0,0,0,0,0,4,3,1,0,0,0,0,0,0,0,0
2025,16,"00-0038976","M.Mims","WR","DEN",0,0,0,0,0,0,0,0,0,1,3,0,0,0,3,3,26,0,0,0
2025,16,"00-0038979","C.Tillman","WR","CLE",0,0,0,0,0,0,0,0,0,0,0,0,0,0,1,1,8,0,0,0
2025,16,"00-0038994","J.Addison","WR","MIN",0,0,0,0,0,0,0,0,0,0,0,0,0,0,2,3,26,0,0,0
2025,16,"00-0038997","J.Downs","WR","IND",0,0,0,0,0,0,0,0,0,1,3,0,0,0,5,9,65,0,0,0
2025,16,"00-0039032","T.Spears","RB","TEN",0,0,0,0,0,0,0,0,0,13,52,1,0,0,5,5,53,0,0,0
2025,16,"00-0039040","D.Achane","RB","MIA",0,0,0,0,0,0,0,0,0,15,81,1,0,0,3,3,9,0,0,0
2025,16,"00-0039041","E.Higgins","TE","ARI",0,0,0,0,0,0,0,0,0,0,0,0,0,0,7,8,91,0,0,0
2025,16,"00-0039062","J.Mingo","WR","DAL",0,0,0,0,0,0,0,0,0,0,0,0,0,0,0,1,0,0,0,0
2025,16,"00-0039064","Z.Flowers","WR","BAL",0,0,0,0,0,0,0,0,0,1,18,1,0,0,7,7,84,0,1,0
2025,16,"00-0039066","M.Mayer","TE","LV",0,0,0,0,0,0,0,0,0,0,0,0,0,0,1,3,10,0,0,0
2025,16,"00-0039074","D.Allen","TE","LA",0,0,0,0,0,0,0,0,0,0,0,0,0,0,2,5,34,0,0,0
2025,16,"00-0039075","P.Nacua","WR","LA",0,0,0,0,0,0,0,0,0,0,0,0,0,0,12,16,225,2,0,0
2025,16,"00-0039139","J.Gibbs","RB","DET",0,0,0,0,0,0,0,0,0,7,2,0,0,0,10,13,66,1,0,0
2025,16,"00-0039144","L.Musgrave","TE","GB",0,0,0,0,0,0,0,0,0,0,0,0,0,0,3,3,38,0,0,0
2025,16,"00-0039146","J.Reed","WR","GB",0,0,0,0,0,0,0,0,0,1,6,0,0,0,3,3,35,0,0,0
2025,16,"00-0039150","B.Young","QB","CAR",21,32,191,2,0,2,-17,0,0,4,20,0,0,0,0,0,0,0,0,0
2025,16,"00-0039163","C.Stroud","QB","HOU",23,35,187,1,0,0,0,0,0,4,0,0,0,0,0,0,0,0,0,0
2025,16,"00-0039165","Z.Charbonnet","RB","SEA",0,0,0,0,0,0,0,0,0,9,32,1,0,1,4,4,22,0,0,0
2025,16,"00-0039338","B.Bowers","TE","LV",0,0,0,0,0,0,0,0,0,0,0,0,0,0,5,5,33,1,0,0
2025,16,"00-0039342","X.Legette","WR","CAR",0,0,0,0,0,0,0,0,0,0,0,0,0,0,1,3,12,0,0,0
2025,16,"00-0039356","J.Sanders","TE","CAR",0,0,0,0,0,0,0,0,0,0,0,0,0,0,2,2,9,1,0,0
2025,16,"00-0039359","C.Stover","TE","HOU",0,0,0,0,0,0,0,0,0,0,0,0,0,0,2,3,7,0,0,0
2025,16,"00-0039361","B.Irving","RB","TB",0,0,0,0,0,0,0,0,0,19,71,0,0,0,0,0,0,0,0,0
2025,16,"00-0039373","A.Estime","RB","NO",0,0,0,0,0,0,0,0,0,5,19,0,0,0,3,4,17,0,0,0
2025,16,"00-0039384","T.Tracy","RB","NYG",0,0,0,0,0,0,0,0,0,16,71,0,0,0,2,2,7,0,0,0
2025,16,"00-0039391","K.Vidal","RB","LAC",0,0,0,0,0,0,0,0,0,5,11,0,0,0,0,0,0,0,0,0
2025,16,"00-0039398","J.Milton","QB","DAL",2,2,11,0,0,0,0,0,0,1,7,0,1,0,0,0,0,0,0,0
2025,16,"00-0039405","J.Jordan","RB","HOU",0,0,0,0,0,0,0,0,0,15,53,0,0,0,5,5,17,0,0,0
2025,16,"00-0039407","D.Laube","RB","LV",0,0,0,0,0,0,0,0,0,0,0,0,0,0,0,0,0,0,0,0
2025,16,"00-0039410","R.Flournoy","WR","DAL",0,0,0,0,0,0,0,0,0,0,0,0,0,0,2,2,18,1,0,0
2025,16,"00-0039451","I.Williams","WR","NYJ",0,0,0,0,0,0,0,0,0,0,0,0,0,0,4,4,25,0,0,0
2025,16,"00-0039458","B.Bates","TE","CLE",0,0,0,0,0,0,0,0,0,0,0,0,0,0,0,1,0,0,0,0
2025,16,"00-0039491","J.Coker","WR","CAR",0,0,0,0,0,0,0,0,0,0,0,0,0,0,3,5,47,0,0,0
2025,16,"00-0039521","X.Weaver","WR","ARI",0,0,0,0,0,0,0,0,0,0,0,0,0,0,2,2,19,0,0,0
2025,16,"00-0039530","B.Spann-Ford","TE","DAL",0,0,0,0,0,0,0,0,0,0,0,0,0,0,0,0,0,0,0,0
2025,16,"00-0039589","K.Johnson","WR","TB",0,0,0,0,0,0,0,0,0,0,0,0,0,0,0,0,0,0,0,0
2025,16,"00-0039603","B.Brooks","RB","HOU",0,0,0,0,0,0,0,0,0,0,0,0,0,0,0,0,0,0,0,0
2025,16,"00-0039623","M.Tipton","WR","NO",0,0,0,0,0,0,0,0,0,1,12,0,0,0,4,5,29,0,0,0
2025,16,"00-0039631","C.Grandy","TE","CIN",0,0,0,0,0,0,0,0,0,0,0,0,0,0,1,1,1,0,0,0
2025,16,"00-0039648","D.Martin-Robinson","TE","TEN",0,0,0,0,0,0,0,0,0,0,0,0,0,0,0,0,0,0,0,0
2025,16,"00-0039732","B.Nix","QB","DEN",28,47,352,1,1,1,-8,0,0,4,11,0,1,0,0,0,0,0,0,0
2025,16,"00-0039738","B.Corum","RB","LA",0,0,0,0,0,0,0,0,0,14,48,1,0,0,1,2,13,0,0,0
2025,16,"00-0039746","W.Shipley","RB","PHI",0,0,0,0,0,0,0,0,0,0,0,0,0,0,1,1,3,0,0,0
2025,16,"00-0039751","J.Whittington","WR","LA",0,0,0,0,0,0,0,0,0,0,0,0,0,0,1,1,19,0,0,0
2025,16,"00-0039792","D.Walker","WR","BAL",0,0,0,0,0,0,0,0,0,0,0,0,0,0,0,0,0,0,0,0
2025,16,"00-0039793","A.Barner","TE","SEA",0,0,0,0,0,0,0,0,0,1,1,0,0,0,4,6,49,1,0,0
2025,16,"00-0039796","R.Ali","RB","BAL",0,0,0,0,0,0,0,0,0,0,0,0,0,0,2,2,2,0,0,0
2025,16,"00-0039798","I.Davis","RB","NYJ",0,0,0,0,0,0,0,0,0,3,8,0,0,0,4,4,52,0,0,0
2025,16,"00-0039847","T.Johnson","TE","NYG",0,0,0,0,0,0,0,0,0,0,0,0,0,0,0,2,0,0,0,0
2025,16,"00-0039849","M.Harrison","WR","ARI",0,0,0,0,0,0,0,0,0,0,0,0,0,0,1,3,14,0,0,0
2025,16,"00-0039851","D.Maye","QB","NE",31,44,380,2,1,3,-6,1,1,10,25,0,0,0,0,0,0,0,0,0
2025,16,"00-0039855","J.McMillan","WR","TB",0,0,0,0,0,0,0,0,0,1,1,0,0,0,2,3,15,0,0,0
2025,16,"00-0039868","T.Franklin","WR","DEN",0,0,0,0,0,0,0,0,0,0,0,0,0,0,4,5,66,0,0,0
2025,16,"00-0039874","J.Wright","RB","MIA",0,0,0,0,0,0,0,0,0,9,35,1,0,0,1,2,18,0,0,0
2025,16,"00-0039875","R.Davis","RB","BUF",0,0,0,0,0,0,0,0,0,3,14,0,0,0,2,2,20,0,0,0
2025,16,"00-0039880","M.Washington","WR","MIA",0,0,0,0,0,0,0,0,0,1,9,1,0,0,1,1,23,0,0,0
2025,16,"00-0039890","A.Mitchell","WR","NYJ",0,0,0,0,0,0,0,0,0,0,0,0,0,0,3,6,43,0,0,0
2025,16,"00-0039893","B.Thomas","WR","JAX",0,0,0,0,0,0,0,0,0,0,0,0,0,0,2,3,18,0,0,0
2025,16,"00-0039894","X.Worthy","WR","KC",0,0,0,0,0,0,0,0,0,1,0,0,0,0,2,3,41,0,0,0
2025,16,"00-0039912","B.Sinnott","TE","WAS",0,0,0,0,0,0,0,0,0,0,0,0,0,0,1,2,5,0,0,0
2025,16,"00-0039915","L.McConkey","WR","LAC",0,0,0,0,0,0,0,0,0,0,0,0,0,0,4,6,43,1,0,0
2025,16,"00-0039918","C.Williams","QB","CHI",19,34,250,2,0,0,0,0,0,3,30,0,0,0,0,0,0,0,0,0
2025,16,"00-0039920","M.Corley","WR","CLE",0,0,0,0,0,0,0,0,0,3,30,0,0,0,2,4,11,0,0,0
2025,16,"00-0039923","J.McCarthy","QB","MIN",9,14,108,0,1,3,-25,1,0,2,20,1,0,0,0,0,0,0,0,0
2025,16,"00-0040009","S.Williams","WR","GB",0,0,0,0,0,0,0,0,0,2,9,0,0,0,0,0,0,0,0,0
2025,16,"00-0040075","L.Wester","WR","BAL",0,0,0,0,0,0,0,0,0,0,0,0,0,0,0,0,0,0,0,0
2025,16,"00-0040078","B.Smith","RB","KC",0,0,0,0,0,0,0,0,0,0,0,0,0,0,1,1,4,0,0,0
2025,16,"00-0040122","A.Jeanty","RB","LV",0,0,0,0,0,0,0,0,0,24,128,1,0,0,1,2,60,1,0,0
2025,16,"00-0040124","T.McMillan","WR","CAR",0,0,0,0,0,0,0,0,0,0,0,0,0,0,6,10,73,1,0,0
2025,16,"00-0040126","C.Loveland","TE","CHI",0,0,0,0,0,0,0,0,0,0,0,0,0,0,3,5,30,0,0,0
2025,16,"00-0040128","T.Warren","TE","IND",0,0,0,0,0,0,0,0,0,0,0,0,0,0,3,9,30,0,0,0
2025,16,"00-0040129","E.Egbuka","WR","TB",0,0,0,0,0,0,0,0,0,0,0,0,0,0,1,2,40,0,0,0
2025,16,"00-0040130","J.Higgins","WR","HOU",0,0,0,0,0,0,0,0,0,0,0,0,0,0,1,3,17,0,0,0
2025,16,"00-0040131","K.Williams","WR","NE",0,0,0,0,0,0,0,0,0,0,0,0,0,0,2,3,46,1,0,0
2025,16,"00-0040134","P.Bryant","WR","DEN",0,0,0,0,0,0,0,0,0,0,0,0,0,0,5,8,42,0,0,0
2025,16,"00-0040138","J.Noel","WR","HOU",0,0,0,0,0,0,0,0,0,0,0,0,0,0,0,0,0,0,0,0
2025,16,"00-0040154","T.Felton","WR","MIN",0,0,0,0,0,0,0,0,0,0,0,0,0,0,1,1,6,0,0,0
2025,16,"00-0040164","J.Lane","WR","WAS",0,0,0,0,0,0,0,0,0,0,0,0,0,0,0,0,0,0,0,0
2025,16,"00-0040170","E.Ayomanor","WR","TEN",0,0,0,0,0,0,0,0,0,0,0,0,0,0,3,4,58,0,0,0
2025,16,"00-0040184","K.Lambert-Smith","WR","LAC",0,0,0,0,0,0,0,0,0,0,0,0,0,0,1,1,10,0,0,0
2025,16,"00-0040187","M.Evans","TE","CAR",0,0,0,0,0,0,0,0,0,0,0,0,0,0,3,3,23,0,0,0
2025,16,"00-0040189","O.Gadsden","TE","LAC",0,0,0,0,0,0,0,0,0,0,0,0,0,0,1,1,7,0,0,0
2025,16,"00-0040194","J.Hawes","TE","BUF",0,0,0,0,0,0,0,0,0,0,0,0,0,0,2,2,26,0,0,0
2025,16,"00-0040198","O.Gordon","RB","MIA",0,0,0,0,0,0,0,0,0,1,-1,0,0,0,0,0,0,0,0,0
2025,16,"00-0040205","K.Mullings","RB","TEN",0,0,0,0,0,0,0,0,0,1,0,0,0,0,0,0,0,0,0,0
2025,16,"00-0040206","R.Leonard","QB","IND",0,1,0,0,0,0,0,0,0,0,0,0,0,0,0,0,0,0,0,0
2025,16,"00-0040208","T.Brooks","RB","CIN",0,0,0,0,0,0,0,0,0,4,7,0,0,0,0,0,0,0,0,0
2025,16,"00-0040218","Ji.Horn","WR","CAR",0,0,0,0,0,0,0,0,0,1,25,0,0,0,0,0,0,0,0,0
2025,16,"00-0040234","Q.Ewers","QB","MIA",20,30,260,0,2,0,0,0,0,2,5,0,0,0,0,0,0,0,0,0
2025,16,"00-0040236","K.Monangai","RB","CHI",0,0,0,0,0,0,0,0,0,9,50,0,0,0,3,4,43,0,0,0
2025,16,"00-0040237","T.Johnson","WR","TB",0,0,0,0,0,0,0,0,0,0,0,0,0,0,1,1,-1,0,0,0
2025,16,"00-0040238","L.Allen","RB","JAX",0,0,0,0,0,0,0,0,0,4,10,0,0,0,0,0,0,0,0,0
2025,16,"00-0040242","J.Croskey-Merritt","RB","WAS",0,0,0,0,0,0,0,0,0,8,25,1,0,0,0,0,0,0,0,0
2025,16,"00-0040259","G.Larvadain","WR","CLE",0,0,0,0,0,0,0,0,0,0,0,0,0,0,0,0,0,0,0,0
2025,16,"00-0040277","J.Walker","WR","CHI",0,0,0,0,0,0,0,0,0,0,0,0,0,0,2,3,21,1,0,0
2025,16,"00-0040311","T.Wease","WR","MIA",0,0,0,0,0,0,0,0,0,0,0,0,0,0,2,4,32,0,0,0
2025,16,"00-0040352","C.Owen","WR","IND",0,0,0,0,0,0,0,0,0,0,0,0,0,0,0,1,0,0,0,0
2025,16,"00-0040398","B.Cook","QB","NYJ",22,35,188,0,1,8,-57,1,0,1,2,0,0,0,0,0,0,0,0,0
2025,16,"00-0040466","R.Sanders","RB","CLE",0,0,0,0,0,0,0,0,0,11,42,0,0,0,1,1,4,0,0,0
2025,16,"00-0040488","C.Runyon","TE","LV",0,0,0,0,0,0,0,0,0,0,0,0,0,0,0,0,0,0,0,0
2025,16,"00-0040494","M.Brosmer","QB","MIN",7,9,52,0,0,1,-9,0,0,3,-3,0,0,0,0,0,0,0,0,0
2025,16,"00-0040506","M.Price","WR","MIN",0,0,0,0,0,0,0,0,0,0,0,0,0,0,0,0,0,0,0,0
2025,16,"00-0040534","K.Williams","WR","CIN",0,0,0,0,0,0,0,0,0,1,1,0,0,0,0,0,0,0,0,0
2025,16,"00-0040556","C.Kiner","RB","ARI",0,0,0,0,0,0,0,0,0,6,32,0,0,0,0,0,0,0,0,0
2025,16,"00-0040582","A.Smith","WR","NYJ",0,0,0,0,0,0,0,0,0,0,0,0,0,0,0,1,0,0,0,0
2025,16,"00-0040584","G.Helm","TE","TEN",0,0,0,0,0,0,0,0,0,0,0,0,0,0,2,3,9,0,0,0
2025,16,"00-0040590","K.Mumpfield","WR","LA",0,0,0,0,0,0,0,0,0,0,0,0,0,0,3,8,40,0,0,0
2025,16,"00-0040644","T.Etienne","RB","CAR",0,0,0,0,0,0,0,0,0,0,0,0,0,0,0,0,0,0,0,0
2025,16,"00-0040663","H.Fannin","TE","CLE",0,0,0,0,0,0,0,0,0,1,1,1,0,0,4,6,34,1,0,0
2025,16,"00-0040666","O.Hampton","RB","LAC",0,0,0,0,0,0,0,0,0,16,85,1,0,0,1,2,10,0,0,0
2025,16,"00-0040667","M.Golden","WR","GB",0,0,0,0,0,0,0,0,0,2,4,0,0,0,0,1,0,0,0,0
2025,16,"00-0040668","S.Sanders","QB","CLE",20,29,157,1,2,2,-21,0,0,4,49,0,0,0,0,0,0,0,0,0
2025,16,"00-0040669","I.TeSlaa","WR","DET",0,0,0,0,0,0,0,0,0,0,0,0,0,0,4,7,52,1,0,0
2025,16,"00-0040676","C.Ward","QB","TEN",21,28,228,2,0,2,-16,0,0,4,9,0,0,0,0,0,0,0,0,0
2025,16,"00-0040691","J.Dart","QB","NYG",7,13,33,0,1,5,-20,0,0,2,7,0,0,0,0,0,0,0,0,0
2025,16,"00-0040704","D.Gabriel","QB","CLE",0,0,0,0,0,1,-2,0,0,0,0,0,0,0,0,0,0,0,0,0
2025,16,"00-0040705","C.Dike","WR","TEN",0,0,0,0,0,0,0,0,0,0,0,0,0,0,3,5,40,1,0,0
2025,16,"00-0040727","T.Harris","WR","LAC",0,0,0,0,0,0,0,0,0,0,0,0,0,0,4,5,54,0,0,0
2025,16,"00-0040729","J.Bech","WR","LV",0,0,0,0,0,0,0,0,0,0,0,0,0,0,2,3,43,0,0,0
2025,16,"00-0040730","R.Harvey","RB","DEN",0,0,0,0,0,0,0,0,0,7,50,1,0,0,4,5,71,0,0,0
2025,16,"00-0040734","T.Henderson","RB","NE",0,0,0,0,0,0,0,0,0,5,3,0,0,0,1,1,9,0,0,0
2025,16,"00-0040737","T.Ferguson","TE","LA",0,0,0,0,0,0,0,0,0,0,0,0,0,0,3,4,33,1,0,0
2025,16,"00-0040743","T.Shough","QB","NO",32,49,308,1,0,3,-18,0,0,2,8,0,0,0,0,0,0,0,0,0
2025,16,"00-0040782","I.Bond","WR","CLE",0,0,0,0,0,0,0,0,0,1,-1,0,0,0,0,0,21,0,0,0
2025,16,"00-0040784","Q.Judkins","RB","CLE",0,0,0,0,0,0,0,0,0,8,22,0,0,0,5,6,29,0,0,0
2025,17,"00-0022942","P.Rivers","QB","IND",17,30,147,1,1,2,-12,0,0,1,-1,0,0,0,0,0,0,0,0,0
2025,17,"00-0023459","A.Rodgers","QB","PIT",21,39,168,0,0,2,-8,0,0,1,6,0,0,0,0,0,0,0,0,0
2025,17,"00-0026158","J.Flacco","QB","CIN",3,5,24,0,0,0,0,0,0,4,2,0,0,0,0,0,0,0,0,0
2025,17,"00-0026300","J.Johnson","QB","WAS",15,23,198,0,0,1,-8,0,0,2,10,0,0,0,0,0,0,0,0,0
2025,17,"00-0026498","M.Stafford","QB","LA",22,38,269,2,3,3,-21,0,0,0,0,0,0,0,0,0,0,0,0,0
2025,17,"00-0029604","K.Cousins","QB","ATL",13,20,126,1,0,0,0,0,0,1,1,0,0,0,0,0,0,0,0,0
2025,17,"00-0030035","A.Thielen","WR","PIT",0,0,0,0,0,0,0,0,0,0,0,0,0,0,2,5,14,0,0,0
2025,17,"00-0030279","K.Allen","WR","LAC",0,0,0,0,0,0,0,0,0,0,0,0,0,0,1,3,17,0,0,0
2025,17,"00-0030506","T.Kelce","TE","KC",0,0,0,0,0,0,0,0,0,0,0,0,0,0,5,6,36,0,0,0
2025,17,"00-0030564","D.Hopkins","WR","BAL",0,0,0,0,0,0,0,0,0,0,0,0,0,0,0,1,0,0,0,0
2025,17,"00-0030565","G.Smith","QB","LV",20,28,176,1,2,3,-24,0,0,1,1,0,0,0,0,0,0,0,0,0
2025,17,"00-0031236","B.Cooks","WR","BUF",0,0,0,0,0,0,0,0,0,0,0,0,0,0,4,6,101,0,0,0
2025,17,"00-0031408","M.Evans","WR","TB",0,0,0,0,0,0,0,0,0,0,0,0,0,0,3,7,31,1,0,0
2025,17,"00-0031588","S.Diggs","WR","NE",0,0,0,0,0,0,0,0,0,0,0,0,0,0,6,6,101,1,0,0
2025,17,"00-0031610","D.Waller","TE","MIA",0,0,0,0,0,0,0,0,0,0,0,0,0,0,1,3,0,0,0,0
2025,17,"00-0032104","A.Abdullah","RB","IND",0,0,0,0,0,0,0,0,0,0,0,0,0,0,1,1,4,0,0,0
2025,17,"00-0032211","T.Lockett","WR","LV",0,0,0,0,0,0,0,0,0,0,0,0,0,0,2,3,9,1,0,0
2025,17,"00-0032392","A.Hooper","TE","NE",0,0,0,0,0,0,0,0,0,0,0,0,0,0,2,2,11,1,0,0
2025,17,"00-0032398","C.Moore","WR","WAS",0,0,0,0,0,0,0,0,0,0,0,0,0,0,1,1,15,0,0,0
2025,17,"00-0032464","K.Raymond","WR","DET",0,0,0,0,0,0,0,0,0,0,0,0,0,0,1,2,5,0,0,0
2025,17,"00-0032764","D.Henry","RB","BAL",0,0,0,0,0,0,0,0,0,36,216,4,0,0,0,0,0,0,0,0
2025,17,"00-0032775","D.Robinson","WR","SF",0,0,0,0,0,0,0,0,0,0,0,0,0,0,2,2,30,0,0,0
2025,17,"00-0032951","L.Treadwell","WR","IND",0,0,0,0,0,0,0,0,0,0,0,0,0,0,0,0,0,0,0,0
2025,17,"00-0033077","D.Prescott","QB","DAL",19,37,307,2,0,6,-38,0,0,4,24,0,0,0,0,0,0,0,0,0
2025,17,"00-0033090","H.Henry","TE","NE",0,0,0,0,0,0,0,0,0,0,0,0,0,0,3,3,49,1,0,0
2025,17,"00-0033106","J.Goff","QB","DET",18,29,197,1,2,5,-34,1,0,3,2,0,2,0,0,0,0,0,0,0
2025,17,"00-0033119","J.Brissett","QB","ARI",21,37,212,2,0,4,-21,0,0,0,0,0,0,0,0,0,0,0,0,0
2025,17,"00-0033217","M.Alie-Cox","TE","IND",0,0,0,0,0,0,0,0,0,0,0,0,0,0,3,3,20,1,0,0
2025,17,"00-0033246","J.Mundt","TE","JAX",0,0,0,0,0,0,0,0,0,0,0,0,0,0,0,1,0,0,0,0
2025,17,"00-0033280","C.McCaffrey","RB","SF",0,0,0,0,0,0,0,0,0,23,140,1,0,0,4,6,41,0,0,0
2025,17,"00-0033293","A.Jones","RB","MIN",0,0,0,0,0,0,0,0,0,18,53,1,0,0,3,4,10,0,0,0
2025,17,"00-0033307","K.Bourne","WR","SF",0,0,0,0,0,0,0,0,0,0,0,0,0,0,1,1,25,0,0,0
2025,17,"00-0033357","T.Hill","TE","NO",0,0,0,0,0,0,0,0,0,3,0,0,0,0,0,0,0,0,0,0
2025,17,"00-0033375","T.Patrick","WR","JAX",0,0,0,0,0,0,0,0,0,0,0,0,0,0,0,1,0,0,0,0
2025,17,"00-0033376","P.Ricard","RB","BAL",0,0,0,0,0,0,0,0,0,0,0,0,0,0,0,0,0,0,0,0
2025,17,"00-0033455","A.Firkser","TE","DET",0,0,0,0,0,0,0,0,0,0,0,0,0,0,0,1,0,0,0,0
2025,17,"00-0033526","S.Perine","RB","CIN",0,0,0,0,0,0,0,0,0,3,5,1,0,0,1,1,8,0,0,0
2025,17,"00-0033576","E.Saubert","TE","SEA",0,0,0,0,0,0,0,0,0,0,0,0,0,0,0,2,0,0,0,0
2025,17,"00-0033857","J.Smith-Schuster","WR","KC",0,0,0,0,0,0,0,0,0,0,0,0,0,0,3,3,16,0,0,0
2025,17,"00-0033858","J.Smith","TE","PIT",0,0,0,0,0,0,0,0,0,2,9,0,0,0,5,5,18,0,0,0
2025,17,"00-0033881","E.Engram","TE","DEN",0,0,0,0,0,0,0,0,0,0,0,0,0,0,4,4,21,0,0,0
2025,17,"00-0033908","C.Kupp","WR","SEA",0,0,0,0,0,0,0,0,0,0,0,0,0,0,1,3,6,0,0,0
2025,17,"00-0033921","C.Godwin","WR","TB",0,0,0,0,0,0,0,0,0,0,0,0,0,0,7,8,108,1,0,0
2025,17,"00-0033923","K.Hunt","RB","KC",0,0,0,0,0,0,0,0,0,7,38,0,0,0,0,0,0,0,0,0
2025,17,"00-0033949","J.Dobbs","QB","NE",3,4,30,0,0,0,0,0,0,2,-1,0,0,0,0,0,0,0,0,0
2025,17,"00-0033955","J.McNichols","RB","WAS",0,0,0,0,0,0,0,0,0,1,-2,0,0,0,3,3,12,0,0,0
2025,17,"00-0034054","R.Cracraft","WR","WAS",0,0,0,0,0,0,0,0,0,0,0,0,0,0,0,0,0,0,0,0
2025,17,"00-0034159","W.Dissly","TE","LAC",0,0,0,0,0,0,0,0,0,0,0,0,0,0,2,2,19,0,0,0
2025,17,"00-0034272","M.Valdes-Scantling","WR","PIT",0,0,0,0,0,0,0,0,0,0,0,0,0,0,3,9,21,0,0,0
2025,17,"00-0034348","C.Sutton","WR","DEN",0,0,0,0,0,0,0,0,0,0,0,0,0,0,4,10,40,0,0,0
2025,17,"00-0034351","D.Goedert","TE","PHI",0,0,0,0,0,0,0,0,0,0,0,0,0,0,3,6,8,1,0,0
2025,17,"00-0034383","D.Schultz","TE","HOU",0,0,0,0,0,0,0,0,0,0,0,0,0,0,3,4,19,0,0,0
2025,17,"00-0034418","C.Wilson","WR","MIA",0,0,0,0,0,0,0,0,0,0,0,0,0,0,1,2,8,0,0,0
2025,17,"00-0034613","T.Hudson","TE","CIN",0,0,0,0,0,0,0,0,0,0,0,0,0,0,2,2,31,0,0,0
2025,17,"00-0034681","C.Edmonds","RB","WAS",0,0,0,0,0,0,0,0,0,0,0,0,0,0,0,0,0,0,0,0
2025,17,"00-0034753","M.Andrews","TE","BAL",0,0,0,0,0,0,0,0,0,0,0,0,0,0,4,4,28,0,0,0
2025,17,"00-0034775","C.Kirk","WR","HOU",0,0,0,0,0,0,0,0,0,0,0,0,0,0,2,5,1,0,0,0
2025,17,"00-0034791","N.Chubb","RB","HOU",0,0,0,0,0,0,0,0,0,1,1,0,0,0,0,0,0,0,0,0
2025,17,"00-0034798","D.Smythe","TE","CHI",0,0,0,0,0,0,0,0,0,0,0,0,0,0,1,1,11,0,0,0
2025,17,"00-0034827","D.Moore","WR","CHI",0,0,0,0,0,0,0,0,0,0,0,0,0,0,1,4,7,0,0,0
2025,17,"00-0034829","M.Gesicki","TE","CIN",0,0,0,0,0,0,0,0,0,0,0,0,0,0,2,2,47,0,0,0
2025,17,"00-0034844","S.Barkley","RB","PHI",0,0,0,0,0,0,0,0,0,19,68,0,0,0,0,0,0,0,0,0
2025,17,"00-0034855","B.Mayfield","QB","TB",33,44,346,2,2,3,-19,1,0,3,16,0,0,0,0,0,0,0,0,0
2025,17,"00-0034857","J.Allen","QB","BUF",23,35,262,0,0,5,-51,1,0,7,27,2,0,0,0,0,0,0,0,0
2025,17,"00-0034860","D.Pettis","WR","NO",0,0,0,0,0,0,0,0,0,0,0,0,0,0,3,4,53,0,1,0
2025,17,"00-0034869","S.Darnold","QB","SEA",18,27,147,1,1,3,-22,1,0,3,2,0,0,0,0,0,0,0,0,0
2025,17,"00-0034928","S.Sims","WR","ARI",0,0,0,0,0,0,0,0,0,0,0,0,0,0,0,0,0,0,0,0
2025,17,"00-0034960","J.Meyers","WR","JAX",0,0,0,0,0,0,0,0,0,0,0,0,0,0,6,9,39,0,1,0
2025,17,"00-0035021","A.Dulin","WR","IND",0,0,0,0,0,0,0,0,0,0,0,0,0,0,0,0,0,0,0,0
2025,17,"00-0035249","J.Oliver","TE","MIN",0,0,0,0,0,0,0,0,0,0,0,0,0,0,1,2,8,0,0,0
2025,17,"00-0035250","D.Singletary","RB","NYG",0,0,0,0,0,0,0,0,0,8,45,1,0,0,4,4,25,0,0,0
2025,17,"00-0035261","T.Pollard","RB","TEN",0,0,0,0,0,0,0,0,0,18,85,0,0,0,2,2,10,0,0,0
2025,17,"00-0035291","T.Williams","RB","CLE",0,0,0,0,0,0,0,0,0,2,10,0,0,0,0,0,0,0,0,0
2025,17,"00-0035298","S.Miller","WR","PIT",0,0,0,0,0,0,0,0,0,0,0,0,0,0,3,7,25,0,0,0
2025,17,"00-0035359","D.Sills","WR","ATL",0,0,0,0,0,0,0,0,0,0,0,0,0,0,3,4,37,0,0,0
2025,17,"00-0035406","L.Humphrey","WR","DEN",0,0,0,0,0,0,0,0,0,0,0,0,0,0,2,5,23,0,0,0
2025,17,"00-0035535","D.Slayton","WR","NYG",0,0,0,0,0,0,0,0,0,0,0,0,0,0,2,3,36,0,0,0
2025,17,"00-0035537","Ty.Johnson","RB","BUF",0,0,0,0,0,0,0,0,0,5,15,0,0,0,3,4,33,0,0,0
2025,17,"00-0035544","T.Kennedy","WR","DET",0,0,0,0,0,0,0,0,0,0,0,0,0,0,0,0,0,0,0,0
2025,17,"00-0035594","T.Homer","RB","CHI",0,0,0,0,0,0,0,0,0,0,0,0,0,0,0,0,0,0,0,0
2025,17,"00-0035602","A.Bachman","WR","LV",0,0,0,0,0,0,0,0,0,0,0,0,0,0,0,0,0,0,0,0
2025,17,"00-0035628","D.Johnson","RB","NE",0,0,0,0,0,0,0,0,0,4,5,0,0,0,0,0,0,0,0,0
2025,17,"00-0035631","D.Sample","TE","CIN",0,0,0,0,0,0,0,0,0,0,0,0,0,0,1,1,8,0,0,0
2025,17,"00-0035644","N.Fant","TE","CIN",0,0,0,0,0,0,0,0,0,0,0,0,0,0,0,1,0,0,0,0
2025,17,"00-0035645","G.Olszewski","WR","NYG",0,0,0,0,0,0,0,0,0,0,0,0,0,0,1,1,19,0,0,0
2025,17,"00-0035659","T.McLaurin","WR","WAS",0,0,0,0,0,0,0,0,0,0,0,0,0,0,5,7,63,0,0,0
2025,17,"00-0035662","M.Brown","WR","KC",0,0,0,0,0,0,0,0,0,0,0,0,0,0,1,3,7,0,0,0
2025,17,"00-0035676","A.Brown","WR","PHI",0,0,0,0,0,0,0,0,0,0,0,0,0,0,5,7,68,0,0,0
2025,17,"00-0035685","D.Montgomery","RB","DET",0,0,0,0,0,0,0,0,0,10,25,0,0,0,2,2,15,0,0,0
2025,17,"00-0035689","D.Knox","TE","BUF",0,0,0,0,0,0,0,0,0,0,0,0,0,0,5,5,30,0,0,0
2025,17,"00-0035700","J.Jacobs","RB","GB",0,0,0,0,0,0,0,0,0,4,3,0,0,0,1,1,0,0,0,0
2025,17,"00-0035719","D.Samuel","WR","WAS",0,0,0,0,0,0,0,0,0,2,25,0,0,0,2,4,68,0,0,0
2025,17,"00-0035956","G.Ricci","TE","DET",0,0,0,0,0,0,0,0,0,0,0,0,0,0,0,1,0,0,0,0
2025,17,"00-0035993","T.Huntley","QB","BAL",16,20,107,1,0,1,0,0,0,8,60,0,0,0,0,0,0,0,0,0
2025,17,"00-0036040","J.Johnson","TE","NO",0,0,0,0,0,0,0,0,0,0,0,0,0,0,4,4,95,0,0,0
2025,17,"00-0036133","J.Proche","WR","TEN",0,0,0,0,0,0,0,0,0,0,0,0,0,0,1,5,5,0,0,0
2025,17,"00-0036139","R.Dowdle","RB","CAR",0,0,0,0,0,0,0,0,0,12,59,0,0,0,3,5,4,0,0,0
2025,17,"00-0036165","I.Hodgins","WR","NYG",0,0,0,0,0,0,0,0,0,0,0,0,0,0,1,2,8,0,0,0
2025,17,"00-0036176","M.Kinsey","WR","TEN",0,0,0,0,0,0,0,0,0,0,0,0,0,0,1,1,34,0,0,0
2025,17,"00-0036187","R.Gilliam","RB","BUF",0,0,0,0,0,0,0,0,0,0,0,0,0,0,0,0,0,0,0,0
2025,17,"00-0036196","G.Davis","WR","BUF",0,0,0,0,0,0,0,0,0,0,0,0,0,0,0,1,0,0,0,0
2025,17,"00-0036223","J.Taylor","RB","IND",0,0,0,0,0,0,0,0,0,21,70,1,0,0,3,6,14,0,0,0
2025,17,"00-0036244","C.Parkinson","TE","LA",0,0,0,0,0,0,0,0,0,0,0,0,0,0,6,7,53,0,0,0
2025,17,"00-0036252","M.Pittman","WR","IND",0,0,0,0,0,0,0,0,0,0,0,0,0,0,2,3,16,0,0,0
2025,17,"00-0036259","J.Jennings","WR","SF",0,0,0,0,0,0,0,0,0,0,0,0,0,0,2,4,42,1,0,0
2025,17,"00-0036275","D.Swift","RB","CHI",0,0,0,0,0,0,0,0,0,9,54,2,0,0,2,3,25,0,0,0
2025,17,"00-0036290","C.Kmet","TE","CHI",0,0,0,0,0,0,0,0,0,0,0,0,0,0,2,3,16,0,0,0
2025,17,"00-0036309","D.Mooney","WR","ATL",0,0,0,0,0,0,0,0,0,0,0,0,0,0,2,3,35,0,0,0
2025,17,"00-0036322","J.Jefferson","WR","MIN",0,0,0,0,0,0,0,0,0,0,0,0,0,0,4,5,30,0,0,0
2025,17,"00-0036331","D.Duvernay","WR","CHI",0,0,0,0,0,0,0,0,0,0,0,0,0,0,0,1,0,0,0,0
2025,17,"00-0036332","J.Deguara","TE","ARI",0,0,0,0,0,0,0,0,0,0,0,0,0,0,0,0,0,0,0,0
2025,17,"00-0036355","J.Herbert","QB","LAC",21,32,236,1,1,5,-35,0,0,6,37,0,0,0,0,0,0,0,0,0
2025,17,"00-0036358","C.Lamb","WR","DAL",0,0,0,0,0,0,0,0,0,0,0,0,0,0,5,10,46,0,0,0
2025,17,"00-0036389","J.Hurts","QB","PHI",13,27,110,1,0,1,-2,0,0,3,5,0,0,0,0,0,0,0,0,0
2025,17,"00-0036407","J.Jeudy","WR","CLE",0,0,0,0,0,0,0,0,0,0,0,0,0,0,5,7,54,0,0,0
2025,17,"00-0036410","T.Higgins","WR","CIN",0,0,0,0,0,0,0,0,0,0,0,0,0,0,4,5,59,0,0,0
2025,17,"00-0036414","C.Akers","RB","SEA",0,0,0,0,0,0,0,0,0,0,0,0,0,0,0,0,0,0,0,0
2025,17,"00-0036415","V.Jefferson","WR","TEN",0,0,0,0,0,0,0,0,0,0,0,0,0,0,3,3,46,0,0,0
2025,17,"00-0036422","A.Trautman","TE","DEN",0,0,0,0,0,0,0,0,0,0,0,0,0,0,2,2,24,0,0,0
2025,17,"00-0036425","D.Dallas","RB","JAX",0,0,0,0,0,0,0,0,0,2,21,0,0,0,0,1,0,0,0,0
2025,17,"00-0036427","T.Johnson","WR","NYJ",0,0,0,0,0,0,0,0,0,0,0,0,0,0,1,1,3,0,0,0
2025,17,"00-0036429","C.Woerner","TE","ATL",0,0,0,0,0,0,0,0,0,0,0,0,0,0,0,0,0,0,0,0
2025,17,"00-0036442","J.Burrow","QB","CIN",24,31,305,2,0,3,-20,0,0,3,2,0,0,0,0,0,0,0,0,0
2025,17,"00-0036463","C.Blair","WR","ATL",0,0,0,0,0,0,0,0,0,0,0,0,0,0,0,0,0,0,0,0
2025,17,"00-0036550","R.Bateman","WR","BAL",0,0,0,0,0,0,0,0,0,0,0,0,0,0,1,1,7,0,0,0
2025,17,"00-0036554","N.Collins","WR","HOU",0,0,0,0,0,0,0,0,0,0,0,0,0,0,3,4,57,0,0,0
2025,17,"00-0036555","C.Hubbard","RB","CAR",0,0,0,0,0,0,0,0,0,4,12,0,1,0,3,3,6,0,0,0
2025,17,"00-0036590","Q.Morris","TE","JAX",0,0,0,0,0,0,0,0,0,0,0,0,0,0,0,0,0,0,0,0
2025,17,"00-0036613","J.Waddle","WR","MIA",0,0,0,0,0,0,0,0,0,1,7,0,0,0,0,1,0,0,0,0
2025,17,"00-0036637","N.Gray","TE","KC",0,0,0,0,0,0,0,0,0,0,0,0,0,0,1,1,2,0,0,0
2025,17,"00-0036755","J.Patterson","RB","LAC",0,0,0,0,0,0,0,0,0,1,1,0,0,0,0,0,0,0,0,0
2025,17,"00-0036842","K.Nwangwu","RB","NYJ",0,0,0,0,0,0,0,0,0,6,31,0,0,0,0,0,0,0,0,0
2025,17,"00-0036849","T.Atwell","WR","LA",0,0,0,0,0,0,0,0,0,0,0,0,0,0,0,1,0,0,0,0
2025,17,"00-0036875","R.Stevenson","RB","NE",0,0,0,0,0,0,0,0,0,8,47,1,0,0,5,5,55,1,0,0
2025,17,"00-0036876","K.Granson","TE","PHI",0,0,0,0,0,0,0,0,0,0,0,0,0,0,0,0,0,0,0,0
2025,17,"00-0036894","P.Freiermuth","TE","PIT",0,0,0,0,0,0,0,0,0,0,0,0,0,0,3,5,63,0,0,0
2025,17,"00-0036900","J.Chase","WR","CIN",0,0,0,0,0,0,0,0,0,0,0,0,0,0,7,9,60,2,0,0
2025,17,"00-0036906","K.Herbert","RB","NYJ",0,0,0,0,0,0,0,0,0,2,5,0,0,0,0,1,0,0,0,0
2025,17,"00-0036912","D.Smith","WR","PHI",0,0,0,0,0,0,0,0,0,0,0,0,0,0,2,5,25,0,0,0
2025,17,"00-0036919","K.Gainwell","RB","PIT",0,0,0,0,0,0,0,0,0,7,26,0,0,0,3,4,12,0,0,0
2025,17,"00-0036924","M.Carter","RB","ARI",0,0,0,0,0,0,0,0,0,7,29,0,0,0,2,4,14,0,0,0
2025,17,"00-0036959","M.Bandy","WR","DEN",0,0,0,0,0,0,0,0,0,0,0,0,0,0,2,2,14,0,0,0
2025,17,"00-0036963","A.St. Brown","WR","DET",0,0,0,0,0,0,0,0,0,0,0,0,0,0,8,13,68,0,0,0
2025,17,"00-0036970","K.Pitts","TE","ATL",0,0,0,0,0,0,0,0,0,0,0,0,0,0,2,3,16,0,0,0
2025,17,"00-0036971","T.Lawrence","QB","JAX",23,37,263,0,1,2,-14,0,0,8,26,2,0,0,0,0,0,0,0,0
2025,17,"00-0036973","T.Etienne","RB","JAX",0,0,0,0,0,0,0,0,0,17,76,0,0,0,2,3,16,0,0,0
2025,17,"00-0036988","J.Palmer","WR","BUF",0,0,0,0,0,0,0,0,0,0,0,0,0,0,1,2,12,0,0,0
2025,17,"00-0036997","J.Williams","RB","DAL",0,0,0,0,0,0,0,0,0,13,54,1,0,0,0,2,0,0,0,0
2025,17,"00-0037005","T.Tremble","TE","CAR",0,0,0,0,0,0,0,0,0,0,0,0,0,0,1,1,6,0,0,0
2025,17,"00-0037015","S.Cannella","TE","CLE",0,0,0,0,0,0,0,0,0,0,0,0,0,0,2,4,11,0,0,0
2025,17,"00-0037085","T.Badie","RB","DEN",0,0,0,0,0,0,0,0,0,0,0,0,0,0,0,0,0,0,0,0
2025,17,"00-0037086","G.Calcaterra","TE","PHI",0,0,0,0,0,0,0,0,0,0,0,0,0,0,1,1,3,0,0,0
2025,17,"00-0037091","B.Melton","WR","GB",0,0,0,0,0,0,0,0,0,0,0,0,0,0,1,3,34,0,0,0
2025,17,"00-0037093","D.Young","WR","SEA",0,0,0,0,0,0,0,0,0,0,0,0,0,0,0,1,0,0,0,0
2025,17,"00-0037112","J.Tonges","TE","SF",0,0,0,0,0,0,0,0,0,0,0,0,0,0,7,9,60,1,0,0
2025,17,"00-0037132","B.Covey","WR","PHI",0,0,0,0,0,0,0,0,0,0,0,0,0,0,0,0,0,0,0,0
2025,17,"00-0037197","I.Pacheco","RB","KC",0,0,0,0,0,0,0,0,0,9,32,0,0,0,0,0,0,0,0,0
2025,17,"00-0037228","J.Warren","RB","PIT",0,0,0,0,0,0,0,0,0,12,64,0,0,0,0,0,0,0,0,0
2025,17,"00-0037231","K.Austin","WR","NO",0,0,0,0,0,0,0,0,0,0,0,0,0,0,4,5,52,1,0,0
2025,17,"00-0037238","D.London","WR","ATL",0,0,0,0,0,0,0,0,0,0,0,0,0,0,1,2,4,0,0,0
2025,17,"00-0037239","C.Olave","WR","NO",0,0,0,0,0,0,0,0,0,0,0,0,0,0,8,11,119,1,0,0
2025,17,"00-0037240","J.Williams","WR","DET",0,0,0,0,0,0,0,0,0,0,0,0,0,0,2,3,37,0,0,0
2025,17,"00-0037247","G.Pickens","WR","DAL",0,0,0,0,0,0,0,0,0,0,0,0,0,0,4,5,78,0,0,0
2025,17,"00-0037248","J.Cook","RB","BUF",0,0,0,0,0,0,0,0,0,20,74,0,0,0,1,4,3,0,0,0
2025,17,"00-0037252","G.Dulcich","TE","MIA",0,0,0,0,0,0,0,0,0,1,-7,0,0,0,5,6,58,1,0,0
2025,17,"00-0037256","R.White","RB","TB",0,0,0,0,0,0,0,0,0,2,10,0,0,0,2,2,7,0,0,0
2025,17,"00-0037261","K.Shakir","WR","BUF",0,0,0,0,0,0,0,0,0,0,0,0,0,0,6,7,35,0,0,0
2025,17,"00-0037263","T.Allgeier","RB","ATL",0,0,0,0,0,0,0,0,0,10,23,0,0,0,0,0,0,0,0,0
2025,17,"00-0037276","T.Chandler","RB","MIN",0,0,0,0,0,0,0,0,0,7,24,0,0,0,0,0,0,0,0,0
2025,17,"00-0037277","T.Quitoriano","TE","ATL",0,0,0,0,0,0,0,0,0,0,0,0,0,0,0,0,0,0,0,0
2025,17,"00-0037291","J.Nailor","WR","MIN",0,0,0,0,0,0,0,0,0,0,0,0,0,0,0,1,0,0,0,0
2025,17,"00-0037324","C.Oladokun","QB","KC",13,22,66,1,0,1,-9,0,0,2,11,0,0,0,0,0,0,0,0,0
2025,17,"00-0037475","S.Smartt","TE","NYJ",0,0,0,0,0,0,0,0,0,0,0,0,0,0,2,3,18,0,0,0
2025,17,"00-0037487","D.Thompkins","WR","ATL",0,0,0,0,0,0,0,0,0,0,0,0,0,0,0,0,0,0,0,0
2025,17,"00-0037545","R.Shaheed","WR","SEA",0,0,0,0,0,0,0,0,0,0,0,0,0,0,1,1,8,0,0,0
2025,17,"00-0037557","R.Rivers","RB","LA",0,0,0,0,0,0,0,0,0,1,5,0,0,0,0,0,0,0,0,0
2025,17,"00-0037563","M.Davis","RB","DAL",0,0,0,0,0,0,0,0,0,20,103,0,0,0,0,2,0,0,0,0
2025,17,"00-0037594","J.Chestnut","RB","TEN",0,0,0,0,0,0,0,0,0,0,0,0,0,0,0,0,0,0,0,0
2025,17,"00-0037614","J.Metchie","WR","NYJ",0,0,0,0,0,0,0,0,0,0,0,0,0,0,3,3,41,0,0,0
2025,17,"00-0037617","H.Haskins","RB","LAC",0,0,0,0,0,0,0,0,0,0,0,0,0,0,0,0,0,0,0,0
2025,17,"00-0037664","A.Pierce","WR","IND",0,0,0,0,0,0,0,0,0,0,0,0,0,0,0,5,0,0,0,0
2025,17,"00-0037666","J.Tolbert","WR","DAL",0,0,0,0,0,0,0,0,0,0,0,0,0,0,4,8,31,0,0,0
2025,17,"00-0037741","J.Dotson","WR","PHI",0,0,0,0,0,0,0,0,0,0,0,0,0,0,0,1,0,0,0,0
2025,17,"00-0037742","T.Burks","WR","WAS",0,0,0,0,0,1,0,0,0,0,0,0,0,0,1,2,11,0,0,0
2025,17,"00-0037744","T.McBride","TE","ARI",0,0,0,0,0,0,0,0,0,0,0,0,0,0,10,13,76,1,0,0
2025,17,"00-0037746","B.Robinson","RB","SF",0,0,0,0,0,0,0,0,0,4,22,0,0,0,1,1,6,0,0,0
2025,17,"00-0037755","J.Woods","TE","NYJ",0,0,0,0,0,0,0,0,0,0,0,0,0,0,1,1,4,0,0,0
2025,17,"00-0037801","K.Turpin","WR","DAL",0,0,0,0,0,0,0,0,0,0,0,0,0,0,1,1,86,1,0,0
2025,17,"00-0037805","J.Ruckert","TE","NYJ",0,0,0,0,0,0,0,0,0,0,0,0,0,0,1,3,2,0,0,0
2025,17,"00-0037809","C.Okonkwo","TE","TEN",0,0,0,0,0,0,0,0,0,0,0,0,0,0,3,7,55,1,0,0
2025,17,"00-0037816","R.Doubs","WR","GB",0,0,0,0,0,0,0,0,0,0,0,0,0,0,3,3,62,0,0,0
2025,17,"00-0037834","B.Purdy","QB","SF",24,33,303,3,1,1,-7,0,0,6,28,2,0,0,0,0,0,0,0,0
2025,17,"00-0037838","I.Likely","TE","BAL",0,0,0,0,0,0,0,0,0,0,0,0,0,0,3,3,27,0,0,0
2025,17,"00-0037840","K.Williams","RB","LA",0,0,0,0,0,0,0,0,0,13,92,0,0,0,3,3,38,0,0,0
2025,17,"00-0038040","Z.White","RB","LV",0,0,0,0,0,0,0,0,0,1,2,0,0,0,0,0,0,0,0,0
2025,17,"00-0038041","J.Ferguson","TE","DAL",0,0,0,0,0,0,0,0,0,0,0,0,0,0,1,2,6,1,0,0
2025,17,"00-0038046","C.Kolar","TE","BAL",0,0,0,0,0,0,0,0,0,0,0,0,0,0,0,1,0,0,0,0
2025,17,"00-0038090","S.Moore","WR","SF",0,0,0,0,0,0,0,0,0,1,10,0,0,0,0,0,0,0,0,0
2025,17,"00-0038102","K.Pickett","QB","LV",2,2,16,0,0,1,0,0,0,0,0,0,0,0,0,0,0,0,0,0
2025,17,"00-0038115","D.Bellinger","TE","NYG",0,0,0,0,0,0,0,0,0,0,0,0,0,0,2,3,11,0,0,0
2025,17,"00-0038117","W.Robinson","WR","NYG",0,0,0,0,0,0,0,0,0,0,0,0,0,0,11,14,113,0,0,0
2025,17,"00-0038120","B.Hall","RB","NYJ",0,0,0,0,0,0,0,0,0,14,111,1,0,0,2,3,18,0,0,0
2025,17,"00-0038124","C.Watson","WR","GB",0,0,0,0,0,0,0,0,0,0,0,0,0,0,5,6,113,1,0,0
2025,17,"00-0038128","M.Willis","QB","GB",18,21,288,1,0,1,-9,0,0,9,60,2,1,0,0,0,0,0,0,0
2025,17,"00-0038129","C.Otton","TE","TB",0,0,0,0,0,0,0,0,0,0,0,0,0,0,4,4,33,0,0,0
2025,17,"00-0038134","K.Walker","RB","SEA",0,0,0,0,0,0,0,0,0,15,51,0,0,0,2,2,6,0,0,0
2025,17,"00-0038359","X.Smith","WR","LA",0,0,0,0,0,0,0,0,0,0,0,0,0,0,4,6,67,0,0,0
2025,17,"00-0038393","D.Wicks","WR","GB",0,0,0,0,0,0,0,0,0,0,0,0,0,0,1,1,7,0,0,0
2025,17,"00-0038394","W.Mallory","TE","IND",0,0,0,0,0,0,0,0,0,0,0,0,0,0,1,1,16,0,0,0
2025,17,"00-0038397","E.Hull","RB","NO",0,0,0,0,0,0,0,0,0,2,3,0,0,0,0,0,0,0,0,0
2025,17,"00-0038440","Z.Scott","RB","MIN",0,0,0,0,0,0,0,0,0,0,0,0,0,0,0,0,0,0,0,0
2025,17,"00-0038454","K.Mitchell","RB","BAL",0,0,0,0,0,0,0,0,0,9,31,0,0,0,2,2,7,0,0,0
2025,17,"00-0038542","B.Robinson","RB","ATL",0,0,0,0,0,0,0,0,0,22,195,1,0,0,5,8,34,1,0,0
2025,17,"00-0038543","J.Smith-Njigba","WR","SEA",0,0,0,0,0,0,0,0,0,0,0,0,0,0,9,12,72,0,0,0
2025,17,"00-0038544","Q.Johnston","WR","LAC",0,0,0,0,0,0,0,0,0,0,0,0,0,0,5,8,98,0,0,0
2025,17,"00-0038547","L.Schoonmaker","TE","DAL",0,0,0,0,0,0,0,0,0,0,0,0,0,0,2,2,15,0,0,0
2025,17,"00-0038555","T.Bigsby","RB","PHI",0,0,0,0,0,0,0,0,0,2,7,0,0,0,1,1,2,0,0,0
2025,17,"00-0038558","D.Washington","TE","PIT",0,0,0,0,0,0,0,0,0,0,0,0,0,0,2,2,15,0,0,0
2025,17,"00-0038559","M.Wilson","WR","ARI",0,0,0,0,0,0,0,0,0,0,0,0,0,0,5,10,89,1,0,0
2025,17,"00-0038563","T.Tucker","WR","LV",0,0,0,0,0,0,0,0,0,2,0,0,0,0,5,6,49,0,0,0
2025,17,"00-0038582","C.Tune","QB","GB",1,4,8,0,1,1,-3,0,0,1,0,0,0,0,0,0,0,0,0,0
2025,17,"00-0038589","J.Whyle","TE","GB",0,0,0,0,0,0,0,0,0,0,0,0,0,0,1,1,8,0,0,0
2025,17,"00-0038597","C.Brown","RB","CIN",0,0,0,0,0,0,0,0,0,22,101,2,0,0,3,3,40,0,0,0
2025,17,"00-0038606","P.Washington","WR","JAX",0,0,0,0,0,0,0,0,0,1,-5,0,0,0,8,10,115,0,0,0
2025,17,"00-0038618","X.Hutchinson","WR","HOU",0,0,0,0,0,0,0,0,0,1,8,0,0,0,2,3,21,0,0,0
2025,17,"00-0038619","A.Iosivas","WR","CIN",0,0,0,0,0,0,0,0,0,0,0,0,0,0,4,6,41,0,0,0
2025,17,"00-0038621","D.Douglas","WR","NE",0,0,0,0,0,0,0,0,0,0,0,0,0,0,1,2,10,0,0,0
2025,17,"00-0038643","B.Willis","TE","SF",0,0,0,0,0,0,0,0,0,0,0,0,0,0,0,0,0,0,0,0
2025,17,"00-0038647","R.Bell","WR","NO",0,0,0,0,0,0,0,0,0,0,0,0,0,0,0,0,0,0,0,0
2025,17,"00-0038679","T.Shavers","WR","BUF",0,0,0,0,0,0,0,0,0,0,0,0,0,0,2,3,36,0,0,0
2025,17,"00-0038685","C.Brooks","RB","GB",0,0,0,0,0,0,0,0,0,0,0,0,0,0,1,2,11,0,0,0
2025,17,"00-0038705","E.Demercado","RB","ARI",0,0,0,0,0,0,0,0,0,5,11,0,0,0,2,3,9,0,0,0
2025,17,"00-0038710","B.Whiteheart","TE","CLE",0,0,0,0,0,0,0,0,0,0,0,0,0,0,0,1,0,0,0,0
2025,17,"00-0038720","J.Hill","TE","MIA",0,0,0,0,0,0,0,0,0,0,0,0,0,0,1,2,16,0,0,0
2025,17,"00-0038738","H.Luepke","RB","DAL",0,0,0,0,0,0,0,0,0,7,30,0,0,0,1,1,14,0,0,0
2025,17,"00-0038752","J.Bobo","WR","SEA",0,0,0,0,0,0,0,0,0,0,0,0,0,0,0,0,0,0,0,0
2025,17,"00-0038794","J.McLaughlin","RB","DEN",0,0,0,0,0,0,0,0,0,7,40,0,0,0,0,0,0,0,0,0
2025,17,"00-0038797","E.Wilson","RB","GB",0,0,0,0,0,0,0,0,0,3,16,0,0,0,1,1,8,0,0,0
2025,17,"00-0038809","B.Sims","TE","MIN",0,0,0,0,0,0,0,0,0,0,0,0,0,0,1,1,3,0,0,0
2025,17,"00-0038840","B.Tremayne","WR","CAR",0,0,0,0,0,0,0,0,0,0,0,0,0,0,0,1,0,0,0,0
2025,17,"00-0038891","S.Jackson","WR","LV",0,0,0,0,0,0,0,0,0,0,0,0,0,0,2,3,20,0,0,0
2025,17,"00-0038935","B.Strange","TE","JAX",0,0,0,0,0,0,0,0,0,0,0,0,0,0,3,5,54,0,0,0
2025,17,"00-0038951","S.Tucker","RB","TB",0,0,0,0,0,0,0,0,0,2,8,0,0,0,0,1,0,0,0,0
2025,17,"00-0038953","D.Drummond","WR","ATL",0,0,0,0,0,0,0,0,0,0,0,0,0,0,0,0,0,0,0,0
2025,17,"00-0038976","M.Mims","WR","DEN",0,0,0,0,0,0,0,0,0,0,0,0,0,0,3,4,10,0,0,0
2025,17,"00-0038979","C.Tillman","WR","CLE",0,0,0,0,0,0,0,0,0,0,0,0,0,0,1,1,42,0,0,0
2025,17,"00-0038994","J.Addison","WR","MIN",0,0,0,0,0,0,0,0,0,1,65,1,0,0,0,1,0,0,0,0
2025,17,"00-0038997","J.Downs","WR","IND",0,0,0,0,0,0,0,0,0,0,0,0,0,0,2,5,34,0,0,0
2025,17,"00-0039032","T.Spears","RB","TEN",0,0,0,0,0,0,0,0,0,6,2,0,0,0,1,2,-1,0,0,0
2025,17,"00-0039040","D.Achane","RB","MIA",0,0,0,0,0,0,0,0,0,18,83,0,0,0,3,3,29,0,0,0
2025,17,"00-0039041","E.Higgins","TE","ARI",0,0,0,0,0,0,0,0,0,0,0,0,0,0,0,1,0,0,0,0
2025,17,"00-0039062","J.Mingo","WR","DAL",0,0,0,0,0,0,0,0,0,0,0,0,0,0,0,1,0,0,0,0
2025,17,"00-0039064","Z.Flowers","WR","BAL",0,0,0,0,0,0,0,0,0,0,0,0,0,0,4,5,30,1,0,0
2025,17,"00-0039066","M.Mayer","TE","LV",0,0,0,0,0,0,0,0,0,0,0,0,0,0,9,10,89,0,0,0
2025,17,"00-0039075","P.Nacua","WR","LA",0,0,0,0,0,0,0,0,0,0,0,0,0,0,5,10,47,1,0,0
2025,17,"00-0039139","J.Gibbs","RB","DET",0,0,0,0,0,0,0,0,0,17,41,0,1,0,2,3,23,0,0,0
2025,17,"00-0039146","J.Reed","WR","GB",0,0,0,0,0,0,0,0,0,0,0,0,0,0,4,4,41,0,0,0
2025,17,"00-0039150","B.Young","QB","CAR",14,24,54,0,1,2,-14,0,0,9,27,1,0,0,0,0,0,0,0,0
2025,17,"00-0039163","C.Stroud","QB","HOU",16,28,244,2,2,0,0,0,0,4,0,0,0,0,0,0,0,0,0,0
2025,17,"00-0039165","Z.Charbonnet","RB","SEA",0,0,0,0,0,0,0,0,0,18,110,2,0,0,2,2,12,0,0,0
2025,17,"00-0039342","X.Legette","WR","CAR",0,0,0,0,0,0,0,0,0,0,0,0,0,0,1,1,3,0,0,0
2025,17,"00-0039361","B.Irving","RB","TB",0,0,0,0,0,0,0,0,0,9,19,0,0,0,5,6,14,0,0,0
2025,17,"00-0039364","S.Vaki","RB","DET",0,0,0,0,0,0,0,0,0,0,0,0,0,0,0,0,0,0,0,0
2025,17,"00-0039373","A.Estime","RB","NO",0,0,0,0,0,0,0,0,0,14,94,1,0,0,1,1,4,0,0,0
2025,17,"00-0039384","T.Tracy","RB","NYG",0,0,0,0,0,0,0,0,0,14,62,0,0,0,1,2,-5,0,0,0
2025,17,"00-0039405","J.Jordan","RB","HOU",0,0,0,0,0,0,0,0,0,8,36,0,0,0,0,0,0,0,0,0
2025,17,"00-0039407","D.Laube","RB","LV",0,0,0,0,0,0,0,0,0,0,0,0,0,0,0,0,0,0,0,0
2025,17,"00-0039451","I.Williams","WR","NYJ",0,0,0,0,0,0,0,0,0,1,5,0,0,0,4,5,30,0,0,0
2025,17,"00-0039458","B.Bates","TE","CLE",0,0,0,0,0,0,0,0,0,0,0,0,0,0,1,1,19,0,0,0
2025,17,"00-0039491","J.Coker","WR","CAR",0,0,0,0,0,0,0,0,0,0,0,0,0,0,2,2,16,0,0,0
2025,17,"00-0039521","X.Weaver","WR","ARI",0,0,0,0,0,0,0,0,0,0,0,0,0,0,2,3,24,0,0,0
2025,17,"00-0039530","B.Spann-Ford","TE","DAL",0,0,0,0,0,0,0,0,0,0,0,0,0,0,1,2,31,0,0,0
2025,17,"00-0039589","K.Johnson","WR","TB",0,0,0,0,0,0,0,0,0,0,0,0,0,0,0,0,0,0,0,0
2025,17,"00-0039648","D.Martin-Robinson","TE","TEN",0,0,0,0,0,0,0,0,0,0,0,0,0,0,1,1,9,0,0,0
2025,17,"00-0039732","B.Nix","QB","DEN",26,38,182,1,1,1,-7,0,0,9,42,1,0,0,0,0,0,0,0,0
2025,17,"00-0039738","B.Corum","RB","LA",0,0,0,0,0,0,0,0,0,6,18,0,0,0,0,0,0,0,0,0
2025,17,"00-0039746","W.Shipley","RB","PHI",0,0,0,0,0,0,0,0,0,2,2,0,0,0,0,0,0,0,0,0
2025,17,"00-0039751","J.Whittington","WR","LA",0,0,0,0,0,0,0,0,0,0,0,0,0,0,0,0,0,0,0,0
2025,17,"00-0039793","A.Barner","TE","SEA",0,0,0,0,0,0,0,0,0,0,0,0,0,0,3,3,43,1,0,0
2025,17,"00-0039796","R.Ali","RB","BAL",0,0,0,0,0,0,0,0,0,0,0,0,0,0,2,3,8,0,0,0
2025,17,"00-0039798","I.Davis","RB","NYJ",0,0,0,0,0,0,0,0,0,3,11,0,0,0,1,1,9,0,0,0
2025,17,"00-0039849","M.Harrison","WR","ARI",0,0,0,0,0,0,0,0,0,0,0,0,0,0,0,1,0,0,0,0
2025,17,"00-0039851","D.Maye","QB","NE",19,21,256,5,0,1,-1,0,0,3,22,0,0,0,0,0,0,0,0,0
2025,17,"00-0039855","J.McMillan","WR","TB",0,0,0,0,0,0,0,0,0,0,0,0,0,0,7,9,114,0,0,0
2025,17,"00-0039868","T.Franklin","WR","DEN",0,0,0,0,0,0,0,0,0,0,0,0,0,0,4,4,17,0,0,0
2025,17,"00-0039874","J.Wright","RB","MIA",0,0,0,0,0,0,0,0,0,5,56,0,0,0,0,0,0,0,0,0
2025,17,"00-0039875","R.Davis","RB","BUF",0,0,0,0,0,0,0,0,0,1,4,0,0,0,1,1,12,0,0,0
2025,17,"00-0039880","M.Washington","WR","MIA",0,0,0,0,0,0,0,0,0,1,1,0,0,0,1,3,4,0,0,0
2025,17,"00-0039890","A.Mitchell","WR","NYJ",0,0,0,0,0,0,0,0,0,0,0,0,0,0,3,9,22,0,0,0
2025,17,"00-0039893","B.Thomas","WR","JAX",0,0,0,0,0,0,0,0,0,0,0,0,0,0,4,7,39,0,0,0
2025,17,"00-0039894","X.Worthy","WR","KC",0,0,0,0,0,0,0,0,0,1,1,0,0,0,0,3,0,0,0,0
2025,17,"00-0039912","B.Sinnott","TE","WAS",0,0,0,0,0,0,0,0,0,0,0,0,0,0,3,4,29,0,0,0
2025,17,"00-0039915","L.McConkey","WR","LAC",0,0,0,0,0,0,0,0,0,0,0,0,0,0,1,2,31,0,0,0
2025,17,"00-0039916","R.Pearsall","WR","SF",0,0,0,0,0,0,0,0,0,0,0,0,0,0,5,8,85,0,0,0
2025,17,"00-0039918","C.Williams","QB","CHI",25,42,330,2,0,0,0,0,0,5,18,0,0,0,0,0,0,0,0,0
2025,17,"00-0039920","M.Corley","WR","CLE",0,0,0,0,0,0,0,0,0,0,0,0,0,0,1,1,4,0,0,0
2025,17,"00-0040024","D.Cooper","WR","PHI",0,0,0,0,0,0,0,0,0,0,0,0,0,0,1,1,4,0,0,0
2025,17,"00-0040075","L.Wester","WR","BAL",0,0,0,0,0,0,0,0,0,0,0,0,0,0,0,0,0,0,0,0
2025,17,"00-0040078","B.Smith","RB","KC",0,0,0,0,0,0,0,0,0,0,0,0,0,0,3,4,5,1,0,0
2025,17,"00-0040122","A.Jeanty","RB","LV",0,0,0,0,0,0,0,0,0,16,60,0,0,0,2,2,13,0,0,0
2025,17,"00-0040124","T.McMillan","WR","CAR",0,0,0,0,0,0,0,0,0,0,0,0,0,0,1,4,5,0,0,0
2025,17,"00-0040126","C.Loveland","TE","CHI",0,0,0,0,0,0,0,0,0,0,0,0,0,0,6,10,94,1,0,0
2025,17,"00-0040128","T.Warren","TE","IND",0,0,0,0,0,0,0,0,0,0,0,0,0,0,5,5,43,0,0,0
2025,17,"00-0040129","E.Egbuka","WR","TB",0,0,0,0,0,0,0,0,0,0,0,0,0,0,3,5,20,0,0,0
2025,17,"00-0040130","J.Higgins","WR","HOU",0,0,0,0,0,0,0,0,0,0,0,0,0,0,2,4,88,1,0,0
2025,17,"00-0040131","K.Williams","WR","NE",0,0,0,0,0,0,0,0,0,0,0,0,0,0,3,5,20,0,0,0
2025,17,"00-0040138","J.Noel","WR","HOU",0,0,0,0,0,0,0,0,0,1,2,0,0,0,3,4,54,1,0,0
2025,17,"00-0040162","D.Sampson","RB","CLE",0,0,0,0,0,0,0,0,0,11,27,0,0,0,3,3,0,0,0,0
2025,17,"00-0040170","E.Ayomanor","WR","TEN",0,0,0,0,0,0,0,0,0,0,0,0,0,0,4,7,37,1,0,0
2025,17,"00-0040184","K.Lambert-Smith","WR","LAC",0,0,0,0,0,0,0,0,0,0,0,0,0,0,0,1,0,0,0,0
2025,17,"00-0040187","M.Evans","TE","CAR",0,0,0,0,0,0,0,0,0,1,1,0,0,0,1,2,5,0,0,0
2025,17,"00-0040189","O.Gadsden","TE","LAC",0,0,0,0,0,0,0,0,0,0,0,0,0,0,3,6,32,1,0,0
2025,17,"00-0040198","O.Gordon","RB","MIA",0,0,0,0,0,0,0,0,0,0,0,0,0,0,0,0,0,0,0,0
2025,17,"00-0040205","K.Mullings","RB","TEN",0,0,0,0,0,0,0,0,0,1,4,0,0,0,0,0,0,0,0,0
2025,17,"00-0040206","R.Leonard","QB","IND",0,1,0,0,1,0,0,0,0,0,0,0,0,0,0,0,0,0,0,0
2025,17,"00-0040208","T.Brooks","RB","CIN",0,0,0,0,0,0,0,0,0,3,10,0,0,0,1,1,9,0,0,0
2025,17,"00-0040218","Ji.Horn","WR","CAR",0,0,0,0,0,0,0,0,0,0,0,0,0,0,2,2,9,0,0,0
2025,17,"00-0040234","Q.Ewers","QB","MIA",14,22,172,2,0,2,-19,0,0,4,5,0,0,0,1,1,-6,0,0,0
2025,17,"00-0040236","K.Monangai","RB","CHI",0,0,0,0,0,0,0,0,0,8,38,0,0,0,3,4,9,0,0,0
2025,17,"00-0040237","T.Johnson","WR","TB",0,0,0,0,0,0,0,0,0,0,0,0,0,0,2,2,19,0,0,0
2025,17,"00-0040238","L.Allen","RB","JAX",0,0,0,0,0,0,0,0,0,1,3,0,0,0,0,0,0,0,0,0
2025,17,"00-0040242","J.Croskey-Merritt","RB","WAS",0,0,0,0,0,0,0,0,0,11,105,2,0,0,0,0,0,0,0,0
2025,17,"00-0040244","M.Matavao","TE","NO",0,0,0,0,0,0,0,0,0,0,0,0,0,0,2,2,10,0,0,0
2025,17,"00-0040259","G.Larvadain","WR","CLE",0,0,0,0,0,0,0,0,0,0,0,0,0,0,0,0,0,0,0,0
2025,17,"00-0040277","J.Walker","WR","CHI",0,0,0,0,0,0,0,0,0,0,0,0,0,0,2,4,30,0,0,0
2025,17,"00-0040311","T.Wease","WR","MIA",0,0,0,0,0,0,0,0,0,0,0,0,0,0,1,1,63,1,0,0
2025,17,"00-0040363","K.Latu","TE","BUF",0,0,0,0,0,0,0,0,0,0,0,0,0,0,0,0,0,0,0,0
2025,17,"00-0040398","B.Cook","QB","NYJ",19,33,152,0,1,1,-12,0,0,2,1,0,0,0,0,0,0,0,0,0
2025,17,"00-0040466","R.Sanders","RB","CLE",0,0,0,0,0,0,0,0,0,8,21,0,0,0,1,2,10,0,0,0
2025,17,"00-0040494","M.Brosmer","QB","MIN",9,16,51,0,0,7,-48,0,0,2,16,0,0,0,0,0,0,0,0,0
2025,17,"00-0040506","M.Price","WR","MIN",0,0,0,0,0,0,0,0,0,0,0,0,0,0,0,0,0,0,0,0
2025,17,"00-0040534","K.Williams","WR","CIN",0,0,0,0,0,0,0,0,0,0,0,0,0,0,1,1,5,0,0,0
2025,17,"00-0040556","C.Kiner","RB","ARI",0,0,0,0,0,0,0,0,0,1,2,0,0,0,0,0,0,0,0,0
2025,17,"00-0040563","E.Chism","WR","NE",0,0,0,0,0,0,0,0,0,0,0,0,0,0,2,2,40,1,0,0
2025,17,"00-0040581","D.Thornton","WR","LV",0,0,0,0,0,0,0,0,0,0,0,0,0,0,2,4,12,0,0,0
2025,17,"00-0040582","A.Smith","WR","NYJ",0,0,0,0,0,0,0,0,0,0,0,0,0,0,1,1,5,0,0,0
2025,17,"00-0040583","W.Marks","RB","HOU",0,0,0,0,0,0,0,0,0,19,71,0,0,0,1,2,4,0,0,0
2025,17,"00-0040584","G.Helm","TE","TEN",0,0,0,0,0,0,0,0,0,0,0,0,0,0,1,2,1,0,0,0
2025,17,"00-0040590","K.Mumpfield","WR","LA",0,0,0,0,0,0,0,0,0,0,0,0,0,0,2,5,10,0,0,0
2025,17,"00-0040644","T.Etienne","RB","CAR",0,0,0,0,0,0,0,0,0,0,0,0,0,0,0,0,0,0,0,0
2025,17,"00-0040663","H.Fannin","TE","CLE",0,0,0,0,0,0,0,0,0,0,0,0,0,0,2,2,30,1,0,0
2025,17,"00-0040666","O.Hampton","RB","LAC",0,0,0,0,0,0,0,0,0,14,29,1,0,0,8,8,31,0,0,0
2025,17,"00-0040667","M.Golden","WR","GB",0,0,0,0,0,0,0,0,0,0,0,0,0,0,1,3,12,0,0,0
2025,17,"00-0040668","S.Sanders","QB","CLE",17,23,186,1,2,2,-2,0,0,4,20,0,0,0,0,0,0,0,0,0
2025,17,"00-0040669","I.TeSlaa","WR","DET",0,0,0,0,0,0,0,0,0,0,0,0,0,0,3,4,49,1,0,0
2025,17,"00-0040676","C.Ward","QB","TEN",21,40,251,2,0,4,-23,1,0,2,10,0,0,0,0,0,0,0,0,0
2025,17,"00-0040691","J.Dart","QB","NYG",22,30,207,0,0,2,-19,0,0,9,48,2,0,0,0,0,0,0,0,0
2025,17,"00-0040705","C.Dike","WR","TEN",0,0,0,0,0,0,0,0,0,1,7,0,0,0,4,5,55,0,0,0
2025,17,"00-0040727","T.Harris","WR","LAC",0,0,0,0,0,0,0,0,0,1,7,0,0,0,1,1,8,0,0,0
2025,17,"00-0040730","R.Harvey","RB","DEN",0,0,0,0,0,0,0,0,0,14,43,0,0,0,5,6,33,1,0,0
2025,17,"00-0040734","T.Henderson","RB","NE",0,0,0,0,0,0,0,0,0,19,82,0,0,0,0,0,0,0,0,0
2025,17,"00-0040735","L.Burden","WR","CHI",0,0,0,0,0,0,0,0,0,0,0,0,0,0,8,9,138,1,0,0
2025,17,"00-0040737","T.Ferguson","TE","LA",0,0,0,0,0,0,0,0,0,0,0,0,0,0,2,4,54,1,0,0
2025,17,"00-0040743","T.Shough","QB","NO",22,27,333,2,0,2,-13,0,0,4,6,0,0,0,0,0,0,0,0,0
2025,17,"00-0040782","I.Bond","WR","CLE",0,0,0,0,0,0,0,0,0,0,0,0,0,0,1,1,16,0,0,0
2025,18,"00-0023459","A.Rodgers","QB","PIT",31,47,294,1,0,2,-4,0,0,1,20,0,0,0,0,0,0,0,0,0
2025,18,"00-0026158","J.Flacco","QB","CIN",0,0,0,0,0,0,0,0,0,1,2,0,0,0,0,0,0,0,0,0
2025,18,"00-0026300","J.Johnson","QB","WAS",14,22,131,1,1,0,0,0,0,9,45,1,1,0,0,0,0,0,0,0
2025,18,"00-0026498","M.Stafford","QB","LA",25,40,259,4,0,1,-7,0,0,1,3,0,0,0,0,0,0,0,0,0
2025,18,"00-0029604","K.Cousins","QB","ATL",18,32,180,1,1,4,-21,0,0,3,0,0,0,0,0,0,0,0,0,0
2025,18,"00-0030035","A.Thielen","WR","PIT",0,0,0,0,0,0,0,0,0,0,0,0,0,0,3,6,43,0,0,0
2025,18,"00-0030279","K.Allen","WR","LAC",0,0,0,0,0,0,0,0,0,0,0,0,0,0,7,13,36,0,0,0
2025,18,"00-0030506","T.Kelce","TE","KC",0,0,0,0,0,0,0,0,0,0,0,0,0,0,3,6,12,0,0,0
2025,18,"00-0030564","D.Hopkins","WR","BAL",0,0,0,0,0,0,0,0,0,0,0,0,0,0,0,2,0,0,0,0
2025,18,"00-0031345","J.Garoppolo","QB","LA",0,0,0,0,0,0,0,0,0,3,-3,0,0,0,0,0,0,0,0,0
2025,18,"00-0031408","M.Evans","WR","TB",0,0,0,0,0,0,0,0,0,0,0,0,0,0,2,2,34,0,0,0
2025,18,"00-0031484","C.Manhertz","TE","NYG",0,0,0,0,0,0,0,0,0,0,0,0,0,0,0,1,0,0,0,0
2025,18,"00-0031588","S.Diggs","WR","NE",0,0,0,0,0,0,0,0,0,0,0,0,0,0,3,3,43,0,0,0
2025,18,"00-0032104","A.Abdullah","RB","IND",0,0,0,0,0,0,0,0,0,1,1,0,0,0,2,2,24,0,0,0
2025,18,"00-0032211","T.Lockett","WR","LV",0,0,0,0,0,0,0,0,0,0,0,0,0,0,1,5,5,0,0,0
2025,18,"00-0032392","A.Hooper","TE","NE",0,0,0,0,0,0,0,0,0,0,0,0,0,0,1,1,5,0,0,0
2025,18,"00-0032434","B.Allen","QB","TEN",17,30,72,0,1,1,-7,0,0,0,0,0,0,0,0,0,0,0,0,0
2025,18,"00-0032464","K.Raymond","WR","DET",0,0,0,0,0,0,0,0,0,0,0,0,0,0,3,3,52,0,0,0
2025,18,"00-0032764","D.Henry","RB","BAL",0,0,0,0,0,0,0,0,0,20,126,0,0,0,0,1,0,0,0,0
2025,18,"00-0032775","D.Robinson","WR","SF",0,0,0,0,0,0,0,0,0,0,0,0,0,0,3,4,24,0,0,0
2025,18,"00-0033077","D.Prescott","QB","DAL",7,11,70,0,0,0,0,0,0,2,-1,0,1,0,0,0,0,0,0,0
2025,18,"00-0033090","H.Henry","TE","NE",0,0,0,0,0,0,0,0,0,0,0,0,0,0,5,5,56,0,0,0
2025,18,"00-0033106","J.Goff","QB","DET",27,42,331,1,1,2,-15,0,0,0,0,0,0,0,0,0,0,0,0,0
2025,18,"00-0033110","T.Higbee","TE","LA",0,0,0,0,0,0,0,0,0,0,0,0,0,0,5,6,91,1,0,0
2025,18,"00-0033119","J.Brissett","QB","ARI",22,31,243,2,1,6,-33,1,0,3,19,0,0,0,0,0,0,0,0,0
2025,18,"00-0033217","M.Alie-Cox","TE","IND",0,0,0,0,0,0,0,0,0,0,0,0,0,0,3,4,22,0,0,0
2025,18,"00-0033246","J.Mundt","TE","JAX",0,0,0,0,0,0,0,0,0,0,0,0,0,0,1,1,16,0,0,0
2025,18,"00-0033280","C.McCaffrey","RB","SF",0,0,0,0,0,0,0,0,0,8,23,0,0,0,6,7,34,0,0,0
2025,18,"00-0033288","G.Kittle","TE","SF",0,0,0,0,0,0,0,0,0,0,0,0,0,0,5,7,29,0,0,0
2025,18,"00-0033307","K.Bourne","WR","SF",0,0,0,0,0,0,0,0,0,0,0,0,0,0,0,1,0,0,0,0
2025,18,"00-0033319","N.Mullens","QB","JAX",2,2,16,0,0,0,0,0,0,3,-2,0,0,0,0,0,0,0,0,0
2025,18,"00-0033357","T.Hill","TE","NO",0,0,0,0,0,0,0,0,0,0,0,0,0,0,3,3,32,0,0,0
2025,18,"00-0033375","T.Patrick","WR","JAX",0,0,0,0,0,0,0,0,0,0,0,0,0,0,1,1,4,0,0,0
2025,18,"00-0033376","P.Ricard","RB","BAL",0,0,0,0,0,0,0,0,0,0,0,0,0,0,1,1,8,0,0,0
2025,18,"00-0033439","P.Brown","TE","ARI",0,0,0,0,0,0,0,0,0,0,0,0,0,0,0,0,0,0,0,0
2025,18,"00-0033455","A.Firkser","TE","DET",0,0,0,0,0,0,0,0,0,0,0,0,0,0,2,3,2,0,0,0
2025,18,"00-0033526","S.Perine","RB","CIN",0,0,0,0,0,0,0,0,0,8,42,0,0,0,3,4,10,0,0,0
2025,18,"00-0033576","E.Saubert","TE","SEA",0,0,0,0,0,0,0,0,0,0,0,0,0,0,2,3,10,0,0,0
2025,18,"00-0033854","D.Ogunbowale","RB","HOU",0,0,0,0,0,0,0,0,0,1,3,0,0,0,1,2,6,0,0,0
2025,18,"00-0033857","J.Smith-Schuster","WR","KC",0,0,0,0,0,0,0,0,0,0,0,0,0,0,2,2,13,0,0,0
2025,18,"00-0033858","J.Smith","TE","PIT",0,0,0,0,0,0,0,0,0,1,2,0,0,0,1,2,2,0,0,0
2025,18,"00-0033869","M.Trubisky","QB","BUF",22,29,259,4,0,0,0,0,1,5,5,0,0,0,0,0,0,0,0,0
2025,18,"00-0033881","E.Engram","TE","DEN",0,0,0,0,0,0,0,0,0,0,0,0,0,0,3,4,45,0,0,0
2025,18,"00-0033908","C.Kupp","WR","SEA",0,0,0,0,0,0,0,0,0,0,0,0,0,0,2,3,29,0,0,0
2025,18,"00-0033921","C.Godwin","WR","TB",0,0,0,0,0,0,0,0,0,0,0,0,0,0,1,1,8,0,0,0
2025,18,"00-0033923","K.Hunt","RB","KC",0,0,0,0,0,0,0,0,0,5,14,0,0,0,3,4,21,0,0,0
2025,18,"00-0033949","J.Dobbs","QB","NE",3,4,23,0,0,0,0,0,0,3,0,0,0,0,0,0,0,0,0,0
2025,18,"00-0033955","J.McNichols","RB","WAS",0,0,0,0,0,0,0,0,0,1,3,0,0,0,1,1,8,0,0,0
2025,18,"00-0034054","R.Cracraft","WR","WAS",0,0,0,0,0,0,0,0,0,0,0,0,0,0,0,0,0,0,0,0
2025,18,"00-0034159","W.Dissly","TE","LAC",0,0,0,0,0,0,0,0,0,0,0,0,0,0,1,5,6,0,0,0
2025,18,"00-0034270","T.Conklin","TE","LAC",0,0,0,0,0,0,0,0,0,0,0,0,0,0,1,1,6,0,0,0
2025,18,"00-0034272","M.Valdes-Scantling","WR","PIT",0,0,0,0,0,0,0,0,0,0,0,0,0,0,5,7,34,0,0,0
2025,18,"00-0034348","C.Sutton","WR","DEN",0,0,0,0,0,0,0,0,0,0,0,0,0,0,1,2,5,0,0,0
2025,18,"00-0034367","N.Miller-Hines","RB","NO",0,0,0,0,0,0,0,0,0,0,0,0,0,0,0,0,0,0,0,0
2025,18,"00-0034383","D.Schultz","TE","HOU",0,0,0,0,0,0,0,0,0,0,0,0,0,0,4,4,73,0,0,0
2025,18,"00-0034386","J.Watson","WR","HOU",0,0,0,0,0,0,0,0,0,0,0,0,0,0,0,0,0,0,0,0
2025,18,"00-0034418","C.Wilson","WR","MIA",0,0,0,0,0,0,0,0,0,0,0,0,0,0,0,2,0,0,0,0
2025,18,"00-0034753","M.Andrews","TE","BAL",0,0,0,0,0,0,0,0,0,0,0,0,0,0,2,3,14,0,0,0
2025,18,"00-0034775","C.Kirk","WR","HOU",0,0,0,0,0,0,0,0,0,0,0,0,0,0,1,2,-3,0,0,0
2025,18,"00-0034796","L.Jackson","QB","BAL",11,18,238,3,1,3,-16,0,0,4,9,0,0,0,0,0,0,0,0,0
2025,18,"00-0034798","D.Smythe","TE","CHI",0,0,0,0,0,0,0,0,0,0,0,0,0,0,0,0,0,0,0,0
2025,18,"00-0034827","D.Moore","WR","CHI",0,0,0,0,0,0,0,0,0,0,0,0,0,0,1,3,11,0,0,0
2025,18,"00-0034829","M.Gesicki","TE","CIN",0,0,0,0,0,0,0,0,0,0,0,0,0,0,2,2,13,0,0,0
2025,18,"00-0034855","B.Mayfield","QB","TB",16,22,203,1,1,2,-5,0,0,4,31,0,0,0,0,0,0,0,0,0
2025,18,"00-0034860","D.Pettis","WR","NO",0,0,0,0,0,0,0,0,0,0,0,0,0,0,5,5,60,0,0,0
2025,18,"00-0034869","S.Darnold","QB","SEA",20,26,198,0,0,2,-17,0,0,6,9,0,0,0,0,0,0,0,0,0
2025,18,"00-0034928","S.Sims","WR","ARI",0,0,0,0,0,0,0,0,0,0,0,0,0,0,0,0,0,0,0,0
2025,18,"00-0034960","J.Meyers","WR","JAX",0,0,0,0,0,0,0,0,0,0,0,0,0,0,5,6,44,0,0,0
2025,18,"00-0035021","A.Dulin","WR","IND",0,0,0,0,0,0,0,0,0,0,0,0,0,0,0,2,0,0,0,0
2025,18,"00-0035249","J.Oliver","TE","MIN",0,0,0,0,0,0,0,0,0,0,0,0,0,0,2,2,29,0,0,0
2025,18,"00-0035250","D.Singletary","RB","NYG",0,0,0,0,0,0,0,0,1,9,26,1,0,0,0,0,0,0,0,0
2025,18,"00-0035261","T.Pollard","RB","TEN",0,0,0,0,0,0,0,0,0,14,48,0,0,0,3,3,17,0,0,0
2025,18,"00-0035291","T.Williams","RB","CLE",0,0,0,0,0,0,0,0,0,1,7,0,0,0,1,2,13,0,0,0
2025,18,"00-0035298","S.Miller","WR","PIT",0,0,0,0,0,0,0,0,0,0,0,0,0,0,2,2,9,0,0,0
2025,18,"00-0035359","D.Sills","WR","ATL",0,0,0,0,0,0,0,0,0,0,0,0,0,0,1,1,11,0,0,0
2025,18,"00-0035535","D.Slayton","WR","NYG",0,0,0,0,0,0,0,0,0,0,0,0,0,0,4,9,34,0,0,1
2025,18,"00-0035537","Ty.Johnson","RB","BUF",0,0,0,0,0,0,0,0,0,13,36,1,0,0,2,2,20,1,0,0
2025,18,"00-0035544","T.Kennedy","WR","DET",0,0,0,0,0,0,0,0,0,0,0,0,0,0,0,0,0,0,0,0
2025,18,"00-0035594","T.Homer","RB","CHI",0,0,0,0,0,0,0,0,0,0,0,0,0,0,0,0,0,0,0,0
2025,18,"00-0035602","A.Bachman","WR","LV",0,0,0,0,0,0,0,0,0,0,0,0,0,0,0,0,0,0,0,0
2025,18,"00-0035628","D.Johnson","RB","NE",0,0,0,0,0,0,0,0,0,5,13,0,0,0,0,0,0,0,0,0
2025,18,"00-0035631","D.Sample","TE","CIN",0,0,0,0,0,0,0,0,0,0,0,0,0,0,3,3,17,0,0,0
2025,18,"00-0035644","N.Fant","TE","CIN",0,0,0,0,0,0,0,0,0,0,0,0,0,0,1,1,5,0,1,0
2025,18,"00-0035645","G.Olszewski","WR","NYG",0,1,0,0,0,0,0,0,0,0,0,0,0,0,8,9,102,0,0,0
2025,18,"00-0035659","T.McLaurin","WR","WAS",0,0,0,0,0,0,0,0,0,0,0,0,0,0,4,4,57,0,0,0
2025,18,"00-0035662","M.Brown","WR","KC",0,0,0,0,0,0,0,0,0,0,0,0,0,0,3,6,64,0,0,0
2025,18,"00-0035685","D.Montgomery","RB","DET",0,0,0,0,0,1,-5,0,0,8,42,0,0,0,1,1,13,0,0,0
2025,18,"00-0035689","D.Knox","TE","BUF",0,0,0,0,0,0,0,0,0,0,0,0,0,0,2,2,24,1,0,0
2025,18,"00-0035719","D.Samuel","WR","WAS",0,0,0,0,0,0,0,0,0,2,1,0,0,0,2,5,20,0,0,0
2025,18,"00-0036040","J.Johnson","TE","NO",0,0,0,0,0,0,0,0,0,0,0,0,0,0,3,5,61,0,1,0
2025,18,"00-0036133","J.Proche","WR","TEN",0,0,0,0,0,0,0,0,0,0,0,0,0,0,1,1,5,0,0,0
2025,18,"00-0036139","R.Dowdle","RB","CAR",0,0,0,0,0,0,0,0,0,7,10,0,1,0,2,2,20,0,0,0
2025,18,"00-0036165","I.Hodgins","WR","NYG",0,0,0,0,0,0,0,0,0,0,0,0,0,0,0,2,0,0,0,0
2025,18,"00-0036176","M.Kinsey","WR","TEN",0,0,0,0,0,0,0,0,0,0,0,0,0,0,0,0,0,0,0,0
2025,18,"00-0036182","N.Westbrook-Ikhine","WR","MIA",0,0,0,0,0,0,0,0,0,0,0,0,0,0,0,0,0,0,0,0
2025,18,"00-0036187","R.Gilliam","RB","BUF",0,0,0,0,0,0,0,0,0,2,4,0,0,0,1,1,22,0,0,0
2025,18,"00-0036196","G.Davis","WR","BUF",0,0,0,0,0,0,0,0,0,0,0,0,0,0,5,7,41,1,0,0
2025,18,"00-0036223","J.Taylor","RB","IND",0,0,0,0,0,0,0,0,0,14,26,0,0,0,2,2,13,0,0,0
2025,18,"00-0036244","C.Parkinson","TE","LA",0,0,0,0,0,0,0,0,0,0,0,0,0,0,4,7,36,2,0,0
2025,18,"00-0036252","M.Pittman","WR","IND",0,0,0,0,0,0,0,0,0,0,0,0,0,0,2,4,11,0,0,0
2025,18,"00-0036259","J.Jennings","WR","SF",0,0,0,0,0,0,0,0,0,0,0,0,0,0,4,6,35,0,0,0
2025,18,"00-0036265","A.Dillon","RB","PHI",0,0,0,0,0,0,0,0,0,0,0,0,0,0,1,1,3,0,0,0
2025,18,"00-0036275","D.Swift","RB","CHI",0,0,0,0,0,0,0,0,0,10,40,0,0,0,1,2,8,0,0,0
2025,18,"00-0036290","C.Kmet","TE","CHI",0,0,0,0,0,0,0,0,0,0,0,0,0,0,2,3,16,0,0,1
2025,18,"00-0036309","D.Mooney","WR","ATL",0,0,0,0,0,0,0,0,0,0,0,0,0,0,3,7,20,0,0,0
2025,18,"00-0036322","J.Jefferson","WR","MIN",0,0,0,0,0,0,0,0,0,1,3,0,0,0,8,11,101,0,0,0
2025,18,"00-0036331","D.Duvernay","WR","CHI",0,0,0,0,0,0,0,0,0,0,0,0,0,0,0,0,0,0,0,0
2025,18,"00-0036332","J.Deguara","TE","ARI",0,0,0,0,0,0,0,0,0,0,0,0,0,0,2,2,15,1,0,0
2025,18,"00-0036358","C.Lamb","WR","DAL",0,0,0,0,0,0,0,0,0,0,0,0,0,0,1,1,4,0,0,0
2025,18,"00-0036407","J.Jeudy","WR","CLE",0,0,0,0,0,0,0,0,0,1,5,0,0,0,2,6,17,0,0,0
2025,18,"00-0036410","T.Higgins","WR","CIN",0,0,0,0,0,0,0,0,0,0,0,0,0,0,6,9,67,1,0,0
2025,18,"00-0036414","C.Akers","RB","SEA",0,0,0,0,0,0,0,0,0,0,0,0,0,0,0,0,0,0,0,0
2025,18,"00-0036425","D.Dallas","RB","JAX",0,0,0,0,0,0,0,0,0,0,0,0,0,0,0,0,0,0,0,0
2025,18,"00-0036442","J.Burrow","QB","CIN",29,39,236,3,1,2,-14,0,0,2,17,0,0,0,0,0,0,0,0,0
2025,18,"00-0036555","C.Hubbard","RB","CAR",0,0,0,0,0,0,0,0,0,5,10,0,0,0,2,2,7,0,0,0
2025,18,"00-0036590","Q.Morris","TE","JAX",0,0,0,0,0,0,0,0,0,0,0,0,0,0,1,1,5,1,0,0
2025,18,"00-0036626","D.Brown","WR","JAX",0,0,0,0,0,0,0,0,0,0,0,0,0,0,1,1,8,0,0,0
2025,18,"00-0036628","J.Bates","TE","WAS",0,0,0,0,0,0,0,0,0,0,0,0,0,0,2,2,13,1,0,0
2025,18,"00-0036637","N.Gray","TE","KC",0,0,0,0,0,0,0,0,0,0,0,0,0,0,3,5,30,0,0,0
2025,18,"00-0036679","S.Buechele","QB","KC",7,14,88,0,0,5,-22,0,0,1,4,0,0,0,0,0,0,0,0,0
2025,18,"00-0036755","J.Patterson","RB","LAC",0,0,0,0,0,0,0,0,0,8,29,0,0,0,3,4,8,0,0,0
2025,18,"00-0036825","F.Franks","TE","ATL",0,0,0,0,0,0,0,0,0,0,0,0,0,0,0,0,0,0,0,0
2025,18,"00-0036842","K.Nwangwu","RB","NYJ",0,0,0,0,0,0,0,0,0,7,18,0,0,0,0,1,0,0,0,0
2025,18,"00-0036849","T.Atwell","WR","LA",0,0,0,0,0,0,0,0,0,0,0,0,0,0,1,3,19,0,0,0
2025,18,"00-0036862","B.Skowronek","WR","PIT",0,0,0,0,0,0,0,0,0,0,0,0,0,0,0,0,0,0,0,0
2025,18,"00-0036875","R.Stevenson","RB","NE",0,0,0,0,0,0,0,0,0,7,131,2,0,0,2,2,22,1,0,0
2025,18,"00-0036876","K.Granson","TE","PHI",0,0,0,0,0,0,0,0,0,0,0,0,0,0,4,5,30,0,0,0
2025,18,"00-0036894","P.Freiermuth","TE","PIT",0,0,0,0,0,0,0,0,0,0,0,0,0,0,3,5,51,0,0,0
2025,18,"00-0036898","D.Mills","QB","HOU",3,9,36,0,0,0,0,0,0,1,12,0,0,0,0,0,0,0,0,0
2025,18,"00-0036900","J.Chase","WR","CIN",0,0,0,0,0,0,0,0,0,0,0,0,0,0,8,10,96,1,0,0
2025,18,"00-0036906","K.Herbert","RB","NYJ",0,0,0,0,0,0,0,0,0,12,42,0,0,0,1,2,4,0,0,0
2025,18,"00-0036912","D.Smith","WR","PHI",0,0,0,0,0,0,0,0,0,0,0,0,0,0,3,4,52,0,0,0
2025,18,"00-0036919","K.Gainwell","RB","PIT",0,0,0,0,0,0,0,0,0,5,10,1,0,0,8,9,64,0,0,0
2025,18,"00-0036924","M.Carter","RB","ARI",0,0,0,0,0,0,0,0,0,7,18,0,0,0,3,3,21,0,0,0
2025,18,"00-0036963","A.St. Brown","WR","DET",0,0,0,0,0,0,0,0,0,0,0,0,0,0,11,15,139,0,0,0
2025,18,"00-0036970","K.Pitts","TE","ATL",0,0,0,0,0,0,0,0,0,0,0,0,0,0,6,9,58,0,0,0
2025,18,"00-0036971","T.Lawrence","QB","JAX",22,30,255,3,0,2,-16,0,0,2,11,0,0,0,0,0,0,0,0,0
2025,18,"00-0036973","T.Etienne","RB","JAX",0,0,0,0,0,0,0,0,0,14,32,0,0,0,1,1,6,0,0,0
2025,18,"00-0036988","J.Palmer","WR","BUF",0,0,0,0,0,0,0,0,0,0,0,0,0,0,1,3,1,0,0,0
2025,18,"00-0037005","T.Tremble","TE","CAR",0,0,0,0,0,0,0,0,0,0,0,0,0,0,3,4,38,1,0,0
2025,18,"00-0037012","T.Lance","QB","LAC",20,44,136,0,1,4,-32,1,0,9,69,0,0,0,0,0,0,0,0,0
2025,18,"00-0037013","Z.Wilson","QB","MIA",0,2,0,0,0,0,0,0,0,0,0,0,0,0,0,0,0,0,0,0
2025,18,"00-0037015","S.Cannella","TE","CLE",0,0,0,0,0,0,0,0,0,0,0,0,0,0,0,1,0,0,0,0
2025,18,"00-0037031","N.Kalinic","TE","CHI",0,0,0,0,0,0,0,0,0,0,0,0,0,0,0,0,0,0,0,0
2025,18,"00-0037085","T.Badie","RB","DEN",0,0,0,0,0,0,0,0,0,2,-2,0,0,0,2,2,28,0,0,0
2025,18,"00-0037086","G.Calcaterra","TE","PHI",0,0,0,0,0,0,0,0,0,0,0,0,0,0,2,3,21,1,0,0
2025,18,"00-0037091","B.Melton","WR","GB",0,0,0,0,0,0,0,0,0,0,0,0,0,0,0,1,0,0,0,0
2025,18,"00-0037098","S.Toure","WR","NO",0,0,0,0,0,0,0,0,0,0,0,0,0,0,1,3,3,0,0,0
2025,18,"00-0037120","T.Goodson","RB","IND",0,0,0,0,0,0,0,0,0,1,3,0,0,0,0,0,0,0,0,0
2025,18,"00-0037132","B.Covey","WR","PHI",0,0,0,0,0,0,0,0,0,0,0,0,0,0,2,4,20,0,0,0
2025,18,"00-0037228","J.Warren","RB","PIT",0,0,0,0,0,0,0,0,0,14,66,0,0,0,5,5,33,0,0,0
2025,18,"00-0037231","K.Austin","WR","NO",0,0,0,0,0,0,0,0,0,0,0,0,0,0,4,9,37,0,0,0
2025,18,"00-0037238","D.London","WR","ATL",0,0,0,0,0,0,0,0,0,0,0,0,0,0,4,8,78,1,0,0
2025,18,"00-0037240","J.Williams","WR","DET",0,0,0,0,0,0,0,0,0,0,0,0,0,0,6,8,74,0,0,0
2025,18,"00-0037247","G.Pickens","WR","DAL",0,0,0,0,0,0,0,0,0,0,0,0,0,0,1,3,9,0,0,0
2025,18,"00-0037248","J.Cook","RB","BUF",0,0,0,0,0,0,0,0,0,2,15,0,0,0,0,0,0,0,0,0
2025,18,"00-0037252","G.Dulcich","TE","MIA",0,0,0,0,0,0,0,0,0,0,0,0,0,0,3,4,31,0,0,0
2025,18,"00-0037256","R.White","RB","TB",0,0,0,0,0,0,0,0,0,7,23,0,0,0,2,2,18,0,0,0
2025,18,"00-0037258","D.Pierce","RB","KC",0,0,0,0,0,0,0,0,0,4,10,0,0,0,0,0,0,0,0,0
2025,18,"00-0037263","T.Allgeier","RB","ATL",0,0,0,0,0,0,0,0,0,7,16,0,0,0,1,2,3,0,0,0
2025,18,"00-0037276","T.Chandler","RB","MIN",0,0,0,0,0,0,0,0,0,10,23,0,0,0,3,4,11,0,0,0
2025,18,"00-0037291","J.Nailor","WR","MIN",0,0,0,0,0,0,0,0,0,0,0,0,0,0,3,3,49,0,0,0
2025,18,"00-0037324","C.Oladokun","QB","KC",11,17,58,0,0,3,-40,1,0,1,0,0,1,0,0,0,0,0,0,0
2025,18,"00-0037487","D.Thompkins","WR","ATL",0,0,0,0,0,0,0,0,0,0,0,0,0,0,0,0,0,0,0,0
2025,18,"00-0037525","J.Mason","RB","MIN",0,0,0,0,0,0,0,0,0,14,94,0,0,0,0,0,0,0,0,0
2025,18,"00-0037545","R.Shaheed","WR","SEA",0,0,0,0,0,0,0,0,0,0,0,0,0,0,1,1,2,0,0,0
2025,18,"00-0037557","R.Rivers","RB","LA",0,0,0,0,0,0,0,0,0,0,0,0,0,0,0,0,0,0,0,0
2025,18,"00-0037594","J.Chestnut","RB","TEN",0,0,0,0,0,0,0,0,0,0,0,0,0,0,0,0,0,0,0,0
2025,18,"00-0037614","J.Metchie","WR","NYJ",0,0,0,0,0,0,0,0,0,0,0,0,0,0,3,4,20,0,0,0
2025,18,"00-0037617","H.Haskins","RB","LAC",0,0,0,0,0,0,0,0,0,1,3,0,0,0,0,0,0,0,0,0
2025,18,"00-0037664","A.Pierce","WR","IND",0,0,0,0,0,0,0,0,0,0,0,0,0,0,4,7,132,2,0,0
2025,18,"00-0037666","J.Tolbert","WR","DAL",0,0,0,0,0,0,0,0,0,0,0,0,0,0,0,1,0,0,0,0
2025,18,"00-0037741","J.Dotson","WR","PHI",0,0,0,0,0,0,0,0,0,0,0,0,0,0,3,8,40,0,0,0
2025,18,"00-0037742","T.Burks","WR","WAS",0,0,0,0,0,0,0,0,0,0,0,0,0,0,2,4,12,0,0,0
2025,18,"00-0037744","T.McBride","TE","ARI",0,0,0,0,0,0,0,0,0,0,0,0,0,0,7,8,65,0,0,0
2025,18,"00-0037746","B.Robinson","RB","SF",0,0,0,0,0,0,0,0,0,2,9,0,0,0,0,0,0,0,0,0
2025,18,"00-0037801","K.Turpin","WR","DAL",0,0,0,0,0,0,0,0,0,1,7,0,0,0,0,1,0,0,0,0
2025,18,"00-0037809","C.Okonkwo","TE","TEN",0,0,0,0,0,0,0,0,0,0,0,0,0,0,2,5,2,0,0,0
2025,18,"00-0037834","B.Purdy","QB","SF",19,27,127,0,1,3,-7,0,0,2,21,0,0,0,0,0,0,0,0,0
2025,18,"00-0037837","C.Austin","WR","PIT",0,0,0,0,0,0,0,0,0,0,0,0,0,0,3,7,55,1,0,0
2025,18,"00-0037838","I.Likely","TE","BAL",0,0,0,0,0,0,0,0,0,0,0,0,0,0,2,2,32,0,0,0
2025,18,"00-0037840","K.Williams","RB","LA",0,0,0,0,0,0,0,0,0,12,60,0,0,0,3,5,21,0,0,0
2025,18,"00-0038040","Z.White","RB","LV",0,0,0,0,0,0,0,0,0,1,5,0,0,0,1,1,5,0,0,0
2025,18,"00-0038041","J.Ferguson","TE","DAL",0,0,0,0,0,0,0,0,0,0,0,0,0,0,1,2,5,0,0,0
2025,18,"00-0038090","S.Moore","WR","SF",0,0,0,0,0,0,0,0,0,0,0,0,0,0,0,0,0,0,0,0
2025,18,"00-0038102","K.Pickett","QB","LV",1,4,3,0,1,2,-14,0,0,1,9,0,0,0,0,0,0,0,0,0
2025,18,"00-0038115","D.Bellinger","TE","NYG",0,0,0,0,0,0,0,0,0,0,0,0,0,0,2,2,38,1,0,0
2025,18,"00-0038129","C.Otton","TE","TB",0,0,0,0,0,0,0,0,0,0,0,0,0,0,7,9,94,1,0,0
2025,18,"00-0038134","K.Walker","RB","SEA",0,0,0,0,0,0,0,0,0,16,97,0,0,0,4,4,36,0,0,0
2025,18,"00-0038359","X.Smith","WR","LA",0,0,0,0,0,0,0,0,0,0,0,0,0,0,1,2,6,0,0,0
2025,18,"00-0038397","E.Hull","RB","NO",0,0,0,0,0,0,0,0,0,2,11,0,0,0,0,0,0,0,0,0
2025,18,"00-0038400","T.McKee","QB","PHI",21,40,241,1,1,3,-14,0,0,2,3,0,0,0,0,0,0,0,0,0
2025,18,"00-0038440","Z.Scott","RB","MIN",0,0,0,0,0,0,0,0,0,3,9,0,0,0,1,1,8,0,0,0
2025,18,"00-0038454","K.Mitchell","RB","BAL",0,0,0,0,0,0,0,0,0,2,2,0,0,0,0,0,0,0,0,0
2025,18,"00-0038542","B.Robinson","RB","ATL",0,0,0,0,0,0,0,0,0,15,33,0,0,0,3,3,10,0,0,0
2025,18,"00-0038543","J.Smith-Njigba","WR","SEA",0,0,0,0,0,0,0,0,0,0,0,0,0,0,6,8,84,0,0,0
2025,18,"00-0038547","L.Schoonmaker","TE","DAL",0,0,0,0,0,0,0,0,0,0,0,0,0,0,1,1,12,0,0,0
2025,18,"00-0038555","T.Bigsby","RB","PHI",0,0,0,0,0,0,0,0,0,16,75,1,0,0,1,1,31,0,0,0
2025,18,"00-0038559","M.Wilson","WR","ARI",0,0,0,0,0,0,0,0,0,0,0,0,0,0,5,8,99,1,0,0
2025,18,"00-0038563","T.Tucker","WR","LV",0,0,0,0,0,0,0,0,0,1,4,0,0,0,2,6,30,0,0,0
2025,18,"00-0038564","C.Latu","TE","PHI",0,0,0,0,0,0,0,0,0,0,0,0,0,0,0,0,0,0,0,0
2025,18,"00-0038573","D.Davis","WR","LAC",0,0,0,0,0,0,0,0,0,0,0,0,0,0,1,1,7,0,0,0
2025,18,"00-0038579","A.O'Connell","QB","LV",10,22,102,0,0,1,-5,0,0,1,7,0,0,0,0,0,0,0,0,0
2025,18,"00-0038582","C.Tune","QB","GB",6,11,34,0,0,4,-41,0,0,4,23,0,0,0,0,0,0,0,0,0
2025,18,"00-0038589","J.Whyle","TE","GB",0,0,0,0,0,0,0,0,0,0,0,0,0,0,1,1,4,0,0,0
2025,18,"00-0038597","C.Brown","RB","CIN",0,0,0,0,0,0,0,0,0,13,72,0,0,0,4,6,18,1,0,0
2025,18,"00-0038606","P.Washington","WR","JAX",0,0,0,0,0,0,0,0,0,0,0,0,0,0,5,9,87,1,0,0
2025,18,"00-0038608","K.Boutte","WR","NE",0,0,0,0,0,0,0,0,0,0,0,0,0,0,2,4,24,0,0,0
2025,18,"00-0038611","C.Rodriguez","RB","WAS",0,0,0,0,0,0,0,0,0,16,65,1,0,0,1,1,18,0,0,0
2025,18,"00-0038618","X.Hutchinson","WR","HOU",0,0,0,0,0,0,0,0,0,0,0,0,0,0,5,9,84,0,0,0
2025,18,"00-0038619","A.Iosivas","WR","CIN",0,0,0,0,0,0,0,0,0,0,0,0,0,0,2,3,10,0,0,0
2025,18,"00-0038621","D.Douglas","WR","NE",0,0,0,0,0,0,0,0,0,0,0,0,0,0,2,3,29,0,0,0
2025,18,"00-0038640","J.Brooks","WR","ARI",0,0,0,0,0,0,0,0,0,0,0,0,0,0,0,0,0,0,0,0
2025,18,"00-0038647","R.Bell","WR","NO",0,0,0,0,0,0,0,0,0,0,0,0,0,0,2,4,23,1,0,0
2025,18,"00-0038685","C.Brooks","RB","GB",0,0,0,0,0,0,0,0,0,13,61,0,0,0,0,0,0,0,0,0
2025,18,"00-0038705","E.Demercado","RB","ARI",0,0,0,0,0,0,0,0,0,2,29,0,0,0,1,1,28,0,0,0
2025,18,"00-0038710","B.Whiteheart","TE","CLE",0,0,0,0,0,0,0,0,0,0,0,0,0,0,0,1,0,0,0,0
2025,18,"00-0038720","J.Hill","TE","MIA",0,0,0,0,0,0,0,0,0,0,0,0,0,0,1,1,8,0,0,0
2025,18,"00-0038738","H.Luepke","RB","DAL",0,0,0,0,0,0,0,0,0,2,12,0,0,0,1,1,4,0,0,0
2025,18,"00-0038794","J.McLaughlin","RB","DEN",0,0,0,0,0,0,0,0,0,6,41,0,0,0,1,2,17,0,0,0
2025,18,"00-0038797","E.Wilson","RB","GB",0,0,0,0,0,0,0,0,0,18,44,0,0,0,1,1,4,0,0,0
2025,18,"00-0038809","B.Sims","TE","MIN",0,0,0,0,0,0,0,0,0,0,0,0,0,0,1,4,18,0,0,0
2025,18,"00-0038840","B.Tremayne","WR","CAR",0,0,0,0,0,0,0,0,0,0,0,0,0,0,2,2,27,0,0,0
2025,18,"00-0038891","S.Jackson","WR","LV",0,0,0,0,0,0,0,0,0,1,3,0,0,0,1,1,11,0,0,0
2025,18,"00-0038933","D.Kincaid","TE","BUF",0,0,0,0,0,0,0,0,0,0,0,0,0,0,3,3,48,0,0,0
2025,18,"00-0038935","B.Strange","TE","JAX",0,0,0,0,0,0,0,0,0,0,0,0,0,0,6,6,52,1,0,0
2025,18,"00-0038951","S.Tucker","RB","TB",0,0,0,0,0,0,0,0,0,4,-4,0,0,0,0,0,0,0,0,0
2025,18,"00-0038953","D.Drummond","WR","ATL",0,0,0,0,0,0,0,0,0,0,0,0,0,0,0,0,0,0,0,0
2025,18,"00-0038976","M.Mims","WR","DEN",0,0,0,0,0,0,0,0,0,0,0,0,0,0,2,3,10,0,0,0
2025,18,"00-0038979","C.Tillman","WR","CLE",0,0,0,0,0,0,0,0,0,0,0,0,0,0,1,2,23,0,0,0
2025,18,"00-0038994","J.Addison","WR","MIN",0,0,0,0,0,0,0,0,0,0,0,0,0,0,1,3,8,0,0,0
2025,18,"00-0038997","J.Downs","WR","IND",0,0,0,0,0,0,0,0,0,1,-5,0,0,0,4,4,61,0,0,0
2025,18,"00-0039032","T.Spears","RB","TEN",0,0,0,0,0,0,0,0,0,3,18,0,0,0,7,7,9,0,0,0
2025,18,"00-0039041","E.Higgins","TE","ARI",0,0,0,0,0,0,0,0,0,0,0,0,0,0,3,3,28,0,0,0
2025,18,"00-0039050","P.Durham","TE","TB",0,0,0,0,0,0,0,0,0,0,0,0,0,0,0,1,0,0,0,0
2025,18,"00-0039062","J.Mingo","WR","DAL",0,0,0,0,0,0,0,0,0,0,0,0,0,0,0,1,0,0,0,0
2025,18,"00-0039064","Z.Flowers","WR","BAL",0,0,0,0,0,0,0,0,0,0,0,0,0,0,4,6,138,2,0,0
2025,18,"00-0039066","M.Mayer","TE","LV",0,0,0,0,0,0,0,0,0,0,0,0,0,0,3,5,47,0,0,0
2025,18,"00-0039074","D.Allen","TE","LA",0,0,0,0,0,0,0,0,0,0,0,0,0,0,0,1,0,0,0,0
2025,18,"00-0039075","P.Nacua","WR","LA",0,0,0,0,0,0,0,0,0,2,24,0,0,0,10,11,76,1,0,0
2025,18,"00-0039139","J.Gibbs","RB","DET",0,0,0,0,0,0,0,0,0,19,80,0,0,0,3,5,33,1,0,0
2025,18,"00-0039150","B.Young","QB","CAR",24,35,266,2,1,0,0,0,0,2,-1,0,0,0,0,0,0,0,0,0
2025,18,"00-0039163","C.Stroud","QB","HOU",14,23,169,1,0,0,0,0,0,2,5,1,0,0,0,0,0,0,0,0
2025,18,"00-0039165","Z.Charbonnet","RB","SEA",0,0,0,0,0,0,0,0,0,17,74,1,0,0,3,4,23,0,0,0
2025,18,"00-0039305","J.Westover","TE","NE",0,0,0,0,0,0,0,0,0,0,0,0,0,0,1,1,0,0,0,0
2025,18,"00-0039342","X.Legette","WR","CAR",0,0,0,0,0,0,0,0,0,0,0,0,0,0,3,4,22,0,0,0
2025,18,"00-0039359","C.Stover","TE","HOU",0,0,0,0,0,0,0,0,0,0,0,0,0,0,1,2,9,0,0,0
2025,18,"00-0039361","B.Irving","RB","TB",0,0,0,0,0,0,0,0,0,26,85,0,0,0,1,2,13,0,0,0
2025,18,"00-0039364","S.Vaki","RB","DET",0,0,0,0,0,0,0,0,0,0,0,0,0,0,0,0,0,0,0,0
2025,18,"00-0039373","A.Estime","RB","NO",0,0,0,0,0,0,0,0,0,21,63,0,0,0,5,5,43,0,0,0
2025,18,"00-0039384","T.Tracy","RB","NYG",0,0,0,0,0,0,0,0,0,18,103,0,0,0,8,9,56,1,1,0
2025,18,"00-0039391","K.Vidal","RB","LAC",0,0,0,0,0,0,0,0,0,3,12,0,0,0,1,1,-2,0,0,0
2025,18,"00-0039398","J.Milton","QB","DAL",7,13,73,0,1,0,0,0,0,4,43,0,0,0,0,0,0,0,0,0
2025,18,"00-0039405","J.Jordan","RB","HOU",0,0,0,0,0,0,0,0,0,5,3,0,0,0,0,0,0,0,0,0
2025,18,"00-0039407","D.Laube","RB","LV",0,0,0,0,0,0,0,0,0,0,0,0,0,0,0,0,0,0,0,0
2025,18,"00-0039410","R.Flournoy","WR","DAL",0,0,0,0,0,0,0,0,0,0,0,0,0,0,5,7,68,0,0,0
2025,18,"00-0039451","I.Williams","WR","NYJ",0,0,0,0,0,0,0,0,0,0,0,0,0,0,5,7,24,0,0,0
2025,18,"00-0039458","B.Bates","TE","CLE",0,0,0,0,0,0,0,0,0,0,0,0,0,0,1,1,6,0,0,0
2025,18,"00-0039491","J.Coker","WR","CAR",0,0,0,0,0,0,0,0,0,0,0,0,0,0,6,7,47,1,0,0
2025,18,"00-0039530","B.Spann-Ford","TE","DAL",0,0,0,0,0,0,0,0,0,0,0,0,0,0,2,3,30,0,0,0
2025,18,"00-0039589","K.Johnson","WR","TB",0,0,0,0,0,0,0,0,0,0,0,0,0,0,0,0,0,0,0,0
2025,18,"00-0039603","B.Brooks","RB","HOU",0,0,0,0,0,0,0,0,0,13,63,0,0,0,0,0,0,0,0,0
2025,18,"00-0039648","D.Martin-Robinson","TE","TEN",0,0,0,0,0,0,0,0,0,0,0,0,0,0,1,3,14,0,0,0
2025,18,"00-0039710","J.Jones","WR","MIN",0,0,0,0,0,0,0,0,0,0,0,0,0,0,0,0,0,0,0,0
2025,18,"00-0039732","B.Nix","QB","DEN",14,23,141,0,0,4,-17,0,0,8,49,0,0,0,0,0,0,0,0,0
2025,18,"00-0039738","B.Corum","RB","LA",0,0,0,0,0,0,0,0,0,13,59,0,0,0,1,1,10,0,0,0
2025,18,"00-0039746","W.Shipley","RB","PHI",0,0,0,0,0,0,0,0,0,1,2,0,0,0,2,3,11,0,0,0
2025,18,"00-0039751","J.Whittington","WR","LA",0,0,0,0,0,0,0,0,0,0,0,0,0,0,0,0,0,0,0,0
2025,18,"00-0039792","D.Walker","WR","BAL",0,0,0,0,0,0,0,0,0,0,0,0,0,0,2,2,46,1,0,0
2025,18,"00-0039793","A.Barner","TE","SEA",0,0,0,0,0,0,0,0,0,0,0,0,0,0,2,3,14,0,0,0
2025,18,"00-0039796","R.Ali","RB","BAL",0,0,0,0,0,0,0,0,0,1,0,0,0,0,0,0,0,0,0,0
2025,18,"00-0039824","J.Wiley","TE","KC",0,0,0,0,0,0,0,0,0,0,0,0,0,0,0,0,0,0,0,0
2025,18,"00-0039851","D.Maye","QB","NE",14,18,191,1,0,0,0,0,0,5,41,0,0,0,0,0,0,0,0,0
2025,18,"00-0039855","J.McMillan","WR","TB",0,0,0,0,0,0,0,0,0,0,0,0,0,0,1,1,11,0,0,0
2025,18,"00-0039868","T.Franklin","WR","DEN",0,0,0,0,0,0,0,0,0,0,0,0,0,0,0,1,0,0,0,0
2025,18,"00-0039874","J.Wright","RB","MIA",0,0,0,0,0,0,0,0,0,13,23,0,1,0,2,2,17,0,0,0
2025,18,"00-0039875","R.Davis","RB","BUF",0,0,0,0,0,0,0,0,0,21,151,0,0,0,2,2,23,1,0,0
2025,18,"00-0039880","M.Washington","WR","MIA",0,0,0,0,0,0,0,0,0,2,22,0,0,0,3,4,6,1,0,0
2025,18,"00-0039884","T.Washington","WR","MIA",0,0,0,0,0,0,0,0,0,0,0,0,0,0,2,3,26,0,0,0
2025,18,"00-0039890","A.Mitchell","WR","NYJ",0,0,0,0,0,0,0,0,0,0,0,0,0,0,0,3,0,0,0,0
2025,18,"00-0039893","B.Thomas","WR","JAX",0,0,0,0,0,0,0,0,0,0,0,0,0,0,3,5,49,0,0,0
2025,18,"00-0039901","K.Coleman","WR","BUF",0,0,0,0,0,0,0,0,0,0,0,0,0,0,2,4,49,0,0,1
2025,18,"00-0039912","B.Sinnott","TE","WAS",0,0,0,0,0,0,0,0,0,0,0,0,0,0,2,2,3,0,0,0
2025,18,"00-0039918","C.Williams","QB","CHI",20,33,212,2,1,1,-7,0,1,1,1,0,0,0,0,0,0,0,0,0
2025,18,"00-0039920","M.Corley","WR","CLE",0,0,0,0,0,0,0,0,0,3,18,0,0,0,2,2,20,0,0,0
2025,18,"00-0039923","J.McCarthy","QB","MIN",14,23,182,0,0,0,0,0,0,2,7,0,0,0,0,0,0,0,0,0
2025,18,"00-0040021","P.Mafah","RB","DAL",0,0,0,0,0,0,0,0,0,5,18,1,0,0,2,2,11,0,0,0
2025,18,"00-0040024","D.Cooper","WR","PHI",0,0,0,0,0,0,0,0,0,0,0,0,0,0,3,5,33,0,0,0
2025,18,"00-0040075","L.Wester","WR","BAL",0,0,0,0,0,0,0,0,0,0,0,0,0,0,0,0,0,0,0,0
2025,18,"00-0040078","B.Smith","RB","KC",0,0,0,0,0,0,0,0,0,12,56,0,0,0,2,4,2,0,0,0
2025,18,"00-0040122","A.Jeanty","RB","LV",0,0,0,0,0,0,0,0,0,26,87,0,0,0,3,5,7,0,0,0
2025,18,"00-0040124","T.McMillan","WR","CAR",0,0,0,0,0,0,0,0,0,0,0,0,0,0,4,6,85,0,0,0
2025,18,"00-0040126","C.Loveland","TE","CHI",0,0,0,0,0,0,0,0,0,0,0,0,0,0,10,13,91,1,0,0
2025,18,"00-0040128","T.Warren","TE","IND",0,0,0,0,0,0,0,0,0,0,0,0,0,0,5,8,26,0,0,0
2025,18,"00-0040129","E.Egbuka","WR","TB",0,0,0,0,0,0,0,0,0,0,0,0,0,0,1,3,8,0,0,0
2025,18,"00-0040130","J.Higgins","WR","HOU",0,0,0,0,0,0,0,0,0,0,0,0,0,0,2,5,23,1,0,0
2025,18,"00-0040131","K.Williams","WR","NE",0,0,0,0,0,0,0,0,0,1,5,0,0,0,0,0,0,0,0,0
2025,18,"00-0040134","P.Bryant","WR","DEN",0,0,0,0,0,0,0,0,0,0,0,0,0,0,4,5,31,0,0,0
2025,18,"00-0040138","J.Noel","WR","HOU",0,0,0,0,0,0,0,0,0,0,0,0,0,0,1,1,13,0,0,0
2025,18,"00-0040154","T.Felton","WR","MIN",0,0,0,0,0,0,0,0,0,0,0,0,0,0,0,0,0,0,0,0
2025,18,"00-0040162","D.Sampson","RB","CLE",0,0,0,0,0,0,0,0,0,10,32,0,0,0,2,3,12,0,0,0
2025,18,"00-0040170","E.Ayomanor","WR","TEN",0,0,0,0,0,0,0,0,0,0,0,0,0,0,3,10,50,0,0,0
2025,18,"00-0040179","D.Giddens","RB","IND",0,0,0,0,0,0,0,0,0,8,30,0,0,0,0,0,0,0,0,0
2025,18,"00-0040184","K.Lambert-Smith","WR","LAC",0,0,0,0,0,0,0,0,0,0,0,0,0,0,2,5,24,0,0,0
2025,18,"00-0040187","M.Evans","TE","CAR",0,0,0,0,0,0,0,0,0,0,0,0,0,0,1,2,5,0,0,0
2025,18,"00-0040189","O.Gadsden","TE","LAC",0,0,0,0,0,0,0,0,0,0,0,0,0,0,2,2,23,0,0,0
2025,18,"00-0040194","J.Hawes","TE","BUF",0,0,0,0,0,0,0,0,0,0,0,0,0,0,1,1,0,0,0,0
2025,18,"00-0040198","O.Gordon","RB","MIA",0,0,0,0,0,0,0,0,0,9,9,0,0,0,1,1,2,0,0,0
2025,18,"00-0040206","R.Leonard","QB","IND",21,34,270,2,1,1,-8,1,0,3,21,1,0,0,0,0,-3,0,0,0
2025,18,"00-0040218","Ji.Horn","WR","CAR",0,0,0,0,0,0,0,0,0,0,0,0,0,0,1,1,15,0,0,0
2025,18,"00-0040234","Q.Ewers","QB","MIA",16,23,137,1,1,4,-20,0,0,1,9,0,0,0,0,0,0,0,0,0
2025,18,"00-0040236","K.Monangai","RB","CHI",0,0,0,0,0,0,0,0,0,6,14,0,0,1,1,1,15,0,0,0
2025,18,"00-0040237","T.Johnson","WR","TB",0,0,0,0,0,0,0,0,0,1,5,0,0,0,1,1,17,0,0,0
2025,18,"00-0040242","J.Croskey-Merritt","RB","WAS",0,0,0,0,0,0,0,0,0,13,29,0,0,0,0,0,0,0,0,0
2025,18,"00-0040259","G.Larvadain","WR","CLE",0,0,0,0,0,0,0,0,0,0,0,0,0,0,0,0,0,0,0,0
2025,18,"00-0040277","J.Walker","WR","CHI",0,0,0,0,0,0,0,0,0,0,0,0,0,0,2,3,36,1,0,0
2025,18,"00-0040311","T.Wease","WR","MIA",0,0,0,0,0,0,0,0,0,0,0,0,0,0,3,5,44,0,0,0
2025,18,"00-0040363","K.Latu","TE","BUF",0,0,0,0,0,0,0,0,0,0,0,0,0,0,3,3,31,0,0,0
2025,18,"00-0040388","J.Keeney-James","WR","GB",0,0,0,0,0,0,0,0,0,0,0,0,0,0,2,2,15,0,0,0
2025,18,"00-0040398","B.Cook","QB","NYJ",11,22,60,1,0,1,-7,0,1,3,7,0,0,0,0,0,0,0,0,0
2025,18,"00-0040406","Q.Skinner","WR","NYJ",0,0,0,0,0,0,0,0,0,0,0,0,0,0,1,1,10,0,0,1
2025,18,"00-0040431","D.Cambre","WR","NYG",0,0,0,0,0,0,0,0,0,0,0,0,0,0,0,0,0,0,0,0
2025,18,"00-0040466","R.Sanders","RB","CLE",0,0,0,0,0,0,0,0,0,5,26,0,0,0,1,1,7,0,0,0
2025,18,"00-0040494","M.Brosmer","QB","MIN",7,8,57,0,0,2,-13,1,0,0,0,0,0,0,0,0,0,0,0,0
2025,18,"00-0040509","B.Yurosek","TE","MIN",0,0,0,0,0,0,0,0,0,0,0,0,0,0,1,1,9,0,0,0
2025,18,"00-0040534","K.Williams","WR","CIN",0,0,0,0,0,0,0,0,0,1,9,0,0,0,0,0,0,0,0,0
2025,18,"00-0040556","C.Kiner","RB","ARI",0,0,0,0,0,0,0,0,0,3,13,0,0,0,2,3,15,0,0,0
2025,18,"00-0040563","E.Chism","WR","NE",0,0,0,0,0,0,0,0,0,0,0,0,0,0,1,1,35,0,0,0
2025,18,"00-0040581","D.Thornton","WR","LV",0,0,0,0,0,0,0,0,0,0,0,0,0,0,0,1,0,0,0,0
2025,18,"00-0040582","A.Smith","WR","NYJ",0,0,0,0,0,0,0,0,0,1,2,0,0,0,0,2,0,0,0,0
2025,18,"00-0040583","W.Marks","RB","HOU",0,0,0,0,0,0,0,0,0,10,48,0,0,0,2,3,0,0,0,0
2025,18,"00-0040586","J.Blue","RB","DAL",0,0,0,0,0,0,0,0,0,16,64,1,0,0,0,0,0,0,0,0
2025,18,"00-0040590","K.Mumpfield","WR","LA",0,0,0,0,0,0,0,0,0,0,0,0,0,0,0,1,0,0,0,0
2025,18,"00-0040628","D.Dabney","TE","GB",0,0,0,0,0,0,0,0,0,0,0,0,0,0,1,2,3,0,0,0
2025,18,"00-0040644","T.Etienne","RB","CAR",0,0,0,0,0,0,0,0,0,0,0,0,0,0,0,0,0,0,0,0
2025,18,"00-0040646","J.Royals","WR","KC",0,0,0,0,0,0,0,0,0,0,0,0,0,0,2,3,4,0,0,0
2025,18,"00-0040667","M.Golden","WR","GB",0,0,0,0,0,0,0,0,0,0,0,0,0,0,1,3,8,0,0,0
2025,18,"00-0040668","S.Sanders","QB","CLE",11,22,111,0,0,6,-29,1,0,3,26,0,0,0,0,0,0,0,0,0
2025,18,"00-0040669","I.TeSlaa","WR","DET",0,0,0,0,0,0,0,0,0,0,0,0,0,0,1,1,18,0,0,0
2025,18,"00-0040676","C.Ward","QB","TEN",3,3,52,0,0,0,0,0,0,2,11,1,0,0,0,0,0,0,0,0
2025,18,"00-0040691","J.Dart","QB","NYG",22,32,230,2,0,4,-11,0,0,5,32,0,0,0,0,0,0,0,0,0
2025,18,"00-0040705","C.Dike","WR","TEN",0,0,0,0,0,0,0,0,0,0,0,0,0,0,3,4,27,0,0,0
2025,18,"00-0040719","B.Tuten","RB","JAX",0,0,0,0,0,0,0,0,0,5,23,1,0,0,0,0,0,0,0,0
2025,18,"00-0040727","T.Harris","WR","LAC",0,0,0,0,0,0,0,0,0,0,0,0,0,0,2,6,28,0,0,0
2025,18,"00-0040729","J.Bech","WR","LV",0,0,0,0,0,0,0,0,0,0,0,0,0,0,0,2,0,0,0,0
2025,18,"00-0040730","R.Harvey","RB","DEN",0,0,0,0,0,0,0,0,0,15,28,0,0,0,1,4,5,0,0,0
2025,18,"00-0040734","T.Henderson","RB","NE",0,0,0,0,0,0,0,0,0,13,53,2,0,0,0,0,0,0,0,0
2025,18,"00-0040735","L.Burden","WR","CHI",0,0,0,0,0,0,0,0,0,1,10,0,0,0,3,4,35,0,0,0
2025,18,"00-0040743","T.Shough","QB","NO",23,35,259,1,1,4,-27,0,0,3,34,1,0,0,0,0,0,0,0,0
2025,18,"00-0040782","I.Bond","WR","CLE",0,0,0,0,0,0,0,0,0,1,4,0,0,0,1,2,13,0,0,0
